[03:23:13.713] TX> 
[03:23:14.713] TX> 
[03:23:15.713] RX< 
[03:23:15.713] RX< msh />[33m[W/ftp] service go wrong, now wait restarting...[0m
[03:23:15.713] RX< 
[03:23:15.713] RX< msh />[33m[W/ftp] service go wrong, now wait restarting...[0m
[03:23:15.914] TX> echo "EVBTEST_HELLO"
[03:23:15.914] TX> echo "__EVBTEST_END_f79eb17b__"
[03:23:17.713] RX< echo "EVBTEST_HELLO"
[03:23:17.713] RX< EVBTEST_HELLO
[03:23:17.713] RX< msh />echo "__EVBTEST_END_f79eb17b__"
[03:23:17.713] RX< __EVBTEST_END_f79eb17b__
[03:23:17.713] RX< msh />[33m[W/ftp] service go wrong, now wait restarting...[0m
[03:23:17.713] RX< [33m[W/ftp] service go wrong, now wait restarting...[0m
[03:23:17.915] TX> cd /
[03:23:17.915] TX> echo "__EVBTEST_END_029a9f63__"
[03:23:19.714] RX< cd /
[03:23:19.714] RX< msh />echo "__EVBTEST_END_029a9f63__"
[03:23:19.714] RX< __EVBTEST_END_029a9f63__
[03:23:19.714] RX< msh />[33m[W/ftp] service go wrong, now wait restarting...[0m
[03:23:19.714] RX< [33m[W/ftp] service go wrong, now wait restarting...[0m
[03:23:19.916] TX> dfs_video_stop
[03:23:19.916] TX> echo "__EVBTEST_END_f69cc7a4__"
[03:23:21.715] RX< dfs_video_stop
[03:23:21.715] RX< [6] [App Dfs] Please start recording the video first.
[03:23:21.715] RX< msh />echo "__EVBTEST_END_f69cc7a4__"
[03:23:21.715] RX< __EVBTEST_END_f69cc7a4__
[03:23:21.715] RX< msh />[33m[W/ftp] service go wrong, now wait restarting...[0m
[03:23:21.715] RX< [33m[W/ftp] service go wrong, now wait restarting...[0m
[03:23:21.916] TX> ftp_server
[03:23:21.916] TX> echo "__EVBTEST_END_91f183b2__"
[03:23:23.715] RX< ftp_server
[03:23:23.715] RX< 
[03:23:23.715] RX< [FTP] Ftp server init success!!!
[03:23:23.715] RX< msh />echo "__EVBTEST_END_91f183b2__"
[03:23:23.715] RX< __EVBTEST_END_91f183b2__
[03:23:23.715] RX< msh />[33m[W/ftp] service go wrong, now wait restarting...[0m
[03:23:23.715] RX< [33m[W/ftp] service go wrong, now wait restarting...[0m
[03:23:24.743] RX< [33m[W/ftp] service go wrong, now wait restarting...[0m
[03:23:24.743] RX< ifconfig
[03:23:24.743] RX< network interface device: w0 (Default)
[03:23:24.743] RX< MTU: 1500
[03:23:24.743] RX< MAC: 8c ea 12 ba a8 2c 
[03:23:24.743] RX< FLAGS: UP LINK_UP INTERNET_UP DHCP_ENABLE ETHARP BROADCAST IGMP
[03:23:24.743] RX< ip address: 10.1.90.71
[03:23:24.743] RX< gw address: 10.1.90.254
[03:23:24.743] RX< n
[03:23:24.743] RX< et mask  : 255.255.255.0
[03:23:24.743] RX< dns server #0: 10.10.252.1
[03:23:24.743] RX< dns server #1: 10.10.252.2
[03:23:24.743] RX< 
[03:23:24.743] RX< network interface device: w1
[03:23:24.743] RX< MTU: 1500
[03:23:24.743] RX< MAC: 8e ea 12 ba a8 2c 
[03:23:24.743] RX< FLAGS: UP LINK_DOWN INTERNET_DOWN DHCP_ENABLE ETHARP BROADCAST IGMP
[03:23:24.743] RX< ip address: 0.0.0.0
[03:23:24.743] RX< gw address: 0.0.0.0
[03:23:24.941] TX> ifconfig
[03:23:24.941] TX> echo "__EVBTEST_END_7fdbe2eb__"
[03:23:26.311] RX< 
[03:23:26.311] RX< net mask  : 0.0.0.0
[03:23:26.311] RX< dns server #0: 10.10.252.1
[03:23:26.311] RX< dns server #1: 10.10.252.2
[03:23:26.311] RX< msh />echo "__EVBTEST_END_7fdbe2eb__"
[03:23:26.311] RX< __EVBTEST_END_7fdbe2eb__
[03:23:26.311] RX< msh />[33m[W/ftp] service go wrong, now wait restarting...[0m
[03:23:26.311] RX< [33m[W/ftp] service go wrong, now wait restarting...
[03:23:26.523] RX< [0m
[03:23:26.523] RX< rtmp_video_start rtmp://10.1.90.128/live/cam
[03:23:26.523] RX< [7] [cam] [357805][tshell][cgm_parse_bin:105]total logical camera num: 1
[03:23:26.523] RX< [6] [cam] [357805][tshell][cam_prelude_create:187]E id, 0
[03:23:26.523] RX< [7] [cam] [357806][cpl0][cam_prelude_proc_routine:101]thread start
[03:23:26.523] RX< [6] [ca
[03:23:26.523] RX< m] [357806][tshell][cam_prelude_create:214]X ctx size 124 addr 0x884892b0
[03:23:26.523] RX< [6] [cam] [357812][tshell][sensor_probe:418]sensor [1]: identifing 0 success.
[03:23:26.523] RX< [6] [cam] [357814][tshell][sensor_probe:441]sensor [1]: probe exit!
[03:23:26.523] RX< [6] [cam] [357814][tshell][cam_prel
[03:23:26.525] RX< ude_fast_probe:251]cam: 0 probe result: 0
[03:23:26.525] RX< [6] [cam] [357815][tshell][cgm_parse_bin:215]cam(0) probe success
[03:23:26.525] RX< [6] [cam] [357815][tshell][cam_entry:435]entry ok
[03:23:26.525] RX< [34m[cam entry] perf=10480(us)!
[03:23:26.525] RX< [0m[6] [App Cam] cam entry success
[03:23:26.525] RX< [36mmem_laySolv: scenario
[03:23:26.525] RX< =01 in=4032x3024, me_rotate=1 me_stripe=1 
[03:23:26.525] RX< [0m[36mmem_laySolv: me_rot 1, me_stripe 1, eis 0, be_rot 0
[03:23:26.525] RX< [0mscen1 type26 bufAdr 0x89d40b70 sz 0x1400000 reCfg for bound!
[03:23:26.525] RX< [36mmem_laySolv: scen01 20 entries solved OK!
[03:23:26.525] RX< [0m[36mmem_laySolv: scenario=02 in=2
[03:23:26.528] RX< 016x1512, me_rotate=0 me_stripe=0 
[03:23:26.528] RX< [0m[36mmem_laySolv: me_rot 0, me_stripe 0, eis 0, be_rot 0
[03:23:26.528] RX< [0mscen2 type15 bufAdr 0x89ce3ef0 sz 0xd00000 reCfg for bound!
[03:23:26.528] RX< [36mmem_laySolv: scen02 14 entries solved OK!
[03:23:26.528] RX< [0m[36mmem_laySolv: scenario=03 in=4032x2268,
[03:23:26.528] RX<  me_rotate=1 me_stripe=0 
[03:23:26.528] RX< [0m[36mmem_laySolv: me_rot 1, me_stripe 0, eis 0, be_rot 0
[03:23:26.528] RX< [0m[36mmem_laySolv: scen03 14 entries solved OK!
[03:23:26.528] RX< [0m[7] [cam] [357820][tshell][cam_solve_whole_layout:355]
[03:23:26.528] RX< scen3: vol 0x8c000000 rbuf 0x89d6cdf0 sz 0xd00000 wbuf 0x
[03:23:26.531] RX< 8aa6cdf0 sz 0xd00000
[03:23:26.531] RX<        rtmp txbuf 0x8bf80000 sz 0x80000 avcBuf 0x8bf00000 sz 0x80000
[03:23:26.531] RX< [36mmem_laySolv: scenario=04 in=4032x3024, me_rotate=1 me_stripe=1 
[03:23:26.531] RX< [0m[36mmem_laySolv: me_rot 1, me_stripe 1, eis 0, be_rot 0
[03:23:26.531] RX< [0m[36mmem_laySolv: scen04 14 en
[03:23:26.534] RX< tries solved OK!
[03:23:26.534] RX< [0m[36mmem_laySolv: scenario=05 in=1008x0756, me_rotate=0 me_stripe=0 
[03:23:26.534] RX< [0m[36mmem_laySolv: me_rot 0, me_stripe 0, eis 0, be_rot 0
[03:23:26.534] RX< [0m[36mmem_laySolv: scen05 17 entries solved OK!
[03:23:26.534] RX< [0m[36mmem_laySolv: scenario=06 in=1008x0720, me_r
[03:23:26.534] RX< otate=0 me_stripe=0 
[03:23:26.534] RX< [0m[36mmem_laySolv: me_rot 0, me_stripe 0, eis 0, be_rot 0
[03:23:26.534] RX< [0m[36mmem_laySolv: scen06 12 entries solved OK!
[03:23:26.534] RX< [0m[36mmem_laySolv: scenario=01 in=4032x3024, me_rotate=1 me_stripe=1 
[03:23:26.534] RX< [0mscen1 type26 bufAdr 0x89d40b70 sz 0x1400000 
[03:23:26.536] RX< reCfg for bound!
[03:23:26.536] RX< [36mmem_laySolv: scen01 20 entries solved OK!
[03:23:26.536] RX< [0m[7] [cam] [357825][tshell][cam_solve_whole_layout:383]Solve Whole-layout Done!
[03:23:26.536] RX< [6] [cam] [357825][tshell][cgm_parse_media_para:271]phy cam num: 1
[03:23:26.536] RX< [7] [cam] [357826][cer0][cer_recovery_pr
[03:23:26.537] RX< oc:343]thread start cid, 0
[03:23:26.537] RX< [6] [cam] [357826][tshell][csc_open:443]SENSOR MCLK cal: 24MHz
[03:23:26.537] RX< [6] [cam] [357826][tshell][csc_isp_clk_cal:344]MIPI CLK cal: 277MHz
[03:23:26.537] RX< [6] [cam] [357827][tshell][csc_isp_clk_cal:371]LITE CLK cal: 25MHz
[03:23:26.537] RX< [7] [cam] [357827][tshell][cp
[03:23:26.542] RX< c_csi_rx_power_on:633]E id: 2
[03:23:26.542] RX< [4] [cam] [357828][tshell][cpc_csi_rx_power_on:644]csi_2 has already power on, STATUS: 1
[03:23:26.542] RX< [6] [cam] [357828][tshell][cpc_update_clock:603]actual SNS mclk: 24MHz
[03:23:26.542] RX< [6] [cam] [357829][tshell][cpc_update_clock:608]actual MIPI0: 30
[03:23:26.542] RX< 0MHz
[03:23:26.542] RX< [6] [cam] [357829][tshell][cpc_update_clock:598]actual LITE clk: 25MHz
[03:23:26.542] RX< [7] [cam] [357829][tshell][cam_prelude_open:297][34msnsOpen camID1 csiID0 phyIdx0[0m
[03:23:26.542] RX< [6] [cam] [357833][tshell][sensor_expo_gain_match:48]sensor get sensor expo gain of imx681_v
[03:23:26.545] RX< st
[03:23:26.545] RX< [6] [cam] [357833][tshell][sensor_open:684]sensor [1] open OK.
[03:23:26.545] RX< [6] [cam] [357833][tshell][cam_cpm_parse_media:298]video scenario:3, media para[fps:0, mirror_en:0, flip_en:0]
[03:23:26.545] RX< [6] [cam] [357834][tshell][cam_cpm_parse_media:301]video scenario, media para[
[03:23:26.545] RX< iso:0, gain:0, wb_mode:0]
[03:23:26.545] RX< [6] [cam] [357835][tshell][csc_isp_clk_cal:353]FE CLK cal: 373MHz, ME CLK cal: 371MHz, FE/ME CLK cal: 410MHz
[03:23:26.545] RX< [6] [cam] [357835][tshell][csc_isp_clk_cal:360]BE CLK cal: 301MHz
[03:23:26.545] RX< [4] [cam] [357836][tshell][cam_fe_core_power_on:269]f
[03:23:26.549] RX< e pipe has already power on, STATUS: 1
[03:23:26.549] RX< [6] [cam] [357836][tshell][cpc_update_clock:588]actual FE/ME clk: 500MHz
[03:23:26.549] RX< [7] [cam] [357837][tshell][cam_cpm_core_power_on:425]id,0 type,1 ret 0
[03:23:26.549] RX< [6] [cam] [357837][tshell][cam_cpm_core_init:914]E id,0 sensor type,1
[03:23:26.549] RX< [
[03:23:26.550] RX< 6] [cam] [357840][tshell][cpm_core_check_tuningbin:854]Tuning bin crc check PASS! sum 0x7fb15f, xor 0x4e593f47
[03:23:26.550] RX< [6] [cam] [357840][tshell][qpc_tuning_check_iqbin_validness:396]IQ bin addr: 0x88646660, project_name: video_3M
[03:23:26.550] RX< [6] [cam] [357841][tshell][qpc_t
[03:23:26.552] RX< uning_check_iqbin_validness:397]total_size: 94208
[03:23:26.552] RX< [6] [cam] [357841][tshell][qpc_tuning_check_iqbin_validness:398]id_count: 93. ID_TOTAL: 94
[03:23:26.552] RX< [6] [cam] [357842][tshell][qpc_tuning_check_iqbin_validness:399]spinel tuning data ver: V1.30
[03:23:26.552] RX< [6] [cam] [357842][t
[03:23:26.552] RX< shell][cpm_core_check_tuningbin:868]IQ bin check success!
[03:23:26.552] RX< [6] [cam] [357843][tshell][cam_bm_core_init:94]E
[03:23:26.552] RX< [6] [cam] [357843][tshell][bm_lab_init:174]X ctx size 4 addr 0x88455450
[03:23:26.552] RX< [6] [cam] [357843][tshell][cam_bm_core_init:114]X ctx size 180 addr 0x8846d
[03:23:26.570] RX< 118
[03:23:26.570] RX< [6] [cam] [357843][tshell][qpc_core_init:1218]E id,0
[03:23:26.570] RX< [6] [cam] [357844][tshell][qpc_queue_init:65]QPC init qnodes 8, size 508, pool 0x8848a048
[03:23:26.570] RX< [7] [cam] [357844][tshell][_qpc_get_cap_cfg_para:888][fallback]preset capCfg 0 0 0 invalid, use default
[03:23:26.570] RX< [7]
[03:23:26.570] RX<  [cam] [357845][tshell][_qpc_cfg_hdr_frms:832][fallback]preset hdrCfg 0 32 7 25600 148508608 invalid, use default
[03:23:26.570] RX< [6] [cam] [357861][tshell][qpc_core_init:1264]X ctx size 3800 addr 0x8846d1e0
[03:23:26.570] RX< [6] [cam] [357861][tshell][cpm_core_get_param:666]cpm para chk: 
[03:23:26.576] RX< tunBin-w 4032 h 2266 img-w 4032 h 2268
[03:23:26.576] RX< [6] [cam] [357862][tshell][cam_fe_core_init:436]E id,0
[03:23:26.576] RX< [6] [cam] [357862][tshell][cam_fe_core_init:490]X ctx size 100 addr 0x8849a9c8
[03:23:26.576] RX< [7] [cam] [357863][tshell][qpc_core_fe_chords_init:1659][34mqpc fe init snsOut w
[03:23:26.576] RX<  4032 h 2268, tbl w 28 h 20[0m
[03:23:26.576] RX< [6] [cam] [357863][tshell][cam_me_core_init:1474]X ctx size 1352 addr 0x8849cce0
[03:23:26.576] RX< [34m[ME SLICE CFG] perf=1302(us)!
[03:23:26.576] RX< [0m[6] [cam] [357867][tshell][cam_bayer_fe_3a_stats_core_init:445]fe 3a id,0
[03:23:26.576] RX< [6] [cam] [357867][tshell][ca
[03:23:26.583] RX< m_bayer_fe_3a_stats_core_init:490]X ctx size 132 addr 0x884a5700
[03:23:26.583] RX< [6] [cam] [357868][tshell][awb_wrapper_init:66]xxx awb_bin=0x8848c524, awb_bin_length=8068
[03:23:26.583] RX< [6] [cam] [357868][tshell][awb_wrapper_init:86]X algo_handle 0x884ab360
[03:23:26.583] RX< [7] [cam] [357869][awb0][a
[03:23:26.584] RX< 5_core_wrapper_task:252]thread start cid,0 algo type,2
[03:23:26.584] RX< [6] [cam] [357869][tshell][a5_core_init_task:426]thread created: awb0 mq=0x884ad628 thread=0x884ad740 sem=0x884ad5b8 ret=0
[03:23:26.584] RX< [6] [cam] [357870][tshell][bayer_ae_wrapper_init:68]E id,0 proc mode 0 
[03:23:26.584] RX< 
[03:23:26.584] RX< [AEC
[03:23:26.586] RX<  Proc] @[allib_ae_set_debug_log_flag] Line:129:[DEBUG] debug level/to_file/to_terminal: 22/1/1
[03:23:26.586] RX< [AEC Proc] @[AeInit] Line:377:[INFO] AE ver: 2026_V2.269
[03:23:26.586] RX< 
[03:23:26.586] RX< [AEC Proc] @[allib_ae_loadfunc] Line:193:[INFO] camera ID: 0
[03:23:26.586] RX< [AEC Proc] @[AeInit] Line:404:[DEBUG] ini
[03:23:26.586] RX< t imu detector sucessed!
[03:23:26.586] RX< [AEC Proc] @[AeInit] Line:406:[DEBUG] imu init errcode:0
[03:23:26.586] RX< [AEC Proc] @[alAE_set_param] Line:575:[DEBUG] sw_maxtime 33004 ,pertline 10800, after check sensor step sw_max_time 33000.00
[03:23:26.586] RX< [AEC Proc] @[alAE_set_param] Line:580:[DEBUG] s
[03:23:26.589] RX< w_mintime 43 ,pertline 10800, after check sensor step sw_min_time 40.00
[03:23:26.589] RX< [AEC Proc] @[alAE_set_param] Line:513:[DEBUG] DEBUG minbv exptime 11 gain 100, minExpBV 13810
[03:23:26.589] RX< [AEC Proc] @[AeTuningParseSet] Line:167:[DEBUG] aeparam version 2.268 60530
[03:23:26.589] RX< [AEC Proc] @[
[03:23:26.589] RX< alAE_set_param] Line:340:[DEBUG] INITEXP gain 100, shutter 33242, midtonegain 100, bv 2247
[03:23:26.589] RX< [6] [cam] [357880][tshell][bayer_ae_wrapper_init:119]X tline 10800 max_exp 33004 alg_hdl 0x884afef0 
[03:23:26.589] RX< [7] [cam] [357880][b_ae0][a5_core_wrapper_task:252]thread start
[03:23:26.592] RX<  cid,0 algo type,0
[03:23:26.592] RX< [6] [cam] [357881][tshell][a5_core_init_task:426]thread created: b_ae0 mq=0x884b67c8 thread=0x884b68e0 sem=0x884b6758 ret=0
[03:23:26.592] RX< [6] [cam] [357881][tshell][atf_wrapper_init:67]E id,0
[03:23:26.592] RX< [6] [cam] [357882][tshell][atf_wrapper_init:107]X alg_ctx
[03:23:26.592] RX<  addr 0x884b8da0
[03:23:26.592] RX< [7] [cam] [357882][atf0][a5_core_wrapper_task:252]thread start cid,0 algo type,1
[03:23:26.592] RX< [6] [cam] [357883][tshell][a5_core_init_task:426]thread created: atf0 mq=0x884bb0f8 thread=0x884bb210 sem=0x884bb088 ret=0
[03:23:26.592] RX< [6] [cam] [357883][tshell][cam_cpm
[03:23:26.608] RX< _core_init:1030]X ctx size 1064 addr 0x8846cce0
[03:23:26.608] RX< [6] [cam] [357884][tshell][csc_open:527]ok! phys_id[1], phys_num[1] 
[03:23:26.608] RX< [6] [cam] [357884][tshell][cam_open:699]open ok! camera_id[0]
[03:23:26.608] RX< [34m[cam open] perf=68882(us)!
[03:23:26.608] RX< [0m[6] [App Cam] cam open success
[03:23:26.608] RX< [6] [Ap
[03:23:26.608] RX< p Cam] hevc init success
[03:23:26.608] RX< [6] [cam] [357898][tshell][csc_init:637]sensor info:size:4032x2268, formt: 0x2b, bps: 1968, tline: 10800
[03:23:26.608] RX< [6] [cam] [357899][tshell][cam_sif_mgr_init:261]E id,0
[03:23:26.608] RX< [7] [cam] [357900][sif0][sif_irq_proc:151]thread start cid,0
[03:23:26.608] RX< [6] [cam
[03:23:26.614] TX> rtmp_video_start rtmp://10.1.90.128/live/cam
[03:23:26.614] TX> echo "__EVBTEST_END_0101b33b__"
[03:23:26.621] RX< ] [357900][tshell][cam_sif_mgr_init:293]X ctx size 52 addr 0x884ec898
[03:23:26.621] RX< [6] [cam] [357900][tshell][cam_prelude_init_cfg:368]CSI ID is 0,  phy lanes is 2.
[03:23:26.621] RX< [7] [cam] [357901][tshell][check_phy_ready:96]MIPI_PHY[0] is ready
[03:23:26.621] RX< [6] [cam] [357901][tshell][sensor_in
[03:23:26.621] RX< it:348]sensor [1]: register ok
[03:23:26.621] RX< [6] [cam] [357902][tshell][sensor_set_mode:852]sensor [1]: SetMode -> mode = 0.
[03:23:26.621] RX< [6] [cam] [357902][tshell][sensor_send_reg_tab_to_sensor:704]sensor [1]: send_reg_tab_to_sensor E.
[03:23:26.621] RX< [6] [cam] [357913][tshell][sensor_send_reg_t
[03:23:26.639] RX< ab_to_sensor:726]sensor [1]: reg_count = 77.
[03:23:26.639] RX< [6] [cam] [357915][tshell][sensor_init:361]sensor [1]: init success.
[03:23:26.639] RX< [6] [cam] [357915][tshell][sensor_set_mode:852]sensor [1]: SetMode -> mode = 3.
[03:23:26.639] RX< [6] [cam] [357916][tshell][sensor_send_reg_tab_to_sensor:704]
[03:23:26.639] RX< sensor [1]: send_reg_tab_to_sensor E.
[03:23:26.639] RX< [6] [cam] [357931][tshell][sensor_send_reg_tab_to_sensor:726]sensor [1]: reg_count = 83.
[03:23:26.639] RX< [6] [cam] [357931][tshell][csc_init:646]ok! phys_id[1], phys_num[1]
[03:23:26.639] RX< [6] [cam] [357931][tshell][csc_get_bayer_single_buffer:1038]
[03:23:26.642] RX< scenario_type: 3
[03:23:26.642] RX< [6] [cam] [357931][tshell][csc_set_stats_fmt:98]index 0 w 1 h 1 bw 8 wcmp 255
[03:23:26.642] RX< [7] [cam] [357932][tshell][bm_ioctl:201]BMIOC_STATS_FMT
[03:23:26.642] RX< [6] [cam] [357932][tshell][csc_set_fe_fmt:47]index 1 w 4032 h 2268 bw 10 wcmp 0
[03:23:26.642] RX< [7] [cam] [357933][tshe
[03:23:26.645] RX< ll][bm_ioctl:201]BMIOC_FE_FMT
[03:23:26.645] RX< [6] [cam] [357933][tshell][csc_set_me_fmt:64]index 5 w 2268 h 4032 bw 10 wcmp 0, rdma_addr 0x894afe00, wdma_addr 0x894afe00
[03:23:26.645] RX< [7] [cam] [357934][tshell][bm_ioctl:201]BMIOC_ME_FMT
[03:23:26.645] RX< [6] [cam] [357934][tshell][csc_set_video_fmt:966
[03:23:26.645] RX< ]meta_addr: 0x89d6c600
[03:23:26.645] RX< [6] [cam] [357935][tshell][csc_set_me_fmt:64]index 6 w 1296 h 2304 bw 8 wcmp 255, rdma_addr 0x88795200, wdma_addr 0x8c000000
[03:23:26.645] RX< [6] [cam] [357935][tshell][cam_me_core_buffer_cfg:1367]
[03:23:26.645] RX< ----ME PIPE INFO---
[03:23:26.645] RX<  wdma_buf_num:1, rotation_en:
[03:23:26.648] RX<  1
[03:23:26.648] RX< [7] [cam] [357936][tshell][cam_me_core_buffer_cfg:1375]yuv wdma_addr 0:0x8c000000, meta_en: 1, 0x89d6c600
[03:23:26.648] RX< [7] [cam] [357936][tshell][bm_ioctl:201]BMIOC_ME_FMT
[03:23:26.648] RX< [6] [cam] [357937][tshell][csc_set_lite_fmt:115]index 13 w 400 h 400 bw 10 wcmp 255
[03:23:26.648] RX< [7] [cam
[03:23:26.648] RX< ] [357937][tshell][bm_ioctl:201]BMIOC_LITE_FMT
[03:23:26.648] RX< [6] [cam] [357938][tshell][csc_set_lite_fmt:115]index 14 w 400 h 400 bw 10 wcmp 255
[03:23:26.648] RX< [7] [cam] [357938][tshell][bm_ioctl:201]BMIOC_LITE_FMT
[03:23:26.648] RX< [6] [cam] [357938][tshell][csc_init:654]get otp ok! phys_id[1], phys
[03:23:26.651] RX< _num[1]
[03:23:26.651] RX< [6] [cam] [357939][tshell][cam_init:789]init ok! logic_id[0]
[03:23:26.651] RX< [34m[cam init] perf=40729(us)!
[03:23:26.651] RX< [0m[6] [App Cam] cam init success
[03:23:26.651] RX< [7] [cam] [357940][tshell][cam_cpm_core_stream_on:541]id 0 sensor type 1
[03:23:26.651] RX< [6] [cam] [357940][tshell][sensor_stream_on:9
[03:23:26.651] RX< 79]sensor [1]: stream_on
[03:23:26.651] RX< [6] [cam] [357941][tshell][sensor_stream_on:1007]sensor [1]: REG: 0x100, W:0x1.
[03:23:26.651] RX< [6] [cam] [357941][tshell][sensor_stream_on:1009]sensor [1]: REG: 0x100, R:0x1.
[03:23:26.651] RX< [6] [cam] [357941][tshell][csc_prv_start:783]ok! phys_id[1], phys_num[
[03:23:26.667] RX< 1], cam_ids[1]
[03:23:26.667] RX< [6] [cam] [357942][tshell][cam_start:897]preview start ok! logic_id[0]
[03:23:26.667] RX< [34m[cam start] perf=2639(us)!
[03:23:26.667] RX< [0m[6] [App Cam] cam start success
[03:23:26.667] RX< [RTMP] connecting rtmp://10.1.90.128/live/cam ...
[03:23:26.667] RX< [7] [cam] [357943][b_3a_sts][bayer_stats_core_irq
[03:23:26.794] RX< _proc:164]thread start cid,0
[03:23:26.794] RX< [7] [cam] [357944][fe0][fe_core_irq_proc:98]thread start cid,0
[03:23:26.794] RX< [33m[W/ftp] service go wrong, now wait restarting...[0m
[03:23:26.794] RX< [34m[AE] fid=0,exp=10100,adg=288,Y=5538,mtg=100,shg=100,bgbv=4377,iso=288,cnv0,hdr0
[03:23:26.794] RX< [0m[34m[b_ae0 proc
[03:23:27.050] RX< ] perf=8062(us), max=8062(us)!
[03:23:27.050] RX< [0m[34m[awb0 proc] perf=4419(us), max=4419(us)!
[03:23:27.050] RX< [0m[RTMP] connected to 10.1.90.128:1935 (sock=5)
[03:23:27.050] RX< [6] [cam] [358235][me0][cpm_cb_fe2me_tikChk:152]frm_length 88559us, fe2me delta 0
[03:23:27.050] RX< [34m[ME INTP]fid=0, shutter=10100, perf=2
[03:23:27.831] RX< 817(us), max=2817(us)!
[03:23:27.831] RX< [0m[RTMP] handshake (simple) ok
[03:23:27.831] RX< [7] [cam] [358413][me0][me_core_thread:322]ME out fid 0
[03:23:27.831] RX< [33m[W/ftp] service go wrong, now wait restarting...[0m
[03:23:27.831] RX< [RTMP] connect _result ok
[03:23:27.831] RX< [33m[W/ftp] service go wrong, now wait restarting...[0m
[03:23:27.831] RX< [R
[03:23:27.831] RX< TMP] createStream -> msid=1
[03:23:27.831] RX< [RTMP] publish ready on rtmp://10.1.90.128:1935/live
[03:23:27.831] RX< [RTMP] config sent (42 bytes)
[03:23:27.831] RX< [RTMP] f_index = 0, f_len = 39
[03:23:27.831] RX< [RTMP] Push Start -> rtmp://10.1.90.128/live/cam
[03:23:27.831] RX< msh />echo "__EVBTEST_END_0101b33b__"
[03:23:27.831] RX< __EVBTEST_END_0101b33b__
[03:23:27.831] RX< m
[03:23:28.731] RX< sh />[34m[AE] fid=30,exp=10180,adg=225,Y=3852,mtg=185,shg=100,bgbv=1499,iso=225,cnv2,hdr0
[03:23:28.731] RX< [0m[7] [cam] [359413][me0][me_core_thread:322]ME out fid 30
[03:23:28.731] RX< [33m[W/ftp] service go wrong, now wait restarting...[0m
[03:23:28.731] RX< [33m[W/ftp] service go wrong, now wait restar
[03:23:29.715] RX< ting...[0m
[03:23:29.715] RX< [34m[AE] fid=60,exp=10000,adg=250,Y=4147,mtg=180,shg=100,bgbv=1497,iso=250,cnv2,hdr0
[03:23:29.715] RX< [0m[7] [cam] [360413][me0][me_core_thread:322]ME out fid 60
[03:23:29.715] RX< [33m[W/ftp] service go wrong, now wait restarting...[0m
[03:23:29.715] RX< [33m[W/ftp] service go wrong, now wait
[03:23:30.128] RX<  restarting...[0m
[03:23:30.128] RX< [34m[AE] fid=90,exp=10000,adg=250,Y=4161,mtg=180,shg=100,bgbv=1502,iso=250,cnv2,hdr0
[03:23:30.128] RX< [0m[34m[b_ae0 proc] perf=989(us), max=8062(us)!
[03:23:30.128] RX< [0m[34m[awb0 proc] perf=4407(us), max=4466(us)!
[03:23:30.128] RX< [0m[7] [cam] [361413][me0][me_core_thread:322]ME 
[03:23:31.046] RX< out fid 90
[03:23:31.046] RX< [33m[W/ftp] service go wrong, now wait restarting...[0m
[03:23:31.046] RX< [33m[W/ftp] service go wrong, now wait restarting...[0m
[03:23:31.046] RX< [34m[AE] fid=120,exp=10000,adg=250,Y=4172,mtg=180,shg=100,bgbv=1506,iso=250,cnv2,hdr0
[03:23:31.046] RX< [0m[34m[ME INTP]fid=120, shutter=10000, 
[03:23:31.951] RX< perf=6(us), max=2817(us)!
[03:23:31.951] RX< [0m[7] [cam] [362413][me0][me_core_thread:322]ME out fid 120
[03:23:31.951] RX< [33m[W/ftp] service go wrong, now wait restarting...[0m
[03:23:31.951] RX< [33m[W/ftp] service go wrong, now wait restarting...[0m
[03:23:31.951] RX< [34m[AE] fid=150,exp=10000,adg=250,Y=4173,mtg=180,s
[03:23:32.719] RX< hg=100,bgbv=1506,iso=250,cnv2,hdr0
[03:23:32.719] RX< [0m[RTMP] slow send frame 1 len=95499 dt=4124ms (IDR)
[03:23:32.719] RX< [7] [cam] [363413][me0][me_core_thread:322]ME out fid 150
[03:23:32.719] RX< [33m[W/ftp] service go wrong, now wait restarting...[0m
[03:23:32.719] RX< [33m[W/ftp] service go wrong, now wait restarting
[03:23:33.127] RX< ...[0m
[03:23:33.127] RX< [34m[AE] fid=180,exp=10000,adg=250,Y=4160,mtg=180,shg=100,bgbv=1502,iso=250,cnv2,hdr0
[03:23:33.127] RX< [0m[34m[b_ae0 proc] perf=865(us), max=1017(us)!
[03:23:33.127] RX< [0m[34m[awb0 proc] perf=4439(us), max=4467(us)!
[03:23:33.127] RX< [0m[7] [cam] [364413][me0][me_core_thread:322]ME out fid 18
[03:23:34.121] RX< 0
[03:23:34.121] RX< [33m[W/ftp] service go wrong, now wait restarting...[0m
[03:23:34.121] RX< [33m[W/ftp] service go wrong, now wait restarting...[0m
[03:23:34.121] RX< [34m[AE] fid=210,exp=10000,adg=250,Y=4187,mtg=180,shg=100,bgbv=1510,iso=250,cnv2,hdr0
[03:23:34.121] RX< [0m[7] [cam] [365412][me0][me_core_thread:322]ME o
[03:23:34.873] RX< ut fid 210
[03:23:34.873] RX< [33m[W/ftp] service go wrong, now wait restarting...[0m
[03:23:34.873] RX< [RTMP] slow send frame 2 len=40273 dt=2737ms
[03:23:34.873] RX< [33m[W/ftp] service go wrong, now wait restarting...[0m
[03:23:34.873] RX< [RTMP] slow send frame 3 len=13370 dt=87ms
[03:23:34.873] RX< [RTMP] slow send frame 4 len=5948 dt=97ms
[03:23:35.126] RX< 
[03:23:35.126] RX< [RTMP] slow send frame 5 len=10574 dt=51ms
[03:23:35.126] RX< [34m[AE] fid=240,exp=10000,adg=250,Y=4143,mtg=180,shg=100,bgbv=1493,iso=250,cnv2,hdr0
[03:23:35.126] RX< [0m[34m[ME INTP]fid=240, shutter=10000, perf=1422(us), max=3595(us)!
[03:23:35.126] RX< [0m[7] [cam] [366412][me0][me_core_thread:322]ME out 
[03:23:35.950] RX< fid 240
[03:23:35.950] RX< [33m[W/ftp] service go wrong, now wait restarting...[0m
[03:23:35.950] RX< [33m[W/ftp] service go wrong, now wait restarting...[0m
[03:23:35.950] RX< [34m[AE] fid=270,exp=10250,adg=244,Y=4259,mtg=180,shg=100,bgbv=1532,iso=244,cnv2,hdr0
[03:23:35.950] RX< [0m[34m[b_ae0 proc] perf=878(us), max=1022(
[03:23:36.729] RX< us)!
[03:23:36.729] RX< [0m[34m[awb0 proc] perf=4407(us), max=4465(us)!
[03:23:36.729] RX< [0m[7] [cam] [367412][me0][me_core_thread:322]ME out fid 270
[03:23:36.729] RX< [33m[W/ftp] service go wrong, now wait restarting...[0m
[03:23:36.729] RX< [RTMP] slow send frame 6 len=13716 dt=1797ms
[03:23:36.729] RX< [33m[W/ftp] service go wrong, now 
[03:23:37.728] RX< wait restarting...[0m
[03:23:37.728] RX< [34m[AE] fid=300,exp=10250,adg=244,Y=4266,mtg=180,shg=100,bgbv=1536,iso=244,cnv2,hdr0
[03:23:37.728] RX< [0m[7] [cam] [368412][me0][me_core_thread:322]ME out fid 300
[03:23:37.728] RX< [33m[W/ftp] service go wrong, now wait restarting...[0m
[03:23:37.728] RX< [33m[W/ftp] service go wr
[03:23:38.296] RX< ong, now wait restarting...[0m
[03:23:38.296] RX< [34m[AE] fid=330,exp=10250,adg=244,Y=4268,mtg=180,shg=100,bgbv=1536,iso=244,cnv2,hdr0
[03:23:38.296] RX< [0m[7] [cam] [369412][me0][me_core_thread:322]ME out fid 330
[03:23:38.296] RX< [RTMP] slow send frame 7 len=15667 dt=1428ms
[03:23:38.296] RX< [RTMP] slow send frame 8 len=1
[03:23:38.949] RX< 2888 dt=156ms
[03:23:38.949] RX< [33m[W/ftp] service go wrong, now wait restarting...[0m
[03:23:38.949] RX< [33m[W/ftp] service go wrong, now wait restarting...[0m
[03:23:38.949] RX< [34m[AE] fid=360,exp=10250,adg=244,Y=4273,mtg=180,shg=100,bgbv=1536,iso=244,cnv2,hdr0
[03:23:38.949] RX< [0m[34m[b_ae0 proc] perf=936(us), max
[03:23:39.716] RX< =1020(us)!
[03:23:39.716] RX< [0m[34m[awb0 proc] perf=4399(us), max=4463(us)!
[03:23:39.716] RX< [0m[34m[ME INTP]fid=360, shutter=10250, perf=6(us), max=1422(us)!
[03:23:39.716] RX< [0m[7] [cam] [370412][me0][me_core_thread:322]ME out fid 360
[03:23:39.716] RX< [33m[W/ftp] service go wrong, now wait restarting...[0m
[03:23:39.716] RX< [33m[
[03:23:40.311] RX< W/ftp] service go wrong, now wait restarting...[0m
[03:23:40.311] RX< [34m[AE] fid=390,exp=10250,adg=244,Y=4246,mtg=180,shg=100,bgbv=1532,iso=244,cnv2,hdr0
[03:23:40.311] RX< [0m[7] [cam] [371412][me0][me_core_thread:322]ME out fid 390
[03:23:40.311] RX< [RTMP] slow send frame 9 len=15770 dt=1901ms
[03:23:40.311] RX< [33m[W/ft
[03:23:41.007] RX< p] service go wrong, now wait restarting...[0m
[03:23:41.007] RX< [RTMP] slow send frame 10 len=12006 dt=433ms
[03:23:41.007] RX< [33m[W/ftp] service go wrong, now wait restarting...[0m
[03:23:41.007] RX< [34m[AE] fid=420,exp=10250,adg=244,Y=4238,mtg=180,shg=100,bgbv=1528,iso=244,cnv2,hdr0
[03:23:41.007] RX< [0m[RTMP] slow se
[03:23:41.948] RX< nd frame 11 len=13530 dt=381ms
[03:23:41.948] RX< [7] [cam] [372412][me0][me_core_thread:322]ME out fid 420
[03:23:41.948] RX< [RTMP] slow send frame 12 len=13607 dt=151ms
[03:23:41.948] RX< [33m[W/ftp] service go wrong, now wait restarting...[0m
[03:23:41.948] RX< [33m[W/ftp] service go wrong, now wait restarting...[0m
[03:23:41.948] RX< [34m[
[03:23:42.316] RX< AE] fid=450,exp=10000,adg=250,Y=4159,mtg=180,shg=100,bgbv=1498,iso=250,cnv2,hdr0
[03:23:42.316] RX< [0m[34m[b_ae0 proc] perf=829(us), max=1010(us)!
[03:23:42.316] RX< [0m[34m[awb0 proc] perf=4444(us), max=4462(us)!
[03:23:42.316] RX< [0m[7] [cam] [373411][me0][me_core_thread:322]ME out fid 450
[03:23:42.316] RX< [33m[W/ftp]
[03:23:43.044] RX<  service go wrong, now wait restarting...[0m
[03:23:43.044] RX< [33m[W/ftp] service go wrong, now wait restarting...[0m
[03:23:43.044] RX< [34m[AE] fid=480,exp=10000,adg=250,Y=4166,mtg=180,shg=100,bgbv=1502,iso=250,cnv2,hdr0
[03:23:43.044] RX< [0m[34m[ME INTP]fid=480, shutter=10000, perf=1426(us), max=2163
[03:23:43.942] RX< (us)!
[03:23:43.942] RX< [0m[7] [cam] [374411][me0][me_core_thread:322]ME out fid 480
[03:23:43.942] RX< [33m[W/ftp] service go wrong, now wait restarting...[0m
[03:23:43.942] RX< [RTMP] slow send frame 13 len=13354 dt=2225ms
[03:23:43.942] RX< [33m[W/ftp] service go wrong, now wait restarting...[0m
[03:23:43.942] RX< [34m[AE] fid=510,exp=1000
[03:23:44.948] RX< 0,adg=250,Y=4158,mtg=180,shg=100,bgbv=1498,iso=250,cnv2,hdr0
[03:23:44.948] RX< [0m[7] [cam] [375411][me0][me_core_thread:322]ME out fid 510
[03:23:44.948] RX< [33m[W/ftp] service go wrong, now wait restarting...[0m
[03:23:44.948] RX< [33m[W/ftp] service go wrong, now wait restarting...[0m
[03:23:44.948] RX< [34m[AE] fid=540
[03:23:45.316] RX< ,exp=10000,adg=250,Y=4131,mtg=180,shg=100,bgbv=1493,iso=250,cnv2,hdr0
[03:23:45.316] RX< [0m[34m[b_ae0 proc] perf=875(us), max=1012(us)!
[03:23:45.316] RX< [0m[34m[awb0 proc] perf=4323(us), max=4461(us)!
[03:23:45.316] RX< [0m[7] [cam] [376411][me0][me_core_thread:322]ME out fid 540
[03:23:45.316] RX< [33m[W/ftp] service go
[03:23:46.310] RX<  wrong, now wait restarting...[0m
[03:23:46.310] RX< [33m[W/ftp] service go wrong, now wait restarting...[0m
[03:23:46.310] RX< [34m[AE] fid=570,exp=10000,adg=250,Y=4099,mtg=180,shg=100,bgbv=1480,iso=250,cnv2,hdr0
[03:23:46.310] RX< [0m[7] [cam] [377411][me0][me_core_thread:322]ME out fid 570
[03:23:46.310] RX< [33m[W/ftp] s
[03:23:47.041] RX< ervice go wrong, now wait restarting...[0m
[03:23:47.041] RX< [33m[W/ftp] service go wrong, now wait restarting...[0m
[03:23:47.041] RX< [34m[AE] fid=600,exp=10000,adg=250,Y=4073,mtg=180,shg=100,bgbv=1471,iso=250,cnv2,hdr0
[03:23:47.041] RX< [0m[34m[ME INTP]fid=600, shutter=10000, perf=238(us), max=1538(us
[03:23:47.946] RX< )!
[03:23:47.946] RX< [0m[7] [cam] [378411][me0][me_core_thread:322]ME out fid 600
[03:23:47.946] RX< [33m[W/ftp] service go wrong, now wait restarting...[0m
[03:23:47.946] RX< [33m[W/ftp] service go wrong, now wait restarting...[0m
[03:23:47.946] RX< [34m[AE] fid=630,exp=10000,adg=250,Y=4079,mtg=180,shg=100,bgbv=1475,iso=25
[03:23:48.714] RX< 0,cnv2,hdr0
[03:23:48.714] RX< [0m[34m[b_ae0 proc] perf=930(us), max=1024(us)!
[03:23:48.714] RX< [0m[34m[awb0 proc] perf=4292(us), max=4466(us)!
[03:23:48.714] RX< [0m[7] [cam] [379411][me0][me_core_thread:322]ME out fid 630
[03:23:48.714] RX< [33m[W/ftp] service go wrong, now wait restarting...[0m
[03:23:48.714] RX< [33m[W/ftp] service go
[03:23:48.797] RX<  wrong, now wait restarting...[0m
[03:23:48.797] RX< [ringbuf] no space data_len=11264
[03:23:48.797] RX< [3] [App Vpu] RINGBUF: write fail, size = 10879 space is not enough
[03:23:48.797] RX< [ringbuf] no space data_len=15360
[03:23:48.797] RX< [3] [App Vpu] RINGBUF: write fail, size = 14935 space is not enough
[03:23:48.797] RX< [ringbuf] no sp
[03:23:48.864] RX< ace data_len=15360
[03:23:48.864] RX< [3] [App Vpu] RINGBUF: write fail, size = 15046 space is not enough
[03:23:48.864] RX< [ringbuf] no space data_len=15872
[03:23:48.864] RX< [3] [App Vpu] RINGBUF: write fail, size = 15657 space is not enough
[03:23:48.864] RX< [ringbuf] no space data_len=15360
[03:23:48.864] RX< [3] [App Vpu] RINGBUF: write fa
[03:23:48.941] RX< il, size = 15213 space is not enough
[03:23:48.941] RX< [ringbuf] no space data_len=15360
[03:23:48.941] RX< [3] [App Vpu] RINGBUF: write fail, size = 15091 space is not enough
[03:23:48.941] RX< [ringbuf] no space data_len=15872
[03:23:48.941] RX< [3] [App Vpu] RINGBUF: write fail, size = 15484 space is not enough
[03:23:48.941] RX< [34m[AE] fi
[03:23:48.997] RX< d=660,exp=10000,adg=250,Y=4097,mtg=180,shg=100,bgbv=1480,iso=250,cnv2,hdr0
[03:23:48.997] RX< [0m[ringbuf] no space data_len=15872
[03:23:48.997] RX< [3] [App Vpu] RINGBUF: write fail, size = 15534 space is not enough
[03:23:48.997] RX< [ringbuf] no space data_len=10240
[03:23:48.997] RX< [3] [App Vpu] RINGBUF: write fail, size 
[03:23:49.097] RX< = 9903 space is not enough
[03:23:49.097] RX< [ringbuf] no space data_len=23040
[03:23:49.097] RX< [3] [App Vpu] RINGBUF: write fail, size = 22754 space is not enough
[03:23:49.097] RX< [ringbuf] no space data_len=10240
[03:23:49.097] RX< [3] [App Vpu] RINGBUF: write fail, size = 9969 space is not enough
[03:23:49.097] RX< [ringbuf] no space data
[03:23:49.164] RX< _len=14848
[03:23:49.164] RX< [3] [App Vpu] RINGBUF: write fail, size = 14816 space is not enough
[03:23:49.164] RX< [7] [cam] [380410][me0][me_core_thread:322]ME out fid 660
[03:23:49.164] RX< [ringbuf] no space data_len=80384
[03:23:49.164] RX< [3] [App Vpu] RINGBUF: write fail, size = 80337 space is not enough
[03:23:49.164] RX< [ringbuf] no sp
[03:23:49.231] RX< ace data_len=22528
[03:23:49.231] RX< [3] [App Vpu] RINGBUF: write fail, size = 22186 space is not enough
[03:23:49.231] RX< [ringbuf] no space data_len=8704
[03:23:49.231] RX< [3] [App Vpu] RINGBUF: write fail, size = 8498 space is not enough
[03:23:49.231] RX< [ringbuf] no space data_len=16384
[03:23:49.231] RX< [3] [App Vpu] RINGBUF: write fail
[03:23:49.313] RX< , size = 16081 space is not enough
[03:23:49.313] RX< [ringbuf] no space data_len=16384
[03:23:49.313] RX< [3] [App Vpu] RINGBUF: write fail, size = 15881 space is not enough
[03:23:49.313] RX< [ringbuf] no space data_len=10752
[03:23:49.313] RX< [3] [App Vpu] RINGBUF: write fail, size = 10554 space is not enough
[03:23:49.313] RX< [33m[W/ftp] s
[03:23:49.397] RX< ervice go wrong, now wait restarting...[0m
[03:23:49.397] RX< [ringbuf] no space data_len=24064
[03:23:49.397] RX< [3] [App Vpu] RINGBUF: write fail, size = 23606 space is not enough
[03:23:49.397] RX< [ringbuf] no space data_len=7168
[03:23:49.397] RX< [3] [App Vpu] RINGBUF: write fail, size = 6853 space is not enough
[03:23:49.397] RX< [ringbuf
[03:23:49.464] RX< ] no space data_len=23040
[03:23:49.464] RX< [3] [App Vpu] RINGBUF: write fail, size = 22754 space is not enough
[03:23:49.464] RX< [ringbuf] no space data_len=10240
[03:23:49.464] RX< [3] [App Vpu] RINGBUF: write fail, size = 9953 space is not enough
[03:23:49.464] RX< [ringbuf] no space data_len=14848
[03:23:49.464] RX< [3] [App Vpu] RINGBUF: wr
[03:23:49.564] RX< ite fail, size = 14363 space is not enough
[03:23:49.564] RX< [ringbuf] no space data_len=14848
[03:23:49.564] RX< [3] [App Vpu] RINGBUF: write fail, size = 14619 space is not enough
[03:23:49.564] RX< [ringbuf] no space data_len=15360
[03:23:49.564] RX< [3] [App Vpu] RINGBUF: write fail, size = 15070 space is not enough
[03:23:49.564] RX< [ringb
[03:23:49.631] RX< uf] no space data_len=15360
[03:23:49.631] RX< [3] [App Vpu] RINGBUF: write fail, size = 15013 space is not enough
[03:23:49.631] RX< [ringbuf] no space data_len=15872
[03:23:49.631] RX< [3] [App Vpu] RINGBUF: write fail, size = 15483 space is not enough
[03:23:49.631] RX< [ringbuf] no space data_len=10240
[03:23:49.631] RX< [3] [App Vpu] RINGBUF:
[03:23:49.712] RX<  write fail, size = 10085 space is not enough
[03:23:49.712] RX< [ringbuf] no space data_len=23040
[03:23:49.712] RX< [3] [App Vpu] RINGBUF: write fail, size = 22991 space is not enough
[03:23:49.712] RX< [ringbuf] no space data_len=7168
[03:23:49.712] RX< [3] [App Vpu] RINGBUF: write fail, size = 7060 space is not enough
[03:23:49.712] RX< [33m
[03:23:49.763] RX< [W/ftp] service go wrong, now wait restarting...[0m
[03:23:49.763] RX< [ringbuf] no space data_len=22528
[03:23:49.763] RX< [3] [App Vpu] RINGBUF: write fail, size = 22436 space is not enough
[03:23:49.763] RX< [ringbuf] no space data_len=10240
[03:23:49.763] RX< [3] [App Vpu] RINGBUF: write fail, size = 9919 space is not enough
[03:23:49.863] RX< 
[03:23:49.863] RX< [ringbuf] no space data_len=14848
[03:23:49.863] RX< [3] [App Vpu] RINGBUF: write fail, size = 14570 space is not enough
[03:23:49.863] RX< [ringbuf] no space data_len=14848
[03:23:49.863] RX< [3] [App Vpu] RINGBUF: write fail, size = 14576 space is not enough
[03:23:49.863] RX< [ringbuf] no space data_len=14848
[03:23:49.863] RX< [3] [App Vpu] 
[03:23:49.940] RX< RINGBUF: write fail, size = 14522 space is not enough
[03:23:49.940] RX< [ringbuf] no space data_len=14848
[03:23:49.940] RX< [3] [App Vpu] RINGBUF: write fail, size = 14347 space is not enough
[03:23:49.940] RX< [ringbuf] no space data_len=14848
[03:23:49.940] RX< [3] [App Vpu] RINGBUF: write fail, size = 14765 space is not eno
[03:23:49.996] RX< ugh
[03:23:49.996] RX< [34m[AE] fid=690,exp=10000,adg=250,Y=4123,mtg=180,shg=100,bgbv=1488,iso=250,cnv2,hdr0
[03:23:49.996] RX< [0m[ringbuf] no space data_len=15360
[03:23:49.996] RX< [3] [App Vpu] RINGBUF: write fail, size = 14909 space is not enough
[03:23:49.996] RX< [ringbuf] no space data_len=15360
[03:23:49.996] RX< [3] [App Vpu] RINGBUF: 
[03:23:50.096] RX< write fail, size = 15058 space is not enough
[03:23:50.096] RX< [ringbuf] no space data_len=15360
[03:23:50.096] RX< [3] [App Vpu] RINGBUF: write fail, size = 14990 space is not enough
[03:23:50.096] RX< [ringbuf] no space data_len=14848
[03:23:50.096] RX< [3] [App Vpu] RINGBUF: write fail, size = 14731 space is not enough
[03:23:50.096] RX< [rin
[03:23:50.129] RX< gbuf] no space data_len=14848
[03:23:50.129] RX< [3] [App Vpu] RINGBUF: write fail, size = 14803 space is not enough
[03:23:50.129] RX< [7] [cam] [381410][me0][me_core_thread:322]ME out fid 690
[03:23:50.129] RX< [ringbuf] no space data_len=79872
[03:23:50.129] RX< [3] [App Vpu] RINGBUF: write fail, size = 79493 space is not enou
[03:23:50.229] RX< gh
[03:23:50.229] RX< [ringbuf] no space data_len=22016
[03:23:50.229] RX< [3] [App Vpu] RINGBUF: write fail, size = 21604 space is not enough
[03:23:50.229] RX< [ringbuf] no space data_len=8704
[03:23:50.229] RX< [3] [App Vpu] RINGBUF: write fail, size = 8320 space is not enough
[03:23:50.229] RX< [ringbuf] no space data_len=16384
[03:23:50.229] RX< [3] [App Vpu] 
[03:23:50.296] RX< RINGBUF: write fail, size = 15916 space is not enough
[03:23:50.296] RX< [ringbuf] no space data_len=9728
[03:23:50.296] RX< [3] [App Vpu] RINGBUF: write fail, size = 9544 space is not enough
[03:23:50.296] RX< [ringbuf] no space data_len=23552
[03:23:50.296] RX< [3] [App Vpu] RINGBUF: write fail, size = 23044 space is not enoug
[03:23:50.363] RX< h
[03:23:50.363] RX< [33m[W/ftp] service go wrong, now wait restarting...[0m
[03:23:50.363] RX< [ringbuf] no space data_len=10240
[03:23:50.363] RX< [3] [App Vpu] RINGBUF: write fail, size = 10143 space is not enough
[03:23:50.363] RX< [ringbuf] no space data_len=14848
[03:23:50.363] RX< [3] [App Vpu] RINGBUF: write fail, size = 14765 space is n
[03:23:50.463] RX< ot enough
[03:23:50.463] RX< [ringbuf] no space data_len=14848
[03:23:50.463] RX< [3] [App Vpu] RINGBUF: write fail, size = 14346 space is not enough
[03:23:50.463] RX< [ringbuf] no space data_len=14848
[03:23:50.463] RX< [3] [App Vpu] RINGBUF: write fail, size = 14404 space is not enough
[03:23:50.463] RX< [ringbuf] no space data_len=14848
[03:23:50.463] RX< [3] [
[03:23:50.529] RX< App Vpu] RINGBUF: write fail, size = 14747 space is not enough
[03:23:50.529] RX< [ringbuf] no space data_len=14848
[03:23:50.529] RX< [3] [App Vpu] RINGBUF: write fail, size = 14846 space is not enough
[03:23:50.529] RX< [ringbuf] no space data_len=14848
[03:23:50.529] RX< [3] [App Vpu] RINGBUF: write fail, size = 14738 space i
[03:23:50.629] RX< s not enough
[03:23:50.629] RX< [ringbuf] no space data_len=14848
[03:23:50.629] RX< [3] [App Vpu] RINGBUF: write fail, size = 14724 space is not enough
[03:23:50.629] RX< [ringbuf] no space data_len=15360
[03:23:50.629] RX< [3] [App Vpu] RINGBUF: write fail, size = 14952 space is not enough
[03:23:50.629] RX< [ringbuf] no space data_len=14848
[03:23:50.629] RX< [3
[03:23:50.696] RX< ] [App Vpu] RINGBUF: write fail, size = 14671 space is not enough
[03:23:50.696] RX< [ringbuf] no space data_len=15360
[03:23:50.696] RX< [3] [App Vpu] RINGBUF: write fail, size = 14932 space is not enough
[03:23:50.696] RX< [ringbuf] no space data_len=14848
[03:23:50.696] RX< [3] [App Vpu] RINGBUF: write fail, size = 14732 spac
[03:23:50.763] RX< e is not enough
[03:23:50.763] RX< [33m[W/ftp] service go wrong, now wait restarting...[0m
[03:23:50.763] RX< [ringbuf] no space data_len=14848
[03:23:50.763] RX< [3] [App Vpu] RINGBUF: write fail, size = 14705 space is not enough
[03:23:50.763] RX< [ringbuf] no space data_len=14848
[03:23:50.763] RX< [3] [App Vpu] RINGBUF: write fail, size = 14
[03:23:50.863] RX< 735 space is not enough
[03:23:50.863] RX< [ringbuf] no space data_len=14848
[03:23:50.863] RX< [3] [App Vpu] RINGBUF: write fail, size = 14474 space is not enough
[03:23:50.863] RX< [ringbuf] no space data_len=14848
[03:23:50.863] RX< [3] [App Vpu] RINGBUF: write fail, size = 14731 space is not enough
[03:23:50.863] RX< [ringbuf] no space data_l
[03:23:50.945] RX< en=14848
[03:23:50.945] RX< [3] [App Vpu] RINGBUF: write fail, size = 14365 space is not enough
[03:23:50.945] RX< [ringbuf] no space data_len=14848
[03:23:50.945] RX< [3] [App Vpu] RINGBUF: write fail, size = 14501 space is not enough
[03:23:50.945] RX< [ringbuf] no space data_len=14848
[03:23:50.945] RX< [3] [App Vpu] RINGBUF: write fail, size =
[03:23:50.963] RX<  14363 space is not enough
[03:23:50.963] RX< [34m[AE] fid=720,exp=10000,adg=250,Y=4124,mtg=180,shg=100,bgbv=1488,iso=250,cnv2,hdr0
[03:23:50.963] RX< [0m[34m[b_ae0 proc] perf=806(us), max=1014(us)!
[03:23:50.963] RX< [0m[34m[awb0 proc] perf=4438(us), max=4463(us)!
[03:23:50.963] RX< [0m[ringbuf] no space data_len=14848
[03:23:50.963] RX< [3
[03:23:51.040] RX< ] [App Vpu] RINGBUF: write fail, size = 14429 space is not enough
[03:23:51.040] RX< [ringbuf] no space data_len=14336
[03:23:51.040] RX< [3] [App Vpu] RINGBUF: write fail, size = 13971 space is not enough
[03:23:51.040] RX< [ringbuf] no space data_len=14336
[03:23:51.040] RX< [3] [App Vpu] RINGBUF: write fail, size = 14207 spac
[03:23:51.096] RX< e is not enough
[03:23:51.096] RX< [34m[ME INTP]fid=720, shutter=10000, perf=6(us), max=401(us)!
[03:23:51.096] RX< [0m[ringbuf] no space data_len=14848
[03:23:51.096] RX< [3] [App Vpu] RINGBUF: write fail, size = 14500 space is not enough
[03:23:51.096] RX< [ringbuf] no space data_len=14336
[03:23:51.096] RX< [3] [App Vpu] RINGBUF: write fail, 
[03:23:51.163] RX< size = 14272 space is not enough
[03:23:51.163] RX< [7] [cam] [382410][me0][me_core_thread:322]ME out fid 720
[03:23:51.163] RX< [ringbuf] no space data_len=81408
[03:23:51.163] RX< [3] [App Vpu] RINGBUF: write fail, size = 81145 space is not enough
[03:23:51.163] RX< [ringbuf] no space data_len=22016
[03:23:51.163] RX< [3] [App Vpu] RINGBUF: writ
[03:23:51.263] RX< e fail, size = 21867 space is not enough
[03:23:51.263] RX< [ringbuf] no space data_len=8704
[03:23:51.263] RX< [3] [App Vpu] RINGBUF: write fail, size = 8459 space is not enough
[03:23:51.263] RX< [ringbuf] no space data_len=15872
[03:23:51.263] RX< [3] [App Vpu] RINGBUF: write fail, size = 15376 space is not enough
[03:23:51.263] RX< [ringbuf] 
[03:23:51.330] RX< no space data_len=15360
[03:23:51.330] RX< [3] [App Vpu] RINGBUF: write fail, size = 15072 space is not enough
[03:23:51.330] RX< [ringbuf] no space data_len=9728
[03:23:51.330] RX< [3] [App Vpu] RINGBUF: write fail, size = 9327 space is not enough
[03:23:51.330] RX< [33m[W/ftp] service go wrong, now wait restarting...[0m
[03:23:51.330] RX< [rin
[03:23:51.396] RX< gbuf] no space data_len=22528
[03:23:51.396] RX< [3] [App Vpu] RINGBUF: write fail, size = 22153 space is not enough
[03:23:51.396] RX< [ringbuf] no space data_len=10240
[03:23:51.396] RX< [3] [App Vpu] RINGBUF: write fail, size = 9945 space is not enough
[03:23:51.396] RX< [ringbuf] no space data_len=14848
[03:23:51.396] RX< [3] [App Vpu] RINGBUF
[03:23:51.496] RX< : write fail, size = 14438 space is not enough
[03:23:51.496] RX< [ringbuf] no space data_len=14848
[03:23:51.496] RX< [3] [App Vpu] RINGBUF: write fail, size = 14432 space is not enough
[03:23:51.496] RX< [ringbuf] no space data_len=14848
[03:23:51.496] RX< [3] [App Vpu] RINGBUF: write fail, size = 14772 space is not enough
[03:23:51.496] RX< [r
[03:23:51.563] RX< ingbuf] no space data_len=15360
[03:23:51.563] RX< [3] [App Vpu] RINGBUF: write fail, size = 15088 space is not enough
[03:23:51.563] RX< [ringbuf] no space data_len=15360
[03:23:51.563] RX< [3] [App Vpu] RINGBUF: write fail, size = 15045 space is not enough
[03:23:51.563] RX< [ringbuf] no space data_len=15360
[03:23:51.563] RX< [3] [App Vpu] RING
[03:23:51.663] RX< BUF: write fail, size = 15074 space is not enough
[03:23:51.663] RX< [ringbuf] no space data_len=9728
[03:23:51.663] RX< [3] [App Vpu] RINGBUF: write fail, size = 9649 space is not enough
[03:23:51.663] RX< [ringbuf] no space data_len=22528
[03:23:51.663] RX< [3] [App Vpu] RINGBUF: write fail, size = 22317 space is not enough
[03:23:51.663] RX< [
[03:23:51.712] RX< ringbuf] no space data_len=10752
[03:23:51.712] RX< [3] [App Vpu] RINGBUF: write fail, size = 10248 space is not enough
[03:23:51.712] RX< [ringbuf] no space data_len=14848
[03:23:51.712] RX< [3] [App Vpu] RINGBUF: write fail, size = 14518 space is not enough
[03:23:51.712] RX< [33m[W/ftp] service go wrong, now wait restarting.
[03:23:51.796] RX< ..[0m
[03:23:51.796] RX< [ringbuf] no space data_len=14848
[03:23:51.796] RX< [3] [App Vpu] RINGBUF: write fail, size = 14580 space is not enough
[03:23:51.796] RX< [ringbuf] no space data_len=14848
[03:23:51.796] RX< [3] [App Vpu] RINGBUF: write fail, size = 14699 space is not enough
[03:23:51.796] RX< [ringbuf] no space data_len=14848
[03:23:51.796] RX< [3] [App 
[03:23:51.863] RX< Vpu] RINGBUF: write fail, size = 14687 space is not enough
[03:23:51.863] RX< [ringbuf] no space data_len=14848
[03:23:51.863] RX< [3] [App Vpu] RINGBUF: write fail, size = 14497 space is not enough
[03:23:51.863] RX< [ringbuf] no space data_len=14848
[03:23:51.863] RX< [3] [App Vpu] RINGBUF: write fail, size = 14546 space is no
[03:23:51.940] RX< t enough
[03:23:51.940] RX< [ringbuf] no space data_len=14848
[03:23:51.940] RX< [3] [App Vpu] RINGBUF: write fail, size = 14412 space is not enough
[03:23:51.940] RX< [ringbuf] no space data_len=14336
[03:23:51.940] RX< [3] [App Vpu] RINGBUF: write fail, size = 13989 space is not enough
[03:23:51.940] RX< [34m[AE] fid=750,exp=10000,adg=250,Y=41
[03:23:51.996] RX< 09,mtg=180,shg=100,bgbv=1484,iso=250,cnv2,hdr0
[03:23:51.996] RX< [0m[ringbuf] no space data_len=14848
[03:23:51.996] RX< [3] [App Vpu] RINGBUF: write fail, size = 14461 space is not enough
[03:23:51.996] RX< [ringbuf] no space data_len=14848
[03:23:51.996] RX< [3] [App Vpu] RINGBUF: write fail, size = 14670 space is not enough
[03:23:52.096] RX< 
[03:23:52.096] RX< [ringbuf] no space data_len=14336
[03:23:52.096] RX< [3] [App Vpu] RINGBUF: write fail, size = 14178 space is not enough
[03:23:52.096] RX< [ringbuf] no space data_len=14848
[03:23:52.096] RX< [3] [App Vpu] RINGBUF: write fail, size = 14349 space is not enough
[03:23:52.096] RX< [ringbuf] no space data_len=14336
[03:23:52.096] RX< [3] [App Vpu] R
[03:23:52.163] RX< INGBUF: write fail, size = 14171 space is not enough
[03:23:52.163] RX< [7] [cam] [383410][me0][me_core_thread:322]ME out fid 750
[03:23:52.163] RX< [ringbuf] no space data_len=80384
[03:23:52.163] RX< [3] [App Vpu] RINGBUF: write fail, size = 80207 space is not enough
[03:23:52.163] RX< [ringbuf] no space data_len=21504
[03:23:52.163] RX< [3] [Ap
[03:23:52.229] RX< p Vpu] RINGBUF: write fail, size = 21215 space is not enough
[03:23:52.229] RX< [ringbuf] no space data_len=8192
[03:23:52.229] RX< [3] [App Vpu] RINGBUF: write fail, size = 8180 space is not enough
[03:23:52.229] RX< [ringbuf] no space data_len=15872
[03:23:52.229] RX< [3] [App Vpu] RINGBUF: write fail, size = 15657 space is no
[03:23:52.312] RX< t enough
[03:23:52.312] RX< [ringbuf] no space data_len=15360
[03:23:52.312] RX< [3] [App Vpu] RINGBUF: write fail, size = 15161 space is not enough
[03:23:52.312] RX< [ringbuf] no space data_len=9728
[03:23:52.312] RX< [3] [App Vpu] RINGBUF: write fail, size = 9584 space is not enough
[03:23:52.312] RX< [33m[W/ftp] service go wrong, now wait re
[03:23:52.396] RX< starting...[0m
[03:23:52.396] RX< [ringbuf] no space data_len=23040
[03:23:52.396] RX< [3] [App Vpu] RINGBUF: write fail, size = 22599 space is not enough
[03:23:52.396] RX< [ringbuf] no space data_len=10240
[03:23:52.396] RX< [3] [App Vpu] RINGBUF: write fail, size = 9976 space is not enough
[03:23:52.396] RX< [ringbuf] no space data_len=14848
[03:23:52.396] RX< [
[03:23:52.463] RX< 3] [App Vpu] RINGBUF: write fail, size = 14495 space is not enough
[03:23:52.463] RX< [ringbuf] no space data_len=14848
[03:23:52.463] RX< [3] [App Vpu] RINGBUF: write fail, size = 14765 space is not enough
[03:23:52.463] RX< [ringbuf] no space data_len=14336
[03:23:52.463] RX< [3] [App Vpu] RINGBUF: write fail, size = 14248 spa
[03:23:52.563] RX< ce is not enough
[03:23:52.563] RX< [ringbuf] no space data_len=14848
[03:23:52.563] RX< [3] [App Vpu] RINGBUF: write fail, size = 14624 space is not enough
[03:23:52.563] RX< [ringbuf] no space data_len=14848
[03:23:52.563] RX< [3] [App Vpu] RINGBUF: write fail, size = 14714 space is not enough
[03:23:52.563] RX< [ringbuf] no space data_len=1484
[03:23:52.939] RX< 8
[03:23:52.939] RX< [3] [App Vpu] RINGBUF: write fail, size = 14534 space is not enough
[03:23:52.939] RX< [RTMP] slow send frame 31 len=55761 dt=9186ms (IDR)
[03:23:52.939] RX< [RTMP] dropped 30 p-frames (backlog 98%)
[03:23:52.939] RX< [33m[W/ftp] service go wrong, now wait restarting...[0m
[03:23:52.939] RX< [34m[AE] fid=780,exp=10000,adg=25
[03:23:53.429] RX< 0,Y=4113,mtg=180,shg=100,bgbv=1488,iso=250,cnv2,hdr0
[03:23:53.429] RX< [0m[7] [cam] [384410][me0][me_core_thread:322]ME out fid 780
[03:23:53.429] RX< [33m[W/ftp] service go wrong, now wait restarting...[0m
[03:23:53.429] RX< [ringbuf] no space data_len=22528
[03:23:53.429] RX< [3] [App Vpu] RINGBUF: write fail, size = 22266 s
[03:23:53.562] RX< pace is not enough
[03:23:53.562] RX< [ringbuf] no space data_len=14848
[03:23:53.562] RX< [3] [App Vpu] RINGBUF: write fail, size = 14694 space is not enough
[03:23:53.562] RX< [ringbuf] no space data_len=14848
[03:23:53.562] RX< [3] [App Vpu] RINGBUF: write fail, size = 14392 space is not enough
[03:23:53.562] RX< [ringbuf] no space data_len=14
[03:23:53.628] RX< 848
[03:23:53.628] RX< [3] [App Vpu] RINGBUF: write fail, size = 14456 space is not enough
[03:23:53.628] RX< [ringbuf] no space data_len=14848
[03:23:53.628] RX< [3] [App Vpu] RINGBUF: write fail, size = 14396 space is not enough
[03:23:53.628] RX< [ringbuf] no space data_len=14848
[03:23:53.628] RX< [3] [App Vpu] RINGBUF: write fail, size = 1434
[03:23:53.711] RX< 2 space is not enough
[03:23:53.711] RX< [ringbuf] no space data_len=14336
[03:23:53.711] RX< [3] [App Vpu] RINGBUF: write fail, size = 14135 space is not enough
[03:23:53.711] RX< [ringbuf] no space data_len=14848
[03:23:53.711] RX< [3] [App Vpu] RINGBUF: write fail, size = 14442 space is not enough
[03:23:53.711] RX< [33m[W/ftp] service go wro
[03:23:53.795] RX< ng, now wait restarting...[0m
[03:23:53.795] RX< [ringbuf] no space data_len=14848
[03:23:53.795] RX< [3] [App Vpu] RINGBUF: write fail, size = 14829 space is not enough
[03:23:53.795] RX< [ringbuf] no space data_len=15360
[03:23:53.795] RX< [3] [App Vpu] RINGBUF: write fail, size = 14905 space is not enough
[03:23:53.795] RX< [ringbuf] no space 
[03:23:53.862] RX< data_len=15360
[03:23:53.862] RX< [3] [App Vpu] RINGBUF: write fail, size = 14933 space is not enough
[03:23:53.862] RX< [ringbuf] no space data_len=9728
[03:23:53.862] RX< [3] [App Vpu] RINGBUF: write fail, size = 9523 space is not enough
[03:23:53.862] RX< [ringbuf] no space data_len=22528
[03:23:53.862] RX< [3] [App Vpu] RINGBUF: write fail, si
[03:23:53.943] RX< ze = 22060 space is not enough
[03:23:53.943] RX< [ringbuf] no space data_len=10240
[03:23:53.943] RX< [3] [App Vpu] RINGBUF: write fail, size = 9942 space is not enough
[03:23:53.943] RX< [ringbuf] no space data_len=14848
[03:23:53.943] RX< [3] [App Vpu] RINGBUF: write fail, size = 14352 space is not enough
[03:23:53.943] RX< [34m[AE] fid=810,e
[03:23:53.962] RX< xp=10000,adg=250,Y=4109,mtg=180,shg=100,bgbv=1484,iso=250,cnv2,hdr0
[03:23:53.962] RX< [0m[34m[b_ae0 proc] perf=874(us), max=1025(us)!
[03:23:53.962] RX< [0m[34m[awb0 proc] perf=4408(us), max=4462(us)!
[03:23:53.962] RX< [0m[ringbuf] no space data_len=14848
[03:23:53.962] RX< [3] [App Vpu] RINGBUF: write fail, size = 14476 s
[03:23:54.062] RX< pace is not enough
[03:23:54.062] RX< [ringbuf] no space data_len=14848
[03:23:54.062] RX< [3] [App Vpu] RINGBUF: write fail, size = 14475 space is not enough
[03:23:54.062] RX< [ringbuf] no space data_len=14336
[03:23:54.062] RX< [3] [App Vpu] RINGBUF: write fail, size = 14266 space is not enough
[03:23:54.062] RX< [ringbuf] no space data_len=14
[03:23:54.128] RX< 848
[03:23:54.128] RX< [3] [App Vpu] RINGBUF: write fail, size = 14800 space is not enough
[03:23:54.128] RX< [ringbuf] no space data_len=14848
[03:23:54.128] RX< [3] [App Vpu] RINGBUF: write fail, size = 14804 space is not enough
[03:23:54.128] RX< [7] [cam] [385410][me0][me_core_thread:322]ME out fid 810
[03:23:54.128] RX< [ringbuf] no space dat
[03:23:54.195] RX< a_len=79872
[03:23:54.195] RX< [3] [App Vpu] RINGBUF: write fail, size = 79528 space is not enough
[03:23:54.195] RX< [ringbuf] no space data_len=22016
[03:23:54.195] RX< [3] [App Vpu] RINGBUF: write fail, size = 21536 space is not enough
[03:23:54.195] RX< [ringbuf] no space data_len=8704
[03:23:54.195] RX< [3] [App Vpu] RINGBUF: write fail, size
[03:23:54.295] RX<  = 8213 space is not enough
[03:23:54.295] RX< [ringbuf] no space data_len=15872
[03:23:54.295] RX< [3] [App Vpu] RINGBUF: write fail, size = 15550 space is not enough
[03:23:54.295] RX< [ringbuf] no space data_len=10240
[03:23:54.295] RX< [3] [App Vpu] RINGBUF: write fail, size = 9759 space is not enough
[03:23:54.295] RX< [ringbuf] no space dat
[03:23:54.362] RX< a_len=23040
[03:23:54.362] RX< [3] [App Vpu] RINGBUF: write fail, size = 22965 space is not enough
[03:23:54.362] RX< [33m[W/ftp] service go wrong, now wait restarting...[0m
[03:23:54.362] RX< [ringbuf] no space data_len=7168
[03:23:54.362] RX< [3] [App Vpu] RINGBUF: write fail, size = 6664 space is not enough
[03:23:54.362] RX< [ringbuf] no spa
[03:23:54.428] RX< ce data_len=23040
[03:23:54.428] RX< [3] [App Vpu] RINGBUF: write fail, size = 22921 space is not enough
[03:23:54.428] RX< [ringbuf] no space data_len=7168
[03:23:54.428] RX< [3] [App Vpu] RINGBUF: write fail, size = 6847 space is not enough
[03:23:54.428] RX< [ringbuf] no space data_len=23040
[03:23:54.428] RX< [3] [App Vpu] RINGBUF: write fail,
[03:23:54.528] RX<  size = 22532 space is not enough
[03:23:54.528] RX< [ringbuf] no space data_len=10240
[03:23:54.528] RX< [3] [App Vpu] RINGBUF: write fail, size = 10146 space is not enough
[03:23:54.528] RX< [ringbuf] no space data_len=14336
[03:23:54.528] RX< [3] [App Vpu] RINGBUF: write fail, size = 14283 space is not enough
[03:23:54.528] RX< [ringbuf] no sp
[03:23:54.595] RX< ace data_len=14848
[03:23:54.595] RX< [3] [App Vpu] RINGBUF: write fail, size = 14607 space is not enough
[03:23:54.595] RX< [ringbuf] no space data_len=14848
[03:23:54.595] RX< [3] [App Vpu] RINGBUF: write fail, size = 14625 space is not enough
[03:23:54.595] RX< [ringbuf] no space data_len=14336
[03:23:54.595] RX< [3] [App Vpu] RINGBUF: write fa
[03:23:54.939] RX< il, size = 14115 space is not enough
[03:23:54.939] RX< [RTMP] slow send frame 61 len=69973 dt=2025ms (IDR)
[03:23:54.939] RX< [RTMP] dropped 60 p-frames (backlog 97%)
[03:23:54.939] RX< [RTMP] f_index = 90, f_len = 14662
[03:23:54.939] RX< [33m[W/ftp] service go wrong, now wait restarting...[0m
[03:23:54.939] RX< [34m[AE] fid=840,exp=10000,adg=
[03:23:55.562] RX< 250,Y=4119,mtg=180,shg=100,bgbv=1488,iso=250,cnv2,hdr0
[03:23:55.562] RX< [0m[34m[ME INTP]fid=840, shutter=10000, perf=239(us), max=1566(us)!
[03:23:55.562] RX< [0m[7] [cam] [386410][me0][me_core_thread:322]ME out fid 840
[03:23:55.562] RX< [33m[W/ftp] service go wrong, now wait restarting...[0m
[03:23:55.562] RX< [ringbuf] n
[03:23:55.662] RX< o space data_len=15360
[03:23:55.662] RX< [3] [App Vpu] RINGBUF: write fail, size = 15048 space is not enough
[03:23:55.662] RX< [ringbuf] no space data_len=22528
[03:23:55.662] RX< [3] [App Vpu] RINGBUF: write fail, size = 22356 space is not enough
[03:23:55.662] RX< [ringbuf] no space data_len=10240
[03:23:55.662] RX< [3] [App Vpu] RINGBUF: writ
[03:23:55.728] RX< e fail, size = 10207 space is not enough
[03:23:55.728] RX< [ringbuf] no space data_len=14336
[03:23:55.728] RX< [3] [App Vpu] RINGBUF: write fail, size = 14283 space is not enough
[03:23:55.728] RX< [33m[W/ftp] service go wrong, now wait restarting...[0m
[03:23:55.728] RX< [ringbuf] no space data_len=14336
[03:23:55.728] RX< [3] [App Vpu] RINGB
[03:23:55.795] RX< UF: write fail, size = 14189 space is not enough
[03:23:55.795] RX< [ringbuf] no space data_len=14848
[03:23:55.795] RX< [3] [App Vpu] RINGBUF: write fail, size = 14414 space is not enough
[03:23:55.795] RX< [ringbuf] no space data_len=14848
[03:23:55.795] RX< [3] [App Vpu] RINGBUF: write fail, size = 14499 space is not enough
[03:23:55.894] RX< [ringbuf] no space data_len=14848
[03:23:55.894] RX< [3] [App Vpu] RINGBUF: write fail, size = 14494 space is not enough
[03:23:55.894] RX< [ringbuf] no space data_len=14848
[03:23:55.894] RX< [3] [App Vpu] RINGBUF: write fail, size = 14433 space is not enough
[03:23:55.894] RX< [ringbuf] no space data_len=15360
[03:23:55.894] RX< [3] [App Vpu] RI
[03:23:55.961] RX< NGBUF: write fail, size = 14925 space is not enough
[03:23:55.961] RX< [ringbuf] no space data_len=14848
[03:23:55.961] RX< [3] [App Vpu] RINGBUF: write fail, size = 14596 space is not enough
[03:23:55.961] RX< [34m[AE] fid=870,exp=10000,adg=250,Y=4124,mtg=180,shg=100,bgbv=1488,iso=250,cnv2,hdr0
[03:23:55.961] RX< [0m[ringbuf]
[03:23:56.028] RX<  no space data_len=14848
[03:23:56.028] RX< [3] [App Vpu] RINGBUF: write fail, size = 14774 space is not enough
[03:23:56.028] RX< [ringbuf] no space data_len=14848
[03:23:56.028] RX< [3] [App Vpu] RINGBUF: write fail, size = 14809 space is not enough
[03:23:56.028] RX< [ringbuf] no space data_len=9728
[03:23:56.028] RX< [3] [App Vpu] RINGBUF: wri
[03:23:56.128] RX< te fail, size = 9513 space is not enough
[03:23:56.128] RX< [ringbuf] no space data_len=22016
[03:23:56.128] RX< [3] [App Vpu] RINGBUF: write fail, size = 21832 space is not enough
[03:23:56.128] RX< [ringbuf] no space data_len=10752
[03:23:56.128] RX< [3] [App Vpu] RINGBUF: write fail, size = 10372 space is not enough
[03:23:56.128] RX< [7] [cam
[03:23:56.161] RX< ] [387409][me0][me_core_thread:322]ME out fid 870
[03:23:56.161] RX< [ringbuf] no space data_len=71168
[03:23:56.161] RX< [3] [App Vpu] RINGBUF: write fail, size = 71140 space is not enough
[03:23:56.161] RX< [ringbuf] no space data_len=22016
[03:23:56.161] RX< [3] [App Vpu] RINGBUF: write fail, size = 21685 space is not enough
[03:23:56.261] RX< [ringbuf] no space data_len=8704
[03:23:56.261] RX< [3] [App Vpu] RINGBUF: write fail, size = 8702 space is not enough
[03:23:56.261] RX< [ringbuf] no space data_len=16384
[03:23:56.261] RX< [3] [App Vpu] RINGBUF: write fail, size = 16125 space is not enough
[03:23:56.261] RX< [ringbuf] no space data_len=10752
[03:23:56.261] RX< [3] [App Vpu] RING
[03:23:56.328] RX< BUF: write fail, size = 10251 space is not enough
[03:23:56.328] RX< [ringbuf] no space data_len=23552
[03:23:56.328] RX< [3] [App Vpu] RINGBUF: write fail, size = 23161 space is not enough
[03:23:56.328] RX< [33m[W/ftp] service go wrong, now wait restarting...[0m
[03:23:56.328] RX< [ringbuf] no space data_len=7680
[03:23:56.328] RX< [3] [App Vp
[03:23:56.394] RX< u] RINGBUF: write fail, size = 7188 space is not enough
[03:23:56.394] RX< [ringbuf] no space data_len=23040
[03:23:56.394] RX< [3] [App Vpu] RINGBUF: write fail, size = 22690 space is not enough
[03:23:56.394] RX< [ringbuf] no space data_len=10240
[03:23:56.394] RX< [3] [App Vpu] RINGBUF: write fail, size = 9895 space is not en
[03:23:56.494] RX< ough
[03:23:56.494] RX< [ringbuf] no space data_len=14848
[03:23:56.494] RX< [3] [App Vpu] RINGBUF: write fail, size = 14671 space is not enough
[03:23:56.494] RX< [ringbuf] no space data_len=14848
[03:23:56.494] RX< [3] [App Vpu] RINGBUF: write fail, size = 14779 space is not enough
[03:23:56.494] RX< [ringbuf] no space data_len=14848
[03:23:56.494] RX< [3] [App V
[03:23:56.561] RX< pu] RINGBUF: write fail, size = 14459 space is not enough
[03:23:56.561] RX< [ringbuf] no space data_len=14848
[03:23:56.561] RX< [3] [App Vpu] RINGBUF: write fail, size = 14799 space is not enough
[03:23:56.561] RX< [ringbuf] no space data_len=14848
[03:23:56.561] RX< [3] [App Vpu] RINGBUF: write fail, size = 14784 space is not
[03:23:56.661] RX<  enough
[03:23:56.661] RX< [ringbuf] no space data_len=15360
[03:23:56.661] RX< [3] [App Vpu] RINGBUF: write fail, size = 15222 space is not enough
[03:23:56.661] RX< [ringbuf] no space data_len=10240
[03:23:56.661] RX< [3] [App Vpu] RINGBUF: write fail, size = 9901 space is not enough
[03:23:56.661] RX< [ringbuf] no space data_len=23552
[03:23:56.661] RX< [3] [App
[03:23:56.728] RX<  Vpu] RINGBUF: write fail, size = 23084 space is not enough
[03:23:56.728] RX< [ringbuf] no space data_len=8192
[03:23:56.728] RX< [3] [App Vpu] RINGBUF: write fail, size = 7700 space is not enough
[03:23:56.728] RX< [33m[W/ftp] service go wrong, now wait restarting...[0m
[03:23:56.728] RX< [ringbuf] no space data_len=23552
[03:23:56.728] RX< [3
[03:23:56.794] RX< ] [App Vpu] RINGBUF: write fail, size = 23210 space is not enough
[03:23:56.794] RX< [ringbuf] no space data_len=7680
[03:23:56.794] RX< [3] [App Vpu] RINGBUF: write fail, size = 7195 space is not enough
[03:23:56.794] RX< [ringbuf] no space data_len=23552
[03:23:56.794] RX< [3] [App Vpu] RINGBUF: write fail, size = 23476 space 
[03:23:56.894] RX< is not enough
[03:23:56.894] RX< [ringbuf] no space data_len=8704
[03:23:56.894] RX< [3] [App Vpu] RINGBUF: write fail, size = 8249 space is not enough
[03:23:56.894] RX< [ringbuf] no space data_len=16384
[03:23:56.894] RX< [3] [App Vpu] RINGBUF: write fail, size = 16234 space is not enough
[03:23:56.894] RX< [ringbuf] no space data_len=10752
[03:23:56.894] RX< [3]
[03:23:56.944] RX<  [App Vpu] RINGBUF: write fail, size = 10470 space is not enough
[03:23:56.944] RX< [ringbuf] no space data_len=15360
[03:23:56.944] RX< [3] [App Vpu] RINGBUF: write fail, size = 15192 space is not enough
[03:23:56.944] RX< [34m[AE] fid=900,exp=10000,adg=250,Y=4108,mtg=180,shg=100,bgbv=1484,iso=250,cnv2,hdr0
[03:23:56.994] RX< [0m[34m[b_ae0 proc] perf=930(us), max=1014(us)!
[03:23:56.994] RX< [0m[34m[awb0 proc] perf=4433(us), max=4465(us)!
[03:23:56.994] RX< [0m[ringbuf] no space data_len=15872
[03:23:56.994] RX< [3] [App Vpu] RINGBUF: write fail, size = 15562 space is not enough
[03:23:56.994] RX< [ringbuf] no space data_len=10752
[03:23:56.994] RX< [3] [App Vpu] 
[03:23:57.061] RX< RINGBUF: write fail, size = 10555 space is not enough
[03:23:57.061] RX< [ringbuf] no space data_len=23552
[03:23:57.061] RX< [3] [App Vpu] RINGBUF: write fail, size = 23486 space is not enough
[03:23:57.061] RX< [ringbuf] no space data_len=7680
[03:23:57.061] RX< [3] [App Vpu] RINGBUF: write fail, size = 7461 space is not enoug
[03:23:57.127] RX< h
[03:23:57.127] RX< [ringbuf] no space data_len=23040
[03:23:57.127] RX< [3] [App Vpu] RINGBUF: write fail, size = 22627 space is not enough
[03:23:57.127] RX< [7] [cam] [388409][me0][me_core_thread:322]ME out fid 900
[03:23:57.127] RX< [ringbuf] no space data_len=87040
[03:23:57.127] RX< [3] [App Vpu] RINGBUF: write fail, size = 86868 space is n
[03:23:57.227] RX< ot enough
[03:23:57.227] RX< [ringbuf] no space data_len=11264
[03:23:57.227] RX< [3] [App Vpu] RINGBUF: write fail, size = 10786 space is not enough
[03:23:57.227] RX< [ringbuf] no space data_len=11776
[03:23:57.227] RX< [3] [App Vpu] RINGBUF: write fail, size = 11490 space is not enough
[03:23:57.227] RX< [ringbuf] no space data_len=15360
[03:23:57.227] RX< [3] [
[03:23:57.294] RX< App Vpu] RINGBUF: write fail, size = 15354 space is not enough
[03:23:57.294] RX< [ringbuf] no space data_len=9728
[03:23:57.294] RX< [3] [App Vpu] RINGBUF: write fail, size = 9400 space is not enough
[03:23:57.294] RX< [ringbuf] no space data_len=22528
[03:23:57.294] RX< [3] [App Vpu] RINGBUF: write fail, size = 22519 space is 
[03:23:57.361] RX< not enough
[03:23:57.361] RX< [33m[W/ftp] service go wrong, now wait restarting...[0m
[03:23:57.361] RX< [ringbuf] no space data_len=10752
[03:23:57.361] RX< [3] [App Vpu] RINGBUF: write fail, size = 10504 space is not enough
[03:23:57.361] RX< [ringbuf] no space data_len=14848
[03:23:57.361] RX< [3] [App Vpu] RINGBUF: write fail, size = 14773 s
[03:23:57.461] RX< pace is not enough
[03:23:57.461] RX< [ringbuf] no space data_len=14848
[03:23:57.461] RX< [3] [App Vpu] RINGBUF: write fail, size = 14788 space is not enough
[03:23:57.461] RX< [ringbuf] no space data_len=14848
[03:23:57.461] RX< [3] [App Vpu] RINGBUF: write fail, size = 14596 space is not enough
[03:23:57.461] RX< [ringbuf] no space data_len=15
[03:23:57.527] RX< 360
[03:23:57.527] RX< [3] [App Vpu] RINGBUF: write fail, size = 15021 space is not enough
[03:23:57.527] RX< [ringbuf] no space data_len=9216
[03:23:57.527] RX< [3] [App Vpu] RINGBUF: write fail, size = 9204 space is not enough
[03:23:57.527] RX< [ringbuf] no space data_len=22016
[03:23:57.527] RX< [3] [App Vpu] RINGBUF: write fail, size = 21669 
[03:23:57.627] RX< space is not enough
[03:23:57.627] RX< [ringbuf] no space data_len=9728
[03:23:57.627] RX< [3] [App Vpu] RINGBUF: write fail, size = 9494 space is not enough
[03:23:57.627] RX< [ringbuf] no space data_len=14336
[03:23:57.627] RX< [3] [App Vpu] RINGBUF: write fail, size = 13991 space is not enough
[03:23:57.627] RX< [ringbuf] no space data_len=143
[03:23:57.694] RX< 36
[03:23:57.694] RX< [3] [App Vpu] RINGBUF: write fail, size = 14081 space is not enough
[03:23:57.694] RX< [ringbuf] no space data_len=14336
[03:23:57.694] RX< [3] [App Vpu] RINGBUF: write fail, size = 14268 space is not enough
[03:23:57.694] RX< [ringbuf] no space data_len=14848
[03:23:57.694] RX< [3] [App Vpu] RINGBUF: write fail, size = 14411
[03:23:57.761] RX<  space is not enough
[03:23:57.761] RX< [33m[W/ftp] service go wrong, now wait restarting...[0m
[03:23:57.761] RX< [ringbuf] no space data_len=14848
[03:23:57.761] RX< [3] [App Vpu] RINGBUF: write fail, size = 14477 space is not enough
[03:23:57.761] RX< [ringbuf] no space data_len=15360
[03:23:57.761] RX< [3] [App Vpu] RINGBUF: write fail, size
[03:23:57.861] RX<  = 15293 space is not enough
[03:23:57.861] RX< [ringbuf] no space data_len=10752
[03:23:57.861] RX< [3] [App Vpu] RINGBUF: write fail, size = 10283 space is not enough
[03:23:57.861] RX< [ringbuf] no space data_len=23552
[03:23:57.861] RX< [3] [App Vpu] RINGBUF: write fail, size = 23427 space is not enough
[03:23:57.861] RX< [ringbuf] no space d
[03:23:57.938] RX< ata_len=8192
[03:23:57.938] RX< [3] [App Vpu] RINGBUF: write fail, size = 8167 space is not enough
[03:23:57.938] RX< [ringbuf] no space data_len=16384
[03:23:57.938] RX< [3] [App Vpu] RINGBUF: write fail, size = 16355 space is not enough
[03:23:57.938] RX< [ringbuf] no space data_len=11776
[03:23:57.938] RX< [3] [App Vpu] RINGBUF: write fail, siz
[03:23:57.994] RX< e = 11322 space is not enough
[03:23:57.994] RX< [34m[AE] fid=930,exp=10000,adg=250,Y=4120,mtg=180,shg=100,bgbv=1488,iso=250,cnv2,hdr0
[03:23:57.994] RX< [0m[ringbuf] no space data_len=16384
[03:23:57.994] RX< [3] [App Vpu] RINGBUF: write fail, size = 16371 space is not enough
[03:23:57.994] RX< [ringbuf] no space data_len=117
[03:23:58.061] RX< 76
[03:23:58.061] RX< [3] [App Vpu] RINGBUF: write fail, size = 11366 space is not enough
[03:23:58.061] RX< [ringbuf] no space data_len=16896
[03:23:58.061] RX< [3] [App Vpu] RINGBUF: write fail, size = 16510 space is not enough
[03:23:58.061] RX< [ringbuf] no space data_len=11776
[03:23:58.061] RX< [3] [App Vpu] RINGBUF: write fail, size = 11414
[03:23:58.127] RX<  space is not enough
[03:23:58.127] RX< [ringbuf] no space data_len=17408
[03:23:58.127] RX< [3] [App Vpu] RINGBUF: write fail, size = 17144 space is not enough
[03:23:58.127] RX< [7] [cam] [389409][me0][me_core_thread:322]ME out fid 930
[03:23:58.127] RX< [ringbuf] no space data_len=79872
[03:23:58.127] RX< [3] [App Vpu] RINGBUF: write fail, size
[03:23:58.227] RX<  = 79693 space is not enough
[03:23:58.227] RX< [ringbuf] no space data_len=17408
[03:23:58.227] RX< [3] [App Vpu] RINGBUF: write fail, size = 17034 space is not enough
[03:23:58.227] RX< [ringbuf] no space data_len=10240
[03:23:58.227] RX< [3] [App Vpu] RINGBUF: write fail, size = 9767 space is not enough
[03:23:58.227] RX< [ringbuf] no space da
[03:23:58.294] RX< ta_len=18432
[03:23:58.294] RX< [3] [App Vpu] RINGBUF: write fail, size = 18302 space is not enough
[03:23:58.294] RX< [ringbuf] no space data_len=12288
[03:23:58.294] RX< [3] [App Vpu] RINGBUF: write fail, size = 11873 space is not enough
[03:23:58.294] RX< [ringbuf] no space data_len=18432
[03:23:58.294] RX< [3] [App Vpu] RINGBUF: write fail, si
[03:23:58.361] RX< ze = 17948 space is not enough
[03:23:58.361] RX< [33m[W/ftp] service go wrong, now wait restarting...[0m
[03:23:58.361] RX< [ringbuf] no space data_len=13312
[03:23:58.361] RX< [3] [App Vpu] RINGBUF: write fail, size = 12869 space is not enough
[03:23:58.361] RX< [ringbuf] no space data_len=12800
[03:23:58.361] RX< [3] [App Vpu] RINGBUF: write 
[03:23:58.461] RX< fail, size = 12769 space is not enough
[03:23:58.461] RX< [ringbuf] no space data_len=18432
[03:23:58.461] RX< [3] [App Vpu] RINGBUF: write fail, size = 18054 space is not enough
[03:23:58.461] RX< [ringbuf] no space data_len=13312
[03:23:58.461] RX< [3] [App Vpu] RINGBUF: write fail, size = 12859 space is not enough
[03:23:58.461] RX< [ringbuf] 
[03:23:58.527] RX< no space data_len=12800
[03:23:58.527] RX< [3] [App Vpu] RINGBUF: write fail, size = 12313 space is not enough
[03:23:58.527] RX< [ringbuf] no space data_len=17920
[03:23:58.527] RX< [3] [App Vpu] RINGBUF: write fail, size = 17605 space is not enough
[03:23:58.527] RX< [ringbuf] no space data_len=12288
[03:23:58.527] RX< [3] [App Vpu] RINGBUF: wri
[03:23:58.627] RX< te fail, size = 12022 space is not enough
[03:23:58.627] RX< [ringbuf] no space data_len=17408
[03:23:58.627] RX< [3] [App Vpu] RINGBUF: write fail, size = 17363 space is not enough
[03:23:58.627] RX< [ringbuf] no space data_len=12288
[03:23:58.627] RX< [3] [App Vpu] RINGBUF: write fail, size = 11970 space is not enough
[03:23:58.627] RX< [ringbu
[03:23:58.694] RX< f] no space data_len=17408
[03:23:58.694] RX< [3] [App Vpu] RINGBUF: write fail, size = 17281 space is not enough
[03:23:58.694] RX< [ringbuf] no space data_len=13312
[03:23:58.694] RX< [3] [App Vpu] RINGBUF: write fail, size = 13104 space is not enough
[03:23:58.694] RX< [ringbuf] no space data_len=13312
[03:23:58.694] RX< [3] [App Vpu] RINGBUF: 
[03:23:58.761] RX< write fail, size = 13112 space is not enough
[03:23:58.761] RX< [33m[W/ftp] service go wrong, now wait restarting...[0m
[03:23:58.761] RX< [ringbuf] no space data_len=12800
[03:23:58.761] RX< [3] [App Vpu] RINGBUF: write fail, size = 12551 space is not enough
[03:23:58.761] RX< [ringbuf] no space data_len=18432
[03:23:58.761] RX< [3] [App Vpu] R
[03:23:58.827] RX< INGBUF: write fail, size = 18340 space is not enough
[03:23:58.827] RX< [ringbuf] no space data_len=12800
[03:23:58.827] RX< [3] [App Vpu] RINGBUF: write fail, size = 12492 space is not enough
[03:23:58.827] RX< [ringbuf] no space data_len=13312
[03:23:58.827] RX< [3] [App Vpu] RINGBUF: write fail, size = 13152 space is not enou
[03:23:58.938] RX< gh
[03:23:58.938] RX< [ringbuf] no space data_len=18944
[03:23:58.938] RX< [3] [App Vpu] RINGBUF: write fail, size = 18617 space is not enough
[03:23:58.938] RX< [ringbuf] no space data_len=10240
[03:23:58.938] RX< [3] [App Vpu] RINGBUF: write fail, size = 9930 space is not enough
[03:23:58.938] RX< [ringbuf] no space data_len=19456
[03:23:58.938] RX< [3] [App Vpu]
[03:23:58.994] RX<  RINGBUF: write fail, size = 19047 space is not enough
[03:23:58.994] RX< [34m[AE] fid=960,exp=10000,adg=250,Y=4072,mtg=180,shg=100,bgbv=1471,iso=250,cnv2,hdr0
[03:23:58.994] RX< [0m[ringbuf] no space data_len=10240
[03:23:58.994] RX< [3] [App Vpu] RINGBUF: write fail, size = 9753 space is not enough
[03:23:58.994] RX< [ringbu
[03:23:59.037] RX< f] no space data_len=18432
[03:23:59.037] RX< [3] [App Vpu] RINGBUF: write fail, size = 18225 space is not enough
[03:23:59.037] RX< [ringbuf] no space data_len=12800
[03:23:59.037] RX< [3] [App Vpu] RINGBUF: write fail, size = 12611 space is not enough
[03:23:59.037] RX< [34m[ME INTP]fid=960, shutter=10000, perf=6(us), max=154
[03:23:59.127] RX< 2(us)!
[03:23:59.127] RX< [0m[ringbuf] no space data_len=12288
[03:23:59.127] RX< [3] [App Vpu] RINGBUF: write fail, size = 11808 space is not enough
[03:23:59.127] RX< [ringbuf] no space data_len=17408
[03:23:59.127] RX< [3] [App Vpu] RINGBUF: write fail, size = 16968 space is not enough
[03:23:59.127] RX< [7] [cam] [390409][me0][me_core_thread:
[03:23:59.193] RX< 322]ME out fid 960
[03:23:59.193] RX< [ringbuf] no space data_len=77824
[03:23:59.193] RX< [3] [App Vpu] RINGBUF: write fail, size = 77613 space is not enough
[03:23:59.193] RX< [ringbuf] no space data_len=16896
[03:23:59.193] RX< [3] [App Vpu] RINGBUF: write fail, size = 16671 space is not enough
[03:23:59.193] RX< [ringbuf] no space data_len=972
[03:23:59.260] RX< 8
[03:23:59.260] RX< [3] [App Vpu] RINGBUF: write fail, size = 9218 space is not enough
[03:23:59.260] RX< [ringbuf] no space data_len=17920
[03:23:59.260] RX< [3] [App Vpu] RINGBUF: write fail, size = 17464 space is not enough
[03:23:59.260] RX< [ringbuf] no space data_len=11776
[03:23:59.260] RX< [3] [App Vpu] RINGBUF: write fail, size = 11373 s
[03:23:59.326] RX< pace is not enough
[03:23:59.326] RX< [ringbuf] no space data_len=16384
[03:23:59.326] RX< [3] [App Vpu] RINGBUF: write fail, size = 16236 space is not enough
[03:23:59.326] RX< [33m[W/ftp] service go wrong, now wait restarting...[0m
[03:23:59.326] RX< [ringbuf] no space data_len=11264
[03:23:59.326] RX< [3] [App Vpu] RINGBUF: write fail, size =
[03:23:59.426] RX<  11198 space is not enough
[03:23:59.426] RX< [ringbuf] no space data_len=15872
[03:23:59.426] RX< [3] [App Vpu] RINGBUF: write fail, size = 15710 space is not enough
[03:23:59.426] RX< [ringbuf] no space data_len=16384
[03:23:59.426] RX< [3] [App Vpu] RINGBUF: write fail, size = 16102 space is not enough
[03:23:59.426] RX< [ringbuf] no space dat
[03:23:59.493] RX< a_len=10752
[03:23:59.493] RX< [3] [App Vpu] RINGBUF: write fail, size = 10683 space is not enough
[03:23:59.493] RX< [ringbuf] no space data_len=16384
[03:23:59.493] RX< [3] [App Vpu] RINGBUF: write fail, size = 15947 space is not enough
[03:23:59.493] RX< [ringbuf] no space data_len=16384
[03:23:59.493] RX< [3] [App Vpu] RINGBUF: write fail, siz
[03:23:59.593] RX< e = 16169 space is not enough
[03:23:59.593] RX< [ringbuf] no space data_len=11264
[03:23:59.593] RX< [3] [App Vpu] RINGBUF: write fail, size = 10910 space is not enough
[03:23:59.593] RX< [ringbuf] no space data_len=16384
[03:23:59.593] RX< [3] [App Vpu] RINGBUF: write fail, size = 16041 space is not enough
[03:23:59.593] RX< [ringbuf] no space 
[03:23:59.660] RX< data_len=16384
[03:23:59.660] RX< [3] [App Vpu] RINGBUF: write fail, size = 16121 space is not enough
[03:23:59.660] RX< [ringbuf] no space data_len=10752
[03:23:59.660] RX< [3] [App Vpu] RINGBUF: write fail, size = 10585 space is not enough
[03:23:59.660] RX< [ringbuf] no space data_len=15360
[03:23:59.660] RX< [3] [App Vpu] RINGBUF: write fail, 
[03:23:59.726] RX< size = 15322 space is not enough
[03:23:59.726] RX< [ringbuf] no space data_len=15872
[03:23:59.726] RX< [3] [App Vpu] RINGBUF: write fail, size = 15591 space is not enough
[03:23:59.726] RX< [33m[W/ftp] service go wrong, now wait restarting...[0m
[03:23:59.726] RX< [ringbuf] no space data_len=16384
[03:23:59.726] RX< [3] [App Vpu] RINGBUF: writ
[03:23:59.826] RX< e fail, size = 15912 space is not enough
[03:23:59.826] RX< [ringbuf] no space data_len=10752
[03:23:59.826] RX< [3] [App Vpu] RINGBUF: write fail, size = 10597 space is not enough
[03:23:59.826] RX< [ringbuf] no space data_len=15360
[03:23:59.826] RX< [3] [App Vpu] RINGBUF: write fail, size = 15273 space is not enough
[03:23:59.826] RX< [ringbuf
[03:23:59.893] RX< ] no space data_len=15360
[03:23:59.893] RX< [3] [App Vpu] RINGBUF: write fail, size = 15277 space is not enough
[03:23:59.893] RX< [ringbuf] no space data_len=15872
[03:23:59.893] RX< [3] [App Vpu] RINGBUF: write fail, size = 15614 space is not enough
[03:23:59.893] RX< [ringbuf] no space data_len=15872
[03:23:59.893] RX< [3] [App Vpu] RINGBUF: w
[03:23:59.942] RX< rite fail, size = 15694 space is not enough
[03:23:59.942] RX< [ringbuf] no space data_len=10752
[03:23:59.942] RX< [3] [App Vpu] RINGBUF: write fail, size = 10384 space is not enough
[03:23:59.942] RX< [34m[AE] fid=990,exp=10000,adg=250,Y=4092,mtg=180,shg=100,bgbv=1480,iso=250,cnv2,hdr0
[03:23:59.942] RX< [0m[34m[b_ae0 proc]
[03:23:59.993] RX<  perf=1029(us), max=1029(us)!
[03:23:59.993] RX< [0m[34m[awb0 proc] perf=4437(us), max=4454(us)!
[03:23:59.993] RX< [0m[ringbuf] no space data_len=23552
[03:23:59.993] RX< [3] [App Vpu] RINGBUF: write fail, size = 23237 space is not enough
[03:23:59.993] RX< [ringbuf] no space data_len=7680
[03:23:59.993] RX< [3] [App Vpu] RINGBUF: write fail, 
[03:24:00.093] RX< size = 7371 space is not enough
[03:24:00.093] RX< [ringbuf] no space data_len=23040
[03:24:00.093] RX< [3] [App Vpu] RINGBUF: write fail, size = 22880 space is not enough
[03:24:00.093] RX< [ringbuf] no space data_len=10752
[03:24:00.093] RX< [3] [App Vpu] RINGBUF: write fail, size = 10720 space is not enough
[03:24:00.093] RX< [ringbuf] no spac
[03:24:00.160] RX< e data_len=15360
[03:24:00.160] RX< [3] [App Vpu] RINGBUF: write fail, size = 15249 space is not enough
[03:24:00.160] RX< [7] [cam] [391409][me0][me_core_thread:322]ME out fid 990
[03:24:00.160] RX< [ringbuf] no space data_len=79360
[03:24:00.160] RX< [3] [App Vpu] RINGBUF: write fail, size = 78963 space is not enough
[03:24:00.160] RX< [ringbuf]
[03:24:00.226] RX<  no space data_len=23040
[03:24:00.226] RX< [3] [App Vpu] RINGBUF: write fail, size = 22717 space is not enough
[03:24:00.226] RX< [ringbuf] no space data_len=6656
[03:24:00.226] RX< [3] [App Vpu] RINGBUF: write fail, size = 6324 space is not enough
[03:24:00.226] RX< [ringbuf] no space data_len=17408
[03:24:00.226] RX< [3] [App Vpu] RINGBUF: writ
[03:24:00.309] RX< e fail, size = 17075 space is not enough
[03:24:00.309] RX< [ringbuf] no space data_len=11264
[03:24:00.309] RX< [3] [App Vpu] RINGBUF: write fail, size = 10836 space is not enough
[03:24:00.309] RX< [ringbuf] no space data_len=15872
[03:24:00.309] RX< [3] [App Vpu] RINGBUF: write fail, size = 15601 space is not enough
[03:24:00.309] RX< [33m[W/
[03:24:00.360] RX< ftp] service go wrong, now wait restarting...[0m
[03:24:00.360] RX< [ringbuf] no space data_len=16384
[03:24:00.360] RX< [3] [App Vpu] RINGBUF: write fail, size = 15989 space is not enough
[03:24:00.360] RX< [ringbuf] no space data_len=10240
[03:24:00.360] RX< [3] [App Vpu] RINGBUF: write fail, size = 10029 space is not enough
[03:24:00.460] RX< [ringbuf] no space data_len=23040
[03:24:00.460] RX< [3] [App Vpu] RINGBUF: write fail, size = 22949 space is not enough
[03:24:00.460] RX< [ringbuf] no space data_len=7168
[03:24:00.460] RX< [3] [App Vpu] RINGBUF: write fail, size = 7032 space is not enough
[03:24:00.460] RX< [ringbuf] no space data_len=23552
[03:24:00.460] RX< [3] [App Vpu] RING
[03:24:00.937] RX< BUF: write fail, size = 23250 space is not enough
[03:24:00.937] RX< [RTMP] slow send frame 91 len=79760 dt=5852ms (IDR)
[03:24:00.937] RX< [RTMP] dropped 90 p-frames (backlog 97%)
[03:24:00.937] RX< [33m[W/ftp] service go wrong, now wait restarting...[0m
[03:24:00.937] RX< [34m[AE] fid=1020,exp=10000,adg=250,Y=4083,mtg=180,sh
[03:24:01.460] RX< g=100,bgbv=1475,iso=250,cnv2,hdr0
[03:24:01.460] RX< [0m[7] [cam] [392409][me0][me_core_thread:322]ME out fid 1020
[03:24:01.460] RX< [33m[W/ftp] service go wrong, now wait restarting...[0m
[03:24:01.460] RX< [ringbuf] no space data_len=15360
[03:24:01.460] RX< [3] [App Vpu] RINGBUF: write fail, size = 14886 space is not enough
[03:24:01.560] RX< 
[03:24:01.560] RX< [ringbuf] no space data_len=15360
[03:24:01.560] RX< [3] [App Vpu] RINGBUF: write fail, size = 14947 space is not enough
[03:24:01.560] RX< [ringbuf] no space data_len=15360
[03:24:01.560] RX< [3] [App Vpu] RINGBUF: write fail, size = 14856 space is not enough
[03:24:01.560] RX< [ringbuf] no space data_len=15360
[03:24:01.560] RX< [3] [App Vpu] 
[03:24:01.626] RX< RINGBUF: write fail, size = 14959 space is not enough
[03:24:01.626] RX< [ringbuf] no space data_len=10240
[03:24:01.626] RX< [3] [App Vpu] RINGBUF: write fail, size = 9737 space is not enough
[03:24:01.626] RX< [ringbuf] no space data_len=22528
[03:24:01.626] RX< [3] [App Vpu] RINGBUF: write fail, size = 22219 space is not enou
[03:24:01.709] RX< gh
[03:24:01.709] RX< [ringbuf] no space data_len=10752
[03:24:01.709] RX< [3] [App Vpu] RINGBUF: write fail, size = 10333 space is not enough
[03:24:01.709] RX< [ringbuf] no space data_len=14848
[03:24:01.709] RX< [3] [App Vpu] RINGBUF: write fail, size = 14727 space is not enough
[03:24:01.709] RX< [33m[W/ftp] service go wrong, now wait restar
[03:24:01.793] RX< ting...[0m
[03:24:01.793] RX< [ringbuf] no space data_len=14848
[03:24:01.793] RX< [3] [App Vpu] RINGBUF: write fail, size = 14533 space is not enough
[03:24:01.793] RX< [ringbuf] no space data_len=15360
[03:24:01.793] RX< [3] [App Vpu] RINGBUF: write fail, size = 15045 space is not enough
[03:24:01.793] RX< [ringbuf] no space data_len=14848
[03:24:01.793] RX< [3] 
[03:24:01.860] RX< [App Vpu] RINGBUF: write fail, size = 14844 space is not enough
[03:24:01.860] RX< [ringbuf] no space data_len=15360
[03:24:01.860] RX< [3] [App Vpu] RINGBUF: write fail, size = 15041 space is not enough
[03:24:01.860] RX< [ringbuf] no space data_len=9728
[03:24:01.860] RX< [3] [App Vpu] RINGBUF: write fail, size = 9421 space is
[03:24:01.960] RX<  not enough
[03:24:01.960] RX< [ringbuf] no space data_len=23040
[03:24:01.960] RX< [3] [App Vpu] RINGBUF: write fail, size = 22880 space is not enough
[03:24:01.960] RX< [34m[AE] fid=1050,exp=10000,adg=250,Y=4081,mtg=180,shg=100,bgbv=1475,iso=250,cnv2,hdr0
[03:24:01.960] RX< [0m[ringbuf] no space data_len=22528
[03:24:01.960] RX< [3] [App Vpu] 
[03:24:02.026] RX< RINGBUF: write fail, size = 22312 space is not enough
[03:24:02.026] RX< [ringbuf] no space data_len=10240
[03:24:02.026] RX< [3] [App Vpu] RINGBUF: write fail, size = 9953 space is not enough
[03:24:02.026] RX< [ringbuf] no space data_len=14848
[03:24:02.026] RX< [3] [App Vpu] RINGBUF: write fail, size = 14692 space is not enou
[03:24:02.126] RX< gh
[03:24:02.126] RX< [ringbuf] no space data_len=14848
[03:24:02.126] RX< [3] [App Vpu] RINGBUF: write fail, size = 14558 space is not enough
[03:24:02.126] RX< [ringbuf] no space data_len=15360
[03:24:02.126] RX< [3] [App Vpu] RINGBUF: write fail, size = 15199 space is not enough
[03:24:02.126] RX< [7] [cam] [393409][me0][me_core_thread:322]ME 
[03:24:02.193] RX< out fid 1050
[03:24:02.193] RX< [ringbuf] no space data_len=80384
[03:24:02.193] RX< [3] [App Vpu] RINGBUF: write fail, size = 79964 space is not enough
[03:24:02.193] RX< [ringbuf] no space data_len=22528
[03:24:02.193] RX< [3] [App Vpu] RINGBUF: write fail, size = 22467 space is not enough
[03:24:02.193] RX< [ringbuf] no space data_len=6144
[03:24:02.193] RX< [3] 
[03:24:02.260] RX< [App Vpu] RINGBUF: write fail, size = 6129 space is not enough
[03:24:02.260] RX< [ringbuf] no space data_len=16896
[03:24:02.260] RX< [3] [App Vpu] RINGBUF: write fail, size = 16542 space is not enough
[03:24:02.260] RX< [ringbuf] no space data_len=10240
[03:24:02.260] RX< [3] [App Vpu] RINGBUF: write fail, size = 10005 space i
[03:24:02.326] RX< s not enough
[03:24:02.326] RX< [ringbuf] no space data_len=23552
[03:24:02.326] RX< [3] [App Vpu] RINGBUF: write fail, size = 23441 space is not enough
[03:24:02.326] RX< [33m[W/ftp] service go wrong, now wait restarting...[0m
[03:24:02.326] RX< [ringbuf] no space data_len=7168
[03:24:02.326] RX< [3] [App Vpu] RINGBUF: write fail, size = 7075 s
[03:24:02.426] RX< pace is not enough
[03:24:02.426] RX< [ringbuf] no space data_len=23552
[03:24:02.426] RX< [3] [App Vpu] RINGBUF: write fail, size = 23486 space is not enough
[03:24:02.426] RX< [ringbuf] no space data_len=7680
[03:24:02.426] RX< [3] [App Vpu] RINGBUF: write fail, size = 7235 space is not enough
[03:24:02.426] RX< [ringbuf] no space data_len=2355
[03:24:02.493] RX< 2
[03:24:02.493] RX< [3] [App Vpu] RINGBUF: write fail, size = 23275 space is not enough
[03:24:02.493] RX< [ringbuf] no space data_len=7168
[03:24:02.493] RX< [3] [App Vpu] RINGBUF: write fail, size = 7006 space is not enough
[03:24:02.493] RX< [ringbuf] no space data_len=23040
[03:24:02.493] RX< [3] [App Vpu] RINGBUF: write fail, size = 22735 sp
[03:24:02.593] RX< ace is not enough
[03:24:02.593] RX< [ringbuf] no space data_len=7168
[03:24:02.593] RX< [3] [App Vpu] RINGBUF: write fail, size = 6800 space is not enough
[03:24:02.593] RX< [ringbuf] no space data_len=22016
[03:24:02.593] RX< [3] [App Vpu] RINGBUF: write fail, size = 21936 space is not enough
[03:24:02.593] RX< [ringbuf] no space data_len=10752
[03:24:02.660] RX< 
[03:24:02.660] RX< [3] [App Vpu] RINGBUF: write fail, size = 10304 space is not enough
[03:24:02.660] RX< [ringbuf] no space data_len=15360
[03:24:02.660] RX< [3] [App Vpu] RINGBUF: write fail, size = 15274 space is not enough
[03:24:02.660] RX< [ringbuf] no space data_len=15360
[03:24:02.660] RX< [3] [App Vpu] RINGBUF: write fail, size = 15001 s
[03:24:02.726] RX< pace is not enough
[03:24:02.726] RX< [ringbuf] no space data_len=10240
[03:24:02.726] RX< [3] [App Vpu] RINGBUF: write fail, size = 9960 space is not enough
[03:24:02.726] RX< [33m[W/ftp] service go wrong, now wait restarting...[0m
[03:24:02.726] RX< [ringbuf] no space data_len=22528
[03:24:02.726] RX< [3] [App Vpu] RINGBUF: write fail, size = 
[03:24:02.825] RX< 22434 space is not enough
[03:24:02.825] RX< [ringbuf] no space data_len=7168
[03:24:02.825] RX< [3] [App Vpu] RINGBUF: write fail, size = 6819 space is not enough
[03:24:02.825] RX< [ringbuf] no space data_len=23040
[03:24:02.825] RX< [3] [App Vpu] RINGBUF: write fail, size = 22625 space is not enough
[03:24:02.825] RX< [ringbuf] no space data_l
[03:24:02.892] RX< en=7168
[03:24:02.892] RX< [3] [App Vpu] RINGBUF: write fail, size = 6661 space is not enough
[03:24:02.892] RX< [ringbuf] no space data_len=23040
[03:24:02.892] RX< [3] [App Vpu] RINGBUF: write fail, size = 22777 space is not enough
[03:24:02.892] RX< [ringbuf] no space data_len=7168
[03:24:02.892] RX< [3] [App Vpu] RINGBUF: write fail, size = 68
[03:24:02.941] RX< 67 space is not enough
[03:24:02.941] RX< [ringbuf] no space data_len=22528
[03:24:02.941] RX< [3] [App Vpu] RINGBUF: write fail, size = 22459 space is not enough
[03:24:02.941] RX< [34m[AE] fid=1080,exp=10000,adg=250,Y=4078,mtg=180,shg=100,bgbv=1475,iso=250,cnv2,hdr0
[03:24:02.941] RX< [0m[34m[b_ae0 proc] perf=873(us), max=1
[03:24:02.992] RX< 029(us)!
[03:24:02.992] RX< [0m[34m[awb0 proc] perf=4464(us), max=4465(us)!
[03:24:02.992] RX< [0m[ringbuf] no space data_len=10752
[03:24:02.992] RX< [3] [App Vpu] RINGBUF: write fail, size = 10453 space is not enough
[03:24:02.992] RX< [ringbuf] no space data_len=14848
[03:24:02.992] RX< [3] [App Vpu] RINGBUF: write fail, size = 14726 space i
[03:24:03.059] RX< s not enough
[03:24:03.059] RX< [ringbuf] no space data_len=14848
[03:24:03.059] RX< [3] [App Vpu] RINGBUF: write fail, size = 14721 space is not enough
[03:24:03.059] RX< [34m[ME INTP]fid=1080, shutter=10000, perf=6(us), max=395(us)!
[03:24:03.059] RX< [0m[ringbuf] no space data_len=15872
[03:24:03.059] RX< [3] [App Vpu] RINGBUF: write fail, si
[03:24:03.125] RX< ze = 15431 space is not enough
[03:24:03.125] RX< [ringbuf] no space data_len=9728
[03:24:03.125] RX< [3] [App Vpu] RINGBUF: write fail, size = 9699 space is not enough
[03:24:03.125] RX< [7] [cam] [394409][me0][me_core_thread:322]ME out fid 1080
[03:24:03.125] RX< [ringbuf] no space data_len=71168
[03:24:03.125] RX< [3] [App Vpu] RINGBUF: write f
[03:24:03.225] RX< ail, size = 70778 space is not enough
[03:24:03.225] RX< [ringbuf] no space data_len=31744
[03:24:03.225] RX< [3] [App Vpu] RINGBUF: write fail, size = 31407 space is not enough
[03:24:03.225] RX< [ringbuf] no space data_len=6656
[03:24:03.225] RX< [3] [App Vpu] RINGBUF: write fail, size = 6323 space is not enough
[03:24:03.225] RX< [ringbuf] no 
[03:24:03.292] RX< space data_len=16896
[03:24:03.292] RX< [3] [App Vpu] RINGBUF: write fail, size = 16387 space is not enough
[03:24:03.292] RX< [ringbuf] no space data_len=10240
[03:24:03.292] RX< [3] [App Vpu] RINGBUF: write fail, size = 9877 space is not enough
[03:24:03.292] RX< [ringbuf] no space data_len=14848
[03:24:03.292] RX< [3] [App Vpu] RINGBUF: write f
[03:24:03.359] RX< ail, size = 14623 space is not enough
[03:24:03.359] RX< [33m[W/ftp] service go wrong, now wait restarting...[0m
[03:24:03.359] RX< [ringbuf] no space data_len=15360
[03:24:03.359] RX< [3] [App Vpu] RINGBUF: write fail, size = 15198 space is not enough
[03:24:03.359] RX< [ringbuf] no space data_len=15872
[03:24:03.359] RX< [3] [App Vpu] RINGBUF:
[03:24:03.459] RX<  write fail, size = 15571 space is not enough
[03:24:03.459] RX< [ringbuf] no space data_len=10240
[03:24:03.459] RX< [3] [App Vpu] RINGBUF: write fail, size = 10093 space is not enough
[03:24:03.459] RX< [ringbuf] no space data_len=23552
[03:24:03.459] RX< [3] [App Vpu] RINGBUF: write fail, size = 23063 space is not enough
[03:24:03.459] RX< [ri
[03:24:03.525] RX< ngbuf] no space data_len=7168
[03:24:03.525] RX< [3] [App Vpu] RINGBUF: write fail, size = 7110 space is not enough
[03:24:03.525] RX< [ringbuf] no space data_len=23552
[03:24:03.525] RX< [3] [App Vpu] RINGBUF: write fail, size = 23060 space is not enough
[03:24:03.525] RX< [ringbuf] no space data_len=7680
[03:24:03.525] RX< [3] [App Vpu] RINGBUF:
[03:24:03.625] RX<  write fail, size = 7299 space is not enough
[03:24:03.625] RX< [ringbuf] no space data_len=23040
[03:24:03.625] RX< [3] [App Vpu] RINGBUF: write fail, size = 22694 space is not enough
[03:24:03.625] RX< [ringbuf] no space data_len=7680
[03:24:03.625] RX< [3] [App Vpu] RINGBUF: write fail, size = 7271 space is not enough
[03:24:03.625] RX< [ringb
[03:24:03.692] RX< uf] no space data_len=24064
[03:24:03.692] RX< [3] [App Vpu] RINGBUF: write fail, size = 23850 space is not enough
[03:24:03.692] RX< [ringbuf] no space data_len=7168
[03:24:03.692] RX< [3] [App Vpu] RINGBUF: write fail, size = 7104 space is not enough
[03:24:03.692] RX< [ringbuf] no space data_len=23552
[03:24:03.692] RX< [3] [App Vpu] RINGBUF: w
[03:24:03.759] RX< rite fail, size = 23060 space is not enough
[03:24:03.759] RX< [33m[W/ftp] service go wrong, now wait restarting...[0m
[03:24:03.759] RX< [ringbuf] no space data_len=7168
[03:24:03.759] RX< [3] [App Vpu] RINGBUF: write fail, size = 6718 space is not enough
[03:24:03.759] RX< [ringbuf] no space data_len=22528
[03:24:03.759] RX< [3] [App Vpu] RING
[03:24:03.859] RX< BUF: write fail, size = 22292 space is not enough
[03:24:03.859] RX< [ringbuf] no space data_len=7168
[03:24:03.859] RX< [3] [App Vpu] RINGBUF: write fail, size = 6755 space is not enough
[03:24:03.859] RX< [ringbuf] no space data_len=22528
[03:24:03.859] RX< [3] [App Vpu] RINGBUF: write fail, size = 22230 space is not enough
[03:24:03.859] RX< [
[03:24:03.936] RX< ringbuf] no space data_len=10240
[03:24:03.936] RX< [3] [App Vpu] RINGBUF: write fail, size = 9948 space is not enough
[03:24:03.936] RX< [ringbuf] no space data_len=14848
[03:24:03.936] RX< [3] [App Vpu] RINGBUF: write fail, size = 14554 space is not enough
[03:24:03.936] RX< [ringbuf] no space data_len=14848
[03:24:03.936] RX< [3] [App Vpu] RING
[03:24:03.992] RX< BUF: write fail, size = 14557 space is not enough
[03:24:03.992] RX< [34m[AE] fid=1110,exp=10000,adg=250,Y=4079,mtg=180,shg=100,bgbv=1475,iso=250,cnv2,hdr0
[03:24:03.992] RX< [0m[ringbuf] no space data_len=14848
[03:24:03.992] RX< [3] [App Vpu] RINGBUF: write fail, size = 14579 space is not enough
[03:24:03.992] RX< [ringbuf] 
[03:24:04.059] RX< no space data_len=15360
[03:24:04.059] RX< [3] [App Vpu] RINGBUF: write fail, size = 14978 space is not enough
[03:24:04.059] RX< [ringbuf] no space data_len=9728
[03:24:04.059] RX< [3] [App Vpu] RINGBUF: write fail, size = 9471 space is not enough
[03:24:04.059] RX< [ringbuf] no space data_len=22528
[03:24:04.059] RX< [3] [App Vpu] RINGBUF: write
[03:24:04.125] RX<  fail, size = 22332 space is not enough
[03:24:04.125] RX< [ringbuf] no space data_len=10752
[03:24:04.125] RX< [3] [App Vpu] RINGBUF: write fail, size = 10261 space is not enough
[03:24:04.125] RX< [7] [cam] [395408][me0][me_core_thread:322]ME out fid 1110
[03:24:04.125] RX< [ringbuf] no space data_len=71680
[03:24:04.125] RX< [3] [App Vpu] RINGB
[03:24:04.225] RX< UF: write fail, size = 71646 space is not enough
[03:24:04.225] RX< [ringbuf] no space data_len=22016
[03:24:04.225] RX< [3] [App Vpu] RINGBUF: write fail, size = 21940 space is not enough
[03:24:04.225] RX< [ringbuf] no space data_len=8704
[03:24:04.225] RX< [3] [App Vpu] RINGBUF: write fail, size = 8682 space is not enough
[03:24:04.225] RX< [r
[03:24:04.292] RX< ingbuf] no space data_len=16896
[03:24:04.292] RX< [3] [App Vpu] RINGBUF: write fail, size = 16507 space is not enough
[03:24:04.292] RX< [ringbuf] no space data_len=10240
[03:24:04.292] RX< [3] [App Vpu] RINGBUF: write fail, size = 10061 space is not enough
[03:24:04.292] RX< [ringbuf] no space data_len=23552
[03:24:04.292] RX< [3] [App Vpu] RING
[03:24:04.359] RX< BUF: write fail, size = 23200 space is not enough
[03:24:04.359] RX< [33m[W/ftp] service go wrong, now wait restarting...[0m
[03:24:04.359] RX< [ringbuf] no space data_len=7680
[03:24:04.359] RX< [3] [App Vpu] RINGBUF: write fail, size = 7211 space is not enough
[03:24:04.359] RX< [ringbuf] no space data_len=23040
[03:24:04.359] RX< [3] [App Vpu
[03:24:04.425] RX< ] RINGBUF: write fail, size = 22995 space is not enough
[03:24:04.425] RX< [ringbuf] no space data_len=7168
[03:24:04.425] RX< [3] [App Vpu] RINGBUF: write fail, size = 6831 space is not enough
[03:24:04.425] RX< [ringbuf] no space data_len=23040
[03:24:04.425] RX< [3] [App Vpu] RINGBUF: write fail, size = 22617 space is not eno
[03:24:04.525] RX< ugh
[03:24:04.525] RX< [ringbuf] no space data_len=10752
[03:24:04.525] RX< [3] [App Vpu] RINGBUF: write fail, size = 10266 space is not enough
[03:24:04.525] RX< [ringbuf] no space data_len=14848
[03:24:04.525] RX< [3] [App Vpu] RINGBUF: write fail, size = 14823 space is not enough
[03:24:04.525] RX< [ringbuf] no space data_len=15360
[03:24:04.525] RX< [3] [App Vp
[03:24:04.592] RX< u] RINGBUF: write fail, size = 14984 space is not enough
[03:24:04.592] RX< [ringbuf] no space data_len=15360
[03:24:04.592] RX< [3] [App Vpu] RINGBUF: write fail, size = 15122 space is not enough
[03:24:04.592] RX< [ringbuf] no space data_len=9728
[03:24:04.592] RX< [3] [App Vpu] RINGBUF: write fail, size = 9549 space is not en
[03:24:04.692] RX< ough
[03:24:04.692] RX< [ringbuf] no space data_len=22528
[03:24:04.692] RX< [3] [App Vpu] RINGBUF: write fail, size = 22272 space is not enough
[03:24:04.692] RX< [ringbuf] no space data_len=10240
[03:24:04.692] RX< [3] [App Vpu] RINGBUF: write fail, size = 9886 space is not enough
[03:24:04.692] RX< [ringbuf] no space data_len=14336
[03:24:04.692] RX< [3] [App Vp
[03:24:04.759] RX< u] RINGBUF: write fail, size = 14244 space is not enough
[03:24:04.759] RX< [33m[W/ftp] service go wrong, now wait restarting...[0m
[03:24:04.759] RX< [ringbuf] no space data_len=14336
[03:24:04.759] RX< [3] [App Vpu] RINGBUF: write fail, size = 14298 space is not enough
[03:24:04.759] RX< [ringbuf] no space data_len=14848
[03:24:04.759] RX< [3]
[03:24:04.825] RX<  [App Vpu] RINGBUF: write fail, size = 14658 space is not enough
[03:24:04.825] RX< [ringbuf] no space data_len=14848
[03:24:04.825] RX< [3] [App Vpu] RINGBUF: write fail, size = 14453 space is not enough
[03:24:04.825] RX< [ringbuf] no space data_len=14336
[03:24:04.825] RX< [3] [App Vpu] RINGBUF: write fail, size = 14203 space
[03:24:04.935] RX<  is not enough
[03:24:04.935] RX< [ringbuf] no space data_len=14336
[03:24:04.935] RX< [3] [App Vpu] RINGBUF: write fail, size = 14329 space is not enough
[03:24:04.935] RX< [ringbuf] no space data_len=14336
[03:24:04.935] RX< [3] [App Vpu] RINGBUF: write fail, size = 14121 space is not enough
[03:24:04.935] RX< [ringbuf] no space data_len=14848
[03:24:04.959] RX< [3] [App Vpu] RINGBUF: write fail, size = 14409 space is not enough
[03:24:04.959] RX< [34m[AE] fid=1140,exp=10000,adg=250,Y=4077,mtg=180,shg=100,bgbv=1475,iso=250,cnv2,hdr0
[03:24:04.959] RX< [0m[ringbuf] no space data_len=14848
[03:24:04.959] RX< [3] [App Vpu] RINGBUF: write fail, size = 14387 space is not 
[03:24:05.059] RX< enough
[03:24:05.059] RX< [ringbuf] no space data_len=14848
[03:24:05.059] RX< [3] [App Vpu] RINGBUF: write fail, size = 14607 space is not enough
[03:24:05.059] RX< [ringbuf] no space data_len=14848
[03:24:05.059] RX< [3] [App Vpu] RINGBUF: write fail, size = 14548 space is not enough
[03:24:05.059] RX< [ringbuf] no space data_len=14848
[03:24:05.059] RX< [3] [App
[03:24:05.125] RX<  Vpu] RINGBUF: write fail, size = 14611 space is not enough
[03:24:05.125] RX< [ringbuf] no space data_len=14848
[03:24:05.125] RX< [3] [App Vpu] RINGBUF: write fail, size = 14595 space is not enough
[03:24:05.125] RX< [7] [cam] [396408][me0][me_core_thread:322]ME out fid 1140
[03:24:05.125] RX< [ringbuf] no space data_len=80384
[03:24:05.192] RX< 
[03:24:05.192] RX< [3] [App Vpu] RINGBUF: write fail, size = 80020 space is not enough
[03:24:05.192] RX< [ringbuf] no space data_len=22016
[03:24:05.192] RX< [3] [App Vpu] RINGBUF: write fail, size = 21618 space is not enough
[03:24:05.192] RX< [ringbuf] no space data_len=8192
[03:24:05.192] RX< [3] [App Vpu] RINGBUF: write fail, size = 7870 spa
[03:24:05.292] RX< ce is not enough
[03:24:05.292] RX< [ringbuf] no space data_len=16384
[03:24:05.292] RX< [3] [App Vpu] RINGBUF: write fail, size = 16007 space is not enough
[03:24:05.292] RX< [ringbuf] no space data_len=10240
[03:24:05.292] RX< [3] [App Vpu] RINGBUF: write fail, size = 9973 space is not enough
[03:24:05.292] RX< [ringbuf] no space data_len=23040
[03:24:05.359] RX< 
[03:24:05.359] RX< [3] [App Vpu] RINGBUF: write fail, size = 22602 space is not enough
[03:24:05.359] RX< [33m[W/ftp] service go wrong, now wait restarting...[0m
[03:24:05.359] RX< [ringbuf] no space data_len=7168
[03:24:05.359] RX< [3] [App Vpu] RINGBUF: write fail, size = 7156 space is not enough
[03:24:05.359] RX< [ringbuf] no space data_len
[03:24:05.425] RX< =23552
[03:24:05.425] RX< [3] [App Vpu] RINGBUF: write fail, size = 23285 space is not enough
[03:24:05.425] RX< [ringbuf] no space data_len=7680
[03:24:05.425] RX< [3] [App Vpu] RINGBUF: write fail, size = 7289 space is not enough
[03:24:05.425] RX< [ringbuf] no space data_len=23040
[03:24:05.425] RX< [3] [App Vpu] RINGBUF: write fail, size = 227
[03:24:05.525] RX< 80 space is not enough
[03:24:05.525] RX< [ringbuf] no space data_len=7168
[03:24:05.525] RX< [3] [App Vpu] RINGBUF: write fail, size = 6906 space is not enough
[03:24:05.525] RX< [ringbuf] no space data_len=23552
[03:24:05.525] RX< [3] [App Vpu] RINGBUF: write fail, size = 23203 space is not enough
[03:24:05.525] RX< [ringbuf] no space data_len=
[03:24:05.592] RX< 7680
[03:24:05.592] RX< [3] [App Vpu] RINGBUF: write fail, size = 7236 space is not enough
[03:24:05.592] RX< [ringbuf] no space data_len=23040
[03:24:05.592] RX< [3] [App Vpu] RINGBUF: write fail, size = 22552 space is not enough
[03:24:05.592] RX< [ringbuf] no space data_len=7168
[03:24:05.592] RX< [3] [App Vpu] RINGBUF: write fail, size = 6969 
[03:24:05.692] RX< space is not enough
[03:24:05.692] RX< [ringbuf] no space data_len=22528
[03:24:05.692] RX< [3] [App Vpu] RINGBUF: write fail, size = 22476 space is not enough
[03:24:05.692] RX< [ringbuf] no space data_len=10240
[03:24:05.692] RX< [3] [App Vpu] RINGBUF: write fail, size = 9988 space is not enough
[03:24:05.692] RX< [ringbuf] no space data_len=14
[03:24:05.759] RX< 848
[03:24:05.759] RX< [3] [App Vpu] RINGBUF: write fail, size = 14706 space is not enough
[03:24:05.759] RX< [33m[W/ftp] service go wrong, now wait restarting...[0m
[03:24:05.759] RX< [ringbuf] no space data_len=15360
[03:24:05.759] RX< [3] [App Vpu] RINGBUF: write fail, size = 15024 space is not enough
[03:24:05.759] RX< [ringbuf] no space dat
[03:24:05.824] RX< a_len=14336
[03:24:05.824] RX< [3] [App Vpu] RINGBUF: write fail, size = 14283 space is not enough
[03:24:05.824] RX< [ringbuf] no space data_len=14848
[03:24:05.824] RX< [3] [App Vpu] RINGBUF: write fail, size = 14793 space is not enough
[03:24:05.824] RX< [ringbuf] no space data_len=14848
[03:24:05.824] RX< [3] [App Vpu] RINGBUF: write fail, siz
[03:24:05.939] RX< e = 14576 space is not enough
[03:24:05.939] RX< [ringbuf] no space data_len=14848
[03:24:05.939] RX< [3] [App Vpu] RINGBUF: write fail, size = 14470 space is not enough
[03:24:05.939] RX< [ringbuf] no space data_len=15360
[03:24:05.939] RX< [3] [App Vpu] RINGBUF: write fail, size = 14893 space is not enough
[03:24:05.939] RX< [ringbuf] no space 
[03:24:05.940] RX< data_len=14848
[03:24:05.940] RX< [3] [App Vpu] RINGBUF: write fail, size = 14727 space is not enough
[03:24:05.940] RX< [34m[AE] fid=1170,exp=10000,adg=250,Y=4085,mtg=180,shg=100,bgbv=1475,iso=250,cnv2,hdr0
[03:24:05.940] RX< [0m[34m[b_ae0 proc] perf=927(us), max=1017(us)!
[03:24:05.940] RX< [0m[34m[awb0 proc] perf=4408(us
[03:24:06.024] RX< ), max=4468(us)!
[03:24:06.024] RX< [0m[ringbuf] no space data_len=14848
[03:24:06.024] RX< [3] [App Vpu] RINGBUF: write fail, size = 14846 space is not enough
[03:24:06.024] RX< [ringbuf] no space data_len=15360
[03:24:06.024] RX< [3] [App Vpu] RINGBUF: write fail, size = 14857 space is not enough
[03:24:06.024] RX< [ringbuf] no space data_len=9
[03:24:06.091] RX< 728
[03:24:06.091] RX< [3] [App Vpu] RINGBUF: write fail, size = 9401 space is not enough
[03:24:06.091] RX< [ringbuf] no space data_len=22528
[03:24:06.091] RX< [3] [App Vpu] RINGBUF: write fail, size = 22309 space is not enough
[03:24:06.091] RX< [ringbuf] no space data_len=10240
[03:24:06.091] RX< [3] [App Vpu] RINGBUF: write fail, size = 9882 
[03:24:06.158] RX< space is not enough
[03:24:06.158] RX< [7] [cam] [397408][me0][me_core_thread:322]ME out fid 1170
[03:24:06.158] RX< [ringbuf] no space data_len=71168
[03:24:06.158] RX< [3] [App Vpu] RINGBUF: write fail, size = 71055 space is not enough
[03:24:06.158] RX< [ringbuf] no space data_len=21504
[03:24:06.158] RX< [3] [App Vpu] RINGBUF: write fail, size
[03:24:06.258] RX<  = 21043 space is not enough
[03:24:06.258] RX< [ringbuf] no space data_len=8192
[03:24:06.258] RX< [3] [App Vpu] RINGBUF: write fail, size = 8163 space is not enough
[03:24:06.258] RX< [ringbuf] no space data_len=15872
[03:24:06.258] RX< [3] [App Vpu] RINGBUF: write fail, size = 15552 space is not enough
[03:24:06.258] RX< [ringbuf] no space dat
[03:24:06.324] RX< a_len=15360
[03:24:06.324] RX< [3] [App Vpu] RINGBUF: write fail, size = 15311 space is not enough
[03:24:06.324] RX< [ringbuf] no space data_len=10240
[03:24:06.324] RX< [3] [App Vpu] RINGBUF: write fail, size = 9797 space is not enough
[03:24:06.324] RX< [33m[W/ftp] service go wrong, now wait restarting...[0m
[03:24:06.324] RX< [ringbuf] no sp
[03:24:06.391] RX< ace data_len=23040
[03:24:06.391] RX< [3] [App Vpu] RINGBUF: write fail, size = 22758 space is not enough
[03:24:06.391] RX< [ringbuf] no space data_len=10240
[03:24:06.391] RX< [3] [App Vpu] RINGBUF: write fail, size = 10054 space is not enough
[03:24:06.391] RX< [ringbuf] no space data_len=15360
[03:24:06.391] RX< [3] [App Vpu] RINGBUF: write fa
[03:24:06.491] RX< il, size = 14867 space is not enough
[03:24:06.491] RX< [ringbuf] no space data_len=14848
[03:24:06.491] RX< [3] [App Vpu] RINGBUF: write fail, size = 14704 space is not enough
[03:24:06.491] RX< [ringbuf] no space data_len=14848
[03:24:06.491] RX< [3] [App Vpu] RINGBUF: write fail, size = 14734 space is not enough
[03:24:06.491] RX< [ringbuf] no
[03:24:06.558] RX<  space data_len=14848
[03:24:06.558] RX< [3] [App Vpu] RINGBUF: write fail, size = 14684 space is not enough
[03:24:06.558] RX< [ringbuf] no space data_len=15360
[03:24:06.558] RX< [3] [App Vpu] RINGBUF: write fail, size = 15228 space is not enough
[03:24:06.558] RX< [ringbuf] no space data_len=15360
[03:24:06.558] RX< [3] [App Vpu] RINGBUF: write
[03:24:06.658] RX<  fail, size = 15038 space is not enough
[03:24:06.658] RX< [ringbuf] no space data_len=9728
[03:24:06.658] RX< [3] [App Vpu] RINGBUF: write fail, size = 9564 space is not enough
[03:24:06.658] RX< [ringbuf] no space data_len=22016
[03:24:06.658] RX< [3] [App Vpu] RINGBUF: write fail, size = 21968 space is not enough
[03:24:06.658] RX< [ringbuf] n
[03:24:06.724] RX< o space data_len=10752
[03:24:06.724] RX< [3] [App Vpu] RINGBUF: write fail, size = 10288 space is not enough
[03:24:06.724] RX< [ringbuf] no space data_len=15360
[03:24:06.724] RX< [3] [App Vpu] RINGBUF: write fail, size = 14930 space is not enough
[03:24:06.724] RX< [33m[W/ftp] service go wrong, now wait restarting...[0m
[03:24:06.724] RX< [ri
[03:24:06.791] RX< ngbuf] no space data_len=15872
[03:24:06.791] RX< [3] [App Vpu] RINGBUF: write fail, size = 15576 space is not enough
[03:24:06.791] RX< [ringbuf] no space data_len=15872
[03:24:06.791] RX< [3] [App Vpu] RINGBUF: write fail, size = 15582 space is not enough
[03:24:06.791] RX< [ringbuf] no space data_len=10240
[03:24:06.791] RX< [3] [App Vpu] RINGB
[03:24:06.891] RX< UF: write fail, size = 10082 space is not enough
[03:24:06.891] RX< [ringbuf] no space data_len=23040
[03:24:06.891] RX< [3] [App Vpu] RINGBUF: write fail, size = 22948 space is not enough
[03:24:06.891] RX< [ringbuf] no space data_len=7680
[03:24:06.891] RX< [3] [App Vpu] RINGBUF: write fail, size = 7379 space is not enough
[03:24:06.891] RX< [r
[03:24:06.935] RX< ingbuf] no space data_len=23040
[03:24:06.935] RX< [3] [App Vpu] RINGBUF: write fail, size = 22671 space is not enough
[03:24:06.935] RX< [ringbuf] no space data_len=10240
[03:24:06.935] RX< [3] [App Vpu] RINGBUF: write fail, size = 10121 space is not enough
[03:24:06.935] RX< [34m[AE] fid=1200,exp=10000,adg=250,Y=4089,mtg=180,
[03:24:07.034] RX< shg=100,bgbv=1480,iso=250,cnv2,hdr0
[03:24:07.034] RX< [0m[ringbuf] no space data_len=15360
[03:24:07.034] RX< [3] [App Vpu] RINGBUF: write fail, size = 14855 space is not enough
[03:24:07.034] RX< [ringbuf] no space data_len=15360
[03:24:07.034] RX< [3] [App Vpu] RINGBUF: write fail, size = 14889 space is not enough
[03:24:07.034] RX< [ringbuf] 
[03:24:07.058] RX< no space data_len=14848
[03:24:07.058] RX< [3] [App Vpu] RINGBUF: write fail, size = 14594 space is not enough
[03:24:07.058] RX< [34m[ME INTP]fid=1200, shutter=10000, perf=6(us), max=396(us)!
[03:24:07.058] RX< [0m[ringbuf] no space data_len=15360
[03:24:07.058] RX< [3] [App Vpu] RINGBUF: write fail, size = 15091 space is not 
[03:24:07.124] RX< enough
[03:24:07.124] RX< [ringbuf] no space data_len=15872
[03:24:07.124] RX< [3] [App Vpu] RINGBUF: write fail, size = 15645 space is not enough
[03:24:07.124] RX< [7] [cam] [398408][me0][me_core_thread:322]ME out fid 1200
[03:24:07.124] RX< [ringbuf] no space data_len=79872
[03:24:07.124] RX< [3] [App Vpu] RINGBUF: write fail, size = 79397 spac
[03:24:07.224] RX< e is not enough
[03:24:07.224] RX< [ringbuf] no space data_len=15872
[03:24:07.224] RX< [3] [App Vpu] RINGBUF: write fail, size = 15806 space is not enough
[03:24:07.224] RX< [ringbuf] no space data_len=12288
[03:24:07.224] RX< [3] [App Vpu] RINGBUF: write fail, size = 12235 space is not enough
[03:24:07.224] RX< [ringbuf] no space data_len=10752
[03:24:07.291] RX< 
[03:24:07.291] RX< [3] [App Vpu] RINGBUF: write fail, size = 10508 space is not enough
[03:24:07.291] RX< [ringbuf] no space data_len=14848
[03:24:07.291] RX< [3] [App Vpu] RINGBUF: write fail, size = 14740 space is not enough
[03:24:07.291] RX< [ringbuf] no space data_len=15360
[03:24:07.291] RX< [3] [App Vpu] RINGBUF: write fail, size = 15258 s
[03:24:07.358] RX< pace is not enough
[03:24:07.358] RX< [33m[W/ftp] service go wrong, now wait restarting...[0m
[03:24:07.358] RX< [ringbuf] no space data_len=15360
[03:24:07.358] RX< [3] [App Vpu] RINGBUF: write fail, size = 14900 space is not enough
[03:24:07.358] RX< [ringbuf] no space data_len=15360
[03:24:07.358] RX< [3] [App Vpu] RINGBUF: write fail, size =
[03:24:07.458] RX<  15295 space is not enough
[03:24:07.458] RX< [ringbuf] no space data_len=9728
[03:24:07.458] RX< [3] [App Vpu] RINGBUF: write fail, size = 9365 space is not enough
[03:24:07.458] RX< [ringbuf] no space data_len=22528
[03:24:07.458] RX< [3] [App Vpu] RINGBUF: write fail, size = 22347 space is not enough
[03:24:07.458] RX< [ringbuf] no space data_
[03:24:07.524] RX< len=10240
[03:24:07.524] RX< [3] [App Vpu] RINGBUF: write fail, size = 9998 space is not enough
[03:24:07.524] RX< [ringbuf] no space data_len=15360
[03:24:07.524] RX< [3] [App Vpu] RINGBUF: write fail, size = 15058 space is not enough
[03:24:07.524] RX< [ringbuf] no space data_len=15360
[03:24:07.524] RX< [3] [App Vpu] RINGBUF: write fail, size =
[03:24:07.624] RX<  14904 space is not enough
[03:24:07.624] RX< [ringbuf] no space data_len=15872
[03:24:07.624] RX< [3] [App Vpu] RINGBUF: write fail, size = 15446 space is not enough
[03:24:07.624] RX< [ringbuf] no space data_len=10240
[03:24:07.624] RX< [3] [App Vpu] RINGBUF: write fail, size = 10060 space is not enough
[03:24:07.624] RX< [ringbuf] no space dat
[03:24:07.691] RX< a_len=23040
[03:24:07.691] RX< [3] [App Vpu] RINGBUF: write fail, size = 22627 space is not enough
[03:24:07.691] RX< [ringbuf] no space data_len=10752
[03:24:07.691] RX< [3] [App Vpu] RINGBUF: write fail, size = 10544 space is not enough
[03:24:07.691] RX< [ringbuf] no space data_len=15360
[03:24:07.691] RX< [3] [App Vpu] RINGBUF: write fail, siz
[03:24:07.758] RX< e = 15060 space is not enough
[03:24:07.758] RX< [33m[W/ftp] service go wrong, now wait restarting...[0m
[03:24:07.758] RX< [ringbuf] no space data_len=15360
[03:24:07.758] RX< [3] [App Vpu] RINGBUF: write fail, size = 14981 space is not enough
[03:24:07.758] RX< [ringbuf] no space data_len=15360
[03:24:07.758] RX< [3] [App Vpu] RINGBUF: write f
[03:24:07.858] RX< ail, size = 15066 space is not enough
[03:24:07.858] RX< [ringbuf] no space data_len=15360
[03:24:07.858] RX< [3] [App Vpu] RINGBUF: write fail, size = 14865 space is not enough
[03:24:07.858] RX< [ringbuf] no space data_len=15360
[03:24:07.858] RX< [3] [App Vpu] RINGBUF: write fail, size = 15090 space is not enough
[03:24:07.858] RX< [ringbuf] n
[03:24:07.934] RX< o space data_len=9728
[03:24:07.934] RX< [3] [App Vpu] RINGBUF: write fail, size = 9395 space is not enough
[03:24:07.934] RX< [ringbuf] no space data_len=22528
[03:24:07.934] RX< [3] [App Vpu] RINGBUF: write fail, size = 22157 space is not enough
[03:24:07.934] RX< [ringbuf] no space data_len=10752
[03:24:07.934] RX< [3] [App Vpu] RINGBUF: write 
[03:24:07.991] RX< fail, size = 10339 space is not enough
[03:24:07.991] RX< [34m[AE] fid=1230,exp=10000,adg=250,Y=4094,mtg=180,shg=100,bgbv=1480,iso=250,cnv2,hdr0
[03:24:07.991] RX< [0m[ringbuf] no space data_len=14848
[03:24:07.991] RX< [3] [App Vpu] RINGBUF: write fail, size = 14671 space is not enough
[03:24:07.991] RX< [ringbuf] no space da
[03:24:08.058] RX< ta_len=14848
[03:24:08.058] RX< [3] [App Vpu] RINGBUF: write fail, size = 14418 space is not enough
[03:24:08.058] RX< [ringbuf] no space data_len=15360
[03:24:08.058] RX< [3] [App Vpu] RINGBUF: write fail, size = 14939 space is not enough
[03:24:08.058] RX< [ringbuf] no space data_len=14848
[03:24:08.058] RX< [3] [App Vpu] RINGBUF: write fail, si
[03:24:08.124] RX< ze = 14537 space is not enough
[03:24:08.124] RX< [ringbuf] no space data_len=14848
[03:24:08.124] RX< [3] [App Vpu] RINGBUF: write fail, size = 14808 space is not enough
[03:24:08.124] RX< [7] [cam] [399408][me0][me_core_thread:322]ME out fid 1230
[03:24:08.124] RX< [ringbuf] no space data_len=79360
[03:24:08.124] RX< [3] [App Vpu] RINGBUF: write
[03:24:08.224] RX<  fail, size = 79153 space is not enough
[03:24:08.224] RX< [ringbuf] no space data_len=22528
[03:24:08.224] RX< [3] [App Vpu] RINGBUF: write fail, size = 22268 space is not enough
[03:24:08.224] RX< [ringbuf] no space data_len=6144
[03:24:08.224] RX< [3] [App Vpu] RINGBUF: write fail, size = 6064 space is not enough
[03:24:08.224] RX< [ringbuf] n
[03:24:08.291] RX< o space data_len=16384
[03:24:08.291] RX< [3] [App Vpu] RINGBUF: write fail, size = 15929 space is not enough
[03:24:08.291] RX< [ringbuf] no space data_len=15360
[03:24:08.291] RX< [3] [App Vpu] RINGBUF: write fail, size = 15221 space is not enough
[03:24:08.291] RX< [ringbuf] no space data_len=9728
[03:24:08.291] RX< [3] [App Vpu] RINGBUF: write
[03:24:08.358] RX<  fail, size = 9292 space is not enough
[03:24:08.358] RX< [33m[W/ftp] service go wrong, now wait restarting...[0m
[03:24:08.358] RX< [ringbuf] no space data_len=22016
[03:24:08.358] RX< [3] [App Vpu] RINGBUF: write fail, size = 21835 space is not enough
[03:24:08.358] RX< [ringbuf] no space data_len=9728
[03:24:08.358] RX< [3] [App Vpu] RINGBUF:
[03:24:08.458] RX<  write fail, size = 9614 space is not enough
[03:24:08.458] RX< [ringbuf] no space data_len=14336
[03:24:08.458] RX< [3] [App Vpu] RINGBUF: write fail, size = 13926 space is not enough
[03:24:08.458] RX< [ringbuf] no space data_len=14336
[03:24:08.458] RX< [3] [App Vpu] RINGBUF: write fail, size = 14155 space is not enough
[03:24:08.458] RX< [rin
[03:24:08.524] RX< gbuf] no space data_len=14336
[03:24:08.524] RX< [3] [App Vpu] RINGBUF: write fail, size = 14327 space is not enough
[03:24:08.524] RX< [ringbuf] no space data_len=14848
[03:24:08.524] RX< [3] [App Vpu] RINGBUF: write fail, size = 14727 space is not enough
[03:24:08.524] RX< [ringbuf] no space data_len=14336
[03:24:08.524] RX< [3] [App Vpu] RINGBU
[03:24:08.624] RX< F: write fail, size = 14202 space is not enough
[03:24:08.624] RX< [ringbuf] no space data_len=14848
[03:24:08.624] RX< [3] [App Vpu] RINGBUF: write fail, size = 14589 space is not enough
[03:24:08.624] RX< [ringbuf] no space data_len=14848
[03:24:08.624] RX< [3] [App Vpu] RINGBUF: write fail, size = 14790 space is not enough
[03:24:08.624] RX< [
[03:24:08.691] RX< ringbuf] no space data_len=15360
[03:24:08.691] RX< [3] [App Vpu] RINGBUF: write fail, size = 15029 space is not enough
[03:24:08.691] RX< [ringbuf] no space data_len=15360
[03:24:08.691] RX< [3] [App Vpu] RINGBUF: write fail, size = 14859 space is not enough
[03:24:08.691] RX< [ringbuf] no space data_len=14848
[03:24:08.691] RX< [3] [App Vpu] RIN
[03:24:08.758] RX< GBUF: write fail, size = 14765 space is not enough
[03:24:08.758] RX< [33m[W/ftp] service go wrong, now wait restarting...[0m
[03:24:08.758] RX< [ringbuf] no space data_len=14848
[03:24:08.758] RX< [3] [App Vpu] RINGBUF: write fail, size = 14800 space is not enough
[03:24:08.758] RX< [ringbuf] no space data_len=14848
[03:24:08.758] RX< [3] [App 
[03:24:08.824] RX< Vpu] RINGBUF: write fail, size = 14498 space is not enough
[03:24:08.824] RX< [ringbuf] no space data_len=14848
[03:24:08.824] RX< [3] [App Vpu] RINGBUF: write fail, size = 14589 space is not enough
[03:24:08.824] RX< [ringbuf] no space data_len=15360
[03:24:08.824] RX< [3] [App Vpu] RINGBUF: write fail, size = 14870 space is no
[03:24:08.939] RX< t enough
[03:24:08.939] RX< [ringbuf] no space data_len=14848
[03:24:08.939] RX< [3] [App Vpu] RINGBUF: write fail, size = 14421 space is not enough
[03:24:08.939] RX< [ringbuf] no space data_len=14848
[03:24:08.939] RX< [3] [App Vpu] RINGBUF: write fail, size = 14472 space is not enough
[03:24:08.939] RX< [ringbuf] no space data_len=14848
[03:24:08.939] RX< [3] [A
[03:24:08.939] RX< pp Vpu] RINGBUF: write fail, size = 14670 space is not enough
[03:24:08.939] RX< [34m[AE] fid=1260,exp=10000,adg=250,Y=4124,mtg=180,shg=100,bgbv=1488,iso=250,cnv2,hdr0
[03:24:08.939] RX< [0m[34m[b_ae0 proc] perf=973(us), max=1022(us)!
[03:24:08.939] RX< [0m[34m[awb0 proc] perf=4450(us), max=4455(us)!
[03:24:08.939] RX< [0m
[03:24:09.023] RX< [ringbuf] no space data_len=14848
[03:24:09.023] RX< [3] [App Vpu] RINGBUF: write fail, size = 14695 space is not enough
[03:24:09.023] RX< [ringbuf] no space data_len=14848
[03:24:09.023] RX< [3] [App Vpu] RINGBUF: write fail, size = 14645 space is not enough
[03:24:09.023] RX< [ringbuf] no space data_len=15360
[03:24:09.023] RX< [3] [App Vpu] RI
[03:24:09.090] RX< NGBUF: write fail, size = 14983 space is not enough
[03:24:09.090] RX< [ringbuf] no space data_len=15360
[03:24:09.090] RX< [3] [App Vpu] RINGBUF: write fail, size = 15026 space is not enough
[03:24:09.090] RX< [ringbuf] no space data_len=14848
[03:24:09.090] RX< [3] [App Vpu] RINGBUF: write fail, size = 14722 space is not enoug
[03:24:09.157] RX< h
[03:24:09.157] RX< [7] [cam] [400408][me0][me_core_thread:322]ME out fid 1260
[03:24:09.157] RX< [ringbuf] no space data_len=79360
[03:24:09.157] RX< [3] [App Vpu] RINGBUF: write fail, size = 79080 space is not enough
[03:24:09.157] RX< [ringbuf] no space data_len=22528
[03:24:09.157] RX< [3] [App Vpu] RINGBUF: write fail, size = 22124 space is 
[03:24:09.257] RX< not enough
[03:24:09.257] RX< [ringbuf] no space data_len=5632
[03:24:09.257] RX< [3] [App Vpu] RINGBUF: write fail, size = 5594 space is not enough
[03:24:09.257] RX< [ringbuf] no space data_len=15360
[03:24:09.257] RX< [3] [App Vpu] RINGBUF: write fail, size = 15147 space is not enough
[03:24:09.257] RX< [ringbuf] no space data_len=14848
[03:24:09.257] RX< [3] [A
[03:24:09.323] RX< pp Vpu] RINGBUF: write fail, size = 14784 space is not enough
[03:24:09.323] RX< [ringbuf] no space data_len=14848
[03:24:09.323] RX< [3] [App Vpu] RINGBUF: write fail, size = 14480 space is not enough
[03:24:09.323] RX< [33m[W/ftp] service go wrong, now wait restarting...[0m
[03:24:09.323] RX< [ringbuf] no space data_len=1433
[03:24:09.390] RX< 6
[03:24:09.390] RX< [3] [App Vpu] RINGBUF: write fail, size = 14176 space is not enough
[03:24:09.390] RX< [ringbuf] no space data_len=14848
[03:24:09.390] RX< [3] [App Vpu] RINGBUF: write fail, size = 14467 space is not enough
[03:24:09.390] RX< [ringbuf] no space data_len=14336
[03:24:09.390] RX< [3] [App Vpu] RINGBUF: write fail, size = 14199 
[03:24:09.490] RX< space is not enough
[03:24:09.490] RX< [ringbuf] no space data_len=14336
[03:24:09.490] RX< [3] [App Vpu] RINGBUF: write fail, size = 14179 space is not enough
[03:24:09.490] RX< [ringbuf] no space data_len=14336
[03:24:09.490] RX< [3] [App Vpu] RINGBUF: write fail, size = 13866 space is not enough
[03:24:09.490] RX< [ringbuf] no space data_len=1
[03:24:09.557] RX< 4336
[03:24:09.557] RX< [3] [App Vpu] RINGBUF: write fail, size = 14302 space is not enough
[03:24:09.557] RX< [ringbuf] no space data_len=14336
[03:24:09.557] RX< [3] [App Vpu] RINGBUF: write fail, size = 14048 space is not enough
[03:24:09.557] RX< [ringbuf] no space data_len=14336
[03:24:09.557] RX< [3] [App Vpu] RINGBUF: write fail, size = 142
[03:24:09.657] RX< 88 space is not enough
[03:24:09.657] RX< [ringbuf] no space data_len=14848
[03:24:09.657] RX< [3] [App Vpu] RINGBUF: write fail, size = 14645 space is not enough
[03:24:09.657] RX< [ringbuf] no space data_len=14848
[03:24:09.657] RX< [3] [App Vpu] RINGBUF: write fail, size = 14340 space is not enough
[03:24:09.657] RX< [ringbuf] no space data_le
[03:24:09.723] RX< n=14336
[03:24:09.723] RX< [3] [App Vpu] RINGBUF: write fail, size = 14282 space is not enough
[03:24:09.723] RX< [ringbuf] no space data_len=14336
[03:24:09.723] RX< [3] [App Vpu] RINGBUF: write fail, size = 13866 space is not enough
[03:24:09.723] RX< [33m[W/ftp] service go wrong, now wait restarting...[0m
[03:24:09.723] RX< [ringbuf] no space
[03:24:09.790] RX<  data_len=13824
[03:24:09.790] RX< [3] [App Vpu] RINGBUF: write fail, size = 13683 space is not enough
[03:24:09.790] RX< [ringbuf] no space data_len=14336
[03:24:09.790] RX< [3] [App Vpu] RINGBUF: write fail, size = 13900 space is not enough
[03:24:09.790] RX< [ringbuf] no space data_len=14336
[03:24:09.790] RX< [3] [App Vpu] RINGBUF: write fail,
[03:24:09.890] RX<  size = 14003 space is not enough
[03:24:09.890] RX< [ringbuf] no space data_len=14336
[03:24:09.890] RX< [3] [App Vpu] RINGBUF: write fail, size = 13858 space is not enough
[03:24:09.890] RX< [ringbuf] no space data_len=13824
[03:24:09.890] RX< [3] [App Vpu] RINGBUF: write fail, size = 13610 space is not enough
[03:24:09.890] RX< [ringbuf] no sp
[03:24:09.933] RX< ace data_len=13824
[03:24:09.933] RX< [3] [App Vpu] RINGBUF: write fail, size = 13783 space is not enough
[03:24:09.933] RX< [ringbuf] no space data_len=14336
[03:24:09.933] RX< [3] [App Vpu] RINGBUF: write fail, size = 14013 space is not enough
[03:24:09.933] RX< [34m[AE] fid=1290,exp=10000,adg=250,Y=4110,mtg=180,shg=100,bgbv=
[03:24:10.023] RX< 1484,iso=250,cnv2,hdr0
[03:24:10.023] RX< [0m[ringbuf] no space data_len=14336
[03:24:10.023] RX< [3] [App Vpu] RINGBUF: write fail, size = 14265 space is not enough
[03:24:10.023] RX< [ringbuf] no space data_len=14336
[03:24:10.023] RX< [3] [App Vpu] RINGBUF: write fail, size = 13949 space is not enough
[03:24:10.023] RX< [ringbuf] no space data
[03:24:10.090] RX< _len=14336
[03:24:10.090] RX< [3] [App Vpu] RINGBUF: write fail, size = 13942 space is not enough
[03:24:10.090] RX< [ringbuf] no space data_len=14848
[03:24:10.090] RX< [3] [App Vpu] RINGBUF: write fail, size = 14452 space is not enough
[03:24:10.090] RX< [ringbuf] no space data_len=14848
[03:24:10.090] RX< [3] [App Vpu] RINGBUF: write fail, size
[03:24:10.157] RX<  = 14451 space is not enough
[03:24:10.157] RX< [7] [cam] [401408][me0][me_core_thread:322]ME out fid 1290
[03:24:10.157] RX< [ringbuf] no space data_len=79872
[03:24:10.157] RX< [3] [App Vpu] RINGBUF: write fail, size = 79646 space is not enough
[03:24:10.157] RX< [ringbuf] no space data_len=21504
[03:24:10.157] RX< [3] [App Vpu] RINGBUF: write f
[03:24:10.257] RX< ail, size = 21101 space is not enough
[03:24:10.257] RX< [ringbuf] no space data_len=8192
[03:24:10.257] RX< [3] [App Vpu] RINGBUF: write fail, size = 8050 space is not enough
[03:24:10.257] RX< [ringbuf] no space data_len=15360
[03:24:10.257] RX< [3] [App Vpu] RINGBUF: write fail, size = 15347 space is not enough
[03:24:10.257] RX< [ringbuf] no 
[03:24:10.323] RX< space data_len=14848
[03:24:10.323] RX< [3] [App Vpu] RINGBUF: write fail, size = 14425 space is not enough
[03:24:10.323] RX< [ringbuf] no space data_len=14336
[03:24:10.323] RX< [3] [App Vpu] RINGBUF: write fail, size = 14075 space is not enough
[03:24:10.323] RX< [33m[W/ftp] service go wrong, now wait restarting...[0m
[03:24:10.323] RX< [ring
[03:24:10.390] RX< buf] no space data_len=14336
[03:24:10.390] RX< [3] [App Vpu] RINGBUF: write fail, size = 14328 space is not enough
[03:24:10.390] RX< [ringbuf] no space data_len=14848
[03:24:10.390] RX< [3] [App Vpu] RINGBUF: write fail, size = 14466 space is not enough
[03:24:10.390] RX< [ringbuf] no space data_len=14336
[03:24:10.390] RX< [3] [App Vpu] RINGBUF
[03:24:10.490] RX< : write fail, size = 14275 space is not enough
[03:24:10.490] RX< [ringbuf] no space data_len=14848
[03:24:10.490] RX< [3] [App Vpu] RINGBUF: write fail, size = 14575 space is not enough
[03:24:10.490] RX< [ringbuf] no space data_len=14336
[03:24:10.490] RX< [3] [App Vpu] RINGBUF: write fail, size = 14325 space is not enough
[03:24:10.490] RX< [r
[03:24:10.557] RX< ingbuf] no space data_len=14848
[03:24:10.557] RX< [3] [App Vpu] RINGBUF: write fail, size = 14440 space is not enough
[03:24:10.557] RX< [ringbuf] no space data_len=14848
[03:24:10.557] RX< [3] [App Vpu] RINGBUF: write fail, size = 14611 space is not enough
[03:24:10.557] RX< [ringbuf] no space data_len=14848
[03:24:10.557] RX< [3] [App Vpu] RING
[03:24:10.623] RX< BUF: write fail, size = 14399 space is not enough
[03:24:10.623] RX< [ringbuf] no space data_len=15360
[03:24:10.623] RX< [3] [App Vpu] RINGBUF: write fail, size = 14857 space is not enough
[03:24:10.623] RX< [ringbuf] no space data_len=14848
[03:24:10.623] RX< [3] [App Vpu] RINGBUF: write fail, size = 14652 space is not enough
[03:24:10.723] RX< 
[03:24:10.723] RX< [ringbuf] no space data_len=14848
[03:24:10.723] RX< [3] [App Vpu] RINGBUF: write fail, size = 14757 space is not enough
[03:24:10.723] RX< [ringbuf] no space data_len=14336
[03:24:10.723] RX< [3] [App Vpu] RINGBUF: write fail, size = 14210 space is not enough
[03:24:10.723] RX< [33m[W/ftp] service go wrong, now wait restartin
[03:24:10.790] RX< g...[0m
[03:24:10.790] RX< [ringbuf] no space data_len=14336
[03:24:10.790] RX< [3] [App Vpu] RINGBUF: write fail, size = 14214 space is not enough
[03:24:10.790] RX< [ringbuf] no space data_len=14336
[03:24:10.790] RX< [3] [App Vpu] RINGBUF: write fail, size = 14177 space is not enough
[03:24:10.790] RX< [ringbuf] no space data_len=14336
[03:24:10.790] RX< [3] [Ap
[03:24:10.857] RX< p Vpu] RINGBUF: write fail, size = 14102 space is not enough
[03:24:10.857] RX< [ringbuf] no space data_len=14336
[03:24:10.857] RX< [3] [App Vpu] RINGBUF: write fail, size = 13976 space is not enough
[03:24:10.857] RX< [ringbuf] no space data_len=14336
[03:24:10.857] RX< [3] [App Vpu] RINGBUF: write fail, size = 14291 space is 
[03:24:10.933] RX< not enough
[03:24:10.933] RX< [ringbuf] no space data_len=14336
[03:24:10.933] RX< [3] [App Vpu] RINGBUF: write fail, size = 14087 space is not enough
[03:24:10.933] RX< [ringbuf] no space data_len=14336
[03:24:10.933] RX< [3] [App Vpu] RINGBUF: write fail, size = 13951 space is not enough
[03:24:10.933] RX< [34m[AE] fid=1320,exp=10000,adg=250,Y
[03:24:10.990] RX< =4115,mtg=180,shg=100,bgbv=1488,iso=250,cnv2,hdr0
[03:24:10.990] RX< [0m[ringbuf] no space data_len=14336
[03:24:10.990] RX< [3] [App Vpu] RINGBUF: write fail, size = 14063 space is not enough
[03:24:10.990] RX< [ringbuf] no space data_len=14848
[03:24:10.990] RX< [3] [App Vpu] RINGBUF: write fail, size = 14379 space is not enou
[03:24:11.057] RX< gh
[03:24:11.057] RX< [ringbuf] no space data_len=14336
[03:24:11.057] RX< [3] [App Vpu] RINGBUF: write fail, size = 13990 space is not enough
[03:24:11.057] RX< [34m[ME INTP]fid=1320, shutter=10000, perf=6(us), max=367(us)!
[03:24:11.057] RX< [0m[ringbuf] no space data_len=13824
[03:24:11.057] RX< [3] [App Vpu] RINGBUF: write fail, size = 13607
[03:24:11.123] RX<  space is not enough
[03:24:11.123] RX< [ringbuf] no space data_len=22528
[03:24:11.123] RX< [3] [App Vpu] RINGBUF: write fail, size = 22434 space is not enough
[03:24:11.123] RX< [7] [cam] [402407][me0][me_core_thread:322]ME out fid 1320
[03:24:11.123] RX< [ringbuf] no space data_len=89600
[03:24:11.123] RX< [3] [App Vpu] RINGBUF: write fail, siz
[03:24:11.223] RX< e = 89399 space is not enough
[03:24:11.223] RX< [ringbuf] no space data_len=10752
[03:24:11.223] RX< [3] [App Vpu] RINGBUF: write fail, size = 10612 space is not enough
[03:24:11.223] RX< [ringbuf] no space data_len=11776
[03:24:11.223] RX< [3] [App Vpu] RINGBUF: write fail, size = 11504 space is not enough
[03:24:11.223] RX< [ringbuf] no space 
[03:24:11.290] RX< data_len=14848
[03:24:11.290] RX< [3] [App Vpu] RINGBUF: write fail, size = 14751 space is not enough
[03:24:11.290] RX< [ringbuf] no space data_len=14848
[03:24:11.290] RX< [3] [App Vpu] RINGBUF: write fail, size = 14798 space is not enough
[03:24:11.290] RX< [ringbuf] no space data_len=14336
[03:24:11.290] RX< [3] [App Vpu] RINGBUF: write fail, 
[03:24:11.356] RX< size = 14335 space is not enough
[03:24:11.356] RX< [33m[W/ftp] service go wrong, now wait restarting...[0m
[03:24:11.356] RX< [ringbuf] no space data_len=14336
[03:24:11.356] RX< [3] [App Vpu] RINGBUF: write fail, size = 14254 space is not enough
[03:24:11.356] RX< [ringbuf] no space data_len=14336
[03:24:11.356] RX< [3] [App Vpu] RINGBUF: writ
[03:24:11.456] RX< e fail, size = 14234 space is not enough
[03:24:11.456] RX< [ringbuf] no space data_len=14336
[03:24:11.456] RX< [3] [App Vpu] RINGBUF: write fail, size = 14179 space is not enough
[03:24:11.456] RX< [ringbuf] no space data_len=14336
[03:24:11.456] RX< [3] [App Vpu] RINGBUF: write fail, size = 14126 space is not enough
[03:24:11.456] RX< [ringbuf
[03:24:11.523] RX< ] no space data_len=14336
[03:24:11.523] RX< [3] [App Vpu] RINGBUF: write fail, size = 14018 space is not enough
[03:24:11.523] RX< [ringbuf] no space data_len=13824
[03:24:11.523] RX< [3] [App Vpu] RINGBUF: write fail, size = 13780 space is not enough
[03:24:11.523] RX< [ringbuf] no space data_len=14336
[03:24:11.523] RX< [3] [App Vpu] RINGBUF: w
[03:24:11.612] RX< rite fail, size = 13976 space is not enough
[03:24:11.612] RX< [ringbuf] no space data_len=14336
[03:24:11.612] RX< [3] [App Vpu] RINGBUF: write fail, size = 14121 space is not enough
[03:24:11.612] RX< [ringbuf] no space data_len=14336
[03:24:11.612] RX< [3] [App Vpu] RINGBUF: write fail, size = 14173 space is not enough
[03:24:11.612] RX< [RTMP
[03:24:11.938] RX< ] slow send frame 121 len=80153 dt=11107ms (IDR)
[03:24:11.938] RX< [RTMP] dropped 120 p-frames (backlog 97%)
[03:24:11.938] RX< [33m[W/ftp] service go wrong, now wait restarting...[0m
[03:24:11.938] RX< [34m[AE] fid=1350,exp=10000,adg=250,Y=4123,mtg=180,shg=100,bgbv=1488,iso=250,cnv2,hdr0
[03:24:11.938] RX< [0m[34m[b_ae0 pro
[03:24:12.589] RX< c] perf=871(us), max=1017(us)!
[03:24:12.589] RX< [0m[34m[awb0 proc] perf=4404(us), max=4465(us)!
[03:24:12.589] RX< [0m[7] [cam] [403407][me0][me_core_thread:322]ME out fid 1350
[03:24:12.589] RX< [33m[W/ftp] service go wrong, now wait restarting...[0m
[03:24:12.589] RX< [ringbuf] no space data_len=14336
[03:24:12.589] RX< [3] [App Vpu] RINGB
[03:24:12.657] RX< UF: write fail, size = 14128 space is not enough
[03:24:12.657] RX< [ringbuf] no space data_len=14336
[03:24:12.657] RX< [3] [App Vpu] RINGBUF: write fail, size = 14115 space is not enough
[03:24:12.657] RX< [ringbuf] no space data_len=14336
[03:24:12.657] RX< [3] [App Vpu] RINGBUF: write fail, size = 14097 space is not enough
[03:24:12.723] RX< [ringbuf] no space data_len=14336
[03:24:12.723] RX< [3] [App Vpu] RINGBUF: write fail, size = 14091 space is not enough
[03:24:12.723] RX< [ringbuf] no space data_len=14336
[03:24:12.723] RX< [3] [App Vpu] RINGBUF: write fail, size = 14092 space is not enough
[03:24:12.723] RX< [33m[W/ftp] service go wrong, now wait restarting
[03:24:12.822] RX< ...[0m
[03:24:12.822] RX< [ringbuf] no space data_len=14336
[03:24:12.822] RX< [3] [App Vpu] RINGBUF: write fail, size = 13988 space is not enough
[03:24:12.822] RX< [ringbuf] no space data_len=14336
[03:24:12.822] RX< [3] [App Vpu] RINGBUF: write fail, size = 14125 space is not enough
[03:24:12.822] RX< [ringbuf] no space data_len=14336
[03:24:12.822] RX< [3] [App
[03:24:12.889] RX<  Vpu] RINGBUF: write fail, size = 14000 space is not enough
[03:24:12.889] RX< [ringbuf] no space data_len=13824
[03:24:12.889] RX< [3] [App Vpu] RINGBUF: write fail, size = 13788 space is not enough
[03:24:12.889] RX< [ringbuf] no space data_len=13824
[03:24:12.889] RX< [3] [App Vpu] RINGBUF: write fail, size = 13592 space is n
[03:24:12.955] RX< ot enough
[03:24:12.955] RX< [ringbuf] no space data_len=14336
[03:24:12.955] RX< [3] [App Vpu] RINGBUF: write fail, size = 14223 space is not enough
[03:24:12.955] RX< [34m[AE] fid=1380,exp=10000,adg=250,Y=4120,mtg=180,shg=100,bgbv=1488,iso=250,cnv2,hdr0
[03:24:12.955] RX< [0m[ringbuf] no space data_len=14336
[03:24:12.955] RX< [3] [App Vpu] RI
[03:24:13.022] RX< NGBUF: write fail, size = 14051 space is not enough
[03:24:13.022] RX< [ringbuf] no space data_len=14336
[03:24:13.022] RX< [3] [App Vpu] RINGBUF: write fail, size = 13857 space is not enough
[03:24:13.022] RX< [ringbuf] no space data_len=14336
[03:24:13.022] RX< [3] [App Vpu] RINGBUF: write fail, size = 14024 space is not enoug
[03:24:13.122] RX< h
[03:24:13.122] RX< [ringbuf] no space data_len=14336
[03:24:13.122] RX< [3] [App Vpu] RINGBUF: write fail, size = 13877 space is not enough
[03:24:13.122] RX< [ringbuf] no space data_len=14336
[03:24:13.122] RX< [3] [App Vpu] RINGBUF: write fail, size = 14238 space is not enough
[03:24:13.122] RX< [7] [cam] [404407][me0][me_core_thread:322]ME o
[03:24:13.189] RX< ut fid 1380
[03:24:13.189] RX< [ringbuf] no space data_len=79360
[03:24:13.189] RX< [3] [App Vpu] RINGBUF: write fail, size = 79310 space is not enough
[03:24:13.189] RX< [ringbuf] no space data_len=22528
[03:24:13.189] RX< [3] [App Vpu] RINGBUF: write fail, size = 22112 space is not enough
[03:24:13.189] RX< [ringbuf] no space data_len=8192
[03:24:13.189] RX< [3] [
[03:24:13.255] RX< App Vpu] RINGBUF: write fail, size = 8111 space is not enough
[03:24:13.255] RX< [ringbuf] no space data_len=15872
[03:24:13.255] RX< [3] [App Vpu] RINGBUF: write fail, size = 15387 space is not enough
[03:24:13.255] RX< [ringbuf] no space data_len=15360
[03:24:13.255] RX< [3] [App Vpu] RINGBUF: write fail, size = 15020 space is
[03:24:13.714] RX<  not enough
[03:24:13.714] RX< [RTMP] slow send frame 151 len=80534 dt=1671ms (IDR)
[03:24:13.714] RX< [RTMP] dropped 150 p-frames (backlog 97%)
[03:24:13.714] RX< [RTMP] f_index = 180, f_len = 21844
[03:24:13.714] RX< [33m[W/ftp] service go wrong, now wait restarting...[0m
[03:24:13.714] RX< [33m[W/ftp] service go wrong, now wait restarting...
[03:24:14.289] RX< [0m
[03:24:14.289] RX< [34m[AE] fid=1410,exp=10000,adg=250,Y=4120,mtg=180,shg=100,bgbv=1488,iso=250,cnv2,hdr0
[03:24:14.289] RX< [0m[7] [cam] [405407][me0][me_core_thread:322]ME out fid 1410
[03:24:14.289] RX< [ringbuf] no space data_len=23040
[03:24:14.289] RX< [3] [App Vpu] RINGBUF: write fail, size = 22606 space is not enough
[03:24:14.356] RX< 
[03:24:14.356] RX< [33m[W/ftp] service go wrong, now wait restarting...[0m
[03:24:14.356] RX< [ringbuf] no space data_len=10240
[03:24:14.356] RX< [3] [App Vpu] RINGBUF: write fail, size = 9989 space is not enough
[03:24:14.356] RX< [ringbuf] no space data_len=14848
[03:24:14.356] RX< [3] [App Vpu] RINGBUF: write fail, size = 14730 space is not
[03:24:14.456] RX<  enough
[03:24:14.456] RX< [ringbuf] no space data_len=14848
[03:24:14.456] RX< [3] [App Vpu] RINGBUF: write fail, size = 14763 space is not enough
[03:24:14.456] RX< [ringbuf] no space data_len=14848
[03:24:14.456] RX< [3] [App Vpu] RINGBUF: write fail, size = 14747 space is not enough
[03:24:14.456] RX< [ringbuf] no space data_len=15360
[03:24:14.456] RX< [3] [Ap
[03:24:14.522] RX< p Vpu] RINGBUF: write fail, size = 14888 space is not enough
[03:24:14.522] RX< [ringbuf] no space data_len=14848
[03:24:14.522] RX< [3] [App Vpu] RINGBUF: write fail, size = 14452 space is not enough
[03:24:14.522] RX< [ringbuf] no space data_len=14848
[03:24:14.522] RX< [3] [App Vpu] RINGBUF: write fail, size = 14545 space is 
[03:24:14.622] RX< not enough
[03:24:14.622] RX< [ringbuf] no space data_len=14848
[03:24:14.622] RX< [3] [App Vpu] RINGBUF: write fail, size = 14384 space is not enough
[03:24:14.622] RX< [ringbuf] no space data_len=14336
[03:24:14.622] RX< [3] [App Vpu] RINGBUF: write fail, size = 14243 space is not enough
[03:24:14.622] RX< [ringbuf] no space data_len=14848
[03:24:14.622] RX< [3] 
[03:24:14.689] RX< [App Vpu] RINGBUF: write fail, size = 14606 space is not enough
[03:24:14.689] RX< [ringbuf] no space data_len=14336
[03:24:14.689] RX< [3] [App Vpu] RINGBUF: write fail, size = 14161 space is not enough
[03:24:14.689] RX< [ringbuf] no space data_len=14336
[03:24:14.689] RX< [3] [App Vpu] RINGBUF: write fail, size = 14219 space 
[03:24:14.755] RX< is not enough
[03:24:14.755] RX< [ringbuf] no space data_len=14336
[03:24:14.755] RX< [3] [App Vpu] RINGBUF: write fail, size = 14171 space is not enough
[03:24:14.755] RX< [33m[W/ftp] service go wrong, now wait restarting...[0m
[03:24:14.755] RX< [ringbuf] no space data_len=14336
[03:24:14.755] RX< [3] [App Vpu] RINGBUF: write fail, size = 1427
[03:24:14.855] RX< 4 space is not enough
[03:24:14.855] RX< [ringbuf] no space data_len=14336
[03:24:14.855] RX< [3] [App Vpu] RINGBUF: write fail, size = 14037 space is not enough
[03:24:14.855] RX< [ringbuf] no space data_len=14336
[03:24:14.855] RX< [3] [App Vpu] RINGBUF: write fail, size = 14231 space is not enough
[03:24:14.855] RX< [ringbuf] no space data_len
[03:24:14.937] RX< =14336
[03:24:14.937] RX< [3] [App Vpu] RINGBUF: write fail, size = 13882 space is not enough
[03:24:14.937] RX< [ringbuf] no space data_len=13824
[03:24:14.937] RX< [3] [App Vpu] RINGBUF: write fail, size = 13505 space is not enough
[03:24:14.937] RX< [ringbuf] no space data_len=14336
[03:24:14.937] RX< [3] [App Vpu] RINGBUF: write fail, size = 1
[03:24:14.955] RX< 4034 space is not enough
[03:24:14.955] RX< [34m[AE] fid=1440,exp=10000,adg=250,Y=4125,mtg=180,shg=100,bgbv=1493,iso=250,cnv2,hdr0
[03:24:14.955] RX< [0m[34m[b_ae0 proc] perf=920(us), max=1014(us)!
[03:24:14.955] RX< [0m[34m[awb0 proc] perf=4399(us), max=4466(us)!
[03:24:14.955] RX< [0m[ringbuf] no space data_len=14336
[03:24:14.955] RX< [3]
[03:24:15.032] RX<  [App Vpu] RINGBUF: write fail, size = 14163 space is not enough
[03:24:15.032] RX< [ringbuf] no space data_len=14336
[03:24:15.032] RX< [3] [App Vpu] RINGBUF: write fail, size = 14127 space is not enough
[03:24:15.032] RX< [ringbuf] no space data_len=14336
[03:24:15.032] RX< [3] [App Vpu] RINGBUF: write fail, size = 13964 space
[03:24:15.089] RX<  is not enough
[03:24:15.089] RX< [34m[ME INTP]fid=1440, shutter=10000, perf=238(us), max=397(us)!
[03:24:15.089] RX< [0m[ringbuf] no space data_len=14336
[03:24:15.089] RX< [3] [App Vpu] RINGBUF: write fail, size = 14217 space is not enough
[03:24:15.089] RX< [ringbuf] no space data_len=13824
[03:24:15.089] RX< [3] [App Vpu] RINGBUF: write fail
[03:24:15.156] RX< , size = 13726 space is not enough
[03:24:15.156] RX< [7] [cam] [406407][me0][me_core_thread:322]ME out fid 1440
[03:24:15.156] RX< [ringbuf] no space data_len=79872
[03:24:15.156] RX< [3] [App Vpu] RINGBUF: write fail, size = 79510 space is not enough
[03:24:15.156] RX< [ringbuf] no space data_len=21504
[03:24:15.156] RX< [3] [App Vpu] RINGBUF: w
[03:24:15.256] RX< rite fail, size = 21091 space is not enough
[03:24:15.256] RX< [ringbuf] no space data_len=8192
[03:24:15.256] RX< [3] [App Vpu] RINGBUF: write fail, size = 7686 space is not enough
[03:24:15.256] RX< [ringbuf] no space data_len=24064
[03:24:15.256] RX< [3] [App Vpu] RINGBUF: write fail, size = 23678 space is not enough
[03:24:15.256] RX< [ringbu
[03:24:15.322] RX< f] no space data_len=6656
[03:24:15.322] RX< [3] [App Vpu] RINGBUF: write fail, size = 6431 space is not enough
[03:24:15.322] RX< [ringbuf] no space data_len=22528
[03:24:15.322] RX< [3] [App Vpu] RINGBUF: write fail, size = 22304 space is not enough
[03:24:15.322] RX< [33m[W/ftp] service go wrong, now wait restarting...[0m
[03:24:15.322] RX< [
[03:24:15.389] RX< ringbuf] no space data_len=9728
[03:24:15.389] RX< [3] [App Vpu] RINGBUF: write fail, size = 9542 space is not enough
[03:24:15.389] RX< [ringbuf] no space data_len=22016
[03:24:15.389] RX< [3] [App Vpu] RINGBUF: write fail, size = 21621 space is not enough
[03:24:15.389] RX< [ringbuf] no space data_len=9728
[03:24:15.389] RX< [3] [App Vpu] RINGBU
[03:24:15.489] RX< F: write fail, size = 9464 space is not enough
[03:24:15.489] RX< [ringbuf] no space data_len=22016
[03:24:15.489] RX< [3] [App Vpu] RINGBUF: write fail, size = 21641 space is not enough
[03:24:15.489] RX< [ringbuf] no space data_len=10240
[03:24:15.489] RX< [3] [App Vpu] RINGBUF: write fail, size = 9938 space is not enough
[03:24:15.489] RX< [ri
[03:24:15.555] RX< ngbuf] no space data_len=14336
[03:24:15.555] RX< [3] [App Vpu] RINGBUF: write fail, size = 14330 space is not enough
[03:24:15.555] RX< [ringbuf] no space data_len=14336
[03:24:15.555] RX< [3] [App Vpu] RINGBUF: write fail, size = 14281 space is not enough
[03:24:15.555] RX< [ringbuf] no space data_len=14336
[03:24:15.555] RX< [3] [App Vpu] RINGB
[03:24:15.622] RX< UF: write fail, size = 14287 space is not enough
[03:24:15.622] RX< [ringbuf] no space data_len=14848
[03:24:15.622] RX< [3] [App Vpu] RINGBUF: write fail, size = 14475 space is not enough
[03:24:15.622] RX< [ringbuf] no space data_len=14848
[03:24:15.622] RX< [3] [App Vpu] RINGBUF: write fail, size = 14546 space is not enough
[03:24:15.724] RX< [ringbuf] no space data_len=14848
[03:24:15.724] RX< [3] [App Vpu] RINGBUF: write fail, size = 14771 space is not enough
[03:24:15.724] RX< [ringbuf] no space data_len=14848
[03:24:15.724] RX< [3] [App Vpu] RINGBUF: write fail, size = 14614 space is not enough
[03:24:15.724] RX< [ringbuf] no space data_len=14848
[03:24:15.724] RX< [3] [App Vpu] RI
[03:24:15.789] RX< NGBUF: write fail, size = 14380 space is not enough
[03:24:15.789] RX< [33m[W/ftp] service go wrong, now wait restarting...[0m
[03:24:15.789] RX< [ringbuf] no space data_len=14848
[03:24:15.789] RX< [3] [App Vpu] RINGBUF: write fail, size = 14657 space is not enough
[03:24:15.789] RX< [ringbuf] no space data_len=14848
[03:24:15.789] RX< [3] [App
[03:24:15.855] RX<  Vpu] RINGBUF: write fail, size = 14825 space is not enough
[03:24:15.855] RX< [ringbuf] no space data_len=14336
[03:24:15.855] RX< [3] [App Vpu] RINGBUF: write fail, size = 14142 space is not enough
[03:24:15.855] RX< [ringbuf] no space data_len=15360
[03:24:15.855] RX< [3] [App Vpu] RINGBUF: write fail, size = 14855 space is n
[03:24:15.932] RX< ot enough
[03:24:15.932] RX< [ringbuf] no space data_len=15360
[03:24:15.932] RX< [3] [App Vpu] RINGBUF: write fail, size = 14853 space is not enough
[03:24:15.932] RX< [ringbuf] no space data_len=14848
[03:24:15.932] RX< [3] [App Vpu] RINGBUF: write fail, size = 14447 space is not enough
[03:24:15.932] RX< [34m[AE] fid=1470,exp=10000,adg=250,Y=
[03:24:15.989] RX< 4123,mtg=180,shg=100,bgbv=1488,iso=250,cnv2,hdr0
[03:24:15.989] RX< [0m[ringbuf] no space data_len=14848
[03:24:15.989] RX< [3] [App Vpu] RINGBUF: write fail, size = 14376 space is not enough
[03:24:15.989] RX< [ringbuf] no space data_len=14848
[03:24:15.989] RX< [3] [App Vpu] RINGBUF: write fail, size = 14444 space is not enoug
[03:24:16.089] RX< h
[03:24:16.089] RX< [ringbuf] no space data_len=13824
[03:24:16.089] RX< [3] [App Vpu] RINGBUF: write fail, size = 13764 space is not enough
[03:24:16.089] RX< [ringbuf] no space data_len=13824
[03:24:16.089] RX< [3] [App Vpu] RINGBUF: write fail, size = 13727 space is not enough
[03:24:16.089] RX< [ringbuf] no space data_len=14336
[03:24:16.089] RX< [3] [App Vpu]
[03:24:16.155] RX<  RINGBUF: write fail, size = 14224 space is not enough
[03:24:16.155] RX< [7] [cam] [407407][me0][me_core_thread:322]ME out fid 1470
[03:24:16.155] RX< [ringbuf] no space data_len=80384
[03:24:16.155] RX< [3] [App Vpu] RINGBUF: write fail, size = 79972 space is not enough
[03:24:16.155] RX< [ringbuf] no space data_len=20992
[03:24:16.155] RX< [3] 
[03:24:16.222] RX< [App Vpu] RINGBUF: write fail, size = 20798 space is not enough
[03:24:16.222] RX< [ringbuf] no space data_len=7680
[03:24:16.222] RX< [3] [App Vpu] RINGBUF: write fail, size = 7660 space is not enough
[03:24:16.222] RX< [ringbuf] no space data_len=23552
[03:24:16.222] RX< [3] [App Vpu] RINGBUF: write fail, size = 23439 space is
[03:24:16.304] RX<  not enough
[03:24:16.304] RX< [ringbuf] no space data_len=6656
[03:24:16.304] RX< [3] [App Vpu] RINGBUF: write fail, size = 6595 space is not enough
[03:24:16.304] RX< [ringbuf] no space data_len=22528
[03:24:16.304] RX< [3] [App Vpu] RINGBUF: write fail, size = 22375 space is not enough
[03:24:16.304] RX< [33m[W/ftp] service go wrong, now wait
[03:24:16.388] RX<  restarting...[0m
[03:24:16.388] RX< [ringbuf] no space data_len=9728
[03:24:16.388] RX< [3] [App Vpu] RINGBUF: write fail, size = 9600 space is not enough
[03:24:16.388] RX< [ringbuf] no space data_len=14336
[03:24:16.388] RX< [3] [App Vpu] RINGBUF: write fail, size = 14121 space is not enough
[03:24:16.388] RX< [ringbuf] no space data_len=14848
[03:24:16.454] RX< 
[03:24:16.454] RX< [3] [App Vpu] RINGBUF: write fail, size = 14400 space is not enough
[03:24:16.454] RX< [ringbuf] no space data_len=14336
[03:24:16.454] RX< [3] [App Vpu] RINGBUF: write fail, size = 14108 space is not enough
[03:24:16.454] RX< [ringbuf] no space data_len=14336
[03:24:16.454] RX< [3] [App Vpu] RINGBUF: write fail, size = 13955 s
[03:24:16.555] RX< pace is not enough
[03:24:16.555] RX< [ringbuf] no space data_len=13824
[03:24:16.555] RX< [3] [App Vpu] RINGBUF: write fail, size = 13714 space is not enough
[03:24:16.555] RX< [ringbuf] no space data_len=13824
[03:24:16.555] RX< [3] [App Vpu] RINGBUF: write fail, size = 13770 space is not enough
[03:24:16.555] RX< [ringbuf] no space data_len=13
[03:24:16.621] RX< 824
[03:24:16.621] RX< [3] [App Vpu] RINGBUF: write fail, size = 13794 space is not enough
[03:24:16.621] RX< [ringbuf] no space data_len=13824
[03:24:16.621] RX< [3] [App Vpu] RINGBUF: write fail, size = 13577 space is not enough
[03:24:16.621] RX< [ringbuf] no space data_len=21504
[03:24:16.621] RX< [3] [App Vpu] RINGBUF: write fail, size = 2147
[03:24:16.723] RX< 5 space is not enough
[03:24:16.723] RX< [ringbuf] no space data_len=9728
[03:24:16.723] RX< [3] [App Vpu] RINGBUF: write fail, size = 9374 space is not enough
[03:24:16.723] RX< [ringbuf] no space data_len=22016
[03:24:16.723] RX< [3] [App Vpu] RINGBUF: write fail, size = 21562 space is not enough
[03:24:16.723] RX< [ringbuf] no space data_len=9
[03:24:16.788] RX< 728
[03:24:16.788] RX< [3] [App Vpu] RINGBUF: write fail, size = 9320 space is not enough
[03:24:16.788] RX< [33m[W/ftp] service go wrong, now wait restarting...[0m
[03:24:16.788] RX< [ringbuf] no space data_len=21504
[03:24:16.788] RX< [3] [App Vpu] RINGBUF: write fail, size = 21486 space is not enough
[03:24:16.788] RX< [ringbuf] no space data
[03:24:16.854] RX< _len=9728
[03:24:16.854] RX< [3] [App Vpu] RINGBUF: write fail, size = 9564 space is not enough
[03:24:16.854] RX< [ringbuf] no space data_len=22016
[03:24:16.854] RX< [3] [App Vpu] RINGBUF: write fail, size = 21560 space is not enough
[03:24:16.854] RX< [ringbuf] no space data_len=9728
[03:24:16.854] RX< [3] [App Vpu] RINGBUF: write fail, size = 
[03:24:16.931] RX< 9634 space is not enough
[03:24:16.931] RX< [ringbuf] no space data_len=13824
[03:24:16.931] RX< [3] [App Vpu] RINGBUF: write fail, size = 13633 space is not enough
[03:24:16.931] RX< [ringbuf] no space data_len=13824
[03:24:16.931] RX< [3] [App Vpu] RINGBUF: write fail, size = 13571 space is not enough
[03:24:16.931] RX< [34m[AE] fid=1500,exp=1
[03:24:16.988] RX< 0000,adg=250,Y=4130,mtg=180,shg=100,bgbv=1493,iso=250,cnv2,hdr0
[03:24:16.988] RX< [0m[ringbuf] no space data_len=13824
[03:24:16.988] RX< [3] [App Vpu] RINGBUF: write fail, size = 13493 space is not enough
[03:24:16.988] RX< [ringbuf] no space data_len=21504
[03:24:16.988] RX< [3] [App Vpu] RINGBUF: write fail, size = 21408 spa
[03:24:17.088] RX< ce is not enough
[03:24:17.088] RX< [ringbuf] no space data_len=9728
[03:24:17.088] RX< [3] [App Vpu] RINGBUF: write fail, size = 9299 space is not enough
[03:24:17.088] RX< [ringbuf] no space data_len=21504
[03:24:17.088] RX< [3] [App Vpu] RINGBUF: write fail, size = 21162 space is not enough
[03:24:17.088] RX< [ringbuf] no space data_len=9216
[03:24:17.088] RX< [
[03:24:17.154] RX< 3] [App Vpu] RINGBUF: write fail, size = 9189 space is not enough
[03:24:17.154] RX< [7] [cam] [408407][me0][me_core_thread:322]ME out fid 1500
[03:24:17.154] RX< [ringbuf] no space data_len=71680
[03:24:17.154] RX< [3] [App Vpu] RINGBUF: write fail, size = 71598 space is not enough
[03:24:17.154] RX< [ringbuf] no space data_len
[03:24:17.221] RX< =30208
[03:24:17.221] RX< [3] [App Vpu] RINGBUF: write fail, size = 29879 space is not enough
[03:24:17.221] RX< [ringbuf] no space data_len=6144
[03:24:17.221] RX< [3] [App Vpu] RINGBUF: write fail, size = 5676 space is not enough
[03:24:17.221] RX< [ringbuf] no space data_len=15872
[03:24:17.221] RX< [3] [App Vpu] RINGBUF: write fail, size = 154
[03:24:17.304] RX< 10 space is not enough
[03:24:17.304] RX< [ringbuf] no space data_len=14848
[03:24:17.304] RX< [3] [App Vpu] RINGBUF: write fail, size = 14583 space is not enough
[03:24:17.304] RX< [ringbuf] no space data_len=14848
[03:24:17.304] RX< [3] [App Vpu] RINGBUF: write fail, size = 14522 space is not enough
[03:24:17.304] RX< [33m[W/ftp] service go wr
[03:24:17.388] RX< ong, now wait restarting...[0m
[03:24:17.388] RX< [ringbuf] no space data_len=14848
[03:24:17.388] RX< [3] [App Vpu] RINGBUF: write fail, size = 14482 space is not enough
[03:24:17.388] RX< [ringbuf] no space data_len=14848
[03:24:17.388] RX< [3] [App Vpu] RINGBUF: write fail, size = 14845 space is not enough
[03:24:17.388] RX< [ringbuf] no space
[03:24:17.454] RX<  data_len=14848
[03:24:17.454] RX< [3] [App Vpu] RINGBUF: write fail, size = 14822 space is not enough
[03:24:17.454] RX< [ringbuf] no space data_len=14848
[03:24:17.454] RX< [3] [App Vpu] RINGBUF: write fail, size = 14625 space is not enough
[03:24:17.454] RX< [ringbuf] no space data_len=14848
[03:24:17.454] RX< [3] [App Vpu] RINGBUF: write fail,
[03:24:17.554] RX<  size = 14594 space is not enough
[03:24:17.554] RX< [ringbuf] no space data_len=15872
[03:24:17.554] RX< [3] [App Vpu] RINGBUF: write fail, size = 15818 space is not enough
[03:24:17.554] RX< [ringbuf] no space data_len=12288
[03:24:17.554] RX< [3] [App Vpu] RINGBUF: write fail, size = 11791 space is not enough
[03:24:17.554] RX< [ringbuf] no sp
[03:24:17.621] RX< ace data_len=16896
[03:24:17.621] RX< [3] [App Vpu] RINGBUF: write fail, size = 16891 space is not enough
[03:24:17.621] RX< [ringbuf] no space data_len=12288
[03:24:17.621] RX< [3] [App Vpu] RINGBUF: write fail, size = 11909 space is not enough
[03:24:17.621] RX< [ringbuf] no space data_len=17920
[03:24:17.621] RX< [3] [App Vpu] RINGBUF: write fa
[03:24:17.723] RX< il, size = 17455 space is not enough
[03:24:17.723] RX< [ringbuf] no space data_len=12288
[03:24:17.723] RX< [3] [App Vpu] RINGBUF: write fail, size = 12159 space is not enough
[03:24:17.723] RX< [ringbuf] no space data_len=16896
[03:24:17.723] RX< [3] [App Vpu] RINGBUF: write fail, size = 16850 space is not enough
[03:24:17.723] RX< [ringbuf] no
[03:24:17.788] RX<  space data_len=12288
[03:24:17.788] RX< [3] [App Vpu] RINGBUF: write fail, size = 12110 space is not enough
[03:24:17.788] RX< [33m[W/ftp] service go wrong, now wait restarting...[0m
[03:24:17.788] RX< [ringbuf] no space data_len=16896
[03:24:17.788] RX< [3] [App Vpu] RINGBUF: write fail, size = 16508 space is not enough
[03:24:17.788] RX< [rin
[03:24:17.854] RX< gbuf] no space data_len=11264
[03:24:17.854] RX< [3] [App Vpu] RINGBUF: write fail, size = 11090 space is not enough
[03:24:17.854] RX< [ringbuf] no space data_len=16384
[03:24:17.854] RX< [3] [App Vpu] RINGBUF: write fail, size = 16092 space is not enough
[03:24:17.854] RX< [ringbuf] no space data_len=16896
[03:24:17.854] RX< [3] [App Vpu] RINGBU
[03:24:17.937] RX< F: write fail, size = 16445 space is not enough
[03:24:17.937] RX< [ringbuf] no space data_len=12288
[03:24:17.937] RX< [3] [App Vpu] RINGBUF: write fail, size = 11809 space is not enough
[03:24:17.937] RX< [ringbuf] no space data_len=16896
[03:24:17.937] RX< [3] [App Vpu] RINGBUF: write fail, size = 16872 space is not enough
[03:24:17.937] RX< 
[03:24:17.954] RX< [34m[AE] fid=1530,exp=10250,adg=244,Y=4288,mtg=180,shg=100,bgbv=1545,iso=244,cnv2,hdr0
[03:24:17.954] RX< [0m[34m[b_ae0 proc] perf=830(us), max=1035(us)!
[03:24:17.954] RX< [0m[34m[awb0 proc] perf=4393(us), max=4451(us)!
[03:24:17.954] RX< [0m[ringbuf] no space data_len=13824
[03:24:17.954] RX< [3] [App Vpu] RINGBUF: write f
[03:24:18.054] RX< ail, size = 13476 space is not enough
[03:24:18.054] RX< [ringbuf] no space data_len=12288
[03:24:18.054] RX< [3] [App Vpu] RINGBUF: write fail, size = 11840 space is not enough
[03:24:18.054] RX< [ringbuf] no space data_len=16384
[03:24:18.054] RX< [3] [App Vpu] RINGBUF: write fail, size = 16021 space is not enough
[03:24:18.054] RX< [ringbuf] n
[03:24:18.121] RX< o space data_len=11776
[03:24:18.121] RX< [3] [App Vpu] RINGBUF: write fail, size = 11597 space is not enough
[03:24:18.121] RX< [ringbuf] no space data_len=15872
[03:24:18.121] RX< [3] [App Vpu] RINGBUF: write fail, size = 15740 space is not enough
[03:24:18.121] RX< [7] [cam] [409406][me0][me_core_thread:322]ME out fid 1530
[03:24:18.121] RX< [r
[03:24:18.188] RX< ingbuf] no space data_len=74752
[03:24:18.188] RX< [3] [App Vpu] RINGBUF: write fail, size = 74262 space is not enough
[03:24:18.188] RX< [ringbuf] no space data_len=23552
[03:24:18.188] RX< [3] [App Vpu] RINGBUF: write fail, size = 23183 space is not enough
[03:24:18.188] RX< [ringbuf] no space data_len=9216
[03:24:18.188] RX< [3] [App Vpu] RINGB
[03:24:18.288] RX< UF: write fail, size = 9204 space is not enough
[03:24:18.288] RX< [ringbuf] no space data_len=18432
[03:24:18.288] RX< [3] [App Vpu] RINGBUF: write fail, size = 18234 space is not enough
[03:24:18.288] RX< [ringbuf] no space data_len=11264
[03:24:18.288] RX< [3] [App Vpu] RINGBUF: write fail, size = 10788 space is not enough
[03:24:18.288] RX< [
[03:24:18.321] RX< ringbuf] no space data_len=15360
[03:24:18.321] RX< [3] [App Vpu] RINGBUF: write fail, size = 14992 space is not enough
[03:24:18.321] RX< [33m[W/ftp] service go wrong, now wait restarting...[0m
[03:24:18.321] RX< [ringbuf] no space data_len=15872
[03:24:18.321] RX< [3] [App Vpu] RINGBUF: write fail, size = 15616 space is not e
[03:24:18.421] RX< nough
[03:24:18.421] RX< [ringbuf] no space data_len=15360
[03:24:18.421] RX< [3] [App Vpu] RINGBUF: write fail, size = 15268 space is not enough
[03:24:18.421] RX< [ringbuf] no space data_len=15360
[03:24:18.421] RX< [3] [App Vpu] RINGBUF: write fail, size = 15118 space is not enough
[03:24:18.421] RX< [ringbuf] no space data_len=16384
[03:24:18.421] RX< [3] [App 
[03:24:18.488] RX< Vpu] RINGBUF: write fail, size = 16278 space is not enough
[03:24:18.488] RX< [ringbuf] no space data_len=11264
[03:24:18.488] RX< [3] [App Vpu] RINGBUF: write fail, size = 10908 space is not enough
[03:24:18.488] RX< [ringbuf] no space data_len=15872
[03:24:18.488] RX< [3] [App Vpu] RINGBUF: write fail, size = 15825 space is no
[03:24:18.588] RX< t enough
[03:24:18.588] RX< [ringbuf] no space data_len=16384
[03:24:18.588] RX< [3] [App Vpu] RINGBUF: write fail, size = 16248 space is not enough
[03:24:18.588] RX< [ringbuf] no space data_len=11264
[03:24:18.588] RX< [3] [App Vpu] RINGBUF: write fail, size = 10836 space is not enough
[03:24:18.588] RX< [ringbuf] no space data_len=15872
[03:24:18.588] RX< [3] [A
[03:24:18.655] RX< pp Vpu] RINGBUF: write fail, size = 15597 space is not enough
[03:24:18.655] RX< [ringbuf] no space data_len=15360
[03:24:18.655] RX< [3] [App Vpu] RINGBUF: write fail, size = 15285 space is not enough
[03:24:18.655] RX< [ringbuf] no space data_len=15872
[03:24:18.655] RX< [3] [App Vpu] RINGBUF: write fail, size = 15582 space is
[03:24:18.724] RX<  not enough
[03:24:18.724] RX< [ringbuf] no space data_len=11264
[03:24:18.724] RX< [3] [App Vpu] RINGBUF: write fail, size = 11165 space is not enough
[03:24:18.724] RX< [ringbuf] no space data_len=15872
[03:24:18.724] RX< [3] [App Vpu] RINGBUF: write fail, size = 15624 space is not enough
[03:24:18.724] RX< [33m[W/ftp] service go wrong, now wa
[03:24:18.821] RX< it restarting...[0m
[03:24:18.821] RX< [ringbuf] no space data_len=16896
[03:24:18.821] RX< [3] [App Vpu] RINGBUF: write fail, size = 16431 space is not enough
[03:24:18.821] RX< [ringbuf] no space data_len=11776
[03:24:18.821] RX< [3] [App Vpu] RINGBUF: write fail, size = 11454 space is not enough
[03:24:18.821] RX< [ringbuf] no space data_len=1
[03:24:18.888] RX< 6384
[03:24:18.888] RX< [3] [App Vpu] RINGBUF: write fail, size = 16265 space is not enough
[03:24:18.888] RX< [ringbuf] no space data_len=16896
[03:24:18.888] RX< [3] [App Vpu] RINGBUF: write fail, size = 16542 space is not enough
[03:24:18.888] RX< [ringbuf] no space data_len=11776
[03:24:18.888] RX< [3] [App Vpu] RINGBUF: write fail, size = 116
[03:24:18.955] RX< 97 space is not enough
[03:24:18.955] RX< [ringbuf] no space data_len=16384
[03:24:18.955] RX< [3] [App Vpu] RINGBUF: write fail, size = 15919 space is not enough
[03:24:18.955] RX< [34m[AE] fid=1560,exp=10000,adg=250,Y=4154,mtg=180,shg=100,bgbv=1502,iso=250,cnv2,hdr0
[03:24:18.955] RX< [0m[ringbuf] no space data_len=15360
[03:24:18.955] RX< [3]
[03:24:19.032] RX<  [App Vpu] RINGBUF: write fail, size = 15245 space is not enough
[03:24:19.032] RX< [ringbuf] no space data_len=15872
[03:24:19.032] RX< [3] [App Vpu] RINGBUF: write fail, size = 15634 space is not enough
[03:24:19.032] RX< [ringbuf] no space data_len=10752
[03:24:19.032] RX< [3] [App Vpu] RINGBUF: write fail, size = 10364 space
[03:24:19.087] RX<  is not enough
[03:24:19.087] RX< [34m[ME INTP]fid=1560, shutter=10000, perf=1373(us), max=1537(us)!
[03:24:19.087] RX< [0m[ringbuf] no space data_len=22016
[03:24:19.087] RX< [3] [App Vpu] RINGBUF: write fail, size = 21798 space is not enough
[03:24:19.087] RX< [ringbuf] no space data_len=10752
[03:24:19.087] RX< [3] [App Vpu] RINGBUF: write fa
[03:24:19.154] RX< il, size = 10367 space is not enough
[03:24:19.154] RX< [7] [cam] [410406][me0][me_core_thread:322]ME out fid 1560
[03:24:19.154] RX< [ringbuf] no space data_len=70144
[03:24:19.154] RX< [3] [App Vpu] RINGBUF: write fail, size = 69962 space is not enough
[03:24:19.154] RX< [ringbuf] no space data_len=20480
[03:24:19.154] RX< [3] [App Vpu] RINGBUF:
[03:24:19.254] RX<  write fail, size = 20402 space is not enough
[03:24:19.254] RX< [ringbuf] no space data_len=11264
[03:24:19.254] RX< [3] [App Vpu] RINGBUF: write fail, size = 11132 space is not enough
[03:24:19.254] RX< [ringbuf] no space data_len=15872
[03:24:19.254] RX< [3] [App Vpu] RINGBUF: write fail, size = 15770 space is not enough
[03:24:19.254] RX< [ri
[03:24:19.303] RX< ngbuf] no space data_len=14848
[03:24:19.303] RX< [3] [App Vpu] RINGBUF: write fail, size = 14741 space is not enough
[03:24:19.303] RX< [ringbuf] no space data_len=15360
[03:24:19.303] RX< [3] [App Vpu] RINGBUF: write fail, size = 14989 space is not enough
[03:24:19.303] RX< [33m[W/ftp] service go wrong, now wait restarting...
[03:24:19.387] RX< [0m
[03:24:19.387] RX< [ringbuf] no space data_len=14848
[03:24:19.387] RX< [3] [App Vpu] RINGBUF: write fail, size = 14776 space is not enough
[03:24:19.387] RX< [ringbuf] no space data_len=14848
[03:24:19.387] RX< [3] [App Vpu] RINGBUF: write fail, size = 14744 space is not enough
[03:24:19.387] RX< [ringbuf] no space data_len=15360
[03:24:19.387] RX< [3] [App Vp
[03:24:19.453] RX< u] RINGBUF: write fail, size = 15168 space is not enough
[03:24:19.453] RX< [ringbuf] no space data_len=14848
[03:24:19.453] RX< [3] [App Vpu] RINGBUF: write fail, size = 14517 space is not enough
[03:24:19.453] RX< [ringbuf] no space data_len=14848
[03:24:19.453] RX< [3] [App Vpu] RINGBUF: write fail, size = 14396 space is not 
[03:24:19.554] RX< enough
[03:24:19.554] RX< [ringbuf] no space data_len=14336
[03:24:19.554] RX< [3] [App Vpu] RINGBUF: write fail, size = 14245 space is not enough
[03:24:19.554] RX< [ringbuf] no space data_len=14336
[03:24:19.554] RX< [3] [App Vpu] RINGBUF: write fail, size = 13838 space is not enough
[03:24:19.554] RX< [ringbuf] no space data_len=13824
[03:24:19.554] RX< [3] [App
[03:24:19.620] RX<  Vpu] RINGBUF: write fail, size = 13472 space is not enough
[03:24:19.620] RX< [ringbuf] no space data_len=14336
[03:24:19.620] RX< [3] [App Vpu] RINGBUF: write fail, size = 13908 space is not enough
[03:24:19.620] RX< [ringbuf] no space data_len=14336
[03:24:19.620] RX< [3] [App Vpu] RINGBUF: write fail, size = 14050 space is n
[03:24:19.723] RX< ot enough
[03:24:19.723] RX< [ringbuf] no space data_len=14336
[03:24:19.723] RX< [3] [App Vpu] RINGBUF: write fail, size = 13892 space is not enough
[03:24:19.723] RX< [ringbuf] no space data_len=13824
[03:24:19.723] RX< [3] [App Vpu] RINGBUF: write fail, size = 13639 space is not enough
[03:24:19.723] RX< [ringbuf] no space data_len=22016
[03:24:19.723] RX< [3] [
[03:24:19.787] RX< App Vpu] RINGBUF: write fail, size = 21759 space is not enough
[03:24:19.787] RX< [33m[W/ftp] service go wrong, now wait restarting...[0m
[03:24:19.787] RX< [ringbuf] no space data_len=9728
[03:24:19.787] RX< [3] [App Vpu] RINGBUF: write fail, size = 9590 space is not enough
[03:24:19.787] RX< [ringbuf] no space data_len=22016
[03:24:19.853] RX< 
[03:24:19.853] RX< [3] [App Vpu] RINGBUF: write fail, size = 21526 space is not enough
[03:24:19.853] RX< [ringbuf] no space data_len=9728
[03:24:19.853] RX< [3] [App Vpu] RINGBUF: write fail, size = 9527 space is not enough
[03:24:19.853] RX< [ringbuf] no space data_len=22016
[03:24:19.853] RX< [3] [App Vpu] RINGBUF: write fail, size = 21685 spa
[03:24:19.930] RX< ce is not enough
[03:24:19.930] RX< [ringbuf] no space data_len=9216
[03:24:19.930] RX< [3] [App Vpu] RINGBUF: write fail, size = 9040 space is not enough
[03:24:19.930] RX< [ringbuf] no space data_len=21504
[03:24:19.930] RX< [3] [App Vpu] RINGBUF: write fail, size = 21390 space is not enough
[03:24:19.930] RX< [34m[AE] fid=1590,exp=10000,adg=2
[03:24:19.987] RX< 50,Y=4141,mtg=180,shg=100,bgbv=1497,iso=250,cnv2,hdr0
[03:24:19.987] RX< [0m[ringbuf] no space data_len=9728
[03:24:19.987] RX< [3] [App Vpu] RINGBUF: write fail, size = 9327 space is not enough
[03:24:19.987] RX< [ringbuf] no space data_len=20992
[03:24:19.987] RX< [3] [App Vpu] RINGBUF: write fail, size = 20800 space is not en
[03:24:20.087] RX< ough
[03:24:20.087] RX< [ringbuf] no space data_len=9216
[03:24:20.087] RX< [3] [App Vpu] RINGBUF: write fail, size = 9102 space is not enough
[03:24:20.087] RX< [ringbuf] no space data_len=21504
[03:24:20.087] RX< [3] [App Vpu] RINGBUF: write fail, size = 21133 space is not enough
[03:24:20.087] RX< [ringbuf] no space data_len=9728
[03:24:20.087] RX< [3] [App Vpu]
[03:24:20.153] RX<  RINGBUF: write fail, size = 9222 space is not enough
[03:24:20.153] RX< [7] [cam] [411406][me0][me_core_thread:322]ME out fid 1590
[03:24:20.153] RX< [ringbuf] no space data_len=71680
[03:24:20.153] RX< [3] [App Vpu] RINGBUF: write fail, size = 71669 space is not enough
[03:24:20.153] RX< [ringbuf] no space data_len=30208
[03:24:20.153] RX< [3] [
[03:24:20.220] RX< App Vpu] RINGBUF: write fail, size = 29773 space is not enough
[03:24:20.220] RX< [ringbuf] no space data_len=5632
[03:24:20.220] RX< [3] [App Vpu] RINGBUF: write fail, size = 5574 space is not enough
[03:24:20.220] RX< [ringbuf] no space data_len=15872
[03:24:20.220] RX< [3] [App Vpu] RINGBUF: write fail, size = 15373 space is 
[03:24:20.303] RX< not enough
[03:24:20.303] RX< [ringbuf] no space data_len=14848
[03:24:20.303] RX< [3] [App Vpu] RINGBUF: write fail, size = 14638 space is not enough
[03:24:20.303] RX< [ringbuf] no space data_len=14848
[03:24:20.303] RX< [3] [App Vpu] RINGBUF: write fail, size = 14554 space is not enough
[03:24:20.303] RX< [33m[W/ftp] service go wrong, now wai
[03:24:20.387] RX< t restarting...[0m
[03:24:20.387] RX< [ringbuf] no space data_len=14848
[03:24:20.387] RX< [3] [App Vpu] RINGBUF: write fail, size = 14583 space is not enough
[03:24:20.387] RX< [ringbuf] no space data_len=14336
[03:24:20.387] RX< [3] [App Vpu] RINGBUF: write fail, size = 14082 space is not enough
[03:24:20.387] RX< [ringbuf] no space data_len=14
[03:24:20.453] RX< 336
[03:24:20.453] RX< [3] [App Vpu] RINGBUF: write fail, size = 14133 space is not enough
[03:24:20.453] RX< [ringbuf] no space data_len=14336
[03:24:20.453] RX< [3] [App Vpu] RINGBUF: write fail, size = 14132 space is not enough
[03:24:20.453] RX< [ringbuf] no space data_len=13824
[03:24:20.453] RX< [3] [App Vpu] RINGBUF: write fail, size = 1372
[03:24:20.553] RX< 9 space is not enough
[03:24:20.553] RX< [ringbuf] no space data_len=14336
[03:24:20.553] RX< [3] [App Vpu] RINGBUF: write fail, size = 13892 space is not enough
[03:24:20.553] RX< [ringbuf] no space data_len=14336
[03:24:20.553] RX< [3] [App Vpu] RINGBUF: write fail, size = 13881 space is not enough
[03:24:20.553] RX< [ringbuf] no space data_len
[03:24:20.620] RX< =13824
[03:24:20.620] RX< [3] [App Vpu] RINGBUF: write fail, size = 13580 space is not enough
[03:24:20.620] RX< [ringbuf] no space data_len=13824
[03:24:20.620] RX< [3] [App Vpu] RINGBUF: write fail, size = 13618 space is not enough
[03:24:20.620] RX< [ringbuf] no space data_len=21504
[03:24:20.620] RX< [3] [App Vpu] RINGBUF: write fail, size = 2
[03:24:20.724] RX< 1005 space is not enough
[03:24:20.724] RX< [ringbuf] no space data_len=9216
[03:24:20.724] RX< [3] [App Vpu] RINGBUF: write fail, size = 9088 space is not enough
[03:24:20.724] RX< [ringbuf] no space data_len=21504
[03:24:20.724] RX< [3] [App Vpu] RINGBUF: write fail, size = 21366 space is not enough
[03:24:20.724] RX< [ringbuf] no space data_le
[03:24:20.787] RX< n=9216
[03:24:20.787] RX< [3] [App Vpu] RINGBUF: write fail, size = 9124 space is not enough
[03:24:20.787] RX< [33m[W/ftp] service go wrong, now wait restarting...[0m
[03:24:20.787] RX< [ringbuf] no space data_len=21504
[03:24:20.787] RX< [3] [App Vpu] RINGBUF: write fail, size = 21053 space is not enough
[03:24:20.787] RX< [ringbuf] no space d
[03:24:20.853] RX< ata_len=9216
[03:24:20.853] RX< [3] [App Vpu] RINGBUF: write fail, size = 9046 space is not enough
[03:24:20.853] RX< [ringbuf] no space data_len=20992
[03:24:20.853] RX< [3] [App Vpu] RINGBUF: write fail, size = 20967 space is not enough
[03:24:20.853] RX< [ringbuf] no space data_len=10240
[03:24:20.853] RX< [3] [App Vpu] RINGBUF: write fail, siz
[03:24:20.935] RX< e = 10002 space is not enough
[03:24:20.935] RX< [ringbuf] no space data_len=22528
[03:24:20.935] RX< [3] [App Vpu] RINGBUF: write fail, size = 22486 space is not enough
[03:24:20.935] RX< [ringbuf] no space data_len=11264
[03:24:20.935] RX< [3] [App Vpu] RINGBUF: write fail, size = 10812 space is not enough
[03:24:20.935] RX< [34m[AE] fid=1620,
[03:24:20.953] RX< exp=10000,adg=250,Y=4181,mtg=180,shg=100,bgbv=1510,iso=250,cnv2,hdr0
[03:24:20.953] RX< [0m[34m[b_ae0 proc] perf=871(us), max=1021(us)!
[03:24:20.953] RX< [0m[34m[awb0 proc] perf=4438(us), max=4461(us)!
[03:24:20.953] RX< [0m[ringbuf] no space data_len=15872
[03:24:20.953] RX< [3] [App Vpu] RINGBUF: write fail, size = 15551 
[03:24:21.053] RX< space is not enough
[03:24:21.053] RX< [ringbuf] no space data_len=15360
[03:24:21.053] RX< [3] [App Vpu] RINGBUF: write fail, size = 15288 space is not enough
[03:24:21.053] RX< [ringbuf] no space data_len=10752
[03:24:21.053] RX< [3] [App Vpu] RINGBUF: write fail, size = 10381 space is not enough
[03:24:21.053] RX< [ringbuf] no space data_len=2
[03:24:21.120] RX< 2528
[03:24:21.120] RX< [3] [App Vpu] RINGBUF: write fail, size = 22268 space is not enough
[03:24:21.120] RX< [ringbuf] no space data_len=11264
[03:24:21.120] RX< [3] [App Vpu] RINGBUF: write fail, size = 11001 space is not enough
[03:24:21.120] RX< [7] [cam] [412406][me0][me_core_thread:322]ME out fid 1620
[03:24:21.120] RX< [ringbuf] no space d
[03:24:21.187] RX< ata_len=71168
[03:24:21.187] RX< [3] [App Vpu] RINGBUF: write fail, size = 70855 space is not enough
[03:24:21.187] RX< [ringbuf] no space data_len=21504
[03:24:21.187] RX< [3] [App Vpu] RINGBUF: write fail, size = 21353 space is not enough
[03:24:21.187] RX< [ringbuf] no space data_len=8192
[03:24:21.187] RX< [3] [App Vpu] RINGBUF: write fail, si
[03:24:21.287] RX< ze = 7839 space is not enough
[03:24:21.287] RX< [ringbuf] no space data_len=15360
[03:24:21.287] RX< [3] [App Vpu] RINGBUF: write fail, size = 14959 space is not enough
[03:24:21.287] RX< [ringbuf] no space data_len=13824
[03:24:21.287] RX< [3] [App Vpu] RINGBUF: write fail, size = 13588 space is not enough
[03:24:21.287] RX< [ringbuf] no space 
[03:24:21.353] RX< data_len=14336
[03:24:21.353] RX< [3] [App Vpu] RINGBUF: write fail, size = 13970 space is not enough
[03:24:21.353] RX< [33m[W/ftp] service go wrong, now wait restarting...[0m
[03:24:21.353] RX< [ringbuf] no space data_len=14336
[03:24:21.353] RX< [3] [App Vpu] RINGBUF: write fail, size = 13846 space is not enough
[03:24:21.353] RX< [ringbuf] n
[03:24:21.420] RX< o space data_len=13824
[03:24:21.420] RX< [3] [App Vpu] RINGBUF: write fail, size = 13615 space is not enough
[03:24:21.420] RX< [ringbuf] no space data_len=13824
[03:24:21.420] RX< [3] [App Vpu] RINGBUF: write fail, size = 13618 space is not enough
[03:24:21.420] RX< [ringbuf] no space data_len=22016
[03:24:21.420] RX< [3] [App Vpu] RINGBUF: writ
[03:24:21.520] RX< e fail, size = 21689 space is not enough
[03:24:21.520] RX< [ringbuf] no space data_len=9728
[03:24:21.520] RX< [3] [App Vpu] RINGBUF: write fail, size = 9337 space is not enough
[03:24:21.520] RX< [ringbuf] no space data_len=20992
[03:24:21.520] RX< [3] [App Vpu] RINGBUF: write fail, size = 20762 space is not enough
[03:24:21.520] RX< [ringbuf] 
[03:24:21.587] RX< no space data_len=9216
[03:24:21.587] RX< [3] [App Vpu] RINGBUF: write fail, size = 9006 space is not enough
[03:24:21.587] RX< [ringbuf] no space data_len=21504
[03:24:21.587] RX< [3] [App Vpu] RINGBUF: write fail, size = 21054 space is not enough
[03:24:21.587] RX< [ringbuf] no space data_len=9216
[03:24:21.587] RX< [3] [App Vpu] RINGBUF: write 
[03:24:21.687] RX< fail, size = 9086 space is not enough
[03:24:21.687] RX< [ringbuf] no space data_len=20992
[03:24:21.687] RX< [3] [App Vpu] RINGBUF: write fail, size = 20630 space is not enough
[03:24:21.687] RX< [ringbuf] no space data_len=9216
[03:24:21.687] RX< [3] [App Vpu] RINGBUF: write fail, size = 8896 space is not enough
[03:24:21.687] RX< [ringbuf] no 
[03:24:21.753] RX< space data_len=21504
[03:24:21.753] RX< [3] [App Vpu] RINGBUF: write fail, size = 21232 space is not enough
[03:24:21.753] RX< [ringbuf] no space data_len=9216
[03:24:21.753] RX< [3] [App Vpu] RINGBUF: write fail, size = 8869 space is not enough
[03:24:21.753] RX< [33m[W/ftp] service go wrong, now wait restarting...[0m
[03:24:21.753] RX< [ringbu
[03:24:21.820] RX< f] no space data_len=21504
[03:24:21.820] RX< [3] [App Vpu] RINGBUF: write fail, size = 21068 space is not enough
[03:24:21.820] RX< [ringbuf] no space data_len=9216
[03:24:21.820] RX< [3] [App Vpu] RINGBUF: write fail, size = 9187 space is not enough
[03:24:21.820] RX< [ringbuf] no space data_len=21504
[03:24:21.820] RX< [3] [App Vpu] RINGBUF: wr
[03:24:21.930] RX< ite fail, size = 21152 space is not enough
[03:24:21.930] RX< [ringbuf] no space data_len=9728
[03:24:21.930] RX< [3] [App Vpu] RINGBUF: write fail, size = 9454 space is not enough
[03:24:21.930] RX< [ringbuf] no space data_len=20992
[03:24:21.930] RX< [3] [App Vpu] RINGBUF: write fail, size = 20885 space is not enough
[03:24:21.930] RX< [ringbuf
[03:24:21.953] RX< ] no space data_len=9728
[03:24:21.953] RX< [3] [App Vpu] RINGBUF: write fail, size = 9347 space is not enough
[03:24:21.953] RX< [34m[AE] fid=1650,exp=10000,adg=250,Y=4143,mtg=180,shg=100,bgbv=1497,iso=250,cnv2,hdr0
[03:24:21.953] RX< [0m[ringbuf] no space data_len=21504
[03:24:21.953] RX< [3] [App Vpu] RINGBUF: write fail, si
[03:24:22.054] RX< ze = 21149 space is not enough
[03:24:22.054] RX< [ringbuf] no space data_len=9728
[03:24:22.054] RX< [3] [App Vpu] RINGBUF: write fail, size = 9352 space is not enough
[03:24:22.054] RX< [ringbuf] no space data_len=22016
[03:24:22.054] RX< [3] [App Vpu] RINGBUF: write fail, size = 21907 space is not enough
[03:24:22.054] RX< [ringbuf] no space d
[03:24:22.120] RX< ata_len=10240
[03:24:22.120] RX< [3] [App Vpu] RINGBUF: write fail, size = 9766 space is not enough
[03:24:22.120] RX< [ringbuf] no space data_len=14848
[03:24:22.120] RX< [3] [App Vpu] RINGBUF: write fail, size = 14456 space is not enough
[03:24:22.120] RX< [7] [cam] [413406][me0][me_core_thread:322]ME out fid 1650
[03:24:22.120] RX< [ringbuf] no
[03:24:22.187] RX<  space data_len=79360
[03:24:22.187] RX< [3] [App Vpu] RINGBUF: write fail, size = 79166 space is not enough
[03:24:22.187] RX< [ringbuf] no space data_len=21504
[03:24:22.187] RX< [3] [App Vpu] RINGBUF: write fail, size = 21375 space is not enough
[03:24:22.187] RX< [ringbuf] no space data_len=8192
[03:24:22.187] RX< [3] [App Vpu] RINGBUF: write 
[03:24:22.286] RX< fail, size = 8043 space is not enough
[03:24:22.286] RX< [ringbuf] no space data_len=15360
[03:24:22.286] RX< [3] [App Vpu] RINGBUF: write fail, size = 15334 space is not enough
[03:24:22.286] RX< [ringbuf] no space data_len=14848
[03:24:22.286] RX< [3] [App Vpu] RINGBUF: write fail, size = 14712 space is not enough
[03:24:22.286] RX< [ringbuf] n
[03:24:22.352] RX< o space data_len=15360
[03:24:22.352] RX< [3] [App Vpu] RINGBUF: write fail, size = 14976 space is not enough
[03:24:22.352] RX< [33m[W/ftp] service go wrong, now wait restarting...[0m
[03:24:22.352] RX< [ringbuf] no space data_len=14336
[03:24:22.352] RX< [3] [App Vpu] RINGBUF: write fail, size = 14334 space is not enough
[03:24:22.352] RX< [ri
[03:24:22.420] RX< ngbuf] no space data_len=14848
[03:24:22.420] RX< [3] [App Vpu] RINGBUF: write fail, size = 14740 space is not enough
[03:24:22.420] RX< [ringbuf] no space data_len=14848
[03:24:22.420] RX< [3] [App Vpu] RINGBUF: write fail, size = 14564 space is not enough
[03:24:22.420] RX< [ringbuf] no space data_len=14848
[03:24:22.420] RX< [3] [App Vpu] RINGB
[03:24:22.487] RX< UF: write fail, size = 14784 space is not enough
[03:24:22.487] RX< [ringbuf] no space data_len=15360
[03:24:22.487] RX< [3] [App Vpu] RINGBUF: write fail, size = 14902 space is not enough
[03:24:22.487] RX< [ringbuf] no space data_len=14848
[03:24:22.487] RX< [3] [App Vpu] RINGBUF: write fail, size = 14587 space is not enough
[03:24:22.587] RX< [ringbuf] no space data_len=14848
[03:24:22.587] RX< [3] [App Vpu] RINGBUF: write fail, size = 14543 space is not enough
[03:24:22.587] RX< [ringbuf] no space data_len=15360
[03:24:22.587] RX< [3] [App Vpu] RINGBUF: write fail, size = 14986 space is not enough
[03:24:22.587] RX< [ringbuf] no space data_len=14848
[03:24:22.587] RX< [3] [App Vpu] RI
[03:24:22.652] RX< NGBUF: write fail, size = 14624 space is not enough
[03:24:22.652] RX< [ringbuf] no space data_len=14848
[03:24:22.652] RX< [3] [App Vpu] RINGBUF: write fail, size = 14341 space is not enough
[03:24:22.652] RX< [ringbuf] no space data_len=14848
[03:24:22.652] RX< [3] [App Vpu] RINGBUF: write fail, size = 14374 space is not enoug
[03:24:22.723] RX< h
[03:24:22.723] RX< [ringbuf] no space data_len=14336
[03:24:22.723] RX< [3] [App Vpu] RINGBUF: write fail, size = 14141 space is not enough
[03:24:22.723] RX< [ringbuf] no space data_len=15360
[03:24:22.723] RX< [3] [App Vpu] RINGBUF: write fail, size = 14927 space is not enough
[03:24:22.723] RX< [33m[W/ftp] service go wrong, now wait restart
[03:24:22.819] RX< ing...[0m
[03:24:22.819] RX< [ringbuf] no space data_len=14848
[03:24:22.819] RX< [3] [App Vpu] RINGBUF: write fail, size = 14500 space is not enough
[03:24:22.819] RX< [ringbuf] no space data_len=14848
[03:24:22.819] RX< [3] [App Vpu] RINGBUF: write fail, size = 14583 space is not enough
[03:24:22.819] RX< [ringbuf] no space data_len=14336
[03:24:22.819] RX< [3] [
[03:24:22.887] RX< App Vpu] RINGBUF: write fail, size = 14247 space is not enough
[03:24:22.887] RX< [ringbuf] no space data_len=14336
[03:24:22.887] RX< [3] [App Vpu] RINGBUF: write fail, size = 14274 space is not enough
[03:24:22.887] RX< [ringbuf] no space data_len=14336
[03:24:22.887] RX< [3] [App Vpu] RINGBUF: write fail, size = 13938 space i
[03:24:22.953] RX< s not enough
[03:24:22.953] RX< [ringbuf] no space data_len=14336
[03:24:22.953] RX< [3] [App Vpu] RINGBUF: write fail, size = 13851 space is not enough
[03:24:22.953] RX< [34m[AE] fid=1680,exp=10000,adg=250,Y=4117,mtg=180,shg=100,bgbv=1488,iso=250,cnv2,hdr0
[03:24:22.953] RX< [0m[ringbuf] no space data_len=13824
[03:24:22.953] RX< [3] [App Vpu]
[03:24:23.029] RX<  RINGBUF: write fail, size = 13734 space is not enough
[03:24:23.029] RX< [ringbuf] no space data_len=14336
[03:24:23.029] RX< [3] [App Vpu] RINGBUF: write fail, size = 13858 space is not enough
[03:24:23.029] RX< [ringbuf] no space data_len=14336
[03:24:23.029] RX< [3] [App Vpu] RINGBUF: write fail, size = 13899 space is not en
[03:24:23.086] RX< ough
[03:24:23.086] RX< [34m[ME INTP]fid=1680, shutter=10000, perf=7(us), max=1373(us)!
[03:24:23.086] RX< [0m[ringbuf] no space data_len=14336
[03:24:23.086] RX< [3] [App Vpu] RINGBUF: write fail, size = 14102 space is not enough
[03:24:23.086] RX< [ringbuf] no space data_len=14848
[03:24:23.086] RX< [3] [App Vpu] RINGBUF: write fail, size = 14
[03:24:23.152] RX< 590 space is not enough
[03:24:23.152] RX< [7] [cam] [414406][me0][me_core_thread:322]ME out fid 1680
[03:24:23.152] RX< [ringbuf] no space data_len=79872
[03:24:23.152] RX< [3] [App Vpu] RINGBUF: write fail, size = 79853 space is not enough
[03:24:23.152] RX< [ringbuf] no space data_len=22016
[03:24:23.152] RX< [3] [App Vpu] RINGBUF: write fail, 
[03:24:23.252] RX< size = 21688 space is not enough
[03:24:23.252] RX< [ringbuf] no space data_len=8704
[03:24:23.252] RX< [3] [App Vpu] RINGBUF: write fail, size = 8341 space is not enough
[03:24:23.252] RX< [ringbuf] no space data_len=15872
[03:24:23.252] RX< [3] [App Vpu] RINGBUF: write fail, size = 15472 space is not enough
[03:24:23.252] RX< [ringbuf] no space
[03:24:23.319] RX<  data_len=15360
[03:24:23.319] RX< [3] [App Vpu] RINGBUF: write fail, size = 15238 space is not enough
[03:24:23.319] RX< [ringbuf] no space data_len=9728
[03:24:23.319] RX< [3] [App Vpu] RINGBUF: write fail, size = 9566 space is not enough
[03:24:23.319] RX< [33m[W/ftp] service go wrong, now wait restarting...[0m
[03:24:23.319] RX< [ringbuf] no
[03:24:23.386] RX<  space data_len=22528
[03:24:23.386] RX< [3] [App Vpu] RINGBUF: write fail, size = 22079 space is not enough
[03:24:23.386] RX< [ringbuf] no space data_len=9728
[03:24:23.386] RX< [3] [App Vpu] RINGBUF: write fail, size = 9351 space is not enough
[03:24:23.386] RX< [ringbuf] no space data_len=22528
[03:24:23.386] RX< [3] [App Vpu] RINGBUF: write f
[03:24:23.486] RX< ail, size = 22495 space is not enough
[03:24:23.486] RX< [ringbuf] no space data_len=6656
[03:24:23.486] RX< [3] [App Vpu] RINGBUF: write fail, size = 6540 space is not enough
[03:24:23.486] RX< [ringbuf] no space data_len=22528
[03:24:23.486] RX< [3] [App Vpu] RINGBUF: write fail, size = 22055 space is not enough
[03:24:23.486] RX< [ringbuf] no 
[03:24:23.552] RX< space data_len=10240
[03:24:23.552] RX< [3] [App Vpu] RINGBUF: write fail, size = 10006 space is not enough
[03:24:23.552] RX< [ringbuf] no space data_len=14848
[03:24:23.552] RX< [3] [App Vpu] RINGBUF: write fail, size = 14647 space is not enough
[03:24:23.552] RX< [ringbuf] no space data_len=15360
[03:24:23.552] RX< [3] [App Vpu] RINGBUF: write 
[03:24:23.652] RX< fail, size = 14913 space is not enough
[03:24:23.652] RX< [ringbuf] no space data_len=15360
[03:24:23.652] RX< [3] [App Vpu] RINGBUF: write fail, size = 15162 space is not enough
[03:24:23.652] RX< [ringbuf] no space data_len=15360
[03:24:23.652] RX< [3] [App Vpu] RINGBUF: write fail, size = 14919 space is not enough
[03:24:23.652] RX< [ringbuf] 
[03:24:23.723] RX< no space data_len=15360
[03:24:23.723] RX< [3] [App Vpu] RINGBUF: write fail, size = 15218 space is not enough
[03:24:23.723] RX< [ringbuf] no space data_len=9728
[03:24:23.723] RX< [3] [App Vpu] RINGBUF: write fail, size = 9635 space is not enough
[03:24:23.723] RX< [ringbuf] no space data_len=22528
[03:24:23.723] RX< [3] [App Vpu] RINGBUF: write
[03:24:23.786] RX<  fail, size = 22296 space is not enough
[03:24:23.786] RX< [33m[W/ftp] service go wrong, now wait restarting...[0m
[03:24:23.786] RX< [ringbuf] no space data_len=10752
[03:24:23.786] RX< [3] [App Vpu] RINGBUF: write fail, size = 10270 space is not enough
[03:24:23.786] RX< [ringbuf] no space data_len=14848
[03:24:23.786] RX< [3] [App Vpu] RINGBU
[03:24:23.886] RX< F: write fail, size = 14685 space is not enough
[03:24:23.886] RX< [ringbuf] no space data_len=14848
[03:24:23.886] RX< [3] [App Vpu] RINGBUF: write fail, size = 14568 space is not enough
[03:24:23.886] RX< [ringbuf] no space data_len=14848
[03:24:23.886] RX< [3] [App Vpu] RINGBUF: write fail, size = 14496 space is not enough
[03:24:23.886] RX< [
[03:24:23.934] RX< ringbuf] no space data_len=15360
[03:24:23.934] RX< [3] [App Vpu] RINGBUF: write fail, size = 15044 space is not enough
[03:24:23.934] RX< [ringbuf] no space data_len=15360
[03:24:23.934] RX< [3] [App Vpu] RINGBUF: write fail, size = 15165 space is not enough
[03:24:23.934] RX< [34m[AE] fid=1710,exp=10000,adg=250,Y=4113,mtg=180
[03:24:23.986] RX< ,shg=100,bgbv=1488,iso=250,cnv2,hdr0
[03:24:23.986] RX< [0m[34m[b_ae0 proc] perf=877(us), max=1023(us)!
[03:24:23.986] RX< [0m[34m[awb0 proc] perf=4400(us), max=4450(us)!
[03:24:23.986] RX< [0m[ringbuf] no space data_len=15360
[03:24:23.986] RX< [3] [App Vpu] RINGBUF: write fail, size = 14941 space is not enough
[03:24:23.986] RX< [ringbuf] n
[03:24:24.052] RX< o space data_len=14848
[03:24:24.052] RX< [3] [App Vpu] RINGBUF: write fail, size = 14512 space is not enough
[03:24:24.052] RX< [ringbuf] no space data_len=14848
[03:24:24.052] RX< [3] [App Vpu] RINGBUF: write fail, size = 14462 space is not enough
[03:24:24.052] RX< [ringbuf] no space data_len=14336
[03:24:24.052] RX< [3] [App Vpu] RINGBUF: writ
[03:24:24.119] RX< e fail, size = 14315 space is not enough
[03:24:24.119] RX< [ringbuf] no space data_len=14336
[03:24:24.119] RX< [3] [App Vpu] RINGBUF: write fail, size = 13840 space is not enough
[03:24:24.119] RX< [7] [cam] [415406][me0][me_core_thread:322]ME out fid 1710
[03:24:24.119] RX< [ringbuf] no space data_len=79872
[03:24:24.119] RX< [3] [App Vpu] RING
[03:24:24.219] RX< BUF: write fail, size = 79558 space is not enough
[03:24:24.219] RX< [ringbuf] no space data_len=21504
[03:24:24.219] RX< [3] [App Vpu] RINGBUF: write fail, size = 21396 space is not enough
[03:24:24.219] RX< [ringbuf] no space data_len=8192
[03:24:24.219] RX< [3] [App Vpu] RINGBUF: write fail, size = 7939 space is not enough
[03:24:24.219] RX< [
[03:24:24.285] RX< ringbuf] no space data_len=16384
[03:24:24.285] RX< [3] [App Vpu] RINGBUF: write fail, size = 15951 space is not enough
[03:24:24.285] RX< [ringbuf] no space data_len=15872
[03:24:24.285] RX< [3] [App Vpu] RINGBUF: write fail, size = 15563 space is not enough
[03:24:24.285] RX< [ringbuf] no space data_len=9728
[03:24:24.285] RX< [3] [App Vpu] RING
[03:24:24.352] RX< BUF: write fail, size = 9575 space is not enough
[03:24:24.352] RX< [33m[W/ftp] service go wrong, now wait restarting...[0m
[03:24:24.352] RX< [ringbuf] no space data_len=23040
[03:24:24.352] RX< [3] [App Vpu] RINGBUF: write fail, size = 22629 space is not enough
[03:24:24.352] RX< [ringbuf] no space data_len=10240
[03:24:24.352] RX< [3] [App Vp
[03:24:24.419] RX< u] RINGBUF: write fail, size = 10188 space is not enough
[03:24:24.419] RX< [ringbuf] no space data_len=14848
[03:24:24.419] RX< [3] [App Vpu] RINGBUF: write fail, size = 14554 space is not enough
[03:24:24.419] RX< [ringbuf] no space data_len=14848
[03:24:24.419] RX< [3] [App Vpu] RINGBUF: write fail, size = 14665 space is not 
[03:24:24.519] RX< enough
[03:24:24.519] RX< [ringbuf] no space data_len=15360
[03:24:24.519] RX< [3] [App Vpu] RINGBUF: write fail, size = 15187 space is not enough
[03:24:24.519] RX< [ringbuf] no space data_len=15360
[03:24:24.519] RX< [3] [App Vpu] RINGBUF: write fail, size = 14906 space is not enough
[03:24:24.519] RX< [ringbuf] no space data_len=14848
[03:24:24.519] RX< [3] [App
[03:24:24.585] RX<  Vpu] RINGBUF: write fail, size = 14760 space is not enough
[03:24:24.585] RX< [ringbuf] no space data_len=14848
[03:24:24.585] RX< [3] [App Vpu] RINGBUF: write fail, size = 14814 space is not enough
[03:24:24.585] RX< [ringbuf] no space data_len=15360
[03:24:24.585] RX< [3] [App Vpu] RINGBUF: write fail, size = 15210 space is n
[03:24:24.685] RX< ot enough
[03:24:24.685] RX< [ringbuf] no space data_len=9728
[03:24:24.685] RX< [3] [App Vpu] RINGBUF: write fail, size = 9659 space is not enough
[03:24:24.685] RX< [ringbuf] no space data_len=23040
[03:24:24.685] RX< [3] [App Vpu] RINGBUF: write fail, size = 22872 space is not enough
[03:24:24.685] RX< [ringbuf] no space data_len=6656
[03:24:24.685] RX< [3] [App
[03:24:24.752] RX<  Vpu] RINGBUF: write fail, size = 6621 space is not enough
[03:24:24.752] RX< [ringbuf] no space data_len=23040
[03:24:24.752] RX< [3] [App Vpu] RINGBUF: write fail, size = 22626 space is not enough
[03:24:24.752] RX< [33m[W/ftp] service go wrong, now wait restarting...[0m
[03:24:24.752] RX< [ringbuf] no space data_len=9728
[03:24:24.752] RX< [3
[03:24:24.819] RX< ] [App Vpu] RINGBUF: write fail, size = 9532 space is not enough
[03:24:24.819] RX< [ringbuf] no space data_len=14336
[03:24:24.819] RX< [3] [App Vpu] RINGBUF: write fail, size = 14019 space is not enough
[03:24:24.819] RX< [ringbuf] no space data_len=14336
[03:24:24.819] RX< [3] [App Vpu] RINGBUF: write fail, size = 14239 space
[03:24:24.929] RX<  is not enough
[03:24:24.929] RX< [ringbuf] no space data_len=14336
[03:24:24.929] RX< [3] [App Vpu] RINGBUF: write fail, size = 14211 space is not enough
[03:24:24.929] RX< [ringbuf] no space data_len=14336
[03:24:24.929] RX< [3] [App Vpu] RINGBUF: write fail, size = 14104 space is not enough
[03:24:24.929] RX< [ringbuf] no space data_len=14848
[03:24:24.952] RX< [3] [App Vpu] RINGBUF: write fail, size = 14792 space is not enough
[03:24:24.952] RX< [34m[AE] fid=1740,exp=10000,adg=250,Y=4082,mtg=180,shg=100,bgbv=1475,iso=250,cnv2,hdr0
[03:24:24.952] RX< [0m[ringbuf] no space data_len=14848
[03:24:24.952] RX< [3] [App Vpu] RINGBUF: write fail, size = 14389 space is not 
[03:24:25.112] RX< enough
[03:24:25.112] RX< [ringbuf] no space data_len=14336
[03:24:25.112] RX< [3] [App Vpu] RINGBUF: write fail, size = 14155 space is not enough
[03:24:25.112] RX< [RTMP] slow send frame 181 len=89649 dt=11694ms (IDR)
[03:24:25.112] RX< [RTMP] dropped 180 p-frames (backlog 97%)
[03:24:25.112] RX< [7] [cam] [416406][me0][me_core_thread:322]ME out
[03:24:25.986] RX<  fid 1740
[03:24:25.986] RX< [33m[W/ftp] service go wrong, now wait restarting...[0m
[03:24:25.986] RX< [33m[W/ftp] service go wrong, now wait restarting...[0m
[03:24:25.986] RX< [34m[AE] fid=1770,exp=10000,adg=250,Y=4075,mtg=180,shg=100,bgbv=1475,iso=250,cnv2,hdr0
[03:24:25.986] RX< [0m[ringbuf] no space data_len=14336
[03:24:25.986] RX< [3] 
[03:24:26.052] RX< [App Vpu] RINGBUF: write fail, size = 13825 space is not enough
[03:24:26.052] RX< [ringbuf] no space data_len=13824
[03:24:26.052] RX< [3] [App Vpu] RINGBUF: write fail, size = 13742 space is not enough
[03:24:26.052] RX< [ringbuf] no space data_len=14848
[03:24:26.052] RX< [3] [App Vpu] RINGBUF: write fail, size = 14512 space 
[03:24:26.119] RX< is not enough
[03:24:26.119] RX< [ringbuf] no space data_len=14336
[03:24:26.119] RX< [3] [App Vpu] RINGBUF: write fail, size = 14055 space is not enough
[03:24:26.119] RX< [7] [cam] [417405][me0][me_core_thread:322]ME out fid 1770
[03:24:26.119] RX< [ringbuf] no space data_len=79872
[03:24:26.119] RX< [3] [App Vpu] RINGBUF: write fail, size = 798
[03:24:26.219] RX< 02 space is not enough
[03:24:26.219] RX< [ringbuf] no space data_len=20992
[03:24:26.219] RX< [3] [App Vpu] RINGBUF: write fail, size = 20862 space is not enough
[03:24:26.219] RX< [ringbuf] no space data_len=8192
[03:24:26.219] RX< [3] [App Vpu] RINGBUF: write fail, size = 7713 space is not enough
[03:24:26.219] RX< [ringbuf] no space data_len=
[03:24:26.285] RX< 15360
[03:24:26.285] RX< [3] [App Vpu] RINGBUF: write fail, size = 15071 space is not enough
[03:24:26.285] RX< [ringbuf] no space data_len=14336
[03:24:26.285] RX< [3] [App Vpu] RINGBUF: write fail, size = 14333 space is not enough
[03:24:26.285] RX< [ringbuf] no space data_len=14336
[03:24:26.285] RX< [3] [App Vpu] RINGBUF: write fail, size = 14
[03:24:26.352] RX< 228 space is not enough
[03:24:26.352] RX< [33m[W/ftp] service go wrong, now wait restarting...[0m
[03:24:26.352] RX< [ringbuf] no space data_len=14336
[03:24:26.352] RX< [3] [App Vpu] RINGBUF: write fail, size = 13969 space is not enough
[03:24:26.352] RX< [ringbuf] no space data_len=14336
[03:24:26.352] RX< [3] [App Vpu] RINGBUF: write fail, s
[03:24:26.452] RX< ize = 14009 space is not enough
[03:24:26.452] RX< [ringbuf] no space data_len=14336
[03:24:26.452] RX< [3] [App Vpu] RINGBUF: write fail, size = 14183 space is not enough
[03:24:26.452] RX< [ringbuf] no space data_len=14336
[03:24:26.452] RX< [3] [App Vpu] RINGBUF: write fail, size = 14163 space is not enough
[03:24:26.452] RX< [ringbuf] no spac
[03:24:26.519] RX< e data_len=13824
[03:24:26.519] RX< [3] [App Vpu] RINGBUF: write fail, size = 13814 space is not enough
[03:24:26.519] RX< [ringbuf] no space data_len=14848
[03:24:26.519] RX< [3] [App Vpu] RINGBUF: write fail, size = 14645 space is not enough
[03:24:26.519] RX< [ringbuf] no space data_len=14848
[03:24:26.519] RX< [3] [App Vpu] RINGBUF: write fail
[03:24:26.618] RX< , size = 14726 space is not enough
[03:24:26.618] RX< [ringbuf] no space data_len=14848
[03:24:26.618] RX< [3] [App Vpu] RINGBUF: write fail, size = 14773 space is not enough
[03:24:26.618] RX< [ringbuf] no space data_len=14848
[03:24:26.618] RX< [3] [App Vpu] RINGBUF: write fail, size = 14640 space is not enough
[03:24:26.618] RX< [ringbuf] no s
[03:24:26.685] RX< pace data_len=14848
[03:24:26.685] RX< [3] [App Vpu] RINGBUF: write fail, size = 14642 space is not enough
[03:24:26.685] RX< [ringbuf] no space data_len=14848
[03:24:26.685] RX< [3] [App Vpu] RINGBUF: write fail, size = 14443 space is not enough
[03:24:26.685] RX< [ringbuf] no space data_len=14336
[03:24:26.685] RX< [3] [App Vpu] RINGBUF: write f
[03:24:26.751] RX< ail, size = 14217 space is not enough
[03:24:26.751] RX< [ringbuf] no space data_len=14336
[03:24:26.751] RX< [3] [App Vpu] RINGBUF: write fail, size = 14043 space is not enough
[03:24:26.751] RX< [33m[W/ftp] service go wrong, now wait restarting...[0m
[03:24:26.751] RX< [ringbuf] no space data_len=13824
[03:24:26.751] RX< [3] [App Vpu] RINGBUF:
[03:24:26.851] RX<  write fail, size = 13819 space is not enough
[03:24:26.851] RX< [ringbuf] no space data_len=14336
[03:24:26.851] RX< [3] [App Vpu] RINGBUF: write fail, size = 14053 space is not enough
[03:24:26.851] RX< [ringbuf] no space data_len=14848
[03:24:26.851] RX< [3] [App Vpu] RINGBUF: write fail, size = 14376 space is not enough
[03:24:26.851] RX< [ri
[03:24:26.933] RX< ngbuf] no space data_len=14336
[03:24:26.933] RX< [3] [App Vpu] RINGBUF: write fail, size = 14236 space is not enough
[03:24:26.933] RX< [ringbuf] no space data_len=14848
[03:24:26.933] RX< [3] [App Vpu] RINGBUF: write fail, size = 14674 space is not enough
[03:24:26.933] RX< [ringbuf] no space data_len=13824
[03:24:26.933] RX< [3] [App Vpu] RINGB
[03:24:26.963] RX< UF: write fail, size = 13784 space is not enough
[03:24:26.963] RX< [34m[AE] fid=1800,exp=10000,adg=250,Y=4101,mtg=180,shg=100,bgbv=1484,iso=250,cnv2,hdr0
[03:24:26.963] RX< [0m[34m[b_ae0 proc] perf=924(us), max=1031(us)!
[03:24:26.963] RX< [0m[34m[awb0 proc] perf=4285(us), max=4465(us)!
[03:24:26.963] RX< [0m[ringbuf] no 
[03:24:27.108] RX< space data_len=14848
[03:24:27.108] RX< [3] [App Vpu] RINGBUF: write fail, size = 14422 space is not enough
[03:24:27.108] RX< [RTMP] slow send frame 211 len=87405 dt=1952ms (IDR)
[03:24:27.108] RX< [RTMP] dropped 210 p-frames (backlog 97%)
[03:24:27.108] RX< [34m[ME INTP]fid=1800, shutter=10000, perf=239(us), max=397(us)!
[03:24:27.108] RX< [0m[
[03:24:27.884] RX< 7] [cam] [418405][me0][me_core_thread:322]ME out fid 1800
[03:24:27.884] RX< [33m[W/ftp] service go wrong, now wait restarting...[0m
[03:24:27.884] RX< [33m[W/ftp] service go wrong, now wait restarting...[0m
[03:24:27.884] RX< [ringbuf] no space data_len=21504
[03:24:27.884] RX< [3] [App Vpu] RINGBUF: write fail, size = 21422 
[03:24:27.951] RX< space is not enough
[03:24:27.951] RX< [ringbuf] no space data_len=9216
[03:24:27.951] RX< [3] [App Vpu] RINGBUF: write fail, size = 9067 space is not enough
[03:24:27.951] RX< [34m[AE] fid=1830,exp=10000,adg=250,Y=4131,mtg=180,shg=100,bgbv=1493,iso=250,cnv2,hdr0
[03:24:27.951] RX< [0m[ringbuf] no space data_len=21504
[03:24:27.951] RX< [3] [App
[03:24:28.018] RX<  Vpu] RINGBUF: write fail, size = 21097 space is not enough
[03:24:28.018] RX< [ringbuf] no space data_len=9728
[03:24:28.018] RX< [3] [App Vpu] RINGBUF: write fail, size = 9351 space is not enough
[03:24:28.018] RX< [ringbuf] no space data_len=21504
[03:24:28.018] RX< [3] [App Vpu] RINGBUF: write fail, size = 21199 space is not
[03:24:28.118] RX<  enough
[03:24:28.118] RX< [ringbuf] no space data_len=9728
[03:24:28.118] RX< [3] [App Vpu] RINGBUF: write fail, size = 9324 space is not enough
[03:24:28.118] RX< [ringbuf] no space data_len=21504
[03:24:28.118] RX< [3] [App Vpu] RINGBUF: write fail, size = 21302 space is not enough
[03:24:28.118] RX< [7] [cam] [419405][me0][me_core_thread:322]
[03:24:28.184] RX< ME out fid 1830
[03:24:28.184] RX< [ringbuf] no space data_len=88064
[03:24:28.184] RX< [3] [App Vpu] RINGBUF: write fail, size = 88019 space is not enough
[03:24:28.184] RX< [ringbuf] no space data_len=14336
[03:24:28.184] RX< [3] [App Vpu] RINGBUF: write fail, size = 14204 space is not enough
[03:24:28.184] RX< [ringbuf] no space data_len=10752
[03:24:28.251] RX< [3] [App Vpu] RINGBUF: write fail, size = 10653 space is not enough
[03:24:28.251] RX< [ringbuf] no space data_len=14848
[03:24:28.251] RX< [3] [App Vpu] RINGBUF: write fail, size = 14500 space is not enough
[03:24:28.251] RX< [ringbuf] no space data_len=14336
[03:24:28.251] RX< [3] [App Vpu] RINGBUF: write fail, size = 14043 sp
[03:24:28.708] RX< ace is not enough
[03:24:28.708] RX< [RTMP] slow send frame 241 len=75701 dt=1301ms (IDR)
[03:24:28.708] RX< [RTMP] dropped 240 p-frames (backlog 96%)
[03:24:28.708] RX< [RTMP] f_index = 270, f_len = 13336
[03:24:28.708] RX< [33m[W/ftp] service go wrong, now wait restarting...[0m
[03:24:28.708] RX< [33m[W/ftp] service go wrong, now wait restarti
[03:24:29.185] RX< ng...[0m
[03:24:29.185] RX< [34m[AE] fid=1860,exp=10000,adg=250,Y=4149,mtg=180,shg=100,bgbv=1497,iso=250,cnv2,hdr0
[03:24:29.185] RX< [0m[7] [cam] [420405][me0][me_core_thread:322]ME out fid 1860
[03:24:29.185] RX< [ringbuf] no space data_len=7680
[03:24:29.185] RX< [3] [App Vpu] RINGBUF: write fail, size = 7175 space is not en
[03:24:29.285] RX< ough
[03:24:29.285] RX< [ringbuf] no space data_len=22528
[03:24:29.285] RX< [3] [App Vpu] RINGBUF: write fail, size = 22124 space is not enough
[03:24:29.285] RX< [ringbuf] no space data_len=6656
[03:24:29.285] RX< [3] [App Vpu] RINGBUF: write fail, size = 6188 space is not enough
[03:24:29.285] RX< [ringbuf] no space data_len=21504
[03:24:29.285] RX< [3] [App Vpu
[03:24:29.351] RX< ] RINGBUF: write fail, size = 21416 space is not enough
[03:24:29.351] RX< [33m[W/ftp] service go wrong, now wait restarting...[0m
[03:24:29.351] RX< [ringbuf] no space data_len=9216
[03:24:29.351] RX< [3] [App Vpu] RINGBUF: write fail, size = 8966 space is not enough
[03:24:29.351] RX< [ringbuf] no space data_len=20992
[03:24:29.351] RX< [3] [A
[03:24:29.418] RX< pp Vpu] RINGBUF: write fail, size = 20529 space is not enough
[03:24:29.418] RX< [ringbuf] no space data_len=9216
[03:24:29.418] RX< [3] [App Vpu] RINGBUF: write fail, size = 8803 space is not enough
[03:24:29.418] RX< [ringbuf] no space data_len=20992
[03:24:29.418] RX< [3] [App Vpu] RINGBUF: write fail, size = 20721 space is n
[03:24:29.517] RX< ot enough
[03:24:29.517] RX< [ringbuf] no space data_len=9216
[03:24:29.517] RX< [3] [App Vpu] RINGBUF: write fail, size = 8828 space is not enough
[03:24:29.517] RX< [ringbuf] no space data_len=21504
[03:24:29.517] RX< [3] [App Vpu] RINGBUF: write fail, size = 21005 space is not enough
[03:24:29.517] RX< [ringbuf] no space data_len=9216
[03:24:29.517] RX< [3] [App
[03:24:29.585] RX<  Vpu] RINGBUF: write fail, size = 9213 space is not enough
[03:24:29.585] RX< [ringbuf] no space data_len=13312
[03:24:29.585] RX< [3] [App Vpu] RINGBUF: write fail, size = 13180 space is not enough
[03:24:29.585] RX< [ringbuf] no space data_len=13312
[03:24:29.585] RX< [3] [App Vpu] RINGBUF: write fail, size = 13004 space is no
[03:24:29.684] RX< t enough
[03:24:29.684] RX< [ringbuf] no space data_len=12800
[03:24:29.684] RX< [3] [App Vpu] RINGBUF: write fail, size = 12731 space is not enough
[03:24:29.684] RX< [ringbuf] no space data_len=20992
[03:24:29.684] RX< [3] [App Vpu] RINGBUF: write fail, size = 20554 space is not enough
[03:24:29.684] RX< [ringbuf] no space data_len=9216
[03:24:29.684] RX< [3] [Ap
[03:24:29.750] RX< p Vpu] RINGBUF: write fail, size = 8789 space is not enough
[03:24:29.750] RX< [ringbuf] no space data_len=20992
[03:24:29.750] RX< [3] [App Vpu] RINGBUF: write fail, size = 20643 space is not enough
[03:24:29.750] RX< [33m[W/ftp] service go wrong, now wait restarting...[0m
[03:24:29.750] RX< [ringbuf] no space data_len=9216
[03:24:29.750] RX< [
[03:24:29.817] RX< 3] [App Vpu] RINGBUF: write fail, size = 8796 space is not enough
[03:24:29.817] RX< [ringbuf] no space data_len=20992
[03:24:29.817] RX< [3] [App Vpu] RINGBUF: write fail, size = 20736 space is not enough
[03:24:29.817] RX< [ringbuf] no space data_len=9216
[03:24:29.817] RX< [3] [App Vpu] RINGBUF: write fail, size = 8819 space 
[03:24:29.932] RX< is not enough
[03:24:29.932] RX< [ringbuf] no space data_len=20992
[03:24:29.932] RX< [3] [App Vpu] RINGBUF: write fail, size = 20698 space is not enough
[03:24:29.932] RX< [ringbuf] no space data_len=9216
[03:24:29.932] RX< [3] [App Vpu] RINGBUF: write fail, size = 8844 space is not enough
[03:24:29.932] RX< [ringbuf] no space data_len=20992
[03:24:29.932] RX< [3]
[03:24:29.933] RX<  [App Vpu] RINGBUF: write fail, size = 20646 space is not enough
[03:24:29.933] RX< [34m[AE] fid=1890,exp=10000,adg=250,Y=4152,mtg=180,shg=100,bgbv=1502,iso=250,cnv2,hdr0
[03:24:29.933] RX< [0m[34m[b_ae0 proc] perf=958(us), max=1019(us)!
[03:24:29.933] RX< [0m[34m[awb0 proc] perf=4399(us), max=4454(us)!
[03:24:29.933] RX< 
[03:24:30.009] RX< [0m[ringbuf] no space data_len=9216
[03:24:30.009] RX< [3] [App Vpu] RINGBUF: write fail, size = 8970 space is not enough
[03:24:30.009] RX< [ringbuf] no space data_len=20992
[03:24:30.009] RX< [3] [App Vpu] RINGBUF: write fail, size = 20845 space is not enough
[03:24:30.009] RX< [RTMP] slow send frame 271 len=78151 dt=1723ms (I
[03:24:30.927] RX< DR)
[03:24:30.927] RX< [RTMP] dropped 270 p-frames (backlog 96%)
[03:24:30.927] RX< [7] [cam] [421405][me0][me_core_thread:322]ME out fid 1890
[03:24:30.927] RX< [33m[W/ftp] service go wrong, now wait restarting...[0m
[03:24:30.927] RX< [33m[W/ftp] service go wrong, now wait restarting...[0m
[03:24:30.927] RX< [34m[AE] fid=1920,exp=10000,adg=25
[03:24:31.050] RX< 0,Y=4159,mtg=180,shg=100,bgbv=1502,iso=250,cnv2,hdr0
[03:24:31.050] RX< [0m[ringbuf] no space data_len=13312
[03:24:31.050] RX< [3] [App Vpu] RINGBUF: write fail, size = 12866 space is not enough
[03:24:31.050] RX< [34m[ME INTP]fid=1920, shutter=10000, perf=6(us), max=1378(us)!
[03:24:31.050] RX< [0m[ringbuf] no space data_len
[03:24:31.150] RX< =20992
[03:24:31.150] RX< [3] [App Vpu] RINGBUF: write fail, size = 20728 space is not enough
[03:24:31.150] RX< [7] [cam] [422405][me0][me_core_thread:322]ME out fid 1920
[03:24:31.150] RX< [ringbuf] no space data_len=70656
[03:24:31.150] RX< [3] [App Vpu] RINGBUF: write fail, size = 70399 space is not enough
[03:24:31.150] RX< [ringbuf] no space
[03:24:31.217] RX<  data_len=29184
[03:24:31.217] RX< [3] [App Vpu] RINGBUF: write fail, size = 28853 space is not enough
[03:24:31.217] RX< [ringbuf] no space data_len=5632
[03:24:31.217] RX< [3] [App Vpu] RINGBUF: write fail, size = 5491 space is not enough
[03:24:31.217] RX< [ringbuf] no space data_len=14848
[03:24:31.217] RX< [3] [App Vpu] RINGBUF: write fail, s
[03:24:31.297] RX< ize = 14788 space is not enough
[03:24:31.297] RX< [ringbuf] no space data_len=14336
[03:24:31.297] RX< [3] [App Vpu] RINGBUF: write fail, size = 14025 space is not enough
[03:24:31.297] RX< [RTMP] slow send frame 301 len=87132 dt=1243ms (IDR)
[03:24:31.297] RX< [RTMP] dropped 300 p-frames (backlog 96%)
[03:24:31.297] RX< [33m[W/ftp] service go w
[03:24:32.035] RX< rong, now wait restarting...[0m
[03:24:32.035] RX< [33m[W/ftp] service go wrong, now wait restarting...[0m
[03:24:32.035] RX< [34m[AE] fid=1950,exp=10000,adg=250,Y=4158,mtg=180,shg=100,bgbv=1502,iso=250,cnv2,hdr0
[03:24:32.035] RX< [0m[RTMP] slow send frame 331 len=78434 dt=758ms (IDR)
[03:24:32.035] RX< [RTMP] dropped 330 p-
[03:24:32.932] RX< frames (backlog 95%)
[03:24:32.932] RX< [RTMP] f_index = 360, f_len = 20934
[03:24:32.932] RX< [7] [cam] [423405][me0][me_core_thread:322]ME out fid 1950
[03:24:32.932] RX< [33m[W/ftp] service go wrong, now wait restarting...[0m
[03:24:32.932] RX< [33m[W/ftp] service go wrong, now wait restarting...[0m
[03:24:32.932] RX< [34m[AE] fid=1980,exp=
[03:24:33.249] RX< 10000,adg=250,Y=4163,mtg=180,shg=100,bgbv=1506,iso=250,cnv2,hdr0
[03:24:33.249] RX< [0m[34m[b_ae0 proc] perf=876(us), max=1027(us)!
[03:24:33.249] RX< [0m[34m[awb0 proc] perf=4397(us), max=4452(us)!
[03:24:33.249] RX< [0m[7] [cam] [424404][me0][me_core_thread:322]ME out fid 1980
[03:24:33.249] RX< [ringbuf] no space data_len
[03:24:33.316] RX< =14336
[03:24:33.316] RX< [3] [App Vpu] RINGBUF: write fail, size = 14166 space is not enough
[03:24:33.316] RX< [ringbuf] no space data_len=13824
[03:24:33.316] RX< [3] [App Vpu] RINGBUF: write fail, size = 13817 space is not enough
[03:24:33.316] RX< [33m[W/ftp] service go wrong, now wait restarting...[0m
[03:24:33.316] RX< [ringbuf] no space 
[03:24:33.382] RX< data_len=14336
[03:24:33.382] RX< [3] [App Vpu] RINGBUF: write fail, size = 13882 space is not enough
[03:24:33.382] RX< [ringbuf] no space data_len=13824
[03:24:33.382] RX< [3] [App Vpu] RINGBUF: write fail, size = 13632 space is not enough
[03:24:33.382] RX< [ringbuf] no space data_len=13824
[03:24:33.382] RX< [3] [App Vpu] RINGBUF: write fail, 
[03:24:33.482] RX< size = 13353 space is not enough
[03:24:33.482] RX< [ringbuf] no space data_len=21504
[03:24:33.482] RX< [3] [App Vpu] RINGBUF: write fail, size = 21153 space is not enough
[03:24:33.482] RX< [ringbuf] no space data_len=9728
[03:24:33.482] RX< [3] [App Vpu] RINGBUF: write fail, size = 9318 space is not enough
[03:24:33.482] RX< [ringbuf] no space
[03:24:33.549] RX<  data_len=21504
[03:24:33.549] RX< [3] [App Vpu] RINGBUF: write fail, size = 21152 space is not enough
[03:24:33.549] RX< [ringbuf] no space data_len=9216
[03:24:33.549] RX< [3] [App Vpu] RINGBUF: write fail, size = 8962 space is not enough
[03:24:33.549] RX< [ringbuf] no space data_len=20992
[03:24:33.549] RX< [3] [App Vpu] RINGBUF: write fail, s
[03:24:33.617] RX< ize = 20929 space is not enough
[03:24:33.617] RX< [ringbuf] no space data_len=9216
[03:24:33.617] RX< [3] [App Vpu] RINGBUF: write fail, size = 9203 space is not enough
[03:24:33.617] RX< [ringbuf] no space data_len=20992
[03:24:33.617] RX< [3] [App Vpu] RINGBUF: write fail, size = 20673 space is not enough
[03:24:33.617] RX< [RTMP] slow send fr
[03:24:34.310] RX< ame 361 len=87050 dt=1581ms (IDR)
[03:24:34.310] RX< [33m[W/ftp] service go wrong, now wait restarting...[0m
[03:24:34.310] RX< [34m[AE] fid=2010,exp=10000,adg=250,Y=4161,mtg=180,shg=100,bgbv=1502,iso=250,cnv2,hdr0
[03:24:34.310] RX< [0m[7] [cam] [425404][me0][me_core_thread:322]ME out fid 2010
[03:24:34.310] RX< [33m[W/ftp] 
[03:24:34.646] RX< service go wrong, now wait restarting...[0m
[03:24:34.646] RX< [RTMP] slow send frame 391 len=77448 dt=752ms (IDR)
[03:24:34.646] RX< [RTMP] dropped 360 p-frames (backlog 98%)
[03:24:34.646] RX< [RTMP] slow send frame 421 len=78157 dt=241ms (IDR)
[03:24:34.646] RX< [RTMP] dropped 390 p-frames (backlog 95%)
[03:24:34.646] RX< [RTMP] f_index = 450, f
[03:24:35.106] RX< _len = 22685
[03:24:35.106] RX< [33m[W/ftp] service go wrong, now wait restarting...[0m
[03:24:35.106] RX< [34m[AE] fid=2040,exp=10000,adg=250,Y=4159,mtg=180,shg=100,bgbv=1502,iso=250,cnv2,hdr0
[03:24:35.106] RX< [0m[34m[ME INTP]fid=2040, shutter=10000, perf=6(us), max=368(us)!
[03:24:35.106] RX< [0m[7] [cam] [426404][me0][m
[03:24:35.931] RX< e_core_thread:322]ME out fid 2040
[03:24:35.931] RX< [33m[W/ftp] service go wrong, now wait restarting...[0m
[03:24:35.931] RX< [33m[W/ftp] service go wrong, now wait restarting...[0m
[03:24:35.931] RX< [34m[AE] fid=2070,exp=10000,adg=250,Y=4163,mtg=180,shg=100,bgbv=1506,iso=250,cnv2,hdr0
[03:24:35.931] RX< [0m[34m[b_ae0 pr
[03:24:36.233] RX< oc] perf=930(us), max=1048(us)!
[03:24:36.233] RX< [0m[34m[awb0 proc] perf=4432(us), max=4445(us)!
[03:24:36.233] RX< [0m[RTMP] slow send frame 451 len=87985 dt=1362ms (IDR)
[03:24:36.233] RX< [RTMP] dropped 420 p-frames (backlog 96%)
[03:24:36.233] RX< [7] [cam] [427404][me0][me_core_thread:322]ME out fid 2070
[03:24:36.233] RX< [RTMP] slow sen
[03:24:36.627] RX< d frame 481 len=77349 dt=208ms (IDR)
[03:24:36.627] RX< [RTMP] dropped 450 p-frames (backlog 93%)
[03:24:36.627] RX< [33m[W/ftp] service go wrong, now wait restarting...[0m
[03:24:36.627] RX< [RTMP] slow send frame 511 len=78988 dt=375ms (IDR)
[03:24:36.627] RX< [RTMP] dropped 480 p-frames (backlog 91%)
[03:24:36.627] RX< [RTMP] f_index = 540, f_l
[03:24:37.309] RX< en = 14422
[03:24:37.309] RX< [33m[W/ftp] service go wrong, now wait restarting...[0m
[03:24:37.309] RX< [34m[AE] fid=2100,exp=10000,adg=250,Y=4173,mtg=180,shg=100,bgbv=1506,iso=250,cnv2,hdr0
[03:24:37.309] RX< [0m[7] [cam] [428404][me0][me_core_thread:322]ME out fid 2100
[03:24:37.309] RX< [33m[W/ftp] service go wrong, now w
[03:24:37.925] RX< ait restarting...[0m
[03:24:37.925] RX< [33m[W/ftp] service go wrong, now wait restarting...[0m
[03:24:37.925] RX< [RTMP] slow send frame 541 len=79838 dt=1154ms (IDR)
[03:24:37.925] RX< [RTMP] dropped 510 p-frames (backlog 91%)
[03:24:37.925] RX< [34m[AE] fid=2130,exp=10000,adg=250,Y=4174,mtg=180,shg=100,bgbv=1506,iso=250,cnv
[03:24:38.930] RX< 2,hdr0
[03:24:38.930] RX< [0m[7] [cam] [429404][me0][me_core_thread:322]ME out fid 2130
[03:24:38.930] RX< [33m[W/ftp] service go wrong, now wait restarting...[0m
[03:24:38.930] RX< [33m[W/ftp] service go wrong, now wait restarting...[0m
[03:24:38.930] RX< [34m[AE] fid=2160,exp=10000,adg=250,Y=4183,mtg=180,shg=100,bgbv=1510,
[03:24:39.044] RX< iso=250,cnv2,hdr0
[03:24:39.044] RX< [0m[34m[b_ae0 proc] perf=1017(us), max=1020(us)!
[03:24:39.044] RX< [0m[34m[awb0 proc] perf=4434(us), max=4463(us)!
[03:24:39.044] RX< [0m[RTMP] slow send frame 571 len=80516 dt=1232ms (IDR)
[03:24:39.044] RX< [RTMP] dropped 540 p-frames (backlog 92%)
[03:24:39.044] RX< [34m[ME INTP]fid=2160, shutter=10000
[03:24:39.924] RX< , perf=19336(us), max=19336(us)!
[03:24:39.924] RX< [0m[7] [cam] [430404][me0][me_core_thread:322]ME out fid 2160
[03:24:39.924] RX< [33m[W/ftp] service go wrong, now wait restarting...[0m
[03:24:39.924] RX< [33m[W/ftp] service go wrong, now wait restarting...[0m
[03:24:39.924] RX< [34m[AE] fid=2190,exp=10000,adg=250,Y=4181,
[03:24:40.924] RX< mtg=180,shg=100,bgbv=1510,iso=250,cnv2,hdr0
[03:24:40.924] RX< [0m[7] [cam] [431404][me0][me_core_thread:322]ME out fid 2190
[03:24:40.924] RX< [33m[W/ftp] service go wrong, now wait restarting...[0m
[03:24:40.924] RX< [33m[W/ftp] service go wrong, now wait restarting...[0m
[03:24:40.924] RX< [34m[AE] fid=2220,exp=10000,adg=
[03:24:41.329] RX< 250,Y=4187,mtg=180,shg=100,bgbv=1510,iso=250,cnv2,hdr0
[03:24:41.329] RX< [0m[7] [cam] [432404][me0][me_core_thread:322]ME out fid 2220
[03:24:41.329] RX< [RTMP] slow send frame 601 len=80302 dt=2273ms (IDR)
[03:24:41.329] RX< [RTMP] dropped 570 p-frames (backlog 96%)
[03:24:41.329] RX< [RTMP] f_index = 630, f_len = 15603
[03:24:41.329] RX< [33m[W
[03:24:41.929] RX< /ftp] service go wrong, now wait restarting...[0m
[03:24:41.929] RX< [33m[W/ftp] service go wrong, now wait restarting...[0m
[03:24:41.929] RX< [34m[AE] fid=2250,exp=10250,adg=244,Y=4190,mtg=180,shg=100,bgbv=1515,iso=244,cnv2,hdr0
[03:24:41.929] RX< [0m[34m[b_ae0 proc] perf=876(us), max=1019(us)!
[03:24:41.929] RX< [0m[34
[03:24:42.323] RX< m[awb0 proc] perf=4401(us), max=5159(us)!
[03:24:42.323] RX< [0m[7] [cam] [433403][me0][me_core_thread:322]ME out fid 2250
[03:24:42.323] RX< [RTMP] slow send frame 631 len=80586 dt=977ms (IDR)
[03:24:42.323] RX< [RTMP] dropped 600 p-frames (backlog 73%)
[03:24:42.323] RX< [33m[W/ftp] service go wrong, now wait restarting...[0m
[03:24:43.103] RX< 
[03:24:43.103] RX< [33m[W/ftp] service go wrong, now wait restarting...[0m
[03:24:43.103] RX< [34m[AE] fid=2280,exp=10250,adg=244,Y=4193,mtg=180,shg=100,bgbv=1515,iso=244,cnv2,hdr0
[03:24:43.103] RX< [0m[34m[ME INTP]fid=2280, shutter=10250, perf=7(us), max=19336(us)!
[03:24:43.103] RX< [0m[7] [cam] [434403][me0][me_core_thr
[03:24:44.113] RX< ead:322]ME out fid 2280
[03:24:44.113] RX< [33m[W/ftp] service go wrong, now wait restarting...[0m
[03:24:44.113] RX< [33m[W/ftp] service go wrong, now wait restarting...[0m
[03:24:44.113] RX< [34m[AE] fid=2310,exp=10000,adg=250,Y=4178,mtg=180,shg=100,bgbv=1510,iso=250,cnv2,hdr0
[03:24:44.113] RX< [0m[7] [cam] [435403][me0][
[03:24:44.280] RX< me_core_thread:322]ME out fid 2310
[03:24:44.280] RX< [ringbuf] no space data_len=71168
[03:24:44.280] RX< [3] [App Vpu] RINGBUF: write fail, size = 71074 space is not enough
[03:24:44.280] RX< [ringbuf] no space data_len=14848
[03:24:44.280] RX< [3] [App Vpu] RINGBUF: write fail, size = 14719 space is not enough
[03:24:44.280] RX< [ringbuf] no sp
[03:24:44.346] RX< ace data_len=14336
[03:24:44.346] RX< [3] [App Vpu] RINGBUF: write fail, size = 13842 space is not enough
[03:24:44.346] RX< [ringbuf] no space data_len=14336
[03:24:44.346] RX< [3] [App Vpu] RINGBUF: write fail, size = 13883 space is not enough
[03:24:44.346] RX< [33m[W/ftp] service go wrong, now wait restarting...[0m
[03:24:44.346] RX< [ringbu
[03:24:44.413] RX< f] no space data_len=13824
[03:24:44.413] RX< [3] [App Vpu] RINGBUF: write fail, size = 13678 space is not enough
[03:24:44.413] RX< [ringbuf] no space data_len=13824
[03:24:44.413] RX< [3] [App Vpu] RINGBUF: write fail, size = 13372 space is not enough
[03:24:44.413] RX< [ringbuf] no space data_len=20992
[03:24:44.413] RX< [3] [App Vpu] RINGBUF: 
[03:24:44.513] RX< write fail, size = 20756 space is not enough
[03:24:44.513] RX< [ringbuf] no space data_len=8704
[03:24:44.513] RX< [3] [App Vpu] RINGBUF: write fail, size = 8677 space is not enough
[03:24:44.513] RX< [ringbuf] no space data_len=20992
[03:24:44.513] RX< [3] [App Vpu] RINGBUF: write fail, size = 20714 space is not enough
[03:24:44.513] RX< [ringb
[03:24:44.579] RX< uf] no space data_len=9216
[03:24:44.579] RX< [3] [App Vpu] RINGBUF: write fail, size = 8940 space is not enough
[03:24:44.579] RX< [ringbuf] no space data_len=20992
[03:24:44.579] RX< [3] [App Vpu] RINGBUF: write fail, size = 20918 space is not enough
[03:24:44.579] RX< [ringbuf] no space data_len=9216
[03:24:44.579] RX< [3] [App Vpu] RINGBUF: wr
[03:24:44.679] RX< ite fail, size = 8870 space is not enough
[03:24:44.679] RX< [ringbuf] no space data_len=20992
[03:24:44.679] RX< [3] [App Vpu] RINGBUF: write fail, size = 20713 space is not enough
[03:24:44.679] RX< [ringbuf] no space data_len=9216
[03:24:44.679] RX< [3] [App Vpu] RINGBUF: write fail, size = 8748 space is not enough
[03:24:44.679] RX< [ringbuf]
[03:24:44.746] RX<  no space data_len=20480
[03:24:44.746] RX< [3] [App Vpu] RINGBUF: write fail, size = 20129 space is not enough
[03:24:44.746] RX< [ringbuf] no space data_len=9216
[03:24:44.746] RX< [3] [App Vpu] RINGBUF: write fail, size = 8905 space is not enough
[03:24:44.746] RX< [33m[W/ftp] service go wrong, now wait restarting...[0m
[03:24:44.746] RX< [ri
[03:24:44.813] RX< ngbuf] no space data_len=20480
[03:24:44.813] RX< [3] [App Vpu] RINGBUF: write fail, size = 20252 space is not enough
[03:24:44.813] RX< [ringbuf] no space data_len=8704
[03:24:44.813] RX< [3] [App Vpu] RINGBUF: write fail, size = 8597 space is not enough
[03:24:44.813] RX< [ringbuf] no space data_len=20480
[03:24:44.813] RX< [3] [App Vpu] RINGBUF
[03:24:44.928] RX< : write fail, size = 20475 space is not enough
[03:24:44.928] RX< [ringbuf] no space data_len=8704
[03:24:44.928] RX< [3] [App Vpu] RINGBUF: write fail, size = 8528 space is not enough
[03:24:44.928] RX< [ringbuf] no space data_len=20992
[03:24:44.928] RX< [3] [App Vpu] RINGBUF: write fail, size = 20764 space is not enough
[03:24:44.928] RX< [rin
[03:24:44.928] RX< gbuf] no space data_len=9216
[03:24:44.928] RX< [3] [App Vpu] RINGBUF: write fail, size = 9070 space is not enough
[03:24:44.928] RX< [34m[AE] fid=2340,exp=10000,adg=250,Y=4171,mtg=180,shg=100,bgbv=1506,iso=250,cnv2,hdr0
[03:24:44.928] RX< [0m[34m[b_ae0 proc] perf=934(us), max=1027(us)!
[03:24:44.928] RX< [0m[34m[awb0 proc]
[03:24:45.013] RX<  perf=4430(us), max=4452(us)!
[03:24:45.013] RX< [0m[ringbuf] no space data_len=20480
[03:24:45.013] RX< [3] [App Vpu] RINGBUF: write fail, size = 20288 space is not enough
[03:24:45.013] RX< [ringbuf] no space data_len=9216
[03:24:45.013] RX< [3] [App Vpu] RINGBUF: write fail, size = 8975 space is not enough
[03:24:45.013] RX< [ringbuf] no space
[03:24:45.079] RX<  data_len=21504
[03:24:45.079] RX< [3] [App Vpu] RINGBUF: write fail, size = 21332 space is not enough
[03:24:45.079] RX< [ringbuf] no space data_len=9216
[03:24:45.079] RX< [3] [App Vpu] RINGBUF: write fail, size = 9062 space is not enough
[03:24:45.079] RX< [ringbuf] no space data_len=21504
[03:24:45.079] RX< [3] [App Vpu] RINGBUF: write fail, s
[03:24:45.146] RX< ize = 21283 space is not enough
[03:24:45.146] RX< [7] [cam] [436403][me0][me_core_thread:322]ME out fid 2340
[03:24:45.146] RX< [ringbuf] no space data_len=88576
[03:24:45.146] RX< [3] [App Vpu] RINGBUF: write fail, size = 88416 space is not enough
[03:24:45.146] RX< [ringbuf] no space data_len=14336
[03:24:45.146] RX< [3] [App Vpu] RINGBUF: writ
[03:24:45.246] RX< e fail, size = 14105 space is not enough
[03:24:45.246] RX< [ringbuf] no space data_len=10752
[03:24:45.246] RX< [3] [App Vpu] RINGBUF: write fail, size = 10513 space is not enough
[03:24:45.246] RX< [ringbuf] no space data_len=14336
[03:24:45.246] RX< [3] [App Vpu] RINGBUF: write fail, size = 14133 space is not enough
[03:24:45.246] RX< [ringbuf
[03:24:45.313] RX< ] no space data_len=14336
[03:24:45.313] RX< [3] [App Vpu] RINGBUF: write fail, size = 14021 space is not enough
[03:24:45.313] RX< [ringbuf] no space data_len=14336
[03:24:45.313] RX< [3] [App Vpu] RINGBUF: write fail, size = 14074 space is not enough
[03:24:45.313] RX< [ringbuf] no space data_len=14336
[03:24:45.313] RX< [3] [App Vpu] RINGBUF: w
[03:24:45.379] RX< rite fail, size = 14002 space is not enough
[03:24:45.379] RX< [33m[W/ftp] service go wrong, now wait restarting...[0m
[03:24:45.379] RX< [ringbuf] no space data_len=13824
[03:24:45.379] RX< [3] [App Vpu] RINGBUF: write fail, size = 13652 space is not enough
[03:24:45.379] RX< [ringbuf] no space data_len=13824
[03:24:45.379] RX< [3] [App Vpu] RI
[03:24:45.446] RX< NGBUF: write fail, size = 13524 space is not enough
[03:24:45.446] RX< [ringbuf] no space data_len=14336
[03:24:45.446] RX< [3] [App Vpu] RINGBUF: write fail, size = 13884 space is not enough
[03:24:45.446] RX< [ringbuf] no space data_len=14848
[03:24:45.446] RX< [3] [App Vpu] RINGBUF: write fail, size = 14748 space is not enoug
[03:24:45.546] RX< h
[03:24:45.546] RX< [ringbuf] no space data_len=14848
[03:24:45.546] RX< [3] [App Vpu] RINGBUF: write fail, size = 14764 space is not enough
[03:24:45.546] RX< [ringbuf] no space data_len=14336
[03:24:45.546] RX< [3] [App Vpu] RINGBUF: write fail, size = 14087 space is not enough
[03:24:45.546] RX< [ringbuf] no space data_len=14848
[03:24:45.546] RX< [3] [App Vpu]
[03:24:45.613] RX<  RINGBUF: write fail, size = 14457 space is not enough
[03:24:45.613] RX< [ringbuf] no space data_len=14336
[03:24:45.613] RX< [3] [App Vpu] RINGBUF: write fail, size = 13986 space is not enough
[03:24:45.613] RX< [ringbuf] no space data_len=13824
[03:24:45.613] RX< [3] [App Vpu] RINGBUF: write fail, size = 13505 space is not en
[03:24:45.720] RX< ough
[03:24:45.720] RX< [ringbuf] no space data_len=13824
[03:24:45.720] RX< [3] [App Vpu] RINGBUF: write fail, size = 13461 space is not enough
[03:24:45.720] RX< [ringbuf] no space data_len=14336
[03:24:45.720] RX< [3] [App Vpu] RINGBUF: write fail, size = 14031 space is not enough
[03:24:45.720] RX< [ringbuf] no space data_len=13824
[03:24:45.720] RX< [3] [App V
[03:24:45.779] RX< pu] RINGBUF: write fail, size = 13434 space is not enough
[03:24:45.779] RX< [33m[W/ftp] service go wrong, now wait restarting...[0m
[03:24:45.779] RX< [ringbuf] no space data_len=13824
[03:24:45.779] RX< [3] [App Vpu] RINGBUF: write fail, size = 13651 space is not enough
[03:24:45.779] RX< [ringbuf] no space data_len=13824
[03:24:45.779] RX< [3
[03:24:45.846] RX< ] [App Vpu] RINGBUF: write fail, size = 13346 space is not enough
[03:24:45.846] RX< [ringbuf] no space data_len=13312
[03:24:45.846] RX< [3] [App Vpu] RINGBUF: write fail, size = 13192 space is not enough
[03:24:45.846] RX< [ringbuf] no space data_len=20992
[03:24:45.846] RX< [3] [App Vpu] RINGBUF: write fail, size = 20941 spac
[03:24:45.923] RX< e is not enough
[03:24:45.923] RX< [ringbuf] no space data_len=9216
[03:24:45.923] RX< [3] [App Vpu] RINGBUF: write fail, size = 8795 space is not enough
[03:24:45.923] RX< [ringbuf] no space data_len=20992
[03:24:45.923] RX< [3] [App Vpu] RINGBUF: write fail, size = 20541 space is not enough
[03:24:45.923] RX< [34m[AE] fid=2370,exp=10000,adg=25
[03:24:45.979] RX< 0,Y=4157,mtg=180,shg=100,bgbv=1502,iso=250,cnv2,hdr0
[03:24:45.979] RX< [0m[ringbuf] no space data_len=8704
[03:24:45.979] RX< [3] [App Vpu] RINGBUF: write fail, size = 8702 space is not enough
[03:24:45.979] RX< [ringbuf] no space data_len=20480
[03:24:45.979] RX< [3] [App Vpu] RINGBUF: write fail, size = 20463 space is not eno
[03:24:46.079] RX< ugh
[03:24:46.079] RX< [ringbuf] no space data_len=8704
[03:24:46.079] RX< [3] [App Vpu] RINGBUF: write fail, size = 8618 space is not enough
[03:24:46.079] RX< [ringbuf] no space data_len=20992
[03:24:46.079] RX< [3] [App Vpu] RINGBUF: write fail, size = 20599 space is not enough
[03:24:46.079] RX< [ringbuf] no space data_len=9216
[03:24:46.079] RX< [3] [App Vpu] 
[03:24:46.145] RX< RINGBUF: write fail, size = 8864 space is not enough
[03:24:46.145] RX< [7] [cam] [437403][me0][me_core_thread:322]ME out fid 2370
[03:24:46.145] RX< [ringbuf] no space data_len=71168
[03:24:46.145] RX< [3] [App Vpu] RINGBUF: write fail, size = 71098 space is not enough
[03:24:46.145] RX< [ringbuf] no space data_len=29184
[03:24:46.145] RX< [3] [A
[03:24:46.212] RX< pp Vpu] RINGBUF: write fail, size = 28917 space is not enough
[03:24:46.212] RX< [ringbuf] no space data_len=5632
[03:24:46.212] RX< [3] [App Vpu] RINGBUF: write fail, size = 5417 space is not enough
[03:24:46.212] RX< [ringbuf] no space data_len=14848
[03:24:46.212] RX< [3] [App Vpu] RINGBUF: write fail, size = 14503 space is n
[03:24:46.312] RX< ot enough
[03:24:46.312] RX< [ringbuf] no space data_len=14336
[03:24:46.312] RX< [3] [App Vpu] RINGBUF: write fail, size = 14156 space is not enough
[03:24:46.312] RX< [ringbuf] no space data_len=13824
[03:24:46.312] RX< [3] [App Vpu] RINGBUF: write fail, size = 13498 space is not enough
[03:24:46.312] RX< [ringbuf] no space data_len=13824
[03:24:46.312] RX< [3] [
[03:24:46.378] RX< App Vpu] RINGBUF: write fail, size = 13507 space is not enough
[03:24:46.378] RX< [33m[W/ftp] service go wrong, now wait restarting...[0m
[03:24:46.378] RX< [ringbuf] no space data_len=21504
[03:24:46.378] RX< [3] [App Vpu] RINGBUF: write fail, size = 21259 space is not enough
[03:24:46.378] RX< [ringbuf] no space data_len=972
[03:24:46.445] RX< 8
[03:24:46.445] RX< [3] [App Vpu] RINGBUF: write fail, size = 9518 space is not enough
[03:24:46.445] RX< [ringbuf] no space data_len=21504
[03:24:46.445] RX< [3] [App Vpu] RINGBUF: write fail, size = 21475 space is not enough
[03:24:46.445] RX< [ringbuf] no space data_len=9728
[03:24:46.445] RX< [3] [App Vpu] RINGBUF: write fail, size = 9302 spa
[03:24:46.545] RX< ce is not enough
[03:24:46.545] RX< [ringbuf] no space data_len=21504
[03:24:46.545] RX< [3] [App Vpu] RINGBUF: write fail, size = 21394 space is not enough
[03:24:46.545] RX< [ringbuf] no space data_len=9728
[03:24:46.545] RX< [3] [App Vpu] RINGBUF: write fail, size = 9244 space is not enough
[03:24:46.545] RX< [ringbuf] no space data_len=21504
[03:24:46.612] RX< [3] [App Vpu] RINGBUF: write fail, size = 21085 space is not enough
[03:24:46.612] RX< [ringbuf] no space data_len=9216
[03:24:46.612] RX< [3] [App Vpu] RINGBUF: write fail, size = 9190 space is not enough
[03:24:46.612] RX< [ringbuf] no space data_len=22016
[03:24:46.612] RX< [3] [App Vpu] RINGBUF: write fail, size = 21714 spac
[03:24:46.719] RX< e is not enough
[03:24:46.719] RX< [ringbuf] no space data_len=9216
[03:24:46.719] RX< [3] [App Vpu] RINGBUF: write fail, size = 9164 space is not enough
[03:24:46.719] RX< [ringbuf] no space data_len=20992
[03:24:46.719] RX< [3] [App Vpu] RINGBUF: write fail, size = 20666 space is not enough
[03:24:46.719] RX< [ringbuf] no space data_len=9216
[03:24:46.719] RX< [3
[03:24:46.778] RX< ] [App Vpu] RINGBUF: write fail, size = 9144 space is not enough
[03:24:46.778] RX< [33m[W/ftp] service go wrong, now wait restarting...[0m
[03:24:46.778] RX< [ringbuf] no space data_len=20992
[03:24:46.778] RX< [3] [App Vpu] RINGBUF: write fail, size = 20842 space is not enough
[03:24:46.778] RX< [ringbuf] no space data_len=9
[03:24:46.845] RX< 216
[03:24:46.845] RX< [3] [App Vpu] RINGBUF: write fail, size = 8940 space is not enough
[03:24:46.845] RX< [ringbuf] no space data_len=20992
[03:24:46.845] RX< [3] [App Vpu] RINGBUF: write fail, size = 20750 space is not enough
[03:24:46.845] RX< [ringbuf] no space data_len=9216
[03:24:46.845] RX< [3] [App Vpu] RINGBUF: write fail, size = 8865 s
[03:24:46.922] RX< pace is not enough
[03:24:46.922] RX< [ringbuf] no space data_len=20992
[03:24:46.922] RX< [3] [App Vpu] RINGBUF: write fail, size = 20854 space is not enough
[03:24:46.922] RX< [ringbuf] no space data_len=9216
[03:24:46.922] RX< [3] [App Vpu] RINGBUF: write fail, size = 8909 space is not enough
[03:24:46.922] RX< [34m[AE] fid=2400,exp=10000,adg
[03:24:46.978] RX< =250,Y=4139,mtg=180,shg=100,bgbv=1497,iso=250,cnv2,hdr0
[03:24:46.978] RX< [0m[ringbuf] no space data_len=20992
[03:24:46.978] RX< [3] [App Vpu] RINGBUF: write fail, size = 20970 space is not enough
[03:24:46.978] RX< [ringbuf] no space data_len=9728
[03:24:46.978] RX< [3] [App Vpu] RINGBUF: write fail, size = 9566 space is not 
[03:24:47.045] RX< enough
[03:24:47.045] RX< [ringbuf] no space data_len=13824
[03:24:47.045] RX< [3] [App Vpu] RINGBUF: write fail, size = 13420 space is not enough
[03:24:47.045] RX< [34m[ME INTP]fid=2400, shutter=10000, perf=238(us), max=1488(us)!
[03:24:47.045] RX< [0m[ringbuf] no space data_len=14336
[03:24:47.045] RX< [3] [App Vpu] RINGBUF: write fail, size 
[03:24:47.112] RX< = 14280 space is not enough
[03:24:47.112] RX< [ringbuf] no space data_len=14336
[03:24:47.112] RX< [3] [App Vpu] RINGBUF: write fail, size = 13975 space is not enough
[03:24:47.112] RX< [7] [cam] [438403][me0][me_core_thread:322]ME out fid 2400
[03:24:47.112] RX< [ringbuf] no space data_len=79360
[03:24:47.112] RX< [3] [App Vpu] RINGBUF: write fa
[03:24:47.212] RX< il, size = 79180 space is not enough
[03:24:47.212] RX< [ringbuf] no space data_len=22016
[03:24:47.212] RX< [3] [App Vpu] RINGBUF: write fail, size = 21736 space is not enough
[03:24:47.212] RX< [ringbuf] no space data_len=8192
[03:24:47.212] RX< [3] [App Vpu] RINGBUF: write fail, size = 7960 space is not enough
[03:24:47.212] RX< [ringbuf] no s
[03:24:47.278] RX< pace data_len=16384
[03:24:47.278] RX< [3] [App Vpu] RINGBUF: write fail, size = 16336 space is not enough
[03:24:47.278] RX< [ringbuf] no space data_len=10240
[03:24:47.278] RX< [3] [App Vpu] RINGBUF: write fail, size = 9734 space is not enough
[03:24:47.278] RX< [ringbuf] no space data_len=23040
[03:24:47.278] RX< [3] [App Vpu] RINGBUF: write fa
[03:24:47.345] RX< il, size = 22679 space is not enough
[03:24:47.345] RX< [ringbuf] no space data_len=10240
[03:24:47.345] RX< [3] [App Vpu] RINGBUF: write fail, size = 10052 space is not enough
[03:24:47.345] RX< [33m[W/ftp] service go wrong, now wait restarting...[0m
[03:24:47.345] RX< [ringbuf] no space data_len=14336
[03:24:47.345] RX< [3] [App Vpu] RINGBUF: 
[03:24:47.445] RX< write fail, size = 14266 space is not enough
[03:24:47.445] RX< [ringbuf] no space data_len=14848
[03:24:47.445] RX< [3] [App Vpu] RINGBUF: write fail, size = 14762 space is not enough
[03:24:47.445] RX< [ringbuf] no space data_len=14336
[03:24:47.445] RX< [3] [App Vpu] RINGBUF: write fail, size = 14176 space is not enough
[03:24:47.445] RX< [rin
[03:24:47.512] RX< gbuf] no space data_len=14336
[03:24:47.512] RX< [3] [App Vpu] RINGBUF: write fail, size = 14299 space is not enough
[03:24:47.512] RX< [ringbuf] no space data_len=13824
[03:24:47.512] RX< [3] [App Vpu] RINGBUF: write fail, size = 13713 space is not enough
[03:24:47.512] RX< [ringbuf] no space data_len=14336
[03:24:47.512] RX< [3] [App Vpu] RINGBU
[03:24:47.626] RX< F: write fail, size = 13988 space is not enough
[03:24:47.626] RX< [ringbuf] no space data_len=14336
[03:24:47.626] RX< [3] [App Vpu] RINGBUF: write fail, size = 13872 space is not enough
[03:24:47.626] RX< [ringbuf] no space data_len=13824
[03:24:47.626] RX< [3] [App Vpu] RINGBUF: write fail, size = 13591 space is not enough
[03:24:47.626] RX< [
[03:24:47.927] RX< ringbuf] no space data_len=14336
[03:24:47.927] RX< [3] [App Vpu] RINGBUF: write fail, size = 14080 space is not enough
[03:24:47.927] RX< [RTMP] slow send frame 665 len=80216 dt=5307ms (IDR)
[03:24:47.927] RX< [RTMP] dropped 630 p-frames (backlog 98%)
[03:24:47.927] RX< [33m[W/ftp] service go wrong, now wait restarting...[0m
[03:24:47.927] RX< 
[03:24:48.327] RX< [34m[AE] fid=2430,exp=10000,adg=250,Y=4122,mtg=180,shg=100,bgbv=1488,iso=250,cnv2,hdr0
[03:24:48.327] RX< [0m[34m[b_ae0 proc] perf=867(us), max=1019(us)!
[03:24:48.327] RX< [0m[34m[awb0 proc] perf=4407(us), max=4450(us)!
[03:24:48.327] RX< [0m[7] [cam] [439402][me0][me_core_thread:322]ME out fid 2430
[03:24:48.327] RX< [33m
[03:24:48.478] RX< [W/ftp] service go wrong, now wait restarting...[0m
[03:24:48.478] RX< [ringbuf] no space data_len=14336
[03:24:48.478] RX< [3] [App Vpu] RINGBUF: write fail, size = 14178 space is not enough
[03:24:48.478] RX< [ringbuf] no space data_len=14336
[03:24:48.478] RX< [3] [App Vpu] RINGBUF: write fail, size = 13910 space is not enoug
[03:24:48.578] RX< h
[03:24:48.578] RX< [ringbuf] no space data_len=13824
[03:24:48.578] RX< [3] [App Vpu] RINGBUF: write fail, size = 13697 space is not enough
[03:24:48.578] RX< [ringbuf] no space data_len=13824
[03:24:48.578] RX< [3] [App Vpu] RINGBUF: write fail, size = 13753 space is not enough
[03:24:48.578] RX< [ringbuf] no space data_len=13824
[03:24:48.578] RX< [3] [App Vpu]
[03:24:48.645] RX<  RINGBUF: write fail, size = 13816 space is not enough
[03:24:48.645] RX< [ringbuf] no space data_len=14336
[03:24:48.645] RX< [3] [App Vpu] RINGBUF: write fail, size = 13924 space is not enough
[03:24:48.645] RX< [ringbuf] no space data_len=14336
[03:24:48.645] RX< [3] [App Vpu] RINGBUF: write fail, size = 13840 space is not en
[03:24:48.719] RX< ough
[03:24:48.719] RX< [ringbuf] no space data_len=14336
[03:24:48.719] RX< [3] [App Vpu] RINGBUF: write fail, size = 14000 space is not enough
[03:24:48.719] RX< [ringbuf] no space data_len=14336
[03:24:48.719] RX< [3] [App Vpu] RINGBUF: write fail, size = 14128 space is not enough
[03:24:48.719] RX< [33m[W/ftp] service go wrong, now wait rest
[03:24:48.812] RX< arting...[0m
[03:24:48.812] RX< [ringbuf] no space data_len=14336
[03:24:48.812] RX< [3] [App Vpu] RINGBUF: write fail, size = 14128 space is not enough
[03:24:48.812] RX< [ringbuf] no space data_len=14848
[03:24:48.812] RX< [3] [App Vpu] RINGBUF: write fail, size = 14653 space is not enough
[03:24:48.812] RX< [ringbuf] no space data_len=14336
[03:24:48.812] RX< [3
[03:24:48.878] RX< ] [App Vpu] RINGBUF: write fail, size = 14312 space is not enough
[03:24:48.878] RX< [ringbuf] no space data_len=14336
[03:24:48.878] RX< [3] [App Vpu] RINGBUF: write fail, size = 13880 space is not enough
[03:24:48.878] RX< [ringbuf] no space data_len=14336
[03:24:48.878] RX< [3] [App Vpu] RINGBUF: write fail, size = 13868 spac
[03:24:48.945] RX< e is not enough
[03:24:48.945] RX< [ringbuf] no space data_len=13824
[03:24:48.945] RX< [3] [App Vpu] RINGBUF: write fail, size = 13511 space is not enough
[03:24:48.945] RX< [34m[AE] fid=2460,exp=10000,adg=250,Y=4122,mtg=180,shg=100,bgbv=1488,iso=250,cnv2,hdr0
[03:24:48.945] RX< [0m[ringbuf] no space data_len=13824
[03:24:48.945] RX< [3] [App V
[03:24:49.045] RX< pu] RINGBUF: write fail, size = 13618 space is not enough
[03:24:49.045] RX< [ringbuf] no space data_len=21504
[03:24:49.045] RX< [3] [App Vpu] RINGBUF: write fail, size = 21290 space is not enough
[03:24:49.045] RX< [ringbuf] no space data_len=22016
[03:24:49.045] RX< [3] [App Vpu] RINGBUF: write fail, size = 21685 space is not
[03:24:49.112] RX<  enough
[03:24:49.112] RX< [ringbuf] no space data_len=9728
[03:24:49.112] RX< [3] [App Vpu] RINGBUF: write fail, size = 9452 space is not enough
[03:24:49.112] RX< [7] [cam] [440402][me0][me_core_thread:322]ME out fid 2460
[03:24:49.112] RX< [ringbuf] no space data_len=71168
[03:24:49.112] RX< [3] [App Vpu] RINGBUF: write fail, size = 71152 space
[03:24:49.212] RX<  is not enough
[03:24:49.212] RX< [ringbuf] no space data_len=30720
[03:24:49.212] RX< [3] [App Vpu] RINGBUF: write fail, size = 30405 space is not enough
[03:24:49.212] RX< [ringbuf] no space data_len=6144
[03:24:49.212] RX< [3] [App Vpu] RINGBUF: write fail, size = 5836 space is not enough
[03:24:49.212] RX< [ringbuf] no space data_len=15360
[03:24:49.212] RX< [3
[03:24:49.278] RX< ] [App Vpu] RINGBUF: write fail, size = 15327 space is not enough
[03:24:49.278] RX< [ringbuf] no space data_len=15360
[03:24:49.278] RX< [3] [App Vpu] RINGBUF: write fail, size = 15053 space is not enough
[03:24:49.278] RX< [ringbuf] no space data_len=15360
[03:24:49.278] RX< [3] [App Vpu] RINGBUF: write fail, size = 15037 spac
[03:24:49.344] RX< e is not enough
[03:24:49.344] RX< [ringbuf] no space data_len=14336
[03:24:49.344] RX< [3] [App Vpu] RINGBUF: write fail, size = 14123 space is not enough
[03:24:49.344] RX< [33m[W/ftp] service go wrong, now wait restarting...[0m
[03:24:49.344] RX< [ringbuf] no space data_len=14848
[03:24:49.344] RX< [3] [App Vpu] RINGBUF: write fail, size = 14
[03:24:49.444] RX< 579 space is not enough
[03:24:49.444] RX< [ringbuf] no space data_len=14848
[03:24:49.444] RX< [3] [App Vpu] RINGBUF: write fail, size = 14396 space is not enough
[03:24:49.444] RX< [ringbuf] no space data_len=13824
[03:24:49.444] RX< [3] [App Vpu] RINGBUF: write fail, size = 13710 space is not enough
[03:24:49.444] RX< [ringbuf] no space data_l
[03:24:49.511] RX< en=13824
[03:24:49.511] RX< [3] [App Vpu] RINGBUF: write fail, size = 13343 space is not enough
[03:24:49.511] RX< [ringbuf] no space data_len=22016
[03:24:49.511] RX< [3] [App Vpu] RINGBUF: write fail, size = 21595 space is not enough
[03:24:49.511] RX< [ringbuf] no space data_len=9728
[03:24:49.511] RX< [3] [App Vpu] RINGBUF: write fail, size = 
[03:24:49.611] RX< 9557 space is not enough
[03:24:49.611] RX< [ringbuf] no space data_len=21504
[03:24:49.611] RX< [3] [App Vpu] RINGBUF: write fail, size = 21486 space is not enough
[03:24:49.611] RX< [ringbuf] no space data_len=9728
[03:24:49.611] RX< [3] [App Vpu] RINGBUF: write fail, size = 9317 space is not enough
[03:24:49.611] RX< [ringbuf] no space data_le
[03:24:49.677] RX< n=22016
[03:24:49.677] RX< [3] [App Vpu] RINGBUF: write fail, size = 21645 space is not enough
[03:24:49.677] RX< [ringbuf] no space data_len=10240
[03:24:49.677] RX< [3] [App Vpu] RINGBUF: write fail, size = 9839 space is not enough
[03:24:49.677] RX< [ringbuf] no space data_len=13824
[03:24:49.677] RX< [3] [App Vpu] RINGBUF: write fail, size = 1
[03:24:49.744] RX< 3685 space is not enough
[03:24:49.744] RX< [ringbuf] no space data_len=13824
[03:24:49.744] RX< [3] [App Vpu] RINGBUF: write fail, size = 13399 space is not enough
[03:24:49.744] RX< [33m[W/ftp] service go wrong, now wait restarting...[0m
[03:24:49.744] RX< [ringbuf] no space data_len=22016
[03:24:49.744] RX< [3] [App Vpu] RINGBUF: write fail, 
[03:24:49.844] RX< size = 21620 space is not enough
[03:24:49.844] RX< [ringbuf] no space data_len=9728
[03:24:49.844] RX< [3] [App Vpu] RINGBUF: write fail, size = 9249 space is not enough
[03:24:49.844] RX< [ringbuf] no space data_len=21504
[03:24:49.844] RX< [3] [App Vpu] RINGBUF: write fail, size = 21169 space is not enough
[03:24:49.844] RX< [ringbuf] no space
[03:24:49.921] RX<  data_len=9216
[03:24:49.921] RX< [3] [App Vpu] RINGBUF: write fail, size = 9129 space is not enough
[03:24:49.921] RX< [ringbuf] no space data_len=21504
[03:24:49.921] RX< [3] [App Vpu] RINGBUF: write fail, size = 21228 space is not enough
[03:24:49.921] RX< [ringbuf] no space data_len=9216
[03:24:49.921] RX< [3] [App Vpu] RINGBUF: write fail, si
[03:24:49.977] RX< ze = 9206 space is not enough
[03:24:49.977] RX< [34m[AE] fid=2490,exp=10000,adg=250,Y=4133,mtg=180,shg=100,bgbv=1493,iso=250,cnv2,hdr0
[03:24:49.977] RX< [0m[ringbuf] no space data_len=21504
[03:24:49.977] RX< [3] [App Vpu] RINGBUF: write fail, size = 21225 space is not enough
[03:24:49.977] RX< [ringbuf] no space data_len=92
[03:24:50.044] RX< 16
[03:24:50.044] RX< [3] [App Vpu] RINGBUF: write fail, size = 8985 space is not enough
[03:24:50.044] RX< [ringbuf] no space data_len=21504
[03:24:50.044] RX< [3] [App Vpu] RINGBUF: write fail, size = 21210 space is not enough
[03:24:50.044] RX< [ringbuf] no space data_len=9216
[03:24:50.044] RX< [3] [App Vpu] RINGBUF: write fail, size = 8884 sp
[03:24:50.111] RX< ace is not enough
[03:24:50.111] RX< [ringbuf] no space data_len=21504
[03:24:50.111] RX< [3] [App Vpu] RINGBUF: write fail, size = 21030 space is not enough
[03:24:50.111] RX< [7] [cam] [441402][me0][me_core_thread:322]ME out fid 2490
[03:24:50.111] RX< [ringbuf] no space data_len=89088
[03:24:50.111] RX< [3] [App Vpu] RINGBUF: write fail, size =
[03:24:50.211] RX<  88711 space is not enough
[03:24:50.211] RX< [ringbuf] no space data_len=14336
[03:24:50.211] RX< [3] [App Vpu] RINGBUF: write fail, size = 14327 space is not enough
[03:24:50.211] RX< [ringbuf] no space data_len=10752
[03:24:50.211] RX< [3] [App Vpu] RINGBUF: write fail, size = 10678 space is not enough
[03:24:50.211] RX< [ringbuf] no space dat
[03:24:50.277] RX< a_len=14848
[03:24:50.277] RX< [3] [App Vpu] RINGBUF: write fail, size = 14400 space is not enough
[03:24:50.277] RX< [ringbuf] no space data_len=14336
[03:24:50.277] RX< [3] [App Vpu] RINGBUF: write fail, size = 13938 space is not enough
[03:24:50.277] RX< [ringbuf] no space data_len=13312
[03:24:50.277] RX< [3] [App Vpu] RINGBUF: write fail, siz
[03:24:50.713] RX< e = 13293 space is not enough
[03:24:50.713] RX< [RTMP] slow send frame 690 len=79579 dt=2675ms (IDR)
[03:24:50.713] RX< [RTMP] dropped 660 p-frames (backlog 98%)
[03:24:50.713] RX< [RTMP] f_index = 720, f_len = 14709
[03:24:50.713] RX< [33m[W/ftp] service go wrong, now wait restarting...[0m
[03:24:50.713] RX< [33m[W/ftp] service go wrong, now w
[03:24:51.021] RX< ait restarting...[0m
[03:24:51.021] RX< [34m[AE] fid=2520,exp=10000,adg=250,Y=4152,mtg=180,shg=100,bgbv=1502,iso=250,cnv2,hdr0
[03:24:51.021] RX< [0m[34m[b_ae0 proc] perf=873(us), max=1021(us)!
[03:24:51.021] RX< [0m[34m[awb0 proc] perf=4399(us), max=4464(us)!
[03:24:51.021] RX< [0m[34m[ME INTP]fid=2520, shutter=10000, pe
[03:24:51.411] RX< rf=239(us), max=355(us)!
[03:24:51.411] RX< [0m[7] [cam] [442402][me0][me_core_thread:322]ME out fid 2520
[03:24:51.411] RX< [33m[W/ftp] service go wrong, now wait restarting...[0m
[03:24:51.411] RX< [ringbuf] no space data_len=13824
[03:24:51.411] RX< [3] [App Vpu] RINGBUF: write fail, size = 13458 space is not enough
[03:24:51.411] RX< [ringbu
[03:24:51.478] RX< f] no space data_len=13824
[03:24:51.478] RX< [3] [App Vpu] RINGBUF: write fail, size = 13475 space is not enough
[03:24:51.478] RX< [ringbuf] no space data_len=13824
[03:24:51.478] RX< [3] [App Vpu] RINGBUF: write fail, size = 13715 space is not enough
[03:24:51.478] RX< [ringbuf] no space data_len=13824
[03:24:51.478] RX< [3] [App Vpu] RINGBUF: 
[03:24:51.577] RX< write fail, size = 13429 space is not enough
[03:24:51.577] RX< [ringbuf] no space data_len=13824
[03:24:51.577] RX< [3] [App Vpu] RINGBUF: write fail, size = 13443 space is not enough
[03:24:51.577] RX< [ringbuf] no space data_len=13312
[03:24:51.577] RX< [3] [App Vpu] RINGBUF: write fail, size = 13273 space is not enough
[03:24:51.577] RX< [rin
[03:24:51.644] RX< gbuf] no space data_len=13312
[03:24:51.644] RX< [3] [App Vpu] RINGBUF: write fail, size = 13183 space is not enough
[03:24:51.644] RX< [ringbuf] no space data_len=13824
[03:24:51.644] RX< [3] [App Vpu] RINGBUF: write fail, size = 13661 space is not enough
[03:24:51.644] RX< [ringbuf] no space data_len=13824
[03:24:51.644] RX< [3] [App Vpu] RINGBU
[03:24:51.718] RX< F: write fail, size = 13596 space is not enough
[03:24:51.718] RX< [ringbuf] no space data_len=13824
[03:24:51.718] RX< [3] [App Vpu] RINGBUF: write fail, size = 13590 space is not enough
[03:24:51.718] RX< [ringbuf] no space data_len=13824
[03:24:51.718] RX< [3] [App Vpu] RINGBUF: write fail, size = 13675 space is not enough
[03:24:51.718] RX< 
[03:24:51.777] RX< [33m[W/ftp] service go wrong, now wait restarting...[0m
[03:24:51.777] RX< [ringbuf] no space data_len=13824
[03:24:51.777] RX< [3] [App Vpu] RINGBUF: write fail, size = 13603 space is not enough
[03:24:51.777] RX< [ringbuf] no space data_len=14336
[03:24:51.777] RX< [3] [App Vpu] RINGBUF: write fail, size = 13912 space is not e
[03:24:51.877] RX< nough
[03:24:51.877] RX< [ringbuf] no space data_len=13824
[03:24:51.877] RX< [3] [App Vpu] RINGBUF: write fail, size = 13429 space is not enough
[03:24:51.877] RX< [ringbuf] no space data_len=13824
[03:24:51.877] RX< [3] [App Vpu] RINGBUF: write fail, size = 13368 space is not enough
[03:24:51.877] RX< [ringbuf] no space data_len=14336
[03:24:51.877] RX< [3] [App 
[03:24:51.944] RX< Vpu] RINGBUF: write fail, size = 13874 space is not enough
[03:24:51.944] RX< [ringbuf] no space data_len=13824
[03:24:51.944] RX< [3] [App Vpu] RINGBUF: write fail, size = 13768 space is not enough
[03:24:51.944] RX< [34m[AE] fid=2550,exp=10000,adg=250,Y=4159,mtg=180,shg=100,bgbv=1502,iso=250,cnv2,hdr0
[03:24:51.944] RX< [0m[
[03:24:52.011] RX< ringbuf] no space data_len=13824
[03:24:52.011] RX< [3] [App Vpu] RINGBUF: write fail, size = 13494 space is not enough
[03:24:52.011] RX< [ringbuf] no space data_len=13824
[03:24:52.011] RX< [3] [App Vpu] RINGBUF: write fail, size = 13505 space is not enough
[03:24:52.011] RX< [ringbuf] no space data_len=22016
[03:24:52.011] RX< [3] [App Vpu] RIN
[03:24:52.111] RX< GBUF: write fail, size = 21648 space is not enough
[03:24:52.111] RX< [ringbuf] no space data_len=14336
[03:24:52.111] RX< [3] [App Vpu] RINGBUF: write fail, size = 14151 space is not enough
[03:24:52.111] RX< [7] [cam] [443402][me0][me_core_thread:322]ME out fid 2550
[03:24:52.111] RX< [ringbuf] no space data_len=79360
[03:24:52.111] RX< [3] [App
[03:24:52.177] RX<  Vpu] RINGBUF: write fail, size = 78963 space is not enough
[03:24:52.177] RX< [ringbuf] no space data_len=21504
[03:24:52.177] RX< [3] [App Vpu] RINGBUF: write fail, size = 21377 space is not enough
[03:24:52.177] RX< [ringbuf] no space data_len=8192
[03:24:52.177] RX< [3] [App Vpu] RINGBUF: write fail, size = 7921 space is not
[03:24:52.276] RX<  enough
[03:24:52.276] RX< [ringbuf] no space data_len=15360
[03:24:52.276] RX< [3] [App Vpu] RINGBUF: write fail, size = 14859 space is not enough
[03:24:52.276] RX< [ringbuf] no space data_len=14848
[03:24:52.276] RX< [3] [App Vpu] RINGBUF: write fail, size = 14477 space is not enough
[03:24:52.276] RX< [ringbuf] no space data_len=14336
[03:24:52.276] RX< [3] [Ap
[03:24:52.344] RX< p Vpu] RINGBUF: write fail, size = 14335 space is not enough
[03:24:52.344] RX< [ringbuf] no space data_len=14336
[03:24:52.344] RX< [3] [App Vpu] RINGBUF: write fail, size = 14178 space is not enough
[03:24:52.344] RX< [33m[W/ftp] service go wrong, now wait restarting...[0m
[03:24:52.344] RX< [ringbuf] no space data_len=14336
[03:24:52.411] RX< 
[03:24:52.411] RX< [3] [App Vpu] RINGBUF: write fail, size = 14145 space is not enough
[03:24:52.411] RX< [ringbuf] no space data_len=14336
[03:24:52.411] RX< [3] [App Vpu] RINGBUF: write fail, size = 13934 space is not enough
[03:24:52.411] RX< [ringbuf] no space data_len=13824
[03:24:52.411] RX< [3] [App Vpu] RINGBUF: write fail, size = 13668 s
[03:24:52.511] RX< pace is not enough
[03:24:52.511] RX< [ringbuf] no space data_len=13824
[03:24:52.511] RX< [3] [App Vpu] RINGBUF: write fail, size = 13422 space is not enough
[03:24:52.511] RX< [ringbuf] no space data_len=21504
[03:24:52.511] RX< [3] [App Vpu] RINGBUF: write fail, size = 21160 space is not enough
[03:24:52.511] RX< [ringbuf] no space data_len=92
[03:24:52.577] RX< 16
[03:24:52.577] RX< [3] [App Vpu] RINGBUF: write fail, size = 9183 space is not enough
[03:24:52.577] RX< [ringbuf] no space data_len=20992
[03:24:52.577] RX< [3] [App Vpu] RINGBUF: write fail, size = 20972 space is not enough
[03:24:52.577] RX< [ringbuf] no space data_len=9216
[03:24:52.577] RX< [3] [App Vpu] RINGBUF: write fail, size = 9072 sp
[03:24:52.676] RX< ace is not enough
[03:24:52.676] RX< [ringbuf] no space data_len=20480
[03:24:52.676] RX< [3] [App Vpu] RINGBUF: write fail, size = 20240 space is not enough
[03:24:52.676] RX< [ringbuf] no space data_len=9216
[03:24:52.676] RX< [3] [App Vpu] RINGBUF: write fail, size = 8706 space is not enough
[03:24:52.676] RX< [ringbuf] no space data_len=20992
[03:24:52.743] RX< 
[03:24:52.743] RX< [3] [App Vpu] RINGBUF: write fail, size = 20894 space is not enough
[03:24:52.743] RX< [ringbuf] no space data_len=9216
[03:24:52.743] RX< [3] [App Vpu] RINGBUF: write fail, size = 8990 space is not enough
[03:24:52.743] RX< [33m[W/ftp] service go wrong, now wait restarting...[0m
[03:24:52.743] RX< [ringbuf] no space data_len
[03:24:52.810] RX< =20992
[03:24:52.810] RX< [3] [App Vpu] RINGBUF: write fail, size = 20720 space is not enough
[03:24:52.810] RX< [ringbuf] no space data_len=9216
[03:24:52.810] RX< [3] [App Vpu] RINGBUF: write fail, size = 8949 space is not enough
[03:24:52.810] RX< [ringbuf] no space data_len=20992
[03:24:52.810] RX< [3] [App Vpu] RINGBUF: write fail, size = 206
[03:24:52.920] RX< 45 space is not enough
[03:24:52.920] RX< [ringbuf] no space data_len=9216
[03:24:52.920] RX< [3] [App Vpu] RINGBUF: write fail, size = 8886 space is not enough
[03:24:52.920] RX< [ringbuf] no space data_len=20992
[03:24:52.920] RX< [3] [App Vpu] RINGBUF: write fail, size = 20673 space is not enough
[03:24:52.920] RX< [ringbuf] no space data_len=
[03:24:52.943] RX< 9216
[03:24:52.943] RX< [3] [App Vpu] RINGBUF: write fail, size = 8983 space is not enough
[03:24:52.943] RX< [34m[AE] fid=2580,exp=10000,adg=250,Y=4159,mtg=180,shg=100,bgbv=1502,iso=250,cnv2,hdr0
[03:24:52.943] RX< [0m[ringbuf] no space data_len=21504
[03:24:52.943] RX< [3] [App Vpu] RINGBUF: write fail, size = 21295 space is 
[03:24:53.043] RX< not enough
[03:24:53.043] RX< [ringbuf] no space data_len=9728
[03:24:53.043] RX< [3] [App Vpu] RINGBUF: write fail, size = 9284 space is not enough
[03:24:53.043] RX< [ringbuf] no space data_len=20992
[03:24:53.043] RX< [3] [App Vpu] RINGBUF: write fail, size = 20985 space is not enough
[03:24:53.043] RX< [ringbuf] no space data_len=9728
[03:24:53.043] RX< [3] [Ap
[03:24:53.110] RX< p Vpu] RINGBUF: write fail, size = 9250 space is not enough
[03:24:53.110] RX< [ringbuf] no space data_len=21504
[03:24:53.110] RX< [3] [App Vpu] RINGBUF: write fail, size = 21355 space is not enough
[03:24:53.110] RX< [7] [cam] [444402][me0][me_core_thread:322]ME out fid 2580
[03:24:53.110] RX< [ringbuf] no space data_len=89088
[03:24:53.176] RX< 
[03:24:53.176] RX< [3] [App Vpu] RINGBUF: write fail, size = 88966 space is not enough
[03:24:53.176] RX< [ringbuf] no space data_len=14848
[03:24:53.176] RX< [3] [App Vpu] RINGBUF: write fail, size = 14647 space is not enough
[03:24:53.176] RX< [ringbuf] no space data_len=11264
[03:24:53.176] RX< [3] [App Vpu] RINGBUF: write fail, size = 10866 s
[03:24:53.276] RX< pace is not enough
[03:24:53.276] RX< [ringbuf] no space data_len=14848
[03:24:53.276] RX< [3] [App Vpu] RINGBUF: write fail, size = 14514 space is not enough
[03:24:53.276] RX< [ringbuf] no space data_len=14336
[03:24:53.276] RX< [3] [App Vpu] RINGBUF: write fail, size = 14331 space is not enough
[03:24:53.276] RX< [ringbuf] no space data_len=13
[03:24:53.343] RX< 824
[03:24:53.343] RX< [3] [App Vpu] RINGBUF: write fail, size = 13814 space is not enough
[03:24:53.343] RX< [ringbuf] no space data_len=13824
[03:24:53.343] RX< [3] [App Vpu] RINGBUF: write fail, size = 13798 space is not enough
[03:24:53.343] RX< [33m[W/ftp] service go wrong, now wait restarting...[0m
[03:24:53.343] RX< [ringbuf] no space dat
[03:24:53.410] RX< a_len=15872
[03:24:53.410] RX< [3] [App Vpu] RINGBUF: write fail, size = 15366 space is not enough
[03:24:53.410] RX< [ringbuf] no space data_len=16896
[03:24:53.410] RX< [3] [App Vpu] RINGBUF: write fail, size = 16827 space is not enough
[03:24:53.410] RX< [ringbuf] no space data_len=11776
[03:24:53.410] RX< [3] [App Vpu] RINGBUF: write fail, siz
[03:24:53.510] RX< e = 11717 space is not enough
[03:24:53.510] RX< [ringbuf] no space data_len=16896
[03:24:53.510] RX< [3] [App Vpu] RINGBUF: write fail, size = 16575 space is not enough
[03:24:53.510] RX< [ringbuf] no space data_len=12288
[03:24:53.510] RX< [3] [App Vpu] RINGBUF: write fail, size = 12075 space is not enough
[03:24:53.510] RX< [ringbuf] no space 
[03:24:53.576] RX< data_len=16384
[03:24:53.576] RX< [3] [App Vpu] RINGBUF: write fail, size = 16114 space is not enough
[03:24:53.576] RX< [ringbuf] no space data_len=11264
[03:24:53.576] RX< [3] [App Vpu] RINGBUF: write fail, size = 11040 space is not enough
[03:24:53.576] RX< [ringbuf] no space data_len=15872
[03:24:53.576] RX< [3] [App Vpu] RINGBUF: write fail, 
[03:24:53.676] RX< size = 15804 space is not enough
[03:24:53.676] RX< [ringbuf] no space data_len=11264
[03:24:53.676] RX< [3] [App Vpu] RINGBUF: write fail, size = 10788 space is not enough
[03:24:53.676] RX< [ringbuf] no space data_len=15360
[03:24:53.676] RX< [3] [App Vpu] RINGBUF: write fail, size = 15254 space is not enough
[03:24:53.676] RX< [ringbuf] no spa
[03:24:53.743] RX< ce data_len=15872
[03:24:53.743] RX< [3] [App Vpu] RINGBUF: write fail, size = 15791 space is not enough
[03:24:53.743] RX< [ringbuf] no space data_len=11264
[03:24:53.743] RX< [3] [App Vpu] RINGBUF: write fail, size = 11142 space is not enough
[03:24:53.743] RX< [33m[W/ftp] service go wrong, now wait restarting...[0m
[03:24:53.743] RX< [ringbuf
[03:24:53.810] RX< ] no space data_len=15360
[03:24:53.810] RX< [3] [App Vpu] RINGBUF: write fail, size = 14858 space is not enough
[03:24:53.810] RX< [ringbuf] no space data_len=13824
[03:24:53.810] RX< [3] [App Vpu] RINGBUF: write fail, size = 13391 space is not enough
[03:24:53.810] RX< [ringbuf] no space data_len=13824
[03:24:53.810] RX< [3] [App Vpu] RINGBUF: w
[03:24:53.925] RX< rite fail, size = 13808 space is not enough
[03:24:53.925] RX< [ringbuf] no space data_len=15360
[03:24:53.925] RX< [3] [App Vpu] RINGBUF: write fail, size = 15328 space is not enough
[03:24:53.925] RX< [ringbuf] no space data_len=14848
[03:24:53.925] RX< [3] [App Vpu] RINGBUF: write fail, size = 14679 space is not enough
[03:24:53.925] RX< [ring
[03:24:53.925] RX< buf] no space data_len=14336
[03:24:53.925] RX< [3] [App Vpu] RINGBUF: write fail, size = 14284 space is not enough
[03:24:53.925] RX< [34m[AE] fid=2610,exp=10250,adg=244,Y=4199,mtg=180,shg=100,bgbv=1515,iso=244,cnv2,hdr0
[03:24:53.925] RX< [0m[34m[b_ae0 proc] perf=931(us), max=1011(us)!
[03:24:53.925] RX< [0m[34m[awb0 proc
[03:24:54.010] RX< ] perf=4389(us), max=4457(us)!
[03:24:54.010] RX< [0m[ringbuf] no space data_len=16384
[03:24:54.010] RX< [3] [App Vpu] RINGBUF: write fail, size = 16342 space is not enough
[03:24:54.010] RX< [ringbuf] no space data_len=12800
[03:24:54.010] RX< [3] [App Vpu] RINGBUF: write fail, size = 12549 space is not enough
[03:24:54.010] RX< [ringbuf] no sp
[03:24:54.076] RX< ace data_len=18944
[03:24:54.076] RX< [3] [App Vpu] RINGBUF: write fail, size = 18658 space is not enough
[03:24:54.076] RX< [ringbuf] no space data_len=10240
[03:24:54.076] RX< [3] [App Vpu] RINGBUF: write fail, size = 10124 space is not enough
[03:24:54.076] RX< [ringbuf] no space data_len=19968
[03:24:54.076] RX< [3] [App Vpu] RINGBUF: write fa
[03:24:54.143] RX< il, size = 19554 space is not enough
[03:24:54.143] RX< [7] [cam] [445402][me0][me_core_thread:322]ME out fid 2610
[03:24:54.143] RX< [ringbuf] no space data_len=72704
[03:24:54.143] RX< [3] [App Vpu] RINGBUF: write fail, size = 72504 space is not enough
[03:24:54.143] RX< [ringbuf] no space data_len=14848
[03:24:54.143] RX< [3] [App Vpu] RINGBUF:
[03:24:54.243] RX<  write fail, size = 14515 space is not enough
[03:24:54.243] RX< [ringbuf] no space data_len=12800
[03:24:54.243] RX< [3] [App Vpu] RINGBUF: write fail, size = 12692 space is not enough
[03:24:54.243] RX< [ringbuf] no space data_len=13824
[03:24:54.243] RX< [3] [App Vpu] RINGBUF: write fail, size = 13398 space is not enough
[03:24:54.243] RX< [ri
[03:24:54.310] RX< ngbuf] no space data_len=12288
[03:24:54.310] RX< [3] [App Vpu] RINGBUF: write fail, size = 11997 space is not enough
[03:24:54.310] RX< [ringbuf] no space data_len=16896
[03:24:54.310] RX< [3] [App Vpu] RINGBUF: write fail, size = 16662 space is not enough
[03:24:54.310] RX< [ringbuf] no space data_len=11776
[03:24:54.310] RX< [3] [App Vpu] RINGB
[03:24:54.376] RX< UF: write fail, size = 11293 space is not enough
[03:24:54.376] RX< [33m[W/ftp] service go wrong, now wait restarting...[0m
[03:24:54.376] RX< [ringbuf] no space data_len=15872
[03:24:54.376] RX< [3] [App Vpu] RINGBUF: write fail, size = 15625 space is not enough
[03:24:54.376] RX< [ringbuf] no space data_len=15360
[03:24:54.376] RX< [3] [App Vp
[03:24:54.443] RX< u] RINGBUF: write fail, size = 15083 space is not enough
[03:24:54.443] RX< [ringbuf] no space data_len=15360
[03:24:54.443] RX< [3] [App Vpu] RINGBUF: write fail, size = 15006 space is not enough
[03:24:54.443] RX< [ringbuf] no space data_len=15872
[03:24:54.443] RX< [3] [App Vpu] RINGBUF: write fail, size = 15862 space is not 
[03:24:54.543] RX< enough
[03:24:54.543] RX< [ringbuf] no space data_len=10752
[03:24:54.543] RX< [3] [App Vpu] RINGBUF: write fail, size = 10295 space is not enough
[03:24:54.543] RX< [ringbuf] no space data_len=22016
[03:24:54.543] RX< [3] [App Vpu] RINGBUF: write fail, size = 22014 space is not enough
[03:24:54.543] RX< [ringbuf] no space data_len=10240
[03:24:54.543] RX< [3] [App
[03:24:54.610] RX<  Vpu] RINGBUF: write fail, size = 9962 space is not enough
[03:24:54.610] RX< [ringbuf] no space data_len=14848
[03:24:54.610] RX< [3] [App Vpu] RINGBUF: write fail, size = 14519 space is not enough
[03:24:54.610] RX< [ringbuf] no space data_len=14336
[03:24:54.610] RX< [3] [App Vpu] RINGBUF: write fail, size = 14192 space is no
[03:24:54.718] RX< t enough
[03:24:54.718] RX< [ringbuf] no space data_len=14848
[03:24:54.718] RX< [3] [App Vpu] RINGBUF: write fail, size = 14712 space is not enough
[03:24:54.718] RX< [ringbuf] no space data_len=14848
[03:24:54.718] RX< [3] [App Vpu] RINGBUF: write fail, size = 14452 space is not enough
[03:24:54.718] RX< [ringbuf] no space data_len=14336
[03:24:54.718] RX< [3] [A
[03:24:54.777] RX< pp Vpu] RINGBUF: write fail, size = 14108 space is not enough
[03:24:54.777] RX< [33m[W/ftp] service go wrong, now wait restarting...[0m
[03:24:54.777] RX< [ringbuf] no space data_len=13824
[03:24:54.777] RX< [3] [App Vpu] RINGBUF: write fail, size = 13486 space is not enough
[03:24:54.777] RX< [ringbuf] no space data_len=1536
[03:24:54.843] RX< 0
[03:24:54.843] RX< [3] [App Vpu] RINGBUF: write fail, size = 14882 space is not enough
[03:24:54.843] RX< [ringbuf] no space data_len=16384
[03:24:54.843] RX< [3] [App Vpu] RINGBUF: write fail, size = 16300 space is not enough
[03:24:54.843] RX< [ringbuf] no space data_len=11776
[03:24:54.843] RX< [3] [App Vpu] RINGBUF: write fail, size = 11764 
[03:24:54.920] RX< space is not enough
[03:24:54.920] RX< [ringbuf] no space data_len=17408
[03:24:54.920] RX< [3] [App Vpu] RINGBUF: write fail, size = 17020 space is not enough
[03:24:54.920] RX< [ringbuf] no space data_len=11776
[03:24:54.920] RX< [3] [App Vpu] RINGBUF: write fail, size = 11526 space is not enough
[03:24:54.920] RX< [34m[AE] fid=2640,exp=10250,
[03:24:54.977] RX< adg=244,Y=4314,mtg=180,shg=100,bgbv=1553,iso=244,cnv2,hdr0
[03:24:54.977] RX< [0m[ringbuf] no space data_len=16384
[03:24:54.977] RX< [3] [App Vpu] RINGBUF: write fail, size = 16173 space is not enough
[03:24:54.977] RX< [ringbuf] no space data_len=11776
[03:24:54.977] RX< [3] [App Vpu] RINGBUF: write fail, size = 11360 space is
[03:24:55.043] RX<  not enough
[03:24:55.043] RX< [ringbuf] no space data_len=15872
[03:24:55.043] RX< [3] [App Vpu] RINGBUF: write fail, size = 15604 space is not enough
[03:24:55.043] RX< [34m[ME INTP]fid=2640, shutter=10250, perf=239(us), max=1546(us)!
[03:24:55.043] RX< [0m[ringbuf] no space data_len=16896
[03:24:55.043] RX< [3] [App Vpu] RINGBUF: write fail, 
[03:24:55.110] RX< size = 16413 space is not enough
[03:24:55.110] RX< [ringbuf] no space data_len=11264
[03:24:55.110] RX< [3] [App Vpu] RINGBUF: write fail, size = 11164 space is not enough
[03:24:55.110] RX< [7] [cam] [446401][me0][me_core_thread:322]ME out fid 2640
[03:24:55.110] RX< [ringbuf] no space data_len=66560
[03:24:55.110] RX< [3] [App Vpu] RINGBUF: wri
[03:24:55.210] RX< te fail, size = 66264 space is not enough
[03:24:55.210] RX< [ringbuf] no space data_len=31232
[03:24:55.210] RX< [3] [App Vpu] RINGBUF: write fail, size = 30981 space is not enough
[03:24:55.210] RX< [ringbuf] no space data_len=7168
[03:24:55.210] RX< [3] [App Vpu] RINGBUF: write fail, size = 7162 space is not enough
[03:24:55.210] RX< [ringbuf]
[03:24:55.276] RX<  no space data_len=16896
[03:24:55.276] RX< [3] [App Vpu] RINGBUF: write fail, size = 16484 space is not enough
[03:24:55.276] RX< [ringbuf] no space data_len=10752
[03:24:55.276] RX< [3] [App Vpu] RINGBUF: write fail, size = 10682 space is not enough
[03:24:55.276] RX< [ringbuf] no space data_len=14336
[03:24:55.276] RX< [3] [App Vpu] RINGBUF: wr
[03:24:55.343] RX< ite fail, size = 14124 space is not enough
[03:24:55.343] RX< [ringbuf] no space data_len=15872
[03:24:55.343] RX< [3] [App Vpu] RINGBUF: write fail, size = 15836 space is not enough
[03:24:55.343] RX< [33m[W/ftp] service go wrong, now wait restarting...[0m
[03:24:55.343] RX< [ringbuf] no space data_len=16896
[03:24:55.343] RX< [3] [App Vpu] RIN
[03:24:55.410] RX< GBUF: write fail, size = 16634 space is not enough
[03:24:55.410] RX< [ringbuf] no space data_len=12800
[03:24:55.410] RX< [3] [App Vpu] RINGBUF: write fail, size = 12612 space is not enough
[03:24:55.410] RX< [ringbuf] no space data_len=17408
[03:24:55.410] RX< [3] [App Vpu] RINGBUF: write fail, size = 17189 space is not enough
[03:24:55.510] RX< 
[03:24:55.510] RX< [ringbuf] no space data_len=12800
[03:24:55.510] RX< [3] [App Vpu] RINGBUF: write fail, size = 12433 space is not enough
[03:24:55.510] RX< [ringbuf] no space data_len=16384
[03:24:55.510] RX< [3] [App Vpu] RINGBUF: write fail, size = 16091 space is not enough
[03:24:55.510] RX< [ringbuf] no space data_len=11264
[03:24:55.510] RX< [3] [App Vpu] 
[03:24:55.576] RX< RINGBUF: write fail, size = 11190 space is not enough
[03:24:55.576] RX< [ringbuf] no space data_len=16896
[03:24:55.576] RX< [3] [App Vpu] RINGBUF: write fail, size = 16479 space is not enough
[03:24:55.576] RX< [ringbuf] no space data_len=16384
[03:24:55.576] RX< [3] [App Vpu] RINGBUF: write fail, size = 15903 space is not eno
[03:24:55.676] RX< ugh
[03:24:55.676] RX< [ringbuf] no space data_len=11264
[03:24:55.676] RX< [3] [App Vpu] RINGBUF: write fail, size = 10787 space is not enough
[03:24:55.676] RX< [ringbuf] no space data_len=23040
[03:24:55.676] RX< [3] [App Vpu] RINGBUF: write fail, size = 22563 space is not enough
[03:24:55.676] RX< [ringbuf] no space data_len=10752
[03:24:55.676] RX< [3] [App Vp
[03:24:55.743] RX< u] RINGBUF: write fail, size = 10604 space is not enough
[03:24:55.743] RX< [ringbuf] no space data_len=14336
[03:24:55.743] RX< [3] [App Vpu] RINGBUF: write fail, size = 14246 space is not enough
[03:24:55.743] RX< [33m[W/ftp] service go wrong, now wait restarting...[0m
[03:24:55.743] RX< [ringbuf] no space data_len=14336
[03:24:55.743] RX< [3]
[03:24:55.809] RX<  [App Vpu] RINGBUF: write fail, size = 13852 space is not enough
[03:24:55.809] RX< [ringbuf] no space data_len=16896
[03:24:55.809] RX< [3] [App Vpu] RINGBUF: write fail, size = 16607 space is not enough
[03:24:55.809] RX< [ringbuf] no space data_len=17408
[03:24:55.809] RX< [3] [App Vpu] RINGBUF: write fail, size = 16969 space
[03:24:55.920] RX<  is not enough
[03:24:55.920] RX< [ringbuf] no space data_len=12800
[03:24:55.920] RX< [3] [App Vpu] RINGBUF: write fail, size = 12362 space is not enough
[03:24:55.920] RX< [ringbuf] no space data_len=17408
[03:24:55.920] RX< [3] [App Vpu] RINGBUF: write fail, size = 16914 space is not enough
[03:24:55.920] RX< [ringbuf] no space data_len=11776
[03:24:55.943] RX< [3] [App Vpu] RINGBUF: write fail, size = 11715 space is not enough
[03:24:55.943] RX< [34m[AE] fid=2670,exp=10250,adg=244,Y=4290,mtg=180,shg=100,bgbv=1545,iso=244,cnv2,hdr0
[03:24:55.943] RX< [0m[ringbuf] no space data_len=16384
[03:24:55.943] RX< [3] [App Vpu] RINGBUF: write fail, size = 16354 space is not 
[03:24:56.042] RX< enough
[03:24:56.042] RX< [ringbuf] no space data_len=11776
[03:24:56.042] RX< [3] [App Vpu] RINGBUF: write fail, size = 11425 space is not enough
[03:24:56.042] RX< [ringbuf] no space data_len=15872
[03:24:56.042] RX< [3] [App Vpu] RINGBUF: write fail, size = 15629 space is not enough
[03:24:56.042] RX< [ringbuf] no space data_len=15872
[03:24:56.042] RX< [3] [App
[03:24:56.109] RX<  Vpu] RINGBUF: write fail, size = 15515 space is not enough
[03:24:56.109] RX< [ringbuf] no space data_len=15872
[03:24:56.109] RX< [3] [App Vpu] RINGBUF: write fail, size = 15686 space is not enough
[03:24:56.109] RX< [7] [cam] [447401][me0][me_core_thread:322]ME out fid 2670
[03:24:56.109] RX< [ringbuf] no space data_len=75264
[03:24:56.175] RX< 
[03:24:56.175] RX< [3] [App Vpu] RINGBUF: write fail, size = 75003 space is not enough
[03:24:56.175] RX< [ringbuf] no space data_len=22016
[03:24:56.175] RX< [3] [App Vpu] RINGBUF: write fail, size = 21719 space is not enough
[03:24:56.175] RX< [ringbuf] no space data_len=8704
[03:24:56.175] RX< [3] [App Vpu] RINGBUF: write fail, size = 8461 spa
[03:24:56.275] RX< ce is not enough
[03:24:56.275] RX< [ringbuf] no space data_len=15872
[03:24:56.275] RX< [3] [App Vpu] RINGBUF: write fail, size = 15625 space is not enough
[03:24:56.275] RX< [ringbuf] no space data_len=14848
[03:24:56.275] RX< [3] [App Vpu] RINGBUF: write fail, size = 14464 space is not enough
[03:24:56.275] RX< [ringbuf] no space data_len=1587
[03:24:56.342] RX< 2
[03:24:56.342] RX< [3] [App Vpu] RINGBUF: write fail, size = 15622 space is not enough
[03:24:56.342] RX< [ringbuf] no space data_len=15360
[03:24:56.342] RX< [3] [App Vpu] RINGBUF: write fail, size = 15197 space is not enough
[03:24:56.342] RX< [33m[W/ftp] service go wrong, now wait restarting...[0m
[03:24:56.342] RX< [ringbuf] no space data_
[03:24:56.409] RX< len=15360
[03:24:56.409] RX< [3] [App Vpu] RINGBUF: write fail, size = 14969 space is not enough
[03:24:56.409] RX< [ringbuf] no space data_len=14336
[03:24:56.409] RX< [3] [App Vpu] RINGBUF: write fail, size = 14234 space is not enough
[03:24:56.409] RX< [ringbuf] no space data_len=14336
[03:24:56.409] RX< [3] [App Vpu] RINGBUF: write fail, size 
[03:24:56.509] RX< = 13861 space is not enough
[03:24:56.509] RX< [ringbuf] no space data_len=13824
[03:24:56.509] RX< [3] [App Vpu] RINGBUF: write fail, size = 13613 space is not enough
[03:24:56.509] RX< [ringbuf] no space data_len=13824
[03:24:56.509] RX< [3] [App Vpu] RINGBUF: write fail, size = 13680 space is not enough
[03:24:56.509] RX< [ringbuf] no space da
[03:24:56.575] RX< ta_len=13824
[03:24:56.575] RX< [3] [App Vpu] RINGBUF: write fail, size = 13773 space is not enough
[03:24:56.575] RX< [ringbuf] no space data_len=21504
[03:24:56.575] RX< [3] [App Vpu] RINGBUF: write fail, size = 21187 space is not enough
[03:24:56.575] RX< [ringbuf] no space data_len=9216
[03:24:56.575] RX< [3] [App Vpu] RINGBUF: write fail, siz
[03:24:56.675] RX< e = 9151 space is not enough
[03:24:56.675] RX< [ringbuf] no space data_len=21504
[03:24:56.675] RX< [3] [App Vpu] RINGBUF: write fail, size = 21241 space is not enough
[03:24:56.675] RX< [ringbuf] no space data_len=9728
[03:24:56.675] RX< [3] [App Vpu] RINGBUF: write fail, size = 9293 space is not enough
[03:24:56.675] RX< [ringbuf] no space dat
[03:24:56.742] RX< a_len=20992
[03:24:56.742] RX< [3] [App Vpu] RINGBUF: write fail, size = 20849 space is not enough
[03:24:56.742] RX< [ringbuf] no space data_len=9728
[03:24:56.742] RX< [3] [App Vpu] RINGBUF: write fail, size = 9283 space is not enough
[03:24:56.742] RX< [33m[W/ftp] service go wrong, now wait restarting...[0m
[03:24:56.742] RX< [ringbuf] no spa
[03:24:56.809] RX< ce data_len=20992
[03:24:56.809] RX< [3] [App Vpu] RINGBUF: write fail, size = 20961 space is not enough
[03:24:56.809] RX< [ringbuf] no space data_len=9216
[03:24:56.809] RX< [3] [App Vpu] RINGBUF: write fail, size = 9029 space is not enough
[03:24:56.809] RX< [ringbuf] no space data_len=20992
[03:24:56.809] RX< [3] [App Vpu] RINGBUF: write fail,
[03:24:56.924] RX<  size = 20858 space is not enough
[03:24:56.924] RX< [ringbuf] no space data_len=9216
[03:24:56.924] RX< [3] [App Vpu] RINGBUF: write fail, size = 8931 space is not enough
[03:24:56.924] RX< [ringbuf] no space data_len=20480
[03:24:56.924] RX< [3] [App Vpu] RINGBUF: write fail, size = 20238 space is not enough
[03:24:56.924] RX< [ringbuf] no spac
[03:24:56.924] RX< e data_len=8704
[03:24:56.924] RX< [3] [App Vpu] RINGBUF: write fail, size = 8603 space is not enough
[03:24:56.924] RX< [34m[AE] fid=2700,exp=10000,adg=250,Y=4155,mtg=180,shg=100,bgbv=1502,iso=250,cnv2,hdr0
[03:24:56.924] RX< [0m[34m[b_ae0 proc] perf=863(us), max=1026(us)!
[03:24:56.924] RX< [0m[34m[awb0 proc] perf=4279(us
[03:24:57.009] RX< ), max=4445(us)!
[03:24:57.009] RX< [0m[ringbuf] no space data_len=20480
[03:24:57.009] RX< [3] [App Vpu] RINGBUF: write fail, size = 20478 space is not enough
[03:24:57.009] RX< [ringbuf] no space data_len=9216
[03:24:57.009] RX< [3] [App Vpu] RINGBUF: write fail, size = 8895 space is not enough
[03:24:57.009] RX< [ringbuf] no space data_len=204
[03:24:57.075] RX< 80
[03:24:57.075] RX< [3] [App Vpu] RINGBUF: write fail, size = 20470 space is not enough
[03:24:57.075] RX< [ringbuf] no space data_len=9216
[03:24:57.075] RX< [3] [App Vpu] RINGBUF: write fail, size = 8861 space is not enough
[03:24:57.075] RX< [ringbuf] no space data_len=20992
[03:24:57.075] RX< [3] [App Vpu] RINGBUF: write fail, size = 20688 s
[03:24:57.142] RX< pace is not enough
[03:24:57.142] RX< [7] [cam] [448401][me0][me_core_thread:322]ME out fid 2700
[03:24:57.142] RX< [ringbuf] no space data_len=89088
[03:24:57.142] RX< [3] [App Vpu] RINGBUF: write fail, size = 88817 space is not enough
[03:24:57.142] RX< [ringbuf] no space data_len=14848
[03:24:57.142] RX< [3] [App Vpu] RINGBUF: write fail, size 
[03:24:57.242] RX< = 14780 space is not enough
[03:24:57.242] RX< [ringbuf] no space data_len=11264
[03:24:57.242] RX< [3] [App Vpu] RINGBUF: write fail, size = 11122 space is not enough
[03:24:57.242] RX< [ringbuf] no space data_len=14848
[03:24:57.242] RX< [3] [App Vpu] RINGBUF: write fail, size = 14511 space is not enough
[03:24:57.242] RX< [ringbuf] no space da
[03:24:57.309] RX< ta_len=14336
[03:24:57.309] RX< [3] [App Vpu] RINGBUF: write fail, size = 14127 space is not enough
[03:24:57.309] RX< [ringbuf] no space data_len=13824
[03:24:57.309] RX< [3] [App Vpu] RINGBUF: write fail, size = 13698 space is not enough
[03:24:57.309] RX< [ringbuf] no space data_len=13824
[03:24:57.309] RX< [3] [App Vpu] RINGBUF: write fail, si
[03:24:57.375] RX< ze = 13819 space is not enough
[03:24:57.375] RX< [33m[W/ftp] service go wrong, now wait restarting...[0m
[03:24:57.375] RX< [ringbuf] no space data_len=13824
[03:24:57.375] RX< [3] [App Vpu] RINGBUF: write fail, size = 13657 space is not enough
[03:24:57.375] RX< [ringbuf] no space data_len=13824
[03:24:57.375] RX< [3] [App Vpu] RINGBUF: write 
[03:24:57.475] RX< fail, size = 13456 space is not enough
[03:24:57.475] RX< [ringbuf] no space data_len=13824
[03:24:57.475] RX< [3] [App Vpu] RINGBUF: write fail, size = 13482 space is not enough
[03:24:57.475] RX< [ringbuf] no space data_len=13824
[03:24:57.475] RX< [3] [App Vpu] RINGBUF: write fail, size = 13542 space is not enough
[03:24:57.475] RX< [ringbuf] 
[03:24:57.542] RX< no space data_len=13824
[03:24:57.542] RX< [3] [App Vpu] RINGBUF: write fail, size = 13548 space is not enough
[03:24:57.542] RX< [ringbuf] no space data_len=13824
[03:24:57.542] RX< [3] [App Vpu] RINGBUF: write fail, size = 13314 space is not enough
[03:24:57.542] RX< [ringbuf] no space data_len=21504
[03:24:57.542] RX< [3] [App Vpu] RINGBUF: wri
[03:24:57.642] RX< te fail, size = 21424 space is not enough
[03:24:57.642] RX< [ringbuf] no space data_len=9728
[03:24:57.642] RX< [3] [App Vpu] RINGBUF: write fail, size = 9567 space is not enough
[03:24:57.642] RX< [ringbuf] no space data_len=13824
[03:24:57.642] RX< [3] [App Vpu] RINGBUF: write fail, size = 13528 space is not enough
[03:24:57.642] RX< [ringbuf]
[03:24:57.717] RX<  no space data_len=13312
[03:24:57.717] RX< [3] [App Vpu] RINGBUF: write fail, size = 13176 space is not enough
[03:24:57.717] RX< [ringbuf] no space data_len=20992
[03:24:57.717] RX< [3] [App Vpu] RINGBUF: write fail, size = 20978 space is not enough
[03:24:57.717] RX< [ringbuf] no space data_len=9216
[03:24:57.717] RX< [3] [App Vpu] RINGBUF: wri
[03:24:57.775] RX< te fail, size = 8862 space is not enough
[03:24:57.775] RX< [33m[W/ftp] service go wrong, now wait restarting...[0m
[03:24:57.775] RX< [ringbuf] no space data_len=20992
[03:24:57.775] RX< [3] [App Vpu] RINGBUF: write fail, size = 20641 space is not enough
[03:24:57.775] RX< [ringbuf] no space data_len=9216
[03:24:57.775] RX< [3] [App Vpu] RINGBU
[03:24:57.875] RX< F: write fail, size = 8935 space is not enough
[03:24:57.875] RX< [ringbuf] no space data_len=20992
[03:24:57.875] RX< [3] [App Vpu] RINGBUF: write fail, size = 20825 space is not enough
[03:24:57.875] RX< [ringbuf] no space data_len=9216
[03:24:57.875] RX< [3] [App Vpu] RINGBUF: write fail, size = 8912 space is not enough
[03:24:57.875] RX< [rin
[03:24:57.919] RX< gbuf] no space data_len=21504
[03:24:57.919] RX< [3] [App Vpu] RINGBUF: write fail, size = 21020 space is not enough
[03:24:57.919] RX< [ringbuf] no space data_len=9216
[03:24:57.919] RX< [3] [App Vpu] RINGBUF: write fail, size = 8968 space is not enough
[03:24:57.919] RX< [34m[AE] fid=2730,exp=10000,adg=250,Y=4156,mtg=180,shg=
[03:24:58.009] RX< 100,bgbv=1502,iso=250,cnv2,hdr0
[03:24:58.009] RX< [0m[ringbuf] no space data_len=20992
[03:24:58.009] RX< [3] [App Vpu] RINGBUF: write fail, size = 20878 space is not enough
[03:24:58.009] RX< [ringbuf] no space data_len=9216
[03:24:58.009] RX< [3] [App Vpu] RINGBUF: write fail, size = 8906 space is not enough
[03:24:58.009] RX< [ringbuf] no spa
[03:24:58.075] RX< ce data_len=20992
[03:24:58.075] RX< [3] [App Vpu] RINGBUF: write fail, size = 20681 space is not enough
[03:24:58.075] RX< [ringbuf] no space data_len=9216
[03:24:58.075] RX< [3] [App Vpu] RINGBUF: write fail, size = 8957 space is not enough
[03:24:58.075] RX< [ringbuf] no space data_len=20992
[03:24:58.075] RX< [3] [App Vpu] RINGBUF: write fail,
[03:24:58.142] RX<  size = 20515 space is not enough
[03:24:58.142] RX< [7] [cam] [449401][me0][me_core_thread:322]ME out fid 2730
[03:24:58.142] RX< [ringbuf] no space data_len=89088
[03:24:58.142] RX< [3] [App Vpu] RINGBUF: write fail, size = 88901 space is not enough
[03:24:58.142] RX< [ringbuf] no space data_len=14848
[03:24:58.142] RX< [3] [App Vpu] RINGBUF: wr
[03:24:58.242] RX< ite fail, size = 14386 space is not enough
[03:24:58.242] RX< [ringbuf] no space data_len=11264
[03:24:58.242] RX< [3] [App Vpu] RINGBUF: write fail, size = 10819 space is not enough
[03:24:58.242] RX< [ringbuf] no space data_len=14848
[03:24:58.242] RX< [3] [App Vpu] RINGBUF: write fail, size = 14423 space is not enough
[03:24:58.242] RX< [ringb
[03:24:58.309] RX< uf] no space data_len=13824
[03:24:58.309] RX< [3] [App Vpu] RINGBUF: write fail, size = 13697 space is not enough
[03:24:58.309] RX< [ringbuf] no space data_len=14336
[03:24:58.309] RX< [3] [App Vpu] RINGBUF: write fail, size = 13886 space is not enough
[03:24:58.309] RX< [ringbuf] no space data_len=13824
[03:24:58.309] RX< [3] [App Vpu] RINGBUF:
[03:24:58.375] RX<  write fail, size = 13636 space is not enough
[03:24:58.375] RX< [33m[W/ftp] service go wrong, now wait restarting...[0m
[03:24:58.375] RX< [ringbuf] no space data_len=13824
[03:24:58.375] RX< [3] [App Vpu] RINGBUF: write fail, size = 13548 space is not enough
[03:24:58.375] RX< [ringbuf] no space data_len=14336
[03:24:58.375] RX< [3] [App Vpu] 
[03:24:58.442] RX< RINGBUF: write fail, size = 13859 space is not enough
[03:24:58.442] RX< [ringbuf] no space data_len=13824
[03:24:58.442] RX< [3] [App Vpu] RINGBUF: write fail, size = 13422 space is not enough
[03:24:58.442] RX< [ringbuf] no space data_len=13824
[03:24:58.442] RX< [3] [App Vpu] RINGBUF: write fail, size = 13506 space is not eno
[03:24:58.542] RX< ugh
[03:24:58.542] RX< [ringbuf] no space data_len=13824
[03:24:58.542] RX< [3] [App Vpu] RINGBUF: write fail, size = 13454 space is not enough
[03:24:58.542] RX< [ringbuf] no space data_len=13824
[03:24:58.542] RX< [3] [App Vpu] RINGBUF: write fail, size = 13529 space is not enough
[03:24:58.542] RX< [ringbuf] no space data_len=13312
[03:24:58.542] RX< [3] [App Vp
[03:24:58.609] RX< u] RINGBUF: write fail, size = 13141 space is not enough
[03:24:58.609] RX< [ringbuf] no space data_len=21504
[03:24:58.609] RX< [3] [App Vpu] RINGBUF: write fail, size = 21333 space is not enough
[03:24:58.609] RX< [ringbuf] no space data_len=9728
[03:24:58.609] RX< [3] [App Vpu] RINGBUF: write fail, size = 9453 space is not en
[03:24:58.717] RX< ough
[03:24:58.717] RX< [ringbuf] no space data_len=14336
[03:24:58.717] RX< [3] [App Vpu] RINGBUF: write fail, size = 13851 space is not enough
[03:24:58.717] RX< [ringbuf] no space data_len=14336
[03:24:58.717] RX< [3] [App Vpu] RINGBUF: write fail, size = 13972 space is not enough
[03:24:58.717] RX< [ringbuf] no space data_len=14336
[03:24:58.717] RX< [3] [App V
[03:24:58.775] RX< pu] RINGBUF: write fail, size = 14031 space is not enough
[03:24:58.775] RX< [33m[W/ftp] service go wrong, now wait restarting...[0m
[03:24:58.775] RX< [ringbuf] no space data_len=14336
[03:24:58.775] RX< [3] [App Vpu] RINGBUF: write fail, size = 13880 space is not enough
[03:24:58.775] RX< [ringbuf] no space data_len=14336
[03:24:58.775] RX< [3
[03:24:58.842] RX< ] [App Vpu] RINGBUF: write fail, size = 13856 space is not enough
[03:24:58.842] RX< [ringbuf] no space data_len=14336
[03:24:58.842] RX< [3] [App Vpu] RINGBUF: write fail, size = 13833 space is not enough
[03:24:58.842] RX< [ringbuf] no space data_len=13824
[03:24:58.842] RX< [3] [App Vpu] RINGBUF: write fail, size = 13796 spac
[03:24:58.919] RX< e is not enough
[03:24:58.919] RX< [ringbuf] no space data_len=13824
[03:24:58.919] RX< [3] [App Vpu] RINGBUF: write fail, size = 13815 space is not enough
[03:24:58.919] RX< [ringbuf] no space data_len=14336
[03:24:58.919] RX< [3] [App Vpu] RINGBUF: write fail, size = 13887 space is not enough
[03:24:58.919] RX< [34m[AE] fid=2760,exp=10000,adg=
[03:24:58.975] RX< 250,Y=4153,mtg=180,shg=100,bgbv=1502,iso=250,cnv2,hdr0
[03:24:58.975] RX< [0m[ringbuf] no space data_len=13824
[03:24:58.975] RX< [3] [App Vpu] RINGBUF: write fail, size = 13390 space is not enough
[03:24:58.975] RX< [ringbuf] no space data_len=13312
[03:24:58.975] RX< [3] [App Vpu] RINGBUF: write fail, size = 13185 space is not
[03:24:59.042] RX<  enough
[03:24:59.042] RX< [ringbuf] no space data_len=21504
[03:24:59.042] RX< [3] [App Vpu] RINGBUF: write fail, size = 21380 space is not enough
[03:24:59.042] RX< [34m[ME INTP]fid=2760, shutter=10000, perf=6(us), max=1528(us)!
[03:24:59.042] RX< [0m[ringbuf] no space data_len=9216
[03:24:59.042] RX< [3] [App Vpu] RINGBUF: write fail, size = 
[03:24:59.108] RX< 9028 space is not enough
[03:24:59.108] RX< [ringbuf] no space data_len=20992
[03:24:59.108] RX< [3] [App Vpu] RINGBUF: write fail, size = 20964 space is not enough
[03:24:59.108] RX< [7] [cam] [450401][me0][me_core_thread:322]ME out fid 2760
[03:24:59.108] RX< [ringbuf] no space data_len=89600
[03:24:59.108] RX< [3] [App Vpu] RINGBUF: write fail,
[03:24:59.209] RX<  size = 89121 space is not enough
[03:24:59.209] RX< [ringbuf] no space data_len=14848
[03:24:59.209] RX< [3] [App Vpu] RINGBUF: write fail, size = 14550 space is not enough
[03:24:59.209] RX< [ringbuf] no space data_len=10752
[03:24:59.209] RX< [3] [App Vpu] RINGBUF: write fail, size = 10601 space is not enough
[03:24:59.209] RX< [ringbuf] no sp
[03:24:59.275] RX< ace data_len=14336
[03:24:59.275] RX< [3] [App Vpu] RINGBUF: write fail, size = 13938 space is not enough
[03:24:59.275] RX< [ringbuf] no space data_len=14336
[03:24:59.275] RX< [3] [App Vpu] RINGBUF: write fail, size = 14168 space is not enough
[03:24:59.275] RX< [ringbuf] no space data_len=14336
[03:24:59.275] RX< [3] [App Vpu] RINGBUF: write fa
[03:24:59.342] RX< il, size = 13874 space is not enough
[03:24:59.342] RX< [ringbuf] no space data_len=14336
[03:24:59.342] RX< [3] [App Vpu] RINGBUF: write fail, size = 14134 space is not enough
[03:24:59.342] RX< [33m[W/ftp] service go wrong, now wait restarting...[0m
[03:24:59.342] RX< [ringbuf] no space data_len=14336
[03:24:59.342] RX< [3] [App Vpu] RINGBUF: 
[03:24:59.442] RX< write fail, size = 13997 space is not enough
[03:24:59.442] RX< [ringbuf] no space data_len=14336
[03:24:59.442] RX< [3] [App Vpu] RINGBUF: write fail, size = 14205 space is not enough
[03:24:59.442] RX< [ringbuf] no space data_len=14848
[03:24:59.442] RX< [3] [App Vpu] RINGBUF: write fail, size = 14544 space is not enough
[03:24:59.442] RX< [rin
[03:24:59.509] RX< gbuf] no space data_len=13824
[03:24:59.509] RX< [3] [App Vpu] RINGBUF: write fail, size = 13766 space is not enough
[03:24:59.509] RX< [ringbuf] no space data_len=13824
[03:24:59.509] RX< [3] [App Vpu] RINGBUF: write fail, size = 13662 space is not enough
[03:24:59.509] RX< [ringbuf] no space data_len=14848
[03:24:59.509] RX< [3] [App Vpu] RINGBU
[03:24:59.609] RX< F: write fail, size = 14492 space is not enough
[03:24:59.609] RX< [ringbuf] no space data_len=14848
[03:24:59.609] RX< [3] [App Vpu] RINGBUF: write fail, size = 14449 space is not enough
[03:24:59.609] RX< [ringbuf] no space data_len=14848
[03:24:59.609] RX< [3] [App Vpu] RINGBUF: write fail, size = 14697 space is not enough
[03:24:59.609] RX< [
[03:24:59.675] RX< ringbuf] no space data_len=14848
[03:24:59.675] RX< [3] [App Vpu] RINGBUF: write fail, size = 14460 space is not enough
[03:24:59.675] RX< [ringbuf] no space data_len=13824
[03:24:59.675] RX< [3] [App Vpu] RINGBUF: write fail, size = 13805 space is not enough
[03:24:59.675] RX< [ringbuf] no space data_len=14848
[03:24:59.675] RX< [3] [App Vpu] RIN
[03:24:59.730] RX< GBUF: write fail, size = 14372 space is not enough
[03:24:59.730] RX< [ringbuf] no space data_len=14336
[03:24:59.730] RX< [3] [App Vpu] RINGBUF: write fail, size = 14190 space is not enough
[03:24:59.730] RX< [33m[W/ftp] service go wrong, now wait restarting...[0m
[03:24:59.730] RX< [RTMP] slow send frame 723 len=70513 dt=940
[03:25:00.100] RX< 6ms (IDR)
[03:25:00.100] RX< [RTMP] dropped 690 p-frames (backlog 98%)
[03:25:00.100] RX< [34m[AE] fid=2790,exp=10000,adg=250,Y=4148,mtg=180,shg=100,bgbv=1497,iso=250,cnv2,hdr0
[03:25:00.100] RX< [0m[34m[b_ae0 proc] perf=876(us), max=1014(us)!
[03:25:00.100] RX< [0m[34m[awb0 proc] perf=4394(us), max=4456(us)!
[03:25:00.100] RX< [0m[7] [cam] [
[03:25:00.641] RX< 451401][me0][me_core_thread:322]ME out fid 2790
[03:25:00.641] RX< [33m[W/ftp] service go wrong, now wait restarting...[0m
[03:25:00.641] RX< [ringbuf] no space data_len=9216
[03:25:00.641] RX< [3] [App Vpu] RINGBUF: write fail, size = 9064 space is not enough
[03:25:00.641] RX< [ringbuf] no space data_len=21504
[03:25:00.641] RX< [3] [App Vpu] R
[03:25:00.718] RX< INGBUF: write fail, size = 21270 space is not enough
[03:25:00.718] RX< [ringbuf] no space data_len=9216
[03:25:00.718] RX< [3] [App Vpu] RINGBUF: write fail, size = 9110 space is not enough
[03:25:00.718] RX< [ringbuf] no space data_len=21504
[03:25:00.718] RX< [3] [App Vpu] RINGBUF: write fail, size = 21078 space is not enough
[03:25:00.774] RX< 
[03:25:00.774] RX< [33m[W/ftp] service go wrong, now wait restarting...[0m
[03:25:00.774] RX< [ringbuf] no space data_len=9216
[03:25:00.774] RX< [3] [App Vpu] RINGBUF: write fail, size = 9158 space is not enough
[03:25:00.774] RX< [ringbuf] no space data_len=21504
[03:25:00.774] RX< [3] [App Vpu] RINGBUF: write fail, size = 21102 space is not 
[03:25:00.874] RX< enough
[03:25:00.874] RX< [ringbuf] no space data_len=9728
[03:25:00.874] RX< [3] [App Vpu] RINGBUF: write fail, size = 9329 space is not enough
[03:25:00.874] RX< [ringbuf] no space data_len=20992
[03:25:00.874] RX< [3] [App Vpu] RINGBUF: write fail, size = 20986 space is not enough
[03:25:00.874] RX< [ringbuf] no space data_len=9216
[03:25:00.874] RX< [3] [App Vp
[03:25:00.941] RX< u] RINGBUF: write fail, size = 9122 space is not enough
[03:25:00.941] RX< [ringbuf] no space data_len=21504
[03:25:00.941] RX< [3] [App Vpu] RINGBUF: write fail, size = 21445 space is not enough
[03:25:00.941] RX< [34m[AE] fid=2820,exp=10000,adg=250,Y=4131,mtg=180,shg=100,bgbv=1493,iso=250,cnv2,hdr0
[03:25:00.941] RX< [0m[rin
[03:25:01.008] RX< gbuf] no space data_len=9216
[03:25:01.008] RX< [3] [App Vpu] RINGBUF: write fail, size = 9176 space is not enough
[03:25:01.008] RX< [ringbuf] no space data_len=21504
[03:25:01.008] RX< [3] [App Vpu] RINGBUF: write fail, size = 21279 space is not enough
[03:25:01.008] RX< [ringbuf] no space data_len=9728
[03:25:01.008] RX< [3] [App Vpu] RINGBUF: 
[03:25:01.108] RX< write fail, size = 9344 space is not enough
[03:25:01.108] RX< [ringbuf] no space data_len=21504
[03:25:01.108] RX< [3] [App Vpu] RINGBUF: write fail, size = 21223 space is not enough
[03:25:01.108] RX< [ringbuf] no space data_len=9728
[03:25:01.108] RX< [3] [App Vpu] RINGBUF: write fail, size = 9621 space is not enough
[03:25:01.108] RX< [7] [ca
[03:25:01.141] RX< m] [452401][me0][me_core_thread:322]ME out fid 2820
[03:25:01.141] RX< [ringbuf] no space data_len=71680
[03:25:01.141] RX< [3] [App Vpu] RINGBUF: write fail, size = 71287 space is not enough
[03:25:01.141] RX< [ringbuf] no space data_len=29696
[03:25:01.141] RX< [3] [App Vpu] RINGBUF: write fail, size = 29550 space is not enough
[03:25:01.241] RX< 
[03:25:01.241] RX< [ringbuf] no space data_len=6144
[03:25:01.241] RX< [3] [App Vpu] RINGBUF: write fail, size = 5799 space is not enough
[03:25:01.241] RX< [ringbuf] no space data_len=15360
[03:25:01.241] RX< [3] [App Vpu] RINGBUF: write fail, size = 15226 space is not enough
[03:25:01.241] RX< [ringbuf] no space data_len=14848
[03:25:01.241] RX< [3] [App Vpu] RI
[03:25:01.308] RX< NGBUF: write fail, size = 14771 space is not enough
[03:25:01.308] RX< [ringbuf] no space data_len=15360
[03:25:01.308] RX< [3] [App Vpu] RINGBUF: write fail, size = 14858 space is not enough
[03:25:01.308] RX< [ringbuf] no space data_len=14336
[03:25:01.308] RX< [3] [App Vpu] RINGBUF: write fail, size = 14319 space is not enoug
[03:25:01.374] RX< h
[03:25:01.374] RX< [33m[W/ftp] service go wrong, now wait restarting...[0m
[03:25:01.374] RX< [ringbuf] no space data_len=14848
[03:25:01.374] RX< [3] [App Vpu] RINGBUF: write fail, size = 14375 space is not enough
[03:25:01.374] RX< [ringbuf] no space data_len=15360
[03:25:01.374] RX< [3] [App Vpu] RINGBUF: write fail, size = 15041 space is n
[03:25:01.474] RX< ot enough
[03:25:01.474] RX< [ringbuf] no space data_len=16384
[03:25:01.474] RX< [3] [App Vpu] RINGBUF: write fail, size = 15881 space is not enough
[03:25:01.474] RX< [ringbuf] no space data_len=10752
[03:25:01.474] RX< [3] [App Vpu] RINGBUF: write fail, size = 10266 space is not enough
[03:25:01.474] RX< [ringbuf] no space data_len=23040
[03:25:01.474] RX< [3] [
[03:25:01.541] RX< App Vpu] RINGBUF: write fail, size = 22681 space is not enough
[03:25:01.541] RX< [ringbuf] no space data_len=7680
[03:25:01.541] RX< [3] [App Vpu] RINGBUF: write fail, size = 7272 space is not enough
[03:25:01.541] RX< [ringbuf] no space data_len=22528
[03:25:01.541] RX< [3] [App Vpu] RINGBUF: write fail, size = 22127 space is 
[03:25:01.641] RX< not enough
[03:25:01.641] RX< [ringbuf] no space data_len=9728
[03:25:01.641] RX< [3] [App Vpu] RINGBUF: write fail, size = 9455 space is not enough
[03:25:01.641] RX< [ringbuf] no space data_len=14848
[03:25:01.641] RX< [3] [App Vpu] RINGBUF: write fail, size = 14363 space is not enough
[03:25:01.641] RX< [ringbuf] no space data_len=14848
[03:25:01.641] RX< [3] [A
[03:25:01.722] RX< pp Vpu] RINGBUF: write fail, size = 14395 space is not enough
[03:25:01.722] RX< [ringbuf] no space data_len=15360
[03:25:01.722] RX< [3] [App Vpu] RINGBUF: write fail, size = 14856 space is not enough
[03:25:01.722] RX< [ringbuf] no space data_len=16384
[03:25:01.722] RX< [3] [App Vpu] RINGBUF: write fail, size = 16182 space is
[03:25:01.774] RX<  not enough
[03:25:01.774] RX< [33m[W/ftp] service go wrong, now wait restarting...[0m
[03:25:01.774] RX< [ringbuf] no space data_len=11264
[03:25:01.774] RX< [3] [App Vpu] RINGBUF: write fail, size = 10817 space is not enough
[03:25:01.774] RX< [ringbuf] no space data_len=15872
[03:25:01.774] RX< [3] [App Vpu] RINGBUF: write fail, size = 15669 
[03:25:01.874] RX< space is not enough
[03:25:01.874] RX< [ringbuf] no space data_len=16384
[03:25:01.874] RX< [3] [App Vpu] RINGBUF: write fail, size = 15982 space is not enough
[03:25:01.874] RX< [ringbuf] no space data_len=10752
[03:25:01.874] RX< [3] [App Vpu] RINGBUF: write fail, size = 10309 space is not enough
[03:25:01.874] RX< [ringbuf] no space data_len=2
[03:25:01.918] RX< 3552
[03:25:01.918] RX< [3] [App Vpu] RINGBUF: write fail, size = 23494 space is not enough
[03:25:01.918] RX< [ringbuf] no space data_len=7680
[03:25:01.918] RX< [3] [App Vpu] RINGBUF: write fail, size = 7430 space is not enough
[03:25:01.918] RX< [34m[AE] fid=2850,exp=10000,adg=250,Y=4113,mtg=180,shg=100,bgbv=1488,iso=250,cnv
[03:25:02.008] RX< 2,hdr0
[03:25:02.008] RX< [0m[ringbuf] no space data_len=23552
[03:25:02.008] RX< [3] [App Vpu] RINGBUF: write fail, size = 23200 space is not enough
[03:25:02.008] RX< [ringbuf] no space data_len=7680
[03:25:02.008] RX< [3] [App Vpu] RINGBUF: write fail, size = 7487 space is not enough
[03:25:02.008] RX< [ringbuf] no space data_len=23040
[03:25:02.008] RX< [3] [Ap
[03:25:02.074] RX< p Vpu] RINGBUF: write fail, size = 22670 space is not enough
[03:25:02.074] RX< [ringbuf] no space data_len=7168
[03:25:02.074] RX< [3] [App Vpu] RINGBUF: write fail, size = 7002 space is not enough
[03:25:02.074] RX< [ringbuf] no space data_len=22016
[03:25:02.074] RX< [3] [App Vpu] RINGBUF: write fail, size = 21669 space is no
[03:25:02.141] RX< t enough
[03:25:02.141] RX< [7] [cam] [453401][me0][me_core_thread:322]ME out fid 2850
[03:25:02.141] RX< [ringbuf] no space data_len=88064
[03:25:02.141] RX< [3] [App Vpu] RINGBUF: write fail, size = 87600 space is not enough
[03:25:02.141] RX< [ringbuf] no space data_len=15872
[03:25:02.141] RX< [3] [App Vpu] RINGBUF: write fail, size = 15735 sp
[03:25:02.241] RX< ace is not enough
[03:25:02.241] RX< [ringbuf] no space data_len=8192
[03:25:02.241] RX< [3] [App Vpu] RINGBUF: write fail, size = 7874 space is not enough
[03:25:02.241] RX< [ringbuf] no space data_len=15872
[03:25:02.241] RX< [3] [App Vpu] RINGBUF: write fail, size = 15675 space is not enough
[03:25:02.241] RX< [ringbuf] no space data_len=14848
[03:25:02.308] RX< 
[03:25:02.308] RX< [3] [App Vpu] RINGBUF: write fail, size = 14791 space is not enough
[03:25:02.308] RX< [ringbuf] no space data_len=14848
[03:25:02.308] RX< [3] [App Vpu] RINGBUF: write fail, size = 14647 space is not enough
[03:25:02.308] RX< [ringbuf] no space data_len=14848
[03:25:02.308] RX< [3] [App Vpu] RINGBUF: write fail, size = 14339 s
[03:25:02.374] RX< pace is not enough
[03:25:02.374] RX< [33m[W/ftp] service go wrong, now wait restarting...[0m
[03:25:02.374] RX< [ringbuf] no space data_len=14336
[03:25:02.374] RX< [3] [App Vpu] RINGBUF: write fail, size = 14048 space is not enough
[03:25:02.374] RX< [ringbuf] no space data_len=14848
[03:25:02.374] RX< [3] [App Vpu] RINGBUF: write fail, size =
[03:25:02.474] RX<  14501 space is not enough
[03:25:02.474] RX< [ringbuf] no space data_len=15360
[03:25:02.474] RX< [3] [App Vpu] RINGBUF: write fail, size = 15034 space is not enough
[03:25:02.474] RX< [ringbuf] no space data_len=15360
[03:25:02.474] RX< [3] [App Vpu] RINGBUF: write fail, size = 15167 space is not enough
[03:25:02.474] RX< [ringbuf] no space dat
[03:25:02.541] RX< a_len=10240
[03:25:02.541] RX< [3] [App Vpu] RINGBUF: write fail, size = 9800 space is not enough
[03:25:02.541] RX< [ringbuf] no space data_len=22528
[03:25:02.541] RX< [3] [App Vpu] RINGBUF: write fail, size = 22194 space is not enough
[03:25:02.541] RX< [ringbuf] no space data_len=10752
[03:25:02.541] RX< [3] [App Vpu] RINGBUF: write fail, size
[03:25:02.641] RX<  = 10462 space is not enough
[03:25:02.641] RX< [ringbuf] no space data_len=14336
[03:25:02.641] RX< [3] [App Vpu] RINGBUF: write fail, size = 14201 space is not enough
[03:25:02.641] RX< [ringbuf] no space data_len=14336
[03:25:02.641] RX< [3] [App Vpu] RINGBUF: write fail, size = 13977 space is not enough
[03:25:02.641] RX< [ringbuf] no space d
[03:25:02.722] RX< ata_len=14848
[03:25:02.722] RX< [3] [App Vpu] RINGBUF: write fail, size = 14758 space is not enough
[03:25:02.722] RX< [ringbuf] no space data_len=15360
[03:25:02.722] RX< [3] [App Vpu] RINGBUF: write fail, size = 15126 space is not enough
[03:25:02.722] RX< [ringbuf] no space data_len=10240
[03:25:02.722] RX< [3] [App Vpu] RINGBUF: write fail, s
[03:25:02.774] RX< ize = 9795 space is not enough
[03:25:02.774] RX< [33m[W/ftp] service go wrong, now wait restarting...[0m
[03:25:02.774] RX< [ringbuf] no space data_len=23040
[03:25:02.774] RX< [3] [App Vpu] RINGBUF: write fail, size = 23023 space is not enough
[03:25:02.774] RX< [ringbuf] no space data_len=7168
[03:25:02.774] RX< [3] [App Vpu] RINGBUF: write f
[03:25:02.874] RX< ail, size = 7099 space is not enough
[03:25:02.874] RX< [ringbuf] no space data_len=23040
[03:25:02.874] RX< [3] [App Vpu] RINGBUF: write fail, size = 22990 space is not enough
[03:25:02.874] RX< [ringbuf] no space data_len=7680
[03:25:02.874] RX< [3] [App Vpu] RINGBUF: write fail, size = 7503 space is not enough
[03:25:02.874] RX< [ringbuf] no s
[03:25:02.923] RX< pace data_len=23040
[03:25:02.923] RX< [3] [App Vpu] RINGBUF: write fail, size = 22979 space is not enough
[03:25:02.923] RX< [ringbuf] no space data_len=7168
[03:25:02.923] RX< [3] [App Vpu] RINGBUF: write fail, size = 7078 space is not enough
[03:25:02.923] RX< [34m[AE] fid=2880,exp=10000,adg=250,Y=4078,mtg=180,shg=100,bgbv=1
[03:25:02.974] RX< 475,iso=250,cnv2,hdr0
[03:25:02.974] RX< [0m[34m[b_ae0 proc] perf=932(us), max=1013(us)!
[03:25:02.974] RX< [0m[34m[awb0 proc] perf=4402(us), max=4466(us)!
[03:25:02.974] RX< [0m[ringbuf] no space data_len=22528
[03:25:02.974] RX< [3] [App Vpu] RINGBUF: write fail, size = 22335 space is not enough
[03:25:02.974] RX< [ringbuf] no space data_le
[03:25:03.041] RX< n=7168
[03:25:03.041] RX< [3] [App Vpu] RINGBUF: write fail, size = 6671 space is not enough
[03:25:03.041] RX< [ringbuf] no space data_len=22528
[03:25:03.041] RX< [3] [App Vpu] RINGBUF: write fail, size = 22389 space is not enough
[03:25:03.041] RX< [34m[ME INTP]fid=2880, shutter=10000, perf=6(us), max=1424(us)!
[03:25:03.041] RX< [0m[ringbuf]
[03:25:03.107] RX<  no space data_len=10240
[03:25:03.107] RX< [3] [App Vpu] RINGBUF: write fail, size = 9729 space is not enough
[03:25:03.107] RX< [ringbuf] no space data_len=14336
[03:25:03.107] RX< [3] [App Vpu] RINGBUF: write fail, size = 13975 space is not enough
[03:25:03.107] RX< [7] [cam] [454400][me0][me_core_thread:322]ME out fid 2880
[03:25:03.107] RX< [
[03:25:03.162] RX< ringbuf] no space data_len=78848
[03:25:03.162] RX< [3] [App Vpu] RINGBUF: write fail, size = 78577 space is not enough
[03:25:03.162] RX< [ringbuf] no space data_len=24576
[03:25:03.162] RX< [3] [App Vpu] RINGBUF: write fail, size = 24542 space is not enough
[03:25:03.162] RX< [RTMP] slow send frame 749 len=88933 dt=3422ms (IDR
[03:25:04.093] RX< )
[03:25:04.093] RX< [RTMP] dropped 720 p-frames (backlog 97%)
[03:25:04.093] RX< [33m[W/ftp] service go wrong, now wait restarting...[0m
[03:25:04.093] RX< [33m[W/ftp] service go wrong, now wait restarting...[0m
[03:25:04.093] RX< [34m[AE] fid=2910,exp=10000,adg=250,Y=4073,mtg=180,shg=100,bgbv=1471,iso=250,cnv2,hdr0
[03:25:04.093] RX< [0m[7] 
[03:25:04.540] RX< [cam] [455400][me0][me_core_thread:322]ME out fid 2910
[03:25:04.540] RX< [33m[W/ftp] service go wrong, now wait restarting...[0m
[03:25:04.540] RX< [ringbuf] no space data_len=14336
[03:25:04.540] RX< [3] [App Vpu] RINGBUF: write fail, size = 13961 space is not enough
[03:25:04.540] RX< [ringbuf] no space data_len=14336
[03:25:04.540] RX< [3] [A
[03:25:04.606] RX< pp Vpu] RINGBUF: write fail, size = 13975 space is not enough
[03:25:04.606] RX< [ringbuf] no space data_len=13824
[03:25:04.606] RX< [3] [App Vpu] RINGBUF: write fail, size = 13444 space is not enough
[03:25:04.606] RX< [ringbuf] no space data_len=13824
[03:25:04.606] RX< [3] [App Vpu] RINGBUF: write fail, size = 13759 space is
[03:25:04.722] RX<  not enough
[03:25:04.722] RX< [ringbuf] no space data_len=13824
[03:25:04.722] RX< [3] [App Vpu] RINGBUF: write fail, size = 13504 space is not enough
[03:25:04.722] RX< [ringbuf] no space data_len=13824
[03:25:04.722] RX< [3] [App Vpu] RINGBUF: write fail, size = 13559 space is not enough
[03:25:04.722] RX< [ringbuf] no space data_len=13824
[03:25:04.722] RX< [3]
[03:25:04.773] RX<  [App Vpu] RINGBUF: write fail, size = 13638 space is not enough
[03:25:04.773] RX< [33m[W/ftp] service go wrong, now wait restarting...[0m
[03:25:04.773] RX< [ringbuf] no space data_len=13824
[03:25:04.773] RX< [3] [App Vpu] RINGBUF: write fail, size = 13450 space is not enough
[03:25:04.773] RX< [ringbuf] no space data_len=1
[03:25:04.840] RX< 3824
[03:25:04.840] RX< [3] [App Vpu] RINGBUF: write fail, size = 13346 space is not enough
[03:25:04.840] RX< [ringbuf] no space data_len=21504
[03:25:04.840] RX< [3] [App Vpu] RINGBUF: write fail, size = 21333 space is not enough
[03:25:04.840] RX< [ringbuf] no space data_len=9728
[03:25:04.840] RX< [3] [App Vpu] RINGBUF: write fail, size = 9219
[03:25:04.917] RX<  space is not enough
[03:25:04.917] RX< [ringbuf] no space data_len=22528
[03:25:04.917] RX< [3] [App Vpu] RINGBUF: write fail, size = 22078 space is not enough
[03:25:04.917] RX< [ringbuf] no space data_len=10752
[03:25:04.917] RX< [3] [App Vpu] RINGBUF: write fail, size = 10694 space is not enough
[03:25:04.917] RX< [34m[AE] fid=2940,exp=10000
[03:25:04.973] RX< ,adg=250,Y=4111,mtg=180,shg=100,bgbv=1484,iso=250,cnv2,hdr0
[03:25:04.973] RX< [0m[ringbuf] no space data_len=15872
[03:25:04.973] RX< [3] [App Vpu] RINGBUF: write fail, size = 15390 space is not enough
[03:25:04.973] RX< [ringbuf] no space data_len=15360
[03:25:04.973] RX< [3] [App Vpu] RINGBUF: write fail, size = 15310 space i
[03:25:05.073] RX< s not enough
[03:25:05.073] RX< [ringbuf] no space data_len=10752
[03:25:05.073] RX< [3] [App Vpu] RINGBUF: write fail, size = 10484 space is not enough
[03:25:05.073] RX< [ringbuf] no space data_len=23040
[03:25:05.073] RX< [3] [App Vpu] RINGBUF: write fail, size = 22985 space is not enough
[03:25:05.073] RX< [ringbuf] no space data_len=8192
[03:25:05.073] RX< [3]
[03:25:05.140] RX<  [App Vpu] RINGBUF: write fail, size = 7856 space is not enough
[03:25:05.140] RX< [7] [cam] [456400][me0][me_core_thread:322]ME out fid 2940
[03:25:05.140] RX< [ringbuf] no space data_len=64512
[03:25:05.140] RX< [3] [App Vpu] RINGBUF: write fail, size = 64026 space is not enough
[03:25:05.140] RX< [ringbuf] no space data_len=3
[03:25:05.206] RX< 1232
[03:25:05.206] RX< [3] [App Vpu] RINGBUF: write fail, size = 31177 space is not enough
[03:25:05.206] RX< [ringbuf] no space data_len=6656
[03:25:05.206] RX< [3] [App Vpu] RINGBUF: write fail, size = 6540 space is not enough
[03:25:05.206] RX< [ringbuf] no space data_len=16896
[03:25:05.206] RX< [3] [App Vpu] RINGBUF: write fail, size = 16666
[03:25:05.307] RX<  space is not enough
[03:25:05.307] RX< [ringbuf] no space data_len=9728
[03:25:05.307] RX< [3] [App Vpu] RINGBUF: write fail, size = 9395 space is not enough
[03:25:05.307] RX< [ringbuf] no space data_len=22528
[03:25:05.307] RX< [3] [App Vpu] RINGBUF: write fail, size = 22509 space is not enough
[03:25:05.307] RX< [ringbuf] no space data_len=10
[03:25:05.373] RX< 240
[03:25:05.373] RX< [3] [App Vpu] RINGBUF: write fail, size = 9955 space is not enough
[03:25:05.373] RX< [33m[W/ftp] service go wrong, now wait restarting...[0m
[03:25:05.373] RX< [ringbuf] no space data_len=14848
[03:25:05.373] RX< [3] [App Vpu] RINGBUF: write fail, size = 14416 space is not enough
[03:25:05.373] RX< [ringbuf] no space data
[03:25:05.440] RX< _len=15360
[03:25:05.440] RX< [3] [App Vpu] RINGBUF: write fail, size = 15117 space is not enough
[03:25:05.440] RX< [ringbuf] no space data_len=15872
[03:25:05.440] RX< [3] [App Vpu] RINGBUF: write fail, size = 15498 space is not enough
[03:25:05.440] RX< [ringbuf] no space data_len=15360
[03:25:05.440] RX< [3] [App Vpu] RINGBUF: write fail, size
[03:25:05.540] RX<  = 15134 space is not enough
[03:25:05.540] RX< [ringbuf] no space data_len=15872
[03:25:05.540] RX< [3] [App Vpu] RINGBUF: write fail, size = 15414 space is not enough
[03:25:05.540] RX< [ringbuf] no space data_len=10240
[03:25:05.540] RX< [3] [App Vpu] RINGBUF: write fail, size = 9910 space is not enough
[03:25:05.540] RX< [ringbuf] no space da
[03:25:05.607] RX< ta_len=22016
[03:25:05.607] RX< [3] [App Vpu] RINGBUF: write fail, size = 21928 space is not enough
[03:25:05.607] RX< [ringbuf] no space data_len=10240
[03:25:05.607] RX< [3] [App Vpu] RINGBUF: write fail, size = 10076 space is not enough
[03:25:05.607] RX< [ringbuf] no space data_len=14848
[03:25:05.607] RX< [3] [App Vpu] RINGBUF: write fail, si
[03:25:05.722] RX< ze = 14381 space is not enough
[03:25:05.722] RX< [ringbuf] no space data_len=14336
[03:25:05.722] RX< [3] [App Vpu] RINGBUF: write fail, size = 14323 space is not enough
[03:25:05.722] RX< [ringbuf] no space data_len=14848
[03:25:05.722] RX< [3] [App Vpu] RINGBUF: write fail, size = 14341 space is not enough
[03:25:05.722] RX< [ringbuf] no space
[03:25:05.773] RX<  data_len=14336
[03:25:05.773] RX< [3] [App Vpu] RINGBUF: write fail, size = 14263 space is not enough
[03:25:05.773] RX< [33m[W/ftp] service go wrong, now wait restarting...[0m
[03:25:05.773] RX< [ringbuf] no space data_len=14336
[03:25:05.773] RX< [3] [App Vpu] RINGBUF: write fail, size = 14062 space is not enough
[03:25:05.773] RX< [ringbuf] 
[03:25:05.840] RX< no space data_len=14336
[03:25:05.840] RX< [3] [App Vpu] RINGBUF: write fail, size = 13869 space is not enough
[03:25:05.840] RX< [ringbuf] no space data_len=14336
[03:25:05.840] RX< [3] [App Vpu] RINGBUF: write fail, size = 13896 space is not enough
[03:25:05.840] RX< [ringbuf] no space data_len=14336
[03:25:05.840] RX< [3] [App Vpu] RINGBUF: wri
[03:25:05.922] RX< te fail, size = 14155 space is not enough
[03:25:05.922] RX< [ringbuf] no space data_len=14336
[03:25:05.922] RX< [3] [App Vpu] RINGBUF: write fail, size = 14038 space is not enough
[03:25:05.922] RX< [ringbuf] no space data_len=14336
[03:25:05.922] RX< [3] [App Vpu] RINGBUF: write fail, size = 13945 space is not enough
[03:25:05.922] RX< [34m[A
[03:25:05.940] RX< E] fid=2970,exp=10000,adg=250,Y=4135,mtg=180,shg=100,bgbv=1493,iso=250,cnv2,hdr0
[03:25:05.940] RX< [0m[34m[b_ae0 proc] perf=830(us), max=1039(us)!
[03:25:05.940] RX< [0m[34m[awb0 proc] perf=4432(us), max=4452(us)!
[03:25:05.940] RX< [0m[ringbuf] no space data_len=13824
[03:25:05.940] RX< [3] [App Vpu] RINGBUF: write fail, s
[03:25:06.040] RX< ize = 13553 space is not enough
[03:25:06.040] RX< [ringbuf] no space data_len=13824
[03:25:06.040] RX< [3] [App Vpu] RINGBUF: write fail, size = 13335 space is not enough
[03:25:06.040] RX< [ringbuf] no space data_len=20992
[03:25:06.040] RX< [3] [App Vpu] RINGBUF: write fail, size = 20911 space is not enough
[03:25:06.040] RX< [ringbuf] no spac
[03:25:06.107] RX< e data_len=9728
[03:25:06.107] RX< [3] [App Vpu] RINGBUF: write fail, size = 9357 space is not enough
[03:25:06.107] RX< [ringbuf] no space data_len=22016
[03:25:06.107] RX< [3] [App Vpu] RINGBUF: write fail, size = 21566 space is not enough
[03:25:06.107] RX< [7] [cam] [457400][me0][me_core_thread:322]ME out fid 2970
[03:25:06.107] RX< [ringbuf] 
[03:25:06.173] RX< no space data_len=88576
[03:25:06.173] RX< [3] [App Vpu] RINGBUF: write fail, size = 88077 space is not enough
[03:25:06.173] RX< [ringbuf] no space data_len=14848
[03:25:06.173] RX< [3] [App Vpu] RINGBUF: write fail, size = 14393 space is not enough
[03:25:06.173] RX< [ringbuf] no space data_len=10752
[03:25:06.173] RX< [3] [App Vpu] RINGBUF: wri
[03:25:06.272] RX< te fail, size = 10714 space is not enough
[03:25:06.272] RX< [ringbuf] no space data_len=14848
[03:25:06.272] RX< [3] [App Vpu] RINGBUF: write fail, size = 14479 space is not enough
[03:25:06.272] RX< [ringbuf] no space data_len=14336
[03:25:06.272] RX< [3] [App Vpu] RINGBUF: write fail, size = 13984 space is not enough
[03:25:06.272] RX< [ringbu
[03:25:06.323] RX< f] no space data_len=14336
[03:25:06.323] RX< [3] [App Vpu] RINGBUF: write fail, size = 14312 space is not enough
[03:25:06.323] RX< [ringbuf] no space data_len=16384
[03:25:06.323] RX< [3] [App Vpu] RINGBUF: write fail, size = 16076 space is not enough
[03:25:06.323] RX< [33m[W/ftp] service go wrong, now wait restarting...[0m
[03:25:06.406] RX< 
[03:25:06.406] RX< [ringbuf] no space data_len=11776
[03:25:06.406] RX< [3] [App Vpu] RINGBUF: write fail, size = 11372 space is not enough
[03:25:06.406] RX< [ringbuf] no space data_len=16384
[03:25:06.406] RX< [3] [App Vpu] RINGBUF: write fail, size = 15907 space is not enough
[03:25:06.406] RX< [ringbuf] no space data_len=16896
[03:25:06.406] RX< [3] [App Vpu] R
[03:25:06.472] RX< INGBUF: write fail, size = 16804 space is not enough
[03:25:06.472] RX< [ringbuf] no space data_len=11776
[03:25:06.472] RX< [3] [App Vpu] RINGBUF: write fail, size = 11302 space is not enough
[03:25:06.472] RX< [ringbuf] no space data_len=16384
[03:25:06.472] RX< [3] [App Vpu] RINGBUF: write fail, size = 16092 space is not enou
[03:25:06.572] RX< gh
[03:25:06.572] RX< [ringbuf] no space data_len=11264
[03:25:06.572] RX< [3] [App Vpu] RINGBUF: write fail, size = 10785 space is not enough
[03:25:06.572] RX< [ringbuf] no space data_len=15360
[03:25:06.572] RX< [3] [App Vpu] RINGBUF: write fail, size = 15324 space is not enough
[03:25:06.572] RX< [ringbuf] no space data_len=16384
[03:25:06.572] RX< [3] [App Vpu
[03:25:06.639] RX< ] RINGBUF: write fail, size = 16131 space is not enough
[03:25:06.639] RX< [ringbuf] no space data_len=10752
[03:25:06.639] RX< [3] [App Vpu] RINGBUF: write fail, size = 10687 space is not enough
[03:25:06.639] RX< [ringbuf] no space data_len=15360
[03:25:06.639] RX< [3] [App Vpu] RINGBUF: write fail, size = 15104 space is not e
[03:25:06.916] RX< nough
[03:25:06.916] RX< [ringbuf] no space data_len=15872
[03:25:06.916] RX< [3] [App Vpu] RINGBUF: write fail, size = 15455 space is not enough
[03:25:06.916] RX< [RTMP] slow send frame 788 len=71442 dt=3507ms (IDR)
[03:25:06.916] RX< [33m[W/ftp] service go wrong, now wait restarting...[0m
[03:25:06.916] RX< [34m[AE] fid=3000,exp=10000,adg=25
[03:25:07.106] RX< 0,Y=4142,mtg=180,shg=100,bgbv=1497,iso=250,cnv2,hdr0
[03:25:07.106] RX< [0m[34m[ME INTP]fid=3000, shutter=10000, perf=6(us), max=1541(us)!
[03:25:07.106] RX< [0m[7] [cam] [458400][me0][me_core_thread:322]ME out fid 3000
[03:25:07.106] RX< [ringbuf] no space data_len=69632
[03:25:07.106] RX< [3] [App Vpu] RINGBUF: write fail, si
[03:25:07.239] RX< ze = 69597 space is not enough
[03:25:07.239] RX< [ringbuf] no space data_len=31744
[03:25:07.239] RX< [3] [App Vpu] RINGBUF: write fail, size = 31636 space is not enough
[03:25:07.239] RX< [ringbuf] no space data_len=16896
[03:25:07.239] RX< [3] [App Vpu] RINGBUF: write fail, size = 16690 space is not enough
[03:25:07.239] RX< [ringbuf] no space
[03:25:07.306] RX<  data_len=10752
[03:25:07.306] RX< [3] [App Vpu] RINGBUF: write fail, size = 10408 space is not enough
[03:25:07.306] RX< [ringbuf] no space data_len=15360
[03:25:07.306] RX< [3] [App Vpu] RINGBUF: write fail, size = 14890 space is not enough
[03:25:07.306] RX< [ringbuf] no space data_len=14848
[03:25:07.306] RX< [3] [App Vpu] RINGBUF: write fail,
[03:25:07.372] RX<  size = 14403 space is not enough
[03:25:07.372] RX< [33m[W/ftp] service go wrong, now wait restarting...[0m
[03:25:07.372] RX< [ringbuf] no space data_len=13824
[03:25:07.372] RX< [3] [App Vpu] RINGBUF: write fail, size = 13672 space is not enough
[03:25:07.372] RX< [ringbuf] no space data_len=14848
[03:25:07.372] RX< [3] [App Vpu] RINGBUF: wri
[03:25:07.472] RX< te fail, size = 14436 space is not enough
[03:25:07.472] RX< [ringbuf] no space data_len=14336
[03:25:07.472] RX< [3] [App Vpu] RINGBUF: write fail, size = 13907 space is not enough
[03:25:07.472] RX< [ringbuf] no space data_len=14848
[03:25:07.472] RX< [3] [App Vpu] RINGBUF: write fail, size = 14747 space is not enough
[03:25:07.472] RX< [ringbu
[03:25:07.539] RX< f] no space data_len=15872
[03:25:07.539] RX< [3] [App Vpu] RINGBUF: write fail, size = 15560 space is not enough
[03:25:07.539] RX< [ringbuf] no space data_len=15360
[03:25:07.539] RX< [3] [App Vpu] RINGBUF: write fail, size = 15169 space is not enough
[03:25:07.539] RX< [ringbuf] no space data_len=15360
[03:25:07.539] RX< [3] [App Vpu] RINGBUF: 
[03:25:07.639] RX< write fail, size = 15073 space is not enough
[03:25:07.639] RX< [ringbuf] no space data_len=14848
[03:25:07.639] RX< [3] [App Vpu] RINGBUF: write fail, size = 14670 space is not enough
[03:25:07.639] RX< [ringbuf] no space data_len=14848
[03:25:07.639] RX< [3] [App Vpu] RINGBUF: write fail, size = 14486 space is not enough
[03:25:07.639] RX< [rin
[03:25:07.706] RX< gbuf] no space data_len=14336
[03:25:07.706] RX< [3] [App Vpu] RINGBUF: write fail, size = 14086 space is not enough
[03:25:07.706] RX< [ringbuf] no space data_len=14336
[03:25:07.706] RX< [3] [App Vpu] RINGBUF: write fail, size = 14081 space is not enough
[03:25:07.706] RX< [ringbuf] no space data_len=13824
[03:25:07.706] RX< [3] [App Vpu] RINGBU
[03:25:07.772] RX< F: write fail, size = 13803 space is not enough
[03:25:07.772] RX< [33m[W/ftp] service go wrong, now wait restarting...[0m
[03:25:07.772] RX< [ringbuf] no space data_len=14336
[03:25:07.772] RX< [3] [App Vpu] RINGBUF: write fail, size = 13866 space is not enough
[03:25:07.772] RX< [ringbuf] no space data_len=15360
[03:25:07.772] RX< [3] [App Vpu
[03:25:07.839] RX< ] RINGBUF: write fail, size = 15311 space is not enough
[03:25:07.839] RX< [ringbuf] no space data_len=16896
[03:25:07.839] RX< [3] [App Vpu] RINGBUF: write fail, size = 16389 space is not enough
[03:25:07.839] RX< [ringbuf] no space data_len=11264
[03:25:07.839] RX< [3] [App Vpu] RINGBUF: write fail, size = 10954 space is not e
[03:25:07.916] RX< nough
[03:25:07.916] RX< [ringbuf] no space data_len=16384
[03:25:07.916] RX< [3] [App Vpu] RINGBUF: write fail, size = 16141 space is not enough
[03:25:07.916] RX< [ringbuf] no space data_len=16384
[03:25:07.916] RX< [3] [App Vpu] RINGBUF: write fail, size = 15878 space is not enough
[03:25:07.916] RX< [34m[AE] fid=3030,exp=10250,adg=244,Y=4236
[03:25:08.006] RX< ,mtg=180,shg=100,bgbv=1527,iso=244,cnv2,hdr0
[03:25:08.006] RX< [0m[ringbuf] no space data_len=11264
[03:25:08.006] RX< [3] [App Vpu] RINGBUF: write fail, size = 11238 space is not enough
[03:25:08.006] RX< [ringbuf] no space data_len=15872
[03:25:08.006] RX< [3] [App Vpu] RINGBUF: write fail, size = 15796 space is not enough
[03:25:08.006] RX< [
[03:25:08.072] RX< ringbuf] no space data_len=16896
[03:25:08.072] RX< [3] [App Vpu] RINGBUF: write fail, size = 16682 space is not enough
[03:25:08.072] RX< [ringbuf] no space data_len=11264
[03:25:08.072] RX< [3] [App Vpu] RINGBUF: write fail, size = 11186 space is not enough
[03:25:08.072] RX< [ringbuf] no space data_len=15872
[03:25:08.072] RX< [3] [App Vpu] RIN
[03:25:08.139] RX< GBUF: write fail, size = 15515 space is not enough
[03:25:08.139] RX< [7] [cam] [459400][me0][me_core_thread:322]ME out fid 3030
[03:25:08.139] RX< [ringbuf] no space data_len=76288
[03:25:08.139] RX< [3] [App Vpu] RINGBUF: write fail, size = 76184 space is not enough
[03:25:08.139] RX< [ringbuf] no space data_len=23040
[03:25:08.139] RX< [3] [App
[03:25:08.206] RX<  Vpu] RINGBUF: write fail, size = 22743 space is not enough
[03:25:08.206] RX< [ringbuf] no space data_len=8704
[03:25:08.206] RX< [3] [App Vpu] RINGBUF: write fail, size = 8610 space is not enough
[03:25:08.206] RX< [ringbuf] no space data_len=16896
[03:25:08.206] RX< [3] [App Vpu] RINGBUF: write fail, size = 16762 space is not
