[04:21:46.792] TX> 
[04:21:47.793] TX> 
[04:21:48.792] RX< 
[04:21:48.792] RX< msh />
[04:21:48.792] RX< msh />
[04:21:48.793] TX> echo "EVBTEST_HELLO"
[04:21:48.793] TX> echo "__EVBTEST_END_8b2605d0__"
[04:21:50.795] RX< echo "EVBTEST_HELLO"
[04:21:50.795] RX< EVBTEST_HELLO
[04:21:50.795] RX< msh />echo "__EVBTEST_END_8b2605d0__"
[04:21:50.795] RX< __EVBTEST_END_8b2605d0__
[04:21:50.795] RX< msh />
[04:21:50.797] TX> cd /
[04:21:50.797] TX> echo "__EVBTEST_END_991d55a8__"
[04:21:52.798] RX< cd /
[04:21:52.798] RX< msh />echo "__EVBTEST_END_991d55a8__"
[04:21:52.798] RX< __EVBTEST_END_991d55a8__
[04:21:52.798] RX< msh />
[04:21:52.798] TX> dfs_video_stop
[04:21:54.800] RX< dfs_video_stop
[04:21:54.800] RX< [6] [App Dfs] Please start recording the video first.
[04:21:54.800] RX< msh />
[04:22:05.941] TX> wifi join SW-test-2.4G tuf@3600
[04:22:06.813] RX< wifi join SW-test-2.4G tuf@3600
[04:22:12.818] RX< [32m[I/WLAN.mgnt] wifi connect success ssid:SW-test-2.4G[0m
[04:22:12.818] RX< msh />
[04:22:18.824] RX< [32m[I/WLAN.lwip] Got IP address : 192.168.1.100[0m
[04:22:23.831] TX> ifconfig
[04:22:23.831] TX> echo "__EVBTEST_END_99c50ce4__"
[04:22:23.835] RX< ifconfig
[04:22:23.835] RX< network interface device: w0 (Default)
[04:22:23.835] RX< MTU: 1500
[04:22:23.835] RX< MAC: 8c ea 12 ba a7 f0 
[04:22:23.835] RX< FLAGS: UP LINK_UP INTERNET_DOWN DHCP_ENABLE ETHARP BROADCAST IGMP
[04:22:23.835] RX< ip address: 192.168.1.100
[04:22:23.835] RX< gw address: 192.168.1.3
[04:22:23.835] RX< net mask  : 255.255.255.0
[04:22:23.835] RX< dns server #0: 192.168.1.3
[04:22:23.850] RX< dns server #1: 0.0.0.0
[04:22:23.850] RX< 
[04:22:23.850] RX< network interface device: w1
[04:22:23.850] RX< MTU: 1500
[04:22:23.850] RX< MAC: 8e ea 12 ba a7 f0 
[04:22:23.850] RX< FLAGS: UP LINK_DOWN INTERNET_DOWN DHCP_ENABLE ETHARP BROADCAST IGMP
[04:22:23.850] RX< ip address: 0.0.0.0
[04:22:23.850] RX< gw address: 0.0.0.0
[04:22:23.850] RX< net mask  : 0.0.0.0
[04:22:23.850] RX< dns server #0: 192.168.1.3
[04:22:23.850] RX< dns serv
[04:22:25.852] RX< er #1: 0.0.0.0
[04:22:25.852] RX< msh />echo "__EVBTEST_END_99c50ce4__"
[04:22:25.852] RX< __EVBTEST_END_99c50ce4__
[04:22:25.852] RX< msh />
[04:22:25.854] TX> cd /emmc
[04:22:25.854] TX> echo "__EVBTEST_END_702ab660__"
[04:22:27.855] RX< cd /emmc
[04:22:27.855] RX< msh /emmc>echo "__EVBTEST_END_702ab660__"
[04:22:27.855] RX< __EVBTEST_END_702ab660__
[04:22:27.855] RX< msh /emmc>
[04:22:27.856] TX> ftp_server
[04:22:29.857] RX< ftp_server
[04:22:29.857] RX< 
[04:22:29.857] RX< [FTP] Ftp server init success!!!
[04:22:29.857] RX< msh /emmc>
[04:22:33.861] RX< [32m[I/ftp] service launched success.[0m
[04:22:34.525] TX> cam_set photo auto
[04:22:34.525] TX> echo "__EVBTEST_END_a7276d1b__"
[04:22:35.863] RX< cam_set photo auto
[04:22:35.863] RX< [6] [App Dfs] auto mode
[04:22:35.863] RX< msh /emmc>echo "__EVBTEST_END_a7276d1b__"
[04:22:35.863] RX< __EVBTEST_END_a7276d1b__
[04:22:35.863] RX< msh /emmc>
[04:22:36.865] TX> dfs_capture_start
[04:22:36.878] RX< dfs_capture_start
[04:22:36.878] RX< [7] [cam] [65413][tshell][cgm_parse_bin:104]total logical camera num: 1
[04:22:36.878] RX< [6] [cam] [65413][tshell][cam_prelude_create:187]E id, 0
[04:22:36.878] RX< [7] [cam] [65414][cpl0][cam_prelude_proc_routine:101]thread start
[04:22:36.878] RX< [6] [cam] [65414][tshell][cam_prelude_crea
[04:22:36.881] RX< te:214]X ctx size 132 addr 0x884b93d8
[04:22:36.881] RX< [6] [cam] [65418][tshell][sensor_probe:418]sensor [1]: identifing 0 success.
[04:22:36.881] RX< [6] [cam] [65418][tshell][sensor_probe:441]sensor [1]: probe exit!
[04:22:36.881] RX< [6] [cam] [65418][tshell][cam_prelude_fast_probe:251]cam: 0 probe result
[04:22:36.881] RX< : 0
[04:22:36.881] RX< [6] [cam] [65418][tshell][cgm_parse_bin:218]cam(0) probe success
[04:22:36.881] RX< [6] [cam] [65419][tshell][cam_entry:455]entry ok
[04:22:36.881] RX< [34m[cam entry] perf=6311(us)!
[04:22:36.881] RX< [0m[6] [App Cam] cam entry success
[04:22:36.881] RX< [7] [cam] [65420][tshell][cam_solve_layout:350][mLayout] param OK, s
[04:22:36.883] RX< cen1 iw4032 ih3024 ow4032 oh3024 gdc 0x0
[04:22:36.883] RX< [36m[mLayout] scen01 in=4032x3024,out=3024x4032 meRot1 stripe1 gdcOn0
[04:22:36.883] RX< [0m[36m[mLayout] scen00 20entries solved status=OK retry=0 rtmp=enabled (cursor0=0x8a02d090 cursor1=0x89417400, ch0/1/2 cnt=7/2/1)
[04:22:36.883] RX< [0m[7] [
[04:22:36.884] RX< cam] [65421][tshell][cam_solve_layout:377]
[04:22:36.884] RX< [mLayout] out vol 0x8c000000 rBuf 0x8ab00000 sz 0x1500000 wBuf 0x8a03da80 sz 0x100000
[04:22:36.884] RX< [7] [cam] [65422][tshell][cam_solve_layout:394]Solve scen1 capType4 layout Done!
[04:22:36.884] RX< [6] [cam] [65423][tshell][cgm_parse_media_par
[04:22:36.886] RX< a:274]phy cam num: 1
[04:22:36.886] RX< [7] [cam] [65423][cer0][cer_recovery_proc:343]thread start cid, 0
[04:22:36.886] RX< [6] [cam] [65423][tshell][csc_open:499]SENSOR MCLK cal: 24MHz
[04:22:36.886] RX< [6] [cam] [65424][tshell][csc_isp_clk_cal:344]MIPI CLK cal: 346MHz
[04:22:36.886] RX< [6] [cam] [65424][tshell][csc_isp_clk_
[04:22:36.886] RX< cal:374]LITE CLK cal: 28MHz
[04:22:36.886] RX< [7] [cam] [65424][tshell][cpc_csi_rx_power_on:633]E id: 2
[04:22:36.886] RX< [4] [cam] [65425][tshell][cpc_csi_rx_power_on:644]csi_2 has already power on, STATUS: 1
[04:22:36.886] RX< [6] [cam] [65425][tshell][cpc_update_clock:603]actual SNS mclk: 24MHz
[04:22:36.886] RX< [6] [cam] 
[04:22:36.892] RX< [65426][tshell][cpc_update_clock:608]actual MIPI0: 500MHz
[04:22:36.892] RX< [6] [cam] [65426][tshell][cpc_update_clock:598]actual LITE clk: 50MHz
[04:22:36.892] RX< [7] [cam] [65426][tshell][cam_prelude_open:297][34msnsOpen camID1 csiID0 phyIdx0[0m
[04:22:36.892] RX< [6] [cam] [65430][tshell][sensor_expo_gai
[04:22:36.892] RX< n_match:48]sensor get sensor expo gain of imx681_vst
[04:22:36.892] RX< [6] [cam] [65430][tshell][sensor_open:684]sensor [1] open OK.
[04:22:36.892] RX< [6] [cam] [65431][tshell][cam_cpm_parse_media:275]photo scenario, media para[mfnr:0, hdr:0, capture_num:0]
[04:22:36.892] RX< [6] [cam] [65431][tshell][cam_cpm
[04:22:36.895] RX< _parse_media:278]photo scenario, media para[iso:0, gain:0, wb_mode:0]
[04:22:36.895] RX< [6] [cam] [65432][tshell][csc_isp_clk_cal:355]FE CLK cal: 426MHz, ME CLK cal: 462MHz, FE/ME CLK cal: 508MHz
[04:22:36.895] RX< [6] [cam] [65432][tshell][csc_isp_clk_cal:364]BE CLK cal: 401MHz
[04:22:36.895] RX< [4] [cam] [
[04:22:36.895] RX< 65433][tshell][cam_fe_core_power_on:269]fe pipe has already power on, STATUS: 1
[04:22:36.895] RX< [6] [cam] [65433][tshell][cpc_update_clock:588]actual FE/ME clk: 550MHz
[04:22:36.895] RX< [4] [cam] [65434][tshell][cam_be_core_power_on:1028]be pipe has already power on, STATUS: 1
[04:22:36.895] RX< [6] [cam] [
[04:22:36.898] RX< 65434][tshell][cpc_update_clock:593]actual BE clk: 500MHz
[04:22:36.898] RX< [7] [cam] [65435][tshell][cam_cpm_core_power_on:435]id,0 type,1 ret 0
[04:22:36.898] RX< [6] [cam] [65435][tshell][cam_cpm_core_init:1017]E id,0 sensor type,1
[04:22:36.898] RX< [6] [cam] [65436][tshell][cpm_core_check_tuningbin:957]T
[04:22:36.898] RX< uning bin crc check PASS! sum 0xfa5abf97, xor 0x6a6c89c1
[04:22:36.898] RX< [6] [cam] [65436][tshell][qpc_tuning_check_iqbin_validness:396]IQ bin addr: 0x8869de60, project_name: capture_12M
[04:22:36.898] RX< [6] [cam] [65437][tshell][qpc_tuning_check_iqbin_validness:397]total_size: 108928
[04:22:36.898] RX< [6
[04:22:36.901] RX< ] [cam] [65438][tshell][qpc_tuning_check_iqbin_validness:398]id_count: 93. ID_TOTAL: 94
[04:22:36.901] RX< [6] [cam] [65438][tshell][qpc_tuning_check_iqbin_validness:399]spinel tuning data ver: V1.30
[04:22:36.901] RX< [6] [cam] [65439][tshell][cpm_core_check_tuningbin:971]IQ bin check succes
[04:22:36.901] RX< s!
[04:22:36.901] RX< [6] [cam] [65439][tshell][cam_bm_core_init:94]E
[04:22:36.901] RX< [6] [cam] [65440][tshell][bm_lab_init:174]X ctx size 4 addr 0x884a9600
[04:22:36.901] RX< [6] [cam] [65440][tshell][cam_bm_core_init:114]X ctx size 180 addr 0x884db5b0
[04:22:36.901] RX< [6] [cam] [65440][tshell][qpc_core_init:1299]E id,0
[04:22:36.901] RX< [
[04:22:36.908] RX< 6] [cam] [65441][tshell][qpc_queue_init:65]QPC init qnodes 8, size 508, pool 0x884dbb90
[04:22:36.908] RX< [6] [cam] [65441][tshell][_qpc_get_cap_cfg_para:900]preset capCfg 200 3 5
[04:22:36.908] RX< [7] [cam] [65442][tshell][_qpc_cfg_hdr_frms:848]hdr preset - gainThres 1600
[04:22:36.908] RX< FrmNB:	TNR	|EV-	|
[04:22:36.908] RX< EV0	|EV+
[04:22:36.908] RX< LDR:	 0	| 1	| -	| 5
[04:22:36.908] RX< LLLDR:	 0	| 1	| -	| 5
[04:22:36.908] RX< HDR:	 0	| 1	| 5	| 3
[04:22:36.908] RX< LLHDR:	 0	| 1	| 5	| 3
[04:22:36.908] RX< 
[04:22:36.908] RX< [6] [cam] [65447][tshell][qpc_core_init:1347]X ctx size 1288 addr 0x884db678
[04:22:36.908] RX< [6] [cam] [65447][tshell][cpm_core_get_param:764]cpm para chk: tunBin-w 4000 h 3000 i
[04:22:36.912] RX< mg-w 4032 h 3024
[04:22:36.912] RX< [6] [cam] [65448][tshell][cam_fe_core_init:436]E id,0
[04:22:36.912] RX< [6] [cam] [65448][tshell][cam_fe_core_init:490]X ctx size 96 addr 0x884ec8d0
[04:22:36.912] RX< [7] [cam] [65449][tshell][qpc_core_fe_chords_init:1763][34mqpc fe init snsOut w 4032 h 3024, tbl w 28 h 2
[04:22:36.913] RX< 0[0m
[04:22:36.913] RX< [6] [cam] [65449][tshell][cam_me_core_init:1523]X ctx size 1352 addr 0x884eec80
[04:22:36.913] RX< [34m[ME SLICE CFG] perf=1567(us)!
[04:22:36.913] RX< [0m[6] [cam] [65452][tshell][cam_bayer_fe_3a_stats_core_init:445]fe 3a id,0
[04:22:36.913] RX< [6] [cam] [65452][tshell][cam_bayer_fe_3a_stats_core_init
[04:22:36.915] RX< :490]X ctx size 132 addr 0x884f76a0
[04:22:36.915] RX< [6] [cam] [65453][tshell][cam_be_core_init:621]E id,0
[04:22:36.915] RX< [7] [cam] [65453][be0][be_core_irq_proc:270]thread start cid,0
[04:22:36.915] RX< [6] [cam] [65453][tshell][cam_be_core_init:716]X ctx size 472 addr 0x884f7a30
[04:22:36.915] RX< [6] [cam] [65454][tshel
[04:22:36.916] RX< l][cam_lite_core_init:433]E id,0
[04:22:36.916] RX< [7] [cam] [65454][lite0][lite_core_irq_proc:152]thread start cid,0
[04:22:36.916] RX< [6] [cam] [65454][tshell][cam_lite_core_init:497]X ctx size 164 addr 0x884fa480
[04:22:36.916] RX< [6] [cam] [65455][tshell][awb_wrapper_init:66]xxx awb_bin=0x884de27c, awb_
[04:22:36.920] RX< bin_length=8068
[04:22:36.920] RX< [6] [cam] [65456][tshell][awb_wrapper_init:86]X algo_handle 0x885024c8
[04:22:36.920] RX< [7] [cam] [65456][awb0][a5_core_wrapper_task:252]thread start cid,0 algo type,2
[04:22:36.920] RX< [6] [cam] [65456][tshell][a5_core_init_task:426]thread created: awb0 mq=0x88504588 threa
[04:22:36.920] RX< d=0x885046a0 sem=0x88504518 ret=0
[04:22:36.920] RX< [6] [cam] [65457][tshell][bayer_ae_wrapper_init:68]E id,0 proc mode 1 
[04:22:36.920] RX< 
[04:22:36.920] RX< [AEC Proc] @[allib_ae_set_debug_log_flag] Line:129:[DEBUG] debug level/to_file/to_terminal: 22/1/1
[04:22:36.920] RX< [AEC Proc] @[AeInit] Line:377:[INFO] AE ver: 2026_
[04:22:36.922] RX< V2.269
[04:22:36.922] RX< 
[04:22:36.922] RX< [AEC Proc] @[allib_ae_loadfunc] Line:193:[INFO] camera ID: 0
[04:22:36.922] RX< [AEC Proc] @[AeInit] Line:404:[DEBUG] init imu detector sucessed!
[04:22:36.922] RX< [AEC Proc] @[AeInit] Line:406:[DEBUG] imu init errcode:0
[04:22:36.922] RX< [AEC Proc] @[alAE_set_param] Line:576:[DEBUG] sw_maxtime 33044
[04:22:36.923] RX<  ,pertline 9444, after check sensor step sw_max_time 33039.00
[04:22:36.923] RX< [AEC Proc] @[alAE_set_param] Line:581:[DEBUG] sw_mintime 37 ,pertline 9444, after check sensor step sw_min_time 36.00
[04:22:36.923] RX< [AEC Proc] @[alAE_set_param] Line:514:[DEBUG] DEBUG minbv exptime 9 gain 10
[04:22:36.925] RX< 0, minExpBV 14098
[04:22:36.925] RX< [AEC Proc] @[AeTuningParseSet] Line:167:[DEBUG] aeparam version 2.268 60818
[04:22:36.925] RX< [AEC Proc] @[alAE_set_param] Line:341:[DEBUG] INITEXP gain 100, shutter 8000, midtonegain 100, bv 4303
[04:22:36.925] RX< [6] [cam] [65464][tshell][bayer_ae_wrapper_init:119]X tli
[04:22:36.925] RX< ne 9444 max_exp 33044 alg_hdl 0x88506e50 
[04:22:36.925] RX< [7] [cam] [65464][b_ae0][a5_core_wrapper_task:252]thread start cid,0 algo type,0
[04:22:36.925] RX< [6] [cam] [65465][tshell][a5_core_init_task:426]thread created: b_ae0 mq=0x8850dd70 thread=0x8850de88 sem=0x8850dd00 ret=0
[04:22:36.925] RX< [6] [cam]
[04:22:36.928] RX<  [65465][tshell][atf_wrapper_init:67]E id,0
[04:22:36.928] RX< [6] [cam] [65466][tshell][atf_wrapper_init:107]X alg_ctx addr 0x88510348
[04:22:36.928] RX< [7] [cam] [65466][atf0][a5_core_wrapper_task:252]thread start cid,0 algo type,1
[04:22:36.928] RX< [6] [cam] [65467][tshell][a5_core_init_task:426]thread cr
[04:22:36.928] RX< eated: atf0 mq=0x885126a0 thread=0x885127b8 sem=0x88512630 ret=0
[04:22:36.928] RX< [6] [cam] [65467][tshell][cam_cpm_core_init:1149]X ctx size 1096 addr 0x884db158
[04:22:36.928] RX< [6] [cam] [65468][tshell][csc_open:599]ok! phys_id[1], phys_num[1] 
[04:22:36.928] RX< [6] [cam] [65468][tshell][cam_open:738]op
[04:22:36.936] RX< en ok! camera_id[0]
[04:22:36.936] RX< [34m[cam open] perf=48950(us)!
[04:22:36.936] RX< [0m[6] [App Cam] cam open success
[04:22:36.936] RX< [6] [cam] [65474][tshell][csc_init:722]sensor info:size:4032x3024, formt: 0x2b, bps: 2496, tline: 9444
[04:22:36.936] RX< [6] [cam] [65474][tshell][cam_sif_mgr_init:261]E id,0
[04:22:36.936] RX< [7] [cam]
[04:22:36.936] RX<  [65475][sif0][sif_irq_proc:151]thread start cid,0
[04:22:36.936] RX< [6] [cam] [65475][tshell][cam_sif_mgr_init:293]X ctx size 52 addr 0x8852b8a0
[04:22:36.936] RX< [7] [cam] [65476][tshell][sif_btm_paramSet:102]btm lite w4032 h3024 binEn1 binRatio2
[04:22:36.936] RX< [7] [cam] [65476][tshell][sif_btm_paramSet
[04:22:36.941] RX< :106]cropSlct2 x0 y0 w4032 h4032
[04:22:36.941] RX< [6] [cam] [65477][tshell][cam_prelude_init_cfg:368]CSI ID is 0,  phy lanes is 2.
[04:22:36.941] RX< [7] [cam] [65477][tshell][check_phy_ready:96]MIPI_PHY[0] is ready
[04:22:36.941] RX< [6] [cam] [65478][tshell][sensor_init:348]sensor [1]: register ok
[04:22:36.941] RX< [6] [cam
[04:22:36.947] RX< ] [65478][tshell][sensor_set_mode:887]sensor [1]: SetMode -> mode = 0.
[04:22:36.947] RX< [6] [cam] [65478][tshell][sensor_send_reg_tab_to_sensor:705]sensor [1]: send_reg_tab_to_sensor E.
[04:22:36.947] RX< [6] [cam] [65482][tshell][sensor_send_reg_tab_to_sensor:751]sensor [1]: reg_count = 77
[04:22:36.947] RX< .
[04:22:36.947] RX< [6] [cam] [65482][tshell][sensor_init:361]sensor [1]: init success.
[04:22:36.947] RX< [6] [cam] [65482][tshell][sensor_set_mode:887]sensor [1]: SetMode -> mode = 1.
[04:22:36.947] RX< [6] [cam] [65483][tshell][sensor_send_reg_tab_to_sensor:705]sensor [1]: send_reg_tab_to_sensor E.
[04:22:36.947] RX< [6] [cam
[04:22:36.950] RX< ] [65487][tshell][sensor_send_reg_tab_to_sensor:751]sensor [1]: reg_count = 84.
[04:22:36.950] RX< [6] [cam] [65487][tshell][csc_init:731]ok! phys_id[1], phys_num[1]
[04:22:36.950] RX< [6] [cam] [65488][tshell][csc_get_bayer_single_buffer:1148]scenario_type: 1
[04:22:36.950] RX< [6] [cam] [65488][tshell][csc_se
[04:22:36.950] RX< t_stats_fmt:98]index 0 w 1 h 1 bw 8 wcmp 255
[04:22:36.950] RX< [7] [cam] [65488][tshell][bm_ioctl:201]BMIOC_STATS_FMT
[04:22:36.950] RX< [6] [cam] [65489][tshell][csc_set_fe_fmt:47]index 1 w 4032 h 3024 bw 10 wcmp 0
[04:22:36.950] RX< [7] [cam] [65489][tshell][bm_ioctl:201]BMIOC_FE_FMT
[04:22:36.950] RX< [6] [cam] [65489][tshel
[04:22:36.953] RX< l][csc_set_lite_fmt:115]index 2 w 1008 h 720 bw 8 wcmp 255
[04:22:36.953] RX< [7] [cam] [65490][tshell][bm_ioctl:201]BMIOC_LITE_FMT
[04:22:36.953] RX< [6] [cam] [65490][tshell][csc_set_lite_fmt:115]index 21 w 1008 h 720 bw 8 wcmp 255
[04:22:36.953] RX< [7] [cam] [65491][tshell][bm_ioctl:201]BMIOC_LITE_FMT
[04:22:36.953] RX< [6] 
[04:22:36.953] RX< [cam] [65491][tshell][csc_set_be_fmt:81]index 25 w 0 h 0 bw 8 wcmp 255
[04:22:36.953] RX< [7] [cam] [65491][tshell][bm_ioctl:201]BMIOC_BE_FMT
[04:22:36.953] RX< [6] [cam] [65492][tshell][csc_set_be_fmt:81]index 22 w 480 h 360 bw 8 wcmp 255
[04:22:36.953] RX< [7] [cam] [65492][tshell][bm_ioctl:201]BMIOC_BE_FMT
[04:22:36.956] RX< [6] [cam] [65492][tshell][csc_set_me_fmt:64]index 5 w 3024 h 4032 bw 10 wcmp 0, rdma_addr 0x8945f400, wdma_addr 0x8945f400
[04:22:36.956] RX< [7] [cam] [65493][tshell][bm_ioctl:201]BMIOC_ME_FMT
[04:22:36.956] RX< [6] [cam] [65493][tshell][csc_set_me_fmt:64]index 6 w 3024 h 4032 bw 8 wcmp 255,
[04:22:36.956] RX<  rdma_addr 0x8a247700, wdma_addr 0x8c000000
[04:22:36.956] RX< [6] [cam] [65494][tshell][cam_me_core_buffer_cfg:1416]
[04:22:36.956] RX< ----ME PIPE INFO---
[04:22:36.956] RX<  wdma_buf_num:1, rotation_en: 1
[04:22:36.956] RX< [7] [cam] [65494][tshell][cam_me_core_buffer_cfg:1424]yuv wdma_addr 0:0x8c000000, meta_en: 0, 0x00000000
[04:22:36.958] RX< 
[04:22:36.958] RX< [7] [cam] [65495][tshell][bm_ioctl:201]BMIOC_ME_FMT
[04:22:36.958] RX< [6] [cam] [65495][tshell][csc_init:739]get otp ok! phys_id[1], phys_num[1]
[04:22:36.958] RX< [6] [cam] [65496][tshell][cam_init:828]init ok! logic_id[0]
[04:22:36.958] RX< [34m[cam init] perf=21805(us)!
[04:22:36.958] RX< [0m[6] [App Cam] cam init succes
[04:22:36.958] RX< s
[04:22:36.958] RX< [7] [cam] [65497][tshell][cam_cpm_core_stream_on:560]id 0 sensor type 1
[04:22:36.958] RX< [6] [cam] [65497][tshell][sensor_stream_on:1024]sensor [1]: stream_on
[04:22:36.958] RX< [6] [cam] [65497][tshell][sensor_stream_on:1052]sensor [1]: REG: 0x100, W:0x1.
[04:22:36.958] RX< [6] [cam] [65498][tshell][senso
[04:22:36.975] RX< r_stream_on:1054]sensor [1]: REG: 0x100, R:0x1.
[04:22:36.975] RX< [6] [cam] [65498][tshell][csc_prv_start:873]ok! phys_id[1], phys_num[1], cam_ids[1]
[04:22:36.975] RX< [6] [cam] [65499][tshell][cam_start:938]preview start ok! logic_id[0]
[04:22:36.975] RX< [34m[cam start] perf=2328(us)!
[04:22:36.975] RX< [0m[6] [App Cam] ca
[04:22:37.016] RX< m start success
[04:22:37.016] RX< [6] [App Dfs] Gravity_XR Capture Start
[04:22:37.016] RX< msh /emmc>[7] [cam] [65500][b_3a_sts][bayer_stats_core_irq_proc:164]thread start cid,0
[04:22:37.016] RX< [7] [cam] [65500][fe0][fe_core_irq_proc:98]thread start cid,0
[04:22:37.016] RX< [34m[AE] fid=0,exp=10026,adg=388,Y=1366,mtg=100,sh
[04:22:37.351] RX< g=100,bgbv=2092,iso=388,cnv0,hdr0
[04:22:37.351] RX< [0m[34m[b_ae0 proc] perf=2768(us), max=2768(us)!
[04:22:37.351] RX< [0m[34m[awb0 proc] perf=1365(us), max=1365(us)!
[04:22:37.351] RX< [0m[34m[AE conv] fid=10,exp=12717,adg=400,Y=5920,mtg=565,shg=100,bgbv=1703,iso=400,cnv1,hdr1
[04:22:37.351] RX< [0m[7] [cam] [65872][fe0
[04:22:37.351] RX< ][_qpc_hdr_rslt_chk:1668]
[04:22:37.351] RX< ALG: EV0 t12717 g400 | EV+ t12717 g400 | EV- t8136 g100
[04:22:37.351] RX< [6] [cam] [65873][fe0][qpc_core_hdr_mapExp_cfg:1736]evMapExp set OK, typ:2 1 FF num:5 1 0
[04:22:37.351] RX< [34m[cap] FE sync ME @fid10 as mod2 cfg0x01, cap 6frms @fid+2
[04:22:37.351] RX< [0m[7] [cam] [658
[04:22:37.430] RX< 75][qpc0][qpc_core_hdr_upd_sensor:559][HDRupd]: Sns cap-0 EV:0->2 st-12717 ag-400
[04:22:37.430] RX< [7] [cam] [65921][qpc0][qpc_core_hdr_upd_me:613][HDRupd] ME cap-0 EV:0->2, dg-100
[04:22:37.430] RX< [7] [JPEG] frame num=6, pre frame=1106830 Bytes
[04:22:37.430] RX< [exif] oFrm 0 evP 0 evM -249 bv 1700 exp 127
[04:22:37.463] RX< 17 iso 400 time 65929
[04:22:37.463] RX< [6] [cam] [65942][fe0][_cpm_cb_jpegInfo_proc:618]SnapStream E @ frm13!
[04:22:37.463] RX< [6] [cam] [65955][me0][cpm_cb_fe2me_tikChk:152]frm_length 33329us, fe2me delta 11
[04:22:37.463] RX< [32m[BE] fid=0, perf=5524(us), max=5524(us)!
[04:22:37.463] RX< [0m[34m[cap] fid: me0 fe14, perf
[04:22:37.627] RX< =488120(us)!
[04:22:37.627] RX< [0m[7] [cam] [65987][me0][me_core_thread:359]ME out fid 0
[04:22:37.627] RX< [7] [cam] [66060][qpc0][qpc_core_hdr_upd_sensor:559][HDRupd]: Sns cap-5 EV:2->1 st-8136 ag-100
[04:22:37.627] RX< [exif] oFrm 5 evP 0 evM -249 bv 1700 exp 8136 iso 100 time 66100
[04:22:37.627] RX< [6] [cam] [66151][fe0][
[04:22:39.012] RX< _cpm_cb_jpegInfo_proc:626]SnapStream X @ frm19!
[04:22:39.012] RX< [34m[cap] fid: me5 fe19, perf=35104(us)!
[04:22:39.012] RX< [0m[34m[AE] fid=30,exp=33039,adg=1600,Y=5344,mtg=350,shg=100,bgbv=-4807,iso=12800,cnv1,hdr1
[04:22:39.012] RX< [0m[34m[AE] fid=60,exp=33039,adg=1600,Y=5414,mtg=350,shg=100,bgbv=-637
[04:22:39.589] RX< 1,iso=12800,cnv1,hdr1
[04:22:39.589] RX< [0m[6] [App Dfs] Gravity_XR Capture Stop Success: total frames = 6
[04:22:39.589] RX< [6] [cam] [68127][DfsSend][sensor_stream_off:1188]sensor [1]: stream_off
[04:22:39.589] RX< [6] [cam] [68128][DfsSend][sensor_stream_off:1217]sensor [1]: REG: 0x100, W:0x0.
[04:22:39.589] RX< [6] [cam] [
[04:22:39.590] RX< 68128][DfsSend][sensor_stream_off:1219]sensor [1]: REG: 0x100, R:0x0.
[04:22:39.590] RX< [6] [cam] [68128][DfsSend][csc_prv_stop:983]ok! phys_id[1], phys_num[1], stop_type = 0
[04:22:39.590] RX< [6] [cam] [68129][DfsSend][cam_stop:1058]preview stop ok! logic_id[0]
[04:22:39.590] RX< [34m[cam stop] perf=2370(u
[04:22:39.599] RX< s)!
[04:22:39.599] RX< [0m[6] [App Cam] cam stop success
[04:22:39.599] RX< [7] [cam] [68130][DfsSend][cam_cpm_core_power_off:467]id,0 type,1 ret 0
[04:22:39.599] RX< [6] [cam] [68130][sif0][sif_irq_proc:174]thread release cid,0
[04:22:39.599] RX< [6] [cam] [68130][DfsSend][cam_sif_mgr_deinit:316]X
[04:22:39.599] RX< [6] [cam] [68131][DfsSend][ca
[04:22:39.599] RX< m_deinit:887]deinit ok! logic_id[0]
[04:22:39.599] RX< [34m[cam deinit] perf=1397(us)!
[04:22:39.599] RX< [0m[6] [App Cam] cam deinit success
[04:22:39.599] RX< [6] [cam] [68131][DfsSend][sensor_close:1292]sensor [1]: close!
[04:22:39.599] RX< [6] [cam] [68132][DfsSend][cam_bm_core_deinit:136]X
[04:22:39.599] RX< [INFO]	cpm[0] snsType1 capMod2 c
[04:22:39.600] RX< fg0x01 6frms
[04:22:39.600] RX< [6] [cam] [68132][be0][be_core_irq_proc:329]thread release cid,0
[04:22:39.600] RX< [6] [cam] [68133][DfsSend][cam_be_core_deinit:793]X
[04:22:39.600] RX< [6] [cam] [68133][me0][me_core_thread:404]thread release cid,0
[04:22:39.600] RX< [6] [cam] [68133][DfsSend][cam_me_core_deinit:1551]X
[04:22:39.600] RX< [6] [ca
[04:22:39.600] RX< m] [68134][fe0][fe_core_irq_proc:121]thread release cid,0
[04:22:39.600] RX< [6] [cam] [68134][DfsSend][cam_fe_core_deinit:536]X
[04:22:39.600] RX< [6] [cam] [68134][b_3a_sts][bayer_stats_core_irq_proc:193]thread release cid,0
[04:22:39.600] RX< [6] [cam] [68135][DfsSend][cam_bayer_stats_core_deinit:512]X
[04:22:39.600] RX< [6] 
[04:22:39.600] RX< [cam] [68135][lite0][lite_core_irq_proc:190]thread release cid,0
[04:22:39.600] RX< [6] [cam] [68135][DfsSend][cam_lite_core_deinit:556]X
[04:22:39.600] RX< [6] [cam] [68136][b_ae0][a5_core_wrapper_task:315]thread release cid,0,algo,0
[04:22:39.600] RX< [6] [cam] [68136][DfsSend][bayer_ae_wrapper_deinit:204]X
[04:22:39.600] RX< [6] [cam] [68137][atf0][a5_core_wrapper_task:315]thread release cid,0,algo,1
[04:22:39.600] RX< [6] [cam] [68137][DfsSend][atf_wrapper_deinit:153]X
[04:22:39.600] RX< [6] [cam] [68137][awb0][a5_core_wrapper_task:315]thread release cid,0,algo,2
[04:22:39.600] RX< [6] [cam] [68138][DfsSend][awb_wrapper_deinit:153
[04:22:39.600] RX< ]X
[04:22:39.600] RX< [6] [cam] [68138][DfsSend][cam_5a_core_deinit:555]X
[04:22:39.600] RX< [6] [cam] [68138][DfsSend][cam_5a_inf_deinit:149]X
[04:22:39.600] RX< [6] [cam] [68139][qpc0][qpc_core_msg_proc:705]thread release cid,0
[04:22:39.600] RX< [6] [cam] [68139][DfsSend][qpc_core_deinit:1413]X
[04:22:39.600] RX< [6] [cam] [68139][DfsSend][cam
[04:22:39.608] RX< _cpm_core_deinit:1248]X
[04:22:39.608] RX< [6] [cam] [68139][DfsSend][csc_close:656]ok! phys_id[1], phys_num[1]
[04:22:39.608] RX< [7] [cam] [68140][cer0][cer_recovery_proc:352]msg type = 254
[04:22:39.608] RX< [6] [cam] [68140][cer0][cer_recovery_proc:454]thread release cid,0
[04:22:39.608] RX< [6] [cam] [68141][DfsSend][cer_de
[04:22:39.609] RX< init:560]X
[04:22:39.609] RX< [6] [cam] [68141][DfsSend][cam_close:789]close ok! logic_id[0]
[04:22:39.609] RX< [34m[cam close] perf=9854(us)!
[04:22:39.609] RX< [0m[6] [App Cam] cam close success
[04:22:39.609] RX< [6] [cam] [68142][cpl0][cam_prelude_proc_routine:136]thread release
[04:22:39.609] RX< [6] [cam] [68142][DfsSend][cam_exit:571]exit
[04:22:41.611] RX<  ok!
[04:22:41.611] RX< [34m[cam exit] perf=653(us)!
[04:22:41.611] RX< [0m[6] [App Cam] cam exit success
[04:22:41.611] RX< [6] [App Cam] jpeg deinit success
[04:22:41.611] RX< [6] [App Dfs] Save Photo Successful: /emmc/PIC/20260101_000105_5500/
[04:22:41.611] RX< [6] [App Dfs] Capture completed successfully.
[04:23:38.260] TX> cam_set video 1080p
[04:23:38.260] TX> echo "__EVBTEST_END_67aaa4dc__"
[04:23:39.673] RX< cam_set video 1080p
[04:23:39.673] RX< [6] [App Dfs] w(1920) * h(1080) is 1080p, eis 1
[04:23:39.673] RX< msh /emmc>echo "__EVBTEST_END_67aaa4dc__"
[04:23:39.673] RX< __EVBTEST_END_67aaa4dc__
[04:23:39.673] RX< msh /emmc>
[04:23:39.674] TX> dfs_video_start
[04:23:40.140] RX< dfs_video_start
[04:23:40.140] RX< [7] [cam] [128676][tshell][cgm_parse_bin:104]total logical camera num: 1
[04:23:40.140] RX< [6] [cam] [128676][tshell][cam_prelude_create:187]E id, 0
[04:23:40.140] RX< [7] [cam] [128676][cpl0][cam_prelude_proc_routine:101]thread start
[04:23:40.140] RX< [6] [cam] [128676][tshell][cam_prelude_cr
[04:23:40.140] RX< eate:214]X ctx size 132 addr 0x884d0e50
[04:23:40.140] RX< [6] [cam] [128681][tshell][sensor_probe:418]sensor [1]: identifing 0 success.
[04:23:40.140] RX< [6] [cam] [128682][tshell][sensor_probe:441]sensor [1]: probe exit!
[04:23:40.140] RX< [6] [cam] [128682][tshell][cam_prelude_fast_probe:251]cam: 0 probe r
[04:23:40.142] RX< esult: 0
[04:23:40.142] RX< [6] [cam] [128682][tshell][cgm_parse_bin:218]cam(0) probe success
[04:23:40.142] RX< [6] [cam] [128683][tshell][cam_entry:455]entry ok
[04:23:40.142] RX< [34m[cam entry] perf=7182(us)!
[04:23:40.142] RX< [0m[6] [App Cam] cam entry success
[04:23:40.142] RX< [7] [cam] [128683][tshell][cam_solve_layout:350][mLayout] par
[04:23:40.145] RX< am OK, scen3 iw4032 ih2268 ow1920 oh1080 gdc 0x1
[04:23:40.145] RX< [36m[mLayout] scen03 in=4032x2268,out=1920x1080 meRot1 stripe0 gdcOn1
[04:23:40.145] RX< [0m[36m[mLayout] scen03 14entries solved status=OK retry=0 rtmp=enabled (cursor0=0x8a00f210 cursor1=0x88e20aa0, ch0/1/2 cnt=5/3/1)
[04:23:40.145] RX< 
[04:23:40.145] RX< [0m[7] [cam] [128685][tshell][cam_solve_layout:377]
[04:23:40.145] RX< [mLayout] out vol 0x8c000000 rBuf 0x8a5e5400 sz 0xd00000 wBuf 0x89700000 sz 0x900000
[04:23:40.145] RX<           rtmp tBuf 0x8a10f210 sz 0x80000 aBuf 0x8a08f210 sz 0x80000
[04:23:40.145] RX<        alg EIS buf 0x8a00f210
[04:23:40.145] RX< [7] [cam] [128686][
[04:23:40.148] RX< tshell][cam_solve_layout:397]Solve Scen3 layout Done!
[04:23:40.148] RX< [6] [cam] [128687][tshell][cgm_parse_media_para:274]phy cam num: 1
[04:23:40.148] RX< [7] [cam] [128687][cer0][cer_recovery_proc:343]thread start cid, 0
[04:23:40.148] RX< [6] [cam] [128687][tshell][csc_open:499]SENSOR MCLK cal: 24MHz
[04:23:40.148] RX< [6]
[04:23:40.148] RX<  [cam] [128688][tshell][csc_isp_clk_cal:344]MIPI CLK cal: 277MHz
[04:23:40.148] RX< [6] [cam] [128688][tshell][csc_isp_clk_cal:374]LITE CLK cal: 25MHz
[04:23:40.148] RX< [7] [cam] [128688][tshell][cpc_csi_rx_power_on:633]E id: 2
[04:23:40.148] RX< [4] [cam] [128689][tshell][cpc_csi_rx_power_on:644]csi_2 has al
[04:23:40.153] RX< ready power on, STATUS: 1
[04:23:40.153] RX< [6] [cam] [128689][tshell][cpc_update_clock:603]actual SNS mclk: 24MHz
[04:23:40.153] RX< [6] [cam] [128690][tshell][cpc_update_clock:608]actual MIPI0: 300MHz
[04:23:40.153] RX< [6] [cam] [128690][tshell][cpc_update_clock:598]actual LITE clk: 25MHz
[04:23:40.153] RX< [7] [cam] [128691
[04:23:40.154] RX< ][tshell][cam_prelude_open:297][34msnsOpen camID1 csiID0 phyIdx0[0m
[04:23:40.154] RX< [6] [cam] [128694][tshell][sensor_expo_gain_match:48]sensor get sensor expo gain of imx681_vst
[04:23:40.154] RX< [6] [cam] [128694][tshell][sensor_open:684]sensor [1] open OK.
[04:23:40.154] RX< [6] [cam] [128694][tshell][
[04:23:40.156] RX< cam_cpm_parse_media:295]video scenario:3, media para[fps:0, mirror_en:0, flip_en:0]
[04:23:40.156] RX< [6] [cam] [128695][tshell][cam_cpm_parse_media:298]video scenario, media para[iso:0, gain:0, wb_mode:0]
[04:23:40.156] RX< [6] [cam] [128696][tshell][csc_isp_clk_cal:355]FE CLK cal: 373MHz, 
[04:23:40.156] RX< ME CLK cal: 371MHz, FE/ME CLK cal: 410MHz
[04:23:40.156] RX< [6] [cam] [128696][tshell][csc_isp_clk_cal:364]BE CLK cal: 301MHz
[04:23:40.156] RX< [4] [cam] [128697][tshell][cam_fe_core_power_on:269]fe pipe has already power on, STATUS: 1
[04:23:40.156] RX< [6] [cam] [128697][tshell][cpc_update_clock:588]actual 
[04:23:40.159] RX< FE/ME clk: 500MHz
[04:23:40.159] RX< [4] [cam] [128698][tshell][cam_be_core_power_on:1028]be pipe has already power on, STATUS: 1
[04:23:40.159] RX< [6] [cam] [128698][tshell][cpc_update_clock:593]actual BE clk: 500MHz
[04:23:40.159] RX< [7] [cam] [128698][tshell][cam_cpm_core_power_on:435]id,0 type,1 ret 0
[04:23:40.159] RX< [6
[04:23:40.160] RX< ] [cam] [128699][tshell][cam_cpm_core_init:1017]E id,0 sensor type,1
[04:23:40.160] RX< [6] [cam] [128700][tshell][cpm_core_check_tuningbin:957]Tuning bin crc check PASS! sum 0x17a5964, xor 0x87e82682
[04:23:40.160] RX< [6] [cam] [128700][tshell][qpc_tuning_check_iqbin_validness:396]IQ bin ad
[04:23:40.162] RX< dr: 0x88646660, project_name: video_3M
[04:23:40.162] RX< [6] [cam] [128701][tshell][qpc_tuning_check_iqbin_validness:397]total_size: 94400
[04:23:40.162] RX< [6] [cam] [128701][tshell][qpc_tuning_check_iqbin_validness:398]id_count: 93. ID_TOTAL: 94
[04:23:40.162] RX< [6] [cam] [128702][tshell][qpc_tuning_chec
[04:23:40.162] RX< k_iqbin_validness:399]spinel tuning data ver: V1.30
[04:23:40.162] RX< [6] [cam] [128702][tshell][cpm_core_check_tuningbin:971]IQ bin check success!
[04:23:40.162] RX< [6] [cam] [128703][tshell][cam_bm_core_init:94]E
[04:23:40.162] RX< [6] [cam] [128703][tshell][bm_lab_init:174]X ctx size 4 addr 0x884bf100
[04:23:40.162] RX< [6]
[04:23:40.176] RX<  [cam] [128704][tshell][cam_bm_core_init:114]X ctx size 180 addr 0x884d1df8
[04:23:40.176] RX< [6] [cam] [128704][tshell][qpc_core_init:1299]E id,0
[04:23:40.176] RX< [6] [cam] [128704][tshell][qpc_queue_init:65]QPC init qnodes 8, size 508, pool 0x885000f8
[04:23:40.176] RX< [7] [cam] [128705][tshell][_qpc_get_
[04:23:40.177] RX< cap_cfg_para:896][fallback]preset capCfg 200 0 0 invalid, use default
[04:23:40.177] RX< [7] [cam] [128706][tshell][_qpc_cfg_hdr_frms:840][fallback]preset hdrCfg 0 0 0 0 0 invalid, use default
[04:23:40.177] RX< [6] [cam] [128717][tshell][qpc_core_init:1347]X ctx size 1288 addr 0x884e41f0
[04:23:40.177] RX< [6]
[04:23:40.179] RX<  [cam] [128717][tshell][cpm_core_get_param:764]cpm para chk: tunBin-w 4032 h 2266 img-w 4032 h 2268
[04:23:40.179] RX< [6] [cam] [128718][tshell][cam_fe_core_init:436]E id,0
[04:23:40.179] RX< [6] [cam] [128719][tshell][cam_fe_core_init:490]X ctx size 96 addr 0x884e5468
[04:23:40.179] RX< [7] [cam] [128719][ts
[04:23:40.180] RX< hell][qpc_core_fe_chords_init:1763][34mqpc fe init snsOut w 4032 h 2268, tbl w 28 h 20[0m
[04:23:40.180] RX< [6] [cam] [128719][tshell][cam_me_core_init:1523]X ctx size 1352 addr 0x8850b648
[04:23:40.180] RX< [34m[ME SLICE CFG] perf=466(us)!
[04:23:40.180] RX< [0m[6] [cam] [128721][tshell][cam_bayer_fe_3a_s
[04:23:40.182] RX< tats_core_init:445]fe 3a id,0
[04:23:40.182] RX< [6] [cam] [128722][tshell][cam_bayer_fe_3a_stats_core_init:490]X ctx size 132 addr 0x8851ae98
[04:23:40.182] RX< [6] [cam] [128722][tshell][cam_be_core_init:621]E id,0
[04:23:40.182] RX< [7] [cam] [128722][be0][be_core_irq_proc:270]thread start cid,0
[04:23:40.182] RX< [6] [cam] [
[04:23:40.182] RX< 128723][tshell][cam_be_core_init:716]X ctx size 472 addr 0x8851b228
[04:23:40.182] RX< [6] [cam] [128723][tshell][awb_wrapper_init:66]xxx awb_bin=0x88501bac, awb_bin_length=8068
[04:23:40.182] RX< [6] [cam] [128724][tshell][awb_wrapper_init:86]X algo_handle 0x88522150
[04:23:40.182] RX< [7] [cam] [128724][awb0
[04:23:40.186] RX< ][a5_core_wrapper_task:252]thread start cid,0 algo type,2
[04:23:40.186] RX< [6] [cam] [128724][tshell][a5_core_init_task:426]thread created: awb0 mq=0x88524210 thread=0x88524328 sem=0x885241a0 ret=0
[04:23:40.186] RX< [6] [cam] [128725][tshell][bayer_ae_wrapper_init:68]E id,0 proc mode 0 
[04:23:40.186] RX< 
[04:23:40.186] RX< [
[04:23:40.186] RX< AEC Proc] @[allib_ae_set_debug_log_flag] Line:129:[DEBUG] debug level/to_file/to_terminal: 22/1/1
[04:23:40.186] RX< [AEC Proc] @[AeInit] Line:377:[INFO] AE ver: 2026_V2.269
[04:23:40.186] RX< 
[04:23:40.186] RX< [AEC Proc] @[allib_ae_loadfunc] Line:193:[INFO] camera ID: 0
[04:23:40.186] RX< [AEC Proc] @[alAE_set_param] Line:576:
[04:23:40.189] RX< [DEBUG] sw_maxtime 33004 ,pertline 10800, after check sensor step sw_max_time 33000.00
[04:23:40.189] RX< [AEC Proc] @[alAE_set_param] Line:581:[DEBUG] sw_mintime 43 ,pertline 10800, after check sensor step sw_min_time 40.00
[04:23:40.189] RX< [AEC Proc] @[alAE_set_param] Line:514:[DEBUG] DEB
[04:23:40.189] RX< UG minbv exptime 11 gain 100, minExpBV 13810
[04:23:40.189] RX< [AEC Proc] @[AeTuningParseSet] Line:167:[DEBUG] aeparam version 2.268 60803
[04:23:40.189] RX< [AEC Proc] @[alAE_set_param] Line:341:[DEBUG] INITEXP gain 100, shutter 33242, midtonegain 100, bv 2247
[04:23:40.189] RX< [6] [cam] [128731][tshell][ba
[04:23:40.192] RX< yer_ae_wrapper_init:119]X tline 10800 max_exp 33004 alg_hdl 0x88526ad8 
[04:23:40.192] RX< [7] [cam] [128731][b_ae0][a5_core_wrapper_task:252]thread start cid,0 algo type,0
[04:23:40.192] RX< [6] [cam] [128732][tshell][a5_core_init_task:426]thread created: b_ae0 mq=0x8852d638 thread=0x8852d75
[04:23:40.192] RX< 0 sem=0x8852d5c8 ret=0
[04:23:40.192] RX< [6] [cam] [128732][tshell][atf_wrapper_init:67]E id,0
[04:23:40.192] RX< [6] [cam] [128733][tshell][atf_wrapper_init:107]X alg_ctx addr 0x8852fc10
[04:23:40.192] RX< [7] [cam] [128733][atf0][a5_core_wrapper_task:252]thread start cid,0 algo type,1
[04:23:40.192] RX< [6] [cam] [128734][tsh
[04:23:40.203] RX< ell][a5_core_init_task:426]thread created: atf0 mq=0x88531f68 thread=0x88532080 sem=0x88531ef8 ret=0
[04:23:40.203] RX< [6] [cam] [128734][tshell][cam_cpm_core_init:1101]GDC enabled: video_eis=1, photo_warp=0
[04:23:40.203] RX< [6] [cam] [128743][tshell][cam_dewarp_init:333]table reg: enable:
[04:23:40.203] RX< 1, blockw:5, inw:1296, inh:2304, mapw:61, maph:35, outw:1920, outh:1080
[04:23:40.203] RX< [6] [cam] [128743][tshell][cam_dewarp_init:354]dewarp init: real-IMU consumer registered, reader=0x88533390
[04:23:40.203] RX< [6] [cam] [128745][dwp0][dewarp_thread_entry:164]dewarp thread start, id=0
[04:23:40.210] RX< [6] [cam] [128745][tshell][cam_dewarp_init:379]EIS: dewarp init ok: dwp0 eis_ctx=0x8a00f210 table_size=12810 reg=61x35x5
[04:23:40.210] RX< [6] [cam] [128746][tshell][cam_cpm_core_init:1131]EIS: dewarp enabled, eis_ctx=0x8a00f210, eis_cfg=0x884e413c
[04:23:40.210] RX< [6] [cam] [128746][tshel
[04:23:40.210] RX< l][cam_cpm_core_init:1149]X ctx size 1096 addr 0x884e3d98
[04:23:40.210] RX< [6] [cam] [128747][tshell][csc_open:599]ok! phys_id[1], phys_num[1] 
[04:23:40.210] RX< [6] [cam] [128747][tshell][cam_open:738]open ok! camera_id[0]
[04:23:40.210] RX< [34m[cam open] perf=64185(us)!
[04:23:40.210] RX< [0m[6] [App Cam] cam open succes
[04:23:40.212] RX< s
[04:23:40.212] RX< [6] [cam] [128752][tshell][csc_init:722]sensor info:size:4032x2268, formt: 0x2b, bps: 1968, tline: 10800
[04:23:40.212] RX< [6] [cam] [128752][tshell][cam_sif_mgr_init:261]E id,0
[04:23:40.212] RX< [7] [cam] [128753][sif0][sif_irq_proc:151]thread start cid,0
[04:23:40.212] RX< [6] [cam] [128753][tshell][cam_
[04:23:40.212] RX< sif_mgr_init:293]X ctx size 52 addr 0x88564c08
[04:23:40.212] RX< [6] [cam] [128754][tshell][cam_prelude_init_cfg:368]CSI ID is 0,  phy lanes is 2.
[04:23:40.212] RX< [7] [cam] [128754][tshell][check_phy_ready:96]MIPI_PHY[0] is ready
[04:23:40.212] RX< [6] [cam] [128755][tshell][sensor_init:348]sensor [1]: reg
[04:23:40.218] RX< ister ok
[04:23:40.218] RX< [6] [cam] [128755][tshell][sensor_set_mode:887]sensor [1]: SetMode -> mode = 0.
[04:23:40.218] RX< [6] [cam] [128756][tshell][sensor_send_reg_tab_to_sensor:705]sensor [1]: send_reg_tab_to_sensor E.
[04:23:40.218] RX< [6] [cam] [128759][tshell][sensor_send_reg_tab_to_sensor:751]sensor
[04:23:40.224] RX<  [1]: reg_count = 77.
[04:23:40.224] RX< [6] [cam] [128759][tshell][sensor_init:361]sensor [1]: init success.
[04:23:40.224] RX< [6] [cam] [128760][tshell][sensor_set_mode:887]sensor [1]: SetMode -> mode = 3.
[04:23:40.224] RX< [6] [cam] [128760][tshell][sensor_send_reg_tab_to_sensor:705]sensor [1]: send_reg_ta
[04:23:40.225] RX< b_to_sensor E.
[04:23:40.225] RX< [6] [cam] [128764][tshell][sensor_send_reg_tab_to_sensor:751]sensor [1]: reg_count = 83.
[04:23:40.225] RX< [6] [cam] [128764][tshell][csc_init:731]ok! phys_id[1], phys_num[1]
[04:23:40.225] RX< [6] [cam] [128765][tshell][csc_get_bayer_single_buffer:1148]scenario_type: 3
[04:23:40.225] RX< [6] [
[04:23:40.227] RX< cam] [128765][tshell][csc_set_stats_fmt:98]index 0 w 1 h 1 bw 8 wcmp 255
[04:23:40.227] RX< [7] [cam] [128766][tshell][bm_ioctl:201]BMIOC_STATS_FMT
[04:23:40.227] RX< [6] [cam] [128766][tshell][csc_set_fe_fmt:47]index 1 w 4032 h 2268 bw 10 wcmp 0
[04:23:40.227] RX< [7] [cam] [128767][tshell][bm_ioctl:201]BMIOC
[04:23:40.227] RX< _FE_FMT
[04:23:40.227] RX< [6] [cam] [128767][tshell][csc_set_me_fmt:64]index 5 w 2268 h 4032 bw 10 wcmp 0, rdma_addr 0x88e43800, wdma_addr 0x88e43800
[04:23:40.227] RX< [7] [cam] [128768][tshell][bm_ioctl:201]BMIOC_ME_FMT
[04:23:40.227] RX< [6] [cam] [128768][tshell][csc_set_video_fmt:1076]meta_addr: 0x8a18f24
[04:23:40.229] RX< 0
[04:23:40.229] RX< [6] [cam] [128768][tshell][csc_set_me_fmt:64]index 6 w 1296 h 2304 bw 8 wcmp 0, rdma_addr 0x8b2e5400, wdma_addr 0x8a19fc00
[04:23:40.229] RX< [6] [cam] [128769][tshell][cam_me_core_buffer_cfg:1416]
[04:23:40.229] RX< ----ME PIPE INFO---
[04:23:40.229] RX<  wdma_buf_num:2, rotation_en: 1
[04:23:40.229] RX< [7] [cam] [128770][
[04:23:40.230] RX< tshell][cam_me_core_buffer_cfg:1424]yuv wdma_addr 0:0x8a19fc00, meta_en: 1, 0x8a18f240
[04:23:40.230] RX< [7] [cam] [128770][tshell][cam_me_core_buffer_cfg:1424]yuv wdma_addr 1:0x8a3c2800, meta_en: 1, 0x8a18f240
[04:23:40.230] RX< [7] [cam] [128771][tshell][bm_ioctl:201]BMIOC_ME_FMT
[04:23:40.230] RX< [6] [cam]
[04:23:40.232] RX<  [128771][tshell][csc_set_lite_fmt:115]index 13 w 400 h 400 bw 10 wcmp 255
[04:23:40.232] RX< [7] [cam] [128772][tshell][bm_ioctl:201]BMIOC_LITE_FMT
[04:23:40.232] RX< [6] [cam] [128772][tshell][csc_set_lite_fmt:115]index 14 w 400 h 400 bw 10 wcmp 255
[04:23:40.232] RX< [7] [cam] [128772][tshell][bm_ioctl:201]
[04:23:40.233] RX< BMIOC_LITE_FMT
[04:23:40.233] RX< [6] [cam] [128773][tshell][csc_set_be_fmt:81]index 7 w 1920 h 1080 bw 6 wcmp 0
[04:23:40.233] RX< [7] [cam] [128773][tshell][bm_ioctl:201]BMIOC_BE_FMT
[04:23:40.233] RX< [6] [cam] [128773][tshell][csc_set_be_fmt:81]index 8 w 1920 h 1080 bw 8 wcmp 255
[04:23:40.233] RX< [7] [cam] [128774][tshell]
[04:23:40.235] RX< [bm_ioctl:201]BMIOC_BE_FMT
[04:23:40.235] RX< [6] [cam] [128774][tshell][cam_dewarp_set_table_base:480]dewarp table base updated: [0]=0x88e20aa0 [1]=0x88e32150
[04:23:40.235] RX< [6] [cam] [128775][tshell][cam_cpm_core_set_dewarp_table_base:1611]dewarp table base updated: [0]=0x88e20aa0 [1]=0
[04:23:40.235] RX< x88e32150
[04:23:40.235] RX< [6] [cam] [128775][tshell][csc_init:739]get otp ok! phys_id[1], phys_num[1]
[04:23:40.235] RX< [6] [cam] [128776][tshell][cam_init:828]init ok! logic_id[0]
[04:23:40.235] RX< [34m[cam init] perf=23685(us)!
[04:23:40.235] RX< [0m[6] [App Cam] cam init success
[04:23:40.235] RX< [7] [cam] [128777][tshell][cam_cpm_core_
[04:23:40.238] RX< stream_on:560]id 0 sensor type 1
[04:23:40.238] RX< [6] [cam] [128777][tshell][sensor_stream_on:1024]sensor [1]: stream_on
[04:23:40.238] RX< [6] [cam] [128777][tshell][sensor_stream_on:1052]sensor [1]: REG: 0x100, W:0x1.
[04:23:40.238] RX< [6] [cam] [128778][tshell][sensor_stream_on:1054]sensor [1]: REG: 0x10
[04:23:40.238] RX< 0, R:0x1.
[04:23:40.238] RX< [6] [cam] [128778][tshell][csc_prv_start:873]ok! phys_id[1], phys_num[1], cam_ids[1]
[04:23:40.238] RX< [6] [cam] [128779][tshell][cam_start:938]preview start ok! logic_id[0]
[04:23:40.238] RX< [34m[cam start] perf=2353(us)!
[04:23:40.238] RX< [0m[6] [App Cam] cam start success
[04:23:40.238] RX< [6] [App Dfs] Gravit
[04:23:40.372] RX< y_XR Record Start
[04:23:40.372] RX< msh /emmc>[7] [cam] [128780][b_3a_sts][bayer_stats_core_irq_proc:164]thread start cid,0
[04:23:40.372] RX< [7] [cam] [128780][fe0][fe_core_irq_proc:98]thread start cid,0
[04:23:40.372] RX< [34m[AE] fid=0,exp=5700,adg=100,Y=7257,mtg=100,shg=100,bgbv=4765,iso=100,cnv0,hdr0
[04:23:40.372] RX< 
[04:23:40.545] RX< [0m[34m[b_ae0 proc] perf=2817(us), max=2817(us)!
[04:23:40.545] RX< [0m[34m[awb0 proc] perf=1339(us), max=1339(us)!
[04:23:40.545] RX< [0m[7] [cam] [128913][me0][me_core_thread:359]ME out fid 0
[04:23:40.545] RX< [6] [cam] [128960][dwp0][cpm_cb_dewarp_handle:1411]EIS: dewarp done frm=0, buf_idx=0
[04:23:40.545] RX< [6] [cam] 
[04:23:41.533] RX< [129072][me0][cpm_cb_fe2me_tikChk:152]frm_length 88560us, fe2me delta 0
[04:23:41.533] RX< [34m[ME INTP]fid=0, shutter=5700, perf=792(us), max=792(us)!
[04:23:41.533] RX< [0m[32m[BE] fid=0, perf=6353(us), max=6353(us)!
[04:23:41.533] RX< [0m[6] [App Dfs] f_index = 0, f_len = 26972, cur_total_len = 27060
[04:23:41.533] RX< [34
[04:23:42.552] RX< m[AE] fid=30,exp=10210,adg=144,Y=5230,mtg=200,shg=100,bgbv=2339,iso=144,cnv2,hdr0
[04:23:42.552] RX< [0m[7] [cam] [130079][me0][me_core_thread:359]ME out fid 30
[04:23:42.552] RX< [34m[AE] fid=60,exp=10210,adg=144,Y=5217,mtg=200,shg=100,bgbv=2335,iso=144,cnv2,hdr0
[04:23:42.552] RX< [0m[7] [cam] [131079][me0]
[04:23:43.551] RX< [me_core_thread:359]ME out fid 60
[04:23:43.551] RX< [34m[AE] fid=90,exp=10210,adg=144,Y=5223,mtg=200,shg=100,bgbv=2335,iso=144,cnv2,hdr0
[04:23:43.551] RX< [0m[34m[b_ae0 proc] perf=422(us), max=2817(us)!
[04:23:43.551] RX< [0m[34m[awb0 proc] perf=1354(us), max=1861(us)!
[04:23:43.551] RX< [0m[7] [cam] [132078][me0][me_core
[04:23:44.549] RX< _thread:359]ME out fid 90
[04:23:44.549] RX< [32m[BE] fid=90, perf=8412(us), max=8760(us)!
[04:23:44.549] RX< [0m[6] [App Dfs] f_index = 90, f_len = 186617, cur_total_len = 6813538
[04:23:44.549] RX< [34m[AE] fid=120,exp=10210,adg=144,Y=5228,mtg=200,shg=100,bgbv=2339,iso=144,cnv2,hdr0
[04:23:44.549] RX< [0m[7] [cam] [133078][m
[04:23:45.549] RX< e0][me_core_thread:359]ME out fid 120
[04:23:45.549] RX< [34m[ME INTP]fid=120, shutter=10210, perf=3(us), max=11584(us)!
[04:23:45.549] RX< [0m[34m[AE] fid=150,exp=10210,adg=144,Y=5230,mtg=200,shg=100,bgbv=2339,iso=144,cnv2,hdr0
[04:23:45.549] RX< [0m[7] [cam] [134078][me0][me_core_thread:359]ME out fid 150
[04:23:46.887] RX< [34m[AE] fid=180,exp=10210,adg=144,Y=5231,mtg=200,shg=100,bgbv=2339,iso=144,cnv2,hdr0
[04:23:46.887] RX< [0m[34m[b_ae0 proc] perf=387(us), max=674(us)!
[04:23:46.887] RX< [0m[34m[awb0 proc] perf=1340(us), max=1576(us)!
[04:23:46.887] RX< [0m[7] [cam] [135078][me0][me_core_thread:359]ME out fid 180
[04:23:46.887] RX< [32m[B
[04:23:47.548] RX< E] fid=180, perf=8407(us), max=8422(us)!
[04:23:47.548] RX< [0m[6] [App Dfs] f_index = 180, f_len = 185876, cur_total_len = 6743053
[04:23:47.548] RX< [34m[AE] fid=210,exp=10210,adg=144,Y=5235,mtg=200,shg=100,bgbv=2339,iso=144,cnv2,hdr0
[04:23:47.548] RX< [0m[7] [cam] [136078][me0][me_core_thread:359]ME out f
[04:23:48.632] RX< id 210
[04:23:48.632] RX< [34m[AE] fid=240,exp=10140,adg=144,Y=5224,mtg=200,shg=100,bgbv=2343,iso=144,cnv2,hdr0
[04:23:48.632] RX< [0m[6] [cam] [137069][dwp0][cpm_cb_dewarp_handle:1411]EIS: dewarp done frm=240, buf_idx=0
[04:23:48.632] RX< [7] [cam] [137078][me0][me_core_thread:359]ME out fid 240
[04:23:48.632] RX< [34m[ME INTP
[04:23:49.549] RX< ]fid=240, shutter=10140, perf=3(us), max=1033(us)!
[04:23:49.549] RX< [0m[34m[AE] fid=270,exp=10140,adg=144,Y=5220,mtg=200,shg=100,bgbv=2343,iso=144,cnv2,hdr0
[04:23:49.549] RX< [0m[34m[b_ae0 proc] perf=393(us), max=578(us)!
[04:23:49.549] RX< [0m[34m[awb0 proc] perf=1391(us), max=1530(us)!
[04:23:49.549] RX< [0m[7] [cam] 
[04:23:50.531] RX< [138077][me0][me_core_thread:359]ME out fid 270
[04:23:50.531] RX< [32m[BE] fid=270, perf=8450(us), max=8450(us)!
[04:23:50.531] RX< [0m[6] [App Dfs] f_index = 270, f_len = 187142, cur_total_len = 6751621
[04:23:50.531] RX< [34m[AE] fid=300,exp=10140,adg=144,Y=5217,mtg=200,shg=100,bgbv=2343,iso=144,cnv2,hdr0
[04:23:52.533] RX< [0m[7] [cam] [139077][me0][me_core_thread:359]ME out fid 300
[04:23:52.533] RX< [34m[AE] fid=330,exp=10140,adg=144,Y=5217,mtg=200,shg=100,bgbv=2343,iso=144,cnv2,hdr0
[04:23:52.533] RX< [0m[7] [cam] [140082][me0][me_core_thread:359]ME out fid 330
[04:23:52.631] RX< [34m[AE] fid=360,exp=10140,adg=144,Y=5234,mtg=200,shg=100,bgbv=2347,iso=144,cnv2,hdr0
[04:23:52.631] RX< [0m[34m[b_ae0 proc] perf=468(us), max=1391(us)!
[04:23:52.631] RX< [0m[34m[awb0 proc] perf=1450(us), max=1610(us)!
[04:23:52.631] RX< [0m[7] [cam] [141077][me0][me_core_thread:359]ME out fid 360
[04:23:52.631] RX< [34m[
[04:23:53.531] RX< ME INTP]fid=360, shutter=10140, perf=3(us), max=3011(us)!
[04:23:53.531] RX< [0m[32m[BE] fid=360, perf=8395(us), max=8450(us)!
[04:23:53.531] RX< [0m[6] [App Dfs] f_index = 360, f_len = 187659, cur_total_len = 6761866
[04:23:53.531] RX< [34m[AE] fid=390,exp=10140,adg=144,Y=5236,mtg=200,shg=100,bgbv=2347,iso=
[04:23:55.532] RX< 144,cnv2,hdr0
[04:23:55.532] RX< [0m[7] [cam] [142077][me0][me_core_thread:359]ME out fid 390
[04:23:55.532] RX< [34m[AE] fid=420,exp=10140,adg=144,Y=5234,mtg=200,shg=100,bgbv=2347,iso=144,cnv2,hdr0
[04:23:55.532] RX< [0m[7] [cam] [143077][me0][me_core_thread:359]ME out fid 420
[04:23:55.886] RX< [34m[AE] fid=450,exp=10140,adg=144,Y=5240,mtg=200,shg=100,bgbv=2350,iso=144,cnv2,hdr0
[04:23:55.886] RX< [0m[34m[b_ae0 proc] perf=358(us), max=583(us)!
[04:23:55.886] RX< [0m[34m[awb0 proc] perf=1338(us), max=1807(us)!
[04:23:55.886] RX< [0m[7] [cam] [144077][me0][me_core_thread:359]ME out fid 450
[04:23:55.886] RX< [32m[B
[04:23:56.549] RX< E] fid=450, perf=8418(us), max=8435(us)!
[04:23:56.549] RX< [0m[6] [App Dfs] f_index = 450, f_len = 187969, cur_total_len = 6790445
[04:23:56.549] RX< [34m[AE] fid=480,exp=10140,adg=144,Y=5255,mtg=200,shg=100,bgbv=2354,iso=144,cnv2,hdr0
[04:23:56.549] RX< [0m[6] [cam] [145068][dwp0][cpm_cb_dewarp_handle:1411]
[04:23:57.546] RX< EIS: dewarp done frm=480, buf_idx=0
[04:23:57.546] RX< [7] [cam] [145077][me0][me_core_thread:359]ME out fid 480
[04:23:57.546] RX< [34m[ME INTP]fid=480, shutter=10140, perf=3(us), max=3153(us)!
[04:23:57.546] RX< [0m[34m[AE] fid=510,exp=10140,adg=144,Y=5256,mtg=200,shg=100,bgbv=2354,iso=144,cnv2,hdr0
[04:23:57.546] RX< [0m[7]
[04:23:58.548] RX<  [cam] [146076][me0][me_core_thread:359]ME out fid 510
[04:23:58.548] RX< [34m[AE] fid=540,exp=10140,adg=144,Y=5253,mtg=200,shg=100,bgbv=2354,iso=144,cnv2,hdr0
[04:23:58.548] RX< [0m[34m[b_ae0 proc] perf=376(us), max=544(us)!
[04:23:58.548] RX< [0m[34m[awb0 proc] perf=1474(us), max=1999(us)!
[04:23:58.548] RX< [0m[7] [cam] 
[04:23:59.530] RX< [147076][me0][me_core_thread:359]ME out fid 540
[04:23:59.530] RX< [32m[BE] fid=540, perf=8708(us), max=8708(us)!
[04:23:59.530] RX< [0m[6] [App Dfs] f_index = 540, f_len = 206618, cur_total_len = 6885522
[04:23:59.530] RX< [34m[AE] fid=570,exp=10000,adg=144,Y=5232,mtg=200,shg=100,bgbv=2368,iso=144,cnv2,hdr0
[04:24:00.630] RX< [0m[7] [cam] [148076][me0][me_core_thread:359]ME out fid 570
[04:24:00.630] RX< [34m[AE] fid=600,exp=10000,adg=144,Y=5216,mtg=200,shg=100,bgbv=2364,iso=144,cnv2,hdr0
[04:24:00.630] RX< [0m[7] [cam] [149076][me0][me_core_thread:359]ME out fid 600
[04:24:00.630] RX< [34m[ME INTP]fid=600, shutter=10000, perf=4(
[04:24:01.547] RX< us), max=2368(us)!
[04:24:01.547] RX< [0m[34m[AE] fid=630,exp=10000,adg=144,Y=5212,mtg=200,shg=100,bgbv=2361,iso=144,cnv2,hdr0
[04:24:01.547] RX< [0m[34m[b_ae0 proc] perf=364(us), max=2334(us)!
[04:24:01.547] RX< [0m[34m[awb0 proc] perf=1443(us), max=1683(us)!
[04:24:01.547] RX< [0m[7] [cam] [150076][me0][me_core_thread:35
[04:24:02.545] RX< 9]ME out fid 630
[04:24:02.545] RX< [32m[BE] fid=630, perf=8402(us), max=8708(us)!
[04:24:02.545] RX< [0m[6] [App Dfs] f_index = 630, f_len = 188146, cur_total_len = 7007968
[04:24:02.545] RX< [34m[AE] fid=660,exp=10000,adg=144,Y=5223,mtg=200,shg=100,bgbv=2364,iso=144,cnv2,hdr0
[04:24:02.545] RX< [0m[7] [cam] [151076][me0][me_
[04:24:04.546] RX< core_thread:359]ME out fid 660
[04:24:04.546] RX< [34m[AE] fid=690,exp=10000,adg=144,Y=5234,mtg=200,shg=100,bgbv=2368,iso=144,cnv2,hdr0
[04:24:04.546] RX< [0m[7] [cam] [152076][me0][me_core_thread:359]ME out fid 690
[04:24:04.547] RX< [34m[AE] fid=720,exp=10000,adg=144,Y=5228,mtg=200,shg=100,bgbv=2368,iso=144,cnv2,hdr0
[04:24:04.547] RX< [0m[34m[b_ae0 proc] perf=356(us), max=547(us)!
[04:24:04.547] RX< [0m[34m[awb0 proc] perf=1344(us), max=1670(us)!
[04:24:04.547] RX< [0m[6] [cam] [153073][dwp0][cpm_cb_dewarp_handle:1411]EIS: dewarp do
[04:24:04.928] RX< ne frm=720, buf_idx=0
[04:24:04.928] RX< [7] [cam] [153075][me0][me_core_thread:359]ME out fid 720
[04:24:04.928] RX< [34m[ME INTP]fid=720, shutter=10000, perf=3(us), max=3584(us)!
[04:24:04.928] RX< [0m[32m[BE] fid=720, perf=8434(us), max=8444(us)!
[04:24:04.928] RX< [0m[6] [App Dfs] f_index = 720, f_len = 187401, cur_total_l
[04:24:06.546] RX< en = 6821142
[04:24:06.546] RX< [34m[AE] fid=750,exp=10000,adg=144,Y=5240,mtg=200,shg=100,bgbv=2371,iso=144,cnv2,hdr0
[04:24:06.546] RX< [0m[7] [cam] [154075][me0][me_core_thread:359]ME out fid 750
[04:24:06.546] RX< [34m[AE] fid=780,exp=10000,adg=144,Y=5246,mtg=200,shg=100,bgbv=2371,iso=144,cnv2,hdr0
[04:24:06.546] RX< [0m[7]
[04:24:07.547] RX<  [cam] [155075][me0][me_core_thread:359]ME out fid 780
[04:24:07.547] RX< [34m[AE] fid=810,exp=10000,adg=144,Y=5234,mtg=200,shg=100,bgbv=2368,iso=144,cnv2,hdr0
[04:24:07.547] RX< [0m[34m[b_ae0 proc] perf=396(us), max=1284(us)!
[04:24:07.547] RX< [0m[34m[awb0 proc] perf=1419(us), max=1643(us)!
[04:24:07.547] RX< [0m[7] [cam]
[04:24:08.529] RX<  [156075][me0][me_core_thread:359]ME out fid 810
[04:24:08.529] RX< [32m[BE] fid=810, perf=8441(us), max=8443(us)!
[04:24:08.529] RX< [0m[6] [App Dfs] f_index = 810, f_len = 187106, cur_total_len = 6826409
[04:24:08.529] RX< [34m[AE] fid=840,exp=10000,adg=144,Y=5243,mtg=200,shg=100,bgbv=2371,iso=144,cnv2,hdr0
[04:24:09.544] RX< 
[04:24:09.544] RX< [0m[7] [cam] [157075][me0][me_core_thread:359]ME out fid 840
[04:24:09.544] RX< [34m[ME INTP]fid=840, shutter=10000, perf=677(us), max=3586(us)!
[04:24:09.544] RX< [0m[34m[AE] fid=870,exp=10000,adg=144,Y=5230,mtg=200,shg=100,bgbv=2368,iso=144,cnv2,hdr0
[04:24:09.544] RX< [0m[7] [cam] [158075][me0][me_core_
[04:24:10.546] RX< thread:359]ME out fid 870
[04:24:10.546] RX< [34m[AE] fid=900,exp=10000,adg=144,Y=5230,mtg=200,shg=100,bgbv=2368,iso=144,cnv2,hdr0
[04:24:10.546] RX< [0m[34m[b_ae0 proc] perf=355(us), max=636(us)!
[04:24:10.546] RX< [0m[34m[awb0 proc] perf=1356(us), max=2074(us)!
[04:24:10.546] RX< [0m[7] [cam] [159075][me0][me_core_thread:
[04:24:11.544] RX< 359]ME out fid 900
[04:24:11.544] RX< [32m[BE] fid=900, perf=8459(us), max=8459(us)!
[04:24:11.544] RX< [0m[6] [App Dfs] f_index = 900, f_len = 189833, cur_total_len = 6902098
[04:24:11.544] RX< [34m[AE] fid=930,exp=10000,adg=144,Y=5247,mtg=200,shg=100,bgbv=2371,iso=144,cnv2,hdr0
[04:24:11.544] RX< [0m[7] [cam] [160074][me0][m
[04:24:12.546] RX< e_core_thread:359]ME out fid 930
[04:24:12.546] RX< [34m[AE] fid=960,exp=10000,adg=144,Y=5251,mtg=200,shg=100,bgbv=2375,iso=144,cnv2,hdr0
[04:24:12.546] RX< [0m[6] [cam] [161072][dwp0][cpm_cb_dewarp_handle:1411]EIS: dewarp done frm=960, buf_idx=0
[04:24:12.546] RX< [7] [cam] [161074][me0][me_core_thread:359]ME
[04:24:13.529] RX<  out fid 960
[04:24:13.529] RX< [34m[ME INTP]fid=960, shutter=10000, perf=4(us), max=2869(us)!
[04:24:13.529] RX< [0m[34m[AE] fid=990,exp=10000,adg=144,Y=5248,mtg=200,shg=100,bgbv=2371,iso=144,cnv2,hdr0
[04:24:13.529] RX< [0m[34m[b_ae0 proc] perf=368(us), max=566(us)!
[04:24:13.529] RX< [0m[34m[awb0 proc] perf=1343(us), ma
[04:24:14.528] RX< x=1605(us)!
[04:24:14.528] RX< [0m[7] [cam] [162074][me0][me_core_thread:359]ME out fid 990
[04:24:14.528] RX< [32m[BE] fid=990, perf=8434(us), max=8459(us)!
[04:24:14.528] RX< [0m[6] [App Dfs] f_index = 990, f_len = 188586, cur_total_len = 6850602
[04:24:14.528] RX< [34m[AE] fid=1020,exp=10000,adg=144,Y=5255,mtg=200,shg=100,b
[04:24:16.529] RX< gbv=2375,iso=144,cnv2,hdr0
[04:24:16.529] RX< [0m[7] [cam] [163074][me0][me_core_thread:359]ME out fid 1020
[04:24:16.529] RX< [34m[AE] fid=1050,exp=10000,adg=144,Y=5258,mtg=200,shg=100,bgbv=2375,iso=144,cnv2,hdr0
[04:24:16.529] RX< [0m[7] [cam] [164074][me0][me_core_thread:359]ME out fid 1050
[04:24:16.529] RX< [34m[AE] fid=1
[04:24:16.627] RX< 080,exp=10000,adg=144,Y=5255,mtg=200,shg=100,bgbv=2375,iso=144,cnv2,hdr0
[04:24:16.627] RX< [0m[34m[b_ae0 proc] perf=357(us), max=446(us)!
[04:24:16.627] RX< [0m[34m[awb0 proc] perf=1343(us), max=1874(us)!
[04:24:16.627] RX< [0m[7] [cam] [165074][me0][me_core_thread:359]ME out fid 1080
[04:24:16.627] RX< [34m[ME INTP]fid=10
[04:24:17.527] RX< 80, shutter=10000, perf=4(us), max=2605(us)!
[04:24:17.527] RX< [0m[32m[BE] fid=1080, perf=8430(us), max=8434(us)!
[04:24:17.527] RX< [0m[6] [App Dfs] f_index = 1080, f_len = 187778, cur_total_len = 6807811
[04:24:17.527] RX< [34m[AE] fid=1110,exp=9860,adg=144,Y=5264,mtg=200,shg=100,bgbv=2378,iso=144,cnv2,hd
[04:24:19.528] RX< r0
[04:24:19.528] RX< [0m[7] [cam] [166074][me0][me_core_thread:359]ME out fid 1110
[04:24:19.528] RX< [34m[AE] fid=1140,exp=9860,adg=144,Y=5217,mtg=200,shg=100,bgbv=2381,iso=144,cnv2,hdr0
[04:24:19.528] RX< [0m[7] [cam] [167074][me0][me_core_thread:359]ME out fid 1140
[04:24:19.882] RX< [34m[AE] fid=1170,exp=9860,adg=144,Y=5219,mtg=200,shg=100,bgbv=2381,iso=144,cnv2,hdr0
[04:24:19.882] RX< [0m[34m[b_ae0 proc] perf=358(us), max=689(us)!
[04:24:19.882] RX< [0m[34m[awb0 proc] perf=1472(us), max=2419(us)!
[04:24:19.882] RX< [0m[7] [cam] [168073][me0][me_core_thread:359]ME out fid 1170
[04:24:19.882] RX< [32m[
[04:24:20.545] RX< BE] fid=1170, perf=8433(us), max=8443(us)!
[04:24:20.545] RX< [0m[6] [App Dfs] f_index = 1170, f_len = 189194, cur_total_len = 6863128
[04:24:20.545] RX< [34m[AE] fid=1200,exp=9860,adg=144,Y=5214,mtg=200,shg=100,bgbv=2381,iso=144,cnv2,hdr0
[04:24:20.545] RX< [0m[6] [cam] [169065][dwp0][cpm_cb_dewarp_handle:14
[04:24:21.527] RX< 11]EIS: dewarp done frm=1200, buf_idx=0
[04:24:21.527] RX< [7] [cam] [169073][me0][me_core_thread:359]ME out fid 1200
[04:24:21.527] RX< [34m[ME INTP]fid=1200, shutter=9860, perf=4(us), max=2406(us)!
[04:24:21.527] RX< [0m[34m[AE] fid=1230,exp=9860,adg=144,Y=5214,mtg=200,shg=100,bgbv=2381,iso=144,cnv2,hdr0
[04:24:21.527] RX< [
[04:24:22.544] RX< 0m[7] [cam] [170073][me0][me_core_thread:359]ME out fid 1230
[04:24:22.544] RX< [34m[AE] fid=1260,exp=9860,adg=144,Y=5215,mtg=200,shg=100,bgbv=2381,iso=144,cnv2,hdr0
[04:24:22.544] RX< [0m[34m[b_ae0 proc] perf=548(us), max=1178(us)!
[04:24:22.544] RX< [0m[34m[awb0 proc] perf=1356(us), max=1596(us)!
[04:24:22.544] RX< [0m[7]
[04:24:23.526] RX<  [cam] [171073][me0][me_core_thread:359]ME out fid 1260
[04:24:23.526] RX< [32m[BE] fid=1260, perf=8395(us), max=8433(us)!
[04:24:23.526] RX< [0m[6] [App Dfs] f_index = 1260, f_len = 188362, cur_total_len = 6826162
[04:24:23.526] RX< [34m[AE] fid=1290,exp=9860,adg=144,Y=5214,mtg=200,shg=100,bgbv=2381,iso=144,
[04:24:24.626] RX< cnv2,hdr0
[04:24:24.626] RX< [0m[7] [cam] [172073][me0][me_core_thread:359]ME out fid 1290
[04:24:24.626] RX< [34m[AE] fid=1320,exp=9860,adg=144,Y=5215,mtg=200,shg=100,bgbv=2381,iso=144,cnv2,hdr0
[04:24:24.626] RX< [0m[7] [cam] [173073][me0][me_core_thread:359]ME out fid 1320
[04:24:24.626] RX< [34m[ME INTP]fid=1320, shutter=9
[04:24:25.544] RX< 860, perf=3(us), max=276(us)!
[04:24:25.544] RX< [0m[34m[AE] fid=1350,exp=9860,adg=144,Y=5211,mtg=200,shg=100,bgbv=2378,iso=144,cnv2,hdr0
[04:24:25.544] RX< [0m[34m[b_ae0 proc] perf=359(us), max=587(us)!
[04:24:25.544] RX< [0m[34m[awb0 proc] perf=1338(us), max=1567(us)!
[04:24:25.544] RX< [0m[7] [cam] [174073][me0][me_core
[04:24:26.541] RX< _thread:359]ME out fid 1350
[04:24:26.541] RX< [32m[BE] fid=1350, perf=8429(us), max=8429(us)!
[04:24:26.541] RX< [0m[6] [App Dfs] f_index = 1350, f_len = 188692, cur_total_len = 6830053
[04:24:26.541] RX< [34m[AE] fid=1380,exp=9860,adg=144,Y=5212,mtg=200,shg=100,bgbv=2378,iso=144,cnv2,hdr0
[04:24:26.541] RX< [0m[7] [cam] [175
[04:24:28.543] RX< 072][me0][me_core_thread:359]ME out fid 1380
[04:24:28.543] RX< [34m[AE] fid=1410,exp=9860,adg=144,Y=5214,mtg=200,shg=100,bgbv=2381,iso=144,cnv2,hdr0
[04:24:28.543] RX< [0m[7] [cam] [176072][me0][me_core_thread:359]ME out fid 1410
[04:24:28.543] RX< [34m[AE] fid=1440,exp=9860,adg=144,Y=5215,mtg=200,shg=100,bg
[04:24:28.544] RX< bv=2381,iso=144,cnv2,hdr0
[04:24:28.544] RX< [0m[34m[b_ae0 proc] perf=358(us), max=566(us)!
[04:24:28.544] RX< [0m[34m[awb0 proc] perf=1383(us), max=1823(us)!
[04:24:28.544] RX< [0m[6] [cam] [177070][dwp0][cpm_cb_dewarp_handle:1411]EIS: dewarp done frm=1440, buf_idx=0
[04:24:28.544] RX< [7] [cam] [177072][me0][me_core_thread
[04:24:29.525] RX< :359]ME out fid 1440
[04:24:29.525] RX< [34m[ME INTP]fid=1440, shutter=9860, perf=4(us), max=294(us)!
[04:24:29.525] RX< [0m[32m[BE] fid=1440, perf=8420(us), max=14560(us)!
[04:24:29.525] RX< [0m[6] [App Dfs] f_index = 1440, f_len = 188147, cur_total_len = 6818482
[04:24:29.525] RX< [34m[AE] fid=1470,exp=9860,adg=144,Y=5217,m
[04:24:30.541] RX< tg=200,shg=100,bgbv=2381,iso=144,cnv2,hdr0
[04:24:30.541] RX< [0m[7] [cam] [178072][me0][me_core_thread:359]ME out fid 1470
[04:24:30.541] RX< [34m[AE] fid=1500,exp=9860,adg=144,Y=5213,mtg=200,shg=100,bgbv=2381,iso=144,cnv2,hdr0
[04:24:30.541] RX< [0m[7] [cam] [179072][me0][me_core_thread:359]ME out fid 1500
[04:24:31.880] RX< [34m[AE] fid=1530,exp=9860,adg=144,Y=5213,mtg=200,shg=100,bgbv=2381,iso=144,cnv2,hdr0
[04:24:31.880] RX< [0m[34m[b_ae0 proc] perf=548(us), max=582(us)!
[04:24:31.880] RX< [0m[34m[awb0 proc] perf=1351(us), max=1889(us)!
[04:24:31.880] RX< [0m[7] [cam] [180072][me0][me_core_thread:359]ME out fid 1530
[04:24:31.880] RX< [32m[
[04:24:32.541] RX< BE] fid=1530, perf=8414(us), max=8429(us)!
[04:24:32.541] RX< [0m[6] [App Dfs] f_index = 1530, f_len = 188724, cur_total_len = 6837411
[04:24:32.541] RX< [34m[AE] fid=1560,exp=9860,adg=144,Y=5212,mtg=200,shg=100,bgbv=2378,iso=144,cnv2,hdr0
[04:24:32.541] RX< [0m[7] [cam] [181072][me0][me_core_thread:359]ME ou
[04:24:34.526] RX< t fid 1560
[04:24:34.526] RX< [34m[ME INTP]fid=1560, shutter=9860, perf=3(us), max=505(us)!
[04:24:34.526] RX< [0m[34m[AE] fid=1590,exp=9860,adg=144,Y=5212,mtg=200,shg=100,bgbv=2378,iso=144,cnv2,hdr0
[04:24:34.526] RX< [0m[7] [cam] [182072][me0][me_core_thread:359]ME out fid 1590
[04:24:34.526] RX< [34m[AE] fid=1620,exp=9860,
[04:24:34.878] RX< adg=144,Y=5213,mtg=200,shg=100,bgbv=2381,iso=144,cnv2,hdr0
[04:24:34.878] RX< [0m[34m[b_ae0 proc] perf=357(us), max=596(us)!
[04:24:34.878] RX< [0m[34m[awb0 proc] perf=1338(us), max=1549(us)!
[04:24:34.878] RX< [0m[7] [cam] [183071][me0][me_core_thread:359]ME out fid 1620
[04:24:34.878] RX< [32m[BE] fid=1620, perf=8401(us),
[04:24:36.542] RX<  max=8439(us)!
[04:24:36.542] RX< [0m[6] [App Dfs] f_index = 1620, f_len = 187923, cur_total_len = 6808956
[04:24:36.542] RX< [34m[AE] fid=1650,exp=9860,adg=144,Y=5209,mtg=200,shg=100,bgbv=2378,iso=144,cnv2,hdr0
[04:24:36.542] RX< [0m[7] [cam] [184071][me0][me_core_thread:359]ME out fid 1650
[04:24:36.542] RX< [34m[AE] fid=168
[04:24:36.624] RX< 0,exp=9860,adg=144,Y=5208,mtg=200,shg=100,bgbv=2378,iso=144,cnv2,hdr0
[04:24:36.624] RX< [0m[6] [cam] [185063][dwp0][cpm_cb_dewarp_handle:1411]EIS: dewarp done frm=1680, buf_idx=0
[04:24:36.624] RX< [7] [cam] [185071][me0][me_core_thread:359]ME out fid 1680
[04:24:36.624] RX< [34m[ME INTP]fid=1680, shutter=986
[04:24:37.542] RX< 0, perf=3(us), max=273(us)!
[04:24:37.542] RX< [0m[34m[AE] fid=1710,exp=9860,adg=144,Y=5207,mtg=200,shg=100,bgbv=2378,iso=144,cnv2,hdr0
[04:24:37.542] RX< [0m[34m[b_ae0 proc] perf=371(us), max=731(us)!
[04:24:37.542] RX< [0m[34m[awb0 proc] perf=1405(us), max=1572(us)!
[04:24:37.542] RX< [0m[7] [cam] [186071][me0][me_core_t
[04:24:38.539] RX< hread:359]ME out fid 1710
[04:24:38.539] RX< [32m[BE] fid=1710, perf=8428(us), max=8428(us)!
[04:24:38.539] RX< [0m[6] [App Dfs] f_index = 1710, f_len = 189559, cur_total_len = 6846057
[04:24:38.539] RX< [34m[AE] fid=1740,exp=9860,adg=144,Y=5209,mtg=200,shg=100,bgbv=2378,iso=144,cnv2,hdr0
[04:24:38.539] RX< [0m[7] [cam] [18707
[04:24:40.525] RX< 1][me0][me_core_thread:359]ME out fid 1740
[04:24:40.525] RX< [34m[AE] fid=1770,exp=9860,adg=144,Y=5208,mtg=200,shg=100,bgbv=2378,iso=144,cnv2,hdr0
[04:24:40.525] RX< [0m[7] [cam] [188071][me0][me_core_thread:359]ME out fid 1770
[04:24:40.525] RX< [34m[AE] fid=1800,exp=9860,adg=144,Y=5208,mtg=200,shg=100,bgbv
[04:24:40.879] RX< =2378,iso=144,cnv2,hdr0
[04:24:40.879] RX< [0m[34m[b_ae0 proc] perf=362(us), max=619(us)!
[04:24:40.879] RX< [0m[34m[awb0 proc] perf=1351(us), max=1693(us)!
[04:24:40.879] RX< [0m[7] [cam] [189071][me0][me_core_thread:359]ME out fid 1800
[04:24:40.879] RX< [34m[ME INTP]fid=1800, shutter=9860, perf=3(us), max=4(us)!
[04:24:40.879] RX< [0m[32
[04:24:41.539] RX< m[BE] fid=1800, perf=8402(us), max=8428(us)!
[04:24:41.539] RX< [0m[6] [App Dfs] f_index = 1800, f_len = 188825, cur_total_len = 6826824
[04:24:41.539] RX< [34m[AE] fid=1830,exp=9860,adg=144,Y=5207,mtg=200,shg=100,bgbv=2378,iso=144,cnv2,hdr0
[04:24:41.539] RX< [0m[7] [cam] [190070][me0][me_core_thread:359]ME 
[04:24:43.524] RX< out fid 1830
[04:24:43.524] RX< [34m[AE] fid=1860,exp=9860,adg=144,Y=5204,mtg=200,shg=100,bgbv=2378,iso=144,cnv2,hdr0
[04:24:43.524] RX< [0m[7] [cam] [191070][me0][me_core_thread:359]ME out fid 1860
[04:24:43.524] RX< [34m[AE] fid=1890,exp=9860,adg=144,Y=5203,mtg=200,shg=100,bgbv=2378,iso=144,cnv2,hdr0
[04:24:43.524] RX< [0m[
[04:24:43.908] RX< 34m[b_ae0 proc] perf=356(us), max=664(us)!
[04:24:43.908] RX< [0m[34m[awb0 proc] perf=1331(us), max=1560(us)!
[04:24:43.908] RX< [0m[7] [cam] [192070][me0][me_core_thread:359]ME out fid 1890
[04:24:43.908] RX< [32m[BE] fid=1890, perf=8434(us), max=8434(us)!
[04:24:43.908] RX< [0m[6] [App Dfs] f_index = 1890, f_len = 188386, 
[04:24:44.541] RX< cur_total_len = 6814280
[04:24:44.541] RX< [34m[AE] fid=1920,exp=9860,adg=144,Y=5200,mtg=200,shg=100,bgbv=2378,iso=144,cnv2,hdr0
[04:24:44.541] RX< [0m[6] [cam] [193062][dwp0][cpm_cb_dewarp_handle:1411]EIS: dewarp done frm=1920, buf_idx=0
[04:24:44.541] RX< [7] [cam] [193070][me0][me_core_thread:359]ME out fid
[04:24:46.525] RX<  1920
[04:24:46.525] RX< [34m[ME INTP]fid=1920, shutter=9860, perf=3(us), max=4(us)!
[04:24:46.525] RX< [0m[34m[AE] fid=1950,exp=9860,adg=144,Y=5202,mtg=200,shg=100,bgbv=2378,iso=144,cnv2,hdr0
[04:24:46.525] RX< [0m[7] [cam] [194070][me0][me_core_thread:359]ME out fid 1950
[04:24:46.525] RX< [34m[AE] fid=1980,exp=9860,adg=144
[04:24:46.877] RX< ,Y=5200,mtg=200,shg=100,bgbv=2378,iso=144,cnv2,hdr0
[04:24:46.877] RX< [0m[34m[b_ae0 proc] perf=542(us), max=593(us)!
[04:24:46.877] RX< [0m[34m[awb0 proc] perf=1405(us), max=1715(us)!
[04:24:46.877] RX< [0m[7] [cam] [195070][me0][me_core_thread:359]ME out fid 1980
[04:24:46.877] RX< [32m[BE] fid=1980, perf=8424(us), max=84
[04:24:48.522] RX< 47(us)!
[04:24:48.522] RX< [0m[6] [App Dfs] f_index = 1980, f_len = 188323, cur_total_len = 6840999
[04:24:48.522] RX< [34m[AE] fid=2010,exp=9860,adg=144,Y=5200,mtg=200,shg=100,bgbv=2378,iso=144,cnv2,hdr0
[04:24:48.522] RX< [0m[7] [cam] [196070][me0][me_core_thread:359]ME out fid 2010
[04:24:48.522] RX< [34m[AE] fid=2040,exp=9
[04:24:49.523] RX< 860,adg=144,Y=5201,mtg=200,shg=100,bgbv=2378,iso=144,cnv2,hdr0
[04:24:49.523] RX< [0m[7] [cam] [197069][me0][me_core_thread:359]ME out fid 2040
[04:24:49.523] RX< [34m[ME INTP]fid=2040, shutter=9860, perf=3(us), max=1268(us)!
[04:24:49.523] RX< [0m[34m[AE] fid=2070,exp=9860,adg=144,Y=5200,mtg=200,shg=100,bgb
[04:24:49.892] RX< v=2378,iso=144,cnv2,hdr0
[04:24:49.892] RX< [0m[34m[b_ae0 proc] perf=349(us), max=565(us)!
[04:24:49.892] RX< [0m[34m[awb0 proc] perf=1332(us), max=1655(us)!
[04:24:49.892] RX< [0m[7] [cam] [198069][me0][me_core_thread:359]ME out fid 2070
[04:24:49.892] RX< [32m[BE] fid=2070, perf=8385(us), max=8438(us)!
[04:24:49.892] RX< [0m[6] [App Dfs] f
[04:24:51.521] RX< _index = 2070, f_len = 188264, cur_total_len = 6854954
[04:24:51.521] RX< [34m[AE] fid=2100,exp=9860,adg=144,Y=5200,mtg=200,shg=100,bgbv=2378,iso=144,cnv2,hdr0
[04:24:51.521] RX< [0m[7] [cam] [199069][me0][me_core_thread:359]ME out fid 2100
[04:24:51.521] RX< [34m[AE] fid=2130,exp=9860,adg=144,Y=5199,mtg=200,
[04:24:52.539] RX< shg=100,bgbv=2374,iso=144,cnv2,hdr0
[04:24:52.539] RX< [0m[7] [cam] [200069][me0][me_core_thread:359]ME out fid 2130
[04:24:52.539] RX< [34m[AE] fid=2160,exp=9860,adg=144,Y=5200,mtg=200,shg=100,bgbv=2378,iso=144,cnv2,hdr0
[04:24:52.539] RX< [0m[34m[b_ae0 proc] perf=357(us), max=572(us)!
[04:24:52.539] RX< [0m[34m[awb0 proc]
[04:24:52.877] RX<  perf=1334(us), max=2471(us)!
[04:24:52.877] RX< [0m[6] [cam] [201061][dwp0][cpm_cb_dewarp_handle:1411]EIS: dewarp done frm=2160, buf_idx=0
[04:24:52.877] RX< [7] [cam] [201069][me0][me_core_thread:359]ME out fid 2160
[04:24:52.877] RX< [34m[ME INTP]fid=2160, shutter=9860, perf=94(us), max=302(us)!
[04:24:52.877] RX< [0m[32m[B
[04:24:53.537] RX< E] fid=2160, perf=8403(us), max=8454(us)!
[04:24:53.537] RX< [0m[6] [App Dfs] f_index = 2160, f_len = 187830, cur_total_len = 6962293
[04:24:53.537] RX< [34m[AE] fid=2190,exp=9860,adg=144,Y=5203,mtg=200,shg=100,bgbv=2378,iso=144,cnv2,hdr0
[04:24:53.537] RX< [0m[7] [cam] [202069][me0][me_core_thread:359]ME out
[04:24:55.523] RX<  fid 2190
[04:24:55.523] RX< [34m[AE] fid=2220,exp=9860,adg=144,Y=5214,mtg=200,shg=100,bgbv=2381,iso=144,cnv2,hdr0
[04:24:55.523] RX< [0m[7] [cam] [203069][me0][me_core_thread:359]ME out fid 2220
[04:24:55.523] RX< [34m[AE] fid=2250,exp=9860,adg=144,Y=5214,mtg=200,shg=100,bgbv=2381,iso=144,cnv2,hdr0
[04:24:55.523] RX< [0m[34m
[04:24:55.897] RX< [b_ae0 proc] perf=384(us), max=633(us)!
[04:24:55.897] RX< [0m[34m[awb0 proc] perf=1424(us), max=1689(us)!
[04:24:55.897] RX< [0m[7] [cam] [204069][me0][me_core_thread:359]ME out fid 2250
[04:24:55.897] RX< [32m[BE] fid=2250, perf=8440(us), max=8440(us)!
[04:24:55.897] RX< [0m[6] [App Dfs] f_index = 2250, f_len = 188532, cur
[04:24:57.520] RX< _total_len = 6862514
[04:24:57.520] RX< [34m[AE] fid=2280,exp=9860,adg=144,Y=5211,mtg=200,shg=100,bgbv=2378,iso=144,cnv2,hdr0
[04:24:57.520] RX< [0m[7] [cam] [205068][me0][me_core_thread:359]ME out fid 2280
[04:24:57.520] RX< [34m[ME INTP]fid=2280, shutter=9860, perf=3(us), max=496(us)!
[04:24:57.520] RX< [0m[34m[AE] fid=2310
[04:24:58.521] RX< ,exp=9860,adg=144,Y=5211,mtg=200,shg=100,bgbv=2378,iso=144,cnv2,hdr0
[04:24:58.521] RX< [0m[7] [cam] [206068][me0][me_core_thread:359]ME out fid 2310
[04:24:58.521] RX< [34m[AE] fid=2340,exp=9860,adg=144,Y=5208,mtg=200,shg=100,bgbv=2378,iso=144,cnv2,hdr0
[04:24:58.521] RX< [0m[34m[b_ae0 proc] perf=358(us), m
[04:24:59.520] RX< ax=556(us)!
[04:24:59.520] RX< [0m[34m[awb0 proc] perf=1389(us), max=2190(us)!
[04:24:59.520] RX< [0m[7] [cam] [207068][me0][me_core_thread:359]ME out fid 2340
[04:24:59.520] RX< [32m[BE] fid=2340, perf=8407(us), max=8440(us)!
[04:24:59.520] RX< [0m[6] [App Dfs] f_index = 2340, f_len = 188428, cur_total_len = 6829427
[04:24:59.520] RX< [34m[A
[04:25:00.537] RX< E] fid=2370,exp=9860,adg=144,Y=5208,mtg=200,shg=100,bgbv=2378,iso=144,cnv2,hdr0
[04:25:00.537] RX< [0m[7] [cam] [208068][me0][me_core_thread:359]ME out fid 2370
[04:25:00.537] RX< [34m[AE] fid=2400,exp=9860,adg=144,Y=5206,mtg=200,shg=100,bgbv=2378,iso=144,cnv2,hdr0
[04:25:00.537] RX< [0m[6] [cam] [209059][dwp
[04:25:01.538] RX< 0][cpm_cb_dewarp_handle:1411]EIS: dewarp done frm=2400, buf_idx=0
[04:25:01.538] RX< [7] [cam] [209068][me0][me_core_thread:359]ME out fid 2400
[04:25:01.538] RX< [34m[ME INTP]fid=2400, shutter=9860, perf=3(us), max=605(us)!
[04:25:01.538] RX< [0m[34m[AE] fid=2430,exp=9860,adg=144,Y=5211,mtg=200,shg=100,bgbv=
[04:25:01.896] RX< 2378,iso=144,cnv2,hdr0
[04:25:01.896] RX< [0m[34m[b_ae0 proc] perf=587(us), max=587(us)!
[04:25:01.896] RX< [0m[34m[awb0 proc] perf=1385(us), max=1597(us)!
[04:25:01.896] RX< [0m[7] [cam] [210068][me0][me_core_thread:359]ME out fid 2430
[04:25:01.896] RX< [32m[BE] fid=2430, perf=8404(us), max=8431(us)!
[04:25:01.896] RX< [0m[6] [App Dfs] f_i
[04:25:03.519] RX< ndex = 2430, f_len = 188759, cur_total_len = 6830093
[04:25:03.519] RX< [34m[AE] fid=2460,exp=9860,adg=144,Y=5212,mtg=200,shg=100,bgbv=2378,iso=144,cnv2,hdr0
[04:25:03.519] RX< [0m[7] [cam] [211068][me0][me_core_thread:359]ME out fid 2460
[04:25:03.519] RX< [34m[AE] fid=2490,exp=9860,adg=144,Y=5212,mtg=200,sh
[04:25:04.521] RX< g=100,bgbv=2378,iso=144,cnv2,hdr0
[04:25:04.521] RX< [0m[7] [cam] [212067][me0][me_core_thread:359]ME out fid 2490
[04:25:04.521] RX< [34m[AE] fid=2520,exp=9860,adg=144,Y=5209,mtg=200,shg=100,bgbv=2378,iso=144,cnv2,hdr0
[04:25:04.521] RX< [0m[34m[b_ae0 proc] perf=356(us), max=594(us)!
[04:25:04.521] RX< [0m[34m[awb0 proc] p
[04:25:04.911] RX< erf=1438(us), max=1553(us)!
[04:25:04.911] RX< [0m[7] [cam] [213067][me0][me_core_thread:359]ME out fid 2520
[04:25:04.911] RX< [34m[ME INTP]fid=2520, shutter=9860, perf=3(us), max=249(us)!
[04:25:04.911] RX< [0m[32m[BE] fid=2520, perf=8410(us), max=8458(us)!
[04:25:04.911] RX< [0m[6] [App Dfs] f_index = 2520, f_len = 188507,
[04:25:06.518] RX<  cur_total_len = 6830679
[04:25:06.518] RX< [34m[AE] fid=2550,exp=9860,adg=144,Y=5210,mtg=200,shg=100,bgbv=2378,iso=144,cnv2,hdr0
[04:25:06.518] RX< [0m[7] [cam] [214067][me0][me_core_thread:359]ME out fid 2550
[04:25:06.518] RX< [34m[AE] fid=2580,exp=9860,adg=144,Y=5208,mtg=200,shg=100,bgbv=2378,iso=144,cnv2
[04:25:07.520] RX< ,hdr0
[04:25:07.520] RX< [0m[7] [cam] [215067][me0][me_core_thread:359]ME out fid 2580
[04:25:07.520] RX< [34m[AE] fid=2610,exp=9860,adg=144,Y=5210,mtg=200,shg=100,bgbv=2378,iso=144,cnv2,hdr0
[04:25:07.520] RX< [0m[34m[b_ae0 proc] perf=356(us), max=454(us)!
[04:25:07.520] RX< [0m[34m[awb0 proc] perf=1387(us), max=1820(us)!
[04:25:08.536] RX< [0m[7] [cam] [216067][me0][me_core_thread:359]ME out fid 2610
[04:25:08.536] RX< [32m[BE] fid=2610, perf=8443(us), max=8443(us)!
[04:25:08.536] RX< [0m[6] [App Dfs] f_index = 2610, f_len = 189268, cur_total_len = 6823621
[04:25:08.536] RX< [34m[AE] fid=2640,exp=9860,adg=144,Y=5213,mtg=200,shg=100,bgbv=2381,i
[04:25:09.517] RX< so=144,cnv2,hdr0
[04:25:09.517] RX< [0m[6] [cam] [217063][dwp0][cpm_cb_dewarp_handle:1411]EIS: dewarp done frm=2640, buf_idx=0
[04:25:09.517] RX< [7] [cam] [217067][me0][me_core_thread:359]ME out fid 2640
[04:25:09.517] RX< [34m[ME INTP]fid=2640, shutter=9860, perf=3(us), max=284(us)!
[04:25:09.517] RX< [0m[34m[AE] fid=2670,ex
[04:25:10.519] RX< p=9860,adg=144,Y=5217,mtg=200,shg=100,bgbv=2381,iso=144,cnv2,hdr0
[04:25:10.519] RX< [0m[7] [cam] [218067][me0][me_core_thread:359]ME out fid 2670
[04:25:10.519] RX< [34m[AE] fid=2700,exp=9860,adg=144,Y=5218,mtg=200,shg=100,bgbv=2381,iso=144,cnv2,hdr0
[04:25:10.519] RX< [0m[34m[b_ae0 proc] perf=441(us), max=
[04:25:11.518] RX< 562(us)!
[04:25:11.518] RX< [0m[34m[awb0 proc] perf=1348(us), max=2379(us)!
[04:25:11.518] RX< [0m[7] [cam] [219066][me0][me_core_thread:359]ME out fid 2700
[04:25:11.518] RX< [32m[BE] fid=2700, perf=8207(us), max=8448(us)!
[04:25:11.518] RX< [0m[6] [App Dfs] f_index = 2700, f_len = 169938, cur_total_len = 6788067
[04:25:11.518] RX< [34m[AE] 
[04:25:12.534] RX< fid=2730,exp=9860,adg=144,Y=5217,mtg=200,shg=100,bgbv=2381,iso=144,cnv2,hdr0
[04:25:12.534] RX< [0m[7] [cam] [220066][me0][me_core_thread:359]ME out fid 2730
[04:25:12.534] RX< [34m[AE] fid=2760,exp=9860,adg=144,Y=5216,mtg=200,shg=100,bgbv=2381,iso=144,cnv2,hdr0
[04:25:12.534] RX< [0m[7] [cam] [221066][me0][m
[04:25:13.519] RX< e_core_thread:359]ME out fid 2760
[04:25:13.519] RX< [34m[ME INTP]fid=2760, shutter=9860, perf=26(us), max=26(us)!
[04:25:13.519] RX< [0m[34m[AE] fid=2790,exp=9860,adg=144,Y=5216,mtg=200,shg=100,bgbv=2381,iso=144,cnv2,hdr0
[04:25:13.519] RX< [0m[34m[b_ae0 proc] perf=357(us), max=1168(us)!
[04:25:13.519] RX< [0m[34m[awb0 pr
[04:25:14.517] RX< oc] perf=1333(us), max=1878(us)!
[04:25:14.517] RX< [0m[7] [cam] [222071][me0][me_core_thread:359]ME out fid 2790
[04:25:14.517] RX< [32m[BE] fid=2790, perf=8375(us), max=17280(us)!
[04:25:14.517] RX< [0m[6] [App Dfs] f_index = 2790, f_len = 187634, cur_total_len = 6839369
[04:25:14.517] RX< [34m[AE] fid=2820,exp=9860,adg=144,
[04:25:15.517] RX< Y=5217,mtg=200,shg=100,bgbv=2381,iso=144,cnv2,hdr0
[04:25:15.517] RX< [0m[7] [cam] [223066][me0][me_core_thread:359]ME out fid 2820
[04:25:15.517] RX< [34m[b_ae0 proc] perf=10485(us), max=10485(us)!
[04:25:15.517] RX< [0m[34m[AE] fid=2850,exp=9860,adg=144,Y=5216,mtg=200,shg=100,bgbv=2381,iso=144,cnv2,hdr0
[04:25:15.517] RX< [
[04:25:16.534] RX< 0m[7] [cam] [224067][me0][me_core_thread:359]ME out fid 2850
[04:25:16.534] RX< [34m[AE] fid=2880,exp=9860,adg=144,Y=5207,mtg=200,shg=100,bgbv=2378,iso=144,cnv2,hdr0
[04:25:16.534] RX< [0m[34m[b_ae0 proc] perf=351(us), max=10485(us)!
[04:25:16.534] RX< [0m[34m[awb0 proc] perf=1449(us), max=1811(us)!
[04:25:16.534] RX< [0m[6
[04:25:16.872] RX< ] [cam] [225064][dwp0][cpm_cb_dewarp_handle:1411]EIS: dewarp done frm=2880, buf_idx=0
[04:25:16.872] RX< [7] [cam] [225066][me0][me_core_thread:359]ME out fid 2880
[04:25:16.872] RX< [34m[ME INTP]fid=2880, shutter=9860, perf=3(us), max=340(us)!
[04:25:16.872] RX< [0m[32m[BE] fid=2880, perf=8408(us), max=8408(
[04:25:18.516] RX< us)!
[04:25:18.516] RX< [0m[6] [App Dfs] f_index = 2880, f_len = 188055, cur_total_len = 6841394
[04:25:18.516] RX< [34m[AE] fid=2910,exp=9860,adg=144,Y=5205,mtg=200,shg=100,bgbv=2378,iso=144,cnv2,hdr0
[04:25:18.516] RX< [0m[7] [cam] [226066][me0][me_core_thread:359]ME out fid 2910
[04:25:18.516] RX< [34m[AE] fid=2940,exp=9860
[04:25:19.518] RX< ,adg=144,Y=5216,mtg=200,shg=100,bgbv=2381,iso=144,cnv2,hdr0
[04:25:19.518] RX< [0m[7] [cam] [227065][me0][me_core_thread:359]ME out fid 2940
[04:25:19.518] RX< [34m[AE] fid=2970,exp=9860,adg=144,Y=5214,mtg=200,shg=100,bgbv=2381,iso=144,cnv2,hdr0
[04:25:19.518] RX< [0m[34m[b_ae0 proc] perf=382(us), max=1049(u
[04:25:20.515] RX< s)!
[04:25:20.515] RX< [0m[34m[awb0 proc] perf=1353(us), max=5330(us)!
[04:25:20.515] RX< [0m[7] [cam] [228065][me0][me_core_thread:359]ME out fid 2970
[04:25:20.515] RX< [32m[BE] fid=2970, perf=8405(us), max=8422(us)!
[04:25:20.515] RX< [0m[6] [App Dfs] f_index = 2970, f_len = 188036, cur_total_len = 6841632
[04:25:20.515] RX< [34m[AE] fid=3
[04:25:21.515] RX< 000,exp=9860,adg=144,Y=5214,mtg=200,shg=100,bgbv=2381,iso=144,cnv2,hdr0
[04:25:21.515] RX< [0m[7] [cam] [229065][me0][me_core_thread:359]ME out fid 3000
[04:25:21.515] RX< [34m[ME INTP]fid=3000, shutter=9860, perf=4(us), max=247(us)!
[04:25:21.515] RX< [0m[34m[AE] fid=3030,exp=9860,adg=144,Y=5213,mtg=200,shg
[04:25:22.517] RX< =100,bgbv=2381,iso=144,cnv2,hdr0
[04:25:22.517] RX< [0m[7] [cam] [230065][me0][me_core_thread:359]ME out fid 3030
[04:25:22.517] RX< [34m[AE] fid=3060,exp=9860,adg=144,Y=5211,mtg=200,shg=100,bgbv=2378,iso=144,cnv2,hdr0
[04:25:22.517] RX< [0m[34m[b_ae0 proc] perf=354(us), max=1574(us)!
[04:25:22.517] RX< [0m[34m[awb0 proc] p
[04:25:23.515] RX< erf=1331(us), max=1601(us)!
[04:25:23.515] RX< [0m[7] [cam] [231065][me0][me_core_thread:359]ME out fid 3060
[04:25:23.515] RX< [32m[BE] fid=3060, perf=8402(us), max=8407(us)!
[04:25:23.515] RX< [0m[6] [App Dfs] f_index = 3060, f_len = 187574, cur_total_len = 6815978
[04:25:23.515] RX< [34m[AE] fid=3090,exp=9860,adg=144,Y=5210
[04:25:24.533] RX< ,mtg=200,shg=100,bgbv=2378,iso=144,cnv2,hdr0
[04:25:24.533] RX< [0m[7] [cam] [232065][me0][me_core_thread:359]ME out fid 3090
[04:25:24.533] RX< [34m[AE] fid=3120,exp=9860,adg=144,Y=5212,mtg=200,shg=100,bgbv=2378,iso=144,cnv2,hdr0
[04:25:24.533] RX< [0m[6] [cam] [233063][dwp0][cpm_cb_dewarp_handle:1411]EIS: d
[04:25:25.517] RX< ewarp done frm=3120, buf_idx=0
[04:25:25.517] RX< [7] [cam] [233065][me0][me_core_thread:359]ME out fid 3120
[04:25:25.517] RX< [34m[ME INTP]fid=3120, shutter=9860, perf=3(us), max=542(us)!
[04:25:25.517] RX< [0m[34m[AE] fid=3150,exp=9860,adg=144,Y=5213,mtg=200,shg=100,bgbv=2381,iso=144,cnv2,hdr0
[04:25:25.517] RX< [0m[34m[b_
[04:25:25.908] RX< ae0 proc] perf=368(us), max=1082(us)!
[04:25:25.908] RX< [0m[34m[awb0 proc] perf=1405(us), max=1987(us)!
[04:25:25.908] RX< [0m[7] [cam] [234064][me0][me_core_thread:359]ME out fid 3150
[04:25:25.908] RX< [32m[BE] fid=3150, perf=8430(us), max=8434(us)!
[04:25:25.908] RX< [0m[6] [App Dfs] f_index = 3150, f_len = 188780, cur_t
[04:25:27.514] RX< otal_len = 6829186
[04:25:27.514] RX< [34m[AE] fid=3180,exp=9860,adg=144,Y=5209,mtg=200,shg=100,bgbv=2378,iso=144,cnv2,hdr0
[04:25:27.514] RX< [0m[7] [cam] [235064][me0][me_core_thread:359]ME out fid 3180
[04:25:27.514] RX< [34m[AE] fid=3210,exp=9860,adg=144,Y=5210,mtg=200,shg=100,bgbv=2378,iso=144,cnv2,hdr0
[04:25:28.532] RX< [0m[7] [cam] [236064][me0][me_core_thread:359]ME out fid 3210
[04:25:28.532] RX< [34m[AE] fid=3240,exp=9860,adg=144,Y=5211,mtg=200,shg=100,bgbv=2378,iso=144,cnv2,hdr0
[04:25:28.532] RX< [0m[34m[b_ae0 proc] perf=352(us), max=1850(us)!
[04:25:28.532] RX< [0m[34m[awb0 proc] perf=1389(us), max=1825(us)!
[04:25:28.532] RX< [0m[
[04:25:29.513] RX< 7] [cam] [237064][me0][me_core_thread:359]ME out fid 3240
[04:25:29.513] RX< [34m[ME INTP]fid=3240, shutter=9860, perf=4(us), max=270(us)!
[04:25:29.513] RX< [0m[32m[BE] fid=3240, perf=8441(us), max=8441(us)!
[04:25:29.513] RX< [0m[6] [App Dfs] f_index = 3240, f_len = 189143, cur_total_len = 6836502
[04:25:29.513] RX< [34m[AE
[04:25:30.530] RX< ] fid=3270,exp=9860,adg=144,Y=5207,mtg=200,shg=100,bgbv=2378,iso=144,cnv2,hdr0
[04:25:30.530] RX< [0m[7] [cam] [238064][me0][me_core_thread:359]ME out fid 3270
[04:25:30.530] RX< [34m[AE] fid=3300,exp=9860,adg=144,Y=5212,mtg=200,shg=100,bgbv=2378,iso=144,cnv2,hdr0
[04:25:30.530] RX< [0m[7] [cam] [239064][me0]
[04:25:31.532] RX< [me_core_thread:359]ME out fid 3300
[04:25:31.532] RX< [34m[AE] fid=3330,exp=9860,adg=144,Y=5214,mtg=200,shg=100,bgbv=2381,iso=144,cnv2,hdr0
[04:25:31.532] RX< [0m[34m[b_ae0 proc] perf=361(us), max=679(us)!
[04:25:31.532] RX< [0m[34m[awb0 proc] perf=1354(us), max=1643(us)!
[04:25:31.532] RX< [0m[7] [cam] [240064][me0][me_co
[04:25:32.531] RX< re_thread:359]ME out fid 3330
[04:25:32.531] RX< [32m[BE] fid=3330, perf=8437(us), max=8441(us)!
[04:25:32.531] RX< [0m[6] [App Dfs] f_index = 3330, f_len = 188590, cur_total_len = 6808803
[04:25:32.531] RX< [34m[AE] fid=3360,exp=9860,adg=144,Y=5211,mtg=200,shg=100,bgbv=2378,iso=144,cnv2,hdr0
[04:25:32.531] RX< [0m[6] [cam] [2
[04:25:33.513] RX< 41061][dwp0][cpm_cb_dewarp_handle:1411]EIS: dewarp done frm=3360, buf_idx=0
[04:25:33.513] RX< [7] [cam] [241063][me0][me_core_thread:359]ME out fid 3360
[04:25:33.513] RX< [34m[ME INTP]fid=3360, shutter=9860, perf=4(us), max=638(us)!
[04:25:33.513] RX< [0m[34m[AE] fid=3390,exp=9860,adg=144,Y=5215,mtg=200,shg
[04:25:34.515] RX< =100,bgbv=2381,iso=144,cnv2,hdr0
[04:25:34.515] RX< [0m[7] [cam] [242063][me0][me_core_thread:359]ME out fid 3390
[04:25:34.515] RX< [34m[AE] fid=3420,exp=9860,adg=144,Y=5216,mtg=200,shg=100,bgbv=2381,iso=144,cnv2,hdr0
[04:25:34.515] RX< [0m[34m[b_ae0 proc] perf=381(us), max=583(us)!
[04:25:34.515] RX< [0m[34m[awb0 proc] pe
[04:25:35.513] RX< rf=1436(us), max=1542(us)!
[04:25:35.513] RX< [0m[7] [cam] [243063][me0][me_core_thread:359]ME out fid 3420
[04:25:35.513] RX< [32m[BE] fid=3420, perf=8398(us), max=8437(us)!
[04:25:35.513] RX< [0m[6] [App Dfs] f_index = 3420, f_len = 187881, cur_total_len = 6836929
[04:25:35.513] RX< [34m[AE] fid=3450,exp=9860,adg=144,Y=5210,
[04:25:36.529] RX< mtg=200,shg=100,bgbv=2378,iso=144,cnv2,hdr0
[04:25:36.529] RX< [0m[7] [cam] [244063][me0][me_core_thread:359]ME out fid 3450
[04:25:36.529] RX< [34m[AE] fid=3480,exp=9860,adg=144,Y=5206,mtg=200,shg=100,bgbv=2378,iso=144,cnv2,hdr0
[04:25:36.529] RX< [0m[7] [cam] [245063][me0][me_core_thread:359]ME out fid 3480
[04:25:37.514] RX< 
[04:25:37.514] RX< [34m[ME INTP]fid=3480, shutter=9860, perf=4(us), max=98(us)!
[04:25:37.514] RX< [0m[34m[AE] fid=3510,exp=9860,adg=144,Y=5208,mtg=200,shg=100,bgbv=2378,iso=144,cnv2,hdr0
[04:25:37.514] RX< [0m[34m[b_ae0 proc] perf=351(us), max=530(us)!
[04:25:37.514] RX< [0m[34m[awb0 proc] perf=1385(us), max=1506(us)!
[04:25:37.514] RX< [
[04:25:38.512] RX< 0m[7] [cam] [246063][me0][me_core_thread:359]ME out fid 3510
[04:25:38.512] RX< [32m[BE] fid=3510, perf=8426(us), max=8432(us)!
[04:25:38.512] RX< [0m[6] [App Dfs] f_index = 3510, f_len = 189182, cur_total_len = 6835959
[04:25:38.512] RX< [34m[AE] fid=3540,exp=9860,adg=144,Y=5209,mtg=200,shg=100,bgbv=2378,iso
[04:25:40.516] RX< =144,cnv2,hdr0
[04:25:40.516] RX< [0m[7] [cam] [247063][me0][me_core_thread:359]ME out fid 3540
[04:25:40.516] RX< [34m[AE] fid=3570,exp=9860,adg=144,Y=5207,mtg=200,shg=100,bgbv=2378,iso=144,cnv2,hdr0
[04:25:40.516] RX< [0m[7] [cam] [248063][me0][me_core_thread:359]ME out fid 3570
[04:25:40.531] RX< [34m[AE] fid=3600,exp=9860,adg=144,Y=5204,mtg=200,shg=100,bgbv=2378,iso=144,cnv2,hdr0
[04:25:40.531] RX< [0m[34m[b_ae0 proc] perf=398(us), max=588(us)!
[04:25:40.531] RX< [0m[34m[awb0 proc] perf=1338(us), max=1555(us)!
[04:25:40.531] RX< [0m[6] [cam] [249054][dwp0][cpm_cb_dewarp_handle:1411]EIS: dewarp do
[04:25:40.891] RX< ne frm=3600, buf_idx=0
[04:25:40.891] RX< [7] [cam] [249062][me0][me_core_thread:359]ME out fid 3600
[04:25:40.891] RX< [34m[ME INTP]fid=3600, shutter=9860, perf=4(us), max=4(us)!
[04:25:40.891] RX< [0m[32m[BE] fid=3600, perf=8461(us), max=8461(us)!
[04:25:40.891] RX< [0m[6] [App Dfs] f_index = 3600, f_len = 188619, cur_total_
[04:25:42.528] RX< len = 6836169
[04:25:42.528] RX< [34m[AE] fid=3630,exp=9860,adg=144,Y=5202,mtg=200,shg=100,bgbv=2378,iso=144,cnv2,hdr0
[04:25:42.528] RX< [0m[7] [cam] [250062][me0][me_core_thread:359]ME out fid 3630
[04:25:42.528] RX< [34m[AE] fid=3660,exp=9860,adg=144,Y=5204,mtg=200,shg=100,bgbv=2378,iso=144,cnv2,hdr0
[04:25:42.528] RX< [0m[
[04:25:43.529] RX< 7] [cam] [251062][me0][me_core_thread:359]ME out fid 3660
[04:25:43.529] RX< [34m[AE] fid=3690,exp=9860,adg=144,Y=5202,mtg=200,shg=100,bgbv=2378,iso=144,cnv2,hdr0
[04:25:43.529] RX< [0m[34m[b_ae0 proc] perf=373(us), max=644(us)!
[04:25:43.529] RX< [0m[34m[awb0 proc] perf=1348(us), max=1557(us)!
[04:25:43.529] RX< [0m[7] [ca
[04:25:44.511] RX< m] [252062][me0][me_core_thread:359]ME out fid 3690
[04:25:44.511] RX< [32m[BE] fid=3690, perf=8403(us), max=8461(us)!
[04:25:44.511] RX< [0m[6] [App Dfs] f_index = 3690, f_len = 188310, cur_total_len = 6821786
[04:25:44.511] RX< [34m[AE] fid=3720,exp=9860,adg=144,Y=5199,mtg=200,shg=100,bgbv=2374,iso=144,cnv2
[04:25:45.528] RX< ,hdr0
[04:25:45.528] RX< [0m[7] [cam] [253062][me0][me_core_thread:359]ME out fid 3720
[04:25:45.528] RX< [34m[ME INTP]fid=3720, shutter=9860, perf=4(us), max=120(us)!
[04:25:45.528] RX< [0m[34m[AE] fid=3750,exp=9860,adg=144,Y=5199,mtg=200,shg=100,bgbv=2374,iso=144,cnv2,hdr0
[04:25:45.528] RX< [0m[7] [cam] [254062][me0][me_co
[04:25:46.513] RX< re_thread:359]ME out fid 3750
[04:25:46.513] RX< [34m[b_ae0 proc] perf=9016(us), max=9016(us)!
[04:25:46.513] RX< [0m[34m[AE] fid=3780,exp=9860,adg=144,Y=5202,mtg=200,shg=100,bgbv=2378,iso=144,cnv2,hdr0
[04:25:46.513] RX< [0m[34m[b_ae0 proc] perf=352(us), max=9016(us)!
[04:25:46.513] RX< [0m[34m[awb0 proc] perf=1387(us), m
[04:25:47.510] RX< ax=1889(us)!
[04:25:47.510] RX< [0m[7] [cam] [255063][me0][me_core_thread:359]ME out fid 3780
[04:25:47.510] RX< [32m[BE] fid=3780, perf=8443(us), max=8443(us)!
[04:25:47.510] RX< [0m[6] [App Dfs] f_index = 3780, f_len = 188869, cur_total_len = 6825526
[04:25:47.510] RX< [34m[AE] fid=3810,exp=9860,adg=144,Y=5200,mtg=200,shg=10
[04:25:48.532] RX< 0,bgbv=2378,iso=144,cnv2,hdr0
[04:25:48.532] RX< [0m[7] [cam] [256061][me0][me_core_thread:359]ME out fid 3810
[04:25:48.532] RX< [34m[AE] fid=3840,exp=9860,adg=144,Y=5202,mtg=200,shg=100,bgbv=2378,iso=144,cnv2,hdr0
[04:25:48.532] RX< [0m[6] [cam] [257064][dwp0][cpm_cb_dewarp_handle:1411]EIS: dewarp done frm=
[04:25:49.512] RX< 3840, buf_idx=0
[04:25:49.512] RX< [7] [cam] [257064][me0][me_core_thread:359]ME out fid 3840
[04:25:49.512] RX< [34m[ME INTP]fid=3840, shutter=9860, perf=4(us), max=630(us)!
[04:25:49.512] RX< [0m[34m[AE] fid=3870,exp=9860,adg=144,Y=5197,mtg=200,shg=100,bgbv=2374,iso=144,cnv2,hdr0
[04:25:49.512] RX< [0m[34m[b_ae0 proc] perf
[04:25:49.908] RX< =371(us), max=1555(us)!
[04:25:49.908] RX< [0m[34m[awb0 proc] perf=1357(us), max=1768(us)!
[04:25:49.908] RX< [0m[7] [cam] [258061][me0][me_core_thread:359]ME out fid 3870
[04:25:49.908] RX< [32m[BE] fid=3870, perf=8435(us), max=8443(us)!
[04:25:49.908] RX< [0m[6] [App Dfs] f_index = 3870, f_len = 187932, cur_total_len = 682
[04:25:51.510] RX< 4512
[04:25:51.510] RX< [34m[AE] fid=3900,exp=9860,adg=144,Y=5198,mtg=200,shg=100,bgbv=2374,iso=144,cnv2,hdr0
[04:25:51.510] RX< [0m[7] [cam] [259061][me0][me_core_thread:359]ME out fid 3900
[04:25:51.510] RX< [34m[b_ae0 proc] perf=10042(us), max=10042(us)!
[04:25:51.510] RX< [0m[34m[AE] fid=3930,exp=9860,adg=144,Y=5198,mtg=2
[04:25:52.511] RX< 00,shg=100,bgbv=2374,iso=144,cnv2,hdr0
[04:25:52.511] RX< [0m[7] [cam] [260061][me0][me_core_thread:359]ME out fid 3930
[04:25:52.511] RX< [34m[AE] fid=3960,exp=9860,adg=144,Y=5205,mtg=200,shg=100,bgbv=2378,iso=144,cnv2,hdr0
[04:25:52.511] RX< [0m[34m[b_ae0 proc] perf=352(us), max=10042(us)!
[04:25:52.511] RX< [0m[34m[awb0 
[04:25:52.886] RX< proc] perf=1338(us), max=1564(us)!
[04:25:52.886] RX< [0m[7] [cam] [261061][me0][me_core_thread:359]ME out fid 3960
[04:25:52.886] RX< [34m[ME INTP]fid=3960, shutter=9860, perf=3(us), max=1861(us)!
[04:25:52.886] RX< [0m[32m[BE] fid=3960, perf=8375(us), max=8436(us)!
[04:25:52.886] RX< [0m[6] [App Dfs] f_index = 3960, f_len =
[04:25:54.509] RX<  188466, cur_total_len = 6829675
[04:25:54.509] RX< [34m[AE] fid=3990,exp=9860,adg=144,Y=5205,mtg=200,shg=100,bgbv=2378,iso=144,cnv2,hdr0
[04:25:54.509] RX< [0m[7] [cam] [262061][me0][me_core_thread:359]ME out fid 3990
[04:25:54.509] RX< [34m[AE] fid=4020,exp=9860,adg=144,Y=5207,mtg=200,shg=100,bgbv=2378,iso=
[04:25:55.511] RX< 144,cnv2,hdr0
[04:25:55.511] RX< [0m[7] [cam] [263060][me0][me_core_thread:359]ME out fid 4020
[04:25:55.511] RX< [34m[AE] fid=4050,exp=9860,adg=144,Y=5207,mtg=200,shg=100,bgbv=2378,iso=144,cnv2,hdr0
[04:25:55.511] RX< [0m[34m[b_ae0 proc] perf=352(us), max=758(us)!
[04:25:55.511] RX< [0m[34m[awb0 proc] perf=1389(us), max=16
[04:25:56.527] RX< 06(us)!
[04:25:56.527] RX< [0m[7] [cam] [264060][me0][me_core_thread:359]ME out fid 4050
[04:25:56.527] RX< [32m[BE] fid=4050, perf=8448(us), max=8448(us)!
[04:25:56.527] RX< [0m[6] [App Dfs] f_index = 4050, f_len = 188929, cur_total_len = 6811745
[04:25:56.527] RX< [34m[AE] fid=4080,exp=9860,adg=144,Y=5209,mtg=200,shg=100,bgb
[04:25:57.508] RX< v=2378,iso=144,cnv2,hdr0
[04:25:57.508] RX< [0m[6] [cam] [265052][dwp0][cpm_cb_dewarp_handle:1411]EIS: dewarp done frm=4080, buf_idx=0
[04:25:57.508] RX< [7] [cam] [265060][me0][me_core_thread:359]ME out fid 4080
[04:25:57.508] RX< [34m[ME INTP]fid=4080, shutter=9860, perf=4(us), max=135(us)!
[04:25:57.508] RX< [0m[34m[AE] fid
[04:25:58.510] RX< =4110,exp=9860,adg=144,Y=5212,mtg=200,shg=100,bgbv=2378,iso=144,cnv2,hdr0
[04:25:58.510] RX< [0m[7] [cam] [266060][me0][me_core_thread:359]ME out fid 4110
[04:25:58.510] RX< [34m[AE] fid=4140,exp=9860,adg=144,Y=5211,mtg=200,shg=100,bgbv=2378,iso=144,cnv2,hdr0
[04:25:58.510] RX< [0m[34m[b_ae0 proc] perf=380(u
[04:25:59.509] RX< s), max=586(us)!
[04:25:59.509] RX< [0m[34m[awb0 proc] perf=1352(us), max=1582(us)!
[04:25:59.509] RX< [0m[7] [cam] [267060][me0][me_core_thread:359]ME out fid 4140
[04:25:59.509] RX< [32m[BE] fid=4140, perf=8400(us), max=8448(us)!
[04:25:59.509] RX< [0m[6] [App Dfs] f_index = 4140, f_len = 188811, cur_total_len = 6839282
[04:25:59.509] RX< [
[04:26:00.524] RX< 34m[AE] fid=4170,exp=9860,adg=144,Y=5209,mtg=200,shg=100,bgbv=2378,iso=144,cnv2,hdr0
[04:26:00.524] RX< [0m[7] [cam] [268060][me0][me_core_thread:359]ME out fid 4170
[04:26:00.524] RX< [34m[AE] fid=4200,exp=9860,adg=144,Y=5211,mtg=200,shg=100,bgbv=2378,iso=144,cnv2,hdr0
[04:26:00.524] RX< [0m[7] [cam] [269060
[04:26:01.510] RX< ][me0][me_core_thread:359]ME out fid 4200
[04:26:01.510] RX< [34m[ME INTP]fid=4200, shutter=9860, perf=4(us), max=95(us)!
[04:26:01.510] RX< [0m[34m[AE] fid=4230,exp=9860,adg=144,Y=5220,mtg=200,shg=100,bgbv=2381,iso=144,cnv2,hdr0
[04:26:01.510] RX< [0m[34m[b_ae0 proc] perf=354(us), max=414(us)!
[04:26:01.510] RX< [0m[34m[a
[04:26:02.507] RX< wb0 proc] perf=1335(us), max=1528(us)!
[04:26:02.507] RX< [0m[7] [cam] [270060][me0][me_core_thread:359]ME out fid 4230
[04:26:02.507] RX< [32m[BE] fid=4230, perf=8404(us), max=8415(us)!
[04:26:02.507] RX< [0m[6] [App Dfs] f_index = 4230, f_len = 188490, cur_total_len = 6842703
[04:26:02.507] RX< [34m[AE] fid=4260,exp=9860,adg
[04:26:03.524] RX< =144,Y=5209,mtg=200,shg=100,bgbv=2378,iso=144,cnv2,hdr0
[04:26:03.524] RX< [0m[7] [cam] [271059][me0][me_core_thread:359]ME out fid 4260
[04:26:03.524] RX< [34m[AE] fid=4290,exp=9860,adg=144,Y=5219,mtg=200,shg=100,bgbv=2381,iso=144,cnv2,hdr0
[04:26:03.524] RX< [0m[7] [cam] [272059][me0][me_core_thread:359]ME 
[04:26:04.525] RX< out fid 4290
[04:26:04.525] RX< [34m[AE] fid=4320,exp=9860,adg=144,Y=5221,mtg=200,shg=100,bgbv=2381,iso=144,cnv2,hdr0
[04:26:04.525] RX< [0m[34m[b_ae0 proc] perf=353(us), max=797(us)!
[04:26:04.525] RX< [0m[34m[awb0 proc] perf=1338(us), max=1580(us)!
[04:26:04.525] RX< [0m[6] [cam] [273057][dwp0][cpm_cb_dewarp_handle:1411]E
[04:26:04.904] RX< IS: dewarp done frm=4320, buf_idx=0
[04:26:04.904] RX< [7] [cam] [273059][me0][me_core_thread:359]ME out fid 4320
[04:26:04.904] RX< [34m[ME INTP]fid=4320, shutter=9860, perf=57(us), max=2530(us)!
[04:26:04.904] RX< [0m[32m[BE] fid=4320, perf=8418(us), max=8418(us)!
[04:26:04.904] RX< [0m[6] [App Dfs] f_index = 4320, f_len = 1
[04:26:06.507] RX< 89202, cur_total_len = 6816740
[04:26:06.507] RX< [34m[AE] fid=4350,exp=9860,adg=144,Y=5218,mtg=200,shg=100,bgbv=2381,iso=144,cnv2,hdr0
[04:26:06.507] RX< [0m[7] [cam] [274059][me0][me_core_thread:359]ME out fid 4350
[04:26:06.507] RX< [34m[awb0 proc] perf=6368(us), max=6368(us)!
[04:26:06.507] RX< [0m[34m[AE] fid=4380,exp=98
[04:26:07.509] RX< 60,adg=144,Y=5215,mtg=200,shg=100,bgbv=2381,iso=144,cnv2,hdr0
[04:26:07.509] RX< [0m[7] [cam] [275059][me0][me_core_thread:359]ME out fid 4380
[04:26:07.509] RX< [34m[awb0 proc] perf=6343(us), max=6368(us)!
[04:26:07.509] RX< [0m[34m[AE] fid=4410,exp=9860,adg=144,Y=5223,mtg=200,shg=100,bgbv=2381,iso=144,cnv2
[04:26:07.905] RX< ,hdr0
[04:26:07.905] RX< [0m[34m[b_ae0 proc] perf=361(us), max=566(us)!
[04:26:07.905] RX< [0m[34m[awb0 proc] perf=1498(us), max=6343(us)!
[04:26:07.905] RX< [0m[7] [cam] [276059][me0][me_core_thread:359]ME out fid 4410
[04:26:07.905] RX< [32m[BE] fid=4410, perf=8390(us), max=8418(us)!
[04:26:07.905] RX< [0m[6] [App Dfs] f_index = 4410, f_le
[04:26:08.911] RX< n = 187565, cur_total_len = 6820348
[04:26:08.911] RX< [34m[AE] fid=4440,exp=9860,adg=144,Y=5221,mtg=200,shg=100,bgbv=2381,iso=144,cnv2,hdr0
[04:26:08.911] RX< [0m[7] [cam] [277059][me0][me_core_thread:359]ME out fid 4440
[04:26:08.911] RX< [34m[ME INTP]fid=4440, shutter=9860, perf=3(us), max=3245(us)!
[04:26:08.911] RX< [0m[
[04:26:10.508] RX< 34m[b_ae0 proc] perf=7148(us), max=7148(us)!
[04:26:10.508] RX< [0m[34m[AE] fid=4470,exp=9860,adg=144,Y=5216,mtg=200,shg=100,bgbv=2381,iso=144,cnv2,hdr0
[04:26:10.508] RX< [0m[7] [cam] [278058][me0][me_core_thread:359]ME out fid 4470
[04:26:10.508] RX< [34m[AE] fid=4500,exp=9860,adg=144,Y=5220,mtg=200,shg=10
[04:26:10.912] RX< 0,bgbv=2381,iso=144,cnv2,hdr0
[04:26:10.912] RX< [0m[34m[b_ae0 proc] perf=352(us), max=7148(us)!
[04:26:10.912] RX< [0m[34m[awb0 proc] perf=1342(us), max=2481(us)!
[04:26:10.912] RX< [0m[7] [cam] [279058][me0][me_core_thread:359]ME out fid 4500
[04:26:10.912] RX< [32m[BE] fid=4500, perf=8426(us), max=8426(us)!
[04:26:10.912] RX< [0m[6] [App 
[04:26:12.506] RX< Dfs] f_index = 4500, f_len = 188870, cur_total_len = 6831291
[04:26:12.506] RX< [34m[AE] fid=4530,exp=9860,adg=144,Y=5223,mtg=200,shg=100,bgbv=2381,iso=144,cnv2,hdr0
[04:26:12.506] RX< [0m[7] [cam] [280058][me0][me_core_thread:359]ME out fid 4530
[04:26:12.506] RX< [34m[AE] fid=4560,exp=9860,adg=144,Y=5214,mt
[04:26:12.607] RX< g=200,shg=100,bgbv=2381,iso=144,cnv2,hdr0
[04:26:12.607] RX< [0m[6] [cam] [281057][dwp0][cpm_cb_dewarp_handle:1411]EIS: dewarp done frm=4560, buf_idx=0
[04:26:12.607] RX< [7] [cam] [281058][me0][me_core_thread:359]ME out fid 4560
[04:26:12.607] RX< [34m[ME INTP]fid=4560, shutter=9860, perf=285(us), max=1427(us
[04:26:13.523] RX< )!
[04:26:13.523] RX< [0m[34m[AE] fid=4590,exp=9860,adg=144,Y=5215,mtg=200,shg=100,bgbv=2381,iso=144,cnv2,hdr0
[04:26:13.523] RX< [0m[34m[b_ae0 proc] perf=374(us), max=582(us)!
[04:26:13.523] RX< [0m[34m[awb0 proc] perf=1424(us), max=1816(us)!
[04:26:13.523] RX< [0m[7] [cam] [282058][me0][me_core_thread:359]ME out fid 4590
[04:26:14.521] RX< 
[04:26:14.521] RX< [32m[BE] fid=4590, perf=8367(us), max=8426(us)!
[04:26:14.521] RX< [0m[6] [App Dfs] f_index = 4590, f_len = 188482, cur_total_len = 6827305
[04:26:14.521] RX< [34m[AE] fid=4620,exp=9860,adg=144,Y=5220,mtg=200,shg=100,bgbv=2381,iso=144,cnv2,hdr0
[04:26:14.521] RX< [0m[7] [cam] [283058][me0][me_core_thread:35
[04:26:16.507] RX< 9]ME out fid 4620
[04:26:16.507] RX< [34m[AE] fid=4650,exp=9860,adg=144,Y=5222,mtg=200,shg=100,bgbv=2381,iso=144,cnv2,hdr0
[04:26:16.507] RX< [0m[7] [cam] [284058][me0][me_core_thread:359]ME out fid 4650
[04:26:16.507] RX< [34m[AE] fid=4680,exp=9860,adg=144,Y=5221,mtg=200,shg=100,bgbv=2381,iso=144,cnv2,hdr0
[04:26:16.507] RX< 
[04:26:16.861] RX< [0m[34m[b_ae0 proc] perf=353(us), max=534(us)!
[04:26:16.861] RX< [0m[34m[awb0 proc] perf=1385(us), max=1553(us)!
[04:26:16.861] RX< [0m[7] [cam] [285057][me0][me_core_thread:359]ME out fid 4680
[04:26:16.861] RX< [34m[ME INTP]fid=4680, shutter=9860, perf=3(us), max=2300(us)!
[04:26:16.861] RX< [0m[32m[BE] fid=4680, perf=8
[04:26:18.504] RX< 414(us), max=8446(us)!
[04:26:18.504] RX< [0m[6] [App Dfs] f_index = 4680, f_len = 188858, cur_total_len = 6833227
[04:26:18.504] RX< [34m[AE] fid=4710,exp=9860,adg=144,Y=5217,mtg=200,shg=100,bgbv=2381,iso=144,cnv2,hdr0
[04:26:18.504] RX< [0m[7] [cam] [286057][me0][me_core_thread:359]ME out fid 4710
[04:26:18.504] RX< [34m[AE]
[04:26:19.507] RX<  fid=4740,exp=9860,adg=144,Y=5219,mtg=200,shg=100,bgbv=2381,iso=144,cnv2,hdr0
[04:26:19.507] RX< [0m[7] [cam] [287057][me0][me_core_thread:359]ME out fid 4740
[04:26:19.507] RX< [34m[AE] fid=4770,exp=9860,adg=144,Y=5221,mtg=200,shg=100,bgbv=2381,iso=144,cnv2,hdr0
[04:26:19.507] RX< [0m[34m[b_ae0 proc] perf=4
[04:26:19.907] RX< 10(us), max=569(us)!
[04:26:19.907] RX< [0m[34m[awb0 proc] perf=1425(us), max=1747(us)!
[04:26:19.907] RX< [0m[7] [cam] [288057][me0][me_core_thread:359]ME out fid 4770
[04:26:19.907] RX< [32m[BE] fid=4770, perf=8460(us), max=8460(us)!
[04:26:19.907] RX< [0m[6] [App Dfs] f_index = 4770, f_len = 188716, cur_total_len = 682736
[04:26:20.604] RX< 3
[04:26:20.604] RX< [34m[AE] fid=4800,exp=9860,adg=144,Y=5220,mtg=200,shg=100,bgbv=2381,iso=144,cnv2,hdr0
[04:26:20.604] RX< [0m[6] [cam] [289054][dwp0][cpm_cb_dewarp_handle:1411]EIS: dewarp done frm=4800, buf_idx=0
[04:26:20.604] RX< [7] [cam] [289057][me0][me_core_thread:359]ME out fid 4800
[04:26:20.604] RX< [34m[ME INTP]fi
[04:26:22.507] RX< d=4800, shutter=9860, perf=3(us), max=2746(us)!
[04:26:22.507] RX< [0m[34m[AE] fid=4830,exp=9860,adg=144,Y=5221,mtg=200,shg=100,bgbv=2381,iso=144,cnv2,hdr0
[04:26:22.507] RX< [0m[7] [cam] [290057][me0][me_core_thread:359]ME out fid 4830
[04:26:22.507] RX< [34m[AE] fid=4860,exp=9860,adg=144,Y=5224,mtg=200,shg
[04:26:22.908] RX< =100,bgbv=2381,iso=144,cnv2,hdr0
[04:26:22.908] RX< [0m[34m[b_ae0 proc] perf=381(us), max=567(us)!
[04:26:22.908] RX< [0m[34m[awb0 proc] perf=1443(us), max=1555(us)!
[04:26:22.908] RX< [0m[7] [cam] [291057][me0][me_core_thread:359]ME out fid 4860
[04:26:22.908] RX< [32m[BE] fid=4860, perf=8443(us), max=8460(us)!
[04:26:22.908] RX< [0m[6] [Ap
[04:26:24.522] RX< p Dfs] f_index = 4860, f_len = 189348, cur_total_len = 6829054
[04:26:24.522] RX< [34m[AE] fid=4890,exp=9860,adg=144,Y=5214,mtg=200,shg=100,bgbv=2381,iso=144,cnv2,hdr0
[04:26:24.522] RX< [0m[7] [cam] [292057][me0][me_core_thread:359]ME out fid 4890
[04:26:24.522] RX< [34m[AE] fid=4920,exp=9860,adg=144,Y=5227,
[04:26:25.523] RX< mtg=200,shg=100,bgbv=2385,iso=144,cnv2,hdr0
[04:26:25.523] RX< [0m[7] [cam] [293056][me0][me_core_thread:359]ME out fid 4920
[04:26:25.523] RX< [34m[ME INTP]fid=4920, shutter=9860, perf=4(us), max=2467(us)!
[04:26:25.523] RX< [0m[34m[AE] fid=4950,exp=9860,adg=144,Y=5218,mtg=200,shg=100,bgbv=2381,iso=144,cnv2
[04:26:25.911] RX< ,hdr0
[04:26:25.911] RX< [0m[34m[b_ae0 proc] perf=537(us), max=556(us)!
[04:26:25.911] RX< [0m[34m[awb0 proc] perf=1356(us), max=1723(us)!
[04:26:25.911] RX< [0m[7] [cam] [294057][me0][me_core_thread:359]ME out fid 4950
[04:26:25.911] RX< [32m[BE] fid=4950, perf=8393(us), max=8443(us)!
[04:26:25.911] RX< [0m[6] [App Dfs] f_index = 4950, f_le
[04:26:27.503] RX< n = 188033, cur_total_len = 6833637
[04:26:27.503] RX< [34m[AE] fid=4980,exp=9860,adg=144,Y=5218,mtg=200,shg=100,bgbv=2381,iso=144,cnv2,hdr0
[04:26:27.503] RX< [0m[7] [cam] [295056][me0][me_core_thread:359]ME out fid 4980
[04:26:27.503] RX< [34m[AE] fid=5010,exp=9860,adg=144,Y=5223,mtg=200,shg=100,bgbv=2381,i
[04:26:28.521] RX< so=144,cnv2,hdr0
[04:26:28.521] RX< [0m[7] [cam] [296056][me0][me_core_thread:359]ME out fid 5010
[04:26:28.521] RX< [34m[AE] fid=5040,exp=9860,adg=144,Y=5222,mtg=200,shg=100,bgbv=2381,iso=144,cnv2,hdr0
[04:26:28.521] RX< [0m[34m[b_ae0 proc] perf=366(us), max=2095(us)!
[04:26:28.521] RX< [0m[34m[awb0 proc] perf=1335(us), ma
[04:26:28.859] RX< x=1738(us)!
[04:26:28.859] RX< [0m[6] [cam] [297048][dwp0][cpm_cb_dewarp_handle:1411]EIS: dewarp done frm=5040, buf_idx=0
[04:26:28.859] RX< [7] [cam] [297056][me0][me_core_thread:359]ME out fid 5040
[04:26:28.859] RX< [34m[ME INTP]fid=5040, shutter=9860, perf=4(us), max=2736(us)!
[04:26:28.859] RX< [0m[32m[BE] fid=5040, perf=
[04:26:30.503] RX< 8407(us), max=8438(us)!
[04:26:30.503] RX< [0m[6] [App Dfs] f_index = 5040, f_len = 189114, cur_total_len = 6827679
[04:26:30.503] RX< [34m[AE] fid=5070,exp=9860,adg=144,Y=5222,mtg=200,shg=100,bgbv=2381,iso=144,cnv2,hdr0
[04:26:30.503] RX< [0m[7] [cam] [298056][me0][me_core_thread:359]ME out fid 5070
[04:26:30.503] RX< [34m[AE
[04:26:31.504] RX< ] fid=5100,exp=9860,adg=144,Y=5222,mtg=200,shg=100,bgbv=2381,iso=144,cnv2,hdr0
[04:26:31.504] RX< [0m[7] [cam] [299056][me0][me_core_thread:359]ME out fid 5100
[04:26:31.504] RX< [34m[AE] fid=5130,exp=9860,adg=144,Y=5220,mtg=200,shg=100,bgbv=2381,iso=144,cnv2,hdr0
[04:26:31.504] RX< [0m[34m[b_ae0 proc] perf=
[04:26:31.881] RX< 355(us), max=622(us)!
[04:26:31.881] RX< [0m[34m[awb0 proc] perf=1339(us), max=1694(us)!
[04:26:31.881] RX< [0m[7] [cam] [300055][me0][me_core_thread:359]ME out fid 5130
[04:26:31.881] RX< [32m[BE] fid=5130, perf=8413(us), max=8413(us)!
[04:26:31.881] RX< [0m[6] [App Dfs] f_index = 5130, f_len = 189628, cur_total_len = 68259
[04:26:33.502] RX< 83
[04:26:33.502] RX< [34m[AE] fid=5160,exp=9860,adg=144,Y=5220,mtg=200,shg=100,bgbv=2381,iso=144,cnv2,hdr0
[04:26:33.502] RX< [0m[7] [cam] [301055][me0][me_core_thread:359]ME out fid 5160
[04:26:33.502] RX< [34m[ME INTP]fid=5160, shutter=9860, perf=4(us), max=3513(us)!
[04:26:33.502] RX< [0m[34m[AE] fid=5190,exp=9860,adg=144
[04:26:34.504] RX< ,Y=5221,mtg=200,shg=100,bgbv=2381,iso=144,cnv2,hdr0
[04:26:34.504] RX< [0m[7] [cam] [302055][me0][me_core_thread:359]ME out fid 5190
[04:26:34.504] RX< [34m[AE] fid=5220,exp=9860,adg=144,Y=5222,mtg=200,shg=100,bgbv=2381,iso=144,cnv2,hdr0
[04:26:34.504] RX< [0m[34m[b_ae0 proc] perf=356(us), max=660(us)!
[04:26:34.504] RX< [0m
[04:26:35.502] RX< [34m[awb0 proc] perf=1350(us), max=2527(us)!
[04:26:35.502] RX< [0m[7] [cam] [303055][me0][me_core_thread:359]ME out fid 5220
[04:26:35.502] RX< [32m[BE] fid=5220, perf=8399(us), max=8447(us)!
[04:26:35.502] RX< [0m[6] [App Dfs] f_index = 5220, f_len = 188355, cur_total_len = 6821919
[04:26:35.502] RX< [34m[AE] fid=5250,exp=9
[04:26:36.519] RX< 860,adg=144,Y=5223,mtg=200,shg=100,bgbv=2381,iso=144,cnv2,hdr0
[04:26:36.519] RX< [0m[7] [cam] [304055][me0][me_core_thread:359]ME out fid 5250
[04:26:36.519] RX< [34m[AE] fid=5280,exp=9860,adg=144,Y=5223,mtg=200,shg=100,bgbv=2381,iso=144,cnv2,hdr0
[04:26:36.519] RX< [0m[6] [cam] [305046][dwp0][cpm_cb_dewarp_
[04:26:37.503] RX< handle:1411]EIS: dewarp done frm=5280, buf_idx=0
[04:26:37.503] RX< [7] [cam] [305055][me0][me_core_thread:359]ME out fid 5280
[04:26:37.503] RX< [34m[ME INTP]fid=5280, shutter=9860, perf=3(us), max=4(us)!
[04:26:37.503] RX< [0m[34m[AE] fid=5310,exp=9860,adg=144,Y=5224,mtg=200,shg=100,bgbv=2381,iso=144,cnv2,h
[04:26:37.879] RX< dr0
[04:26:37.879] RX< [0m[34m[b_ae0 proc] perf=379(us), max=530(us)!
[04:26:37.879] RX< [0m[34m[awb0 proc] perf=1335(us), max=1489(us)!
[04:26:37.879] RX< [0m[7] [cam] [306055][me0][me_core_thread:359]ME out fid 5310
[04:26:37.879] RX< [32m[BE] fid=5310, perf=8397(us), max=8438(us)!
[04:26:37.879] RX< [0m[6] [App Dfs] f_index = 5310, f_len 
[04:26:39.501] RX< = 189142, cur_total_len = 6829925
[04:26:39.501] RX< [34m[AE] fid=5340,exp=9860,adg=144,Y=5225,mtg=200,shg=100,bgbv=2385,iso=144,cnv2,hdr0
[04:26:39.501] RX< [0m[7] [cam] [307055][me0][me_core_thread:359]ME out fid 5340
[04:26:39.501] RX< [34m[AE] fid=5370,exp=9860,adg=144,Y=5224,mtg=200,shg=100,bgbv=2381,iso
[04:26:40.473] TX> dfs_video_stop
[04:26:40.502] RX< =144,cnv2,hdr0
[04:26:40.502] RX< [0m[7] [cam] [308054][me0][me_core_thread:359]ME out fid 5370
[04:26:40.502] RX< dfs_video_stop
[04:26:40.502] RX< msh /emmc>[34m[AE] fid=5400,exp=9860,adg=144,Y=5223,mtg=200,shg=100,bgbv=2381,iso=144,cnv2,hdr0
[04:26:40.502] RX< [0m[34m[b_ae0 proc] perf=358(us), max=571(us)!
[04:26:40.502] RX< [0m[34m[awb0 p
[04:26:40.503] RX< roc] perf=1337(us), max=1691(us)!
[04:26:40.503] RX< [0m[6] [App Dfs]  Gravity_XR Record Stop Success: total frames = 5390
[04:26:40.503] RX< [6] [cam] [309052][DfsSend][sensor_stream_off:1188]sensor [1]: stream_off
[04:26:40.503] RX< [6] [cam] [309052][DfsSend][sensor_stream_off:1217]sensor [1]: REG: 0x100, W:
[04:26:40.550] RX< 0x0.
[04:26:40.550] RX< [6] [cam] [309053][DfsSend][sensor_stream_off:1219]sensor [1]: REG: 0x100, R:0x0.
[04:26:40.550] RX< [7] [cam] [309054][me0][me_core_thread:359]ME out fid 5400
[04:26:40.550] RX< [6] [cam] [309098][DfsSend][csc_prv_stop:983]ok! phys_id[1], phys_num[1], stop_type = 0
[04:26:40.550] RX< [6] [cam] [309098][Df
[04:26:40.551] RX< sSend][cam_stop:1058]preview stop ok! logic_id[0]
[04:26:40.551] RX< [34m[cam stop] perf=46614(us)!
[04:26:40.551] RX< [0m[6] [App Cam] cam stop success
[04:26:40.551] RX< Total of 5392 frames encoded, 409188468 bytes, max_workbuffer_used: 3493888 bytes
[04:26:40.551] RX< [6] [App Cam] hevc_encoder_deinit success
[04:26:40.551] RX< [7] [cam] [30
[04:26:40.553] RX< 9101][DfsSend][cam_cpm_core_power_off:467]id,0 type,1 ret 0
[04:26:40.553] RX< [6] [cam] [309101][sif0][sif_irq_proc:174]thread release cid,0
[04:26:40.553] RX< [6] [cam] [309101][DfsSend][cam_sif_mgr_deinit:316]X
[04:26:40.553] RX< [6] [cam] [309102][DfsSend][cam_deinit:887]deinit ok! logic_id[0]
[04:26:40.553] RX< [34m[cam de
[04:26:40.553] RX< init] perf=1296(us)!
[04:26:40.553] RX< [0m[6] [App Cam] cam deinit success
[04:26:40.553] RX< [6] [cam] [309102][DfsSend][sensor_close:1292]sensor [1]: close!
[04:26:40.553] RX< [6] [cam] [309103][DfsSend][cam_dewarp_deinit:438]dewarp deinit, id=0
[04:26:40.553] RX< [6] [cam] [309103][dwp0][dewarp_thread_entry:174]dewarp threa
[04:26:40.556] RX< d exit signal, id=0
[04:26:40.556] RX< [6] [cam] [309104][dwp0][dewarp_thread_entry:276]dewarp thread exit, id=0
[04:26:40.556] RX< [6] [cam] [309104][DfsSend][cam_bm_core_deinit:136]X
[04:26:40.556] RX< [6] [cam] [309105][be0][be_core_irq_proc:329]thread release cid,0
[04:26:40.556] RX< [6] [cam] [309105][DfsSend][cam_be_core_d
[04:26:40.556] RX< einit:793]X
[04:26:40.556] RX< [6] [cam] [309105][me0][me_core_thread:404]thread release cid,0
[04:26:40.556] RX< [6] [cam] [309106][DfsSend][cam_me_core_deinit:1551]X
[04:26:40.556] RX< [6] [cam] [309106][fe0][fe_core_irq_proc:121]thread release cid,0
[04:26:40.556] RX< [6] [cam] [309106][DfsSend][cam_fe_core_deinit:536]X
[04:26:40.556] RX< [6] 
[04:26:40.559] RX< [cam] [309107][b_3a_sts][bayer_stats_core_irq_proc:193]thread release cid,0
[04:26:40.559] RX< [6] [cam] [309107][DfsSend][cam_bayer_stats_core_deinit:512]X
[04:26:40.559] RX< [6] [cam] [309107][b_ae0][a5_core_wrapper_task:315]thread release cid,0,algo,0
[04:26:40.559] RX< [6] [cam] [309108][DfsSend][bayer_ae_w
[04:26:40.559] RX< rapper_deinit:204]X
[04:26:40.559] RX< [6] [cam] [309108][atf0][a5_core_wrapper_task:315]thread release cid,0,algo,1
[04:26:40.559] RX< [6] [cam] [309108][DfsSend][atf_wrapper_deinit:153]X
[04:26:40.559] RX< [6] [cam] [309109][awb0][a5_core_wrapper_task:315]thread release cid,0,algo,2
[04:26:40.559] RX< [6] [cam] [309109][DfsSen
[04:26:40.562] RX< d][awb_wrapper_deinit:153]X
[04:26:40.562] RX< [6] [cam] [309110][DfsSend][cam_5a_core_deinit:555]X
[04:26:40.562] RX< [6] [cam] [309110][DfsSend][cam_5a_inf_deinit:149]X
[04:26:40.562] RX< [6] [cam] [309110][qpc0][qpc_core_msg_proc:705]thread release cid,0
[04:26:40.562] RX< [6] [cam] [309111][DfsSend][qpc_core_deinit:1413]X
[04:26:40.562] RX< [
[04:26:40.562] RX< 6] [cam] [309111][DfsSend][cam_cpm_core_deinit:1248]X
[04:26:40.562] RX< [6] [cam] [309111][DfsSend][csc_close:656]ok! phys_id[1], phys_num[1]
[04:26:40.562] RX< [7] [cam] [309112][cer0][cer_recovery_proc:352]msg type = 254
[04:26:40.562] RX< [6] [cam] [309112][cer0][cer_recovery_proc:454]thread release cid,0
[04:26:40.578] RX< [6] [cam] [309112][DfsSend][cer_deinit:560]X
[04:26:40.578] RX< [6] [cam] [309113][DfsSend][cam_close:789]close ok! logic_id[0]
[04:26:40.578] RX< [34m[cam close] perf=10541(us)!
[04:26:40.578] RX< [0m[6] [App Cam] cam close success
[04:26:40.578] RX< [6] [cam] [309113][cpl0][cam_prelude_proc_routine:136]thread release
[04:26:40.578] RX< [6] [ca
[04:26:40.596] RX< m] [309114][DfsSend][cam_exit:571]exit ok!
[04:26:40.596] RX< [34m[cam exit] perf=663(us)!
[04:26:40.596] RX< [0m[6] [App Cam] cam exit success
[04:26:40.596] RX< [6] [App Dfs] Save Video Successful: /emmc/VIDEO/20260101_000208_8218/Video_8218_0.h265
[04:26:40.596] RX< [6] [App Dfs] Save Imu Successful: /emmc/VIDEO/20260101_00
[04:26:42.599] RX< 0208_8218/Imu_8218.bin
[04:26:42.599] RX< [6] [App Dfs] Video recording completed successfully.
[04:29:48.269] TX> rtmp_video_start rtmp://192.168.1.89/live/cam
[04:29:48.462] RX< rtmp_video_start rtmp://192.168.1.89/live/cam
[04:29:48.462] RX< [7] [cam] [497015][tshell][cgm_parse_bin:104]total logical camera num: 1
[04:29:48.462] RX< [6] [cam] [497015][tshell][cam_prelude_create:187]E id, 0
[04:29:48.462] RX< [7] [cam] [497016][cpl0][cam_prelude_proc_routine:101]thread start
[04:29:48.462] RX< [6] [cam] [
[04:29:48.462] RX< 497016][tshell][cam_prelude_create:214]X ctx size 132 addr 0x884cd7e0
[04:29:48.462] RX< [6] [cam] [497021][tshell][sensor_probe:418]sensor [1]: identifing 0 success.
[04:29:48.462] RX< [6] [cam] [497021][tshell][sensor_probe:441]sensor [1]: probe exit!
[04:29:48.462] RX< [6] [cam] [497021][tshell][cam_prelude_
[04:29:48.465] RX< fast_probe:251]cam: 0 probe result: 0
[04:29:48.465] RX< [6] [cam] [497022][tshell][cgm_parse_bin:218]cam(0) probe success
[04:29:48.465] RX< [6] [cam] [497022][tshell][cam_entry:455]entry ok
[04:29:48.465] RX< [34m[cam entry] perf=7514(us)!
[04:29:48.465] RX< [0m[6] [App Cam] cam entry success
[04:29:48.465] RX< [7] [cam] [497023][tshell][cam_
[04:29:48.465] RX< solve_layout:350][mLayout] param OK, scen3 iw4032 ih2268 ow2304 oh1296 gdc 0x2
[04:29:48.465] RX< [36m[mLayout] scen03 in=4032x2268,out=1296x2304 meRot1 stripe0 gdcOn0
[04:29:48.465] RX< [0m[36m[mLayout] scen03 14entries solved status=OK retry=0 rtmp=enabled (cursor0=0x8a018210 cursor1=0x8
[04:29:48.467] RX< 9300000, ch0/1/2 cnt=5/1/1)
[04:29:48.467] RX< [0m[7] [cam] [497024][tshell][cam_solve_layout:377]
[04:29:48.467] RX< [mLayout] out vol 0x8c000000 rBuf 0x89300000 sz 0xd00000 wBuf 0x8a9e5400 sz 0x900000
[04:29:48.467] RX<           rtmp tBuf 0x8a098210 sz 0x80000 aBuf 0x8a018210 sz 0x80000
[04:29:48.467] RX< [7] [cam] [497026][
[04:29:48.470] RX< tshell][cam_solve_layout:397]Solve Scen3 layout Done!
[04:29:48.470] RX< [6] [cam] [497026][tshell][cgm_parse_media_para:274]phy cam num: 1
[04:29:48.470] RX< [7] [cam] [497027][cer0][cer_recovery_proc:343]thread start cid, 0
[04:29:48.470] RX< [6] [cam] [497027][tshell][csc_open:499]SENSOR MCLK cal: 24MHz
[04:29:48.470] RX< [6]
[04:29:48.470] RX<  [cam] [497027][tshell][csc_isp_clk_cal:344]MIPI CLK cal: 277MHz
[04:29:48.470] RX< [6] [cam] [497028][tshell][csc_isp_clk_cal:374]LITE CLK cal: 25MHz
[04:29:48.470] RX< [7] [cam] [497028][tshell][cpc_csi_rx_power_on:633]E id: 2
[04:29:48.470] RX< [4] [cam] [497028][tshell][cpc_csi_rx_power_on:644]csi_2 has al
[04:29:48.475] RX< ready power on, STATUS: 1
[04:29:48.475] RX< [6] [cam] [497029][tshell][cpc_update_clock:603]actual SNS mclk: 24MHz
[04:29:48.475] RX< [6] [cam] [497029][tshell][cpc_update_clock:608]actual MIPI0: 300MHz
[04:29:48.475] RX< [6] [cam] [497029][tshell][cpc_update_clock:598]actual LITE clk: 25MHz
[04:29:48.475] RX< [7] [cam] [497030
[04:29:48.475] RX< ][tshell][cam_prelude_open:297][34msnsOpen camID1 csiID0 phyIdx0[0m
[04:29:48.475] RX< [6] [cam] [497033][tshell][sensor_expo_gain_match:48]sensor get sensor expo gain of imx681_vst
[04:29:48.475] RX< [6] [cam] [497033][tshell][sensor_open:684]sensor [1] open OK.
[04:29:48.475] RX< [6] [cam] [497034][tshell][
[04:29:48.480] RX< cam_cpm_parse_media:295]video scenario:3, media para[fps:0, mirror_en:0, flip_en:0]
[04:29:48.480] RX< [6] [cam] [497034][tshell][cam_cpm_parse_media:298]video scenario, media para[iso:0, gain:0, wb_mode:0]
[04:29:48.480] RX< [6] [cam] [497035][tshell][csc_isp_clk_cal:355]FE CLK cal: 373MHz, 
[04:29:48.480] RX< ME CLK cal: 371MHz, FE/ME CLK cal: 410MHz
[04:29:48.480] RX< [6] [cam] [497035][tshell][csc_isp_clk_cal:364]BE CLK cal: 301MHz
[04:29:48.480] RX< [4] [cam] [497036][tshell][cam_fe_core_power_on:269]fe pipe has already power on, STATUS: 1
[04:29:48.480] RX< [6] [cam] [497036][tshell][cpc_update_clock:588]actual 
[04:29:48.482] RX< FE/ME clk: 500MHz
[04:29:48.482] RX< [7] [cam] [497037][tshell][cam_cpm_core_power_on:435]id,0 type,1 ret 0
[04:29:48.482] RX< [6] [cam] [497037][tshell][cam_cpm_core_init:1017]E id,0 sensor type,1
[04:29:48.482] RX< [6] [cam] [497040][tshell][cpm_core_check_tuningbin:957]Tuning bin crc check PASS! sum 0x17a59
[04:29:48.483] RX< 64, xor 0x87e82682
[04:29:48.483] RX< [6] [cam] [497040][tshell][qpc_tuning_check_iqbin_validness:396]IQ bin addr: 0x88646660, project_name: video_3M
[04:29:48.483] RX< [6] [cam] [497041][tshell][qpc_tuning_check_iqbin_validness:397]total_size: 94400
[04:29:48.483] RX< [6] [cam] [497041][tshell][qpc_tuning_chec
[04:29:48.485] RX< k_iqbin_validness:398]id_count: 93. ID_TOTAL: 94
[04:29:48.485] RX< [6] [cam] [497042][tshell][qpc_tuning_check_iqbin_validness:399]spinel tuning data ver: V1.30
[04:29:48.485] RX< [6] [cam] [497042][tshell][cpm_core_check_tuningbin:971]IQ bin check success!
[04:29:48.485] RX< [6] [cam] [497043][tshell][cam_bm
[04:29:48.485] RX< _core_init:94]E
[04:29:48.485] RX< [6] [cam] [497043][tshell][bm_lab_init:174]X ctx size 4 addr 0x884b9468
[04:29:48.485] RX< [6] [cam] [497043][tshell][cam_bm_core_init:114]X ctx size 180 addr 0x884cc128
[04:29:48.485] RX< [6] [cam] [497044][tshell][qpc_core_init:1299]E id,0
[04:29:48.485] RX< [6] [cam] [497044][tshell][qpc_que
[04:29:48.503] RX< ue_init:65]QPC init qnodes 8, size 508, pool 0x884d0e50
[04:29:48.503] RX< [7] [cam] [497045][tshell][_qpc_get_cap_cfg_para:896][fallback]preset capCfg 200 0 0 invalid, use default
[04:29:48.503] RX< [7] [cam] [497045][tshell][_qpc_cfg_hdr_frms:840][fallback]preset hdrCfg 0 0 0 0 0 invalid, u
[04:29:48.504] RX< se default
[04:29:48.504] RX< [6] [cam] [497061][tshell][qpc_core_init:1347]X ctx size 1288 addr 0x884cc1f0
[04:29:48.504] RX< [6] [cam] [497061][tshell][cpm_core_get_param:764]cpm para chk: tunBin-w 4032 h 2266 img-w 4032 h 2268
[04:29:48.504] RX< [6] [cam] [497062][tshell][cam_fe_core_init:436]E id,0
[04:29:48.504] RX< [6] [cam
[04:29:48.509] RX< ] [497062][tshell][cam_fe_core_init:490]X ctx size 96 addr 0x884ccea0
[04:29:48.509] RX< [7] [cam] [497063][tshell][qpc_core_fe_chords_init:1763][34mqpc fe init snsOut w 4032 h 2268, tbl w 28 h 20[0m
[04:29:48.509] RX< [6] [cam] [497063][tshell][cam_me_core_init:1523]X ctx size 1352 addr 0x
[04:29:48.509] RX< 884dc120
[04:29:48.509] RX< [34m[ME SLICE CFG] perf=1300(us)!
[04:29:48.509] RX< [0m[6] [cam] [497067][tshell][cam_bayer_fe_3a_stats_core_init:445]fe 3a id,0
[04:29:48.509] RX< [6] [cam] [497067][tshell][cam_bayer_fe_3a_stats_core_init:490]X ctx size 132 addr 0x8850dc50
[04:29:48.509] RX< [6] [cam] [497068][tshell][awb_wrapper
[04:29:48.517] RX< _init:66]xxx awb_bin=0x884d689c, awb_bin_length=8068
[04:29:48.517] RX< [6] [cam] [497069][tshell][awb_wrapper_init:86]X algo_handle 0x88513598
[04:29:48.517] RX< [7] [cam] [497069][awb0][a5_core_wrapper_task:252]thread start cid,0 algo type,2
[04:29:48.517] RX< [6] [cam] [497069][tshell][a5_core_init_task:426]
[04:29:48.517] RX< thread created: awb0 mq=0x8850e3c0 thread=0x885155b8 sem=0x8850e350 ret=0
[04:29:48.517] RX< [6] [cam] [497070][tshell][bayer_ae_wrapper_init:68]E id,0 proc mode 0 
[04:29:48.517] RX< 
[04:29:48.517] RX< [AEC Proc] @[allib_ae_set_debug_log_flag] Line:129:[DEBUG] debug level/to_file/to_terminal: 22/1/1
[04:29:48.517] RX< [AEC Proc
[04:29:48.520] RX< ] @[AeInit] Line:377:[INFO] AE ver: 2026_V2.269
[04:29:48.520] RX< 
[04:29:48.520] RX< [AEC Proc] @[allib_ae_loadfunc] Line:193:[INFO] camera ID: 0
[04:29:48.520] RX< [AEC Proc] @[alAE_set_param] Line:576:[DEBUG] sw_maxtime 33004 ,pertline 10800, after check sensor step sw_max_time 33000.00
[04:29:48.520] RX< [AEC Proc] @[alAE_s
[04:29:48.520] RX< et_param] Line:581:[DEBUG] sw_mintime 43 ,pertline 10800, after check sensor step sw_min_time 40.00
[04:29:48.520] RX< [AEC Proc] @[alAE_set_param] Line:514:[DEBUG] DEBUG minbv exptime 11 gain 100, minExpBV 13810
[04:29:48.520] RX< [AEC Proc] @[AeTuningParseSet] Line:167:[DEBUG] aeparam versi
[04:29:48.523] RX< on 2.268 60803
[04:29:48.523] RX< [AEC Proc] @[alAE_set_param] Line:341:[DEBUG] INITEXP gain 100, shutter 33242, midtonegain 100, bv 2247
[04:29:48.523] RX< [6] [cam] [497080][tshell][bayer_ae_wrapper_init:119]X tline 10800 max_exp 33004 alg_hdl 0x88517d68 
[04:29:48.523] RX< [7] [cam] [497080][b_ae0][a5_core_w
[04:29:48.523] RX< rapper_task:252]thread start cid,0 algo type,0
[04:29:48.523] RX< [6] [cam] [497081][tshell][a5_core_init_task:426]thread created: b_ae0 mq=0x8851e8a0 thread=0x8851e9b8 sem=0x8851e830 ret=0
[04:29:48.523] RX< [6] [cam] [497081][tshell][atf_wrapper_init:67]E id,0
[04:29:48.523] RX< [6] [cam] [497082][tshell][at
[04:29:48.538] RX< f_wrapper_init:107]X alg_ctx addr 0x88520e78
[04:29:48.538] RX< [7] [cam] [497082][atf0][a5_core_wrapper_task:252]thread start cid,0 algo type,1
[04:29:48.538] RX< [6] [cam] [497083][tshell][a5_core_init_task:426]thread created: atf0 mq=0x885231d0 thread=0x885232e8 sem=0x88523160 ret=0
[04:29:48.538] RX< [6] [c
[04:29:48.539] RX< am] [497083][tshell][cam_cpm_core_init:1149]X ctx size 1096 addr 0x884cbcd0
[04:29:48.539] RX< [6] [cam] [497084][tshell][csc_open:599]ok! phys_id[1], phys_num[1] 
[04:29:48.539] RX< [6] [cam] [497084][tshell][cam_open:738]open ok! camera_id[0]
[04:29:48.539] RX< [34m[cam open] perf=61771(us)!
[04:29:48.539] RX< [0m[6] [App Ca
[04:29:48.541] RX< m] cam open success
[04:29:48.541] RX< [6] [cam] [497098][tshell][csc_init:722]sensor info:size:4032x2268, formt: 0x2b, bps: 1968, tline: 10800
[04:29:48.541] RX< [6] [cam] [497098][tshell][cam_sif_mgr_init:261]E id,0
[04:29:48.541] RX< [7] [cam] [497099][sif0][sif_irq_proc:151]thread start cid,0
[04:29:48.541] RX< [6] [cam] [49
[04:29:48.541] RX< 7100][tshell][cam_sif_mgr_init:293]X ctx size 52 addr 0x885547b8
[04:29:48.541] RX< [6] [cam] [497100][tshell][cam_prelude_init_cfg:368]CSI ID is 0,  phy lanes is 2.
[04:29:48.541] RX< [7] [cam] [497100][tshell][check_phy_ready:96]MIPI_PHY[0] is ready
[04:29:48.541] RX< [6] [cam] [497101][tshell][sensor_init:3
[04:29:48.550] RX< 48]sensor [1]: register ok
[04:29:48.550] RX< [6] [cam] [497101][tshell][sensor_set_mode:887]sensor [1]: SetMode -> mode = 0.
[04:29:48.550] RX< [6] [cam] [497102][tshell][sensor_send_reg_tab_to_sensor:705]sensor [1]: send_reg_tab_to_sensor E.
[04:29:48.550] RX< [6] [cam] [497105][tshell][sensor_send_reg_tab_to
[04:29:48.550] RX< _sensor:751]sensor [1]: reg_count = 77.
[04:29:48.550] RX< [6] [cam] [497106][tshell][sensor_init:361]sensor [1]: init success.
[04:29:48.550] RX< [6] [cam] [497106][tshell][sensor_set_mode:887]sensor [1]: SetMode -> mode = 3.
[04:29:48.550] RX< [6] [cam] [497106][tshell][sensor_send_reg_tab_to_sensor:705]senso
[04:29:48.553] RX< r [1]: send_reg_tab_to_sensor E.
[04:29:48.553] RX< [6] [cam] [497110][tshell][sensor_send_reg_tab_to_sensor:751]sensor [1]: reg_count = 83.
[04:29:48.553] RX< [6] [cam] [497110][tshell][csc_init:731]ok! phys_id[1], phys_num[1]
[04:29:48.553] RX< [6] [cam] [497111][tshell][csc_get_bayer_single_buffer:1148]scena
[04:29:48.553] RX< rio_type: 3
[04:29:48.553] RX< [6] [cam] [497111][tshell][csc_set_stats_fmt:98]index 0 w 1 h 1 bw 8 wcmp 255
[04:29:48.553] RX< [7] [cam] [497112][tshell][bm_ioctl:201]BMIOC_STATS_FMT
[04:29:48.553] RX< [6] [cam] [497112][tshell][csc_set_fe_fmt:47]index 1 w 4032 h 2268 bw 10 wcmp 0
[04:29:48.553] RX< [7] [cam] [497113][tshell][b
[04:29:48.556] RX< m_ioctl:201]BMIOC_FE_FMT
[04:29:48.556] RX< [6] [cam] [497113][tshell][csc_set_me_fmt:64]index 5 w 2268 h 4032 bw 10 wcmp 0, rdma_addr 0x8a128c00, wdma_addr 0x8a128c00
[04:29:48.556] RX< [7] [cam] [497114][tshell][bm_ioctl:201]BMIOC_ME_FMT
[04:29:48.556] RX< [6] [cam] [497114][tshell][csc_set_video_fmt:1076]met
[04:29:48.556] RX< a_addr: 0x8a118240
[04:29:48.556] RX< [6] [cam] [497115][tshell][csc_set_me_fmt:64]index 6 w 1296 h 2304 bw 8 wcmp 255, rdma_addr 0x8b2e5400, wdma_addr 0x8c000000
[04:29:48.556] RX< [6] [cam] [497115][tshell][cam_me_core_buffer_cfg:1416]
[04:29:48.556] RX< ----ME PIPE INFO---
[04:29:48.556] RX<  wdma_buf_num:1, rotation_en: 1
[04:29:48.559] RX< [7] [cam] [497116][tshell][cam_me_core_buffer_cfg:1424]yuv wdma_addr 0:0x8c000000, meta_en: 1, 0x8a118240
[04:29:48.559] RX< [7] [cam] [497116][tshell][bm_ioctl:201]BMIOC_ME_FMT
[04:29:48.559] RX< [6] [cam] [497117][tshell][csc_set_lite_fmt:115]index 13 w 400 h 400 bw 10 wcmp 255
[04:29:48.559] RX< [7] [cam] [4
[04:29:48.561] RX< 97117][tshell][bm_ioctl:201]BMIOC_LITE_FMT
[04:29:48.561] RX< [6] [cam] [497118][tshell][csc_set_lite_fmt:115]index 14 w 400 h 400 bw 10 wcmp 255
[04:29:48.561] RX< [7] [cam] [497118][tshell][bm_ioctl:201]BMIOC_LITE_FMT
[04:29:48.561] RX< [6] [cam] [497118][tshell][csc_init:739]get otp ok! phys_id[1], phys_num
[04:29:48.561] RX< [1]
[04:29:48.561] RX< [6] [cam] [497118][tshell][cam_init:828]init ok! logic_id[0]
[04:29:48.561] RX< [34m[cam init] perf=20941(us)!
[04:29:48.561] RX< [0m[6] [App Cam] cam init success
[04:29:48.561] RX< [7] [cam] [497119][tshell][cam_cpm_core_stream_on:560]id 0 sensor type 1
[04:29:48.561] RX< [6] [cam] [497120][tshell][sensor_stream_on:1024]
[04:29:48.579] RX< sensor [1]: stream_on
[04:29:48.579] RX< [6] [cam] [497120][tshell][sensor_stream_on:1052]sensor [1]: REG: 0x100, W:0x1.
[04:29:48.579] RX< [6] [cam] [497121][tshell][sensor_stream_on:1054]sensor [1]: REG: 0x100, R:0x1.
[04:29:48.579] RX< [6] [cam] [497121][tshell][csc_prv_start:873]ok! phys_id[1], phys_num[1]
[04:29:48.580] RX< , cam_ids[1]
[04:29:48.580] RX< [6] [cam] [497121][tshell][cam_start:938]preview start ok! logic_id[0]
[04:29:48.580] RX< [34m[cam start] perf=2553(us)!
[04:29:48.580] RX< [0m[6] [App Cam] cam start success
[04:29:48.580] RX< [RTMP] connecting rtmp://192.168.1.89/live/cam ...
[04:29:48.580] RX< [7] [cam] [497123][b_3a_sts][bayer_stats_core_irq_p
[04:29:48.706] RX< roc:164]thread start cid,0
[04:29:48.706] RX< [7] [cam] [497123][fe0][fe_core_irq_proc:98]thread start cid,0
[04:29:48.706] RX< [RTMP] connected to 192.168.1.89:1935 (sock=6)
[04:29:48.706] RX< [34m[AE] fid=0,exp=5590,adg=100,Y=7421,mtg=100,shg=100,bgbv=4795,iso=100,cnv0,hdr0
[04:29:48.706] RX< [0m[34m[b_ae0 proc] perf=8279(us
[04:29:49.202] RX< ), max=8279(us)!
[04:29:49.202] RX< [0m[34m[awb0 proc] perf=4038(us), max=4038(us)!
[04:29:49.202] RX< [0m[6] [cam] [497415][me0][cpm_cb_fe2me_tikChk:152]frm_length 88560us, fe2me delta 0
[04:29:49.202] RX< [34m[ME INTP]fid=0, shutter=5590, perf=2273(us), max=2273(us)!
[04:29:49.202] RX< [0m[7] [cam] [497760][me0][me_core_th
[04:29:50.860] RX< read:359]ME out fid 0
[04:29:50.860] RX< [34m[AE] fid=30,exp=10140,adg=144,Y=5268,mtg=200,shg=100,bgbv=2357,iso=144,cnv2,hdr0
[04:29:50.860] RX< [0m[7] [cam] [498760][me0][me_core_thread:359]ME out fid 30
[04:29:50.860] RX< [34m[AE] fid=60,exp=10000,adg=144,Y=5255,mtg=200,shg=100,bgbv=2375,iso=144,cnv2,hdr0
[04:29:50.860] RX< 
[04:29:52.201] RX< [0m[7] [cam] [499759][me0][me_core_thread:359]ME out fid 60
[04:29:52.201] RX< [34m[AE] fid=90,exp=10000,adg=144,Y=5255,mtg=200,shg=100,bgbv=2375,iso=144,cnv2,hdr0
[04:29:52.201] RX< [0m[34m[b_ae0 proc] perf=979(us), max=8279(us)!
[04:29:52.201] RX< [0m[34m[awb0 proc] perf=4074(us), max=4149(us)!
[04:29:52.201] RX< [0m[7] [
[04:29:53.200] RX< cam] [500759][me0][me_core_thread:359]ME out fid 90
[04:29:53.200] RX< [34m[AE] fid=120,exp=9860,adg=144,Y=5231,mtg=200,shg=100,bgbv=2385,iso=144,cnv2,hdr0
[04:29:53.200] RX< [0m[34m[ME INTP]fid=120, shutter=9860, perf=233(us), max=3301(us)!
[04:29:53.200] RX< [0m[7] [cam] [501759][me0][me_core_thread:359]ME
[04:29:53.597] RX<  out fid 120
[04:29:53.597] RX< [RTMP][E] recv() returned -1 after 0/1 bytes
[04:29:53.597] RX< [RTMP][E] recv S0 failed
[04:29:53.597] RX< [6] [cam] [502141][tshell][sensor_stream_off:1188]sensor [1]: stream_off
[04:29:53.597] RX< [6] [cam] [502141][tshell][sensor_stream_off:1217]sensor [1]: REG: 0x100, W:0x0.
[04:29:53.597] RX< [6] [cam] [502142
[04:29:53.607] RX< ][tshell][sensor_stream_off:1219]sensor [1]: REG: 0x100, R:0x0.
[04:29:53.607] RX< [6] [cam] [502162][tshell][csc_prv_stop:983]ok! phys_id[1], phys_num[1], stop_type = 0
[04:29:53.607] RX< [6] [cam] [502162][tshell][cam_stop:1058]preview stop ok! logic_id[0]
[04:29:53.607] RX< [34m[cam stop] perf=21271(us)!
[04:29:53.607] RX< [
[04:29:53.608] RX< 0m[6] [App Cam] cam stop success
[04:29:53.608] RX< Total of 133 frames encoded, 2104017 bytes, max_workbuffer_used: 4960256 bytes
[04:29:53.608] RX< [6] [App Cam] hevc_encoder_deinit success
[04:29:53.608] RX< [7] [cam] [502167][tshell][cam_cpm_core_power_off:467]id,0 type,1 ret 0
[04:29:53.608] RX< [6] [cam] [502167][sif0][sif
[04:29:53.611] RX< _irq_proc:174]thread release cid,0
[04:29:53.611] RX< [6] [cam] [502168][tshell][cam_sif_mgr_deinit:316]X
[04:29:53.611] RX< [6] [cam] [502168][tshell][cam_deinit:887]deinit ok! logic_id[0]
[04:29:53.611] RX< [34m[cam deinit] perf=1381(us)!
[04:29:53.611] RX< [0m[6] [App Cam] cam deinit success
[04:29:53.611] RX< [6] [cam] [502169][tshell][senso
[04:29:53.611] RX< r_close:1292]sensor [1]: close!
[04:29:53.611] RX< [6] [cam] [502170][tshell][cam_bm_core_deinit:136]X
[04:29:53.611] RX< [6] [cam] [502170][me0][me_core_thread:404]thread release cid,0
[04:29:53.611] RX< [6] [cam] [502171][tshell][cam_me_core_deinit:1551]X
[04:29:53.611] RX< [6] [cam] [502171][fe0][fe_core_irq_proc:121]thread r
[04:29:53.613] RX< elease cid,0
[04:29:53.613] RX< [6] [cam] [502171][tshell][cam_fe_core_deinit:536]X
[04:29:53.613] RX< [6] [cam] [502171][b_3a_sts][bayer_stats_core_irq_proc:193]thread release cid,0
[04:29:53.613] RX< [6] [cam] [502172][tshell][cam_bayer_stats_core_deinit:512]X
[04:29:53.613] RX< [6] [cam] [502172][b_ae0][a5_core_wrapper_task:3
[04:29:53.615] RX< 15]thread release cid,0,algo,0
[04:29:53.615] RX< [6] [cam] [502173][tshell][bayer_ae_wrapper_deinit:204]X
[04:29:53.615] RX< [6] [cam] [502173][atf0][a5_core_wrapper_task:315]thread release cid,0,algo,1
[04:29:53.615] RX< [6] [cam] [502173][tshell][atf_wrapper_deinit:153]X
[04:29:53.615] RX< [6] [cam] [502174][awb0][a5_core_wra
[04:29:53.616] RX< pper_task:315]thread release cid,0,algo,2
[04:29:53.616] RX< [6] [cam] [502174][tshell][awb_wrapper_deinit:153]X
[04:29:53.616] RX< [6] [cam] [502174][tshell][cam_5a_core_deinit:555]X
[04:29:53.616] RX< [6] [cam] [502175][tshell][cam_5a_inf_deinit:149]X
[04:29:53.616] RX< [6] [cam] [502175][qpc0][qpc_core_msg_proc:705]thread rel
[04:29:53.616] RX< ease cid,0
[04:29:53.616] RX< [6] [cam] [502176][tshell][qpc_core_deinit:1413]X
[04:29:53.616] RX< [6] [cam] [502176][tshell][cam_cpm_core_deinit:1248]X
[04:29:53.616] RX< [6] [cam] [502176][tshell][csc_close:656]ok! phys_id[1], phys_num[1]
[04:29:53.616] RX< [7] [cam] [502176][cer0][cer_recovery_proc:352]msg type = 254
[04:29:53.616] RX< [6] [ca
[04:29:53.623] RX< m] [502177][cer0][cer_recovery_proc:454]thread release cid,0
[04:29:53.623] RX< [6] [cam] [502177][tshell][cer_deinit:560]X
[04:29:53.623] RX< [6] [cam] [502177][tshell][cam_close:789]close ok! logic_id[0]
[04:29:53.623] RX< [34m[cam close] perf=8800(us)!
[04:29:53.623] RX< [0m[6] [App Cam] cam close success
[04:29:53.623] RX< [6] [cam] [502178]
[04:29:55.625] RX< [cpl0][cam_prelude_proc_routine:136]thread release
[04:29:55.625] RX< [6] [cam] [502179][tshell][cam_exit:571]exit ok!
[04:29:55.625] RX< [34m[cam exit] perf=568(us)!
[04:29:55.625] RX< [0m[6] [App Cam] cam exit success
[04:29:55.625] RX< [RTMP] disconnected
[04:29:55.625] RX< [RTMP] connect rtmp://192.168.1.89/live/cam failed
[04:29:55.625] RX< msh /emmc>
[04:31:28.330] TX> rtmp_video_stop
[04:31:29.719] RX< rtmp_video_stop
[04:31:29.719] RX< [RTMP] Not pushing.
[04:31:29.719] RX< msh /emmc>
