[01:37:08.298] TX> 
[01:37:09.299] TX> 
[01:37:10.299] RX< 
[01:37:10.299] RX< msh />
[01:37:10.299] RX< msh />
[01:37:10.300] TX> echo "EVBTEST_HELLO"
[01:37:10.300] TX> echo "__EVBTEST_END_022364a7__"
[01:37:12.301] RX< echo "EVBTEST_HELLO"
[01:37:12.301] RX< EVBTEST_HELLO
[01:37:12.301] RX< msh />echo "__EVBTEST_END_022364a7__"
[01:37:12.301] RX< __EVBTEST_END_022364a7__
[01:37:12.301] RX< msh />
[01:37:12.303] TX> cd /
[01:37:12.303] TX> echo "__EVBTEST_END_10762665__"
[01:37:14.304] RX< cd /
[01:37:14.304] RX< msh />echo "__EVBTEST_END_10762665__"
[01:37:14.304] RX< __EVBTEST_END_10762665__
[01:37:14.304] RX< msh />
[01:37:14.305] TX> dfs_video_stop
[01:37:14.305] TX> echo "__EVBTEST_END_c8d3bc8c__"
[01:37:16.306] RX< dfs_video_stop
[01:37:16.306] RX< [6] [App Dfs] Please start recording the video first.
[01:37:16.306] RX< msh />echo "__EVBTEST_END_c8d3bc8c__"
[01:37:16.306] RX< __EVBTEST_END_c8d3bc8c__
[01:37:16.306] RX< msh />
[01:37:22.101] TX> wifi join SW-test-2.4G tuf@3600
[01:37:22.101] TX> echo "__EVBTEST_END_fab13db0__"
[01:37:22.312] RX< wifi join SW-test-2.4G tuf@3600
[01:37:28.318] RX< [32m[I/WLAN.mgnt] wifi connect success ssid:SW-test-2.4G[0m
[01:37:28.318] RX< msh />echo "__EVBTEST_END_fab13db0__"
[01:37:28.318] RX< __EVBTEST_END_fab13db0__
[01:37:28.318] RX< msh />
[01:37:32.322] RX< [32m[I/WLAN.lwip] Got IP address : 192.168.1.101[0m
[01:37:37.329] TX> ifconfig
[01:37:37.329] TX> echo "__EVBTEST_END_6a7be693__"
[01:37:37.333] RX< ifconfig
[01:37:37.333] RX< network interface device: w0 (Default)
[01:37:37.333] RX< MTU: 1500
[01:37:37.333] RX< MAC: 8c ea 12 ba a8 2c 
[01:37:37.333] RX< FLAGS: UP LINK_UP INTERNET_DOWN DHCP_ENABLE ETHARP BROADCAST IGMP
[01:37:37.333] RX< ip address: 192.168.1.101
[01:37:37.333] RX< gw address: 192.168.1.3
[01:37:37.333] RX< net mask  : 255.255.255.0
[01:37:37.333] RX< dns server #0: 192.168.1.3
[01:37:37.348] RX< dns server #1: 0.0.0.0
[01:37:37.348] RX< 
[01:37:37.348] RX< network interface device: w1
[01:37:37.348] RX< MTU: 1500
[01:37:37.348] RX< MAC: 8e ea 12 ba a8 2c 
[01:37:37.348] RX< FLAGS: UP LINK_DOWN INTERNET_DOWN DHCP_ENABLE ETHARP BROADCAST IGMP
[01:37:37.348] RX< ip address: 0.0.0.0
[01:37:37.348] RX< gw address: 0.0.0.0
[01:37:37.348] RX< net mask  : 0.0.0.0
[01:37:37.348] RX< dns server #0: 192.168.1.3
[01:37:37.348] RX< dns serv
[01:37:39.350] RX< er #1: 0.0.0.0
[01:37:39.350] RX< msh />echo "__EVBTEST_END_6a7be693__"
[01:37:39.350] RX< __EVBTEST_END_6a7be693__
[01:37:39.350] RX< msh />
[01:37:39.353] TX> cd /emmc
[01:37:39.353] TX> echo "__EVBTEST_END_b8a0d787__"
[01:37:41.353] RX< cd /emmc
[01:37:41.353] RX< msh /emmc>echo "__EVBTEST_END_b8a0d787__"
[01:37:41.353] RX< __EVBTEST_END_b8a0d787__
[01:37:41.353] RX< msh /emmc>
[01:37:41.354] TX> ftp_server
[01:37:41.354] TX> echo "__EVBTEST_END_4137601e__"
[01:37:43.355] RX< ftp_server
[01:37:43.355] RX< 
[01:37:43.355] RX< [FTP] Ftp server init success!!!
[01:37:43.355] RX< msh /emmc>echo "__EVBTEST_END_4137601e__"
[01:37:43.355] RX< __EVBTEST_END_4137601e__
[01:37:43.355] RX< msh /emmc>
[01:37:47.359] RX< [32m[I/ftp] service launched success.[0m
[01:37:47.961] TX> cam_set photo auto
[01:37:47.961] TX> echo "__EVBTEST_END_ee78601f__"
[01:37:49.361] RX< cam_set photo auto
[01:37:49.361] RX< [6] [App Dfs] auto mode
[01:37:49.361] RX< msh /emmc>echo "__EVBTEST_END_ee78601f__"
[01:37:49.361] RX< __EVBTEST_END_ee78601f__
[01:37:49.361] RX< msh /emmc>
[01:37:50.363] TX> dfs_capture_start
[01:37:50.363] TX> echo "__EVBTEST_END_d29440d7__"
[01:37:50.376] RX< dfs_capture_start
[01:37:50.376] RX< [7] [cam] [58094][tshell][cgm_parse_bin:104]total logical camera num: 1
[01:37:50.376] RX< [6] [cam] [58094][tshell][cam_prelude_create:187]E id, 0
[01:37:50.376] RX< [7] [cam] [58094][cpl0][cam_prelude_proc_routine:101]thread start
[01:37:50.376] RX< [6] [cam] [58094][tshell][cam_prelude_crea
[01:37:50.379] RX< te:214]X ctx size 132 addr 0x884b9758
[01:37:50.379] RX< [6] [cam] [58099][tshell][sensor_probe:418]sensor [1]: identifing 0 success.
[01:37:50.379] RX< [6] [cam] [58099][tshell][sensor_probe:441]sensor [1]: probe exit!
[01:37:50.379] RX< [6] [cam] [58099][tshell][cam_prelude_fast_probe:251]cam: 0 probe result
[01:37:50.379] RX< : 0
[01:37:50.379] RX< [6] [cam] [58099][tshell][cgm_parse_bin:218]cam(0) probe success
[01:37:50.379] RX< [6] [cam] [58100][tshell][cam_entry:455]entry ok
[01:37:50.379] RX< [34m[cam entry] perf=6809(us)!
[01:37:50.379] RX< [0m[6] [App Cam] cam entry success
[01:37:50.379] RX< [7] [cam] [58101][tshell][cam_solve_layout:350][mLayout] param OK, s
[01:37:50.381] RX< cen1 iw4032 ih3024 ow4032 oh3024 gdc 0x0
[01:37:50.381] RX< [36m[mLayout] scen01 in=4032x3024,out=3024x4032 meRot1 stripe1 gdcOn0
[01:37:50.381] RX< [0m[36m[mLayout] scen00 20entries solved status=OK retry=0 rtmp=enabled (cursor0=0x8a02d090 cursor1=0x89417400, ch0/1/2 cnt=7/2/1)
[01:37:50.381] RX< [0m[7] [
[01:37:50.382] RX< cam] [58102][tshell][cam_solve_layout:377]
[01:37:50.382] RX< [mLayout] out vol 0x8c000000 rBuf 0x8ab00000 sz 0x1500000 wBuf 0x8a03da80 sz 0x100000
[01:37:50.382] RX< [7] [cam] [58103][tshell][cam_solve_layout:394]Solve scen1 capType4 layout Done!
[01:37:50.382] RX< [6] [cam] [58104][tshell][cgm_parse_media_par
[01:37:50.384] RX< a:274]phy cam num: 1
[01:37:50.384] RX< [7] [cam] [58104][cer0][cer_recovery_proc:343]thread start cid, 0
[01:37:50.384] RX< [6] [cam] [58104][tshell][csc_open:499]SENSOR MCLK cal: 24MHz
[01:37:50.384] RX< [6] [cam] [58105][tshell][csc_isp_clk_cal:344]MIPI CLK cal: 346MHz
[01:37:50.384] RX< [6] [cam] [58105][tshell][csc_isp_clk_
[01:37:50.384] RX< cal:374]LITE CLK cal: 28MHz
[01:37:50.384] RX< [7] [cam] [58105][tshell][cpc_csi_rx_power_on:633]E id: 2
[01:37:50.384] RX< [4] [cam] [58106][tshell][cpc_csi_rx_power_on:644]csi_2 has already power on, STATUS: 1
[01:37:50.384] RX< [6] [cam] [58106][tshell][cpc_update_clock:603]actual SNS mclk: 24MHz
[01:37:50.384] RX< [6] [cam] 
[01:37:50.390] RX< [58107][tshell][cpc_update_clock:608]actual MIPI0: 500MHz
[01:37:50.390] RX< [6] [cam] [58107][tshell][cpc_update_clock:598]actual LITE clk: 50MHz
[01:37:50.390] RX< [7] [cam] [58107][tshell][cam_prelude_open:297][34msnsOpen camID1 csiID0 phyIdx0[0m
[01:37:50.390] RX< [6] [cam] [58111][tshell][sensor_expo_gai
[01:37:50.390] RX< n_match:48]sensor get sensor expo gain of imx681_vst
[01:37:50.390] RX< [6] [cam] [58111][tshell][sensor_open:684]sensor [1] open OK.
[01:37:50.390] RX< [6] [cam] [58112][tshell][cam_cpm_parse_media:275]photo scenario, media para[mfnr:0, hdr:0, capture_num:0]
[01:37:50.390] RX< [6] [cam] [58112][tshell][cam_cpm
[01:37:50.393] RX< _parse_media:278]photo scenario, media para[iso:0, gain:0, wb_mode:0]
[01:37:50.393] RX< [6] [cam] [58113][tshell][csc_isp_clk_cal:355]FE CLK cal: 426MHz, ME CLK cal: 462MHz, FE/ME CLK cal: 508MHz
[01:37:50.393] RX< [6] [cam] [58113][tshell][csc_isp_clk_cal:364]BE CLK cal: 401MHz
[01:37:50.393] RX< [4] [cam] [
[01:37:50.393] RX< 58114][tshell][cam_fe_core_power_on:269]fe pipe has already power on, STATUS: 1
[01:37:50.393] RX< [6] [cam] [58114][tshell][cpc_update_clock:588]actual FE/ME clk: 550MHz
[01:37:50.393] RX< [4] [cam] [58115][tshell][cam_be_core_power_on:1028]be pipe has already power on, STATUS: 1
[01:37:50.393] RX< [6] [cam] [
[01:37:50.396] RX< 58115][tshell][cpc_update_clock:593]actual BE clk: 500MHz
[01:37:50.396] RX< [7] [cam] [58116][tshell][cam_cpm_core_power_on:435]id,0 type,1 ret 0
[01:37:50.396] RX< [6] [cam] [58116][tshell][cam_cpm_core_init:1017]E id,0 sensor type,1
[01:37:50.396] RX< [6] [cam] [58117][tshell][cpm_core_check_tuningbin:957]T
[01:37:50.396] RX< uning bin crc check PASS! sum 0xfa5abf97, xor 0x6a6c89c1
[01:37:50.396] RX< [6] [cam] [58117][tshell][qpc_tuning_check_iqbin_validness:396]IQ bin addr: 0x8869de60, project_name: capture_12M
[01:37:50.396] RX< [6] [cam] [58119][tshell][qpc_tuning_check_iqbin_validness:397]total_size: 108928
[01:37:50.396] RX< [6
[01:37:50.399] RX< ] [cam] [58119][tshell][qpc_tuning_check_iqbin_validness:398]id_count: 93. ID_TOTAL: 94
[01:37:50.399] RX< [6] [cam] [58119][tshell][qpc_tuning_check_iqbin_validness:399]spinel tuning data ver: V1.30
[01:37:50.399] RX< [6] [cam] [58120][tshell][cpm_core_check_tuningbin:971]IQ bin check succes
[01:37:50.399] RX< s!
[01:37:50.399] RX< [6] [cam] [58120][tshell][cam_bm_core_init:94]E
[01:37:50.399] RX< [6] [cam] [58121][tshell][bm_lab_init:174]X ctx size 4 addr 0x884a96b8
[01:37:50.399] RX< [6] [cam] [58121][tshell][cam_bm_core_init:114]X ctx size 180 addr 0x884db930
[01:37:50.399] RX< [6] [cam] [58121][tshell][qpc_core_init:1299]E id,0
[01:37:50.399] RX< [
[01:37:50.406] RX< 6] [cam] [58122][tshell][qpc_queue_init:65]QPC init qnodes 8, size 508, pool 0x884dbf10
[01:37:50.406] RX< [6] [cam] [58122][tshell][_qpc_get_cap_cfg_para:900]preset capCfg 200 3 5
[01:37:50.406] RX< [7] [cam] [58123][tshell][_qpc_cfg_hdr_frms:848]hdr preset - gainThres 1600
[01:37:50.406] RX< FrmNB:	TNR	|EV-	|
[01:37:50.406] RX< EV0	|EV+
[01:37:50.406] RX< LDR:	 0	| 1	| -	| 5
[01:37:50.406] RX< LLLDR:	 0	| 1	| -	| 5
[01:37:50.406] RX< HDR:	 0	| 1	| 5	| 3
[01:37:50.406] RX< LLHDR:	 0	| 1	| 5	| 3
[01:37:50.406] RX< 
[01:37:50.406] RX< [6] [cam] [58128][tshell][qpc_core_init:1347]X ctx size 1288 addr 0x884db9f8
[01:37:50.406] RX< [6] [cam] [58128][tshell][cpm_core_get_param:764]cpm para chk: tunBin-w 4000 h 3000 i
[01:37:50.411] RX< mg-w 4032 h 3024
[01:37:50.411] RX< [6] [cam] [58129][tshell][cam_fe_core_init:436]E id,0
[01:37:50.411] RX< [6] [cam] [58129][tshell][cam_fe_core_init:490]X ctx size 96 addr 0x884ecc50
[01:37:50.411] RX< [7] [cam] [58130][tshell][qpc_core_fe_chords_init:1763][34mqpc fe init snsOut w 4032 h 3024, tbl w 28 h 2
[01:37:50.411] RX< 0[0m
[01:37:50.411] RX< [6] [cam] [58130][tshell][cam_me_core_init:1523]X ctx size 1352 addr 0x884ef000
[01:37:50.411] RX< [34m[ME SLICE CFG] perf=1511(us)!
[01:37:50.411] RX< [0m[6] [cam] [58133][tshell][cam_bayer_fe_3a_stats_core_init:445]fe 3a id,0
[01:37:50.411] RX< [6] [cam] [58133][tshell][cam_bayer_fe_3a_stats_core_init
[01:37:50.413] RX< :490]X ctx size 132 addr 0x884f7a20
[01:37:50.413] RX< [6] [cam] [58134][tshell][cam_be_core_init:621]E id,0
[01:37:50.413] RX< [7] [cam] [58134][be0][be_core_irq_proc:270]thread start cid,0
[01:37:50.413] RX< [6] [cam] [58135][tshell][cam_be_core_init:716]X ctx size 472 addr 0x884f7db0
[01:37:50.413] RX< [6] [cam] [58135][tshel
[01:37:50.414] RX< l][cam_lite_core_init:433]E id,0
[01:37:50.414] RX< [7] [cam] [58135][lite0][lite_core_irq_proc:152]thread start cid,0
[01:37:50.414] RX< [6] [cam] [58135][tshell][cam_lite_core_init:497]X ctx size 164 addr 0x884fa800
[01:37:50.414] RX< [6] [cam] [58136][tshell][awb_wrapper_init:66]xxx awb_bin=0x884de5fc, awb_
[01:37:50.418] RX< bin_length=8068
[01:37:50.418] RX< [6] [cam] [58137][tshell][awb_wrapper_init:86]X algo_handle 0x88502848
[01:37:50.418] RX< [7] [cam] [58137][awb0][a5_core_wrapper_task:252]thread start cid,0 algo type,2
[01:37:50.418] RX< [6] [cam] [58137][tshell][a5_core_init_task:426]thread created: awb0 mq=0x88504908 threa
[01:37:50.418] RX< d=0x88504a20 sem=0x88504898 ret=0
[01:37:50.418] RX< [6] [cam] [58138][tshell][bayer_ae_wrapper_init:68]E id,0 proc mode 1 
[01:37:50.418] RX< 
[01:37:50.418] RX< [AEC Proc] @[allib_ae_set_debug_log_flag] Line:129:[DEBUG] debug level/to_file/to_terminal: 22/1/1
[01:37:50.418] RX< [AEC Proc] @[AeInit] Line:377:[INFO] AE ver: 2026_
[01:37:50.420] RX< V2.269
[01:37:50.420] RX< 
[01:37:50.420] RX< [AEC Proc] @[allib_ae_loadfunc] Line:193:[INFO] camera ID: 0
[01:37:50.420] RX< [AEC Proc] @[AeInit] Line:404:[DEBUG] init imu detector sucessed!
[01:37:50.420] RX< [AEC Proc] @[AeInit] Line:406:[DEBUG] imu init errcode:0
[01:37:50.420] RX< [AEC Proc] @[alAE_set_param] Line:576:[DEBUG] sw_maxtime 33044
[01:37:50.421] RX<  ,pertline 9444, after check sensor step sw_max_time 33039.00
[01:37:50.421] RX< [AEC Proc] @[alAE_set_param] Line:581:[DEBUG] sw_mintime 37 ,pertline 9444, after check sensor step sw_min_time 36.00
[01:37:50.421] RX< [AEC Proc] @[alAE_set_param] Line:514:[DEBUG] DEBUG minbv exptime 9 gain 10
[01:37:50.423] RX< 0, minExpBV 14098
[01:37:50.423] RX< [AEC Proc] @[AeTuningParseSet] Line:167:[DEBUG] aeparam version 2.268 60818
[01:37:50.423] RX< [AEC Proc] @[alAE_set_param] Line:341:[DEBUG] INITEXP gain 100, shutter 8000, midtonegain 100, bv 4303
[01:37:50.423] RX< [6] [cam] [58145][tshell][bayer_ae_wrapper_init:119]X tli
[01:37:50.424] RX< ne 9444 max_exp 33044 alg_hdl 0x885071d0 
[01:37:50.424] RX< [7] [cam] [58145][b_ae0][a5_core_wrapper_task:252]thread start cid,0 algo type,0
[01:37:50.424] RX< [6] [cam] [58146][tshell][a5_core_init_task:426]thread created: b_ae0 mq=0x8850e0f0 thread=0x8850e208 sem=0x8850e080 ret=0
[01:37:50.424] RX< [6] [cam]
[01:37:50.426] RX<  [58146][tshell][atf_wrapper_init:67]E id,0
[01:37:50.426] RX< [6] [cam] [58147][tshell][atf_wrapper_init:107]X alg_ctx addr 0x885106c8
[01:37:50.426] RX< [7] [cam] [58147][atf0][a5_core_wrapper_task:252]thread start cid,0 algo type,1
[01:37:50.426] RX< [6] [cam] [58148][tshell][a5_core_init_task:426]thread cr
[01:37:50.426] RX< eated: atf0 mq=0x88512a20 thread=0x88512b38 sem=0x885129b0 ret=0
[01:37:50.426] RX< [6] [cam] [58148][tshell][cam_cpm_core_init:1149]X ctx size 1096 addr 0x884db4d8
[01:37:50.426] RX< [6] [cam] [58149][tshell][csc_open:599]ok! phys_id[1], phys_num[1] 
[01:37:50.426] RX< [6] [cam] [58149][tshell][cam_open:738]op
[01:37:50.434] RX< en ok! camera_id[0]
[01:37:50.434] RX< [34m[cam open] perf=49053(us)!
[01:37:50.434] RX< [0m[6] [App Cam] cam open success
[01:37:50.434] RX< [6] [cam] [58156][tshell][csc_init:722]sensor info:size:4032x3024, formt: 0x2b, bps: 2496, tline: 9444
[01:37:50.434] RX< [6] [cam] [58156][tshell][cam_sif_mgr_init:261]E id,0
[01:37:50.434] RX< [7] [cam]
[01:37:50.434] RX<  [58156][sif0][sif_irq_proc:151]thread start cid,0
[01:37:50.434] RX< [6] [cam] [58157][tshell][cam_sif_mgr_init:293]X ctx size 52 addr 0x8852bc20
[01:37:50.434] RX< [7] [cam] [58157][tshell][sif_btm_paramSet:102]btm lite w4032 h3024 binEn1 binRatio2
[01:37:50.434] RX< [7] [cam] [58157][tshell][sif_btm_paramSet
[01:37:50.439] RX< :106]cropSlct2 x0 y0 w4032 h4032
[01:37:50.439] RX< [6] [cam] [58158][tshell][cam_prelude_init_cfg:368]CSI ID is 0,  phy lanes is 2.
[01:37:50.439] RX< [7] [cam] [58158][tshell][check_phy_ready:96]MIPI_PHY[0] is ready
[01:37:50.439] RX< [6] [cam] [58159][tshell][sensor_init:348]sensor [1]: register ok
[01:37:50.439] RX< [6] [cam
[01:37:50.445] RX< ] [58159][tshell][sensor_set_mode:887]sensor [1]: SetMode -> mode = 0.
[01:37:50.445] RX< [6] [cam] [58160][tshell][sensor_send_reg_tab_to_sensor:705]sensor [1]: send_reg_tab_to_sensor E.
[01:37:50.445] RX< [6] [cam] [58163][tshell][sensor_send_reg_tab_to_sensor:751]sensor [1]: reg_count = 77
[01:37:50.445] RX< .
[01:37:50.445] RX< [6] [cam] [58163][tshell][sensor_init:361]sensor [1]: init success.
[01:37:50.445] RX< [6] [cam] [58163][tshell][sensor_set_mode:887]sensor [1]: SetMode -> mode = 1.
[01:37:50.445] RX< [6] [cam] [58164][tshell][sensor_send_reg_tab_to_sensor:705]sensor [1]: send_reg_tab_to_sensor E.
[01:37:50.445] RX< [6] [cam
[01:37:50.448] RX< ] [58168][tshell][sensor_send_reg_tab_to_sensor:751]sensor [1]: reg_count = 84.
[01:37:50.448] RX< [6] [cam] [58168][tshell][csc_init:731]ok! phys_id[1], phys_num[1]
[01:37:50.448] RX< [6] [cam] [58169][tshell][csc_get_bayer_single_buffer:1148]scenario_type: 1
[01:37:50.448] RX< [6] [cam] [58169][tshell][csc_se
[01:37:50.448] RX< t_stats_fmt:98]index 0 w 1 h 1 bw 8 wcmp 255
[01:37:50.448] RX< [7] [cam] [58170][tshell][bm_ioctl:201]BMIOC_STATS_FMT
[01:37:50.448] RX< [6] [cam] [58170][tshell][csc_set_fe_fmt:47]index 1 w 4032 h 3024 bw 10 wcmp 0
[01:37:50.448] RX< [7] [cam] [58170][tshell][bm_ioctl:201]BMIOC_FE_FMT
[01:37:50.448] RX< [6] [cam] [58171][tshel
[01:37:50.451] RX< l][csc_set_lite_fmt:115]index 2 w 1008 h 720 bw 8 wcmp 255
[01:37:50.451] RX< [7] [cam] [58171][tshell][bm_ioctl:201]BMIOC_LITE_FMT
[01:37:50.451] RX< [6] [cam] [58171][tshell][csc_set_lite_fmt:115]index 21 w 1008 h 720 bw 8 wcmp 255
[01:37:50.451] RX< [7] [cam] [58172][tshell][bm_ioctl:201]BMIOC_LITE_FMT
[01:37:50.451] RX< [6] 
[01:37:50.451] RX< [cam] [58172][tshell][csc_set_be_fmt:81]index 25 w 0 h 0 bw 8 wcmp 255
[01:37:50.451] RX< [7] [cam] [58173][tshell][bm_ioctl:201]BMIOC_BE_FMT
[01:37:50.451] RX< [6] [cam] [58173][tshell][csc_set_be_fmt:81]index 22 w 480 h 360 bw 8 wcmp 255
[01:37:50.451] RX< [7] [cam] [58173][tshell][bm_ioctl:201]BMIOC_BE_FMT
[01:37:50.454] RX< [6] [cam] [58174][tshell][csc_set_me_fmt:64]index 5 w 3024 h 4032 bw 10 wcmp 0, rdma_addr 0x8945f400, wdma_addr 0x8945f400
[01:37:50.454] RX< [7] [cam] [58174][tshell][bm_ioctl:201]BMIOC_ME_FMT
[01:37:50.454] RX< [6] [cam] [58175][tshell][csc_set_me_fmt:64]index 6 w 3024 h 4032 bw 8 wcmp 255,
[01:37:50.454] RX<  rdma_addr 0x8a247700, wdma_addr 0x8c000000
[01:37:50.454] RX< [6] [cam] [58175][tshell][cam_me_core_buffer_cfg:1416]
[01:37:50.454] RX< ----ME PIPE INFO---
[01:37:50.454] RX<  wdma_buf_num:1, rotation_en: 1
[01:37:50.454] RX< [7] [cam] [58176][tshell][cam_me_core_buffer_cfg:1424]yuv wdma_addr 0:0x8c000000, meta_en: 0, 0x00000000
[01:37:50.456] RX< 
[01:37:50.456] RX< [7] [cam] [58177][tshell][bm_ioctl:201]BMIOC_ME_FMT
[01:37:50.456] RX< [6] [cam] [58177][tshell][csc_init:739]get otp ok! phys_id[1], phys_num[1]
[01:37:50.456] RX< [6] [cam] [58177][tshell][cam_init:828]init ok! logic_id[0]
[01:37:50.456] RX< [34m[cam init] perf=21797(us)!
[01:37:50.456] RX< [0m[6] [App Cam] cam init succes
[01:37:50.457] RX< s
[01:37:50.457] RX< [7] [cam] [58178][tshell][cam_cpm_core_stream_on:560]id 0 sensor type 1
[01:37:50.457] RX< [6] [cam] [58178][tshell][sensor_stream_on:1024]sensor [1]: stream_on
[01:37:50.457] RX< [6] [cam] [58179][tshell][sensor_stream_on:1052]sensor [1]: REG: 0x100, W:0x1.
[01:37:50.457] RX< [6] [cam] [58179][tshell][senso
[01:37:50.474] RX< r_stream_on:1054]sensor [1]: REG: 0x100, R:0x1.
[01:37:50.474] RX< [6] [cam] [58179][tshell][csc_prv_start:873]ok! phys_id[1], phys_num[1], cam_ids[1]
[01:37:50.474] RX< [6] [cam] [58180][tshell][cam_start:938]preview start ok! logic_id[0]
[01:37:50.474] RX< [34m[cam start] perf=2327(us)!
[01:37:50.474] RX< [0m[6] [App Cam] ca
[01:37:50.474] RX< m start success
[01:37:50.474] RX< [6] [App Dfs] Gravity_XR Capture Start
[01:37:50.474] RX< msh /emmc>echo "__EVBTES[7] [cam] [58181][b_3a_sts][bayer_stats_core_irq_proc:164]thread start cid,0
[01:37:50.474] RX< [7] [cam] [58181][fe0][fe_core_irq_proc:98]thread start cid,0
[01:37:50.474] RX< T_END_d29440d7__"
[01:37:50.474] RX< __EVBTEST_END_d2944
[01:37:50.848] RX< 0d7__
[01:37:50.848] RX< msh /emmc>[34m[AE] fid=0,exp=12627,adg=400,Y=1052,mtg=100,shg=100,bgbv=1713,iso=400,cnv0,hdr0
[01:37:50.848] RX< [0m[34m[b_ae0 proc] perf=2748(us), max=2748(us)!
[01:37:50.848] RX< [0m[34m[awb0 proc] perf=1323(us), max=1323(us)!
[01:37:50.848] RX< [0m[34m[AE conv] fid=10,exp=16011,adg=400,Y=5744,mt
[01:37:50.849] RX< g=496,shg=100,bgbv=1371,iso=400,cnv1,hdr1
[01:37:50.849] RX< [0m[7] [cam] [58553][fe0][_qpc_hdr_rslt_chk:1668]
[01:37:50.849] RX< ALG: EV0 t16011 g400 | EV+ t16011 g400 | EV- t10161 g125
[01:37:50.849] RX< [6] [cam] [58554][fe0][qpc_core_hdr_mapExp_cfg:1736]evMapExp set OK, typ:2 1 FF num:5 1 0
[01:37:50.849] RX< [34m[cap] FE 
[01:37:50.928] RX< sync ME @fid10 as mod2 cfg0x01, cap 6frms @fid+2
[01:37:50.928] RX< [0m[7] [cam] [58556][qpc0][qpc_core_hdr_upd_sensor:559][HDRupd]: Sns cap-0 EV:0->2 st-16011 ag-400
[01:37:50.928] RX< [7] [cam] [58603][qpc0][qpc_core_hdr_upd_me:613][HDRupd] ME cap-0 EV:0->2, dg-100
[01:37:50.928] RX< [7] [JPEG] frame num=6, 
[01:37:50.944] RX< pre frame=1106830 Bytes
[01:37:50.944] RX< [exif] oFrm 0 evP 0 evM -231 bv 1375 exp 16011 iso 400 time 58606
[01:37:50.944] RX< [6] [cam] [58623][fe0][_cpm_cb_jpegInfo_proc:618]SnapStream E @ frm13!
[01:37:50.944] RX< [6] [cam] [58636][me0][cpm_cb_fe2me_tikChk:152]frm_length 33329us, fe2me delta 11
[01:37:50.944] RX< [32m[BE] fi
[01:37:51.087] RX< d=0, perf=5524(us), max=5524(us)!
[01:37:51.087] RX< [0m[34m[cap] fid: me0 fe14, perf=488220(us)!
[01:37:51.087] RX< [0m[7] [cam] [58669][me0][me_core_thread:359]ME out fid 0
[01:37:51.087] RX< [7] [cam] [58729][qpc0][qpc_core_hdr_upd_sensor:559][HDRupd]: Sns cap-5 EV:2->1 st-10161 ag-125
[01:37:51.087] RX< [exif] oFrm 5 evP 0
[01:37:51.510] RX<  evM -231 bv 1375 exp 10161 iso 125 time 58779
[01:37:51.510] RX< [6] [cam] [58823][fe0][_cpm_cb_jpegInfo_proc:626]SnapStream X @ frm19!
[01:37:51.510] RX< [34m[cap] fid: me5 fe19, perf=28488(us)!
[01:37:51.510] RX< [0m[34m[AE] fid=30,exp=33039,adg=1600,Y=5204,mtg=350,shg=100,bgbv=-4429,iso=10794,cnv1,hdr1
[01:37:51.510] RX< [
[01:37:51.733] RX< 0m[6] [App Dfs] Gravity_XR Capture Stop Success: total frames = 6
[01:37:51.733] RX< [6] [cam] [59454][DfsSend][sensor_stream_off:1188]sensor [1]: stream_off
[01:37:51.733] RX< [6] [cam] [59455][DfsSend][sensor_stream_off:1217]sensor [1]: REG: 0x100, W:0x0.
[01:37:51.733] RX< [6] [cam] [59455][DfsSend][sensor_s
[01:37:51.736] RX< tream_off:1219]sensor [1]: REG: 0x100, R:0x0.
[01:37:51.736] RX< [6] [cam] [59456][DfsSend][csc_prv_stop:983]ok! phys_id[1], phys_num[1], stop_type = 0
[01:37:51.736] RX< [6] [cam] [59456][DfsSend][cam_stop:1058]preview stop ok! logic_id[0]
[01:37:51.736] RX< [34m[cam stop] perf=2370(us)!
[01:37:51.736] RX< [0m[6] [App Cam] ca
[01:37:51.736] RX< m stop success
[01:37:51.736] RX< [7] [cam] [59457][DfsSend][cam_cpm_core_power_off:467]id,0 type,1 ret 0
[01:37:51.736] RX< [6] [cam] [59457][sif0][sif_irq_proc:174]thread release cid,0
[01:37:51.736] RX< [6] [cam] [59458][DfsSend][cam_sif_mgr_deinit:316]X
[01:37:51.736] RX< [6] [cam] [59458][DfsSend][cam_deinit:887]deinit ok! 
[01:37:51.738] RX< logic_id[0]
[01:37:51.738] RX< [34m[cam deinit] perf=1398(us)!
[01:37:51.738] RX< [0m[6] [App Cam] cam deinit success
[01:37:51.738] RX< [6] [cam] [59459][DfsSend][sensor_close:1292]sensor [1]: close!
[01:37:51.738] RX< [6] [cam] [59459][DfsSend][cam_bm_core_deinit:136]X
[01:37:51.738] RX< [INFO]	cpm[0] snsType1 capMod2 cfg0x01 6frms
[01:37:51.738] RX< [6] [cam] 
[01:37:51.738] RX< [59460][be0][be_core_irq_proc:329]thread release cid,0
[01:37:51.738] RX< [6] [cam] [59460][DfsSend][cam_be_core_deinit:793]X
[01:37:51.738] RX< [6] [cam] [59460][me0][me_core_thread:404]thread release cid,0
[01:37:51.738] RX< [6] [cam] [59461][DfsSend][cam_me_core_deinit:1551]X
[01:37:51.738] RX< [6] [cam] [59461][fe0][fe_core_
[01:37:51.741] RX< irq_proc:121]thread release cid,0
[01:37:51.741] RX< [6] [cam] [59461][DfsSend][cam_fe_core_deinit:536]X
[01:37:51.741] RX< [6] [cam] [59462][b_3a_sts][bayer_stats_core_irq_proc:193]thread release cid,0
[01:37:51.741] RX< [6] [cam] [59462][DfsSend][cam_bayer_stats_core_deinit:512]X
[01:37:51.741] RX< [6] [cam] [59462][lite0][lit
[01:37:51.741] RX< e_core_irq_proc:190]thread release cid,0
[01:37:51.741] RX< [6] [cam] [59462][DfsSend][cam_lite_core_deinit:556]X
[01:37:51.741] RX< [6] [cam] [59463][b_ae0][a5_core_wrapper_task:315]thread release cid,0,algo,0
[01:37:51.741] RX< [6] [cam] [59463][DfsSend][bayer_ae_wrapper_deinit:204]X
[01:37:51.741] RX< [6] [cam] [59464][atf0][
[01:37:51.744] RX< a5_core_wrapper_task:315]thread release cid,0,algo,1
[01:37:51.744] RX< [6] [cam] [59464][DfsSend][atf_wrapper_deinit:153]X
[01:37:51.744] RX< [6] [cam] [59464][awb0][a5_core_wrapper_task:315]thread release cid,0,algo,2
[01:37:51.744] RX< [6] [cam] [59465][DfsSend][awb_wrapper_deinit:153]X
[01:37:51.744] RX< [6] [cam] [59465][Df
[01:37:51.744] RX< sSend][cam_5a_core_deinit:555]X
[01:37:51.744] RX< [6] [cam] [59465][DfsSend][cam_5a_inf_deinit:149]X
[01:37:51.744] RX< [6] [cam] [59466][qpc0][qpc_core_msg_proc:705]thread release cid,0
[01:37:51.744] RX< [6] [cam] [59466][DfsSend][qpc_core_deinit:1413]X
[01:37:51.744] RX< [6] [cam] [59466][DfsSend][cam_cpm_core_deinit:1248]X
[01:37:51.751] RX< [6] [cam] [59467][DfsSend][csc_close:656]ok! phys_id[1], phys_num[1]
[01:37:51.751] RX< [7] [cam] [59467][cer0][cer_recovery_proc:352]msg type = 254
[01:37:51.751] RX< [6] [cam] [59467][cer0][cer_recovery_proc:454]thread release cid,0
[01:37:51.751] RX< [6] [cam] [59468][DfsSend][cer_deinit:560]X
[01:37:51.751] RX< [6] [cam] [59
[01:37:51.752] RX< 468][DfsSend][cam_close:789]close ok! logic_id[0]
[01:37:51.752] RX< [34m[cam close] perf=9853(us)!
[01:37:51.752] RX< [0m[6] [App Cam] cam close success
[01:37:51.752] RX< [6] [cam] [59469][cpl0][cam_prelude_proc_routine:136]thread release
[01:37:51.752] RX< [6] [cam] [59469][DfsSend][cam_exit:571]exit ok!
[01:37:51.752] RX< [34m[cam exit] pe
[01:37:53.754] RX< rf=652(us)!
[01:37:53.754] RX< [0m[6] [App Cam] cam exit success
[01:37:53.754] RX< [6] [App Cam] jpeg deinit success
[01:37:53.754] RX< [6] [App Dfs] Save Photo Successful: /emmc/PIC/20260101_000058_8181/
[01:37:53.754] RX< [6] [App Dfs] Capture completed successfully.
[01:37:57.564] TX> cam_set video 1080p
[01:37:57.564] TX> echo "__EVBTEST_END_d5f479b0__"
[01:37:57.757] RX< cam_set video 1080p
[01:37:57.757] RX< [6] [App Dfs] w(1920) * h(1080) is 1080p, eis 1
[01:37:57.757] RX< msh /emmc>echo "__EVBTEST_END_d5f479b0__"
[01:37:57.757] RX< __EVBTEST_END_d5f479b0__
[01:37:57.757] RX< msh /emmc>
[01:37:57.768] TX> dfs_video_start
[01:37:57.768] TX> echo "__EVBTEST_END_f8b9b7bb__"
[01:37:57.892] RX< dfs_video_start
[01:37:57.892] RX< [7] [cam] [65609][tshell][cgm_parse_bin:104]total logical camera num: 1
[01:37:57.892] RX< [6] [cam] [65609][tshell][cam_prelude_create:187]E id, 0
[01:37:57.892] RX< [7] [cam] [65610][cpl0][cam_prelude_proc_routine:101]thread start
[01:37:57.892] RX< [6] [cam] [65610][tshell][cam_prelude_create
[01:37:57.892] RX< :214]X ctx size 132 addr 0x884de898
[01:37:57.892] RX< [6] [cam] [65614][tshell][sensor_probe:418]sensor [1]: identifing 0 success.
[01:37:57.892] RX< [6] [cam] [65615][tshell][sensor_probe:441]sensor [1]: probe exit!
[01:37:57.892] RX< [6] [cam] [65615][tshell][cam_prelude_fast_probe:251]cam: 0 probe result: 0
[01:37:57.894] RX< 
[01:37:57.894] RX< [6] [cam] [65615][tshell][cgm_parse_bin:218]cam(0) probe success
[01:37:57.894] RX< [6] [cam] [65616][tshell][cam_entry:455]entry ok
[01:37:57.894] RX< [34m[cam entry] perf=6878(us)!
[01:37:57.894] RX< [0m[6] [App Cam] cam entry success
[01:37:57.894] RX< [7] [cam] [65617][tshell][cam_solve_layout:350][mLayout] param OK, sce
[01:37:57.895] RX< n3 iw4032 ih2268 ow1920 oh1080 gdc 0x1
[01:37:57.895] RX< [36m[mLayout] scen03 in=4032x2268,out=1920x1080 meRot1 stripe0 gdcOn1
[01:37:57.895] RX< [0m[36m[mLayout] scen03 14entries solved status=OK retry=0 rtmp=enabled (cursor0=0x8a00f210 cursor1=0x88e20aa0, ch0/1/2 cnt=5/3/1)
[01:37:57.895] RX< [0m[7] [cam
[01:37:57.897] RX< ] [65618][tshell][cam_solve_layout:377]
[01:37:57.897] RX< [mLayout] out vol 0x8c000000 rBuf 0x8a5e5400 sz 0xd00000 wBuf 0x89700000 sz 0x900000
[01:37:57.897] RX<           rtmp tBuf 0x8a10f210 sz 0x80000 aBuf 0x8a08f210 sz 0x80000
[01:37:57.897] RX<        alg EIS buf 0x8a00f210
[01:37:57.897] RX< [7] [cam] [65620][tshell][cam
[01:37:57.897] RX< _solve_layout:397]Solve Scen3 layout Done!
[01:37:57.897] RX< [6] [cam] [65620][tshell][cgm_parse_media_para:274]phy cam num: 1
[01:37:57.897] RX< [7] [cam] [65620][cer0][cer_recovery_proc:343]thread start cid, 0
[01:37:57.897] RX< [6] [cam] [65621][tshell][csc_open:499]SENSOR MCLK cal: 24MHz
[01:37:57.897] RX< [6] [cam] [65621]
[01:37:57.900] RX< [tshell][csc_isp_clk_cal:344]MIPI CLK cal: 277MHz
[01:37:57.900] RX< [6] [cam] [65621][tshell][csc_isp_clk_cal:374]LITE CLK cal: 25MHz
[01:37:57.900] RX< [7] [cam] [65622][tshell][cpc_csi_rx_power_on:633]E id: 2
[01:37:57.900] RX< [4] [cam] [65622][tshell][cpc_csi_rx_power_on:644]csi_2 has already power on, STA
[01:37:57.906] RX< TUS: 1
[01:37:57.906] RX< [6] [cam] [65623][tshell][cpc_update_clock:603]actual SNS mclk: 24MHz
[01:37:57.906] RX< [6] [cam] [65623][tshell][cpc_update_clock:608]actual MIPI0: 300MHz
[01:37:57.906] RX< [6] [cam] [65623][tshell][cpc_update_clock:598]actual LITE clk: 25MHz
[01:37:57.906] RX< [7] [cam] [65624][tshell][cam_prelude_o
[01:37:57.906] RX< pen:297][34msnsOpen camID1 csiID0 phyIdx0[0m
[01:37:57.906] RX< [6] [cam] [65628][tshell][sensor_expo_gain_match:48]sensor get sensor expo gain of imx681_vst
[01:37:57.906] RX< [6] [cam] [65628][tshell][sensor_open:684]sensor [1] open OK.
[01:37:57.906] RX< [6] [cam] [65629][tshell][cam_cpm_parse_media:295]v
[01:37:57.909] RX< ideo scenario:3, media para[fps:0, mirror_en:0, flip_en:0]
[01:37:57.909] RX< [6] [cam] [65629][tshell][cam_cpm_parse_media:298]video scenario, media para[iso:0, gain:0, wb_mode:0]
[01:37:57.909] RX< [6] [cam] [65630][tshell][csc_isp_clk_cal:355]FE CLK cal: 373MHz, ME CLK cal: 371MHz, FE/ME C
[01:37:57.909] RX< LK cal: 410MHz
[01:37:57.909] RX< [6] [cam] [65630][tshell][csc_isp_clk_cal:364]BE CLK cal: 301MHz
[01:37:57.909] RX< [4] [cam] [65631][tshell][cam_fe_core_power_on:269]fe pipe has already power on, STATUS: 1
[01:37:57.909] RX< [6] [cam] [65631][tshell][cpc_update_clock:588]actual FE/ME clk: 500MHz
[01:37:57.909] RX< [4] [cam] [
[01:37:57.912] RX< 65632][tshell][cam_be_core_power_on:1028]be pipe has already power on, STATUS: 1
[01:37:57.912] RX< [6] [cam] [65632][tshell][cpc_update_clock:593]actual BE clk: 500MHz
[01:37:57.912] RX< [7] [cam] [65633][tshell][cam_cpm_core_power_on:435]id,0 type,1 ret 0
[01:37:57.912] RX< [6] [cam] [65633][tshell][cam_cpm_c
[01:37:57.913] RX< ore_init:1017]E id,0 sensor type,1
[01:37:57.913] RX< [6] [cam] [65634][tshell][cpm_core_check_tuningbin:957]Tuning bin crc check PASS! sum 0x17a5964, xor 0x87e82682
[01:37:57.913] RX< [6] [cam] [65634][tshell][qpc_tuning_check_iqbin_validness:396]IQ bin addr: 0x88646660, project_name: video_
[01:37:57.915] RX< 3M
[01:37:57.915] RX< [6] [cam] [65635][tshell][qpc_tuning_check_iqbin_validness:397]total_size: 94400
[01:37:57.915] RX< [6] [cam] [65635][tshell][qpc_tuning_check_iqbin_validness:398]id_count: 93. ID_TOTAL: 94
[01:37:57.915] RX< [6] [cam] [65636][tshell][qpc_tuning_check_iqbin_validness:399]spinel tuning dat
[01:37:57.915] RX< a ver: V1.30
[01:37:57.915] RX< [6] [cam] [65636][tshell][cpm_core_check_tuningbin:971]IQ bin check success!
[01:37:57.915] RX< [6] [cam] [65637][tshell][cam_bm_core_init:94]E
[01:37:57.915] RX< [6] [cam] [65637][tshell][bm_lab_init:174]X ctx size 4 addr 0x884b98d0
[01:37:57.915] RX< [6] [cam] [65638][tshell][cam_bm_core_init:11
[01:37:57.929] RX< 4]X ctx size 180 addr 0x884c2678
[01:37:57.929] RX< [6] [cam] [65638][tshell][qpc_core_init:1299]E id,0
[01:37:57.929] RX< [6] [cam] [65639][tshell][qpc_queue_init:65]QPC init qnodes 8, size 508, pool 0x884df638
[01:37:57.929] RX< [7] [cam] [65639][tshell][_qpc_get_cap_cfg_para:896][fallback]preset capCfg 200 0
[01:37:57.930] RX<  0 invalid, use default
[01:37:57.930] RX< [7] [cam] [65640][tshell][_qpc_cfg_hdr_frms:840][fallback]preset hdrCfg 0 0 0 0 0 invalid, use default
[01:37:57.930] RX< [6] [cam] [65652][tshell][qpc_core_init:1347]X ctx size 1288 addr 0x884c2740
[01:37:57.930] RX< [6] [cam] [65652][tshell][cpm_core_get_param:764]cp
[01:37:57.933] RX< m para chk: tunBin-w 4032 h 2266 img-w 4032 h 2268
[01:37:57.933] RX< [6] [cam] [65652][tshell][cam_fe_core_init:436]E id,0
[01:37:57.933] RX< [6] [cam] [65653][tshell][cam_fe_core_init:490]X ctx size 96 addr 0x884c33f0
[01:37:57.933] RX< [7] [cam] [65653][tshell][qpc_core_fe_chords_init:1763][34mqpc fe init 
[01:37:57.933] RX< snsOut w 4032 h 2268, tbl w 28 h 20[0m
[01:37:57.933] RX< [6] [cam] [65653][tshell][cam_me_core_init:1523]X ctx size 1352 addr 0x884f1b28
[01:37:57.933] RX< [34m[ME SLICE CFG] perf=467(us)!
[01:37:57.933] RX< [0m[6] [cam] [65655][tshell][cam_bayer_fe_3a_stats_core_init:445]fe 3a id,0
[01:37:57.933] RX< [6] [cam] [65656][tshel
[01:37:57.936] RX< l][cam_bayer_fe_3a_stats_core_init:490]X ctx size 132 addr 0x884fa548
[01:37:57.936] RX< [6] [cam] [65656][tshell][cam_be_core_init:621]E id,0
[01:37:57.936] RX< [7] [cam] [65656][be0][be_core_irq_proc:270]thread start cid,0
[01:37:57.936] RX< [6] [cam] [65657][tshell][cam_be_core_init:716]X ctx size 472 addr 0
[01:37:57.936] RX< x884fa8d8
[01:37:57.936] RX< [6] [cam] [65657][tshell][awb_wrapper_init:66]xxx awb_bin=0x884e18fc, awb_bin_length=8068
[01:37:57.936] RX< [6] [cam] [65658][tshell][awb_wrapper_init:86]X algo_handle 0x88501800
[01:37:57.936] RX< [7] [cam] [65658][awb0][a5_core_wrapper_task:252]thread start cid,0 algo type,2
[01:37:57.936] RX< [6]
[01:37:57.940] RX<  [cam] [65658][tshell][a5_core_init_task:426]thread created: awb0 mq=0x885038c0 thread=0x885039d8 sem=0x88503850 ret=0
[01:37:57.940] RX< [6] [cam] [65659][tshell][bayer_ae_wrapper_init:68]E id,0 proc mode 0 
[01:37:57.940] RX< 
[01:37:57.940] RX< [AEC Proc] @[allib_ae_set_debug_log_flag] Line:129:[DEBUG] debug
[01:37:57.940] RX<  level/to_file/to_terminal: 22/1/1
[01:37:57.940] RX< [AEC Proc] @[AeInit] Line:377:[INFO] AE ver: 2026_V2.269
[01:37:57.940] RX< 
[01:37:57.940] RX< [AEC Proc] @[allib_ae_loadfunc] Line:193:[INFO] camera ID: 0
[01:37:57.940] RX< [AEC Proc] @[alAE_set_param] Line:576:[DEBUG] sw_maxtime 33004 ,pertline 10800, after check sensor st
[01:37:57.942] RX< ep sw_max_time 33000.00
[01:37:57.942] RX< [AEC Proc] @[alAE_set_param] Line:581:[DEBUG] sw_mintime 43 ,pertline 10800, after check sensor step sw_min_time 40.00
[01:37:57.942] RX< [AEC Proc] @[alAE_set_param] Line:514:[DEBUG] DEBUG minbv exptime 11 gain 100, minExpBV 13810
[01:37:57.942] RX< [AEC Proc] @[AeTu
[01:37:57.942] RX< ningParseSet] Line:167:[DEBUG] aeparam version 2.268 60803
[01:37:57.942] RX< [AEC Proc] @[alAE_set_param] Line:341:[DEBUG] INITEXP gain 100, shutter 33242, midtonegain 100, bv 2247
[01:37:57.942] RX< [6] [cam] [65665][tshell][bayer_ae_wrapper_init:119]X tline 10800 max_exp 33004 alg_hdl 0x88
[01:37:57.945] RX< 506188 
[01:37:57.945] RX< [7] [cam] [65665][b_ae0][a5_core_wrapper_task:252]thread start cid,0 algo type,0
[01:37:57.945] RX< [6] [cam] [65666][tshell][a5_core_init_task:426]thread created: b_ae0 mq=0x88507238 thread=0x88507350 sem=0x885071c8 ret=0
[01:37:57.945] RX< [6] [cam] [65666][tshell][atf_wrapper_init:
[01:37:57.945] RX< 67]E id,0
[01:37:57.945] RX< [6] [cam] [65667][tshell][atf_wrapper_init:107]X alg_ctx addr 0x88507728
[01:37:57.945] RX< [7] [cam] [65667][atf0][a5_core_wrapper_task:252]thread start cid,0 algo type,1
[01:37:57.945] RX< [6] [cam] [65668][tshell][a5_core_init_task:426]thread created: atf0 mq=0x88507860 thread=0
[01:37:57.956] RX< x88507978 sem=0x885077f0 ret=0
[01:37:57.956] RX< [6] [cam] [65668][tshell][cam_cpm_core_init:1101]GDC enabled: video_eis=1, photo_warp=0
[01:37:57.956] RX< [6] [cam] [65677][tshell][cam_dewarp_init:333]table reg: enable:1, blockw:5, inw:1296, inh:2304, mapw:61, maph:35, outw:1920, outh:1080
[01:37:57.956] RX< [6] [cam] [65677][tshell][cam_dewarp_init:354]dewarp init: real-IMU consumer registered, reader=0x88507c78
[01:37:57.956] RX< [6] [cam] [65678][dwp0][dewarp_thread_entry:164]dewarp thread start, id=0
[01:37:57.956] RX< [6] [cam] [65679][tshell][cam_dewarp_init:379]EIS: dewarp init ok: dwp0 ei
[01:37:57.963] RX< s_ctx=0x8a00f210 table_size=12810 reg=61x35x5
[01:37:57.963] RX< [6] [cam] [65680][tshell][cam_cpm_core_init:1131]EIS: dewarp enabled, eis_ctx=0x8a00f210, eis_cfg=0x884c25c4
[01:37:57.963] RX< [6] [cam] [65680][tshell][cam_cpm_core_init:1149]X ctx size 1096 addr 0x884c2220
[01:37:57.963] RX< [6] [cam] [65681][
[01:37:57.964] RX< tshell][csc_open:599]ok! phys_id[1], phys_num[1] 
[01:37:57.964] RX< [6] [cam] [65681][tshell][cam_open:738]open ok! camera_id[0]
[01:37:57.964] RX< [34m[cam open] perf=64819(us)!
[01:37:57.964] RX< [0m[6] [App Cam] cam open success
[01:37:57.964] RX< [6] [cam] [65686][tshell][csc_init:722]sensor info:size:4032x2268, formt: 0x
[01:37:57.966] RX< 2b, bps: 1968, tline: 10800
[01:37:57.966] RX< [6] [cam] [65686][tshell][cam_sif_mgr_init:261]E id,0
[01:37:57.966] RX< [7] [cam] [65687][sif0][sif_irq_proc:151]thread start cid,0
[01:37:57.966] RX< [6] [cam] [65687][tshell][cam_sif_mgr_init:293]X ctx size 52 addr 0x885446a8
[01:37:57.966] RX< [6] [cam] [65688][tshell][cam_prelu
[01:37:57.966] RX< de_init_cfg:368]CSI ID is 0,  phy lanes is 2.
[01:37:57.966] RX< [7] [cam] [65688][tshell][check_phy_ready:96]MIPI_PHY[0] is ready
[01:37:57.966] RX< [6] [cam] [65689][tshell][sensor_init:348]sensor [1]: register ok
[01:37:57.966] RX< [6] [cam] [65689][tshell][sensor_set_mode:887]sensor [1]: SetMode -> mode = 0
[01:37:57.975] RX< .
[01:37:57.975] RX< [6] [cam] [65690][tshell][sensor_send_reg_tab_to_sensor:705]sensor [1]: send_reg_tab_to_sensor E.
[01:37:57.975] RX< [6] [cam] [65693][tshell][sensor_send_reg_tab_to_sensor:751]sensor [1]: reg_count = 77.
[01:37:57.975] RX< [6] [cam] [65693][tshell][sensor_init:361]sensor [1]: init success.
[01:37:57.975] RX< 
[01:37:57.975] RX< [6] [cam] [65693][tshell][sensor_set_mode:887]sensor [1]: SetMode -> mode = 3.
[01:37:57.975] RX< [6] [cam] [65694][tshell][sensor_send_reg_tab_to_sensor:705]sensor [1]: send_reg_tab_to_sensor E.
[01:37:57.975] RX< [6] [cam] [65698][tshell][sensor_send_reg_tab_to_sensor:751]sensor [1]: reg_c
[01:37:57.977] RX< ount = 83.
[01:37:57.977] RX< [6] [cam] [65698][tshell][csc_init:731]ok! phys_id[1], phys_num[1]
[01:37:57.977] RX< [6] [cam] [65699][tshell][csc_get_bayer_single_buffer:1148]scenario_type: 3
[01:37:57.977] RX< [6] [cam] [65699][tshell][csc_set_stats_fmt:98]index 0 w 1 h 1 bw 8 wcmp 255
[01:37:57.977] RX< [7] [cam] [65700][tshel
[01:37:57.978] RX< l][bm_ioctl:201]BMIOC_STATS_FMT
[01:37:57.978] RX< [6] [cam] [65700][tshell][csc_set_fe_fmt:47]index 1 w 4032 h 2268 bw 10 wcmp 0
[01:37:57.978] RX< [7] [cam] [65700][tshell][bm_ioctl:201]BMIOC_FE_FMT
[01:37:57.978] RX< [6] [cam] [65700][tshell][csc_set_me_fmt:64]index 5 w 2268 h 4032 bw 10 wcmp 0, rdma_addr 0x
[01:37:57.980] RX< 88e43800, wdma_addr 0x88e43800
[01:37:57.980] RX< [7] [cam] [65701][tshell][bm_ioctl:201]BMIOC_ME_FMT
[01:37:57.980] RX< [6] [cam] [65701][tshell][csc_set_video_fmt:1076]meta_addr: 0x8a18f240
[01:37:57.980] RX< [6] [cam] [65702][tshell][csc_set_me_fmt:64]index 6 w 1296 h 2304 bw 8 wcmp 0, rdma_addr 0x8b2e5400,
[01:37:57.983] RX<  wdma_addr 0x8a19fc00
[01:37:57.983] RX< [6] [cam] [65702][tshell][cam_me_core_buffer_cfg:1416]
[01:37:57.983] RX< ----ME PIPE INFO---
[01:37:57.983] RX<  wdma_buf_num:2, rotation_en: 1
[01:37:57.983] RX< [7] [cam] [65703][tshell][cam_me_core_buffer_cfg:1424]yuv wdma_addr 0:0x8a19fc00, meta_en: 1, 0x8a18f240
[01:37:57.983] RX< [7] [cam] [65703][t
[01:37:57.983] RX< shell][cam_me_core_buffer_cfg:1424]yuv wdma_addr 1:0x8a3c2800, meta_en: 1, 0x8a18f240
[01:37:57.983] RX< [7] [cam] [65704][tshell][bm_ioctl:201]BMIOC_ME_FMT
[01:37:57.983] RX< [6] [cam] [65705][tshell][csc_set_lite_fmt:115]index 13 w 400 h 400 bw 10 wcmp 255
[01:37:57.983] RX< [7] [cam] [65705][tshell][bm_ioct
[01:37:57.985] RX< l:201]BMIOC_LITE_FMT
[01:37:57.985] RX< [6] [cam] [65705][tshell][csc_set_lite_fmt:115]index 14 w 400 h 400 bw 10 wcmp 255
[01:37:57.985] RX< [7] [cam] [65706][tshell][bm_ioctl:201]BMIOC_LITE_FMT
[01:37:57.985] RX< [6] [cam] [65706][tshell][csc_set_be_fmt:81]index 7 w 1920 h 1080 bw 6 wcmp 0
[01:37:57.985] RX< [7] [cam] [65707][
[01:37:57.986] RX< tshell][bm_ioctl:201]BMIOC_BE_FMT
[01:37:57.986] RX< [6] [cam] [65707][tshell][csc_set_be_fmt:81]index 8 w 1920 h 1080 bw 8 wcmp 255
[01:37:57.986] RX< [7] [cam] [65707][tshell][bm_ioctl:201]BMIOC_BE_FMT
[01:37:57.986] RX< [6] [cam] [65708][tshell][cam_dewarp_set_table_base:480]dewarp table base updated: [0]=0x
[01:37:57.988] RX< 88e20aa0 [1]=0x88e32150
[01:37:57.988] RX< [6] [cam] [65708][tshell][cam_cpm_core_set_dewarp_table_base:1611]dewarp table base updated: [0]=0x88e20aa0 [1]=0x88e32150
[01:37:57.988] RX< [6] [cam] [65709][tshell][csc_init:739]get otp ok! phys_id[1], phys_num[1]
[01:37:57.988] RX< [6] [cam] [65709][tshell][cam_in
[01:37:57.989] RX< it:828]init ok! logic_id[0]
[01:37:57.989] RX< [34m[cam init] perf=23299(us)!
[01:37:57.989] RX< [0m[6] [App Cam] cam init success
[01:37:57.989] RX< [7] [cam] [65710][tshell][cam_cpm_core_stream_on:560]id 0 sensor type 1
[01:37:57.989] RX< [6] [cam] [65711][tshell][sensor_stream_on:1024]sensor [1]: stream_on
[01:37:57.989] RX< [6] [cam] [65711]
[01:37:58.006] RX< [tshell][sensor_stream_on:1052]sensor [1]: REG: 0x100, W:0x1.
[01:37:58.006] RX< [6] [cam] [65712][tshell][sensor_stream_on:1054]sensor [1]: REG: 0x100, R:0x1.
[01:37:58.006] RX< [6] [cam] [65712][tshell][csc_prv_start:873]ok! phys_id[1], phys_num[1], cam_ids[1]
[01:37:58.006] RX< [6] [cam] [65712][tshell][cam
[01:37:58.006] RX< _start:938]preview start ok! logic_id[0]
[01:37:58.006] RX< [34m[cam start] perf=2325(us)!
[01:37:58.006] RX< [0m[6] [App Cam] cam start success
[01:37:58.006] RX< [6] [App Dfs] Gravity_XR Record Start
[01:37:58.006] RX< msh /emmc>echo "__EVBTEST_END_f8b9b7bb__"
[01:37:58.006] RX< __EVBTEST_END_f8b9b7bb__
[01:37:58.006] RX< msh /emmc>[7] [cam] [65714][b_3a_sts][ba
[01:37:58.124] RX< yer_stats_core_irq_proc:164]thread start cid,0
[01:37:58.124] RX< [7] [cam] [65714][fe0][fe_core_irq_proc:98]thread start cid,0
[01:37:58.124] RX< [34m[AE] fid=0,exp=6680,adg=100,Y=6195,mtg=100,shg=100,bgbv=4537,iso=100,cnv0,hdr0
[01:37:58.124] RX< [0m[34m[b_ae0 proc] perf=2802(us), max=2802(us)!
[01:37:58.124] RX< [0m[34m[
[01:37:58.297] RX< awb0 proc] perf=1307(us), max=1307(us)!
[01:37:58.297] RX< [0m[7] [cam] [65847][me0][me_core_thread:359]ME out fid 0
[01:37:58.297] RX< [6] [cam] [65894][dwp0][cpm_cb_dewarp_handle:1411]EIS: dewarp done frm=0, buf_idx=0
[01:37:58.297] RX< [6] [cam] [66005][me0][cpm_cb_fe2me_tikChk:152]frm_length 88560us, fe2me 
[01:37:59.285] RX< delta 0
[01:37:59.285] RX< [34m[ME INTP]fid=0, shutter=6680, perf=790(us), max=790(us)!
[01:37:59.285] RX< [0m[32m[BE] fid=0, perf=6946(us), max=6946(us)!
[01:37:59.285] RX< [0m[6] [App Dfs] f_index = 0, f_len = 77890, cur_total_len = 77978
[01:37:59.285] RX< [34m[AE] fid=30,exp=9910,adg=225,Y=4808,mtg=180,shg=101,bgbv=1837,i
[01:38:01.286] RX< so=225,cnv2,hdr0
[01:38:01.286] RX< [0m[7] [cam] [67012][me0][me_core_thread:359]ME out fid 30
[01:38:01.286] RX< [34m[AE] fid=60,exp=9910,adg=225,Y=4805,mtg=180,shg=100,bgbv=1837,iso=225,cnv2,hdr0
[01:38:01.286] RX< [0m[7] [cam] [68012][me0][me_core_thread:359]ME out fid 60
[01:38:01.640] RX< [34m[AE] fid=90,exp=9910,adg=225,Y=4812,mtg=180,shg=100,bgbv=1837,iso=225,cnv2,hdr0
[01:38:01.640] RX< [0m[34m[b_ae0 proc] perf=396(us), max=2802(us)!
[01:38:01.640] RX< [0m[34m[awb0 proc] perf=1327(us), max=1633(us)!
[01:38:01.640] RX< [0m[7] [cam] [69012][me0][me_core_thread:359]ME out fid 90
[01:38:01.640] RX< [32m[BE] 
[01:38:02.300] RX< fid=90, perf=8915(us), max=9303(us)!
[01:38:02.300] RX< [0m[6] [App Dfs] f_index = 90, f_len = 178723, cur_total_len = 6950676
[01:38:02.300] RX< [34m[AE] fid=120,exp=9910,adg=225,Y=4814,mtg=180,shg=100,bgbv=1841,iso=225,cnv2,hdr0
[01:38:02.300] RX< [0m[7] [cam] [70012][me0][me_core_thread:359]ME out fid 120
[01:38:04.287] RX< [34m[ME INTP]fid=120, shutter=9910, perf=4(us), max=3014(us)!
[01:38:04.287] RX< [0m[34m[AE] fid=150,exp=9910,adg=225,Y=4822,mtg=180,shg=100,bgbv=1841,iso=225,cnv2,hdr0
[01:38:04.287] RX< [0m[7] [cam] [71012][me0][me_core_thread:359]ME out fid 150
[01:38:04.287] RX< [34m[AE] fid=180,exp=9910,adg=225,Y=4824,
[01:38:04.639] RX< mtg=180,shg=100,bgbv=1841,iso=225,cnv2,hdr0
[01:38:04.639] RX< [0m[34m[b_ae0 proc] perf=431(us), max=622(us)!
[01:38:04.639] RX< [0m[34m[awb0 proc] perf=1343(us), max=1521(us)!
[01:38:04.639] RX< [0m[7] [cam] [72011][me0][me_core_thread:359]ME out fid 180
[01:38:04.639] RX< [32m[BE] fid=180, perf=8890(us), max=8922(us)!
[01:38:04.639] RX< [0
[01:38:06.303] RX< m[6] [App Dfs] f_index = 180, f_len = 179126, cur_total_len = 6824009
[01:38:06.303] RX< [34m[AE] fid=210,exp=9910,adg=225,Y=4819,mtg=180,shg=100,bgbv=1841,iso=225,cnv2,hdr0
[01:38:06.303] RX< [0m[7] [cam] [73011][me0][me_core_thread:359]ME out fid 210
[01:38:06.303] RX< [34m[AE] fid=240,exp=9910,adg=225,Y=48
[01:38:06.386] RX< 13,mtg=180,shg=100,bgbv=1841,iso=225,cnv2,hdr0
[01:38:06.386] RX< [0m[6] [cam] [74003][dwp0][cpm_cb_dewarp_handle:1411]EIS: dewarp done frm=240, buf_idx=0
[01:38:06.386] RX< [7] [cam] [74011][me0][me_core_thread:359]ME out fid 240
[01:38:06.386] RX< [34m[ME INTP]fid=240, shutter=9910, perf=1737(us), max=2779(u
[01:38:07.639] RX< s)!
[01:38:07.639] RX< [0m[34m[AE] fid=270,exp=9910,adg=225,Y=4812,mtg=180,shg=100,bgbv=1837,iso=225,cnv2,hdr0
[01:38:07.639] RX< [0m[34m[b_ae0 proc] perf=395(us), max=622(us)!
[01:38:07.639] RX< [0m[34m[awb0 proc] perf=1521(us), max=1567(us)!
[01:38:07.639] RX< [0m[7] [cam] [75011][me0][me_core_thread:359]ME out fid 270
[01:38:07.639] RX< 
[01:38:08.301] RX< [32m[BE] fid=270, perf=8927(us), max=8930(us)!
[01:38:08.301] RX< [0m[6] [App Dfs] f_index = 270, f_len = 178678, cur_total_len = 6817331
[01:38:08.301] RX< [34m[AE] fid=300,exp=9910,adg=225,Y=4805,mtg=180,shg=100,bgbv=1837,iso=225,cnv2,hdr0
[01:38:08.301] RX< [0m[7] [cam] [76011][me0][me_core_thread:359]ME o
[01:38:10.286] RX< ut fid 300
[01:38:10.286] RX< [34m[AE] fid=330,exp=9910,adg=225,Y=4805,mtg=180,shg=100,bgbv=1837,iso=225,cnv2,hdr0
[01:38:10.286] RX< [0m[7] [cam] [77011][me0][me_core_thread:359]ME out fid 330
[01:38:10.286] RX< [34m[AE] fid=360,exp=9910,adg=225,Y=4813,mtg=180,shg=100,bgbv=1841,iso=225,cnv2,hdr0
[01:38:10.286] RX< [0m[34m[b_
[01:38:10.641] RX< ae0 proc] perf=418(us), max=660(us)!
[01:38:10.641] RX< [0m[34m[awb0 proc] perf=1382(us), max=1725(us)!
[01:38:10.641] RX< [0m[7] [cam] [78011][me0][me_core_thread:359]ME out fid 360
[01:38:10.641] RX< [34m[ME INTP]fid=360, shutter=9910, perf=520(us), max=2682(us)!
[01:38:10.641] RX< [0m[32m[BE] fid=360, perf=8939(us), max=
[01:38:12.283] RX< 8939(us)!
[01:38:12.283] RX< [0m[6] [App Dfs] f_index = 360, f_len = 179529, cur_total_len = 6795578
[01:38:12.283] RX< [34m[AE] fid=390,exp=9910,adg=225,Y=4827,mtg=180,shg=100,bgbv=1845,iso=225,cnv2,hdr0
[01:38:12.283] RX< [0m[7] [cam] [79010][me0][me_core_thread:359]ME out fid 390
[01:38:12.283] RX< [34m[AE] fid=420,exp=9910
[01:38:13.285] RX< ,adg=225,Y=4826,mtg=180,shg=100,bgbv=1845,iso=225,cnv2,hdr0
[01:38:13.285] RX< [0m[7] [cam] [80010][me0][me_core_thread:359]ME out fid 420
[01:38:13.285] RX< [34m[AE] fid=450,exp=9910,adg=225,Y=4820,mtg=180,shg=100,bgbv=1841,iso=225,cnv2,hdr0
[01:38:13.285] RX< [0m[34m[b_ae0 proc] perf=403(us), max=696(us)!
[01:38:14.301] RX< 
[01:38:14.301] RX< [0m[34m[awb0 proc] perf=1321(us), max=1722(us)!
[01:38:14.301] RX< [0m[7] [cam] [81010][me0][me_core_thread:359]ME out fid 450
[01:38:14.301] RX< [32m[BE] fid=450, perf=8930(us), max=8939(us)!
[01:38:14.301] RX< [0m[6] [App Dfs] f_index = 450, f_len = 180105, cur_total_len = 6846171
[01:38:14.301] RX< [34m[AE] fid=480,exp=9
[01:38:14.382] RX< 910,adg=225,Y=4827,mtg=180,shg=100,bgbv=1845,iso=225,cnv2,hdr0
[01:38:14.382] RX< [0m[6] [cam] [82002][dwp0][cpm_cb_dewarp_handle:1411]EIS: dewarp done frm=480, buf_idx=0
[01:38:14.382] RX< [7] [cam] [82010][me0][me_core_thread:359]ME out fid 480
[01:38:14.382] RX< [34m[ME INTP]fid=480, shutter=9910, perf=3(us
[01:38:16.284] RX< ), max=11604(us)!
[01:38:16.284] RX< [0m[34m[AE] fid=510,exp=9910,adg=225,Y=4827,mtg=180,shg=100,bgbv=1845,iso=225,cnv2,hdr0
[01:38:16.284] RX< [0m[7] [cam] [83010][me0][me_core_thread:359]ME out fid 510
[01:38:16.284] RX< [34m[AE] fid=540,exp=9910,adg=225,Y=4822,mtg=180,shg=100,bgbv=1841,iso=225,cnv2,hdr0
[01:38:16.284] RX< 
[01:38:16.661] RX< [0m[34m[b_ae0 proc] perf=395(us), max=701(us)!
[01:38:16.661] RX< [0m[34m[awb0 proc] perf=1328(us), max=1520(us)!
[01:38:16.661] RX< [0m[7] [cam] [84010][me0][me_core_thread:359]ME out fid 540
[01:38:16.661] RX< [32m[BE] fid=540, perf=8932(us), max=8932(us)!
[01:38:16.661] RX< [0m[6] [App Dfs] f_index = 540, f_len = 179846,
[01:38:18.282] RX<  cur_total_len = 6860647
[01:38:18.282] RX< [34m[AE] fid=570,exp=9910,adg=225,Y=4815,mtg=180,shg=100,bgbv=1841,iso=225,cnv2,hdr0
[01:38:18.282] RX< [0m[7] [cam] [85010][me0][me_core_thread:359]ME out fid 570
[01:38:18.282] RX< [34m[AE] fid=600,exp=9910,adg=225,Y=4815,mtg=180,shg=100,bgbv=1841,iso=225,cnv2,hdr
[01:38:19.284] RX< 0
[01:38:19.284] RX< [0m[7] [cam] [86010][me0][me_core_thread:359]ME out fid 600
[01:38:19.284] RX< [34m[ME INTP]fid=600, shutter=9910, perf=4(us), max=2603(us)!
[01:38:19.284] RX< [0m[34m[AE] fid=630,exp=9910,adg=225,Y=4812,mtg=180,shg=100,bgbv=1837,iso=225,cnv2,hdr0
[01:38:19.284] RX< [0m[34m[b_ae0 proc] perf=429(us), max=
[01:38:20.281] RX< 621(us)!
[01:38:20.281] RX< [0m[34m[awb0 proc] perf=1373(us), max=1530(us)!
[01:38:20.281] RX< [0m[7] [cam] [87009][me0][me_core_thread:359]ME out fid 630
[01:38:20.281] RX< [32m[BE] fid=630, perf=8928(us), max=8932(us)!
[01:38:20.281] RX< [0m[6] [App Dfs] f_index = 630, f_len = 179472, cur_total_len = 6842370
[01:38:20.281] RX< [34m[AE] fid=
[01:38:21.297] RX< 660,exp=9910,adg=225,Y=4803,mtg=180,shg=100,bgbv=1837,iso=225,cnv2,hdr0
[01:38:21.297] RX< [0m[7] [cam] [88009][me0][me_core_thread:359]ME out fid 660
[01:38:21.297] RX< [34m[AE] fid=690,exp=9870,adg=225,Y=4888,mtg=180,shg=100,bgbv=1864,iso=225,cnv2,hdr0
[01:38:21.297] RX< [0m[7] [cam] [89009][me0][me_core_th
[01:38:22.299] RX< read:359]ME out fid 690
[01:38:22.299] RX< [34m[AE] fid=720,exp=9870,adg=225,Y=4869,mtg=180,shg=100,bgbv=1861,iso=225,cnv2,hdr0
[01:38:22.299] RX< [0m[34m[b_ae0 proc] perf=466(us), max=672(us)!
[01:38:22.299] RX< [0m[34m[awb0 proc] perf=1323(us), max=1580(us)!
[01:38:22.299] RX< [0m[6] [cam] [90001][dwp0][cpm_cb_dewarp_hand
[01:38:22.660] RX< le:1411]EIS: dewarp done frm=720, buf_idx=0
[01:38:22.660] RX< [7] [cam] [90009][me0][me_core_thread:359]ME out fid 720
[01:38:22.660] RX< [34m[ME INTP]fid=720, shutter=9870, perf=4(us), max=645(us)!
[01:38:22.660] RX< [0m[32m[BE] fid=720, perf=8944(us), max=8944(us)!
[01:38:22.660] RX< [0m[6] [App Dfs] f_index = 720, f_len = 
[01:38:24.299] RX< 179085, cur_total_len = 6816619
[01:38:24.299] RX< [34m[AE] fid=750,exp=9870,adg=225,Y=4840,mtg=180,shg=100,bgbv=1854,iso=225,cnv2,hdr0
[01:38:24.299] RX< [0m[7] [cam] [91009][me0][me_core_thread:359]ME out fid 750
[01:38:24.299] RX< [34m[AE] fid=780,exp=10140,adg=219,Y=4898,mtg=180,shg=111,bgbv=1869,iso=219,
[01:38:25.299] RX< cnv2,hdr0
[01:38:25.299] RX< [0m[7] [cam] [92009][me0][me_core_thread:359]ME out fid 780
[01:38:25.299] RX< [34m[AE] fid=810,exp=10140,adg=219,Y=4902,mtg=180,shg=103,bgbv=1872,iso=219,cnv2,hdr0
[01:38:25.299] RX< [0m[34m[b_ae0 proc] perf=392(us), max=642(us)!
[01:38:25.299] RX< [0m[34m[awb0 proc] perf=1302(us), max=1682(us)
[01:38:26.281] RX< !
[01:38:26.281] RX< [0m[7] [cam] [93009][me0][me_core_thread:359]ME out fid 810
[01:38:26.281] RX< [32m[BE] fid=810, perf=8882(us), max=8944(us)!
[01:38:26.281] RX< [0m[6] [App Dfs] f_index = 810, f_len = 179447, cur_total_len = 6778518
[01:38:26.281] RX< [34m[AE] fid=840,exp=10140,adg=219,Y=4902,mtg=180,shg=100,bgbv=1872,iso
[01:38:27.297] RX< =219,cnv2,hdr0
[01:38:27.297] RX< [0m[7] [cam] [94008][me0][me_core_thread:359]ME out fid 840
[01:38:27.297] RX< [34m[ME INTP]fid=840, shutter=10140, perf=3(us), max=2918(us)!
[01:38:27.297] RX< [0m[34m[AE] fid=870,exp=10140,adg=219,Y=4899,mtg=180,shg=100,bgbv=1869,iso=219,cnv2,hdr0
[01:38:27.297] RX< [0m[7] [cam] [95008][me0
[01:38:28.299] RX< ][me_core_thread:359]ME out fid 870
[01:38:28.299] RX< [34m[AE] fid=900,exp=10140,adg=219,Y=4899,mtg=180,shg=100,bgbv=1869,iso=219,cnv2,hdr0
[01:38:28.299] RX< [0m[34m[b_ae0 proc] perf=403(us), max=731(us)!
[01:38:28.299] RX< [0m[34m[awb0 proc] perf=1372(us), max=1612(us)!
[01:38:28.299] RX< [0m[7] [cam] [96008][me0][me_cor
[01:38:29.296] RX< e_thread:359]ME out fid 900
[01:38:29.296] RX< [32m[BE] fid=900, perf=8828(us), max=8882(us)!
[01:38:29.296] RX< [0m[6] [App Dfs] f_index = 900, f_len = 172965, cur_total_len = 6748371
[01:38:29.296] RX< [34m[AE] fid=930,exp=10140,adg=219,Y=4898,mtg=180,shg=119,bgbv=1869,iso=219,cnv2,hdr0
[01:38:29.296] RX< [0m[7] [cam] [97008
[01:38:30.298] RX< ][me0][me_core_thread:359]ME out fid 930
[01:38:30.298] RX< [34m[AE] fid=960,exp=10140,adg=219,Y=4894,mtg=180,shg=100,bgbv=1869,iso=219,cnv2,hdr0
[01:38:30.298] RX< [0m[6] [cam] [98000][dwp0][cpm_cb_dewarp_handle:1411]EIS: dewarp done frm=960, buf_idx=0
[01:38:30.298] RX< [7] [cam] [98008][me0][me_core_thread:
[01:38:31.298] RX< 359]ME out fid 960
[01:38:31.298] RX< [34m[ME INTP]fid=960, shutter=10140, perf=3(us), max=821(us)!
[01:38:31.298] RX< [0m[34m[AE] fid=990,exp=10140,adg=219,Y=4889,mtg=180,shg=100,bgbv=1869,iso=219,cnv2,hdr0
[01:38:31.298] RX< [0m[34m[b_ae0 proc] perf=385(us), max=718(us)!
[01:38:31.298] RX< [0m[34m[awb0 proc] perf=1302(us
[01:38:32.279] RX< ), max=1564(us)!
[01:38:32.279] RX< [0m[7] [cam] [99008][me0][me_core_thread:359]ME out fid 990
[01:38:32.279] RX< [32m[BE] fid=990, perf=8870(us), max=8904(us)!
[01:38:32.279] RX< [0m[6] [App Dfs] f_index = 990, f_len = 178038, cur_total_len = 6903141
[01:38:32.279] RX< [34m[AE] fid=1020,exp=10140,adg=219,Y=4891,mtg=180,shg=1
[01:38:34.280] RX< 00,bgbv=1869,iso=219,cnv2,hdr0
[01:38:34.280] RX< [0m[7] [cam] [100008][me0][me_core_thread:359]ME out fid 1020
[01:38:34.280] RX< [34m[AE] fid=1050,exp=9870,adg=225,Y=4887,mtg=180,shg=100,bgbv=1865,iso=225,cnv2,hdr0
[01:38:34.280] RX< [0m[7] [cam] [101007][me0][me_core_thread:359]ME out fid 1050
[01:38:34.379] RX< [34m[AE] fid=1080,exp=9870,adg=225,Y=4878,mtg=180,shg=100,bgbv=1865,iso=225,cnv2,hdr0
[01:38:34.379] RX< [0m[34m[b_ae0 proc] perf=389(us), max=614(us)!
[01:38:34.379] RX< [0m[34m[awb0 proc] perf=1406(us), max=1895(us)!
[01:38:34.379] RX< [0m[7] [cam] [102007][me0][me_core_thread:359]ME out fid 1080
[01:38:34.379] RX< [34m[
[01:38:35.278] RX< ME INTP]fid=1080, shutter=9870, perf=3(us), max=7340(us)!
[01:38:35.278] RX< [0m[32m[BE] fid=1080, perf=8910(us), max=8918(us)!
[01:38:35.278] RX< [0m[6] [App Dfs] f_index = 1080, f_len = 179411, cur_total_len = 6805195
[01:38:35.278] RX< [34m[AE] fid=1110,exp=9870,adg=225,Y=4872,mtg=180,shg=100,bgbv=1861,is
[01:38:37.280] RX< o=225,cnv2,hdr0
[01:38:37.280] RX< [0m[7] [cam] [103007][me0][me_core_thread:359]ME out fid 1110
[01:38:37.280] RX< [34m[AE] fid=1140,exp=9870,adg=225,Y=4869,mtg=180,shg=100,bgbv=1861,iso=225,cnv2,hdr0
[01:38:37.280] RX< [0m[7] [cam] [104007][me0][me_core_thread:359]ME out fid 1140
[01:38:37.633] RX< [34m[AE] fid=1170,exp=9870,adg=225,Y=4855,mtg=180,shg=100,bgbv=1857,iso=225,cnv2,hdr0
[01:38:37.633] RX< [0m[34m[b_ae0 proc] perf=573(us), max=634(us)!
[01:38:37.633] RX< [0m[34m[awb0 proc] perf=1367(us), max=1743(us)!
[01:38:37.633] RX< [0m[7] [cam] [105007][me0][me_core_thread:359]ME out fid 1170
[01:38:37.633] RX< [32m[
[01:38:38.297] RX< BE] fid=1170, perf=8915(us), max=8938(us)!
[01:38:38.297] RX< [0m[6] [App Dfs] f_index = 1170, f_len = 179910, cur_total_len = 6810168
[01:38:38.297] RX< [34m[AE] fid=1200,exp=9870,adg=225,Y=4847,mtg=180,shg=100,bgbv=1854,iso=225,cnv2,hdr0
[01:38:38.297] RX< [0m[6] [cam] [105998][dwp0][cpm_cb_dewarp_handle:14
[01:38:39.279] RX< 11]EIS: dewarp done frm=1200, buf_idx=0
[01:38:39.279] RX< [7] [cam] [106007][me0][me_core_thread:359]ME out fid 1200
[01:38:39.279] RX< [34m[ME INTP]fid=1200, shutter=9870, perf=4(us), max=2490(us)!
[01:38:39.279] RX< [0m[34m[AE] fid=1230,exp=9870,adg=225,Y=4855,mtg=180,shg=100,bgbv=1857,iso=225,cnv2,hdr0
[01:38:39.279] RX< [
[01:38:40.281] RX< 0m[7] [cam] [107007][me0][me_core_thread:359]ME out fid 1230
[01:38:40.281] RX< [34m[AE] fid=1260,exp=9870,adg=225,Y=4850,mtg=180,shg=100,bgbv=1857,iso=225,cnv2,hdr0
[01:38:40.281] RX< [0m[34m[b_ae0 proc] perf=384(us), max=669(us)!
[01:38:40.281] RX< [0m[34m[awb0 proc] perf=1402(us), max=1550(us)!
[01:38:40.281] RX< [0m[7] 
[01:38:41.278] RX< [cam] [108007][me0][me_core_thread:359]ME out fid 1260
[01:38:41.278] RX< [32m[BE] fid=1260, perf=8909(us), max=8933(us)!
[01:38:41.278] RX< [0m[6] [App Dfs] f_index = 1260, f_len = 179908, cur_total_len = 6803788
[01:38:41.278] RX< [34m[AE] fid=1290,exp=9870,adg=225,Y=4857,mtg=180,shg=100,bgbv=1857,iso=225,c
[01:38:42.377] RX< nv2,hdr0
[01:38:42.377] RX< [0m[7] [cam] [109006][me0][me_core_thread:359]ME out fid 1290
[01:38:42.377] RX< [34m[AE] fid=1320,exp=9870,adg=225,Y=4850,mtg=180,shg=100,bgbv=1857,iso=225,cnv2,hdr0
[01:38:42.377] RX< [0m[7] [cam] [110006][me0][me_core_thread:359]ME out fid 1320
[01:38:42.377] RX< [34m[ME INTP]fid=1320, shutter=98
[01:38:43.295] RX< 70, perf=3(us), max=284(us)!
[01:38:43.295] RX< [0m[34m[AE] fid=1350,exp=9870,adg=225,Y=4865,mtg=180,shg=100,bgbv=1861,iso=225,cnv2,hdr0
[01:38:43.295] RX< [0m[34m[b_ae0 proc] perf=434(us), max=665(us)!
[01:38:43.295] RX< [0m[34m[awb0 proc] perf=1340(us), max=1561(us)!
[01:38:43.295] RX< [0m[7] [cam] [111006][me0][me_core_
[01:38:44.293] RX< thread:359]ME out fid 1350
[01:38:44.293] RX< [32m[BE] fid=1350, perf=8902(us), max=8909(us)!
[01:38:44.293] RX< [0m[6] [App Dfs] f_index = 1350, f_len = 179592, cur_total_len = 6813312
[01:38:44.293] RX< [34m[AE] fid=1380,exp=9870,adg=225,Y=4868,mtg=180,shg=100,bgbv=1861,iso=225,cnv2,hdr0
[01:38:44.293] RX< [0m[7] [cam] [1120
[01:38:46.295] RX< 06][me0][me_core_thread:359]ME out fid 1380
[01:38:46.295] RX< [34m[AE] fid=1410,exp=9870,adg=225,Y=4872,mtg=180,shg=100,bgbv=1861,iso=225,cnv2,hdr0
[01:38:46.295] RX< [0m[7] [cam] [113006][me0][me_core_thread:359]ME out fid 1410
[01:38:46.295] RX< [34m[AE] fid=1440,exp=9870,adg=225,Y=4866,mtg=180,shg=100,bgb
[01:38:46.295] RX< v=1861,iso=225,cnv2,hdr0
[01:38:46.295] RX< [0m[34m[b_ae0 proc] perf=398(us), max=619(us)!
[01:38:46.295] RX< [0m[34m[awb0 proc] perf=1560(us), max=5306(us)!
[01:38:46.295] RX< [0m[6] [cam] [113997][dwp0][cpm_cb_dewarp_handle:1411]EIS: dewarp done frm=1440, buf_idx=0
[01:38:46.295] RX< [7] [cam] [114006][me0][me_core_thread:
[01:38:47.277] RX< 359]ME out fid 1440
[01:38:47.277] RX< [34m[ME INTP]fid=1440, shutter=9870, perf=4(us), max=254(us)!
[01:38:47.277] RX< [0m[32m[BE] fid=1440, perf=8907(us), max=8910(us)!
[01:38:47.277] RX< [0m[6] [App Dfs] f_index = 1440, f_len = 180713, cur_total_len = 6827154
[01:38:47.277] RX< [34m[AE] fid=1470,exp=9870,adg=225,Y=4869,mtg
[01:38:49.278] RX< =180,shg=100,bgbv=1861,iso=225,cnv2,hdr0
[01:38:49.278] RX< [0m[7] [cam] [115006][me0][me_core_thread:359]ME out fid 1470
[01:38:49.278] RX< [34m[AE] fid=1500,exp=9870,adg=225,Y=4869,mtg=180,shg=100,bgbv=1861,iso=225,cnv2,hdr0
[01:38:49.278] RX< [0m[7] [cam] [116005][me0][me_core_thread:359]ME out fid 1500
[01:38:49.278] RX< [
[01:38:49.630] RX< 34m[AE] fid=1530,exp=9870,adg=225,Y=4871,mtg=180,shg=100,bgbv=1861,iso=225,cnv2,hdr0
[01:38:49.630] RX< [0m[34m[b_ae0 proc] perf=390(us), max=672(us)!
[01:38:49.630] RX< [0m[34m[awb0 proc] perf=1376(us), max=1560(us)!
[01:38:49.630] RX< [0m[7] [cam] [117005][me0][me_core_thread:359]ME out fid 1530
[01:38:49.630] RX< [32m[BE
[01:38:50.292] RX< ] fid=1530, perf=8899(us), max=8918(us)!
[01:38:50.292] RX< [0m[6] [App Dfs] f_index = 1530, f_len = 180354, cur_total_len = 6824655
[01:38:50.292] RX< [34m[AE] fid=1560,exp=9870,adg=225,Y=4876,mtg=180,shg=100,bgbv=1865,iso=225,cnv2,hdr0
[01:38:50.292] RX< [0m[7] [cam] [118005][me0][me_core_thread:359]ME out 
[01:38:52.278] RX< fid 1560
[01:38:52.278] RX< [34m[ME INTP]fid=1560, shutter=9870, perf=4(us), max=312(us)!
[01:38:52.278] RX< [0m[34m[AE] fid=1590,exp=9870,adg=225,Y=4869,mtg=180,shg=100,bgbv=1861,iso=225,cnv2,hdr0
[01:38:52.278] RX< [0m[7] [cam] [119005][me0][me_core_thread:359]ME out fid 1590
[01:38:52.278] RX< [34m[AE] fid=1620,exp=9870,ad
[01:38:52.630] RX< g=225,Y=4860,mtg=180,shg=118,bgbv=1857,iso=225,cnv2,hdr0
[01:38:52.630] RX< [0m[34m[b_ae0 proc] perf=391(us), max=645(us)!
[01:38:52.630] RX< [0m[34m[awb0 proc] perf=1323(us), max=1578(us)!
[01:38:52.630] RX< [0m[7] [cam] [120005][me0][me_core_thread:359]ME out fid 1620
[01:38:52.630] RX< [32m[BE] fid=1620, perf=9011(us), m
[01:38:54.294] RX< ax=9011(us)!
[01:38:54.294] RX< [0m[6] [App Dfs] f_index = 1620, f_len = 189254, cur_total_len = 6893761
[01:38:54.294] RX< [34m[AE] fid=1650,exp=9870,adg=225,Y=4859,mtg=180,shg=117,bgbv=1857,iso=225,cnv2,hdr0
[01:38:54.294] RX< [0m[7] [cam] [121005][me0][me_core_thread:359]ME out fid 1650
[01:38:54.294] RX< [34m[AE] fid=1680,
[01:38:54.376] RX< exp=9870,adg=225,Y=4871,mtg=180,shg=100,bgbv=1861,iso=225,cnv2,hdr0
[01:38:54.376] RX< [0m[6] [cam] [121996][dwp0][cpm_cb_dewarp_handle:1411]EIS: dewarp done frm=1680, buf_idx=0
[01:38:54.376] RX< [7] [cam] [122005][me0][me_core_thread:359]ME out fid 1680
[01:38:54.376] RX< [34m[ME INTP]fid=1680, shutter=9870,
[01:38:55.294] RX<  perf=513(us), max=760(us)!
[01:38:55.294] RX< [0m[34m[AE] fid=1710,exp=9870,adg=225,Y=4832,mtg=180,shg=100,bgbv=1850,iso=225,cnv2,hdr0
[01:38:55.294] RX< [0m[34m[b_ae0 proc] perf=391(us), max=734(us)!
[01:38:55.294] RX< [0m[34m[awb0 proc] perf=1693(us), max=1693(us)!
[01:38:55.294] RX< [0m[7] [cam] [123004][me0][me_core_t
[01:38:56.291] RX< hread:359]ME out fid 1710
[01:38:56.291] RX< [32m[BE] fid=1710, perf=8890(us), max=9011(us)!
[01:38:56.291] RX< [0m[6] [App Dfs] f_index = 1710, f_len = 179788, cur_total_len = 6851017
[01:38:56.291] RX< [34m[AE] fid=1740,exp=9870,adg=225,Y=4833,mtg=180,shg=100,bgbv=1850,iso=225,cnv2,hdr0
[01:38:56.291] RX< [0m[7] [cam] [12400
[01:38:58.293] RX< 4][me0][me_core_thread:359]ME out fid 1740
[01:38:58.293] RX< [34m[AE] fid=1770,exp=9870,adg=225,Y=4840,mtg=180,shg=100,bgbv=1854,iso=225,cnv2,hdr0
[01:38:58.293] RX< [0m[7] [cam] [125004][me0][me_core_thread:359]ME out fid 1770
[01:38:58.293] RX< [34m[AE] fid=1800,exp=9870,adg=225,Y=4834,mtg=180,shg=100,bgbv
[01:38:58.630] RX< =1850,iso=225,cnv2,hdr0
[01:38:58.630] RX< [0m[34m[b_ae0 proc] perf=427(us), max=652(us)!
[01:38:58.630] RX< [0m[34m[awb0 proc] perf=1523(us), max=1731(us)!
[01:38:58.630] RX< [0m[7] [cam] [126004][me0][me_core_thread:359]ME out fid 1800
[01:38:58.630] RX< [34m[ME INTP]fid=1800, shutter=9870, perf=3(us), max=2371(us)!
[01:38:58.630] RX< [0m
[01:38:59.291] RX< [32m[BE] fid=1800, perf=8944(us), max=8944(us)!
[01:38:59.291] RX< [0m[6] [App Dfs] f_index = 1800, f_len = 180954, cur_total_len = 6846955
[01:38:59.291] RX< [34m[AE] fid=1830,exp=9870,adg=225,Y=4831,mtg=180,shg=100,bgbv=1850,iso=225,cnv2,hdr0
[01:38:59.291] RX< [0m[7] [cam] [127004][me0][me_core_thread:359]
[01:39:01.276] RX< ME out fid 1830
[01:39:01.276] RX< [34m[AE] fid=1860,exp=9870,adg=225,Y=4830,mtg=180,shg=100,bgbv=1850,iso=225,cnv2,hdr0
[01:39:01.276] RX< [0m[7] [cam] [128004][me0][me_core_thread:359]ME out fid 1860
[01:39:01.276] RX< [34m[AE] fid=1890,exp=9870,adg=225,Y=4826,mtg=180,shg=117,bgbv=1850,iso=225,cnv2,hdr0
[01:39:01.276] RX< [0
[01:39:01.651] RX< m[34m[b_ae0 proc] perf=383(us), max=701(us)!
[01:39:01.651] RX< [0m[34m[awb0 proc] perf=1303(us), max=1523(us)!
[01:39:01.651] RX< [0m[7] [cam] [129004][me0][me_core_thread:359]ME out fid 1890
[01:39:01.651] RX< [32m[BE] fid=1890, perf=8887(us), max=8944(us)!
[01:39:01.651] RX< [0m[6] [App Dfs] f_index = 1890, f_len = 17645
[01:39:02.292] RX< 6, cur_total_len = 6832024
[01:39:02.292] RX< [34m[AE] fid=1920,exp=9870,adg=225,Y=4830,mtg=180,shg=100,bgbv=1850,iso=225,cnv2,hdr0
[01:39:02.292] RX< [0m[6] [cam] [129995][dwp0][cpm_cb_dewarp_handle:1411]EIS: dewarp done frm=1920, buf_idx=0
[01:39:02.292] RX< [7] [cam] [130004][me0][me_core_thread:359]ME out 
[01:39:04.276] RX< fid 1920
[01:39:04.276] RX< [34m[ME INTP]fid=1920, shutter=9870, perf=3(us), max=2275(us)!
[01:39:04.276] RX< [0m[34m[AE] fid=1950,exp=9870,adg=225,Y=4839,mtg=180,shg=100,bgbv=1854,iso=225,cnv2,hdr0
[01:39:04.276] RX< [0m[7] [cam] [131003][me0][me_core_thread:359]ME out fid 1950
[01:39:04.276] RX< [34m[AE] fid=1980,exp=9870,a
[01:39:04.628] RX< dg=225,Y=4857,mtg=180,shg=100,bgbv=1857,iso=225,cnv2,hdr0
[01:39:04.628] RX< [0m[34m[b_ae0 proc] perf=390(us), max=716(us)!
[01:39:04.628] RX< [0m[34m[awb0 proc] perf=1327(us), max=1667(us)!
[01:39:04.628] RX< [0m[7] [cam] [132003][me0][me_core_thread:359]ME out fid 1980
[01:39:04.628] RX< [32m[BE] fid=1980, perf=8903(us), 
[01:39:06.273] RX< max=8913(us)!
[01:39:06.273] RX< [0m[6] [App Dfs] f_index = 1980, f_len = 180782, cur_total_len = 6797425
[01:39:06.273] RX< [34m[AE] fid=2010,exp=9870,adg=225,Y=4843,mtg=180,shg=100,bgbv=1854,iso=225,cnv2,hdr0
[01:39:06.273] RX< [0m[7] [cam] [133003][me0][me_core_thread:359]ME out fid 2010
[01:39:06.273] RX< [34m[AE] fid=2040
[01:39:07.275] RX< ,exp=9870,adg=225,Y=4823,mtg=180,shg=100,bgbv=1846,iso=225,cnv2,hdr0
[01:39:07.275] RX< [0m[7] [cam] [134003][me0][me_core_thread:359]ME out fid 2040
[01:39:07.275] RX< [34m[ME INTP]fid=2040, shutter=9870, perf=4(us), max=2880(us)!
[01:39:07.275] RX< [0m[34m[AE] fid=2070,exp=9870,adg=225,Y=4829,mtg=180,shg=1
[01:39:07.653] RX< 00,bgbv=1850,iso=225,cnv2,hdr0
[01:39:07.653] RX< [0m[34m[b_ae0 proc] perf=384(us), max=714(us)!
[01:39:07.653] RX< [0m[34m[awb0 proc] perf=1376(us), max=1522(us)!
[01:39:07.653] RX< [0m[7] [cam] [135003][me0][me_core_thread:359]ME out fid 2070
[01:39:07.653] RX< [32m[BE] fid=2070, perf=8925(us), max=8925(us)!
[01:39:07.653] RX< [0m[6] [App 
[01:39:09.273] RX< Dfs] f_index = 2070, f_len = 179627, cur_total_len = 6833349
[01:39:09.273] RX< [34m[AE] fid=2100,exp=9870,adg=225,Y=4834,mtg=180,shg=100,bgbv=1850,iso=225,cnv2,hdr0
[01:39:09.273] RX< [0m[7] [cam] [136003][me0][me_core_thread:359]ME out fid 2100
[01:39:09.273] RX< [34m[AE] fid=2130,exp=9870,adg=225,Y=4842,mt
[01:39:10.291] RX< g=180,shg=100,bgbv=1854,iso=225,cnv2,hdr0
[01:39:10.291] RX< [0m[7] [cam] [137003][me0][me_core_thread:359]ME out fid 2130
[01:39:10.291] RX< [34m[AE] fid=2160,exp=9870,adg=225,Y=4835,mtg=180,shg=100,bgbv=1850,iso=225,cnv2,hdr0
[01:39:10.291] RX< [0m[34m[b_ae0 proc] perf=578(us), max=619(us)!
[01:39:10.291] RX< [0m[34m[awb0
[01:39:10.629] RX<  proc] perf=1335(us), max=1556(us)!
[01:39:10.629] RX< [0m[6] [cam] [137994][dwp0][cpm_cb_dewarp_handle:1411]EIS: dewarp done frm=2160, buf_idx=0
[01:39:10.629] RX< [7] [cam] [138002][me0][me_core_thread:359]ME out fid 2160
[01:39:10.629] RX< [34m[ME INTP]fid=2160, shutter=9870, perf=4(us), max=360(us)!
[01:39:10.629] RX< [0m[
[01:39:11.288] RX< 32m[BE] fid=2160, perf=8908(us), max=8937(us)!
[01:39:11.288] RX< [0m[6] [App Dfs] f_index = 2160, f_len = 180987, cur_total_len = 6900321
[01:39:11.288] RX< [34m[AE] fid=2190,exp=9870,adg=225,Y=4834,mtg=180,shg=100,bgbv=1850,iso=225,cnv2,hdr0
[01:39:11.288] RX< [0m[7] [cam] [139002][me0][me_core_thread:359]M
[01:39:13.274] RX< E out fid 2190
[01:39:13.274] RX< [34m[AE] fid=2220,exp=9870,adg=225,Y=4833,mtg=180,shg=100,bgbv=1850,iso=225,cnv2,hdr0
[01:39:13.274] RX< [0m[7] [cam] [140002][me0][me_core_thread:359]ME out fid 2220
[01:39:13.274] RX< [34m[AE] fid=2250,exp=9870,adg=225,Y=4832,mtg=180,shg=100,bgbv=1850,iso=225,cnv2,hdr0
[01:39:13.274] RX< [0m
[01:39:13.651] RX< [34m[b_ae0 proc] perf=390(us), max=696(us)!
[01:39:13.651] RX< [0m[34m[awb0 proc] perf=1326(us), max=1632(us)!
[01:39:13.651] RX< [0m[7] [cam] [141002][me0][me_core_thread:359]ME out fid 2250
[01:39:13.651] RX< [32m[BE] fid=2250, perf=8907(us), max=8908(us)!
[01:39:13.651] RX< [0m[6] [App Dfs] f_index = 2250, f_len = 181066
[01:39:15.272] RX< , cur_total_len = 6864580
[01:39:15.272] RX< [34m[AE] fid=2280,exp=9870,adg=225,Y=4831,mtg=180,shg=100,bgbv=1850,iso=225,cnv2,hdr0
[01:39:15.272] RX< [0m[7] [cam] [142002][me0][me_core_thread:359]ME out fid 2280
[01:39:15.272] RX< [34m[ME INTP]fid=2280, shutter=9870, perf=4(us), max=41(us)!
[01:39:15.272] RX< [0m[34m[AE] fid=
[01:39:16.274] RX< 2310,exp=9870,adg=225,Y=4832,mtg=180,shg=100,bgbv=1850,iso=225,cnv2,hdr0
[01:39:16.274] RX< [0m[7] [cam] [143002][me0][me_core_thread:359]ME out fid 2310
[01:39:16.274] RX< [34m[AE] fid=2340,exp=9870,adg=225,Y=4833,mtg=180,shg=100,bgbv=1850,iso=225,cnv2,hdr0
[01:39:16.274] RX< [0m[34m[b_ae0 proc] perf=564(us
[01:39:17.272] RX< ), max=616(us)!
[01:39:17.272] RX< [0m[34m[awb0 proc] perf=1376(us), max=1674(us)!
[01:39:17.272] RX< [0m[7] [cam] [144002][me0][me_core_thread:359]ME out fid 2340
[01:39:17.272] RX< [32m[BE] fid=2340, perf=8882(us), max=8937(us)!
[01:39:17.272] RX< [0m[6] [App Dfs] f_index = 2340, f_len = 179566, cur_total_len = 6825680
[01:39:17.272] RX< [3
[01:39:18.289] RX< 4m[AE] fid=2370,exp=9870,adg=225,Y=4834,mtg=180,shg=100,bgbv=1850,iso=225,cnv2,hdr0
[01:39:18.289] RX< [0m[7] [cam] [145001][me0][me_core_thread:359]ME out fid 2370
[01:39:18.289] RX< [34m[AE] fid=2400,exp=9870,adg=225,Y=4839,mtg=180,shg=100,bgbv=1854,iso=225,cnv2,hdr0
[01:39:18.289] RX< [0m[6] [cam] [145993]
[01:39:19.273] RX< [dwp0][cpm_cb_dewarp_handle:1411]EIS: dewarp done frm=2400, buf_idx=0
[01:39:19.273] RX< [7] [cam] [146001][me0][me_core_thread:359]ME out fid 2400
[01:39:19.273] RX< [34m[ME INTP]fid=2400, shutter=9870, perf=3(us), max=253(us)!
[01:39:19.273] RX< [0m[34m[AE] fid=2430,exp=9870,adg=225,Y=4841,mtg=180,shg=100,b
[01:39:19.651] RX< gbv=1854,iso=225,cnv2,hdr0
[01:39:19.651] RX< [0m[34m[b_ae0 proc] perf=397(us), max=622(us)!
[01:39:19.651] RX< [0m[34m[awb0 proc] perf=1382(us), max=1611(us)!
[01:39:19.651] RX< [0m[7] [cam] [147001][me0][me_core_thread:359]ME out fid 2430
[01:39:19.651] RX< [32m[BE] fid=2430, perf=8903(us), max=8911(us)!
[01:39:19.651] RX< [0m[6] [App Dfs]
[01:39:21.271] RX<  f_index = 2430, f_len = 180489, cur_total_len = 6830477
[01:39:21.271] RX< [34m[AE] fid=2460,exp=9870,adg=225,Y=4844,mtg=180,shg=100,bgbv=1854,iso=225,cnv2,hdr0
[01:39:21.271] RX< [0m[7] [cam] [148001][me0][me_core_thread:359]ME out fid 2460
[01:39:21.271] RX< [34m[AE] fid=2490,exp=9870,adg=225,Y=4847,mtg=18
[01:39:22.272] RX< 0,shg=100,bgbv=1854,iso=225,cnv2,hdr0
[01:39:22.272] RX< [0m[7] [cam] [149001][me0][me_core_thread:359]ME out fid 2490
[01:39:22.272] RX< [34m[AE] fid=2520,exp=9870,adg=225,Y=4852,mtg=180,shg=100,bgbv=1857,iso=225,cnv2,hdr0
[01:39:22.272] RX< [0m[34m[b_ae0 proc] perf=610(us), max=641(us)!
[01:39:22.272] RX< [0m[34m[awb0 pro
[01:39:22.650] RX< c] perf=1328(us), max=1657(us)!
[01:39:22.650] RX< [0m[7] [cam] [150001][me0][me_core_thread:359]ME out fid 2520
[01:39:22.650] RX< [34m[ME INTP]fid=2520, shutter=9870, perf=4(us), max=293(us)!
[01:39:22.650] RX< [0m[32m[BE] fid=2520, perf=8910(us), max=8910(us)!
[01:39:22.650] RX< [0m[6] [App Dfs] f_index = 2520, f_len = 180
[01:39:24.270] RX< 721, cur_total_len = 6813729
[01:39:24.270] RX< [34m[AE] fid=2550,exp=9870,adg=225,Y=4860,mtg=180,shg=100,bgbv=1857,iso=225,cnv2,hdr0
[01:39:24.270] RX< [0m[7] [cam] [151001][me0][me_core_thread:359]ME out fid 2550
[01:39:24.270] RX< [34m[AE] fid=2580,exp=9870,adg=225,Y=4863,mtg=180,shg=100,bgbv=1861,iso=225,
[01:39:25.272] RX< cnv2,hdr0
[01:39:25.272] RX< [0m[7] [cam] [152001][me0][me_core_thread:359]ME out fid 2580
[01:39:25.272] RX< [34m[AE] fid=2610,exp=9870,adg=225,Y=4864,mtg=180,shg=100,bgbv=1861,iso=225,cnv2,hdr0
[01:39:25.272] RX< [0m[34m[b_ae0 proc] perf=394(us), max=612(us)!
[01:39:25.272] RX< [0m[34m[awb0 proc] perf=1391(us), max=1457(u
[01:39:26.288] RX< s)!
[01:39:26.288] RX< [0m[7] [cam] [153000][me0][me_core_thread:359]ME out fid 2610
[01:39:26.288] RX< [32m[BE] fid=2610, perf=8911(us), max=8926(us)!
[01:39:26.288] RX< [0m[6] [App Dfs] f_index = 2610, f_len = 180624, cur_total_len = 6829850
[01:39:26.288] RX< [34m[AE] fid=2640,exp=9870,adg=225,Y=4865,mtg=180,shg=100,bgbv=18
[01:39:27.269] RX< 61,iso=225,cnv2,hdr0
[01:39:27.269] RX< [0m[6] [cam] [153992][dwp0][cpm_cb_dewarp_handle:1411]EIS: dewarp done frm=2640, buf_idx=0
[01:39:27.269] RX< [7] [cam] [154000][me0][me_core_thread:359]ME out fid 2640
[01:39:27.269] RX< [34m[ME INTP]fid=2640, shutter=9870, perf=3(us), max=337(us)!
[01:39:27.269] RX< [0m[34m[AE] fid=267
[01:39:28.272] RX< 0,exp=9870,adg=225,Y=4827,mtg=180,shg=108,bgbv=1850,iso=225,cnv2,hdr0
[01:39:28.272] RX< [0m[7] [cam] [155000][me0][me_core_thread:359]ME out fid 2670
[01:39:28.272] RX< [34m[AE] fid=2700,exp=9870,adg=225,Y=4839,mtg=180,shg=100,bgbv=1854,iso=225,cnv2,hdr0
[01:39:28.272] RX< [0m[34m[b_ae0 proc] perf=395(us), 
[01:39:29.270] RX< max=637(us)!
[01:39:29.270] RX< [0m[34m[awb0 proc] perf=1381(us), max=1603(us)!
[01:39:29.270] RX< [0m[7] [cam] [156000][me0][me_core_thread:359]ME out fid 2700
[01:39:29.270] RX< [32m[BE] fid=2700, perf=8911(us), max=8911(us)!
[01:39:29.270] RX< [0m[6] [App Dfs] f_index = 2700, f_len = 181670, cur_total_len = 6804922
[01:39:29.270] RX< [34m[
[01:39:30.284] RX< AE] fid=2730,exp=9870,adg=225,Y=4828,mtg=180,shg=100,bgbv=1850,iso=225,cnv2,hdr0
[01:39:30.284] RX< [0m[7] [cam] [157000][me0][me_core_thread:359]ME out fid 2730
[01:39:30.284] RX< [34m[AE] fid=2760,exp=9910,adg=225,Y=4784,mtg=180,shg=116,bgbv=1835,iso=225,cnv2,hdr0
[01:39:30.284] RX< [0m[7] [cam] [158000][me
[01:39:31.270] RX< 0][me_core_thread:359]ME out fid 2760
[01:39:31.270] RX< [34m[ME INTP]fid=2760, shutter=9910, perf=139(us), max=2987(us)!
[01:39:31.270] RX< [0m[34m[AE] fid=2790,exp=9870,adg=225,Y=4841,mtg=180,shg=117,bgbv=1854,iso=225,cnv2,hdr0
[01:39:31.270] RX< [0m[34m[b_ae0 proc] perf=490(us), max=665(us)!
[01:39:31.270] RX< [0m[34m[a
[01:39:32.268] RX< wb0 proc] perf=1324(us), max=1495(us)!
[01:39:32.268] RX< [0m[7] [cam] [159000][me0][me_core_thread:359]ME out fid 2790
[01:39:32.268] RX< [32m[BE] fid=2790, perf=8890(us), max=8912(us)!
[01:39:32.268] RX< [0m[6] [App Dfs] f_index = 2790, f_len = 178345, cur_total_len = 6837933
[01:39:32.268] RX< [34m[AE] fid=2820,exp=9910,adg
[01:39:33.284] RX< =225,Y=4819,mtg=180,shg=116,bgbv=1841,iso=225,cnv2,hdr0
[01:39:33.284] RX< [0m[7] [cam] [159999][me0][me_core_thread:359]ME out fid 2820
[01:39:33.284] RX< [34m[AE] fid=2850,exp=9910,adg=225,Y=4834,mtg=180,shg=117,bgbv=1845,iso=225,cnv2,hdr0
[01:39:33.284] RX< [0m[7] [cam] [160999][me0][me_core_thread:359]ME 
[01:39:34.286] RX< out fid 2850
[01:39:34.286] RX< [34m[AE] fid=2880,exp=9910,adg=225,Y=4816,mtg=180,shg=116,bgbv=1841,iso=225,cnv2,hdr0
[01:39:34.286] RX< [0m[34m[b_ae0 proc] perf=396(us), max=625(us)!
[01:39:34.286] RX< [0m[34m[awb0 proc] perf=1330(us), max=1545(us)!
[01:39:34.286] RX< [0m[6] [cam] [161991][dwp0][cpm_cb_dewarp_handle:1411]E
[01:39:34.647] RX< IS: dewarp done frm=2880, buf_idx=0
[01:39:34.647] RX< [7] [cam] [161999][me0][me_core_thread:359]ME out fid 2880
[01:39:34.647] RX< [34m[ME INTP]fid=2880, shutter=9910, perf=256(us), max=768(us)!
[01:39:34.647] RX< [0m[32m[BE] fid=2880, perf=8892(us), max=8905(us)!
[01:39:34.647] RX< [0m[6] [App Dfs] f_index = 2880, f_len = 1
[01:39:36.267] RX< 78996, cur_total_len = 6776096
[01:39:36.267] RX< [34m[AE] fid=2910,exp=9910,adg=225,Y=4827,mtg=180,shg=117,bgbv=1845,iso=225,cnv2,hdr0
[01:39:36.267] RX< [0m[7] [cam] [162999][me0][me_core_thread:359]ME out fid 2910
[01:39:36.267] RX< [34m[AE] fid=2940,exp=9910,adg=225,Y=4812,mtg=180,shg=105,bgbv=1837,iso=22
[01:39:37.269] RX< 5,cnv2,hdr0
[01:39:37.269] RX< [0m[7] [cam] [163999][me0][me_core_thread:359]ME out fid 2940
[01:39:37.269] RX< [34m[AE] fid=2970,exp=9910,adg=225,Y=4824,mtg=180,shg=100,bgbv=1841,iso=225,cnv2,hdr0
[01:39:37.269] RX< [0m[34m[b_ae0 proc] perf=394(us), max=670(us)!
[01:39:37.269] RX< [0m[34m[awb0 proc] perf=1543(us), max=1543
[01:39:38.267] RX< (us)!
[01:39:38.267] RX< [0m[7] [cam] [164999][me0][me_core_thread:359]ME out fid 2970
[01:39:38.267] RX< [32m[BE] fid=2970, perf=8879(us), max=8897(us)!
[01:39:38.267] RX< [0m[6] [App Dfs] f_index = 2970, f_len = 180157, cur_total_len = 6827613
[01:39:38.267] RX< [34m[AE] fid=3000,exp=9910,adg=225,Y=4815,mtg=180,shg=100,bgbv=
[01:39:39.284] RX< 1841,iso=225,cnv2,hdr0
[01:39:39.284] RX< [0m[7] [cam] [165999][me0][me_core_thread:359]ME out fid 3000
[01:39:39.284] RX< [34m[ME INTP]fid=3000, shutter=9910, perf=4(us), max=743(us)!
[01:39:39.284] RX< [0m[34m[AE] fid=3030,exp=9910,adg=225,Y=4815,mtg=180,shg=117,bgbv=1841,iso=225,cnv2,hdr0
[01:39:39.284] RX< [0m[7] [cam] [1
[01:39:40.285] RX< 66998][me0][me_core_thread:359]ME out fid 3030
[01:39:40.285] RX< [34m[AE] fid=3060,exp=9910,adg=225,Y=4787,mtg=180,shg=122,bgbv=1830,iso=225,cnv2,hdr0
[01:39:40.285] RX< [0m[34m[b_ae0 proc] perf=577(us), max=622(us)!
[01:39:40.285] RX< [0m[34m[awb0 proc] perf=1413(us), max=1580(us)!
[01:39:40.285] RX< [0m[7] [cam] [167998]
[01:39:41.267] RX< [me0][me_core_thread:359]ME out fid 3060
[01:39:41.267] RX< [32m[BE] fid=3060, perf=8911(us), max=8920(us)!
[01:39:41.267] RX< [0m[6] [App Dfs] f_index = 3060, f_len = 182254, cur_total_len = 6826274
[01:39:41.267] RX< [34m[AE] fid=3090,exp=10000,adg=225,Y=4751,mtg=180,shg=150,bgbv=1816,iso=225,cnv2,hdr0
[01:39:41.267] RX< [0m
[01:39:42.285] RX< [7] [cam] [168998][me0][me_core_thread:359]ME out fid 3090
[01:39:42.285] RX< [34m[AE] fid=3120,exp=10090,adg=232,Y=4835,mtg=180,shg=149,bgbv=1791,iso=232,cnv2,hdr0
[01:39:42.285] RX< [0m[6] [cam] [169990][dwp0][cpm_cb_dewarp_handle:1411]EIS: dewarp done frm=3120, buf_idx=0
[01:39:42.285] RX< [7] [cam] [169998
[01:39:43.269] RX< ][me0][me_core_thread:359]ME out fid 3120
[01:39:43.269] RX< [34m[ME INTP]fid=3120, shutter=10090, perf=3(us), max=974(us)!
[01:39:43.269] RX< [0m[34m[AE] fid=3150,exp=10090,adg=232,Y=4855,mtg=180,shg=150,bgbv=1798,iso=232,cnv2,hdr0
[01:39:43.269] RX< [0m[34m[b_ae0 proc] perf=609(us), max=739(us)!
[01:39:43.269] RX< [0m[34
[01:39:44.266] RX< m[awb0 proc] perf=1443(us), max=1547(us)!
[01:39:44.266] RX< [0m[7] [cam] [170998][me0][me_core_thread:359]ME out fid 3150
[01:39:44.266] RX< [32m[BE] fid=3150, perf=8733(us), max=8911(us)!
[01:39:44.266] RX< [0m[6] [App Dfs] f_index = 3150, f_len = 170865, cur_total_len = 6812743
[01:39:44.266] RX< [34m[AE] fid=3180,exp=10090
[01:39:45.283] RX< ,adg=232,Y=4865,mtg=180,shg=150,bgbv=1802,iso=232,cnv2,hdr0
[01:39:45.283] RX< [0m[7] [cam] [171998][me0][me_core_thread:359]ME out fid 3180
[01:39:45.283] RX< [34m[AE] fid=3210,exp=10090,adg=232,Y=4830,mtg=180,shg=150,bgbv=1791,iso=232,cnv2,hdr0
[01:39:45.283] RX< [0m[7] [cam] [172998][me0][me_core_thread:35
[01:39:46.284] RX< 9]ME out fid 3210
[01:39:46.284] RX< [34m[AE] fid=3240,exp=10090,adg=232,Y=4829,mtg=180,shg=150,bgbv=1791,iso=232,cnv2,hdr0
[01:39:46.284] RX< [0m[34m[b_ae0 proc] perf=430(us), max=611(us)!
[01:39:46.284] RX< [0m[34m[awb0 proc] perf=1381(us), max=1619(us)!
[01:39:46.284] RX< [0m[7] [cam] [173998][me0][me_core_thread:359]ME 
[01:39:47.265] RX< out fid 3240
[01:39:47.265] RX< [34m[ME INTP]fid=3240, shutter=10090, perf=4(us), max=542(us)!
[01:39:47.265] RX< [0m[32m[BE] fid=3240, perf=8729(us), max=8844(us)!
[01:39:47.265] RX< [0m[6] [App Dfs] f_index = 3240, f_len = 171395, cur_total_len = 6833917
[01:39:47.265] RX< [34m[AE] fid=3270,exp=10040,adg=232,Y=4919,mtg=180,
[01:39:49.267] RX< shg=150,bgbv=1817,iso=232,cnv2,hdr0
[01:39:49.267] RX< [0m[7] [cam] [174997][me0][me_core_thread:359]ME out fid 3270
[01:39:49.267] RX< [34m[AE] fid=3300,exp=10040,adg=232,Y=4905,mtg=180,shg=120,bgbv=1815,iso=232,cnv2,hdr0
[01:39:49.267] RX< [0m[7] [cam] [175997][me0][me_core_thread:359]ME out fid 3300
[01:39:49.267] RX< [34m[
[01:39:49.619] RX< AE] fid=3330,exp=10040,adg=232,Y=4912,mtg=180,shg=120,bgbv=1815,iso=232,cnv2,hdr0
[01:39:49.619] RX< [0m[34m[b_ae0 proc] perf=397(us), max=678(us)!
[01:39:49.619] RX< [0m[34m[awb0 proc] perf=1543(us), max=1553(us)!
[01:39:49.619] RX< [0m[7] [cam] [176997][me0][me_core_thread:359]ME out fid 3330
[01:39:49.619] RX< [32m[BE] f
[01:39:50.283] RX< id=3330, perf=8752(us), max=8867(us)!
[01:39:50.283] RX< [0m[6] [App Dfs] f_index = 3330, f_len = 169723, cur_total_len = 6834747
[01:39:50.283] RX< [34m[AE] fid=3360,exp=10040,adg=232,Y=4913,mtg=180,shg=120,bgbv=1819,iso=232,cnv2,hdr0
[01:39:50.283] RX< [0m[6] [cam] [177989][dwp0][cpm_cb_dewarp_handle:1411]E
[01:39:51.281] RX< IS: dewarp done frm=3360, buf_idx=0
[01:39:51.281] RX< [7] [cam] [177997][me0][me_core_thread:359]ME out fid 3360
[01:39:51.281] RX< [34m[ME INTP]fid=3360, shutter=10040, perf=4(us), max=707(us)!
[01:39:51.281] RX< [0m[34m[AE] fid=3390,exp=10040,adg=232,Y=4916,mtg=180,shg=120,bgbv=1819,iso=232,cnv2,hdr0
[01:39:51.281] RX< [0m[
[01:39:52.283] RX< 7] [cam] [178997][me0][me_core_thread:359]ME out fid 3390
[01:39:52.283] RX< [34m[AE] fid=3420,exp=10040,adg=232,Y=4913,mtg=180,shg=120,bgbv=1819,iso=232,cnv2,hdr0
[01:39:52.283] RX< [0m[34m[b_ae0 proc] perf=397(us), max=642(us)!
[01:39:52.283] RX< [0m[34m[awb0 proc] perf=1310(us), max=1701(us)!
[01:39:52.283] RX< [0m[7] [c
[01:39:53.265] RX< am] [179997][me0][me_core_thread:359]ME out fid 3420
[01:39:53.265] RX< [32m[BE] fid=3420, perf=8892(us), max=8911(us)!
[01:39:53.265] RX< [0m[6] [App Dfs] f_index = 3420, f_len = 180065, cur_total_len = 6840786
[01:39:53.265] RX< [34m[AE] fid=3450,exp=10040,adg=232,Y=4908,mtg=180,shg=120,bgbv=1815,iso=232,cn
[01:39:54.365] RX< v2,hdr0
[01:39:54.365] RX< [0m[7] [cam] [180997][me0][me_core_thread:359]ME out fid 3450
[01:39:54.365] RX< [34m[AE] fid=3480,exp=10040,adg=232,Y=4921,mtg=180,shg=120,bgbv=1819,iso=232,cnv2,hdr0
[01:39:54.365] RX< [0m[7] [cam] [181996][me0][me_core_thread:359]ME out fid 3480
[01:39:54.365] RX< [34m[ME INTP]fid=3480, shutter=10
[01:39:55.282] RX< 040, perf=4(us), max=480(us)!
[01:39:55.282] RX< [0m[34m[AE] fid=3510,exp=10040,adg=232,Y=4834,mtg=180,shg=150,bgbv=1793,iso=232,cnv2,hdr0
[01:39:55.282] RX< [0m[34m[b_ae0 proc] perf=435(us), max=613(us)!
[01:39:55.282] RX< [0m[34m[awb0 proc] perf=1396(us), max=1663(us)!
[01:39:55.282] RX< [0m[7] [cam] [182996][me0][me_cor
[01:39:56.281] RX< e_thread:359]ME out fid 3510
[01:39:56.281] RX< [32m[BE] fid=3510, perf=8749(us), max=8933(us)!
[01:39:56.281] RX< [0m[6] [App Dfs] f_index = 3510, f_len = 168945, cur_total_len = 6794690
[01:39:56.281] RX< [34m[AE] fid=3540,exp=14100,adg=300,Y=3481,mtg=180,shg=104,bgbv=782,iso=300,cnv2,hdr0
[01:39:56.281] RX< [0m[7] [cam] [18
[01:39:58.282] RX< 3996][me0][me_core_thread:359]ME out fid 3540
[01:39:58.282] RX< [34m[AE] fid=3570,exp=11140,adg=300,Y=4995,mtg=180,shg=135,bgbv=1312,iso=300,cnv2,hdr0
[01:39:58.282] RX< [0m[7] [cam] [184996][me0][me_core_thread:359]ME out fid 3570
[01:39:58.282] RX< [34m[AE] fid=3600,exp=11140,adg=300,Y=3332,mtg=180,shg=146
[01:39:58.283] RX< ,bgbv=978,iso=300,cnv2,hdr0
[01:39:58.283] RX< [0m[34m[b_ae0 proc] perf=391(us), max=726(us)!
[01:39:58.283] RX< [0m[34m[awb0 proc] perf=1542(us), max=1542(us)!
[01:39:58.283] RX< [0m[6] [cam] [185988][dwp0][cpm_cb_dewarp_handle:1411]EIS: dewarp done frm=3600, buf_idx=0
[01:39:58.283] RX< [7] [cam] [185996][me0][me_core_thre
[01:39:59.264] RX< ad:359]ME out fid 3600
[01:39:59.264] RX< [34m[ME INTP]fid=3600, shutter=11140, perf=765(us), max=3338(us)!
[01:39:59.264] RX< [0m[32m[BE] fid=3600, perf=8216(us), max=8749(us)!
[01:39:59.264] RX< [0m[6] [App Dfs] f_index = 3600, f_len = 144106, cur_total_len = 6793702
[01:39:59.264] RX< [34m[AE] fid=3630,exp=13860,adg=300,Y=
[01:40:00.279] RX< 4333,mtg=180,shg=149,bgbv=1027,iso=300,cnv2,hdr0
[01:40:00.279] RX< [0m[7] [cam] [186996][me0][me_core_thread:359]ME out fid 3630
[01:40:00.279] RX< [34m[AE] fid=3660,exp=12340,adg=300,Y=4723,mtg=180,shg=129,bgbv=1216,iso=300,cnv2,hdr0
[01:40:00.279] RX< [0m[7] [cam] [187996][me0][me_core_thread:359]ME out fi
[01:40:01.282] RX< d 3660
[01:40:01.282] RX< [34m[AE] fid=3690,exp=10110,adg=275,Y=5018,mtg=180,shg=149,bgbv=1592,iso=275,cnv2,hdr0
[01:40:01.282] RX< [0m[34m[b_ae0 proc] perf=405(us), max=690(us)!
[01:40:01.282] RX< [0m[34m[awb0 proc] perf=1378(us), max=1715(us)!
[01:40:01.282] RX< [0m[7] [cam] [188995][me0][me_core_thread:359]ME out fid 369
[01:40:02.281] RX< 0
[01:40:02.281] RX< [32m[BE] fid=3690, perf=8728(us), max=8728(us)!
[01:40:02.281] RX< [0m[6] [App Dfs] f_index = 3690, f_len = 169938, cur_total_len = 6871814
[01:40:02.281] RX< [34m[AE] fid=3720,exp=10000,adg=250,Y=4900,mtg=180,shg=149,bgbv=1712,iso=250,cnv2,hdr0
[01:40:02.281] RX< [0m[7] [cam] [189995][me0][me_core_thread:
[01:40:04.265] RX< 359]ME out fid 3720
[01:40:04.265] RX< [34m[ME INTP]fid=3720, shutter=10000, perf=492(us), max=7772(us)!
[01:40:04.265] RX< [0m[34m[AE] fid=3750,exp=9920,adg=238,Y=4903,mtg=180,shg=149,bgbv=1792,iso=238,cnv2,hdr0
[01:40:04.265] RX< [0m[7] [cam] [190995][me0][me_core_thread:359]ME out fid 3750
[01:40:04.265] RX< [34m[AE] fid=3
[01:40:04.617] RX< 780,exp=9920,adg=238,Y=4934,mtg=180,shg=150,bgbv=1809,iso=238,cnv2,hdr0
[01:40:04.617] RX< [0m[34m[b_ae0 proc] perf=547(us), max=673(us)!
[01:40:04.617] RX< [0m[34m[awb0 proc] perf=1317(us), max=1704(us)!
[01:40:04.617] RX< [0m[7] [cam] [191995][me0][me_core_thread:359]ME out fid 3780
[01:40:04.617] RX< [32m[BE] fid=3780, p
[01:40:06.281] RX< erf=8871(us), max=8871(us)!
[01:40:06.281] RX< [0m[6] [App Dfs] f_index = 3780, f_len = 185205, cur_total_len = 6811989
[01:40:06.281] RX< [34m[AE] fid=3810,exp=9920,adg=238,Y=4898,mtg=180,shg=129,bgbv=1798,iso=238,cnv2,hdr0
[01:40:06.281] RX< [0m[7] [cam] [192995][me0][me_core_thread:359]ME out fid 3810
[01:40:06.281] RX< [34
[01:40:06.362] RX< m[AE] fid=3840,exp=9920,adg=238,Y=4912,mtg=180,shg=121,bgbv=1801,iso=238,cnv2,hdr0
[01:40:06.362] RX< [0m[6] [cam] [193987][dwp0][cpm_cb_dewarp_handle:1411]EIS: dewarp done frm=3840, buf_idx=0
[01:40:06.362] RX< [7] [cam] [193995][me0][me_core_thread:359]ME out fid 3840
[01:40:06.362] RX< [34m[ME INTP]fid=3840
[01:40:07.281] RX< , shutter=9920, perf=549(us), max=2665(us)!
[01:40:07.281] RX< [0m[34m[AE] fid=3870,exp=9920,adg=238,Y=4923,mtg=180,shg=121,bgbv=1805,iso=238,cnv2,hdr0
[01:40:07.281] RX< [0m[34m[b_ae0 proc] perf=388(us), max=662(us)!
[01:40:07.281] RX< [0m[34m[awb0 proc] perf=1381(us), max=1567(us)!
[01:40:07.281] RX< [0m[7] [cam] [194995
[01:40:08.261] RX< ][me0][me_core_thread:359]ME out fid 3870
[01:40:08.261] RX< [32m[BE] fid=3870, perf=8898(us), max=8904(us)!
[01:40:08.261] RX< [0m[6] [App Dfs] f_index = 3870, f_len = 182372, cur_total_len = 6800617
[01:40:08.261] RX< [34m[AE] fid=3900,exp=9920,adg=238,Y=4912,mtg=180,shg=121,bgbv=1801,iso=238,cnv2,hdr0
[01:40:08.261] RX< [0m
[01:40:10.263] RX< [7] [cam] [195995][me0][me_core_thread:359]ME out fid 3900
[01:40:10.263] RX< [34m[AE] fid=3930,exp=10080,adg=238,Y=4718,mtg=180,shg=150,bgbv=1745,iso=238,cnv2,hdr0
[01:40:10.263] RX< [0m[7] [cam] [196994][me0][me_core_thread:359]ME out fid 3930
[01:40:10.361] RX< [34m[AE] fid=3960,exp=9920,adg=244,Y=4945,mtg=180,shg=121,bgbv=1765,iso=244,cnv2,hdr0
[01:40:10.361] RX< [0m[34m[b_ae0 proc] perf=403(us), max=665(us)!
[01:40:10.361] RX< [0m[34m[awb0 proc] perf=1325(us), max=1616(us)!
[01:40:10.361] RX< [0m[7] [cam] [197994][me0][me_core_thread:359]ME out fid 3960
[01:40:10.361] RX< [34m[
[01:40:11.262] RX< ME INTP]fid=3960, shutter=9920, perf=234(us), max=12669(us)!
[01:40:11.262] RX< [0m[32m[BE] fid=3960, perf=8694(us), max=8898(us)!
[01:40:11.262] RX< [0m[6] [App Dfs] f_index = 3960, f_len = 163995, cur_total_len = 6846861
[01:40:11.262] RX< [34m[AE] fid=3990,exp=9920,adg=238,Y=4907,mtg=180,shg=132,bgbv=1801
[01:40:13.264] RX< ,iso=238,cnv2,hdr0
[01:40:13.264] RX< [0m[7] [cam] [198994][me0][me_core_thread:359]ME out fid 3990
[01:40:13.264] RX< [34m[AE] fid=4020,exp=10040,adg=232,Y=4894,mtg=180,shg=120,bgbv=1812,iso=232,cnv2,hdr0
[01:40:13.264] RX< [0m[7] [cam] [199994][me0][me_core_thread:359]ME out fid 4020
[01:40:13.616] RX< [34m[AE] fid=4050,exp=10040,adg=232,Y=4919,mtg=180,shg=120,bgbv=1819,iso=232,cnv2,hdr0
[01:40:13.616] RX< [0m[34m[b_ae0 proc] perf=403(us), max=620(us)!
[01:40:13.616] RX< [0m[34m[awb0 proc] perf=1356(us), max=1527(us)!
[01:40:13.616] RX< [0m[7] [cam] [200994][me0][me_core_thread:359]ME out fid 4050
[01:40:13.616] RX< [32m
[01:40:14.279] RX< [BE] fid=4050, perf=8733(us), max=8842(us)!
[01:40:14.279] RX< [0m[6] [App Dfs] f_index = 4050, f_len = 169514, cur_total_len = 6753501
[01:40:14.279] RX< [34m[AE] fid=4080,exp=10000,adg=232,Y=4917,mtg=180,shg=120,bgbv=1825,iso=232,cnv2,hdr0
[01:40:14.279] RX< [0m[6] [cam] [201985][dwp0][cpm_cb_dewarp_handle:
[01:40:15.261] RX< 1411]EIS: dewarp done frm=4080, buf_idx=0
[01:40:15.261] RX< [7] [cam] [201994][me0][me_core_thread:359]ME out fid 4080
[01:40:15.261] RX< [34m[ME INTP]fid=4080, shutter=10000, perf=3(us), max=2575(us)!
[01:40:15.261] RX< [0m[34m[AE] fid=4110,exp=9960,adg=232,Y=4919,mtg=180,shg=140,bgbv=1831,iso=232,cnv2,hdr0
[01:40:16.278] RX< 
[01:40:16.278] RX< [0m[7] [cam] [202994][me0][me_core_thread:359]ME out fid 4110
[01:40:16.278] RX< [34m[AE] fid=4140,exp=10000,adg=225,Y=4914,mtg=180,shg=120,bgbv=1837,iso=225,cnv2,hdr0
[01:40:16.278] RX< [0m[34m[b_ae0 proc] perf=383(us), max=622(us)!
[01:40:16.278] RX< [0m[34m[awb0 proc] perf=1353(us), max=1671(us)!
[01:40:16.278] RX< [0m
[01:40:17.260] RX< [7] [cam] [203993][me0][me_core_thread:359]ME out fid 4140
[01:40:17.260] RX< [32m[BE] fid=4140, perf=8866(us), max=8894(us)!
[01:40:17.260] RX< [0m[6] [App Dfs] f_index = 4140, f_len = 174262, cur_total_len = 6681507
[01:40:17.260] RX< [34m[AE] fid=4170,exp=10000,adg=225,Y=4842,mtg=180,shg=118,bgbv=1840,iso=
[01:40:18.360] RX< 225,cnv2,hdr0
[01:40:18.360] RX< [0m[7] [cam] [204993][me0][me_core_thread:359]ME out fid 4170
[01:40:18.360] RX< [34m[AE] fid=4200,exp=10000,adg=225,Y=4829,mtg=180,shg=117,bgbv=1836,iso=225,cnv2,hdr0
[01:40:18.360] RX< [0m[7] [cam] [205993][me0][me_core_thread:359]ME out fid 4200
[01:40:18.360] RX< [34m[ME INTP]fid=4200, shut
[01:40:19.278] RX< ter=10000, perf=3(us), max=782(us)!
[01:40:19.278] RX< [0m[34m[AE] fid=4230,exp=10000,adg=225,Y=4825,mtg=180,shg=100,bgbv=1836,iso=225,cnv2,hdr0
[01:40:19.278] RX< [0m[34m[b_ae0 proc] perf=428(us), max=776(us)!
[01:40:19.278] RX< [0m[34m[awb0 proc] perf=1324(us), max=1697(us)!
[01:40:19.278] RX< [0m[7] [cam] [206993][me0][
[01:40:20.276] RX< me_core_thread:359]ME out fid 4230
[01:40:20.276] RX< [32m[BE] fid=4230, perf=8934(us), max=8934(us)!
[01:40:20.276] RX< [0m[6] [App Dfs] f_index = 4230, f_len = 181058, cur_total_len = 6714377
[01:40:20.276] RX< [34m[AE] fid=4260,exp=10000,adg=225,Y=4821,mtg=180,shg=100,bgbv=1832,iso=225,cnv2,hdr0
[01:40:20.276] RX< [0m[7] [c
[01:40:22.277] RX< am] [207993][me0][me_core_thread:359]ME out fid 4260
[01:40:22.277] RX< [34m[AE] fid=4290,exp=10000,adg=225,Y=4814,mtg=180,shg=100,bgbv=1832,iso=225,cnv2,hdr0
[01:40:22.277] RX< [0m[7] [cam] [208993][me0][me_core_thread:359]ME out fid 4290
[01:40:22.277] RX< [34m[AE] fid=4320,exp=10000,adg=225,Y=4828,mtg=180,
[01:40:22.278] RX< shg=115,bgbv=1836,iso=225,cnv2,hdr0
[01:40:22.278] RX< [0m[34m[b_ae0 proc] perf=402(us), max=704(us)!
[01:40:22.278] RX< [0m[34m[awb0 proc] perf=1304(us), max=1562(us)!
[01:40:22.278] RX< [0m[6] [cam] [209984][dwp0][cpm_cb_dewarp_handle:1411]EIS: dewarp done frm=4320, buf_idx=0
[01:40:22.278] RX< [7] [cam] [209993][me0][me_c
[01:40:23.260] RX< ore_thread:359]ME out fid 4320
[01:40:23.260] RX< [34m[ME INTP]fid=4320, shutter=10000, perf=174(us), max=961(us)!
[01:40:23.260] RX< [0m[32m[BE] fid=4320, perf=8919(us), max=8934(us)!
[01:40:23.260] RX< [0m[6] [App Dfs] f_index = 4320, f_len = 179353, cur_total_len = 6812706
[01:40:23.260] RX< [34m[AE] fid=4350,exp=10000,adg
[01:40:24.274] RX< =225,Y=4846,mtg=180,shg=100,bgbv=1840,iso=225,cnv2,hdr0
[01:40:24.274] RX< [0m[7] [cam] [210993][me0][me_core_thread:359]ME out fid 4350
[01:40:24.274] RX< [34m[AE] fid=4380,exp=9960,adg=225,Y=4843,mtg=180,shg=100,bgbv=1843,iso=225,cnv2,hdr0
[01:40:24.274] RX< [0m[7] [cam] [211992][me0][me_core_thread:359]ME 
[01:40:25.276] RX< out fid 4380
[01:40:25.276] RX< [34m[AE] fid=4410,exp=9960,adg=225,Y=4829,mtg=180,shg=100,bgbv=1839,iso=225,cnv2,hdr0
[01:40:25.276] RX< [0m[34m[b_ae0 proc] perf=429(us), max=639(us)!
[01:40:25.276] RX< [0m[34m[awb0 proc] perf=1323(us), max=5337(us)!
[01:40:25.276] RX< [0m[7] [cam] [212992][me0][me_core_thread:359]ME out fi
[01:40:26.275] RX< d 4410
[01:40:26.275] RX< [32m[BE] fid=4410, perf=8918(us), max=8919(us)!
[01:40:26.275] RX< [0m[6] [App Dfs] f_index = 4410, f_len = 179386, cur_total_len = 6872054
[01:40:26.275] RX< [34m[AE] fid=4440,exp=9960,adg=225,Y=4831,mtg=180,shg=100,bgbv=1839,iso=225,cnv2,hdr0
[01:40:26.275] RX< [0m[7] [cam] [213992][me0][me_core_thr
[01:40:28.260] RX< ead:359]ME out fid 4440
[01:40:28.260] RX< [34m[ME INTP]fid=4440, shutter=9960, perf=4(us), max=818(us)!
[01:40:28.260] RX< [0m[34m[AE] fid=4470,exp=9960,adg=225,Y=4826,mtg=180,shg=100,bgbv=1839,iso=225,cnv2,hdr0
[01:40:28.260] RX< [0m[7] [cam] [214992][me0][me_core_thread:359]ME out fid 4470
[01:40:28.260] RX< [34m[AE] fid=4
[01:40:28.613] RX< 500,exp=9960,adg=225,Y=4820,mtg=180,shg=100,bgbv=1835,iso=225,cnv2,hdr0
[01:40:28.613] RX< [0m[34m[b_ae0 proc] perf=589(us), max=647(us)!
[01:40:28.613] RX< [0m[34m[awb0 proc] perf=1319(us), max=1624(us)!
[01:40:28.613] RX< [0m[7] [cam] [215992][me0][me_core_thread:359]ME out fid 4500
[01:40:28.613] RX< [32m[BE] fid=4500, p
[01:40:30.276] RX< erf=8907(us), max=8924(us)!
[01:40:30.276] RX< [0m[6] [App Dfs] f_index = 4500, f_len = 180029, cur_total_len = 6820821
[01:40:30.276] RX< [34m[AE] fid=4530,exp=9960,adg=225,Y=4821,mtg=180,shg=100,bgbv=1835,iso=225,cnv2,hdr0
[01:40:30.276] RX< [0m[7] [cam] [216992][me0][me_core_thread:359]ME out fid 4530
[01:40:30.276] RX< [34
[01:40:30.357] RX< m[AE] fid=4560,exp=9960,adg=225,Y=4817,mtg=180,shg=100,bgbv=1835,iso=225,cnv2,hdr0
[01:40:30.357] RX< [0m[6] [cam] [217983][dwp0][cpm_cb_dewarp_handle:1411]EIS: dewarp done frm=4560, buf_idx=0
[01:40:30.357] RX< [7] [cam] [217992][me0][me_core_thread:359]ME out fid 4560
[01:40:30.357] RX< [34m[ME INTP]fid=4560
[01:40:31.275] RX< , shutter=9960, perf=4(us), max=426(us)!
[01:40:31.275] RX< [0m[34m[AE] fid=4590,exp=9960,adg=225,Y=4823,mtg=180,shg=100,bgbv=1835,iso=225,cnv2,hdr0
[01:40:31.275] RX< [0m[34m[b_ae0 proc] perf=390(us), max=767(us)!
[01:40:31.275] RX< [0m[34m[awb0 proc] perf=1323(us), max=1727(us)!
[01:40:31.275] RX< [0m[7] [cam] [218991][m
[01:40:32.273] RX< e0][me_core_thread:359]ME out fid 4590
[01:40:32.273] RX< [32m[BE] fid=4590, perf=8913(us), max=8913(us)!
[01:40:32.273] RX< [0m[6] [App Dfs] f_index = 4590, f_len = 180567, cur_total_len = 6827939
[01:40:32.273] RX< [34m[AE] fid=4620,exp=9960,adg=225,Y=4833,mtg=180,shg=100,bgbv=1839,iso=225,cnv2,hdr0
[01:40:32.273] RX< [0m[7]
[01:40:34.259] RX<  [cam] [219991][me0][me_core_thread:359]ME out fid 4620
[01:40:34.259] RX< [34m[AE] fid=4650,exp=9960,adg=225,Y=4836,mtg=180,shg=100,bgbv=1839,iso=225,cnv2,hdr0
[01:40:34.259] RX< [0m[7] [cam] [220991][me0][me_core_thread:359]ME out fid 4650
[01:40:34.259] RX< [34m[AE] fid=4680,exp=9960,adg=225,Y=4835,mtg=180
[01:40:34.357] RX< ,shg=100,bgbv=1839,iso=225,cnv2,hdr0
[01:40:34.357] RX< [0m[34m[b_ae0 proc] perf=421(us), max=624(us)!
[01:40:34.357] RX< [0m[34m[awb0 proc] perf=1325(us), max=1542(us)!
[01:40:34.357] RX< [0m[7] [cam] [221991][me0][me_core_thread:359]ME out fid 4680
[01:40:34.357] RX< [34m[ME INTP]fid=4680, shutter=9960, perf=3(us), max=41
[01:40:35.273] RX< 0(us)!
[01:40:35.273] RX< [0m[32m[BE] fid=4680, perf=8908(us), max=8913(us)!
[01:40:35.273] RX< [0m[6] [App Dfs] f_index = 4680, f_len = 180786, cur_total_len = 6799470
[01:40:35.273] RX< [34m[AE] fid=4710,exp=9960,adg=225,Y=4835,mtg=180,shg=100,bgbv=1839,iso=225,cnv2,hdr0
[01:40:35.273] RX< [0m[7] [cam] [222991][me0][me_core
[01:40:37.259] RX< _thread:359]ME out fid 4710
[01:40:37.259] RX< [34m[AE] fid=4740,exp=9960,adg=225,Y=4836,mtg=180,shg=100,bgbv=1839,iso=225,cnv2,hdr0
[01:40:37.259] RX< [0m[7] [cam] [223991][me0][me_core_thread:359]ME out fid 4740
[01:40:37.259] RX< [34m[AE] fid=4770,exp=9960,adg=225,Y=4834,mtg=180,shg=100,bgbv=1839,iso=225,c
[01:40:37.637] RX< nv2,hdr0
[01:40:37.637] RX< [0m[34m[b_ae0 proc] perf=580(us), max=614(us)!
[01:40:37.637] RX< [0m[34m[awb0 proc] perf=1318(us), max=1558(us)!
[01:40:37.637] RX< [0m[7] [cam] [224991][me0][me_core_thread:359]ME out fid 4770
[01:40:37.637] RX< [32m[BE] fid=4770, perf=8899(us), max=8908(us)!
[01:40:37.637] RX< [0m[6] [App Dfs] f_index = 4770, f
[01:40:38.275] RX< _len = 179840, cur_total_len = 6779291
[01:40:38.275] RX< [34m[AE] fid=4800,exp=9960,adg=225,Y=4835,mtg=180,shg=100,bgbv=1839,iso=225,cnv2,hdr0
[01:40:38.275] RX< [0m[6] [cam] [225982][dwp0][cpm_cb_dewarp_handle:1411]EIS: dewarp done frm=4800, buf_idx=0
[01:40:38.275] RX< [7] [cam] [225990][me0][me_core_thread
[01:40:40.258] RX< :359]ME out fid 4800
[01:40:40.258] RX< [34m[ME INTP]fid=4800, shutter=9960, perf=3(us), max=4(us)!
[01:40:40.258] RX< [0m[34m[AE] fid=4830,exp=9960,adg=225,Y=4843,mtg=180,shg=100,bgbv=1843,iso=225,cnv2,hdr0
[01:40:40.258] RX< [0m[7] [cam] [226990][me0][me_core_thread:359]ME out fid 4830
[01:40:40.258] RX< [34m[AE] fid=4860,e
[01:40:40.611] RX< xp=9960,adg=225,Y=4846,mtg=180,shg=100,bgbv=1843,iso=225,cnv2,hdr0
[01:40:40.611] RX< [0m[34m[b_ae0 proc] perf=461(us), max=623(us)!
[01:40:40.611] RX< [0m[34m[awb0 proc] perf=1497(us), max=1562(us)!
[01:40:40.611] RX< [0m[7] [cam] [227990][me0][me_core_thread:359]ME out fid 4860
[01:40:40.611] RX< [32m[BE] fid=4860, perf=8
[01:40:42.256] RX< 889(us), max=8899(us)!
[01:40:42.256] RX< [0m[6] [App Dfs] f_index = 4860, f_len = 179812, cur_total_len = 6762971
[01:40:42.256] RX< [34m[AE] fid=4890,exp=9960,adg=225,Y=4841,mtg=180,shg=100,bgbv=1843,iso=225,cnv2,hdr0
[01:40:42.256] RX< [0m[7] [cam] [228990][me0][me_core_thread:359]ME out fid 4890
[01:40:42.256] RX< [34m[AE]
[01:40:43.258] RX<  fid=4920,exp=9960,adg=225,Y=4837,mtg=180,shg=100,bgbv=1839,iso=225,cnv2,hdr0
[01:40:43.258] RX< [0m[7] [cam] [229990][me0][me_core_thread:359]ME out fid 4920
[01:40:43.258] RX< [34m[ME INTP]fid=4920, shutter=9960, perf=3(us), max=505(us)!
[01:40:43.258] RX< [0m[34m[AE] fid=4950,exp=9960,adg=225,Y=4854,mtg=1
[01:40:43.635] RX< 80,shg=100,bgbv=1846,iso=225,cnv2,hdr0
[01:40:43.635] RX< [0m[34m[b_ae0 proc] perf=568(us), max=656(us)!
[01:40:43.635] RX< [0m[34m[awb0 proc] perf=1318(us), max=1650(us)!
[01:40:43.635] RX< [0m[7] [cam] [230990][me0][me_core_thread:359]ME out fid 4950
[01:40:43.635] RX< [32m[BE] fid=4950, perf=8764(us), max=8889(us)!
[01:40:43.635] RX< [0m[
[01:40:45.256] RX< 6] [App Dfs] f_index = 4950, f_len = 168457, cur_total_len = 6748410
[01:40:45.256] RX< [34m[AE] fid=4980,exp=9910,adg=225,Y=4827,mtg=180,shg=108,bgbv=1845,iso=225,cnv2,hdr0
[01:40:45.256] RX< [0m[7] [cam] [231990][me0][me_core_thread:359]ME out fid 4980
[01:40:45.256] RX< [34m[AE] fid=5010,exp=10140,adg=219,
[01:40:46.273] RX< Y=4897,mtg=180,shg=118,bgbv=1869,iso=219,cnv2,hdr0
[01:40:46.273] RX< [0m[7] [cam] [232990][me0][me_core_thread:359]ME out fid 5010
[01:40:46.273] RX< [34m[AE] fid=5040,exp=9910,adg=225,Y=4811,mtg=180,shg=116,bgbv=1837,iso=225,cnv2,hdr0
[01:40:46.273] RX< [0m[34m[b_ae0 proc] perf=388(us), max=670(us)!
[01:40:46.273] RX< [0m
[01:40:46.355] RX< [34m[awb0 proc] perf=1381(us), max=1536(us)!
[01:40:46.355] RX< [0m[6] [cam] [233981][dwp0][cpm_cb_dewarp_handle:1411]EIS: dewarp done frm=5040, buf_idx=0
[01:40:46.355] RX< [7] [cam] [233989][me0][me_core_thread:359]ME out fid 5040
[01:40:46.355] RX< [34m[ME INTP]fid=5040, shutter=9910, perf=4(us), max=2390(u
[01:40:47.271] RX< s)!
[01:40:47.271] RX< [0m[32m[BE] fid=5040, perf=8914(us), max=9005(us)!
[01:40:47.271] RX< [0m[6] [App Dfs] f_index = 5040, f_len = 179703, cur_total_len = 7322360
[01:40:47.271] RX< [34m[AE] fid=5070,exp=9910,adg=225,Y=4833,mtg=180,shg=117,bgbv=1845,iso=225,cnv2,hdr0
[01:40:47.271] RX< [0m[7] [cam] [234989][me0][me_core_th
[01:40:49.257] RX< read:359]ME out fid 5070
[01:40:49.257] RX< [34m[AE] fid=5100,exp=9910,adg=225,Y=4823,mtg=180,shg=117,bgbv=1841,iso=225,cnv2,hdr0
[01:40:49.257] RX< [0m[7] [cam] [235989][me0][me_core_thread:359]ME out fid 5100
[01:40:49.257] RX< [34m[AE] fid=5130,exp=9910,adg=225,Y=4802,mtg=180,shg=116,bgbv=1837,iso=225,cnv2
[01:40:49.636] RX< ,hdr0
[01:40:49.636] RX< [0m[34m[b_ae0 proc] perf=469(us), max=652(us)!
[01:40:49.636] RX< [0m[34m[awb0 proc] perf=1520(us), max=1601(us)!
[01:40:49.636] RX< [0m[7] [cam] [236989][me0][me_core_thread:359]ME out fid 5130
[01:40:49.636] RX< [32m[BE] fid=5130, perf=8914(us), max=8914(us)!
[01:40:49.636] RX< [0m[6] [App Dfs] f_index = 5130, f_le
[01:40:51.255] RX< n = 179556, cur_total_len = 6755079
[01:40:51.255] RX< [34m[AE] fid=5160,exp=9910,adg=225,Y=4804,mtg=180,shg=117,bgbv=1837,iso=225,cnv2,hdr0
[01:40:51.255] RX< [0m[7] [cam] [237989][me0][me_core_thread:359]ME out fid 5160
[01:40:51.255] RX< [34m[ME INTP]fid=5160, shutter=9910, perf=3(us), max=681(us)!
[01:40:51.255] RX< [0m[3
[01:40:52.257] RX< 4m[AE] fid=5190,exp=9910,adg=225,Y=4833,mtg=180,shg=117,bgbv=1845,iso=225,cnv2,hdr0
[01:40:52.257] RX< [0m[7] [cam] [238989][me0][me_core_thread:359]ME out fid 5190
[01:40:52.257] RX< [34m[AE] fid=5220,exp=9910,adg=225,Y=4829,mtg=180,shg=117,bgbv=1845,iso=225,cnv2,hdr0
[01:40:52.257] RX< [0m[34m[b_ae0 proc] 
[01:40:52.635] RX< perf=382(us), max=625(us)!
[01:40:52.635] RX< [0m[34m[awb0 proc] perf=1324(us), max=1528(us)!
[01:40:52.635] RX< [0m[7] [cam] [239989][me0][me_core_thread:359]ME out fid 5220
[01:40:52.635] RX< [32m[BE] fid=5220, perf=8911(us), max=8914(us)!
[01:40:52.635] RX< [0m[6] [App Dfs] f_index = 5220, f_len = 180811, cur_total_len = 
[01:40:54.272] RX< 6926215
[01:40:54.272] RX< [34m[AE] fid=5250,exp=9910,adg=225,Y=4832,mtg=180,shg=117,bgbv=1845,iso=225,cnv2,hdr0
[01:40:54.272] RX< [0m[7] [cam] [240988][me0][me_core_thread:359]ME out fid 5250
[01:40:54.272] RX< [34m[AE] fid=5280,exp=9910,adg=225,Y=4850,mtg=180,shg=117,bgbv=1852,iso=225,cnv2,hdr0
[01:40:54.272] RX< [0m[6] [ca
[01:40:55.256] RX< m] [241980][dwp0][cpm_cb_dewarp_handle:1411]EIS: dewarp done frm=5280, buf_idx=0
[01:40:55.256] RX< [7] [cam] [241988][me0][me_core_thread:359]ME out fid 5280
[01:40:55.256] RX< [34m[ME INTP]fid=5280, shutter=9910, perf=286(us), max=656(us)!
[01:40:55.256] RX< [0m[34m[AE] fid=5310,exp=9910,adg=225,Y=4848,mtg=
[01:40:55.608] RX< 180,shg=117,bgbv=1849,iso=225,cnv2,hdr0
[01:40:55.608] RX< [0m[34m[b_ae0 proc] perf=395(us), max=714(us)!
[01:40:55.608] RX< [0m[34m[awb0 proc] perf=1378(us), max=1623(us)!
[01:40:55.608] RX< [0m[7] [cam] [242988][me0][me_core_thread:359]ME out fid 5310
[01:40:55.608] RX< [32m[BE] fid=5310, perf=8922(us), max=8922(us)!
[01:40:55.608] RX< [0m
[01:40:57.254] RX< [6] [App Dfs] f_index = 5310, f_len = 178764, cur_total_len = 6799000
[01:40:57.254] RX< [34m[AE] fid=5340,exp=9910,adg=225,Y=4860,mtg=180,shg=103,bgbv=1852,iso=225,cnv2,hdr0
[01:40:57.254] RX< [0m[7] [cam] [243988][me0][me_core_thread:359]ME out fid 5340
[01:40:57.254] RX< [34m[AE] fid=5370,exp=9870,adg=225,
[01:40:58.107] TX> dfs_video_stop
[01:40:58.107] TX> echo "__EVBTEST_END_1123410b__"
[01:40:58.158] RX< Y=4819,mtg=180,shg=111,bgbv=1846,iso=225,cnv2,hdr0
[01:40:58.158] RX< [0m[7] [cam] [244988][me0][me_core_thread:359]ME out fid 5370
[01:40:58.158] RX< dfs_video_stop
[01:40:58.158] RX< msh /emmc>echo "__EVBTEST_E[6] [App Dfs]  Gravity_XR Record Stop Success: total frames = 5387
[01:40:58.158] RX< [6] [cam] [245874][DfsSend][senso
[01:40:58.170] RX< r_stream_off:1188]sensor [1]: stream_off
[01:40:58.170] RX< [6] [cam] [245874][DfsSend][sensor_stream_off:1217]sensor [1]: REG: 0x100, W:0x0.
[01:40:58.170] RX< [6] [cam] [245875][DfsSend][sensor_stream_off:1219]sensor [1]: REG: 0x100, R:0x0.
[01:40:58.170] RX< [6] [cam] [245899][DfsSend][csc_prv_stop:983]ok! p
[01:40:58.171] RX< hys_id[1], phys_num[1], stop_type = 0
[01:40:58.171] RX< [6] [cam] [245899][DfsSend][cam_stop:1058]preview stop ok! logic_id[0]
[01:40:58.171] RX< [34m[cam stop] perf=25763(us)!
[01:40:58.171] RX< [0m[6] [App Cam] cam stop success
[01:40:58.171] RX< Total of 5388 frames encoded, 408702978 bytes, max_workbuffer_used: 3493888 by
[01:40:58.173] RX< tes
[01:40:58.173] RX< [6] [App Cam] hevc_encoder_deinit success
[01:40:58.173] RX< [7] [cam] [245902][DfsSend][cam_cpm_core_power_off:467]id,0 type,1 ret 0
[01:40:58.173] RX< [6] [cam] [245902][sif0][sif_irq_proc:174]thread release cid,0
[01:40:58.173] RX< [6] [cam] [245903][DfsSend][cam_sif_mgr_deinit:316]X
[01:40:58.173] RX< [6] [cam] [245903][
[01:40:58.174] RX< DfsSend][cam_deinit:887]deinit ok! logic_id[0]
[01:40:58.174] RX< [34m[cam deinit] perf=1296(us)!
[01:40:58.174] RX< [0m[6] [App Cam] cam deinit success
[01:40:58.174] RX< [6] [cam] [245904][DfsSend][sensor_close:1292]sensor [1]: close!
[01:40:58.174] RX< [6] [cam] [245905][DfsSend][cam_dewarp_deinit:438]dewarp deinit, id=0
[01:40:58.174] RX< [6
[01:40:58.176] RX< ] [cam] [245905][dwp0][dewarp_thread_entry:174]dewarp thread exit signal, id=0
[01:40:58.176] RX< [6] [cam] [245905][dwp0][dewarp_thread_entry:276]dewarp thread exit, id=0
[01:40:58.176] RX< [6] [cam] [245905][DfsSend][cam_bm_core_deinit:136]X
[01:40:58.176] RX< [6] [cam] [245906][be0][be_core_irq_proc:329]thr
[01:40:58.176] RX< ead release cid,0
[01:40:58.176] RX< [6] [cam] [245906][DfsSend][cam_be_core_deinit:793]X
[01:40:58.176] RX< [6] [cam] [245907][me0][me_core_thread:404]thread release cid,0
[01:40:58.176] RX< [6] [cam] [245907][DfsSend][cam_me_core_deinit:1551]X
[01:40:58.176] RX< [6] [cam] [245907][fe0][fe_core_irq_proc:121]thread release cid,0
[01:40:58.179] RX< 
[01:40:58.179] RX< [6] [cam] [245907][DfsSend][cam_fe_core_deinit:536]X
[01:40:58.179] RX< [6] [cam] [245908][b_3a_sts][bayer_stats_core_irq_proc:193]thread release cid,0
[01:40:58.179] RX< [6] [cam] [245908][DfsSend][cam_bayer_stats_core_deinit:512]X
[01:40:58.179] RX< [6] [cam] [245909][b_ae0][a5_core_wrapper_task:315]thread 
[01:40:58.179] RX< release cid,0,algo,0
[01:40:58.179] RX< [6] [cam] [245909][DfsSend][bayer_ae_wrapper_deinit:204]X
[01:40:58.179] RX< [6] [cam] [245910][atf0][a5_core_wrapper_task:315]thread release cid,0,algo,1
[01:40:58.179] RX< [6] [cam] [245910][DfsSend][atf_wrapper_deinit:153]X
[01:40:58.179] RX< [6] [cam] [245910][awb0][a5_core_wrapper_tas
[01:40:58.182] RX< k:315]thread release cid,0,algo,2
[01:40:58.182] RX< [6] [cam] [245910][DfsSend][awb_wrapper_deinit:153]X
[01:40:58.182] RX< [6] [cam] [245911][DfsSend][cam_5a_core_deinit:555]X
[01:40:58.182] RX< [6] [cam] [245911][DfsSend][cam_5a_inf_deinit:149]X
[01:40:58.182] RX< [6] [cam] [245912][qpc0][qpc_core_msg_proc:705]thread release 
[01:40:58.182] RX< cid,0
[01:40:58.182] RX< [6] [cam] [245912][DfsSend][qpc_core_deinit:1413]X
[01:40:58.182] RX< [6] [cam] [245912][DfsSend][cam_cpm_core_deinit:1248]X
[01:40:58.182] RX< [6] [cam] [245912][DfsSend][csc_close:656]ok! phys_id[1], phys_num[1]
[01:40:58.182] RX< [7] [cam] [245913][cer0][cer_recovery_proc:352]msg type = 254
[01:40:58.182] RX< [6] [cam] 
[01:40:58.192] RX< [245913][cer0][cer_recovery_proc:454]thread release cid,0
[01:40:58.192] RX< [6] [cam] [245914][DfsSend][cer_deinit:560]X
[01:40:58.192] RX< [6] [cam] [245914][DfsSend][cam_close:789]close ok! logic_id[0]
[01:40:58.192] RX< [34m[cam close] perf=10491(us)!
[01:40:58.192] RX< [0m[6] [App Cam] cam close success
[01:40:58.192] RX< [6] [cam] [245915
[01:40:58.192] RX< ][cpl0][cam_prelude_proc_routine:136]thread release
[01:40:58.192] RX< [6] [cam] [245915][DfsSend][cam_exit:571]exit ok!
[01:40:58.192] RX< [34m[cam exit] perf=663(us)!
[01:40:58.192] RX< [0m[6] [App Cam] cam exit success
[01:40:58.192] RX< [6] [App Dfs] Save Video Successful: /emmc/VIDEO/20260101_000105_5493/Video_5493_0.h265
[01:41:00.195] RX< 
[01:41:00.195] RX< [6] [App Dfs] Save Imu Successful: /emmc/VIDEO/20260101_000105_5493/Imu_5493.bin
[01:41:00.195] RX< [6] [App Dfs] Video recording completed successfully.
[01:41:00.195] RX< ND_1123410b__"
[01:41:00.195] RX< __EVBTEST_END_1123410b__
[01:41:00.195] RX< msh /emmc>
[01:43:51.711] TX> rtmp_video_start rtmp://192.168.1.89/live/cam
[01:43:51.711] TX> echo "__EVBTEST_END_03868592__"
[01:43:51.923] RX< rtmp_video_start rtmp://192.168.1.89/live/cam
[01:43:51.923] RX< [7] [cam] [419655][tshell][cgm_parse_bin:104]total logical camera num: 1
[01:43:51.923] RX< [6] [cam] [419655][tshell][cam_prelude_create:187]E id, 0
[01:43:51.923] RX< [7] [cam] [419656][cpl0][cam_prelude_proc_routine:101]thread start
[01:43:51.923] RX< [6] [cam] [
[01:43:51.923] RX< 419656][tshell][cam_prelude_create:214]X ctx size 132 addr 0x884de908
[01:43:51.923] RX< [6] [cam] [419660][tshell][sensor_probe:418]sensor [1]: identifing 0 success.
[01:43:51.923] RX< [6] [cam] [419661][tshell][sensor_probe:441]sensor [1]: probe exit!
[01:43:51.923] RX< [6] [cam] [419661][tshell][cam_prelude_
[01:43:51.932] RX< fast_probe:251]cam: 0 probe result: 0
[01:43:51.932] RX< [6] [cam] [419662][tshell][cgm_parse_bin:218]cam(0) probe success
[01:43:51.932] RX< [6] [cam] [419662][tshell][cam_entry:455]entry ok
[01:43:51.932] RX< [34m[cam entry] perf=7220(us)!
[01:43:51.932] RX< [0m[6] [App Cam] cam entry success
[01:43:51.932] RX< [7] [cam] [419663][tshell][cam_
[01:43:51.933] RX< solve_layout:350][mLayout] param OK, scen3 iw4032 ih2268 ow2304 oh1296 gdc 0x2
[01:43:51.933] RX< [36m[mLayout] scen03 in=4032x2268,out=1296x2304 meRot1 stripe0 gdcOn0
[01:43:51.933] RX< [0m[36m[mLayout] scen03 14entries solved status=OK retry=0 rtmp=enabled (cursor0=0x8a018210 cursor1=0x8
[01:43:51.933] RX< 9300000, ch0/1/2 cnt=5/1/1)
[01:43:51.933] RX< [0m[7] [cam] [419664][tshell][cam_solve_layout:377]
[01:43:51.933] RX< [mLayout] out vol 0x8c000000 rBuf 0x89300000 sz 0xd00000 wBuf 0x8a9e5400 sz 0x900000
[01:43:51.933] RX<           rtmp tBuf 0x8a098210 sz 0x80000 aBuf 0x8a018210 sz 0x80000
[01:43:51.933] RX< [7] [cam] [419666][
[01:43:51.933] RX< tshell][cam_solve_layout:397]Solve Scen3 layout Done!
[01:43:51.933] RX< [6] [cam] [419667][tshell][cgm_parse_media_para:274]phy cam num: 1
[01:43:51.933] RX< [7] [cam] [419667][cer0][cer_recovery_proc:343]thread start cid, 0
[01:43:51.933] RX< [6] [cam] [419667][tshell][csc_open:499]SENSOR MCLK cal: 24MHz
[01:43:51.933] RX< [6]
[01:43:51.933] RX<  [cam] [419668][tshell][csc_isp_clk_cal:344]MIPI CLK cal: 277MHz
[01:43:51.933] RX< [6] [cam] [419668][tshell][csc_isp_clk_cal:374]LITE CLK cal: 25MHz
[01:43:51.933] RX< [7] [cam] [419669][tshell][cpc_csi_rx_power_on:633]E id: 2
[01:43:51.933] RX< [4] [cam] [419669][tshell][cpc_csi_rx_power_on:644]csi_2 has alr
[01:43:51.938] RX< eady power on, STATUS: 1
[01:43:51.938] RX< [6] [cam] [419670][tshell][cpc_update_clock:603]actual SNS mclk: 24MHz
[01:43:51.938] RX< [6] [cam] [419670][tshell][cpc_update_clock:608]actual MIPI0: 300MHz
[01:43:51.938] RX< [6] [cam] [419671][tshell][cpc_update_clock:598]actual LITE clk: 25MHz
[01:43:51.938] RX< [7] [cam] [419671]
[01:43:51.939] RX< [tshell][cam_prelude_open:297][34msnsOpen camID1 csiID0 phyIdx0[0m
[01:43:51.939] RX< [6] [cam] [419675][tshell][sensor_expo_gain_match:48]sensor get sensor expo gain of imx681_vst
[01:43:51.939] RX< [6] [cam] [419675][tshell][sensor_open:684]sensor [1] open OK.
[01:43:51.939] RX< [6] [cam] [419676][tshell][
[01:43:51.944] RX< cam_cpm_parse_media:295]video scenario:3, media para[fps:0, mirror_en:0, flip_en:0]
[01:43:51.944] RX< [6] [cam] [419676][tshell][cam_cpm_parse_media:298]video scenario, media para[iso:0, gain:0, wb_mode:0]
[01:43:51.944] RX< [6] [cam] [419677][tshell][csc_isp_clk_cal:355]FE CLK cal: 373MHz, 
[01:43:51.944] RX< ME CLK cal: 371MHz, FE/ME CLK cal: 410MHz
[01:43:51.944] RX< [6] [cam] [419678][tshell][csc_isp_clk_cal:364]BE CLK cal: 301MHz
[01:43:51.944] RX< [4] [cam] [419678][tshell][cam_fe_core_power_on:269]fe pipe has already power on, STATUS: 1
[01:43:51.944] RX< [6] [cam] [419679][tshell][cpc_update_clock:588]actual 
[01:43:51.946] RX< FE/ME clk: 500MHz
[01:43:51.946] RX< [7] [cam] [419679][tshell][cam_cpm_core_power_on:435]id,0 type,1 ret 0
[01:43:51.946] RX< [6] [cam] [419679][tshell][cam_cpm_core_init:1017]E id,0 sensor type,1
[01:43:51.946] RX< [6] [cam] [419682][tshell][cpm_core_check_tuningbin:957]Tuning bin crc check PASS! sum 0x17a59
[01:43:51.946] RX< 64, xor 0x87e82682
[01:43:51.946] RX< [6] [cam] [419682][tshell][qpc_tuning_check_iqbin_validness:396]IQ bin addr: 0x88646660, project_name: video_3M
[01:43:51.946] RX< [6] [cam] [419683][tshell][qpc_tuning_check_iqbin_validness:397]total_size: 94400
[01:43:51.946] RX< [6] [cam] [419684][tshell][qpc_tuning_chec
[01:43:51.949] RX< k_iqbin_validness:398]id_count: 93. ID_TOTAL: 94
[01:43:51.949] RX< [6] [cam] [419684][tshell][qpc_tuning_check_iqbin_validness:399]spinel tuning data ver: V1.30
[01:43:51.949] RX< [6] [cam] [419685][tshell][cpm_core_check_tuningbin:971]IQ bin check success!
[01:43:51.949] RX< [6] [cam] [419685][tshell][cam_bm
[01:43:51.949] RX< _core_init:94]E
[01:43:51.949] RX< [6] [cam] [419686][tshell][bm_lab_init:174]X ctx size 4 addr 0x884a9918
[01:43:51.949] RX< [6] [cam] [419686][tshell][cam_bm_core_init:114]X ctx size 180 addr 0x884c0ac8
[01:43:51.949] RX< [6] [cam] [419686][tshell][qpc_core_init:1299]E id,0
[01:43:51.949] RX< [6] [cam] [419687][tshell][qpc_que
[01:43:51.967] RX< ue_init:65]QPC init qnodes 8, size 508, pool 0x884c10e0
[01:43:51.967] RX< [7] [cam] [419687][tshell][_qpc_get_cap_cfg_para:896][fallback]preset capCfg 200 0 0 invalid, use default
[01:43:51.967] RX< [7] [cam] [419688][tshell][_qpc_cfg_hdr_frms:840][fallback]preset hdrCfg 0 0 0 0 0 invalid, u
[01:43:51.968] RX< se default
[01:43:51.968] RX< [6] [cam] [419704][tshell][qpc_core_init:1347]X ctx size 1288 addr 0x884c0b90
[01:43:51.968] RX< [6] [cam] [419704][tshell][cpm_core_get_param:764]cpm para chk: tunBin-w 4032 h 2266 img-w 4032 h 2268
[01:43:51.968] RX< [6] [cam] [419705][tshell][cam_fe_core_init:436]E id,0
[01:43:51.968] RX< [6] [cam
[01:43:51.973] RX< ] [419705][tshell][cam_fe_core_init:490]X ctx size 96 addr 0x884c3040
[01:43:51.973] RX< [7] [cam] [419706][tshell][qpc_core_fe_chords_init:1763][34mqpc fe init snsOut w 4032 h 2268, tbl w 28 h 20[0m
[01:43:51.973] RX< [6] [cam] [419706][tshell][cam_me_core_init:1523]X ctx size 1352 addr 0x
[01:43:51.973] RX< 884f1d80
[01:43:51.973] RX< [34m[ME SLICE CFG] perf=1260(us)!
[01:43:51.973] RX< [0m[6] [cam] [419710][tshell][cam_bayer_fe_3a_stats_core_init:445]fe 3a id,0
[01:43:51.973] RX< [6] [cam] [419710][tshell][cam_bayer_fe_3a_stats_core_init:490]X ctx size 132 addr 0x884fa588
[01:43:51.973] RX< [6] [cam] [419711][tshell][awb_wrapper
[01:43:51.981] RX< _init:66]xxx awb_bin=0x884e1ed4, awb_bin_length=8068
[01:43:51.981] RX< [6] [cam] [419711][tshell][awb_wrapper_init:86]X algo_handle 0x885001e8
[01:43:51.981] RX< [7] [cam] [419711][awb0][a5_core_wrapper_task:252]thread start cid,0 algo type,2
[01:43:51.981] RX< [6] [cam] [419712][tshell][a5_core_init_task:426]
[01:43:51.981] RX< thread created: awb0 mq=0x88502278 thread=0x88502390 sem=0x88502208 ret=0
[01:43:51.981] RX< [6] [cam] [419712][tshell][bayer_ae_wrapper_init:68]E id,0 proc mode 0 
[01:43:51.981] RX< 
[01:43:51.981] RX< [AEC Proc] @[allib_ae_set_debug_log_flag] Line:129:[DEBUG] debug level/to_file/to_terminal: 22/1/1
[01:43:51.981] RX< [AEC Proc
[01:43:51.984] RX< ] @[AeInit] Line:377:[INFO] AE ver: 2026_V2.269
[01:43:51.984] RX< 
[01:43:51.984] RX< [AEC Proc] @[allib_ae_loadfunc] Line:193:[INFO] camera ID: 0
[01:43:51.984] RX< [AEC Proc] @[alAE_set_param] Line:576:[DEBUG] sw_maxtime 33004 ,pertline 10800, after check sensor step sw_max_time 33000.00
[01:43:51.984] RX< [AEC Proc] @[alAE_s
[01:43:51.984] RX< et_param] Line:581:[DEBUG] sw_mintime 43 ,pertline 10800, after check sensor step sw_min_time 40.00
[01:43:51.984] RX< [AEC Proc] @[alAE_set_param] Line:514:[DEBUG] DEBUG minbv exptime 11 gain 100, minExpBV 13810
[01:43:51.984] RX< [AEC Proc] @[AeTuningParseSet] Line:167:[DEBUG] aeparam versi
[01:43:51.986] RX< on 2.268 60803
[01:43:51.986] RX< [AEC Proc] @[alAE_set_param] Line:341:[DEBUG] INITEXP gain 100, shutter 33242, midtonegain 100, bv 2247
[01:43:51.986] RX< [6] [cam] [419723][tshell][bayer_ae_wrapper_init:119]X tline 10800 max_exp 33004 alg_hdl 0x88504b40 
[01:43:51.986] RX< [7] [cam] [419723][b_ae0][a5_core_w
[01:43:51.986] RX< rapper_task:252]thread start cid,0 algo type,0
[01:43:51.986] RX< [6] [cam] [419724][tshell][a5_core_init_task:426]thread created: b_ae0 mq=0x88505bf0 thread=0x88505d08 sem=0x88505b80 ret=0
[01:43:51.986] RX< [6] [cam] [419724][tshell][atf_wrapper_init:67]E id,0
[01:43:51.986] RX< [6] [cam] [419725][tshell][at
[01:43:52.002] RX< f_wrapper_init:107]X alg_ctx addr 0x885070f0
[01:43:52.002] RX< [7] [cam] [419725][atf0][a5_core_wrapper_task:252]thread start cid,0 algo type,1
[01:43:52.002] RX< [6] [cam] [419725][tshell][a5_core_init_task:426]thread created: atf0 mq=0x88507228 thread=0x88507340 sem=0x885071b8 ret=0
[01:43:52.002] RX< [6] [c
[01:43:52.002] RX< am] [419726][tshell][cam_cpm_core_init:1149]X ctx size 1096 addr 0x884c0670
[01:43:52.002] RX< [6] [cam] [419727][tshell][csc_open:599]ok! phys_id[1], phys_num[1] 
[01:43:52.002] RX< [6] [cam] [419727][tshell][cam_open:738]open ok! camera_id[0]
[01:43:52.002] RX< [34m[cam open] perf=64423(us)!
[01:43:52.002] RX< [0m[6] [App Ca
[01:43:52.005] RX< m] cam open success
[01:43:52.005] RX< [6] [cam] [419741][tshell][csc_init:722]sensor info:size:4032x2268, formt: 0x2b, bps: 1968, tline: 10800
[01:43:52.005] RX< [6] [cam] [419741][tshell][cam_sif_mgr_init:261]E id,0
[01:43:52.005] RX< [7] [cam] [419742][sif0][sif_irq_proc:151]thread start cid,0
[01:43:52.005] RX< [6] [cam] [41
[01:43:52.006] RX< 9742][tshell][cam_sif_mgr_init:293]X ctx size 52 addr 0x88541b68
[01:43:52.006] RX< [6] [cam] [419743][tshell][cam_prelude_init_cfg:368]CSI ID is 0,  phy lanes is 2.
[01:43:52.006] RX< [7] [cam] [419743][tshell][check_phy_ready:96]MIPI_PHY[0] is ready
[01:43:52.006] RX< [6] [cam] [419744][tshell][sensor_init:3
[01:43:52.014] RX< 48]sensor [1]: register ok
[01:43:52.014] RX< [6] [cam] [419744][tshell][sensor_set_mode:887]sensor [1]: SetMode -> mode = 0.
[01:43:52.014] RX< [6] [cam] [419745][tshell][sensor_send_reg_tab_to_sensor:705]sensor [1]: send_reg_tab_to_sensor E.
[01:43:52.014] RX< [6] [cam] [419748][tshell][sensor_send_reg_tab_to
[01:43:52.016] RX< _sensor:751]sensor [1]: reg_count = 77.
[01:43:52.016] RX< [6] [cam] [419748][tshell][sensor_init:361]sensor [1]: init success.
[01:43:52.016] RX< [6] [cam] [419748][tshell][sensor_set_mode:887]sensor [1]: SetMode -> mode = 3.
[01:43:52.016] RX< [6] [cam] [419749][tshell][sensor_send_reg_tab_to_sensor:705]senso
[01:43:52.017] RX< r [1]: send_reg_tab_to_sensor E.
[01:43:52.017] RX< [6] [cam] [419753][tshell][sensor_send_reg_tab_to_sensor:751]sensor [1]: reg_count = 83.
[01:43:52.017] RX< [6] [cam] [419753][tshell][csc_init:731]ok! phys_id[1], phys_num[1]
[01:43:52.017] RX< [6] [cam] [419754][tshell][csc_get_bayer_single_buffer:1148]scena
[01:43:52.017] RX< rio_type: 3
[01:43:52.017] RX< [6] [cam] [419754][tshell][csc_set_stats_fmt:98]index 0 w 1 h 1 bw 8 wcmp 255
[01:43:52.017] RX< [7] [cam] [419755][tshell][bm_ioctl:201]BMIOC_STATS_FMT
[01:43:52.017] RX< [6] [cam] [419755][tshell][csc_set_fe_fmt:47]index 1 w 4032 h 2268 bw 10 wcmp 0
[01:43:52.017] RX< [7] [cam] [419756][tshell][b
[01:43:52.020] RX< m_ioctl:201]BMIOC_FE_FMT
[01:43:52.020] RX< [6] [cam] [419756][tshell][csc_set_me_fmt:64]index 5 w 2268 h 4032 bw 10 wcmp 0, rdma_addr 0x8a128c00, wdma_addr 0x8a128c00
[01:43:52.020] RX< [7] [cam] [419757][tshell][bm_ioctl:201]BMIOC_ME_FMT
[01:43:52.020] RX< [6] [cam] [419757][tshell][csc_set_video_fmt:1076]met
[01:43:52.020] RX< a_addr: 0x8a118240
[01:43:52.020] RX< [6] [cam] [419757][tshell][csc_set_me_fmt:64]index 6 w 1296 h 2304 bw 8 wcmp 255, rdma_addr 0x8b2e5400, wdma_addr 0x8c000000
[01:43:52.020] RX< [6] [cam] [419757][tshell][cam_me_core_buffer_cfg:1416]
[01:43:52.020] RX< ----ME PIPE INFO---
[01:43:52.020] RX<  wdma_buf_num:1, rotation_en: 1
[01:43:52.022] RX< [7] [cam] [419759][tshell][cam_me_core_buffer_cfg:1424]yuv wdma_addr 0:0x8c000000, meta_en: 1, 0x8a118240
[01:43:52.022] RX< [7] [cam] [419759][tshell][bm_ioctl:201]BMIOC_ME_FMT
[01:43:52.022] RX< [6] [cam] [419759][tshell][csc_set_lite_fmt:115]index 13 w 400 h 400 bw 10 wcmp 255
[01:43:52.022] RX< [7] [cam] [4
[01:43:52.025] RX< 19760][tshell][bm_ioctl:201]BMIOC_LITE_FMT
[01:43:52.025] RX< [6] [cam] [419760][tshell][csc_set_lite_fmt:115]index 14 w 400 h 400 bw 10 wcmp 255
[01:43:52.025] RX< [7] [cam] [419760][tshell][bm_ioctl:201]BMIOC_LITE_FMT
[01:43:52.025] RX< [6] [cam] [419761][tshell][csc_init:739]get otp ok! phys_id[1], phys_num
[01:43:52.025] RX< [1]
[01:43:52.025] RX< [6] [cam] [419761][tshell][cam_init:828]init ok! logic_id[0]
[01:43:52.025] RX< [34m[cam init] perf=21030(us)!
[01:43:52.025] RX< [0m[6] [App Cam] cam init success
[01:43:52.025] RX< [7] [cam] [419762][tshell][cam_cpm_core_stream_on:560]id 0 sensor type 1
[01:43:52.025] RX< [6] [cam] [419762][tshell][sensor_stream_on:1024]
[01:43:52.055] RX< sensor [1]: stream_on
[01:43:52.055] RX< [6] [cam] [419763][tshell][sensor_stream_on:1052]sensor [1]: REG: 0x100, W:0x1.
[01:43:52.055] RX< [6] [cam] [419763][tshell][sensor_stream_on:1054]sensor [1]: REG: 0x100, R:0x1.
[01:43:52.055] RX< [6] [cam] [419764][tshell][csc_prv_start:873]ok! phys_id[1], phys_num[1]
[01:43:52.055] RX< , cam_ids[1]
[01:43:52.055] RX< [6] [cam] [419764][tshell][cam_start:938]preview start ok! logic_id[0]
[01:43:52.055] RX< [34m[cam start] perf=2554(us)!
[01:43:52.055] RX< [0m[6] [App Cam] cam start success
[01:43:52.055] RX< [RTMP] connecting rtmp://192.168.1.89/live/cam ...
[01:43:52.055] RX< [7] [cam] [419766][b_3a_sts][bayer_stats_core_irq_p
[01:43:52.169] RX< roc:164]thread start cid,0
[01:43:52.169] RX< [7] [cam] [419766][fe0][fe_core_irq_proc:98]thread start cid,0
[01:43:52.169] RX< [RTMP] connected to 192.168.1.89:1935 (sock=6)
[01:43:52.169] RX< [RTMP] handshake (simple) ok
[01:43:52.169] RX< [34m[AE] fid=0,exp=6540,adg=100,Y=6332,mtg=100,shg=100,bgbv=4568,iso=100,cnv0,hdr0
[01:43:52.169] RX< [0m
[01:43:52.334] RX< [34m[b_ae0 proc] perf=8177(us), max=8177(us)!
[01:43:52.334] RX< [0m[34m[awb0 proc] perf=3893(us), max=3893(us)!
[01:43:52.334] RX< [0m[RTMP] connect _result ok
[01:43:52.334] RX< [RTMP] createStream -> msid=1
[01:43:52.334] RX< [RTMP] publish ready on rtmp://192.168.1.89:1935/live
[01:43:52.334] RX< [RTMP] config sent (42 bytes)
[01:43:52.334] RX< [RTMP] f_index 
[01:43:52.426] RX< = 0, f_len = 39
[01:43:52.426] RX< [RTMP] Push Start -> rtmp://192.168.1.89/live/cam
[01:43:52.426] RX< msh /emmc>echo "__EVBTEST_END_03868592__"
[01:43:52.426] RX< __EVBTEST_END_03868592__
[01:43:52.426] RX< msh /emmc>[6] [cam] [420058][me0][cpm_cb_fe2me_tikChk:152]frm_length 88559us, fe2me delta 0
[01:43:52.426] RX< [34m[ME INTP]fid=0, shutter=6
[01:43:54.323] RX< 540, perf=2187(us), max=2187(us)!
[01:43:54.323] RX< [0m[7] [cam] [420403][me0][me_core_thread:359]ME out fid 0
[01:43:54.323] RX< [34m[AE] fid=30,exp=10140,adg=219,Y=4920,mtg=180,shg=119,bgbv=1876,iso=219,cnv2,hdr0
[01:43:54.323] RX< [0m[7] [cam] [421402][me0][me_core_thread:359]ME out fid 30
[01:43:54.323] RX< [34m[AE] fid=6
[01:43:55.328] RX< 0,exp=10140,adg=219,Y=4891,mtg=180,shg=118,bgbv=1869,iso=219,cnv2,hdr0
[01:43:55.328] RX< [0m[7] [cam] [422402][me0][me_core_thread:359]ME out fid 60
[01:43:55.328] RX< [34m[AE] fid=90,exp=10140,adg=219,Y=4905,mtg=180,shg=119,bgbv=1872,iso=219,cnv2,hdr0
[01:43:55.328] RX< [0m[34m[b_ae0 proc] perf=981(us), ma
[01:43:56.323] RX< x=8177(us)!
[01:43:56.323] RX< [0m[34m[awb0 proc] perf=3801(us), max=5792(us)!
[01:43:56.323] RX< [0m[RTMP] f_index = 90, f_len = 7923
[01:43:56.323] RX< [7] [cam] [423402][me0][me_core_thread:359]ME out fid 90
[01:43:56.323] RX< [4] [cam] [423480][qpc0][qpc_core_exception_check:405]discontinuous frame, now: 103, last: 101
[01:43:56.323] RX< [3
[01:43:56.726] RX< 4m[AE] fid=120,exp=9870,adg=225,Y=4867,mtg=180,shg=118,bgbv=1861,iso=225,cnv2,hdr0
[01:43:56.726] RX< [0m[34m[ME INTP]fid=120, shutter=9870, perf=5(us), max=7644(us)!
[01:43:56.726] RX< [0m[7] [cam] [424402][me0][me_core_thread:359]ME out fid 120
[01:43:56.726] RX< [4] [cam] [424449][qpc0][qpc_core_exception_
[01:43:57.664] RX< check:411]interp not finish in sof, fid: 131
[01:43:57.664] RX< [4] [cam] [424479][qpc0][qpc_core_exception_check:405]discontinuous frame, now: 133, last: 131
[01:43:57.664] RX< [34m[AE] fid=150,exp=9870,adg=225,Y=4835,mtg=180,shg=117,bgbv=1850,iso=225,cnv2,hdr0
[01:43:57.664] RX< [0m[7] [cam] [425402][me0][me
[01:43:58.327] RX< _core_thread:359]ME out fid 150
[01:43:58.327] RX< [4] [cam] [425479][qpc0][qpc_core_exception_check:405]discontinuous frame, now: 163, last: 161
[01:43:58.327] RX< [34m[AE] fid=180,exp=9870,adg=225,Y=4847,mtg=180,shg=117,bgbv=1854,iso=225,cnv2,hdr0
[01:43:58.327] RX< [0m[34m[b_ae0 proc] perf=974(us), max=195
[01:43:59.322] RX< 3(us)!
[01:43:59.322] RX< [0m[34m[awb0 proc] perf=3829(us), max=4670(us)!
[01:43:59.322] RX< [0m[RTMP] f_index = 180, f_len = 26709
[01:43:59.322] RX< [7] [cam] [426402][me0][me_core_thread:359]ME out fid 180
[01:43:59.322] RX< [RTMP] slow send frame 181 len=96674 dt=52ms (IDR)
[01:43:59.322] RX< [34m[AE] fid=210,exp=9870,adg=225,Y=4803,mtg=180
[01:44:00.322] RX< ,shg=117,bgbv=1842,iso=225,cnv2,hdr0
[01:44:00.322] RX< [0m[7] [cam] [427402][me0][me_core_thread:359]ME out fid 210
[01:44:00.322] RX< [4] [cam] [427478][qpc0][qpc_core_exception_check:405]discontinuous frame, now: 223, last: 221
[01:44:00.322] RX< [34m[AE] fid=240,exp=9870,adg=225,Y=4821,mtg=180,shg=117,bgbv
[01:44:00.755] RX< =1846,iso=225,cnv2,hdr0
[01:44:00.755] RX< [0m[34m[ME INTP]fid=240, shutter=9870, perf=237(us), max=25002(us)!
[01:44:00.755] RX< [0m[7] [cam] [428401][me0][me_core_thread:359]ME out fid 240
[01:44:00.755] RX< [34m[awb0 proc] perf=6307(us), max=6307(us)!
[01:44:00.755] RX< [0m[4] [cam] [428479][qpc0][qpc_core_exception_check:
[01:44:01.648] RX< 405]discontinuous frame, now: 253, last: 251
[01:44:01.648] RX< [34m[AE] fid=270,exp=9870,adg=225,Y=4833,mtg=180,shg=117,bgbv=1850,iso=225,cnv2,hdr0
[01:44:01.648] RX< [0m[34m[b_ae0 proc] perf=1104(us), max=3930(us)!
[01:44:01.648] RX< [0m[34m[awb0 proc] perf=3820(us), max=6307(us)!
[01:44:01.648] RX< [0m[RTMP] f_index = 27
[01:44:02.322] RX< 0, f_len = 14680
[01:44:02.322] RX< [7] [cam] [429401][me0][me_core_thread:359]ME out fid 270
[01:44:02.322] RX< [4] [cam] [429479][qpc0][qpc_core_exception_check:405]discontinuous frame, now: 283, last: 281
[01:44:02.322] RX< [34m[AE] fid=300,exp=9870,adg=225,Y=4837,mtg=180,shg=117,bgbv=1850,iso=225,cnv2,hdr0
[01:44:03.674] RX< [0m[7] [cam] [430401][me0][me_core_thread:359]ME out fid 300
[01:44:03.674] RX< [4] [cam] [430479][qpc0][qpc_core_exception_check:405]discontinuous frame, now: 313, last: 311
[01:44:03.674] RX< [34m[AE] fid=330,exp=10570,adg=300,Y=4669,mtg=180,shg=100,bgbv=1388,iso=300,cnv2,hdr0
[01:44:03.674] RX< [0m[7] [cam
[01:44:04.408] RX< ] [431401][me0][me_core_thread:359]ME out fid 330
[01:44:04.408] RX< [34m[AE] fid=360,exp=12550,adg=300,Y=3593,mtg=180,shg=100,bgbv=936,iso=300,cnv2,hdr0
[01:44:04.408] RX< [0m[34m[b_ae0 proc] perf=1022(us), max=4038(us)!
[01:44:04.408] RX< [0m[34m[awb0 proc] perf=3860(us), max=5197(us)!
[01:44:04.408] RX< [0m[34m[ME INTP]
[01:44:05.674] RX< fid=360, shutter=12550, perf=1976(us), max=4515(us)!
[01:44:05.674] RX< [0m[RTMP] f_index = 360, f_len = 14196
[01:44:05.674] RX< [7] [cam] [432401][me0][me_core_thread:359]ME out fid 360
[01:44:05.674] RX< [34m[AE] fid=390,exp=10110,adg=269,Y=4840,mtg=180,shg=100,bgbv=1618,iso=269,cnv2,hdr0
[01:44:05.674] RX< [0m[7] [cam] [433
[01:44:07.326] RX< 401][me0][me_core_thread:359]ME out fid 390
[01:44:07.326] RX< [34m[AE] fid=420,exp=10550,adg=300,Y=3943,mtg=180,shg=101,bgbv=1240,iso=300,cnv2,hdr0
[01:44:07.326] RX< [0m[7] [cam] [434401][me0][me_core_thread:359]ME out fid 420
[01:44:07.326] RX< [34m[AE] fid=450,exp=11340,adg=300,Y=4498,mtg=180,shg=100,bgbv
[01:44:08.321] RX< =1254,iso=300,cnv2,hdr0
[01:44:08.321] RX< [0m[34m[b_ae0 proc] perf=1010(us), max=2374(us)!
[01:44:08.321] RX< [0m[34m[awb0 proc] perf=3860(us), max=3915(us)!
[01:44:08.321] RX< [0m[RTMP] f_index = 450, f_len = 15660
[01:44:08.321] RX< [7] [cam] [435400][me0][me_core_thread:359]ME out fid 450
[01:44:08.321] RX< [34m[AE] fid=480,exp=9960,adg=2
[01:44:09.321] RX< 32,Y=4941,mtg=180,shg=122,bgbv=1832,iso=232,cnv2,hdr0
[01:44:09.321] RX< [0m[34m[ME INTP]fid=480, shutter=9960, perf=396(us), max=5781(us)!
[01:44:09.321] RX< [0m[7] [cam] [436400][me0][me_core_thread:359]ME out fid 480
[01:44:09.321] RX< [34m[awb0 proc] perf=6105(us), max=6105(us)!
[01:44:09.321] RX< [0m[34m[AE] fid=510,exp
[01:44:10.324] RX< =9960,adg=232,Y=4913,mtg=180,shg=119,bgbv=1831,iso=232,cnv2,hdr0
[01:44:10.324] RX< [0m[7] [cam] [437400][me0][me_core_thread:359]ME out fid 510
[01:44:10.324] RX< [4] [cam] [437477][qpc0][qpc_core_exception_check:405]discontinuous frame, now: 523, last: 521
[01:44:10.324] RX< [34m[AE] fid=540,exp=9960,adg=232
[01:44:10.709] RX< ,Y=4879,mtg=180,shg=119,bgbv=1820,iso=232,cnv2,hdr0
[01:44:10.709] RX< [0m[34m[b_ae0 proc] perf=984(us), max=3997(us)!
[01:44:10.709] RX< [0m[34m[awb0 proc] perf=3698(us), max=6105(us)!
[01:44:10.709] RX< [0m[RTMP] f_index = 540, f_len = 14976
[01:44:10.709] RX< [7] [cam] [438400][me0][me_core_thread:359]ME out fid 540
[01:44:10.709] RX< [34m
[01:44:11.673] RX< [awb0 proc] perf=6167(us), max=6167(us)!
[01:44:11.673] RX< [0m[4] [cam] [438478][qpc0][qpc_core_exception_check:405]discontinuous frame, now: 553, last: 551
[01:44:11.673] RX< [34m[AE] fid=570,exp=10000,adg=257,Y=4813,mtg=180,shg=106,bgbv=1674,iso=257,cnv2,hdr0
[01:44:11.673] RX< [0m[7] [cam] [439400][me0][m
[01:44:12.660] RX< e_core_thread:359]ME out fid 570
[01:44:12.660] RX< [34m[awb0 proc] perf=6229(us), max=6229(us)!
[01:44:12.660] RX< [0m[34m[AE] fid=600,exp=9920,adg=244,Y=4908,mtg=180,shg=119,bgbv=1768,iso=244,cnv2,hdr0
[01:44:12.660] RX< [0m[34m[ME INTP]fid=600, shutter=9920, perf=347(us), max=7701(us)!
[01:44:12.660] RX< [0m[7] [cam] [440
[01:44:13.646] RX< 400][me0][me_core_thread:359]ME out fid 600
[01:44:13.646] RX< [34m[AE] fid=630,exp=10000,adg=244,Y=4884,mtg=180,shg=122,bgbv=1753,iso=244,cnv2,hdr0
[01:44:13.646] RX< [0m[34m[b_ae0 proc] perf=979(us), max=1581(us)!
[01:44:13.646] RX< [0m[34m[awb0 proc] perf=3817(us), max=6229(us)!
[01:44:13.646] RX< [0m[RTMP] f_index = 630
[01:44:15.319] RX< , f_len = 15263
[01:44:15.319] RX< [7] [cam] [441427][me0][me_core_thread:359]ME out fid 630
[01:44:15.319] RX< [34m[AE] fid=660,exp=9920,adg=244,Y=4892,mtg=180,shg=120,bgbv=1768,iso=244,cnv2,hdr0
[01:44:15.319] RX< [0m[7] [cam] [442400][me0][me_core_thread:359]ME out fid 660
[01:44:15.319] RX< [34m[AE] fid=690,exp=10040,adg=26
[01:44:16.326] RX< 3,Y=5105,mtg=180,shg=112,bgbv=1707,iso=263,cnv2,hdr0
[01:44:16.326] RX< [0m[7] [cam] [443399][me0][me_core_thread:359]ME out fid 690
[01:44:16.326] RX< [34m[AE] fid=720,exp=11790,adg=300,Y=3867,mtg=180,shg=100,bgbv=1100,iso=300,cnv2,hdr0
[01:44:16.326] RX< [0m[34m[b_ae0 proc] perf=979(us), max=3113(us)!
[01:44:16.326] RX< [0
[01:44:17.318] RX< m[34m[awb0 proc] perf=3718(us), max=3893(us)!
[01:44:17.318] RX< [0m[34m[ME INTP]fid=720, shutter=11790, perf=2609(us), max=7645(us)!
[01:44:17.318] RX< [0m[RTMP] f_index = 720, f_len = 13972
[01:44:17.318] RX< [7] [cam] [444399][me0][me_core_thread:359]ME out fid 720
[01:44:17.318] RX< [34m[AE] fid=750,exp=10590,adg=300,Y=45
[01:44:18.671] RX< 11,mtg=180,shg=100,bgbv=1307,iso=300,cnv2,hdr0
[01:44:18.671] RX< [0m[7] [cam] [445399][me0][me_core_thread:359]ME out fid 750
[01:44:18.671] RX< [34m[AE] fid=780,exp=10930,adg=300,Y=5078,mtg=180,shg=100,bgbv=1404,iso=300,cnv2,hdr0
[01:44:18.671] RX< [0m[7] [cam] [446399][me0][me_core_thread:359]ME out fid 78
[01:44:19.663] RX< 0
[01:44:19.663] RX< [34m[AE] fid=810,exp=10070,adg=300,Y=4529,mtg=180,shg=100,bgbv=1402,iso=300,cnv2,hdr0
[01:44:19.663] RX< [0m[34m[b_ae0 proc] perf=1003(us), max=3475(us)!
[01:44:19.663] RX< [0m[34m[awb0 proc] perf=3796(us), max=3908(us)!
[01:44:19.663] RX< [0m[RTMP] f_index = 810, f_len = 21491
[01:44:19.663] RX< [7] [cam] [447399][me0][m
[01:44:21.318] RX< e_core_thread:359]ME out fid 810
[01:44:21.318] RX< [34m[AE] fid=840,exp=9960,adg=269,Y=4611,mtg=180,shg=108,bgbv=1551,iso=269,cnv2,hdr0
[01:44:21.318] RX< [0m[34m[ME INTP]fid=840, shutter=9960, perf=1684(us), max=6541(us)!
[01:44:21.318] RX< [0m[7] [cam] [448399][me0][me_core_thread:359]ME out fid 840
[01:44:21.318] RX< [34m
[01:44:22.324] RX< [AE] fid=870,exp=10000,adg=269,Y=4315,mtg=180,shg=116,bgbv=1518,iso=269,cnv2,hdr0
[01:44:22.324] RX< [0m[7] [cam] [449399][me0][me_core_thread:359]ME out fid 870
[01:44:22.324] RX< [34m[AE] fid=900,exp=11070,adg=300,Y=4624,mtg=180,shg=100,bgbv=1325,iso=300,cnv2,hdr0
[01:44:22.324] RX< [0m[34m[b_ae0 proc] per
[01:44:23.318] RX< f=1091(us), max=1093(us)!
[01:44:23.318] RX< [0m[34m[awb0 proc] perf=3824(us), max=3915(us)!
[01:44:23.318] RX< [0m[RTMP] f_index = 900, f_len = 18019
[01:44:23.318] RX< [7] [cam] [450398][me0][me_core_thread:359]ME out fid 900
[01:44:23.318] RX< [34m[AE] fid=930,exp=11040,adg=300,Y=5440,mtg=180,shg=100,bgbv=1489,iso=300,cnv2
[01:44:24.659] RX< ,hdr0
[01:44:24.659] RX< [0m[7] [cam] [451398][me0][me_core_thread:359]ME out fid 930
[01:44:24.659] RX< [34m[AE] fid=960,exp=11660,adg=300,Y=4714,mtg=180,shg=100,bgbv=1269,iso=300,cnv2,hdr0
[01:44:24.659] RX< [0m[34m[ME INTP]fid=960, shutter=11660, perf=232(us), max=7203(us)!
[01:44:24.659] RX< [0m[7] [cam] [452398][me0][me_
[01:44:25.645] RX< core_thread:359]ME out fid 960
[01:44:25.645] RX< [34m[AE] fid=990,exp=10970,adg=300,Y=3841,mtg=180,shg=100,bgbv=1137,iso=300,cnv2,hdr0
[01:44:25.645] RX< [0m[34m[b_ae0 proc] perf=977(us), max=1534(us)!
[01:44:25.645] RX< [0m[34m[awb0 proc] perf=3690(us), max=3897(us)!
[01:44:25.645] RX< [0m[RTMP] f_index = 990, f_len = 140
[01:44:27.317] RX< 45
[01:44:27.317] RX< [7] [cam] [453398][me0][me_core_thread:359]ME out fid 990
[01:44:27.317] RX< [34m[AE] fid=1020,exp=10820,adg=300,Y=4236,mtg=180,shg=100,bgbv=1266,iso=300,cnv2,hdr0
[01:44:27.317] RX< [0m[7] [cam] [454398][me0][me_core_thread:359]ME out fid 1020
[01:44:27.317] RX< [34m[AE] fid=1050,exp=11850,adg=300,Y=4642,
[01:44:28.322] RX< mtg=180,shg=100,bgbv=1236,iso=300,cnv2,hdr0
[01:44:28.322] RX< [0m[7] [cam] [455398][me0][me_core_thread:359]ME out fid 1050
[01:44:28.322] RX< [34m[AE] fid=1080,exp=11430,adg=300,Y=4804,mtg=180,shg=100,bgbv=1309,iso=300,cnv2,hdr0
[01:44:28.322] RX< [0m[34m[b_ae0 proc] perf=968(us), max=3749(us)!
[01:44:28.322] RX< [0m[34m[
[01:44:29.316] RX< awb0 proc] perf=3888(us), max=4201(us)!
[01:44:29.316] RX< [0m[34m[ME INTP]fid=1080, shutter=11430, perf=238(us), max=4753(us)!
[01:44:29.316] RX< [0m[RTMP] f_index = 1080, f_len = 14380
[01:44:29.316] RX< [7] [cam] [456398][me0][me_core_thread:359]ME out fid 1080
[01:44:29.316] RX< [34m[AE] fid=1110,exp=11070,adg=300,Y=4075,m
[01:44:30.670] RX< tg=180,shg=100,bgbv=1172,iso=300,cnv2,hdr0
[01:44:30.670] RX< [0m[7] [cam] [457397][me0][me_core_thread:359]ME out fid 1110
[01:44:30.670] RX< [34m[AE] fid=1140,exp=10620,adg=300,Y=5136,mtg=180,shg=100,bgbv=1455,iso=300,cnv2,hdr0
[01:44:30.670] RX< [0m[7] [cam] [458397][me0][me_core_thread:359]ME out fid 1140
[01:44:31.657] RX< 
[01:44:31.657] RX< [34m[AE] fid=1170,exp=10940,adg=300,Y=5083,mtg=180,shg=100,bgbv=1380,iso=300,cnv2,hdr0
[01:44:31.657] RX< [0m[34m[b_ae0 proc] perf=1089(us), max=4110(us)!
[01:44:31.657] RX< [0m[34m[awb0 proc] perf=3858(us), max=3990(us)!
[01:44:31.657] RX< [0m[RTMP] f_index = 1170, f_len = 10832
[01:44:31.657] RX< [7] [cam] [459397][me0][
[01:44:32.658] RX< me_core_thread:359]ME out fid 1170
[01:44:32.658] RX< [34m[AE] fid=1200,exp=9930,adg=294,Y=5819,mtg=180,shg=112,bgbv=1664,iso=294,cnv2,hdr0
[01:44:32.658] RX< [0m[34m[ME INTP]fid=1200, shutter=9930, perf=1674(us), max=3247(us)!
[01:44:32.658] RX< [0m[7] [cam] [460397][me0][me_core_thread:359]ME out fid 1200
[01:44:33.749] RX< [34m[AE] fid=1230,exp=10000,adg=225,Y=4923,mtg=180,shg=104,bgbv=1837,iso=225,cnv2,hdr0
[01:44:33.749] RX< [0m[7] [cam] [461397][me0][me_core_thread:359]ME out fid 1230
[01:44:33.749] RX< [34m[awb0 proc] perf=6436(us), max=6436(us)!
[01:44:33.749] RX< [0m[4] [cam] [461474][qpc0][qpc_core_exception_check:405]d
[01:44:34.629] RX< iscontinuous frame, now: 1243, last: 1241
[01:44:34.629] RX< [34m[AE] fid=1260,exp=10000,adg=257,Y=4330,mtg=180,shg=106,bgbv=1588,iso=257,cnv2,hdr0
[01:44:34.629] RX< [0m[34m[b_ae0 proc] perf=962(us), max=4079(us)!
[01:44:34.629] RX< [0m[34m[awb0 proc] perf=3821(us), max=6436(us)!
[01:44:34.629] RX< [0m[RTMP] f_index = 1260
[01:44:36.315] RX< , f_len = 10543
[01:44:36.315] RX< [7] [cam] [462397][me0][me_core_thread:359]ME out fid 1260
[01:44:36.315] RX< [34m[AE] fid=1290,exp=10070,adg=269,Y=4736,mtg=180,shg=104,bgbv=1565,iso=269,cnv2,hdr0
[01:44:36.315] RX< [0m[7] [cam] [463397][me0][me_core_thread:359]ME out fid 1290
[01:44:36.315] RX< [34m[AE] fid=1320,exp=9930,ad
[01:44:37.321] RX< g=269,Y=4689,mtg=180,shg=108,bgbv=1585,iso=269,cnv2,hdr0
[01:44:37.321] RX< [0m[34m[ME INTP]fid=1320, shutter=9930, perf=1685(us), max=4569(us)!
[01:44:37.321] RX< [0m[7] [cam] [464397][me0][me_core_thread:359]ME out fid 1320
[01:44:37.321] RX< [34m[AE] fid=1350,exp=9960,adg=257,Y=4809,mtg=180,shg=100,bgbv=1
[01:44:38.316] RX< 663,iso=257,cnv2,hdr0
[01:44:38.316] RX< [0m[34m[b_ae0 proc] perf=960(us), max=1094(us)!
[01:44:38.316] RX< [0m[34m[awb0 proc] perf=3686(us), max=3916(us)!
[01:44:38.316] RX< [0m[RTMP] f_index = 1350, f_len = 15219
[01:44:38.316] RX< [7] [cam] [465396][me0][me_core_thread:359]ME out fid 1350
[01:44:38.316] RX< [34m[AE] fid=1380,exp=10040,adg=
[01:44:39.668] RX< 263,Y=4777,mtg=180,shg=100,bgbv=1622,iso=263,cnv2,hdr0
[01:44:39.668] RX< [0m[7] [cam] [466396][me0][me_core_thread:359]ME out fid 1380
[01:44:39.668] RX< [34m[AE] fid=1410,exp=9960,adg=257,Y=4721,mtg=180,shg=114,bgbv=1656,iso=257,cnv2,hdr0
[01:44:39.668] RX< [0m[7] [cam] [467396][me0][me_core_thread:359]ME o
[01:44:40.416] RX< ut fid 1410
[01:44:40.416] RX< [34m[AE] fid=1440,exp=10080,adg=250,Y=4680,mtg=180,shg=116,bgbv=1676,iso=250,cnv2,hdr0
[01:44:40.416] RX< [0m[34m[b_ae0 proc] perf=1101(us), max=2246(us)!
[01:44:40.416] RX< [0m[34m[awb0 proc] perf=3683(us), max=3896(us)!
[01:44:40.416] RX< [0m[34m[ME INTP]fid=1440, shutter=10080, perf=412(us
[01:44:40.748] RX< ), max=4791(us)!
[01:44:40.748] RX< [0m[RTMP] f_index = 1440, f_len = 17243
[01:44:40.748] RX< [7] [cam] [468396][me0][me_core_thread:359]ME out fid 1440
[01:44:40.748] RX< [34m[awb0 proc] perf=6028(us), max=6028(us)!
[01:44:40.748] RX< [0m[4] [cam] [468473][qpc0][qpc_core_exception_check:405]discontinuous frame, now: 1453, las
[01:44:42.668] RX< t: 1451
[01:44:42.668] RX< [34m[AE] fid=1470,exp=9960,adg=257,Y=4625,mtg=180,shg=119,bgbv=1641,iso=257,cnv2,hdr0
[01:44:42.668] RX< [0m[7] [cam] [469396][me0][me_core_thread:359]ME out fid 1470
[01:44:42.668] RX< [34m[AE] fid=1500,exp=9960,adg=263,Y=5258,mtg=180,shg=113,bgbv=1724,iso=263,cnv2,hdr0
[01:44:42.668] RX< [0m[7] [ca
[01:44:43.641] RX< m] [470396][me0][me_core_thread:359]ME out fid 1500
[01:44:43.641] RX< [34m[AE] fid=1530,exp=10040,adg=225,Y=4934,mtg=180,shg=120,bgbv=1835,iso=225,cnv2,hdr0
[01:44:43.641] RX< [0m[34m[b_ae0 proc] perf=918(us), max=1101(us)!
[01:44:43.641] RX< [0m[34m[awb0 proc] perf=3797(us), max=6028(us)!
[01:44:43.641] RX< [0m[RTMP] f_in
[01:44:44.315] RX< dex = 1530, f_len = 16443
[01:44:44.315] RX< [7] [cam] [471396][me0][me_core_thread:359]ME out fid 1530
[01:44:44.315] RX< [4] [cam] [471473][qpc0][qpc_core_exception_check:405]discontinuous frame, now: 1543, last: 1541
[01:44:44.315] RX< [34m[AE] fid=1560,exp=9960,adg=225,Y=4852,mtg=180,shg=100,bgbv=1846,iso=2
[01:44:45.314] RX< 25,cnv2,hdr0
[01:44:45.314] RX< [0m[34m[ME INTP]fid=1560, shutter=9960, perf=6(us), max=9592(us)!
[01:44:45.314] RX< [0m[7] [cam] [472395][me0][me_core_thread:359]ME out fid 1560
[01:44:45.314] RX< [4] [cam] [472473][qpc0][qpc_core_exception_check:405]discontinuous frame, now: 1573, last: 1571
[01:44:45.314] RX< [34m[AE] fid=1
[01:44:46.319] RX< 590,exp=9960,adg=225,Y=4851,mtg=180,shg=100,bgbv=1846,iso=225,cnv2,hdr0
[01:44:46.319] RX< [0m[7] [cam] [473395][me0][me_core_thread:359]ME out fid 1590
[01:44:46.319] RX< [4] [cam] [473473][qpc0][qpc_core_exception_check:405]discontinuous frame, now: 1603, last: 1601
[01:44:46.319] RX< [34m[AE] fid=1620,exp=9
[01:44:46.655] RX< 960,adg=225,Y=4850,mtg=180,shg=100,bgbv=1846,iso=225,cnv2,hdr0
[01:44:46.655] RX< [0m[34m[b_ae0 proc] perf=981(us), max=4900(us)!
[01:44:46.655] RX< [0m[34m[awb0 proc] perf=3799(us), max=5347(us)!
[01:44:46.655] RX< [0m[RTMP] f_index = 1620, f_len = 14387
[01:44:46.655] RX< [7] [cam] [474395][me0][me_core_thread:359]ME out f
[01:44:48.314] RX< id 1620
[01:44:48.314] RX< [4] [cam] [474473][qpc0][qpc_core_exception_check:405]discontinuous frame, now: 1633, last: 1631
[01:44:48.314] RX< [34m[AE] fid=1650,exp=9960,adg=225,Y=4849,mtg=180,shg=100,bgbv=1843,iso=225,cnv2,hdr0
[01:44:48.314] RX< [0m[7] [cam] [475395][me0][me_core_thread:359]ME out fid 1650
[01:44:48.314] RX< 
[01:44:48.717] RX< [34m[AE] fid=1680,exp=9960,adg=225,Y=4846,mtg=180,shg=100,bgbv=1843,iso=225,cnv2,hdr0
[01:44:48.717] RX< [0m[34m[ME INTP]fid=1680, shutter=9960, perf=5(us), max=1006(us)!
[01:44:48.717] RX< [0m[7] [cam] [476395][me0][me_core_thread:359]ME out fid 1680
[01:44:48.717] RX< [4] [cam] [476442][qpc0][qpc_core_excep
[01:44:49.318] RX< tion_check:411]interp not finish in sof, fid: 1691
[01:44:49.318] RX< [4] [cam] [476472][qpc0][qpc_core_exception_check:405]discontinuous frame, now: 1693, last: 1691
[01:44:49.318] RX< [34m[AE] fid=1710,exp=9960,adg=225,Y=4846,mtg=180,shg=100,bgbv=1843,iso=225,cnv2,hdr0
[01:44:49.318] RX< [0m[34m[b_ae0 proc]
[01:44:49.748] RX<  perf=1079(us), max=3557(us)!
[01:44:49.748] RX< [0m[34m[awb0 proc] perf=3680(us), max=3890(us)!
[01:44:49.748] RX< [0m[RTMP] f_index = 1710, f_len = 14007
[01:44:49.748] RX< [7] [cam] [477395][me0][me_core_thread:359]ME out fid 1710
[01:44:49.748] RX< [4] [cam] [477473][qpc0][qpc_core_exception_check:405]discontinuous frame, 
[01:44:51.313] RX< now: 1723, last: 1721
[01:44:51.313] RX< [34m[AE] fid=1740,exp=9960,adg=225,Y=4846,mtg=180,shg=100,bgbv=1843,iso=225,cnv2,hdr0
[01:44:51.313] RX< [0m[7] [cam] [478395][me0][me_core_thread:359]ME out fid 1740
[01:44:51.313] RX< [34m[AE] fid=1770,exp=9960,adg=225,Y=4844,mtg=180,shg=100,bgbv=1843,iso=225,cnv2,hd
[01:44:52.317] RX< r0
[01:44:52.317] RX< [0m[7] [cam] [479394][me0][me_core_thread:359]ME out fid 1770
[01:44:52.317] RX< [4] [cam] [479472][qpc0][qpc_core_exception_check:405]discontinuous frame, now: 1783, last: 1781
[01:44:52.317] RX< [34m[AE] fid=1800,exp=9960,adg=225,Y=4838,mtg=180,shg=100,bgbv=1843,iso=225,cnv2,hdr0
[01:44:52.317] RX< [0m[
[01:44:52.653] RX< 34m[b_ae0 proc] perf=953(us), max=2356(us)!
[01:44:52.653] RX< [0m[34m[awb0 proc] perf=3805(us), max=4148(us)!
[01:44:52.653] RX< [0m[34m[ME INTP]fid=1800, shutter=9960, perf=6(us), max=7(us)!
[01:44:52.653] RX< [0m[RTMP] f_index = 1800, f_len = 14213
[01:44:52.653] RX< [7] [cam] [480394][me0][me_core_thread:359]ME out fid 1
[01:44:53.746] RX< 800
[01:44:53.746] RX< [4] [cam] [480472][qpc0][qpc_core_exception_check:405]discontinuous frame, now: 1813, last: 1811
[01:44:53.746] RX< [34m[AE] fid=1830,exp=9960,adg=225,Y=4837,mtg=180,shg=100,bgbv=1839,iso=225,cnv2,hdr0
[01:44:53.746] RX< [0m[7] [cam] [481394][me0][me_core_thread:359]ME out fid 1830
[01:44:53.746] RX< [4] [
[01:44:54.746] RX< cam] [481472][qpc0][qpc_core_exception_check:405]discontinuous frame, now: 1843, last: 1841
[01:44:54.746] RX< [34m[AE] fid=1860,exp=9960,adg=225,Y=4832,mtg=180,shg=100,bgbv=1839,iso=225,cnv2,hdr0
[01:44:54.746] RX< [0m[7] [cam] [482394][me0][me_core_thread:359]ME out fid 1860
[01:44:54.746] RX< [4] [cam] [482
[01:44:55.317] RX< 472][qpc0][qpc_core_exception_check:405]discontinuous frame, now: 1873, last: 1871
[01:44:55.317] RX< [34m[AE] fid=1890,exp=10110,adg=263,Y=4562,mtg=180,shg=114,bgbv=1566,iso=263,cnv2,hdr0
[01:44:55.317] RX< [0m[34m[b_ae0 proc] perf=968(us), max=3781(us)!
[01:44:55.317] RX< [0m[34m[awb0 proc] perf=3811(us)
[01:44:55.747] RX< , max=4616(us)!
[01:44:55.747] RX< [0m[RTMP] f_index = 1890, f_len = 21389
[01:44:55.747] RX< [7] [cam] [483394][me0][me_core_thread:359]ME out fid 1890
[01:44:55.747] RX< [34m[awb0 proc] perf=6159(us), max=6159(us)!
[01:44:55.747] RX< [0m[4] [cam] [483473][qpc0][qpc_core_exception_check:405]discontinuous frame, now: 1903, last
[01:44:57.313] RX< : 1901
[01:44:57.313] RX< [34m[AE] fid=1920,exp=10000,adg=257,Y=4865,mtg=180,shg=116,bgbv=1662,iso=257,cnv2,hdr0
[01:44:57.313] RX< [0m[34m[ME INTP]fid=1920, shutter=10000, perf=237(us), max=4237(us)!
[01:44:57.313] RX< [0m[7] [cam] [484394][me0][me_core_thread:359]ME out fid 1920
[01:44:57.313] RX< [34m[AE] fid=1950,exp=1012
[01:44:58.316] RX< 0,adg=244,Y=4874,mtg=180,shg=119,bgbv=1736,iso=244,cnv2,hdr0
[01:44:58.316] RX< [0m[7] [cam] [485394][me0][me_core_thread:359]ME out fid 1950
[01:44:58.316] RX< [34m[AE] fid=1980,exp=9920,adg=250,Y=4681,mtg=180,shg=119,bgbv=1679,iso=250,cnv2,hdr0
[01:44:58.316] RX< [0m[34m[b_ae0 proc] perf=984(us), max=3245(
[01:44:59.311] RX< us)!
[01:44:59.311] RX< [0m[34m[awb0 proc] perf=3751(us), max=6159(us)!
[01:44:59.311] RX< [0m[RTMP] f_index = 1980, f_len = 12057
[01:44:59.311] RX< [7] [cam] [486394][me0][me_core_thread:359]ME out fid 1980
[01:44:59.311] RX< [4] [cam] [486471][qpc0][qpc_core_exception_check:405]discontinuous frame, now: 1993, last: 1991
[01:44:59.311] RX< [3
[01:44:59.745] RX< 4m[AE] fid=2010,exp=10040,adg=244,Y=4857,mtg=180,shg=119,bgbv=1732,iso=244,cnv2,hdr0
[01:44:59.745] RX< [0m[7] [cam] [487393][me0][me_core_thread:359]ME out fid 2010
[01:44:59.745] RX< [34m[awb0 proc] perf=6339(us), max=6339(us)!
[01:44:59.745] RX< [0m[4] [cam] [487471][qpc0][qpc_core_exception_check:405]disc
[01:45:00.652] RX< ontinuous frame, now: 2023, last: 2021
[01:45:00.652] RX< [34m[AE] fid=2040,exp=9920,adg=244,Y=4902,mtg=180,shg=121,bgbv=1771,iso=244,cnv2,hdr0
[01:45:00.652] RX< [0m[34m[ME INTP]fid=2040, shutter=9920, perf=356(us), max=14817(us)!
[01:45:00.652] RX< [0m[7] [cam] [488393][me0][me_core_thread:359]ME out fid 2
[01:45:01.316] RX< 040
[01:45:01.316] RX< [34m[awb0 proc] perf=6383(us), max=6383(us)!
[01:45:01.316] RX< [0m[4] [cam] [488471][qpc0][qpc_core_exception_check:405]discontinuous frame, now: 2053, last: 2051
[01:45:01.316] RX< [34m[AE] fid=2070,exp=10040,adg=244,Y=4728,mtg=180,shg=123,bgbv=1719,iso=244,cnv2,hdr0
[01:45:01.316] RX< [0m[34m[b_ae0 p
[01:45:02.311] RX< roc] perf=1046(us), max=3961(us)!
[01:45:02.311] RX< [0m[34m[awb0 proc] perf=3870(us), max=6383(us)!
[01:45:02.311] RX< [0m[RTMP] f_index = 2070, f_len = 16924
[01:45:02.311] RX< [7] [cam] [489393][me0][me_core_thread:359]ME out fid 2070
[01:45:02.311] RX< [34m[AE] fid=2100,exp=10080,adg=244,Y=4876,mtg=180,shg=118,bgbv=1740,i
[01:45:03.663] RX< so=244,cnv2,hdr0
[01:45:03.663] RX< [0m[7] [cam] [490393][me0][me_core_thread:359]ME out fid 2100
[01:45:03.663] RX< [34m[awb0 proc] perf=6564(us), max=6564(us)!
[01:45:03.663] RX< [0m[34m[AE] fid=2130,exp=9880,adg=250,Y=4813,mtg=180,shg=118,bgbv=1702,iso=250,cnv2,hdr0
[01:45:03.663] RX< [0m[7] [cam] [491393][me0][me_core_thr
[01:45:04.414] RX< ead:359]ME out fid 2130
[01:45:04.414] RX< [34m[AE] fid=2160,exp=9880,adg=250,Y=4688,mtg=180,shg=119,bgbv=1696,iso=250,cnv2,hdr0
[01:45:04.414] RX< [0m[34m[b_ae0 proc] perf=968(us), max=2842(us)!
[01:45:04.414] RX< [0m[34m[awb0 proc] perf=3721(us), max=6564(us)!
[01:45:04.414] RX< [0m[34m[ME INTP]fid=2160, shutter=9880, pe
[01:45:05.311] RX< rf=3172(us), max=8646(us)!
[01:45:05.311] RX< [0m[RTMP] f_index = 2160, f_len = 15780
[01:45:05.311] RX< [7] [cam] [492393][me0][me_core_thread:359]ME out fid 2160
[01:45:05.311] RX< [4] [cam] [492470][qpc0][qpc_core_exception_check:405]discontinuous frame, now: 2173, last: 2171
[01:45:05.311] RX< [34m[AE] fid=2190,exp=9880,adg=
[01:45:06.663] RX< 250,Y=4715,mtg=180,shg=118,bgbv=1698,iso=250,cnv2,hdr0
[01:45:06.663] RX< [0m[7] [cam] [493393][me0][me_core_thread:359]ME out fid 2190
[01:45:06.663] RX< [34m[AE] fid=2220,exp=10080,adg=238,Y=4828,mtg=180,shg=129,bgbv=1749,iso=238,cnv2,hdr0
[01:45:06.663] RX< [0m[7] [cam] [494392][me0][me_core_thread:359]ME 
[01:45:07.315] RX< out fid 2220
[01:45:07.315] RX< [34m[awb0 proc] perf=6096(us), max=6096(us)!
[01:45:07.315] RX< [0m[34m[AE] fid=2250,exp=10120,adg=244,Y=4917,mtg=180,shg=117,bgbv=1738,iso=244,cnv2,hdr0
[01:45:07.315] RX< [0m[34m[b_ae0 proc] perf=885(us), max=1955(us)!
[01:45:07.315] RX< [0m[34m[awb0 proc] perf=3692(us), max=6096(us)!
[01:45:07.315] RX< [0m
[01:45:08.310] RX< [RTMP] f_index = 2250, f_len = 14890
[01:45:08.310] RX< [7] [cam] [495392][me0][me_core_thread:359]ME out fid 2250
[01:45:08.310] RX< [34m[awb0 proc] perf=6240(us), max=6240(us)!
[01:45:08.310] RX< [0m[4] [cam] [495471][qpc0][qpc_core_exception_check:405]discontinuous frame, now: 2263, last: 2261
[01:45:08.310] RX< [34m[AE] fid
[01:45:08.700] RX< =2280,exp=10040,adg=244,Y=4864,mtg=180,shg=120,bgbv=1743,iso=244,cnv2,hdr0
[01:45:08.700] RX< [0m[34m[ME INTP]fid=2280, shutter=10040, perf=6(us), max=4065(us)!
[01:45:08.700] RX< [0m[7] [cam] [496392][me0][me_core_thread:359]ME out fid 2280
[01:45:08.700] RX< [34m[awb0 proc] perf=6827(us), max=6827(us)!
[01:45:08.700] RX< [0
[01:45:10.315] RX< m[4] [cam] [496470][qpc0][qpc_core_exception_check:405]discontinuous frame, now: 2293, last: 2291
[01:45:10.315] RX< [34m[AE] fid=2310,exp=10120,adg=244,Y=4915,mtg=180,shg=117,bgbv=1732,iso=244,cnv2,hdr0
[01:45:10.315] RX< [0m[7] [cam] [497392][me0][me_core_thread:359]ME out fid 2310
[01:45:10.315] RX< [34m[A
[01:45:10.651] RX< E] fid=2340,exp=10120,adg=244,Y=4740,mtg=180,shg=119,bgbv=1699,iso=244,cnv2,hdr0
[01:45:10.651] RX< [0m[34m[b_ae0 proc] perf=1101(us), max=1351(us)!
[01:45:10.651] RX< [0m[34m[awb0 proc] perf=3811(us), max=6827(us)!
[01:45:10.651] RX< [0m[RTMP] f_index = 2340, f_len = 12882
[01:45:10.651] RX< [7] [cam] [498392][me0][me_core_
[01:45:12.309] RX< thread:359]ME out fid 2340
[01:45:12.309] RX< [34m[AE] fid=2370,exp=10080,adg=244,Y=4745,mtg=180,shg=119,bgbv=1699,iso=244,cnv2,hdr0
[01:45:12.309] RX< [0m[7] [cam] [499392][me0][me_core_thread:359]ME out fid 2370
[01:45:12.309] RX< [34m[AE] fid=2400,exp=10120,adg=244,Y=4855,mtg=180,shg=119,bgbv=1739,iso=244,
[01:45:13.314] RX< cnv2,hdr0
[01:45:13.314] RX< [0m[34m[ME INTP]fid=2400, shutter=10120, perf=3559(us), max=6426(us)!
[01:45:13.314] RX< [0m[7] [cam] [500392][me0][me_core_thread:359]ME out fid 2400
[01:45:13.314] RX< [34m[AE] fid=2430,exp=10080,adg=244,Y=4821,mtg=180,shg=119,bgbv=1734,iso=244,cnv2,hdr0
[01:45:13.314] RX< [0m[34m[b_ae0 proc] p
[01:45:14.309] RX< erf=971(us), max=1101(us)!
[01:45:14.309] RX< [0m[34m[awb0 proc] perf=3821(us), max=4338(us)!
[01:45:14.309] RX< [0m[RTMP] f_index = 2430, f_len = 14635
[01:45:14.309] RX< [7] [cam] [501391][me0][me_core_thread:359]ME out fid 2430
[01:45:14.309] RX< [34m[AE] fid=2460,exp=10000,adg=250,Y=4703,mtg=180,shg=117,bgbv=1687,iso=250,
[01:45:15.661] RX< cnv2,hdr0
[01:45:15.661] RX< [0m[7] [cam] [502391][me0][me_core_thread:359]ME out fid 2460
[01:45:15.661] RX< [34m[awb0 proc] perf=6207(us), max=6207(us)!
[01:45:15.661] RX< [0m[34m[AE] fid=2490,exp=9920,adg=244,Y=4880,mtg=180,shg=121,bgbv=1764,iso=244,cnv2,hdr0
[01:45:15.661] RX< [0m[7] [cam] [503391][me0][me_core_thread:359
[01:45:16.314] RX< ]ME out fid 2490
[01:45:16.314] RX< [4] [cam] [503469][qpc0][qpc_core_exception_check:405]discontinuous frame, now: 2503, last: 2501
[01:45:16.314] RX< [34m[AE] fid=2520,exp=9920,adg=238,Y=4882,mtg=180,shg=120,bgbv=1794,iso=238,cnv2,hdr0
[01:45:16.314] RX< [0m[34m[b_ae0 proc] perf=982(us), max=1129(us)!
[01:45:16.314] RX< [0m
[01:45:16.742] RX< [34m[awb0 proc] perf=3835(us), max=6207(us)!
[01:45:16.742] RX< [0m[34m[ME INTP]fid=2520, shutter=9920, perf=5(us), max=12978(us)!
[01:45:16.742] RX< [0m[RTMP] f_index = 2520, f_len = 14646
[01:45:16.742] RX< [7] [cam] [504391][me0][me_core_thread:359]ME out fid 2520
[01:45:16.742] RX< [4] [cam] [504469][qpc0][qpc_core_excepti
[01:45:17.743] RX< on_check:405]discontinuous frame, now: 2533, last: 2531
[01:45:17.743] RX< [34m[AE] fid=2550,exp=9920,adg=238,Y=4912,mtg=180,shg=121,bgbv=1801,iso=238,cnv2,hdr0
[01:45:17.743] RX< [0m[7] [cam] [505391][me0][me_core_thread:359]ME out fid 2550
[01:45:17.743] RX< [4] [cam] [505469][qpc0][qpc_core_exception_check:
[01:45:19.315] RX< 405]discontinuous frame, now: 2563, last: 2561
[01:45:19.315] RX< [34m[AE] fid=2580,exp=10080,adg=244,Y=4973,mtg=180,shg=122,bgbv=1746,iso=244,cnv2,hdr0
[01:45:19.315] RX< [0m[7] [cam] [506391][me0][me_core_thread:359]ME out fid 2580
[01:45:19.315] RX< [34m[AE] fid=2610,exp=9920,adg=244,Y=5001,mtg=180,shg=104
[01:45:19.741] RX< ,bgbv=1783,iso=244,cnv2,hdr0
[01:45:19.741] RX< [0m[34m[b_ae0 proc] perf=969(us), max=3432(us)!
[01:45:19.741] RX< [0m[34m[awb0 proc] perf=3861(us), max=3916(us)!
[01:45:19.741] RX< [0m[RTMP] f_index = 2610, f_len = 16031
[01:45:19.741] RX< [7] [cam] [507391][me0][me_core_thread:359]ME out fid 2610
[01:45:19.741] RX< [4] [cam] [507468][qpc0][q
[01:45:20.648] RX< pc_core_exception_check:405]discontinuous frame, now: 2623, last: 2621
[01:45:20.648] RX< [34m[AE] fid=2640,exp=10000,adg=232,Y=4865,mtg=180,shg=110,bgbv=1810,iso=232,cnv2,hdr0
[01:45:20.648] RX< [0m[34m[ME INTP]fid=2640, shutter=10000, perf=412(us), max=20982(us)!
[01:45:20.648] RX< [0m[7] [cam] [508391][me
[01:45:22.312] RX< 0][me_core_thread:359]ME out fid 2640
[01:45:22.312] RX< [34m[AE] fid=2670,exp=9920,adg=238,Y=4902,mtg=180,shg=100,bgbv=1801,iso=238,cnv2,hdr0
[01:45:22.312] RX< [0m[7] [cam] [509390][me0][me_core_thread:359]ME out fid 2670
[01:45:22.312] RX< [34m[AE] fid=2700,exp=9920,adg=238,Y=4894,mtg=180,shg=100,bgbv=1798
[01:45:22.741] RX< ,iso=238,cnv2,hdr0
[01:45:22.741] RX< [0m[34m[b_ae0 proc] perf=984(us), max=2819(us)!
[01:45:22.741] RX< [0m[34m[awb0 proc] perf=3813(us), max=3982(us)!
[01:45:22.741] RX< [0m[RTMP] f_index = 2700, f_len = 12456
[01:45:22.741] RX< [7] [cam] [510390][me0][me_core_thread:359]ME out fid 2700
[01:45:22.741] RX< [4] [cam] [510468][qpc0][qpc_core_ex
[01:45:24.308] RX< ception_check:405]discontinuous frame, now: 2713, last: 2711
[01:45:24.308] RX< [34m[AE] fid=2730,exp=9920,adg=238,Y=4890,mtg=180,shg=100,bgbv=1798,iso=238,cnv2,hdr0
[01:45:24.308] RX< [0m[7] [cam] [511390][me0][me_core_thread:359]ME out fid 2730
[01:45:24.308] RX< [34m[AE] fid=2760,exp=9920,adg=238,Y=4893,mt
[01:45:24.707] RX< g=180,shg=100,bgbv=1798,iso=238,cnv2,hdr0
[01:45:24.707] RX< [0m[34m[ME INTP]fid=2760, shutter=9920, perf=6(us), max=4097(us)!
[01:45:24.707] RX< [0m[7] [cam] [512390][me0][me_core_thread:359]ME out fid 2760
[01:45:24.707] RX< [4] [cam] [512434][qpc0][qpc_core_exception_check:411]interp not finish in sof, fid
[01:45:25.312] RX< : 2771
[01:45:25.312] RX< [4] [cam] [512467][qpc0][qpc_core_exception_check:405]discontinuous frame, now: 2773, last: 2771
[01:45:25.312] RX< [34m[AE] fid=2790,exp=9920,adg=238,Y=4898,mtg=180,shg=100,bgbv=1798,iso=238,cnv2,hdr0
[01:45:25.312] RX< [0m[34m[b_ae0 proc] perf=981(us), max=2364(us)!
[01:45:25.312] RX< [0m[34m[awb0
[01:45:26.660] RX<  proc] perf=3784(us), max=4492(us)!
[01:45:26.660] RX< [0m[RTMP] f_index = 2790, f_len = 9875
[01:45:26.660] RX< [7] [cam] [513390][me0][me_core_thread:359]ME out fid 2790
[01:45:26.660] RX< [34m[AE] fid=2820,exp=9920,adg=238,Y=4898,mtg=180,shg=100,bgbv=1798,iso=238,cnv2,hdr0
[01:45:26.660] RX< [0m[7] [cam] [514390][me0][me_cor
[01:45:27.660] RX< e_thread:359]ME out fid 2820
[01:45:27.660] RX< [4] [cam] [514468][qpc0][qpc_core_exception_check:405]discontinuous frame, now: 2833, last: 2831
[01:45:27.660] RX< [34m[AE] fid=2850,exp=9920,adg=238,Y=4897,mtg=180,shg=100,bgbv=1798,iso=238,cnv2,hdr0
[01:45:27.660] RX< [0m[7] [cam] [515390][me0][me_core_thread:
[01:45:28.312] RX< 359]ME out fid 2850
[01:45:28.312] RX< [4] [cam] [515467][qpc0][qpc_core_exception_check:405]discontinuous frame, now: 2863, last: 2861
[01:45:28.312] RX< [34m[AE] fid=2880,exp=9920,adg=238,Y=4898,mtg=180,shg=100,bgbv=1798,iso=238,cnv2,hdr0
[01:45:28.312] RX< [0m[34m[b_ae0 proc] perf=974(us), max=3518(us)!
[01:45:28.312] RX< 
[01:45:29.306] RX< [0m[34m[awb0 proc] perf=3699(us), max=5299(us)!
[01:45:29.306] RX< [0m[34m[ME INTP]fid=2880, shutter=9920, perf=5(us), max=353(us)!
[01:45:29.306] RX< [0m[RTMP] f_index = 2880, f_len = 16615
[01:45:29.306] RX< [7] [cam] [516389][me0][me_core_thread:359]ME out fid 2880
[01:45:29.306] RX< [34m[AE] fid=2910,exp=9920,adg=238,Y=49
[01:45:30.660] RX< 00,mtg=180,shg=100,bgbv=1801,iso=238,cnv2,hdr0
[01:45:30.660] RX< [0m[7] [cam] [517389][me0][me_core_thread:359]ME out fid 2910
[01:45:30.660] RX< [RTMP] slow send frame 2911 len=87502 dt=53ms (IDR)
[01:45:30.660] RX< [34m[AE] fid=2940,exp=9920,adg=238,Y=4901,mtg=180,shg=100,bgbv=1801,iso=238,cnv2,hdr0
[01:45:30.660] RX< [0m[7]
[01:45:31.311] RX<  [cam] [518389][me0][me_core_thread:359]ME out fid 2940
[01:45:31.311] RX< [4] [cam] [518467][qpc0][qpc_core_exception_check:405]discontinuous frame, now: 2953, last: 2951
[01:45:31.311] RX< [34m[AE] fid=2970,exp=9920,adg=238,Y=4901,mtg=180,shg=100,bgbv=1801,iso=238,cnv2,hdr0
[01:45:31.311] RX< [0m[34m[b_ae0 
[01:45:32.306] RX< proc] perf=961(us), max=2250(us)!
[01:45:32.306] RX< [0m[34m[awb0 proc] perf=3806(us), max=3878(us)!
[01:45:32.306] RX< [0m[RTMP] f_index = 2970, f_len = 15005
[01:45:32.306] RX< [7] [cam] [519389][me0][me_core_thread:359]ME out fid 2970
[01:45:32.306] RX< [RTMP] slow send frame 2971 len=89372 dt=65ms (IDR)
[01:45:32.306] RX< [34m[AE] fid=3000,
[01:45:32.739] RX< exp=9920,adg=238,Y=4910,mtg=180,shg=100,bgbv=1801,iso=238,cnv2,hdr0
[01:45:32.739] RX< [0m[34m[ME INTP]fid=3000, shutter=9920, perf=6(us), max=247(us)!
[01:45:32.739] RX< [0m[7] [cam] [520389][me0][me_core_thread:359]ME out fid 3000
[01:45:32.739] RX< [4] [cam] [520466][qpc0][qpc_core_exception_check:405]disc
[01:45:33.739] RX< ontinuous frame, now: 3013, last: 3011
[01:45:33.739] RX< [34m[AE] fid=3030,exp=9920,adg=238,Y=4902,mtg=180,shg=100,bgbv=1801,iso=238,cnv2,hdr0
[01:45:33.739] RX< [0m[7] [cam] [521389][me0][me_core_thread:359]ME out fid 3030
[01:45:33.739] RX< [4] [cam] [521466][qpc0][qpc_core_exception_check:405]discontinuous
[01:45:34.631] RX<  frame, now: 3043, last: 3041
[01:45:34.631] RX< [34m[AE] fid=3060,exp=9920,adg=238,Y=4900,mtg=180,shg=100,bgbv=1801,iso=238,cnv2,hdr0
[01:45:34.631] RX< [0m[34m[b_ae0 proc] perf=982(us), max=4318(us)!
[01:45:34.631] RX< [0m[34m[awb0 proc] perf=3825(us), max=4192(us)!
[01:45:34.631] RX< [0m[RTMP] f_index = 3060, f_len = 117
[01:45:35.658] RX< 40
[01:45:35.658] RX< [7] [cam] [522389][me0][me_core_thread:359]ME out fid 3060
[01:45:35.658] RX< [4] [cam] [522466][qpc0][qpc_core_exception_check:405]discontinuous frame, now: 3073, last: 3071
[01:45:35.658] RX< [34m[AE] fid=3090,exp=9960,adg=238,Y=4832,mtg=180,shg=107,bgbv=1779,iso=238,cnv2,hdr0
[01:45:35.658] RX< [0m[7] [c
[01:45:36.648] RX< am] [523388][me0][me_core_thread:359]ME out fid 3090
[01:45:36.648] RX< [34m[AE] fid=3120,exp=9960,adg=250,Y=4466,mtg=180,shg=149,bgbv=1625,iso=250,cnv2,hdr0
[01:45:36.648] RX< [0m[34m[ME INTP]fid=3120, shutter=9960, perf=2089(us), max=3744(us)!
[01:45:36.648] RX< [0m[7] [cam] [524388][me0][me_core_thread:35
[01:45:37.646] RX< 9]ME out fid 3120
[01:45:37.646] RX< [34m[AE] fid=3150,exp=10110,adg=263,Y=4692,mtg=180,shg=149,bgbv=1599,iso=263,cnv2,hdr0
[01:45:37.646] RX< [0m[34m[b_ae0 proc] perf=921(us), max=1180(us)!
[01:45:37.646] RX< [0m[34m[awb0 proc] perf=3688(us), max=3868(us)!
[01:45:37.646] RX< [0m[RTMP] f_index = 3150, f_len = 15551
[01:45:37.646] RX< [7] [cam
[01:45:38.305] RX< ] [525388][me0][me_core_thread:359]ME out fid 3150
[01:45:38.305] RX< [4] [cam] [525434][qpc0][qpc_core_exception_check:411]interp not finish in sof, fid: 3161
[01:45:38.305] RX< [4] [cam] [525466][qpc0][qpc_core_exception_check:405]discontinuous frame, now: 3163, last: 3161
[01:45:38.305] RX< [34m[AE] fid=3180
[01:45:39.657] RX< ,exp=10040,adg=263,Y=5144,mtg=180,shg=136,bgbv=1704,iso=263,cnv2,hdr0
[01:45:39.657] RX< [0m[7] [cam] [526388][me0][me_core_thread:359]ME out fid 3180
[01:45:39.657] RX< [34m[AE] fid=3210,exp=10040,adg=257,Y=4778,mtg=180,shg=131,bgbv=1663,iso=257,cnv2,hdr0
[01:45:39.657] RX< [0m[7] [cam] [527388][me0][me_core
[01:45:40.407] RX< _thread:359]ME out fid 3210
[01:45:40.407] RX< [34m[AE] fid=3240,exp=10330,adg=300,Y=4376,mtg=180,shg=102,bgbv=1374,iso=300,cnv2,hdr0
[01:45:40.407] RX< [0m[34m[b_ae0 proc] perf=1032(us), max=2473(us)!
[01:45:40.407] RX< [0m[34m[awb0 proc] perf=3831(us), max=3885(us)!
[01:45:40.407] RX< [0m[34m[ME INTP]fid=3240, shutter=10
[01:45:41.657] RX< 330, perf=2205(us), max=26037(us)!
[01:45:41.657] RX< [0m[RTMP] f_index = 3240, f_len = 15752
[01:45:41.657] RX< [7] [cam] [528388][me0][me_core_thread:359]ME out fid 3240
[01:45:41.657] RX< [34m[AE] fid=3270,exp=10080,adg=257,Y=4801,mtg=180,shg=120,bgbv=1663,iso=257,cnv2,hdr0
[01:45:41.657] RX< [0m[7] [cam] [529388][me0][me_co
[01:45:42.304] RX< re_thread:359]ME out fid 3270
[01:45:42.304] RX< [4] [cam] [529435][qpc0][qpc_core_exception_check:411]interp not finish in sof, fid: 3281
[01:45:42.304] RX< [4] [cam] [529465][qpc0][qpc_core_exception_check:405]discontinuous frame, now: 3283, last: 3281
[01:45:42.304] RX< [34m[AE] fid=3300,exp=10080,adg=257,Y=
[01:45:42.738] RX< 4806,mtg=180,shg=120,bgbv=1663,iso=257,cnv2,hdr0
[01:45:42.738] RX< [0m[7] [cam] [530388][me0][me_core_thread:359]ME out fid 3300
[01:45:42.738] RX< [4] [cam] [530434][qpc0][qpc_core_exception_check:411]interp not finish in sof, fid: 3311
[01:45:42.738] RX< [4] [cam] [530465][qpc0][qpc_core_exception_check:405]
[01:45:43.629] RX< discontinuous frame, now: 3313, last: 3311
[01:45:43.629] RX< [34m[AE] fid=3330,exp=10080,adg=257,Y=4804,mtg=180,shg=120,bgbv=1663,iso=257,cnv2,hdr0
[01:45:43.629] RX< [0m[34m[b_ae0 proc] perf=956(us), max=1054(us)!
[01:45:43.629] RX< [0m[34m[awb0 proc] perf=3804(us), max=3882(us)!
[01:45:43.629] RX< [0m[RTMP] f_index = 333
[01:45:44.404] RX< 0, f_len = 15272
[01:45:44.404] RX< [7] [cam] [531387][me0][me_core_thread:359]ME out fid 3330
[01:45:44.404] RX< [RTMP] slow send frame 3331 len=95095 dt=82ms (IDR)
[01:45:44.404] RX< [34m[AE] fid=3360,exp=10080,adg=257,Y=4795,mtg=180,shg=120,bgbv=1660,iso=257,cnv2,hdr0
[01:45:44.404] RX< [0m[34m[ME INTP]fid=3360, shutter=1008
[01:45:44.738] RX< 0, perf=6(us), max=4377(us)!
[01:45:44.738] RX< [0m[7] [cam] [532387][me0][me_core_thread:359]ME out fid 3360
[01:45:44.738] RX< [4] [cam] [532435][qpc0][qpc_core_exception_check:411]interp not finish in sof, fid: 3371
[01:45:44.738] RX< [4] [cam] [532465][qpc0][qpc_core_exception_check:405]discontinuous frame,
[01:45:45.738] RX<  now: 3373, last: 3371
[01:45:45.738] RX< [34m[AE] fid=3390,exp=10080,adg=257,Y=4806,mtg=180,shg=120,bgbv=1663,iso=257,cnv2,hdr0
[01:45:45.738] RX< [0m[7] [cam] [533387][me0][me_core_thread:359]ME out fid 3390
[01:45:45.738] RX< [4] [cam] [533466][qpc0][qpc_core_exception_check:405]discontinuous frame, now: 34
[01:45:46.644] RX< 03, last: 3401
[01:45:46.644] RX< [34m[AE] fid=3420,exp=10080,adg=257,Y=4796,mtg=180,shg=120,bgbv=1660,iso=257,cnv2,hdr0
[01:45:46.644] RX< [0m[34m[b_ae0 proc] perf=967(us), max=2247(us)!
[01:45:46.644] RX< [0m[34m[awb0 proc] perf=3811(us), max=4092(us)!
[01:45:46.644] RX< [0m[RTMP] f_index = 3420, f_len = 12658
[01:45:46.644] RX< [7] [cam] [
[01:45:48.303] RX< 534387][me0][me_core_thread:359]ME out fid 3420
[01:45:48.303] RX< [34m[AE] fid=3450,exp=10080,adg=257,Y=4782,mtg=180,shg=119,bgbv=1656,iso=257,cnv2,hdr0
[01:45:48.303] RX< [0m[7] [cam] [535387][me0][me_core_thread:359]ME out fid 3450
[01:45:48.303] RX< [34m[AE] fid=3480,exp=10080,adg=257,Y=4778,mtg=180,shg=1
[01:45:48.736] RX< 19,bgbv=1656,iso=257,cnv2,hdr0
[01:45:48.736] RX< [0m[34m[ME INTP]fid=3480, shutter=10080, perf=2201(us), max=2736(us)!
[01:45:48.736] RX< [0m[7] [cam] [536387][me0][me_core_thread:359]ME out fid 3480
[01:45:48.736] RX< [4] [cam] [536464][qpc0][qpc_core_exception_check:405]discontinuous frame, now: 3493, last
[01:45:49.644] RX< : 3491
[01:45:49.644] RX< [34m[AE] fid=3510,exp=10080,adg=257,Y=4779,mtg=180,shg=119,bgbv=1656,iso=257,cnv2,hdr0
[01:45:49.644] RX< [0m[34m[b_ae0 proc] perf=1091(us), max=4215(us)!
[01:45:49.644] RX< [0m[34m[awb0 proc] perf=3684(us), max=4546(us)!
[01:45:49.644] RX< [0m[RTMP] f_index = 3510, f_len = 12456
[01:45:49.644] RX< [7] [cam] [537387]
[01:45:50.303] RX< [me0][me_core_thread:359]ME out fid 3510
[01:45:50.303] RX< [4] [cam] [537434][qpc0][qpc_core_exception_check:411]interp not finish in sof, fid: 3521
[01:45:50.303] RX< [4] [cam] [537464][qpc0][qpc_core_exception_check:405]discontinuous frame, now: 3523, last: 3521
[01:45:50.303] RX< [34m[AE] fid=3540,exp=10080
[01:45:51.655] RX< ,adg=257,Y=4787,mtg=180,shg=120,bgbv=1656,iso=257,cnv2,hdr0
[01:45:51.655] RX< [0m[7] [cam] [538386][me0][me_core_thread:359]ME out fid 3540
[01:45:51.655] RX< [34m[AE] fid=3570,exp=10080,adg=257,Y=4801,mtg=180,shg=120,bgbv=1663,iso=257,cnv2,hdr0
[01:45:51.655] RX< [0m[7] [cam] [539386][me0][me_core_thread:35
[01:45:52.308] RX< 9]ME out fid 3570
[01:45:52.308] RX< [4] [cam] [539464][qpc0][qpc_core_exception_check:405]discontinuous frame, now: 3583, last: 3581
[01:45:52.308] RX< [34m[AE] fid=3600,exp=10080,adg=257,Y=4788,mtg=180,shg=119,bgbv=1660,iso=257,cnv2,hdr0
[01:45:52.308] RX< [0m[34m[b_ae0 proc] perf=960(us), max=1761(us)!
[01:45:52.308] RX< [
[01:45:52.707] RX< 0m[34m[awb0 proc] perf=3872(us), max=4621(us)!
[01:45:52.707] RX< [0m[34m[ME INTP]fid=3600, shutter=10080, perf=6(us), max=10763(us)!
[01:45:52.707] RX< [0m[RTMP] f_index = 3600, f_len = 12887
[01:45:52.707] RX< [7] [cam] [540386][me0][me_core_thread:359]ME out fid 3600
[01:45:52.707] RX< [RTMP] slow send frame 3601 len=91204 
[01:45:53.655] RX< dt=58ms (IDR)
[01:45:53.655] RX< [4] [cam] [540497][qpc0][qpc_core_exception_check:405]discontinuous frame, now: 3614, last: 3612
[01:45:53.655] RX< [34m[AE] fid=3630,exp=10080,adg=257,Y=4795,mtg=180,shg=119,bgbv=1660,iso=257,cnv2,hdr0
[01:45:53.655] RX< [0m[7] [cam] [541386][me0][me_core_thread:359]ME out fid
[01:45:54.708] RX<  3630
[01:45:54.708] RX< [4] [cam] [541464][qpc0][qpc_core_exception_check:405]discontinuous frame, now: 3643, last: 3641
[01:45:54.708] RX< [34m[AE] fid=3660,exp=10080,adg=257,Y=4784,mtg=180,shg=119,bgbv=1656,iso=257,cnv2,hdr0
[01:45:54.708] RX< [0m[7] [cam] [542386][me0][me_core_thread:359]ME out fid 3660
[01:45:54.708] RX< [4
[01:45:55.307] RX< ] [cam] [542436][qpc0][qpc_core_exception_check:411]interp not finish in sof, fid: 3671
[01:45:55.307] RX< [4] [cam] [542463][qpc0][qpc_core_exception_check:405]discontinuous frame, now: 3673, last: 3671
[01:45:55.307] RX< [34m[AE] fid=3690,exp=10080,adg=257,Y=4785,mtg=180,shg=120,bgbv=1656,i
[01:45:55.735] RX< so=257,cnv2,hdr0
[01:45:55.735] RX< [0m[34m[b_ae0 proc] perf=966(us), max=1334(us)!
[01:45:55.735] RX< [0m[34m[awb0 proc] perf=3806(us), max=5218(us)!
[01:45:55.735] RX< [0m[RTMP] f_index = 3690, f_len = 14949
[01:45:55.735] RX< [7] [cam] [543386][me0][me_core_thread:359]ME out fid 3690
[01:45:55.735] RX< [4] [cam] [543462][qpc0][qpc_core_exce
[01:45:56.643] RX< ption_check:405]discontinuous frame, now: 3703, last: 3701
[01:45:56.643] RX< [34m[AE] fid=3720,exp=10080,adg=257,Y=4794,mtg=180,shg=120,bgbv=1660,iso=257,cnv2,hdr0
[01:45:56.643] RX< [0m[34m[ME INTP]fid=3720, shutter=10080, perf=5(us), max=10255(us)!
[01:45:56.643] RX< [0m[7] [cam] [544386][me0][me_core_thr
[01:45:57.655] RX< ead:359]ME out fid 3720
[01:45:57.655] RX< [4] [cam] [544463][qpc0][qpc_core_exception_check:405]discontinuous frame, now: 3733, last: 3731
[01:45:57.655] RX< [34m[AE] fid=3750,exp=10080,adg=257,Y=4787,mtg=180,shg=120,bgbv=1656,iso=257,cnv2,hdr0
[01:45:57.655] RX< [0m[7] [cam] [545386][me0][me_core_thread:359]
[01:45:58.306] RX< ME out fid 3750
[01:45:58.306] RX< [4] [cam] [545463][qpc0][qpc_core_exception_check:405]discontinuous frame, now: 3763, last: 3761
[01:45:58.306] RX< [34m[AE] fid=3780,exp=10080,adg=257,Y=4783,mtg=180,shg=119,bgbv=1656,iso=257,cnv2,hdr0
[01:45:58.306] RX< [0m[34m[b_ae0 proc] perf=983(us), max=4057(us)!
[01:45:58.306] RX< [0m
[01:45:58.735] RX< [34m[awb0 proc] perf=3671(us), max=5241(us)!
[01:45:58.735] RX< [0m[RTMP] f_index = 3780, f_len = 12294
[01:45:58.735] RX< [7] [cam] [546385][me0][me_core_thread:359]ME out fid 3780
[01:45:58.735] RX< [4] [cam] [546431][qpc0][qpc_core_exception_check:411]interp not finish in sof, fid: 3791
[01:45:58.735] RX< [4] [cam] [546463][q
[01:45:59.734] RX< pc0][qpc_core_exception_check:405]discontinuous frame, now: 3793, last: 3791
[01:45:59.734] RX< [34m[AE] fid=3810,exp=10080,adg=257,Y=4801,mtg=180,shg=120,bgbv=1663,iso=257,cnv2,hdr0
[01:45:59.734] RX< [0m[7] [cam] [547385][me0][me_core_thread:359]ME out fid 3810
[01:45:59.734] RX< [4] [cam] [547463][qpc0][qpc
[01:46:00.643] RX< _core_exception_check:405]discontinuous frame, now: 3823, last: 3821
[01:46:00.643] RX< [34m[AE] fid=3840,exp=10080,adg=257,Y=4792,mtg=180,shg=120,bgbv=1660,iso=257,cnv2,hdr0
[01:46:00.643] RX< [0m[34m[ME INTP]fid=3840, shutter=10080, perf=2228(us), max=3722(us)!
[01:46:00.643] RX< [0m[7] [cam] [548385][me0]
[01:46:01.307] RX< [me_core_thread:359]ME out fid 3840
[01:46:01.307] RX< [4] [cam] [548430][qpc0][qpc_core_exception_check:411]interp not finish in sof, fid: 3851
[01:46:01.307] RX< [4] [cam] [548463][qpc0][qpc_core_exception_check:405]discontinuous frame, now: 3853, last: 3851
[01:46:01.307] RX< [34m[AE] fid=3870,exp=10080,adg=
[01:46:01.643] RX< 257,Y=4775,mtg=180,shg=119,bgbv=1656,iso=257,cnv2,hdr0
[01:46:01.643] RX< [0m[34m[b_ae0 proc] perf=972(us), max=2710(us)!
[01:46:01.643] RX< [0m[34m[awb0 proc] perf=3793(us), max=4381(us)!
[01:46:01.643] RX< [0m[RTMP] f_index = 3870, f_len = 12241
[01:46:01.643] RX< [7] [cam] [549385][me0][me_core_thread:359]ME out fid 3870
[01:46:02.734] RX< [34m[AE] fid=3900,exp=10080,adg=257,Y=4764,mtg=180,shg=119,bgbv=1652,iso=257,cnv2,hdr0
[01:46:02.734] RX< [0m[7] [cam] [550385][me0][me_core_thread:359]ME out fid 3900
[01:46:02.734] RX< [4] [cam] [550438][qpc0][qpc_core_exception_check:411]interp not finish in sof, fid: 3911
[01:46:02.734] RX< [4] [cam] [5504
[01:46:03.734] RX< 62][qpc0][qpc_core_exception_check:405]discontinuous frame, now: 3913, last: 3911
[01:46:03.734] RX< [34m[AE] fid=3930,exp=10080,adg=257,Y=4767,mtg=180,shg=119,bgbv=1652,iso=257,cnv2,hdr0
[01:46:03.734] RX< [0m[7] [cam] [551385][me0][me_core_thread:359]ME out fid 3930
[01:46:03.734] RX< [4] [cam] [551461][qpc0
[01:46:04.305] RX< ][qpc_core_exception_check:405]discontinuous frame, now: 3943, last: 3941
[01:46:04.305] RX< [34m[AE] fid=3960,exp=10080,adg=257,Y=4758,mtg=180,shg=119,bgbv=1648,iso=257,cnv2,hdr0
[01:46:04.305] RX< [0m[34m[b_ae0 proc] perf=972(us), max=1808(us)!
[01:46:04.305] RX< [0m[34m[awb0 proc] perf=3805(us), max=408
[01:46:05.300] RX< 3(us)!
[01:46:05.300] RX< [0m[34m[ME INTP]fid=3960, shutter=10080, perf=6(us), max=18746(us)!
[01:46:05.300] RX< [0m[RTMP] f_index = 3960, f_len = 12179
[01:46:05.300] RX< [7] [cam] [552385][me0][me_core_thread:359]ME out fid 3960
[01:46:05.300] RX< [34m[AE] fid=3990,exp=10080,adg=257,Y=4760,mtg=180,shg=119,bgbv=1648,iso=257,c
[01:46:07.301] RX< nv2,hdr0
[01:46:07.301] RX< [0m[7] [cam] [553384][me0][me_core_thread:359]ME out fid 3990
[01:46:07.301] RX< [34m[AE] fid=4020,exp=10120,adg=257,Y=4755,mtg=180,shg=118,bgbv=1645,iso=257,cnv2,hdr0
[01:46:07.301] RX< [0m[7] [cam] [554384][me0][me_core_thread:359]ME out fid 4020
[01:46:07.643] RX< [34m[AE] fid=4050,exp=10120,adg=257,Y=4766,mtg=180,shg=120,bgbv=1649,iso=257,cnv2,hdr0
[01:46:07.643] RX< [0m[34m[b_ae0 proc] perf=954(us), max=3473(us)!
[01:46:07.643] RX< [0m[34m[awb0 proc] perf=3789(us), max=3872(us)!
[01:46:07.643] RX< [0m[RTMP] f_index = 4050, f_len = 15333
[01:46:07.643] RX< [7] [cam] [555384][me0][me
[01:46:08.300] RX< _core_thread:359]ME out fid 4050
[01:46:08.300] RX< [4] [cam] [555436][qpc0][qpc_core_exception_check:411]interp not finish in sof, fid: 4061
[01:46:08.300] RX< [4] [cam] [555462][qpc0][qpc_core_exception_check:405]discontinuous frame, now: 4063, last: 4061
[01:46:08.300] RX< [34m[AE] fid=4080,exp=10120,adg=257
[01:46:09.300] RX< ,Y=4780,mtg=180,shg=120,bgbv=1653,iso=257,cnv2,hdr0
[01:46:09.300] RX< [0m[34m[ME INTP]fid=4080, shutter=10120, perf=7(us), max=2812(us)!
[01:46:09.300] RX< [0m[7] [cam] [556384][me0][me_core_thread:359]ME out fid 4080
[01:46:09.300] RX< [34m[AE] fid=4110,exp=10080,adg=257,Y=4765,mtg=180,shg=119,bgbv=1652,is
[01:46:10.305] RX< o=257,cnv2,hdr0
[01:46:10.305] RX< [0m[7] [cam] [557384][me0][me_core_thread:359]ME out fid 4110
[01:46:10.305] RX< [4] [cam] [557461][qpc0][qpc_core_exception_check:405]discontinuous frame, now: 4123, last: 4121
[01:46:10.305] RX< [34m[AE] fid=4140,exp=10080,adg=257,Y=4759,mtg=180,shg=119,bgbv=1648,iso=257,cn
[01:46:10.704] RX< v2,hdr0
[01:46:10.704] RX< [0m[34m[b_ae0 proc] perf=1064(us), max=3979(us)!
[01:46:10.704] RX< [0m[34m[awb0 proc] perf=3813(us), max=4625(us)!
[01:46:10.704] RX< [0m[RTMP] f_index = 4140, f_len = 14682
[01:46:10.704] RX< [7] [cam] [558384][me0][me_core_thread:359]ME out fid 4140
[01:46:10.704] RX< [4] [cam] [558432][qpc0][qpc_core_exception_ch
[01:46:11.652] RX< eck:411]interp not finish in sof, fid: 4151
[01:46:11.652] RX< [4] [cam] [558461][qpc0][qpc_core_exception_check:405]discontinuous frame, now: 4153, last: 4151
[01:46:11.652] RX< [34m[AE] fid=4170,exp=10080,adg=257,Y=4755,mtg=180,shg=119,bgbv=1648,iso=257,cnv2,hdr0
[01:46:11.652] RX< [0m[7] [cam] [559384][me0]
[01:46:12.299] RX< [me_core_thread:359]ME out fid 4170
[01:46:12.299] RX< [4] [cam] [559441][qpc0][qpc_core_exception_check:411]interp not finish in sof, fid: 4181
[01:46:12.299] RX< [4] [cam] [559461][qpc0][qpc_core_exception_check:405]discontinuous frame, now: 4183, last: 4181
[01:46:12.299] RX< [34m[AE] fid=4200,exp=10080,adg=
[01:46:12.732] RX< 257,Y=4745,mtg=180,shg=119,bgbv=1645,iso=257,cnv2,hdr0
[01:46:12.732] RX< [0m[34m[ME INTP]fid=4200, shutter=10080, perf=6(us), max=4291(us)!
[01:46:12.732] RX< [0m[7] [cam] [560383][me0][me_core_thread:359]ME out fid 4200
[01:46:12.732] RX< [4] [cam] [560461][qpc0][qpc_core_exception_check:405]discontinuous f
[01:46:13.624] RX< rame, now: 4213, last: 4211
[01:46:13.624] RX< [34m[AE] fid=4230,exp=10080,adg=257,Y=4749,mtg=180,shg=119,bgbv=1645,iso=257,cnv2,hdr0
[01:46:13.624] RX< [0m[34m[b_ae0 proc] perf=972(us), max=2698(us)!
[01:46:13.624] RX< [0m[34m[awb0 proc] perf=3804(us), max=3887(us)!
[01:46:13.624] RX< [0m[RTMP] f_index = 4230, f_len = 1225
[01:46:14.715] RX< 7
[01:46:14.715] RX< [7] [cam] [561383][me0][me_core_thread:359]ME out fid 4230
[01:46:14.715] RX< [34m[AE] fid=4260,exp=10080,adg=257,Y=4750,mtg=180,shg=119,bgbv=1648,iso=257,cnv2,hdr0
[01:46:14.715] RX< [0m[7] [cam] [562383][me0][me_core_thread:359]ME out fid 4260
[01:46:14.715] RX< [RTMP] slow send frame 4261 len=91112 dt=69m
[01:46:15.733] RX< s (IDR)
[01:46:15.733] RX< [34m[AE] fid=4290,exp=10080,adg=257,Y=4749,mtg=180,shg=119,bgbv=1645,iso=257,cnv2,hdr0
[01:46:15.733] RX< [0m[7] [cam] [563383][me0][me_core_thread:359]ME out fid 4290
[01:46:15.733] RX< [4] [cam] [563431][qpc0][qpc_core_exception_check:411]interp not finish in sof, fid: 4301
[01:46:15.733] RX< [4] [ca
[01:46:16.303] RX< m] [563461][qpc0][qpc_core_exception_check:405]discontinuous frame, now: 4303, last: 4301
[01:46:16.303] RX< [34m[AE] fid=4320,exp=10080,adg=257,Y=4759,mtg=180,shg=119,bgbv=1648,iso=257,cnv2,hdr0
[01:46:16.303] RX< [0m[34m[b_ae0 proc] perf=960(us), max=3738(us)!
[01:46:16.303] RX< [0m[34m[awb0 proc] perf=3
[01:46:16.706] RX< 829(us), max=3897(us)!
[01:46:16.706] RX< [0m[34m[ME INTP]fid=4320, shutter=10080, perf=6(us), max=2196(us)!
[01:46:16.706] RX< [0m[RTMP] f_index = 4320, f_len = 11952
[01:46:16.706] RX< [7] [cam] [564383][me0][me_core_thread:359]ME out fid 4320
[01:46:16.706] RX< [4] [cam] [564434][qpc0][qpc_core_exception_check:411]interp not
[01:46:17.651] RX<  finish in sof, fid: 4331
[01:46:17.651] RX< [4] [cam] [564460][qpc0][qpc_core_exception_check:405]discontinuous frame, now: 4333, last: 4331
[01:46:17.651] RX< [34m[AE] fid=4350,exp=10080,adg=257,Y=4750,mtg=180,shg=119,bgbv=1648,iso=257,cnv2,hdr0
[01:46:17.651] RX< [0m[7] [cam] [565383][me0][me_core_thread:35
[01:46:18.651] RX< 9]ME out fid 4350
[01:46:18.651] RX< [4] [cam] [565461][qpc0][qpc_core_exception_check:405]discontinuous frame, now: 4363, last: 4361
[01:46:18.651] RX< [34m[AE] fid=4380,exp=10080,adg=257,Y=4749,mtg=180,shg=119,bgbv=1645,iso=257,cnv2,hdr0
[01:46:18.651] RX< [0m[7] [cam] [566383][me0][me_core_thread:359]ME out
[01:46:19.303] RX<  fid 4380
[01:46:19.303] RX< [4] [cam] [566460][qpc0][qpc_core_exception_check:405]discontinuous frame, now: 4393, last: 4391
[01:46:19.303] RX< [34m[AE] fid=4410,exp=10080,adg=257,Y=4749,mtg=180,shg=119,bgbv=1645,iso=257,cnv2,hdr0
[01:46:19.303] RX< [0m[34m[b_ae0 proc] perf=1073(us), max=1820(us)!
[01:46:19.303] RX< [0m[34m
[01:46:19.731] RX< [awb0 proc] perf=3846(us), max=4089(us)!
[01:46:19.731] RX< [0m[RTMP] f_index = 4410, f_len = 12322
[01:46:19.731] RX< [7] [cam] [567383][me0][me_core_thread:359]ME out fid 4410
[01:46:19.731] RX< [4] [cam] [567432][qpc0][qpc_core_exception_check:411]interp not finish in sof, fid: 4421
[01:46:19.731] RX< [4] [cam] [567460][qpc0][
[01:46:20.654] RX< qpc_core_exception_check:405]discontinuous frame, now: 4423, last: 4421
[01:46:20.654] RX< [34m[AE] fid=4440,exp=10080,adg=257,Y=4753,mtg=180,shg=119,bgbv=1648,iso=257,cnv2,hdr0
[01:46:20.654] RX< [0m[34m[ME INTP]fid=4440, shutter=10080, perf=6(us), max=30160(us)!
[01:46:20.654] RX< [0m[7] [cam] [568382][me0
[01:46:21.650] RX< ][me_core_thread:359]ME out fid 4440
[01:46:21.650] RX< [4] [cam] [568460][qpc0][qpc_core_exception_check:405]discontinuous frame, now: 4453, last: 4451
[01:46:21.650] RX< [34m[AE] fid=4470,exp=10080,adg=257,Y=4750,mtg=180,shg=119,bgbv=1648,iso=257,cnv2,hdr0
[01:46:21.650] RX< [0m[7] [cam] [569382][me0][me_cor
[01:46:22.302] RX< e_thread:359]ME out fid 4470
[01:46:22.302] RX< [4] [cam] [569460][qpc0][qpc_core_exception_check:405]discontinuous frame, now: 4483, last: 4481
[01:46:22.302] RX< [34m[AE] fid=4500,exp=10080,adg=257,Y=4751,mtg=180,shg=119,bgbv=1648,iso=257,cnv2,hdr0
[01:46:22.302] RX< [0m[34m[b_ae0 proc] perf=977(us), max=31
[01:46:22.731] RX< 23(us)!
[01:46:22.731] RX< [0m[34m[awb0 proc] perf=3800(us), max=5928(us)!
[01:46:22.731] RX< [0m[RTMP] f_index = 4500, f_len = 12322
[01:46:22.731] RX< [7] [cam] [570382][me0][me_core_thread:359]ME out fid 4500
[01:46:22.731] RX< [4] [cam] [570432][qpc0][qpc_core_exception_check:411]interp not finish in sof, fid: 4511
[01:46:22.731] RX< [4] [ca
[01:46:23.731] RX< m] [570460][qpc0][qpc_core_exception_check:405]discontinuous frame, now: 4513, last: 4511
[01:46:23.731] RX< [34m[AE] fid=4530,exp=10080,adg=257,Y=4754,mtg=180,shg=119,bgbv=1648,iso=257,cnv2,hdr0
[01:46:23.731] RX< [0m[7] [cam] [571382][me0][me_core_thread:359]ME out fid 4530
[01:46:23.731] RX< [4] [cam] [5714
[01:46:24.638] RX< 59][qpc0][qpc_core_exception_check:405]discontinuous frame, now: 4543, last: 4541
[01:46:24.638] RX< [34m[AE] fid=4560,exp=10080,adg=257,Y=4771,mtg=180,shg=119,bgbv=1652,iso=257,cnv2,hdr0
[01:46:24.638] RX< [0m[34m[ME INTP]fid=4560, shutter=10080, perf=5(us), max=1983(us)!
[01:46:24.638] RX< [0m[7] [cam] [57
[01:46:25.301] RX< 2382][me0][me_core_thread:359]ME out fid 4560
[01:46:25.301] RX< [4] [cam] [572435][qpc0][qpc_core_exception_check:411]interp not finish in sof, fid: 4571
[01:46:25.301] RX< [4] [cam] [572459][qpc0][qpc_core_exception_check:405]discontinuous frame, now: 4573, last: 4571
[01:46:25.301] RX< [34m[AE] fid=4590,exp=
[01:46:25.638] RX< 10080,adg=257,Y=4761,mtg=180,shg=119,bgbv=1648,iso=257,cnv2,hdr0
[01:46:25.638] RX< [0m[34m[b_ae0 proc] perf=955(us), max=3777(us)!
[01:46:25.638] RX< [0m[34m[awb0 proc] perf=3798(us), max=3901(us)!
[01:46:25.638] RX< [0m[RTMP] f_index = 4590, f_len = 14877
[01:46:25.638] RX< [7] [cam] [573382][me0][me_core_thread:359]ME out
[01:46:26.298] RX<  fid 4590
[01:46:26.298] RX< [4] [cam] [573430][qpc0][qpc_core_exception_check:411]interp not finish in sof, fid: 4601
[01:46:26.298] RX< [4] [cam] [573460][qpc0][qpc_core_exception_check:405]discontinuous frame, now: 4603, last: 4601
[01:46:26.298] RX< [34m[AE] fid=4620,exp=10080,adg=257,Y=4771,mtg=180,shg=119
[01:46:27.649] RX< ,bgbv=1652,iso=257,cnv2,hdr0
[01:46:27.649] RX< [0m[7] [cam] [574382][me0][me_core_thread:359]ME out fid 4620
[01:46:27.649] RX< [RTMP] slow send frame 4621 len=91330 dt=90ms (IDR)
[01:46:27.649] RX< [34m[AE] fid=4650,exp=10080,adg=257,Y=4762,mtg=180,shg=119,bgbv=1648,iso=257,cnv2,hdr0
[01:46:27.649] RX< [0m[7] [cam] [575381][m
[01:46:28.301] RX< e0][me_core_thread:359]ME out fid 4650
[01:46:28.301] RX< [4] [cam] [575426][qpc0][qpc_core_exception_check:411]interp not finish in sof, fid: 4661
[01:46:28.301] RX< [4] [cam] [575459][qpc0][qpc_core_exception_check:405]discontinuous frame, now: 4663, last: 4661
[01:46:28.301] RX< [34m[AE] fid=4680,exp=10080,a
[01:46:28.621] RX< dg=257,Y=4767,mtg=180,shg=119,bgbv=1652,iso=257,cnv2,hdr0
[01:46:28.621] RX< [0m[34m[b_ae0 proc] perf=1082(us), max=2658(us)!
[01:46:28.621] RX< [0m[34m[awb0 proc] perf=3684(us), max=4124(us)!
[01:46:28.621] RX< [0m[34m[ME INTP]fid=4680, shutter=10080, perf=6(us), max=3794(us)!
[01:46:28.621] RX< [0m[RTMP] f_index = 4680, 
[01:46:28.730] RX< f_len = 12438
[01:46:28.730] RX< [7] [cam] [576381][me0][me_core_thread:359]ME out fid 4680
[01:46:28.730] RX< [4] [cam] [576426][qpc0][qpc_core_exception_check:411]interp not finish in sof, fid: 4691
[01:46:28.730] RX< [4] [cam] [576459][qpc0][qpc_core_exception_check:405]discontinuous frame, now: 4693, last: 4
[01:46:30.297] RX< 691
[01:46:30.297] RX< [34m[AE] fid=4710,exp=10080,adg=257,Y=4778,mtg=180,shg=119,bgbv=1656,iso=257,cnv2,hdr0
[01:46:30.297] RX< [0m[7] [cam] [577381][me0][me_core_thread:359]ME out fid 4710
[01:46:30.297] RX< [4] [cam] [577459][qpc0][qpc_core_exception_check:405]discontinuous frame, now: 4723, last: 4721
[01:46:30.297] RX< [34
[01:46:30.763] RX< m[AE] fid=4740,exp=10080,adg=257,Y=4778,mtg=180,shg=119,bgbv=1656,iso=257,cnv2,hdr0
[01:46:30.763] RX< [0m[7] [cam] [578381][me0][me_core_thread:359]ME out fid 4740
[01:46:30.763] RX< [34m[awb0 proc] perf=6666(us), max=6666(us)!
[01:46:30.763] RX< [0m[4] [cam] [578492][qpc0][qpc_core_exception_check:405]disco
[01:46:31.622] RX< ntinuous frame, now: 4754, last: 4752
[01:46:31.622] RX< [34m[AE] fid=4770,exp=10080,adg=257,Y=4770,mtg=180,shg=119,bgbv=1652,iso=257,cnv2,hdr0
[01:46:31.622] RX< [0m[34m[b_ae0 proc] perf=983(us), max=4097(us)!
[01:46:31.622] RX< [0m[34m[awb0 proc] perf=3818(us), max=6666(us)!
[01:46:31.622] RX< [0m[RTMP] f_index = 4770, f_
[01:46:32.396] RX< len = 16646
[01:46:32.396] RX< [7] [cam] [579381][me0][me_core_thread:359]ME out fid 4770
[01:46:32.396] RX< [RTMP] slow send frame 4771 len=99695 dt=82ms (IDR)
[01:46:32.396] RX< [34m[AE] fid=4800,exp=10080,adg=257,Y=4768,mtg=180,shg=119,bgbv=1652,iso=257,cnv2,hdr0
[01:46:32.396] RX< [0m[34m[ME INTP]fid=4800, shutter=10080, pe
[01:46:33.296] RX< rf=6(us), max=3165(us)!
[01:46:33.296] RX< [0m[7] [cam] [580381][me0][me_core_thread:359]ME out fid 4800
[01:46:33.296] RX< [4] [cam] [580459][qpc0][qpc_core_exception_check:405]discontinuous frame, now: 4813, last: 4811
[01:46:33.296] RX< [34m[AE] fid=4830,exp=10080,adg=257,Y=4769,mtg=180,shg=119,bgbv=1652,is
[01:46:34.301] RX< o=257,cnv2,hdr0
[01:46:34.301] RX< [0m[7] [cam] [581381][me0][me_core_thread:359]ME out fid 4830
[01:46:34.301] RX< [RTMP] slow send frame 4831 len=97085 dt=70ms (IDR)
[01:46:34.301] RX< [34m[AE] fid=4860,exp=10080,adg=257,Y=4768,mtg=180,shg=119,bgbv=1652,iso=257,cnv2,hdr0
[01:46:34.301] RX< [0m[34m[b_ae0 proc] perf=958(us), m
[01:46:34.730] RX< ax=3604(us)!
[01:46:34.730] RX< [0m[34m[awb0 proc] perf=3810(us), max=4803(us)!
[01:46:34.730] RX< [0m[RTMP] f_index = 4860, f_len = 20775
[01:46:34.730] RX< [7] [cam] [582380][me0][me_core_thread:359]ME out fid 4860
[01:46:34.730] RX< [4] [cam] [582459][qpc0][qpc_core_exception_check:405]discontinuous frame, now: 4873, last: 
[01:46:36.295] RX< 4871
[01:46:36.295] RX< [34m[AE] fid=4890,exp=10080,adg=257,Y=4764,mtg=180,shg=119,bgbv=1652,iso=257,cnv2,hdr0
[01:46:36.295] RX< [0m[7] [cam] [583380][me0][me_core_thread:359]ME out fid 4890
[01:46:36.295] RX< [4] [cam] [583458][qpc0][qpc_core_exception_check:405]discontinuous frame, now: 4903, last: 4901
[01:46:36.295] RX< [3
[01:46:36.729] RX< 4m[AE] fid=4920,exp=10080,adg=257,Y=4770,mtg=180,shg=119,bgbv=1652,iso=257,cnv2,hdr0
[01:46:36.729] RX< [0m[34m[ME INTP]fid=4920, shutter=10080, perf=2508(us), max=3392(us)!
[01:46:36.729] RX< [0m[7] [cam] [584380][me0][me_core_thread:359]ME out fid 4920
[01:46:36.729] RX< [4] [cam] [584458][qpc0][qpc_core_ex
[01:46:37.620] RX< ception_check:405]discontinuous frame, now: 4933, last: 4931
[01:46:37.620] RX< [34m[AE] fid=4950,exp=10080,adg=257,Y=4766,mtg=180,shg=119,bgbv=1652,iso=257,cnv2,hdr0
[01:46:37.620] RX< [0m[34m[b_ae0 proc] perf=957(us), max=4341(us)!
[01:46:37.620] RX< [0m[34m[awb0 proc] perf=3685(us), max=5527(us)!
[01:46:37.620] RX< [0m[R
[01:46:38.729] RX< TMP] f_index = 4950, f_len = 7891
[01:46:38.729] RX< [7] [cam] [585380][me0][me_core_thread:359]ME out fid 4950
[01:46:38.729] RX< [34m[AE] fid=4980,exp=10080,adg=257,Y=4771,mtg=180,shg=119,bgbv=1652,iso=257,cnv2,hdr0
[01:46:38.729] RX< [0m[7] [cam] [586380][me0][me_core_thread:359]ME out fid 4980
[01:46:38.729] RX< [4] [cam] [5
[01:46:39.711] RX< 86457][qpc0][qpc_core_exception_check:405]discontinuous frame, now: 4993, last: 4991
[01:46:39.711] RX< [34m[AE] fid=5010,exp=10080,adg=257,Y=4771,mtg=180,shg=119,bgbv=1652,iso=257,cnv2,hdr0
[01:46:39.711] RX< [0m[7] [cam] [587380][me0][me_core_thread:359]ME out fid 5010
[01:46:39.711] RX< [4] [cam] [587456][q
[01:46:40.300] RX< pc0][qpc_core_exception_check:405]discontinuous frame, now: 5023, last: 5021
[01:46:40.300] RX< [34m[AE] fid=5040,exp=10080,adg=257,Y=4766,mtg=180,shg=119,bgbv=1652,iso=257,cnv2,hdr0
[01:46:40.300] RX< [0m[34m[b_ae0 proc] perf=982(us), max=3793(us)!
[01:46:40.300] RX< [0m[34m[awb0 proc] perf=3806(us), max=
[01:46:40.699] RX< 5036(us)!
[01:46:40.699] RX< [0m[34m[ME INTP]fid=5040, shutter=10080, perf=5(us), max=2508(us)!
[01:46:40.699] RX< [0m[RTMP] f_index = 5040, f_len = 11758
[01:46:40.699] RX< [7] [cam] [588380][me0][me_core_thread:359]ME out fid 5040
[01:46:40.699] RX< [4] [cam] [588428][qpc0][qpc_core_exception_check:411]interp not finish in so
[01:46:41.648] RX< f, fid: 5051
[01:46:41.648] RX< [4] [cam] [588457][qpc0][qpc_core_exception_check:405]discontinuous frame, now: 5053, last: 5051
[01:46:41.648] RX< [34m[AE] fid=5070,exp=10080,adg=257,Y=4770,mtg=180,shg=119,bgbv=1652,iso=257,cnv2,hdr0
[01:46:41.648] RX< [0m[7] [cam] [589380][me0][me_core_thread:359]ME out fid 
[01:46:42.294] RX< 5070
[01:46:42.294] RX< [4] [cam] [589439][qpc0][qpc_core_exception_check:411]interp not finish in sof, fid: 5081
[01:46:42.294] RX< [4] [cam] [589457][qpc0][qpc_core_exception_check:405]discontinuous frame, now: 5083, last: 5081
[01:46:42.294] RX< [34m[AE] fid=5100,exp=10080,adg=257,Y=4764,mtg=180,shg=119,bgbv
[01:46:43.299] RX< =1652,iso=257,cnv2,hdr0
[01:46:43.299] RX< [0m[7] [cam] [590379][me0][me_core_thread:359]ME out fid 5100
[01:46:43.299] RX< [4] [cam] [590457][qpc0][qpc_core_exception_check:405]discontinuous frame, now: 5113, last: 5111
[01:46:43.299] RX< [34m[AE] fid=5130,exp=10080,adg=257,Y=4770,mtg=180,shg=119,bgbv=1652,is
[01:46:43.699] RX< o=257,cnv2,hdr0
[01:46:43.699] RX< [0m[34m[b_ae0 proc] perf=972(us), max=4290(us)!
[01:46:43.699] RX< [0m[34m[awb0 proc] perf=3804(us), max=4631(us)!
[01:46:43.699] RX< [0m[RTMP] f_index = 5130, f_len = 29457
[01:46:43.699] RX< [7] [cam] [591379][me0][me_core_thread:359]ME out fid 5130
[01:46:43.699] RX< [4] [cam] [591429][qpc0][qpc_core_excep
[01:46:44.394] RX< tion_check:411]interp not finish in sof, fid: 5141
[01:46:44.394] RX< [4] [cam] [591457][qpc0][qpc_core_exception_check:405]discontinuous frame, now: 5143, last: 5141
[01:46:44.394] RX< [34m[AE] fid=5160,exp=10080,adg=257,Y=4769,mtg=180,shg=119,bgbv=1652,iso=257,cnv2,hdr0
[01:46:44.394] RX< [0m[34m[ME INTP]fi
[01:46:44.727] RX< d=5160, shutter=10080, perf=5(us), max=8289(us)!
[01:46:44.727] RX< [0m[7] [cam] [592379][me0][me_core_thread:359]ME out fid 5160
[01:46:44.727] RX< [4] [cam] [592427][qpc0][qpc_core_exception_check:411]interp not finish in sof, fid: 5171
[01:46:44.727] RX< [4] [cam] [592456][qpc0][qpc_core_exception_check:405]
[01:46:45.696] RX< discontinuous frame, now: 5173, last: 5171
[01:46:45.696] RX< [34m[AE] fid=5190,exp=10080,adg=257,Y=4762,mtg=180,shg=119,bgbv=1648,iso=257,cnv2,hdr0
[01:46:45.696] RX< [0m[7] [cam] [593379][me0][me_core_thread:359]ME out fid 5190
[01:46:45.696] RX< [4] [cam] [593425][qpc0][qpc_core_exception_check:411]interp n
[01:46:46.299] RX< ot finish in sof, fid: 5201
[01:46:46.299] RX< [4] [cam] [593456][qpc0][qpc_core_exception_check:405]discontinuous frame, now: 5203, last: 5201
[01:46:46.299] RX< [34m[AE] fid=5220,exp=10080,adg=257,Y=4769,mtg=180,shg=119,bgbv=1652,iso=257,cnv2,hdr0
[01:46:46.299] RX< [0m[34m[b_ae0 proc] perf=970(us), max=419
[01:46:46.727] RX< 7(us)!
[01:46:46.727] RX< [0m[34m[awb0 proc] perf=3802(us), max=4023(us)!
[01:46:46.727] RX< [0m[RTMP] f_index = 5220, f_len = 14293
[01:46:46.727] RX< [7] [cam] [594379][me0][me_core_thread:359]ME out fid 5220
[01:46:46.727] RX< [4] [cam] [594423][qpc0][qpc_core_exception_check:411]interp not finish in sof, fid: 5231
[01:46:46.727] RX< [4] [cam
[01:46:47.696] RX< ] [594456][qpc0][qpc_core_exception_check:405]discontinuous frame, now: 5233, last: 5231
[01:46:47.696] RX< [34m[AE] fid=5250,exp=10080,adg=257,Y=4775,mtg=180,shg=119,bgbv=1656,iso=257,cnv2,hdr0
[01:46:47.696] RX< [0m[7] [cam] [595379][me0][me_core_thread:359]ME out fid 5250
[01:46:47.696] RX< [4] [cam] [59542
[01:46:48.293] RX< 5][qpc0][qpc_core_exception_check:411]interp not finish in sof, fid: 5261
[01:46:48.293] RX< [4] [cam] [595456][qpc0][qpc_core_exception_check:405]discontinuous frame, now: 5263, last: 5261
[01:46:48.293] RX< [34m[AE] fid=5280,exp=10080,adg=257,Y=4775,mtg=180,shg=119,bgbv=1656,iso=257,cnv2,hd
[01:46:49.298] RX< r0
[01:46:49.298] RX< [0m[34m[ME INTP]fid=5280, shutter=10080, perf=6(us), max=2919(us)!
[01:46:49.298] RX< [0m[7] [cam] [596379][me0][me_core_thread:359]ME out fid 5280
[01:46:49.298] RX< [4] [cam] [596457][qpc0][qpc_core_exception_check:405]discontinuous frame, now: 5293, last: 5291
[01:46:49.298] RX< [34m[AE] fid=5310,exp=1
[01:46:49.634] RX< 0080,adg=257,Y=4767,mtg=180,shg=119,bgbv=1652,iso=257,cnv2,hdr0
[01:46:49.634] RX< [0m[34m[b_ae0 proc] perf=1066(us), max=2140(us)!
[01:46:49.634] RX< [0m[34m[awb0 proc] perf=3787(us), max=3905(us)!
[01:46:49.634] RX< [0m[RTMP] f_index = 5310, f_len = 12596
[01:46:49.634] RX< [7] [cam] [597378][me0][me_core_thread:359]ME out
[01:46:50.293] RX<  fid 5310
[01:46:50.293] RX< [4] [cam] [597427][qpc0][qpc_core_exception_check:411]interp not finish in sof, fid: 5321
[01:46:50.293] RX< [4] [cam] [597456][qpc0][qpc_core_exception_check:405]discontinuous frame, now: 5323, last: 5321
[01:46:50.293] RX< [34m[AE] fid=5340,exp=10080,adg=257,Y=4755,mtg=180,shg=119
[01:46:51.726] RX< ,bgbv=1648,iso=257,cnv2,hdr0
[01:46:51.726] RX< [0m[7] [cam] [598378][me0][me_core_thread:359]ME out fid 5340
[01:46:51.726] RX< [34m[AE] fid=5370,exp=10080,adg=257,Y=4750,mtg=180,shg=119,bgbv=1648,iso=257,cnv2,hdr0
[01:46:51.726] RX< [0m[7] [cam] [599378][me0][me_core_thread:359]ME out fid 5370
[01:46:51.726] RX< [4] [cam] [59
[01:46:52.297] RX< 9456][qpc0][qpc_core_exception_check:405]discontinuous frame, now: 5383, last: 5381
[01:46:52.297] RX< [34m[AE] fid=5400,exp=10080,adg=257,Y=4753,mtg=180,shg=119,bgbv=1648,iso=257,cnv2,hdr0
[01:46:52.297] RX< [0m[34m[b_ae0 proc] perf=943(us), max=3834(us)!
[01:46:52.297] RX< [0m[34m[awb0 proc] perf=3800(us
[01:46:52.725] RX< ), max=4625(us)!
[01:46:52.725] RX< [0m[34m[ME INTP]fid=5400, shutter=10080, perf=5(us), max=3468(us)!
[01:46:52.725] RX< [0m[RTMP] f_index = 5400, f_len = 7929
[01:46:52.725] RX< [7] [cam] [600378][me0][me_core_thread:359]ME out fid 5400
[01:46:52.725] RX< [34m[awb0 proc] perf=7341(us), max=7341(us)!
[01:46:52.725] RX< [0m[4] [cam] [600455][qp
[01:46:53.726] RX< c0][qpc_core_exception_check:405]discontinuous frame, now: 5413, last: 5411
[01:46:53.726] RX< [34m[AE] fid=5430,exp=10080,adg=257,Y=4757,mtg=180,shg=119,bgbv=1648,iso=257,cnv2,hdr0
[01:46:53.726] RX< [0m[7] [cam] [601378][me0][me_core_thread:359]ME out fid 5430
[01:46:53.726] RX< [4] [cam] [601455][qpc0][qpc_
[01:46:54.694] RX< core_exception_check:405]discontinuous frame, now: 5443, last: 5441
[01:46:54.694] RX< [34m[AE] fid=5460,exp=10080,adg=257,Y=4763,mtg=180,shg=119,bgbv=1652,iso=257,cnv2,hdr0
[01:46:54.694] RX< [0m[7] [cam] [602378][me0][me_core_thread:359]ME out fid 5460
[01:46:54.694] RX< [4] [cam] [602423][qpc0][qpc_core_exc
[01:46:55.296] RX< eption_check:411]interp not finish in sof, fid: 5471
[01:46:55.296] RX< [4] [cam] [602455][qpc0][qpc_core_exception_check:405]discontinuous frame, now: 5473, last: 5471
[01:46:55.296] RX< [34m[AE] fid=5490,exp=10080,adg=257,Y=4755,mtg=180,shg=119,bgbv=1648,iso=257,cnv2,hdr0
[01:46:55.296] RX< [0m[34m[b_ae0 pr
[01:46:55.726] RX< oc] perf=956(us), max=3750(us)!
[01:46:55.726] RX< [0m[34m[awb0 proc] perf=3797(us), max=7341(us)!
[01:46:55.726] RX< [0m[RTMP] f_index = 5490, f_len = 21911
[01:46:55.726] RX< [7] [cam] [603378][me0][me_core_thread:359]ME out fid 5490
[01:46:55.726] RX< [4] [cam] [603455][qpc0][qpc_core_exception_check:405]discontinuous frame
[01:46:56.694] RX< , now: 5503, last: 5501
[01:46:56.694] RX< [34m[AE] fid=5520,exp=10080,adg=257,Y=4750,mtg=180,shg=119,bgbv=1648,iso=257,cnv2,hdr0
[01:46:56.694] RX< [0m[34m[ME INTP]fid=5520, shutter=10080, perf=6(us), max=1102(us)!
[01:46:56.694] RX< [0m[7] [cam] [604377][me0][me_core_thread:359]ME out fid 5520
[01:46:56.694] RX< [4] [cam] [6
[01:46:57.292] RX< 04424][qpc0][qpc_core_exception_check:411]interp not finish in sof, fid: 5531
[01:46:57.292] RX< [4] [cam] [604454][qpc0][qpc_core_exception_check:405]discontinuous frame, now: 5533, last: 5531
[01:46:57.292] RX< [34m[AE] fid=5550,exp=10080,adg=257,Y=4759,mtg=180,shg=119,bgbv=1648,iso=257,cnv
[01:46:58.297] RX< 2,hdr0
[01:46:58.297] RX< [0m[7] [cam] [605377][me0][me_core_thread:359]ME out fid 5550
[01:46:58.297] RX< [RTMP] slow send frame 5551 len=89776 dt=103ms (IDR)
[01:46:58.297] RX< [34m[AE] fid=5580,exp=10080,adg=257,Y=4772,mtg=180,shg=119,bgbv=1652,iso=257,cnv2,hdr0
[01:46:58.297] RX< [0m[34m[b_ae0 proc] perf=1073(us), max=3222
[01:46:59.292] RX< (us)!
[01:46:59.292] RX< [0m[34m[awb0 proc] perf=3811(us), max=5743(us)!
[01:46:59.292] RX< [0m[RTMP] f_index = 5580, f_len = 19416
[01:46:59.292] RX< [7] [cam] [606377][me0][me_core_thread:359]ME out fid 5580
[01:46:59.292] RX< [4] [cam] [606455][qpc0][qpc_core_exception_check:405]discontinuous frame, now: 5593, last: 5591
[01:46:59.292] RX< [
[01:46:59.724] RX< 34m[AE] fid=5610,exp=10080,adg=257,Y=4758,mtg=180,shg=119,bgbv=1648,iso=257,cnv2,hdr0
[01:46:59.724] RX< [0m[7] [cam] [607377][me0][me_core_thread:359]ME out fid 5610
[01:46:59.724] RX< [4] [cam] [607428][qpc0][qpc_core_exception_check:411]interp not finish in sof, fid: 5621
[01:46:59.724] RX< [4] [cam] [607454
[01:47:00.632] RX< ][qpc0][qpc_core_exception_check:405]discontinuous frame, now: 5623, last: 5621
[01:47:00.632] RX< [34m[AE] fid=5640,exp=10080,adg=257,Y=4748,mtg=180,shg=119,bgbv=1645,iso=257,cnv2,hdr0
[01:47:00.632] RX< [0m[34m[ME INTP]fid=5640, shutter=10080, perf=234(us), max=2856(us)!
[01:47:00.632] RX< [0m[7] [cam] [60
[01:47:01.296] RX< 8377][me0][me_core_thread:359]ME out fid 5640
[01:47:01.296] RX< [4] [cam] [608425][qpc0][qpc_core_exception_check:411]interp not finish in sof, fid: 5651
[01:47:01.296] RX< [4] [cam] [608454][qpc0][qpc_core_exception_check:405]discontinuous frame, now: 5653, last: 5651
[01:47:01.296] RX< [34m[AE] fid=5670,exp=
[01:47:01.632] RX< 10080,adg=257,Y=4758,mtg=180,shg=119,bgbv=1648,iso=257,cnv2,hdr0
[01:47:01.632] RX< [0m[34m[b_ae0 proc] perf=905(us), max=4592(us)!
[01:47:01.632] RX< [0m[34m[awb0 proc] perf=3811(us), max=3882(us)!
[01:47:01.632] RX< [0m[RTMP] f_index = 5670, f_len = 9724
[01:47:01.632] RX< [7] [cam] [609377][me0][me_core_thread:359]ME out 
[01:47:02.644] RX< fid 5670
[01:47:02.644] RX< [4] [cam] [609454][qpc0][qpc_core_exception_check:405]discontinuous frame, now: 5683, last: 5681
[01:47:02.644] RX< [34m[AE] fid=5700,exp=10080,adg=257,Y=4754,mtg=180,shg=118,bgbv=1648,iso=257,cnv2,hdr0
[01:47:02.644] RX< [0m[7] [cam] [610377][me0][me_core_thread:359]ME out fid 5700
[01:47:03.290] RX< 
[01:47:03.290] RX< [4] [cam] [610423][qpc0][qpc_core_exception_check:411]interp not finish in sof, fid: 5711
[01:47:03.290] RX< [4] [cam] [610454][qpc0][qpc_core_exception_check:405]discontinuous frame, now: 5713, last: 5711
[01:47:03.290] RX< [34m[AE] fid=5730,exp=10080,adg=257,Y=4741,mtg=180,shg=118,bgbv=164
[01:47:04.296] RX< 5,iso=257,cnv2,hdr0
[01:47:04.296] RX< [0m[7] [cam] [611377][me0][me_core_thread:359]ME out fid 5730
[01:47:04.296] RX< [34m[awb0 proc] perf=6086(us), max=6086(us)!
[01:47:04.296] RX< [0m[4] [cam] [611454][qpc0][qpc_core_exception_check:405]discontinuous frame, now: 5743, last: 5741
[01:47:04.296] RX< [34m[AE] fid=5760,exp=101
[01:47:04.615] RX< 20,adg=257,Y=4758,mtg=180,shg=119,bgbv=1645,iso=257,cnv2,hdr0
[01:47:04.615] RX< [0m[34m[b_ae0 proc] perf=960(us), max=5322(us)!
[01:47:04.615] RX< [0m[34m[awb0 proc] perf=3843(us), max=6086(us)!
[01:47:04.615] RX< [0m[34m[ME INTP]fid=5760, shutter=10120, perf=5(us), max=3068(us)!
[01:47:04.615] RX< [0m[RTMP] f_index = 576
[01:47:04.724] RX< 0, f_len = 19391
[01:47:04.724] RX< [7] [cam] [612376][me0][me_core_thread:359]ME out fid 5760
[01:47:04.724] RX< [4] [cam] [612422][qpc0][qpc_core_exception_check:411]interp not finish in sof, fid: 5771
[01:47:04.724] RX< [4] [cam] [612454][qpc0][qpc_core_exception_check:405]discontinuous frame, now: 5773, last
[01:47:06.643] RX< : 5771
[01:47:06.643] RX< [34m[AE] fid=5790,exp=10120,adg=257,Y=4762,mtg=180,shg=120,bgbv=1645,iso=257,cnv2,hdr0
[01:47:06.643] RX< [0m[7] [cam] [613376][me0][me_core_thread:359]ME out fid 5790
[01:47:06.643] RX< [34m[AE] fid=5820,exp=10120,adg=257,Y=4757,mtg=180,shg=120,bgbv=1645,iso=257,cnv2,hdr0
[01:47:06.643] RX< [0m[7] [c
[01:47:07.295] RX< am] [614376][me0][me_core_thread:359]ME out fid 5820
[01:47:07.295] RX< [4] [cam] [614454][qpc0][qpc_core_exception_check:405]discontinuous frame, now: 5833, last: 5831
[01:47:07.295] RX< [34m[AE] fid=5850,exp=10120,adg=257,Y=4739,mtg=180,shg=118,bgbv=1642,iso=257,cnv2,hdr0
[01:47:07.295] RX< [0m[34m[b_ae0 pr
[01:47:07.723] RX< oc] perf=1074(us), max=2275(us)!
[01:47:07.723] RX< [0m[34m[awb0 proc] perf=3672(us), max=4617(us)!
[01:47:07.723] RX< [0m[RTMP] f_index = 5850, f_len = 8178
[01:47:07.723] RX< [7] [cam] [615376][me0][me_core_thread:359]ME out fid 5850
[01:47:07.723] RX< [34m[awb0 proc] perf=9149(us), max=9149(us)!
[01:47:07.723] RX< [0m[4] [cam] [615453][qpc0
[01:47:08.630] RX< ][qpc_core_exception_check:405]discontinuous frame, now: 5863, last: 5861
[01:47:08.630] RX< [34m[AE] fid=5880,exp=10120,adg=257,Y=4719,mtg=180,shg=118,bgbv=1634,iso=257,cnv2,hdr0
[01:47:08.630] RX< [0m[34m[ME INTP]fid=5880, shutter=10120, perf=6(us), max=3202(us)!
[01:47:08.630] RX< [0m[7] [cam] [616376][me
[01:47:09.642] RX< 0][me_core_thread:359]ME out fid 5880
[01:47:09.642] RX< [4] [cam] [616453][qpc0][qpc_core_exception_check:405]discontinuous frame, now: 5893, last: 5891
[01:47:09.642] RX< [34m[AE] fid=5910,exp=10120,adg=257,Y=4732,mtg=180,shg=118,bgbv=1638,iso=257,cnv2,hdr0
[01:47:09.642] RX< [0m[7] [cam] [617376][me0][me_co
[01:47:10.295] RX< re_thread:359]ME out fid 5910
[01:47:10.295] RX< [4] [cam] [617420][qpc0][qpc_core_exception_check:411]interp not finish in sof, fid: 5921
[01:47:10.295] RX< [4] [cam] [617453][qpc0][qpc_core_exception_check:405]discontinuous frame, now: 5923, last: 5921
[01:47:10.295] RX< [34m[AE] fid=5940,exp=10120,adg=257,Y=
[01:47:10.694] RX< 4756,mtg=180,shg=119,bgbv=1645,iso=257,cnv2,hdr0
[01:47:10.694] RX< [0m[34m[b_ae0 proc] perf=965(us), max=3160(us)!
[01:47:10.694] RX< [0m[34m[awb0 proc] perf=3812(us), max=9149(us)!
[01:47:10.694] RX< [0m[RTMP] f_index = 5940, f_len = 20378
[01:47:10.694] RX< [7] [cam] [618376][me0][me_core_thread:359]ME out fid 5940
[01:47:10.694] RX< [4] [c
[01:47:11.290] RX< am] [618424][qpc0][qpc_core_exception_check:411]interp not finish in sof, fid: 5951
[01:47:11.290] RX< [4] [cam] [618453][qpc0][qpc_core_exception_check:405]discontinuous frame, now: 5953, last: 5951
[01:47:11.290] RX< [34m[AE] fid=5970,exp=10120,adg=257,Y=4737,mtg=180,shg=118,bgbv=1638,iso=2
[01:47:12.290] RX< 57,cnv2,hdr0
[01:47:12.290] RX< [0m[7] [cam] [619375][me0][me_core_thread:359]ME out fid 5970
[01:47:12.290] RX< [4] [cam] [619453][qpc0][qpc_core_exception_check:405]discontinuous frame, now: 5983, last: 5981
[01:47:12.290] RX< [34m[AE] fid=6000,exp=10120,adg=257,Y=4736,mtg=180,shg=118,bgbv=1638,iso=257,cnv2,
[01:47:12.723] RX< hdr0
[01:47:12.723] RX< [0m[34m[ME INTP]fid=6000, shutter=10120, perf=7(us), max=3557(us)!
[01:47:12.723] RX< [0m[7] [cam] [620375][me0][me_core_thread:359]ME out fid 6000
[01:47:12.723] RX< [4] [cam] [620427][qpc0][qpc_core_exception_check:411]interp not finish in sof, fid: 6011
[01:47:12.723] RX< [4] [cam] [620454][qpc0][qpc_
[01:47:13.295] RX< core_exception_check:405]discontinuous frame, now: 6013, last: 6011
[01:47:13.295] RX< [34m[AE] fid=6030,exp=10120,adg=257,Y=4741,mtg=180,shg=118,bgbv=1642,iso=257,cnv2,hdr0
[01:47:13.295] RX< [0m[34m[b_ae0 proc] perf=953(us), max=1074(us)!
[01:47:13.295] RX< [0m[34m[awb0 proc] perf=3707(us), max=4544(us)!
[01:47:14.289] RX< 
[01:47:14.289] RX< [0m[RTMP] f_index = 6030, f_len = 8271
[01:47:14.289] RX< [7] [cam] [621375][me0][me_core_thread:359]ME out fid 6030
[01:47:14.289] RX< [4] [cam] [621453][qpc0][qpc_core_exception_check:405]discontinuous frame, now: 6043, last: 6041
[01:47:14.289] RX< [34m[AE] fid=6060,exp=10120,adg=257,Y=4735,mtg=180,shg=118
[01:47:15.289] RX< ,bgbv=1638,iso=257,cnv2,hdr0
[01:47:15.289] RX< [0m[7] [cam] [622375][me0][me_core_thread:359]ME out fid 6060
[01:47:15.289] RX< [34m[awb0 proc] perf=7065(us), max=7065(us)!
[01:47:15.289] RX< [0m[4] [cam] [622453][qpc0][qpc_core_exception_check:405]discontinuous frame, now: 6073, last: 6071
[01:47:15.289] RX< [34m[AE] fid=609
[01:47:15.722] RX< 0,exp=10120,adg=257,Y=4740,mtg=180,shg=118,bgbv=1642,iso=257,cnv2,hdr0
[01:47:15.722] RX< [0m[7] [cam] [623375][me0][me_core_thread:359]ME out fid 6090
[01:47:15.722] RX< [4] [cam] [623422][qpc0][qpc_core_exception_check:411]interp not finish in sof, fid: 6101
[01:47:15.722] RX< [4] [cam] [623452][qpc0][qpc_cor
[01:47:16.293] RX< e_exception_check:405]discontinuous frame, now: 6103, last: 6101
[01:47:16.293] RX< [34m[AE] fid=6120,exp=10120,adg=257,Y=4738,mtg=180,shg=119,bgbv=1642,iso=257,cnv2,hdr0
[01:47:16.293] RX< [0m[34m[b_ae0 proc] perf=950(us), max=3744(us)!
[01:47:16.293] RX< [0m[34m[awb0 proc] perf=3669(us), max=7065(us)!
[01:47:16.293] RX< [
[01:47:16.722] RX< 0m[34m[ME INTP]fid=6120, shutter=10120, perf=7(us), max=28137(us)!
[01:47:16.722] RX< [0m[RTMP] f_index = 6120, f_len = 8441
[01:47:16.722] RX< [7] [cam] [624375][me0][me_core_thread:359]ME out fid 6120
[01:47:16.722] RX< [4] [cam] [624452][qpc0][qpc_core_exception_check:405]discontinuous frame, now: 6133, las
[01:47:17.721] RX< t: 6131
[01:47:17.721] RX< [34m[AE] fid=6150,exp=10120,adg=257,Y=4740,mtg=180,shg=118,bgbv=1642,iso=257,cnv2,hdr0
[01:47:17.721] RX< [0m[7] [cam] [625375][me0][me_core_thread:359]ME out fid 6150
[01:47:17.721] RX< [4] [cam] [625451][qpc0][qpc_core_exception_check:405]discontinuous frame, now: 6163, last: 6161
[01:47:18.706] RX< [34m[AE] fid=6180,exp=10120,adg=257,Y=4743,mtg=180,shg=120,bgbv=1642,iso=257,cnv2,hdr0
[01:47:18.706] RX< [0m[7] [cam] [626374][me0][me_core_thread:359]ME out fid 6180
[01:47:18.706] RX< [4] [cam] [626420][qpc0][qpc_core_exception_check:411]interp not finish in sof, fid: 6191
[01:47:18.706] RX< [4] [cam] [6264
[01:47:19.293] RX< 52][qpc0][qpc_core_exception_check:405]discontinuous frame, now: 6193, last: 6191
[01:47:19.293] RX< [34m[AE] fid=6210,exp=10120,adg=257,Y=4747,mtg=180,shg=120,bgbv=1642,iso=257,cnv2,hdr0
[01:47:19.293] RX< [0m[34m[b_ae0 proc] perf=947(us), max=4301(us)!
[01:47:19.293] RX< [0m[34m[awb0 proc] perf=3797(us),
[01:47:19.722] RX<  max=4572(us)!
[01:47:19.722] RX< [0m[RTMP] f_index = 6210, f_len = 20507
[01:47:19.722] RX< [7] [cam] [627374][me0][me_core_thread:359]ME out fid 6210
[01:47:19.722] RX< [4] [cam] [627421][qpc0][qpc_core_exception_check:411]interp not finish in sof, fid: 6221
[01:47:19.722] RX< [4] [cam] [627452][qpc0][qpc_core_exception_check:4
[01:47:20.629] RX< 05]discontinuous frame, now: 6223, last: 6221
[01:47:20.629] RX< [34m[AE] fid=6240,exp=10120,adg=257,Y=4743,mtg=180,shg=120,bgbv=1642,iso=257,cnv2,hdr0
[01:47:20.629] RX< [0m[34m[ME INTP]fid=6240, shutter=10120, perf=6(us), max=3012(us)!
[01:47:20.629] RX< [0m[7] [cam] [628374][me0][me_core_thread:359]ME out
[01:47:21.722] RX<  fid 6240
[01:47:21.722] RX< [34m[AE] fid=6270,exp=10120,adg=257,Y=4749,mtg=180,shg=120,bgbv=1642,iso=257,cnv2,hdr0
[01:47:21.722] RX< [0m[7] [cam] [629374][me0][me_core_thread:359]ME out fid 6270
[01:47:21.722] RX< [4] [cam] [629452][qpc0][qpc_core_exception_check:405]discontinuous frame, now: 6283, last: 628
[01:47:22.628] RX< 1
[01:47:22.628] RX< [34m[AE] fid=6300,exp=10120,adg=257,Y=4746,mtg=180,shg=120,bgbv=1642,iso=257,cnv2,hdr0
[01:47:22.628] RX< [0m[34m[b_ae0 proc] perf=959(us), max=1580(us)!
[01:47:22.628] RX< [0m[34m[awb0 proc] perf=3860(us), max=4882(us)!
[01:47:22.628] RX< [0m[RTMP] f_index = 6300, f_len = 19943
[01:47:22.628] RX< [7] [cam] [630374][me0][
[01:47:23.640] RX< me_core_thread:359]ME out fid 6300
[01:47:23.640] RX< [4] [cam] [630451][qpc0][qpc_core_exception_check:405]discontinuous frame, now: 6313, last: 6311
[01:47:23.640] RX< [34m[AE] fid=6330,exp=10120,adg=257,Y=4741,mtg=180,shg=119,bgbv=1642,iso=257,cnv2,hdr0
[01:47:23.640] RX< [0m[7] [cam] [631374][me0][me_core_
[01:47:24.289] RX< thread:359]ME out fid 6330
[01:47:24.289] RX< [4] [cam] [631422][qpc0][qpc_core_exception_check:411]interp not finish in sof, fid: 6341
[01:47:24.289] RX< [4] [cam] [631451][qpc0][qpc_core_exception_check:405]discontinuous frame, now: 6343, last: 6341
[01:47:24.289] RX< [34m[AE] fid=6360,exp=10120,adg=257,Y=475
[01:47:24.693] RX< 3,mtg=180,shg=120,bgbv=1645,iso=257,cnv2,hdr0
[01:47:24.693] RX< [0m[34m[ME INTP]fid=6360, shutter=10120, perf=238(us), max=2924(us)!
[01:47:24.693] RX< [0m[7] [cam] [632374][me0][me_core_thread:359]ME out fid 6360
[01:47:24.693] RX< [4] [cam] [632424][qpc0][qpc_core_exception_check:411]interp not finish in s
[01:47:25.292] RX< of, fid: 6371
[01:47:25.292] RX< [4] [cam] [632451][qpc0][qpc_core_exception_check:405]discontinuous frame, now: 6373, last: 6371
[01:47:25.292] RX< [34m[AE] fid=6390,exp=10120,adg=257,Y=4740,mtg=180,shg=120,bgbv=1642,iso=257,cnv2,hdr0
[01:47:25.292] RX< [0m[34m[b_ae0 proc] perf=973(us), max=1759(us)!
[01:47:25.292] RX< [0m[
[01:47:26.287] RX< 34m[awb0 proc] perf=3764(us), max=3867(us)!
[01:47:26.287] RX< [0m[RTMP] f_index = 6390, f_len = 8189
[01:47:26.287] RX< [7] [cam] [633374][me0][me_core_thread:359]ME out fid 6390
[01:47:26.287] RX< [4] [cam] [633451][qpc0][qpc_core_exception_check:405]discontinuous frame, now: 6403, last: 6401
[01:47:26.287] RX< [34m[AE] fid=64
[01:47:27.286] RX< 20,exp=10120,adg=257,Y=4743,mtg=180,shg=120,bgbv=1642,iso=257,cnv2,hdr0
[01:47:27.286] RX< [0m[7] [cam] [634373][me0][me_core_thread:359]ME out fid 6420
[01:47:27.286] RX< [4] [cam] [634451][qpc0][qpc_core_exception_check:405]discontinuous frame, now: 6433, last: 6431
[01:47:27.286] RX< [34m[AE] fid=6450,exp=1
[01:47:27.721] RX< 0120,adg=257,Y=4738,mtg=180,shg=119,bgbv=1642,iso=257,cnv2,hdr0
[01:47:27.721] RX< [0m[7] [cam] [635373][me0][me_core_thread:359]ME out fid 6450
[01:47:27.721] RX< [4] [cam] [635418][qpc0][qpc_core_exception_check:411]interp not finish in sof, fid: 6461
[01:47:27.721] RX< [4] [cam] [635451][qpc0][qpc_core_excep
[01:47:28.371] RX< tion_check:405]discontinuous frame, now: 6463, last: 6461
[01:47:28.371] RX< [34m[AE] fid=6480,exp=10120,adg=257,Y=4735,mtg=180,shg=118,bgbv=1638,iso=257,cnv2,hdr0
[01:47:28.371] RX< [0m[34m[b_ae0 proc] perf=1084(us), max=3823(us)!
[01:47:28.371] RX< [0m[34m[awb0 proc] perf=3803(us), max=3888(us)!
[01:47:28.371] RX< [0m[34
[01:47:28.720] RX< m[ME INTP]fid=6480, shutter=10120, perf=237(us), max=5170(us)!
[01:47:28.720] RX< [0m[RTMP] f_index = 6480, f_len = 19624
[01:47:28.720] RX< [7] [cam] [636373][me0][me_core_thread:359]ME out fid 6480
[01:47:28.720] RX< [4] [cam] [636419][qpc0][qpc_core_exception_check:411]interp not finish in sof, fid: 6491
[01:47:28.720] RX< [4]
[01:47:29.720] RX<  [cam] [636451][qpc0][qpc_core_exception_check:405]discontinuous frame, now: 6493, last: 6491
[01:47:29.720] RX< [34m[AE] fid=6510,exp=10120,adg=257,Y=4731,mtg=180,shg=118,bgbv=1638,iso=257,cnv2,hdr0
[01:47:29.720] RX< [0m[7] [cam] [637373][me0][me_core_thread:359]ME out fid 6510
[01:47:29.720] RX< [4] [cam] [
[01:47:31.291] RX< 637451][qpc0][qpc_core_exception_check:405]discontinuous frame, now: 6523, last: 6521
[01:47:31.291] RX< [34m[AE] fid=6540,exp=10000,adg=282,Y=5192,mtg=180,shg=116,bgbv=1599,iso=282,cnv2,hdr0
[01:47:31.291] RX< [0m[7] [cam] [638373][me0][me_core_thread:359]ME out fid 6540
[01:47:31.291] RX< [34m[AE] fid=6570,
[01:47:31.627] RX< exp=14990,adg=300,Y=3744,mtg=180,shg=100,bgbv=796,iso=300,cnv2,hdr0
[01:47:31.627] RX< [0m[34m[b_ae0 proc] perf=983(us), max=1283(us)!
[01:47:31.627] RX< [0m[34m[awb0 proc] perf=3853(us), max=3934(us)!
[01:47:31.627] RX< [0m[RTMP] f_index = 6570, f_len = 13177
[01:47:31.627] RX< [7] [cam] [639373][me0][me_core_thread:359]ME 
[01:47:33.286] RX< out fid 6570
[01:47:33.286] RX< [34m[AE] fid=6600,exp=11150,adg=300,Y=5988,mtg=180,shg=100,bgbv=1573,iso=300,cnv2,hdr0
[01:47:33.286] RX< [0m[34m[ME INTP]fid=6600, shutter=11150, perf=2210(us), max=9169(us)!
[01:47:33.286] RX< [0m[7] [cam] [640373][me0][me_core_thread:359]ME out fid 6600
[01:47:33.286] RX< [34m[AE] fid=6630,e
[01:47:34.291] RX< xp=9960,adg=263,Y=4777,mtg=180,shg=120,bgbv=1642,iso=263,cnv2,hdr0
[01:47:34.291] RX< [0m[7] [cam] [641372][me0][me_core_thread:359]ME out fid 6630
[01:47:34.291] RX< [4] [cam] [641450][qpc0][qpc_core_exception_check:405]discontinuous frame, now: 6643, last: 6641
[01:47:34.291] RX< [34m[AE] fid=6660,exp=9960,a
[01:47:34.627] RX< dg=263,Y=4781,mtg=180,shg=120,bgbv=1642,iso=263,cnv2,hdr0
[01:47:34.627] RX< [0m[34m[b_ae0 proc] perf=963(us), max=4309(us)!
[01:47:34.627] RX< [0m[34m[awb0 proc] perf=3846(us), max=3894(us)!
[01:47:34.627] RX< [0m[RTMP] f_index = 6660, f_len = 12936
[01:47:34.627] RX< [7] [cam] [642372][me0][me_core_thread:359]ME out fid 66
[01:47:35.285] RX< 60
[01:47:35.285] RX< [4] [cam] [642420][qpc0][qpc_core_exception_check:411]interp not finish in sof, fid: 6671
[01:47:35.285] RX< [4] [cam] [642450][qpc0][qpc_core_exception_check:405]discontinuous frame, now: 6673, last: 6671
[01:47:35.285] RX< [34m[AE] fid=6690,exp=9960,adg=263,Y=4774,mtg=180,shg=120,bgbv=16
[01:47:35.719] RX< 38,iso=263,cnv2,hdr0
[01:47:35.719] RX< [0m[7] [cam] [643372][me0][me_core_thread:359]ME out fid 6690
[01:47:35.719] RX< [4] [cam] [643419][qpc0][qpc_core_exception_check:411]interp not finish in sof, fid: 6701
[01:47:35.719] RX< [4] [cam] [643450][qpc0][qpc_core_exception_check:405]discontinuous frame, now: 67
[01:47:36.719] RX< 03, last: 6701
[01:47:36.719] RX< [34m[AE] fid=6720,exp=9960,adg=263,Y=4772,mtg=180,shg=120,bgbv=1638,iso=263,cnv2,hdr0
[01:47:36.719] RX< [0m[34m[ME INTP]fid=6720, shutter=9960, perf=1983(us), max=12445(us)!
[01:47:36.719] RX< [0m[7] [cam] [644372][me0][me_core_thread:359]ME out fid 6720
[01:47:36.719] RX< [4] [cam] [644450][
[01:47:37.290] RX< qpc0][qpc_core_exception_check:405]discontinuous frame, now: 6733, last: 6731
[01:47:37.290] RX< [34m[AE] fid=6750,exp=9960,adg=263,Y=4767,mtg=180,shg=119,bgbv=1638,iso=263,cnv2,hdr0
[01:47:37.290] RX< [0m[34m[b_ae0 proc] perf=1085(us), max=3931(us)!
[01:47:37.290] RX< [0m[34m[awb0 proc] perf=3804(us), max
[01:47:37.719] RX< =4553(us)!
[01:47:37.719] RX< [0m[RTMP] f_index = 6750, f_len = 13030
[01:47:37.719] RX< [7] [cam] [645372][me0][me_core_thread:359]ME out fid 6750
[01:47:37.719] RX< [4] [cam] [645425][qpc0][qpc_core_exception_check:411]interp not finish in sof, fid: 6761
[01:47:37.719] RX< [4] [cam] [645449][qpc0][qpc_core_exception_check:405]d
[01:47:38.719] RX< iscontinuous frame, now: 6763, last: 6761
[01:47:38.719] RX< [34m[AE] fid=6780,exp=9960,adg=263,Y=4785,mtg=180,shg=120,bgbv=1642,iso=263,cnv2,hdr0
[01:47:38.719] RX< [0m[7] [cam] [646372][me0][me_core_thread:359]ME out fid 6780
[01:47:38.719] RX< [4] [cam] [646449][qpc0][qpc_core_exception_check:405]discontinu
[01:47:39.687] RX< ous frame, now: 6793, last: 6791
[01:47:39.687] RX< [34m[AE] fid=6810,exp=9960,adg=263,Y=4784,mtg=180,shg=120,bgbv=1642,iso=263,cnv2,hdr0
[01:47:39.687] RX< [0m[7] [cam] [647372][me0][me_core_thread:359]ME out fid 6810
[01:47:39.687] RX< [4] [cam] [647418][qpc0][qpc_core_exception_check:411]interp not finish i
[01:47:40.289] RX< n sof, fid: 6821
[01:47:40.289] RX< [4] [cam] [647449][qpc0][qpc_core_exception_check:405]discontinuous frame, now: 6823, last: 6821
[01:47:40.289] RX< [34m[AE] fid=6840,exp=9960,adg=263,Y=4790,mtg=180,shg=120,bgbv=1646,iso=263,cnv2,hdr0
[01:47:40.289] RX< [0m[34m[b_ae0 proc] perf=956(us), max=3144(us)!
[01:47:40.289] RX< [0m
[01:47:40.687] RX< [34m[awb0 proc] perf=3793(us), max=4623(us)!
[01:47:40.687] RX< [0m[34m[ME INTP]fid=6840, shutter=9960, perf=6(us), max=13069(us)!
[01:47:40.687] RX< [0m[RTMP] f_index = 6840, f_len = 12504
[01:47:40.687] RX< [7] [cam] [648371][me0][me_core_thread:359]ME out fid 6840
[01:47:40.687] RX< [4] [cam] [648419][qpc0][qpc_core_excepti
[01:47:41.637] RX< on_check:411]interp not finish in sof, fid: 6851
[01:47:41.637] RX< [4] [cam] [648449][qpc0][qpc_core_exception_check:405]discontinuous frame, now: 6853, last: 6851
[01:47:41.637] RX< [34m[AE] fid=6870,exp=9960,adg=263,Y=4803,mtg=180,shg=120,bgbv=1649,iso=263,cnv2,hdr0
[01:47:41.637] RX< [0m[7] [cam] [649371][
[01:47:42.637] RX< me0][me_core_thread:359]ME out fid 6870
[01:47:42.637] RX< [4] [cam] [649449][qpc0][qpc_core_exception_check:405]discontinuous frame, now: 6883, last: 6881
[01:47:42.637] RX< [34m[AE] fid=6900,exp=9960,adg=263,Y=4807,mtg=180,shg=120,bgbv=1649,iso=263,cnv2,hdr0
[01:47:42.637] RX< [0m[7] [cam] [650371][me0][me_c
[01:47:43.289] RX< ore_thread:359]ME out fid 6900
[01:47:43.289] RX< [4] [cam] [650449][qpc0][qpc_core_exception_check:405]discontinuous frame, now: 6913, last: 6911
[01:47:43.289] RX< [34m[AE] fid=6930,exp=9960,adg=263,Y=4812,mtg=180,shg=120,bgbv=1649,iso=263,cnv2,hdr0
[01:47:43.289] RX< [0m[34m[b_ae0 proc] perf=958(us), max=2
[01:47:43.751] RX< 159(us)!
[01:47:43.751] RX< [0m[34m[awb0 proc] perf=3860(us), max=5651(us)!
[01:47:43.751] RX< [0m[RTMP] f_index = 6930, f_len = 13216
[01:47:43.751] RX< [7] [cam] [651371][me0][me_core_thread:359]ME out fid 6930
[01:47:43.751] RX< [RTMP] slow send frame 6931 len=91604 dt=62ms (IDR)
[01:47:43.751] RX< [4] [cam] [651482][qpc0][qpc_core_exception_
[01:47:44.640] RX< check:405]discontinuous frame, now: 6944, last: 6942
[01:47:44.640] RX< [34m[AE] fid=6960,exp=9960,adg=263,Y=4801,mtg=180,shg=120,bgbv=1649,iso=263,cnv2,hdr0
[01:47:44.640] RX< [0m[34m[ME INTP]fid=6960, shutter=9960, perf=6(us), max=2604(us)!
[01:47:44.640] RX< [0m[7] [cam] [652371][me0][me_core_thread:359]M
[01:47:45.285] RX< E out fid 6960
[01:47:45.285] RX< [4] [cam] [652419][qpc0][qpc_core_exception_check:411]interp not finish in sof, fid: 6971
[01:47:45.285] RX< [4] [cam] [652448][qpc0][qpc_core_exception_check:405]discontinuous frame, now: 6973, last: 6971
[01:47:45.285] RX< [34m[AE] fid=6990,exp=9960,adg=263,Y=4795,mtg=180,shg
[01:47:46.289] RX< =120,bgbv=1646,iso=263,cnv2,hdr0
[01:47:46.289] RX< [0m[7] [cam] [653371][me0][me_core_thread:359]ME out fid 6990
[01:47:46.289] RX< [34m[AE] fid=7020,exp=9960,adg=263,Y=4817,mtg=180,shg=120,bgbv=1653,iso=263,cnv2,hdr0
[01:47:46.289] RX< [0m[34m[b_ae0 proc] perf=1043(us), max=2680(us)!
[01:47:46.289] RX< [0m[34m[awb0 proc] 
[01:47:46.716] RX< perf=3805(us), max=4101(us)!
[01:47:46.716] RX< [0m[RTMP] f_index = 7020, f_len = 20894
[01:47:46.716] RX< [7] [cam] [654371][me0][me_core_thread:359]ME out fid 7020
[01:47:46.716] RX< [4] [cam] [654418][qpc0][qpc_core_exception_check:411]interp not finish in sof, fid: 7031
[01:47:46.716] RX< [4] [cam] [654448][qpc0][qpc_core_exc
[01:47:47.685] RX< eption_check:405]discontinuous frame, now: 7033, last: 7031
[01:47:47.685] RX< [34m[AE] fid=7050,exp=9960,adg=263,Y=4780,mtg=180,shg=120,bgbv=1642,iso=263,cnv2,hdr0
[01:47:47.685] RX< [0m[7] [cam] [655371][me0][me_core_thread:359]ME out fid 7050
[01:47:47.685] RX< [4] [cam] [655416][qpc0][qpc_core_exception_ch
[01:47:48.384] RX< eck:411]interp not finish in sof, fid: 7061
[01:47:48.384] RX< [4] [cam] [655449][qpc0][qpc_core_exception_check:405]discontinuous frame, now: 7063, last: 7061
[01:47:48.384] RX< [34m[AE] fid=7080,exp=9960,adg=263,Y=4762,mtg=180,shg=119,bgbv=1634,iso=263,cnv2,hdr0
[01:47:48.384] RX< [0m[34m[ME INTP]fid=7080, 
[01:47:48.716] RX< shutter=9960, perf=237(us), max=1306(us)!
[01:47:48.716] RX< [0m[7] [cam] [656370][me0][me_core_thread:359]ME out fid 7080
[01:47:48.716] RX< [4] [cam] [656419][qpc0][qpc_core_exception_check:411]interp not finish in sof, fid: 7091
[01:47:48.716] RX< [4] [cam] [656448][qpc0][qpc_core_exception_check:405]discont
[01:47:49.610] RX< inuous frame, now: 7093, last: 7091
[01:47:49.610] RX< [34m[AE] fid=7110,exp=9960,adg=263,Y=4764,mtg=180,shg=119,bgbv=1638,iso=263,cnv2,hdr0
[01:47:49.610] RX< [0m[34m[b_ae0 proc] perf=977(us), max=2319(us)!
[01:47:49.610] RX< [0m[34m[awb0 proc] perf=3791(us), max=3857(us)!
[01:47:49.610] RX< [0m[RTMP] f_index = 7110, f_len
[01:47:50.283] RX<  = 20473
[01:47:50.283] RX< [7] [cam] [657370][me0][me_core_thread:359]ME out fid 7110
[01:47:50.283] RX< [4] [cam] [657422][qpc0][qpc_core_exception_check:411]interp not finish in sof, fid: 7121
[01:47:50.283] RX< [4] [cam] [657448][qpc0][qpc_core_exception_check:405]discontinuous frame, now: 7123, last: 7121
[01:47:50.283] RX< 
[01:47:50.716] RX< [34m[AE] fid=7140,exp=9960,adg=263,Y=4778,mtg=180,shg=120,bgbv=1642,iso=263,cnv2,hdr0
[01:47:50.716] RX< [0m[7] [cam] [658370][me0][me_core_thread:359]ME out fid 7140
[01:47:50.716] RX< [4] [cam] [658423][qpc0][qpc_core_exception_check:411]interp not finish in sof, fid: 7151
[01:47:50.716] RX< [4] [cam] [658448
[01:47:51.686] RX< ][qpc0][qpc_core_exception_check:405]discontinuous frame, now: 7153, last: 7151
[01:47:51.686] RX< [34m[AE] fid=7170,exp=9960,adg=263,Y=4781,mtg=180,shg=120,bgbv=1642,iso=263,cnv2,hdr0
[01:47:51.686] RX< [0m[7] [cam] [659370][me0][me_core_thread:359]ME out fid 7170
[01:47:51.686] RX< [4] [cam] [659417][qpc0][q
[01:47:52.288] RX< pc_core_exception_check:411]interp not finish in sof, fid: 7181
[01:47:52.288] RX< [4] [cam] [659447][qpc0][qpc_core_exception_check:405]discontinuous frame, now: 7183, last: 7181
[01:47:52.288] RX< [34m[AE] fid=7200,exp=9960,adg=263,Y=4786,mtg=180,shg=120,bgbv=1642,iso=263,cnv2,hdr0
[01:47:52.288] RX< [0m[34
[01:47:52.639] RX< m[b_ae0 proc] perf=961(us), max=1427(us)!
[01:47:52.639] RX< [0m[34m[awb0 proc] perf=3800(us), max=3920(us)!
[01:47:52.639] RX< [0m[34m[ME INTP]fid=7200, shutter=9960, perf=6(us), max=31557(us)!
[01:47:52.639] RX< [0m[RTMP] f_index = 7200, f_len = 8423
[01:47:52.639] RX< [7] [cam] [660370][me0][me_core_thread:359]ME out fid 
[01:47:54.283] RX< 7200
[01:47:54.283] RX< [4] [cam] [660447][qpc0][qpc_core_exception_check:405]discontinuous frame, now: 7213, last: 7211
[01:47:54.283] RX< [34m[AE] fid=7230,exp=9960,adg=263,Y=4788,mtg=180,shg=120,bgbv=1646,iso=263,cnv2,hdr0
[01:47:54.283] RX< [0m[7] [cam] [661370][me0][me_core_thread:359]ME out fid 7230
[01:47:54.283] RX< [34
[01:47:54.717] RX< m[AE] fid=7260,exp=9960,adg=263,Y=4785,mtg=180,shg=120,bgbv=1642,iso=263,cnv2,hdr0
[01:47:54.717] RX< [0m[7] [cam] [662370][me0][me_core_thread:359]ME out fid 7260
[01:47:54.717] RX< [4] [cam] [662417][qpc0][qpc_core_exception_check:411]interp not finish in sof, fid: 7271
[01:47:54.717] RX< [4] [cam] [662448][q
[01:47:55.287] RX< pc0][qpc_core_exception_check:405]discontinuous frame, now: 7273, last: 7271
[01:47:55.287] RX< [34m[AE] fid=7290,exp=9960,adg=263,Y=4802,mtg=180,shg=120,bgbv=1649,iso=263,cnv2,hdr0
[01:47:55.287] RX< [0m[34m[b_ae0 proc] perf=981(us), max=5217(us)!
[01:47:55.287] RX< [0m[34m[awb0 proc] perf=3684(us), max=3
[01:47:56.282] RX< 869(us)!
[01:47:56.282] RX< [0m[RTMP] f_index = 7290, f_len = 8432
[01:47:56.282] RX< [7] [cam] [663369][me0][me_core_thread:359]ME out fid 7290
[01:47:56.282] RX< [4] [cam] [663447][qpc0][qpc_core_exception_check:405]discontinuous frame, now: 7303, last: 7301
[01:47:56.282] RX< [34m[AE] fid=7320,exp=9960,adg=263,Y=4793,mtg=180,
[01:47:56.685] RX< shg=120,bgbv=1646,iso=263,cnv2,hdr0
[01:47:56.685] RX< [0m[34m[ME INTP]fid=7320, shutter=9960, perf=6(us), max=2449(us)!
[01:47:56.685] RX< [0m[7] [cam] [664369][me0][me_core_thread:359]ME out fid 7320
[01:47:56.685] RX< [4] [cam] [664416][qpc0][qpc_core_exception_check:411]interp not finish in sof, fid: 7331
[01:47:57.684] RX< 
[01:47:57.684] RX< [4] [cam] [664447][qpc0][qpc_core_exception_check:405]discontinuous frame, now: 7333, last: 7331
[01:47:57.684] RX< [34m[AE] fid=7350,exp=9960,adg=263,Y=4790,mtg=180,shg=120,bgbv=1646,iso=263,cnv2,hdr0
[01:47:57.684] RX< [0m[7] [cam] [665369][me0][me_core_thread:359]ME out fid 7350
[01:47:57.684] RX< [4] [cam
[01:47:58.287] RX< ] [665416][qpc0][qpc_core_exception_check:411]interp not finish in sof, fid: 7361
[01:47:58.287] RX< [4] [cam] [665447][qpc0][qpc_core_exception_check:405]discontinuous frame, now: 7363, last: 7361
[01:47:58.287] RX< [34m[AE] fid=7380,exp=9960,adg=263,Y=4791,mtg=180,shg=120,bgbv=1646,iso=263,
[01:47:58.715] RX< cnv2,hdr0
[01:47:58.715] RX< [0m[34m[b_ae0 proc] perf=894(us), max=1918(us)!
[01:47:58.715] RX< [0m[34m[awb0 proc] perf=3785(us), max=3963(us)!
[01:47:58.715] RX< [0m[RTMP] f_index = 7380, f_len = 8054
[01:47:58.715] RX< [7] [cam] [666369][me0][me_core_thread:359]ME out fid 7380
[01:47:58.715] RX< [4] [cam] [666447][qpc0][qpc_core_exception_ch
[01:47:59.715] RX< eck:405]discontinuous frame, now: 7393, last: 7391
[01:47:59.715] RX< [34m[AE] fid=7410,exp=9960,adg=263,Y=4790,mtg=180,shg=120,bgbv=1646,iso=263,cnv2,hdr0
[01:47:59.715] RX< [0m[7] [cam] [667369][me0][me_core_thread:359]ME out fid 7410
[01:47:59.715] RX< [4] [cam] [667446][qpc0][qpc_core_exception_check:405]d
[01:48:00.622] RX< iscontinuous frame, now: 7423, last: 7421
[01:48:00.622] RX< [34m[AE] fid=7440,exp=9960,adg=263,Y=4792,mtg=180,shg=120,bgbv=1646,iso=263,cnv2,hdr0
[01:48:00.622] RX< [0m[34m[ME INTP]fid=7440, shutter=9960, perf=6(us), max=3001(us)!
[01:48:00.622] RX< [0m[7] [cam] [668369][me0][me_core_thread:359]ME out fid 7
[01:48:01.623] RX< 440
[01:48:01.623] RX< [34m[AE] fid=7470,exp=9960,adg=263,Y=4790,mtg=180,shg=120,bgbv=1646,iso=263,cnv2,hdr0
[01:48:01.623] RX< [0m[34m[b_ae0 proc] perf=959(us), max=5311(us)!
[01:48:01.623] RX< [0m[34m[awb0 proc] perf=3801(us), max=3903(us)!
[01:48:01.623] RX< [0m[RTMP] f_index = 7470, f_len = 20658
[01:48:01.623] RX< [7] [cam] [669369][me0]
[01:48:02.281] RX< [me_core_thread:359]ME out fid 7470
[01:48:02.281] RX< [4] [cam] [669416][qpc0][qpc_core_exception_check:411]interp not finish in sof, fid: 7481
[01:48:02.281] RX< [4] [cam] [669446][qpc0][qpc_core_exception_check:405]discontinuous frame, now: 7483, last: 7481
[01:48:02.281] RX< [34m[AE] fid=7500,exp=9960,adg=2
[01:48:03.281] RX< 63,Y=4803,mtg=180,shg=120,bgbv=1649,iso=263,cnv2,hdr0
[01:48:03.281] RX< [0m[7] [cam] [670369][me0][me_core_thread:359]ME out fid 7500
[01:48:03.281] RX< [4] [cam] [670446][qpc0][qpc_core_exception_check:405]discontinuous frame, now: 7513, last: 7511
[01:48:03.281] RX< [34m[AE] fid=7530,exp=9960,adg=263,Y=4799
[01:48:04.285] RX< ,mtg=180,shg=120,bgbv=1646,iso=263,cnv2,hdr0
[01:48:04.285] RX< [0m[7] [cam] [671368][me0][me_core_thread:359]ME out fid 7530
[01:48:04.285] RX< [4] [cam] [671446][qpc0][qpc_core_exception_check:405]discontinuous frame, now: 7543, last: 7541
[01:48:04.285] RX< [34m[AE] fid=7560,exp=9960,adg=263,Y=4788,mtg=180,
[01:48:04.637] RX< shg=120,bgbv=1646,iso=263,cnv2,hdr0
[01:48:04.637] RX< [0m[34m[b_ae0 proc] perf=968(us), max=5210(us)!
[01:48:04.637] RX< [0m[34m[awb0 proc] perf=3784(us), max=4556(us)!
[01:48:04.637] RX< [0m[34m[ME INTP]fid=7560, shutter=9960, perf=5(us), max=4333(us)!
[01:48:04.637] RX< [0m[RTMP] f_index = 7560, f_len = 8545
[01:48:04.637] RX< [7] [cam] [
[01:48:05.280] RX< 672368][me0][me_core_thread:359]ME out fid 7560
[01:48:05.280] RX< [4] [cam] [672421][qpc0][qpc_core_exception_check:411]interp not finish in sof, fid: 7571
[01:48:05.280] RX< [4] [cam] [672446][qpc0][qpc_core_exception_check:405]discontinuous frame, now: 7573, last: 7571
[01:48:05.280] RX< [34m[AE] fid=7590,ex
[01:48:05.706] RX< p=9960,adg=263,Y=4798,mtg=180,shg=120,bgbv=1646,iso=263,cnv2,hdr0
[01:48:05.706] RX< [0m[7] [cam] [673368][me0][me_core_thread:359]ME out fid 7590
[01:48:05.706] RX< [4] [cam] [673422][qpc0][qpc_core_exception_check:411]interp not finish in sof, fid: 7601
[01:48:05.706] RX< [34m[awb0 proc] perf=7994(us), max=7
[01:48:06.632] RX< 994(us)!
[01:48:06.632] RX< [0m[4] [cam] [673488][qpc0][qpc_core_exception_check:405]discontinuous frame, now: 7604, last: 7602
[01:48:06.632] RX< [34m[AE] fid=7620,exp=13090,adg=300,Y=4348,mtg=180,shg=100,bgbv=1087,iso=300,cnv2,hdr0
[01:48:06.632] RX< [0m[7] [cam] [674368][me0][me_core_thread:359]ME out fid 
[01:48:07.625] RX< 7620
[01:48:07.625] RX< [34m[AE] fid=7650,exp=10040,adg=269,Y=4995,mtg=180,shg=103,bgbv=1630,iso=269,cnv2,hdr0
[01:48:07.625] RX< [0m[34m[b_ae0 proc] perf=1078(us), max=2044(us)!
[01:48:07.625] RX< [0m[34m[awb0 proc] perf=3692(us), max=7994(us)!
[01:48:07.625] RX< [0m[RTMP] f_index = 7650, f_len = 12868
[01:48:07.625] RX< [7] [cam] [675368][m
[01:48:08.636] RX< e0][me_core_thread:359]ME out fid 7650
[01:48:08.636] RX< [34m[AE] fid=7680,exp=10080,adg=257,Y=4777,mtg=180,shg=119,bgbv=1656,iso=257,cnv2,hdr0
[01:48:08.636] RX< [0m[34m[ME INTP]fid=7680, shutter=10080, perf=6(us), max=31862(us)!
[01:48:08.636] RX< [0m[7] [cam] [676368][me0][me_core_thread:359]ME out fid 7
[01:48:09.684] RX< 680
[01:48:09.684] RX< [4] [cam] [676445][qpc0][qpc_core_exception_check:405]discontinuous frame, now: 7693, last: 7691
[01:48:09.684] RX< [34m[AE] fid=7710,exp=10080,adg=257,Y=4763,mtg=180,shg=119,bgbv=1652,iso=257,cnv2,hdr0
[01:48:09.684] RX< [0m[7] [cam] [677368][me0][me_core_thread:359]ME out fid 7710
[01:48:09.684] RX< [4] 
[01:48:10.285] RX< [cam] [677415][qpc0][qpc_core_exception_check:411]interp not finish in sof, fid: 7721
[01:48:10.285] RX< [4] [cam] [677445][qpc0][qpc_core_exception_check:405]discontinuous frame, now: 7723, last: 7721
[01:48:10.285] RX< [34m[AE] fid=7740,exp=10080,adg=257,Y=4762,mtg=180,shg=119,bgbv=1648,iso
[01:48:10.714] RX< =257,cnv2,hdr0
[01:48:10.714] RX< [0m[34m[b_ae0 proc] perf=977(us), max=3707(us)!
[01:48:10.714] RX< [0m[34m[awb0 proc] perf=3797(us), max=4625(us)!
[01:48:10.714] RX< [0m[RTMP] f_index = 7740, f_len = 12341
[01:48:10.714] RX< [7] [cam] [678367][me0][me_core_thread:359]ME out fid 7740
[01:48:10.714] RX< [4] [cam] [678446][qpc0][qpc_core_except
[01:48:11.712] RX< ion_check:405]discontinuous frame, now: 7753, last: 7751
[01:48:11.712] RX< [34m[AE] fid=7770,exp=10080,adg=257,Y=4760,mtg=180,shg=119,bgbv=1648,iso=257,cnv2,hdr0
[01:48:11.712] RX< [0m[7] [cam] [679367][me0][me_core_thread:359]ME out fid 7770
[01:48:11.712] RX< [4] [cam] [679445][qpc0][qpc_core_exception_chec
[01:48:12.635] RX< k:405]discontinuous frame, now: 7783, last: 7781
[01:48:12.635] RX< [34m[AE] fid=7800,exp=10080,adg=257,Y=4762,mtg=180,shg=119,bgbv=1648,iso=257,cnv2,hdr0
[01:48:12.635] RX< [0m[34m[ME INTP]fid=7800, shutter=10080, perf=6(us), max=771(us)!
[01:48:12.635] RX< [0m[7] [cam] [680367][me0][me_core_thread:359]ME o
[01:48:13.284] RX< ut fid 7800
[01:48:13.284] RX< [4] [cam] [680414][qpc0][qpc_core_exception_check:411]interp not finish in sof, fid: 7811
[01:48:13.284] RX< [4] [cam] [680445][qpc0][qpc_core_exception_check:405]discontinuous frame, now: 7813, last: 7811
[01:48:13.284] RX< [34m[AE] fid=7830,exp=10080,adg=257,Y=4750,mtg=180,shg=1
[01:48:13.684] RX< 19,bgbv=1648,iso=257,cnv2,hdr0
[01:48:13.684] RX< [0m[34m[b_ae0 proc] perf=966(us), max=3452(us)!
[01:48:13.684] RX< [0m[34m[awb0 proc] perf=3779(us), max=3963(us)!
[01:48:13.684] RX< [0m[RTMP] f_index = 7830, f_len = 14880
[01:48:13.684] RX< [7] [cam] [681367][me0][me_core_thread:359]ME out fid 7830
[01:48:13.684] RX< [34m[awb0 proc] perf=60
[01:48:14.631] RX< 05(us), max=6005(us)!
[01:48:14.631] RX< [0m[4] [cam] [681445][qpc0][qpc_core_exception_check:405]discontinuous frame, now: 7843, last: 7841
[01:48:14.631] RX< [34m[AE] fid=7860,exp=10080,adg=257,Y=4753,mtg=180,shg=119,bgbv=1648,iso=257,cnv2,hdr0
[01:48:14.631] RX< [0m[7] [cam] [682367][me0][me_core_thread:35
[01:48:15.682] RX< 9]ME out fid 7860
[01:48:15.682] RX< [RTMP] slow send frame 7861 len=94777 dt=71ms (IDR)
[01:48:15.682] RX< [34m[AE] fid=7890,exp=10080,adg=257,Y=4752,mtg=180,shg=119,bgbv=1648,iso=257,cnv2,hdr0
[01:48:15.682] RX< [0m[7] [cam] [683367][me0][me_core_thread:359]ME out fid 7890
[01:48:15.682] RX< [4] [cam] [683414][qpc0][qpc_core_e
[01:48:16.284] RX< xception_check:411]interp not finish in sof, fid: 7901
[01:48:16.284] RX< [4] [cam] [683444][qpc0][qpc_core_exception_check:405]discontinuous frame, now: 7903, last: 7901
[01:48:16.284] RX< [34m[AE] fid=7920,exp=10080,adg=257,Y=4761,mtg=180,shg=119,bgbv=1648,iso=257,cnv2,hdr0
[01:48:16.284] RX< [0m[34m[b_ae0 
[01:48:16.683] RX< proc] perf=1088(us), max=3381(us)!
[01:48:16.683] RX< [0m[34m[awb0 proc] perf=3730(us), max=6005(us)!
[01:48:16.683] RX< [0m[34m[ME INTP]fid=7920, shutter=10080, perf=5(us), max=253(us)!
[01:48:16.683] RX< [0m[RTMP] f_index = 7920, f_len = 14673
[01:48:16.683] RX< [7] [cam] [684367][me0][me_core_thread:359]ME out fid 7920
[01:48:16.683] RX< [4
[01:48:17.278] RX< ] [cam] [684415][qpc0][qpc_core_exception_check:411]interp not finish in sof, fid: 7931
[01:48:17.278] RX< [4] [cam] [684443][qpc0][qpc_core_exception_check:405]discontinuous frame, now: 7933, last: 7931
[01:48:17.278] RX< [34m[AE] fid=7950,exp=10080,adg=257,Y=4761,mtg=180,shg=119,bgbv=1648,i
[01:48:17.712] RX< so=257,cnv2,hdr0
[01:48:17.712] RX< [0m[7] [cam] [685366][me0][me_core_thread:359]ME out fid 7950
[01:48:17.712] RX< [4] [cam] [685413][qpc0][qpc_core_exception_check:411]interp not finish in sof, fid: 7961
[01:48:17.712] RX< [4] [cam] [685444][qpc0][qpc_core_exception_check:405]discontinuous frame, now: 7963, 
[01:48:18.712] RX< last: 7961
[01:48:18.712] RX< [34m[AE] fid=7980,exp=10080,adg=257,Y=4766,mtg=180,shg=119,bgbv=1652,iso=257,cnv2,hdr0
[01:48:18.712] RX< [0m[7] [cam] [686366][me0][me_core_thread:359]ME out fid 7980
[01:48:18.712] RX< [4] [cam] [686414][qpc0][qpc_core_exception_check:411]interp not finish in sof, fid: 7991
[01:48:18.712] RX< [4] 
[01:48:19.283] RX< [cam] [686444][qpc0][qpc_core_exception_check:405]discontinuous frame, now: 7993, last: 7991
[01:48:19.283] RX< [34m[AE] fid=8010,exp=10080,adg=257,Y=4768,mtg=180,shg=119,bgbv=1652,iso=257,cnv2,hdr0
[01:48:19.283] RX< [0m[34m[b_ae0 proc] perf=958(us), max=1088(us)!
[01:48:19.283] RX< [0m[34m[awb0 proc] per
[01:48:20.278] RX< f=3801(us), max=3921(us)!
[01:48:20.278] RX< [0m[RTMP] f_index = 8010, f_len = 12034
[01:48:20.278] RX< [7] [cam] [687366][me0][me_core_thread:359]ME out fid 8010
[01:48:20.278] RX< [4] [cam] [687444][qpc0][qpc_core_exception_check:405]discontinuous frame, now: 8023, last: 8021
[01:48:20.278] RX< [34m[AE] fid=8040,exp=10080,adg=
[01:48:20.679] RX< 257,Y=4764,mtg=180,shg=119,bgbv=1652,iso=257,cnv2,hdr0
[01:48:20.679] RX< [0m[34m[ME INTP]fid=8040, shutter=10080, perf=6(us), max=354(us)!
[01:48:20.679] RX< [0m[7] [cam] [688366][me0][me_core_thread:359]ME out fid 8040
[01:48:20.679] RX< [4] [cam] [688411][qpc0][qpc_core_exception_check:411]interp not finis
[01:48:21.630] RX< h in sof, fid: 8051
[01:48:21.630] RX< [4] [cam] [688444][qpc0][qpc_core_exception_check:405]discontinuous frame, now: 8053, last: 8051
[01:48:21.630] RX< [34m[AE] fid=8070,exp=10080,adg=257,Y=4767,mtg=180,shg=119,bgbv=1652,iso=257,cnv2,hdr0
[01:48:21.630] RX< [0m[7] [cam] [689366][me0][me_core_thread:359]ME o
[01:48:22.282] RX< ut fid 8070
[01:48:22.282] RX< [4] [cam] [689413][qpc0][qpc_core_exception_check:411]interp not finish in sof, fid: 8081
[01:48:22.282] RX< [4] [cam] [689444][qpc0][qpc_core_exception_check:405]discontinuous frame, now: 8083, last: 8081
[01:48:22.282] RX< [34m[AE] fid=8100,exp=10080,adg=257,Y=4767,mtg=180,shg=1
[01:48:22.682] RX< 19,bgbv=1652,iso=257,cnv2,hdr0
[01:48:22.682] RX< [0m[34m[b_ae0 proc] perf=884(us), max=3310(us)!
[01:48:22.682] RX< [0m[34m[awb0 proc] perf=3791(us), max=5422(us)!
[01:48:22.682] RX< [0m[RTMP] f_index = 8100, f_len = 11909
[01:48:22.682] RX< [7] [cam] [690366][me0][me_core_thread:359]ME out fid 8100
[01:48:22.682] RX< [4] [cam] [690414][qpc0]
[01:48:23.630] RX< [qpc_core_exception_check:411]interp not finish in sof, fid: 8111
[01:48:23.630] RX< [4] [cam] [690443][qpc0][qpc_core_exception_check:405]discontinuous frame, now: 8113, last: 8111
[01:48:23.630] RX< [34m[AE] fid=8130,exp=10080,adg=257,Y=4767,mtg=180,shg=119,bgbv=1652,iso=257,cnv2,hdr0
[01:48:23.630] RX< [0m[
[01:48:24.277] RX< 7] [cam] [691366][me0][me_core_thread:359]ME out fid 8130
[01:48:24.277] RX< [4] [cam] [691415][qpc0][qpc_core_exception_check:411]interp not finish in sof, fid: 8141
[01:48:24.277] RX< [4] [cam] [691443][qpc0][qpc_core_exception_check:405]discontinuous frame, now: 8143, last: 8141
[01:48:24.277] RX< [34m[AE] f
[01:48:24.682] RX< id=8160,exp=10080,adg=257,Y=4767,mtg=180,shg=119,bgbv=1652,iso=257,cnv2,hdr0
[01:48:24.682] RX< [0m[34m[ME INTP]fid=8160, shutter=10080, perf=6(us), max=22(us)!
[01:48:24.682] RX< [0m[7] [cam] [692366][me0][me_core_thread:359]ME out fid 8160
[01:48:24.682] RX< [4] [cam] [692415][qpc0][qpc_core_exception_check
[01:48:25.283] RX< :411]interp not finish in sof, fid: 8171
[01:48:25.283] RX< [4] [cam] [692443][qpc0][qpc_core_exception_check:405]discontinuous frame, now: 8173, last: 8171
[01:48:25.283] RX< [34m[AE] fid=8190,exp=10080,adg=257,Y=4763,mtg=180,shg=119,bgbv=1652,iso=257,cnv2,hdr0
[01:48:25.283] RX< [0m[34m[b_ae0 proc] perf=890
[01:48:25.679] RX< (us), max=1074(us)!
[01:48:25.679] RX< [0m[34m[awb0 proc] perf=3789(us), max=3897(us)!
[01:48:25.679] RX< [0m[RTMP] f_index = 8190, f_len = 14430
[01:48:25.679] RX< [7] [cam] [693365][me0][me_core_thread:359]ME out fid 8190
[01:48:25.679] RX< [4] [cam] [693411][qpc0][qpc_core_exception_check:411]interp not finish in sof, fid: 
[01:48:26.710] RX< 8201
[01:48:26.710] RX< [4] [cam] [693443][qpc0][qpc_core_exception_check:405]discontinuous frame, now: 8203, last: 8201
[01:48:26.710] RX< [34m[AE] fid=8220,exp=10080,adg=257,Y=4785,mtg=180,shg=119,bgbv=1656,iso=257,cnv2,hdr0
[01:48:26.710] RX< [0m[7] [cam] [694365][me0][me_core_thread:359]ME out fid 8220
[01:48:26.710] RX< [4]
[01:48:27.276] RX<  [cam] [694443][qpc0][qpc_core_exception_check:405]discontinuous frame, now: 8233, last: 8231
[01:48:27.276] RX< [34m[awb0 proc] perf=7390(us), max=7390(us)!
[01:48:27.276] RX< [0m[4] [cam] [694743][qpc0][qpc_core_exception_check:405]discontinuous frame, now: 8242, last: 8240
[01:48:27.276] RX< [34m[AE] fid=8
[01:48:28.281] RX< 250,exp=10680,adg=300,Y=3785,mtg=180,shg=101,bgbv=1141,iso=300,cnv2,hdr0
[01:48:28.281] RX< [0m[7] [cam] [695365][me0][me_core_thread:359]ME out fid 8250
[01:48:28.281] RX< [4] [cam] [695443][qpc0][qpc_core_exception_check:405]discontinuous frame, now: 8263, last: 8261
[01:48:28.281] RX< [34m[AE] fid=8280,exp=
[01:48:28.602] RX< 10080,adg=257,Y=4790,mtg=180,shg=120,bgbv=1660,iso=257,cnv2,hdr0
[01:48:28.602] RX< [0m[34m[b_ae0 proc] perf=960(us), max=3161(us)!
[01:48:28.602] RX< [0m[34m[awb0 proc] perf=3804(us), max=7390(us)!
[01:48:28.602] RX< [0m[34m[ME INTP]fid=8280, shutter=10080, perf=253(us), max=5632(us)!
[01:48:28.602] RX< [0m[RTMP] f_index 
[01:48:28.710] RX< = 8280, f_len = 15711
[01:48:28.710] RX< [7] [cam] [696365][me0][me_core_thread:359]ME out fid 8280
[01:48:28.710] RX< [4] [cam] [696410][qpc0][qpc_core_exception_check:411]interp not finish in sof, fid: 8291
[01:48:28.710] RX< [4] [cam] [696443][qpc0][qpc_core_exception_check:405]discontinuous frame, now: 8293,
[01:48:29.710] RX<  last: 8291
[01:48:29.710] RX< [34m[AE] fid=8310,exp=10000,adg=257,Y=4778,mtg=180,shg=119,bgbv=1665,iso=257,cnv2,hdr0
[01:48:29.710] RX< [0m[7] [cam] [697365][me0][me_core_thread:359]ME out fid 8310
[01:48:29.710] RX< [4] [cam] [697411][qpc0][qpc_core_exception_check:411]interp not finish in sof, fid: 8321
[01:48:29.710] RX< [4]
[01:48:30.677] RX<  [cam] [697442][qpc0][qpc_core_exception_check:405]discontinuous frame, now: 8323, last: 8321
[01:48:30.677] RX< [34m[AE] fid=8340,exp=10000,adg=257,Y=4780,mtg=180,shg=119,bgbv=1665,iso=257,cnv2,hdr0
[01:48:30.677] RX< [0m[7] [cam] [698365][me0][me_core_thread:359]ME out fid 8340
[01:48:30.677] RX< [4] [cam] [
[01:48:31.281] RX< 698409][qpc0][qpc_core_exception_check:411]interp not finish in sof, fid: 8351
[01:48:31.281] RX< [4] [cam] [698443][qpc0][qpc_core_exception_check:405]discontinuous frame, now: 8353, last: 8351
[01:48:31.281] RX< [34m[AE] fid=8370,exp=10000,adg=257,Y=4780,mtg=180,shg=119,bgbv=1665,iso=257,cn
[01:48:32.276] RX< v2,hdr0
[01:48:32.276] RX< [0m[34m[b_ae0 proc] perf=937(us), max=2587(us)!
[01:48:32.276] RX< [0m[34m[awb0 proc] perf=3795(us), max=3871(us)!
[01:48:32.276] RX< [0m[RTMP] f_index = 8370, f_len = 12529
[01:48:32.276] RX< [7] [cam] [699365][me0][me_core_thread:359]ME out fid 8370
[01:48:32.276] RX< [34m[AE] fid=8400,exp=10000,adg=257,Y=4776,mtg
[01:48:32.681] RX< =180,shg=119,bgbv=1665,iso=257,cnv2,hdr0
[01:48:32.681] RX< [0m[34m[ME INTP]fid=8400, shutter=10000, perf=6(us), max=3068(us)!
[01:48:32.681] RX< [0m[7] [cam] [700364][me0][me_core_thread:359]ME out fid 8400
[01:48:32.681] RX< [4] [cam] [700413][qpc0][qpc_core_exception_check:411]interp not finish in sof, fid
[01:48:33.676] RX< : 8411
[01:48:33.676] RX< [4] [cam] [700442][qpc0][qpc_core_exception_check:405]discontinuous frame, now: 8413, last: 8411
[01:48:33.676] RX< [34m[AE] fid=8430,exp=10000,adg=257,Y=4768,mtg=180,shg=119,bgbv=1661,iso=257,cnv2,hdr0
[01:48:33.676] RX< [0m[7] [cam] [701364][me0][me_core_thread:359]ME out fid 8430
[01:48:33.676] RX< [
[01:48:34.281] RX< 4] [cam] [701409][qpc0][qpc_core_exception_check:411]interp not finish in sof, fid: 8441
[01:48:34.281] RX< [4] [cam] [701442][qpc0][qpc_core_exception_check:405]discontinuous frame, now: 8443, last: 8441
[01:48:34.281] RX< [34m[AE] fid=8460,exp=10000,adg=257,Y=4772,mtg=180,shg=119,bgbv=1661,
[01:48:34.680] RX< iso=257,cnv2,hdr0
[01:48:34.680] RX< [0m[34m[b_ae0 proc] perf=980(us), max=1577(us)!
[01:48:34.680] RX< [0m[34m[awb0 proc] perf=3684(us), max=4320(us)!
[01:48:34.680] RX< [0m[RTMP] f_index = 8460, f_len = 14942
[01:48:34.680] RX< [7] [cam] [702364][me0][me_core_thread:359]ME out fid 8460
[01:48:34.680] RX< [4] [cam] [702413][qpc0][qpc_core_exc
[01:48:35.628] RX< eption_check:411]interp not finish in sof, fid: 8471
[01:48:35.628] RX< [4] [cam] [702442][qpc0][qpc_core_exception_check:405]discontinuous frame, now: 8473, last: 8471
[01:48:35.628] RX< [34m[AE] fid=8490,exp=10000,adg=257,Y=4763,mtg=180,shg=119,bgbv=1661,iso=257,cnv2,hdr0
[01:48:35.628] RX< [0m[7] [cam] [703
[01:48:36.275] RX< 364][me0][me_core_thread:359]ME out fid 8490
[01:48:36.275] RX< [4] [cam] [703412][qpc0][qpc_core_exception_check:411]interp not finish in sof, fid: 8501
[01:48:36.275] RX< [4] [cam] [703441][qpc0][qpc_core_exception_check:405]discontinuous frame, now: 8503, last: 8501
[01:48:36.275] RX< [34m[AE] fid=8520,exp=1
[01:48:36.682] RX< 0000,adg=257,Y=4751,mtg=180,shg=118,bgbv=1657,iso=257,cnv2,hdr0
[01:48:36.682] RX< [0m[34m[ME INTP]fid=8520, shutter=10000, perf=2218(us), max=3490(us)!
[01:48:36.682] RX< [0m[7] [cam] [704364][me0][me_core_thread:359]ME out fid 8520
[01:48:36.682] RX< [4] [cam] [704414][qpc0][qpc_core_exception_check:411]int
[01:48:37.279] RX< erp not finish in sof, fid: 8531
[01:48:37.279] RX< [4] [cam] [704441][qpc0][qpc_core_exception_check:405]discontinuous frame, now: 8533, last: 8531
[01:48:37.279] RX< [34m[AE] fid=8550,exp=10000,adg=257,Y=4742,mtg=180,shg=118,bgbv=1654,iso=257,cnv2,hdr0
[01:48:37.279] RX< [0m[34m[b_ae0 proc] perf=1072(us), m
[01:48:37.708] RX< ax=1074(us)!
[01:48:37.708] RX< [0m[34m[awb0 proc] perf=3847(us), max=3891(us)!
[01:48:37.708] RX< [0m[RTMP] f_index = 8550, f_len = 11928
[01:48:37.708] RX< [7] [cam] [705364][me0][me_core_thread:359]ME out fid 8550
[01:48:37.708] RX< [4] [cam] [705410][qpc0][qpc_core_exception_check:411]interp not finish in sof, fid: 8561
[01:48:37.708] RX< [4
[01:48:38.681] RX< ] [cam] [705441][qpc0][qpc_core_exception_check:405]discontinuous frame, now: 8563, last: 8561
[01:48:38.681] RX< [34m[AE] fid=8580,exp=10000,adg=257,Y=4735,mtg=180,shg=118,bgbv=1650,iso=257,cnv2,hdr0
[01:48:38.681] RX< [0m[7] [cam] [706364][me0][me_core_thread:359]ME out fid 8580
[01:48:38.681] RX< [4] [cam] 
[01:48:39.275] RX< [706413][qpc0][qpc_core_exception_check:411]interp not finish in sof, fid: 8591
[01:48:39.275] RX< [4] [cam] [706441][qpc0][qpc_core_exception_check:405]discontinuous frame, now: 8593, last: 8591
[01:48:39.275] RX< [34m[AE] fid=8610,exp=10000,adg=257,Y=4728,mtg=180,shg=118,bgbv=1650,iso=257,c
[01:48:40.280] RX< nv2,hdr0
[01:48:40.280] RX< [0m[7] [cam] [707363][me0][me_core_thread:359]ME out fid 8610
[01:48:40.280] RX< [4] [cam] [707441][qpc0][qpc_core_exception_check:405]discontinuous frame, now: 8623, last: 8621
[01:48:40.280] RX< [34m[AE] fid=8640,exp=10000,adg=257,Y=4740,mtg=180,shg=118,bgbv=1654,iso=257,cnv2,hdr0
[01:48:40.615] RX< 
[01:48:40.615] RX< [0m[34m[b_ae0 proc] perf=890(us), max=4041(us)!
[01:48:40.615] RX< [0m[34m[awb0 proc] perf=3794(us), max=4585(us)!
[01:48:40.615] RX< [0m[34m[ME INTP]fid=8640, shutter=10000, perf=6(us), max=3459(us)!
[01:48:40.615] RX< [0m[RTMP] f_index = 8640, f_len = 11874
[01:48:40.615] RX< [7] [cam] [708363][me0][me_core_thread:359]M
[01:48:41.275] RX< E out fid 8640
[01:48:41.275] RX< [4] [cam] [708407][qpc0][qpc_core_exception_check:411]interp not finish in sof, fid: 8651
[01:48:41.275] RX< [4] [cam] [708441][qpc0][qpc_core_exception_check:405]discontinuous frame, now: 8653, last: 8651
[01:48:41.275] RX< [34m[AE] fid=8670,exp=10000,adg=257,Y=4733,mtg=180,sh
[01:48:42.275] RX< g=118,bgbv=1650,iso=257,cnv2,hdr0
[01:48:42.275] RX< [0m[7] [cam] [709363][me0][me_core_thread:359]ME out fid 8670
[01:48:42.275] RX< [4] [cam] [709441][qpc0][qpc_core_exception_check:405]discontinuous frame, now: 8683, last: 8681
[01:48:42.275] RX< [34m[AE] fid=8700,exp=10000,adg=257,Y=4724,mtg=180,shg=118,bg
[01:48:42.707] RX< bv=1646,iso=257,cnv2,hdr0
[01:48:42.707] RX< [0m[7] [cam] [710363][me0][me_core_thread:359]ME out fid 8700
[01:48:42.707] RX< [4] [cam] [710410][qpc0][qpc_core_exception_check:411]interp not finish in sof, fid: 8711
[01:48:42.707] RX< [4] [cam] [710441][qpc0][qpc_core_exception_check:405]discontinuous frame, no
[01:48:43.617] RX< w: 8713, last: 8711
[01:48:43.617] RX< [34m[AE] fid=8730,exp=10000,adg=257,Y=4730,mtg=180,shg=118,bgbv=1650,iso=257,cnv2,hdr0
[01:48:43.617] RX< [0m[34m[b_ae0 proc] perf=971(us), max=3960(us)!
[01:48:43.617] RX< [0m[34m[awb0 proc] perf=3834(us), max=3930(us)!
[01:48:43.617] RX< [0m[RTMP] f_index = 8730, f_len = 7427
[01:48:43.617] RX< [7] [ca
[01:48:44.374] RX< m] [711363][me0][me_core_thread:359]ME out fid 8730
[01:48:44.374] RX< [4] [cam] [711440][qpc0][qpc_core_exception_check:405]discontinuous frame, now: 8743, last: 8741
[01:48:44.374] RX< [34m[AE] fid=8760,exp=10000,adg=257,Y=4736,mtg=180,shg=118,bgbv=1650,iso=257,cnv2,hdr0
[01:48:44.374] RX< [0m[34m[ME INTP]f
[01:48:45.626] RX< id=8760, shutter=10000, perf=405(us), max=4988(us)!
[01:48:45.626] RX< [0m[7] [cam] [712363][me0][me_core_thread:359]ME out fid 8760
[01:48:45.626] RX< [34m[AE] fid=8790,exp=10000,adg=257,Y=4736,mtg=180,shg=118,bgbv=1650,iso=257,cnv2,hdr0
[01:48:45.626] RX< [0m[7] [cam] [713363][me0][me_core_thread:359]ME out
[01:48:46.278] RX<  fid 8790
[01:48:46.278] RX< [RTMP] slow send frame 8791 len=96750 dt=69ms (IDR)
[01:48:46.278] RX< [34m[AE] fid=8820,exp=10000,adg=257,Y=4747,mtg=180,shg=118,bgbv=1654,iso=257,cnv2,hdr0
[01:48:46.278] RX< [0m[34m[b_ae0 proc] perf=1069(us), max=3369(us)!
[01:48:46.278] RX< [0m[34m[awb0 proc] perf=3798(us), max=5729(us)!
[01:48:46.278] RX< [0m
[01:48:47.273] RX< [RTMP] f_index = 8820, f_len = 19497
[01:48:47.273] RX< [7] [cam] [714363][me0][me_core_thread:359]ME out fid 8820
[01:48:47.273] RX< [4] [cam] [714440][qpc0][qpc_core_exception_check:405]discontinuous frame, now: 8833, last: 8831
[01:48:47.273] RX< [34m[AE] fid=8850,exp=10000,adg=257,Y=4734,mtg=180,shg=118,bgb
[01:48:47.707] RX< v=1650,iso=257,cnv2,hdr0
[01:48:47.707] RX< [0m[7] [cam] [715362][me0][me_core_thread:359]ME out fid 8850
[01:48:47.707] RX< [4] [cam] [715409][qpc0][qpc_core_exception_check:411]interp not finish in sof, fid: 8861
[01:48:47.707] RX< [4] [cam] [715440][qpc0][qpc_core_exception_check:405]discontinuous frame, now
[01:48:48.677] RX< : 8863, last: 8861
[01:48:48.677] RX< [34m[AE] fid=8880,exp=10040,adg=257,Y=4746,mtg=180,shg=118,bgbv=1652,iso=257,cnv2,hdr0
[01:48:48.677] RX< [0m[34m[ME INTP]fid=8880, shutter=10040, perf=6(us), max=15907(us)!
[01:48:48.677] RX< [0m[7] [cam] [716362][me0][me_core_thread:359]ME out fid 8880
[01:48:48.677] RX< [4] [cam] [71641
[01:48:49.278] RX< 0][qpc0][qpc_core_exception_check:411]interp not finish in sof, fid: 8891
[01:48:49.278] RX< [4] [cam] [716440][qpc0][qpc_core_exception_check:405]discontinuous frame, now: 8893, last: 8891
[01:48:49.278] RX< [34m[AE] fid=8910,exp=10040,adg=257,Y=4737,mtg=180,shg=118,bgbv=1648,iso=257,cnv2,hd
[01:48:49.708] RX< r0
[01:48:49.708] RX< [0m[34m[b_ae0 proc] perf=957(us), max=3536(us)!
[01:48:49.708] RX< [0m[34m[awb0 proc] perf=3802(us), max=4842(us)!
[01:48:49.708] RX< [0m[RTMP] f_index = 8910, f_len = 7771
[01:48:49.708] RX< [7] [cam] [717362][me0][me_core_thread:359]ME out fid 8910
[01:48:49.708] RX< [4] [cam] [717440][qpc0][qpc_core_exception_check:405
[01:48:50.682] RX< ]discontinuous frame, now: 8923, last: 8921
[01:48:50.682] RX< [34m[AE] fid=8940,exp=10040,adg=257,Y=4742,mtg=180,shg=118,bgbv=1652,iso=257,cnv2,hdr0
[01:48:50.682] RX< [0m[7] [cam] [718382][me0][me_core_thread:359]ME out fid 8940
[01:48:50.682] RX< [4] [cam] [718415][qpc0][qpc_core_exception_check:411]interp 
[01:48:51.626] RX< not finish in sof, fid: 8951
[01:48:51.626] RX< [4] [cam] [718440][qpc0][qpc_core_exception_check:405]discontinuous frame, now: 8953, last: 8951
[01:48:51.626] RX< [34m[AE] fid=8970,exp=10040,adg=257,Y=4733,mtg=180,shg=118,bgbv=1648,iso=257,cnv2,hdr0
[01:48:51.626] RX< [0m[7] [cam] [719362][me0][me_core_thread
[01:48:52.277] RX< :359]ME out fid 8970
[01:48:52.277] RX< [4] [cam] [719439][qpc0][qpc_core_exception_check:405]discontinuous frame, now: 8983, last: 8981
[01:48:52.277] RX< [34m[AE] fid=9000,exp=10040,adg=257,Y=4708,mtg=180,shg=118,bgbv=1640,iso=257,cnv2,hdr0
[01:48:52.277] RX< [0m[34m[b_ae0 proc] perf=973(us), max=3436(us)!
[01:48:52.673] RX< 
[01:48:52.673] RX< [0m[34m[awb0 proc] perf=3799(us), max=4218(us)!
[01:48:52.673] RX< [0m[34m[ME INTP]fid=9000, shutter=10040, perf=6(us), max=32727(us)!
[01:48:52.673] RX< [0m[RTMP] f_index = 9000, f_len = 7854
[01:48:52.673] RX< [7] [cam] [720362][me0][me_core_thread:359]ME out fid 9000
[01:48:52.673] RX< [4] [cam] [720406][qpc0][qpc_core_ex
[01:48:53.625] RX< ception_check:411]interp not finish in sof, fid: 9011
[01:48:53.625] RX< [4] [cam] [720439][qpc0][qpc_core_exception_check:405]discontinuous frame, now: 9013, last: 9011
[01:48:53.625] RX< [34m[AE] fid=9030,exp=10040,adg=257,Y=4737,mtg=180,shg=118,bgbv=1648,iso=257,cnv2,hdr0
[01:48:53.625] RX< [0m[7] [cam] [72
[01:48:54.624] RX< 1362][me0][me_core_thread:359]ME out fid 9030
[01:48:54.624] RX< [4] [cam] [721439][qpc0][qpc_core_exception_check:405]discontinuous frame, now: 9043, last: 9041
[01:48:54.624] RX< [34m[AE] fid=9060,exp=10040,adg=257,Y=4742,mtg=180,shg=118,bgbv=1652,iso=257,cnv2,hdr0
[01:48:54.624] RX< [0m[7] [cam] [722361][me
[01:48:55.277] RX< 0][me_core_thread:359]ME out fid 9060
[01:48:55.277] RX< [4] [cam] [722439][qpc0][qpc_core_exception_check:405]discontinuous frame, now: 9073, last: 9071
[01:48:55.277] RX< [34m[AE] fid=9090,exp=10040,adg=257,Y=4742,mtg=180,shg=118,bgbv=1652,iso=257,cnv2,hdr0
[01:48:55.277] RX< [0m[34m[b_ae0 proc] perf=1077(u
[01:48:55.706] RX< s), max=4244(us)!
[01:48:55.706] RX< [0m[34m[awb0 proc] perf=3700(us), max=4816(us)!
[01:48:55.706] RX< [0m[RTMP] f_index = 9090, f_len = 7628
[01:48:55.706] RX< [7] [cam] [723361][me0][me_core_thread:359]ME out fid 9090
[01:48:55.706] RX< [34m[awb0 proc] perf=6471(us), max=6471(us)!
[01:48:55.706] RX< [0m[4] [cam] [723439][qpc0][qpc_core_exce
[01:48:56.628] RX< ption_check:405]discontinuous frame, now: 9103, last: 9101
[01:48:56.628] RX< [34m[AE] fid=9120,exp=10040,adg=257,Y=4736,mtg=180,shg=118,bgbv=1648,iso=257,cnv2,hdr0
[01:48:56.628] RX< [0m[34m[ME INTP]fid=9120, shutter=10040, perf=6(us), max=6870(us)!
[01:48:56.628] RX< [0m[7] [cam] [724361][me0][me_core_thre
[01:48:57.271] RX< ad:359]ME out fid 9120
[01:48:57.271] RX< [4] [cam] [724410][qpc0][qpc_core_exception_check:411]interp not finish in sof, fid: 9131
[01:48:57.271] RX< [4] [cam] [724439][qpc0][qpc_core_exception_check:405]discontinuous frame, now: 9133, last: 9131
[01:48:57.271] RX< [34m[AE] fid=9150,exp=10040,adg=257,Y=4742,mt
[01:48:58.276] RX< g=180,shg=118,bgbv=1652,iso=257,cnv2,hdr0
[01:48:58.276] RX< [0m[7] [cam] [725361][me0][me_core_thread:359]ME out fid 9150
[01:48:58.276] RX< [4] [cam] [725439][qpc0][qpc_core_exception_check:405]discontinuous frame, now: 9163, last: 9161
[01:48:58.276] RX< [34m[AE] fid=9180,exp=10040,adg=257,Y=4737,mtg=180,sh
[01:48:58.673] RX< g=118,bgbv=1648,iso=257,cnv2,hdr0
[01:48:58.673] RX< [0m[34m[b_ae0 proc] perf=959(us), max=4610(us)!
[01:48:58.673] RX< [0m[34m[awb0 proc] perf=3802(us), max=6471(us)!
[01:48:58.673] RX< [0m[RTMP] f_index = 9180, f_len = 19055
[01:48:58.673] RX< [7] [cam] [726361][me0][me_core_thread:359]ME out fid 9180
[01:48:58.673] RX< [4] [cam] [726406][qp
[01:48:59.271] RX< c0][qpc_core_exception_check:411]interp not finish in sof, fid: 9191
[01:48:59.271] RX< [4] [cam] [726439][qpc0][qpc_core_exception_check:405]discontinuous frame, now: 9193, last: 9191
[01:48:59.271] RX< [34m[AE] fid=9210,exp=10040,adg=257,Y=4734,mtg=180,shg=118,bgbv=1648,iso=257,cnv2,hdr0
[01:48:59.271] RX< [
[01:49:00.271] RX< 0m[7] [cam] [727361][me0][me_core_thread:359]ME out fid 9210
[01:49:00.271] RX< [34m[awb0 proc] perf=6338(us), max=6338(us)!
[01:49:00.271] RX< [0m[4] [cam] [727438][qpc0][qpc_core_exception_check:405]discontinuous frame, now: 9223, last: 9221
[01:49:00.271] RX< [34m[AE] fid=9240,exp=10040,adg=257,Y=4732,mtg=
[01:49:00.676] RX< 180,shg=118,bgbv=1648,iso=257,cnv2,hdr0
[01:49:00.676] RX< [0m[34m[ME INTP]fid=9240, shutter=10040, perf=6(us), max=3751(us)!
[01:49:00.676] RX< [0m[7] [cam] [728361][me0][me_core_thread:359]ME out fid 9240
[01:49:00.676] RX< [4] [cam] [728410][qpc0][qpc_core_exception_check:411]interp not finish in sof, fid:
[01:49:01.278] RX<  9251
[01:49:01.278] RX< [4] [cam] [728439][qpc0][qpc_core_exception_check:405]discontinuous frame, now: 9253, last: 9251
[01:49:01.278] RX< [34m[AE] fid=9270,exp=10040,adg=257,Y=4739,mtg=180,shg=118,bgbv=1652,iso=257,cnv2,hdr0
[01:49:01.278] RX< [0m[34m[b_ae0 proc] perf=966(us), max=1757(us)!
[01:49:01.278] RX< [0m[34m[awb0
[01:49:01.704] RX<  proc] perf=3839(us), max=6338(us)!
[01:49:01.704] RX< [0m[RTMP] f_index = 9270, f_len = 7786
[01:49:01.704] RX< [7] [cam] [729360][me0][me_core_thread:359]ME out fid 9270
[01:49:01.704] RX< [4] [cam] [729411][qpc0][qpc_core_exception_check:411]interp not finish in sof, fid: 9281
[01:49:01.704] RX< [4] [cam] [729438][qpc0][qpc_co
[01:49:02.704] RX< re_exception_check:405]discontinuous frame, now: 9283, last: 9281
[01:49:02.704] RX< [34m[AE] fid=9300,exp=10040,adg=257,Y=4737,mtg=180,shg=118,bgbv=1648,iso=257,cnv2,hdr0
[01:49:02.704] RX< [0m[7] [cam] [730360][me0][me_core_thread:359]ME out fid 9300
[01:49:02.704] RX< [4] [cam] [730438][qpc0][qpc_core_excep
[01:49:03.676] RX< tion_check:405]discontinuous frame, now: 9313, last: 9311
[01:49:03.676] RX< [34m[AE] fid=9330,exp=10040,adg=257,Y=4737,mtg=180,shg=118,bgbv=1648,iso=257,cnv2,hdr0
[01:49:03.676] RX< [0m[7] [cam] [731360][me0][me_core_thread:359]ME out fid 9330
[01:49:03.676] RX< [4] [cam] [731409][qpc0][qpc_core_exception_che
[01:49:04.275] RX< ck:411]interp not finish in sof, fid: 9341
[01:49:04.275] RX< [4] [cam] [731438][qpc0][qpc_core_exception_check:405]discontinuous frame, now: 9343, last: 9341
[01:49:04.275] RX< [34m[AE] fid=9360,exp=10040,adg=257,Y=4735,mtg=180,shg=118,bgbv=1648,iso=257,cnv2,hdr0
[01:49:04.275] RX< [0m[34m[b_ae0 proc] perf=9
[01:49:04.682] RX< 55(us), max=3550(us)!
[01:49:04.682] RX< [0m[34m[awb0 proc] perf=3688(us), max=4232(us)!
[01:49:04.682] RX< [0m[34m[ME INTP]fid=9360, shutter=10040, perf=6(us), max=2998(us)!
[01:49:04.682] RX< [0m[RTMP] f_index = 9360, f_len = 12084
[01:49:04.682] RX< [7] [cam] [732360][me0][me_core_thread:359]ME out fid 9360
[01:49:04.682] RX< [4] [cam] [732
[01:49:05.270] RX< 414][qpc0][qpc_core_exception_check:411]interp not finish in sof, fid: 9371
[01:49:05.270] RX< [4] [cam] [732438][qpc0][qpc_core_exception_check:405]discontinuous frame, now: 9373, last: 9371
[01:49:05.270] RX< [34m[AE] fid=9390,exp=10040,adg=257,Y=4735,mtg=180,shg=118,bgbv=1648,iso=257,cnv2,
[01:49:06.275] RX< hdr0
[01:49:06.275] RX< [0m[7] [cam] [733360][me0][me_core_thread:359]ME out fid 9390
[01:49:06.275] RX< [4] [cam] [733437][qpc0][qpc_core_exception_check:405]discontinuous frame, now: 9403, last: 9401
[01:49:06.275] RX< [34m[AE] fid=9420,exp=10040,adg=257,Y=4737,mtg=180,shg=118,bgbv=1648,iso=257,cnv2,hdr0
[01:49:06.275] RX< [0
[01:49:07.276] RX< m[7] [cam] [734360][me0][me_core_thread:359]ME out fid 9420
[01:49:07.276] RX< [4] [cam] [734436][qpc0][qpc_core_exception_check:405]discontinuous frame, now: 9433, last: 9431
[01:49:07.276] RX< [34m[AE] fid=9450,exp=10040,adg=257,Y=4737,mtg=180,shg=118,bgbv=1648,iso=257,cnv2,hdr0
[01:49:07.276] RX< [0m[34m[b
[01:49:07.677] RX< _ae0 proc] perf=957(us), max=3953(us)!
[01:49:07.677] RX< [0m[34m[awb0 proc] perf=3858(us), max=5289(us)!
[01:49:07.677] RX< [0m[RTMP] f_index = 9450, f_len = 11606
[01:49:07.677] RX< [7] [cam] [735360][me0][me_core_thread:359]ME out fid 9450
[01:49:07.677] RX< [4] [cam] [735410][qpc0][qpc_core_exception_check:411]interp not f
[01:49:08.370] RX< inish in sof, fid: 9461
[01:49:08.370] RX< [4] [cam] [735437][qpc0][qpc_core_exception_check:405]discontinuous frame, now: 9463, last: 9461
[01:49:08.370] RX< [34m[AE] fid=9480,exp=10040,adg=257,Y=4739,mtg=180,shg=118,bgbv=1652,iso=257,cnv2,hdr0
[01:49:08.370] RX< [0m[34m[ME INTP]fid=9480, shutter=10040, perf
[01:49:09.270] RX< =6(us), max=4153(us)!
[01:49:09.270] RX< [0m[7] [cam] [736360][me0][me_core_thread:359]ME out fid 9480
[01:49:09.270] RX< [4] [cam] [736437][qpc0][qpc_core_exception_check:405]discontinuous frame, now: 9493, last: 9491
[01:49:09.270] RX< [34m[AE] fid=9510,exp=10040,adg=257,Y=4744,mtg=180,shg=118,bgbv=1652,iso=
[01:49:09.704] RX< 257,cnv2,hdr0
[01:49:09.704] RX< [0m[7] [cam] [737359][me0][me_core_thread:359]ME out fid 9510
[01:49:09.704] RX< [4] [cam] [737411][qpc0][qpc_core_exception_check:411]interp not finish in sof, fid: 9521
[01:49:09.704] RX< [4] [cam] [737437][qpc0][qpc_core_exception_check:405]discontinuous frame, now: 9523, las
[01:49:10.611] RX< t: 9521
[01:49:10.611] RX< [34m[AE] fid=9540,exp=10040,adg=257,Y=4737,mtg=180,shg=118,bgbv=1648,iso=257,cnv2,hdr0
[01:49:10.611] RX< [0m[34m[b_ae0 proc] perf=973(us), max=4385(us)!
[01:49:10.611] RX< [0m[34m[awb0 proc] perf=3845(us), max=3936(us)!
[01:49:10.611] RX< [0m[RTMP] f_index = 9540, f_len = 7814
[01:49:10.611] RX< [7] [cam] [738359][
[01:49:11.622] RX< me0][me_core_thread:359]ME out fid 9540
[01:49:11.622] RX< [4] [cam] [738437][qpc0][qpc_core_exception_check:405]discontinuous frame, now: 9553, last: 9551
[01:49:11.622] RX< [34m[AE] fid=9570,exp=10040,adg=257,Y=4747,mtg=180,shg=118,bgbv=1652,iso=257,cnv2,hdr0
[01:49:11.622] RX< [0m[7] [cam] [739359][me0][me_
[01:49:12.269] RX< core_thread:359]ME out fid 9570
[01:49:12.269] RX< [4] [cam] [739410][qpc0][qpc_core_exception_check:411]interp not finish in sof, fid: 9581
[01:49:12.269] RX< [4] [cam] [739437][qpc0][qpc_core_exception_check:405]discontinuous frame, now: 9583, last: 9581
[01:49:12.269] RX< [34m[AE] fid=9600,exp=10040,adg=257,
[01:49:12.703] RX< Y=4738,mtg=180,shg=118,bgbv=1652,iso=257,cnv2,hdr0
[01:49:12.703] RX< [0m[34m[ME INTP]fid=9600, shutter=10040, perf=6(us), max=19642(us)!
[01:49:12.703] RX< [0m[7] [cam] [740359][me0][me_core_thread:359]ME out fid 9600
[01:49:12.703] RX< [4] [cam] [740436][qpc0][qpc_core_exception_check:405]discontinuous fram
[01:49:13.611] RX< e, now: 9613, last: 9611
[01:49:13.611] RX< [34m[AE] fid=9630,exp=10040,adg=257,Y=4740,mtg=180,shg=118,bgbv=1652,iso=257,cnv2,hdr0
[01:49:13.611] RX< [0m[34m[b_ae0 proc] perf=956(us), max=1155(us)!
[01:49:13.611] RX< [0m[34m[awb0 proc] perf=3683(us), max=4249(us)!
[01:49:13.611] RX< [0m[RTMP] f_index = 9630, f_len = 7639
[01:49:13.611] RX< [7
[01:49:14.622] RX< ] [cam] [741359][me0][me_core_thread:359]ME out fid 9630
[01:49:14.622] RX< [4] [cam] [741436][qpc0][qpc_core_exception_check:405]discontinuous frame, now: 9643, last: 9641
[01:49:14.622] RX< [34m[AE] fid=9660,exp=10040,adg=257,Y=4738,mtg=180,shg=118,bgbv=1652,iso=257,cnv2,hdr0
[01:49:14.622] RX< [0m[7] [cam] 
[01:49:15.269] RX< [742359][me0][me_core_thread:359]ME out fid 9660
[01:49:15.269] RX< [4] [cam] [742406][qpc0][qpc_core_exception_check:411]interp not finish in sof, fid: 9671
[01:49:15.269] RX< [4] [cam] [742436][qpc0][qpc_core_exception_check:405]discontinuous frame, now: 9673, last: 9671
[01:49:15.269] RX< [34m[AE] fid=9690,e
[01:49:16.274] RX< xp=10040,adg=257,Y=4734,mtg=180,shg=118,bgbv=1648,iso=257,cnv2,hdr0
[01:49:16.274] RX< [0m[7] [cam] [743359][me0][me_core_thread:359]ME out fid 9690
[01:49:16.274] RX< [4] [cam] [743436][qpc0][qpc_core_exception_check:405]discontinuous frame, now: 9703, last: 9701
[01:49:16.274] RX< [34m[AE] fid=9720,exp=10040
[01:49:16.594] RX< ,adg=257,Y=4737,mtg=180,shg=118,bgbv=1648,iso=257,cnv2,hdr0
[01:49:16.594] RX< [0m[34m[b_ae0 proc] perf=1062(us), max=4953(us)!
[01:49:16.594] RX< [0m[34m[awb0 proc] perf=3796(us), max=3912(us)!
[01:49:16.594] RX< [0m[34m[ME INTP]fid=9720, shutter=10040, perf=6(us), max=1372(us)!
[01:49:16.594] RX< [0m[RTMP] f_index = 9720
[01:49:16.702] RX< , f_len = 7405
[01:49:16.702] RX< [7] [cam] [744358][me0][me_core_thread:359]ME out fid 9720
[01:49:16.702] RX< [4] [cam] [744406][qpc0][qpc_core_exception_check:411]interp not finish in sof, fid: 9731
[01:49:16.702] RX< [4] [cam] [744437][qpc0][qpc_core_exception_check:405]discontinuous frame, now: 9733, last: 
[01:49:17.702] RX< 9731
[01:49:17.702] RX< [34m[AE] fid=9750,exp=10040,adg=257,Y=4733,mtg=180,shg=118,bgbv=1648,iso=257,cnv2,hdr0
[01:49:17.702] RX< [0m[7] [cam] [745358][me0][me_core_thread:359]ME out fid 9750
[01:49:17.702] RX< [4] [cam] [745405][qpc0][qpc_core_exception_check:411]interp not finish in sof, fid: 9761
[01:49:17.702] RX< [4] [cam] 
[01:49:18.702] RX< [745436][qpc0][qpc_core_exception_check:405]discontinuous frame, now: 9763, last: 9761
[01:49:18.702] RX< [34m[AE] fid=9780,exp=10040,adg=257,Y=4736,mtg=180,shg=118,bgbv=1648,iso=257,cnv2,hdr0
[01:49:18.702] RX< [0m[7] [cam] [746358][me0][me_core_thread:359]ME out fid 9780
[01:49:18.702] RX< [4] [cam] [746436]
[01:49:19.273] RX< [qpc0][qpc_core_exception_check:405]discontinuous frame, now: 9793, last: 9791
[01:49:19.273] RX< [34m[AE] fid=9810,exp=10040,adg=257,Y=4718,mtg=180,shg=118,bgbv=1644,iso=257,cnv2,hdr0
[01:49:19.273] RX< [0m[34m[b_ae0 proc] perf=979(us), max=3892(us)!
[01:49:19.273] RX< [0m[34m[awb0 proc] perf=3805(us), ma
[01:49:20.268] RX< x=4732(us)!
[01:49:20.268] RX< [0m[RTMP] f_index = 9810, f_len = 20013
[01:49:20.268] RX< [7] [cam] [747358][me0][me_core_thread:359]ME out fid 9810
[01:49:20.268] RX< [4] [cam] [747435][qpc0][qpc_core_exception_check:405]discontinuous frame, now: 9823, last: 9821
[01:49:20.268] RX< [34m[AE] fid=9840,exp=10040,adg=257,Y=4716,mtg
[01:49:20.669] RX< =180,shg=118,bgbv=1644,iso=257,cnv2,hdr0
[01:49:20.669] RX< [0m[34m[ME INTP]fid=9840, shutter=10040, perf=5(us), max=3137(us)!
[01:49:20.669] RX< [0m[7] [cam] [748358][me0][me_core_thread:359]ME out fid 9840
[01:49:20.669] RX< [4] [cam] [748404][qpc0][qpc_core_exception_check:411]interp not finish in sof, fid
[01:49:21.671] RX< : 9851
[01:49:21.671] RX< [4] [cam] [748435][qpc0][qpc_core_exception_check:405]discontinuous frame, now: 9853, last: 9851
[01:49:21.671] RX< [34m[AE] fid=9870,exp=10040,adg=257,Y=4711,mtg=180,shg=118,bgbv=1640,iso=257,cnv2,hdr0
[01:49:21.671] RX< [0m[7] [cam] [749358][me0][me_core_thread:359]ME out fid 9870
[01:49:21.671] RX< [
[01:49:22.273] RX< 4] [cam] [749405][qpc0][qpc_core_exception_check:411]interp not finish in sof, fid: 9881
[01:49:22.273] RX< [4] [cam] [749435][qpc0][qpc_core_exception_check:405]discontinuous frame, now: 9883, last: 9881
[01:49:22.273] RX< [34m[AE] fid=9900,exp=10040,adg=257,Y=4721,mtg=180,shg=118,bgbv=1644,
[01:49:22.702] RX< iso=257,cnv2,hdr0
[01:49:22.702] RX< [0m[34m[b_ae0 proc] perf=884(us), max=3935(us)!
[01:49:22.702] RX< [0m[34m[awb0 proc] perf=3689(us), max=4592(us)!
[01:49:22.702] RX< [0m[RTMP] f_index = 9900, f_len = 18549
[01:49:22.702] RX< [7] [cam] [750358][me0][me_core_thread:359]ME out fid 9900
[01:49:22.702] RX< [4] [cam] [750435][qpc0][qpc_core_exc
[01:49:24.268] RX< eption_check:405]discontinuous frame, now: 9913, last: 9911
[01:49:24.268] RX< [34m[AE] fid=9930,exp=10040,adg=257,Y=4723,mtg=180,shg=118,bgbv=1644,iso=257,cnv2,hdr0
[01:49:24.268] RX< [0m[7] [cam] [751357][me0][me_core_thread:359]ME out fid 9930
[01:49:24.268] RX< [34m[AE] fid=9960,exp=10040,adg=257,Y=4723,m
[01:49:24.701] RX< tg=180,shg=118,bgbv=1644,iso=257,cnv2,hdr0
[01:49:24.701] RX< [0m[34m[ME INTP]fid=9960, shutter=10040, perf=253(us), max=2096(us)!
[01:49:24.701] RX< [0m[7] [cam] [752357][me0][me_core_thread:359]ME out fid 9960
[01:49:24.701] RX< [4] [cam] [752435][qpc0][qpc_core_exception_check:405]discontinuous frame, now:
[01:49:25.608] RX<  9973, last: 9971
[01:49:25.608] RX< [34m[AE] fid=9990,exp=10040,adg=257,Y=4719,mtg=180,shg=118,bgbv=1644,iso=257,cnv2,hdr0
[01:49:25.608] RX< [0m[34m[b_ae0 proc] perf=896(us), max=4514(us)!
[01:49:25.608] RX< [0m[34m[awb0 proc] perf=3784(us), max=4226(us)!
[01:49:25.608] RX< [0m[RTMP] f_index = 9990, f_len = 19718
[01:49:25.608] RX< [7] [cam
[01:49:26.267] RX< ] [753357][me0][me_core_thread:359]ME out fid 9990
[01:49:26.267] RX< [4] [cam] [753408][qpc0][qpc_core_exception_check:411]interp not finish in sof, fid: 10001
[01:49:26.267] RX< [4] [cam] [753435][qpc0][qpc_core_exception_check:405]discontinuous frame, now: 10003, last: 10001
[01:49:26.267] RX< [34m[AE] fid=1
[01:49:26.700] RX< 0020,exp=10040,adg=257,Y=4721,mtg=180,shg=118,bgbv=1644,iso=257,cnv2,hdr0
[01:49:26.700] RX< [0m[7] [cam] [754357][me0][me_core_thread:359]ME out fid 10020
[01:49:26.700] RX< [4] [cam] [754405][qpc0][qpc_core_exception_check:411]interp not finish in sof, fid: 10031
[01:49:26.700] RX< [4] [cam] [754435][qpc0][qp
[01:49:27.700] RX< c_core_exception_check:405]discontinuous frame, now: 10033, last: 10031
[01:49:27.700] RX< [34m[AE] fid=10050,exp=10040,adg=257,Y=4719,mtg=180,shg=118,bgbv=1644,iso=257,cnv2,hdr0
[01:49:27.700] RX< [0m[7] [cam] [755357][me0][me_core_thread:359]ME out fid 10050
[01:49:27.700] RX< [4] [cam] [755434][qpc0][qpc_co
[01:49:28.271] RX< re_exception_check:405]discontinuous frame, now: 10063, last: 10061
[01:49:28.271] RX< [34m[AE] fid=10080,exp=10040,adg=257,Y=4723,mtg=180,shg=118,bgbv=1644,iso=257,cnv2,hdr0
[01:49:28.271] RX< [0m[34m[b_ae0 proc] perf=939(us), max=3608(us)!
[01:49:28.271] RX< [0m[34m[awb0 proc] perf=3791(us), max=4102(us)
[01:49:28.701] RX< !
[01:49:28.701] RX< [0m[34m[ME INTP]fid=10080, shutter=10040, perf=2518(us), max=19055(us)!
[01:49:28.701] RX< [0m[RTMP] f_index = 10080, f_len = 29604
[01:49:28.701] RX< [7] [cam] [756357][me0][me_core_thread:359]ME out fid 10080
[01:49:28.701] RX< [4] [cam] [756435][qpc0][qpc_core_exception_check:405]discontinuous frame, now
[01:49:29.672] RX< : 10093, last: 10091
[01:49:29.672] RX< [34m[AE] fid=10110,exp=10040,adg=257,Y=4727,mtg=180,shg=118,bgbv=1648,iso=257,cnv2,hdr0
[01:49:29.672] RX< [0m[7] [cam] [757357][me0][me_core_thread:359]ME out fid 10110
[01:49:29.672] RX< [4] [cam] [757405][qpc0][qpc_core_exception_check:411]interp not finish in sof, fi
[01:49:30.619] RX< d: 10121
[01:49:30.619] RX< [4] [cam] [757435][qpc0][qpc_core_exception_check:405]discontinuous frame, now: 10123, last: 10121
[01:49:30.619] RX< [34m[AE] fid=10140,exp=10040,adg=257,Y=4737,mtg=180,shg=118,bgbv=1648,iso=257,cnv2,hdr0
[01:49:30.619] RX< [0m[7] [cam] [758357][me0][me_core_thread:359]ME out fid 1
[01:49:31.272] RX< 0140
[01:49:31.272] RX< [4] [cam] [758409][qpc0][qpc_core_exception_check:411]interp not finish in sof, fid: 10151
[01:49:31.272] RX< [4] [cam] [758434][qpc0][qpc_core_exception_check:405]discontinuous frame, now: 10153, last: 10151
[01:49:31.272] RX< [34m[AE] fid=10170,exp=10040,adg=257,Y=4737,mtg=180,shg=118,
[01:49:31.675] RX< bgbv=1648,iso=257,cnv2,hdr0
[01:49:31.675] RX< [0m[34m[b_ae0 proc] perf=881(us), max=1075(us)!
[01:49:31.675] RX< [0m[34m[awb0 proc] perf=3676(us), max=4662(us)!
[01:49:31.675] RX< [0m[RTMP] f_index = 10170, f_len = 19025
[01:49:31.675] RX< [7] [cam] [759356][me0][me_core_thread:359]ME out fid 10170
[01:49:31.675] RX< [4] [cam] [759410][qpc0][
[01:49:32.265] RX< qpc_core_exception_check:411]interp not finish in sof, fid: 10181
[01:49:32.265] RX< [4] [cam] [759434][qpc0][qpc_core_exception_check:405]discontinuous frame, now: 10183, last: 10181
[01:49:32.265] RX< [34m[AE] fid=10200,exp=10040,adg=257,Y=4741,mtg=180,shg=118,bgbv=1652,iso=257,cnv2,hdr0
[01:49:32.265] RX< [
[01:49:33.265] RX< 0m[34m[ME INTP]fid=10200, shutter=10040, perf=6(us), max=25195(us)!
[01:49:33.265] RX< [0m[7] [cam] [760356][me0][me_core_thread:359]ME out fid 10200
[01:49:33.265] RX< [4] [cam] [760433][qpc0][qpc_core_exception_check:405]discontinuous frame, now: 10213, last: 10211
[01:49:33.265] RX< [34m[AE] fid=10230,exp=
[01:49:33.699] RX< 10040,adg=257,Y=4739,mtg=180,shg=118,bgbv=1652,iso=257,cnv2,hdr0
[01:49:33.699] RX< [0m[7] [cam] [761356][me0][me_core_thread:359]ME out fid 10230
[01:49:33.699] RX< [4] [cam] [761408][qpc0][qpc_core_exception_check:411]interp not finish in sof, fid: 10241
[01:49:33.699] RX< [4] [cam] [761434][qpc0][qpc_core_ex
[01:49:34.271] RX< ception_check:405]discontinuous frame, now: 10243, last: 10241
[01:49:34.271] RX< [34m[AE] fid=10260,exp=10040,adg=257,Y=4741,mtg=180,shg=118,bgbv=1652,iso=257,cnv2,hdr0
[01:49:34.271] RX< [0m[34m[b_ae0 proc] perf=1089(us), max=1089(us)!
[01:49:34.271] RX< [0m[34m[awb0 proc] perf=3801(us), max=4509(us)!
[01:49:34.271] RX< [
[01:49:35.267] RX< 0m[RTMP] f_index = 10260, f_len = 11939
[01:49:35.267] RX< [7] [cam] [762356][me0][me_core_thread:359]ME out fid 10260
[01:49:35.267] RX< [4] [cam] [762433][qpc0][qpc_core_exception_check:405]discontinuous frame, now: 10273, last: 10271
[01:49:35.267] RX< [34m[AE] fid=10290,exp=10040,adg=257,Y=4748,mtg=180,shg=
[01:49:35.699] RX< 118,bgbv=1652,iso=257,cnv2,hdr0
[01:49:35.699] RX< [0m[7] [cam] [763356][me0][me_core_thread:359]ME out fid 10290
[01:49:35.699] RX< [4] [cam] [763403][qpc0][qpc_core_exception_check:411]interp not finish in sof, fid: 10301
[01:49:35.699] RX< [4] [cam] [763433][qpc0][qpc_core_exception_check:405]discontinuous f
[01:49:36.673] RX< rame, now: 10303, last: 10301
[01:49:36.673] RX< [34m[AE] fid=10320,exp=10040,adg=257,Y=4747,mtg=180,shg=119,bgbv=1652,iso=257,cnv2,hdr0
[01:49:36.673] RX< [0m[34m[ME INTP]fid=10320, shutter=10040, perf=6(us), max=3294(us)!
[01:49:36.673] RX< [0m[7] [cam] [764356][me0][me_core_thread:359]ME out fid 10320
[01:49:36.673] RX< [4]
[01:49:37.270] RX<  [cam] [764408][qpc0][qpc_core_exception_check:411]interp not finish in sof, fid: 10331
[01:49:37.270] RX< [4] [cam] [764433][qpc0][qpc_core_exception_check:405]discontinuous frame, now: 10333, last: 10331
[01:49:37.270] RX< [34m[AE] fid=10350,exp=10040,adg=257,Y=4747,mtg=180,shg=118,bgbv=165
[01:49:37.668] RX< 2,iso=257,cnv2,hdr0
[01:49:37.668] RX< [0m[34m[b_ae0 proc] perf=961(us), max=3990(us)!
[01:49:37.668] RX< [0m[34m[awb0 proc] perf=3779(us), max=5734(us)!
[01:49:37.668] RX< [0m[RTMP] f_index = 10350, f_len = 18610
[01:49:37.668] RX< [7] [cam] [765356][me0][me_core_thread:359]ME out fid 10350
[01:49:37.668] RX< [4] [cam] [765402][qpc0][qpc_core
[01:49:38.617] RX< _exception_check:411]interp not finish in sof, fid: 10361
[01:49:38.617] RX< [4] [cam] [765433][qpc0][qpc_core_exception_check:405]discontinuous frame, now: 10363, last: 10361
[01:49:38.617] RX< [34m[AE] fid=10380,exp=10040,adg=257,Y=4745,mtg=180,shg=118,bgbv=1652,iso=257,cnv2,hdr0
[01:49:38.617] RX< [0m[7] [c
[01:49:39.265] RX< am] [766355][me0][me_core_thread:359]ME out fid 10380
[01:49:39.265] RX< [4] [cam] [766400][qpc0][qpc_core_exception_check:411]interp not finish in sof, fid: 10391
[01:49:39.265] RX< [4] [cam] [766433][qpc0][qpc_core_exception_check:405]discontinuous frame, now: 10393, last: 10391
[01:49:39.265] RX< [34m[AE] fi
[01:49:40.270] RX< d=10410,exp=10040,adg=257,Y=4751,mtg=180,shg=118,bgbv=1655,iso=257,cnv2,hdr0
[01:49:40.270] RX< [0m[7] [cam] [767355][me0][me_core_thread:359]ME out fid 10410
[01:49:40.270] RX< [4] [cam] [767433][qpc0][qpc_core_exception_check:405]discontinuous frame, now: 10423, last: 10421
[01:49:40.270] RX< [34m[AE] fid=10
[01:49:40.589] RX< 440,exp=10040,adg=257,Y=4747,mtg=180,shg=118,bgbv=1652,iso=257,cnv2,hdr0
[01:49:40.589] RX< [0m[34m[b_ae0 proc] perf=961(us), max=3310(us)!
[01:49:40.589] RX< [0m[34m[awb0 proc] perf=3783(us), max=4290(us)!
[01:49:40.589] RX< [0m[34m[ME INTP]fid=10440, shutter=10040, perf=6(us), max=31290(us)!
[01:49:40.589] RX< [0m[RTMP] 
[01:49:41.265] RX< f_index = 10440, f_len = 12096
[01:49:41.265] RX< [7] [cam] [768355][me0][me_core_thread:359]ME out fid 10440
[01:49:41.265] RX< [34m[awb0 proc] perf=7695(us), max=7695(us)!
[01:49:41.265] RX< [0m[4] [cam] [768433][qpc0][qpc_core_exception_check:405]discontinuous frame, now: 10453, last: 10451
[01:49:41.265] RX< [34m[AE] fid=10
[01:49:41.699] RX< 470,exp=10000,adg=257,Y=4728,mtg=180,shg=118,bgbv=1650,iso=257,cnv2,hdr0
[01:49:41.699] RX< [0m[7] [cam] [769355][me0][me_core_thread:359]ME out fid 10470
[01:49:41.699] RX< [34m[awb0 proc] perf=6537(us), max=7695(us)!
[01:49:41.699] RX< [0m[4] [cam] [769433][qpc0][qpc_core_exception_check:405]discontinuous f
[01:49:42.698] RX< rame, now: 10483, last: 10481
[01:49:42.698] RX< [34m[AE] fid=10500,exp=10040,adg=257,Y=4739,mtg=180,shg=118,bgbv=1652,iso=257,cnv2,hdr0
[01:49:42.698] RX< [0m[7] [cam] [770355][me0][me_core_thread:359]ME out fid 10500
[01:49:42.698] RX< [4] [cam] [770432][qpc0][qpc_core_exception_check:405]discontinuous frame
[01:49:43.589] RX< , now: 10513, last: 10511
[01:49:43.589] RX< [34m[AE] fid=10530,exp=10040,adg=257,Y=4723,mtg=180,shg=118,bgbv=1644,iso=257,cnv2,hdr0
[01:49:43.589] RX< [0m[34m[b_ae0 proc] perf=960(us), max=3912(us)!
[01:49:43.589] RX< [0m[34m[awb0 proc] perf=3687(us), max=6537(us)!
[01:49:43.589] RX< [0m[RTMP] f_index = 10530, f_len = 1876
[01:49:44.365] RX< 5
[01:49:44.365] RX< [7] [cam] [771355][me0][me_core_thread:359]ME out fid 10530
[01:49:44.365] RX< [RTMP] slow send frame 10531 len=97240 dt=55ms (IDR)
[01:49:44.365] RX< [34m[AE] fid=10560,exp=10040,adg=257,Y=4724,mtg=180,shg=118,bgbv=1644,iso=257,cnv2,hdr0
[01:49:44.365] RX< [0m[34m[ME INTP]fid=10560, shutter=10040, perf=5(u
[01:49:45.264] RX< s), max=1445(us)!
[01:49:45.264] RX< [0m[7] [cam] [772355][me0][me_core_thread:359]ME out fid 10560
[01:49:45.264] RX< [4] [cam] [772432][qpc0][qpc_core_exception_check:405]discontinuous frame, now: 10573, last: 10571
[01:49:45.264] RX< [34m[AE] fid=10590,exp=10040,adg=257,Y=4724,mtg=180,shg=118,bgbv=1644,iso=
[01:49:46.269] RX< 257,cnv2,hdr0
[01:49:46.269] RX< [0m[7] [cam] [773354][me0][me_core_thread:359]ME out fid 10590
[01:49:46.269] RX< [34m[awb0 proc] perf=6307(us), max=6307(us)!
[01:49:46.269] RX< [0m[34m[AE] fid=10620,exp=10040,adg=257,Y=4720,mtg=180,shg=118,bgbv=1644,iso=257,cnv2,hdr0
[01:49:46.269] RX< [0m[34m[b_ae0 proc] perf=936(us), max
[01:49:46.697] RX< =2034(us)!
[01:49:46.697] RX< [0m[34m[awb0 proc] perf=3809(us), max=6307(us)!
[01:49:46.697] RX< [0m[RTMP] f_index = 10620, f_len = 19336
[01:49:46.697] RX< [7] [cam] [774354][me0][me_core_thread:359]ME out fid 10620
[01:49:46.697] RX< [4] [cam] [774399][qpc0][qpc_core_exception_check:411]interp not finish in sof, fid: 10631
[01:49:46.697] RX< [
[01:49:48.263] RX< 4] [cam] [774432][qpc0][qpc_core_exception_check:405]discontinuous frame, now: 10633, last: 10631
[01:49:48.263] RX< [34m[AE] fid=10650,exp=10040,adg=257,Y=4713,mtg=180,shg=118,bgbv=1644,iso=257,cnv2,hdr0
[01:49:48.263] RX< [0m[7] [cam] [775354][me0][me_core_thread:359]ME out fid 10650
[01:49:48.263] RX< [34m
[01:49:48.697] RX< [AE] fid=10680,exp=10040,adg=257,Y=4719,mtg=180,shg=117,bgbv=1644,iso=257,cnv2,hdr0
[01:49:48.697] RX< [0m[34m[ME INTP]fid=10680, shutter=10040, perf=1870(us), max=4334(us)!
[01:49:48.697] RX< [0m[7] [cam] [776354][me0][me_core_thread:359]ME out fid 10680
[01:49:48.697] RX< [4] [cam] [776432][qpc0][qpc_core_e
[01:49:49.268] RX< xception_check:405]discontinuous frame, now: 10693, last: 10691
[01:49:49.268] RX< [34m[AE] fid=10710,exp=10040,adg=257,Y=4723,mtg=180,shg=118,bgbv=1644,iso=257,cnv2,hdr0
[01:49:49.268] RX< [0m[34m[b_ae0 proc] perf=955(us), max=1062(us)!
[01:49:49.268] RX< [0m[34m[awb0 proc] perf=3796(us), max=5315(us)!
[01:49:49.268] RX< [
[01:49:49.697] RX< 0m[RTMP] f_index = 10710, f_len = 18937
[01:49:49.697] RX< [7] [cam] [777354][me0][me_core_thread:359]ME out fid 10710
[01:49:49.697] RX< [4] [cam] [777400][qpc0][qpc_core_exception_check:411]interp not finish in sof, fid: 10721
[01:49:49.697] RX< [4] [cam] [777431][qpc0][qpc_core_exception_check:405]discontinuo
[01:49:50.665] RX< us frame, now: 10723, last: 10721
[01:49:50.665] RX< [34m[AE] fid=10740,exp=10040,adg=257,Y=4727,mtg=180,shg=118,bgbv=1648,iso=257,cnv2,hdr0
[01:49:50.665] RX< [0m[7] [cam] [778354][me0][me_core_thread:359]ME out fid 10740
[01:49:50.665] RX< [4] [cam] [778400][qpc0][qpc_core_exception_check:411]interp not fini
[01:49:51.615] RX< sh in sof, fid: 10751
[01:49:51.615] RX< [4] [cam] [778432][qpc0][qpc_core_exception_check:405]discontinuous frame, now: 10753, last: 10751
[01:49:51.615] RX< [34m[AE] fid=10770,exp=10040,adg=257,Y=4736,mtg=180,shg=118,bgbv=1648,iso=257,cnv2,hdr0
[01:49:51.615] RX< [0m[7] [cam] [779354][me0][me_core_thread:359
[01:49:52.268] RX< ]ME out fid 10770
[01:49:52.268] RX< [4] [cam] [779402][qpc0][qpc_core_exception_check:411]interp not finish in sof, fid: 10781
[01:49:52.268] RX< [4] [cam] [779431][qpc0][qpc_core_exception_check:405]discontinuous frame, now: 10783, last: 10781
[01:49:52.268] RX< [34m[AE] fid=10800,exp=10040,adg=257,Y=4734,mtg
[01:49:52.603] RX< =180,shg=118,bgbv=1648,iso=257,cnv2,hdr0
[01:49:52.603] RX< [0m[34m[b_ae0 proc] perf=946(us), max=3249(us)!
[01:49:52.603] RX< [0m[34m[awb0 proc] perf=3685(us), max=3891(us)!
[01:49:52.603] RX< [0m[34m[ME INTP]fid=10800, shutter=10040, perf=6(us), max=13170(us)!
[01:49:52.603] RX< [0m[RTMP] f_index = 10800, f_len = 23368
[01:49:52.603] RX< [
[01:49:53.263] RX< 7] [cam] [780354][me0][me_core_thread:359]ME out fid 10800
[01:49:53.263] RX< [4] [cam] [780400][qpc0][qpc_core_exception_check:411]interp not finish in sof, fid: 10811
[01:49:53.263] RX< [4] [cam] [780431][qpc0][qpc_core_exception_check:405]discontinuous frame, now: 10813, last: 10811
[01:49:53.263] RX< [34m[A
[01:49:54.263] RX< E] fid=10830,exp=10040,adg=257,Y=4737,mtg=180,shg=118,bgbv=1648,iso=257,cnv2,hdr0
[01:49:54.263] RX< [0m[7] [cam] [781353][me0][me_core_thread:359]ME out fid 10830
[01:49:54.263] RX< [4] [cam] [781431][qpc0][qpc_core_exception_check:405]discontinuous frame, now: 10843, last: 10841
[01:49:54.263] RX< [34m[AE] f
[01:49:55.267] RX< id=10860,exp=10040,adg=257,Y=4736,mtg=180,shg=118,bgbv=1648,iso=257,cnv2,hdr0
[01:49:55.267] RX< [0m[7] [cam] [782353][me0][me_core_thread:359]ME out fid 10860
[01:49:55.267] RX< [4] [cam] [782431][qpc0][qpc_core_exception_check:405]discontinuous frame, now: 10873, last: 10871
[01:49:55.267] RX< [34m[AE] fid=1
[01:49:55.604] RX< 0890,exp=10040,adg=257,Y=4743,mtg=180,shg=118,bgbv=1652,iso=257,cnv2,hdr0
[01:49:55.604] RX< [0m[34m[b_ae0 proc] perf=1065(us), max=3420(us)!
[01:49:55.604] RX< [0m[34m[awb0 proc] perf=3830(us), max=5736(us)!
[01:49:55.604] RX< [0m[RTMP] f_index = 10890, f_len = 9479
[01:49:55.604] RX< [7] [cam] [783353][me0][me_core_thread:
[01:49:56.362] RX< 359]ME out fid 10890
[01:49:56.362] RX< [4] [cam] [783431][qpc0][qpc_core_exception_check:405]discontinuous frame, now: 10903, last: 10901
[01:49:56.362] RX< [34m[AE] fid=10920,exp=10040,adg=257,Y=4735,mtg=180,shg=118,bgbv=1648,iso=257,cnv2,hdr0
[01:49:56.362] RX< [0m[34m[ME INTP]fid=10920, shutter=10040, per
[01:49:56.696] RX< f=6(us), max=1970(us)!
[01:49:56.696] RX< [0m[7] [cam] [784353][me0][me_core_thread:359]ME out fid 10920
[01:49:56.696] RX< [4] [cam] [784402][qpc0][qpc_core_exception_check:411]interp not finish in sof, fid: 10931
[01:49:56.696] RX< [4] [cam] [784431][qpc0][qpc_core_exception_check:405]discontinuous frame, now
[01:49:57.695] RX< : 10933, last: 10931
[01:49:57.695] RX< [34m[AE] fid=10950,exp=10040,adg=257,Y=4733,mtg=180,shg=118,bgbv=1648,iso=257,cnv2,hdr0
[01:49:57.695] RX< [0m[7] [cam] [785353][me0][me_core_thread:359]ME out fid 10950
[01:49:57.695] RX< [4] [cam] [785430][qpc0][qpc_core_exception_check:405]discontinuous frame, now: 10
[01:49:58.602] RX< 963, last: 10961
[01:49:58.602] RX< [34m[AE] fid=10980,exp=10040,adg=257,Y=4733,mtg=180,shg=118,bgbv=1648,iso=257,cnv2,hdr0
[01:49:58.602] RX< [0m[34m[b_ae0 proc] perf=965(us), max=4322(us)!
[01:49:58.602] RX< [0m[34m[awb0 proc] perf=3821(us), max=5395(us)!
[01:49:58.602] RX< [0m[RTMP] f_index = 10980, f_len = 11894
[01:49:58.602] RX< [7] [ca
[01:49:59.262] RX< m] [786353][me0][me_core_thread:359]ME out fid 10980
[01:49:59.262] RX< [4] [cam] [786403][qpc0][qpc_core_exception_check:411]interp not finish in sof, fid: 10991
[01:49:59.262] RX< [4] [cam] [786430][qpc0][qpc_core_exception_check:405]discontinuous frame, now: 10993, last: 10991
[01:49:59.262] RX< [34m[AE] fid
[01:49:59.696] RX< =11010,exp=10040,adg=257,Y=4734,mtg=180,shg=118,bgbv=1648,iso=257,cnv2,hdr0
[01:49:59.696] RX< [0m[7] [cam] [787353][me0][me_core_thread:359]ME out fid 11010
[01:49:59.696] RX< [4] [cam] [787403][qpc0][qpc_core_exception_check:411]interp not finish in sof, fid: 11021
[01:49:59.696] RX< [4] [cam] [787430][qpc0][
[01:50:00.617] RX< qpc_core_exception_check:405]discontinuous frame, now: 11023, last: 11021
[01:50:00.617] RX< [34m[AE] fid=11040,exp=10040,adg=257,Y=4729,mtg=180,shg=118,bgbv=1648,iso=257,cnv2,hdr0
[01:50:00.617] RX< [0m[34m[ME INTP]fid=11040, shutter=10040, perf=7(us), max=16165(us)!
[01:50:00.617] RX< [0m[7] [cam] [788352]
[01:50:01.267] RX< [me0][me_core_thread:359]ME out fid 11040
[01:50:01.267] RX< [4] [cam] [788399][qpc0][qpc_core_exception_check:411]interp not finish in sof, fid: 11051
[01:50:01.267] RX< [4] [cam] [788430][qpc0][qpc_core_exception_check:405]discontinuous frame, now: 11053, last: 11051
[01:50:01.267] RX< [34m[AE] fid=11070,exp=
[01:50:01.603] RX< 10040,adg=257,Y=4741,mtg=180,shg=118,bgbv=1652,iso=257,cnv2,hdr0
[01:50:01.603] RX< [0m[34m[b_ae0 proc] perf=975(us), max=1061(us)!
[01:50:01.603] RX< [0m[34m[awb0 proc] perf=3698(us), max=3891(us)!
[01:50:01.603] RX< [0m[RTMP] f_index = 11070, f_len = 7772
[01:50:01.603] RX< [7] [cam] [789352][me0][me_core_thread:359]ME out
[01:50:02.613] RX<  fid 11070
[01:50:02.613] RX< [4] [cam] [789430][qpc0][qpc_core_exception_check:405]discontinuous frame, now: 11083, last: 11081
[01:50:02.613] RX< [34m[AE] fid=11100,exp=10040,adg=257,Y=4734,mtg=180,shg=118,bgbv=1648,iso=257,cnv2,hdr0
[01:50:02.613] RX< [0m[7] [cam] [790352][me0][me_core_thread:359]ME out fid
[01:50:03.664] RX<  11100
[01:50:03.664] RX< [RTMP] slow send frame 11101 len=89907 dt=67ms (IDR)
[01:50:03.664] RX< [34m[AE] fid=11130,exp=10040,adg=257,Y=4728,mtg=180,shg=118,bgbv=1648,iso=257,cnv2,hdr0
[01:50:03.664] RX< [0m[7] [cam] [791352][me0][me_core_thread:359]ME out fid 11130
[01:50:03.664] RX< [4] [cam] [791399][qpc0][qpc_core_exception
[01:50:04.266] RX< _check:411]interp not finish in sof, fid: 11141
[01:50:04.266] RX< [4] [cam] [791430][qpc0][qpc_core_exception_check:405]discontinuous frame, now: 11143, last: 11141
[01:50:04.266] RX< [34m[AE] fid=11160,exp=10040,adg=257,Y=4737,mtg=180,shg=118,bgbv=1648,iso=257,cnv2,hdr0
[01:50:04.266] RX< [0m[34m[b_ae0 proc
[01:50:04.663] RX< ] perf=1067(us), max=1860(us)!
[01:50:04.663] RX< [0m[34m[awb0 proc] perf=3803(us), max=3952(us)!
[01:50:04.663] RX< [0m[34m[ME INTP]fid=11160, shutter=10040, perf=6(us), max=254(us)!
[01:50:04.663] RX< [0m[RTMP] f_index = 11160, f_len = 19686
[01:50:04.663] RX< [7] [cam] [792352][me0][me_core_thread:359]ME out fid 11160
[01:50:04.663] RX< [4]
[01:50:05.261] RX<  [cam] [792397][qpc0][qpc_core_exception_check:411]interp not finish in sof, fid: 11171
[01:50:05.261] RX< [4] [cam] [792429][qpc0][qpc_core_exception_check:405]discontinuous frame, now: 11173, last: 11171
[01:50:05.261] RX< [34m[AE] fid=11190,exp=10040,adg=257,Y=4730,mtg=180,shg=118,bgbv=164
[01:50:05.694] RX< 8,iso=257,cnv2,hdr0
[01:50:05.694] RX< [0m[7] [cam] [793352][me0][me_core_thread:359]ME out fid 11190
[01:50:05.694] RX< [4] [cam] [793398][qpc0][qpc_core_exception_check:411]interp not finish in sof, fid: 11201
[01:50:05.694] RX< [4] [cam] [793429][qpc0][qpc_core_exception_check:405]discontinuous frame, now: 1
[01:50:06.660] RX< 1203, last: 11201
[01:50:06.660] RX< [34m[AE] fid=11220,exp=10040,adg=257,Y=4727,mtg=180,shg=118,bgbv=1648,iso=257,cnv2,hdr0
[01:50:06.660] RX< [0m[7] [cam] [794352][me0][me_core_thread:359]ME out fid 11220
[01:50:06.660] RX< [4] [cam] [794396][qpc0][qpc_core_exception_check:411]interp not finish in sof, fid: 
[01:50:07.265] RX< 11231
[01:50:07.265] RX< [4] [cam] [794429][qpc0][qpc_core_exception_check:405]discontinuous frame, now: 11233, last: 11231
[01:50:07.265] RX< [34m[AE] fid=11250,exp=10040,adg=257,Y=4725,mtg=180,shg=118,bgbv=1648,iso=257,cnv2,hdr0
[01:50:07.265] RX< [0m[34m[b_ae0 proc] perf=970(us), max=2938(us)!
[01:50:07.265] RX< [0m[34m[a
[01:50:07.694] RX< wb0 proc] perf=3800(us), max=3878(us)!
[01:50:07.694] RX< [0m[RTMP] f_index = 11250, f_len = 18876
[01:50:07.694] RX< [7] [cam] [795352][me0][me_core_thread:359]ME out fid 11250
[01:50:07.694] RX< [4] [cam] [795401][qpc0][qpc_core_exception_check:411]interp not finish in sof, fid: 11261
[01:50:07.694] RX< [4] [cam] [795429][qpc0]
[01:50:08.602] RX< [qpc_core_exception_check:405]discontinuous frame, now: 11263, last: 11261
[01:50:08.602] RX< [34m[AE] fid=11280,exp=10040,adg=257,Y=4723,mtg=180,shg=118,bgbv=1644,iso=257,cnv2,hdr0
[01:50:08.602] RX< [0m[34m[ME INTP]fid=11280, shutter=10040, perf=6(us), max=3953(us)!
[01:50:08.602] RX< [0m[7] [cam] [796351]
[01:50:09.261] RX< [me0][me_core_thread:359]ME out fid 11280
[01:50:09.261] RX< [4] [cam] [796397][qpc0][qpc_core_exception_check:411]interp not finish in sof, fid: 11291
[01:50:09.261] RX< [4] [cam] [796429][qpc0][qpc_core_exception_check:405]discontinuous frame, now: 11293, last: 11291
[01:50:09.261] RX< [34m[AE] fid=11310,exp=
[01:50:09.693] RX< 10040,adg=257,Y=4717,mtg=180,shg=118,bgbv=1644,iso=257,cnv2,hdr0
[01:50:09.693] RX< [0m[7] [cam] [797351][me0][me_core_thread:359]ME out fid 11310
[01:50:09.693] RX< [4] [cam] [797399][qpc0][qpc_core_exception_check:411]interp not finish in sof, fid: 11321
[01:50:09.693] RX< [4] [cam] [797428][qpc0][qpc_core_ex
[01:50:10.264] RX< ception_check:405]discontinuous frame, now: 11323, last: 11321
[01:50:10.264] RX< [34m[AE] fid=11340,exp=10040,adg=257,Y=4705,mtg=180,shg=117,bgbv=1640,iso=257,cnv2,hdr0
[01:50:10.264] RX< [0m[34m[b_ae0 proc] perf=949(us), max=1073(us)!
[01:50:10.264] RX< [0m[34m[awb0 proc] perf=3800(us), max=3886(us)!
[01:50:10.264] RX< [0
[01:50:11.260] RX< m[RTMP] f_index = 11340, f_len = 7591
[01:50:11.260] RX< [7] [cam] [798351][me0][me_core_thread:359]ME out fid 11340
[01:50:11.260] RX< [4] [cam] [798429][qpc0][qpc_core_exception_check:405]discontinuous frame, now: 11353, last: 11351
[01:50:11.260] RX< [34m[AE] fid=11370,exp=10040,adg=257,Y=4709,mtg=180,shg=11
[01:50:12.262] RX< 8,bgbv=1640,iso=257,cnv2,hdr0
[01:50:12.262] RX< [0m[7] [cam] [799351][me0][me_core_thread:359]ME out fid 11370
[01:50:12.262] RX< [34m[awb0 proc] perf=6162(us), max=6162(us)!
[01:50:12.262] RX< [0m[4] [cam] [799429][qpc0][qpc_core_exception_check:405]discontinuous frame, now: 11383, last: 11381
[01:50:12.262] RX< [34m[AE] fid
[01:50:13.264] RX< =11400,exp=9930,adg=294,Y=5668,mtg=180,shg=101,bgbv=1612,iso=294,cnv2,hdr0
[01:50:13.264] RX< [0m[34m[ME INTP]fid=11400, shutter=9930, perf=4212(us), max=4357(us)!
[01:50:13.264] RX< [0m[7] [cam] [800351][me0][me_core_thread:359]ME out fid 11400
[01:50:13.264] RX< [34m[AE] fid=11430,exp=9960,adg=263,Y=4767,m
[01:50:13.660] RX< tg=180,shg=119,bgbv=1638,iso=263,cnv2,hdr0
[01:50:13.660] RX< [0m[34m[b_ae0 proc] perf=963(us), max=4289(us)!
[01:50:13.660] RX< [0m[34m[awb0 proc] perf=3688(us), max=6162(us)!
[01:50:13.660] RX< [0m[RTMP] f_index = 11430, f_len = 20420
[01:50:13.660] RX< [7] [cam] [801351][me0][me_core_thread:359]ME out fid 11430
[01:50:13.660] RX< [4] [cam] 
[01:50:14.259] RX< [801396][qpc0][qpc_core_exception_check:411]interp not finish in sof, fid: 11441
[01:50:14.259] RX< [4] [cam] [801428][qpc0][qpc_core_exception_check:405]discontinuous frame, now: 11443, last: 11441
[01:50:14.259] RX< [34m[AE] fid=11460,exp=9960,adg=263,Y=4764,mtg=180,shg=119,bgbv=1638,iso=26
[01:50:14.692] RX< 3,cnv2,hdr0
[01:50:14.692] RX< [0m[7] [cam] [802351][me0][me_core_thread:359]ME out fid 11460
[01:50:14.692] RX< [4] [cam] [802401][qpc0][qpc_core_exception_check:411]interp not finish in sof, fid: 11471
[01:50:14.692] RX< [4] [cam] [802428][qpc0][qpc_core_exception_check:405]discontinuous frame, now: 11473, la
[01:50:15.693] RX< st: 11471
[01:50:15.693] RX< [34m[AE] fid=11490,exp=9960,adg=263,Y=4768,mtg=180,shg=119,bgbv=1638,iso=263,cnv2,hdr0
[01:50:15.693] RX< [0m[7] [cam] [803350][me0][me_core_thread:359]ME out fid 11490
[01:50:15.693] RX< [4] [cam] [803399][qpc0][qpc_core_exception_check:411]interp not finish in sof, fid: 11501
[01:50:15.693] RX< [4]
[01:50:16.266] RX<  [cam] [803429][qpc0][qpc_core_exception_check:405]discontinuous frame, now: 11503, last: 11501
[01:50:16.266] RX< [34m[AE] fid=11520,exp=9960,adg=263,Y=4768,mtg=180,shg=119,bgbv=1638,iso=263,cnv2,hdr0
[01:50:16.266] RX< [0m[34m[b_ae0 proc] perf=977(us), max=1072(us)!
[01:50:16.266] RX< [0m[34m[awb0 proc] 
[01:50:16.664] RX< perf=3792(us), max=3881(us)!
[01:50:16.664] RX< [0m[34m[ME INTP]fid=11520, shutter=9960, perf=6(us), max=17497(us)!
[01:50:16.664] RX< [0m[RTMP] f_index = 11520, f_len = 12568
[01:50:16.664] RX< [7] [cam] [804350][me0][me_core_thread:359]ME out fid 11520
[01:50:16.664] RX< [4] [cam] [804399][qpc0][qpc_core_exception_check:411]i
[01:50:17.611] RX< nterp not finish in sof, fid: 11531
[01:50:17.611] RX< [4] [cam] [804428][qpc0][qpc_core_exception_check:405]discontinuous frame, now: 11533, last: 11531
[01:50:17.611] RX< [34m[AE] fid=11550,exp=9960,adg=263,Y=4777,mtg=180,shg=120,bgbv=1642,iso=263,cnv2,hdr0
[01:50:17.611] RX< [0m[7] [cam] [805350][me0][me_co
[01:50:18.259] RX< re_thread:359]ME out fid 11550
[01:50:18.259] RX< [4] [cam] [805402][qpc0][qpc_core_exception_check:411]interp not finish in sof, fid: 11561
[01:50:18.259] RX< [4] [cam] [805428][qpc0][qpc_core_exception_check:405]discontinuous frame, now: 11563, last: 11561
[01:50:18.259] RX< [34m[AE] fid=11580,exp=9960,adg=26
[01:50:18.693] RX< 3,Y=4775,mtg=180,shg=120,bgbv=1642,iso=263,cnv2,hdr0
[01:50:18.693] RX< [0m[7] [cam] [806350][me0][me_core_thread:359]ME out fid 11580
[01:50:18.693] RX< [4] [cam] [806399][qpc0][qpc_core_exception_check:411]interp not finish in sof, fid: 11591
[01:50:18.693] RX< [4] [cam] [806429][qpc0][qpc_core_exception_chec
[01:50:19.582] RX< k:405]discontinuous frame, now: 11593, last: 11591
[01:50:19.582] RX< [34m[AE] fid=11610,exp=9960,adg=263,Y=4774,mtg=180,shg=120,bgbv=1638,iso=263,cnv2,hdr0
[01:50:19.582] RX< [0m[34m[b_ae0 proc] perf=957(us), max=1109(us)!
[01:50:19.582] RX< [0m[34m[awb0 proc] perf=3797(us), max=3877(us)!
[01:50:19.582] RX< [0m[RTMP] f_ind
[01:50:20.258] RX< ex = 11610, f_len = 12387
[01:50:20.258] RX< [7] [cam] [807350][me0][me_core_thread:359]ME out fid 11610
[01:50:20.258] RX< [4] [cam] [807427][qpc0][qpc_core_exception_check:405]discontinuous frame, now: 11623, last: 11621
[01:50:20.258] RX< [34m[AE] fid=11640,exp=9960,adg=263,Y=4770,mtg=180,shg=119,bgbv=1638,i
[01:50:21.258] RX< so=263,cnv2,hdr0
[01:50:21.258] RX< [0m[34m[ME INTP]fid=11640, shutter=9960, perf=6(us), max=2882(us)!
[01:50:21.258] RX< [0m[7] [cam] [808350][me0][me_core_thread:359]ME out fid 11640
[01:50:21.258] RX< [4] [cam] [808427][qpc0][qpc_core_exception_check:405]discontinuous frame, now: 11653, last: 11651
[01:50:21.258] RX< [34m[A
[01:50:21.691] RX< E] fid=11670,exp=9960,adg=263,Y=4756,mtg=180,shg=119,bgbv=1634,iso=263,cnv2,hdr0
[01:50:21.691] RX< [0m[7] [cam] [809350][me0][me_core_thread:359]ME out fid 11670
[01:50:21.691] RX< [4] [cam] [809397][qpc0][qpc_core_exception_check:411]interp not finish in sof, fid: 11681
[01:50:21.691] RX< [4] [cam] [809427][q
[01:50:22.263] RX< pc0][qpc_core_exception_check:405]discontinuous frame, now: 11683, last: 11681
[01:50:22.263] RX< [34m[AE] fid=11700,exp=9960,adg=263,Y=4773,mtg=180,shg=119,bgbv=1638,iso=263,cnv2,hdr0
[01:50:22.263] RX< [0m[34m[b_ae0 proc] perf=963(us), max=4053(us)!
[01:50:22.263] RX< [0m[34m[awb0 proc] perf=3680(us), ma
[01:50:23.258] RX< x=5668(us)!
[01:50:23.258] RX< [0m[RTMP] f_index = 11700, f_len = 8144
[01:50:23.258] RX< [7] [cam] [810349][me0][me_core_thread:359]ME out fid 11700
[01:50:23.258] RX< [4] [cam] [810426][qpc0][qpc_core_exception_check:405]discontinuous frame, now: 11713, last: 11711
[01:50:23.258] RX< [34m[AE] fid=11730,exp=9960,adg=263,Y=4780,
[01:50:23.691] RX< mtg=180,shg=120,bgbv=1642,iso=263,cnv2,hdr0
[01:50:23.691] RX< [0m[7] [cam] [811349][me0][me_core_thread:359]ME out fid 11730
[01:50:23.691] RX< [34m[awb0 proc] perf=7939(us), max=7939(us)!
[01:50:23.691] RX< [0m[4] [cam] [811427][qpc0][qpc_core_exception_check:405]discontinuous frame, now: 11743, last: 11741
[01:50:24.690] RX< 
[01:50:24.690] RX< [34m[AE] fid=11760,exp=9960,adg=263,Y=4789,mtg=180,shg=120,bgbv=1646,iso=263,cnv2,hdr0
[01:50:24.690] RX< [0m[34m[ME INTP]fid=11760, shutter=9960, perf=6(us), max=2905(us)!
[01:50:24.690] RX< [0m[7] [cam] [812349][me0][me_core_thread:359]ME out fid 11760
[01:50:24.690] RX< [4] [cam] [812427][qpc0][qpc_core_
[01:50:25.262] RX< exception_check:405]discontinuous frame, now: 11773, last: 11771
[01:50:25.262] RX< [34m[AE] fid=11790,exp=9960,adg=263,Y=4790,mtg=180,shg=120,bgbv=1646,iso=263,cnv2,hdr0
[01:50:25.262] RX< [0m[34m[b_ae0 proc] perf=939(us), max=1169(us)!
[01:50:25.262] RX< [0m[34m[awb0 proc] perf=3783(us), max=7939(us)!
[01:50:25.262] RX< [
[01:50:25.691] RX< 0m[RTMP] f_index = 11790, f_len = 19921
[01:50:25.691] RX< [7] [cam] [813349][me0][me_core_thread:359]ME out fid 11790
[01:50:25.691] RX< [4] [cam] [813397][qpc0][qpc_core_exception_check:411]interp not finish in sof, fid: 11801
[01:50:25.691] RX< [4] [cam] [813427][qpc0][qpc_core_exception_check:405]discontinuo
[01:50:26.659] RX< us frame, now: 11803, last: 11801
[01:50:26.659] RX< [34m[AE] fid=11820,exp=9960,adg=263,Y=4795,mtg=180,shg=120,bgbv=1646,iso=263,cnv2,hdr0
[01:50:26.659] RX< [0m[7] [cam] [814349][me0][me_core_thread:359]ME out fid 11820
[01:50:26.659] RX< [4] [cam] [814395][qpc0][qpc_core_exception_check:411]interp not finis
[01:50:27.609] RX< h in sof, fid: 11831
[01:50:27.609] RX< [4] [cam] [814426][qpc0][qpc_core_exception_check:405]discontinuous frame, now: 11833, last: 11831
[01:50:27.609] RX< [34m[AE] fid=11850,exp=9960,adg=263,Y=4793,mtg=180,shg=120,bgbv=1646,iso=263,cnv2,hdr0
[01:50:27.609] RX< [0m[7] [cam] [815349][me0][me_core_thread:359]M
[01:50:28.262] RX< E out fid 11850
[01:50:28.262] RX< [4] [cam] [815426][qpc0][qpc_core_exception_check:405]discontinuous frame, now: 11863, last: 11861
[01:50:28.262] RX< [34m[AE] fid=11880,exp=9960,adg=263,Y=4791,mtg=180,shg=120,bgbv=1646,iso=263,cnv2,hdr0
[01:50:28.262] RX< [0m[34m[b_ae0 proc] perf=957(us), max=2172(us)!
[01:50:28.262] RX< [
[01:50:28.690] RX< 0m[34m[awb0 proc] perf=3797(us), max=5574(us)!
[01:50:28.690] RX< [0m[34m[ME INTP]fid=11880, shutter=9960, perf=7(us), max=3218(us)!
[01:50:28.690] RX< [0m[RTMP] f_index = 11880, f_len = 8334
[01:50:28.690] RX< [7] [cam] [816349][me0][me_core_thread:359]ME out fid 11880
[01:50:28.690] RX< [4] [cam] [816426][qpc0][qpc_core_exce
[01:50:29.690] RX< ption_check:405]discontinuous frame, now: 11893, last: 11891
[01:50:29.690] RX< [34m[AE] fid=11910,exp=9960,adg=263,Y=4796,mtg=180,shg=120,bgbv=1646,iso=263,cnv2,hdr0
[01:50:29.690] RX< [0m[7] [cam] [817349][me0][me_core_thread:359]ME out fid 11910
[01:50:29.690] RX< [4] [cam] [817426][qpc0][qpc_core_exception
[01:50:30.690] RX< _check:405]discontinuous frame, now: 11923, last: 11921
[01:50:30.690] RX< [34m[AE] fid=11940,exp=9960,adg=263,Y=4800,mtg=180,shg=120,bgbv=1649,iso=263,cnv2,hdr0
[01:50:30.690] RX< [0m[7] [cam] [818348][me0][me_core_thread:359]ME out fid 11940
[01:50:30.690] RX< [4] [cam] [818426][qpc0][qpc_core_exception_chec
[01:50:31.583] RX< k:405]discontinuous frame, now: 11953, last: 11951
[01:50:31.583] RX< [34m[AE] fid=11970,exp=9960,adg=263,Y=4793,mtg=180,shg=120,bgbv=1646,iso=263,cnv2,hdr0
[01:50:31.583] RX< [0m[34m[b_ae0 proc] perf=978(us), max=4577(us)!
[01:50:31.583] RX< [0m[34m[awb0 proc] perf=3804(us), max=5250(us)!
[01:50:31.583] RX< [0m[RTMP] f_ind
[01:50:32.256] RX< ex = 11970, f_len = 19762
[01:50:32.256] RX< [7] [cam] [819348][me0][me_core_thread:359]ME out fid 11970
[01:50:32.256] RX< [34m[awb0 proc] perf=6056(us), max=6056(us)!
[01:50:32.256] RX< [0m[4] [cam] [819426][qpc0][qpc_core_exception_check:405]discontinuous frame, now: 11983, last: 11981
[01:50:32.256] RX< [34m[AE] fid=12000,e
[01:50:32.666] RX< xp=9960,adg=263,Y=4786,mtg=180,shg=120,bgbv=1642,iso=263,cnv2,hdr0
[01:50:32.666] RX< [0m[34m[ME INTP]fid=12000, shutter=9960, perf=238(us), max=2223(us)!
[01:50:32.666] RX< [0m[7] [cam] [820348][me0][me_core_thread:359]ME out fid 12000
[01:50:32.666] RX< [4] [cam] [820403][qpc0][qpc_core_exception_check:411]
[01:50:33.608] RX< interp not finish in sof, fid: 12011
[01:50:33.608] RX< [4] [cam] [820426][qpc0][qpc_core_exception_check:405]discontinuous frame, now: 12013, last: 12011
[01:50:33.608] RX< [34m[AE] fid=12030,exp=9960,adg=263,Y=4800,mtg=180,shg=120,bgbv=1649,iso=263,cnv2,hdr0
[01:50:33.608] RX< [0m[7] [cam] [821348][me0][me_c
[01:50:34.261] RX< ore_thread:359]ME out fid 12030
[01:50:34.261] RX< [4] [cam] [821396][qpc0][qpc_core_exception_check:411]interp not finish in sof, fid: 12041
[01:50:34.261] RX< [4] [cam] [821426][qpc0][qpc_core_exception_check:405]discontinuous frame, now: 12043, last: 12041
[01:50:34.261] RX< [34m[AE] fid=12060,exp=9960,adg=2
[01:50:34.597] RX< 63,Y=4781,mtg=180,shg=120,bgbv=1642,iso=263,cnv2,hdr0
[01:50:34.597] RX< [0m[34m[b_ae0 proc] perf=1082(us), max=3540(us)!
[01:50:34.597] RX< [0m[34m[awb0 proc] perf=3801(us), max=6056(us)!
[01:50:34.597] RX< [0m[RTMP] f_index = 12060, f_len = 8282
[01:50:34.597] RX< [7] [cam] [822348][me0][me_core_thread:359]ME out fid 12060
[01:50:35.256] RX< 
[01:50:35.256] RX< [4] [cam] [822395][qpc0][qpc_core_exception_check:411]interp not finish in sof, fid: 12071
[01:50:35.256] RX< [4] [cam] [822425][qpc0][qpc_core_exception_check:405]discontinuous frame, now: 12073, last: 12071
[01:50:35.256] RX< [34m[AE] fid=12090,exp=9960,adg=263,Y=4779,mtg=180,shg=120,bgbv=
[01:50:35.689] RX< 1642,iso=263,cnv2,hdr0
[01:50:35.689] RX< [0m[7] [cam] [823348][me0][me_core_thread:359]ME out fid 12090
[01:50:35.689] RX< [4] [cam] [823395][qpc0][qpc_core_exception_check:411]interp not finish in sof, fid: 12101
[01:50:35.689] RX< [4] [cam] [823425][qpc0][qpc_core_exception_check:405]discontinuous frame, now
[01:50:36.689] RX< : 12103, last: 12101
[01:50:36.689] RX< [34m[AE] fid=12120,exp=9960,adg=263,Y=4781,mtg=180,shg=120,bgbv=1642,iso=263,cnv2,hdr0
[01:50:36.689] RX< [0m[34m[ME INTP]fid=12120, shutter=9960, perf=7(us), max=7218(us)!
[01:50:36.689] RX< [0m[7] [cam] [824348][me0][me_core_thread:359]ME out fid 12120
[01:50:36.689] RX< [4] [cam] [824
[01:50:37.260] RX< 425][qpc0][qpc_core_exception_check:405]discontinuous frame, now: 12133, last: 12131
[01:50:37.260] RX< [34m[AE] fid=12150,exp=9960,adg=263,Y=4781,mtg=180,shg=120,bgbv=1642,iso=263,cnv2,hdr0
[01:50:37.260] RX< [0m[34m[b_ae0 proc] perf=955(us), max=4674(us)!
[01:50:37.260] RX< [0m[34m[awb0 proc] perf=3796(u
[01:50:37.689] RX< s), max=5134(us)!
[01:50:37.689] RX< [0m[RTMP] f_index = 12150, f_len = 13297
[01:50:37.689] RX< [7] [cam] [825347][me0][me_core_thread:359]ME out fid 12150
[01:50:37.689] RX< [4] [cam] [825394][qpc0][qpc_core_exception_check:411]interp not finish in sof, fid: 12161
[01:50:37.689] RX< [4] [cam] [825425][qpc0][qpc_core_exception_c
[01:50:38.659] RX< heck:405]discontinuous frame, now: 12163, last: 12161
[01:50:38.659] RX< [34m[AE] fid=12180,exp=9960,adg=263,Y=4773,mtg=180,shg=120,bgbv=1638,iso=263,cnv2,hdr0
[01:50:38.659] RX< [0m[7] [cam] [826347][me0][me_core_thread:359]ME out fid 12180
[01:50:38.659] RX< [4] [cam] [826395][qpc0][qpc_core_exception_check:
[01:50:39.607] RX< 411]interp not finish in sof, fid: 12191
[01:50:39.607] RX< [4] [cam] [826425][qpc0][qpc_core_exception_check:405]discontinuous frame, now: 12193, last: 12191
[01:50:39.607] RX< [34m[AE] fid=12210,exp=9960,adg=263,Y=4768,mtg=180,shg=119,bgbv=1638,iso=263,cnv2,hdr0
[01:50:39.607] RX< [0m[7] [cam] [827347][me0][
[01:50:40.259] RX< me_core_thread:359]ME out fid 12210
[01:50:40.259] RX< [4] [cam] [827424][qpc0][qpc_core_exception_check:405]discontinuous frame, now: 12223, last: 12221
[01:50:40.259] RX< [34m[AE] fid=12240,exp=9960,adg=263,Y=4766,mtg=180,shg=119,bgbv=1638,iso=263,cnv2,hdr0
[01:50:40.259] RX< [0m[34m[b_ae0 proc] perf=961(us
[01:50:40.658] RX< ), max=1067(us)!
[01:50:40.658] RX< [0m[34m[awb0 proc] perf=3880(us), max=4036(us)!
[01:50:40.658] RX< [0m[34m[ME INTP]fid=12240, shutter=9960, perf=6(us), max=14071(us)!
[01:50:40.658] RX< [0m[RTMP] f_index = 12240, f_len = 8792
[01:50:40.658] RX< [7] [cam] [828347][me0][me_core_thread:359]ME out fid 12240
[01:50:40.658] RX< [4] [cam] [828393
[01:50:41.255] RX< ][qpc0][qpc_core_exception_check:411]interp not finish in sof, fid: 12251
[01:50:41.255] RX< [4] [cam] [828425][qpc0][qpc_core_exception_check:405]discontinuous frame, now: 12253, last: 12251
[01:50:41.255] RX< [34m[AE] fid=12270,exp=9960,adg=263,Y=4762,mtg=180,shg=119,bgbv=1634,iso=263,cnv2,
[01:50:42.255] RX< hdr0
[01:50:42.255] RX< [0m[7] [cam] [829347][me0][me_core_thread:359]ME out fid 12270
[01:50:42.255] RX< [4] [cam] [829424][qpc0][qpc_core_exception_check:405]discontinuous frame, now: 12283, last: 12281
[01:50:42.255] RX< [34m[AE] fid=12300,exp=9960,adg=263,Y=4775,mtg=180,shg=119,bgbv=1642,iso=263,cnv2,hdr0
[01:50:43.259] RX< [0m[7] [cam] [830347][me0][me_core_thread:359]ME out fid 12300
[01:50:43.259] RX< [4] [cam] [830424][qpc0][qpc_core_exception_check:405]discontinuous frame, now: 12313, last: 12311
[01:50:43.259] RX< [34m[AE] fid=12330,exp=9960,adg=263,Y=4773,mtg=180,shg=120,bgbv=1638,iso=263,cnv2,hdr0
[01:50:43.259] RX< [0m
[01:50:44.255] RX< [34m[b_ae0 proc] perf=1086(us), max=2051(us)!
[01:50:44.255] RX< [0m[34m[awb0 proc] perf=3671(us), max=4626(us)!
[01:50:44.255] RX< [0m[RTMP] f_index = 12330, f_len = 19993
[01:50:44.255] RX< [7] [cam] [831347][me0][me_core_thread:359]ME out fid 12330
[01:50:44.255] RX< [RTMP] slow send frame 12331 len=96582 dt=57ms (IDR)
[01:50:44.255] RX< [34
[01:50:44.657] RX< m[AE] fid=12360,exp=9960,adg=263,Y=4748,mtg=180,shg=119,bgbv=1631,iso=263,cnv2,hdr0
[01:50:44.657] RX< [0m[34m[ME INTP]fid=12360, shutter=9960, perf=6(us), max=1918(us)!
[01:50:44.657] RX< [0m[7] [cam] [832346][me0][me_core_thread:359]ME out fid 12360
[01:50:44.657] RX< [4] [cam] [832393][qpc0][qpc_core_excep
[01:50:45.607] RX< tion_check:411]interp not finish in sof, fid: 12371
[01:50:45.607] RX< [4] [cam] [832424][qpc0][qpc_core_exception_check:405]discontinuous frame, now: 12373, last: 12371
[01:50:45.607] RX< [34m[AE] fid=12390,exp=9960,adg=263,Y=4734,mtg=180,shg=119,bgbv=1627,iso=263,cnv2,hdr0
[01:50:45.607] RX< [0m[7] [cam] [83
[01:50:46.258] RX< 3346][me0][me_core_thread:359]ME out fid 12390
[01:50:46.258] RX< [4] [cam] [833393][qpc0][qpc_core_exception_check:411]interp not finish in sof, fid: 12401
[01:50:46.258] RX< [4] [cam] [833423][qpc0][qpc_core_exception_check:405]discontinuous frame, now: 12403, last: 12401
[01:50:46.258] RX< [34m[AE] fid=12420
[01:50:46.595] RX< ,exp=9960,adg=263,Y=4739,mtg=180,shg=119,bgbv=1631,iso=263,cnv2,hdr0
[01:50:46.595] RX< [0m[34m[b_ae0 proc] perf=945(us), max=2694(us)!
[01:50:46.595] RX< [0m[34m[awb0 proc] perf=3799(us), max=4008(us)!
[01:50:46.595] RX< [0m[RTMP] f_index = 12420, f_len = 19988
[01:50:46.595] RX< [7] [cam] [834346][me0][me_core_thread:359]M
[01:50:47.254] RX< E out fid 12420
[01:50:47.254] RX< [4] [cam] [834392][qpc0][qpc_core_exception_check:411]interp not finish in sof, fid: 12431
[01:50:47.254] RX< [4] [cam] [834424][qpc0][qpc_core_exception_check:405]discontinuous frame, now: 12433, last: 12431
[01:50:47.254] RX< [34m[AE] fid=12450,exp=9960,adg=263,Y=4751,mtg=18
[01:50:48.254] RX< 0,shg=119,bgbv=1634,iso=263,cnv2,hdr0
[01:50:48.254] RX< [0m[7] [cam] [835346][me0][me_core_thread:359]ME out fid 12450
[01:50:48.254] RX< [4] [cam] [835424][qpc0][qpc_core_exception_check:405]discontinuous frame, now: 12463, last: 12461
[01:50:48.254] RX< [34m[AE] fid=12480,exp=9960,adg=263,Y=4745,mtg=180,shg
[01:50:48.659] RX< =119,bgbv=1631,iso=263,cnv2,hdr0
[01:50:48.659] RX< [0m[34m[ME INTP]fid=12480, shutter=9960, perf=6(us), max=3073(us)!
[01:50:48.659] RX< [0m[7] [cam] [836346][me0][me_core_thread:359]ME out fid 12480
[01:50:48.659] RX< [4] [cam] [836395][qpc0][qpc_core_exception_check:411]interp not finish in sof, fid: 12491
[01:50:49.258] RX< 
[01:50:49.258] RX< [4] [cam] [836423][qpc0][qpc_core_exception_check:405]discontinuous frame, now: 12493, last: 12491
[01:50:49.258] RX< [34m[AE] fid=12510,exp=9960,adg=263,Y=4744,mtg=180,shg=119,bgbv=1631,iso=263,cnv2,hdr0
[01:50:49.258] RX< [0m[34m[b_ae0 proc] perf=962(us), max=3235(us)!
[01:50:49.258] RX< [0m[34m[awb0 pr
[01:50:49.687] RX< oc] perf=3815(us), max=4639(us)!
[01:50:49.687] RX< [0m[RTMP] f_index = 12510, f_len = 20277
[01:50:49.687] RX< [7] [cam] [837346][me0][me_core_thread:359]ME out fid 12510
[01:50:49.687] RX< [4] [cam] [837391][qpc0][qpc_core_exception_check:411]interp not finish in sof, fid: 12521
[01:50:49.687] RX< [4] [cam] [837423][qpc0][qpc_c
[01:50:50.686] RX< ore_exception_check:405]discontinuous frame, now: 12523, last: 12521
[01:50:50.686] RX< [34m[AE] fid=12540,exp=9960,adg=263,Y=4745,mtg=180,shg=119,bgbv=1631,iso=263,cnv2,hdr0
[01:50:50.686] RX< [0m[7] [cam] [838346][me0][me_core_thread:359]ME out fid 12540
[01:50:50.686] RX< [4] [cam] [838423][qpc0][qpc_core_e
[01:50:51.686] RX< xception_check:405]discontinuous frame, now: 12553, last: 12551
[01:50:51.686] RX< [34m[AE] fid=12570,exp=9960,adg=263,Y=4748,mtg=180,shg=119,bgbv=1631,iso=263,cnv2,hdr0
[01:50:51.686] RX< [0m[7] [cam] [839346][me0][me_core_thread:359]ME out fid 12570
[01:50:51.686] RX< [4] [cam] [839423][qpc0][qpc_core_except
[01:50:52.354] RX< ion_check:405]discontinuous frame, now: 12583, last: 12581
[01:50:52.354] RX< [34m[AE] fid=12600,exp=9960,adg=263,Y=4748,mtg=180,shg=119,bgbv=1631,iso=263,cnv2,hdr0
[01:50:52.354] RX< [0m[34m[b_ae0 proc] perf=970(us), max=3815(us)!
[01:50:52.354] RX< [0m[34m[awb0 proc] perf=3689(us), max=3884(us)!
[01:50:52.354] RX< [0m[34
[01:50:52.686] RX< m[ME INTP]fid=12600, shutter=9960, perf=254(us), max=4352(us)!
[01:50:52.686] RX< [0m[RTMP] f_index = 12600, f_len = 8188
[01:50:52.686] RX< [7] [cam] [840345][me0][me_core_thread:359]ME out fid 12600
[01:50:52.686] RX< [4] [cam] [840423][qpc0][qpc_core_exception_check:405]discontinuous frame, now: 12613, last:
[01:50:53.686] RX<  12611
[01:50:53.686] RX< [34m[AE] fid=12630,exp=9960,adg=263,Y=4751,mtg=180,shg=119,bgbv=1634,iso=263,cnv2,hdr0
[01:50:53.686] RX< [0m[7] [cam] [841345][me0][me_core_thread:359]ME out fid 12630
[01:50:53.686] RX< [4] [cam] [841423][qpc0][qpc_core_exception_check:405]discontinuous frame, now: 12643, last: 1264
[01:50:55.258] RX< 1
[01:50:55.258] RX< [34m[AE] fid=12660,exp=9960,adg=263,Y=4750,mtg=180,shg=119,bgbv=1634,iso=263,cnv2,hdr0
[01:50:55.258] RX< [0m[7] [cam] [842345][me0][me_core_thread:359]ME out fid 12660
[01:50:55.258] RX< [4] [cam] [842423][qpc0][qpc_core_exception_check:405]discontinuous frame, now: 12673, last: 12671
[01:50:55.258] RX< [3
[01:50:55.595] RX< 4m[AE] fid=12690,exp=9960,adg=263,Y=4743,mtg=180,shg=119,bgbv=1631,iso=263,cnv2,hdr0
[01:50:55.595] RX< [0m[34m[b_ae0 proc] perf=910(us), max=4399(us)!
[01:50:55.595] RX< [0m[34m[awb0 proc] perf=3800(us), max=4583(us)!
[01:50:55.595] RX< [0m[RTMP] f_index = 12690, f_len = 19672
[01:50:55.595] RX< [7] [cam] [843345][me0][me_c
[01:50:56.252] RX< ore_thread:359]ME out fid 12690
[01:50:56.252] RX< [4] [cam] [843393][qpc0][qpc_core_exception_check:411]interp not finish in sof, fid: 12701
[01:50:56.252] RX< [4] [cam] [843423][qpc0][qpc_core_exception_check:405]discontinuous frame, now: 12703, last: 12701
[01:50:56.252] RX< [34m[AE] fid=12720,exp=9960,adg=2
[01:50:57.252] RX< 63,Y=4748,mtg=180,shg=119,bgbv=1631,iso=263,cnv2,hdr0
[01:50:57.252] RX< [0m[34m[ME INTP]fid=12720, shutter=9960, perf=6(us), max=741(us)!
[01:50:57.252] RX< [0m[7] [cam] [844345][me0][me_core_thread:359]ME out fid 12720
[01:50:57.252] RX< [34m[AE] fid=12750,exp=9960,adg=263,Y=4741,mtg=180,shg=119,bgbv=1631,
[01:50:57.686] RX< iso=263,cnv2,hdr0
[01:50:57.686] RX< [0m[7] [cam] [845345][me0][me_core_thread:359]ME out fid 12750
[01:50:57.686] RX< [4] [cam] [845391][qpc0][qpc_core_exception_check:411]interp not finish in sof, fid: 12761
[01:50:57.686] RX< [4] [cam] [845423][qpc0][qpc_core_exception_check:405]discontinuous frame, now: 127
[01:50:58.593] RX< 63, last: 12761
[01:50:58.593] RX< [34m[AE] fid=12780,exp=9960,adg=263,Y=4735,mtg=180,shg=119,bgbv=1627,iso=263,cnv2,hdr0
[01:50:58.593] RX< [0m[34m[b_ae0 proc] perf=964(us), max=1666(us)!
[01:50:58.593] RX< [0m[34m[awb0 proc] perf=3855(us), max=3919(us)!
[01:50:58.593] RX< [0m[RTMP] f_index = 12780, f_len = 10477
[01:50:58.593] RX< [7] [cam]
[01:50:59.604] RX<  [846345][me0][me_core_thread:359]ME out fid 12780
[01:50:59.604] RX< [4] [cam] [846422][qpc0][qpc_core_exception_check:405]discontinuous frame, now: 12793, last: 12791
[01:50:59.604] RX< [34m[AE] fid=12810,exp=9960,adg=263,Y=4734,mtg=180,shg=119,bgbv=1627,iso=263,cnv2,hdr0
[01:50:59.604] RX< [0m[7] [cam] [847
[01:51:00.592] RX< 344][me0][me_core_thread:359]ME out fid 12810
[01:51:00.592] RX< [RTMP] slow send frame 12812 len=29595 dt=56ms
[01:51:00.592] RX< [34m[AE] fid=12840,exp=9960,adg=263,Y=4741,mtg=180,shg=119,bgbv=1631,iso=263,cnv2,hdr0
[01:51:00.592] RX< [0m[34m[ME INTP]fid=12840, shutter=9960, perf=6(us), max=3498(us)!
[01:51:00.592] RX< [0m[7
[01:51:01.256] RX< ] [cam] [848344][me0][me_core_thread:359]ME out fid 12840
[01:51:01.256] RX< [4] [cam] [848422][qpc0][qpc_core_exception_check:405]discontinuous frame, now: 12853, last: 12851
[01:51:01.256] RX< [34m[AE] fid=12870,exp=10000,adg=263,Y=4731,mtg=180,shg=118,bgbv=1624,iso=263,cnv2,hdr0
[01:51:01.256] RX< [0m[34m[
[01:51:02.251] RX< b_ae0 proc] perf=952(us), max=2209(us)!
[01:51:02.251] RX< [0m[34m[awb0 proc] perf=3685(us), max=4246(us)!
[01:51:02.251] RX< [0m[RTMP] f_index = 12870, f_len = 14294
[01:51:02.251] RX< [7] [cam] [849344][me0][me_core_thread:359]ME out fid 12870
[01:51:02.251] RX< [34m[AE] fid=12900,exp=10000,adg=263,Y=4743,mtg=180,shg=119,bg
[01:51:03.716] RX< bv=1628,iso=263,cnv2,hdr0
[01:51:03.716] RX< [0m[7] [cam] [850344][me0][me_core_thread:359]ME out fid 12900
[01:51:03.716] RX< [34m[AE] fid=12930,exp=10000,adg=263,Y=4749,mtg=180,shg=119,bgbv=1628,iso=263,cnv2,hdr0
[01:51:03.716] RX< [0m[7] [cam] [851344][me0][me_core_thread:359]ME out fid 12930
[01:51:03.716] RX< [RTMP] slow s
[01:51:04.351] RX< end frame 12932 len=24697 dt=77ms
[01:51:04.351] RX< [34m[AE] fid=12960,exp=10000,adg=263,Y=4765,mtg=180,shg=119,bgbv=1635,iso=263,cnv2,hdr0
[01:51:04.351] RX< [0m[34m[b_ae0 proc] perf=1088(us), max=2435(us)!
[01:51:04.351] RX< [0m[34m[awb0 proc] perf=3797(us), max=4507(us)!
[01:51:04.351] RX< [0m[34m[ME INTP]fid=12960, sh
[01:51:05.251] RX< utter=10000, perf=6(us), max=2398(us)!
[01:51:05.251] RX< [0m[RTMP] f_index = 12960, f_len = 12699
[01:51:05.251] RX< [7] [cam] [852344][me0][me_core_thread:359]ME out fid 12960
[01:51:05.251] RX< [4] [cam] [852421][qpc0][qpc_core_exception_check:405]discontinuous frame, now: 12973, last: 12971
[01:51:05.251] RX< [34m[AE] fid=12
[01:51:06.251] RX< 990,exp=9960,adg=263,Y=4764,mtg=180,shg=119,bgbv=1638,iso=263,cnv2,hdr0
[01:51:06.251] RX< [0m[7] [cam] [853344][me0][me_core_thread:359]ME out fid 12990
[01:51:06.251] RX< [4] [cam] [853421][qpc0][qpc_core_exception_check:405]discontinuous frame, now: 13003, last: 13001
[01:51:06.251] RX< [34m[AE] fid=13020,e
[01:51:07.255] RX< xp=9960,adg=263,Y=4765,mtg=180,shg=119,bgbv=1638,iso=263,cnv2,hdr0
[01:51:07.255] RX< [0m[7] [cam] [854343][me0][me_core_thread:359]ME out fid 13020
[01:51:07.255] RX< [4] [cam] [854421][qpc0][qpc_core_exception_check:405]discontinuous frame, now: 13033, last: 13031
[01:51:07.255] RX< [34m[AE] fid=13050,exp=99
[01:51:07.591] RX< 60,adg=263,Y=4770,mtg=180,shg=120,bgbv=1638,iso=263,cnv2,hdr0
[01:51:07.591] RX< [0m[34m[b_ae0 proc] perf=959(us), max=3607(us)!
[01:51:07.591] RX< [0m[34m[awb0 proc] perf=3800(us), max=4591(us)!
[01:51:07.591] RX< [0m[RTMP] f_index = 13050, f_len = 7970
[01:51:07.591] RX< [7] [cam] [855343][me0][me_core_thread:359]ME out fi
[01:51:08.350] RX< d 13050
[01:51:08.350] RX< [4] [cam] [855421][qpc0][qpc_core_exception_check:405]discontinuous frame, now: 13063, last: 13061
[01:51:08.350] RX< [34m[AE] fid=13080,exp=9960,adg=263,Y=4779,mtg=180,shg=120,bgbv=1642,iso=263,cnv2,hdr0
[01:51:08.350] RX< [0m[34m[ME INTP]fid=13080, shutter=9960, perf=6(us), max=88
[01:51:09.250] RX< 6(us)!
[01:51:09.250] RX< [0m[7] [cam] [856343][me0][me_core_thread:359]ME out fid 13080
[01:51:09.250] RX< [4] [cam] [856422][qpc0][qpc_core_exception_check:405]discontinuous frame, now: 13093, last: 13091
[01:51:09.250] RX< [34m[AE] fid=13110,exp=9960,adg=263,Y=4775,mtg=180,shg=120,bgbv=1642,iso=263,cnv2,hdr
[01:51:10.254] RX< 0
[01:51:10.254] RX< [0m[7] [cam] [857343][me0][me_core_thread:359]ME out fid 13110
[01:51:10.254] RX< [4] [cam] [857421][qpc0][qpc_core_exception_check:405]discontinuous frame, now: 13123, last: 13121
[01:51:10.254] RX< [34m[AE] fid=13140,exp=9960,adg=263,Y=4772,mtg=180,shg=120,bgbv=1638,iso=263,cnv2,hdr0
[01:51:10.254] RX< [0
[01:51:10.654] RX< m[34m[b_ae0 proc] perf=977(us), max=3226(us)!
[01:51:10.654] RX< [0m[34m[awb0 proc] perf=3700(us), max=4013(us)!
[01:51:10.654] RX< [0m[RTMP] f_index = 13140, f_len = 19671
[01:51:10.654] RX< [7] [cam] [858343][me0][me_core_thread:359]ME out fid 13140
[01:51:10.654] RX< [4] [cam] [858389][qpc0][qpc_core_exception_check:411]in
[01:51:11.602] RX< terp not finish in sof, fid: 13151
[01:51:11.602] RX< [4] [cam] [858420][qpc0][qpc_core_exception_check:405]discontinuous frame, now: 13153, last: 13151
[01:51:11.602] RX< [34m[AE] fid=13170,exp=9960,adg=263,Y=4772,mtg=180,shg=119,bgbv=1638,iso=263,cnv2,hdr0
[01:51:11.602] RX< [0m[7] [cam] [859343][me0][me_cor
[01:51:12.249] RX< e_thread:359]ME out fid 13170
[01:51:12.249] RX< [RTMP] slow send frame 13171 len=84021 dt=58ms (IDR)
[01:51:12.249] RX< [4] [cam] [859454][qpc0][qpc_core_exception_check:405]discontinuous frame, now: 13184, last: 13182
[01:51:12.249] RX< [34m[AE] fid=13200,exp=9960,adg=263,Y=4768,mtg=180,shg=119,bgbv=1638,iso=
[01:51:12.683] RX< 263,cnv2,hdr0
[01:51:12.683] RX< [0m[34m[ME INTP]fid=13200, shutter=9960, perf=7(us), max=1174(us)!
[01:51:12.683] RX< [0m[7] [cam] [860343][me0][me_core_thread:359]ME out fid 13200
[01:51:12.683] RX< [4] [cam] [860389][qpc0][qpc_core_exception_check:411]interp not finish in sof, fid: 13211
[01:51:12.683] RX< [4] [cam] [860420]
[01:51:13.254] RX< [qpc0][qpc_core_exception_check:405]discontinuous frame, now: 13213, last: 13211
[01:51:13.254] RX< [34m[AE] fid=13230,exp=9960,adg=263,Y=4770,mtg=180,shg=119,bgbv=1638,iso=263,cnv2,hdr0
[01:51:13.254] RX< [0m[34m[b_ae0 proc] perf=1089(us), max=2521(us)!
[01:51:13.254] RX< [0m[34m[awb0 proc] perf=3795(us),
[01:51:14.249] RX<  max=4104(us)!
[01:51:14.249] RX< [0m[RTMP] f_index = 13230, f_len = 9154
[01:51:14.249] RX< [7] [cam] [861343][me0][me_core_thread:359]ME out fid 13230
[01:51:14.249] RX< [4] [cam] [861420][qpc0][qpc_core_exception_check:405]discontinuous frame, now: 13243, last: 13241
[01:51:14.249] RX< [34m[AE] fid=13260,exp=9960,adg=263,Y=47
[01:51:14.682] RX< 73,mtg=180,shg=119,bgbv=1638,iso=263,cnv2,hdr0
[01:51:14.682] RX< [0m[7] [cam] [862342][me0][me_core_thread:359]ME out fid 13260
[01:51:14.682] RX< [4] [cam] [862387][qpc0][qpc_core_exception_check:411]interp not finish in sof, fid: 13271
[01:51:14.682] RX< [4] [cam] [862419][qpc0][qpc_core_exception_check:405]
[01:51:15.682] RX< discontinuous frame, now: 13273, last: 13271
[01:51:15.682] RX< [34m[AE] fid=13290,exp=9960,adg=263,Y=4771,mtg=180,shg=119,bgbv=1638,iso=263,cnv2,hdr0
[01:51:15.682] RX< [0m[7] [cam] [863342][me0][me_core_thread:359]ME out fid 13290
[01:51:15.682] RX< [4] [cam] [863420][qpc0][qpc_core_exception_check:405]disco
[01:51:16.350] RX< ntinuous frame, now: 13303, last: 13301
[01:51:16.350] RX< [34m[AE] fid=13320,exp=9960,adg=263,Y=4774,mtg=180,shg=119,bgbv=1638,iso=263,cnv2,hdr0
[01:51:16.350] RX< [0m[34m[b_ae0 proc] perf=969(us), max=3460(us)!
[01:51:16.350] RX< [0m[34m[awb0 proc] perf=3799(us), max=3927(us)!
[01:51:16.350] RX< [0m[34m[ME INTP]fid=13320
[01:51:16.682] RX< , shutter=9960, perf=6(us), max=3000(us)!
[01:51:16.682] RX< [0m[RTMP] f_index = 13320, f_len = 20128
[01:51:16.682] RX< [7] [cam] [864342][me0][me_core_thread:359]ME out fid 13320
[01:51:16.682] RX< [4] [cam] [864388][qpc0][qpc_core_exception_check:411]interp not finish in sof, fid: 13331
[01:51:16.682] RX< [4] [cam] [864420][qp
[01:51:17.651] RX< c0][qpc_core_exception_check:405]discontinuous frame, now: 13333, last: 13331
[01:51:17.651] RX< [34m[AE] fid=13350,exp=9960,adg=263,Y=4773,mtg=180,shg=119,bgbv=1638,iso=263,cnv2,hdr0
[01:51:17.651] RX< [0m[7] [cam] [865342][me0][me_core_thread:359]ME out fid 13350
[01:51:17.651] RX< [4] [cam] [865388][qpc0][q
[01:51:18.249] RX< pc_core_exception_check:411]interp not finish in sof, fid: 13361
[01:51:18.249] RX< [4] [cam] [865419][qpc0][qpc_core_exception_check:405]discontinuous frame, now: 13363, last: 13361
[01:51:18.249] RX< [34m[AE] fid=13380,exp=9960,adg=263,Y=4762,mtg=180,shg=119,bgbv=1634,iso=263,cnv2,hdr0
[01:51:18.249] RX< [0m
[01:51:19.253] RX< [7] [cam] [866342][me0][me_core_thread:359]ME out fid 13380
[01:51:19.253] RX< [4] [cam] [866387][qpc0][qpc_core_exception_check:411]interp not finish in sof, fid: 13391
[01:51:19.253] RX< [4] [cam] [866419][qpc0][qpc_core_exception_check:405]discontinuous frame, now: 13393, last: 13391
[01:51:19.253] RX< [34m[
[01:51:19.590] RX< AE] fid=13410,exp=9960,adg=263,Y=4762,mtg=180,shg=119,bgbv=1634,iso=263,cnv2,hdr0
[01:51:19.590] RX< [0m[34m[b_ae0 proc] perf=989(us), max=3024(us)!
[01:51:19.590] RX< [0m[34m[awb0 proc] perf=3667(us), max=3873(us)!
[01:51:19.590] RX< [0m[RTMP] f_index = 13410, f_len = 13928
[01:51:19.590] RX< [7] [cam] [867342][me0][me_core
[01:51:20.249] RX< _thread:359]ME out fid 13410
[01:51:20.249] RX< [4] [cam] [867389][qpc0][qpc_core_exception_check:411]interp not finish in sof, fid: 13421
[01:51:20.249] RX< [4] [cam] [867419][qpc0][qpc_core_exception_check:405]discontinuous frame, now: 13423, last: 13421
[01:51:20.249] RX< [34m[AE] fid=13440,exp=9960,adg=263,
[01:51:20.682] RX< Y=4766,mtg=180,shg=119,bgbv=1638,iso=263,cnv2,hdr0
[01:51:20.682] RX< [0m[34m[ME INTP]fid=13440, shutter=9960, perf=6(us), max=348(us)!
[01:51:20.682] RX< [0m[7] [cam] [868342][me0][me_core_thread:359]ME out fid 13440
[01:51:20.682] RX< [4] [cam] [868420][qpc0][qpc_core_exception_check:405]discontinuous frame
[01:51:22.252] RX< , now: 13453, last: 13451
[01:51:22.252] RX< [34m[AE] fid=13470,exp=9960,adg=263,Y=4770,mtg=180,shg=119,bgbv=1638,iso=263,cnv2,hdr0
[01:51:22.252] RX< [0m[7] [cam] [869341][me0][me_core_thread:359]ME out fid 13470
[01:51:22.252] RX< [34m[AE] fid=13500,exp=9960,adg=263,Y=4770,mtg=180,shg=119,bgbv=1638,iso=263,
[01:51:22.682] RX< cnv2,hdr0
[01:51:22.682] RX< [0m[34m[b_ae0 proc] perf=1086(us), max=5156(us)!
[01:51:22.682] RX< [0m[34m[awb0 proc] perf=3798(us), max=4771(us)!
[01:51:22.682] RX< [0m[RTMP] f_index = 13500, f_len = 19718
[01:51:22.682] RX< [7] [cam] [870341][me0][me_core_thread:359]ME out fid 13500
[01:51:22.682] RX< [4] [cam] [870419][qpc0][qpc_core_exceptio
[01:51:23.680] RX< n_check:405]discontinuous frame, now: 13513, last: 13511
[01:51:23.680] RX< [34m[AE] fid=13530,exp=9960,adg=263,Y=4772,mtg=180,shg=120,bgbv=1638,iso=263,cnv2,hdr0
[01:51:23.680] RX< [0m[7] [cam] [871341][me0][me_core_thread:359]ME out fid 13530
[01:51:23.680] RX< [4] [cam] [871418][qpc0][qpc_core_exception_che
[01:51:24.588] RX< ck:405]discontinuous frame, now: 13543, last: 13541
[01:51:24.588] RX< [34m[AE] fid=13560,exp=9960,adg=263,Y=4790,mtg=180,shg=120,bgbv=1646,iso=263,cnv2,hdr0
[01:51:24.588] RX< [0m[34m[ME INTP]fid=13560, shutter=9960, perf=237(us), max=1049(us)!
[01:51:24.588] RX< [0m[7] [cam] [872341][me0][me_core_thread:35
[01:51:25.253] RX< 9]ME out fid 13560
[01:51:25.253] RX< [4] [cam] [872419][qpc0][qpc_core_exception_check:405]discontinuous frame, now: 13573, last: 13571
[01:51:25.253] RX< [34m[AE] fid=13590,exp=9960,adg=263,Y=4779,mtg=180,shg=120,bgbv=1642,iso=263,cnv2,hdr0
[01:51:25.253] RX< [0m[34m[b_ae0 proc] perf=973(us), max=4972(us)!
[01:51:26.248] RX< 
[01:51:26.248] RX< [0m[34m[awb0 proc] perf=3789(us), max=5880(us)!
[01:51:26.248] RX< [0m[RTMP] f_index = 13590, f_len = 10364
[01:51:26.248] RX< [7] [cam] [873341][me0][me_core_thread:359]ME out fid 13590
[01:51:26.248] RX< [4] [cam] [873418][qpc0][qpc_core_exception_check:405]discontinuous frame, now: 13603, last: 13601
[01:51:26.248] RX< [34
[01:51:26.680] RX< m[AE] fid=13620,exp=9960,adg=263,Y=4782,mtg=180,shg=120,bgbv=1642,iso=263,cnv2,hdr0
[01:51:26.680] RX< [0m[7] [cam] [874341][me0][me_core_thread:359]ME out fid 13620
[01:51:26.680] RX< [4] [cam] [874388][qpc0][qpc_core_exception_check:411]interp not finish in sof, fid: 13631
[01:51:26.680] RX< [4] [cam] [874418
[01:51:27.681] RX< ][qpc0][qpc_core_exception_check:405]discontinuous frame, now: 13633, last: 13631
[01:51:27.681] RX< [34m[AE] fid=13650,exp=9960,adg=263,Y=4783,mtg=180,shg=120,bgbv=1642,iso=263,cnv2,hdr0
[01:51:27.681] RX< [0m[7] [cam] [875341][me0][me_core_thread:359]ME out fid 13650
[01:51:27.681] RX< [4] [cam] [875418][qpc
[01:51:28.251] RX< 0][qpc_core_exception_check:405]discontinuous frame, now: 13663, last: 13661
[01:51:28.251] RX< [34m[AE] fid=13680,exp=9960,adg=263,Y=4783,mtg=180,shg=120,bgbv=1642,iso=263,cnv2,hdr0
[01:51:28.251] RX< [0m[34m[b_ae0 proc] perf=937(us), max=4225(us)!
[01:51:28.251] RX< [0m[34m[awb0 proc] perf=3797(us), max=
[01:51:28.681] RX< 4994(us)!
[01:51:28.681] RX< [0m[34m[ME INTP]fid=13680, shutter=9960, perf=6(us), max=1987(us)!
[01:51:28.681] RX< [0m[RTMP] f_index = 13680, f_len = 9713
[01:51:28.681] RX< [7] [cam] [876340][me0][me_core_thread:359]ME out fid 13680
[01:51:28.681] RX< [4] [cam] [876418][qpc0][qpc_core_exception_check:405]discontinuous frame, n
[01:51:29.651] RX< ow: 13693, last: 13691
[01:51:29.651] RX< [34m[AE] fid=13710,exp=9960,adg=263,Y=4779,mtg=180,shg=120,bgbv=1642,iso=263,cnv2,hdr0
[01:51:29.651] RX< [0m[7] [cam] [877340][me0][me_core_thread:359]ME out fid 13710
[01:51:29.651] RX< [4] [cam] [877388][qpc0][qpc_core_exception_check:411]interp not finish in sof, f
[01:51:30.600] RX< id: 13721
[01:51:30.600] RX< [4] [cam] [877418][qpc0][qpc_core_exception_check:405]discontinuous frame, now: 13723, last: 13721
[01:51:30.600] RX< [34m[AE] fid=13740,exp=9960,adg=263,Y=4781,mtg=180,shg=120,bgbv=1642,iso=263,cnv2,hdr0
[01:51:30.600] RX< [0m[7] [cam] [878340][me0][me_core_thread:359]ME out fid 1
[01:51:31.251] RX< 3740
[01:51:31.251] RX< [4] [cam] [878389][qpc0][qpc_core_exception_check:411]interp not finish in sof, fid: 13751
[01:51:31.251] RX< [4] [cam] [878418][qpc0][qpc_core_exception_check:405]discontinuous frame, now: 13753, last: 13751
[01:51:31.251] RX< [34m[AE] fid=13770,exp=9960,adg=263,Y=4781,mtg=180,shg=120,b
[01:51:31.680] RX< gbv=1642,iso=263,cnv2,hdr0
[01:51:31.680] RX< [0m[34m[b_ae0 proc] perf=973(us), max=3415(us)!
[01:51:31.680] RX< [0m[34m[awb0 proc] perf=3679(us), max=4516(us)!
[01:51:31.680] RX< [0m[RTMP] f_index = 13770, f_len = 8125
[01:51:31.680] RX< [7] [cam] [879340][me0][me_core_thread:359]ME out fid 13770
[01:51:31.680] RX< [4] [cam] [879418][qpc0][qp
[01:51:32.603] RX< c_core_exception_check:405]discontinuous frame, now: 13783, last: 13781
[01:51:32.603] RX< [34m[AE] fid=13800,exp=9960,adg=263,Y=4777,mtg=180,shg=120,bgbv=1642,iso=263,cnv2,hdr0
[01:51:32.603] RX< [0m[34m[ME INTP]fid=13800, shutter=9960, perf=6(us), max=1962(us)!
[01:51:32.603] RX< [0m[7] [cam] [880340][me0]
[01:51:33.679] RX< [me_core_thread:359]ME out fid 13800
[01:51:33.679] RX< [RTMP] slow send frame 13801 len=83982 dt=70ms (IDR)
[01:51:33.679] RX< [34m[AE] fid=13830,exp=9960,adg=263,Y=4784,mtg=180,shg=120,bgbv=1642,iso=263,cnv2,hdr0
[01:51:33.679] RX< [0m[7] [cam] [881340][me0][me_core_thread:359]ME out fid 13830
[01:51:33.679] RX< [4] [cam] [881
[01:51:34.251] RX< 416][qpc0][qpc_core_exception_check:405]discontinuous frame, now: 13843, last: 13841
[01:51:34.251] RX< [34m[AE] fid=13860,exp=9960,adg=263,Y=4784,mtg=180,shg=120,bgbv=1642,iso=263,cnv2,hdr0
[01:51:34.251] RX< [0m[34m[b_ae0 proc] perf=954(us), max=3995(us)!
[01:51:34.251] RX< [0m[34m[awb0 proc] perf=3805(u
[01:51:34.680] RX< s), max=4414(us)!
[01:51:34.680] RX< [0m[RTMP] f_index = 13860, f_len = 20235
[01:51:34.680] RX< [7] [cam] [882340][me0][me_core_thread:359]ME out fid 13860
[01:51:34.680] RX< [4] [cam] [882386][qpc0][qpc_core_exception_check:411]interp not finish in sof, fid: 13871
[01:51:34.680] RX< [4] [cam] [882417][qpc0][qpc_core_exception_c
[01:51:35.679] RX< heck:405]discontinuous frame, now: 13873, last: 13871
[01:51:35.679] RX< [34m[AE] fid=13890,exp=9960,adg=263,Y=4785,mtg=180,shg=120,bgbv=1642,iso=263,cnv2,hdr0
[01:51:35.679] RX< [0m[7] [cam] [883340][me0][me_core_thread:359]ME out fid 13890
[01:51:35.679] RX< [4] [cam] [883417][qpc0][qpc_core_exception_check:
[01:51:36.586] RX< 405]discontinuous frame, now: 13903, last: 13901
[01:51:36.586] RX< [34m[AE] fid=13920,exp=9960,adg=263,Y=4785,mtg=180,shg=120,bgbv=1642,iso=263,cnv2,hdr0
[01:51:36.586] RX< [0m[34m[ME INTP]fid=13920, shutter=9960, perf=6(us), max=1363(us)!
[01:51:36.586] RX< [0m[7] [cam] [884339][me0][me_core_thread:359]ME 
[01:51:37.251] RX< out fid 13920
[01:51:37.251] RX< [4] [cam] [884417][qpc0][qpc_core_exception_check:405]discontinuous frame, now: 13933, last: 13931
[01:51:37.251] RX< [34m[AE] fid=13950,exp=9960,adg=263,Y=4792,mtg=180,shg=120,bgbv=1646,iso=263,cnv2,hdr0
[01:51:37.251] RX< [0m[34m[b_ae0 proc] perf=964(us), max=4773(us)!
[01:51:37.251] RX< [0m
[01:51:37.679] RX< [34m[awb0 proc] perf=3804(us), max=4916(us)!
[01:51:37.679] RX< [0m[RTMP] f_index = 13950, f_len = 8113
[01:51:37.679] RX< [7] [cam] [885339][me0][me_core_thread:359]ME out fid 13950
[01:51:37.679] RX< [4] [cam] [885384][qpc0][qpc_core_exception_check:411]interp not finish in sof, fid: 13961
[01:51:37.679] RX< [4] [cam] [885417]
[01:51:38.679] RX< [qpc0][qpc_core_exception_check:405]discontinuous frame, now: 13963, last: 13961
[01:51:38.679] RX< [34m[AE] fid=13980,exp=9960,adg=263,Y=4779,mtg=180,shg=120,bgbv=1642,iso=263,cnv2,hdr0
[01:51:38.679] RX< [0m[7] [cam] [886339][me0][me_core_thread:359]ME out fid 13980
[01:51:38.679] RX< [4] [cam] [886417][qpc0
[01:51:39.679] RX< ][qpc_core_exception_check:405]discontinuous frame, now: 13993, last: 13991
[01:51:39.679] RX< [34m[AE] fid=14010,exp=9960,adg=263,Y=4782,mtg=180,shg=120,bgbv=1642,iso=263,cnv2,hdr0
[01:51:39.679] RX< [0m[7] [cam] [887339][me0][me_core_thread:359]ME out fid 14010
[01:51:39.679] RX< [4] [cam] [887416][qpc0][qpc
[01:51:40.250] RX< _core_exception_check:405]discontinuous frame, now: 14023, last: 14021
[01:51:40.250] RX< [34m[AE] fid=14040,exp=9960,adg=263,Y=4787,mtg=180,shg=120,bgbv=1642,iso=263,cnv2,hdr0
[01:51:40.250] RX< [0m[34m[b_ae0 proc] perf=984(us), max=5356(us)!
[01:51:40.250] RX< [0m[34m[awb0 proc] perf=3681(us), max=5316(u
[01:51:40.647] RX< s)!
[01:51:40.647] RX< [0m[34m[ME INTP]fid=14040, shutter=9960, perf=6(us), max=2629(us)!
[01:51:40.647] RX< [0m[RTMP] f_index = 14040, f_len = 19229
[01:51:40.647] RX< [7] [cam] [888339][me0][me_core_thread:359]ME out fid 14040
[01:51:40.647] RX< [4] [cam] [888385][qpc0][qpc_core_exception_check:411]interp not finish in sof, f
[01:51:41.597] RX< id: 14051
[01:51:41.597] RX< [4] [cam] [888416][qpc0][qpc_core_exception_check:405]discontinuous frame, now: 14053, last: 14051
[01:51:41.597] RX< [34m[AE] fid=14070,exp=9960,adg=263,Y=4792,mtg=180,shg=120,bgbv=1646,iso=263,cnv2,hdr0
[01:51:41.597] RX< [0m[7] [cam] [889339][me0][me_core_thread:359]ME out fid 1
[01:51:42.597] RX< 4070
[01:51:42.597] RX< [4] [cam] [889416][qpc0][qpc_core_exception_check:405]discontinuous frame, now: 14083, last: 14081
[01:51:42.597] RX< [34m[AE] fid=14100,exp=9960,adg=263,Y=4792,mtg=180,shg=120,bgbv=1646,iso=263,cnv2,hdr0
[01:51:42.597] RX< [0m[7] [cam] [890339][me0][me_core_thread:359]ME out fid 14100
[01:51:43.249] RX< [4] [cam] [890383][qpc0][qpc_core_exception_check:411]interp not finish in sof, fid: 14111
[01:51:43.249] RX< [4] [cam] [890417][qpc0][qpc_core_exception_check:405]discontinuous frame, now: 14113, last: 14111
[01:51:43.249] RX< [34m[AE] fid=14130,exp=9960,adg=263,Y=4789,mtg=180,shg=120,bgbv=1
[01:51:43.678] RX< 646,iso=263,cnv2,hdr0
[01:51:43.678] RX< [0m[34m[b_ae0 proc] perf=1031(us), max=2316(us)!
[01:51:43.678] RX< [0m[34m[awb0 proc] perf=3817(us), max=3902(us)!
[01:51:43.678] RX< [0m[RTMP] f_index = 14130, f_len = 13050
[01:51:43.678] RX< [7] [cam] [891338][me0][me_core_thread:359]ME out fid 14130
[01:51:43.678] RX< [4] [cam] [891416][qpc0][qpc_c
[01:51:44.585] RX< ore_exception_check:405]discontinuous frame, now: 14143, last: 14141
[01:51:44.585] RX< [34m[AE] fid=14160,exp=9960,adg=263,Y=4782,mtg=180,shg=120,bgbv=1642,iso=263,cnv2,hdr0
[01:51:44.585] RX< [0m[34m[ME INTP]fid=14160, shutter=9960, perf=5(us), max=22183(us)!
[01:51:44.585] RX< [0m[7] [cam] [892338][me0][m
[01:51:45.245] RX< e_core_thread:359]ME out fid 14160
[01:51:45.245] RX< [4] [cam] [892388][qpc0][qpc_core_exception_check:411]interp not finish in sof, fid: 14171
[01:51:45.245] RX< [4] [cam] [892417][qpc0][qpc_core_exception_check:405]discontinuous frame, now: 14173, last: 14171
[01:51:45.245] RX< [34m[AE] fid=14190,exp=9960,ad
[01:51:45.662] RX< g=263,Y=4788,mtg=180,shg=120,bgbv=1646,iso=263,cnv2,hdr0
[01:51:45.662] RX< [0m[7] [cam] [893338][me0][me_core_thread:359]ME out fid 14190
[01:51:45.662] RX< [4] [cam] [893384][qpc0][qpc_core_exception_check:411]interp not finish in sof, fid: 14201
[01:51:45.662] RX< [4] [cam] [893416][qpc0][qpc_core_exception_
[01:51:46.569] RX< check:405]discontinuous frame, now: 14203, last: 14201
[01:51:46.569] RX< [34m[AE] fid=14220,exp=9960,adg=263,Y=4785,mtg=180,shg=120,bgbv=1642,iso=263,cnv2,hdr0
[01:51:46.569] RX< [0m[34m[b_ae0 proc] perf=961(us), max=4427(us)!
[01:51:46.569] RX< [0m[34m[awb0 proc] perf=3803(us), max=3866(us)!
[01:51:46.569] RX< [0m[RTMP] f
[01:51:47.243] RX< _index = 14220, f_len = 7863
[01:51:47.243] RX< [7] [cam] [894338][me0][me_core_thread:359]ME out fid 14220
[01:51:47.243] RX< [4] [cam] [894415][qpc0][qpc_core_exception_check:405]discontinuous frame, now: 14233, last: 14231
[01:51:47.243] RX< [34m[AE] fid=14250,exp=9960,adg=263,Y=4796,mtg=180,shg=120,bgbv=164
[01:51:47.678] RX< 6,iso=263,cnv2,hdr0
[01:51:47.678] RX< [0m[7] [cam] [895338][me0][me_core_thread:359]ME out fid 14250
[01:51:47.678] RX< [4] [cam] [895385][qpc0][qpc_core_exception_check:411]interp not finish in sof, fid: 14261
[01:51:47.678] RX< [4] [cam] [895416][qpc0][qpc_core_exception_check:405]discontinuous frame, now: 1
[01:51:48.645] RX< 4263, last: 14261
[01:51:48.645] RX< [34m[AE] fid=14280,exp=9960,adg=263,Y=4788,mtg=180,shg=120,bgbv=1646,iso=263,cnv2,hdr0
[01:51:48.645] RX< [0m[34m[ME INTP]fid=14280, shutter=9960, perf=6(us), max=22850(us)!
[01:51:48.645] RX< [0m[7] [cam] [896338][me0][me_core_thread:359]ME out fid 14280
[01:51:48.645] RX< [4] [cam] [89638
[01:51:49.248] RX< 4][qpc0][qpc_core_exception_check:411]interp not finish in sof, fid: 14291
[01:51:49.248] RX< [4] [cam] [896415][qpc0][qpc_core_exception_check:405]discontinuous frame, now: 14293, last: 14291
[01:51:49.248] RX< [34m[AE] fid=14310,exp=9960,adg=263,Y=4787,mtg=180,shg=120,bgbv=1642,iso=263,cnv2
[01:51:49.651] RX< ,hdr0
[01:51:49.651] RX< [0m[34m[b_ae0 proc] perf=973(us), max=1081(us)!
[01:51:49.651] RX< [0m[34m[awb0 proc] perf=3782(us), max=3862(us)!
[01:51:49.651] RX< [0m[RTMP] f_index = 14310, f_len = 8018
[01:51:49.651] RX< [7] [cam] [897338][me0][me_core_thread:359]ME out fid 14310
[01:51:49.651] RX< [4] [cam] [897389][qpc0][qpc_core_exception_chec
[01:51:50.595] RX< k:411]interp not finish in sof, fid: 14321
[01:51:50.595] RX< [4] [cam] [897415][qpc0][qpc_core_exception_check:405]discontinuous frame, now: 14323, last: 14321
[01:51:50.595] RX< [34m[AE] fid=14340,exp=9960,adg=263,Y=4788,mtg=180,shg=120,bgbv=1646,iso=263,cnv2,hdr0
[01:51:50.595] RX< [0m[7] [cam] [898338][me0
[01:51:51.243] RX< ][me_core_thread:359]ME out fid 14340
[01:51:51.243] RX< [4] [cam] [898385][qpc0][qpc_core_exception_check:411]interp not finish in sof, fid: 14351
[01:51:51.243] RX< [4] [cam] [898415][qpc0][qpc_core_exception_check:405]discontinuous frame, now: 14353, last: 14351
[01:51:51.243] RX< [34m[AE] fid=14370,exp=9960
[01:51:52.248] RX< ,adg=263,Y=4788,mtg=180,shg=120,bgbv=1646,iso=263,cnv2,hdr0
[01:51:52.248] RX< [0m[7] [cam] [899337][me0][me_core_thread:359]ME out fid 14370
[01:51:52.248] RX< [4] [cam] [899415][qpc0][qpc_core_exception_check:405]discontinuous frame, now: 14383, last: 14381
[01:51:52.248] RX< [34m[AE] fid=14400,exp=9960,adg=
[01:51:52.568] RX< 263,Y=4789,mtg=180,shg=120,bgbv=1646,iso=263,cnv2,hdr0
[01:51:52.568] RX< [0m[34m[b_ae0 proc] perf=1093(us), max=2080(us)!
[01:51:52.568] RX< [0m[34m[awb0 proc] perf=3879(us), max=3895(us)!
[01:51:52.568] RX< [0m[34m[ME INTP]fid=14400, shutter=9960, perf=6(us), max=17741(us)!
[01:51:52.568] RX< [0m[RTMP] f_index = 14400, f
[01:51:52.676] RX< _len = 8284
[01:51:52.676] RX< [7] [cam] [900337][me0][me_core_thread:359]ME out fid 14400
[01:51:52.676] RX< [4] [cam] [900388][qpc0][qpc_core_exception_check:411]interp not finish in sof, fid: 14411
[01:51:52.676] RX< [4] [cam] [900415][qpc0][qpc_core_exception_check:405]discontinuous frame, now: 14413, last: 
[01:51:53.676] RX< 14411
[01:51:53.676] RX< [34m[AE] fid=14430,exp=9960,adg=263,Y=4785,mtg=180,shg=120,bgbv=1642,iso=263,cnv2,hdr0
[01:51:53.676] RX< [0m[7] [cam] [901337][me0][me_core_thread:359]ME out fid 14430
[01:51:53.676] RX< [4] [cam] [901415][qpc0][qpc_core_exception_check:405]discontinuous frame, now: 14443, last: 14441
[01:51:54.675] RX< 
[01:51:54.675] RX< [34m[AE] fid=14460,exp=9960,adg=263,Y=4790,mtg=180,shg=120,bgbv=1646,iso=263,cnv2,hdr0
[01:51:54.675] RX< [0m[7] [cam] [902337][me0][me_core_thread:359]ME out fid 14460
[01:51:54.675] RX< [4] [cam] [902384][qpc0][qpc_core_exception_check:411]interp not finish in sof, fid: 14471
[01:51:54.675] RX< [4] [cam] [9
[01:51:55.247] RX< 02414][qpc0][qpc_core_exception_check:405]discontinuous frame, now: 14473, last: 14471
[01:51:55.247] RX< [34m[AE] fid=14490,exp=9960,adg=263,Y=4791,mtg=180,shg=120,bgbv=1646,iso=263,cnv2,hdr0
[01:51:55.247] RX< [0m[34m[b_ae0 proc] perf=958(us), max=1615(us)!
[01:51:55.247] RX< [0m[34m[awb0 proc] perf=3801
[01:51:55.677] RX< (us), max=4104(us)!
[01:51:55.677] RX< [0m[RTMP] f_index = 14490, f_len = 20440
[01:51:55.677] RX< [7] [cam] [903337][me0][me_core_thread:359]ME out fid 14490
[01:51:55.677] RX< [4] [cam] [903385][qpc0][qpc_core_exception_check:411]interp not finish in sof, fid: 14501
[01:51:55.677] RX< [4] [cam] [903416][qpc0][qpc_core_exception
[01:51:56.583] RX< _check:405]discontinuous frame, now: 14503, last: 14501
[01:51:56.583] RX< [34m[AE] fid=14520,exp=9960,adg=263,Y=4788,mtg=180,shg=120,bgbv=1646,iso=263,cnv2,hdr0
[01:51:56.583] RX< [0m[34m[ME INTP]fid=14520, shutter=9960, perf=237(us), max=4863(us)!
[01:51:56.583] RX< [0m[7] [cam] [904337][me0][me_core_threa
[01:51:57.242] RX< d:359]ME out fid 14520
[01:51:57.242] RX< [4] [cam] [904383][qpc0][qpc_core_exception_check:411]interp not finish in sof, fid: 14531
[01:51:57.242] RX< [4] [cam] [904415][qpc0][qpc_core_exception_check:405]discontinuous frame, now: 14533, last: 14531
[01:51:57.242] RX< [34m[AE] fid=14550,exp=9960,adg=263,Y=4787
[01:51:58.249] RX< ,mtg=180,shg=120,bgbv=1642,iso=263,cnv2,hdr0
[01:51:58.249] RX< [0m[7] [cam] [905337][me0][me_core_thread:359]ME out fid 14550
[01:51:58.249] RX< [4] [cam] [905414][qpc0][qpc_core_exception_check:405]discontinuous frame, now: 14563, last: 14561
[01:51:58.249] RX< [34m[AE] fid=14580,exp=9960,adg=263,Y=4799,mtg=
[01:51:58.643] RX< 180,shg=120,bgbv=1646,iso=263,cnv2,hdr0
[01:51:58.643] RX< [0m[34m[b_ae0 proc] perf=982(us), max=1072(us)!
[01:51:58.643] RX< [0m[34m[awb0 proc] perf=3779(us), max=4032(us)!
[01:51:58.643] RX< [0m[RTMP] f_index = 14580, f_len = 14820
[01:51:58.643] RX< [7] [cam] [906336][me0][me_core_thread:359]ME out fid 14580
[01:51:58.643] RX< [4] [cam] [90
[01:51:59.242] RX< 6382][qpc0][qpc_core_exception_check:411]interp not finish in sof, fid: 14591
[01:51:59.242] RX< [4] [cam] [906414][qpc0][qpc_core_exception_check:405]discontinuous frame, now: 14593, last: 14591
[01:51:59.242] RX< [34m[AE] fid=14610,exp=9930,adg=275,Y=5096,mtg=180,shg=102,bgbv=1624,iso=275,c
[01:52:00.582] RX< nv2,hdr0
[01:52:00.582] RX< [0m[7] [cam] [907336][me0][me_core_thread:359]ME out fid 14610
[01:52:00.582] RX< [34m[AE] fid=14640,exp=9960,adg=263,Y=4786,mtg=180,shg=120,bgbv=1642,iso=263,cnv2,hdr0
[01:52:00.582] RX< [0m[34m[ME INTP]fid=14640, shutter=9960, perf=6(us), max=13185(us)!
[01:52:00.582] RX< [0m[7] [cam] [908336][me
[01:52:01.246] RX< 0][me_core_thread:359]ME out fid 14640
[01:52:01.246] RX< [4] [cam] [908413][qpc0][qpc_core_exception_check:405]discontinuous frame, now: 14653, last: 14651
[01:52:01.246] RX< [34m[AE] fid=14670,exp=9960,adg=263,Y=4785,mtg=180,shg=120,bgbv=1642,iso=263,cnv2,hdr0
[01:52:01.246] RX< [0m[34m[b_ae0 proc] perf=107
[01:52:01.645] RX< 2(us), max=1113(us)!
[01:52:01.645] RX< [0m[34m[awb0 proc] perf=3683(us), max=4012(us)!
[01:52:01.645] RX< [0m[RTMP] f_index = 14670, f_len = 12472
[01:52:01.645] RX< [7] [cam] [909336][me0][me_core_thread:359]ME out fid 14670
[01:52:01.645] RX< [4] [cam] [909383][qpc0][qpc_core_exception_check:411]interp not finish in sof, fi
[01:52:02.596] RX< d: 14681
[01:52:02.596] RX< [4] [cam] [909413][qpc0][qpc_core_exception_check:405]discontinuous frame, now: 14683, last: 14681
[01:52:02.596] RX< [34m[AE] fid=14700,exp=9960,adg=263,Y=4786,mtg=180,shg=120,bgbv=1642,iso=263,cnv2,hdr0
[01:52:02.596] RX< [0m[7] [cam] [910336][me0][me_core_thread:359]ME out fid 14
[01:52:03.645] RX< 700
[01:52:03.645] RX< [RTMP] slow send frame 14701 len=97955 dt=60ms (IDR)
[01:52:03.645] RX< [34m[AE] fid=14730,exp=9960,adg=263,Y=4787,mtg=180,shg=120,bgbv=1642,iso=263,cnv2,hdr0
[01:52:03.645] RX< [0m[7] [cam] [911336][me0][me_core_thread:359]ME out fid 14730
[01:52:03.645] RX< [4] [cam] [911383][qpc0][qpc_core_exception_che
[01:52:04.247] RX< ck:411]interp not finish in sof, fid: 14741
[01:52:04.247] RX< [4] [cam] [911413][qpc0][qpc_core_exception_check:405]discontinuous frame, now: 14743, last: 14741
[01:52:04.247] RX< [34m[AE] fid=14760,exp=9960,adg=263,Y=4789,mtg=180,shg=120,bgbv=1646,iso=263,cnv2,hdr0
[01:52:04.247] RX< [0m[34m[b_ae0 proc] per
[01:52:05.241] RX< f=893(us), max=1191(us)!
[01:52:05.241] RX< [0m[34m[awb0 proc] perf=3778(us), max=5290(us)!
[01:52:05.241] RX< [0m[34m[ME INTP]fid=14760, shutter=9960, perf=6(us), max=5734(us)!
[01:52:05.241] RX< [0m[RTMP] f_index = 14760, f_len = 7805
[01:52:05.241] RX< [7] [cam] [912336][me0][me_core_thread:359]ME out fid 14760
[01:52:05.241] RX< [34m[AE] 
[01:52:06.240] RX< fid=14790,exp=9960,adg=263,Y=4792,mtg=180,shg=120,bgbv=1646,iso=263,cnv2,hdr0
[01:52:06.240] RX< [0m[7] [cam] [913335][me0][me_core_thread:359]ME out fid 14790
[01:52:06.240] RX< [RTMP] slow send frame 14791 len=98321 dt=58ms (IDR)
[01:52:06.240] RX< [34m[AE] fid=14820,exp=9960,adg=263,Y=4787,mtg=180,shg=120,b
[01:52:06.674] RX< gbv=1642,iso=263,cnv2,hdr0
[01:52:06.674] RX< [0m[7] [cam] [914335][me0][me_core_thread:359]ME out fid 14820
[01:52:06.674] RX< [4] [cam] [914381][qpc0][qpc_core_exception_check:411]interp not finish in sof, fid: 14831
[01:52:06.674] RX< [4] [cam] [914413][qpc0][qpc_core_exception_check:405]discontinuous frame,
[01:52:07.565] RX<  now: 14833, last: 14831
[01:52:07.565] RX< [34m[AE] fid=14850,exp=9960,adg=263,Y=4783,mtg=180,shg=120,bgbv=1642,iso=263,cnv2,hdr0
[01:52:07.565] RX< [0m[34m[b_ae0 proc] perf=969(us), max=1217(us)!
[01:52:07.565] RX< [0m[34m[awb0 proc] perf=3781(us), max=5580(us)!
[01:52:07.565] RX< [0m[RTMP] f_index = 14850, f_len = 12348
[01:52:08.241] RX< [7] [cam] [915335][me0][me_core_thread:359]ME out fid 14850
[01:52:08.241] RX< [4] [cam] [915386][qpc0][qpc_core_exception_check:411]interp not finish in sof, fid: 14861
[01:52:08.241] RX< [4] [cam] [915413][qpc0][qpc_core_exception_check:405]discontinuous frame, now: 14863, last: 14861
[01:52:08.241] RX< [34m[
[01:52:08.645] RX< AE] fid=14880,exp=9960,adg=263,Y=4788,mtg=180,shg=120,bgbv=1646,iso=263,cnv2,hdr0
[01:52:08.645] RX< [0m[34m[ME INTP]fid=14880, shutter=9960, perf=237(us), max=1337(us)!
[01:52:08.645] RX< [0m[7] [cam] [916335][me0][me_core_thread:359]ME out fid 14880
[01:52:08.645] RX< [4] [cam] [916384][qpc0][qpc_core_excep
[01:52:09.592] RX< tion_check:411]interp not finish in sof, fid: 14891
[01:52:09.592] RX< [4] [cam] [916413][qpc0][qpc_core_exception_check:405]discontinuous frame, now: 14893, last: 14891
[01:52:09.592] RX< [34m[AE] fid=14910,exp=9960,adg=263,Y=4782,mtg=180,shg=120,bgbv=1642,iso=263,cnv2,hdr0
[01:52:09.592] RX< [0m[7] [cam] [91
[01:52:10.246] RX< 7335][me0][me_core_thread:359]ME out fid 14910
[01:52:10.246] RX< [34m[awb0 proc] perf=6334(us), max=6334(us)!
[01:52:10.246] RX< [0m[4] [cam] [917412][qpc0][qpc_core_exception_check:405]discontinuous frame, now: 14923, last: 14921
[01:52:10.246] RX< [34m[AE] fid=14940,exp=9960,adg=263,Y=4791,mtg=180,shg=120,
[01:52:10.641] RX< bgbv=1646,iso=263,cnv2,hdr0
[01:52:10.641] RX< [0m[34m[b_ae0 proc] perf=918(us), max=3066(us)!
[01:52:10.641] RX< [0m[34m[awb0 proc] perf=3818(us), max=6334(us)!
[01:52:10.641] RX< [0m[RTMP] f_index = 14940, f_len = 20051
[01:52:10.641] RX< [7] [cam] [918335][me0][me_core_thread:359]ME out fid 14940
[01:52:10.641] RX< [4] [cam] [918380][qpc0][
[01:52:11.240] RX< qpc_core_exception_check:411]interp not finish in sof, fid: 14951
[01:52:11.240] RX< [4] [cam] [918412][qpc0][qpc_core_exception_check:405]discontinuous frame, now: 14953, last: 14951
[01:52:11.240] RX< [34m[AE] fid=14970,exp=9960,adg=263,Y=4790,mtg=180,shg=120,bgbv=1646,iso=263,cnv2,hdr0
[01:52:11.240] RX< [0
[01:52:12.340] RX< m[7] [cam] [919335][me0][me_core_thread:359]ME out fid 14970
[01:52:12.340] RX< [4] [cam] [919413][qpc0][qpc_core_exception_check:405]discontinuous frame, now: 14983, last: 14981
[01:52:12.340] RX< [34m[AE] fid=15000,exp=9960,adg=263,Y=4793,mtg=180,shg=120,bgbv=1646,iso=263,cnv2,hdr0
[01:52:12.340] RX< [0m[34
[01:52:13.244] RX< m[ME INTP]fid=15000, shutter=9960, perf=6(us), max=3499(us)!
[01:52:13.244] RX< [0m[7] [cam] [920335][me0][me_core_thread:359]ME out fid 15000
[01:52:13.244] RX< [4] [cam] [920413][qpc0][qpc_core_exception_check:405]discontinuous frame, now: 15013, last: 15011
[01:52:13.244] RX< [34m[AE] fid=15030,exp=9960,adg
[01:52:13.581] RX< =263,Y=4791,mtg=180,shg=120,bgbv=1646,iso=263,cnv2,hdr0
[01:52:13.581] RX< [0m[34m[b_ae0 proc] perf=939(us), max=3560(us)!
[01:52:13.581] RX< [0m[34m[awb0 proc] perf=3808(us), max=3894(us)!
[01:52:13.581] RX< [0m[RTMP] f_index = 15030, f_len = 8075
[01:52:13.581] RX< [7] [cam] [921334][me0][me_core_thread:359]ME out fid 1503
[01:52:14.240] RX< 0
[01:52:14.240] RX< [4] [cam] [921380][qpc0][qpc_core_exception_check:411]interp not finish in sof, fid: 15041
[01:52:14.240] RX< [4] [cam] [921411][qpc0][qpc_core_exception_check:405]discontinuous frame, now: 15043, last: 15041
[01:52:14.240] RX< [34m[AE] fid=15060,exp=9960,adg=263,Y=4791,mtg=180,shg=120,bgbv
[01:52:14.674] RX< =1646,iso=263,cnv2,hdr0
[01:52:14.674] RX< [0m[7] [cam] [922334][me0][me_core_thread:359]ME out fid 15060
[01:52:14.674] RX< [4] [cam] [922379][qpc0][qpc_core_exception_check:411]interp not finish in sof, fid: 15071
[01:52:14.674] RX< [4] [cam] [922413][qpc0][qpc_core_exception_check:405]discontinuous frame, no
[01:52:15.642] RX< w: 15073, last: 15071
[01:52:15.642] RX< [34m[AE] fid=15090,exp=9960,adg=263,Y=4793,mtg=180,shg=120,bgbv=1646,iso=263,cnv2,hdr0
[01:52:15.642] RX< [0m[7] [cam] [923334][me0][me_core_thread:359]ME out fid 15090
[01:52:15.642] RX< [4] [cam] [923381][qpc0][qpc_core_exception_check:411]interp not finish in sof, fi
[01:52:16.244] RX< d: 15101
[01:52:16.244] RX< [4] [cam] [923412][qpc0][qpc_core_exception_check:405]discontinuous frame, now: 15103, last: 15101
[01:52:16.244] RX< [34m[AE] fid=15120,exp=9960,adg=263,Y=4795,mtg=180,shg=120,bgbv=1646,iso=263,cnv2,hdr0
[01:52:16.244] RX< [0m[34m[b_ae0 proc] perf=934(us), max=2077(us)!
[01:52:16.244] RX< [0m[34m
[01:52:16.673] RX< [awb0 proc] perf=3791(us), max=3886(us)!
[01:52:16.673] RX< [0m[34m[ME INTP]fid=15120, shutter=9960, perf=5(us), max=237(us)!
[01:52:16.673] RX< [0m[RTMP] f_index = 15120, f_len = 12504
[01:52:16.673] RX< [7] [cam] [924334][me0][me_core_thread:359]ME out fid 15120
[01:52:16.673] RX< [4] [cam] [924411][qpc0][qpc_core_exception_c
[01:52:17.674] RX< heck:405]discontinuous frame, now: 15133, last: 15131
[01:52:17.674] RX< [34m[AE] fid=15150,exp=9960,adg=263,Y=4794,mtg=180,shg=120,bgbv=1646,iso=263,cnv2,hdr0
[01:52:17.674] RX< [0m[7] [cam] [925334][me0][me_core_thread:359]ME out fid 15150
[01:52:17.674] RX< [4] [cam] [925412][qpc0][qpc_core_exception_check:
[01:52:18.649] RX< 405]discontinuous frame, now: 15163, last: 15161
[01:52:18.649] RX< [34m[AE] fid=15180,exp=9960,adg=263,Y=4800,mtg=180,shg=120,bgbv=1649,iso=263,cnv2,hdr0
[01:52:18.649] RX< [0m[7] [cam] [926334][me0][me_core_thread:359]ME out fid 15180
[01:52:18.649] RX< [4] [cam] [926387][qpc0][qpc_core_exception_check:411]i
[01:52:19.243] RX< nterp not finish in sof, fid: 15191
[01:52:19.243] RX< [4] [cam] [926412][qpc0][qpc_core_exception_check:405]discontinuous frame, now: 15193, last: 15191
[01:52:19.243] RX< [34m[AE] fid=15210,exp=9960,adg=263,Y=4799,mtg=180,shg=120,bgbv=1646,iso=263,cnv2,hdr0
[01:52:19.243] RX< [0m[34m[b_ae0 proc] perf=905(us
[01:52:19.672] RX< ), max=3715(us)!
[01:52:19.672] RX< [0m[34m[awb0 proc] perf=3808(us), max=5332(us)!
[01:52:19.672] RX< [0m[RTMP] f_index = 15210, f_len = 8131
[01:52:19.672] RX< [7] [cam] [927334][me0][me_core_thread:359]ME out fid 15210
[01:52:19.672] RX< [4] [cam] [927411][qpc0][qpc_core_exception_check:405]discontinuous frame, now: 15223, 
[01:52:21.245] RX< last: 15221
[01:52:21.245] RX< [34m[AE] fid=15240,exp=11350,adg=300,Y=3490,mtg=180,shg=107,bgbv=1076,iso=300,cnv2,hdr0
[01:52:21.245] RX< [0m[34m[ME INTP]fid=15240, shutter=11350, perf=2810(us), max=3176(us)!
[01:52:21.245] RX< [0m[7] [cam] [928333][me0][me_core_thread:359]ME out fid 15240
[01:52:21.245] RX< [34m[AE] fid=1527
[01:52:21.672] RX< 0,exp=10040,adg=263,Y=4867,mtg=180,shg=114,bgbv=1638,iso=263,cnv2,hdr0
[01:52:21.672] RX< [0m[7] [cam] [929333][me0][me_core_thread:359]ME out fid 15270
[01:52:21.672] RX< [34m[awb0 proc] perf=6140(us), max=6140(us)!
[01:52:21.672] RX< [0m[4] [cam] [929411][qpc0][qpc_core_exception_check:405]discontinuous fra
[01:52:22.563] RX< me, now: 15283, last: 15281
[01:52:22.563] RX< [34m[AE] fid=15300,exp=9960,adg=263,Y=4783,mtg=180,shg=120,bgbv=1642,iso=263,cnv2,hdr0
[01:52:22.563] RX< [0m[34m[b_ae0 proc] perf=1030(us), max=4176(us)!
[01:52:22.563] RX< [0m[34m[awb0 proc] perf=3848(us), max=6140(us)!
[01:52:22.563] RX< [0m[RTMP] f_index = 15300, f_len = 12
[01:52:23.239] RX< 449
[01:52:23.239] RX< [7] [cam] [930333][me0][me_core_thread:359]ME out fid 15300
[01:52:23.239] RX< [4] [cam] [930380][qpc0][qpc_core_exception_check:411]interp not finish in sof, fid: 15311
[01:52:23.239] RX< [4] [cam] [930411][qpc0][qpc_core_exception_check:405]discontinuous frame, now: 15313, last: 15311
[01:52:23.239] RX< [
[01:52:23.670] RX< 34m[AE] fid=15330,exp=9960,adg=263,Y=4785,mtg=180,shg=120,bgbv=1642,iso=263,cnv2,hdr0
[01:52:23.670] RX< [0m[7] [cam] [931333][me0][me_core_thread:359]ME out fid 15330
[01:52:23.670] RX< [4] [cam] [931382][qpc0][qpc_core_exception_check:411]interp not finish in sof, fid: 15341
[01:52:23.670] RX< [4] [cam] [9314
[01:52:24.578] RX< 10][qpc0][qpc_core_exception_check:405]discontinuous frame, now: 15343, last: 15341
[01:52:24.578] RX< [34m[AE] fid=15360,exp=9960,adg=263,Y=4784,mtg=180,shg=120,bgbv=1642,iso=263,cnv2,hdr0
[01:52:24.578] RX< [0m[34m[ME INTP]fid=15360, shutter=9960, perf=6(us), max=4244(us)!
[01:52:24.578] RX< [0m[7] [cam] [
[01:52:25.243] RX< 932333][me0][me_core_thread:359]ME out fid 15360
[01:52:25.243] RX< [4] [cam] [932380][qpc0][qpc_core_exception_check:411]interp not finish in sof, fid: 15371
[01:52:25.243] RX< [4] [cam] [932410][qpc0][qpc_core_exception_check:405]discontinuous frame, now: 15373, last: 15371
[01:52:25.243] RX< [34m[AE] fid=153
[01:52:25.579] RX< 90,exp=9960,adg=263,Y=4788,mtg=180,shg=120,bgbv=1646,iso=263,cnv2,hdr0
[01:52:25.579] RX< [0m[34m[b_ae0 proc] perf=957(us), max=1379(us)!
[01:52:25.579] RX< [0m[34m[awb0 proc] perf=3781(us), max=3960(us)!
[01:52:25.579] RX< [0m[RTMP] f_index = 15390, f_len = 12326
[01:52:25.579] RX< [7] [cam] [933333][me0][me_core_thread:359
[01:52:26.237] RX< ]ME out fid 15390
[01:52:26.237] RX< [4] [cam] [933379][qpc0][qpc_core_exception_check:411]interp not finish in sof, fid: 15401
[01:52:26.237] RX< [4] [cam] [933410][qpc0][qpc_core_exception_check:405]discontinuous frame, now: 15403, last: 15401
[01:52:26.237] RX< [34m[AE] fid=15420,exp=9960,adg=263,Y=4789,mtg=
[01:52:26.671] RX< 180,shg=120,bgbv=1646,iso=263,cnv2,hdr0
[01:52:26.671] RX< [0m[7] [cam] [934333][me0][me_core_thread:359]ME out fid 15420
[01:52:26.671] RX< [4] [cam] [934376][qpc0][qpc_core_exception_check:411]interp not finish in sof, fid: 15431
[01:52:26.671] RX< [4] [cam] [934410][qpc0][qpc_core_exception_check:405]discont
[01:52:27.671] RX< inuous frame, now: 15433, last: 15431
[01:52:27.671] RX< [34m[AE] fid=15450,exp=9960,adg=263,Y=4786,mtg=180,shg=120,bgbv=1642,iso=263,cnv2,hdr0
[01:52:27.671] RX< [0m[7] [cam] [935332][me0][me_core_thread:359]ME out fid 15450
[01:52:27.671] RX< [4] [cam] [935410][qpc0][qpc_core_exception_check:405]discontinuou
[01:52:28.337] RX< s frame, now: 15463, last: 15461
[01:52:28.337] RX< [34m[AE] fid=15480,exp=9960,adg=263,Y=4785,mtg=180,shg=120,bgbv=1642,iso=263,cnv2,hdr0
[01:52:28.337] RX< [0m[34m[b_ae0 proc] perf=968(us), max=3290(us)!
[01:52:28.337] RX< [0m[34m[awb0 proc] perf=3705(us), max=3879(us)!
[01:52:28.337] RX< [0m[34m[ME INTP]fid=15480, shutt
[01:52:29.590] RX< er=9960, perf=238(us), max=2409(us)!
[01:52:29.590] RX< [0m[RTMP] f_index = 15480, f_len = 12415
[01:52:29.590] RX< [7] [cam] [936332][me0][me_core_thread:359]ME out fid 15480
[01:52:29.590] RX< [34m[AE] fid=15510,exp=9960,adg=263,Y=4788,mtg=180,shg=120,bgbv=1646,iso=263,cnv2,hdr0
[01:52:29.590] RX< [0m[7] [cam] [937332][me0][m
[01:52:30.237] RX< e_core_thread:359]ME out fid 15510
[01:52:30.237] RX< [4] [cam] [937379][qpc0][qpc_core_exception_check:411]interp not finish in sof, fid: 15521
[01:52:30.237] RX< [4] [cam] [937410][qpc0][qpc_core_exception_check:405]discontinuous frame, now: 15523, last: 15521
[01:52:30.237] RX< [34m[AE] fid=15540,exp=9960,ad
[01:52:30.671] RX< g=263,Y=4787,mtg=180,shg=120,bgbv=1642,iso=263,cnv2,hdr0
[01:52:30.671] RX< [0m[7] [cam] [938332][me0][me_core_thread:359]ME out fid 15540
[01:52:30.671] RX< [4] [cam] [938379][qpc0][qpc_core_exception_check:411]interp not finish in sof, fid: 15551
[01:52:30.671] RX< [4] [cam] [938410][qpc0][qpc_core_exception_
[01:52:31.563] RX< check:405]discontinuous frame, now: 15553, last: 15551
[01:52:31.563] RX< [34m[AE] fid=15570,exp=9960,adg=263,Y=4786,mtg=180,shg=120,bgbv=1642,iso=263,cnv2,hdr0
[01:52:31.563] RX< [0m[34m[b_ae0 proc] perf=889(us), max=2353(us)!
[01:52:31.563] RX< [0m[34m[awb0 proc] perf=3794(us), max=4301(us)!
[01:52:31.563] RX< [0m[RTMP] f
[01:52:32.236] RX< _index = 15570, f_len = 19652
[01:52:32.236] RX< [7] [cam] [939332][me0][me_core_thread:359]ME out fid 15570
[01:52:32.236] RX< [4] [cam] [939410][qpc0][qpc_core_exception_check:405]discontinuous frame, now: 15583, last: 15581
[01:52:32.236] RX< [34m[AE] fid=15600,exp=9920,adg=263,Y=4778,mtg=180,shg=119,bgbv=16
[01:52:32.704] RX< 49,iso=263,cnv2,hdr0
[01:52:32.704] RX< [0m[34m[ME INTP]fid=15600, shutter=9920, perf=6(us), max=2679(us)!
[01:52:32.704] RX< [0m[7] [cam] [940332][me0][me_core_thread:359]ME out fid 15600
[01:52:32.704] RX< [RTMP] slow send frame 15601 len=96982 dt=56ms (IDR)
[01:52:32.704] RX< [4] [cam] [940443][qpc0][qpc_core_exception_check
[01:52:33.671] RX< :405]discontinuous frame, now: 15614, last: 15612
[01:52:33.671] RX< [34m[AE] fid=15630,exp=9920,adg=263,Y=4773,mtg=180,shg=119,bgbv=1645,iso=263,cnv2,hdr0
[01:52:33.671] RX< [0m[7] [cam] [941332][me0][me_core_thread:359]ME out fid 15630
[01:52:33.671] RX< [34m[awb0 proc] perf=6857(us), max=6857(us)!
[01:52:33.671] RX< [0m[4] 
[01:52:34.241] RX< [cam] [941410][qpc0][qpc_core_exception_check:405]discontinuous frame, now: 15643, last: 15641
[01:52:34.241] RX< [34m[AE] fid=15660,exp=9920,adg=263,Y=4772,mtg=180,shg=119,bgbv=1645,iso=263,cnv2,hdr0
[01:52:34.241] RX< [0m[34m[b_ae0 proc] perf=938(us), max=3377(us)!
[01:52:34.241] RX< [0m[34m[awb0 proc] p
[01:52:35.236] RX< erf=3796(us), max=6857(us)!
[01:52:35.236] RX< [0m[RTMP] f_index = 15660, f_len = 7869
[01:52:35.236] RX< [7] [cam] [942332][me0][me_core_thread:359]ME out fid 15660
[01:52:35.236] RX< [4] [cam] [942409][qpc0][qpc_core_exception_check:405]discontinuous frame, now: 15673, last: 15671
[01:52:35.236] RX< [34m[AE] fid=15690,exp=9920
[01:52:36.236] RX< ,adg=263,Y=4769,mtg=180,shg=119,bgbv=1645,iso=263,cnv2,hdr0
[01:52:36.236] RX< [0m[7] [cam] [943331][me0][me_core_thread:359]ME out fid 15690
[01:52:36.236] RX< [4] [cam] [943409][qpc0][qpc_core_exception_check:405]discontinuous frame, now: 15703, last: 15701
[01:52:36.236] RX< [34m[AE] fid=15720,exp=9920,adg=
[01:52:36.642] RX< 263,Y=4770,mtg=180,shg=119,bgbv=1645,iso=263,cnv2,hdr0
[01:52:36.642] RX< [0m[34m[ME INTP]fid=15720, shutter=9920, perf=6(us), max=364(us)!
[01:52:36.642] RX< [0m[7] [cam] [944331][me0][me_core_thread:359]ME out fid 15720
[01:52:36.642] RX< [4] [cam] [944382][qpc0][qpc_core_exception_check:411]interp not fini
[01:52:37.241] RX< sh in sof, fid: 15731
[01:52:37.241] RX< [4] [cam] [944409][qpc0][qpc_core_exception_check:405]discontinuous frame, now: 15733, last: 15731
[01:52:37.241] RX< [34m[AE] fid=15750,exp=9920,adg=263,Y=4771,mtg=180,shg=119,bgbv=1645,iso=263,cnv2,hdr0
[01:52:37.241] RX< [0m[34m[b_ae0 proc] perf=967(us), max=3858(us
[01:52:38.235] RX< )!
[01:52:38.235] RX< [0m[34m[awb0 proc] perf=3810(us), max=4051(us)!
[01:52:38.235] RX< [0m[RTMP] f_index = 15750, f_len = 19491
[01:52:38.235] RX< [7] [cam] [945331][me0][me_core_thread:359]ME out fid 15750
[01:52:38.235] RX< [4] [cam] [945409][qpc0][qpc_core_exception_check:405]discontinuous frame, now: 15763, last: 15761
[01:52:38.235] RX< 
[01:52:39.236] RX< [34m[AE] fid=15780,exp=9920,adg=263,Y=4776,mtg=180,shg=119,bgbv=1649,iso=263,cnv2,hdr0
[01:52:39.236] RX< [0m[7] [cam] [946331][me0][me_core_thread:359]ME out fid 15780
[01:52:39.236] RX< [4] [cam] [946409][qpc0][qpc_core_exception_check:405]discontinuous frame, now: 15793, last: 15791
[01:52:39.236] RX< [34m[
[01:52:40.239] RX< AE] fid=15810,exp=9920,adg=263,Y=4777,mtg=180,shg=119,bgbv=1649,iso=263,cnv2,hdr0
[01:52:40.239] RX< [0m[7] [cam] [947331][me0][me_core_thread:359]ME out fid 15810
[01:52:40.239] RX< [4] [cam] [947408][qpc0][qpc_core_exception_check:405]discontinuous frame, now: 15823, last: 15821
[01:52:40.239] RX< [34m[AE] f
[01:52:40.558] RX< id=15840,exp=9920,adg=263,Y=4771,mtg=180,shg=119,bgbv=1645,iso=263,cnv2,hdr0
[01:52:40.558] RX< [0m[34m[b_ae0 proc] perf=959(us), max=4350(us)!
[01:52:40.558] RX< [0m[34m[awb0 proc] perf=3687(us), max=5948(us)!
[01:52:40.558] RX< [0m[34m[ME INTP]fid=15840, shutter=9920, perf=253(us), max=396(us)!
[01:52:40.558] RX< [0m[RTM
[01:52:40.669] RX< P] f_index = 15840, f_len = 8141
[01:52:40.669] RX< [7] [cam] [948331][me0][me_core_thread:359]ME out fid 15840
[01:52:40.669] RX< [4] [cam] [948378][qpc0][qpc_core_exception_check:411]interp not finish in sof, fid: 15851
[01:52:40.669] RX< [4] [cam] [948408][qpc0][qpc_core_exception_check:405]discontinuous fram
[01:52:41.642] RX< e, now: 15853, last: 15851
[01:52:41.642] RX< [34m[AE] fid=15870,exp=9920,adg=263,Y=4763,mtg=180,shg=119,bgbv=1645,iso=263,cnv2,hdr0
[01:52:41.642] RX< [0m[7] [cam] [949331][me0][me_core_thread:359]ME out fid 15870
[01:52:41.642] RX< [4] [cam] [949382][qpc0][qpc_core_exception_check:411]interp not finish in so
[01:52:42.587] RX< f, fid: 15881
[01:52:42.587] RX< [4] [cam] [949408][qpc0][qpc_core_exception_check:405]discontinuous frame, now: 15883, last: 15881
[01:52:42.587] RX< [34m[AE] fid=15900,exp=9920,adg=263,Y=4764,mtg=180,shg=119,bgbv=1645,iso=263,cnv2,hdr0
[01:52:42.587] RX< [0m[7] [cam] [950330][me0][me_core_thread:359]ME out f
[01:52:43.240] RX< id 15900
[01:52:43.240] RX< [4] [cam] [950408][qpc0][qpc_core_exception_check:405]discontinuous frame, now: 15913, last: 15911
[01:52:43.240] RX< [34m[AE] fid=15930,exp=9920,adg=263,Y=4766,mtg=180,shg=119,bgbv=1645,iso=263,cnv2,hdr0
[01:52:43.240] RX< [0m[34m[b_ae0 proc] perf=964(us), max=1070(us)!
[01:52:43.240] RX< [0m[34m
[01:52:43.669] RX< [awb0 proc] perf=3800(us), max=4097(us)!
[01:52:43.669] RX< [0m[RTMP] f_index = 15930, f_len = 12333
[01:52:43.669] RX< [7] [cam] [951330][me0][me_core_thread:359]ME out fid 15930
[01:52:43.669] RX< [4] [cam] [951378][qpc0][qpc_core_exception_check:411]interp not finish in sof, fid: 15941
[01:52:43.669] RX< [4] [cam] [951409][qpc
[01:52:44.575] RX< 0][qpc_core_exception_check:405]discontinuous frame, now: 15943, last: 15941
[01:52:44.575] RX< [34m[AE] fid=15960,exp=9920,adg=263,Y=4767,mtg=180,shg=119,bgbv=1645,iso=263,cnv2,hdr0
[01:52:44.575] RX< [0m[34m[ME INTP]fid=15960, shutter=9920, perf=5(us), max=2326(us)!
[01:52:44.575] RX< [0m[7] [cam] [952330]
[01:52:45.235] RX< [me0][me_core_thread:359]ME out fid 15960
[01:52:45.235] RX< [4] [cam] [952377][qpc0][qpc_core_exception_check:411]interp not finish in sof, fid: 15971
[01:52:45.235] RX< [4] [cam] [952408][qpc0][qpc_core_exception_check:405]discontinuous frame, now: 15973, last: 15971
[01:52:45.235] RX< [34m[AE] fid=15990,exp=
[01:52:46.240] RX< 9920,adg=263,Y=4774,mtg=180,shg=119,bgbv=1645,iso=263,cnv2,hdr0
[01:52:46.240] RX< [0m[7] [cam] [953330][me0][me_core_thread:359]ME out fid 15990
[01:52:46.240] RX< [4] [cam] [953407][qpc0][qpc_core_exception_check:405]discontinuous frame, now: 16003, last: 16001
[01:52:46.240] RX< [34m[AE] fid=16020,exp=9920,
[01:52:46.576] RX< adg=263,Y=4777,mtg=180,shg=119,bgbv=1649,iso=263,cnv2,hdr0
[01:52:46.576] RX< [0m[34m[b_ae0 proc] perf=973(us), max=1484(us)!
[01:52:46.576] RX< [0m[34m[awb0 proc] perf=3802(us), max=4484(us)!
[01:52:46.576] RX< [0m[RTMP] f_index = 16020, f_len = 12644
[01:52:46.576] RX< [7] [cam] [954330][me0][me_core_thread:359]ME out fid 
[01:52:47.234] RX< 16020
[01:52:47.234] RX< [4] [cam] [954375][qpc0][qpc_core_exception_check:411]interp not finish in sof, fid: 16031
[01:52:47.234] RX< [4] [cam] [954407][qpc0][qpc_core_exception_check:405]discontinuous frame, now: 16033, last: 16031
[01:52:47.234] RX< [34m[AE] fid=16050,exp=9920,adg=263,Y=4775,mtg=180,shg=119,
[01:52:47.668] RX< bgbv=1649,iso=263,cnv2,hdr0
[01:52:47.668] RX< [0m[7] [cam] [955330][me0][me_core_thread:359]ME out fid 16050
[01:52:47.668] RX< [4] [cam] [955376][qpc0][qpc_core_exception_check:411]interp not finish in sof, fid: 16061
[01:52:47.668] RX< [4] [cam] [955407][qpc0][qpc_core_exception_check:405]discontinuous frame
[01:52:48.667] RX< , now: 16063, last: 16061
[01:52:48.667] RX< [34m[AE] fid=16080,exp=9920,adg=263,Y=4775,mtg=180,shg=119,bgbv=1649,iso=263,cnv2,hdr0
[01:52:48.667] RX< [0m[34m[ME INTP]fid=16080, shutter=9920, perf=6(us), max=1328(us)!
[01:52:48.667] RX< [0m[7] [cam] [956330][me0][me_core_thread:359]ME out fid 16080
[01:52:48.667] RX< [4] [cam]
[01:52:49.238] RX<  [956407][qpc0][qpc_core_exception_check:405]discontinuous frame, now: 16093, last: 16091
[01:52:49.238] RX< [34m[AE] fid=16110,exp=9920,adg=263,Y=4773,mtg=180,shg=119,bgbv=1645,iso=263,cnv2,hdr0
[01:52:49.238] RX< [0m[34m[b_ae0 proc] perf=961(us), max=4332(us)!
[01:52:49.238] RX< [0m[34m[awb0 proc] perf=3
[01:52:49.667] RX< 671(us), max=3892(us)!
[01:52:49.667] RX< [0m[RTMP] f_index = 16110, f_len = 19066
[01:52:49.667] RX< [7] [cam] [957329][me0][me_core_thread:359]ME out fid 16110
[01:52:49.667] RX< [4] [cam] [957377][qpc0][qpc_core_exception_check:411]interp not finish in sof, fid: 16121
[01:52:49.667] RX< [4] [cam] [957407][qpc0][qpc_core_except
[01:52:50.667] RX< ion_check:405]discontinuous frame, now: 16123, last: 16121
[01:52:50.667] RX< [34m[AE] fid=16140,exp=9920,adg=263,Y=4773,mtg=180,shg=119,bgbv=1645,iso=263,cnv2,hdr0
[01:52:50.667] RX< [0m[7] [cam] [958329][me0][me_core_thread:359]ME out fid 16140
[01:52:50.667] RX< [4] [cam] [958407][qpc0][qpc_core_exception_c
[01:52:52.238] RX< heck:405]discontinuous frame, now: 16153, last: 16151
[01:52:52.238] RX< [34m[AE] fid=16170,exp=9920,adg=263,Y=4774,mtg=180,shg=119,bgbv=1645,iso=263,cnv2,hdr0
[01:52:52.238] RX< [0m[7] [cam] [959329][me0][me_core_thread:359]ME out fid 16170
[01:52:52.238] RX< [34m[AE] fid=16200,exp=9920,adg=263,Y=4770,mtg=18
[01:52:52.575] RX< 0,shg=119,bgbv=1645,iso=263,cnv2,hdr0
[01:52:52.575] RX< [0m[34m[b_ae0 proc] perf=948(us), max=2748(us)!
[01:52:52.575] RX< [0m[34m[awb0 proc] perf=3794(us), max=3891(us)!
[01:52:52.575] RX< [0m[34m[ME INTP]fid=16200, shutter=9920, perf=6(us), max=7033(us)!
[01:52:52.575] RX< [0m[RTMP] f_index = 16200, f_len = 8350
[01:52:52.575] RX< [7] [ca
[01:52:53.233] RX< m] [960329][me0][me_core_thread:359]ME out fid 16200
[01:52:53.233] RX< [34m[awb0 proc] perf=8592(us), max=8592(us)!
[01:52:53.233] RX< [0m[4] [cam] [960407][qpc0][qpc_core_exception_check:405]discontinuous frame, now: 16213, last: 16211
[01:52:53.233] RX< [34m[AE] fid=16230,exp=9920,adg=263,Y=4779,mtg=180,sh
[01:52:53.667] RX< g=120,bgbv=1649,iso=263,cnv2,hdr0
[01:52:53.667] RX< [0m[7] [cam] [961329][me0][me_core_thread:359]ME out fid 16230
[01:52:53.667] RX< [4] [cam] [961377][qpc0][qpc_core_exception_check:411]interp not finish in sof, fid: 16241
[01:52:53.667] RX< [4] [cam] [961406][qpc0][qpc_core_exception_check:405]discontinuous
[01:52:54.636] RX<  frame, now: 16243, last: 16241
[01:52:54.636] RX< [34m[AE] fid=16260,exp=10120,adg=257,Y=4771,mtg=180,shg=120,bgbv=1649,iso=257,cnv2,hdr0
[01:52:54.636] RX< [0m[7] [cam] [962329][me0][me_core_thread:359]ME out fid 16260
[01:52:54.636] RX< [4] [cam] [962376][qpc0][qpc_core_exception_check:411]interp not finish
[01:52:55.238] RX<  in sof, fid: 16271
[01:52:55.238] RX< [4] [cam] [962406][qpc0][qpc_core_exception_check:405]discontinuous frame, now: 16273, last: 16271
[01:52:55.238] RX< [34m[AE] fid=16290,exp=10120,adg=257,Y=4773,mtg=180,shg=120,bgbv=1649,iso=257,cnv2,hdr0
[01:52:55.238] RX< [0m[34m[b_ae0 proc] perf=990(us), max=4074(us)
[01:52:56.233] RX< !
[01:52:56.233] RX< [0m[34m[awb0 proc] perf=3801(us), max=8592(us)!
[01:52:56.233] RX< [0m[RTMP] f_index = 16290, f_len = 7865
[01:52:56.233] RX< [7] [cam] [963329][me0][me_core_thread:359]ME out fid 16290
[01:52:56.233] RX< [4] [cam] [963406][qpc0][qpc_core_exception_check:405]discontinuous frame, now: 16303, last: 16301
[01:52:56.233] RX< [3
[01:52:57.233] RX< 4m[AE] fid=16320,exp=10120,adg=257,Y=4770,mtg=180,shg=120,bgbv=1649,iso=257,cnv2,hdr0
[01:52:57.233] RX< [0m[34m[ME INTP]fid=16320, shutter=10120, perf=6(us), max=24068(us)!
[01:52:57.233] RX< [0m[7] [cam] [964329][me0][me_core_thread:359]ME out fid 16320
[01:52:57.233] RX< [34m[AE] fid=16350,exp=10120,adg=2
[01:52:57.667] RX< 57,Y=4769,mtg=180,shg=120,bgbv=1649,iso=257,cnv2,hdr0
[01:52:57.667] RX< [0m[7] [cam] [965328][me0][me_core_thread:359]ME out fid 16350
[01:52:57.667] RX< [34m[awb0 proc] perf=6021(us), max=6021(us)!
[01:52:57.667] RX< [0m[4] [cam] [965407][qpc0][qpc_core_exception_check:405]discontinuous frame, now: 16363, l
[01:52:58.573] RX< ast: 16361
[01:52:58.573] RX< [34m[AE] fid=16380,exp=10120,adg=257,Y=4765,mtg=180,shg=120,bgbv=1649,iso=257,cnv2,hdr0
[01:52:58.573] RX< [0m[34m[b_ae0 proc] perf=956(us), max=5745(us)!
[01:52:58.573] RX< [0m[34m[awb0 proc] perf=3792(us), max=6021(us)!
[01:52:58.573] RX< [0m[RTMP] f_index = 16380, f_len = 18296
[01:52:58.573] RX< [7] [cam] [96
[01:52:59.233] RX< 6328][me0][me_core_thread:359]ME out fid 16380
[01:52:59.233] RX< [4] [cam] [966375][qpc0][qpc_core_exception_check:411]interp not finish in sof, fid: 16391
[01:52:59.233] RX< [4] [cam] [966406][qpc0][qpc_core_exception_check:405]discontinuous frame, now: 16393, last: 16391
[01:52:59.233] RX< [34m[AE] fid=16410
[01:52:59.666] RX< ,exp=10120,adg=257,Y=4760,mtg=180,shg=120,bgbv=1645,iso=257,cnv2,hdr0
[01:52:59.666] RX< [0m[7] [cam] [967328][me0][me_core_thread:359]ME out fid 16410
[01:52:59.666] RX< [4] [cam] [967378][qpc0][qpc_core_exception_check:411]interp not finish in sof, fid: 16421
[01:52:59.666] RX< [4] [cam] [967406][qpc0][qpc_co
[01:53:00.573] RX< re_exception_check:405]discontinuous frame, now: 16423, last: 16421
[01:53:00.573] RX< [34m[AE] fid=16440,exp=10120,adg=257,Y=4762,mtg=180,shg=120,bgbv=1645,iso=257,cnv2,hdr0
[01:53:00.573] RX< [0m[34m[ME INTP]fid=16440, shutter=10120, perf=237(us), max=918(us)!
[01:53:00.573] RX< [0m[7] [cam] [968328][me0][
[01:53:01.237] RX< me_core_thread:359]ME out fid 16440
[01:53:01.237] RX< [4] [cam] [968406][qpc0][qpc_core_exception_check:405]discontinuous frame, now: 16453, last: 16451
[01:53:01.237] RX< [34m[AE] fid=16470,exp=10120,adg=257,Y=4762,mtg=180,shg=120,bgbv=1645,iso=257,cnv2,hdr0
[01:53:01.237] RX< [0m[34m[b_ae0 proc] perf=880(u
[01:53:02.231] RX< s), max=4074(us)!
[01:53:02.231] RX< [0m[34m[awb0 proc] perf=3793(us), max=4139(us)!
[01:53:02.231] RX< [0m[RTMP] f_index = 16470, f_len = 7830
[01:53:02.231] RX< [7] [cam] [969328][me0][me_core_thread:359]ME out fid 16470
[01:53:02.231] RX< [34m[awb0 proc] perf=6044(us), max=6044(us)!
[01:53:02.231] RX< [0m[34m[AE] fid=16500,exp=10120,adg=25
[01:53:02.664] RX< 7,Y=4761,mtg=180,shg=120,bgbv=1645,iso=257,cnv2,hdr0
[01:53:02.664] RX< [0m[7] [cam] [970328][me0][me_core_thread:359]ME out fid 16500
[01:53:02.664] RX< [4] [cam] [970376][qpc0][qpc_core_exception_check:411]interp not finish in sof, fid: 16511
[01:53:02.664] RX< [4] [cam] [970405][qpc0][qpc_core_exception_chec
[01:53:03.665] RX< k:405]discontinuous frame, now: 16513, last: 16511
[01:53:03.665] RX< [34m[AE] fid=16530,exp=10120,adg=257,Y=4765,mtg=180,shg=120,bgbv=1649,iso=257,cnv2,hdr0
[01:53:03.665] RX< [0m[7] [cam] [971328][me0][me_core_thread:359]ME out fid 16530
[01:53:03.665] RX< [4] [cam] [971405][qpc0][qpc_core_exception_check:40
[01:53:04.331] RX< 5]discontinuous frame, now: 16543, last: 16541
[01:53:04.331] RX< [34m[AE] fid=16560,exp=10120,adg=257,Y=4762,mtg=180,shg=120,bgbv=1645,iso=257,cnv2,hdr0
[01:53:04.331] RX< [0m[34m[b_ae0 proc] perf=946(us), max=5878(us)!
[01:53:04.331] RX< [0m[34m[awb0 proc] perf=3792(us), max=6044(us)!
[01:53:04.331] RX< [0m[34m[ME INTP]f
[01:53:04.665] RX< id=16560, shutter=10120, perf=7(us), max=9017(us)!
[01:53:04.665] RX< [0m[RTMP] f_index = 16560, f_len = 7638
[01:53:04.665] RX< [7] [cam] [972327][me0][me_core_thread:359]ME out fid 16560
[01:53:04.665] RX< [4] [cam] [972377][qpc0][qpc_core_exception_check:411]interp not finish in sof, fid: 16571
[01:53:04.665] RX< [4] [cam] [97
[01:53:05.632] RX< 2405][qpc0][qpc_core_exception_check:405]discontinuous frame, now: 16573, last: 16571
[01:53:05.632] RX< [34m[AE] fid=16590,exp=10120,adg=257,Y=4760,mtg=180,shg=120,bgbv=1645,iso=257,cnv2,hdr0
[01:53:05.632] RX< [0m[7] [cam] [973327][me0][me_core_thread:359]ME out fid 16590
[01:53:05.632] RX< [4] [cam] [973373
[01:53:06.231] RX< ][qpc0][qpc_core_exception_check:411]interp not finish in sof, fid: 16601
[01:53:06.231] RX< [4] [cam] [973405][qpc0][qpc_core_exception_check:405]discontinuous frame, now: 16603, last: 16601
[01:53:06.231] RX< [34m[AE] fid=16620,exp=10120,adg=257,Y=4763,mtg=180,shg=120,bgbv=1649,iso=257,cnv2
[01:53:06.664] RX< ,hdr0
[01:53:06.664] RX< [0m[7] [cam] [974327][me0][me_core_thread:359]ME out fid 16620
[01:53:06.664] RX< [4] [cam] [974374][qpc0][qpc_core_exception_check:411]interp not finish in sof, fid: 16631
[01:53:06.664] RX< [4] [cam] [974405][qpc0][qpc_core_exception_check:405]discontinuous frame, now: 16633, last: 16
[01:53:07.572] RX< 631
[01:53:07.572] RX< [34m[AE] fid=16650,exp=10120,adg=257,Y=4772,mtg=180,shg=120,bgbv=1649,iso=257,cnv2,hdr0
[01:53:07.572] RX< [0m[34m[b_ae0 proc] perf=962(us), max=1242(us)!
[01:53:07.572] RX< [0m[34m[awb0 proc] perf=3797(us), max=3907(us)!
[01:53:07.572] RX< [0m[RTMP] f_index = 16650, f_len = 7722
[01:53:07.572] RX< [7] [cam] [975327][me
[01:53:08.231] RX< 0][me_core_thread:359]ME out fid 16650
[01:53:08.231] RX< [34m[awb0 proc] perf=7769(us), max=7769(us)!
[01:53:08.231] RX< [0m[4] [cam] [975405][qpc0][qpc_core_exception_check:405]discontinuous frame, now: 16663, last: 16661
[01:53:08.231] RX< [34m[AE] fid=16680,exp=10120,adg=257,Y=4760,mtg=180,shg=120,bgbv=16
[01:53:08.664] RX< 45,iso=257,cnv2,hdr0
[01:53:08.664] RX< [0m[34m[ME INTP]fid=16680, shutter=10120, perf=5(us), max=1446(us)!
[01:53:08.664] RX< [0m[7] [cam] [976327][me0][me_core_thread:359]ME out fid 16680
[01:53:08.664] RX< [4] [cam] [976374][qpc0][qpc_core_exception_check:411]interp not finish in sof, fid: 16691
[01:53:08.664] RX< [4] [cam] 
[01:53:09.631] RX< [976404][qpc0][qpc_core_exception_check:405]discontinuous frame, now: 16693, last: 16691
[01:53:09.631] RX< [34m[AE] fid=16710,exp=10120,adg=257,Y=4754,mtg=180,shg=120,bgbv=1645,iso=257,cnv2,hdr0
[01:53:09.631] RX< [0m[7] [cam] [977327][me0][me_core_thread:359]ME out fid 16710
[01:53:09.631] RX< [4] [cam] [977
[01:53:10.235] RX< 371][qpc0][qpc_core_exception_check:411]interp not finish in sof, fid: 16721
[01:53:10.235] RX< [4] [cam] [977404][qpc0][qpc_core_exception_check:405]discontinuous frame, now: 16723, last: 16721
[01:53:10.235] RX< [34m[AE] fid=16740,exp=10120,adg=257,Y=4756,mtg=180,shg=120,bgbv=1645,iso=257,c
[01:53:10.634] RX< nv2,hdr0
[01:53:10.634] RX< [0m[34m[b_ae0 proc] perf=1082(us), max=3985(us)!
[01:53:10.634] RX< [0m[34m[awb0 proc] perf=3681(us), max=7769(us)!
[01:53:10.634] RX< [0m[RTMP] f_index = 16740, f_len = 11815
[01:53:10.634] RX< [7] [cam] [978327][me0][me_core_thread:359]ME out fid 16740
[01:53:10.634] RX< [4] [cam] [978374][qpc0][qpc_core_exception
[01:53:11.583] RX< _check:411]interp not finish in sof, fid: 16751
[01:53:11.583] RX< [4] [cam] [978403][qpc0][qpc_core_exception_check:405]discontinuous frame, now: 16753, last: 16751
[01:53:11.583] RX< [34m[AE] fid=16770,exp=10120,adg=257,Y=4745,mtg=180,shg=120,bgbv=1642,iso=257,cnv2,hdr0
[01:53:11.583] RX< [0m[7] [cam] [97932
[01:53:12.330] RX< 6][me0][me_core_thread:359]ME out fid 16770
[01:53:12.330] RX< [4] [cam] [979404][qpc0][qpc_core_exception_check:405]discontinuous frame, now: 16783, last: 16781
[01:53:12.330] RX< [34m[AE] fid=16800,exp=10120,adg=257,Y=4748,mtg=180,shg=120,bgbv=1642,iso=257,cnv2,hdr0
[01:53:12.330] RX< [0m[34m[ME INTP]fid=16
[01:53:13.235] RX< 800, shutter=10120, perf=6(us), max=765(us)!
[01:53:13.235] RX< [0m[7] [cam] [980326][me0][me_core_thread:359]ME out fid 16800
[01:53:13.235] RX< [34m[AE] fid=16830,exp=10120,adg=257,Y=4745,mtg=180,shg=120,bgbv=1642,iso=257,cnv2,hdr0
[01:53:13.235] RX< [0m[34m[b_ae0 proc] perf=973(us), max=3891(us)!
[01:53:13.235] RX< [0m[3
[01:53:13.664] RX< 4m[awb0 proc] perf=3813(us), max=4214(us)!
[01:53:13.664] RX< [0m[RTMP] f_index = 16830, f_len = 7241
[01:53:13.664] RX< [7] [cam] [981326][me0][me_core_thread:359]ME out fid 16830
[01:53:13.664] RX< [4] [cam] [981377][qpc0][qpc_core_exception_check:411]interp not finish in sof, fid: 16841
[01:53:13.664] RX< [4] [cam] [981404][qp
[01:53:14.630] RX< c0][qpc_core_exception_check:405]discontinuous frame, now: 16843, last: 16841
[01:53:14.630] RX< [34m[AE] fid=16860,exp=10120,adg=257,Y=4744,mtg=180,shg=120,bgbv=1642,iso=257,cnv2,hdr0
[01:53:14.630] RX< [0m[7] [cam] [982326][me0][me_core_thread:359]ME out fid 16860
[01:53:14.630] RX< [4] [cam] [982371][qpc0][
[01:53:15.229] RX< qpc_core_exception_check:411]interp not finish in sof, fid: 16871
[01:53:15.229] RX< [4] [cam] [982404][qpc0][qpc_core_exception_check:405]discontinuous frame, now: 16873, last: 16871
[01:53:15.229] RX< [34m[AE] fid=16890,exp=10120,adg=257,Y=4748,mtg=180,shg=120,bgbv=1642,iso=257,cnv2,hdr0
[01:53:15.229] RX< [
[01:53:16.234] RX< 0m[7] [cam] [983326][me0][me_core_thread:359]ME out fid 16890
[01:53:16.234] RX< [4] [cam] [983403][qpc0][qpc_core_exception_check:405]discontinuous frame, now: 16903, last: 16901
[01:53:16.234] RX< [34m[AE] fid=16920,exp=10120,adg=257,Y=4745,mtg=180,shg=119,bgbv=1642,iso=257,cnv2,hdr0
[01:53:16.234] RX< [0m[
[01:53:16.570] RX< 34m[b_ae0 proc] perf=949(us), max=4002(us)!
[01:53:16.570] RX< [0m[34m[awb0 proc] perf=3794(us), max=5479(us)!
[01:53:16.570] RX< [0m[34m[ME INTP]fid=16920, shutter=10120, perf=7(us), max=793(us)!
[01:53:16.570] RX< [0m[RTMP] f_index = 16920, f_len = 7649
[01:53:16.570] RX< [7] [cam] [984326][me0][me_core_thread:359]ME out f
[01:53:17.581] RX< id 16920
[01:53:17.581] RX< [34m[awb0 proc] perf=6046(us), max=6046(us)!
[01:53:17.581] RX< [0m[4] [cam] [984403][qpc0][qpc_core_exception_check:405]discontinuous frame, now: 16933, last: 16931
[01:53:17.581] RX< [34m[AE] fid=16950,exp=10140,adg=300,Y=3724,mtg=180,shg=108,bgbv=1231,iso=300,cnv2,hdr0
[01:53:17.581] RX< [0m[7] [
[01:53:19.237] RX< cam] [985326][me0][me_core_thread:359]ME out fid 16950
[01:53:19.237] RX< [34m[AE] fid=16980,exp=11350,adg=300,Y=4842,mtg=180,shg=100,bgbv=1316,iso=300,cnv2,hdr0
[01:53:19.237] RX< [0m[7] [cam] [986326][me0][me_core_thread:359]ME out fid 16980
[01:53:19.237] RX< [34m[AE] fid=17010,exp=9930,adg=282,Y=5222,mtg=
[01:53:20.229] RX< 180,shg=102,bgbv=1617,iso=282,cnv2,hdr0
[01:53:20.229] RX< [0m[34m[b_ae0 proc] perf=973(us), max=2349(us)!
[01:53:20.229] RX< [0m[34m[awb0 proc] perf=3801(us), max=6046(us)!
[01:53:20.229] RX< [0m[RTMP] f_index = 17010, f_len = 33417
[01:53:20.229] RX< [7] [cam] [987325][me0][me_core_thread:359]ME out fid 17010
[01:53:20.229] RX< [34m[AE] fid
[01:53:20.633] RX< =17040,exp=9960,adg=263,Y=4772,mtg=180,shg=120,bgbv=1638,iso=263,cnv2,hdr0
[01:53:20.633] RX< [0m[34m[ME INTP]fid=17040, shutter=9960, perf=381(us), max=4574(us)!
[01:53:20.633] RX< [0m[7] [cam] [988325][me0][me_core_thread:359]ME out fid 17040
[01:53:20.633] RX< [RTMP] slow send frame 17041 len=83962 dt=51ms
[01:53:22.234] RX<  (IDR)
[01:53:22.234] RX< [34m[AE] fid=17070,exp=11520,adg=300,Y=6180,mtg=180,shg=100,bgbv=1577,iso=300,cnv2,hdr0
[01:53:22.234] RX< [0m[7] [cam] [989325][me0][me_core_thread:359]ME out fid 17070
[01:53:22.234] RX< [34m[AE] fid=17100,exp=13310,adg=300,Y=4347,mtg=180,shg=100,bgbv=1067,iso=300,cnv2,hdr0
[01:53:22.234] RX< [0m[3
[01:53:23.229] RX< 4m[b_ae0 proc] perf=908(us), max=2452(us)!
[01:53:23.229] RX< [0m[34m[awb0 proc] perf=3844(us), max=4629(us)!
[01:53:23.229] RX< [0m[RTMP] f_index = 17100, f_len = 9393
[01:53:23.229] RX< [7] [cam] [990325][me0][me_core_thread:359]ME out fid 17100
[01:53:23.229] RX< [34m[AE] fid=17130,exp=11650,adg=300,Y=4664,mtg=180,shg=100,
[01:53:24.328] RX< bgbv=1239,iso=300,cnv2,hdr0
[01:53:24.328] RX< [0m[7] [cam] [991325][me0][me_core_thread:359]ME out fid 17130
[01:53:24.328] RX< [34m[AE] fid=17160,exp=12120,adg=300,Y=4950,mtg=180,shg=100,bgbv=1272,iso=300,cnv2,hdr0
[01:53:24.328] RX< [0m[34m[ME INTP]fid=17160, shutter=12120, perf=237(us), max=7611(us)!
[01:53:24.328] RX< [0
[01:53:25.556] RX< m[7] [cam] [992325][me0][me_core_thread:359]ME out fid 17160
[01:53:25.556] RX< [34m[AE] fid=17190,exp=13500,adg=300,Y=4039,mtg=180,shg=100,bgbv=964,iso=300,cnv2,hdr0
[01:53:25.556] RX< [0m[34m[b_ae0 proc] perf=1022(us), max=2191(us)!
[01:53:25.556] RX< [0m[34m[awb0 proc] perf=3835(us), max=5064(us)!
[01:53:25.556] RX< [0m[
[01:53:27.228] RX< RTMP] f_index = 17190, f_len = 13990
[01:53:27.228] RX< [7] [cam] [993325][me0][me_core_thread:359]ME out fid 17190
[01:53:27.228] RX< [34m[AE] fid=17220,exp=13160,adg=300,Y=4401,mtg=180,shg=100,bgbv=1068,iso=300,cnv2,hdr0
[01:53:27.228] RX< [0m[7] [cam] [994324][me0][me_core_thread:359]ME out fid 17220
[01:53:27.228] RX< [34m[
[01:53:27.661] RX< AE] fid=17250,exp=10000,adg=263,Y=4826,mtg=180,shg=116,bgbv=1641,iso=263,cnv2,hdr0
[01:53:27.661] RX< [0m[7] [cam] [995324][me0][me_core_thread:359]ME out fid 17250
[01:53:27.661] RX< [34m[awb0 proc] perf=6991(us), max=6991(us)!
[01:53:27.661] RX< [0m[4] [cam] [995402][qpc0][qpc_core_exception_check:405]disco
[01:53:28.327] RX< ntinuous frame, now: 17263, last: 17261
[01:53:28.327] RX< [34m[AE] fid=17280,exp=9960,adg=263,Y=4775,mtg=180,shg=120,bgbv=1642,iso=263,cnv2,hdr0
[01:53:28.327] RX< [0m[34m[b_ae0 proc] perf=956(us), max=2034(us)!
[01:53:28.327] RX< [0m[34m[awb0 proc] perf=3679(us), max=6991(us)!
[01:53:28.327] RX< [0m[34m[ME INTP]fid=17280
[01:53:29.227] RX< , shutter=9960, perf=6(us), max=5471(us)!
[01:53:29.227] RX< [0m[RTMP] f_index = 17280, f_len = 13034
[01:53:29.227] RX< [7] [cam] [996324][me0][me_core_thread:359]ME out fid 17280
[01:53:29.227] RX< [4] [cam] [996402][qpc0][qpc_core_exception_check:405]discontinuous frame, now: 17293, last: 17291
[01:53:29.227] RX< [34m[AE] fid
[01:53:29.660] RX< =17310,exp=9960,adg=263,Y=4786,mtg=180,shg=120,bgbv=1642,iso=263,cnv2,hdr0
[01:53:29.660] RX< [0m[7] [cam] [997324][me0][me_core_thread:359]ME out fid 17310
[01:53:29.660] RX< [4] [cam] [997367][qpc0][qpc_core_exception_check:411]interp not finish in sof, fid: 17321
[01:53:29.660] RX< [4] [cam] [997401][qpc0][q
[01:53:30.629] RX< pc_core_exception_check:405]discontinuous frame, now: 17323, last: 17321
[01:53:30.629] RX< [34m[AE] fid=17340,exp=9960,adg=263,Y=4788,mtg=180,shg=120,bgbv=1646,iso=263,cnv2,hdr0
[01:53:30.629] RX< [0m[7] [cam] [998324][me0][me_core_thread:359]ME out fid 17340
[01:53:30.629] RX< [4] [cam] [998371][qpc0][qpc_co
[01:53:31.232] RX< re_exception_check:411]interp not finish in sof, fid: 17351
[01:53:31.232] RX< [4] [cam] [998401][qpc0][qpc_core_exception_check:405]discontinuous frame, now: 17353, last: 17351
[01:53:31.232] RX< [34m[AE] fid=17370,exp=9960,adg=263,Y=4794,mtg=180,shg=120,bgbv=1646,iso=263,cnv2,hdr0
[01:53:31.232] RX< [0m[34m
[01:53:31.629] RX< [b_ae0 proc] perf=1057(us), max=3776(us)!
[01:53:31.629] RX< [0m[34m[awb0 proc] perf=3780(us), max=4791(us)!
[01:53:31.629] RX< [0m[RTMP] f_index = 17370, f_len = 12291
[01:53:31.629] RX< [7] [cam] [999324][me0][me_core_thread:359]ME out fid 17370
[01:53:31.629] RX< [4] [cam] [999370][qpc0][qpc_core_exception_check:411]interp 
[01:53:32.328] RX< not finish in sof, fid: 17381
[01:53:32.328] RX< [4] [cam] [999401][qpc0][qpc_core_exception_check:405]discontinuous frame, now: 17383, last: 17381
[01:53:32.328] RX< [34m[AE] fid=17400,exp=9960,adg=263,Y=4794,mtg=180,shg=120,bgbv=1646,iso=263,cnv2,hdr0
[01:53:32.328] RX< [0m[34m[ME INTP]fid=17400, shutter=99
[01:53:32.661] RX< 60, perf=1204(us), max=2493(us)!
[01:53:32.661] RX< [0m[7] [cam] [1000324][me0][me_core_thread:359]ME out fid 17400
[01:53:32.661] RX< [4] [cam] [1000369][qpc0][qpc_core_exception_check:411]interp not finish in sof, fid: 17411
[01:53:32.661] RX< [4] [cam] [1000402][qpc0][qpc_core_exception_check:405]discontinuo
[01:53:33.660] RX< us frame, now: 17413, last: 17411
[01:53:33.660] RX< [34m[AE] fid=17430,exp=9960,adg=263,Y=4795,mtg=180,shg=120,bgbv=1646,iso=263,cnv2,hdr0
[01:53:33.660] RX< [0m[7] [cam] [1001324][me0][me_core_thread:359]ME out fid 17430
[01:53:33.660] RX< [4] [cam] [1001402][qpc0][qpc_core_exception_check:405]discontinuous 
[01:53:34.551] RX< frame, now: 17443, last: 17441
[01:53:34.551] RX< [34m[AE] fid=17460,exp=9960,adg=263,Y=4799,mtg=180,shg=120,bgbv=1646,iso=263,cnv2,hdr0
[01:53:34.551] RX< [0m[34m[b_ae0 proc] perf=907(us), max=2121(us)!
[01:53:34.551] RX< [0m[34m[awb0 proc] perf=3872(us), max=3872(us)!
[01:53:34.551] RX< [0m[RTMP] f_index = 17460, f_len = 
[01:53:34.660] RX< 15446
[01:53:34.660] RX< [7] [cam] [1002323][me0][me_core_thread:359]ME out fid 17460
[01:53:34.660] RX< [4] [cam] [1002370][qpc0][qpc_core_exception_check:411]interp not finish in sof, fid: 17471
[01:53:34.660] RX< [4] [cam] [1002401][qpc0][qpc_core_exception_check:405]discontinuous frame, now: 17473, last: 174
[01:53:35.644] RX< 71
[01:53:35.644] RX< [34m[AE] fid=17490,exp=9960,adg=263,Y=4800,mtg=180,shg=120,bgbv=1649,iso=263,cnv2,hdr0
[01:53:35.644] RX< [0m[7] [cam] [1003323][me0][me_core_thread:359]ME out fid 17490
[01:53:35.644] RX< [4] [cam] [1003369][qpc0][qpc_core_exception_check:411]interp not finish in sof, fid: 17501
[01:53:35.644] RX< [4] [cam
[01:53:36.567] RX< ] [1003401][qpc0][qpc_core_exception_check:405]discontinuous frame, now: 17503, last: 17501
[01:53:36.567] RX< [34m[AE] fid=17520,exp=9960,adg=263,Y=4796,mtg=180,shg=120,bgbv=1646,iso=263,cnv2,hdr0
[01:53:36.567] RX< [0m[34m[ME INTP]fid=17520, shutter=9960, perf=254(us), max=2284(us)!
[01:53:36.567] RX< [0m[
[01:53:37.231] RX< 7] [cam] [1004323][me0][me_core_thread:359]ME out fid 17520
[01:53:37.231] RX< [4] [cam] [1004401][qpc0][qpc_core_exception_check:405]discontinuous frame, now: 17533, last: 17531
[01:53:37.231] RX< [34m[AE] fid=17550,exp=9960,adg=263,Y=4802,mtg=180,shg=120,bgbv=1649,iso=263,cnv2,hdr0
[01:53:37.231] RX< [0m[34
[01:53:37.660] RX< m[b_ae0 proc] perf=956(us), max=3489(us)!
[01:53:37.660] RX< [0m[34m[awb0 proc] perf=3795(us), max=5274(us)!
[01:53:37.660] RX< [0m[RTMP] f_index = 17550, f_len = 15331
[01:53:37.660] RX< [7] [cam] [1005323][me0][me_core_thread:359]ME out fid 17550
[01:53:37.660] RX< [4] [cam] [1005400][qpc0][qpc_core_exception_check:405]disco
[01:53:38.631] RX< ntinuous frame, now: 17563, last: 17561
[01:53:38.631] RX< [34m[AE] fid=17580,exp=9960,adg=263,Y=4797,mtg=180,shg=120,bgbv=1646,iso=263,cnv2,hdr0
[01:53:38.631] RX< [0m[7] [cam] [1006323][me0][me_core_thread:359]ME out fid 17580
[01:53:38.631] RX< [4] [cam] [1006372][qpc0][qpc_core_exception_check:411]interp n
[01:53:39.580] RX< ot finish in sof, fid: 17591
[01:53:39.580] RX< [4] [cam] [1006400][qpc0][qpc_core_exception_check:405]discontinuous frame, now: 17593, last: 17591
[01:53:39.580] RX< [34m[AE] fid=17610,exp=9960,adg=263,Y=4801,mtg=180,shg=120,bgbv=1649,iso=263,cnv2,hdr0
[01:53:39.580] RX< [0m[7] [cam] [1007323][me0][me_core_th
[01:53:40.230] RX< read:359]ME out fid 17610
[01:53:40.230] RX< [4] [cam] [1007369][qpc0][qpc_core_exception_check:411]interp not finish in sof, fid: 17621
[01:53:40.230] RX< [4] [cam] [1007401][qpc0][qpc_core_exception_check:405]discontinuous frame, now: 17623, last: 17621
[01:53:40.230] RX< [34m[AE] fid=17640,exp=9960,adg=263,Y
[01:53:40.549] RX< =4793,mtg=180,shg=120,bgbv=1646,iso=263,cnv2,hdr0
[01:53:40.549] RX< [0m[34m[b_ae0 proc] perf=1072(us), max=3435(us)!
[01:53:40.549] RX< [0m[34m[awb0 proc] perf=3795(us), max=4479(us)!
[01:53:40.549] RX< [0m[34m[ME INTP]fid=17640, shutter=9960, perf=6(us), max=1584(us)!
[01:53:40.549] RX< [0m[RTMP] f_index = 17640, f_len =
[01:53:40.660] RX<  12359
[01:53:40.660] RX< [7] [cam] [1008323][me0][me_core_thread:359]ME out fid 17640
[01:53:40.660] RX< [4] [cam] [1008370][qpc0][qpc_core_exception_check:411]interp not finish in sof, fid: 17651
[01:53:40.660] RX< [4] [cam] [1008401][qpc0][qpc_core_exception_check:405]discontinuous frame, now: 17653, last: 17
[01:53:41.659] RX< 651
[01:53:41.659] RX< [34m[AE] fid=17670,exp=9960,adg=263,Y=4795,mtg=180,shg=120,bgbv=1646,iso=263,cnv2,hdr0
[01:53:41.659] RX< [0m[7] [cam] [1009322][me0][me_core_thread:359]ME out fid 17670
[01:53:41.659] RX< [4] [cam] [1009400][qpc0][qpc_core_exception_check:405]discontinuous frame, now: 17683, last: 17681
[01:53:43.231] RX< 
[01:53:43.231] RX< [34m[AE] fid=17700,exp=9960,adg=263,Y=4794,mtg=180,shg=120,bgbv=1646,iso=263,cnv2,hdr0
[01:53:43.231] RX< [0m[7] [cam] [1010322][me0][me_core_thread:359]ME out fid 17700
[01:53:43.231] RX< [34m[AE] fid=17730,exp=9960,adg=263,Y=4796,mtg=180,shg=120,bgbv=1646,iso=263,cnv2,hdr0
[01:53:43.231] RX< [0m[34m[b_ae
[01:53:43.630] RX< 0 proc] perf=946(us), max=3802(us)!
[01:53:43.630] RX< [0m[34m[awb0 proc] perf=3793(us), max=3866(us)!
[01:53:43.630] RX< [0m[RTMP] f_index = 17730, f_len = 12473
[01:53:43.630] RX< [7] [cam] [1011322][me0][me_core_thread:359]ME out fid 17730
[01:53:43.630] RX< [4] [cam] [1011371][qpc0][qpc_core_exception_check:411]interp not 
[01:53:44.325] RX< finish in sof, fid: 17741
[01:53:44.325] RX< [4] [cam] [1011400][qpc0][qpc_core_exception_check:405]discontinuous frame, now: 17743, last: 17741
[01:53:44.325] RX< [34m[AE] fid=17760,exp=9960,adg=263,Y=4798,mtg=180,shg=120,bgbv=1646,iso=263,cnv2,hdr0
[01:53:44.325] RX< [0m[34m[ME INTP]fid=17760, shutter=9960,
[01:53:44.659] RX<  perf=6(us), max=541(us)!
[01:53:44.659] RX< [0m[7] [cam] [1012322][me0][me_core_thread:359]ME out fid 17760
[01:53:44.659] RX< [4] [cam] [1012367][qpc0][qpc_core_exception_check:411]interp not finish in sof, fid: 17771
[01:53:44.659] RX< [4] [cam] [1012400][qpc0][qpc_core_exception_check:405]discontinuous fram
[01:53:45.627] RX< e, now: 17773, last: 17771
[01:53:45.627] RX< [34m[AE] fid=17790,exp=9960,adg=263,Y=4797,mtg=180,shg=120,bgbv=1646,iso=263,cnv2,hdr0
[01:53:45.627] RX< [0m[7] [cam] [1013322][me0][me_core_thread:359]ME out fid 17790
[01:53:45.627] RX< [4] [cam] [1013369][qpc0][qpc_core_exception_check:411]interp not finish in 
[01:53:46.230] RX< sof, fid: 17801
[01:53:46.230] RX< [4] [cam] [1013399][qpc0][qpc_core_exception_check:405]discontinuous frame, now: 17803, last: 17801
[01:53:46.230] RX< [34m[AE] fid=17820,exp=9960,adg=263,Y=4793,mtg=180,shg=120,bgbv=1646,iso=263,cnv2,hdr0
[01:53:46.230] RX< [0m[34m[b_ae0 proc] perf=957(us), max=1995(us)!
[01:53:46.230] RX< 
[01:53:47.224] RX< [0m[34m[awb0 proc] perf=3673(us), max=3867(us)!
[01:53:47.224] RX< [0m[RTMP] f_index = 17820, f_len = 12710
[01:53:47.224] RX< [7] [cam] [1014322][me0][me_core_thread:359]ME out fid 17820
[01:53:47.224] RX< [4] [cam] [1014399][qpc0][qpc_core_exception_check:405]discontinuous frame, now: 17833, last: 17831
[01:53:47.224] RX< [34
[01:53:47.657] RX< m[AE] fid=17850,exp=9960,adg=263,Y=4799,mtg=180,shg=120,bgbv=1646,iso=263,cnv2,hdr0
[01:53:47.657] RX< [0m[7] [cam] [1015322][me0][me_core_thread:359]ME out fid 17850
[01:53:47.657] RX< [4] [cam] [1015369][qpc0][qpc_core_exception_check:411]interp not finish in sof, fid: 17861
[01:53:47.657] RX< [4] [cam] [1015
[01:53:48.565] RX< 398][qpc0][qpc_core_exception_check:405]discontinuous frame, now: 17863, last: 17861
[01:53:48.565] RX< [34m[AE] fid=17880,exp=9960,adg=263,Y=4797,mtg=180,shg=120,bgbv=1646,iso=263,cnv2,hdr0
[01:53:48.565] RX< [0m[34m[ME INTP]fid=17880, shutter=9960, perf=6(us), max=1870(us)!
[01:53:48.565] RX< [0m[7] [cam] 
[01:53:49.229] RX< [1016321][me0][me_core_thread:359]ME out fid 17880
[01:53:49.229] RX< [4] [cam] [1016368][qpc0][qpc_core_exception_check:411]interp not finish in sof, fid: 17891
[01:53:49.229] RX< [4] [cam] [1016398][qpc0][qpc_core_exception_check:405]discontinuous frame, now: 17893, last: 17891
[01:53:49.229] RX< [34m[AE] fid
[01:53:49.566] RX< =17910,exp=9960,adg=263,Y=4797,mtg=180,shg=120,bgbv=1646,iso=263,cnv2,hdr0
[01:53:49.566] RX< [0m[34m[b_ae0 proc] perf=888(us), max=4104(us)!
[01:53:49.566] RX< [0m[34m[awb0 proc] perf=3775(us), max=5661(us)!
[01:53:49.566] RX< [0m[RTMP] f_index = 17910, f_len = 15134
[01:53:49.566] RX< [7] [cam] [1017321][me0][me_core_threa
[01:53:50.224] RX< d:359]ME out fid 17910
[01:53:50.224] RX< [4] [cam] [1017368][qpc0][qpc_core_exception_check:411]interp not finish in sof, fid: 17921
[01:53:50.224] RX< [4] [cam] [1017399][qpc0][qpc_core_exception_check:405]discontinuous frame, now: 17923, last: 17921
[01:53:50.224] RX< [34m[AE] fid=17940,exp=9960,adg=263,Y=47
[01:53:51.224] RX< 96,mtg=180,shg=120,bgbv=1646,iso=263,cnv2,hdr0
[01:53:51.224] RX< [0m[7] [cam] [1018321][me0][me_core_thread:359]ME out fid 17940
[01:53:51.224] RX< [4] [cam] [1018399][qpc0][qpc_core_exception_check:405]discontinuous frame, now: 17953, last: 17951
[01:53:51.224] RX< [34m[AE] fid=17970,exp=9960,adg=263,Y=4795,
[01:53:51.657] RX< mtg=180,shg=120,bgbv=1646,iso=263,cnv2,hdr0
[01:53:51.657] RX< [0m[7] [cam] [1019321][me0][me_core_thread:359]ME out fid 17970
[01:53:51.657] RX< [4] [cam] [1019370][qpc0][qpc_core_exception_check:411]interp not finish in sof, fid: 17981
[01:53:51.657] RX< [4] [cam] [1019399][qpc0][qpc_core_exception_check:405]
[01:53:52.308] RX< discontinuous frame, now: 17983, last: 17981
[01:53:52.308] RX< [34m[AE] fid=18000,exp=9960,adg=263,Y=4794,mtg=180,shg=120,bgbv=1646,iso=263,cnv2,hdr0
[01:53:52.308] RX< [0m[34m[b_ae0 proc] perf=958(us), max=2530(us)!
[01:53:52.308] RX< [0m[34m[awb0 proc] perf=3794(us), max=3896(us)!
[01:53:52.308] RX< [0m[34m[ME INTP]fid=
[01:53:52.656] RX< 18000, shutter=9960, perf=6(us), max=786(us)!
[01:53:52.656] RX< [0m[RTMP] f_index = 18000, f_len = 12241
[01:53:52.656] RX< [7] [cam] [1020321][me0][me_core_thread:359]ME out fid 18000
[01:53:52.656] RX< [4] [cam] [1020366][qpc0][qpc_core_exception_check:411]interp not finish in sof, fid: 18011
[01:53:52.656] RX< [4] [cam] [1020
[01:53:53.657] RX< 398][qpc0][qpc_core_exception_check:405]discontinuous frame, now: 18013, last: 18011
[01:53:53.657] RX< [34m[AE] fid=18030,exp=9960,adg=263,Y=4792,mtg=180,shg=120,bgbv=1646,iso=263,cnv2,hdr0
[01:53:53.657] RX< [0m[7] [cam] [1021321][me0][me_core_thread:359]ME out fid 18030
[01:53:53.657] RX< [4] [cam] [1021398
[01:53:54.628] RX< ][qpc0][qpc_core_exception_check:405]discontinuous frame, now: 18043, last: 18041
[01:53:54.628] RX< [34m[AE] fid=18060,exp=9960,adg=263,Y=4792,mtg=180,shg=120,bgbv=1646,iso=263,cnv2,hdr0
[01:53:54.628] RX< [0m[7] [cam] [1022321][me0][me_core_thread:359]ME out fid 18060
[01:53:54.628] RX< [4] [cam] [1022369][q
[01:53:55.228] RX< pc0][qpc_core_exception_check:411]interp not finish in sof, fid: 18071
[01:53:55.228] RX< [4] [cam] [1022398][qpc0][qpc_core_exception_check:405]discontinuous frame, now: 18073, last: 18071
[01:53:55.228] RX< [34m[AE] fid=18090,exp=9960,adg=263,Y=4797,mtg=180,shg=120,bgbv=1646,iso=263,cnv2,hd
[01:53:55.626] RX< r0
[01:53:55.626] RX< [0m[34m[b_ae0 proc] perf=889(us), max=3356(us)!
[01:53:55.626] RX< [0m[34m[awb0 proc] perf=3786(us), max=4800(us)!
[01:53:55.626] RX< [0m[RTMP] f_index = 18090, f_len = 12188
[01:53:55.626] RX< [7] [cam] [1023320][me0][me_core_thread:359]ME out fid 18090
[01:53:55.626] RX< [4] [cam] [1023368][qpc0][qpc_core_exception_chec
[01:53:56.323] RX< k:411]interp not finish in sof, fid: 18101
[01:53:56.323] RX< [4] [cam] [1023398][qpc0][qpc_core_exception_check:405]discontinuous frame, now: 18103, last: 18101
[01:53:56.323] RX< [34m[AE] fid=18120,exp=9960,adg=263,Y=4789,mtg=180,shg=120,bgbv=1646,iso=263,cnv2,hdr0
[01:53:56.323] RX< [0m[34m[ME INTP]fid=181
[01:53:56.657] RX< 20, shutter=9960, perf=6(us), max=238(us)!
[01:53:56.657] RX< [0m[7] [cam] [1024320][me0][me_core_thread:359]ME out fid 18120
[01:53:56.657] RX< [4] [cam] [1024369][qpc0][qpc_core_exception_check:411]interp not finish in sof, fid: 18131
[01:53:56.657] RX< [4] [cam] [1024398][qpc0][qpc_core_exception_check:405]d
[01:53:57.627] RX< iscontinuous frame, now: 18133, last: 18131
[01:53:57.627] RX< [34m[AE] fid=18150,exp=9960,adg=263,Y=4787,mtg=180,shg=120,bgbv=1642,iso=263,cnv2,hdr0
[01:53:57.627] RX< [0m[7] [cam] [1025320][me0][me_core_thread:359]ME out fid 18150
[01:53:57.627] RX< [4] [cam] [1025367][qpc0][qpc_core_exception_check:411]inte
[01:53:58.228] RX< rp not finish in sof, fid: 18161
[01:53:58.228] RX< [4] [cam] [1025398][qpc0][qpc_core_exception_check:405]discontinuous frame, now: 18163, last: 18161
[01:53:58.228] RX< [34m[AE] fid=18180,exp=9960,adg=263,Y=4789,mtg=180,shg=120,bgbv=1646,iso=263,cnv2,hdr0
[01:53:58.228] RX< [0m[34m[b_ae0 proc] perf=958(us),
[01:53:58.656] RX<  max=1069(us)!
[01:53:58.656] RX< [0m[34m[awb0 proc] perf=3680(us), max=3894(us)!
[01:53:58.656] RX< [0m[RTMP] f_index = 18180, f_len = 12357
[01:53:58.656] RX< [7] [cam] [1026320][me0][me_core_thread:359]ME out fid 18180
[01:53:58.656] RX< [4] [cam] [1026398][qpc0][qpc_core_exception_check:405]discontinuous frame, now: 18193,
[01:53:59.657] RX<  last: 18191
[01:53:59.657] RX< [34m[AE] fid=18210,exp=9960,adg=263,Y=4796,mtg=180,shg=120,bgbv=1646,iso=263,cnv2,hdr0
[01:53:59.657] RX< [0m[7] [cam] [1027320][me0][me_core_thread:359]ME out fid 18210
[01:53:59.657] RX< [4] [cam] [1027398][qpc0][qpc_core_exception_check:405]discontinuous frame, now: 18223, la
[01:54:00.627] RX< st: 18221
[01:54:00.627] RX< [34m[AE] fid=18240,exp=9960,adg=263,Y=4797,mtg=180,shg=120,bgbv=1646,iso=263,cnv2,hdr0
[01:54:00.627] RX< [0m[34m[ME INTP]fid=18240, shutter=9960, perf=253(us), max=2064(us)!
[01:54:00.627] RX< [0m[7] [cam] [1028320][me0][me_core_thread:359]ME out fid 18240
[01:54:00.627] RX< [4] [cam] [1028368][qp
[01:54:01.227] RX< c0][qpc_core_exception_check:411]interp not finish in sof, fid: 18251
[01:54:01.227] RX< [4] [cam] [1028396][qpc0][qpc_core_exception_check:405]discontinuous frame, now: 18253, last: 18251
[01:54:01.227] RX< [34m[AE] fid=18270,exp=9960,adg=263,Y=4799,mtg=180,shg=120,bgbv=1646,iso=263,cnv2,hdr
[01:54:01.656] RX< 0
[01:54:01.656] RX< [0m[34m[b_ae0 proc] perf=969(us), max=3797(us)!
[01:54:01.656] RX< [0m[34m[awb0 proc] perf=3789(us), max=4190(us)!
[01:54:01.656] RX< [0m[RTMP] f_index = 18270, f_len = 15317
[01:54:01.656] RX< [7] [cam] [1029320][me0][me_core_thread:359]ME out fid 18270
[01:54:01.656] RX< [4] [cam] [1029397][qpc0][qpc_core_exception_check
[01:54:02.114] TX> rtmp_video_stop
[01:54:02.114] TX> echo "__EVBTEST_END_e86079dc__"
[01:54:02.147] RX< :405]discontinuous frame, now: 18283, last: 18281
[01:54:02.147] RX< rtmp_video_stop
[01:54:02.147] RX< [RTMP] Stop requested
[01:54:02.147] RX< msh /emmc>echo "__EVBTEST_[RTMP] Push Stop: total frames = 18288
[01:54:02.147] RX< [6] [cam] [1029887][RtmpSend][sensor_stream_off:1188]sensor [1]: stream_off
[01:54:02.147] RX< [6] [cam] [1029888][RtmpSe
[01:54:02.172] RX< nd][sensor_stream_off:1217]sensor [1]: REG: 0x100, W:0x0.
[01:54:02.172] RX< [6] [cam] [1029888][RtmpSend][sensor_stream_off:1219]sensor [1]: REG: 0x100, R:0x0.
[01:54:02.172] RX< [6] [cam] [1029924][RtmpSend][csc_prv_stop:983]ok! phys_id[1], phys_num[1], stop_type = 0
[01:54:02.172] RX< [6] [cam] [1029924][Rtm
[01:54:02.172] RX< pSend][cam_stop:1058]preview stop ok! logic_id[0]
[01:54:02.172] RX< [34m[cam stop] perf=37011(us)!
[01:54:02.172] RX< [0m[6] [App Cam] cam stop success
[01:54:02.172] RX< Total of 18289 frames encoded, 304812694 bytes, max_workbuffer_used: 4960256 bytes
[01:54:02.172] RX< [6] [App Cam] hevc_encoder_deinit success
[01:54:02.172] RX< [7] [cam] [1
[01:54:02.176] RX< 029929][RtmpSend][cam_cpm_core_power_off:467]id,0 type,1 ret 0
[01:54:02.176] RX< [6] [cam] [1029929][sif0][sif_irq_proc:174]thread release cid,0
[01:54:02.176] RX< [6] [cam] [1029929][RtmpSend][cam_sif_mgr_deinit:316]X
[01:54:02.176] RX< [6] [cam] [1029930][RtmpSend][cam_deinit:887]deinit ok! logic_id[0]
[01:54:02.176] RX< [34
[01:54:02.176] RX< m[cam deinit] perf=1325(us)!
[01:54:02.176] RX< [0m[6] [App Cam] cam deinit success
[01:54:02.176] RX< [6] [cam] [1029931][RtmpSend][sensor_close:1292]sensor [1]: close!
[01:54:02.176] RX< [6] [cam] [1029931][RtmpSend][cam_bm_core_deinit:136]X
[01:54:02.176] RX< [6] [cam] [1029932][me0][me_core_thread:404]thread release cid,0
[01:54:02.178] RX< [6] [cam] [1029933][RtmpSend][cam_me_core_deinit:1551]X
[01:54:02.178] RX< [6] [cam] [1029933][fe0][fe_core_irq_proc:121]thread release cid,0
[01:54:02.178] RX< [6] [cam] [1029933][RtmpSend][cam_fe_core_deinit:536]X
[01:54:02.178] RX< [6] [cam] [1029933][b_3a_sts][bayer_stats_core_irq_proc:193]thread release ci
[01:54:02.179] RX< d,0
[01:54:02.179] RX< [6] [cam] [1029934][RtmpSend][cam_bayer_stats_core_deinit:512]X
[01:54:02.179] RX< [6] [cam] [1029934][b_ae0][a5_core_wrapper_task:315]thread release cid,0,algo,0
[01:54:02.179] RX< [6] [cam] [1029935][RtmpSend][bayer_ae_wrapper_deinit:204]X
[01:54:02.179] RX< [6] [cam] [1029935][atf0][a5_core_wrapper_task
[01:54:02.181] RX< :315]thread release cid,0,algo,1
[01:54:02.181] RX< [6] [cam] [1029936][RtmpSend][atf_wrapper_deinit:153]X
[01:54:02.181] RX< [6] [cam] [1029936][awb0][a5_core_wrapper_task:315]thread release cid,0,algo,2
[01:54:02.181] RX< [6] [cam] [1029936][RtmpSend][awb_wrapper_deinit:153]X
[01:54:02.181] RX< [6] [cam] [1029936][RtmpSend][ca
[01:54:02.181] RX< m_5a_core_deinit:555]X
[01:54:02.181] RX< [6] [cam] [1029937][RtmpSend][cam_5a_inf_deinit:149]X
[01:54:02.181] RX< [6] [cam] [1029937][qpc0][qpc_core_msg_proc:705]thread release cid,0
[01:54:02.181] RX< [6] [cam] [1029938][RtmpSend][qpc_core_deinit:1413]X
[01:54:02.181] RX< [6] [cam] [1029938][RtmpSend][cam_cpm_core_deinit:1248]
[01:54:02.184] RX< X
[01:54:02.184] RX< [6] [cam] [1029938][RtmpSend][csc_close:656]ok! phys_id[1], phys_num[1]
[01:54:02.184] RX< [7] [cam] [1029938][cer0][cer_recovery_proc:352]msg type = 254
[01:54:02.184] RX< [6] [cam] [1029939][cer0][cer_recovery_proc:454]thread release cid,0
[01:54:02.184] RX< [6] [cam] [1029939][RtmpSend][cer_deinit:560]X
[01:54:02.184] RX< [6] [cam] [1029940][RtmpSend][cam_close:789]close ok! logic_id[0]
[01:54:02.184] RX< [34m[cam close] perf=9107(us)!
[01:54:02.184] RX< [0m[6] [App Cam] cam close success
[01:54:02.184] RX< [6] [cam] [1029940][cpl0][cam_prelude_proc_routine:136]thread release
[01:54:02.184] RX< [6] [cam] [1029941][RtmpSend][cam_exit:571]exit ok
[01:54:04.186] RX< !
[01:54:04.186] RX< [34m[cam exit] perf=573(us)!
[01:54:04.186] RX< [0m[6] [App Cam] cam exit success
[01:54:04.186] RX< [RTMP] disconnected
[01:54:04.186] RX< [RTMP] disconnected
[01:54:04.186] RX< END_e86079dc__"
[01:54:04.186] RX< __EVBTEST_END_e86079dc__
[01:54:04.186] RX< msh /emmc>
