[03:38:25.389] TX> 
[03:38:26.390] TX> 
[03:38:27.389] RX< 
[03:38:27.389] RX< msh />
[03:38:27.389] RX< msh />
[03:38:27.592] TX> echo "EVBTEST_HELLO"
[03:38:27.592] TX> echo "__EVBTEST_END_1034ba9a__"
[03:38:29.392] RX< echo "EVBTEST_HELLO"
[03:38:29.392] RX< EVBTEST_HELLO
[03:38:29.392] RX< msh />echo "__EVBTEST_END_1034ba9a__"
[03:38:29.392] RX< __EVBTEST_END_1034ba9a__
[03:38:29.392] RX< msh />
[03:38:29.596] TX> cd /
[03:38:29.596] TX> echo "__EVBTEST_END_c5ea4758__"
[03:38:31.394] RX< cd /
[03:38:31.394] RX< msh />echo "__EVBTEST_END_c5ea4758__"
[03:38:31.394] RX< __EVBTEST_END_c5ea4758__
[03:38:31.394] RX< msh />
[03:38:31.598] TX> dfs_video_stop
[03:38:31.598] TX> echo "__EVBTEST_END_151b70b2__"
[03:38:33.397] RX< dfs_video_stop
[03:38:33.397] RX< [6] [App Dfs] Please start recording the video first.
[03:38:33.397] RX< msh />echo "__EVBTEST_END_151b70b2__"
[03:38:33.397] RX< __EVBTEST_END_151b70b2__
[03:38:33.397] RX< msh />
[03:38:39.808] TX> wifi scan
[03:38:39.808] TX> echo "__EVBTEST_END_0b9d0db4__"
[03:38:39.843] RX< wifi scan
[03:38:39.843] RX<              SSID                      MAC            security    rssi chn Mbps
[03:38:39.843] RX< ------------------------------- -----------------  -------------- ---- --- ----
[03:38:39.843] RX< HUAWEI-X1E3WU                   42:17:a3:f1:cf:49  WPA2_AES_PSK   -53    1  144
[03:38:39.843] RX< ftp_
[03:38:40.119] RX< test_2_4G                   62:ed:11:f2:02:a7  WPA2_AES_PSK   -33    5  144
[03:38:40.119] RX< DIRECT-9Q-客厅电视          66:6b:e7:66:5c:be  WPA2_AES_PSK   -50   11  144
[03:38:40.119] RX< gravityXR                       f4:e4:51:83:d3:10  WPA2_AES_PSK   -41   11  144
[03:38:40.119] RX<  Gwireless       
[03:38:40.199] RX<                f4:e4:51:83:d3:11  WPA2_AES_PSK   -39   11  144
[03:38:40.199] RX< G-Demo                          f4:e4:51:83:d3:12  WPA2_AES_PSK   -42   11  144
[03:38:40.199] RX< SW-test-2.4G                    f8:ce:21:8b:a6:fc  WPA2_AES_PSK   3     13  600
[03:38:40.199] RX< gravityXR                     
[03:38:40.351] RX<   f4:e4:51:83:d5:50  WPA2_AES_PSK   -61   13  144
[03:38:40.351] RX<  Gwireless                      f4:e4:51:83:d5:51  WPA2_AES_PSK   -59   13  144
[03:38:40.351] RX< G-Demo                          f4:e4:51:83:d5:52  WPA2_AES_PSK   -56   13  144
[03:38:40.351] RX< CU_dvOp                         ba:a1:4a:0d
[03:38:42.353] RX< :e4:51  WPA2_MIXED_PSK -66    1  144
[03:38:42.353] RX< msh />echo "__EVBTEST_END_0b9d0db4__"
[03:38:42.353] RX< __EVBTEST_END_0b9d0db4__
[03:38:42.353] RX< msh />
[03:38:53.853] TX> wifi join SW-test-2.4G tuf@3600
[03:38:53.853] TX> echo "__EVBTEST_END_4e6689c6__"
[03:38:54.365] RX< wifi join SW-test-2.4G tuf@3600
[03:39:00.372] RX< [32m[I/WLAN.mgnt] wifi connect success ssid:SW-test-2.4G[0m
[03:39:00.372] RX< msh />echo "__EVBTEST_END_4e6689c6__"
[03:39:00.372] RX< __EVBTEST_END_4e6689c6__
[03:39:00.372] RX< msh />
[03:39:02.374] RX< [32m[I/WLAN.lwip] Got IP address : 192.168.1.101[0m
[03:39:07.386] RX< ifconfig
[03:39:07.386] RX< network interface device: w0 (Default)
[03:39:07.386] RX< MTU: 1500
[03:39:07.386] RX< MAC: 8c ea 12 ba a8 2c 
[03:39:07.386] RX< FLAGS: UP LINK_UP INTERNET_DOWN DHCP_ENABLE ETHARP BROADCAST IGMP
[03:39:07.386] RX< ip address: 192.168.1.101
[03:39:07.386] RX< gw address: 192.168.1.3
[03:39:07.386] RX< net mask  : 255.255.255.0
[03:39:07.386] RX< dns server #0: 192.168.1.3
[03:39:07.401] RX< dns server #1: 0.0.0.0
[03:39:07.401] RX< 
[03:39:07.401] RX< network interface device: w1
[03:39:07.401] RX< MTU: 1500
[03:39:07.401] RX< MAC: 8e ea 12 ba a8 2c 
[03:39:07.401] RX< FLAGS: UP LINK_DOWN INTERNET_DOWN DHCP_ENABLE ETHARP BROADCAST IGMP
[03:39:07.401] RX< ip address: 0.0.0.0
[03:39:07.401] RX< gw address: 0.0.0.0
[03:39:07.401] RX< net mask  : 0.0.0.0
[03:39:07.401] RX< dns server #0: 192.168.1.3
[03:39:07.401] RX< dns serv
[03:39:07.584] TX> ifconfig
[03:39:07.584] TX> echo "__EVBTEST_END_3fd14163__"
[03:39:09.403] RX< er #1: 0.0.0.0
[03:39:09.403] RX< msh />echo "__EVBTEST_END_3fd14163__"
[03:39:09.403] RX< __EVBTEST_END_3fd14163__
[03:39:09.403] RX< msh />
[03:39:09.608] TX> cd /emmc
[03:39:09.608] TX> echo "__EVBTEST_END_f2ccb8ac__"
[03:39:11.406] RX< cd /emmc
[03:39:11.406] RX< msh /emmc>echo "__EVBTEST_END_f2ccb8ac__"
[03:39:11.406] RX< __EVBTEST_END_f2ccb8ac__
[03:39:11.406] RX< msh /emmc>
[03:39:11.609] TX> ftp_server
[03:39:11.609] TX> echo "__EVBTEST_END_6e290325__"
[03:39:13.408] RX< ftp_server
[03:39:13.408] RX< 
[03:39:13.408] RX< [FTP] Ftp server init success!!!
[03:39:13.408] RX< msh /emmc>echo "__EVBTEST_END_6e290325__"
[03:39:13.408] RX< __EVBTEST_END_6e290325__
[03:39:13.408] RX< msh /emmc>
[03:39:17.412] RX< [32m[I/ftp] service launched success.[0m
[03:39:21.283] TX> cam_set photo auto
[03:39:21.283] TX> echo "__EVBTEST_END_db3bec0d__"
[03:39:21.416] RX< cam_set photo auto
[03:39:21.416] RX< [6] [App Dfs] auto mode
[03:39:21.416] RX< msh /emmc>echo "__EVBTEST_END_db3bec0d__"
[03:39:21.416] RX< __EVBTEST_END_db3bec0d__
[03:39:21.416] RX< msh /emmc>
[03:39:22.432] RX< dfs_capture_start
[03:39:22.432] RX< [7] [cam] [59541][tshell][cgm_parse_bin:105]total logical camera num: 1
[03:39:22.432] RX< [6] [cam] [59541][tshell][cam_prelude_create:187]E id, 0
[03:39:22.432] RX< [7] [cam] [59541][cpl0][cam_prelude_proc_routine:101]thread start
[03:39:22.432] RX< [6] [cam] [59541][tshell][cam_prelude_crea
[03:39:22.435] RX< te:214]X ctx size 124 addr 0x88480c28
[03:39:22.435] RX< [6] [cam] [59547][tshell][sensor_probe:418]sensor [1]: identifing 0 success.
[03:39:22.435] RX< [6] [cam] [59548][tshell][sensor_probe:441]sensor [1]: probe exit!
[03:39:22.435] RX< [6] [cam] [59548][tshell][cam_prelude_fast_probe:251]cam: 0 probe result:
[03:39:22.436] RX<  0
[03:39:22.436] RX< [6] [cam] [59549][tshell][cgm_parse_bin:215]cam(0) probe success
[03:39:22.436] RX< [6] [cam] [59549][tshell][cam_entry:435]entry ok
[03:39:22.436] RX< [34m[cam entry] perf=9057(us)!
[03:39:22.436] RX< [0m[6] [App Cam] cam entry success
[03:39:22.436] RX< [36mmem_laySolv: scenario=01 in=4032x3024, me_rotate=1 me_stripe=1 
[03:39:22.437] RX< 
[03:39:22.437] RX< [0m[36mmem_laySolv: me_rot 1, me_stripe 1, eis 0, be_rot 0
[03:39:22.437] RX< [0mscen1 type26 bufAdr 0x89d40b70 sz 0x1400000 reCfg for bound!
[03:39:22.437] RX< [36mmem_laySolv: scen01 20 entries solved OK!
[03:39:22.437] RX< [0m[7] [cam] [59551][tshell][cam_solve_whole_layout:355]
[03:39:22.437] RX< scen1: vol 0x8c000000 
[03:39:22.438] RX< rbuf 0x8a000000 sz 0x1400000 wbuf 0x8b400000 sz 0x200000
[03:39:22.438] RX< [36mmem_laySolv: scenario=02 in=2016x1512, me_rotate=0 me_stripe=0 
[03:39:22.438] RX< [0m[36mmem_laySolv: me_rot 0, me_stripe 0, eis 0, be_rot 0
[03:39:22.438] RX< [0mscen2 type15 bufAdr 0x89ce3ef0 sz 0xd00000 reCfg for bound!
[03:39:22.438] RX< [3
[03:39:22.440] RX< 6mmem_laySolv: scen02 14 entries solved OK!
[03:39:22.440] RX< [0m[36mmem_laySolv: scenario=03 in=4032x2268, me_rotate=1 me_stripe=0 
[03:39:22.440] RX< [0m[36mmem_laySolv: me_rot 1, me_stripe 0, eis 0, be_rot 0
[03:39:22.440] RX< [0m[36mmem_laySolv: scen03 14 entries solved OK!
[03:39:22.440] RX< [0m[36mmem_laySolv: sce
[03:39:22.441] RX< nario=04 in=4032x3024, me_rotate=1 me_stripe=1 
[03:39:22.441] RX< [0m[36mmem_laySolv: me_rot 1, me_stripe 1, eis 0, be_rot 0
[03:39:22.441] RX< [0m[36mmem_laySolv: scen04 14 entries solved OK!
[03:39:22.441] RX< [0m[36mmem_laySolv: scenario=05 in=1008x0756, me_rotate=0 me_stripe=0 
[03:39:22.441] RX< [0m[36mmem_laySolv:
[03:39:22.443] RX<  me_rot 0, me_stripe 0, eis 0, be_rot 0
[03:39:22.443] RX< [0m[36mmem_laySolv: scen05 17 entries solved OK!
[03:39:22.443] RX< [0m[36mmem_laySolv: scenario=06 in=1008x0720, me_rotate=0 me_stripe=0 
[03:39:22.443] RX< [0m[36mmem_laySolv: me_rot 0, me_stripe 0, eis 0, be_rot 0
[03:39:22.443] RX< [0m[36mmem_laySolv: scen06 
[03:39:22.443] RX< 12 entries solved OK!
[03:39:22.443] RX< [0m[36mmem_laySolv: scenario=01 in=4032x3024, me_rotate=1 me_stripe=1 
[03:39:22.443] RX< [0mscen1 type26 bufAdr 0x89d40b70 sz 0x1400000 reCfg for bound!
[03:39:22.443] RX< [36mmem_laySolv: scen01 20 entries solved OK!
[03:39:22.443] RX< [0m[7] [cam] [59559][tshell][cam_solve_whole_l
[03:39:22.446] RX< ayout:383]Solve Whole-layout Done!
[03:39:22.446] RX< [6] [cam] [59559][tshell][cgm_parse_media_para:271]phy cam num: 1
[03:39:22.446] RX< [7] [cam] [59560][cer0][cer_recovery_proc:343]thread start cid, 0
[03:39:22.446] RX< [6] [cam] [59560][tshell][csc_open:443]SENSOR MCLK cal: 24MHz
[03:39:22.446] RX< [6] [cam] [59560][tshell]
[03:39:22.446] RX< [csc_isp_clk_cal:344]MIPI CLK cal: 346MHz
[03:39:22.446] RX< [6] [cam] [59560][tshell][csc_isp_clk_cal:371]LITE CLK cal: 28MHz
[03:39:22.446] RX< [7] [cam] [59561][tshell][cpc_csi_rx_power_on:633]E id: 2
[03:39:22.446] RX< [4] [cam] [59561][tshell][cpc_csi_rx_power_on:644]csi_2 has already power on, STATUS: 1
[03:39:22.452] RX< [6] [cam] [59562][tshell][cpc_update_clock:603]actual SNS mclk: 24MHz
[03:39:22.452] RX< [6] [cam] [59562][tshell][cpc_update_clock:608]actual MIPI0: 500MHz
[03:39:22.452] RX< [6] [cam] [59563][tshell][cpc_update_clock:598]actual LITE clk: 50MHz
[03:39:22.452] RX< [7] [cam] [59563][tshell][cam_prelude_open:297]
[03:39:22.453] RX< [34msnsOpen camID1 csiID0 phyIdx0[0m
[03:39:22.453] RX< [6] [cam] [59567][tshell][sensor_expo_gain_match:48]sensor get sensor expo gain of imx681_vst
[03:39:22.453] RX< [6] [cam] [59567][tshell][sensor_open:684]sensor [1] open OK.
[03:39:22.453] RX< [6] [cam] [59568][tshell][cam_cpm_parse_media:280]photo sce
[03:39:22.455] RX< nario, media para[mfnr:0, hdr:0, capture_num:0]
[03:39:22.455] RX< [6] [cam] [59568][tshell][cam_cpm_parse_media:283]photo scenario, media para[iso:0, gain:0, wb_mode:0]
[03:39:22.455] RX< [6] [cam] [59569][tshell][csc_isp_clk_cal:353]FE CLK cal: 426MHz, ME CLK cal: 462MHz, FE/ME CLK cal: 508
[03:39:22.455] RX< MHz
[03:39:22.455] RX< [6] [cam] [59569][tshell][csc_isp_clk_cal:360]BE CLK cal: 401MHz
[03:39:22.455] RX< [4] [cam] [59570][tshell][cam_fe_core_power_on:269]fe pipe has already power on, STATUS: 1
[03:39:22.455] RX< [6] [cam] [59570][tshell][cpc_update_clock:588]actual FE/ME clk: 550MHz
[03:39:22.455] RX< [4] [cam] [59571][tshe
[03:39:22.458] RX< ll][cam_be_core_power_on:964]be pipe has already power on, STATUS: 1
[03:39:22.458] RX< [6] [cam] [59571][tshell][cpc_update_clock:593]actual BE clk: 500MHz
[03:39:22.458] RX< [7] [cam] [59572][tshell][cam_cpm_core_power_on:425]id,0 type,1 ret 0
[03:39:22.458] RX< [6] [cam] [59572][tshell][cam_cpm_core_init:914
[03:39:22.459] RX< ]E id,0 sensor type,1
[03:39:22.459] RX< [6] [cam] [59574][tshell][cpm_core_check_tuningbin:854]Tuning bin crc check PASS! sum 0xc9b121ad, xor 0x29d57d51
[03:39:22.459] RX< [6] [cam] [59574][tshell][qpc_tuning_check_iqbin_validness:396]IQ bin addr: 0x8869de60, project_name: capture_12M
[03:39:22.459] RX< [6] [
[03:39:22.461] RX< cam] [59575][tshell][qpc_tuning_check_iqbin_validness:397]total_size: 107856
[03:39:22.461] RX< [6] [cam] [59575][tshell][qpc_tuning_check_iqbin_validness:398]id_count: 93. ID_TOTAL: 94
[03:39:22.461] RX< [6] [cam] [59576][tshell][qpc_tuning_check_iqbin_validness:399]spinel tuning data ver: V
[03:39:22.462] RX< 1.30
[03:39:22.462] RX< [6] [cam] [59576][tshell][cpm_core_check_tuningbin:868]IQ bin check success!
[03:39:22.462] RX< [6] [cam] [59577][tshell][cam_bm_core_init:94]E
[03:39:22.462] RX< [6] [cam] [59577][tshell][bm_lab_init:174]X ctx size 4 addr 0x88451640
[03:39:22.462] RX< [6] [cam] [59577][tshell][cam_bm_core_init:114]X ctx 
[03:39:22.468] RX< size 180 addr 0x88483788
[03:39:22.468] RX< [6] [cam] [59578][tshell][qpc_core_init:1218]E id,0
[03:39:22.468] RX< [6] [cam] [59578][tshell][qpc_queue_init:65]QPC 892]preset capCfg 200 3 4
[03:39:22.468] RX<  ol 0x88484738
[03:39:22.468] RX< [6] [cam] [59578][tshell][_qpc_get_cap_cfg_para:892]preset capCfg 200 3 4
[03:39:22.468] RX< [7] [cam] [595
[03:39:22.469] RX< 79][tshell][_qpc_cfg_hdr_frms:840]hdr preset - gainThres 1600
[03:39:22.469] RX< FrmNB:	TNR	|EV-	|EV0	|EV+
[03:39:22.469] RX< LDR:	 3	| 5	| -	| 3
[03:39:22.469] RX< LLLDR:	 3	| 5	| -	| 3
[03:39:22.469] RX< HDR:	 3	| 5	| 3	| 1
[03:39:22.469] RX< LLHDR:	 3	| 5	| 3	| 1
[03:39:22.469] RX< 
[03:39:22.469] RX< [6] [cam] [59584][tshell][qpc_core_init:1264]X ctx size 3800 addr 0x88483850
[03:39:22.469] RX< [6] [c
[03:39:22.473] RX< am] [59584][tshell][cpm_core_get_param:666]cpm para chk: tunBin-w 4000 h 3000 img-w 4032 h 3024
[03:39:22.473] RX< [6] [cam] [59585][tshell][cam_fe_core_init:436]E id,0
[03:39:22.473] RX< [6] [cam] [59586][tshell][cam_fe_core_init:490]X ctx size 100 addr 0x884952c8
[03:39:22.473] RX< [7] [cam] [59586][tshell][
[03:39:22.473] RX< qpc_core_fe_chords_init:1659][34mqpc fe init snsOut w 4032 h 3024, tbl w 28 h 20[0m
[03:39:22.473] RX< [6] [cam] [59586][tshell][cam_me_core_init:1474]X ctx size 1352 addr 0x88497630
[03:39:22.473] RX< [34m[ME SLICE CFG] perf=1536(us)!
[03:39:22.473] RX< [0m[6] [cam] [59589][tshell][cam_bayer_fe_3a_stats_co
[03:39:22.476] RX< re_init:445]fe 3a id,0
[03:39:22.476] RX< [6] [cam] [59590][tshell][cam_bayer_fe_3a_stats_core_init:490]X ctx size 132 addr 0x884a0050
[03:39:22.476] RX< [6] [cam] [59590][tshell][cam_be_core_init:618]E id,0
[03:39:22.476] RX< [7] [cam] [59591][be0][be_core_irq_proc:267]thread start cid,0
[03:39:22.476] RX< [6] [cam] [59591][tsh
[03:39:22.476] RX< ell][cam_be_core_init:710]X ctx size 464 addr 0x884a03e0
[03:39:22.476] RX< [6] [cam] [59591][tshell][cam_lite_core_init:433]E id,0
[03:39:22.476] RX< [7] [cam] [59592][lite0][lite_core_irq_proc:152]thread start cid,0
[03:39:22.476] RX< [6] [cam] [59592][tshell][cam_lite_core_init:497]X ctx size 164 addr 0x884a
[03:39:22.480] RX< 2e30
[03:39:22.480] RX< [6] [cam] [59593][tshell][awb_wrapper_init:66]xxx awb_bin=0x88486e24, awb_bin_length=8068
[03:39:22.480] RX< [6] [cam] [59593][tshell][awb_wrapper_init:86]X algo_handle 0x884aae68
[03:39:22.480] RX< [7] [cam] [59593][awb0][a5_core_wrapper_task:252]thread start cid,0 algo type,2
[03:39:22.480] RX< [6] [cam
[03:39:22.480] RX< ] [59594][tshell][a5_core_init_task:426]thread created: awb0 mq=0x884ad160 thread=0x884ad278 sem=0x884ad0f0 ret=0
[03:39:22.480] RX< [6] [cam] [59595][tshell][bayer_ae_wrapper_init:68]E id,0 proc mode 1 
[03:39:22.480] RX< 
[03:39:22.480] RX< [AEC Proc] @[allib_ae_set_debug_log_flag] Line:129:[DEBUG] debug leve
[03:39:22.483] RX< l/to_file/to_terminal: 22/1/1
[03:39:22.483] RX< [AEC Proc] @[AeInit] Line:377:[INFO] AE ver: 2026_V2.269
[03:39:22.483] RX< 
[03:39:22.483] RX< [AEC Proc] @[allib_ae_loadfunc] Line:193:[INFO] camera ID: 0
[03:39:22.483] RX< [AEC Proc] @[AeInit] Line:404:[DEBUG] init imu detector sucessed!
[03:39:22.483] RX< [AEC Proc] @[AeInit] Line:406:[DEBUG] i
[03:39:22.483] RX< mu init errcode:0
[03:39:22.483] RX< [AEC Proc] @[alAE_set_param] Line:575:[DEBUG] sw_maxtime 66381 ,pertline 9444, after check sensor step sw_max_time 66375.00
[03:39:22.483] RX< [AEC Proc] @[alAE_set_param] Line:580:[DEBUG] sw_mintime 37 ,pertline 9444, after check sensor step sw_min_time 3
[03:39:22.486] RX< 6.00
[03:39:22.486] RX< [AEC Proc] @[alAE_set_param] Line:513:[DEBUG] DEBUG minbv exptime 9 gain 100, minExpBV 14098
[03:39:22.486] RX< [AEC Proc] @[AeTuningParseSet] Line:167:[DEBUG] aeparam version 2.268 60704
[03:39:22.486] RX< [AEC Proc] @[alAE_set_param] Line:340:[DEBUG] INITEXP gain 100, shutter 8000, mid
[03:39:22.486] RX< tonegain 100, bv 4303
[03:39:22.486] RX< [6] [cam] [59601][tshell][bayer_ae_wrapper_init:119]X tline 9444 max_exp 66381 alg_hdl 0x884afa28 
[03:39:22.486] RX< [7] [cam] [59602][b_ae0][a5_core_wrapper_task:252]thread start cid,0 algo type,0
[03:39:22.486] RX< [6] [cam] [59602][tshell][a5_core_init_task:426]thre
[03:39:22.488] RX< ad created: b_ae0 mq=0x884b6300 thread=0x884b6418 sem=0x884b6290 ret=0
[03:39:22.488] RX< [6] [cam] [59602][tshell][atf_wrapper_init:67]E id,0
[03:39:22.488] RX< [6] [cam] [59603][tshell][atf_wrapper_init:107]X alg_ctx addr 0x884b88d8
[03:39:22.488] RX< [7] [cam] [59604][atf0][a5_core_wrapper_task:252]thread st
[03:39:22.496] RX< art cid,0 algo type,1
[03:39:22.496] RX< [6] [cam] [59604][tshell][a5_core_init_task:426]thread created: atf0 mq=0x884bac30 thread=0x884bad48 sem=0x884babc0 ret=0
[03:39:22.496] RX< [6] [cam] [59604][tshell][cam_cpm_core_init:1030]X ctx size 1064 addr 0x88483350
[03:39:22.496] RX< [6] [cam] [59605][tshell][csc
[03:39:22.497] RX< _open:527]ok! phys_id[1], phys_num[1] 
[03:39:22.497] RX< [6] [cam] [59605][tshell][cam_open:699]open ok! camera_id[0]
[03:39:22.497] RX< [34m[cam open] perf=55936(us)!
[03:39:22.497] RX< [0m[6] [App Cam] cam open success
[03:39:22.497] RX< [6] [cam] [59612][tshell][csc_init:637]sensor info:size:4032x3024, formt: 0x2b, bps: 24
[03:39:22.499] RX< 96, tline: 9444
[03:39:22.499] RX< [6] [cam] [59612][tshell][cam_sif_mgr_init:261]E id,0
[03:39:22.499] RX< [7] [cam] [59612][sif0][sif_irq_proc:151]thread start cid,0
[03:39:22.499] RX< [6] [cam] [59613][tshell][cam_sif_mgr_init:293]X ctx size 52 addr 0x884d3de0
[03:39:22.499] RX< [7] [cam] [59613][tshell][sif_btm_paramSet:102]
[03:39:22.500] RX< btm lite w4032 h4032 binEn1 binRatio2
[03:39:22.500] RX< [7] [cam] [59613][tshell][sif_btm_paramSet:106]cropSlct2 x0 y0 w4032 h4032
[03:39:22.500] RX< [6] [cam] [59614][tshell][cam_prelude_init_cfg:368]CSI ID is 0,  phy lanes is 2.
[03:39:22.500] RX< [7] [cam] [59614][tshell][check_phy_ready:96]MIPI_PHY[0] is r
[03:39:22.527] RX< eady
[03:39:22.527] RX< [6] [cam] [59615][tshell][sensor_init:348]sensor [1]: register ok
[03:39:22.527] RX< [6] [cam] [59615][tshell][sensor_set_mode:852]sensor [1]: SetMode -> mode = 0.
[03:39:22.527] RX< [6] [cam] [59616][tshell][sensor_send_reg_tab_to_sensor:704]sensor [1]: send_reg_tab_to_sensor E.
[03:39:22.527] RX< [6] [c
[03:39:22.528] RX< am] [59627][tshell][sensor_send_reg_tab_to_sensor:726]sensor [1]: reg_count = 77.
[03:39:22.528] RX< [6] [cam] [59628][tshell][sensor_init:361]sensor [1]: init success.
[03:39:22.528] RX< [6] [cam] [59628][tshell][sensor_set_mode:852]sensor [1]: SetMode -> mode = 1.
[03:39:22.528] RX< [6] [cam] [59629][tshell][
[03:39:22.530] RX< sensor_send_reg_tab_to_sensor:704]sensor [1]: send_reg_tab_to_sensor E.
[03:39:22.530] RX< [6] [cam] [59644][tshell][sensor_send_reg_tab_to_sensor:726]sensor [1]: reg_count = 84.
[03:39:22.530] RX< [6] [cam] [59644][tshell][csc_init:646]ok! phys_id[1], phys_num[1]
[03:39:22.530] RX< [6] [cam] [59645][tshell][cs
[03:39:22.531] RX< c_get_bayer_single_buffer:1038]scenario_type: 1
[03:39:22.531] RX< [6] [cam] [59645][tshell][csc_set_stats_fmt:98]index 0 w 1 h 1 bw 8 wcmp 255
[03:39:22.531] RX< [7] [cam] [59645][tshell][bm_ioctl:201]BMIOC_STATS_FMT
[03:39:22.531] RX< [6] [cam] [59646][tshell][csc_set_fe_fmt:47]index 1 w 4032 h 3024 bw 10 wcm
[03:39:22.533] RX< p 0
[03:39:22.533] RX< [7] [cam] [59646][tshell][bm_ioctl:201]BMIOC_FE_FMT
[03:39:22.533] RX< [6] [cam] [59646][tshell][csc_set_lite_fmt:115]index 2 w 1008 h 720 bw 8 wcmp 255
[03:39:22.533] RX< [7] [cam] [59647][tshell][bm_ioctl:201]BMIOC_LITE_FMT
[03:39:22.533] RX< [6] [cam] [59647][tshell][csc_set_lite_fmt:115]index 21 w 1008
[03:39:22.533] RX<  h 720 bw 8 wcmp 255
[03:39:22.533] RX< [7] [cam] [59648][tshell][bm_ioctl:201]BMIOC_LITE_FMT
[03:39:22.533] RX< [6] [cam] [59648][tshell][csc_set_be_fmt:81]index 25 w 0 h 0 bw 8 wcmp 255
[03:39:22.533] RX< [7] [cam] [59648][tshell][bm_ioctl:201]BMIOC_BE_FMT
[03:39:22.533] RX< [6] [cam] [59649][tshell][csc_set_be_fmt:81]index 22
[03:39:22.536] RX<  w 480 h 360 bw 8 wcmp 255
[03:39:22.536] RX< [7] [cam] [59649][tshell][bm_ioctl:201]BMIOC_BE_FMT
[03:39:22.536] RX< [6] [cam] [59649][tshell][csc_set_me_fmt:64]index 5 w 3024 h 4032 bw 10 wcmp 0, rdma_addr 0x8919f780, wdma_addr 0x8919f780
[03:39:22.536] RX< [7] [cam] [59650][tshell][bm_ioctl:201]BMIOC_ME_FMT
[03:39:22.536] RX< [6] [cam] [59650][tshell][csc_set_me_fmt:64]index 6 w 3024 h 4032 bw 8 wcmp 255, rdma_addr 0x88795200, wdma_addr 0x8c000000
[03:39:22.536] RX< [6] [cam] [59651][tshell][cam_me_core_buffer_cfg:1367]
[03:39:22.536] RX< ----ME PIPE INFO---
[03:39:22.536] RX<  wdma_buf_num:1, rotation_en: 1
[03:39:22.536] RX< [7] [cam] [59651][tshell
[03:39:22.538] RX< ][cam_me_core_buffer_cfg:1375]yuv wdma_addr 0:0x8c000000, meta_en: 0, 0x00000000
[03:39:22.538] RX< [7] [cam] [59652][tshell][bm_ioctl:201]BMIOC_ME_FMT
[03:39:22.538] RX< [6] [cam] [59652][tshell][csc_init:654]get otp ok! phys_id[1], phys_num[1]
[03:39:22.538] RX< [6] [cam] [59653][tshell][cam_init:789]init ok
[03:39:22.539] RX< ! logic_id[0]
[03:39:22.539] RX< [34m[cam init] perf=41486(us)!
[03:39:22.539] RX< [0m[6] [App Cam] cam init success
[03:39:22.539] RX< [7] [cam] [59654][tshell][cam_cpm_core_stream_on:541]id 0 sensor type 1
[03:39:22.539] RX< [6] [cam] [59654][tshell][sensor_stream_on:979]sensor [1]: stream_on
[03:39:22.539] RX< [6] [cam] [59655][tshell][sensor
[03:39:22.557] RX< _stream_on:1007]sensor [1]: REG: 0x100, W:0x1.
[03:39:22.557] RX< [6] [cam] [59655][tshell][sensor_stream_on:1009]sensor [1]: REG: 0x100, R:0x1.
[03:39:22.557] RX< [6] [cam] [59655][tshell][csc_prv_start:783]ok! phys_id[1], phys_num[1], cam_ids[1]
[03:39:22.557] RX< [6] [cam] [59656][tshell][cam_start:897]previ
[03:39:22.557] RX< ew start ok! logic_id[0]
[03:39:22.557] RX< [34m[cam start] perf=2394(us)!
[03:39:22.557] RX< [0m[6] [App Cam] cam start success
[03:39:22.557] RX< [6] [App Dfs] Gravity_XR Capture Start
[03:39:22.557] RX< msh /emmc>echo "__EVBTEST_END_6a5ba434__"
[03:39:22.557] RX< __EVBTEST_END_6a5ba434__
[03:39:22.557] RX< msh /emmc>[7] [cam] [59658][b_3a_sts][bayer_stats_core_i
[03:39:22.597] RX< rq_proc:164]thread start cid,0
[03:39:22.597] RX< [7] [cam] [59658][fe0][fe_core_irq_proc:98]thread start cid,0
[03:39:22.597] RX< [34m[AE] fid=0,exp=10062,adg=319,Y=1334,mtg=100,shg=100,bgbv=2368,iso=319,cnv0,hdr0
[03:39:22.597] RX< [0m[34m[b_ae0 proc] perf=2705(us), max=2705(us)!
[03:39:22.597] RX< [0m[34m[awb0 proc] perf
[03:39:22.620] TX> dfs_capture_start
[03:39:22.620] TX> echo "__EVBTEST_END_6a5ba434__"
[03:39:22.963] RX< =1458(us), max=1458(us)!
[03:39:22.963] RX< [0m[34m[AE conv] fid=11,exp=10998,adg=400,Y=4635,mtg=357,shg=100,bgbv=1912,iso=400,cnv1,hdr1
[03:39:22.963] RX< [0m[7] [cam] [60062][fe0][_qpc_hdr_rslt_chk:1564]
[03:39:22.963] RX< ALG: EV0 t10998 g400 | EV+ t10998 g400 | EV- t10251 g119
[03:39:22.963] RX< [6] [cam] [60063][fe0][qpc
[03:39:23.045] RX< _core_hdr_mapExp_cfg:1632]evMapExp set OK, typ:2 1 FF num:3 5 0
[03:39:23.045] RX< [34m[cap] FE sync ME @fid11 as mod2 cfg0x01, cap 8frms @fid+3
[03:39:23.045] RX< [0m[7] [cam] [60100][qpc0][qpc_core_hdr_upd_sensor:558][HDRupd]: Sns cap-0 EV:0->2 st-10998 ag-400
[03:39:23.045] RX< [6] [cam] [60145][me0][cpm_c
[03:39:23.064] RX< b_fe2me_tikChk:152]frm_length 33330us, fe2me delta 12
[03:39:23.064] RX< [7] [cam] [60145][qpc0][qpc_core_hdr_upd_me:605][HDRupd] ME cap-0 EV:0->2, dg-100
[03:39:23.064] RX< [7] [JPEG] frame num=8, pre frame=873813 Bytes
[03:39:23.064] RX< [exif] cap 0, bv 1916 exp 10998 iso 400 time 60154
[03:39:23.064] RX< [6] [cam] [60166][fe
[03:39:23.126] RX< 0][_cpm_cb_jpegInfo_proc:602]SnapStream E @ frm15!
[03:39:23.126] RX< [cap] oFrm15 Ym14607 bv1522 lux229
[03:39:23.126] RX< [32m[BE] fid=0, perf=1449(us), max=1449(us)!
[03:39:23.126] RX< [0m[7] [cam] [60202][qpc0][qpc_core_hdr_upd_sensor:558][HDRupd]: Sns cap-3 EV:2->1 st-10251 ag-119
[03:39:23.126] RX< [34m[cap] fid: me0 fe1
[03:39:23.212] RX< 6, perf=556796(us)!
[03:39:23.212] RX< [0m[7] [cam] [60213][me0][me_core_thread:322]ME out fid 0
[03:39:23.212] RX< [cap] oFrm16 Ym15239 bv1363 lux205
[03:39:23.212] RX< [cap] oFrm17 Ym15161 bv1440 lux217
[03:39:23.212] RX< [exif] cap 3, bv 1916 exp 10251 iso 119 time 60255
[03:39:23.212] RX< [cap] oFrm18 Ym5668 bv-14 lux79
[03:39:23.212] RX< [cap] oFrm19 Ym6554 bv-
[03:39:23.487] RX< 82 lux75
[03:39:23.487] RX< [cap] oFrm20 Ym6637 bv-243 lux67
[03:39:23.487] RX< [cap] oFrm21 Ym6617 bv-140 lux72
[03:39:23.487] RX< [cap] oFrm22 Ym7489 bv-1682 lux24
[03:39:23.487] RX< [6] [cam] [60432][fe0][_cpm_cb_jpegInfo_proc:610]SnapStream X @ frm23!
[03:39:23.487] RX< [34m[cap] fid: me7 fe23, perf=33330(us)!
[03:39:23.487] RX< [0m[6] [App Dfs] Gravity_XR Captu
[03:39:23.488] RX< re Stop Success: total frames = 8
[03:39:23.488] RX< [6] [cam] [60600][DfsSend][sensor_stream_off:1143]sensor [1]: stream_off
[03:39:23.488] RX< [6] [cam] [60601][DfsSend][sensor_stream_off:1172]sensor [1]: REG: 0x100, W:0x0.
[03:39:23.488] RX< [6] [cam] [60602][DfsSend][sensor_stream_off:1174]sensor [1]: REG: 
[03:39:23.490] RX< 0x100, R:0x0.
[03:39:23.490] RX< [6] [cam] [60602][DfsSend][csc_prv_stop:893]ok! phys_id[1], phys_num[1], stop_type = 0
[03:39:23.490] RX< [6] [cam] [60603][DfsSend][cam_stop:1017]preview stop ok! logic_id[0]
[03:39:23.490] RX< [34m[cam stop] perf=2442(us)!
[03:39:23.490] RX< [0m[6] [App Cam] cam stop success
[03:39:23.490] RX< [7] [cam] [60603]
[03:39:23.491] RX< [DfsSend][cam_cpm_core_power_off:457]id,0 type,1 ret 0
[03:39:23.491] RX< [6] [cam] [60604][sif0][sif_irq_proc:174]thread release cid,0
[03:39:23.491] RX< [6] [cam] [60604][DfsSend][cam_sif_mgr_deinit:316]X
[03:39:23.491] RX< [6] [cam] [60604][DfsSend][cam_deinit:846]deinit ok! logic_id[0]
[03:39:23.491] RX< [34m[cam deinit] pe
[03:39:23.493] RX< rf=1219(us)!
[03:39:23.493] RX< [0m[6] [App Cam] cam deinit success
[03:39:23.493] RX< [6] [cam] [60605][DfsSend][sensor_close:1247]sensor [1]: close!
[03:39:23.493] RX< [6] [cam] [60607][DfsSend][cam_bm_core_deinit:136]X
[03:39:23.493] RX< [INFO]	cpm[0] snsType1 capMod2 cfg0x01 8frms
[03:39:23.493] RX< [head]  frmID ref 11 eff 15 sns 13 cdma 14
[03:39:23.493] RX<  
[03:39:23.493] RX< [AErlt] flags fid 11 isWdr 1 isConv 1 sport 0 scen 1
[03:39:23.493] RX<         info  Lux 300 Ymean 4635 nxtBV 5 bgBV 1912
[03:39:23.493] RX< [exp]   norm  st10998 adg00400 ispg00100
[03:39:23.493] RX<         short st10251 adg00119 ispg00100
[03:39:23.493] RX<         long  st10998 adg00400 ispg00100
[03:39:23.493] RX< [head]  frmID ref 10 eff
[03:39:23.496] RX<  14 sns 12 cdma 13 
[03:39:23.496] RX< [AErlt] flags fid 10 isWdr 0 isConv 2 sport 0 scen 0
[03:39:23.496] RX<         info  Lux 299 Ymean 4647 nxtBV 1839 bgBV 1907
[03:39:23.496] RX< [exp]   norm  st11043 adg00400 ispg00100
[03:39:23.496] RX<         short st00000 adg00000 ispg00100
[03:39:23.496] RX<         long  st00000 adg00000 ispg00100
[03:39:23.496] RX< [he
[03:39:23.496] RX< ad]  frmID ref 9 eff 13 sns 11 cdma 12 
[03:39:23.496] RX< [AErlt] flags fid 9 isWdr 0 isConv 0 sport 0 scen 0
[03:39:23.496] RX<         info  Lux 301 Ymean 4571 nxtBV 1848 bgBV 1916
[03:39:23.496] RX< [exp]   norm  st10971 adg00400 ispg00100
[03:39:23.496] RX<         short st00000 adg00000 ispg00100
[03:39:23.496] RX<         long  st00000 adg0
[03:39:23.499] RX< 0000 ispg00100
[03:39:23.499] RX< [head]  frmID ref 8 eff 12 sns 10 cdma 11 
[03:39:23.499] RX< [AErlt] flags fid 8 isWdr 0 isConv 0 sport 0 scen 0
[03:39:23.499] RX<         info  Lux 296 Ymean 5028 nxtBV 1823 bgBV 1890
[03:39:23.499] RX< [exp]   norm  st11169 adg00400 ispg00100
[03:39:23.499] RX<         short st00000 adg00000 ispg00100
[03:39:23.499] RX<        
[03:39:23.499] RX<  long  st00000 adg00000 ispg00100
[03:39:23.499] RX< [head]  frmID ref 7 eff 11 sns 9 cdma 10 
[03:39:23.499] RX< [AErlt] flags fid 7 isWdr 0 isConv 0 sport 0 scen 0
[03:39:23.499] RX<         info  Lux 318 Ymean 3270 nxtBV 1924 bgBV 1992
[03:39:23.499] RX< [exp]   norm  st10404 adg00400 ispg00100
[03:39:23.499] RX<         short st00000 adg00000
[03:39:23.502] RX<  ispg00100
[03:39:23.502] RX<         long  st00000 adg00000 ispg00100
[03:39:23.502] RX< [6] [cam] [60615][be0][be_core_irq_proc:326]thread release cid,0
[03:39:23.502] RX< [6] [cam] [60615][DfsSend][cam_be_core_deinit:787]X
[03:39:23.502] RX< [6] [cam] [60616][me0][me_core_thread:367]thread release cid,0
[03:39:23.502] RX< [6] [cam] [60616][DfsS
[03:39:23.502] RX< end][cam_me_core_deinit:1502]X
[03:39:23.502] RX< [6] [cam] [60616][fe0][fe_core_irq_proc:121]thread release cid,0
[03:39:23.502] RX< [6] [cam] [60617][DfsSend][cam_fe_core_deinit:536]X
[03:39:23.502] RX< [6] [cam] [60617][b_3a_sts][bayer_stats_core_irq_proc:193]thread release cid,0
[03:39:23.502] RX< [6] [cam] [60617][DfsSend][
[03:39:23.504] RX< cam_bayer_stats_core_deinit:512]X
[03:39:23.504] RX< [6] [cam] [60618][lite0][lite_core_irq_proc:190]thread release cid,0
[03:39:23.504] RX< [6] [cam] [60618][DfsSend][cam_lite_core_deinit:556]X
[03:39:23.504] RX< [6] [cam] [60619][b_ae0][a5_core_wrapper_task:315]thread release cid,0,algo,0
[03:39:23.504] RX< [6] [cam] [60619][D
[03:39:23.505] RX< fsSend][bayer_ae_wrapper_deinit:204]X
[03:39:23.505] RX< [6] [cam] [60619][atf0][a5_core_wrapper_task:315]thread release cid,0,algo,1
[03:39:23.505] RX< [6] [cam] [60619][DfsSend][atf_wrapper_deinit:153]X
[03:39:23.505] RX< [6] [cam] [60620][awb0][a5_core_wrapper_task:315]thread release cid,0,algo,2
[03:39:23.505] RX< [6] [cam] 
[03:39:23.507] RX< [60620][DfsSend][awb_wrapper_deinit:153]X
[03:39:23.507] RX< [6] [cam] [60621][DfsSend][cam_5a_core_deinit:555]X
[03:39:23.507] RX< [6] [cam] [60621][DfsSend][cam_5a_inf_deinit:149]X
[03:39:23.507] RX< [6] [cam] [60621][qpc0][qpc_core_msg_proc:697]thread release cid,0
[03:39:23.507] RX< [6] [cam] [60622][DfsSend][qpc_core_deinit
[03:39:23.507] RX< :1330]X
[03:39:23.507] RX< [6] [cam] [60622][DfsSend][cam_cpm_core_deinit:1107]X
[03:39:23.507] RX< [6] [cam] [60622][DfsSend][csc_close:584]ok! phys_id[1], phys_num[1]
[03:39:23.507] RX< [7] [cam] [60623][cer0][cer_recovery_proc:352]msg type = 254
[03:39:23.507] RX< [6] [cam] [60623][cer0][cer_recovery_proc:454]thread release c
[03:39:23.529] RX< id,0
[03:39:23.529] RX< [6] [cam] [60623][DfsSend][cer_deinit:560]X
[03:39:23.529] RX< [6] [cam] [60624][DfsSend][cam_close:750]close ok! logic_id[0]
[03:39:23.529] RX< [34m[cam close] perf=18711(us)!
[03:39:23.529] RX< [0m[6] [App Cam] cam close success
[03:39:23.529] RX< [6] [cam] [60624][cpl0][cam_prelude_proc_routine:136]thread release
[03:39:23.529] RX< [6] 
[03:39:23.530] RX< [cam] [60625][DfsSend][cam_exit:551]exit ok!
[03:39:23.530] RX< [34m[cam exit] perf=652(us)!
[03:39:23.530] RX< [0m[6] [App Cam] cam exit success
[03:39:23.530] RX< [6] [App Cam] jpeg deinit success
[03:39:23.530] RX< [6] [App Dfs] Save Photo Successful: /emmc/PIC/20260101_000059_9657/
[03:39:23.530] RX< [6] [App Dfs] Capture completed successfu
[03:39:25.532] RX< lly.
[03:39:28.867] TX> cam_set video 1080p
[03:39:28.867] TX> echo "__EVBTEST_END_af4517f6__"
[03:39:29.536] RX< cam_set video 1080p
[03:39:29.536] RX< [6] [App Dfs] w(1296) * h(2304) is 1080p, eis 0
[03:39:29.536] RX< msh /emmc>echo "__EVBTEST_END_af4517f6__"
[03:39:29.536] RX< __EVBTEST_END_af4517f6__
[03:39:29.536] RX< msh /emmc>
[03:39:29.719] RX< dfs_video_start
[03:39:29.719] RX< [7] [cam] [66825][tshell][cgm_parse_bin:105]total logical camera num: 1
[03:39:29.719] RX< [6] [cam] [66825][tshell][cam_prelude_create:187]E id, 0
[03:39:29.719] RX< [7] [cam] [66826][cpl0][cam_prelude_proc_routine:101]thread start
[03:39:29.719] RX< [6] [cam] [66826][tshell][cam_prelude_create
[03:39:29.720] RX< :214]X ctx size 124 addr 0x88486600
[03:39:29.720] RX< [6] [cam] [66833][tshell][sensor_probe:418]sensor [1]: identifing 0 success.
[03:39:29.720] RX< [6] [cam] [66835][tshell][sensor_probe:441]sensor [1]: probe exit!
[03:39:29.720] RX< [6] [cam] [66835][tshell][cam_prelude_fast_probe:251]cam: 0 probe result: 0
[03:39:29.722] RX< 
[03:39:29.722] RX< [6] [cam] [66836][tshell][cgm_parse_bin:215]cam(0) probe success
[03:39:29.722] RX< [6] [cam] [66836][tshell][cam_entry:435]entry ok
[03:39:29.722] RX< [34m[cam entry] perf=11180(us)!
[03:39:29.722] RX< [0m[6] [App Cam] cam entry success
[03:39:29.722] RX< [36mmem_laySolv: scenario=01 in=4032x3024, me_rotate=1 me_stripe=1 
[03:39:29.725] RX< [0m[36mmem_laySolv: me_rot 1, me_stripe 1, eis 0, be_rot 0
[03:39:29.725] RX< [0mscen1 type26 bufAdr 0x89d40b70 sz 0x1400000 reCfg for bound!
[03:39:29.725] RX< [36mmem_laySolv: scen01 20 entries solved OK!
[03:39:29.725] RX< [0m[36mmem_laySolv: scenario=02 in=2016x1512, me_rotate=0 me_stripe=0 
[03:39:29.725] RX< [0m[36
[03:39:29.725] RX< mmem_laySolv: me_rot 0, me_stripe 0, eis 0, be_rot 0
[03:39:29.725] RX< [0mscen2 type15 bufAdr 0x89ce3ef0 sz 0xd00000 reCfg for bound!
[03:39:29.725] RX< [36mmem_laySolv: scen02 14 entries solved OK!
[03:39:29.725] RX< [0m[36mmem_laySolv: scenario=03 in=4032x2268, me_rotate=1 me_stripe=0 
[03:39:29.725] RX< [0m[36mmem_layS
[03:39:29.728] RX< olv: me_rot 1, me_stripe 0, eis 0, be_rot 0
[03:39:29.728] RX< [0m[36mmem_laySolv: scen03 14 entries solved OK!
[03:39:29.728] RX< [0m[7] [cam] [66840][tshell][cam_solve_whole_layout:355]
[03:39:29.728] RX< scen3: vol 0x8c000000 rbuf 0x89d6cdf0 sz 0xd00000 wbuf 0x8aa6cdf0 sz 0xd00000
[03:39:29.728] RX<        rtmp txbuf 0x8b
[03:39:29.728] RX< f80000 sz 0x80000 avcBuf 0x8bf00000 sz 0x80000
[03:39:29.728] RX< [36mmem_laySolv: scenario=04 in=4032x3024, me_rotate=1 me_stripe=1 
[03:39:29.728] RX< [0m[36mmem_laySolv: me_rot 1, me_stripe 1, eis 0, be_rot 0
[03:39:29.728] RX< [0m[36mmem_laySolv: scen04 14 entries solved OK!
[03:39:29.728] RX< [0m[36mmem_laySolv: scen
[03:39:29.730] RX< ario=05 in=1008x0756, me_rotate=0 me_stripe=0 
[03:39:29.730] RX< [0m[36mmem_laySolv: me_rot 0, me_stripe 0, eis 0, be_rot 0
[03:39:29.730] RX< [0m[36mmem_laySolv: scen05 17 entries solved OK!
[03:39:29.730] RX< [0m[36mmem_laySolv: scenario=06 in=1008x0720, me_rotate=0 me_stripe=0 
[03:39:29.730] RX< [0m[36mmem_laySolv: 
[03:39:29.731] RX< me_rot 0, me_stripe 0, eis 0, be_rot 0
[03:39:29.731] RX< [0m[36mmem_laySolv: scen06 12 entries solved OK!
[03:39:29.731] RX< [0m[36mmem_laySolv: scenario=01 in=4032x3024, me_rotate=1 me_stripe=1 
[03:39:29.731] RX< [0mscen1 type26 bufAdr 0x89d40b70 sz 0x1400000 reCfg for bound!
[03:39:29.731] RX< [36mmem_laySolv: scen01 2
[03:39:29.733] RX< 0 entries solved OK!
[03:39:29.733] RX< [0m[7] [cam] [66846][tshell][cam_solve_whole_layout:383]Solve Whole-layout Done!
[03:39:29.733] RX< [6] [cam] [66846][tshell][cgm_parse_media_para:271]phy cam num: 1
[03:39:29.733] RX< [7] [cam] [66846][cer0][cer_recovery_proc:343]thread start cid, 0
[03:39:29.733] RX< [6] [cam] [66847][t
[03:39:29.733] RX< shell][csc_open:443]SENSOR MCLK cal: 24MHz
[03:39:29.733] RX< [6] [cam] [66847][tshell][csc_isp_clk_cal:344]MIPI CLK cal: 277MHz
[03:39:29.733] RX< [6] [cam] [66848][tshell][csc_isp_clk_cal:371]LITE CLK cal: 25MHz
[03:39:29.733] RX< [7] [cam] [66848][tshell][cpc_csi_rx_power_on:633]E id: 2
[03:39:29.733] RX< [4] [cam] [66848][ts
[03:39:29.740] RX< hell][cpc_csi_rx_power_on:644]csi_2 has already power on, STATUS: 1
[03:39:29.740] RX< [6] [cam] [66848][tshell][cpc_update_clock:603]actual SNS mclk: 24MHz
[03:39:29.740] RX< [6] [cam] [66849][tshell][cpc_update_clock:608]actual MIPI0: 300MHz
[03:39:29.740] RX< [6] [cam] [66849][tshell][cpc_update_clock:598]ac
[03:39:29.740] TX> dfs_video_start
[03:39:29.740] TX> echo "__EVBTEST_END_45e5a199__"
[03:39:29.740] RX< tual LITE clk: 25MHz
[03:39:29.740] RX< [7] [cam] [66850][tshell][cam_prelude_open:297][34msnsOpen camID1 csiID0 phyIdx0[0m
[03:39:29.740] RX< [6] [cam] [66854][tshell][sensor_expo_gain_match:48]sensor get sensor expo gain of imx681_vst
[03:39:29.740] RX< [6] [cam] [66854][tshell][sensor_open:684]sensor [1] o
[03:39:29.742] RX< pen OK.
[03:39:29.742] RX< [6] [cam] [66855][tshell][cam_cpm_parse_media:298]video scenario:3, media para[fps:0, mirror_en:0, flip_en:0]
[03:39:29.742] RX< [6] [cam] [66855][tshell][cam_cpm_parse_media:301]video scenario, media para[iso:0, gain:0, wb_mode:0]
[03:39:29.742] RX< [6] [cam] [66856][tshell][csc_isp
[03:39:29.743] RX< _clk_cal:353]FE CLK cal: 373MHz, ME CLK cal: 371MHz, FE/ME CLK cal: 410MHz
[03:39:29.743] RX< [6] [cam] [66856][tshell][csc_isp_clk_cal:360]BE CLK cal: 301MHz
[03:39:29.743] RX< [4] [cam] [66857][tshell][cam_fe_core_power_on:269]fe pipe has already power on, STATUS: 1
[03:39:29.743] RX< [6] [cam] [66857][tshell
[03:39:29.747] RX< ][cpc_update_clock:588]actual FE/ME clk: 500MHz
[03:39:29.747] RX< [7] [cam] [66858][tshell][cam_cpm_core_power_on:425]id,0 type,1 ret 0
[03:39:29.747] RX< [6] [cam] [66858][tshell][cam_cpm_core_init:914]E id,0 sensor type,1
[03:39:29.747] RX< [6] [cam] [66861][tshell][cpm_core_check_tuningbin:854]Tuning bin c
[03:39:29.747] RX< rc check PASS! sum 0x7fb15f, xor 0x4e593f47
[03:39:29.747] RX< [6] [cam] [66861][tshell][qpc_tuning_check_iqbin_validness:396]IQ bin addr: 0x88646660, project_name: video_3M
[03:39:29.747] RX< [6] [cam] [66862][tshell][qpc_tuning_check_iqbin_validness:397]total_size: 94208
[03:39:29.747] RX< [6] [cam] [66862][t
[03:39:29.750] RX< shell][qpc_tuning_check_iqbin_validness:398]id_count: 93. ID_TOTAL: 94
[03:39:29.750] RX< [6] [cam] [66863][tshell][qpc_tuning_check_iqbin_validness:399]spinel tuning data ver: V1.30
[03:39:29.750] RX< [6] [cam] [66863][tshell][cpm_core_check_tuningbin:868]IQ bin check success!
[03:39:29.750] RX< [6] [cam] [66
[03:39:29.750] RX< 864][tshell][cam_bm_core_init:94]E
[03:39:29.750] RX< [6] [cam] [66864][tshell][bm_lab_init:174]X ctx size 4 addr 0x88461d78
[03:39:29.750] RX< [6] [cam] [66865][tshell][cam_bm_core_init:114]X ctx size 180 addr 0x8846a458
[03:39:29.750] RX< [6] [cam] [66865][tshell][qpc_core_init:1218]E id,0
[03:39:29.750] RX< [6] [cam] [66866][
[03:39:29.768] RX< tshell][qpc_queue_init:65]QPC init qnodes 8, size 508, pool 0x88487398
[03:39:29.768] RX< [7] [cam] [66866][tshell][_qpc_get_cap_cfg_para:888][fallback]preset capCfg 0 0 0 invalid, use default
[03:39:29.768] RX< [7] [cam] [66867][tshell][_qpc_cfg_hdr_frms:832][fallback]preset hdrCfg 0 32 7 25
[03:39:29.769] RX< 600 148508608 invalid, use default
[03:39:29.769] RX< [6] [cam] [66882][tshell][qpc_core_init:1264]X ctx size 3800 addr 0x8846a520
[03:39:29.769] RX< [6] [cam] [66882][tshell][cpm_core_get_param:666]cpm para chk: tunBin-w 4032 h 2266 img-w 4032 h 2268
[03:39:29.769] RX< [6] [cam] [66883][tshell][cam_fe_core_ini
[03:39:29.773] RX< t:436]E id,0
[03:39:29.773] RX< [6] [cam] [66883][tshell][cam_fe_core_init:490]X ctx size 100 addr 0x88497d18
[03:39:29.773] RX< [7] [cam] [66885][tshell][qpc_core_fe_chords_init:1659][34mqpc fe init snsOut w 4032 h 2268, tbl w 28 h 20[0m
[03:39:29.773] RX< [6] [cam] [66885][tshell][cam_me_core_init:1474]X ct
[03:39:29.774] RX< x size 1352 addr 0x8849a0d0
[03:39:29.774] RX< [34m[ME SLICE CFG] perf=1310(us)!
[03:39:29.774] RX< [0m[6] [cam] [66888][tshell][cam_bayer_fe_3a_stats_core_init:445]fe 3a id,0
[03:39:29.774] RX< [6] [cam] [66888][tshell][cam_bayer_fe_3a_stats_core_init:490]X ctx size 132 addr 0x884a2af0
[03:39:29.774] RX< [6] [cam] [66889][tsh
[03:39:29.781] RX< ell][awb_wrapper_init:66]xxx awb_bin=0x88489874, awb_bin_length=8068
[03:39:29.781] RX< [6] [cam] [66889][tshell][awb_wrapper_init:86]X algo_handle 0x884a8750
[03:39:29.781] RX< [7] [cam] [66890][awb0][a5_core_wrapper_task:252]thread start cid,0 algo type,2
[03:39:29.781] RX< [6] [cam] [66890][tshell][a5_core_i
[03:39:29.782] RX< nit_task:426]thread created: awb0 mq=0x884aaa18 thread=0x884aab30 sem=0x884aa9a8 ret=0
[03:39:29.782] RX< [6] [cam] [66891][tshell][bayer_ae_wrapper_init:68]E id,0 proc mode 0 
[03:39:29.782] RX< 
[03:39:29.782] RX< [AEC Proc] @[allib_ae_set_debug_log_flag] Line:129:[DEBUG] debug level/to_file/to_terminal: 22/1
[03:39:29.784] RX< /1
[03:39:29.784] RX< [AEC Proc] @[AeInit] Line:377:[INFO] AE ver: 2026_V2.269
[03:39:29.784] RX< 
[03:39:29.784] RX< [AEC Proc] @[allib_ae_loadfunc] Line:193:[INFO] camera ID: 0
[03:39:29.784] RX< [AEC Proc] @[alAE_set_param] Line:575:[DEBUG] sw_maxtime 33004 ,pertline 10800, after check sensor step sw_max_time 33000.00
[03:39:29.784] RX< [AEC Pr
[03:39:29.784] RX< oc] @[alAE_set_param] Line:580:[DEBUG] sw_mintime 43 ,pertline 10800, after check sensor step sw_min_time 40.00
[03:39:29.784] RX< [AEC Proc] @[alAE_set_param] Line:513:[DEBUG] DEBUG minbv exptime 11 gain 100, minExpBV 13810
[03:39:29.784] RX< [AEC Proc] @[AeTuningParseSet] Line:167:[DEBUG] a
[03:39:29.787] RX< eparam version 2.268 60530
[03:39:29.787] RX< [AEC Proc] @[alAE_set_param] Line:340:[DEBUG] INITEXP gain 100, shutter 33242, midtonegain 100, bv 2247
[03:39:29.787] RX< [6] [cam] [66901][tshell][bayer_ae_wrapper_init:119]X tline 10800 max_exp 33004 alg_hdl 0x884ad2e0 
[03:39:29.787] RX< [7] [cam] [66901][b_ae0]
[03:39:29.787] RX< [a5_core_wrapper_task:252]thread start cid,0 algo type,0
[03:39:29.787] RX< [6] [cam] [66902][tshell][a5_core_init_task:426]thread created: b_ae0 mq=0x884ae390 thread=0x884ae4a8 sem=0x884ae320 ret=0
[03:39:29.787] RX< [6] [cam] [66902][tshell][atf_wrapper_init:67]E id,0
[03:39:29.787] RX< [6] [cam] [66903][tsh
[03:39:29.789] RX< ell][atf_wrapper_init:107]X alg_ctx addr 0x884af890
[03:39:29.789] RX< [7] [cam] [66903][atf0][a5_core_wrapper_task:252]thread start cid,0 algo type,1
[03:39:29.789] RX< [6] [cam] [66904][tshell][a5_core_init_task:426]thread created: atf0 mq=0x884af9c8 thread=0x884afae0 sem=0x884af958 ret=0
[03:39:29.789] RX< [
[03:39:29.790] RX< 6] [cam] [66904][tshell][cam_cpm_core_init:1030]X ctx size 1064 addr 0x8846a020
[03:39:29.790] RX< [6] [cam] [66905][tshell][csc_open:527]ok! phys_id[1], phys_num[1] 
[03:39:29.790] RX< [6] [cam] [66905][tshell][cam_open:699]open ok! camera_id[0]
[03:39:29.790] RX< [34m[cam open] perf=68910(us)!
[03:39:29.790] RX< [0m[6] [App 
[03:39:29.806] RX< Cam] cam open success
[03:39:29.806] RX< [6] [App Cam] hevc init success
[03:39:29.806] RX< [6] [cam] [66919][tshell][csc_init:637]sensor info:size:4032x2268, formt: 0x2b, bps: 1968, tline: 10800
[03:39:29.806] RX< [6] [cam] [66920][tshell][cam_sif_mgr_init:261]E id,0
[03:39:29.806] RX< [7] [cam] [66920][sif0][sif_irq_proc:151]t
[03:39:29.806] RX< hread start cid,0
[03:39:29.806] RX< [6] [cam] [66921][tshell][cam_sif_mgr_init:293]X ctx size 52 addr 0x884e9c68
[03:39:29.806] RX< [6] [cam] [66921][tshell][cam_prelude_init_cfg:368]CSI ID is 0,  phy lanes is 2.
[03:39:29.806] RX< [7] [cam] [66922][tshell][check_phy_ready:96]MIPI_PHY[0] is ready
[03:39:29.806] RX< [6] [cam] [6
[03:39:29.820] RX< 6922][tshell][sensor_init:348]sensor [1]: register ok
[03:39:29.820] RX< [6] [cam] [66922][tshell][sensor_set_mode:852]sensor [1]: SetMode -> mode = 0.
[03:39:29.820] RX< [6] [cam] [66923][tshell][sensor_send_reg_tab_to_sensor:704]sensor [1]: send_reg_tab_to_sensor E.
[03:39:29.820] RX< [6] [cam] [66934][tshel
[03:39:29.837] RX< l][sensor_send_reg_tab_to_sensor:726]sensor [1]: reg_count = 77.
[03:39:29.837] RX< [6] [cam] [66936][tshell][sensor_init:361]sensor [1]: init success.
[03:39:29.837] RX< [6] [cam] [66936][tshell][sensor_set_mode:852]sensor [1]: SetMode -> mode = 3.
[03:39:29.837] RX< [6] [cam] [66937][tshell][sensor_send_reg_t
[03:39:29.837] RX< ab_to_sensor:704]sensor [1]: send_reg_tab_to_sensor E.
[03:39:29.837] RX< [6] [cam] [66951][tshell][sensor_send_reg_tab_to_sensor:726]sensor [1]: reg_count = 83.
[03:39:29.837] RX< [6] [cam] [66951][tshell][csc_init:646]ok! phys_id[1], phys_num[1]
[03:39:29.837] RX< [6] [cam] [66952][tshell][csc_get_bayer_singl
[03:39:29.840] RX< e_buffer:1038]scenario_type: 3
[03:39:29.840] RX< [6] [cam] [66952][tshell][csc_set_stats_fmt:98]index 0 w 1 h 1 bw 8 wcmp 255
[03:39:29.840] RX< [7] [cam] [66953][tshell][bm_ioctl:201]BMIOC_STATS_FMT
[03:39:29.840] RX< [6] [cam] [66953][tshell][csc_set_fe_fmt:47]index 1 w 4032 h 2268 bw 10 wcmp 0
[03:39:29.840] RX< [7] [cam] [6
[03:39:29.840] RX< 6954][tshell][bm_ioctl:201]BMIOC_FE_FMT
[03:39:29.840] RX< [6] [cam] [66954][tshell][csc_set_me_fmt:64]index 5 w 2268 h 4032 bw 10 wcmp 0, rdma_addr 0x894afe00, wdma_addr 0x894afe00
[03:39:29.840] RX< [7] [cam] [66955][tshell][bm_ioctl:201]BMIOC_ME_FMT
[03:39:29.840] RX< [6] [cam] [66955][tshell][csc_set_video_
[03:39:29.842] RX< fmt:966]meta_addr: 0x89d6c600
[03:39:29.842] RX< [6] [cam] [66955][tshell][csc_set_me_fmt:64]index 6 w 1296 h 2304 bw 8 wcmp 255, rdma_addr 0x88795200, wdma_addr 0x8c000000
[03:39:29.842] RX< [6] [cam] [66955][tshell][cam_me_core_buffer_cfg:1367]
[03:39:29.842] RX< ----ME PIPE INFO---
[03:39:29.842] RX<  wdma_buf_num:1, rotatio
[03:39:29.843] RX< n_en: 1
[03:39:29.843] RX< [7] [cam] [66957][tshell][cam_me_core_buffer_cfg:1375]yuv wdma_addr 0:0x8c000000, meta_en: 1, 0x89d6c600
[03:39:29.843] RX< [7] [cam] [66957][tshell][bm_ioctl:201]BMIOC_ME_FMT
[03:39:29.843] RX< [6] [cam] [66957][tshell][csc_set_lite_fmt:115]index 13 w 400 h 400 bw 10 wcmp 255
[03:39:29.843] RX< [7] [c
[03:39:29.846] RX< am] [66958][tshell][bm_ioctl:201]BMIOC_LITE_FMT
[03:39:29.846] RX< [6] [cam] [66958][tshell][csc_set_lite_fmt:115]index 14 w 400 h 400 bw 10 wcmp 255
[03:39:29.846] RX< [7] [cam] [66958][tshell][bm_ioctl:201]BMIOC_LITE_FMT
[03:39:29.846] RX< [6] [cam] [66959][tshell][csc_init:654]get otp ok! phys_id[1], phys_n
[03:39:29.846] RX< um[1]
[03:39:29.846] RX< [6] [cam] [66959][tshell][cam_init:789]init ok! logic_id[0]
[03:39:29.846] RX< [34m[cam init] perf=40677(us)!
[03:39:29.846] RX< [0m[6] [App Cam] cam init success
[03:39:29.846] RX< [7] [cam] [66960][tshell][cam_cpm_core_stream_on:541]id 0 sensor type 1
[03:39:29.846] RX< [6] [cam] [66960][tshell][sensor_stream_on:979]se
[03:39:29.864] RX< nsor [1]: stream_on
[03:39:29.864] RX< [6] [cam] [66961][tshell][sensor_stream_on:1007]sensor [1]: REG: 0x100, W:0x1.
[03:39:29.864] RX< [6] [cam] [66962][tshell][sensor_stream_on:1009]sensor [1]: REG: 0x100, R:0x1.
[03:39:29.864] RX< [6] [cam] [66962][tshell][csc_prv_start:783]ok! phys_id[1], phys_num[1], cam_
[03:39:29.864] RX< ids[1]
[03:39:29.864] RX< [6] [cam] [66963][tshell][cam_start:897]preview start ok! logic_id[0]
[03:39:29.864] RX< [34m[cam start] perf=2649(us)!
[03:39:29.864] RX< [0m[6] [App Cam] cam start success
[03:39:29.864] RX< [6] [App Dfs] Gravity_XR Record Start
[03:39:29.864] RX< msh /emmc>echo "__EVBTEST_END_45e5a199__"
[03:39:29.864] RX< __EVBTEST_END_45e5a199__
[03:39:29.864] RX< msh 
[03:39:29.991] RX< /emmc>[7] [cam] [66965][b_3a_sts][bayer_stats_core_irq_proc:164]thread start cid,0
[03:39:29.991] RX< [7] [cam] [66965][fe0][fe_core_irq_proc:98]thread start cid,0
[03:39:29.991] RX< [34m[AE] fid=0,exp=10180,adg=282,Y=6505,mtg=100,shg=100,bgbv=4608,iso=282,cnv0,hdr0
[03:39:29.991] RX< [0m[34m[b_ae0 proc] per
[03:39:30.327] RX< f=8079(us), max=8079(us)!
[03:39:30.327] RX< [0m[34m[awb0 proc] perf=4417(us), max=4417(us)!
[03:39:30.327] RX< [0m[6] [cam] [67256][me0][cpm_cb_fe2me_tikChk:152]frm_length 88560us, fe2me delta 0
[03:39:30.327] RX< [34m[ME INTP]fid=0, shutter=10180, perf=2821(us), max=2821(us)!
[03:39:30.327] RX< [0m[7] [cam] [67434][me0][me
[03:39:31.144] RX< _core_thread:322]ME out fid 0
[03:39:31.144] RX< [6] [App Dfs] f_index = 0, f_len = 150987, cur_total_len = 151075
[03:39:31.144] RX< [34m[awb0 proc] perf=6178(us), max=6178(us)!
[03:39:31.144] RX< [0m[34m[awb0 proc] perf=21689(us), max=21689(us)!
[03:39:31.144] RX< [0m[34m[awb0 proc] perf=6454(us), max=21689(us)!
[03:39:31.144] RX< [0m[34m[A
[03:39:32.144] RX< E] fid=30,exp=10380,adg=132,Y=3742,mtg=200,shg=122,bgbv=2026,iso=132,cnv2,hdr0
[03:39:32.144] RX< [0m[7] [cam] [68434][me0][me_core_thread:322]ME out fid 30
[03:39:32.144] RX< [34m[awb0 proc] perf=6495(us), max=6495(us)!
[03:39:32.144] RX< [0m[34m[AE] fid=60,exp=10170,adg=175,Y=4213,mtg=194,shg=100,bgbv=1829
[03:39:33.150] RX< ,iso=175,cnv2,hdr0
[03:39:33.150] RX< [0m[7] [cam] [69434][me0][me_core_thread:322]ME out fid 60
[03:39:33.150] RX< [34m[AE] fid=90,exp=10210,adg=194,Y=4374,mtg=184,shg=100,bgbv=1817,iso=194,cnv2,hdr0
[03:39:33.150] RX< [0m[34m[b_ae0 proc] perf=1124(us), max=8079(us)!
[03:39:33.150] RX< [0m[34m[awb0 proc] perf=4352(us), max
[03:39:34.145] RX< =6495(us)!
[03:39:34.145] RX< [0m[7] [cam] [70434][me0][me_core_thread:322]ME out fid 90
[03:39:34.145] RX< [34m[awb0 proc] perf=6274(us), max=6274(us)!
[03:39:34.145] RX< [0m[6] [App Dfs] f_index = 90, f_len = 259954, cur_total_len = 6805534
[03:39:34.145] RX< [34m[AE] fid=120,exp=10210,adg=194,Y=4383,mtg=184,shg=100,bgbv=182
[03:39:35.145] RX< 1,iso=194,cnv2,hdr0
[03:39:35.145] RX< [0m[34m[ME INTP]fid=120, shutter=10210, perf=7(us), max=12810(us)!
[03:39:35.145] RX< [0m[7] [cam] [71434][me0][me_core_thread:322]ME out fid 120
[03:39:35.145] RX< [34m[awb0 proc] perf=6313(us), max=6313(us)!
[03:39:35.145] RX< [0m[34m[AE] fid=150,exp=10210,adg=194,Y=4386,mtg=184,shg=1
[03:39:36.150] RX< 00,bgbv=1821,iso=194,cnv2,hdr0
[03:39:36.150] RX< [0m[7] [cam] [72434][me0][me_core_thread:322]ME out fid 150
[03:39:36.150] RX< [34m[awb0 proc] perf=6111(us), max=6313(us)!
[03:39:36.150] RX< [0m[34m[AE] fid=180,exp=10210,adg=194,Y=4420,mtg=184,shg=100,bgbv=1833,iso=194,cnv2,hdr0
[03:39:36.150] RX< [0m[34m[b_ae0 proc] perf=
[03:39:37.145] RX< 926(us), max=1717(us)!
[03:39:37.145] RX< [0m[34m[awb0 proc] perf=4337(us), max=6111(us)!
[03:39:37.145] RX< [0m[7] [cam] [73433][me0][me_core_thread:322]ME out fid 180
[03:39:37.145] RX< [6] [App Dfs] f_index = 180, f_len = 233687, cur_total_len = 6466714
[03:39:37.145] RX< [34m[AE] fid=210,exp=10210,adg=194,Y=4419,mtg=184,s
[03:39:38.243] RX< hg=100,bgbv=1833,iso=194,cnv2,hdr0
[03:39:38.243] RX< [0m[7] [cam] [74433][me0][me_core_thread:322]ME out fid 210
[03:39:38.243] RX< [34m[awb0 proc] perf=6170(us), max=6170(us)!
[03:39:38.243] RX< [0m[34m[AE] fid=240,exp=10210,adg=194,Y=4424,mtg=184,shg=100,bgbv=1833,iso=194,cnv2,hdr0
[03:39:38.243] RX< [0m[34m[ME INTP]fid=2
[03:39:39.149] RX< 40, shutter=10210, perf=5(us), max=976(us)!
[03:39:39.149] RX< [0m[7] [cam] [75433][me0][me_core_thread:322]ME out fid 240
[03:39:39.149] RX< [34m[awb0 proc] perf=6605(us), max=6605(us)!
[03:39:39.149] RX< [0m[34m[AE] fid=270,exp=10210,adg=194,Y=4457,mtg=184,shg=100,bgbv=1845,iso=194,cnv2,hdr0
[03:39:39.149] RX< [0m[34m[b_ae
[03:39:39.368] RX< 0 proc] perf=937(us), max=2030(us)!
[03:39:39.368] RX< [0m[34m[awb0 proc] perf=4225(us), max=6605(us)!
[03:39:39.368] RX< [0m[7] [cam] [76433][me0][me_core_thread:322]ME out fid 270
[03:39:39.368] RX< [34m[awb0 proc] perf=6271(us), max=6271(us)!
[03:39:39.368] RX< [0m[6] [App Dfs] f_index = 270, f_len = 258015, cur_total_len
[03:39:39.921] RX<  = 6577574
[03:39:39.921] RX< dfs_video_stop
[03:39:39.921] RX< msh /emmc>echo "__EVBTEST_E[6] [App Dfs]  Gravity_XR Record Stop Success: total frames = 288
[03:39:39.921] RX< [34m[awb0 proc] perf=6113(us), max=6271(us)!
[03:39:39.921] RX< [0m[6] [cam] [77020][DfsSend][sensor_stream_off:1143]sensor [1]: stream_off
[03:39:39.921] RX< [6] [cam] [770
[03:39:39.961] RX< 20][DfsSend][sensor_stream_off:1172]sensor [1]: REG: 0x100, W:0x0.
[03:39:39.961] RX< [6] [cam] [77021][DfsSend][sensor_stream_off:1174]sensor [1]: REG: 0x100, R:0x0.
[03:39:39.961] RX< [6] [cam] [77070][DfsSend][csc_prv_stop:893]ok! phys_id[1], phys_num[1], stop_type = 0
[03:39:39.961] RX< [6] [cam] [77070][Dfs
[03:39:39.961] RX< Send][cam_stop:1017]preview stop ok! logic_id[0]
[03:39:39.961] RX< [34m[cam stop] perf=50938(us)!
[03:39:39.961] RX< [0m[6] [App Cam] cam stop success
[03:39:39.961] RX< Total of 290 frames encoded, 21247970 bytes, max_workbuffer_used: 4911104 bytes
[03:39:39.961] RX< [6] [App Cam] hevc_encoder_deinit success
[03:39:39.961] RX< [7] [cam] [77076
[03:39:39.966] RX< ][DfsSend][cam_cpm_core_power_off:457]id,0 type,1 ret 0
[03:39:39.966] RX< [6] [cam] [77076][sif0][sif_irq_proc:174]thread release cid,0
[03:39:39.966] RX< [6] [cam] [77076][DfsSend][cam_sif_mgr_deinit:316]X
[03:39:39.966] RX< [6] [cam] [77077][DfsSend][cam_deinit:846]deinit ok! logic_id[0]
[03:39:39.966] RX< [34m[cam deinit] p
[03:39:39.966] RX< erf=1282(us)!
[03:39:39.966] RX< [0m[6] [App Cam] cam deinit success
[03:39:39.966] RX< [6] [cam] [77078][DfsSend][sensor_close:1247]sensor [1]: close!
[03:39:39.966] RX< [6] [cam] [77079][DfsSend][cam_bm_core_deinit:136]X
[03:39:39.966] RX< [6] [cam] [77080][me0][me_core_thread:367]thread release cid,0
[03:39:39.966] RX< [6] [cam] [77080][DfsSe
[03:39:39.968] RX< nd][cam_me_core_deinit:1502]X
[03:39:39.968] RX< [6] [cam] [77081][fe0][fe_core_irq_proc:121]thread release cid,0
[03:39:39.968] RX< [6] [cam] [77081][DfsSend][cam_fe_core_deinit:536]X
[03:39:39.968] RX< [6] [cam] [77081][b_3a_sts][bayer_stats_core_irq_proc:193]thread release cid,0
[03:39:39.968] RX< [6] [cam] [77082][DfsSend][c
[03:39:39.969] RX< am_bayer_stats_core_deinit:512]X
[03:39:39.969] RX< [6] [cam] [77082][b_ae0][a5_core_wrapper_task:315]thread release cid,0,algo,0
[03:39:39.969] RX< [6] [cam] [77083][DfsSend][bayer_ae_wrapper_deinit:204]X
[03:39:39.969] RX< [6] [cam] [77083][atf0][a5_core_wrapper_task:315]thread release cid,0,algo,1
[03:39:39.969] RX< [6] [cam]
[03:39:39.971] RX<  [77083][DfsSend][atf_wrapper_deinit:153]X
[03:39:39.971] RX< [6] [cam] [77083][awb0][a5_core_wrapper_task:315]thread release cid,0,algo,2
[03:39:39.971] RX< [6] [cam] [77084][DfsSend][awb_wrapper_deinit:153]X
[03:39:39.971] RX< [6] [cam] [77084][DfsSend][cam_5a_core_deinit:555]X
[03:39:39.971] RX< [6] [cam] [77085][DfsSend][cam
[03:39:39.971] RX< _5a_inf_deinit:149]X
[03:39:39.971] RX< [6] [cam] [77085][qpc0][qpc_core_msg_proc:697]thread release cid,0
[03:39:39.971] RX< [6] [cam] [77085][DfsSend][qpc_core_deinit:1330]X
[03:39:39.971] RX< [6] [cam] [77085][DfsSend][cam_cpm_core_deinit:1107]X
[03:39:39.971] RX< [6] [cam] [77086][DfsSend][csc_close:584]ok! phys_id[1], phys_
[03:39:39.975] RX< num[1]
[03:39:39.975] RX< [7] [cam] [77086][cer0][cer_recovery_proc:352]msg type = 254
[03:39:39.975] RX< [6] [cam] [77086][cer0][cer_recovery_proc:454]thread release cid,0
[03:39:39.975] RX< [6] [cam] [77087][DfsSend][cer_deinit:560]X
[03:39:39.975] RX< [6] [cam] [77087][DfsSend][cam_close:750]close ok! logic_id[0]
[03:39:39.975] RX< [34m[cam cl
[03:39:39.975] RX< ose] perf=9680(us)!
[03:39:39.975] RX< [0m[6] [App Cam] cam close success
[03:39:39.975] RX< [6] [cam] [77088][cpl0][cam_prelude_proc_routine:136]thread release
[03:39:39.975] RX< [6] [cam] [77088][DfsSend][cam_exit:551]exit ok!
[03:39:39.975] RX< [34m[cam exit] perf=562(us)!
[03:39:39.975] RX< [0m[6] [App Cam] cam exit success
[03:39:39.975] RX< [6] [App Dfs] S
[03:39:39.994] RX< ave Video Successful: /emmc/VIDEO/20260101_000106_6655/Video_6655_0.h265
[03:39:39.994] RX< [6] [App Dfs] Save Imu Successful: /emmc/VIDEO/20260101_000106_6655/Imu_6655.bin
[03:39:39.994] RX< [6] [App Dfs] Video recording completed successfully.
[03:39:39.994] RX< ND_7358a0a8__"
[03:39:39.994] RX< __EVBTEST_END_7358a0a8__
[03:39:39.994] RX< msh /em
[03:39:40.077] TX> dfs_video_stop
[03:39:40.077] TX> echo "__EVBTEST_END_7358a0a8__"
[03:39:41.996] RX< mc>
[03:41:05.385] RX< rtmp_video_start rtmp://192.168.1.89/live/cam
[03:41:05.385] RX< [7] [cam] [162485][tshell][cgm_parse_bin:105]total logical camera num: 1
[03:41:05.385] RX< [6] [cam] [162485][tshell][cam_prelude_create:187]E id, 0
[03:41:05.385] RX< [7] [cam] [162486][cpl0][cam_prelude_proc_routine:101]thread start
[03:41:05.385] RX< [6] [cam] [
[03:41:05.385] RX< 162486][tshell][cam_prelude_create:214]X ctx size 124 addr 0x88486670
[03:41:05.385] RX< [6] [cam] [162492][tshell][sensor_probe:418]sensor [1]: identifing 0 success.
[03:41:05.385] RX< [6] [cam] [162494][tshell][sensor_probe:441]sensor [1]: probe exit!
[03:41:05.385] RX< [6] [cam] [162494][tshell][cam_prelude_
[03:41:05.387] RX< fast_probe:251]cam: 0 probe result: 0
[03:41:05.387] RX< [6] [cam] [162495][tshell][cgm_parse_bin:215]cam(0) probe success
[03:41:05.387] RX< [6] [cam] [162495][tshell][cam_entry:435]entry ok
[03:41:05.387] RX< [34m[cam entry] perf=10669(us)!
[03:41:05.387] RX< [0m[6] [App Cam] cam entry success
[03:41:05.387] RX< [36mmem_laySolv: scenario=01 
[03:41:05.388] RX< in=4032x3024, me_rotate=1 me_stripe=1 
[03:41:05.388] RX< [0m[36mmem_laySolv: me_rot 1, me_stripe 1, eis 0, be_rot 0
[03:41:05.388] RX< [0mscen1 type26 bufAdr 0x89d40b70 sz 0x1400000 reCfg for bound!
[03:41:05.388] RX< [36mmem_laySolv: scen01 20 entries solved OK!
[03:41:05.388] RX< [0m[36mmem_laySolv: scenario=02 in=2016x
[03:41:05.390] RX< 1512, me_rotate=0 me_stripe=0 
[03:41:05.390] RX< [0m[36mmem_laySolv: me_rot 0, me_stripe 0, eis 0, be_rot 0
[03:41:05.390] RX< [0mscen2 type15 bufAdr 0x89ce3ef0 sz 0xd00000 reCfg for bound!
[03:41:05.390] RX< [36mmem_laySolv: scen02 14 entries solved OK!
[03:41:05.390] RX< [0m[36mmem_laySolv: scenario=03 in=4032x2268, me_
[03:41:05.393] RX< rotate=1 me_stripe=0 
[03:41:05.393] RX< [0m[36mmem_laySolv: me_rot 1, me_stripe 0, eis 0, be_rot 0
[03:41:05.393] RX< [0m[36mmem_laySolv: scen03 14 entries solved OK!
[03:41:05.393] RX< [0m[7] [cam] [162500][tshell][cam_solve_whole_layout:355]
[03:41:05.393] RX< scen3: vol 0x8c000000 rbuf 0x89d6cdf0 sz 0xd00000 wbuf 0x8aa6
[03:41:05.393] RX< cdf0 sz 0xd00000
[03:41:05.393] RX<        rtmp txbuf 0x8bf80000 sz 0x80000 avcBuf 0x8bf00000 sz 0x80000
[03:41:05.393] RX< [36mmem_laySolv: scenario=04 in=4032x3024, me_rotate=1 me_stripe=1 
[03:41:05.393] RX< [0m[36mmem_laySolv: me_rot 1, me_stripe 1, eis 0, be_rot 0
[03:41:05.393] RX< [0m[36mmem_laySolv: scen04 14 entrie
[03:41:05.396] RX< s solved OK!
[03:41:05.396] RX< [0m[36mmem_laySolv: scenario=05 in=1008x0756, me_rotate=0 me_stripe=0 
[03:41:05.396] RX< [0m[36mmem_laySolv: me_rot 0, me_stripe 0, eis 0, be_rot 0
[03:41:05.396] RX< [0m[36mmem_laySolv: scen05 17 entries solved OK!
[03:41:05.396] RX< [0m[36mmem_laySolv: scenario=06 in=1008x0720, me_rotat
[03:41:05.396] RX< e=0 me_stripe=0 
[03:41:05.396] RX< [0m[36mmem_laySolv: me_rot 0, me_stripe 0, eis 0, be_rot 0
[03:41:05.396] RX< [0m[36mmem_laySolv: scen06 12 entries solved OK!
[03:41:05.396] RX< [0m[36mmem_laySolv: scenario=01 in=4032x3024, me_rotate=1 me_stripe=1 
[03:41:05.396] RX< [0mscen1 type26 bufAdr 0x89d40b70 sz 0x1400000 reCf
[03:41:05.399] RX< g for bound!
[03:41:05.399] RX< [36mmem_laySolv: scen01 20 entries solved OK!
[03:41:05.399] RX< [0m[7] [cam] [162505][tshell][cam_solve_whole_layout:383]Solve Whole-layout Done!
[03:41:05.399] RX< [6] [cam] [162506][tshell][cgm_parse_media_para:271]phy cam num: 1
[03:41:05.399] RX< [7] [cam] [162506][cer0][cer_recovery_proc:3
[03:41:05.399] RX< 43]thread start cid, 0
[03:41:05.399] RX< [6] [cam] [162506][tshell][csc_open:443]SENSOR MCLK cal: 24MHz
[03:41:05.399] RX< [6] [cam] [162507][tshell][csc_isp_clk_cal:344]MIPI CLK cal: 277MHz
[03:41:05.399] RX< [6] [cam] [162507][tshell][csc_isp_clk_cal:371]LITE CLK cal: 25MHz
[03:41:05.399] RX< [7] [cam] [162507][tshell][cpc_cs
[03:41:05.405] RX< i_rx_power_on:633]E id: 2
[03:41:05.405] RX< [6] [cam] [162508][tshell][cpc_update_clock:603]actual SNS mclk: 24MHz
[03:41:05.405] RX< [6] [cam] [162508][tshell][cpc_update_clock:608]actual MIPI0: 300MHz
[03:41:05.405] RX< [6] [cam] [162509][tshell][cpc_update_clock:598]actual LITE clk: 25MHz
[03:41:05.405] RX< [7] [cam] [162509
[03:41:05.405] RX< ][tshell][cam_prelude_open:297][34msnsOpen camID1 csiID0 phyIdx0[0m
[03:41:05.405] RX< [6] [cam] [162513][tshell][sensor_expo_gain_match:48]sensor get sensor expo gain of imx681_vst
[03:41:05.405] RX< [6] [cam] [162513][tshell][sensor_open:684]sensor [1] open OK.
[03:41:05.405] RX< [6] [cam] [162514][tshell]
[03:41:05.410] RX< [cam_cpm_parse_media:298]video scenario:3, media para[fps:0, mirror_en:0, flip_en:0]
[03:41:05.410] RX< [6] [cam] [162514][tshell][cam_cpm_parse_media:301]video scenario, media para[iso:0, gain:0, wb_mode:0]
[03:41:05.410] RX< [6] [cam] [162515][tshell][csc_isp_clk_cal:353]FE CLK cal: 373MHz,
[03:41:05.410] RX<  ME CLK cal: 371MHz, FE/ME CLK cal: 410MHz
[03:41:05.410] RX< [6] [cam] [162515][tshell][csc_isp_clk_cal:360]BE CLK cal: 301MHz
[03:41:05.410] RX< [6] [cam] [162516][tshell][cpc_update_clock:588]actual FE/ME clk: 500MHz
[03:41:05.410] RX< [7] [cam] [162516][tshell][cam_cpm_core_power_on:425]id,0 type,1 ret 0
[03:41:05.410] RX< [
[03:41:05.413] RX< 6] [cam] [162517][tshell][cam_cpm_core_init:914]E id,0 sensor type,1
[03:41:05.413] RX< [6] [cam] [162520][tshell][cpm_core_check_tuningbin:854]Tuning bin crc check PASS! sum 0x7fb15f, xor 0x4e593f47
[03:41:05.413] RX< [6] [cam] [162520][tshell][qpc_tuning_check_iqbin_validness:396]IQ bin addr
[03:41:05.413] RX< : 0x88646660, project_name: video_3M
[03:41:05.413] RX< [6] [cam] [162521][tshell][qpc_tuning_check_iqbin_validness:397]total_size: 94208
[03:41:05.413] RX< [6] [cam] [162521][tshell][qpc_tuning_check_iqbin_validness:398]id_count: 93. ID_TOTAL: 94
[03:41:05.413] RX< [6] [cam] [162522][tshell][qpc_tuning_check_
[03:41:05.415] RX< iqbin_validness:399]spinel tuning data ver: V1.30
[03:41:05.415] RX< [6] [cam] [162522][tshell][cpm_core_check_tuningbin:868]IQ bin check success!
[03:41:05.415] RX< [6] [cam] [162523][tshell][cam_bm_core_init:94]E
[03:41:05.415] RX< [6] [cam] [162523][tshell][bm_lab_init:174]X ctx size 4 addr 0x8846a4f0
[03:41:05.415] RX< [6] [
[03:41:05.415] RX< cam] [162523][tshell][cam_bm_core_init:114]X ctx size 180 addr 0x8846a428
[03:41:05.415] RX< [6] [cam] [162524][tshell][qpc_core_init:1218]E id,0
[03:41:05.415] RX< [6] [cam] [162524][tshell][qpc_queue_init:65]QPC init qnodes 8, size 508, pool 0x88487408
[03:41:05.415] RX< [7] [cam] [162524][tshell][_qpc_get_ca
[03:41:05.433] RX< p_cfg_para:888][fallback]preset capCfg 0 0 0 invalid, use default
[03:41:05.433] RX< [7] [cam] [162525][tshell][_qpc_cfg_hdr_frms:832][fallback]preset hdrCfg 0 32 7 25600 148508608 invalid, use default
[03:41:05.433] RX< [6] [cam] [162541][tshell][qpc_core_init:1264]X ctx size 3800 addr 0x884
[03:41:05.434] RX< 6a510
[03:41:05.434] RX< [6] [cam] [162541][tshell][cpm_core_get_param:666]cpm para chk: tunBin-w 4032 h 2266 img-w 4032 h 2268
[03:41:05.434] RX< [6] [cam] [162542][tshell][cam_fe_core_init:436]E id,0
[03:41:05.434] RX< [6] [cam] [162542][tshell][cam_fe_core_init:490]X ctx size 100 addr 0x88497d88
[03:41:05.434] RX< [7] [cam] [
[03:41:05.439] RX< 162543][tshell][qpc_core_fe_chords_init:1659][34mqpc fe init snsOut w 4032 h 2268, tbl w 28 h 20[0m
[03:41:05.439] RX< [6] [cam] [162543][tshell][cam_me_core_init:1474]X ctx size 1352 addr 0x8849a118
[03:41:05.439] RX< [34m[ME SLICE CFG] perf=1308(us)!
[03:41:05.439] RX< [0m[6] [cam] [162547][tshell][cam_ba
[03:41:05.439] RX< yer_fe_3a_stats_core_init:445]fe 3a id,0
[03:41:05.439] RX< [6] [cam] [162547][tshell][cam_bayer_fe_3a_stats_core_init:490]X ctx size 132 addr 0x884a2b38
[03:41:05.439] RX< [6] [cam] [162548][tshell][awb_wrapper_init:66]xxx awb_bin=0x884898e4, awb_bin_length=8068
[03:41:05.439] RX< [6] [cam] [162548][tshell][aw
[03:41:05.446] RX< b_wrapper_init:86]X algo_handle 0x884a8798
[03:41:05.446] RX< [7] [cam] [162549][awb0][a5_core_wrapper_task:252]thread start cid,0 algo type,2
[03:41:05.446] RX< [6] [cam] [162549][tshell][a5_core_init_task:426]thread created: awb0 mq=0x884aaa60 thread=0x884aab78 sem=0x884aa9f0 ret=0
[03:41:05.446] RX< [6] [ca
[03:41:05.447] RX< m] [162550][tshell][bayer_ae_wrapper_init:68]E id,0 proc mode 0 
[03:41:05.447] RX< 
[03:41:05.447] RX< [AEC Proc] @[allib_ae_set_debug_log_flag] Line:129:[DEBUG] debug level/to_file/to_terminal: 22/1/1
[03:41:05.447] RX< [AEC Proc] @[AeInit] Line:377:[INFO] AE ver: 2026_V2.269
[03:41:05.447] RX< 
[03:41:05.447] RX< [AEC Proc] @[allib_ae_loadfunc] 
[03:41:05.449] RX< Line:193:[INFO] camera ID: 0
[03:41:05.449] RX< [AEC Proc] @[alAE_set_param] Line:575:[DEBUG] sw_maxtime 33004 ,pertline 10800, after check sensor step sw_max_time 33000.00
[03:41:05.449] RX< [AEC Proc] @[alAE_set_param] Line:580:[DEBUG] sw_mintime 43 ,pertline 10800, after check sensor step 
[03:41:05.449] RX< sw_min_time 40.00
[03:41:05.449] RX< [AEC Proc] @[alAE_set_param] Line:513:[DEBUG] DEBUG minbv exptime 11 gain 100, minExpBV 13810
[03:41:05.449] RX< [AEC Proc] @[AeTuningParseSet] Line:167:[DEBUG] aeparam version 2.268 60530
[03:41:05.449] RX< [AEC Proc] @[alAE_set_param] Line:340:[DEBUG] INITEXP gain 100, shu
[03:41:05.452] RX< tter 33242, midtonegain 100, bv 2247
[03:41:05.452] RX< [6] [cam] [162559][tshell][bayer_ae_wrapper_init:119]X tline 10800 max_exp 33004 alg_hdl 0x884ad328 
[03:41:05.452] RX< [7] [cam] [162559][b_ae0][a5_core_wrapper_task:252]thread start cid,0 algo type,0
[03:41:05.452] RX< [6] [cam] [162560][tshell][a5_core
[03:41:05.452] RX< _init_task:426]thread created: b_ae0 mq=0x884ae3d8 thread=0x884ae4f0 sem=0x884ae368 ret=0
[03:41:05.452] RX< [6] [cam] [162560][tshell][atf_wrapper_init:67]E id,0
[03:41:05.452] RX< [6] [cam] [162561][tshell][atf_wrapper_init:107]X alg_ctx addr 0x884af8d8
[03:41:05.452] RX< [7] [cam] [162561][atf0][a5_core_wrap
[03:41:05.468] RX< per_task:252]thread start cid,0 algo type,1
[03:41:05.468] RX< [6] [cam] [162562][tshell][a5_core_init_task:426]thread created: atf0 mq=0x884afa10 thread=0x884afb28 sem=0x884af9a0 ret=0
[03:41:05.468] RX< [6] [cam] [162562][tshell][cam_cpm_core_init:1030]X ctx size 1064 addr 0x88469ff0
[03:41:05.468] RX< [6] [
[03:41:05.468] RX< cam] [162563][tshell][csc_open:527]ok! phys_id[1], phys_num[1] 
[03:41:05.468] RX< [6] [cam] [162563][tshell][cam_open:699]open ok! camera_id[0]
[03:41:05.468] RX< [34m[cam open] perf=67786(us)!
[03:41:05.468] RX< [0m[6] [App Cam] cam open success
[03:41:05.468] RX< [6] [App Cam] hevc init success
[03:41:05.468] RX< [6] [cam] [162578][tshell][cs
[03:41:05.471] RX< c_init:637]sensor info:size:4032x2268, formt: 0x2b, bps: 1968, tline: 10800
[03:41:05.471] RX< [6] [cam] [162578][tshell][cam_sif_mgr_init:261]E id,0
[03:41:05.471] RX< [7] [cam] [162579][sif0][sif_irq_proc:151]thread start cid,0
[03:41:05.471] RX< [6] [cam] [162579][tshell][cam_sif_mgr_init:293]X ctx size 52 a
[03:41:05.471] RX< ddr 0x884e9b98
[03:41:05.471] RX< [6] [cam] [162580][tshell][cam_prelude_init_cfg:368]CSI ID is 0,  phy lanes is 2.
[03:41:05.471] RX< [7] [cam] [162580][tshell][check_phy_ready:96]MIPI_PHY[0] is ready
[03:41:05.471] RX< [6] [cam] [162580][tshell][sensor_init:348]sensor [1]: register ok
[03:41:05.471] RX< [6] [cam] [162581][tshe
[03:41:05.476] TX> rtmp_video_start rtmp://192.168.1.89/live/cam
[03:41:05.476] TX> echo "__EVBTEST_END_78de3258__"
[03:41:05.499] RX< ll][sensor_set_mode:852]sensor [1]: SetMode -> mode = 0.
[03:41:05.499] RX< [6] [cam] [162581][tshell][sensor_send_reg_tab_to_sensor:704]sensor [1]: send_reg_tab_to_sensor E.
[03:41:05.499] RX< [6] [cam] [162592][tshell][sensor_send_reg_tab_to_sensor:726]sensor [1]: reg_count = 77.
[03:41:05.499] RX< [6] [cam] 
[03:41:05.500] RX< [162594][tshell][sensor_init:361]sensor [1]: init success.
[03:41:05.500] RX< [6] [cam] [162594][tshell][sensor_set_mode:852]sensor [1]: SetMode -> mode = 3.
[03:41:05.500] RX< [6] [cam] [162595][tshell][sensor_send_reg_tab_to_sensor:704]sensor [1]: send_reg_tab_to_sensor E.
[03:41:05.500] RX< [6] [cam] [162609
[03:41:05.502] RX< ][tshell][sensor_send_reg_tab_to_sensor:726]sensor [1]: reg_count = 83.
[03:41:05.502] RX< [6] [cam] [162609][tshell][csc_init:646]ok! phys_id[1], phys_num[1]
[03:41:05.502] RX< [6] [cam] [162610][tshell][csc_get_bayer_single_buffer:1038]scenario_type: 3
[03:41:05.502] RX< [6] [cam] [162610][tshell][csc_set_sta
[03:41:05.505] RX< ts_fmt:98]index 0 w 1 h 1 bw 8 wcmp 255
[03:41:05.505] RX< [7] [cam] [162611][tshell][bm_ioctl:201]BMIOC_STATS_FMT
[03:41:05.505] RX< [6] [cam] [162611][tshell][csc_set_fe_fmt:47]index 1 w 4032 h 2268 bw 10 wcmp 0
[03:41:05.505] RX< [7] [cam] [162612][tshell][bm_ioctl:201]BMIOC_FE_FMT
[03:41:05.505] RX< [6] [cam] [162612][tshell
[03:41:05.505] RX< ][csc_set_me_fmt:64]index 5 w 2268 h 4032 bw 10 wcmp 0, rdma_addr 0x894afe00, wdma_addr 0x894afe00
[03:41:05.505] RX< [7] [cam] [162613][tshell][bm_ioctl:201]BMIOC_ME_FMT
[03:41:05.505] RX< [6] [cam] [162613][tshell][csc_set_video_fmt:966]meta_addr: 0x89d6c600
[03:41:05.505] RX< [6] [cam] [162613][tshell][csc_
[03:41:05.508] RX< set_me_fmt:64]index 6 w 1296 h 2304 bw 8 wcmp 255, rdma_addr 0x88795200, wdma_addr 0x8c000000
[03:41:05.508] RX< [6] [cam] [162614][tshell][cam_me_core_buffer_cfg:1367]
[03:41:05.508] RX< ----ME PIPE INFO---
[03:41:05.508] RX<  wdma_buf_num:1, rotation_en: 1
[03:41:05.508] RX< [7] [cam] [162615][tshell][cam_me_core_buffer_cfg:1
[03:41:05.508] RX< 375]yuv wdma_addr 0:0x8c000000, meta_en: 1, 0x89d6c600
[03:41:05.508] RX< [7] [cam] [162615][tshell][bm_ioctl:201]BMIOC_ME_FMT
[03:41:05.508] RX< [6] [cam] [162616][tshell][csc_set_lite_fmt:115]index 13 w 400 h 400 bw 10 wcmp 255
[03:41:05.508] RX< [7] [cam] [162616][tshell][bm_ioctl:201]BMIOC_LITE_FMT
[03:41:05.508] RX< [6] [ca
[03:41:05.511] RX< m] [162616][tshell][csc_set_lite_fmt:115]index 14 w 400 h 400 bw 10 wcmp 255
[03:41:05.511] RX< [7] [cam] [162617][tshell][bm_ioctl:201]BMIOC_LITE_FMT
[03:41:05.511] RX< [6] [cam] [162617][tshell][csc_init:654]get otp ok! phys_id[1], phys_num[1]
[03:41:05.511] RX< [6] [cam] [162617][tshell][cam_init:789]init ok
[03:41:05.511] RX< ! logic_id[0]
[03:41:05.511] RX< [34m[cam init] perf=40573(us)!
[03:41:05.511] RX< [0m[6] [App Cam] cam init success
[03:41:05.511] RX< [7] [cam] [162618][tshell][cam_cpm_core_stream_on:541]id 0 sensor type 1
[03:41:05.511] RX< [6] [cam] [162619][tshell][sensor_stream_on:979]sensor [1]: stream_on
[03:41:05.511] RX< [6] [cam] [162620][tshell][se
[03:41:05.536] RX< nsor_stream_on:1007]sensor [1]: REG: 0x100, W:0x1.
[03:41:05.536] RX< [6] [cam] [162620][tshell][sensor_stream_on:1009]sensor [1]: REG: 0x100, R:0x1.
[03:41:05.536] RX< [6] [cam] [162620][tshell][csc_prv_start:783]ok! phys_id[1], phys_num[1], cam_ids[1]
[03:41:05.536] RX< [6] [cam] [162621][tshell][cam_start:89
[03:41:05.536] RX< 7]preview start ok! logic_id[0]
[03:41:05.536] RX< [34m[cam start] perf=2635(us)!
[03:41:05.536] RX< [0m[6] [App Cam] cam start success
[03:41:05.536] RX< [RTMP] connecting rtmp://192.168.1.89/live/cam ...
[03:41:05.536] RX< [7] [cam] [162623][b_3a_sts][bayer_stats_core_irq_proc:164]thread start cid,0
[03:41:05.536] RX< [7] [cam] [162623][fe0][f
[03:41:05.655] RX< e_core_irq_proc:98]thread start cid,0
[03:41:05.655] RX< [RTMP] connected to 192.168.1.89:1935 (sock=6)
[03:41:05.655] RX< [RTMP] handshake (simple) ok
[03:41:05.655] RX< [34m[AE] fid=0,exp=10210,adg=282,Y=6421,mtg=100,shg=100,bgbv=4586,iso=282,cnv0,hdr0
[03:41:05.655] RX< [0m[34m[b_ae0 proc] perf=8094(us), max=8094(us)!
[03:41:05.655] RX< [0m
[03:41:05.752] RX< [34m[awb0 proc] perf=4444(us), max=4444(us)!
[03:41:05.752] RX< [0m[RTMP] connect _result ok
[03:41:05.752] RX< [RTMP] createStream -> msid=1
[03:41:05.752] RX< [RTMP] publish ready on rtmp://192.168.1.89:1935/live
[03:41:05.752] RX< [RTMP] config sent (42 bytes)
[03:41:05.752] RX< [RTMP] f_index = 0, f_len = 39
[03:41:05.752] RX< [RTMP] Push Start -> rtmp://192.16
[03:41:05.991] RX< 8.1.89/live/cam
[03:41:05.991] RX< msh /emmc>echo "__EVBTEST_END_78de3258__"
[03:41:05.991] RX< __EVBTEST_END_78de3258__
[03:41:05.991] RX< msh /emmc>[6] [cam] [162914][me0][cpm_cb_fe2me_tikChk:152]frm_length 88561us, fe2me delta 0
[03:41:05.991] RX< [34m[ME INTP]fid=0, shutter=10210, perf=2943(us), max=2943(us)!
[03:41:05.991] RX< [0m[7] [cam] [1
[03:41:06.808] RX< 63092][me0][me_core_thread:322]ME out fid 0
[03:41:06.808] RX< [RTMP] slow send frame 1 len=108236 dt=362ms (IDR)
[03:41:06.808] RX< [RTMP] slow send frame 2 len=47720 dt=212ms
[03:41:06.808] RX< [RTMP] slow send frame 3 len=18248 dt=108ms
[03:41:06.808] RX< [RTMP] slow send frame 5 len=11695 dt=70ms
[03:41:06.808] RX< [34m[AE] fid=30,exp=10300,adg
[03:41:07.176] RX< =169,Y=4057,mtg=198,shg=100,bgbv=1818,iso=169,cnv2,hdr0
[03:41:07.176] RX< [0m[RTMP] slow send frame 7 len=11824 dt=60ms
[03:41:07.176] RX< [7] [cam] [164092][me0][me_core_thread:322]ME out fid 30
[03:41:07.176] RX< [RTMP] slow send frame 9 len=18218 dt=133ms
[03:41:07.176] RX< [RTMP] slow send frame 10 len=11019 dt=66ms
[03:41:07.176] RX< [RTMP] s
[03:41:07.808] RX< low send frame 11 len=13329 dt=88ms
[03:41:07.808] RX< [RTMP] slow send frame 13 len=12943 dt=80ms
[03:41:07.808] RX< [RTMP] slow send frame 14 len=9119 dt=63ms
[03:41:07.808] RX< [RTMP] slow send frame 15 len=11522 dt=69ms
[03:41:07.808] RX< [RTMP] slow send frame 16 len=13322 dt=171ms
[03:41:07.808] RX< [34m[AE] fid=60,exp=10160,adg=194,Y=4378,mt
[03:41:08.112] RX< g=185,shg=100,bgbv=1821,iso=194,cnv2,hdr0
[03:41:08.112] RX< [0m[RTMP] slow send frame 17 len=13497 dt=205ms
[03:41:08.112] RX< [RTMP] slow send frame 18 len=15853 dt=101ms
[03:41:08.112] RX< [7] [cam] [165092][me0][me_core_thread:322]ME out fid 60
[03:41:08.112] RX< [RTMP] slow send frame 19 len=12146 dt=99ms
[03:41:08.112] RX< [RTMP] slow send fr
[03:41:08.813] RX< ame 20 len=12539 dt=97ms
[03:41:08.813] RX< [RTMP] slow send frame 21 len=17423 dt=140ms
[03:41:08.813] RX< [RTMP] slow send frame 22 len=13125 dt=147ms
[03:41:08.813] RX< [RTMP] slow send frame 23 len=12718 dt=143ms
[03:41:08.813] RX< [RTMP] slow send frame 24 len=13517 dt=125ms
[03:41:08.813] RX< [34m[AE] fid=90,exp=10210,adg=194,Y=4398,mtg=184,s
[03:41:08.990] RX< hg=100,bgbv=1825,iso=194,cnv2,hdr0
[03:41:08.990] RX< [0m[34m[b_ae0 proc] perf=942(us), max=8094(us)!
[03:41:08.990] RX< [0m[34m[awb0 proc] perf=4369(us), max=4451(us)!
[03:41:08.990] RX< [0m[RTMP] slow send frame 25 len=13975 dt=176ms
[03:41:08.990] RX< [RTMP] slow send frame 26 len=16908 dt=109ms
[03:41:08.990] RX< [7] [cam] [166092][me0][me
[03:41:09.808] RX< _core_thread:322]ME out fid 90
[03:41:09.808] RX< [RTMP] slow send frame 27 len=7511 dt=51ms
[03:41:09.808] RX< [RTMP] slow send frame 28 len=17126 dt=172ms
[03:41:09.808] RX< [RTMP] slow send frame 29 len=20545 dt=157ms
[03:41:09.808] RX< [RTMP] slow send frame 30 len=6869 dt=52ms
[03:41:09.808] RX< [34m[AE] fid=120,exp=10210,adg=194,Y=4421,mtg=18
[03:41:10.005] RX< 4,shg=100,bgbv=1833,iso=194,cnv2,hdr0
[03:41:10.005] RX< [0m[RTMP] slow send frame 31 len=61189 dt=445ms (IDR)
[03:41:10.005] RX< [34m[ME INTP]fid=120, shutter=10210, perf=7(us), max=3139(us)!
[03:41:10.005] RX< [0m[7] [cam] [167092][me0][me_core_thread:322]ME out fid 120
[03:41:10.005] RX< [RTMP] slow send frame 33 len=13988 d
[03:41:10.614] RX< t=125ms
[03:41:10.614] RX< [RTMP] slow send frame 34 len=14388 dt=139ms
[03:41:10.614] RX< [RTMP] slow send frame 35 len=13616 dt=103ms
[03:41:10.614] RX< [RTMP] slow send frame 36 len=14703 dt=96ms
[03:41:10.614] RX< [RTMP] slow send frame 37 len=7715 dt=59ms
[03:41:10.614] RX< [RTMP] slow send frame 38 len=12980 dt=98ms
[03:41:10.614] RX< [RTMP] slow send frame 39 l
[03:41:10.985] RX< en=14091 dt=99ms
[03:41:10.985] RX< [RTMP] slow send frame 40 len=12663 dt=155ms
[03:41:10.985] RX< [34m[AE] fid=150,exp=10210,adg=194,Y=4412,mtg=184,shg=100,bgbv=1829,iso=194,cnv2,hdr0
[03:41:10.985] RX< [0m[RTMP] slow send frame 41 len=18048 dt=111ms
[03:41:10.985] RX< [RTMP] slow send frame 42 len=7833 dt=65ms
[03:41:10.985] RX< [7] [cam] [1680
[03:41:11.625] RX< 92][me0][me_core_thread:322]ME out fid 150
[03:41:11.625] RX< [RTMP] slow send frame 43 len=14099 dt=155ms
[03:41:11.625] RX< [RTMP] slow send frame 44 len=12666 dt=179ms
[03:41:11.625] RX< [RTMP] slow send frame 45 len=13342 dt=127ms
[03:41:11.625] RX< [RTMP] slow send frame 46 len=13036 dt=108ms
[03:41:11.625] RX< [RTMP] slow send frame 47 len=105
[03:41:11.845] RX< 94 dt=110ms
[03:41:11.845] RX< [RTMP] slow send frame 48 len=11603 dt=97ms
[03:41:11.845] RX< [34m[AE] fid=180,exp=10210,adg=194,Y=4437,mtg=184,shg=100,bgbv=1837,iso=194,cnv2,hdr0
[03:41:11.845] RX< [0m[34m[b_ae0 proc] perf=1050(us), max=1084(us)!
[03:41:11.845] RX< [0m[34m[awb0 proc] perf=4308(us), max=4419(us)!
[03:41:11.845] RX< [0m[RTMP] 
[03:41:12.229] RX< slow send frame 49 len=16008 dt=123ms
[03:41:12.229] RX< [RTMP] slow send frame 50 len=12173 dt=90ms
[03:41:12.229] RX< [7] [cam] [169092][me0][me_core_thread:322]ME out fid 180
[03:41:12.229] RX< [RTMP] slow send frame 51 len=11918 dt=88ms
[03:41:12.229] RX< [RTMP] slow send frame 52 len=10640 dt=100ms
[03:41:12.229] RX< [RTMP] slow send frame 53 l
[03:41:12.808] RX< en=12269 dt=105ms
[03:41:12.808] RX< [RTMP] slow send frame 54 len=12569 dt=99ms
[03:41:12.808] RX< [RTMP] slow send frame 55 len=12595 dt=116ms
[03:41:12.808] RX< [RTMP] slow send frame 56 len=12813 dt=86ms
[03:41:12.808] RX< [RTMP] slow send frame 57 len=12949 dt=114ms
[03:41:12.808] RX< [34m[AE] fid=210,exp=10210,adg=194,Y=4503,mtg=184,shg=100,b
[03:41:13.808] RX< gbv=1861,iso=194,cnv2,hdr0
[03:41:13.808] RX< [0m[RTMP] slow send frame 58 len=12826 dt=206ms
[03:41:13.808] RX< [RTMP] slow send frame 59 len=12588 dt=99ms
[03:41:13.808] RX< [7] [cam] [170091][me0][me_core_thread:322]ME out fid 210
[03:41:13.808] RX< [RTMP] slow send frame 60 len=12184 dt=124ms
[03:41:13.808] RX< [34m[AE] fid=240,exp=10210,adg=1
[03:41:13.997] RX< 94,Y=4506,mtg=184,shg=100,bgbv=1861,iso=194,cnv2,hdr0
[03:41:13.997] RX< [0m[RTMP] slow send frame 61 len=93878 dt=784ms (IDR)
[03:41:13.997] RX< [34m[ME INTP]fid=240, shutter=10210, perf=6(us), max=1458(us)!
[03:41:13.997] RX< [0m[RTMP] slow send frame 62 len=21593 dt=125ms
[03:41:13.997] RX< [7] [cam] [171091][me0][me_core_th
[03:41:14.717] RX< read:322]ME out fid 240
[03:41:14.717] RX< [RTMP] slow send frame 63 len=7322 dt=134ms
[03:41:14.717] RX< [RTMP] slow send frame 64 len=9802 dt=77ms
[03:41:14.717] RX< [RTMP] slow send frame 65 len=13722 dt=240ms
[03:41:14.717] RX< [RTMP] slow send frame 66 len=12502 dt=75ms
[03:41:14.717] RX< [RTMP] slow send frame 67 len=12413 dt=82ms
[03:41:14.717] RX< [RTMP] slow 
[03:41:14.814] RX< send frame 68 len=15331 dt=118ms
[03:41:14.814] RX< [34m[AE] fid=270,exp=10210,adg=194,Y=4442,mtg=184,shg=100,bgbv=1841,iso=194,cnv2,hdr0
[03:41:14.814] RX< [0m[34m[b_ae0 proc] perf=932(us), max=1050(us)!
[03:41:14.814] RX< [0m[34m[awb0 proc] perf=4274(us), max=4407(us)!
[03:41:14.814] RX< [0m[RTMP] slow send frame 69 len=1
[03:41:15.486] RX< 2446 dt=101ms
[03:41:15.486] RX< [RTMP] slow send frame 70 len=12689 dt=102ms
[03:41:15.486] RX< [7] [cam] [172093][me0][me_core_thread:322]ME out fid 270
[03:41:15.486] RX< [RTMP] slow send frame 71 len=12792 dt=99ms
[03:41:15.486] RX< [RTMP] slow send frame 72 len=12624 dt=132ms
[03:41:15.486] RX< [RTMP] slow send frame 73 len=15981 dt=175ms
[03:41:15.486] RX< [RTMP
[03:41:15.839] RX< ] slow send frame 74 len=12701 dt=156ms
[03:41:15.839] RX< [RTMP] slow send frame 75 len=13055 dt=90ms
[03:41:15.839] RX< [RTMP] slow send frame 76 len=12864 dt=167ms
[03:41:15.839] RX< [34m[AE] fid=300,exp=10210,adg=194,Y=4408,mtg=184,shg=100,bgbv=1829,iso=194,cnv2,hdr0
[03:41:15.839] RX< [0m[RTMP] slow send frame 77 len=13035 
[03:41:16.511] RX< dt=102ms
[03:41:16.511] RX< [RTMP] slow send frame 78 len=13097 dt=103ms
[03:41:16.511] RX< [7] [cam] [173091][me0][me_core_thread:322]ME out fid 300
[03:41:16.511] RX< [RTMP] slow send frame 79 len=13426 dt=275ms
[03:41:16.511] RX< [RTMP] slow send frame 80 len=13289 dt=80ms
[03:41:16.511] RX< [RTMP] slow send frame 81 len=13222 dt=98ms
[03:41:16.511] RX< [RTMP] slow
[03:41:16.813] RX<  send frame 82 len=13421 dt=112ms
[03:41:16.813] RX< [RTMP] slow send frame 83 len=13381 dt=93ms
[03:41:16.813] RX< [RTMP] slow send frame 84 len=13431 dt=105ms
[03:41:16.813] RX< [34m[AE] fid=330,exp=10210,adg=194,Y=4381,mtg=184,shg=100,bgbv=1821,iso=194,cnv2,hdr0
[03:41:16.813] RX< [0m[RTMP] slow send frame 85 len=13482 dt=93m
[03:41:17.376] RX< s
[03:41:17.376] RX< [RTMP] slow send frame 86 len=13318 dt=84ms
[03:41:17.376] RX< [RTMP] slow send frame 87 len=13154 dt=94ms
[03:41:17.376] RX< [7] [cam] [174091][me0][me_core_thread:322]ME out fid 330
[03:41:17.376] RX< [RTMP] slow send frame 88 len=13674 dt=105ms
[03:41:17.376] RX< [RTMP] slow send frame 89 len=13463 dt=155ms
[03:41:17.376] RX< [RTMP] slow send f
[03:41:17.908] RX< rame 90 len=13390 dt=122ms
[03:41:17.908] RX< [RTMP] f_index = 90, f_len = 13390
[03:41:17.908] RX< [34m[AE] fid=360,exp=10210,adg=194,Y=4366,mtg=184,shg=100,bgbv=1817,iso=194,cnv2,hdr0
[03:41:17.908] RX< [0m[34m[b_ae0 proc] perf=921(us), max=1030(us)!
[03:41:17.908] RX< [0m[34m[awb0 proc] perf=4273(us), max=4402(us)!
[03:41:17.908] RX< [0m
[03:41:18.468] RX< [34m[ME INTP]fid=360, shutter=10210, perf=6(us), max=1378(us)!
[03:41:18.468] RX< [0m[7] [cam] [175091][me0][me_core_thread:322]ME out fid 360
[03:41:18.468] RX< [RTMP] slow send frame 91 len=97878 dt=911ms (IDR)
[03:41:18.468] RX< [RTMP] slow send frame 92 len=19826 dt=132ms
[03:41:18.468] RX< [RTMP] slow send frame 93 len=8240 
[03:41:18.840] RX< dt=60ms
[03:41:18.840] RX< [RTMP] slow send frame 94 len=15938 dt=108ms
[03:41:18.840] RX< [RTMP] slow send frame 95 len=9427 dt=79ms
[03:41:18.840] RX< [RTMP] slow send frame 96 len=11650 dt=62ms
[03:41:18.840] RX< [34m[AE] fid=390,exp=10210,adg=194,Y=4377,mtg=184,shg=100,bgbv=1821,iso=194,cnv2,hdr0
[03:41:18.840] RX< [0m[RTMP] slow send frame 97
[03:41:19.240] RX<  len=15020 dt=109ms
[03:41:19.240] RX< [RTMP] slow send frame 98 len=13466 dt=120ms
[03:41:19.240] RX< [7] [cam] [176091][me0][me_core_thread:322]ME out fid 390
[03:41:19.240] RX< [RTMP] slow send frame 99 len=12944 dt=71ms
[03:41:19.240] RX< [RTMP] slow send frame 100 len=13524 dt=115ms
[03:41:19.240] RX< [RTMP] slow send frame 101 len=12852 dt=99m
[03:41:19.807] RX< s
[03:41:19.807] RX< [RTMP] slow send frame 102 len=12471 dt=85ms
[03:41:19.807] RX< [RTMP] slow send frame 103 len=12768 dt=84ms
[03:41:19.807] RX< [RTMP] slow send frame 104 len=11905 dt=91ms
[03:41:19.807] RX< [RTMP] slow send frame 105 len=15299 dt=105ms
[03:41:19.807] RX< [RTMP] slow send frame 106 len=11935 dt=117ms
[03:41:19.807] RX< [34m[AE] fid=420,exp=10210
[03:41:20.078] RX< ,adg=194,Y=4374,mtg=184,shg=100,bgbv=1817,iso=194,cnv2,hdr0
[03:41:20.078] RX< [0m[RTMP] slow send frame 107 len=15027 dt=180ms
[03:41:20.078] RX< [RTMP] slow send frame 108 len=11297 dt=73ms
[03:41:20.078] RX< [7] [cam] [177093][me0][me_core_thread:322]ME out fid 420
[03:41:20.078] RX< [RTMP] slow send frame 109 len=14660 dt=99m
[03:41:20.750] RX< s
[03:41:20.750] RX< [RTMP] slow send frame 110 len=11464 dt=122ms
[03:41:20.750] RX< [RTMP] slow send frame 111 len=14065 dt=111ms
[03:41:20.750] RX< [RTMP] slow send frame 112 len=11526 dt=66ms
[03:41:20.750] RX< [RTMP] slow send frame 113 len=14772 dt=180ms
[03:41:20.750] RX< [RTMP] slow send frame 114 len=11529 dt=73ms
[03:41:20.750] RX< [RTMP] slow send frame 115
[03:41:20.894] RX<  len=14501 dt=123ms
[03:41:20.894] RX< [34m[AE] fid=450,exp=10210,adg=194,Y=4376,mtg=184,shg=100,bgbv=1821,iso=194,cnv2,hdr0
[03:41:20.894] RX< [0m[34m[b_ae0 proc] perf=989(us), max=1041(us)!
[03:41:20.894] RX< [0m[34m[awb0 proc] perf=4285(us), max=4406(us)!
[03:41:20.894] RX< [0m[RTMP] slow send frame 116 len=11646 dt=135m
[03:41:21.807] RX< s
[03:41:21.807] RX< [RTMP] slow send frame 117 len=14586 dt=73ms
[03:41:21.807] RX< [7] [cam] [178090][me0][me_core_thread:322]ME out fid 450
[03:41:21.807] RX< [RTMP] slow send frame 118 len=11667 dt=82ms
[03:41:21.807] RX< [RTMP] slow send frame 119 len=14756 dt=102ms
[03:41:21.807] RX< [RTMP] slow send frame 120 len=12152 dt=95ms
[03:41:21.807] RX< [34m[AE] fid=4
[03:41:22.004] RX< 80,exp=10210,adg=194,Y=4385,mtg=184,shg=100,bgbv=1821,iso=194,cnv2,hdr0
[03:41:22.004] RX< [0m[RTMP] slow send frame 121 len=98633 dt=607ms (IDR)
[03:41:22.004] RX< [34m[ME INTP]fid=480, shutter=10210, perf=5(us), max=764(us)!
[03:41:22.004] RX< [0m[7] [cam] [179090][me0][me_core_thread:322]ME out fid 480
[03:41:22.004] RX< [RT
[03:41:22.644] RX< MP] slow send frame 122 len=19367 dt=154ms
[03:41:22.644] RX< [RTMP] slow send frame 123 len=8019 dt=101ms
[03:41:22.644] RX< [RTMP] slow send frame 124 len=16368 dt=97ms
[03:41:22.644] RX< [RTMP] slow send frame 125 len=9273 dt=118ms
[03:41:22.644] RX< [RTMP] slow send frame 126 len=20442 dt=116ms
[03:41:22.644] RX< [RTMP] slow send frame 128 len=1
[03:41:23.160] RX< 9716 dt=154ms
[03:41:23.160] RX< [34m[AE] fid=510,exp=10210,adg=194,Y=4382,mtg=184,shg=100,bgbv=1821,iso=194,cnv2,hdr0
[03:41:23.160] RX< [0m[RTMP] slow send frame 130 len=19677 dt=227ms
[03:41:23.160] RX< [RTMP] slow send frame 131 len=8243 dt=55ms
[03:41:23.160] RX< [7] [cam] [180090][me0][me_core_thread:322]ME out fid 510
[03:41:23.160] RX< [RT
[03:41:23.688] RX< MP] slow send frame 132 len=20025 dt=198ms
[03:41:23.688] RX< [RTMP] slow send frame 133 len=8565 dt=51ms
[03:41:23.688] RX< [RTMP] slow send frame 134 len=13828 dt=145ms
[03:41:23.688] RX< [RTMP] slow send frame 135 len=12831 dt=104ms
[03:41:23.688] RX< [RTMP] slow send frame 136 len=12750 dt=95ms
[03:41:23.688] RX< [RTMP] slow send frame 137 len=1
[03:41:23.924] RX< 3204 dt=126ms
[03:41:23.924] RX< [34m[AE] fid=540,exp=10210,adg=194,Y=4376,mtg=184,shg=100,bgbv=1821,iso=194,cnv2,hdr0
[03:41:23.924] RX< [0m[34m[b_ae0 proc] perf=926(us), max=1053(us)!
[03:41:23.924] RX< [0m[34m[awb0 proc] perf=4261(us), max=4404(us)!
[03:41:23.924] RX< [0m[RTMP] slow send frame 138 len=12697 dt=124ms
[03:41:23.924] RX< [RTM
[03:41:24.807] RX< P] slow send frame 139 len=13056 dt=109ms
[03:41:24.807] RX< [7] [cam] [181090][me0][me_core_thread:322]ME out fid 540
[03:41:24.807] RX< [RTMP] slow send frame 140 len=13104 dt=101ms
[03:41:24.807] RX< [RTMP] slow send frame 143 len=13550 dt=102ms
[03:41:24.807] RX< [RTMP] slow send frame 148 len=13260 dt=103ms
[03:41:24.807] RX< [34m[AE] fid=570,
[03:41:25.154] RX< exp=10210,adg=194,Y=4378,mtg=184,shg=100,bgbv=1821,iso=194,cnv2,hdr0
[03:41:25.154] RX< [0m[7] [cam] [182090][me0][me_core_thread:322]ME out fid 570
[03:41:25.154] RX< [RTMP] slow send frame 151 len=99118 dt=764ms (IDR)
[03:41:25.154] RX< [RTMP] dropped 30 p-frames (backlog 51%)
[03:41:25.154] RX< [RTMP] slow send frame 176 len=1
[03:41:25.855] RX< 4267 dt=149ms
[03:41:25.855] RX< [RTMP] slow send frame 179 len=11580 dt=75ms
[03:41:25.855] RX< [RTMP] f_index = 180, f_len = 15928
[03:41:25.855] RX< [RTMP] slow send frame 181 len=99516 dt=540ms (IDR)
[03:41:25.855] RX< [34m[AE] fid=600,exp=10210,adg=194,Y=4387,mtg=184,shg=100,bgbv=1821,iso=194,cnv2,hdr0
[03:41:25.855] RX< [0m[RTMP] slow send f
[03:41:26.132] RX< rame 189 len=15176 dt=74ms
[03:41:26.132] RX< [34m[ME INTP]fid=600, shutter=10210, perf=7(us), max=1395(us)!
[03:41:26.132] RX< [0m[RTMP] slow send frame 190 len=22353 dt=124ms
[03:41:26.132] RX< [7] [cam] [183090][me0][me_core_thread:322]ME out fid 600
[03:41:26.132] RX< [RTMP] slow send frame 193 len=9854 dt=75ms
[03:41:26.132] RX< [RTMP] slow s
[03:41:26.814] RX< end frame 201 len=10008 dt=71ms
[03:41:26.814] RX< [RTMP] slow send frame 204 len=21394 dt=185ms
[03:41:26.814] RX< [RTMP] slow send frame 209 len=8986 dt=71ms
[03:41:26.814] RX< [34m[AE] fid=630,exp=10210,adg=194,Y=4387,mtg=184,shg=100,bgbv=1821,iso=194,cnv2,hdr0
[03:41:26.814] RX< [0m[34m[b_ae0 proc] perf=922(us), max=1033(us
[03:41:27.806] RX< )!
[03:41:27.806] RX< [0m[34m[awb0 proc] perf=4270(us), max=4409(us)!
[03:41:27.806] RX< [0m[7] [cam] [184090][me0][me_core_thread:322]ME out fid 630
[03:41:27.806] RX< [RTMP] slow send frame 211 len=112424 dt=832ms (IDR)
[03:41:27.806] RX< [RTMP] dropped 60 p-frames (backlog 76%)
[03:41:27.806] RX< [34m[AE] fid=660,exp=10210,adg=194,Y=4386,mtg
[03:41:28.647] RX< =184,shg=100,bgbv=1821,iso=194,cnv2,hdr0
[03:41:28.647] RX< [0m[RTMP] slow send frame 241 len=92718 dt=629ms (IDR)
[03:41:28.647] RX< [RTMP] dropped 90 p-frames (backlog 74%)
[03:41:28.647] RX< [RTMP] f_index = 270, f_len = 8130
[03:41:28.647] RX< [7] [cam] [185089][me0][me_core_thread:322]ME out fid 660
[03:41:28.647] RX< [RTMP] slow send frame 27
[03:41:29.341] RX< 1 len=91440 dt=720ms (IDR)
[03:41:29.341] RX< [RTMP] dropped 120 p-frames (backlog 73%)
[03:41:29.341] RX< [34m[AE] fid=690,exp=10210,adg=194,Y=4387,mtg=184,shg=100,bgbv=1821,iso=194,cnv2,hdr0
[03:41:29.341] RX< [0m[7] [cam] [186089][me0][me_core_thread:322]ME out fid 690
[03:41:29.341] RX< [RTMP] slow send frame 301 len=91413 d
[03:41:29.907] RX< t=681ms (IDR)
[03:41:29.907] RX< [RTMP] dropped 150 p-frames (backlog 72%)
[03:41:29.907] RX< [34m[AE] fid=720,exp=10210,adg=194,Y=4396,mtg=184,shg=100,bgbv=1825,iso=194,cnv2,hdr0
[03:41:29.907] RX< [0m[34m[b_ae0 proc] perf=935(us), max=1048(us)!
[03:41:29.907] RX< [0m[34m[awb0 proc] perf=4367(us), max=4392(us)!
[03:41:29.907] RX< [0m[34m[ME
[03:41:30.807] RX<  INTP]fid=720, shutter=10210, perf=7(us), max=1774(us)!
[03:41:30.807] RX< [0m[RTMP] slow send frame 331 len=99813 dt=619ms (IDR)
[03:41:30.807] RX< [RTMP] dropped 180 p-frames (backlog 70%)
[03:41:30.807] RX< [RTMP] f_index = 360, f_len = 19111
[03:41:30.807] RX< [7] [cam] [187089][me0][me_core_thread:322]ME out fid 720
[03:41:30.807] RX< [34m[AE
[03:41:31.717] RX< ] fid=750,exp=10210,adg=194,Y=4423,mtg=184,shg=100,bgbv=1833,iso=194,cnv2,hdr0
[03:41:31.717] RX< [0m[RTMP] slow send frame 361 len=111784 dt=901ms (IDR)
[03:41:31.717] RX< [RTMP] dropped 210 p-frames (backlog 69%)
[03:41:31.717] RX< [7] [cam] [188089][me0][me_core_thread:322]ME out fid 750
[03:41:31.717] RX< [RTMP] slow send fra
[03:41:32.329] RX< me 391 len=99752 dt=837ms (IDR)
[03:41:32.329] RX< [RTMP] dropped 240 p-frames (backlog 69%)
[03:41:32.329] RX< [34m[AE] fid=780,exp=10210,adg=194,Y=4421,mtg=184,shg=100,bgbv=1833,iso=194,cnv2,hdr0
[03:41:32.329] RX< [0m[7] [cam] [189089][me0][me_core_thread:322]ME out fid 780
[03:41:32.329] RX< [RTMP] slow send frame 421 len=10
[03:41:32.811] RX< 0001 dt=576ms (IDR)
[03:41:32.811] RX< [RTMP] dropped 270 p-frames (backlog 67%)
[03:41:32.811] RX< [RTMP] f_index = 450, f_len = 19167
[03:41:32.811] RX< [34m[AE] fid=810,exp=10210,adg=194,Y=4440,mtg=184,shg=100,bgbv=1841,iso=194,cnv2,hdr0
[03:41:32.811] RX< [0m[34m[b_ae0 proc] perf=911(us), max=1052(us)!
[03:41:32.811] RX< [0m[34m[awb0 proc]
[03:41:33.807] RX<  perf=4340(us), max=4387(us)!
[03:41:33.807] RX< [0m[7] [cam] [190089][me0][me_core_thread:322]ME out fid 810
[03:41:33.807] RX< [RTMP] slow send frame 451 len=112481 dt=1015ms (IDR)
[03:41:33.807] RX< [RTMP] dropped 300 p-frames (backlog 67%)
[03:41:33.807] RX< [34m[AE] fid=840,exp=10210,adg=194,Y=4447,mtg=184,shg=100,bgbv=1841
[03:41:34.806] RX< ,iso=194,cnv2,hdr0
[03:41:34.806] RX< [0m[34m[ME INTP]fid=840, shutter=10210, perf=7(us), max=824(us)!
[03:41:34.806] RX< [0m[7] [cam] [191090][me0][me_core_thread:322]ME out fid 840
[03:41:34.806] RX< [RTMP] slow send frame 481 len=102343 dt=872ms (IDR)
[03:41:34.806] RX< [RTMP] dropped 330 p-frames (backlog 67%)
[03:41:34.806] RX< [34m[AE] fid
[03:41:35.194] RX< =870,exp=10210,adg=194,Y=4409,mtg=184,shg=100,bgbv=1829,iso=194,cnv2,hdr0
[03:41:35.194] RX< [0m[7] [cam] [192090][me0][me_core_thread:322]ME out fid 870
[03:41:35.194] RX< [RTMP] slow send frame 511 len=112164 dt=941ms (IDR)
[03:41:35.194] RX< [RTMP] dropped 360 p-frames (backlog 66%)
[03:41:35.194] RX< [RTMP] f_index = 540, f_l
[03:41:35.859] RX< en = 11207
[03:41:35.859] RX< [34m[AE] fid=900,exp=10210,adg=194,Y=4416,mtg=184,shg=100,bgbv=1833,iso=194,cnv2,hdr0
[03:41:35.859] RX< [0m[34m[b_ae0 proc] perf=928(us), max=1062(us)!
[03:41:35.859] RX< [0m[34m[awb0 proc] perf=4265(us), max=4408(us)!
[03:41:35.859] RX< [0m[RTMP] slow send frame 541 len=99366 dt=660ms (IDR)
[03:41:35.859] RX< [
[03:41:36.957] RX< RTMP] dropped 390 p-frames (backlog 65%)
[03:41:36.957] RX< [7] [cam] [193088][me0][me_core_thread:322]ME out fid 900
[03:41:36.957] RX< [34m[AE] fid=930,exp=10210,adg=194,Y=4408,mtg=184,shg=100,bgbv=1829,iso=194,cnv2,hdr0
[03:41:36.957] RX< [0m[RTMP] slow send frame 571 len=123163 dt=1082ms (IDR)
[03:41:36.957] RX< [RTMP] dropp
[03:41:37.936] RX< ed 420 p-frames (backlog 65%)
[03:41:37.936] RX< [7] [cam] [194088][me0][me_core_thread:322]ME out fid 930
[03:41:37.936] RX< [34m[AE] fid=960,exp=10210,adg=194,Y=4444,mtg=184,shg=100,bgbv=1841,iso=194,cnv2,hdr0
[03:41:37.936] RX< [0m[34m[ME INTP]fid=960, shutter=10210, perf=6(us), max=823(us)!
[03:41:37.936] RX< [0m[RTMP] slo
[03:41:38.256] RX< w send frame 601 len=97844 dt=968ms (IDR)
[03:41:38.256] RX< [RTMP] dropped 450 p-frames (backlog 65%)
[03:41:38.256] RX< [7] [cam] [195088][me0][me_core_thread:322]ME out fid 960
[03:41:38.256] RX< [RTMP] slow send frame 618 len=18110 dt=186ms
[03:41:38.256] RX< [RTMP] slow send frame 619 len=11124 dt=91ms
[03:41:38.256] RX< [RTMP] slow send frame 
[03:41:38.812] RX< 620 len=11466 dt=51ms
[03:41:38.812] RX< [RTMP] slow send frame 621 len=17398 dt=206ms
[03:41:38.812] RX< [RTMP] slow send frame 622 len=11663 dt=78ms
[03:41:38.812] RX< [RTMP] slow send frame 623 len=12070 dt=82ms
[03:41:38.812] RX< [RTMP] slow send frame 624 len=18296 dt=161ms
[03:41:38.812] RX< [34m[AE] fid=990,exp=10210,adg=194,Y=4444,mtg=184,s
[03:41:38.988] RX< hg=100,bgbv=1841,iso=194,cnv2,hdr0
[03:41:38.988] RX< [0m[34m[b_ae0 proc] perf=911(us), max=1079(us)!
[03:41:38.988] RX< [0m[34m[awb0 proc] perf=4251(us), max=4412(us)!
[03:41:38.988] RX< [0m[RTMP] slow send frame 625 len=7897 dt=54ms
[03:41:38.988] RX< [RTMP] slow send frame 626 len=18944 dt=139ms
[03:41:38.988] RX< [7] [cam] [196091][me0][me
[03:41:39.806] RX< _core_thread:322]ME out fid 990
[03:41:39.806] RX< [RTMP] slow send frame 627 len=7643 dt=64ms
[03:41:39.806] RX< [RTMP] slow send frame 628 len=18747 dt=137ms
[03:41:39.806] RX< [RTMP] slow send frame 629 len=7407 dt=69ms
[03:41:39.806] RX< [RTMP] slow send frame 630 len=18925 dt=209ms
[03:41:39.806] RX< [RTMP] f_index = 630, f_len = 18925
[03:41:39.806] RX< [34m[A
[03:41:40.766] RX< E] fid=1020,exp=10210,adg=194,Y=4458,mtg=184,shg=100,bgbv=1845,iso=194,cnv2,hdr0
[03:41:40.766] RX< [0m[7] [cam] [197088][me0][me_core_thread:322]ME out fid 1020
[03:41:40.766] RX< [RTMP] slow send frame 631 len=110325 dt=1047ms (IDR)
[03:41:40.766] RX< [RTMP] slow send frame 632 len=12944 dt=112ms
[03:41:40.766] RX< [RTMP] slow 
[03:41:41.014] RX< send frame 633 len=10994 dt=150ms
[03:41:41.014] RX< [34m[AE] fid=1050,exp=10210,adg=194,Y=4425,mtg=184,shg=100,bgbv=1837,iso=194,cnv2,hdr0
[03:41:41.014] RX< [0m[RTMP] slow send frame 634 len=14429 dt=120ms
[03:41:41.014] RX< [7] [cam] [198090][me0][me_core_thread:322]ME out fid 1050
[03:41:41.014] RX< [RTMP] slow send frame 63
[03:41:41.812] RX< 7 len=7689 dt=69ms
[03:41:41.812] RX< [RTMP] slow send frame 646 len=19185 dt=233ms
[03:41:41.812] RX< [RTMP] slow send frame 653 len=8015 dt=51ms
[03:41:41.812] RX< [RTMP] slow send frame 655 len=7787 dt=74ms
[03:41:41.812] RX< [RTMP] slow send frame 657 len=7788 dt=69ms
[03:41:41.812] RX< [RTMP] slow send frame 659 len=7659 dt=63ms
[03:41:41.812] RX< [34m[AE] fid=1
[03:41:41.988] RX< 080,exp=10210,adg=194,Y=4434,mtg=184,shg=100,bgbv=1837,iso=194,cnv2,hdr0
[03:41:41.988] RX< [0m[34m[b_ae0 proc] perf=870(us), max=1022(us)!
[03:41:41.988] RX< [0m[34m[awb0 proc] perf=4263(us), max=4392(us)!
[03:41:41.988] RX< [0m[34m[ME INTP]fid=1080, shutter=10210, perf=1323(us), max=1323(us)!
[03:41:41.988] RX< [0m[7] [c
[03:41:42.806] RX< am] [199087][me0][me_core_thread:322]ME out fid 1080
[03:41:42.806] RX< [RTMP] slow send frame 661 len=122203 dt=929ms (IDR)
[03:41:42.806] RX< [RTMP] dropped 480 p-frames (backlog 52%)
[03:41:42.806] RX< [RTMP] slow send frame 688 len=17885 dt=97ms
[03:41:42.806] RX< [34m[AE] fid=1110,exp=10210,adg=194,Y=4396,mtg=184,shg=100,bgb
[03:41:43.477] RX< v=1825,iso=194,cnv2,hdr0
[03:41:43.477] RX< [0m[7] [cam] [200087][me0][me_core_thread:322]ME out fid 1110
[03:41:43.477] RX< [RTMP] slow send frame 691 len=99118 dt=751ms (IDR)
[03:41:43.477] RX< [RTMP] dropped 510 p-frames (backlog 51%)
[03:41:43.477] RX< [RTMP] slow send frame 715 len=19108 dt=81ms
[03:41:43.477] RX< [RTMP] slow send frame 718 le
[03:41:44.405] RX< n=11689 dt=56ms
[03:41:44.405] RX< [RTMP] slow send frame 719 len=11937 dt=81ms
[03:41:44.405] RX< [RTMP] f_index = 720, f_len = 18656
[03:41:44.405] RX< [34m[AE] fid=1140,exp=10210,adg=194,Y=4390,mtg=184,shg=100,bgbv=1825,iso=194,cnv2,hdr0
[03:41:44.405] RX< [0m[7] [cam] [201087][me0][me_core_thread:322]ME out fid 1140
[03:41:44.405] RX< [RTMP] s
[03:41:44.811] RX< low send frame 721 len=109679 dt=824ms (IDR)
[03:41:44.811] RX< [RTMP] dropped 540 p-frames (backlog 51%)
[03:41:44.811] RX< [RTMP] slow send frame 748 len=8710 dt=51ms
[03:41:44.811] RX< [RTMP] slow send frame 749 len=20186 dt=143ms
[03:41:44.811] RX< [34m[AE] fid=1170,exp=10210,adg=194,Y=4392,mtg=184,shg=100,bgbv=1825,iso=194,c
[03:41:45.323] RX< nv2,hdr0
[03:41:45.323] RX< [0m[34m[b_ae0 proc] perf=850(us), max=1054(us)!
[03:41:45.323] RX< [0m[34m[awb0 proc] perf=4251(us), max=4391(us)!
[03:41:45.323] RX< [0m[7] [cam] [202087][me0][me_core_thread:322]ME out fid 1170
[03:41:45.323] RX< [RTMP] slow send frame 751 len=89215 dt=551ms (IDR)
[03:41:45.323] RX< [RTMP] slow send frame 771 len=
[03:41:45.805] RX< 19153 dt=109ms
[03:41:45.805] RX< [RTMP] slow send frame 775 len=19749 dt=123ms
[03:41:45.805] RX< [RTMP] dropped 570 p-frames (backlog 51%)
[03:41:45.805] RX< [RTMP] slow send frame 778 len=8999 dt=65ms
[03:41:45.805] RX< [RTMP] slow send frame 780 len=8898 dt=98ms
[03:41:45.805] RX< [34m[AE] fid=1200,exp=10210,adg=194,Y=4436,mtg=184,shg=100,bgbv
[03:41:46.480] RX< =1837,iso=194,cnv2,hdr0
[03:41:46.480] RX< [0m[34m[ME INTP]fid=1200, shutter=10210, perf=6(us), max=1323(us)!
[03:41:46.480] RX< [0m[7] [cam] [203087][me0][me_core_thread:322]ME out fid 1200
[03:41:46.480] RX< [RTMP] slow send frame 781 len=89160 dt=716ms (IDR)
[03:41:46.480] RX< [RTMP] slow send frame 805 len=18619 dt=87ms
[03:41:46.480] RX< [RT
[03:41:46.981] RX< MP] slow send frame 808 len=12601 dt=55ms
[03:41:46.981] RX< [RTMP] slow send frame 809 len=18896 dt=134ms
[03:41:46.981] RX< [RTMP] f_index = 810, f_len = 8557
[03:41:46.981] RX< [34m[AE] fid=1230,exp=10210,adg=194,Y=4433,mtg=184,shg=100,bgbv=1837,iso=194,cnv2,hdr0
[03:41:46.981] RX< [0m[7] [cam] [204087][me0][me_core_thread:3
[03:41:47.812] RX< 22]ME out fid 1230
[03:41:47.812] RX< [RTMP] slow send frame 811 len=87138 dt=541ms (IDR)
[03:41:47.812] RX< [RTMP] dropped 600 p-frames (backlog 75%)
[03:41:47.812] RX< [34m[AE] fid=1260,exp=10210,adg=194,Y=4434,mtg=184,shg=100,bgbv=1837,iso=194,cnv2,hdr0
[03:41:47.812] RX< [0m[34m[b_ae0 proc] perf=934(us), max=1087(us)!
[03:41:47.812] RX< [0m
[03:41:48.568] RX< [34m[awb0 proc] perf=4264(us), max=4403(us)!
[03:41:48.568] RX< [0m[RTMP] slow send frame 841 len=100960 dt=771ms (IDR)
[03:41:48.568] RX< [RTMP] dropped 630 p-frames (backlog 74%)
[03:41:48.568] RX< [7] [cam] [205087][me0][me_core_thread:322]ME out fid 1260
[03:41:48.568] RX< [RTMP] slow send frame 871 len=87455 dt=592ms (IDR)
[03:41:49.314] RX< [RTMP] dropped 660 p-frames (backlog 73%)
[03:41:49.314] RX< [RTMP] f_index = 900, f_len = 19013
[03:41:49.314] RX< [34m[AE] fid=1290,exp=10210,adg=194,Y=4443,mtg=184,shg=100,bgbv=1841,iso=194,cnv2,hdr0
[03:41:49.314] RX< [0m[7] [cam] [206087][me0][me_core_thread:322]ME out fid 1290
[03:41:49.314] RX< [RTMP] slow send frame 901 
[03:41:49.920] RX< len=109340 dt=742ms (IDR)
[03:41:49.920] RX< [RTMP] dropped 690 p-frames (backlog 72%)
[03:41:49.920] RX< [34m[AE] fid=1320,exp=10210,adg=194,Y=4449,mtg=184,shg=100,bgbv=1841,iso=194,cnv2,hdr0
[03:41:49.920] RX< [0m[34m[ME INTP]fid=1320, shutter=10210, perf=1076(us), max=1076(us)!
[03:41:49.920] RX< [0m[RTMP] slow send frame 9
[03:41:50.522] RX< 31 len=88456 dt=596ms (IDR)
[03:41:50.522] RX< [RTMP] dropped 720 p-frames (backlog 70%)
[03:41:50.522] RX< [7] [cam] [207088][me0][me_core_thread:322]ME out fid 1320
[03:41:50.522] RX< [RTMP] slow send frame 961 len=98479 dt=580ms (IDR)
[03:41:50.522] RX< [RTMP] dropped 750 p-frames (backlog 68%)
[03:41:50.522] RX< [RTMP] f_index = 990, f_len = 147
[03:41:50.986] RX< 48
[03:41:50.986] RX< [34m[AE] fid=1350,exp=10210,adg=194,Y=4508,mtg=184,shg=100,bgbv=1861,iso=194,cnv2,hdr0
[03:41:50.986] RX< [0m[34m[b_ae0 proc] perf=1097(us), max=1097(us)!
[03:41:50.986] RX< [0m[34m[awb0 proc] perf=4262(us), max=4391(us)!
[03:41:50.986] RX< [0m[7] [cam] [208086][me0][me_core_thread:322]ME out fid 1350
[03:41:51.805] RX< [RTMP] slow send frame 991 len=94980 dt=544ms (IDR)
[03:41:51.805] RX< [RTMP] dropped 780 p-frames (backlog 67%)
[03:41:51.805] RX< [RTMP] slow send frame 1021 len=92926 dt=685ms (IDR)
[03:41:51.805] RX< [RTMP] dropped 810 p-frames (backlog 65%)
[03:41:51.805] RX< [34m[AE] fid=1380,exp=10160,adg=194,Y=4492,mtg=184,shg=100,bgbv=18
[03:41:52.804] RX< 63,iso=194,cnv2,hdr0
[03:41:52.804] RX< [0m[7] [cam] [209086][me0][me_core_thread:322]ME out fid 1380
[03:41:52.804] RX< [RTMP] slow send frame 1051 len=98094 dt=920ms (IDR)
[03:41:52.804] RX< [RTMP] dropped 840 p-frames (backlog 65%)
[03:41:52.804] RX< [RTMP] f_index = 1080, f_len = 12856
[03:41:52.804] RX< [34m[AE] fid=1410,exp=10160,adg=194,Y=4
[03:41:53.811] RX< 530,mtg=184,shg=100,bgbv=1875,iso=194,cnv2,hdr0
[03:41:53.811] RX< [0m[7] [cam] [210086][me0][me_core_thread:322]ME out fid 1410
[03:41:53.811] RX< [RTMP] slow send frame 1081 len=87924 dt=642ms (IDR)
[03:41:53.811] RX< [RTMP] dropped 870 p-frames (backlog 64%)
[03:41:53.811] RX< [34m[AE] fid=1440,exp=10160,adg=194,Y=4536,mtg=18
[03:41:53.986] RX< 4,shg=100,bgbv=1875,iso=194,cnv2,hdr0
[03:41:53.986] RX< [0m[34m[b_ae0 proc] perf=964(us), max=1098(us)!
[03:41:53.986] RX< [0m[34m[awb0 proc] perf=4271(us), max=4393(us)!
[03:41:53.986] RX< [0m[34m[ME INTP]fid=1440, shutter=10160, perf=7(us), max=2221(us)!
[03:41:53.986] RX< [0m[7] [cam] [211086][me0][me_core_thread:322]M
[03:41:54.805] RX< E out fid 1440
[03:41:54.805] RX< [RTMP] slow send frame 1111 len=97012 dt=780ms (IDR)
[03:41:54.805] RX< [RTMP] dropped 900 p-frames (backlog 63%)
[03:41:54.805] RX< [RTMP] slow send frame 1141 len=91218 dt=526ms (IDR)
[03:41:54.805] RX< [RTMP] dropped 930 p-frames (backlog 61%)
[03:41:54.805] RX< [RTMP] f_index = 1170, f_len = 7295
[03:41:54.805] RX< [34m[AE] fid=1
[03:41:55.485] RX< 470,exp=10160,adg=194,Y=4535,mtg=184,shg=100,bgbv=1875,iso=194,cnv2,hdr0
[03:41:55.485] RX< [0m[7] [cam] [212086][me0][me_core_thread:322]ME out fid 1470
[03:41:55.485] RX< [RTMP] slow send frame 1171 len=82790 dt=403ms (IDR)
[03:41:55.485] RX< [RTMP] dropped 960 p-frames (backlog 59%)
[03:41:55.485] RX< [RTMP] slow send frame 12
[03:41:56.078] RX< 01 len=90280 dt=392ms (IDR)
[03:41:56.078] RX< [RTMP] dropped 990 p-frames (backlog 56%)
[03:41:56.078] RX< [34m[AE] fid=1500,exp=10160,adg=194,Y=4529,mtg=184,shg=100,bgbv=1875,iso=194,cnv2,hdr0
[03:41:56.078] RX< [0m[7] [cam] [213086][me0][me_core_thread:322]ME out fid 1500
[03:41:56.078] RX< [RTMP] slow send frame 1231 len=112
[03:41:56.606] RX< 936 dt=574ms (IDR)
[03:41:56.606] RX< [RTMP] slow send frame 1233 len=10889 dt=56ms
[03:41:56.606] RX< [RTMP] slow send frame 1234 len=14482 dt=60ms
[03:41:56.606] RX< [RTMP] slow send frame 1235 len=8320 dt=52ms
[03:41:56.606] RX< [RTMP] slow send frame 1236 len=20096 dt=111ms
[03:41:56.606] RX< [RTMP] slow send frame 1238 len=20136 dt=96ms
[03:41:56.606] RX< [RTMP] 
[03:41:56.810] RX< slow send frame 1239 len=8622 dt=98ms
[03:41:56.810] RX< [RTMP] slow send frame 1240 len=20303 dt=165ms
[03:41:56.810] RX< [34m[AE] fid=1530,exp=10160,adg=194,Y=4397,mtg=184,shg=100,bgbv=1831,iso=194,cnv2,hdr0
[03:41:56.810] RX< [0m[34m[b_ae0 proc] perf=974(us), max=1099(us)!
[03:41:56.810] RX< [0m[34m[awb0 proc] perf=4290(u
[03:41:57.098] RX< s), max=4376(us)!
[03:41:57.098] RX< [0m[RTMP] slow send frame 1241 len=8823 dt=56ms
[03:41:57.098] RX< [RTMP] slow send frame 1242 len=13311 dt=80ms
[03:41:57.098] RX< [7] [cam] [214087][me0][me_core_thread:322]ME out fid 1530
[03:41:57.098] RX< [RTMP] slow send frame 1243 len=13052 dt=97ms
[03:41:57.098] RX< [RTMP] slow send frame 1244 len=13433 
[03:41:57.674] RX< dt=90ms
[03:41:57.674] RX< [RTMP] slow send frame 1245 len=13743 dt=103ms
[03:41:57.674] RX< [RTMP] slow send frame 1246 len=12901 dt=96ms
[03:41:57.674] RX< [RTMP] slow send frame 1247 len=13710 dt=98ms
[03:41:57.674] RX< [RTMP] slow send frame 1248 len=13454 dt=88ms
[03:41:57.674] RX< [RTMP] slow send frame 1249 len=12721 dt=95ms
[03:41:57.674] RX< [RTMP] slow send 
[03:41:57.904] RX< frame 1250 len=12620 dt=92ms
[03:41:57.904] RX< [RTMP] slow send frame 1251 len=13210 dt=90ms
[03:41:57.904] RX< [34m[AE] fid=1560,exp=10160,adg=194,Y=4409,mtg=184,shg=100,bgbv=1835,iso=194,cnv2,hdr0
[03:41:57.904] RX< [0m[RTMP] slow send frame 1252 len=12573 dt=73ms
[03:41:57.904] RX< [34m[ME INTP]fid=1560, shutter=10160, perf
[03:41:58.217] RX< =117(us), max=2152(us)!
[03:41:58.217] RX< [0m[RTMP] slow send frame 1253 len=19316 dt=151ms
[03:41:58.217] RX< [7] [cam] [215085][me0][me_core_thread:322]ME out fid 1560
[03:41:58.217] RX< [RTMP] slow send frame 1254 len=8930 dt=54ms
[03:41:58.217] RX< [RTMP] slow send frame 1255 len=19427 dt=121ms
[03:41:58.217] RX< [RTMP] slow send frame 1256 le
[03:41:58.806] RX< n=8520 dt=58ms
[03:41:58.806] RX< [RTMP] slow send frame 1257 len=19440 dt=122ms
[03:41:58.806] RX< [RTMP] slow send frame 1258 len=8296 dt=56ms
[03:41:58.806] RX< [RTMP] slow send frame 1259 len=18816 dt=121ms
[03:41:58.806] RX< [RTMP] f_index = 1260, f_len = 8658
[03:41:58.806] RX< [34m[AE] fid=1590,exp=10160,adg=194,Y=4396,mtg=184,shg=100,bgbv=1
[03:41:59.750] RX< 831,iso=194,cnv2,hdr0
[03:41:59.750] RX< [0m[7] [cam] [216085][me0][me_core_thread:322]ME out fid 1590
[03:41:59.750] RX< [RTMP] slow send frame 1261 len=90529 dt=737ms (IDR)
[03:41:59.750] RX< [RTMP] slow send frame 1262 len=27464 dt=165ms
[03:41:59.750] RX< [RTMP] slow send frame 1264 len=15698 dt=187ms
[03:41:59.750] RX< [RTMP] slow send frame 1
[03:41:59.858] RX< 265 len=9210 dt=54ms
[03:41:59.858] RX< [34m[AE] fid=1620,exp=10160,adg=194,Y=4433,mtg=184,shg=100,bgbv=1843,iso=194,cnv2,hdr0
[03:41:59.858] RX< [0m[34m[b_ae0 proc] perf=1116(us), max=1116(us)!
[03:41:59.858] RX< [0m[34m[awb0 proc] perf=4270(us), max=4386(us)!
[03:41:59.858] RX< [0m[RTMP] slow send frame 1266 len=20672 dt=
[03:42:00.338] RX< 116ms
[03:42:00.338] RX< [RTMP] slow send frame 1267 len=8868 dt=60ms
[03:42:00.338] RX< [7] [cam] [217087][me0][me_core_thread:322]ME out fid 1620
[03:42:00.338] RX< [RTMP] slow send frame 1268 len=20559 dt=141ms
[03:42:00.338] RX< [RTMP] slow send frame 1269 len=9071 dt=69ms
[03:42:00.338] RX< [RTMP] slow send frame 1270 len=13973 dt=105ms
[03:42:00.338] RX< [RTMP] 
[03:42:00.805] RX< slow send frame 1271 len=13888 dt=106ms
[03:42:00.805] RX< [RTMP] slow send frame 1272 len=14337 dt=94ms
[03:42:00.805] RX< [RTMP] slow send frame 1273 len=14471 dt=100ms
[03:42:00.805] RX< [RTMP] slow send frame 1274 len=14366 dt=136ms
[03:42:00.805] RX< [34m[AE] fid=1650,exp=10160,adg=194,Y=4441,mtg=184,shg=100,bgbv=1847,iso=19
[03:42:01.221] RX< 4,cnv2,hdr0
[03:42:01.221] RX< [0m[RTMP] slow send frame 1275 len=14337 dt=177ms
[03:42:01.221] RX< [RTMP] slow send frame 1276 len=14945 dt=119ms
[03:42:01.221] RX< [7] [cam] [218085][me0][me_core_thread:322]ME out fid 1650
[03:42:01.221] RX< [RTMP] slow send frame 1277 len=10395 dt=122ms
[03:42:01.221] RX< [RTMP] slow send frame 1278 len=15100 dt
[03:42:01.804] RX< =130ms
[03:42:01.804] RX< [RTMP] slow send frame 1279 len=15051 dt=123ms
[03:42:01.804] RX< [RTMP] slow send frame 1280 len=10363 dt=64ms
[03:42:01.804] RX< [RTMP] slow send frame 1281 len=14788 dt=120ms
[03:42:01.804] RX< [RTMP] slow send frame 1282 len=14234 dt=105ms
[03:42:01.804] RX< [RTMP] slow send frame 1283 len=14279 dt=92ms
[03:42:01.804] RX< [34m[AE] fid=16
[03:42:01.984] RX< 80,exp=10160,adg=194,Y=4431,mtg=184,shg=100,bgbv=1843,iso=194,cnv2,hdr0
[03:42:01.984] RX< [0m[RTMP] slow send frame 1284 len=13900 dt=87ms
[03:42:01.984] RX< [34m[ME INTP]fid=1680, shutter=10160, perf=5(us), max=1829(us)!
[03:42:01.984] RX< [0m[RTMP] slow send frame 1285 len=13902 dt=91ms
[03:42:01.984] RX< [7] [cam] [219085][
[03:42:02.528] RX< me0][me_core_thread:322]ME out fid 1680
[03:42:02.528] RX< [RTMP] slow send frame 1286 len=14455 dt=112ms
[03:42:02.528] RX< [RTMP] slow send frame 1287 len=14245 dt=95ms
[03:42:02.528] RX< [RTMP] slow send frame 1288 len=13951 dt=107ms
[03:42:02.528] RX< [RTMP] slow send frame 1289 len=13394 dt=119ms
[03:42:02.528] RX< [RTMP] slow send frame 1290 l
[03:42:02.985] RX< en=13590 dt=186ms
[03:42:02.985] RX< [34m[AE] fid=1710,exp=10160,adg=194,Y=4451,mtg=184,shg=100,bgbv=1851,iso=194,cnv2,hdr0
[03:42:02.985] RX< [0m[34m[b_ae0 proc] perf=962(us), max=1116(us)!
[03:42:02.985] RX< [0m[34m[awb0 proc] perf=4329(us), max=4391(us)!
[03:42:02.985] RX< [0m[7] [cam] [220085][me0][me_core_thread:322]ME
[03:42:03.981] RX<  out fid 1710
[03:42:03.981] RX< [RTMP] slow send frame 1291 len=97428 dt=923ms (IDR)
[03:42:03.981] RX< [RTMP] dropped 1020 p-frames (backlog 52%)
[03:42:03.981] RX< [RTMP] slow send frame 1320 len=12126 dt=79ms
[03:42:03.981] RX< [34m[AE] fid=1740,exp=10160,adg=194,Y=4455,mtg=184,shg=100,bgbv=1851,iso=194,cnv2,hdr0
[03:42:03.981] RX< [0m[7] [cam
[03:42:04.578] RX< ] [221084][me0][me_core_thread:322]ME out fid 1740
[03:42:04.578] RX< [RTMP] slow send frame 1321 len=88726 dt=709ms (IDR)
[03:42:04.578] RX< [RTMP] dropped 1050 p-frames (backlog 51%)
[03:42:04.578] RX< [RTMP] slow send frame 1343 len=15310 dt=115ms
[03:42:04.578] RX< [RTMP] slow send frame 1347 len=16747 dt=106ms
[03:42:04.578] RX< [RTMP] slow sen
[03:42:05.485] RX< d frame 1350 len=11801 dt=86ms
[03:42:05.485] RX< [RTMP] f_index = 1350, f_len = 11801
[03:42:05.485] RX< [34m[AE] fid=1770,exp=10160,adg=194,Y=4451,mtg=184,shg=100,bgbv=1851,iso=194,cnv2,hdr0
[03:42:05.485] RX< [0m[7] [cam] [222086][me0][me_core_thread:322]ME out fid 1770
[03:42:05.485] RX< [RTMP] slow send frame 1351 len=8357
[03:42:05.904] RX< 4 dt=897ms (IDR)
[03:42:05.904] RX< [RTMP] dropped 1080 p-frames (backlog 51%)
[03:42:05.904] RX< [34m[AE] fid=1800,exp=10160,adg=194,Y=4497,mtg=184,shg=100,bgbv=1863,iso=194,cnv2,hdr0
[03:42:05.904] RX< [0m[34m[b_ae0 proc] perf=894(us), max=1074(us)!
[03:42:05.904] RX< [0m[34m[awb0 proc] perf=4135(us), max=4379(us)!
[03:42:05.904] RX< [0m[3
[03:42:06.432] RX< 4m[ME INTP]fid=1800, shutter=10160, perf=6(us), max=1185(us)!
[03:42:06.432] RX< [0m[7] [cam] [223084][me0][me_core_thread:322]ME out fid 1800
[03:42:06.432] RX< [RTMP] slow send frame 1381 len=81652 dt=647ms (IDR)
[03:42:06.432] RX< [RTMP] slow send frame 1403 len=7017 dt=67ms
[03:42:06.432] RX< [RTMP] slow send frame 1408 len=1
[03:42:07.667] RX< 2776 dt=57ms
[03:42:07.667] RX< [RTMP] slow send frame 1409 len=12191 dt=92ms
[03:42:07.667] RX< [RTMP] dropped 1110 p-frames (backlog 51%)
[03:42:07.667] RX< [34m[AE] fid=1830,exp=10160,adg=194,Y=4466,mtg=184,shg=100,bgbv=1855,iso=194,cnv2,hdr0
[03:42:07.667] RX< [0m[7] [cam] [224084][me0][me_core_thread:322]ME out fid 1830
[03:42:07.667] RX< [RT
[03:42:08.385] RX< MP] slow send frame 1411 len=120618 dt=1118ms (IDR)
[03:42:08.385] RX< [RTMP] f_index = 1440, f_len = 5648
[03:42:08.385] RX< [34m[AE] fid=1860,exp=10160,adg=194,Y=4504,mtg=184,shg=100,bgbv=1867,iso=194,cnv2,hdr0
[03:42:08.385] RX< [0m[7] [cam] [225084][me0][me_core_thread:322]ME out fid 1860
[03:42:08.385] RX< [RTMP] slow send 
[03:42:08.809] RX< frame 1441 len=90057 dt=715ms (IDR)
[03:42:08.809] RX< [RTMP] dropped 1140 p-frames (backlog 76%)
[03:42:08.809] RX< [34m[AE] fid=1890,exp=10160,adg=194,Y=4544,mtg=184,shg=100,bgbv=1879,iso=194,cnv2,hdr0
[03:42:08.809] RX< [0m[34m[b_ae0 proc] perf=983(us), max=1106(us)!
[03:42:08.809] RX< [0m[34m[awb0 proc] perf=4249(us), ma
[03:42:09.804] RX< x=4394(us)!
[03:42:09.804] RX< [0m[7] [cam] [226084][me0][me_core_thread:322]ME out fid 1890
[03:42:09.804] RX< [RTMP] slow send frame 1471 len=90253 dt=786ms (IDR)
[03:42:09.804] RX< [RTMP] dropped 1170 p-frames (backlog 75%)
[03:42:09.804] RX< [34m[AE] fid=1920,exp=10160,adg=194,Y=4527,mtg=184,shg=100,bgbv=1875,iso=194,cnv2,hd
[03:42:10.252] RX< r0
[03:42:10.252] RX< [0m[34m[ME INTP]fid=1920, shutter=10160, perf=5(us), max=359(us)!
[03:42:10.252] RX< [0m[7] [cam] [227084][me0][me_core_thread:322]ME out fid 1920
[03:42:10.252] RX< [RTMP] slow send frame 1501 len=91988 dt=1047ms (IDR)
[03:42:10.252] RX< [RTMP] dropped 1200 p-frames (backlog 75%)
[03:42:10.252] RX< [RTMP] f_index = 1530, f_
[03:42:10.981] RX< len = 15119
[03:42:10.981] RX< [34m[AE] fid=1950,exp=10160,adg=194,Y=4519,mtg=184,shg=100,bgbv=1871,iso=194,cnv2,hdr0
[03:42:10.981] RX< [0m[RTMP] slow send frame 1531 len=94924 dt=662ms (IDR)
[03:42:10.981] RX< [RTMP] dropped 1230 p-frames (backlog 74%)
[03:42:10.981] RX< [7] [cam] [228085][me0][me_core_thread:322]ME out fid 19
[03:42:11.808] RX< 50
[03:42:11.808] RX< [RTMP] slow send frame 1561 len=94025 dt=646ms (IDR)
[03:42:11.808] RX< [RTMP] dropped 1260 p-frames (backlog 73%)
[03:42:11.808] RX< [34m[AE] fid=1980,exp=10160,adg=194,Y=4539,mtg=184,shg=100,bgbv=1879,iso=194,cnv2,hdr0
[03:42:11.808] RX< [0m[34m[b_ae0 proc] perf=977(us), max=1078(us)!
[03:42:11.808] RX< [0m[34m[awb0 pro
[03:42:12.804] RX< c] perf=4251(us), max=4394(us)!
[03:42:12.804] RX< [0m[7] [cam] [229083][me0][me_core_thread:322]ME out fid 1980
[03:42:12.804] RX< [RTMP] slow send frame 1591 len=87609 dt=659ms (IDR)
[03:42:12.804] RX< [RTMP] dropped 1290 p-frames (backlog 71%)
[03:42:12.804] RX< [RTMP] f_index = 1620, f_len = 15607
[03:42:12.804] RX< [34m[AE] fid=2010,exp=10160
[03:42:13.804] RX< ,adg=194,Y=4536,mtg=184,shg=100,bgbv=1875,iso=194,cnv2,hdr0
[03:42:13.804] RX< [0m[7] [cam] [230083][me0][me_core_thread:322]ME out fid 2010
[03:42:13.804] RX< [RTMP] slow send frame 1621 len=107186 dt=825ms (IDR)
[03:42:13.804] RX< [RTMP] dropped 1320 p-frames (backlog 71%)
[03:42:13.804] RX< [RTMP] slow send frame 1651 len=9540
[03:42:13.984] RX< 5 dt=704ms (IDR)
[03:42:13.984] RX< [RTMP] dropped 1350 p-frames (backlog 69%)
[03:42:13.984] RX< [34m[AE] fid=2040,exp=10160,adg=194,Y=4505,mtg=184,shg=100,bgbv=1867,iso=194,cnv2,hdr0
[03:42:13.984] RX< [0m[34m[ME INTP]fid=2040, shutter=10160, perf=6(us), max=1206(us)!
[03:42:13.984] RX< [0m[7] [cam] [231085][me0][me_core_thr
[03:42:14.820] RX< ead:322]ME out fid 2040
[03:42:14.820] RX< [34m[AE] fid=2070,exp=10160,adg=194,Y=4530,mtg=184,shg=100,bgbv=1875,iso=194,cnv2,hdr0
[03:42:14.820] RX< [0m[34m[b_ae0 proc] perf=974(us), max=1084(us)!
[03:42:14.820] RX< [0m[34m[awb0 proc] perf=4291(us), max=4401(us)!
[03:42:14.820] RX< [0m[RTMP] slow send frame 1681 len=119648 
[03:42:15.803] RX< dt=997ms (IDR)
[03:42:15.803] RX< [RTMP] dropped 1380 p-frames (backlog 69%)
[03:42:15.803] RX< [RTMP] f_index = 1710, f_len = 12855
[03:42:15.803] RX< [7] [cam] [232083][me0][me_core_thread:322]ME out fid 2070
[03:42:15.803] RX< [RTMP] slow send frame 1711 len=104996 dt=795ms (IDR)
[03:42:15.803] RX< [RTMP] dropped 1410 p-frames (backlog 68%)
[03:42:15.803] RX< [34m
[03:42:16.803] RX< [AE] fid=2100,exp=10160,adg=194,Y=4533,mtg=184,shg=100,bgbv=1875,iso=194,cnv2,hdr0
[03:42:16.803] RX< [0m[7] [cam] [233083][me0][me_core_thread:322]ME out fid 2100
[03:42:16.803] RX< [RTMP] slow send frame 1741 len=105610 dt=584ms (IDR)
[03:42:16.803] RX< [RTMP] dropped 1440 p-frames (backlog 67%)
[03:42:16.803] RX< [34m[AE] fid
[03:42:16.991] RX< =2130,exp=10160,adg=194,Y=4505,mtg=184,shg=100,bgbv=1867,iso=194,cnv2,hdr0
[03:42:16.991] RX< [0m[RTMP] slow send frame 1771 len=115301 dt=644ms (IDR)
[03:42:16.991] RX< [RTMP] dropped 1470 p-frames (backlog 65%)
[03:42:16.991] RX< [RTMP] f_index = 1800, f_len = 16326
[03:42:16.991] RX< [7] [cam] [234085][me0][me_core_thread:322]
[03:42:17.809] RX< ME out fid 2130
[03:42:17.809] RX< [RTMP] slow send frame 1801 len=105719 dt=596ms (IDR)
[03:42:17.809] RX< [RTMP] dropped 1500 p-frames (backlog 64%)
[03:42:17.809] RX< [34m[AE] fid=2160,exp=10160,adg=194,Y=4528,mtg=184,shg=100,bgbv=1875,iso=194,cnv2,hdr0
[03:42:17.809] RX< [0m[34m[b_ae0 proc] perf=897(us), max=1100(us)!
[03:42:17.809] RX< [0m
[03:42:18.023] RX< [34m[awb0 proc] perf=4270(us), max=4390(us)!
[03:42:18.023] RX< [0m[34m[ME INTP]fid=2160, shutter=10160, perf=6(us), max=17674(us)!
[03:42:18.023] RX< [0m[7] [cam] [235083][me0][me_core_thread:322]ME out fid 2160
[03:42:18.023] RX< [RTMP] slow send frame 1831 len=104278 dt=528ms (IDR)
[03:42:18.023] RX< [RTMP] dropped 1530 p-f
[03:42:18.803] RX< rames (backlog 62%)
[03:42:18.803] RX< [RTMP] slow send frame 1856 len=18166 dt=87ms
[03:42:18.803] RX< [RTMP] slow send frame 1857 len=8221 dt=82ms
[03:42:18.803] RX< [RTMP] slow send frame 1858 len=18937 dt=167ms
[03:42:18.803] RX< [RTMP] slow send frame 1859 len=9005 dt=54ms
[03:42:18.803] RX< [RTMP] slow send frame 1860 len=19994 dt=175ms
[03:42:18.803] RX< [34m[
[03:42:19.603] RX< AE] fid=2190,exp=10160,adg=194,Y=4513,mtg=184,shg=100,bgbv=1871,iso=194,cnv2,hdr0
[03:42:19.603] RX< [0m[7] [cam] [236082][me0][me_core_thread:322]ME out fid 2190
[03:42:19.603] RX< [RTMP] slow send frame 1861 len=101904 dt=844ms (IDR)
[03:42:19.603] RX< [RTMP] slow send frame 1862 len=12309 dt=69ms
[03:42:19.603] RX< [RTMP] slow
[03:42:19.819] RX<  send frame 1863 len=10981 dt=93ms
[03:42:19.819] RX< [RTMP] slow send frame 1864 len=13547 dt=63ms
[03:42:19.819] RX< [RTMP] slow send frame 1865 len=11947 dt=74ms
[03:42:19.819] RX< [34m[AE] fid=2220,exp=10160,adg=194,Y=4512,mtg=184,shg=100,bgbv=1867,iso=194,cnv2,hdr0
[03:42:19.819] RX< [0m[RTMP] slow send frame 1866 len=16832
[03:42:20.283] RX<  dt=86ms
[03:42:20.283] RX< [RTMP] slow send frame 1867 len=9816 dt=71ms
[03:42:20.283] RX< [RTMP] slow send frame 1868 len=14464 dt=60ms
[03:42:20.283] RX< [7] [cam] [237084][me0][me_core_thread:322]ME out fid 2220
[03:42:20.283] RX< [RTMP] slow send frame 1869 len=15097 dt=85ms
[03:42:20.283] RX< [RTMP] slow send frame 1870 len=10807 dt=112ms
[03:42:20.283] RX< [RTM
[03:42:20.808] RX< P] slow send frame 1871 len=16980 dt=140ms
[03:42:20.808] RX< [RTMP] slow send frame 1872 len=10902 dt=66ms
[03:42:20.808] RX< [RTMP] slow send frame 1873 len=17094 dt=99ms
[03:42:20.808] RX< [RTMP] slow send frame 1874 len=11541 dt=106ms
[03:42:20.808] RX< [34m[AE] fid=2250,exp=10160,adg=194,Y=4542,mtg=184,shg=100,bgbv=1879,iso=
[03:42:20.984] RX< 194,cnv2,hdr0
[03:42:20.984] RX< [0m[34m[b_ae0 proc] perf=1056(us), max=1075(us)!
[03:42:20.984] RX< [0m[34m[awb0 proc] perf=4339(us), max=4397(us)!
[03:42:20.984] RX< [0m[RTMP] slow send frame 1875 len=17783 dt=258ms
[03:42:20.984] RX< [RTMP] slow send frame 1876 len=8231 dt=85ms
[03:42:20.984] RX< [7] [cam] [238082][me0][me_core_thread:322]M
[03:42:21.560] RX< E out fid 2250
[03:42:21.560] RX< [RTMP] slow send frame 1877 len=17957 dt=115ms
[03:42:21.560] RX< [RTMP] slow send frame 1878 len=11890 dt=96ms
[03:42:21.560] RX< [RTMP] slow send frame 1879 len=11473 dt=81ms
[03:42:21.560] RX< [RTMP] slow send frame 1880 len=17017 dt=121ms
[03:42:21.560] RX< [RTMP] slow send frame 1881 len=11551 dt=70ms
[03:42:21.560] RX< [RTMP] sl
[03:42:21.908] RX< ow send frame 1882 len=16977 dt=166ms
[03:42:21.908] RX< [RTMP] slow send frame 1883 len=10561 dt=76ms
[03:42:21.908] RX< [RTMP] slow send frame 1884 len=16286 dt=145ms
[03:42:21.908] RX< [34m[AE] fid=2280,exp=10160,adg=194,Y=4575,mtg=184,shg=100,bgbv=1891,iso=194,cnv2,hdr0
[03:42:21.908] RX< [0m[RTMP] slow send frame 1885 len=1
[03:42:22.260] RX< 0556 dt=116ms
[03:42:22.260] RX< [34m[ME INTP]fid=2280, shutter=10160, perf=6(us), max=906(us)!
[03:42:22.260] RX< [0m[7] [cam] [239082][me0][me_core_thread:322]ME out fid 2280
[03:42:22.260] RX< [RTMP] slow send frame 1886 len=16367 dt=113ms
[03:42:22.260] RX< [RTMP] slow send frame 1887 len=10961 dt=95ms
[03:42:22.260] RX< [RTMP] slow send frame
[03:42:22.978] RX<  1888 len=16769 dt=155ms
[03:42:22.978] RX< [RTMP] slow send frame 1889 len=10455 dt=75ms
[03:42:22.978] RX< [RTMP] slow send frame 1890 len=16405 dt=114ms
[03:42:22.978] RX< [RTMP] f_index = 1890, f_len = 16405
[03:42:22.978] RX< [34m[AE] fid=2310,exp=10160,adg=194,Y=4502,mtg=184,shg=100,bgbv=1867,iso=194,cnv2,hdr0
[03:42:22.978] RX< [0m[7] [cam
[03:42:23.809] RX< ] [240083][me0][me_core_thread:322]ME out fid 2310
[03:42:23.809] RX< [RTMP] slow send frame 1891 len=105422 dt=1282ms (IDR)
[03:42:23.809] RX< [RTMP] dropped 1560 p-frames (backlog 52%)
[03:42:23.809] RX< [34m[AE] fid=2340,exp=10160,adg=194,Y=4592,mtg=184,shg=100,bgbv=1895,iso=194,cnv2,hdr0
[03:42:23.809] RX< [0m[34m[b_ae0 pro
[03:42:24.804] RX< c] perf=985(us), max=1141(us)!
[03:42:24.804] RX< [0m[34m[awb0 proc] perf=4144(us), max=4390(us)!
[03:42:24.804] RX< [0m[7] [cam] [241082][me0][me_core_thread:322]ME out fid 2340
[03:42:24.804] RX< [RTMP] slow send frame 1921 len=105180 dt=899ms (IDR)
[03:42:24.804] RX< [RTMP] dropped 1590 p-frames (backlog 52%)
[03:42:24.804] RX< [34m[AE] fid=
[03:42:25.679] RX< 2370,exp=10050,adg=194,Y=4575,mtg=184,shg=100,bgbv=1903,iso=194,cnv2,hdr0
[03:42:25.679] RX< [0m[7] [cam] [242084][me0][me_core_thread:322]ME out fid 2370
[03:42:25.679] RX< [RTMP] slow send frame 1951 len=120136 dt=1002ms (IDR)
[03:42:25.679] RX< [RTMP] dropped 1620 p-frames (backlog 52%)
[03:42:25.679] RX< [RTMP] f_index = 1980
[03:42:26.206] RX< , f_len = 5850
[03:42:26.206] RX< [34m[AE] fid=2400,exp=10050,adg=194,Y=4564,mtg=184,shg=100,bgbv=1899,iso=194,cnv2,hdr0
[03:42:26.206] RX< [0m[34m[ME INTP]fid=2400, shutter=10050, perf=6(us), max=1077(us)!
[03:42:26.206] RX< [0m[7] [cam] [243082][me0][me_core_thread:322]ME out fid 2400
[03:42:26.206] RX< [RTMP] slow send fram
[03:42:26.547] RX< e 1981 len=86272 dt=529ms (IDR)
[03:42:26.547] RX< [RTMP] slow send frame 2001 len=7492 dt=63ms
[03:42:26.547] RX< [RTMP] slow send frame 2004 len=11612 dt=84ms
[03:42:26.547] RX< [RTMP] slow send frame 2007 len=14560 dt=94ms
[03:42:26.547] RX< [RTMP] dropped 1650 p-frames (backlog 51%)
[03:42:26.547] RX< [RTMP] slow send frame 2010 len=12190 dt=78m
[03:42:27.432] RX< s
[03:42:27.432] RX< [34m[AE] fid=2430,exp=10050,adg=194,Y=4593,mtg=184,shg=100,bgbv=1907,iso=194,cnv2,hdr0
[03:42:27.432] RX< [0m[34m[b_ae0 proc] perf=1025(us), max=1092(us)!
[03:42:27.432] RX< [0m[34m[awb0 proc] perf=4215(us), max=4372(us)!
[03:42:27.432] RX< [0m[7] [cam] [244081][me0][me_core_thread:322]ME out fid 2430
[03:42:27.432] RX< [
[03:42:28.191] RX< RTMP] slow send frame 2011 len=107676 dt=877ms (IDR)
[03:42:28.191] RX< [RTMP] slow send frame 2039 len=14017 dt=68ms
[03:42:28.191] RX< [34m[AE] fid=2460,exp=10050,adg=194,Y=4566,mtg=184,shg=100,bgbv=1899,iso=194,cnv2,hdr0
[03:42:28.191] RX< [0m[7] [cam] [245081][me0][me_core_thread:322]ME out fid 2460
[03:42:28.191] RX< [RTMP]
[03:42:28.802] RX<  slow send frame 2041 len=101012 dt=669ms (IDR)
[03:42:28.802] RX< [RTMP] dropped 1680 p-frames (backlog 52%)
[03:42:28.802] RX< [RTMP] slow send frame 2062 len=13285 dt=62ms
[03:42:28.802] RX< [RTMP] slow send frame 2064 len=13245 dt=68ms
[03:42:28.802] RX< [RTMP] f_index = 2070, f_len = 5796
[03:42:28.802] RX< [34m[AE] fid=2490,exp=10050,adg=194,
[03:42:29.808] RX< Y=4580,mtg=184,shg=100,bgbv=1903,iso=194,cnv2,hdr0
[03:42:29.808] RX< [0m[7] [cam] [246081][me0][me_core_thread:322]ME out fid 2490
[03:42:29.808] RX< [RTMP] slow send frame 2071 len=90728 dt=797ms (IDR)
[03:42:29.808] RX< [RTMP] dropped 1710 p-frames (backlog 75%)
[03:42:29.808] RX< [34m[AE] fid=2520,exp=10100,adg=194,Y=4292,mt
[03:42:29.902] RX< g=184,shg=100,bgbv=1808,iso=194,cnv2,hdr0
[03:42:29.902] RX< [0m[34m[b_ae0 proc] perf=1083(us), max=1089(us)!
[03:42:29.902] RX< [0m[34m[awb0 proc] perf=4260(us), max=4379(us)!
[03:42:29.902] RX< [0m[RTMP] slow send frame 2101 len=109414 dt=667ms (IDR)
[03:42:29.902] RX< [RTMP] dropped 1740 p-frames (backlog 73%)
[03:42:29.902] RX< [34m[ME IN
[03:42:30.802] RX< TP]fid=2520, shutter=10100, perf=6(us), max=1842(us)!
[03:42:30.802] RX< [0m[7] [cam] [247081][me0][me_core_thread:322]ME out fid 2520
[03:42:30.802] RX< [RTMP] slow send frame 2131 len=95553 dt=561ms (IDR)
[03:42:30.802] RX< [RTMP] dropped 1770 p-frames (backlog 72%)
[03:42:30.802] RX< [RTMP] f_index = 2160, f_len = 24259
[03:42:30.802] RX< [34m[
[03:42:31.802] RX< AE] fid=2550,exp=10100,adg=194,Y=4265,mtg=184,shg=100,bgbv=1799,iso=194,cnv2,hdr0
[03:42:31.802] RX< [0m[7] [cam] [248081][me0][me_core_thread:322]ME out fid 2550
[03:42:31.802] RX< [RTMP] slow send frame 2161 len=112877 dt=792ms (IDR)
[03:42:31.802] RX< [RTMP] dropped 1800 p-frames (backlog 71%)
[03:42:31.802] RX< [34m[AE] fid=
[03:42:32.506] RX< 2580,exp=10100,adg=194,Y=4458,mtg=184,shg=100,bgbv=1858,iso=194,cnv2,hdr0
[03:42:32.506] RX< [0m[RTMP] slow send frame 2191 len=103656 dt=658ms (IDR)
[03:42:32.506] RX< [RTMP] dropped 1830 p-frames (backlog 69%)
[03:42:32.506] RX< [7] [cam] [249081][me0][me_core_thread:322]ME out fid 2580
[03:42:32.506] RX< [RTMP] slow send frame
[03:42:32.807] RX<  2221 len=113689 dt=631ms (IDR)
[03:42:32.807] RX< [RTMP] dropped 1860 p-frames (backlog 68%)
[03:42:32.807] RX< [RTMP] f_index = 2250, f_len = 4776
[03:42:32.807] RX< [34m[AE] fid=2610,exp=10050,adg=194,Y=4505,mtg=184,shg=100,bgbv=1879,iso=194,cnv2,hdr0
[03:42:32.807] RX< [0m[34m[b_ae0 proc] perf=965(us), max=1100(us)!
[03:42:32.807] RX< [0m[
[03:42:33.802] RX< 34m[awb0 proc] perf=4334(us), max=4382(us)!
[03:42:33.802] RX< [0m[7] [cam] [250081][me0][me_core_thread:322]ME out fid 2610
[03:42:33.802] RX< [RTMP] slow send frame 2251 len=88014 dt=801ms (IDR)
[03:42:33.802] RX< [RTMP] dropped 1890 p-frames (backlog 68%)
[03:42:33.802] RX< [34m[AE] fid=2640,exp=10050,adg=194,Y=4547,mtg=184,s
[03:42:33.987] RX< hg=100,bgbv=1891,iso=194,cnv2,hdr0
[03:42:33.987] RX< [0m[RTMP] slow send frame 2281 len=101415 dt=568ms (IDR)
[03:42:33.987] RX< [RTMP] dropped 1920 p-frames (backlog 66%)
[03:42:33.987] RX< [34m[ME INTP]fid=2640, shutter=10050, perf=7(us), max=1822(us)!
[03:42:33.987] RX< [0m[7] [cam] [251080][me0][me_core_thread:322]ME out f
[03:42:34.978] RX< id 2640
[03:42:34.978] RX< [RTMP] slow send frame 2311 len=85131 dt=537ms (IDR)
[03:42:34.978] RX< [RTMP] dropped 1950 p-frames (backlog 64%)
[03:42:34.978] RX< [RTMP] f_index = 2340, f_len = 22045
[03:42:34.978] RX< [34m[AE] fid=2670,exp=10050,adg=194,Y=4555,mtg=184,shg=100,bgbv=1895,iso=194,cnv2,hdr0
[03:42:34.978] RX< [0m[7] [cam] [252080][me0]
[03:42:35.807] RX< [me_core_thread:322]ME out fid 2670
[03:42:35.807] RX< [RTMP] slow send frame 2341 len=116496 dt=1020ms (IDR)
[03:42:35.807] RX< [RTMP] dropped 1980 p-frames (backlog 64%)
[03:42:35.807] RX< [34m[AE] fid=2700,exp=10050,adg=194,Y=4500,mtg=184,shg=100,bgbv=1879,iso=194,cnv2,hdr0
[03:42:35.807] RX< [0m[34m[b_ae0 proc] perf=994(us)
[03:42:36.541] RX< , max=1081(us)!
[03:42:36.541] RX< [0m[34m[awb0 proc] perf=4136(us), max=4390(us)!
[03:42:36.541] RX< [0m[7] [cam] [253080][me0][me_core_thread:322]ME out fid 2700
[03:42:36.541] RX< [RTMP] slow send frame 2371 len=82608 dt=538ms (IDR)
[03:42:36.541] RX< [RTMP] dropped 2010 p-frames (backlog 63%)
[03:42:36.541] RX< [RTMP] slow send frame 2401 le
[03:42:37.234] RX< n=85406 dt=496ms (IDR)
[03:42:37.234] RX< [RTMP] dropped 2040 p-frames (backlog 60%)
[03:42:37.234] RX< [RTMP] f_index = 2430, f_len = 9957
[03:42:37.234] RX< [34m[AE] fid=2730,exp=10050,adg=194,Y=4531,mtg=184,shg=100,bgbv=1887,iso=194,cnv2,hdr0
[03:42:37.234] RX< [0m[7] [cam] [254080][me0][me_core_thread:322]ME out fid 2730
[03:42:37.234] RX< [RT
[03:42:37.529] TX> rtmp_video_stop
[03:42:37.529] TX> echo "__EVBTEST_END_5bdbca85__"
[03:42:37.802] RX< MP] slow send frame 2431 len=95549 dt=685ms (IDR)
[03:42:37.802] RX< [RTMP] dropped 2070 p-frames (backlog 59%)
[03:42:37.802] RX< rtmp_video_stop
[03:42:37.802] RX< [RTMP] Stop requested
[03:42:37.802] RX< msh /emmc>echo "__EVBTEST_END_5bdbca85__"
[03:42:37.802] RX< __EVBTEST_END_5bdbca85__
[03:42:37.802] RX< msh /emmc>[34m[AE] fid=2760,exp=10050,adg=194,Y=4490,mtg=
[03:42:37.866] RX< 184,shg=100,bgbv=1875,iso=194,cnv2,hdr0
[03:42:37.866] RX< [0m[RTMP] slow send frame 2461 len=87096 dt=622ms (IDR)
[03:42:37.866] RX< [RTMP] Push Stop: total frames = 2462
[03:42:37.866] RX< [RTMP] disconnected
[03:42:37.866] RX< [RTMP] disconnected
[03:42:37.866] RX< [6] [cam] [254953][RtmpSend][sensor_stream_off:1143]sensor [1]: stream_off
[03:42:37.866] RX< [6] 
