[03:40:40.696] TX> 
[03:40:41.697] TX> 
[03:40:42.697] RX< 
[03:40:42.697] RX< msh />
[03:40:42.697] RX< msh />
[03:40:42.900] TX> echo "EVBTEST_HELLO"
[03:40:42.900] TX> echo "__EVBTEST_END_6ceaebc8__"
[03:40:44.698] RX< echo "EVBTEST_HELLO"
[03:40:44.698] RX< EVBTEST_HELLO
[03:40:44.698] RX< msh />echo "__EVBTEST_END_6ceaebc8__"
[03:40:44.698] RX< __EVBTEST_END_6ceaebc8__
[03:40:44.698] RX< msh />
[03:40:44.908] TX> cd /
[03:40:44.908] TX> echo "__EVBTEST_END_62dcb80f__"
[03:40:46.700] RX< cd /
[03:40:46.700] RX< msh />echo "__EVBTEST_END_62dcb80f__"
[03:40:46.700] RX< __EVBTEST_END_62dcb80f__
[03:40:46.700] RX< msh />
[03:40:46.904] TX> dfs_video_stop
[03:40:46.904] TX> echo "__EVBTEST_END_efd11033__"
[03:40:48.702] RX< dfs_video_stop
[03:40:48.702] RX< [6] [App Dfs] Please start recording the video first.
[03:40:48.702] RX< msh />echo "__EVBTEST_END_efd11033__"
[03:40:48.702] RX< __EVBTEST_END_efd11033__
[03:40:48.702] RX< msh />
[03:41:01.705] TX> wifi join SW-test-2.4G tuf@3600
[03:41:01.705] TX> echo "__EVBTEST_END_f2ed60f5__"
[03:41:02.715] RX< wifi join SW-test-2.4G tuf@3600
[03:41:06.719] RX< [32m[I/WLAN.mgnt] wifi connect success ssid:SW-test-2.4G[0m
[03:41:06.719] RX< msh />echo "__EVBTEST_END_f2ed60f5__"
[03:41:06.719] RX< __EVBTEST_END_f2ed60f5__
[03:41:06.719] RX< msh />
[03:41:10.723] RX< [32m[I/WLAN.lwip] Got IP address : 192.168.1.101[0m
[03:41:15.731] RX< ifconfig
[03:41:15.731] RX< network interface device: w0 (Default)
[03:41:15.731] RX< MTU: 1500
[03:41:15.731] RX< MAC: 8c ea 12 ba a8 2c 
[03:41:15.731] RX< FLAGS: UP LINK_UP INTERNET_DOWN DHCP_ENABLE ETHARP BROADCAST IGMP
[03:41:15.731] RX< ip address: 192.168.1.101
[03:41:15.731] RX< gw address: 192.168.1.3
[03:41:15.731] RX< net mask  : 255.255.255.0
[03:41:15.731] RX< dns server #0: 192.168.1.3
[03:41:15.746] RX< dns server #1: 0.0.0.0
[03:41:15.746] RX< 
[03:41:15.746] RX< network interface device: w1
[03:41:15.746] RX< MTU: 1500
[03:41:15.746] RX< MAC: 8e ea 12 ba a8 2c 
[03:41:15.746] RX< FLAGS: UP LINK_DOWN INTERNET_DOWN DHCP_ENABLE ETHARP BROADCAST IGMP
[03:41:15.746] RX< ip address: 0.0.0.0
[03:41:15.746] RX< gw address: 0.0.0.0
[03:41:15.746] RX< net mask  : 0.0.0.0
[03:41:15.746] RX< dns server #0: 192.168.1.3
[03:41:15.746] RX< dns serv
[03:41:15.929] TX> ifconfig
[03:41:15.929] TX> echo "__EVBTEST_END_96c3df04__"
[03:41:17.748] RX< er #1: 0.0.0.0
[03:41:17.748] RX< msh />echo "__EVBTEST_END_96c3df04__"
[03:41:17.748] RX< __EVBTEST_END_96c3df04__
[03:41:17.748] RX< msh />
[03:41:17.952] TX> cd /emmc
[03:41:17.952] TX> echo "__EVBTEST_END_ef5438a0__"
[03:41:19.750] RX< cd /emmc
[03:41:19.750] RX< msh /emmc>echo "__EVBTEST_END_ef5438a0__"
[03:41:19.750] RX< __EVBTEST_END_ef5438a0__
[03:41:19.750] RX< msh /emmc>
[03:41:19.959] TX> ftp_server
[03:41:19.959] TX> echo "__EVBTEST_END_cafeb073__"
[03:41:21.752] RX< ftp_server
[03:41:21.752] RX< 
[03:41:21.752] RX< [FTP] Ftp server init success!!!
[03:41:21.752] RX< msh /emmc>echo "__EVBTEST_END_cafeb073__"
[03:41:21.752] RX< __EVBTEST_END_cafeb073__
[03:41:21.752] RX< msh /emmc>
[03:41:25.756] RX< [32m[I/ftp] service launched success.[0m
[03:41:26.448] TX> cam_set photo auto
[03:41:26.448] TX> echo "__EVBTEST_END_d3cc9721__"
[03:41:27.758] RX< cam_set photo auto
[03:41:27.758] RX< [6] [App Dfs] auto mode
[03:41:27.758] RX< msh /emmc>echo "__EVBTEST_END_d3cc9721__"
[03:41:27.758] RX< __EVBTEST_END_d3cc9721__
[03:41:27.758] RX< msh /emmc>
[03:41:28.773] RX< dfs_capture_start
[03:41:28.773] RX< [7] [cam] [81890][tshell][cgm_parse_bin:104]total logical camera num: 1
[03:41:28.773] RX< [6] [cam] [81890][tshell][cam_prelude_create:187]E id, 0
[03:41:28.773] RX< [7] [cam] [81890][cpl0][cam_prelude_proc_routine:101]thread start
[03:41:28.773] RX< [6] [cam] [81890][tshell][cam_prelude_crea
[03:41:28.773] RX< te:214]X ctx size 132 addr 0x884b9758
[03:41:28.773] RX< [6] [cam] [81894][tshell][sensor_probe:418]sensor [1]: identifing 0 success.
[03:41:28.773] RX< [6] [cam] [81895][tshell][sensor_probe:441]sensor [1]: probe exit!
[03:41:28.773] RX< [6] [cam] [81895][tshell][cam_prelude_fast_probe:251]cam: 0 probe result
[03:41:28.775] RX< : 0
[03:41:28.775] RX< [6] [cam] [81895][tshell][cgm_parse_bin:218]cam(0) probe success
[03:41:28.775] RX< [6] [cam] [81896][tshell][cam_entry:455]entry ok
[03:41:28.775] RX< [34m[cam entry] perf=6358(us)!
[03:41:28.775] RX< [0m[6] [App Cam] cam entry success
[03:41:28.775] RX< [7] [cam] [81896][tshell][cam_solve_layout:350][mLayout] param OK, s
[03:41:28.778] RX< cen1 iw4032 ih3024 ow4032 oh3024 gdc 0x0
[03:41:28.778] RX< [36m[mLayout] scen01 in=4032x3024,out=3024x4032 meRot1 stripe1 gdcOn0
[03:41:28.778] RX< [0m[36m[mLayout] scen00 20entries solved status=OK retry=0 rtmp=enabled (cursor0=0x8a02d090 cursor1=0x89417400, ch0/1/2 cnt=7/2/1)
[03:41:28.778] RX< [0m[7] [
[03:41:28.778] RX< cam] [81898][tshell][cam_solve_layout:377]
[03:41:28.778] RX< [mLayout] out vol 0x8c000000 rBuf 0x8ab00000 sz 0x1500000 wBuf 0x8a03da80 sz 0x100000
[03:41:28.778] RX< [7] [cam] [81898][tshell][cam_solve_layout:394]Solve scen1 capType4 layout Done!
[03:41:28.778] RX< [6] [cam] [81899][tshell][cgm_parse_media_par
[03:41:28.781] RX< a:274]phy cam num: 1
[03:41:28.781] RX< [7] [cam] [81899][cer0][cer_recovery_proc:343]thread start cid, 0
[03:41:28.781] RX< [6] [cam] [81900][tshell][csc_open:499]SENSOR MCLK cal: 24MHz
[03:41:28.781] RX< [6] [cam] [81900][tshell][csc_isp_clk_cal:344]MIPI CLK cal: 346MHz
[03:41:28.781] RX< [6] [cam] [81901][tshell][csc_isp_clk_
[03:41:28.781] RX< cal:374]LITE CLK cal: 28MHz
[03:41:28.781] RX< [7] [cam] [81901][tshell][cpc_csi_rx_power_on:633]E id: 2
[03:41:28.781] RX< [4] [cam] [81901][tshell][cpc_csi_rx_power_on:644]csi_2 has already power on, STATUS: 1
[03:41:28.781] RX< [6] [cam] [81902][tshell][cpc_update_clock:603]actual SNS mclk: 24MHz
[03:41:28.781] RX< [6] [cam] 
[03:41:28.787] RX< [81902][tshell][cpc_update_clock:608]actual MIPI0: 500MHz
[03:41:28.787] RX< [6] [cam] [81902][tshell][cpc_update_clock:598]actual LITE clk: 50MHz
[03:41:28.787] RX< [7] [cam] [81903][tshell][cam_prelude_open:297][34msnsOpen camID1 csiID0 phyIdx0[0m
[03:41:28.787] RX< [6] [cam] [81907][tshell][sensor_expo_gai
[03:41:28.787] RX< n_match:48]sensor get sensor expo gain of imx681_vst
[03:41:28.787] RX< [6] [cam] [81907][tshell][sensor_open:684]sensor [1] open OK.
[03:41:28.787] RX< [6] [cam] [81907][tshell][cam_cpm_parse_media:275]photo scenario, media para[mfnr:0, hdr:0, capture_num:0]
[03:41:28.787] RX< [6] [cam] [81908][tshell][cam_cpm
[03:41:28.789] RX< _parse_media:278]photo scenario, media para[iso:0, gain:0, wb_mode:0]
[03:41:28.789] RX< [6] [cam] [81909][tshell][csc_isp_clk_cal:355]FE CLK cal: 426MHz, ME CLK cal: 462MHz, FE/ME CLK cal: 508MHz
[03:41:28.789] RX< [6] [cam] [81909][tshell][csc_isp_clk_cal:364]BE CLK cal: 401MHz
[03:41:28.789] RX< [4] [cam] [
[03:41:28.790] RX< 81910][tshell][cam_fe_core_power_on:269]fe pipe has already power on, STATUS: 1
[03:41:28.790] RX< [6] [cam] [81910][tshell][cpc_update_clock:588]actual FE/ME clk: 550MHz
[03:41:28.790] RX< [4] [cam] [81911][tshell][cam_be_core_power_on:1028]be pipe has already power on, STATUS: 1
[03:41:28.790] RX< [6] [cam] [
[03:41:28.793] RX< 81911][tshell][cpc_update_clock:593]actual BE clk: 500MHz
[03:41:28.793] RX< [7] [cam] [81911][tshell][cam_cpm_core_power_on:435]id,0 type,1 ret 0
[03:41:28.793] RX< [6] [cam] [81912][tshell][cam_cpm_core_init:1017]E id,0 sensor type,1
[03:41:28.793] RX< [6] [cam] [81913][tshell][cpm_core_check_tuningbin:957]T
[03:41:28.793] RX< uning bin crc check PASS! sum 0xfa5abf97, xor 0x6a6c89c1
[03:41:28.793] RX< [6] [cam] [81913][tshell][qpc_tuning_check_iqbin_validness:396]IQ bin addr: 0x8869de60, project_name: capture_12M
[03:41:28.793] RX< [6] [cam] [81914][tshell][qpc_tuning_check_iqbin_validness:397]total_size: 108928
[03:41:28.793] RX< [6
[03:41:28.796] RX< ] [cam] [81914][tshell][qpc_tuning_check_iqbin_validness:398]id_count: 93. ID_TOTAL: 94
[03:41:28.796] RX< [6] [cam] [81915][tshell][qpc_tuning_check_iqbin_validness:399]spinel tuning data ver: V1.30
[03:41:28.796] RX< [6] [cam] [81915][tshell][cpm_core_check_tuningbin:971]IQ bin check succes
[03:41:28.796] RX< s!
[03:41:28.796] RX< [6] [cam] [81916][tshell][cam_bm_core_init:94]E
[03:41:28.796] RX< [6] [cam] [81916][tshell][bm_lab_init:174]X ctx size 4 addr 0x884a96b8
[03:41:28.796] RX< [6] [cam] [81917][tshell][cam_bm_core_init:114]X ctx size 180 addr 0x884db930
[03:41:28.796] RX< [6] [cam] [81917][tshell][qpc_core_init:1299]E id,0
[03:41:28.796] RX< [
[03:41:28.803] RX< 6] [cam] [81917][tshell][qpc_queue_init:65]QPC init qnodes 8, size 508, pool 0x884dbf10
[03:41:28.803] RX< [6] [cam] [81918][tshell][_qpc_get_cap_cfg_para:900]preset capCfg 200 3 5
[03:41:28.803] RX< [7] [cam] [81918][tshell][_qpc_cfg_hdr_frms:848]hdr preset - gainThres 1600
[03:41:28.803] RX< FrmNB:	TNR	|EV-	|
[03:41:28.803] RX< EV0	|EV+
[03:41:28.803] RX< LDR:	 0	| 1	| -	| 5
[03:41:28.803] RX< LLLDR:	 0	| 1	| -	| 5
[03:41:28.803] RX< HDR:	 0	| 1	| 5	| 3
[03:41:28.803] RX< LLHDR:	 0	| 1	| 5	| 3
[03:41:28.803] RX< 
[03:41:28.803] RX< [6] [cam] [81924][tshell][qpc_core_init:1347]X ctx size 1288 addr 0x884db9f8
[03:41:28.803] RX< [6] [cam] [81924][tshell][cpm_core_get_param:764]cpm para chk: tunBin-w 4000 h 3000 i
[03:41:28.807] RX< mg-w 4032 h 3024
[03:41:28.807] RX< [6] [cam] [81925][tshell][cam_fe_core_init:436]E id,0
[03:41:28.807] RX< [6] [cam] [81925][tshell][cam_fe_core_init:490]X ctx size 96 addr 0x884ecc50
[03:41:28.807] RX< [7] [cam] [81926][tshell][qpc_core_fe_chords_init:1763][34mqpc fe init snsOut w 4032 h 3024, tbl w 28 h 2
[03:41:28.808] RX< 0[0m
[03:41:28.808] RX< [6] [cam] [81926][tshell][cam_me_core_init:1523]X ctx size 1352 addr 0x884ef000
[03:41:28.808] RX< [34m[ME SLICE CFG] perf=1496(us)!
[03:41:28.808] RX< [0m[6] [cam] [81929][tshell][cam_bayer_fe_3a_stats_core_init:445]fe 3a id,0
[03:41:28.808] RX< [6] [cam] [81929][tshell][cam_bayer_fe_3a_stats_core_init
[03:41:28.810] RX< :490]X ctx size 132 addr 0x884f7a20
[03:41:28.810] RX< [6] [cam] [81929][tshell][cam_be_core_init:621]E id,0
[03:41:28.810] RX< [7] [cam] [81930][be0][be_core_irq_proc:270]thread start cid,0
[03:41:28.810] RX< [6] [cam] [81930][tshell][cam_be_core_init:716]X ctx size 472 addr 0x884f7db0
[03:41:28.810] RX< [6] [cam] [81930][tshel
[03:41:28.811] RX< l][cam_lite_core_init:433]E id,0
[03:41:28.811] RX< [7] [cam] [81931][lite0][lite_core_irq_proc:152]thread start cid,0
[03:41:28.811] RX< [6] [cam] [81931][tshell][cam_lite_core_init:497]X ctx size 164 addr 0x884fa800
[03:41:28.811] RX< [6] [cam] [81932][tshell][awb_wrapper_init:66]xxx awb_bin=0x884de5fc, awb_
[03:41:28.815] RX< bin_length=8068
[03:41:28.815] RX< [6] [cam] [81932][tshell][awb_wrapper_init:86]X algo_handle 0x88502848
[03:41:28.815] RX< [7] [cam] [81933][awb0][a5_core_wrapper_task:252]thread start cid,0 algo type,2
[03:41:28.815] RX< [6] [cam] [81933][tshell][a5_core_init_task:426]thread created: awb0 mq=0x88504908 threa
[03:41:28.815] RX< d=0x88504a20 sem=0x88504898 ret=0
[03:41:28.815] RX< [6] [cam] [81934][tshell][bayer_ae_wrapper_init:68]E id,0 proc mode 1 
[03:41:28.815] RX< 
[03:41:28.815] RX< [AEC Proc] @[allib_ae_set_debug_log_flag] Line:129:[DEBUG] debug level/to_file/to_terminal: 22/1/1
[03:41:28.815] RX< [AEC Proc] @[AeInit] Line:377:[INFO] AE ver: 2026_
[03:41:28.817] RX< V2.269
[03:41:28.817] RX< 
[03:41:28.817] RX< [AEC Proc] @[allib_ae_loadfunc] Line:193:[INFO] camera ID: 0
[03:41:28.817] RX< [AEC Proc] @[AeInit] Line:404:[DEBUG] init imu detector sucessed!
[03:41:28.817] RX< [AEC Proc] @[AeInit] Line:406:[DEBUG] imu init errcode:0
[03:41:28.817] RX< [AEC Proc] @[alAE_set_param] Line:576:[DEBUG] sw_maxtime 33044
[03:41:28.817] RX<  ,pertline 9444, after check sensor step sw_max_time 33039.00
[03:41:28.817] RX< [AEC Proc] @[alAE_set_param] Line:581:[DEBUG] sw_mintime 37 ,pertline 9444, after check sensor step sw_min_time 36.00
[03:41:28.817] RX< [AEC Proc] @[alAE_set_param] Line:514:[DEBUG] DEBUG minbv exptime 9 gain 10
[03:41:28.820] RX< 0, minExpBV 14098
[03:41:28.820] RX< [AEC Proc] @[AeTuningParseSet] Line:167:[DEBUG] aeparam version 2.268 60818
[03:41:28.820] RX< [AEC Proc] @[alAE_set_param] Line:341:[DEBUG] INITEXP gain 100, shutter 8000, midtonegain 100, bv 4303
[03:41:28.820] RX< [6] [cam] [81941][tshell][bayer_ae_wrapper_init:119]X tli
[03:41:28.820] RX< ne 9444 max_exp 33044 alg_hdl 0x885071d0 
[03:41:28.820] RX< [7] [cam] [81941][b_ae0][a5_core_wrapper_task:252]thread start cid,0 algo type,0
[03:41:28.820] RX< [6] [cam] [81942][tshell][a5_core_init_task:426]thread created: b_ae0 mq=0x8850e0f0 thread=0x8850e208 sem=0x8850e080 ret=0
[03:41:28.820] RX< [6] [cam]
[03:41:28.823] RX<  [81942][tshell][atf_wrapper_init:67]E id,0
[03:41:28.823] RX< [6] [cam] [81943][tshell][atf_wrapper_init:107]X alg_ctx addr 0x885106c8
[03:41:28.823] RX< [7] [cam] [81943][atf0][a5_core_wrapper_task:252]thread start cid,0 algo type,1
[03:41:28.823] RX< [6] [cam] [81943][tshell][a5_core_init_task:426]thread cr
[03:41:28.823] RX< eated: atf0 mq=0x88512a20 thread=0x88512b38 sem=0x885129b0 ret=0
[03:41:28.823] RX< [6] [cam] [81944][tshell][cam_cpm_core_init:1149]X ctx size 1096 addr 0x884db4d8
[03:41:28.823] RX< [6] [cam] [81945][tshell][csc_open:599]ok! phys_id[1], phys_num[1] 
[03:41:28.823] RX< [6] [cam] [81945][tshell][cam_open:738]op
[03:41:28.831] RX< en ok! camera_id[0]
[03:41:28.831] RX< [34m[cam open] perf=48979(us)!
[03:41:28.831] RX< [0m[6] [App Cam] cam open success
[03:41:28.831] RX< [6] [cam] [81951][tshell][csc_init:722]sensor info:size:4032x3024, formt: 0x2b, bps: 2496, tline: 9444
[03:41:28.831] RX< [6] [cam] [81951][tshell][cam_sif_mgr_init:261]E id,0
[03:41:28.831] RX< [7] [cam]
[03:41:28.831] RX<  [81952][sif0][sif_irq_proc:151]thread start cid,0
[03:41:28.831] RX< [6] [cam] [81952][tshell][cam_sif_mgr_init:293]X ctx size 52 addr 0x8852bc20
[03:41:28.831] RX< [7] [cam] [81953][tshell][sif_btm_paramSet:102]btm lite w4032 h3024 binEn1 binRatio2
[03:41:28.831] RX< [7] [cam] [81953][tshell][sif_btm_paramSet
[03:41:28.836] RX< :106]cropSlct2 x0 y0 w4032 h4032
[03:41:28.836] RX< [6] [cam] [81954][tshell][cam_prelude_init_cfg:368]CSI ID is 0,  phy lanes is 2.
[03:41:28.836] RX< [7] [cam] [81954][tshell][check_phy_ready:96]MIPI_PHY[0] is ready
[03:41:28.836] RX< [6] [cam] [81954][tshell][sensor_init:348]sensor [1]: register ok
[03:41:28.836] RX< [6] [cam
[03:41:28.836] RX< ] [81955][tshell][sensor_set_mode:887]sensor [1]: SetMode -> mode = 0.
[03:41:28.836] RX< [6] [cam] [81955][tshell][sensor_send_reg_tab_to_sensor:705]sensor [1]: send_reg_tab_to_sensor E.
[03:41:28.836] RX< [6] [cam] [81958][tshell][sensor_send_reg_tab_to_sensor:751]sensor [1]: reg_count = 77
[03:41:28.842] RX< .
[03:41:28.842] RX< [6] [cam] [81959][tshell][sensor_init:361]sensor [1]: init success.
[03:41:28.842] RX< [6] [cam] [81959][tshell][sensor_set_mode:887]sensor [1]: SetMode -> mode = 1.
[03:41:28.842] RX< [6] [cam] [81960][tshell][sensor_send_reg_tab_to_sensor:705]sensor [1]: send_reg_tab_to_sensor E.
[03:41:28.842] RX< [6] [cam
[03:41:28.845] RX< ] [81964][tshell][sensor_send_reg_tab_to_sensor:751]sensor [1]: reg_count = 84.
[03:41:28.845] RX< [6] [cam] [81964][tshell][csc_init:731]ok! phys_id[1], phys_num[1]
[03:41:28.845] RX< [6] [cam] [81964][tshell][csc_get_bayer_single_buffer:1148]scenario_type: 1
[03:41:28.845] RX< [6] [cam] [81965][tshell][csc_se
[03:41:28.845] RX< t_stats_fmt:98]index 0 w 1 h 1 bw 8 wcmp 255
[03:41:28.845] RX< [7] [cam] [81965][tshell][bm_ioctl:201]BMIOC_STATS_FMT
[03:41:28.845] RX< [6] [cam] [81965][tshell][csc_set_fe_fmt:47]index 1 w 4032 h 3024 bw 10 wcmp 0
[03:41:28.845] RX< [7] [cam] [81966][tshell][bm_ioctl:201]BMIOC_FE_FMT
[03:41:28.845] RX< [6] [cam] [81966][tshel
[03:41:28.848] RX< l][csc_set_lite_fmt:115]index 2 w 1008 h 720 bw 8 wcmp 255
[03:41:28.848] RX< [7] [cam] [81967][tshell][bm_ioctl:201]BMIOC_LITE_FMT
[03:41:28.848] RX< [6] [cam] [81967][tshell][csc_set_lite_fmt:115]index 21 w 1008 h 720 bw 8 wcmp 255
[03:41:28.848] RX< [7] [cam] [81968][tshell][bm_ioctl:201]BMIOC_LITE_FMT
[03:41:28.848] RX< [6] 
[03:41:28.848] RX< [cam] [81968][tshell][csc_set_be_fmt:81]index 25 w 0 h 0 bw 8 wcmp 255
[03:41:28.848] RX< [7] [cam] [81968][tshell][bm_ioctl:201]BMIOC_BE_FMT
[03:41:28.848] RX< [6] [cam] [81968][tshell][csc_set_be_fmt:81]index 22 w 480 h 360 bw 8 wcmp 255
[03:41:28.848] RX< [7] [cam] [81969][tshell][bm_ioctl:201]BMIOC_BE_FMT
[03:41:28.850] RX< [6] [cam] [81969][tshell][csc_set_me_fmt:64]index 5 w 3024 h 4032 bw 10 wcmp 0, rdma_addr 0x8945f400, wdma_addr 0x8945f400
[03:41:28.850] RX< [7] [cam] [81970][tshell][bm_ioctl:201]BMIOC_ME_FMT
[03:41:28.850] RX< [6] [cam] [81970][tshell][csc_set_me_fmt:64]index 6 w 3024 h 4032 bw 8 wcmp 255,
[03:41:28.851] RX<  rdma_addr 0x8a247700, wdma_addr 0x8c000000
[03:41:28.851] RX< [6] [cam] [81971][tshell][cam_me_core_buffer_cfg:1416]
[03:41:28.851] RX< ----ME PIPE INFO---
[03:41:28.851] RX<  wdma_buf_num:1, rotation_en: 1
[03:41:28.851] RX< [7] [cam] [81971][tshell][cam_me_core_buffer_cfg:1424]yuv wdma_addr 0:0x8c000000, meta_en: 0, 0x00000000
[03:41:28.853] RX< 
[03:41:28.853] RX< [7] [cam] [81972][tshell][bm_ioctl:201]BMIOC_ME_FMT
[03:41:28.853] RX< [6] [cam] [81972][tshell][csc_init:739]get otp ok! phys_id[1], phys_num[1]
[03:41:28.853] RX< [6] [cam] [81973][tshell][cam_init:828]init ok! logic_id[0]
[03:41:28.853] RX< [34m[cam init] perf=21816(us)!
[03:41:28.853] RX< [0m[6] [App Cam] cam init succes
[03:41:28.853] RX< s
[03:41:28.853] RX< [7] [cam] [81974][tshell][cam_cpm_core_stream_on:560]id 0 sensor type 1
[03:41:28.853] RX< [6] [cam] [81974][tshell][sensor_stream_on:1024]sensor [1]: stream_on
[03:41:28.853] RX< [6] [cam] [81974][tshell][sensor_stream_on:1052]sensor [1]: REG: 0x100, W:0x1.
[03:41:28.853] RX< [6] [cam] [81975][tshell][senso
[03:41:28.878] RX< r_stream_on:1054]sensor [1]: REG: 0x100, R:0x1.
[03:41:28.878] RX< [6] [cam] [81975][tshell][csc_prv_start:873]ok! phys_id[1], phys_num[1], cam_ids[1]
[03:41:28.878] RX< [6] [cam] [81976][tshell][cam_start:938]preview start ok! logic_id[0]
[03:41:28.878] RX< [34m[cam start] perf=2325(us)!
[03:41:28.878] RX< [0m[6] [App Cam] ca
[03:41:28.878] RX< m start success
[03:41:28.878] RX< [6] [App Dfs] Gravity_XR Capture Start
[03:41:28.878] RX< msh /emmc>echo "__EVBTES[7] [cam] [81977][b_3a_sts][bayer_stats_core_irq_proc:164]thread start cid,0
[03:41:28.878] RX< [7] [cam] [81977][fe0][fe_core_irq_proc:98]thread start cid,0
[03:41:28.878] RX< T_END_15ee0905__"
[03:41:28.878] RX< __EVBTEST_END_15ee0
[03:41:28.962] TX> dfs_capture_start
[03:41:28.962] TX> echo "__EVBTEST_END_15ee0905__"
[03:41:29.378] RX< 905__
[03:41:29.378] RX< msh /emmc>[34m[AE] fid=0,exp=9999,adg=213,Y=2494,mtg=100,shg=100,bgbv=2961,iso=213,cnv0,hdr0
[03:41:29.378] RX< [0m[34m[b_ae0 proc] perf=2751(us), max=2751(us)!
[03:41:29.378] RX< [0m[34m[awb0 proc] perf=1319(us), max=1319(us)!
[03:41:29.378] RX< [0m[34m[AE conv] fid=14,exp=13257,adg=400,Y=5827,mtg
[03:41:29.378] RX< =580,shg=100,bgbv=1643,iso=400,cnv1,hdr1
[03:41:29.378] RX< [0m[7] [cam] [82482][fe0][_qpc_hdr_rslt_chk:1668]
[03:41:29.378] RX< ALG: EV0 t13257 g400 | EV+ t13257 g400 | EV- t8487 g100
[03:41:29.378] RX< [6] [cam] [82483][fe0][qpc_core_hdr_mapExp_cfg:1736]evMapExp set OK, typ:2 1 FF num:5 1 0
[03:41:29.378] RX< [34m[cap] FE sy
[03:41:29.458] RX< nc ME @fid14 as mod2 cfg0x01, cap 6frms @fid+2
[03:41:29.458] RX< [0m[7] [cam] [82485][qpc0][qpc_core_hdr_upd_sensor:559][HDRupd]: Sns cap-0 EV:0->2 st-13257 ag-400
[03:41:29.458] RX< [7] [cam] [82532][qpc0][qpc_core_hdr_upd_me:613][HDRupd] ME cap-0 EV:0->2, dg-100
[03:41:29.458] RX< [7] [JPEG] frame num=6, pr
[03:41:29.474] RX< e frame=1106830 Bytes
[03:41:29.474] RX< [exif] oFrm 0 evP 0 evM -253 bv 1640 exp 13257 iso 400 time 82538
[03:41:29.474] RX< [6] [cam] [82552][fe0][_cpm_cb_jpegInfo_proc:618]SnapStream E @ frm17!
[03:41:29.474] RX< [6] [cam] [82565][me0][cpm_cb_fe2me_tikChk:152]frm_length 33330us, fe2me delta 15
[03:41:29.474] RX< [32m[BE] fid=
[03:41:29.611] RX< 0, perf=5525(us), max=5525(us)!
[03:41:29.611] RX< [0m[34m[cap] fid: me0 fe18, perf=621637(us)!
[03:41:29.611] RX< [0m[7] [cam] [82598][me0][me_core_thread:359]ME out fid 0
[03:41:29.611] RX< [7] [cam] [82655][qpc0][qpc_core_hdr_upd_sensor:559][HDRupd]: Sns cap-5 EV:2->1 st-8487 ag-100
[03:41:29.611] RX< [exif] oFrm 5 evP 0 ev
[03:41:30.057] RX< M -253 bv 1640 exp 8487 iso 100 time 82710
[03:41:30.057] RX< [6] [cam] [82751][fe0][_cpm_cb_jpegInfo_proc:626]SnapStream X @ frm23!
[03:41:30.057] RX< [34m[cap] fid: me5 fe23, perf=33498(us)!
[03:41:30.057] RX< [0m[34m[AE] fid=30,exp=33039,adg=1600,Y=8154,mtg=415,shg=129,bgbv=-2081,iso=2119,cnv1,hdr1
[03:41:30.057] RX< [0m[6]
[03:41:30.057] RX<  [App Dfs] Gravity_XR Capture Stop Success: total frames = 6
[03:41:30.057] RX< [6] [cam] [83177][DfsSend][sensor_stream_off:1188]sensor [1]: stream_off
[03:41:30.057] RX< [6] [cam] [83178][DfsSend][sensor_stream_off:1217]sensor [1]: REG: 0x100, W:0x0.
[03:41:30.057] RX< [6] [cam] [83178][DfsSend][sensor_stream
[03:41:30.060] RX< _off:1219]sensor [1]: REG: 0x100, R:0x0.
[03:41:30.060] RX< [6] [cam] [83179][DfsSend][csc_prv_stop:983]ok! phys_id[1], phys_num[1], stop_type = 0
[03:41:30.060] RX< [6] [cam] [83179][DfsSend][cam_stop:1058]preview stop ok! logic_id[0]
[03:41:30.060] RX< [34m[cam stop] perf=2369(us)!
[03:41:30.060] RX< [0m[6] [App Cam] cam sto
[03:41:30.060] RX< p success
[03:41:30.060] RX< [7] [cam] [83180][DfsSend][cam_cpm_core_power_off:467]id,0 type,1 ret 0
[03:41:30.060] RX< [6] [cam] [83180][sif0][sif_irq_proc:174]thread release cid,0
[03:41:30.060] RX< [6] [cam] [83181][DfsSend][cam_sif_mgr_deinit:316]X
[03:41:30.060] RX< [6] [cam] [83181][DfsSend][cam_deinit:887]deinit ok! logic
[03:41:30.063] RX< _id[0]
[03:41:30.063] RX< [34m[cam deinit] perf=1398(us)!
[03:41:30.063] RX< [0m[6] [App Cam] cam deinit success
[03:41:30.063] RX< [6] [cam] [83182][DfsSend][sensor_close:1292]sensor [1]: close!
[03:41:30.063] RX< [6] [cam] [83182][DfsSend][cam_bm_core_deinit:136]X
[03:41:30.063] RX< [INFO]	cpm[0] snsType1 capMod2 cfg0x01 6frms
[03:41:30.063] RX< [6] [cam] [8318
[03:41:30.063] RX< 3][be0][be_core_irq_proc:329]thread release cid,0
[03:41:30.063] RX< [6] [cam] [83183][DfsSend][cam_be_core_deinit:793]X
[03:41:30.063] RX< [6] [cam] [83183][me0][me_core_thread:404]thread release cid,0
[03:41:30.063] RX< [6] [cam] [83184][DfsSend][cam_me_core_deinit:1551]X
[03:41:30.063] RX< [6] [cam] [83184][fe0][fe_core_irq_p
[03:41:30.066] RX< roc:121]thread release cid,0
[03:41:30.066] RX< [6] [cam] [83184][DfsSend][cam_fe_core_deinit:536]X
[03:41:30.066] RX< [6] [cam] [83185][b_3a_sts][bayer_stats_core_irq_proc:193]thread release cid,0
[03:41:30.066] RX< [6] [cam] [83185][DfsSend][cam_bayer_stats_core_deinit:512]X
[03:41:30.066] RX< [6] [cam] [83186][lite0][lite_cor
[03:41:30.066] RX< e_irq_proc:190]thread release cid,0
[03:41:30.066] RX< [6] [cam] [83186][DfsSend][cam_lite_core_deinit:556]X
[03:41:30.066] RX< [6] [cam] [83186][b_ae0][a5_core_wrapper_task:315]thread release cid,0,algo,0
[03:41:30.066] RX< [6] [cam] [83186][DfsSend][bayer_ae_wrapper_deinit:204]X
[03:41:30.066] RX< [6] [cam] [83187][atf0][a5_co
[03:41:30.068] RX< re_wrapper_task:315]thread release cid,0,algo,1
[03:41:30.068] RX< [6] [cam] [83187][DfsSend][atf_wrapper_deinit:153]X
[03:41:30.068] RX< [6] [cam] [83188][awb0][a5_core_wrapper_task:315]thread release cid,0,algo,2
[03:41:30.068] RX< [6] [cam] [83188][DfsSend][awb_wrapper_deinit:153]X
[03:41:30.068] RX< [6] [cam] [83188][DfsSend
[03:41:30.068] RX< ][cam_5a_core_deinit:555]X
[03:41:30.068] RX< [6] [cam] [83189][DfsSend][cam_5a_inf_deinit:149]X
[03:41:30.068] RX< [6] [cam] [83189][qpc0][qpc_core_msg_proc:705]thread release cid,0
[03:41:30.068] RX< [6] [cam] [83189][DfsSend][qpc_core_deinit:1413]X
[03:41:30.068] RX< [6] [cam] [83190][DfsSend][cam_cpm_core_deinit:1248]X
[03:41:30.068] RX< [6] [
[03:41:30.077] RX< cam] [83190][DfsSend][csc_close:656]ok! phys_id[1], phys_num[1]
[03:41:30.077] RX< [7] [cam] [83190][cer0][cer_recovery_proc:352]msg type = 254
[03:41:30.077] RX< [6] [cam] [83191][cer0][cer_recovery_proc:454]thread release cid,0
[03:41:30.077] RX< [6] [cam] [83191][DfsSend][cer_deinit:560]X
[03:41:30.077] RX< [6] [cam] [83191][
[03:41:30.077] RX< DfsSend][cam_close:789]close ok! logic_id[0]
[03:41:30.077] RX< [34m[cam close] perf=9852(us)!
[03:41:30.077] RX< [0m[6] [App Cam] cam close success
[03:41:30.077] RX< [6] [cam] [83192][cpl0][cam_prelude_proc_routine:136]thread release
[03:41:30.077] RX< [6] [cam] [83192][DfsSend][cam_exit:571]exit ok!
[03:41:30.077] RX< [34m[cam exit] perf=65
[03:41:32.078] RX< 2(us)!
[03:41:32.078] RX< [0m[6] [App Cam] cam exit success
[03:41:32.078] RX< [6] [App Cam] jpeg deinit success
[03:41:32.078] RX< [6] [App Dfs] Save Photo Successful: /emmc/PIC/20260101_000121_1976/
[03:41:32.078] RX< [6] [App Dfs] Capture completed successfully.
[03:41:35.461] TX> cam_set video 1080p
[03:41:35.461] TX> echo "__EVBTEST_END_13c43109__"
[03:41:36.082] RX< cam_set video 1080p
[03:41:36.082] RX< [6] [App Dfs] w(1920) * h(1080) is 1080p, eis 1
[03:41:36.082] RX< msh /emmc>echo "__EVBTEST_END_13c43109__"
[03:41:36.082] RX< __EVBTEST_END_13c43109__
[03:41:36.082] RX< msh /emmc>
[03:41:36.234] RX< dfs_video_start
[03:41:36.234] RX< [7] [cam] [89351][tshell][cgm_parse_bin:104]total logical camera num: 1
[03:41:36.234] RX< [6] [cam] [89351][tshell][cam_prelude_create:187]E id, 0
[03:41:36.234] RX< [7] [cam] [89351][cpl0][cam_prelude_proc_routine:101]thread start
[03:41:36.234] RX< [6] [cam] [89351][tshell][cam_prelude_create
[03:41:36.234] RX< :214]X ctx size 132 addr 0x884de898
[03:41:36.234] RX< [6] [cam] [89356][tshell][sensor_probe:418]sensor [1]: identifing 0 success.
[03:41:36.234] RX< [6] [cam] [89356][tshell][sensor_probe:441]sensor [1]: probe exit!
[03:41:36.234] RX< [6] [cam] [89356][tshell][cam_prelude_fast_probe:251]cam: 0 probe result: 0
[03:41:36.237] RX< 
[03:41:36.237] RX< [6] [cam] [89357][tshell][cgm_parse_bin:218]cam(0) probe success
[03:41:36.237] RX< [6] [cam] [89357][tshell][cam_entry:455]entry ok
[03:41:36.237] RX< [34m[cam entry] perf=7236(us)!
[03:41:36.237] RX< [0m[6] [App Cam] cam entry success
[03:41:36.237] RX< [7] [cam] [89358][tshell][cam_solve_layout:350][mLayout] param OK, sce
[03:41:36.240] RX< n3 iw4032 ih2268 ow1920 oh1080 gdc 0x1
[03:41:36.240] RX< [36m[mLayout] scen03 in=4032x2268,out=1920x1080 meRot1 stripe0 gdcOn1
[03:41:36.240] RX< [0m[36m[mLayout] scen03 14entries solved status=OK retry=0 rtmp=enabled (cursor0=0x8a00f210 cursor1=0x88e20aa0, ch0/1/2 cnt=5/3/1)
[03:41:36.240] RX< [0m[7] [cam
[03:41:36.240] RX< ] [89359][tshell][cam_solve_layout:377]
[03:41:36.240] RX< [mLayout] out vol 0x8c000000 rBuf 0x8a5e5400 sz 0xd00000 wBuf 0x89700000 sz 0x900000
[03:41:36.240] RX<           rtmp tBuf 0x8a10f210 sz 0x80000 aBuf 0x8a08f210 sz 0x80000
[03:41:36.240] RX<        alg EIS buf 0x8a00f210
[03:41:36.240] RX< [7] [cam] [89361][tshell][cam
[03:41:36.243] RX< _solve_layout:397]Solve Scen3 layout Done!
[03:41:36.243] RX< [6] [cam] [89361][tshell][cgm_parse_media_para:274]phy cam num: 1
[03:41:36.243] RX< [7] [cam] [89362][cer0][cer_recovery_proc:343]thread start cid, 0
[03:41:36.243] RX< [6] [cam] [89362][tshell][csc_open:499]SENSOR MCLK cal: 24MHz
[03:41:36.243] RX< [6] [cam] [89363]
[03:41:36.243] RX< [tshell][csc_isp_clk_cal:344]MIPI CLK cal: 277MHz
[03:41:36.243] RX< [6] [cam] [89363][tshell][csc_isp_clk_cal:374]LITE CLK cal: 25MHz
[03:41:36.243] RX< [7] [cam] [89363][tshell][cpc_csi_rx_power_on:633]E id: 2
[03:41:36.243] RX< [4] [cam] [89364][tshell][cpc_csi_rx_power_on:644]csi_2 has already power on, STA
[03:41:36.248] RX< TUS: 1
[03:41:36.248] RX< [6] [cam] [89364][tshell][cpc_update_clock:603]actual SNS mclk: 24MHz
[03:41:36.248] RX< [6] [cam] [89364][tshell][cpc_update_clock:608]actual MIPI0: 300MHz
[03:41:36.248] RX< [6] [cam] [89365][tshell][cpc_update_clock:598]actual LITE clk: 25MHz
[03:41:36.248] RX< [7] [cam] [89365][tshell][cam_prelude_o
[03:41:36.248] RX< pen:297][34msnsOpen camID1 csiID0 phyIdx0[0m
[03:41:36.248] RX< [6] [cam] [89369][tshell][sensor_expo_gain_match:48]sensor get sensor expo gain of imx681_vst
[03:41:36.248] RX< [6] [cam] [89369][tshell][sensor_open:684]sensor [1] open OK.
[03:41:36.248] RX< [6] [cam] [89369][tshell][cam_cpm_parse_media:295]v
[03:41:36.251] RX< ideo scenario:3, media para[fps:0, mirror_en:0, flip_en:0]
[03:41:36.251] RX< [6] [cam] [89369][tshell][cam_cpm_parse_media:298]video scenario, media para[iso:0, gain:0, wb_mode:0]
[03:41:36.251] RX< [6] [cam] [89370][tshell][csc_isp_clk_cal:355]FE CLK cal: 373MHz, ME CLK cal: 371MHz, FE/ME C
[03:41:36.251] RX< LK cal: 410MHz
[03:41:36.251] RX< [6] [cam] [89371][tshell][csc_isp_clk_cal:364]BE CLK cal: 301MHz
[03:41:36.251] RX< [4] [cam] [89371][tshell][cam_fe_core_power_on:269]fe pipe has already power on, STATUS: 1
[03:41:36.251] RX< [6] [cam] [89372][tshell][cpc_update_clock:588]actual FE/ME clk: 500MHz
[03:41:36.251] RX< [4] [cam] [
[03:41:36.254] RX< 89372][tshell][cam_be_core_power_on:1028]be pipe has already power on, STATUS: 1
[03:41:36.254] RX< [6] [cam] [89373][tshell][cpc_update_clock:593]actual BE clk: 500MHz
[03:41:36.254] RX< [7] [cam] [89373][tshell][cam_cpm_core_power_on:435]id,0 type,1 ret 0
[03:41:36.254] RX< [6] [cam] [89373][tshell][cam_cpm_c
[03:41:36.254] RX< ore_init:1017]E id,0 sensor type,1
[03:41:36.254] RX< [6] [cam] [89375][tshell][cpm_core_check_tuningbin:957]Tuning bin crc check PASS! sum 0x17a5964, xor 0x87e82682
[03:41:36.254] RX< [6] [cam] [89375][tshell][qpc_tuning_check_iqbin_validness:396]IQ bin addr: 0x88646660, project_name: video_
[03:41:36.257] RX< 3M
[03:41:36.257] RX< [6] [cam] [89376][tshell][qpc_tuning_check_iqbin_validness:397]total_size: 94400
[03:41:36.257] RX< [6] [cam] [89376][tshell][qpc_tuning_check_iqbin_validness:398]id_count: 93. ID_TOTAL: 94
[03:41:36.257] RX< [6] [cam] [89377][tshell][qpc_tuning_check_iqbin_validness:399]spinel tuning dat
[03:41:36.257] RX< a ver: V1.30
[03:41:36.257] RX< [6] [cam] [89377][tshell][cpm_core_check_tuningbin:971]IQ bin check success!
[03:41:36.257] RX< [6] [cam] [89378][tshell][cam_bm_core_init:94]E
[03:41:36.257] RX< [6] [cam] [89378][tshell][bm_lab_init:174]X ctx size 4 addr 0x884b98d0
[03:41:36.257] RX< [6] [cam] [89379][tshell][cam_bm_core_init:11
[03:41:36.271] RX< 4]X ctx size 180 addr 0x884c2678
[03:41:36.271] RX< [6] [cam] [89379][tshell][qpc_core_init:1299]E id,0
[03:41:36.271] RX< [6] [cam] [89379][tshell][qpc_queue_init:65]QPC init qnodes 8, size 508, pool 0x884df638
[03:41:36.271] RX< [7] [cam] [89379][tshell][_qpc_get_cap_cfg_para:896][fallback]preset capCfg 200 0
[03:41:36.271] RX<  0 invalid, use default
[03:41:36.271] RX< [7] [cam] [89380][tshell][_qpc_cfg_hdr_frms:840][fallback]preset hdrCfg 0 0 0 0 0 invalid, use default
[03:41:36.271] RX< [6] [cam] [89392][tshell][qpc_core_init:1347]X ctx size 1288 addr 0x884c2740
[03:41:36.271] RX< [6] [cam] [89392][tshell][cpm_core_get_param:764]cp
[03:41:36.274] RX< m para chk: tunBin-w 4032 h 2266 img-w 4032 h 2268
[03:41:36.274] RX< [6] [cam] [89393][tshell][cam_fe_core_init:436]E id,0
[03:41:36.274] RX< [6] [cam] [89393][tshell][cam_fe_core_init:490]X ctx size 96 addr 0x884c33f0
[03:41:36.274] RX< [7] [cam] [89394][tshell][qpc_core_fe_chords_init:1763][34mqpc fe init 
[03:41:36.275] RX< snsOut w 4032 h 2268, tbl w 28 h 20[0m
[03:41:36.275] RX< [6] [cam] [89394][tshell][cam_me_core_init:1523]X ctx size 1352 addr 0x884f1b28
[03:41:36.275] RX< [34m[ME SLICE CFG] perf=465(us)!
[03:41:36.275] RX< [0m[6] [cam] [89396][tshell][cam_bayer_fe_3a_stats_core_init:445]fe 3a id,0
[03:41:36.275] RX< [6] [cam] [89396][tshel
[03:41:36.277] RX< l][cam_bayer_fe_3a_stats_core_init:490]X ctx size 132 addr 0x884fa548
[03:41:36.277] RX< [6] [cam] [89397][tshell][cam_be_core_init:621]E id,0
[03:41:36.277] RX< [7] [cam] [89397][be0][be_core_irq_proc:270]thread start cid,0
[03:41:36.277] RX< [6] [cam] [89397][tshell][cam_be_core_init:716]X ctx size 472 addr 0
[03:41:36.277] RX< x884fa8d8
[03:41:36.277] RX< [6] [cam] [89398][tshell][awb_wrapper_init:66]xxx awb_bin=0x884e18fc, awb_bin_length=8068
[03:41:36.277] RX< [6] [cam] [89398][tshell][awb_wrapper_init:86]X algo_handle 0x88501800
[03:41:36.277] RX< [7] [cam] [89399][awb0][a5_core_wrapper_task:252]thread start cid,0 algo type,2
[03:41:36.277] RX< [6]
[03:41:36.282] RX<  [cam] [89399][tshell][a5_core_init_task:426]thread created: awb0 mq=0x885038c0 thread=0x885039d8 sem=0x88503850 ret=0
[03:41:36.282] RX< [6] [cam] [89400][tshell][bayer_ae_wrapper_init:68]E id,0 proc mode 0 
[03:41:36.282] RX< 
[03:41:36.282] RX< [AEC Proc] @[allib_ae_set_debug_log_flag] Line:129:[DEBUG] debug
[03:41:36.282] RX<  level/to_file/to_terminal: 22/1/1
[03:41:36.282] RX< [AEC Proc] @[AeInit] Line:377:[INFO] AE ver: 2026_V2.269
[03:41:36.282] RX< 
[03:41:36.282] RX< [AEC Proc] @[allib_ae_loadfunc] Line:193:[INFO] camera ID: 0
[03:41:36.282] RX< [AEC Proc] @[alAE_set_param] Line:576:[DEBUG] sw_maxtime 33004 ,pertline 10800, after check sensor st
[03:41:36.284] RX< ep sw_max_time 33000.00
[03:41:36.284] RX< [AEC Proc] @[alAE_set_param] Line:581:[DEBUG] sw_mintime 43 ,pertline 10800, after check sensor step sw_min_time 40.00
[03:41:36.284] RX< [AEC Proc] @[alAE_set_param] Line:514:[DEBUG] DEBUG minbv exptime 11 gain 100, minExpBV 13810
[03:41:36.284] RX< [AEC Proc] @[AeTu
[03:41:36.284] RX< ningParseSet] Line:167:[DEBUG] aeparam version 2.268 60803
[03:41:36.284] RX< [AEC Proc] @[alAE_set_param] Line:341:[DEBUG] INITEXP gain 100, shutter 33242, midtonegain 100, bv 2247
[03:41:36.284] RX< [6] [cam] [89406][tshell][bayer_ae_wrapper_init:119]X tline 10800 max_exp 33004 alg_hdl 0x88
[03:41:36.285] TX> dfs_video_start
[03:41:36.285] TX> echo "__EVBTEST_END_cf22bcbe__"
[03:41:36.287] RX< 506188 
[03:41:36.287] RX< [7] [cam] [89406][b_ae0][a5_core_wrapper_task:252]thread start cid,0 algo type,0
[03:41:36.287] RX< [6] [cam] [89407][tshell][a5_core_init_task:426]thread created: b_ae0 mq=0x88507238 thread=0x88507350 sem=0x885071c8 ret=0
[03:41:36.287] RX< [6] [cam] [89407][tshell][atf_wrapper_init:
[03:41:36.287] RX< 67]E id,0
[03:41:36.287] RX< [6] [cam] [89408][tshell][atf_wrapper_init:107]X alg_ctx addr 0x88507728
[03:41:36.287] RX< [7] [cam] [89408][atf0][a5_core_wrapper_task:252]thread start cid,0 algo type,1
[03:41:36.287] RX< [6] [cam] [89409][tshell][a5_core_init_task:426]thread created: atf0 mq=0x88507860 thread=0
[03:41:36.298] RX< x88507978 sem=0x885077f0 ret=0
[03:41:36.298] RX< [6] [cam] [89409][tshell][cam_cpm_core_init:1101]GDC enabled: video_eis=1, photo_warp=0
[03:41:36.298] RX< [6] [cam] [89418][tshell][cam_dewarp_init:333]table reg: enable:1, blockw:5, inw:1296, inh:2304, mapw:61, maph:35, outw:1920, outh:1080
[03:41:36.298] RX< [6] [cam] [89418][tshell][cam_dewarp_init:354]dewarp init: real-IMU consumer registered, reader=0x88507c78
[03:41:36.298] RX< [6] [cam] [89419][dwp0][dewarp_thread_entry:164]dewarp thread start, id=0
[03:41:36.298] RX< [6] [cam] [89419][tshell][cam_dewarp_init:379]EIS: dewarp init ok: dwp0 ei
[03:41:36.305] RX< s_ctx=0x8a00f210 table_size=12810 reg=61x35x5
[03:41:36.305] RX< [6] [cam] [89420][tshell][cam_cpm_core_init:1131]EIS: dewarp enabled, eis_ctx=0x8a00f210, eis_cfg=0x884c25c4
[03:41:36.305] RX< [6] [cam] [89420][tshell][cam_cpm_core_init:1149]X ctx size 1096 addr 0x884c2220
[03:41:36.305] RX< [6] [cam] [89421][
[03:41:36.305] RX< tshell][csc_open:599]ok! phys_id[1], phys_num[1] 
[03:41:36.305] RX< [6] [cam] [89421][tshell][cam_open:738]open ok! camera_id[0]
[03:41:36.305] RX< [34m[cam open] perf=63926(us)!
[03:41:36.305] RX< [0m[6] [App Cam] cam open success
[03:41:36.305] RX< [6] [cam] [89427][tshell][csc_init:722]sensor info:size:4032x2268, formt: 0x
[03:41:36.308] RX< 2b, bps: 1968, tline: 10800
[03:41:36.308] RX< [6] [cam] [89427][tshell][cam_sif_mgr_init:261]E id,0
[03:41:36.308] RX< [7] [cam] [89428][sif0][sif_irq_proc:151]thread start cid,0
[03:41:36.308] RX< [6] [cam] [89428][tshell][cam_sif_mgr_init:293]X ctx size 52 addr 0x885446a8
[03:41:36.308] RX< [6] [cam] [89429][tshell][cam_prelu
[03:41:36.308] RX< de_init_cfg:368]CSI ID is 0,  phy lanes is 2.
[03:41:36.308] RX< [7] [cam] [89429][tshell][check_phy_ready:96]MIPI_PHY[0] is ready
[03:41:36.308] RX< [6] [cam] [89430][tshell][sensor_init:348]sensor [1]: register ok
[03:41:36.308] RX< [6] [cam] [89430][tshell][sensor_set_mode:887]sensor [1]: SetMode -> mode = 0
[03:41:36.316] RX< .
[03:41:36.316] RX< [6] [cam] [89430][tshell][sensor_send_reg_tab_to_sensor:705]sensor [1]: send_reg_tab_to_sensor E.
[03:41:36.316] RX< [6] [cam] [89434][tshell][sensor_send_reg_tab_to_sensor:751]sensor [1]: reg_count = 77.
[03:41:36.316] RX< [6] [cam] [89434][tshell][sensor_init:361]sensor [1]: init success.
[03:41:36.319] RX< 
[03:41:36.319] RX< [6] [cam] [89434][tshell][sensor_set_mode:887]sensor [1]: SetMode -> mode = 3.
[03:41:36.319] RX< [6] [cam] [89435][tshell][sensor_send_reg_tab_to_sensor:705]sensor [1]: send_reg_tab_to_sensor E.
[03:41:36.319] RX< [6] [cam] [89439][tshell][sensor_send_reg_tab_to_sensor:751]sensor [1]: reg_c
[03:41:36.320] RX< ount = 83.
[03:41:36.320] RX< [6] [cam] [89439][tshell][csc_init:731]ok! phys_id[1], phys_num[1]
[03:41:36.320] RX< [6] [cam] [89439][tshell][csc_get_bayer_single_buffer:1148]scenario_type: 3
[03:41:36.320] RX< [6] [cam] [89440][tshell][csc_set_stats_fmt:98]index 0 w 1 h 1 bw 8 wcmp 255
[03:41:36.320] RX< [7] [cam] [89440][tshel
[03:41:36.322] RX< l][bm_ioctl:201]BMIOC_STATS_FMT
[03:41:36.322] RX< [6] [cam] [89440][tshell][csc_set_fe_fmt:47]index 1 w 4032 h 2268 bw 10 wcmp 0
[03:41:36.322] RX< [7] [cam] [89441][tshell][bm_ioctl:201]BMIOC_FE_FMT
[03:41:36.322] RX< [6] [cam] [89441][tshell][csc_set_me_fmt:64]index 5 w 2268 h 4032 bw 10 wcmp 0, rdma_addr 0x
[03:41:36.322] RX< 88e43800, wdma_addr 0x88e43800
[03:41:36.322] RX< [7] [cam] [89442][tshell][bm_ioctl:201]BMIOC_ME_FMT
[03:41:36.322] RX< [6] [cam] [89442][tshell][csc_set_video_fmt:1076]meta_addr: 0x8a18f240
[03:41:36.322] RX< [6] [cam] [89443][tshell][csc_set_me_fmt:64]index 6 w 1296 h 2304 bw 8 wcmp 0, rdma_addr 0x8b2e5400,
[03:41:36.325] RX<  wdma_addr 0x8a19fc00
[03:41:36.325] RX< [6] [cam] [89443][tshell][cam_me_core_buffer_cfg:1416]
[03:41:36.325] RX< ----ME PIPE INFO---
[03:41:36.325] RX<  wdma_buf_num:2, rotation_en: 1
[03:41:36.325] RX< [7] [cam] [89444][tshell][cam_me_core_buffer_cfg:1424]yuv wdma_addr 0:0x8a19fc00, meta_en: 1, 0x8a18f240
[03:41:36.325] RX< [7] [cam] [89444][t
[03:41:36.325] RX< shell][cam_me_core_buffer_cfg:1424]yuv wdma_addr 1:0x8a3c2800, meta_en: 1, 0x8a18f240
[03:41:36.325] RX< [7] [cam] [89445][tshell][bm_ioctl:201]BMIOC_ME_FMT
[03:41:36.325] RX< [6] [cam] [89445][tshell][csc_set_lite_fmt:115]index 13 w 400 h 400 bw 10 wcmp 255
[03:41:36.325] RX< [7] [cam] [89446][tshell][bm_ioct
[03:41:36.327] RX< l:201]BMIOC_LITE_FMT
[03:41:36.327] RX< [6] [cam] [89446][tshell][csc_set_lite_fmt:115]index 14 w 400 h 400 bw 10 wcmp 255
[03:41:36.327] RX< [7] [cam] [89447][tshell][bm_ioctl:201]BMIOC_LITE_FMT
[03:41:36.327] RX< [6] [cam] [89447][tshell][csc_set_be_fmt:81]index 7 w 1920 h 1080 bw 6 wcmp 0
[03:41:36.327] RX< [7] [cam] [89447][
[03:41:36.328] RX< tshell][bm_ioctl:201]BMIOC_BE_FMT
[03:41:36.328] RX< [6] [cam] [89448][tshell][csc_set_be_fmt:81]index 8 w 1920 h 1080 bw 8 wcmp 255
[03:41:36.328] RX< [7] [cam] [89448][tshell][bm_ioctl:201]BMIOC_BE_FMT
[03:41:36.328] RX< [6] [cam] [89448][tshell][cam_dewarp_set_table_base:480]dewarp table base updated: [0]=0x
[03:41:36.330] RX< 88e20aa0 [1]=0x88e32150
[03:41:36.330] RX< [6] [cam] [89449][tshell][cam_cpm_core_set_dewarp_table_base:1611]dewarp table base updated: [0]=0x88e20aa0 [1]=0x88e32150
[03:41:36.330] RX< [6] [cam] [89449][tshell][csc_init:739]get otp ok! phys_id[1], phys_num[1]
[03:41:36.330] RX< [6] [cam] [89450][tshell][cam_in
[03:41:36.330] RX< it:828]init ok! logic_id[0]
[03:41:36.330] RX< [34m[cam init] perf=23289(us)!
[03:41:36.330] RX< [0m[6] [App Cam] cam init success
[03:41:36.330] RX< [7] [cam] [89451][tshell][cam_cpm_core_stream_on:560]id 0 sensor type 1
[03:41:36.330] RX< [6] [cam] [89451][tshell][sensor_stream_on:1024]sensor [1]: stream_on
[03:41:36.330] RX< [6] [cam] [89452]
[03:41:36.348] RX< [tshell][sensor_stream_on:1052]sensor [1]: REG: 0x100, W:0x1.
[03:41:36.348] RX< [6] [cam] [89452][tshell][sensor_stream_on:1054]sensor [1]: REG: 0x100, R:0x1.
[03:41:36.348] RX< [6] [cam] [89452][tshell][csc_prv_start:873]ok! phys_id[1], phys_num[1], cam_ids[1]
[03:41:36.348] RX< [6] [cam] [89453][tshell][cam
[03:41:36.349] RX< _start:938]preview start ok! logic_id[0]
[03:41:36.349] RX< [34m[cam start] perf=2325(us)!
[03:41:36.349] RX< [0m[6] [App Cam] cam start success
[03:41:36.349] RX< [6] [App Dfs] Gravity_XR Record Start
[03:41:36.349] RX< msh /emmc>echo "__EVBTEST_END_cf22bcbe__"
[03:41:36.349] RX< __EVBTEST_END_cf22bcbe__
[03:41:36.349] RX< msh /emmc>[7] [cam] [89455][b_3a_sts][ba
[03:41:36.466] RX< yer_stats_core_irq_proc:164]thread start cid,0
[03:41:36.466] RX< [7] [cam] [89455][fe0][fe_core_irq_proc:98]thread start cid,0
[03:41:36.466] RX< [34m[AE] fid=0,exp=7840,adg=100,Y=5285,mtg=100,shg=100,bgbv=4307,iso=100,cnv0,hdr0
[03:41:36.466] RX< [0m[34m[b_ae0 proc] perf=2804(us), max=2804(us)!
[03:41:36.466] RX< [0m[34m[
[03:41:36.639] RX< awb0 proc] perf=1287(us), max=1287(us)!
[03:41:36.639] RX< [0m[7] [cam] [89587][me0][me_core_thread:359]ME out fid 0
[03:41:36.639] RX< [6] [cam] [89634][dwp0][cpm_cb_dewarp_handle:1411]EIS: dewarp done frm=0, buf_idx=0
[03:41:36.639] RX< [6] [cam] [89746][me0][cpm_cb_fe2me_tikChk:152]frm_length 88560us, fe2me 
[03:41:37.627] RX< delta 0
[03:41:37.627] RX< [34m[ME INTP]fid=0, shutter=7840, perf=793(us), max=793(us)!
[03:41:37.627] RX< [0m[32m[BE] fid=0, perf=6382(us), max=6382(us)!
[03:41:37.627] RX< [0m[6] [App Dfs] f_index = 0, f_len = 29108, cur_total_len = 29196
[03:41:37.627] RX< [34m[AE] fid=30,exp=11430,adg=300,Y=4464,mtg=180,shg=100,bgbv=1237,
[03:41:39.629] RX< iso=300,cnv2,hdr0
[03:41:39.629] RX< [0m[7] [cam] [90753][me0][me_core_thread:359]ME out fid 30
[03:41:39.629] RX< [34m[AE] fid=60,exp=11500,adg=300,Y=4449,mtg=180,shg=100,bgbv=1220,iso=300,cnv2,hdr0
[03:41:39.629] RX< [0m[7] [cam] [91753][me0][me_core_thread:359]ME out fid 60
[03:41:39.629] RX< [34m[AE] fid=90,exp=11660,adg=3
[03:41:39.981] RX< 00,Y=4477,mtg=180,shg=100,bgbv=1213,iso=300,cnv2,hdr0
[03:41:39.981] RX< [0m[34m[b_ae0 proc] perf=466(us), max=2804(us)!
[03:41:39.981] RX< [0m[34m[awb0 proc] perf=1312(us), max=3345(us)!
[03:41:39.981] RX< [0m[7] [cam] [92753][me0][me_core_thread:359]ME out fid 90
[03:41:39.981] RX< [32m[BE] fid=90, perf=8623(us), max=9498
[03:41:40.735] RX< (us)!
[03:41:40.735] RX< [0m[6] [App Dfs] f_index = 90, f_len = 164471, cur_total_len = 6794948
[03:41:40.735] RX< [34m[AE] fid=120,exp=11660,adg=300,Y=4477,mtg=180,shg=100,bgbv=1213,iso=300,cnv2,hdr0
[03:41:40.735] RX< [0m[7] [cam] [93752][me0][me_core_thread:359]ME out fid 120
[03:41:40.735] RX< [34m[ME INTP]fid=120, shutter
[03:41:42.628] RX< =11660, perf=3(us), max=4490(us)!
[03:41:42.628] RX< [0m[34m[AE] fid=150,exp=11670,adg=300,Y=4470,mtg=180,shg=100,bgbv=1209,iso=300,cnv2,hdr0
[03:41:42.628] RX< [0m[7] [cam] [94752][me0][me_core_thread:359]ME out fid 150
[03:41:42.628] RX< [34m[AE] fid=180,exp=11670,adg=300,Y=4471,mtg=180,shg=100,bgbv=1209,i
[03:41:43.006] RX< so=300,cnv2,hdr0
[03:41:43.006] RX< [0m[34m[b_ae0 proc] perf=429(us), max=621(us)!
[03:41:43.006] RX< [0m[34m[awb0 proc] perf=1309(us), max=1666(us)!
[03:41:43.006] RX< [0m[7] [cam] [95752][me0][me_core_thread:359]ME out fid 180
[03:41:43.006] RX< [32m[BE] fid=180, perf=8680(us), max=8680(us)!
[03:41:43.006] RX< [0m[6] [App Dfs] f_index = 18
[03:41:44.645] RX< 0, f_len = 170439, cur_total_len = 6599753
[03:41:44.645] RX< [34m[AE] fid=210,exp=11650,adg=300,Y=4490,mtg=180,shg=100,bgbv=1217,iso=300,cnv2,hdr0
[03:41:44.645] RX< [0m[7] [cam] [96752][me0][me_core_thread:359]ME out fid 210
[03:41:44.645] RX< [34m[AE] fid=240,exp=11650,adg=300,Y=4497,mtg=180,shg=100,bgbv=1
[03:41:45.629] RX< 217,iso=300,cnv2,hdr0
[03:41:45.629] RX< [0m[6] [cam] [97744][dwp0][cpm_cb_dewarp_handle:1411]EIS: dewarp done frm=240, buf_idx=0
[03:41:45.629] RX< [7] [cam] [97752][me0][me_core_thread:359]ME out fid 240
[03:41:45.629] RX< [34m[ME INTP]fid=240, shutter=11650, perf=3(us), max=695(us)!
[03:41:45.629] RX< [0m[34m[AE] fid=270,ex
[03:41:45.981] RX< p=11650,adg=300,Y=4494,mtg=180,shg=100,bgbv=1217,iso=300,cnv2,hdr0
[03:41:45.981] RX< [0m[34m[b_ae0 proc] perf=411(us), max=754(us)!
[03:41:45.981] RX< [0m[34m[awb0 proc] perf=1428(us), max=1729(us)!
[03:41:45.981] RX< [0m[7] [cam] [98752][me0][me_core_thread:359]ME out fid 270
[03:41:45.981] RX< [32m[BE] fid=270, perf=8667
[03:41:47.626] RX< (us), max=8711(us)!
[03:41:47.626] RX< [0m[6] [App Dfs] f_index = 270, f_len = 166590, cur_total_len = 6567864
[03:41:47.626] RX< [34m[AE] fid=300,exp=11670,adg=300,Y=4464,mtg=180,shg=100,bgbv=1209,iso=300,cnv2,hdr0
[03:41:47.626] RX< [0m[7] [cam] [99752][me0][me_core_thread:359]ME out fid 300
[03:41:47.626] RX< [34m[AE] fid=3
[03:41:48.628] RX< 30,exp=11680,adg=300,Y=4438,mtg=180,shg=100,bgbv=1201,iso=300,cnv2,hdr0
[03:41:48.628] RX< [0m[7] [cam] [100751][me0][me_core_thread:359]ME out fid 330
[03:41:48.628] RX< [34m[AE] fid=360,exp=11750,adg=300,Y=4441,mtg=180,shg=100,bgbv=1196,iso=300,cnv2,hdr0
[03:41:48.628] RX< [0m[34m[b_ae0 proc] perf=420(us),
[03:41:49.003] RX<  max=666(us)!
[03:41:49.003] RX< [0m[34m[awb0 proc] perf=1297(us), max=1576(us)!
[03:41:49.003] RX< [0m[7] [cam] [101751][me0][me_core_thread:359]ME out fid 360
[03:41:49.003] RX< [34m[ME INTP]fid=360, shutter=11750, perf=4(us), max=2801(us)!
[03:41:49.003] RX< [0m[32m[BE] fid=360, perf=8635(us), max=8728(us)!
[03:41:49.003] RX< [0m[6] [App 
[03:41:50.625] RX< Dfs] f_index = 360, f_len = 166468, cur_total_len = 6566353
[03:41:50.625] RX< [34m[AE] fid=390,exp=11740,adg=300,Y=4461,mtg=180,shg=100,bgbv=1200,iso=300,cnv2,hdr0
[03:41:50.625] RX< [0m[7] [cam] [102751][me0][me_core_thread:359]ME out fid 390
[03:41:50.625] RX< [34m[AE] fid=420,exp=11720,adg=300,Y=4487,mtg=
[03:41:51.628] RX< 180,shg=100,bgbv=1208,iso=300,cnv2,hdr0
[03:41:51.628] RX< [0m[7] [cam] [103751][me0][me_core_thread:359]ME out fid 420
[03:41:51.628] RX< [34m[AE] fid=450,exp=11620,adg=300,Y=4500,mtg=180,shg=100,bgbv=1225,iso=300,cnv2,hdr0
[03:41:51.628] RX< [0m[34m[b_ae0 proc] perf=398(us), max=602(us)!
[03:41:51.628] RX< [0m[34m[awb0 pr
[03:41:52.643] RX< oc] perf=1317(us), max=1514(us)!
[03:41:52.643] RX< [0m[7] [cam] [104751][me0][me_core_thread:359]ME out fid 450
[03:41:52.643] RX< [32m[BE] fid=450, perf=8685(us), max=8685(us)!
[03:41:52.643] RX< [0m[6] [App Dfs] f_index = 450, f_len = 166238, cur_total_len = 6613574
[03:41:52.643] RX< [34m[AE] fid=480,exp=11630,adg=300,Y=44
[03:41:52.726] RX< 84,mtg=180,shg=100,bgbv=1217,iso=300,cnv2,hdr0
[03:41:52.726] RX< [0m[6] [cam] [105742][dwp0][cpm_cb_dewarp_handle:1411]EIS: dewarp done frm=480, buf_idx=0
[03:41:52.726] RX< [7] [cam] [105751][me0][me_core_thread:359]ME out fid 480
[03:41:52.726] RX< [34m[ME INTP]fid=480, shutter=11630, perf=1550(us), max=196
[03:41:54.643] RX< 9(us)!
[03:41:54.643] RX< [0m[34m[AE] fid=510,exp=11630,adg=300,Y=4475,mtg=180,shg=100,bgbv=1217,iso=300,cnv2,hdr0
[03:41:54.643] RX< [0m[7] [cam] [106751][me0][me_core_thread:359]ME out fid 510
[03:41:54.643] RX< [34m[AE] fid=540,exp=11640,adg=300,Y=4462,mtg=180,shg=100,bgbv=1209,iso=300,cnv2,hdr0
[03:41:54.643] RX< [0m[34m
[03:41:55.002] RX< [b_ae0 proc] perf=475(us), max=630(us)!
[03:41:55.002] RX< [0m[34m[awb0 proc] perf=1295(us), max=1553(us)!
[03:41:55.002] RX< [0m[7] [cam] [107750][me0][me_core_thread:359]ME out fid 540
[03:41:55.002] RX< [32m[BE] fid=540, perf=8527(us), max=8795(us)!
[03:41:55.002] RX< [0m[6] [App Dfs] f_index = 540, f_len = 163578, cur_to
[03:41:56.624] RX< tal_len = 6784342
[03:41:56.624] RX< [34m[AE] fid=570,exp=11680,adg=300,Y=4448,mtg=180,shg=100,bgbv=1201,iso=300,cnv2,hdr0
[03:41:56.624] RX< [0m[7] [cam] [108750][me0][me_core_thread:359]ME out fid 570
[03:41:56.624] RX< [34m[AE] fid=600,exp=11680,adg=300,Y=4441,mtg=180,shg=100,bgbv=1201,iso=300,cnv2,hdr0
[03:41:56.624] RX< [
[03:41:57.642] RX< 0m[7] [cam] [109750][me0][me_core_thread:359]ME out fid 600
[03:41:57.642] RX< [34m[ME INTP]fid=600, shutter=11680, perf=3(us), max=3153(us)!
[03:41:57.642] RX< [0m[34m[AE] fid=630,exp=11660,adg=300,Y=4487,mtg=180,shg=100,bgbv=1213,iso=300,cnv2,hdr0
[03:41:57.642] RX< [0m[34m[b_ae0 proc] perf=590(us), max=8
[03:41:58.624] RX< 03(us)!
[03:41:58.624] RX< [0m[34m[awb0 proc] perf=1400(us), max=1643(us)!
[03:41:58.624] RX< [0m[7] [cam] [110750][me0][me_core_thread:359]ME out fid 630
[03:41:58.624] RX< [32m[BE] fid=630, perf=8601(us), max=8837(us)!
[03:41:58.624] RX< [0m[6] [App Dfs] f_index = 630, f_len = 162544, cur_total_len = 6796309
[03:41:58.624] RX< [34m[AE] fid=
[03:41:59.640] RX< 660,exp=11660,adg=300,Y=4487,mtg=180,shg=100,bgbv=1213,iso=300,cnv2,hdr0
[03:41:59.640] RX< [0m[7] [cam] [111750][me0][me_core_thread:359]ME out fid 660
[03:41:59.640] RX< [34m[AE] fid=690,exp=11610,adg=300,Y=4517,mtg=180,shg=100,bgbv=1229,iso=300,cnv2,hdr0
[03:41:59.640] RX< [0m[7] [cam] [112750][me0][me_cor
[03:42:00.641] RX< e_thread:359]ME out fid 690
[03:42:00.641] RX< [34m[AE] fid=720,exp=11470,adg=300,Y=4531,mtg=180,shg=100,bgbv=1242,iso=300,cnv2,hdr0
[03:42:00.641] RX< [0m[34m[b_ae0 proc] perf=410(us), max=701(us)!
[03:42:00.641] RX< [0m[34m[awb0 proc] perf=1293(us), max=1733(us)!
[03:42:00.641] RX< [0m[6] [cam] [113742][dwp0][cpm_cb_dewar
[03:42:01.007] RX< p_handle:1411]EIS: dewarp done frm=720, buf_idx=0
[03:42:01.007] RX< [7] [cam] [113750][me0][me_core_thread:359]ME out fid 720
[03:42:01.007] RX< [34m[ME INTP]fid=720, shutter=11470, perf=3(us), max=2951(us)!
[03:42:01.007] RX< [0m[32m[BE] fid=720, perf=8792(us), max=8792(us)!
[03:42:01.007] RX< [0m[6] [App Dfs] f_index = 720,
[03:42:02.623] RX<  f_len = 174523, cur_total_len = 6696493
[03:42:02.623] RX< [34m[AE] fid=750,exp=11390,adg=300,Y=4542,mtg=180,shg=100,bgbv=1257,iso=300,cnv2,hdr0
[03:42:02.623] RX< [0m[7] [cam] [114750][me0][me_core_thread:359]ME out fid 750
[03:42:02.623] RX< [34m[AE] fid=780,exp=11300,adg=300,Y=4513,mtg=180,shg=100,bgbv=12
[03:42:03.625] RX< 62,iso=300,cnv2,hdr0
[03:42:03.625] RX< [0m[7] [cam] [115749][me0][me_core_thread:359]ME out fid 780
[03:42:03.625] RX< [34m[AE] fid=810,exp=11240,adg=300,Y=4504,mtg=180,shg=100,bgbv=1263,iso=300,cnv2,hdr0
[03:42:03.625] RX< [0m[34m[b_ae0 proc] perf=408(us), max=641(us)!
[03:42:03.625] RX< [0m[34m[awb0 proc] perf=1397(us), 
[03:42:04.622] RX< max=4312(us)!
[03:42:04.622] RX< [0m[7] [cam] [116749][me0][me_core_thread:359]ME out fid 810
[03:42:04.622] RX< [34m[awb0 proc] perf=9391(us), max=9391(us)!
[03:42:04.622] RX< [0m[32m[BE] fid=810, perf=8756(us), max=8794(us)!
[03:42:04.622] RX< [0m[6] [App Dfs] f_index = 810, f_len = 173615, cur_total_len = 6806542
[03:42:04.622] RX< [34m[AE]
[03:42:05.623] RX<  fid=840,exp=11240,adg=300,Y=4510,mtg=180,shg=100,bgbv=1263,iso=300,cnv2,hdr0
[03:42:05.623] RX< [0m[7] [cam] [117749][me0][me_core_thread:359]ME out fid 840
[03:42:05.623] RX< [34m[ME INTP]fid=840, shutter=11240, perf=3(us), max=2435(us)!
[03:42:05.623] RX< [0m[34m[AE] fid=870,exp=11240,adg=300,Y=4504,mtg=1
[03:42:06.625] RX< 80,shg=100,bgbv=1263,iso=300,cnv2,hdr0
[03:42:06.625] RX< [0m[7] [cam] [118749][me0][me_core_thread:359]ME out fid 870
[03:42:06.625] RX< [34m[AE] fid=900,exp=11250,adg=300,Y=4494,mtg=180,shg=100,bgbv=1259,iso=300,cnv2,hdr0
[03:42:06.625] RX< [0m[34m[b_ae0 proc] perf=571(us), max=616(us)!
[03:42:06.625] RX< [0m[34m[awb0 pro
[03:42:07.623] RX< c] perf=1367(us), max=9391(us)!
[03:42:07.623] RX< [0m[7] [cam] [119749][me0][me_core_thread:359]ME out fid 900
[03:42:07.623] RX< [32m[BE] fid=900, perf=8751(us), max=8779(us)!
[03:42:07.623] RX< [0m[6] [App Dfs] f_index = 900, f_len = 174216, cur_total_len = 6802796
[03:42:07.623] RX< [34m[AE] fid=930,exp=11250,adg=300,Y=449
[03:42:08.640] RX< 9,mtg=180,shg=100,bgbv=1259,iso=300,cnv2,hdr0
[03:42:08.640] RX< [0m[7] [cam] [120749][me0][me_core_thread:359]ME out fid 930
[03:42:08.640] RX< [34m[AE] fid=960,exp=11240,adg=300,Y=4520,mtg=180,shg=100,bgbv=1267,iso=300,cnv2,hdr0
[03:42:08.640] RX< [0m[6] [cam] [121740][dwp0][cpm_cb_dewarp_handle:1411]EIS: d
[03:42:09.624] RX< ewarp done frm=960, buf_idx=0
[03:42:09.624] RX< [7] [cam] [121749][me0][me_core_thread:359]ME out fid 960
[03:42:09.624] RX< [34m[ME INTP]fid=960, shutter=11240, perf=3(us), max=703(us)!
[03:42:09.624] RX< [0m[34m[AE] fid=990,exp=11190,adg=300,Y=4538,mtg=180,shg=100,bgbv=1279,iso=300,cnv2,hdr0
[03:42:09.624] RX< [0m[34m[b_ae
[03:42:09.998] RX< 0 proc] perf=464(us), max=697(us)!
[03:42:09.998] RX< [0m[34m[awb0 proc] perf=1294(us), max=1582(us)!
[03:42:09.998] RX< [0m[7] [cam] [122748][me0][me_core_thread:359]ME out fid 990
[03:42:09.998] RX< [32m[BE] fid=990, perf=8568(us), max=8795(us)!
[03:42:09.998] RX< [0m[6] [App Dfs] f_index = 990, f_len = 162073, cur_total_l
[03:42:11.621] RX< en = 6834038
[03:42:11.621] RX< [34m[AE] fid=1020,exp=11130,adg=300,Y=4530,mtg=180,shg=100,bgbv=1284,iso=300,cnv2,hdr0
[03:42:11.621] RX< [0m[7] [cam] [123748][me0][me_core_thread:359]ME out fid 1020
[03:42:11.621] RX< [34m[AE] fid=1050,exp=11070,adg=300,Y=4532,mtg=180,shg=100,bgbv=1288,iso=300,cnv2,hdr0
[03:42:11.621] RX< [0m
[03:42:12.639] RX< [7] [cam] [124748][me0][me_core_thread:359]ME out fid 1050
[03:42:12.639] RX< [34m[AE] fid=1080,exp=11010,adg=300,Y=4536,mtg=180,shg=100,bgbv=1297,iso=300,cnv2,hdr0
[03:42:12.639] RX< [0m[34m[b_ae0 proc] perf=401(us), max=644(us)!
[03:42:12.639] RX< [0m[34m[awb0 proc] perf=1395(us), max=3395(us)!
[03:42:12.639] RX< [0m[7] [
[03:42:13.621] RX< cam] [125748][me0][me_core_thread:359]ME out fid 1080
[03:42:13.621] RX< [34m[ME INTP]fid=1080, shutter=11010, perf=4(us), max=2342(us)!
[03:42:13.621] RX< [0m[32m[BE] fid=1080, perf=8738(us), max=8738(us)!
[03:42:13.621] RX< [0m[6] [App Dfs] f_index = 1080, f_len = 172390, cur_total_len = 6842158
[03:42:13.621] RX< [34m[AE] 
[03:42:14.638] RX< fid=1110,exp=11000,adg=300,Y=4539,mtg=180,shg=100,bgbv=1301,iso=300,cnv2,hdr0
[03:42:14.638] RX< [0m[7] [cam] [126748][me0][me_core_thread:359]ME out fid 1110
[03:42:14.638] RX< [34m[AE] fid=1140,exp=11000,adg=300,Y=4540,mtg=180,shg=100,bgbv=1301,iso=300,cnv2,hdr0
[03:42:14.638] RX< [0m[7] [cam] [127748][me0]
[03:42:15.639] RX< [me_core_thread:359]ME out fid 1140
[03:42:15.639] RX< [34m[AE] fid=1170,exp=11010,adg=300,Y=4535,mtg=180,shg=100,bgbv=1297,iso=300,cnv2,hdr0
[03:42:15.639] RX< [0m[34m[b_ae0 proc] perf=449(us), max=650(us)!
[03:42:15.639] RX< [0m[34m[awb0 proc] perf=1458(us), max=1615(us)!
[03:42:15.639] RX< [0m[7] [cam] [128748][me0][me_c
[03:42:16.639] RX< ore_thread:359]ME out fid 1170
[03:42:16.639] RX< [32m[BE] fid=1170, perf=8510(us), max=8777(us)!
[03:42:16.639] RX< [0m[6] [App Dfs] f_index = 1170, f_len = 161517, cur_total_len = 6817466
[03:42:16.639] RX< [34m[AE] fid=1200,exp=11010,adg=300,Y=4532,mtg=180,shg=100,bgbv=1297,iso=300,cnv2,hdr0
[03:42:16.639] RX< [0m[6] [cam] 
[03:42:17.621] RX< [129739][dwp0][cpm_cb_dewarp_handle:1411]EIS: dewarp done frm=1200, buf_idx=0
[03:42:17.621] RX< [7] [cam] [129747][me0][me_core_thread:359]ME out fid 1200
[03:42:17.621] RX< [34m[ME INTP]fid=1200, shutter=11010, perf=4(us), max=2772(us)!
[03:42:17.621] RX< [0m[34m[AE] fid=1230,exp=10970,adg=300,Y=4541,mtg=18
[03:42:18.622] RX< 0,shg=100,bgbv=1305,iso=300,cnv2,hdr0
[03:42:18.622] RX< [0m[7] [cam] [130747][me0][me_core_thread:359]ME out fid 1230
[03:42:18.622] RX< [34m[AE] fid=1260,exp=10980,adg=300,Y=4533,mtg=180,shg=100,bgbv=1301,iso=300,cnv2,hdr0
[03:42:18.622] RX< [0m[34m[b_ae0 proc] perf=407(us), max=653(us)!
[03:42:18.622] RX< [0m[34m[awb0 pr
[03:42:19.620] RX< oc] perf=1497(us), max=5048(us)!
[03:42:19.620] RX< [0m[7] [cam] [131747][me0][me_core_thread:359]ME out fid 1260
[03:42:19.620] RX< [32m[BE] fid=1260, perf=8764(us), max=8764(us)!
[03:42:19.620] RX< [0m[6] [App Dfs] f_index = 1260, f_len = 173414, cur_total_len = 6842550
[03:42:19.620] RX< [34m[AE] fid=1290,exp=10980,adg=300,
[03:42:20.636] RX< Y=4531,mtg=180,shg=100,bgbv=1301,iso=300,cnv2,hdr0
[03:42:20.636] RX< [0m[7] [cam] [132747][me0][me_core_thread:359]ME out fid 1290
[03:42:20.636] RX< [34m[AE] fid=1320,exp=10980,adg=300,Y=4526,mtg=180,shg=100,bgbv=1301,iso=300,cnv2,hdr0
[03:42:20.636] RX< [0m[7] [cam] [133747][me0][me_core_thread:359]ME out 
[03:42:21.622] RX< fid 1320
[03:42:21.622] RX< [34m[ME INTP]fid=1320, shutter=10980, perf=3(us), max=2670(us)!
[03:42:21.622] RX< [0m[34m[AE] fid=1350,exp=10980,adg=300,Y=4519,mtg=180,shg=100,bgbv=1297,iso=300,cnv2,hdr0
[03:42:21.622] RX< [0m[34m[b_ae0 proc] perf=421(us), max=700(us)!
[03:42:21.622] RX< [0m[34m[awb0 proc] perf=1310(us), max=
[03:42:22.620] RX< 1585(us)!
[03:42:22.620] RX< [0m[7] [cam] [134747][me0][me_core_thread:359]ME out fid 1350
[03:42:22.620] RX< [32m[BE] fid=1350, perf=8524(us), max=8777(us)!
[03:42:22.620] RX< [0m[6] [App Dfs] f_index = 1350, f_len = 162566, cur_total_len = 6795268
[03:42:22.620] RX< [34m[AE] fid=1380,exp=10990,adg=300,Y=4511,mtg=180,shg=100,
[03:42:24.621] RX< bgbv=1293,iso=300,cnv2,hdr0
[03:42:24.621] RX< [0m[7] [cam] [135747][me0][me_core_thread:359]ME out fid 1380
[03:42:24.621] RX< [34m[AE] fid=1410,exp=10990,adg=300,Y=4508,mtg=180,shg=100,bgbv=1293,iso=300,cnv2,hdr0
[03:42:24.621] RX< [0m[7] [cam] [136747][me0][me_core_thread:359]ME out fid 1410
[03:42:24.637] RX< [34m[AE] fid=1440,exp=10990,adg=300,Y=4512,mtg=180,shg=100,bgbv=1293,iso=300,cnv2,hdr0
[03:42:24.637] RX< [0m[34m[b_ae0 proc] perf=407(us), max=668(us)!
[03:42:24.637] RX< [0m[34m[awb0 proc] perf=1367(us), max=1653(us)!
[03:42:24.637] RX< [0m[6] [cam] [137738][dwp0][cpm_cb_dewarp_handle:1411]EIS: dewarp d
[03:42:24.997] RX< one frm=1440, buf_idx=0
[03:42:24.997] RX< [7] [cam] [137746][me0][me_core_thread:359]ME out fid 1440
[03:42:24.997] RX< [34m[ME INTP]fid=1440, shutter=10990, perf=6(us), max=511(us)!
[03:42:24.997] RX< [0m[32m[BE] fid=1440, perf=8732(us), max=8767(us)!
[03:42:24.997] RX< [0m[6] [App Dfs] f_index = 1440, f_len = 174821, cur_to
[03:42:26.620] RX< tal_len = 6845859
[03:42:26.620] RX< [34m[AE] fid=1470,exp=10990,adg=300,Y=4503,mtg=180,shg=100,bgbv=1293,iso=300,cnv2,hdr0
[03:42:26.620] RX< [0m[7] [cam] [138746][me0][me_core_thread:359]ME out fid 1470
[03:42:26.620] RX< [34m[AE] fid=1500,exp=10990,adg=300,Y=4488,mtg=180,shg=100,bgbv=1289,iso=300,cnv2,hdr0
[03:42:27.621] RX< 
[03:42:27.621] RX< [0m[7] [cam] [139746][me0][me_core_thread:359]ME out fid 1500
[03:42:27.621] RX< [34m[AE] fid=1530,exp=11050,adg=300,Y=4493,mtg=180,shg=100,bgbv=1281,iso=300,cnv2,hdr0
[03:42:27.621] RX< [0m[34m[b_ae0 proc] perf=403(us), max=656(us)!
[03:42:27.621] RX< [0m[34m[awb0 proc] perf=1516(us), max=1593(us)!
[03:42:27.621] RX< [0m
[03:42:28.619] RX< [7] [cam] [140746][me0][me_core_thread:359]ME out fid 1530
[03:42:28.619] RX< [32m[BE] fid=1530, perf=8745(us), max=8797(us)!
[03:42:28.619] RX< [0m[6] [App Dfs] f_index = 1530, f_len = 174610, cur_total_len = 6821721
[03:42:28.619] RX< [34m[AE] fid=1560,exp=11050,adg=300,Y=4491,mtg=180,shg=100,bgbv=1281,iso=
[03:42:29.635] RX< 300,cnv2,hdr0
[03:42:29.635] RX< [0m[7] [cam] [141746][me0][me_core_thread:359]ME out fid 1560
[03:42:29.635] RX< [34m[ME INTP]fid=1560, shutter=11050, perf=4(us), max=2640(us)!
[03:42:29.635] RX< [0m[34m[AE] fid=1590,exp=11050,adg=300,Y=4499,mtg=180,shg=100,bgbv=1281,iso=300,cnv2,hdr0
[03:42:29.635] RX< [0m[7] [cam] [142746]
[03:42:30.636] RX< [me0][me_core_thread:359]ME out fid 1590
[03:42:30.636] RX< [34m[AE] fid=1620,exp=11040,adg=300,Y=4521,mtg=180,shg=100,bgbv=1289,iso=300,cnv2,hdr0
[03:42:30.636] RX< [0m[34m[b_ae0 proc] perf=439(us), max=667(us)!
[03:42:30.636] RX< [0m[34m[awb0 proc] perf=1309(us), max=1652(us)!
[03:42:30.636] RX< [0m[7] [cam] [143746][me0]
[03:42:31.634] RX< [me_core_thread:359]ME out fid 1620
[03:42:31.634] RX< [32m[BE] fid=1620, perf=8505(us), max=8809(us)!
[03:42:31.634] RX< [0m[6] [App Dfs] f_index = 1620, f_len = 161891, cur_total_len = 6834284
[03:42:31.634] RX< [34m[AE] fid=1650,exp=11040,adg=300,Y=4520,mtg=180,shg=100,bgbv=1289,iso=300,cnv2,hdr0
[03:42:31.634] RX< [0m[7] [
[03:42:32.636] RX< cam] [144745][me0][me_core_thread:359]ME out fid 1650
[03:42:32.636] RX< [34m[AE] fid=1680,exp=11040,adg=300,Y=4529,mtg=180,shg=100,bgbv=1293,iso=300,cnv2,hdr0
[03:42:32.636] RX< [0m[6] [cam] [145737][dwp0][cpm_cb_dewarp_handle:1411]EIS: dewarp done frm=1680, buf_idx=0
[03:42:32.636] RX< [7] [cam] [145745][me0
[03:42:33.620] RX< ][me_core_thread:359]ME out fid 1680
[03:42:33.620] RX< [34m[ME INTP]fid=1680, shutter=11040, perf=4(us), max=1593(us)!
[03:42:33.620] RX< [0m[34m[AE] fid=1710,exp=11040,adg=300,Y=4522,mtg=180,shg=100,bgbv=1289,iso=300,cnv2,hdr0
[03:42:33.620] RX< [0m[34m[b_ae0 proc] perf=399(us), max=695(us)!
[03:42:33.620] RX< [0m[34m[aw
[03:42:34.618] RX< b0 proc] perf=1313(us), max=1555(us)!
[03:42:34.618] RX< [0m[7] [cam] [146745][me0][me_core_thread:359]ME out fid 1710
[03:42:34.618] RX< [32m[BE] fid=1710, perf=8565(us), max=8756(us)!
[03:42:34.618] RX< [0m[6] [App Dfs] f_index = 1710, f_len = 163114, cur_total_len = 6827027
[03:42:34.618] RX< [34m[AE] fid=1740,exp=11150,adg
[03:42:35.634] RX< =300,Y=4498,mtg=180,shg=100,bgbv=1272,iso=300,cnv2,hdr0
[03:42:35.634] RX< [0m[7] [cam] [147745][me0][me_core_thread:359]ME out fid 1740
[03:42:35.634] RX< [34m[AE] fid=1770,exp=11150,adg=300,Y=4497,mtg=180,shg=100,bgbv=1272,iso=300,cnv2,hdr0
[03:42:35.634] RX< [0m[7] [cam] [148745][me0][me_core_thread:359]ME
[03:42:36.635] RX<  out fid 1770
[03:42:36.635] RX< [34m[AE] fid=1800,exp=11140,adg=300,Y=4510,mtg=180,shg=100,bgbv=1276,iso=300,cnv2,hdr0
[03:42:36.635] RX< [0m[34m[b_ae0 proc] perf=436(us), max=694(us)!
[03:42:36.635] RX< [0m[34m[awb0 proc] perf=1372(us), max=1590(us)!
[03:42:36.635] RX< [0m[7] [cam] [149745][me0][me_core_thread:359]ME out 
[03:42:37.618] RX< fid 1800
[03:42:37.618] RX< [34m[ME INTP]fid=1800, shutter=11140, perf=4(us), max=746(us)!
[03:42:37.618] RX< [0m[32m[BE] fid=1800, perf=8729(us), max=8750(us)!
[03:42:37.618] RX< [0m[6] [App Dfs] f_index = 1800, f_len = 174301, cur_total_len = 6838824
[03:42:37.618] RX< [34m[AE] fid=1830,exp=11140,adg=300,Y=4507,mtg=180,shg=
[03:42:39.619] RX< 100,bgbv=1276,iso=300,cnv2,hdr0
[03:42:39.619] RX< [0m[7] [cam] [150745][me0][me_core_thread:359]ME out fid 1830
[03:42:39.619] RX< [34m[AE] fid=1860,exp=11140,adg=300,Y=4515,mtg=180,shg=100,bgbv=1280,iso=300,cnv2,hdr0
[03:42:39.619] RX< [0m[7] [cam] [151744][me0][me_core_thread:359]ME out fid 1860
[03:42:39.619] RX< [34m[AE] 
[03:42:39.972] RX< fid=1890,exp=11180,adg=300,Y=4483,mtg=180,shg=100,bgbv=1264,iso=300,cnv2,hdr0
[03:42:39.972] RX< [0m[34m[b_ae0 proc] perf=586(us), max=683(us)!
[03:42:39.972] RX< [0m[34m[awb0 proc] perf=1394(us), max=1672(us)!
[03:42:39.972] RX< [0m[7] [cam] [152744][me0][me_core_thread:359]ME out fid 1890
[03:42:39.972] RX< [32m[BE] fid=1
[03:42:40.635] RX< 890, perf=9095(us), max=9194(us)!
[03:42:40.635] RX< [0m[6] [App Dfs] f_index = 1890, f_len = 201999, cur_total_len = 7943650
[03:42:40.635] RX< [34m[AE] fid=1920,exp=11170,adg=300,Y=4503,mtg=180,shg=100,bgbv=1272,iso=300,cnv2,hdr0
[03:42:40.635] RX< [0m[6] [cam] [153736][dwp0][cpm_cb_dewarp_handle:1411]EIS: 
[03:42:41.633] RX< dewarp done frm=1920, buf_idx=0
[03:42:41.633] RX< [7] [cam] [153744][me0][me_core_thread:359]ME out fid 1920
[03:42:41.633] RX< [34m[ME INTP]fid=1920, shutter=11170, perf=3(us), max=680(us)!
[03:42:41.633] RX< [0m[34m[AE] fid=1950,exp=11180,adg=300,Y=4489,mtg=180,shg=100,bgbv=1268,iso=300,cnv2,hdr0
[03:42:41.633] RX< [0m[7] [
[03:42:42.634] RX< cam] [154744][me0][me_core_thread:359]ME out fid 1950
[03:42:42.634] RX< [34m[AE] fid=1980,exp=11190,adg=300,Y=4474,mtg=180,shg=100,bgbv=1260,iso=300,cnv2,hdr0
[03:42:42.634] RX< [0m[34m[b_ae0 proc] perf=410(us), max=658(us)!
[03:42:42.634] RX< [0m[34m[awb0 proc] perf=1309(us), max=1610(us)!
[03:42:42.634] RX< [0m[7] [cam] 
[03:42:43.616] RX< [155744][me0][me_core_thread:359]ME out fid 1980
[03:42:43.616] RX< [32m[BE] fid=1980, perf=8598(us), max=9095(us)!
[03:42:43.616] RX< [0m[6] [App Dfs] f_index = 1980, f_len = 163275, cur_total_len = 7000470
[03:42:43.616] RX< [34m[AE] fid=2010,exp=11180,adg=300,Y=4475,mtg=180,shg=100,bgbv=1264,iso=300,cnv2,h
[03:42:44.716] RX< dr0
[03:42:44.716] RX< [0m[7] [cam] [156744][me0][me_core_thread:359]ME out fid 2010
[03:42:44.716] RX< [34m[AE] fid=2040,exp=11250,adg=300,Y=4471,mtg=180,shg=100,bgbv=1255,iso=300,cnv2,hdr0
[03:42:44.716] RX< [0m[7] [cam] [157744][me0][me_core_thread:359]ME out fid 2040
[03:42:44.716] RX< [34m[ME INTP]fid=2040, shutter=11250,
[03:42:45.634] RX<  perf=3(us), max=691(us)!
[03:42:45.634] RX< [0m[34m[AE] fid=2070,exp=11260,adg=300,Y=4465,mtg=180,shg=100,bgbv=1251,iso=300,cnv2,hdr0
[03:42:45.634] RX< [0m[34m[b_ae0 proc] perf=590(us), max=748(us)!
[03:42:45.634] RX< [0m[34m[awb0 proc] perf=1570(us), max=1678(us)!
[03:42:45.634] RX< [0m[7] [cam] [158744][me0][me_core_th
[03:42:46.632] RX< read:359]ME out fid 2070
[03:42:46.632] RX< [32m[BE] fid=2070, perf=8555(us), max=8808(us)!
[03:42:46.632] RX< [0m[6] [App Dfs] f_index = 2070, f_len = 163061, cur_total_len = 6842696
[03:42:46.632] RX< [34m[AE] fid=2100,exp=11280,adg=300,Y=4474,mtg=180,shg=100,bgbv=1251,iso=300,cnv2,hdr0
[03:42:46.632] RX< [0m[7] [cam] [15974
[03:42:48.634] RX< 3][me0][me_core_thread:359]ME out fid 2100
[03:42:48.634] RX< [34m[AE] fid=2130,exp=11280,adg=300,Y=4497,mtg=180,shg=100,bgbv=1259,iso=300,cnv2,hdr0
[03:42:48.634] RX< [0m[7] [cam] [160743][me0][me_core_thread:359]ME out fid 2130
[03:42:48.634] RX< [34m[AE] fid=2160,exp=11240,adg=300,Y=4505,mtg=180,shg=100,bg
[03:42:48.634] RX< bv=1263,iso=300,cnv2,hdr0
[03:42:48.634] RX< [0m[34m[b_ae0 proc] perf=501(us), max=653(us)!
[03:42:48.634] RX< [0m[34m[awb0 proc] perf=1397(us), max=1589(us)!
[03:42:48.634] RX< [0m[6] [cam] [161735][dwp0][cpm_cb_dewarp_handle:1411]EIS: dewarp done frm=2160, buf_idx=0
[03:42:48.634] RX< [7] [cam] [161743][me0][me_core_thread
[03:42:49.615] RX< :359]ME out fid 2160
[03:42:49.615] RX< [34m[ME INTP]fid=2160, shutter=11240, perf=4(us), max=516(us)!
[03:42:49.615] RX< [0m[32m[BE] fid=2160, perf=8705(us), max=16144(us)!
[03:42:49.615] RX< [0m[6] [App Dfs] f_index = 2160, f_len = 175764, cur_total_len = 6912085
[03:42:49.615] RX< [34m[AE] fid=2190,exp=11250,adg=300,Y=4483
[03:42:50.631] RX< ,mtg=180,shg=100,bgbv=1255,iso=300,cnv2,hdr0
[03:42:50.631] RX< [0m[7] [cam] [162743][me0][me_core_thread:359]ME out fid 2190
[03:42:50.631] RX< [34m[AE] fid=2220,exp=11240,adg=300,Y=4504,mtg=180,shg=100,bgbv=1263,iso=300,cnv2,hdr0
[03:42:50.631] RX< [0m[7] [cam] [163743][me0][me_core_thread:359]ME out fid 22
[03:42:51.969] RX< 20
[03:42:51.969] RX< [34m[AE] fid=2250,exp=11240,adg=300,Y=4521,mtg=180,shg=100,bgbv=1267,iso=300,cnv2,hdr0
[03:42:51.969] RX< [0m[34m[b_ae0 proc] perf=410(us), max=745(us)!
[03:42:51.969] RX< [0m[34m[awb0 proc] perf=1316(us), max=1581(us)!
[03:42:51.969] RX< [0m[7] [cam] [164743][me0][me_core_thread:359]ME out fid 2250
[03:42:51.969] RX< [
[03:42:52.631] RX< 32m[BE] fid=2250, perf=8805(us), max=8805(us)!
[03:42:52.631] RX< [0m[6] [App Dfs] f_index = 2250, f_len = 175423, cur_total_len = 6811131
[03:42:52.631] RX< [34m[AE] fid=2280,exp=11250,adg=300,Y=4499,mtg=180,shg=100,bgbv=1259,iso=300,cnv2,hdr0
[03:42:52.631] RX< [0m[7] [cam] [165743][me0][me_core_thread:359]
[03:42:54.616] RX< ME out fid 2280
[03:42:54.616] RX< [34m[ME INTP]fid=2280, shutter=11250, perf=248(us), max=696(us)!
[03:42:54.616] RX< [0m[34m[AE] fid=2310,exp=11250,adg=300,Y=4481,mtg=180,shg=100,bgbv=1255,iso=300,cnv2,hdr0
[03:42:54.616] RX< [0m[7] [cam] [166742][me0][me_core_thread:359]ME out fid 2310
[03:42:54.616] RX< [34m[AE] fid=2340,
[03:42:54.968] RX< exp=11250,adg=300,Y=4478,mtg=180,shg=100,bgbv=1255,iso=300,cnv2,hdr0
[03:42:54.968] RX< [0m[34m[b_ae0 proc] perf=582(us), max=692(us)!
[03:42:54.968] RX< [0m[34m[awb0 proc] perf=1366(us), max=1924(us)!
[03:42:54.968] RX< [0m[7] [cam] [167742][me0][me_core_thread:359]ME out fid 2340
[03:42:54.968] RX< [32m[BE] fid=2340, perf
[03:42:56.632] RX< =8801(us), max=8805(us)!
[03:42:56.632] RX< [0m[6] [App Dfs] f_index = 2340, f_len = 175859, cur_total_len = 6820053
[03:42:56.632] RX< [34m[AE] fid=2370,exp=11250,adg=300,Y=4482,mtg=180,shg=100,bgbv=1255,iso=300,cnv2,hdr0
[03:42:56.632] RX< [0m[7] [cam] [168742][me0][me_core_thread:359]ME out fid 2370
[03:42:56.632] RX< [34m[
[03:42:56.714] RX< AE] fid=2400,exp=11350,adg=300,Y=4465,mtg=180,shg=100,bgbv=1242,iso=300,cnv2,hdr0
[03:42:56.714] RX< [0m[6] [cam] [169734][dwp0][cpm_cb_dewarp_handle:1411]EIS: dewarp done frm=2400, buf_idx=0
[03:42:56.714] RX< [7] [cam] [169742][me0][me_core_thread:359]ME out fid 2400
[03:42:56.714] RX< [34m[ME INTP]fid=2400,
[03:42:57.631] RX<  shutter=11350, perf=3(us), max=480(us)!
[03:42:57.631] RX< [0m[34m[AE] fid=2430,exp=11290,adg=300,Y=4526,mtg=180,shg=100,bgbv=1266,iso=300,cnv2,hdr0
[03:42:57.631] RX< [0m[34m[b_ae0 proc] perf=404(us), max=649(us)!
[03:42:57.631] RX< [0m[34m[awb0 proc] perf=1323(us), max=1590(us)!
[03:42:57.631] RX< [0m[7] [cam] [170742][
[03:42:58.629] RX< me0][me_core_thread:359]ME out fid 2430
[03:42:58.629] RX< [32m[BE] fid=2430, perf=8567(us), max=8801(us)!
[03:42:58.629] RX< [0m[6] [App Dfs] f_index = 2430, f_len = 163541, cur_total_len = 6813637
[03:42:58.629] RX< [34m[AE] fid=2460,exp=11270,adg=300,Y=4504,mtg=180,shg=100,bgbv=1263,iso=300,cnv2,hdr0
[03:42:58.629] RX< [0m[
[03:43:00.615] RX< 7] [cam] [171742][me0][me_core_thread:359]ME out fid 2460
[03:43:00.615] RX< [34m[AE] fid=2490,exp=11140,adg=300,Y=4546,mtg=180,shg=100,bgbv=1279,iso=300,cnv2,hdr0
[03:43:00.615] RX< [0m[7] [cam] [172742][me0][me_core_thread:359]ME out fid 2490
[03:43:00.615] RX< [34m[AE] fid=2520,exp=11130,adg=300,Y=4535,mtg
[03:43:00.713] RX< =180,shg=100,bgbv=1284,iso=300,cnv2,hdr0
[03:43:00.713] RX< [0m[34m[b_ae0 proc] perf=419(us), max=660(us)!
[03:43:00.713] RX< [0m[34m[awb0 proc] perf=1293(us), max=1576(us)!
[03:43:00.713] RX< [0m[7] [cam] [173741][me0][me_core_thread:359]ME out fid 2520
[03:43:00.713] RX< [34m[ME INTP]fid=2520, shutter=11130, perf=3(us), m
[03:43:01.629] RX< ax=518(us)!
[03:43:01.629] RX< [0m[32m[BE] fid=2520, perf=8774(us), max=8774(us)!
[03:43:01.629] RX< [0m[6] [App Dfs] f_index = 2520, f_len = 174157, cur_total_len = 6877468
[03:43:01.629] RX< [34m[AE] fid=2550,exp=11110,adg=300,Y=4523,mtg=180,shg=100,bgbv=1284,iso=300,cnv2,hdr0
[03:43:01.629] RX< [0m[7] [cam] [174741][me0][m
[03:43:03.615] RX< e_core_thread:359]ME out fid 2550
[03:43:03.615] RX< [34m[AE] fid=2580,exp=11110,adg=300,Y=4521,mtg=180,shg=100,bgbv=1284,iso=300,cnv2,hdr0
[03:43:03.615] RX< [0m[7] [cam] [175741][me0][me_core_thread:359]ME out fid 2580
[03:43:03.615] RX< [34m[AE] fid=2610,exp=11110,adg=300,Y=4520,mtg=180,shg=100,bgbv=1284,i
[03:43:03.991] RX< so=300,cnv2,hdr0
[03:43:03.991] RX< [0m[34m[b_ae0 proc] perf=410(us), max=676(us)!
[03:43:03.991] RX< [0m[34m[awb0 proc] perf=1444(us), max=1713(us)!
[03:43:03.991] RX< [0m[7] [cam] [176741][me0][me_core_thread:359]ME out fid 2610
[03:43:03.991] RX< [32m[BE] fid=2610, perf=8522(us), max=8774(us)!
[03:43:03.991] RX< [0m[6] [App Dfs] f_index =
[03:43:04.631] RX<  2610, f_len = 162448, cur_total_len = 6778230
[03:43:04.631] RX< [34m[AE] fid=2640,exp=11110,adg=300,Y=4517,mtg=180,shg=100,bgbv=1284,iso=300,cnv2,hdr0
[03:43:04.631] RX< [0m[6] [cam] [177733][dwp0][cpm_cb_dewarp_handle:1411]EIS: dewarp done frm=2640, buf_idx=0
[03:43:04.631] RX< [7] [cam] [177741][me0][me_co
[03:43:06.615] RX< re_thread:359]ME out fid 2640
[03:43:06.615] RX< [34m[ME INTP]fid=2640, shutter=11110, perf=3(us), max=670(us)!
[03:43:06.615] RX< [0m[34m[AE] fid=2670,exp=11100,adg=300,Y=4526,mtg=180,shg=100,bgbv=1288,iso=300,cnv2,hdr0
[03:43:06.615] RX< [0m[7] [cam] [178741][me0][me_core_thread:359]ME out fid 2670
[03:43:06.615] RX< [34m[A
[03:43:06.967] RX< E] fid=2700,exp=11070,adg=300,Y=4525,mtg=180,shg=100,bgbv=1288,iso=300,cnv2,hdr0
[03:43:06.967] RX< [0m[34m[b_ae0 proc] perf=405(us), max=696(us)!
[03:43:06.967] RX< [0m[34m[awb0 proc] perf=1477(us), max=3383(us)!
[03:43:06.967] RX< [0m[7] [cam] [179741][me0][me_core_thread:359]ME out fid 2700
[03:43:06.967] RX< [32m[BE] fi
[03:43:07.628] RX< d=2700, perf=8686(us), max=8772(us)!
[03:43:07.628] RX< [0m[6] [App Dfs] f_index = 2700, f_len = 174180, cur_total_len = 6870039
[03:43:07.628] RX< [34m[AE] fid=2730,exp=11090,adg=300,Y=4497,mtg=180,shg=100,bgbv=1276,iso=300,cnv2,hdr0
[03:43:07.628] RX< [0m[7] [cam] [180741][me0][me_core_thread:359]ME out fid
[03:43:09.614] RX<  2730
[03:43:09.614] RX< [34m[AE] fid=2760,exp=11090,adg=300,Y=4511,mtg=180,shg=100,bgbv=1280,iso=300,cnv2,hdr0
[03:43:09.614] RX< [0m[7] [cam] [181740][me0][me_core_thread:359]ME out fid 2760
[03:43:09.614] RX< [34m[ME INTP]fid=2760, shutter=11090, perf=3(us), max=528(us)!
[03:43:09.614] RX< [0m[34m[AE] fid=2790,exp=11070,ad
[03:43:09.966] RX< g=300,Y=4527,mtg=180,shg=100,bgbv=1288,iso=300,cnv2,hdr0
[03:43:09.966] RX< [0m[34m[b_ae0 proc] perf=616(us), max=779(us)!
[03:43:09.966] RX< [0m[34m[awb0 proc] perf=1316(us), max=1611(us)!
[03:43:09.966] RX< [0m[7] [cam] [182740][me0][me_core_thread:359]ME out fid 2790
[03:43:09.966] RX< [32m[BE] fid=2790, perf=8550(us), m
[03:43:11.611] RX< ax=8804(us)!
[03:43:11.611] RX< [0m[6] [App Dfs] f_index = 2790, f_len = 161329, cur_total_len = 6805076
[03:43:11.611] RX< [34m[AE] fid=2820,exp=11090,adg=300,Y=4493,mtg=180,shg=100,bgbv=1276,iso=300,cnv2,hdr0
[03:43:11.611] RX< [0m[7] [cam] [183740][me0][me_core_thread:359]ME out fid 2820
[03:43:11.611] RX< [34m[AE] fid=2850
[03:43:12.630] RX< ,exp=11120,adg=300,Y=4497,mtg=180,shg=100,bgbv=1276,iso=300,cnv2,hdr0
[03:43:12.630] RX< [0m[7] [cam] [184740][me0][me_core_thread:359]ME out fid 2850
[03:43:12.630] RX< [34m[AE] fid=2880,exp=11120,adg=300,Y=4492,mtg=180,shg=100,bgbv=1276,iso=300,cnv2,hdr0
[03:43:12.630] RX< [0m[34m[b_ae0 proc] perf=411(us),
[03:43:12.710] RX<  max=623(us)!
[03:43:12.710] RX< [0m[34m[awb0 proc] perf=1318(us), max=1593(us)!
[03:43:12.710] RX< [0m[6] [cam] [185732][dwp0][cpm_cb_dewarp_handle:1411]EIS: dewarp done frm=2880, buf_idx=0
[03:43:12.710] RX< [7] [cam] [185740][me0][me_core_thread:359]ME out fid 2880
[03:43:12.710] RX< [34m[ME INTP]fid=2880, shutter=11120, p
[03:43:13.628] RX< erf=4(us), max=468(us)!
[03:43:13.628] RX< [0m[32m[BE] fid=2880, perf=8830(us), max=8830(us)!
[03:43:13.628] RX< [0m[6] [App Dfs] f_index = 2880, f_len = 176724, cur_total_len = 6827392
[03:43:13.628] RX< [34m[AE] fid=2910,exp=11120,adg=300,Y=4478,mtg=180,shg=100,bgbv=1272,iso=300,cnv2,hdr0
[03:43:13.628] RX< [0m[7] [cam] [18
[03:43:15.613] RX< 6740][me0][me_core_thread:359]ME out fid 2910
[03:43:15.613] RX< [34m[AE] fid=2940,exp=11150,adg=300,Y=4478,mtg=180,shg=100,bgbv=1268,iso=300,cnv2,hdr0
[03:43:15.613] RX< [0m[7] [cam] [187740][me0][me_core_thread:359]ME out fid 2940
[03:43:15.613] RX< [34m[AE] fid=2970,exp=11160,adg=300,Y=4463,mtg=180,shg=100
[03:43:15.989] RX< ,bgbv=1264,iso=300,cnv2,hdr0
[03:43:15.989] RX< [0m[34m[b_ae0 proc] perf=397(us), max=673(us)!
[03:43:15.989] RX< [0m[34m[awb0 proc] perf=1314(us), max=1579(us)!
[03:43:15.989] RX< [0m[7] [cam] [188739][me0][me_core_thread:359]ME out fid 2970
[03:43:15.989] RX< [32m[BE] fid=2970, perf=8590(us), max=8830(us)!
[03:43:15.989] RX< [0m[6] [App Df
[03:43:16.711] RX< s] f_index = 2970, f_len = 163933, cur_total_len = 6813499
[03:43:16.711] RX< [34m[AE] fid=3000,exp=11260,adg=300,Y=4468,mtg=180,shg=100,bgbv=1251,iso=300,cnv2,hdr0
[03:43:16.711] RX< [0m[7] [cam] [189739][me0][me_core_thread:359]ME out fid 3000
[03:43:16.711] RX< [34m[ME INTP]fid=3000, shutter=11260, perf=4(
[03:43:18.628] RX< us), max=697(us)!
[03:43:18.628] RX< [0m[34m[AE] fid=3030,exp=11290,adg=300,Y=4450,mtg=180,shg=100,bgbv=1247,iso=300,cnv2,hdr0
[03:43:18.628] RX< [0m[7] [cam] [190739][me0][me_core_thread:359]ME out fid 3030
[03:43:18.628] RX< [34m[AE] fid=3060,exp=11430,adg=300,Y=4457,mtg=180,shg=100,bgbv=1233,iso=300,cnv2,
[03:43:18.989] RX< hdr0
[03:43:18.989] RX< [0m[34m[b_ae0 proc] perf=405(us), max=725(us)!
[03:43:18.989] RX< [0m[34m[awb0 proc] perf=1315(us), max=1742(us)!
[03:43:18.989] RX< [0m[7] [cam] [191739][me0][me_core_thread:359]ME out fid 3060
[03:43:18.989] RX< [32m[BE] fid=3060, perf=8616(us), max=8827(us)!
[03:43:18.989] RX< [0m[6] [App Dfs] f_index = 3060, f_len
[03:43:20.628] RX<  = 163568, cur_total_len = 6826050
[03:43:20.628] RX< [34m[AE] fid=3090,exp=11500,adg=300,Y=4439,mtg=180,shg=100,bgbv=1220,iso=300,cnv2,hdr0
[03:43:20.628] RX< [0m[7] [cam] [192739][me0][me_core_thread:359]ME out fid 3090
[03:43:20.628] RX< [34m[AE] fid=3120,exp=11680,adg=300,Y=4445,mtg=180,shg=100,bgbv=1201,
[03:43:21.612] RX< iso=300,cnv2,hdr0
[03:43:21.612] RX< [0m[6] [cam] [193731][dwp0][cpm_cb_dewarp_handle:1411]EIS: dewarp done frm=3120, buf_idx=0
[03:43:21.612] RX< [7] [cam] [193739][me0][me_core_thread:359]ME out fid 3120
[03:43:21.612] RX< [34m[ME INTP]fid=3120, shutter=11680, perf=3(us), max=673(us)!
[03:43:21.612] RX< [0m[34m[AE] fid=3150,
[03:43:21.964] RX< exp=12040,adg=300,Y=4489,mtg=180,shg=100,bgbv=1179,iso=300,cnv2,hdr0
[03:43:21.964] RX< [0m[34m[b_ae0 proc] perf=408(us), max=693(us)!
[03:43:21.964] RX< [0m[34m[awb0 proc] perf=1300(us), max=1708(us)!
[03:43:21.964] RX< [0m[7] [cam] [194739][me0][me_core_thread:359]ME out fid 3150
[03:43:21.964] RX< [32m[BE] fid=3150, perf
[03:43:23.609] RX< =8829(us), max=8856(us)!
[03:43:23.609] RX< [0m[6] [App Dfs] f_index = 3150, f_len = 178273, cur_total_len = 6835662
[03:43:23.609] RX< [34m[AE] fid=3180,exp=11800,adg=300,Y=4382,mtg=180,shg=100,bgbv=1180,iso=300,cnv2,hdr0
[03:43:23.609] RX< [0m[7] [cam] [195739][me0][me_core_thread:359]ME out fid 3180
[03:43:23.609] RX< [34m[
[03:43:24.611] RX< AE] fid=3210,exp=11920,adg=300,Y=4454,mtg=180,shg=100,bgbv=1181,iso=300,cnv2,hdr0
[03:43:24.611] RX< [0m[7] [cam] [196738][me0][me_core_thread:359]ME out fid 3210
[03:43:24.611] RX< [34m[AE] fid=3240,exp=11940,adg=300,Y=4437,mtg=180,shg=100,bgbv=1173,iso=300,cnv2,hdr0
[03:43:24.611] RX< [0m[34m[b_ae0 proc] p
[03:43:24.965] RX< erf=442(us), max=749(us)!
[03:43:24.965] RX< [0m[34m[awb0 proc] perf=1367(us), max=1745(us)!
[03:43:24.965] RX< [0m[7] [cam] [197738][me0][me_core_thread:359]ME out fid 3240
[03:43:24.965] RX< [34m[ME INTP]fid=3240, shutter=11940, perf=238(us), max=1745(us)!
[03:43:24.965] RX< [0m[32m[BE] fid=3240, perf=8634(us), max=8829(u
[03:43:26.610] RX< s)!
[03:43:26.610] RX< [0m[6] [App Dfs] f_index = 3240, f_len = 165485, cur_total_len = 6793532
[03:43:26.610] RX< [34m[AE] fid=3270,exp=11940,adg=300,Y=4420,mtg=180,shg=100,bgbv=1169,iso=300,cnv2,hdr0
[03:43:26.610] RX< [0m[7] [cam] [198738][me0][me_core_thread:359]ME out fid 3270
[03:43:26.610] RX< [34m[AE] fid=3300,exp=1194
[03:43:27.611] RX< 0,adg=300,Y=4419,mtg=180,shg=100,bgbv=1169,iso=300,cnv2,hdr0
[03:43:27.611] RX< [0m[7] [cam] [199738][me0][me_core_thread:359]ME out fid 3300
[03:43:27.611] RX< [34m[AE] fid=3330,exp=11940,adg=300,Y=4415,mtg=180,shg=100,bgbv=1169,iso=300,cnv2,hdr0
[03:43:27.611] RX< [0m[34m[b_ae0 proc] perf=463(us), max=633(
[03:43:28.627] RX< us)!
[03:43:28.627] RX< [0m[34m[awb0 proc] perf=1294(us), max=1469(us)!
[03:43:28.627] RX< [0m[7] [cam] [200738][me0][me_core_thread:359]ME out fid 3330
[03:43:28.627] RX< [32m[BE] fid=3330, perf=8627(us), max=8852(us)!
[03:43:28.627] RX< [0m[6] [App Dfs] f_index = 3330, f_len = 166776, cur_total_len = 6875235
[03:43:28.627] RX< [34m[AE] fid=
[03:43:28.708] RX< 3360,exp=11970,adg=300,Y=4425,mtg=180,shg=100,bgbv=1169,iso=300,cnv2,hdr0
[03:43:28.708] RX< [0m[6] [cam] [201729][dwp0][cpm_cb_dewarp_handle:1411]EIS: dewarp done frm=3360, buf_idx=0
[03:43:28.708] RX< [7] [cam] [201738][me0][me_core_thread:359]ME out fid 3360
[03:43:28.708] RX< [34m[ME INTP]fid=3360, shutter
[03:43:30.611] RX< =11970, perf=4(us), max=2501(us)!
[03:43:30.611] RX< [0m[34m[AE] fid=3390,exp=11970,adg=300,Y=4430,mtg=180,shg=100,bgbv=1169,iso=300,cnv2,hdr0
[03:43:30.611] RX< [0m[7] [cam] [202738][me0][me_core_thread:359]ME out fid 3390
[03:43:30.611] RX< [34m[AE] fid=3420,exp=12090,adg=300,Y=4413,mtg=180,shg=100,bgbv=11
[03:43:30.989] RX< 55,iso=300,cnv2,hdr0
[03:43:30.989] RX< [0m[34m[b_ae0 proc] perf=411(us), max=816(us)!
[03:43:30.989] RX< [0m[34m[awb0 proc] perf=1398(us), max=1677(us)!
[03:43:30.989] RX< [0m[7] [cam] [203737][me0][me_core_thread:359]ME out fid 3420
[03:43:30.989] RX< [32m[BE] fid=3420, perf=8929(us), max=8929(us)!
[03:43:30.989] RX< [0m[6] [App Dfs] f_ind
[03:43:32.608] RX< ex = 3420, f_len = 181397, cur_total_len = 6853248
[03:43:32.608] RX< [34m[AE] fid=3450,exp=12090,adg=300,Y=4402,mtg=180,shg=100,bgbv=1151,iso=300,cnv2,hdr0
[03:43:32.608] RX< [0m[7] [cam] [204737][me0][me_core_thread:359]ME out fid 3450
[03:43:32.608] RX< [34m[AE] fid=3480,exp=12090,adg=300,Y=4421,mtg=180,sh
[03:43:33.610] RX< g=100,bgbv=1155,iso=300,cnv2,hdr0
[03:43:33.610] RX< [0m[7] [cam] [205737][me0][me_core_thread:359]ME out fid 3480
[03:43:33.610] RX< [34m[ME INTP]fid=3480, shutter=12090, perf=3(us), max=2656(us)!
[03:43:33.610] RX< [0m[34m[AE] fid=3510,exp=12080,adg=300,Y=4437,mtg=180,shg=100,bgbv=1159,iso=300,cnv2,hdr0
[03:43:33.610] RX< [
[03:43:33.988] RX< 0m[34m[b_ae0 proc] perf=456(us), max=649(us)!
[03:43:33.988] RX< [0m[34m[awb0 proc] perf=1366(us), max=1746(us)!
[03:43:33.988] RX< [0m[7] [cam] [206737][me0][me_core_thread:359]ME out fid 3510
[03:43:33.988] RX< [32m[BE] fid=3510, perf=8864(us), max=8929(us)!
[03:43:33.988] RX< [0m[6] [App Dfs] f_index = 3510, f_len = 1788
[03:43:35.607] RX< 71, cur_total_len = 6827207
[03:43:35.607] RX< [34m[AE] fid=3540,exp=12080,adg=300,Y=4427,mtg=180,shg=100,bgbv=1159,iso=300,cnv2,hdr0
[03:43:35.607] RX< [0m[7] [cam] [207737][me0][me_core_thread:359]ME out fid 3540
[03:43:35.607] RX< [34m[AE] fid=3570,exp=12070,adg=300,Y=4449,mtg=180,shg=100,bgbv=1163,iso=300
[03:43:36.626] RX< ,cnv2,hdr0
[03:43:36.626] RX< [0m[7] [cam] [208737][me0][me_core_thread:359]ME out fid 3570
[03:43:36.626] RX< [34m[AE] fid=3600,exp=12090,adg=300,Y=4394,mtg=180,shg=100,bgbv=1147,iso=300,cnv2,hdr0
[03:43:36.626] RX< [0m[34m[b_ae0 proc] perf=411(us), max=659(us)!
[03:43:36.626] RX< [0m[34m[awb0 proc] perf=1403(us), max=1645
[03:43:36.963] RX< (us)!
[03:43:36.963] RX< [0m[6] [cam] [209728][dwp0][cpm_cb_dewarp_handle:1411]EIS: dewarp done frm=3600, buf_idx=0
[03:43:36.963] RX< [7] [cam] [209737][me0][me_core_thread:359]ME out fid 3600
[03:43:36.963] RX< [34m[ME INTP]fid=3600, shutter=12090, perf=3(us), max=2648(us)!
[03:43:36.963] RX< [0m[32m[BE] fid=3600, perf=8669(
[03:43:38.607] RX< us), max=8878(us)!
[03:43:38.607] RX< [0m[6] [App Dfs] f_index = 3600, f_len = 165806, cur_total_len = 6825576
[03:43:38.607] RX< [34m[AE] fid=3630,exp=12090,adg=300,Y=4415,mtg=180,shg=100,bgbv=1155,iso=300,cnv2,hdr0
[03:43:38.607] RX< [0m[7] [cam] [210736][me0][me_core_thread:359]ME out fid 3630
[03:43:38.607] RX< [34m[AE] fi
[03:43:39.609] RX< d=3660,exp=12090,adg=300,Y=4398,mtg=180,shg=100,bgbv=1147,iso=300,cnv2,hdr0
[03:43:39.609] RX< [0m[7] [cam] [211736][me0][me_core_thread:359]ME out fid 3660
[03:43:39.609] RX< [34m[AE] fid=3690,exp=12090,adg=300,Y=4405,mtg=180,shg=100,bgbv=1151,iso=300,cnv2,hdr0
[03:43:39.609] RX< [0m[34m[b_ae0 proc] perf=41
[03:43:39.984] RX< 7(us), max=634(us)!
[03:43:39.984] RX< [0m[34m[awb0 proc] perf=1296(us), max=1607(us)!
[03:43:39.984] RX< [0m[7] [cam] [212736][me0][me_core_thread:359]ME out fid 3690
[03:43:39.984] RX< [32m[BE] fid=3690, perf=8658(us), max=8905(us)!
[03:43:39.984] RX< [0m[6] [App Dfs] f_index = 3690, f_len = 164932, cur_total_len = 6767112
[03:43:41.606] RX< 
[03:43:41.606] RX< [34m[AE] fid=3720,exp=12080,adg=300,Y=4427,mtg=180,shg=100,bgbv=1159,iso=300,cnv2,hdr0
[03:43:41.606] RX< [0m[7] [cam] [213736][me0][me_core_thread:359]ME out fid 3720
[03:43:41.606] RX< [34m[ME INTP]fid=3720, shutter=12080, perf=3(us), max=3210(us)!
[03:43:41.606] RX< [0m[34m[AE] fid=3750,exp=12090,adg=30
[03:43:42.608] RX< 0,Y=4412,mtg=180,shg=100,bgbv=1151,iso=300,cnv2,hdr0
[03:43:42.608] RX< [0m[7] [cam] [214736][me0][me_core_thread:359]ME out fid 3750
[03:43:42.608] RX< [34m[AE] fid=3780,exp=12090,adg=300,Y=4406,mtg=180,shg=100,bgbv=1151,iso=300,cnv2,hdr0
[03:43:42.608] RX< [0m[34m[b_ae0 proc] perf=578(us), max=818(us)!
[03:43:42.608] RX< [
[03:43:43.606] RX< 0m[34m[awb0 proc] perf=1363(us), max=1703(us)!
[03:43:43.606] RX< [0m[7] [cam] [215736][me0][me_core_thread:359]ME out fid 3780
[03:43:43.606] RX< [32m[BE] fid=3780, perf=8663(us), max=8914(us)!
[03:43:43.606] RX< [0m[6] [App Dfs] f_index = 3780, f_len = 166898, cur_total_len = 6843099
[03:43:43.606] RX< [34m[AE] fid=3810,exp
[03:43:44.624] RX< =12090,adg=300,Y=4391,mtg=180,shg=100,bgbv=1147,iso=300,cnv2,hdr0
[03:43:44.624] RX< [0m[7] [cam] [216736][me0][me_core_thread:359]ME out fid 3810
[03:43:44.624] RX< [34m[AE] fid=3840,exp=12090,adg=300,Y=4390,mtg=180,shg=100,bgbv=1147,iso=300,cnv2,hdr0
[03:43:44.624] RX< [0m[6] [cam] [217727][dwp0][cpm_cb_dew
[03:43:45.607] RX< arp_handle:1411]EIS: dewarp done frm=3840, buf_idx=0
[03:43:45.607] RX< [7] [cam] [217736][me0][me_core_thread:359]ME out fid 3840
[03:43:45.607] RX< [34m[ME INTP]fid=3840, shutter=12090, perf=3(us), max=2885(us)!
[03:43:45.607] RX< [0m[34m[AE] fid=3870,exp=12090,adg=300,Y=4398,mtg=180,shg=100,bgbv=1147,iso=3
[03:43:45.982] RX< 00,cnv2,hdr0
[03:43:45.982] RX< [0m[34m[b_ae0 proc] perf=412(us), max=624(us)!
[03:43:45.982] RX< [0m[34m[awb0 proc] perf=1317(us), max=1558(us)!
[03:43:45.982] RX< [0m[7] [cam] [218735][me0][me_core_thread:359]ME out fid 3870
[03:43:45.982] RX< [32m[BE] fid=3870, perf=8913(us), max=8913(us)!
[03:43:45.982] RX< [0m[6] [App Dfs] f_index = 387
[03:43:47.605] RX< 0, f_len = 178263, cur_total_len = 6847425
[03:43:47.605] RX< [34m[AE] fid=3900,exp=12080,adg=300,Y=4430,mtg=180,shg=100,bgbv=1159,iso=300,cnv2,hdr0
[03:43:47.605] RX< [0m[7] [cam] [219735][me0][me_core_thread:359]ME out fid 3900
[03:43:47.605] RX< [34m[AE] fid=3930,exp=12090,adg=300,Y=4402,mtg=180,shg=100,bg
[03:43:48.607] RX< bv=1151,iso=300,cnv2,hdr0
[03:43:48.607] RX< [0m[7] [cam] [220735][me0][me_core_thread:359]ME out fid 3930
[03:43:48.607] RX< [34m[AE] fid=3960,exp=12090,adg=300,Y=4399,mtg=180,shg=100,bgbv=1147,iso=300,cnv2,hdr0
[03:43:48.607] RX< [0m[34m[b_ae0 proc] perf=570(us), max=725(us)!
[03:43:48.607] RX< [0m[34m[awb0 proc] perf=144
[03:43:48.982] RX< 2(us), max=1526(us)!
[03:43:48.982] RX< [0m[7] [cam] [221735][me0][me_core_thread:359]ME out fid 3960
[03:43:48.982] RX< [34m[ME INTP]fid=3960, shutter=12090, perf=422(us), max=2601(us)!
[03:43:48.982] RX< [0m[32m[BE] fid=3960, perf=8744(us), max=8913(us)!
[03:43:48.982] RX< [0m[6] [App Dfs] f_index = 3960, f_len = 168608, cu
[03:43:50.605] RX< r_total_len = 6820753
[03:43:50.605] RX< [34m[AE] fid=3990,exp=12090,adg=300,Y=4411,mtg=180,shg=100,bgbv=1151,iso=300,cnv2,hdr0
[03:43:50.605] RX< [0m[7] [cam] [222735][me0][me_core_thread:359]ME out fid 3990
[03:43:50.605] RX< [34m[AE] fid=4020,exp=12090,adg=300,Y=4401,mtg=180,shg=100,bgbv=1151,iso=300,cnv2,
[03:43:51.608] RX< hdr0
[03:43:51.608] RX< [0m[7] [cam] [223735][me0][me_core_thread:359]ME out fid 4020
[03:43:51.608] RX< [34m[AE] fid=4050,exp=12200,adg=300,Y=4399,mtg=180,shg=100,bgbv=1140,iso=300,cnv2,hdr0
[03:43:51.608] RX< [0m[34m[b_ae0 proc] perf=412(us), max=657(us)!
[03:43:51.608] RX< [0m[34m[awb0 proc] perf=1380(us), max=1597(us)!
[03:43:52.623] RX< [0m[7] [cam] [224735][me0][me_core_thread:359]ME out fid 4050
[03:43:52.623] RX< [32m[BE] fid=4050, perf=8671(us), max=8888(us)!
[03:43:52.623] RX< [0m[6] [App Dfs] f_index = 4050, f_len = 166536, cur_total_len = 6857938
[03:43:52.623] RX< [34m[AE] fid=4080,exp=12190,adg=300,Y=4406,mtg=180,shg=100,bgbv=1144,
[03:43:53.605] RX< iso=300,cnv2,hdr0
[03:43:53.605] RX< [0m[6] [cam] [225726][dwp0][cpm_cb_dewarp_handle:1411]EIS: dewarp done frm=4080, buf_idx=0
[03:43:53.605] RX< [7] [cam] [225734][me0][me_core_thread:359]ME out fid 4080
[03:43:53.605] RX< [34m[ME INTP]fid=4080, shutter=12190, perf=3(us), max=5498(us)!
[03:43:53.605] RX< [0m[34m[AE] fid=4110
[03:43:54.624] RX< ,exp=12200,adg=300,Y=4393,mtg=180,shg=100,bgbv=1140,iso=300,cnv2,hdr0
[03:43:54.624] RX< [0m[7] [cam] [226734][me0][me_core_thread:359]ME out fid 4110
[03:43:54.624] RX< [34m[AE] fid=4140,exp=12190,adg=300,Y=4416,mtg=180,shg=100,bgbv=1148,iso=300,cnv2,hdr0
[03:43:54.624] RX< [0m[34m[b_ae0 proc] perf=413(us),
[03:43:55.606] RX<  max=636(us)!
[03:43:55.606] RX< [0m[34m[awb0 proc] perf=1292(us), max=1580(us)!
[03:43:55.606] RX< [0m[7] [cam] [227734][me0][me_core_thread:359]ME out fid 4140
[03:43:55.606] RX< [32m[BE] fid=4140, perf=8881(us), max=8893(us)!
[03:43:55.606] RX< [0m[6] [App Dfs] f_index = 4140, f_len = 179996, cur_total_len = 6843754
[03:43:55.606] RX< [34m
[03:43:56.621] RX< [AE] fid=4170,exp=12190,adg=300,Y=4411,mtg=180,shg=100,bgbv=1144,iso=300,cnv2,hdr0
[03:43:56.621] RX< [0m[7] [cam] [228734][me0][me_core_thread:359]ME out fid 4170
[03:43:56.621] RX< [34m[AE] fid=4200,exp=12190,adg=300,Y=4402,mtg=180,shg=100,bgbv=1144,iso=300,cnv2,hdr0
[03:43:56.621] RX< [0m[7] [cam] [229734]
[03:43:57.624] RX< [me0][me_core_thread:359]ME out fid 4200
[03:43:57.624] RX< [34m[ME INTP]fid=4200, shutter=12190, perf=3(us), max=10951(us)!
[03:43:57.624] RX< [0m[34m[AE] fid=4230,exp=12190,adg=300,Y=4406,mtg=180,shg=100,bgbv=1144,iso=300,cnv2,hdr0
[03:43:57.624] RX< [0m[34m[b_ae0 proc] perf=406(us), max=729(us)!
[03:43:57.624] RX< [0m[3
[03:43:58.605] RX< 4m[awb0 proc] perf=1313(us), max=1620(us)!
[03:43:58.605] RX< [0m[7] [cam] [230734][me0][me_core_thread:359]ME out fid 4230
[03:43:58.605] RX< [32m[BE] fid=4230, perf=8907(us), max=8907(us)!
[03:43:58.605] RX< [0m[6] [App Dfs] f_index = 4230, f_len = 180793, cur_total_len = 6823941
[03:43:58.605] RX< [34m[AE] fid=4260,exp=1219
[03:43:59.621] RX< 0,adg=300,Y=4409,mtg=180,shg=100,bgbv=1144,iso=300,cnv2,hdr0
[03:43:59.621] RX< [0m[7] [cam] [231734][me0][me_core_thread:359]ME out fid 4260
[03:43:59.621] RX< [34m[AE] fid=4290,exp=12190,adg=300,Y=4401,mtg=180,shg=100,bgbv=1144,iso=300,cnv2,hdr0
[03:43:59.621] RX< [0m[7] [cam] [232733][me0][me_core_thread:3
[03:44:00.624] RX< 59]ME out fid 4290
[03:44:00.624] RX< [34m[AE] fid=4320,exp=12190,adg=300,Y=4431,mtg=180,shg=100,bgbv=1152,iso=300,cnv2,hdr0
[03:44:00.624] RX< [0m[34m[b_ae0 proc] perf=411(us), max=591(us)!
[03:44:00.624] RX< [0m[34m[awb0 proc] perf=1526(us), max=1783(us)!
[03:44:00.624] RX< [0m[6] [cam] [233725][dwp0][cpm_cb_dewarp_handle
[03:44:00.983] RX< :1411]EIS: dewarp done frm=4320, buf_idx=0
[03:44:00.983] RX< [7] [cam] [233733][me0][me_core_thread:359]ME out fid 4320
[03:44:00.983] RX< [34m[ME INTP]fid=4320, shutter=12190, perf=3(us), max=2023(us)!
[03:44:00.983] RX< [0m[32m[BE] fid=4320, perf=8650(us), max=8907(us)!
[03:44:00.983] RX< [0m[6] [App Dfs] f_index = 4320, f_
[03:44:02.607] RX< len = 167471, cur_total_len = 6796135
[03:44:02.607] RX< [34m[AE] fid=4350,exp=12190,adg=300,Y=4436,mtg=180,shg=100,bgbv=1152,iso=300,cnv2,hdr0
[03:44:02.607] RX< [0m[7] [cam] [234733][me0][me_core_thread:359]ME out fid 4350
[03:44:02.607] RX< [34m[AE] fid=4380,exp=12190,adg=300,Y=4416,mtg=180,shg=100,bgbv=11
[03:44:03.609] RX< 48,iso=300,cnv2,hdr0
[03:44:03.609] RX< [0m[7] [cam] [235733][me0][me_core_thread:359]ME out fid 4380
[03:44:03.609] RX< [34m[AE] fid=4410,exp=12190,adg=300,Y=4414,mtg=180,shg=100,bgbv=1148,iso=300,cnv2,hdr0
[03:44:03.609] RX< [0m[34m[b_ae0 proc] perf=397(us), max=608(us)!
[03:44:03.609] RX< [0m[34m[awb0 proc] perf=1442(us)
[03:44:04.607] RX< , max=1546(us)!
[03:44:04.607] RX< [0m[7] [cam] [236733][me0][me_core_thread:359]ME out fid 4410
[03:44:04.607] RX< [32m[BE] fid=4410, perf=8710(us), max=8924(us)!
[03:44:04.607] RX< [0m[6] [App Dfs] f_index = 4410, f_len = 167692, cur_total_len = 6847106
[03:44:04.607] RX< [34m[AE] fid=4440,exp=12190,adg=300,Y=4414,mtg=180,sh
[03:44:05.606] RX< g=100,bgbv=1148,iso=300,cnv2,hdr0
[03:44:05.606] RX< [0m[7] [cam] [237733][me0][me_core_thread:359]ME out fid 4440
[03:44:05.606] RX< [34m[ME INTP]fid=4440, shutter=12190, perf=3(us), max=2545(us)!
[03:44:05.606] RX< [0m[34m[AE] fid=4470,exp=12190,adg=300,Y=4413,mtg=180,shg=100,bgbv=1148,iso=300,cnv2,hdr0
[03:44:05.606] RX< [
[03:44:06.625] RX< 0m[7] [cam] [238733][me0][me_core_thread:359]ME out fid 4470
[03:44:06.625] RX< [34m[AE] fid=4500,exp=12190,adg=300,Y=4429,mtg=180,shg=100,bgbv=1152,iso=300,cnv2,hdr0
[03:44:06.625] RX< [0m[34m[b_ae0 proc] perf=410(us), max=674(us)!
[03:44:06.625] RX< [0m[34m[awb0 proc] perf=1388(us), max=1742(us)!
[03:44:06.625] RX< [0m[7]
[03:44:07.607] RX<  [cam] [239733][me0][me_core_thread:359]ME out fid 4500
[03:44:07.607] RX< [32m[BE] fid=4500, perf=8697(us), max=8710(us)!
[03:44:07.607] RX< [0m[6] [App Dfs] f_index = 4500, f_len = 166741, cur_total_len = 6811275
[03:44:07.607] RX< [34m[AE] fid=4530,exp=12190,adg=300,Y=4427,mtg=180,shg=100,bgbv=1152,iso=300
[03:44:08.624] RX< ,cnv2,hdr0
[03:44:08.624] RX< [0m[7] [cam] [240732][me0][me_core_thread:359]ME out fid 4530
[03:44:08.624] RX< [34m[AE] fid=4560,exp=12190,adg=300,Y=4402,mtg=180,shg=100,bgbv=1144,iso=300,cnv2,hdr0
[03:44:08.624] RX< [0m[6] [cam] [241724][dwp0][cpm_cb_dewarp_handle:1411]EIS: dewarp done frm=4560, buf_idx=0
[03:44:08.624] RX< [7
[03:44:09.609] RX< ] [cam] [241732][me0][me_core_thread:359]ME out fid 4560
[03:44:09.609] RX< [34m[ME INTP]fid=4560, shutter=12190, perf=3(us), max=2584(us)!
[03:44:09.609] RX< [0m[34m[AE] fid=4590,exp=12200,adg=300,Y=4397,mtg=180,shg=100,bgbv=1140,iso=300,cnv2,hdr0
[03:44:09.609] RX< [0m[34m[b_ae0 proc] perf=404(us), max=63
[03:44:10.607] RX< 9(us)!
[03:44:10.607] RX< [0m[34m[awb0 proc] perf=1318(us), max=2398(us)!
[03:44:10.607] RX< [0m[7] [cam] [242732][me0][me_core_thread:359]ME out fid 4590
[03:44:10.607] RX< [32m[BE] fid=4590, perf=8725(us), max=8880(us)!
[03:44:10.607] RX< [0m[6] [App Dfs] f_index = 4590, f_len = 167848, cur_total_len = 6840701
[03:44:10.607] RX< [34m[AE] fi
[03:44:11.623] RX< d=4620,exp=12200,adg=300,Y=4389,mtg=180,shg=100,bgbv=1140,iso=300,cnv2,hdr0
[03:44:11.623] RX< [0m[7] [cam] [243732][me0][me_core_thread:359]ME out fid 4620
[03:44:11.623] RX< [34m[AE] fid=4650,exp=12190,adg=300,Y=4408,mtg=180,shg=100,bgbv=1144,iso=300,cnv2,hdr0
[03:44:11.623] RX< [0m[7] [cam] [244732][me0][m
[03:44:12.625] RX< e_core_thread:359]ME out fid 4650
[03:44:12.625] RX< [34m[AE] fid=4680,exp=12190,adg=300,Y=4413,mtg=180,shg=100,bgbv=1148,iso=300,cnv2,hdr0
[03:44:12.625] RX< [0m[34m[b_ae0 proc] perf=452(us), max=786(us)!
[03:44:12.625] RX< [0m[34m[awb0 proc] perf=1366(us), max=1535(us)!
[03:44:12.625] RX< [0m[7] [cam] [245732][me0][me_cor
[03:44:13.608] RX< e_thread:359]ME out fid 4680
[03:44:13.608] RX< [34m[ME INTP]fid=4680, shutter=12190, perf=97(us), max=2481(us)!
[03:44:13.608] RX< [0m[32m[BE] fid=4680, perf=8848(us), max=8848(us)!
[03:44:13.608] RX< [0m[6] [App Dfs] f_index = 4680, f_len = 177033, cur_total_len = 6840364
[03:44:13.608] RX< [34m[AE] fid=4710,exp=12140,adg=3
[03:44:14.624] RX< 00,Y=4461,mtg=180,shg=100,bgbv=1160,iso=300,cnv2,hdr0
[03:44:14.624] RX< [0m[7] [cam] [246732][me0][me_core_thread:359]ME out fid 4710
[03:44:14.624] RX< [34m[AE] fid=4740,exp=12170,adg=300,Y=4410,mtg=180,shg=100,bgbv=1144,iso=300,cnv2,hdr0
[03:44:14.624] RX< [0m[7] [cam] [247731][me0][me_core_thread:359]ME o
[03:44:15.626] RX< ut fid 4740
[03:44:15.626] RX< [34m[AE] fid=4770,exp=12150,adg=300,Y=4437,mtg=180,shg=100,bgbv=1152,iso=300,cnv2,hdr0
[03:44:15.626] RX< [0m[34m[b_ae0 proc] perf=590(us), max=697(us)!
[03:44:15.626] RX< [0m[34m[awb0 proc] perf=1316(us), max=1567(us)!
[03:44:15.626] RX< [0m[7] [cam] [248731][me0][me_core_thread:359]ME out fi
[03:44:16.625] RX< d 4770
[03:44:16.625] RX< [32m[BE] fid=4770, perf=8676(us), max=8886(us)!
[03:44:16.625] RX< [0m[6] [App Dfs] f_index = 4770, f_len = 164681, cur_total_len = 6782640
[03:44:16.625] RX< [34m[AE] fid=4800,exp=12150,adg=300,Y=4431,mtg=180,shg=100,bgbv=1152,iso=300,cnv2,hdr0
[03:44:16.625] RX< [0m[6] [cam] [249723][dwp0][cpm_cb_de
[03:44:17.607] RX< warp_handle:1411]EIS: dewarp done frm=4800, buf_idx=0
[03:44:17.607] RX< [7] [cam] [249731][me0][me_core_thread:359]ME out fid 4800
[03:44:17.607] RX< [34m[ME INTP]fid=4800, shutter=12150, perf=3(us), max=2605(us)!
[03:44:17.607] RX< [0m[34m[AE] fid=4830,exp=12150,adg=300,Y=4441,mtg=180,shg=100,bgbv=1156,iso=
[03:44:18.610] RX< 300,cnv2,hdr0
[03:44:18.610] RX< [0m[7] [cam] [250731][me0][me_core_thread:359]ME out fid 4830
[03:44:18.610] RX< [34m[AE] fid=4860,exp=12150,adg=300,Y=4430,mtg=180,shg=100,bgbv=1152,iso=300,cnv2,hdr0
[03:44:18.610] RX< [0m[34m[b_ae0 proc] perf=412(us), max=793(us)!
[03:44:18.610] RX< [0m[34m[awb0 proc] perf=1505(us), max=1
[03:44:19.608] RX< 685(us)!
[03:44:19.608] RX< [0m[7] [cam] [251731][me0][me_core_thread:359]ME out fid 4860
[03:44:19.608] RX< [32m[BE] fid=4860, perf=8919(us), max=8919(us)!
[03:44:19.608] RX< [0m[6] [App Dfs] f_index = 4860, f_len = 179359, cur_total_len = 6859170
[03:44:19.608] RX< [34m[AE] fid=4890,exp=12160,adg=300,Y=4418,mtg=180,shg=100,b
[03:44:20.707] RX< gbv=1148,iso=300,cnv2,hdr0
[03:44:20.707] RX< [0m[7] [cam] [252731][me0][me_core_thread:359]ME out fid 4890
[03:44:20.707] RX< [34m[AE] fid=4920,exp=12150,adg=300,Y=4426,mtg=180,shg=100,bgbv=1152,iso=300,cnv2,hdr0
[03:44:20.707] RX< [0m[7] [cam] [253731][me0][me_core_thread:359]ME out fid 4920
[03:44:20.707] RX< [34m[ME INTP]f
[03:44:21.625] RX< id=4920, shutter=12150, perf=4(us), max=507(us)!
[03:44:21.625] RX< [0m[34m[AE] fid=4950,exp=12150,adg=300,Y=4447,mtg=180,shg=100,bgbv=1156,iso=300,cnv2,hdr0
[03:44:21.625] RX< [0m[34m[b_ae0 proc] perf=435(us), max=798(us)!
[03:44:21.625] RX< [0m[34m[awb0 proc] perf=1308(us), max=1744(us)!
[03:44:21.625] RX< [0m[7] [cam] [
[03:44:22.608] RX< 254730][me0][me_core_thread:359]ME out fid 4950
[03:44:22.608] RX< [32m[BE] fid=4950, perf=8864(us), max=8919(us)!
[03:44:22.608] RX< [0m[6] [App Dfs] f_index = 4950, f_len = 178105, cur_total_len = 6830629
[03:44:22.608] RX< [34m[AE] fid=4980,exp=12150,adg=300,Y=4434,mtg=180,shg=100,bgbv=1152,iso=300,cnv2,hd
[03:44:24.610] RX< r0
[03:44:24.610] RX< [0m[7] [cam] [255730][me0][me_core_thread:359]ME out fid 4980
[03:44:24.610] RX< [34m[AE] fid=5010,exp=12150,adg=300,Y=4433,mtg=180,shg=100,bgbv=1152,iso=300,cnv2,hdr0
[03:44:24.610] RX< [0m[7] [cam] [256730][me0][me_core_thread:359]ME out fid 5010
[03:44:24.626] RX< [34m[AE] fid=5040,exp=12150,adg=300,Y=4438,mtg=180,shg=100,bgbv=1156,iso=300,cnv2,hdr0
[03:44:24.626] RX< [0m[34m[b_ae0 proc] perf=412(us), max=673(us)!
[03:44:24.626] RX< [0m[34m[awb0 proc] perf=1586(us), max=1586(us)!
[03:44:24.626] RX< [0m[6] [cam] [257722][dwp0][cpm_cb_dewarp_handle:1411]EIS: dewarp d
[03:44:24.986] RX< one frm=5040, buf_idx=0
[03:44:24.986] RX< [7] [cam] [257730][me0][me_core_thread:359]ME out fid 5040
[03:44:24.986] RX< [34m[ME INTP]fid=5040, shutter=12150, perf=256(us), max=2773(us)!
[03:44:24.986] RX< [0m[32m[BE] fid=5040, perf=8698(us), max=8864(us)!
[03:44:24.986] RX< [0m[6] [App Dfs] f_index = 5040, f_len = 166502, cur
[03:44:26.608] RX< _total_len = 6803069
[03:44:26.608] RX< [34m[AE] fid=5070,exp=12150,adg=300,Y=4442,mtg=180,shg=100,bgbv=1156,iso=300,cnv2,hdr0
[03:44:26.608] RX< [0m[7] [cam] [258730][me0][me_core_thread:359]ME out fid 5070
[03:44:26.608] RX< [34m[AE] fid=5100,exp=12140,adg=300,Y=4455,mtg=180,shg=100,bgbv=1160,iso=300,cnv2,h
[03:44:27.610] RX< dr0
[03:44:27.610] RX< [0m[7] [cam] [259730][me0][me_core_thread:359]ME out fid 5100
[03:44:27.610] RX< [34m[AE] fid=5130,exp=12070,adg=300,Y=4443,mtg=180,shg=100,bgbv=1163,iso=300,cnv2,hdr0
[03:44:27.610] RX< [0m[34m[b_ae0 proc] perf=404(us), max=685(us)!
[03:44:27.610] RX< [0m[34m[awb0 proc] perf=1311(us), max=1586(us)!
[03:44:27.610] RX< 
[03:44:28.609] RX< [0m[7] [cam] [260730][me0][me_core_thread:359]ME out fid 5130
[03:44:28.609] RX< [32m[BE] fid=5130, perf=8718(us), max=8718(us)!
[03:44:28.609] RX< [0m[6] [App Dfs] f_index = 5130, f_len = 167542, cur_total_len = 6830201
[03:44:28.609] RX< [34m[AE] fid=5160,exp=12070,adg=300,Y=4444,mtg=180,shg=100,bgbv=1163,i
[03:44:29.625] RX< so=300,cnv2,hdr0
[03:44:29.625] RX< [0m[7] [cam] [261730][me0][me_core_thread:359]ME out fid 5160
[03:44:29.625] RX< [34m[ME INTP]fid=5160, shutter=12070, perf=3(us), max=2543(us)!
[03:44:29.625] RX< [0m[34m[AE] fid=5190,exp=12080,adg=300,Y=4436,mtg=180,shg=100,bgbv=1159,iso=300,cnv2,hdr0
[03:44:29.625] RX< [0m[7] [cam] [2627
[03:44:30.627] RX< 29][me0][me_core_thread:359]ME out fid 5190
[03:44:30.627] RX< [34m[AE] fid=5220,exp=12070,adg=300,Y=4440,mtg=180,shg=100,bgbv=1163,iso=300,cnv2,hdr0
[03:44:30.627] RX< [0m[34m[b_ae0 proc] perf=411(us), max=683(us)!
[03:44:30.627] RX< [0m[34m[awb0 proc] perf=1412(us), max=1733(us)!
[03:44:30.627] RX< [0m[7] [cam] [263729][m
[03:44:31.624] RX< e0][me_core_thread:359]ME out fid 5220
[03:44:31.624] RX< [32m[BE] fid=5220, perf=8869(us), max=8891(us)!
[03:44:31.624] RX< [0m[6] [App Dfs] f_index = 5220, f_len = 178060, cur_total_len = 6842111
[03:44:31.624] RX< [34m[AE] fid=5250,exp=12070,adg=300,Y=4441,mtg=180,shg=100,bgbv=1163,iso=300,cnv2,hdr0
[03:44:31.624] RX< [0m[7
[03:44:32.626] RX< ] [cam] [264729][me0][me_core_thread:359]ME out fid 5250
[03:44:32.626] RX< [34m[AE] fid=5280,exp=12070,adg=300,Y=4439,mtg=180,shg=100,bgbv=1163,iso=300,cnv2,hdr0
[03:44:32.626] RX< [0m[6] [cam] [265721][dwp0][cpm_cb_dewarp_handle:1411]EIS: dewarp done frm=5280, buf_idx=0
[03:44:32.626] RX< [7] [cam] [265729][
[03:44:33.610] RX< me0][me_core_thread:359]ME out fid 5280
[03:44:33.610] RX< [34m[ME INTP]fid=5280, shutter=12070, perf=495(us), max=2799(us)!
[03:44:33.610] RX< [0m[34m[AE] fid=5310,exp=12070,adg=300,Y=4441,mtg=180,shg=100,bgbv=1163,iso=300,cnv2,hdr0
[03:44:33.610] RX< [0m[34m[b_ae0 proc] perf=404(us), max=762(us)!
[03:44:33.610] RX< [0m[3
[03:44:34.609] RX< 4m[awb0 proc] perf=1368(us), max=1584(us)!
[03:44:34.609] RX< [0m[7] [cam] [266729][me0][me_core_thread:359]ME out fid 5310
[03:44:34.609] RX< [32m[BE] fid=5310, perf=8830(us), max=8884(us)!
[03:44:34.609] RX< [0m[6] [App Dfs] f_index = 5310, f_len = 176465, cur_total_len = 6835471
[03:44:34.609] RX< [34m[AE] fid=5340,exp=1206
[03:44:35.624] RX< 0,adg=300,Y=4459,mtg=180,shg=100,bgbv=1167,iso=300,cnv2,hdr0
[03:44:35.624] RX< [0m[7] [cam] [267729][me0][me_core_thread:359]ME out fid 5340
[03:44:35.624] RX< [34m[AE] fid=5370,exp=12070,adg=300,Y=4443,mtg=180,shg=100,bgbv=1163,iso=300,cnv2,hdr0
[03:44:35.624] RX< [0m[7] [cam] [268729][me0][me_core_thread:3
[03:44:36.479] RX< 59]ME out fid 5370
[03:44:36.479] RX< dfs_video_stop
[03:44:36.479] RX< msh /emmc>echo "__EVBTEST_E[6] [App Dfs]  Gravity_XR Record Stop Success: total frames = 5386
[03:44:36.479] RX< [6] [cam] [269580][DfsSend][sensor_stream_off:1188]sensor [1]: stream_off
[03:44:36.479] RX< [6] [cam] [269580][DfsSend][sensor_stream_off:1217]sen
[03:44:36.492] RX< sor [1]: REG: 0x100, W:0x0.
[03:44:36.492] RX< [6] [cam] [269581][DfsSend][sensor_stream_off:1219]sensor [1]: REG: 0x100, R:0x0.
[03:44:36.492] RX< [6] [cam] [269606][DfsSend][csc_prv_stop:983]ok! phys_id[1], phys_num[1], stop_type = 0
[03:44:36.492] RX< [6] [cam] [269606][DfsSend][cam_stop:1058]preview stop ok
[03:44:36.492] RX< ! logic_id[0]
[03:44:36.492] RX< [34m[cam stop] perf=26134(us)!
[03:44:36.492] RX< [0m[6] [App Cam] cam stop success
[03:44:36.492] RX< Total of 5387 frames encoded, 408730256 bytes, max_workbuffer_used: 3493888 bytes
[03:44:36.492] RX< [6] [App Cam] hevc_encoder_deinit success
[03:44:36.492] RX< [7] [cam] [269609][DfsSend][cam_cpm_core_power_of
[03:44:36.495] RX< f:467]id,0 type,1 ret 0
[03:44:36.495] RX< [6] [cam] [269609][sif0][sif_irq_proc:174]thread release cid,0
[03:44:36.495] RX< [6] [cam] [269609][DfsSend][cam_sif_mgr_deinit:316]X
[03:44:36.495] RX< [6] [cam] [269610][DfsSend][cam_deinit:887]deinit ok! logic_id[0]
[03:44:36.495] RX< [34m[cam deinit] perf=1296(us)!
[03:44:36.495] RX< [0m[6] [App C
[03:44:36.495] RX< am] cam deinit success
[03:44:36.495] RX< [6] [cam] [269610][DfsSend][sensor_close:1292]sensor [1]: close!
[03:44:36.495] RX< [6] [cam] [269611][DfsSend][cam_dewarp_deinit:438]dewarp deinit, id=0
[03:44:36.495] RX< [6] [cam] [269611][dwp0][dewarp_thread_entry:174]dewarp thread exit signal, id=0
[03:44:36.495] RX< [6] [cam] [2696
[03:44:36.498] RX< 12][dwp0][dewarp_thread_entry:276]dewarp thread exit, id=0
[03:44:36.498] RX< [6] [cam] [269612][DfsSend][cam_bm_core_deinit:136]X
[03:44:36.498] RX< [6] [cam] [269613][be0][be_core_irq_proc:329]thread release cid,0
[03:44:36.498] RX< [6] [cam] [269613][DfsSend][cam_be_core_deinit:793]X
[03:44:36.498] RX< [6] [cam] [269613][me0]
[03:44:36.499] RX< [me_core_thread:404]thread release cid,0
[03:44:36.499] RX< [6] [cam] [269614][DfsSend][cam_me_core_deinit:1551]X
[03:44:36.499] RX< [6] [cam] [269614][fe0][fe_core_irq_proc:121]thread release cid,0
[03:44:36.499] RX< [6] [cam] [269614][DfsSend][cam_fe_core_deinit:536]X
[03:44:36.499] RX< [6] [cam] [269615][b_3a_sts][bayer_stats
[03:44:36.501] RX< _core_irq_proc:193]thread release cid,0
[03:44:36.501] RX< [6] [cam] [269615][DfsSend][cam_bayer_stats_core_deinit:512]X
[03:44:36.501] RX< [6] [cam] [269615][b_ae0][a5_core_wrapper_task:315]thread release cid,0,algo,0
[03:44:36.501] RX< [6] [cam] [269616][DfsSend][bayer_ae_wrapper_deinit:204]X
[03:44:36.501] RX< [6] [cam] [2696
[03:44:36.501] RX< 16][atf0][a5_core_wrapper_task:315]thread release cid,0,algo,1
[03:44:36.501] RX< [6] [cam] [269616][DfsSend][atf_wrapper_deinit:153]X
[03:44:36.501] RX< [6] [cam] [269617][awb0][a5_core_wrapper_task:315]thread release cid,0,algo,2
[03:44:36.501] RX< [6] [cam] [269617][DfsSend][awb_wrapper_deinit:153]X
[03:44:36.501] RX< [6] [ca
[03:44:36.503] RX< m] [269618][DfsSend][cam_5a_core_deinit:555]X
[03:44:36.503] RX< [6] [cam] [269618][DfsSend][cam_5a_inf_deinit:149]X
[03:44:36.503] RX< [6] [cam] [269618][qpc0][qpc_core_msg_proc:705]thread release cid,0
[03:44:36.503] RX< [6] [cam] [269618][DfsSend][qpc_core_deinit:1413]X
[03:44:36.503] RX< [6] [cam] [269619][DfsSend][cam_cpm_c
[03:44:36.503] RX< ore_deinit:1248]X
[03:44:36.503] RX< [6] [cam] [269619][DfsSend][csc_close:656]ok! phys_id[1], phys_num[1]
[03:44:36.503] RX< [7] [cam] [269620][cer0][cer_recovery_proc:352]msg type = 254
[03:44:36.503] RX< [6] [cam] [269620][cer0][cer_recovery_proc:454]thread release cid,0
[03:44:36.503] RX< [6] [cam] [269620][DfsSend][cer_dein
[03:44:36.516] RX< it:560]X
[03:44:36.516] RX< [6] [cam] [269621][DfsSend][cam_close:789]close ok! logic_id[0]
[03:44:36.516] RX< [34m[cam close] perf=10500(us)!
[03:44:36.516] RX< [0m[6] [App Cam] cam close success
[03:44:36.516] RX< [6] [cam] [269621][cpl0][cam_prelude_proc_routine:136]thread release
[03:44:36.516] RX< [6] [cam] [269622][DfsSend][cam_exit:571]ex
[03:44:36.516] RX< it ok!
[03:44:36.516] RX< [34m[cam exit] perf=663(us)!
[03:44:36.516] RX< [0m[6] [App Cam] cam exit success
[03:44:36.516] RX< [6] [App Dfs] Save Video Successful: /emmc/VIDEO/20260101_000129_9207/Video_9207_0.h265
[03:44:36.516] RX< [6] [App Dfs] Save Imu Successful: /emmc/VIDEO/20260101_000129_9207/Imu_9207.bin
[03:44:36.516] RX< [6] [App Dfs
[03:44:36.652] TX> dfs_video_stop
[03:44:36.652] TX> echo "__EVBTEST_END_d20d87dc__"
[03:44:38.518] RX< ] Video recording completed successfully.
[03:44:38.518] RX< ND_d20d87dc__"
[03:44:38.518] RX< __EVBTEST_END_d20d87dc__
[03:44:38.518] RX< msh /emmc>
[03:47:05.396] RX< rtmp_video_start rtmp://192.168.1.89/live/cam
[03:47:05.396] RX< [7] [cam] [418485][tshell][cgm_parse_bin:104]total logical camera num: 1
[03:47:05.396] RX< [6] [cam] [418485][tshell][cam_prelude_create:187]E id, 0
[03:47:05.396] RX< [7] [cam] [418486][cpl0][cam_prelude_proc_routine:101]thread start
[03:47:05.396] RX< [6] [cam] [
[03:47:05.397] RX< 418486][tshell][cam_prelude_create:214]X ctx size 132 addr 0x884de908
[03:47:05.397] RX< [6] [cam] [418491][tshell][sensor_probe:418]sensor [1]: identifing 0 success.
[03:47:05.397] RX< [6] [cam] [418491][tshell][sensor_probe:441]sensor [1]: probe exit!
[03:47:05.397] RX< [6] [cam] [418491][tshell][cam_prelude_
[03:47:05.399] RX< fast_probe:251]cam: 0 probe result: 0
[03:47:05.399] RX< [6] [cam] [418492][tshell][cgm_parse_bin:218]cam(0) probe success
[03:47:05.399] RX< [6] [cam] [418492][tshell][cam_entry:455]entry ok
[03:47:05.399] RX< [34m[cam entry] perf=8039(us)!
[03:47:05.399] RX< [0m[6] [App Cam] cam entry success
[03:47:05.399] RX< [7] [cam] [418493][tshell][cam_
[03:47:05.400] RX< solve_layout:350][mLayout] param OK, scen3 iw4032 ih2268 ow2304 oh1296 gdc 0x2
[03:47:05.400] RX< [36m[mLayout] scen03 in=4032x2268,out=1296x2304 meRot1 stripe0 gdcOn0
[03:47:05.400] RX< [0m[36m[mLayout] scen03 14entries solved status=OK retry=0 rtmp=enabled (cursor0=0x8a018210 cursor1=0x8
[03:47:05.402] RX< 9300000, ch0/1/2 cnt=5/1/1)
[03:47:05.402] RX< [0m[7] [cam] [418495][tshell][cam_solve_layout:377]
[03:47:05.402] RX< [mLayout] out vol 0x8c000000 rBuf 0x89300000 sz 0xd00000 wBuf 0x8a9e5400 sz 0x900000
[03:47:05.402] RX<           rtmp tBuf 0x8a098210 sz 0x80000 aBuf 0x8a018210 sz 0x80000
[03:47:05.402] RX< [7] [cam] [418496][
[03:47:05.405] RX< tshell][cam_solve_layout:397]Solve Scen3 layout Done!
[03:47:05.405] RX< [6] [cam] [418497][tshell][cgm_parse_media_para:274]phy cam num: 1
[03:47:05.405] RX< [7] [cam] [418497][cer0][cer_recovery_proc:343]thread start cid, 0
[03:47:05.405] RX< [6] [cam] [418498][tshell][csc_open:499]SENSOR MCLK cal: 24MHz
[03:47:05.405] RX< [6]
[03:47:05.405] RX<  [cam] [418498][tshell][csc_isp_clk_cal:344]MIPI CLK cal: 277MHz
[03:47:05.405] RX< [6] [cam] [418499][tshell][csc_isp_clk_cal:374]LITE CLK cal: 25MHz
[03:47:05.405] RX< [7] [cam] [418499][tshell][cpc_csi_rx_power_on:633]E id: 2
[03:47:05.405] RX< [4] [cam] [418499][tshell][cpc_csi_rx_power_on:644]csi_2 has al
[03:47:05.411] RX< ready power on, STATUS: 1
[03:47:05.411] RX< [6] [cam] [418500][tshell][cpc_update_clock:603]actual SNS mclk: 24MHz
[03:47:05.411] RX< [6] [cam] [418500][tshell][cpc_update_clock:608]actual MIPI0: 300MHz
[03:47:05.411] RX< [6] [cam] [418501][tshell][cpc_update_clock:598]actual LITE clk: 25MHz
[03:47:05.411] RX< [7] [cam] [418501
[03:47:05.412] RX< ][tshell][cam_prelude_open:297][34msnsOpen camID1 csiID0 phyIdx0[0m
[03:47:05.412] RX< [6] [cam] [418505][tshell][sensor_expo_gain_match:48]sensor get sensor expo gain of imx681_vst
[03:47:05.412] RX< [6] [cam] [418505][tshell][sensor_open:684]sensor [1] open OK.
[03:47:05.412] RX< [6] [cam] [418506][tshell][
[03:47:05.416] RX< cam_cpm_parse_media:295]video scenario:3, media para[fps:0, mirror_en:0, flip_en:0]
[03:47:05.416] RX< [6] [cam] [418506][tshell][cam_cpm_parse_media:298]video scenario, media para[iso:0, gain:0, wb_mode:0]
[03:47:05.416] RX< [6] [cam] [418507][tshell][csc_isp_clk_cal:355]FE CLK cal: 373MHz, 
[03:47:05.416] RX< ME CLK cal: 371MHz, FE/ME CLK cal: 410MHz
[03:47:05.416] RX< [6] [cam] [418507][tshell][csc_isp_clk_cal:364]BE CLK cal: 301MHz
[03:47:05.416] RX< [4] [cam] [418508][tshell][cam_fe_core_power_on:269]fe pipe has already power on, STATUS: 1
[03:47:05.416] RX< [6] [cam] [418508][tshell][cpc_update_clock:588]actual 
[03:47:05.419] RX< FE/ME clk: 500MHz
[03:47:05.419] RX< [7] [cam] [418509][tshell][cam_cpm_core_power_on:435]id,0 type,1 ret 0
[03:47:05.419] RX< [6] [cam] [418509][tshell][cam_cpm_core_init:1017]E id,0 sensor type,1
[03:47:05.419] RX< [6] [cam] [418512][tshell][cpm_core_check_tuningbin:957]Tuning bin crc check PASS! sum 0x17a59
[03:47:05.419] RX< 64, xor 0x87e82682
[03:47:05.419] RX< [6] [cam] [418512][tshell][qpc_tuning_check_iqbin_validness:396]IQ bin addr: 0x88646660, project_name: video_3M
[03:47:05.419] RX< [6] [cam] [418513][tshell][qpc_tuning_check_iqbin_validness:397]total_size: 94400
[03:47:05.419] RX< [6] [cam] [418514][tshell][qpc_tuning_chec
[03:47:05.422] RX< k_iqbin_validness:398]id_count: 93. ID_TOTAL: 94
[03:47:05.422] RX< [6] [cam] [418514][tshell][qpc_tuning_check_iqbin_validness:399]spinel tuning data ver: V1.30
[03:47:05.422] RX< [6] [cam] [418514][tshell][cpm_core_check_tuningbin:971]IQ bin check success!
[03:47:05.422] RX< [6] [cam] [418515][tshell][cam_bm
[03:47:05.422] RX< _core_init:94]E
[03:47:05.422] RX< [6] [cam] [418515][tshell][bm_lab_init:174]X ctx size 4 addr 0x884c1bf8
[03:47:05.422] RX< [6] [cam] [418516][tshell][cam_bm_core_init:114]X ctx size 180 addr 0x884c1b30
[03:47:05.422] RX< [6] [cam] [418516][tshell][qpc_core_init:1299]E id,0
[03:47:05.422] RX< [6] [cam] [418517][tshell][qpc_que
[03:47:05.440] RX< ue_init:65]QPC init qnodes 8, size 508, pool 0x884c2168
[03:47:05.440] RX< [7] [cam] [418517][tshell][_qpc_get_cap_cfg_para:896][fallback]preset capCfg 200 0 0 invalid, use default
[03:47:05.440] RX< [7] [cam] [418518][tshell][_qpc_cfg_hdr_frms:840][fallback]preset hdrCfg 0 0 0 0 0 invalid, u
[03:47:05.440] RX< se default
[03:47:05.440] RX< [6] [cam] [418533][tshell][qpc_core_init:1347]X ctx size 1288 addr 0x884c1c18
[03:47:05.440] RX< [6] [cam] [418534][tshell][cpm_core_get_param:764]cpm para chk: tunBin-w 4032 h 2266 img-w 4032 h 2268
[03:47:05.440] RX< [6] [cam] [418534][tshell][cam_fe_core_init:436]E id,0
[03:47:05.440] RX< [6] [cam
[03:47:05.446] RX< ] [418535][tshell][cam_fe_core_init:490]X ctx size 96 addr 0x884c36f0
[03:47:05.446] RX< [7] [cam] [418536][tshell][qpc_core_fe_chords_init:1763][34mqpc fe init snsOut w 4032 h 2268, tbl w 28 h 20[0m
[03:47:05.446] RX< [6] [cam] [418536][tshell][cam_me_core_init:1523]X ctx size 1352 addr 0x
[03:47:05.446] RX< 884f1bd8
[03:47:05.446] RX< [34m[ME SLICE CFG] perf=1252(us)!
[03:47:05.446] RX< [0m[6] [cam] [418539][tshell][cam_bayer_fe_3a_stats_core_init:445]fe 3a id,0
[03:47:05.446] RX< [6] [cam] [418540][tshell][cam_bayer_fe_3a_stats_core_init:490]X ctx size 132 addr 0x884fa5d0
[03:47:05.446] RX< [6] [cam] [418540][tshell][awb_wrapper
[03:47:05.454] RX< _init:66]xxx awb_bin=0x884e1554, awb_bin_length=8068
[03:47:05.454] RX< [6] [cam] [418541][tshell][awb_wrapper_init:86]X algo_handle 0x88500230
[03:47:05.454] RX< [7] [cam] [418541][awb0][a5_core_wrapper_task:252]thread start cid,0 algo type,2
[03:47:05.454] RX< [6] [cam] [418542][tshell][a5_core_init_task:426]
[03:47:05.454] RX< thread created: awb0 mq=0x885022c0 thread=0x885023d8 sem=0x88502250 ret=0
[03:47:05.454] RX< [6] [cam] [418542][tshell][bayer_ae_wrapper_init:68]E id,0 proc mode 0 
[03:47:05.454] RX< 
[03:47:05.454] RX< [AEC Proc] @[allib_ae_set_debug_log_flag] Line:129:[DEBUG] debug level/to_file/to_terminal: 22/1/1
[03:47:05.454] RX< [AEC Proc
[03:47:05.456] RX< ] @[AeInit] Line:377:[INFO] AE ver: 2026_V2.269
[03:47:05.456] RX< 
[03:47:05.456] RX< [AEC Proc] @[allib_ae_loadfunc] Line:193:[INFO] camera ID: 0
[03:47:05.456] RX< [AEC Proc] @[alAE_set_param] Line:576:[DEBUG] sw_maxtime 33004 ,pertline 10800, after check sensor step sw_max_time 33000.00
[03:47:05.456] RX< [AEC Proc] @[alAE_s
[03:47:05.456] RX< et_param] Line:581:[DEBUG] sw_mintime 43 ,pertline 10800, after check sensor step sw_min_time 40.00
[03:47:05.456] RX< [AEC Proc] @[alAE_set_param] Line:514:[DEBUG] DEBUG minbv exptime 11 gain 100, minExpBV 13810
[03:47:05.456] RX< [AEC Proc] @[AeTuningParseSet] Line:167:[DEBUG] aeparam versi
[03:47:05.458] TX> rtmp_video_start rtmp://192.168.1.89/live/cam
[03:47:05.458] TX> echo "__EVBTEST_END_c1c9b7ba__"
[03:47:05.459] RX< on 2.268 60803
[03:47:05.459] RX< [AEC Proc] @[alAE_set_param] Line:341:[DEBUG] INITEXP gain 100, shutter 33242, midtonegain 100, bv 2247
[03:47:05.459] RX< [6] [cam] [418552][tshell][bayer_ae_wrapper_init:119]X tline 10800 max_exp 33004 alg_hdl 0x88504b88 
[03:47:05.459] RX< [7] [cam] [418553][b_ae0][a5_core_w
[03:47:05.460] RX< rapper_task:252]thread start cid,0 algo type,0
[03:47:05.460] RX< [6] [cam] [418553][tshell][a5_core_init_task:426]thread created: b_ae0 mq=0x88505c38 thread=0x88505d50 sem=0x88505bc8 ret=0
[03:47:05.460] RX< [6] [cam] [418554][tshell][atf_wrapper_init:67]E id,0
[03:47:05.460] RX< [6] [cam] [418554][tshell][at
[03:47:05.475] RX< f_wrapper_init:107]X alg_ctx addr 0x88507138
[03:47:05.475] RX< [7] [cam] [418555][atf0][a5_core_wrapper_task:252]thread start cid,0 algo type,1
[03:47:05.475] RX< [6] [cam] [418555][tshell][a5_core_init_task:426]thread created: atf0 mq=0x88507270 thread=0x88507388 sem=0x88507200 ret=0
[03:47:05.475] RX< [6] [c
[03:47:05.475] RX< am] [418555][tshell][cam_cpm_core_init:1149]X ctx size 1096 addr 0x884c16d8
[03:47:05.475] RX< [6] [cam] [418556][tshell][csc_open:599]ok! phys_id[1], phys_num[1] 
[03:47:05.475] RX< [6] [cam] [418557][tshell][cam_open:738]open ok! camera_id[0]
[03:47:05.475] RX< [34m[cam open] perf=63676(us)!
[03:47:05.475] RX< [0m[6] [App Ca
[03:47:05.478] RX< m] cam open success
[03:47:05.478] RX< [6] [cam] [418571][tshell][csc_init:722]sensor info:size:4032x2268, formt: 0x2b, bps: 1968, tline: 10800
[03:47:05.478] RX< [6] [cam] [418571][tshell][cam_sif_mgr_init:261]E id,0
[03:47:05.478] RX< [7] [cam] [418572][sif0][sif_irq_proc:151]thread start cid,0
[03:47:05.478] RX< [6] [cam] [41
[03:47:05.478] RX< 8572][tshell][cam_sif_mgr_init:293]X ctx size 52 addr 0x88541bc0
[03:47:05.478] RX< [6] [cam] [418572][tshell][cam_prelude_init_cfg:368]CSI ID is 0,  phy lanes is 2.
[03:47:05.478] RX< [7] [cam] [418573][tshell][check_phy_ready:96]MIPI_PHY[0] is ready
[03:47:05.478] RX< [6] [cam] [418573][tshell][sensor_init:3
[03:47:05.486] RX< 48]sensor [1]: register ok
[03:47:05.486] RX< [6] [cam] [418574][tshell][sensor_set_mode:887]sensor [1]: SetMode -> mode = 0.
[03:47:05.486] RX< [6] [cam] [418574][tshell][sensor_send_reg_tab_to_sensor:705]sensor [1]: send_reg_tab_to_sensor E.
[03:47:05.486] RX< [6] [cam] [418577][tshell][sensor_send_reg_tab_to
[03:47:05.487] RX< _sensor:751]sensor [1]: reg_count = 77.
[03:47:05.487] RX< [6] [cam] [418578][tshell][sensor_init:361]sensor [1]: init success.
[03:47:05.487] RX< [6] [cam] [418578][tshell][sensor_set_mode:887]sensor [1]: SetMode -> mode = 3.
[03:47:05.487] RX< [6] [cam] [418579][tshell][sensor_send_reg_tab_to_sensor:705]senso
[03:47:05.489] RX< r [1]: send_reg_tab_to_sensor E.
[03:47:05.489] RX< [6] [cam] [418583][tshell][sensor_send_reg_tab_to_sensor:751]sensor [1]: reg_count = 83.
[03:47:05.489] RX< [6] [cam] [418583][tshell][csc_init:731]ok! phys_id[1], phys_num[1]
[03:47:05.489] RX< [6] [cam] [418583][tshell][csc_get_bayer_single_buffer:1148]scena
[03:47:05.489] RX< rio_type: 3
[03:47:05.489] RX< [6] [cam] [418584][tshell][csc_set_stats_fmt:98]index 0 w 1 h 1 bw 8 wcmp 255
[03:47:05.489] RX< [7] [cam] [418584][tshell][bm_ioctl:201]BMIOC_STATS_FMT
[03:47:05.489] RX< [6] [cam] [418585][tshell][csc_set_fe_fmt:47]index 1 w 4032 h 2268 bw 10 wcmp 0
[03:47:05.489] RX< [7] [cam] [418585][tshell][b
[03:47:05.492] RX< m_ioctl:201]BMIOC_FE_FMT
[03:47:05.492] RX< [6] [cam] [418585][tshell][csc_set_me_fmt:64]index 5 w 2268 h 4032 bw 10 wcmp 0, rdma_addr 0x8a128c00, wdma_addr 0x8a128c00
[03:47:05.492] RX< [7] [cam] [418586][tshell][bm_ioctl:201]BMIOC_ME_FMT
[03:47:05.492] RX< [6] [cam] [418586][tshell][csc_set_video_fmt:1076]met
[03:47:05.492] RX< a_addr: 0x8a118240
[03:47:05.492] RX< [6] [cam] [418587][tshell][csc_set_me_fmt:64]index 6 w 1296 h 2304 bw 8 wcmp 255, rdma_addr 0x8b2e5400, wdma_addr 0x8c000000
[03:47:05.492] RX< [6] [cam] [418587][tshell][cam_me_core_buffer_cfg:1416]
[03:47:05.492] RX< ----ME PIPE INFO---
[03:47:05.492] RX<  wdma_buf_num:1, rotation_en: 1
[03:47:05.495] RX< [7] [cam] [418588][tshell][cam_me_core_buffer_cfg:1424]yuv wdma_addr 0:0x8c000000, meta_en: 1, 0x8a118240
[03:47:05.495] RX< [7] [cam] [418588][tshell][bm_ioctl:201]BMIOC_ME_FMT
[03:47:05.495] RX< [6] [cam] [418589][tshell][csc_set_lite_fmt:115]index 13 w 400 h 400 bw 10 wcmp 255
[03:47:05.495] RX< [7] [cam] [4
[03:47:05.498] RX< 18589][tshell][bm_ioctl:201]BMIOC_LITE_FMT
[03:47:05.498] RX< [6] [cam] [418590][tshell][csc_set_lite_fmt:115]index 14 w 400 h 400 bw 10 wcmp 255
[03:47:05.498] RX< [7] [cam] [418590][tshell][bm_ioctl:201]BMIOC_LITE_FMT
[03:47:05.498] RX< [6] [cam] [418591][tshell][csc_init:739]get otp ok! phys_id[1], phys_num
[03:47:05.498] RX< [1]
[03:47:05.498] RX< [6] [cam] [418591][tshell][cam_init:828]init ok! logic_id[0]
[03:47:05.498] RX< [34m[cam init] perf=20759(us)!
[03:47:05.498] RX< [0m[6] [App Cam] cam init success
[03:47:05.498] RX< [7] [cam] [418592][tshell][cam_cpm_core_stream_on:560]id 0 sensor type 1
[03:47:05.498] RX< [6] [cam] [418592][tshell][sensor_stream_on:1024]
[03:47:05.517] RX< sensor [1]: stream_on
[03:47:05.517] RX< [6] [cam] [418593][tshell][sensor_stream_on:1052]sensor [1]: REG: 0x100, W:0x1.
[03:47:05.517] RX< [6] [cam] [418593][tshell][sensor_stream_on:1054]sensor [1]: REG: 0x100, R:0x1.
[03:47:05.517] RX< [6] [cam] [418593][tshell][csc_prv_start:873]ok! phys_id[1], phys_num[1]
[03:47:05.517] RX< , cam_ids[1]
[03:47:05.517] RX< [6] [cam] [418594][tshell][cam_start:938]preview start ok! logic_id[0]
[03:47:05.517] RX< [34m[cam start] perf=2554(us)!
[03:47:05.517] RX< [0m[6] [App Cam] cam start success
[03:47:05.517] RX< [RTMP] connecting rtmp://192.168.1.89/live/cam ...
[03:47:05.517] RX< [7] [cam] [418595][b_3a_sts][bayer_stats_core_irq_p
[03:47:05.642] RX< roc:164]thread start cid,0
[03:47:05.642] RX< [7] [cam] [418595][fe0][fe_core_irq_proc:98]thread start cid,0
[03:47:05.642] RX< [RTMP] connected to 192.168.1.89:1935 (sock=6)
[03:47:05.642] RX< [RTMP] handshake (simple) ok
[03:47:05.642] RX< [34m[AE] fid=0,exp=7550,adg=100,Y=5482,mtg=100,shg=100,bgbv=4360,iso=100,cnv0,hdr0
[03:47:05.642] RX< [0m
[03:47:05.733] RX< [34m[b_ae0 proc] perf=8176(us), max=8176(us)!
[03:47:05.733] RX< [0m[34m[awb0 proc] perf=3872(us), max=3872(us)!
[03:47:05.733] RX< [0m[RTMP] connect _result ok
[03:47:05.733] RX< [RTMP] createStream -> msid=1
[03:47:05.733] RX< [RTMP] publish ready on rtmp://192.168.1.89:1935/live
[03:47:05.733] RX< [RTMP] config sent (42 bytes)
[03:47:05.733] RX< [RTMP] f_index 
[03:47:05.898] RX< = 0, f_len = 39
[03:47:05.898] RX< [RTMP] Push Start -> rtmp://192.168.1.89/live/cam
[03:47:05.898] RX< msh /emmc>echo "__EVBTEST_END_c1c9b7ba__"
[03:47:05.898] RX< __EVBTEST_END_c1c9b7ba__
[03:47:05.898] RX< msh /emmc>[6] [cam] [418887][me0][cpm_cb_fe2me_tikChk:152]frm_length 88563us, fe2me delta 0
[03:47:05.898] RX< [34m[ME INTP]fid=0, shutter=7
[03:47:07.796] RX< 550, perf=2153(us), max=2153(us)!
[03:47:07.796] RX< [0m[7] [cam] [419232][me0][me_core_thread:359]ME out fid 0
[03:47:07.796] RX< [34m[AE] fid=30,exp=11010,adg=300,Y=4513,mtg=180,shg=100,bgbv=1293,iso=300,cnv2,hdr0
[03:47:07.796] RX< [0m[7] [cam] [420232][me0][me_core_thread:359]ME out fid 30
[03:47:07.796] RX< [34m[AE] fid=6
[03:47:08.800] RX< 0,exp=11020,adg=300,Y=4488,mtg=180,shg=100,bgbv=1285,iso=300,cnv2,hdr0
[03:47:08.800] RX< [0m[7] [cam] [421232][me0][me_core_thread:359]ME out fid 60
[03:47:08.800] RX< [34m[AE] fid=90,exp=11050,adg=300,Y=4494,mtg=180,shg=100,bgbv=1281,iso=300,cnv2,hdr0
[03:47:08.800] RX< [0m[34m[b_ae0 proc] perf=989(us), ma
[03:47:09.895] RX< x=8176(us)!
[03:47:09.895] RX< [0m[34m[awb0 proc] perf=3808(us), max=3959(us)!
[03:47:09.895] RX< [0m[RTMP] f_index = 90, f_len = 14832
[03:47:09.895] RX< [7] [cam] [422232][me0][me_core_thread:359]ME out fid 90
[03:47:09.895] RX< [34m[AE] fid=120,exp=11060,adg=300,Y=4478,mtg=180,shg=100,bgbv=1277,iso=300,cnv2,hdr0
[03:47:09.895] RX< [0m[34m[
[03:47:11.148] RX< ME INTP]fid=120, shutter=11060, perf=6(us), max=5696(us)!
[03:47:11.148] RX< [0m[7] [cam] [423231][me0][me_core_thread:359]ME out fid 120
[03:47:11.148] RX< [34m[AE] fid=150,exp=11120,adg=300,Y=4474,mtg=180,shg=100,bgbv=1273,iso=300,cnv2,hdr0
[03:47:11.148] RX< [0m[7] [cam] [424231][me0][me_core_thread:359]ME
[03:47:12.136] RX<  out fid 150
[03:47:12.136] RX< [34m[AE] fid=180,exp=11110,adg=300,Y=4516,mtg=180,shg=100,bgbv=1284,iso=300,cnv2,hdr0
[03:47:12.136] RX< [0m[34m[b_ae0 proc] perf=1003(us), max=1757(us)!
[03:47:12.136] RX< [0m[34m[awb0 proc] perf=3850(us), max=3923(us)!
[03:47:12.136] RX< [0m[RTMP] f_index = 180, f_len = 14741
[03:47:12.136] RX< [7] [cam] [425
[03:47:13.796] RX< 231][me0][me_core_thread:359]ME out fid 180
[03:47:13.796] RX< [34m[AE] fid=210,exp=11110,adg=300,Y=4504,mtg=180,shg=100,bgbv=1280,iso=300,cnv2,hdr0
[03:47:13.796] RX< [0m[7] [cam] [426256][me0][me_core_thread:359]ME out fid 210
[03:47:13.796] RX< [34m[AE] fid=240,exp=11150,adg=300,Y=4467,mtg=180,shg=100,bgbv
[03:47:14.800] RX< =1268,iso=300,cnv2,hdr0
[03:47:14.800] RX< [0m[34m[ME INTP]fid=240, shutter=11150, perf=6(us), max=2925(us)!
[03:47:14.800] RX< [0m[7] [cam] [427231][me0][me_core_thread:359]ME out fid 240
[03:47:14.800] RX< [34m[AE] fid=270,exp=11100,adg=300,Y=4526,mtg=180,shg=100,bgbv=1288,iso=300,cnv2,hdr0
[03:47:14.800] RX< [0m[34m[b_ae0
[03:47:15.795] RX<  proc] perf=1017(us), max=3323(us)!
[03:47:15.795] RX< [0m[34m[awb0 proc] perf=3701(us), max=3910(us)!
[03:47:15.795] RX< [0m[RTMP] f_index = 270, f_len = 15765
[03:47:15.795] RX< [7] [cam] [428231][me0][me_core_thread:359]ME out fid 270
[03:47:15.795] RX< [34m[AE] fid=300,exp=11100,adg=300,Y=4531,mtg=180,shg=100,bgbv=1288,is
[03:47:17.796] RX< o=300,cnv2,hdr0
[03:47:17.796] RX< [0m[7] [cam] [429231][me0][me_core_thread:359]ME out fid 300
[03:47:17.796] RX< [34m[AE] fid=330,exp=11270,adg=300,Y=4509,mtg=180,shg=100,bgbv=1263,iso=300,cnv2,hdr0
[03:47:17.796] RX< [0m[7] [cam] [430231][me0][me_core_thread:359]ME out fid 330
[03:47:17.896] RX< [34m[AE] fid=360,exp=11500,adg=300,Y=4521,mtg=180,shg=100,bgbv=1238,iso=300,cnv2,hdr0
[03:47:17.896] RX< [0m[34m[b_ae0 proc] perf=1005(us), max=3160(us)!
[03:47:17.896] RX< [0m[34m[awb0 proc] perf=3716(us), max=4226(us)!
[03:47:17.896] RX< [0m[34m[ME INTP]fid=360, shutter=11500, perf=832(us), max=3459(us
[03:47:19.795] RX< )!
[03:47:19.795] RX< [0m[RTMP] f_index = 360, f_len = 17243
[03:47:19.795] RX< [7] [cam] [431230][me0][me_core_thread:359]ME out fid 360
[03:47:19.795] RX< [34m[AE] fid=390,exp=11210,adg=300,Y=4524,mtg=180,shg=100,bgbv=1271,iso=300,cnv2,hdr0
[03:47:19.795] RX< [0m[7] [cam] [432230][me0][me_core_thread:359]ME out fid 390
[03:47:19.795] RX< [34m[
[03:47:20.800] RX< AE] fid=420,exp=11130,adg=300,Y=4531,mtg=180,shg=100,bgbv=1284,iso=300,cnv2,hdr0
[03:47:20.800] RX< [0m[7] [cam] [433230][me0][me_core_thread:359]ME out fid 420
[03:47:20.800] RX< [34m[AE] fid=450,exp=11160,adg=300,Y=4466,mtg=180,shg=100,bgbv=1264,iso=300,cnv2,hdr0
[03:47:20.800] RX< [0m[34m[b_ae0 proc] perf
[03:47:21.796] RX< =1001(us), max=3327(us)!
[03:47:21.796] RX< [0m[34m[awb0 proc] perf=3815(us), max=4140(us)!
[03:47:21.796] RX< [0m[RTMP] f_index = 450, f_len = 15456
[03:47:21.796] RX< [7] [cam] [434230][me0][me_core_thread:359]ME out fid 450
[03:47:21.796] RX< [34m[AE] fid=480,exp=11190,adg=300,Y=4466,mtg=180,shg=100,bgbv=1260,iso=300,cnv2,
[03:47:23.147] RX< hdr0
[03:47:23.147] RX< [0m[34m[ME INTP]fid=480, shutter=11190, perf=7(us), max=6160(us)!
[03:47:23.147] RX< [0m[7] [cam] [435230][me0][me_core_thread:359]ME out fid 480
[03:47:23.147] RX< [34m[AE] fid=510,exp=11250,adg=300,Y=4476,mtg=180,shg=100,bgbv=1255,iso=300,cnv2,hdr0
[03:47:23.147] RX< [0m[7] [cam] [436230][me0][me_cor
[03:47:24.120] RX< e_thread:359]ME out fid 510
[03:47:24.120] RX< [34m[AE] fid=540,exp=11290,adg=300,Y=4462,mtg=180,shg=100,bgbv=1247,iso=300,cnv2,hdr0
[03:47:24.120] RX< [0m[34m[b_ae0 proc] perf=1023(us), max=2667(us)!
[03:47:24.120] RX< [0m[34m[awb0 proc] perf=3717(us), max=3880(us)!
[03:47:24.120] RX< [0m[RTMP] f_index = 540, f_len = 13541
[03:47:25.796] RX< 
[03:47:25.796] RX< [7] [cam] [437230][me0][me_core_thread:359]ME out fid 540
[03:47:25.796] RX< [34m[AE] fid=570,exp=11290,adg=300,Y=4452,mtg=180,shg=100,bgbv=1247,iso=300,cnv2,hdr0
[03:47:25.796] RX< [0m[7] [cam] [438229][me0][me_core_thread:359]ME out fid 570
[03:47:25.796] RX< [34m[AE] fid=600,exp=11350,adg=300,Y=4469,mtg=1
[03:47:26.228] RX< 80,shg=100,bgbv=1242,iso=300,cnv2,hdr0
[03:47:26.228] RX< [0m[34m[ME INTP]fid=600, shutter=11350, perf=6(us), max=2488(us)!
[03:47:26.228] RX< [0m[7] [cam] [439229][me0][me_core_thread:359]ME out fid 600
[03:47:26.228] RX< [34m[awb0 proc] perf=8111(us), max=8111(us)!
[03:47:26.228] RX< [0m[4] [cam] [439307][qpc0][qpc_core_exc
[03:47:27.120] RX< eption_check:405]discontinuous frame, now: 613, last: 611
[03:47:27.120] RX< [34m[AE] fid=630,exp=11450,adg=300,Y=4477,mtg=180,shg=100,bgbv=1237,iso=300,cnv2,hdr0
[03:47:27.120] RX< [0m[34m[b_ae0 proc] perf=1075(us), max=1508(us)!
[03:47:27.120] RX< [0m[34m[awb0 proc] perf=3862(us), max=8111(us)!
[03:47:27.120] RX< [0m[RTMP
[03:47:28.795] RX< ] f_index = 630, f_len = 15857
[03:47:28.795] RX< [7] [cam] [440229][me0][me_core_thread:359]ME out fid 630
[03:47:28.795] RX< [34m[AE] fid=660,exp=11450,adg=300,Y=4482,mtg=180,shg=100,bgbv=1237,iso=300,cnv2,hdr0
[03:47:28.795] RX< [0m[7] [cam] [441229][me0][me_core_thread:359]ME out fid 660
[03:47:28.795] RX< [34m[AE] fid=690,
[03:47:29.799] RX< exp=11430,adg=300,Y=4470,mtg=180,shg=100,bgbv=1237,iso=300,cnv2,hdr0
[03:47:29.799] RX< [0m[7] [cam] [442229][me0][me_core_thread:359]ME out fid 690
[03:47:29.799] RX< [34m[AE] fid=720,exp=11430,adg=300,Y=4448,mtg=180,shg=100,bgbv=1229,iso=300,cnv2,hdr0
[03:47:29.799] RX< [0m[34m[b_ae0 proc] perf=1008(us), m
[03:47:30.200] RX< ax=4184(us)!
[03:47:30.200] RX< [0m[34m[awb0 proc] perf=3810(us), max=4425(us)!
[03:47:30.200] RX< [0m[34m[ME INTP]fid=720, shutter=11430, perf=5(us), max=366(us)!
[03:47:30.200] RX< [0m[RTMP] f_index = 720, f_len = 11167
[03:47:30.200] RX< [7] [cam] [443229][me0][me_core_thread:359]ME out fid 720
[03:47:30.200] RX< [RTMP] slow send frame 721 
[03:47:31.795] RX< len=65502 dt=57ms (IDR)
[03:47:31.795] RX< [34m[AE] fid=750,exp=11500,adg=300,Y=4458,mtg=180,shg=100,bgbv=1224,iso=300,cnv2,hdr0
[03:47:31.795] RX< [0m[7] [cam] [444229][me0][me_core_thread:359]ME out fid 750
[03:47:31.795] RX< [34m[AE] fid=780,exp=11500,adg=300,Y=4440,mtg=180,shg=100,bgbv=1220,iso=300,cnv2,h
[03:47:32.799] RX< dr0
[03:47:32.799] RX< [0m[7] [cam] [445228][me0][me_core_thread:359]ME out fid 780
[03:47:32.799] RX< [34m[AE] fid=810,exp=11610,adg=300,Y=4440,mtg=180,shg=100,bgbv=1210,iso=300,cnv2,hdr0
[03:47:32.799] RX< [0m[34m[b_ae0 proc] perf=1026(us), max=3519(us)!
[03:47:32.799] RX< [0m[34m[awb0 proc] perf=3837(us), max=5118(us)!
[03:47:32.799] RX< 
[03:47:33.895] RX< [0m[RTMP] f_index = 810, f_len = 12253
[03:47:33.895] RX< [7] [cam] [446228][me0][me_core_thread:359]ME out fid 810
[03:47:33.895] RX< [34m[AE] fid=840,exp=11680,adg=300,Y=4444,mtg=180,shg=100,bgbv=1201,iso=300,cnv2,hdr0
[03:47:33.895] RX< [0m[34m[ME INTP]fid=840, shutter=11680, perf=233(us), max=1857(us)!
[03:47:33.895] RX< [
[03:47:35.179] RX< 0m[7] [cam] [447228][me0][me_core_thread:359]ME out fid 840
[03:47:35.179] RX< [34m[AE] fid=870,exp=11730,adg=300,Y=4463,mtg=180,shg=100,bgbv=1204,iso=300,cnv2,hdr0
[03:47:35.179] RX< [0m[7] [cam] [448228][me0][me_core_thread:359]ME out fid 870
[03:47:35.179] RX< [34m[awb0 proc] perf=6172(us), max=6172(us)!
[03:47:35.179] RX< 
[03:47:36.136] RX< [0m[34m[AE] fid=900,exp=11890,adg=300,Y=4429,mtg=180,shg=100,bgbv=1178,iso=300,cnv2,hdr0
[03:47:36.136] RX< [0m[34m[b_ae0 proc] perf=1150(us), max=1320(us)!
[03:47:36.136] RX< [0m[34m[awb0 proc] perf=3806(us), max=6172(us)!
[03:47:36.136] RX< [0m[RTMP] f_index = 900, f_len = 17023
[03:47:36.136] RX< [7] [cam] [449228][me0][
[03:47:37.794] RX< me_core_thread:359]ME out fid 900
[03:47:37.794] RX< [34m[AE] fid=930,exp=11900,adg=300,Y=4415,mtg=180,shg=100,bgbv=1174,iso=300,cnv2,hdr0
[03:47:37.794] RX< [0m[7] [cam] [450228][me0][me_core_thread:359]ME out fid 930
[03:47:37.794] RX< [RTMP] slow send frame 932 len=17794 dt=78ms
[03:47:37.794] RX< [34m[AE] fid=960,exp=12090,
[03:47:38.800] RX< adg=300,Y=4484,mtg=180,shg=100,bgbv=1168,iso=300,cnv2,hdr0
[03:47:38.800] RX< [0m[34m[ME INTP]fid=960, shutter=12090, perf=6(us), max=7221(us)!
[03:47:38.800] RX< [0m[7] [cam] [451228][me0][me_core_thread:359]ME out fid 960
[03:47:38.800] RX< [34m[AE] fid=990,exp=12040,adg=300,Y=4432,mtg=180,shg=100,bgbv=116
[03:47:39.807] RX< 3,iso=300,cnv2,hdr0
[03:47:39.807] RX< [0m[34m[b_ae0 proc] perf=1012(us), max=3545(us)!
[03:47:39.807] RX< [0m[34m[awb0 proc] perf=3799(us), max=4133(us)!
[03:47:39.807] RX< [0m[RTMP] f_index = 990, f_len = 15947
[03:47:39.807] RX< [7] [cam] [452228][me0][me_core_thread:359]ME out fid 990
[03:47:39.807] RX< [34m[AE] fid=1020,exp=12370,adg=300
[03:47:41.146] RX< ,Y=4035,mtg=180,shg=100,bgbv=1022,iso=300,cnv2,hdr0
[03:47:41.146] RX< [0m[7] [cam] [453227][me0][me_core_thread:359]ME out fid 1020
[03:47:41.146] RX< [34m[AE] fid=1050,exp=11590,adg=300,Y=4691,mtg=180,shg=100,bgbv=1256,iso=300,cnv2,hdr0
[03:47:41.146] RX< [0m[7] [cam] [454227][me0][me_core_thread:359]ME out
[03:47:41.894] RX<  fid 1050
[03:47:41.894] RX< [34m[AE] fid=1080,exp=12150,adg=300,Y=4440,mtg=180,shg=100,bgbv=1156,iso=300,cnv2,hdr0
[03:47:41.894] RX< [0m[34m[b_ae0 proc] perf=1013(us), max=3972(us)!
[03:47:41.894] RX< [0m[34m[awb0 proc] perf=3784(us), max=4458(us)!
[03:47:41.894] RX< [0m[34m[ME INTP]fid=1080, shutter=12150, perf=335(us),
[03:47:43.147] RX<  max=4142(us)!
[03:47:43.147] RX< [0m[RTMP] f_index = 1080, f_len = 18286
[03:47:43.147] RX< [7] [cam] [455227][me0][me_core_thread:359]ME out fid 1080
[03:47:43.147] RX< [34m[AE] fid=1110,exp=12010,adg=300,Y=4495,mtg=180,shg=100,bgbv=1183,iso=300,cnv2,hdr0
[03:47:43.147] RX< [0m[7] [cam] [456227][me0][me_core_thread:359]ME out
[03:47:44.798] RX<  fid 1110
[03:47:44.798] RX< [34m[AE] fid=1140,exp=11920,adg=300,Y=4456,mtg=180,shg=100,bgbv=1181,iso=300,cnv2,hdr0
[03:47:44.798] RX< [0m[7] [cam] [457227][me0][me_core_thread:359]ME out fid 1140
[03:47:44.798] RX< [34m[AE] fid=1170,exp=11930,adg=300,Y=4447,mtg=180,shg=100,bgbv=1177,iso=300,cnv2,hdr0
[03:47:44.798] RX< [0m[3
[03:47:45.795] RX< 4m[b_ae0 proc] perf=984(us), max=3627(us)!
[03:47:45.795] RX< [0m[34m[awb0 proc] perf=3719(us), max=5103(us)!
[03:47:45.795] RX< [0m[RTMP] f_index = 1170, f_len = 12095
[03:47:45.795] RX< [7] [cam] [458227][me0][me_core_thread:359]ME out fid 1170
[03:47:45.795] RX< [34m[AE] fid=1200,exp=11920,adg=300,Y=4453,mtg=180,shg=100,bg
[03:47:47.146] RX< bv=1181,iso=300,cnv2,hdr0
[03:47:47.146] RX< [0m[34m[ME INTP]fid=1200, shutter=11920, perf=6(us), max=3527(us)!
[03:47:47.146] RX< [0m[7] [cam] [459227][me0][me_core_thread:359]ME out fid 1200
[03:47:47.146] RX< [34m[AE] fid=1230,exp=11930,adg=300,Y=4444,mtg=180,shg=100,bgbv=1177,iso=300,cnv2,hdr0
[03:47:47.146] RX< [0m[7] [c
[03:47:48.119] RX< am] [460226][me0][me_core_thread:359]ME out fid 1230
[03:47:48.119] RX< [34m[AE] fid=1260,exp=11930,adg=300,Y=4449,mtg=180,shg=100,bgbv=1177,iso=300,cnv2,hdr0
[03:47:48.119] RX< [0m[34m[b_ae0 proc] perf=1003(us), max=3983(us)!
[03:47:48.119] RX< [0m[34m[awb0 proc] perf=3811(us), max=3916(us)!
[03:47:48.119] RX< [0m[RTMP] f_
[03:47:49.794] RX< index = 1260, f_len = 15435
[03:47:49.794] RX< [7] [cam] [461226][me0][me_core_thread:359]ME out fid 1260
[03:47:49.794] RX< [34m[AE] fid=1290,exp=11930,adg=300,Y=4446,mtg=180,shg=100,bgbv=1177,iso=300,cnv2,hdr0
[03:47:49.794] RX< [0m[7] [cam] [462226][me0][me_core_thread:359]ME out fid 1290
[03:47:49.794] RX< [34m[AE] fid=1320
[03:47:50.799] RX< ,exp=11920,adg=300,Y=4451,mtg=180,shg=100,bgbv=1181,iso=300,cnv2,hdr0
[03:47:50.799] RX< [0m[34m[ME INTP]fid=1320, shutter=11920, perf=7(us), max=946(us)!
[03:47:50.799] RX< [0m[7] [cam] [463226][me0][me_core_thread:359]ME out fid 1320
[03:47:50.799] RX< [34m[AE] fid=1350,exp=11910,adg=300,Y=4463,mtg=180,shg
[03:47:51.227] RX< =100,bgbv=1185,iso=300,cnv2,hdr0
[03:47:51.227] RX< [0m[34m[b_ae0 proc] perf=997(us), max=1813(us)!
[03:47:51.227] RX< [0m[34m[awb0 proc] perf=3794(us), max=4038(us)!
[03:47:51.227] RX< [0m[RTMP] f_index = 1350, f_len = 13670
[03:47:51.227] RX< [7] [cam] [464226][me0][me_core_thread:359]ME out fid 1350
[03:47:51.227] RX< [4] [cam] [464303][qpc
[03:47:52.794] RX< 0][qpc_core_exception_check:405]discontinuous frame, now: 1363, last: 1361
[03:47:52.794] RX< [34m[AE] fid=1380,exp=11920,adg=300,Y=4459,mtg=180,shg=100,bgbv=1181,iso=300,cnv2,hdr0
[03:47:52.794] RX< [0m[7] [cam] [465226][me0][me_core_thread:359]ME out fid 1380
[03:47:52.794] RX< [34m[AE] fid=1410,exp=11920,a
[03:47:53.798] RX< dg=300,Y=4458,mtg=180,shg=100,bgbv=1181,iso=300,cnv2,hdr0
[03:47:53.798] RX< [0m[7] [cam] [466226][me0][me_core_thread:359]ME out fid 1410
[03:47:53.798] RX< [34m[AE] fid=1440,exp=11920,adg=300,Y=4460,mtg=180,shg=100,bgbv=1181,iso=300,cnv2,hdr0
[03:47:53.798] RX< [0m[34m[b_ae0 proc] perf=1006(us), max=1117(u
[03:47:54.794] RX< s)!
[03:47:54.794] RX< [0m[34m[awb0 proc] perf=3718(us), max=4404(us)!
[03:47:54.794] RX< [0m[34m[ME INTP]fid=1440, shutter=11920, perf=7(us), max=1262(us)!
[03:47:54.794] RX< [0m[RTMP] f_index = 1440, f_len = 12121
[03:47:54.794] RX< [7] [cam] [467225][me0][me_core_thread:359]ME out fid 1440
[03:47:54.794] RX< [34m[AE] fid=1470,exp=11910,adg
[03:47:56.146] RX< =300,Y=4474,mtg=180,shg=100,bgbv=1185,iso=300,cnv2,hdr0
[03:47:56.146] RX< [0m[7] [cam] [468225][me0][me_core_thread:359]ME out fid 1470
[03:47:56.146] RX< [34m[AE] fid=1500,exp=11830,adg=300,Y=4490,mtg=180,shg=100,bgbv=1202,iso=300,cnv2,hdr0
[03:47:56.146] RX< [0m[7] [cam] [469225][me0][me_core_thread:359]ME
[03:47:57.134] RX<  out fid 1500
[03:47:57.134] RX< [34m[AE] fid=1530,exp=11760,adg=300,Y=4487,mtg=180,shg=100,bgbv=1203,iso=300,cnv2,hdr0
[03:47:57.134] RX< [0m[34m[b_ae0 proc] perf=973(us), max=3966(us)!
[03:47:57.134] RX< [0m[34m[awb0 proc] perf=3831(us), max=5539(us)!
[03:47:57.134] RX< [0m[RTMP] f_index = 1530, f_len = 15861
[03:47:57.134] RX< [7] [cam] [4
[03:47:58.134] RX< 70225][me0][me_core_thread:359]ME out fid 1530
[03:47:58.134] RX< [34m[AE] fid=1560,exp=11690,adg=300,Y=4491,mtg=180,shg=100,bgbv=1216,iso=300,cnv2,hdr0
[03:47:58.134] RX< [0m[34m[ME INTP]fid=1560, shutter=11690, perf=6(us), max=777(us)!
[03:47:58.134] RX< [0m[7] [cam] [471225][me0][me_core_thread:359]ME out
[03:47:59.798] RX<  fid 1560
[03:47:59.798] RX< [34m[AE] fid=1590,exp=11650,adg=300,Y=4506,mtg=180,shg=100,bgbv=1221,iso=300,cnv2,hdr0
[03:47:59.798] RX< [0m[7] [cam] [472225][me0][me_core_thread:359]ME out fid 1590
[03:47:59.798] RX< [34m[AE] fid=1620,exp=11650,adg=300,Y=4501,mtg=180,shg=100,bgbv=1221,iso=300,cnv2,hdr0
[03:47:59.798] RX< [0m[3
[03:48:00.793] RX< 4m[b_ae0 proc] perf=989(us), max=3778(us)!
[03:48:00.793] RX< [0m[34m[awb0 proc] perf=3811(us), max=4039(us)!
[03:48:00.793] RX< [0m[RTMP] f_index = 1620, f_len = 16891
[03:48:00.793] RX< [7] [cam] [473225][me0][me_core_thread:359]ME out fid 1620
[03:48:00.793] RX< [34m[AE] fid=1650,exp=11670,adg=300,Y=4462,mtg=180,shg=100,bg
[03:48:02.149] RX< bv=1205,iso=300,cnv2,hdr0
[03:48:02.149] RX< [0m[7] [cam] [474225][me0][me_core_thread:359]ME out fid 1650
[03:48:02.149] RX< [34m[AE] fid=1680,exp=11680,adg=300,Y=4433,mtg=180,shg=100,bgbv=1197,iso=300,cnv2,hdr0
[03:48:02.149] RX< [0m[34m[ME INTP]fid=1680, shutter=11680, perf=6(us), max=3417(us)!
[03:48:02.149] RX< [0m[7] [c
[03:48:03.118] RX< am] [475224][me0][me_core_thread:359]ME out fid 1680
[03:48:03.118] RX< [34m[AE] fid=1710,exp=11740,adg=300,Y=4455,mtg=180,shg=100,bgbv=1200,iso=300,cnv2,hdr0
[03:48:03.118] RX< [0m[34m[b_ae0 proc] perf=994(us), max=4161(us)!
[03:48:03.118] RX< [0m[34m[awb0 proc] perf=3698(us), max=4770(us)!
[03:48:03.118] RX< [0m[RTMP] f_i
[03:48:04.794] RX< ndex = 1710, f_len = 16597
[03:48:04.794] RX< [7] [cam] [476224][me0][me_core_thread:359]ME out fid 1710
[03:48:04.794] RX< [34m[AE] fid=1740,exp=11660,adg=300,Y=4475,mtg=180,shg=100,bgbv=1213,iso=300,cnv2,hdr0
[03:48:04.794] RX< [0m[7] [cam] [477224][me0][me_core_thread:359]ME out fid 1740
[03:48:04.794] RX< [34m[AE] fid=1770,
[03:48:05.797] RX< exp=11660,adg=300,Y=4478,mtg=180,shg=100,bgbv=1213,iso=300,cnv2,hdr0
[03:48:05.797] RX< [0m[7] [cam] [478224][me0][me_core_thread:359]ME out fid 1770
[03:48:05.797] RX< [34m[AE] fid=1800,exp=11660,adg=300,Y=4486,mtg=180,shg=100,bgbv=1213,iso=300,cnv2,hdr0
[03:48:05.797] RX< [0m[34m[b_ae0 proc] perf=1064(us),
[03:48:06.794] RX<  max=3689(us)!
[03:48:06.794] RX< [0m[34m[awb0 proc] perf=3849(us), max=4113(us)!
[03:48:06.794] RX< [0m[34m[ME INTP]fid=1800, shutter=11660, perf=6(us), max=1495(us)!
[03:48:06.794] RX< [0m[RTMP] f_index = 1800, f_len = 15880
[03:48:06.794] RX< [7] [cam] [479224][me0][me_core_thread:359]ME out fid 1800
[03:48:06.794] RX< [34m[AE] fid=1830,ex
[03:48:08.146] RX< p=11670,adg=300,Y=4471,mtg=180,shg=100,bgbv=1209,iso=300,cnv2,hdr0
[03:48:08.146] RX< [0m[7] [cam] [480224][me0][me_core_thread:359]ME out fid 1830
[03:48:08.146] RX< [34m[AE] fid=1860,exp=11680,adg=300,Y=4437,mtg=180,shg=100,bgbv=1197,iso=300,cnv2,hdr0
[03:48:08.146] RX< [0m[7] [cam] [481224][me0][me_core_th
[03:48:09.133] RX< read:359]ME out fid 1860
[03:48:09.133] RX< [34m[AE] fid=1890,exp=11730,adg=300,Y=4467,mtg=180,shg=100,bgbv=1204,iso=300,cnv2,hdr0
[03:48:09.133] RX< [0m[34m[b_ae0 proc] perf=989(us), max=1862(us)!
[03:48:09.133] RX< [0m[34m[awb0 proc] perf=3796(us), max=4178(us)!
[03:48:09.133] RX< [0m[RTMP] f_index = 1890, f_len = 13748
[03:48:09.133] RX< [
[03:48:10.149] RX< 7] [cam] [482223][me0][me_core_thread:359]ME out fid 1890
[03:48:10.149] RX< [34m[AE] fid=1920,exp=11740,adg=300,Y=4458,mtg=180,shg=100,bgbv=1200,iso=300,cnv2,hdr0
[03:48:10.149] RX< [0m[34m[ME INTP]fid=1920, shutter=11740, perf=6(us), max=6996(us)!
[03:48:10.149] RX< [0m[7] [cam] [483223][me0][me_core_threa
[03:48:11.797] RX< d:359]ME out fid 1920
[03:48:11.797] RX< [34m[AE] fid=1950,exp=11750,adg=300,Y=4417,mtg=180,shg=100,bgbv=1188,iso=300,cnv2,hdr0
[03:48:11.797] RX< [0m[7] [cam] [484223][me0][me_core_thread:359]ME out fid 1950
[03:48:11.797] RX< [34m[AE] fid=1980,exp=11750,adg=300,Y=4440,mtg=180,shg=100,bgbv=1196,iso=300,cnv2,
[03:48:12.792] RX< hdr0
[03:48:12.792] RX< [0m[34m[b_ae0 proc] perf=974(us), max=2175(us)!
[03:48:12.792] RX< [0m[34m[awb0 proc] perf=3793(us), max=4170(us)!
[03:48:12.792] RX< [0m[RTMP] f_index = 1980, f_len = 14305
[03:48:12.792] RX< [7] [cam] [485223][me0][me_core_thread:359]ME out fid 1980
[03:48:12.792] RX< [34m[AE] fid=2010,exp=11720,adg=300,Y=4478,mtg=18
[03:48:13.892] RX< 0,shg=100,bgbv=1208,iso=300,cnv2,hdr0
[03:48:13.892] RX< [0m[7] [cam] [486223][me0][me_core_thread:359]ME out fid 2010
[03:48:13.892] RX< [34m[AE] fid=2040,exp=11720,adg=300,Y=4490,mtg=180,shg=100,bgbv=1212,iso=300,cnv2,hdr0
[03:48:13.892] RX< [0m[34m[ME INTP]fid=2040, shutter=11720, perf=6(us), max=918(us)!
[03:48:14.797] RX< 
[03:48:14.797] RX< [0m[7] [cam] [487223][me0][me_core_thread:359]ME out fid 2040
[03:48:14.797] RX< [34m[AE] fid=2070,exp=11650,adg=300,Y=4491,mtg=180,shg=100,bgbv=1217,iso=300,cnv2,hdr0
[03:48:14.797] RX< [0m[34m[b_ae0 proc] perf=1115(us), max=2931(us)!
[03:48:14.797] RX< [0m[34m[awb0 proc] perf=3854(us), max=4145(us)!
[03:48:14.797] RX< [
[03:48:16.794] RX< 0m[RTMP] f_index = 2070, f_len = 15458
[03:48:16.794] RX< [7] [cam] [488223][me0][me_core_thread:359]ME out fid 2070
[03:48:16.794] RX< [34m[AE] fid=2100,exp=11640,adg=300,Y=4514,mtg=180,shg=100,bgbv=1225,iso=300,cnv2,hdr0
[03:48:16.794] RX< [0m[7] [cam] [489222][me0][me_core_thread:359]ME out fid 2100
[03:48:16.794] RX< [34m[A
[03:48:17.797] RX< E] fid=2130,exp=11540,adg=300,Y=4503,mtg=180,shg=100,bgbv=1234,iso=300,cnv2,hdr0
[03:48:17.797] RX< [0m[7] [cam] [490222][me0][me_core_thread:359]ME out fid 2130
[03:48:17.797] RX< [34m[AE] fid=2160,exp=11470,adg=300,Y=4514,mtg=180,shg=100,bgbv=1244,iso=300,cnv2,hdr0
[03:48:17.797] RX< [0m[34m[b_ae0 proc] pe
[03:48:18.792] RX< rf=988(us), max=3107(us)!
[03:48:18.792] RX< [0m[34m[awb0 proc] perf=3805(us), max=3996(us)!
[03:48:18.792] RX< [0m[34m[ME INTP]fid=2160, shutter=11470, perf=6(us), max=5593(us)!
[03:48:18.792] RX< [0m[RTMP] f_index = 2160, f_len = 11341
[03:48:18.792] RX< [7] [cam] [491222][me0][me_core_thread:359]ME out fid 2160
[03:48:18.792] RX< [34m[AE] 
[03:48:20.145] RX< fid=2190,exp=11340,adg=300,Y=4515,mtg=180,shg=100,bgbv=1253,iso=300,cnv2,hdr0
[03:48:20.145] RX< [0m[7] [cam] [492222][me0][me_core_thread:359]ME out fid 2190
[03:48:20.145] RX< [34m[AE] fid=2220,exp=11270,adg=300,Y=4517,mtg=180,shg=100,bgbv=1262,iso=300,cnv2,hdr0
[03:48:20.145] RX< [0m[7] [cam] [493222][me0]
[03:48:21.117] RX< [me_core_thread:359]ME out fid 2220
[03:48:21.117] RX< [34m[AE] fid=2250,exp=11240,adg=300,Y=4508,mtg=180,shg=100,bgbv=1263,iso=300,cnv2,hdr0
[03:48:21.117] RX< [0m[34m[b_ae0 proc] perf=1010(us), max=2975(us)!
[03:48:21.117] RX< [0m[34m[awb0 proc] perf=3807(us), max=3995(us)!
[03:48:21.117] RX< [0m[RTMP] f_index = 2250, f_l
[03:48:22.148] RX< en = 15257
[03:48:22.148] RX< [7] [cam] [494222][me0][me_core_thread:359]ME out fid 2250
[03:48:22.148] RX< [34m[AE] fid=2280,exp=11250,adg=300,Y=4497,mtg=180,shg=100,bgbv=1259,iso=300,cnv2,hdr0
[03:48:22.148] RX< [0m[34m[ME INTP]fid=2280, shutter=11250, perf=6(us), max=3915(us)!
[03:48:22.148] RX< [0m[7] [cam] [495222][me0][m
[03:48:23.797] RX< e_core_thread:359]ME out fid 2280
[03:48:23.797] RX< [34m[AE] fid=2310,exp=11250,adg=300,Y=4486,mtg=180,shg=100,bgbv=1255,iso=300,cnv2,hdr0
[03:48:23.797] RX< [0m[7] [cam] [496222][me0][me_core_thread:359]ME out fid 2310
[03:48:23.797] RX< [34m[AE] fid=2340,exp=11260,adg=300,Y=4467,mtg=180,shg=100,bgbv=1251,i
[03:48:24.792] RX< so=300,cnv2,hdr0
[03:48:24.792] RX< [0m[34m[b_ae0 proc] perf=987(us), max=4322(us)!
[03:48:24.792] RX< [0m[34m[awb0 proc] perf=3695(us), max=4109(us)!
[03:48:24.792] RX< [0m[RTMP] f_index = 2340, f_len = 11053
[03:48:24.792] RX< [7] [cam] [497221][me0][me_core_thread:359]ME out fid 2340
[03:48:24.792] RX< [34m[AE] fid=2370,exp=11290,adg=300,Y
[03:48:25.892] RX< =4454,mtg=180,shg=100,bgbv=1247,iso=300,cnv2,hdr0
[03:48:25.892] RX< [0m[7] [cam] [498221][me0][me_core_thread:359]ME out fid 2370
[03:48:25.892] RX< [34m[AE] fid=2400,exp=11360,adg=300,Y=4462,mtg=180,shg=100,bgbv=1238,iso=300,cnv2,hdr0
[03:48:25.892] RX< [0m[34m[ME INTP]fid=2400, shutter=11360, perf=7(us), 
[03:48:26.796] RX< max=1722(us)!
[03:48:26.796] RX< [0m[7] [cam] [499221][me0][me_core_thread:359]ME out fid 2400
[03:48:26.796] RX< [34m[AE] fid=2430,exp=11350,adg=300,Y=4464,mtg=180,shg=100,bgbv=1242,iso=300,cnv2,hdr0
[03:48:26.796] RX< [0m[34m[b_ae0 proc] perf=981(us), max=3500(us)!
[03:48:26.796] RX< [0m[34m[awb0 proc] perf=3823(us), max=
[03:48:28.144] RX< 3951(us)!
[03:48:28.144] RX< [0m[RTMP] f_index = 2430, f_len = 16633
[03:48:28.144] RX< [7] [cam] [500221][me0][me_core_thread:359]ME out fid 2430
[03:48:28.144] RX< [34m[AE] fid=2460,exp=11350,adg=300,Y=4490,mtg=180,shg=100,bgbv=1250,iso=300,cnv2,hdr0
[03:48:28.144] RX< [0m[7] [cam] [501221][me0][me_core_thread:359]ME out fid 
[03:48:29.796] RX< 2460
[03:48:29.796] RX< [34m[AE] fid=2490,exp=11340,adg=300,Y=4506,mtg=180,shg=100,bgbv=1254,iso=300,cnv2,hdr0
[03:48:29.796] RX< [0m[7] [cam] [502221][me0][me_core_thread:359]ME out fid 2490
[03:48:29.796] RX< [34m[AE] fid=2520,exp=11340,adg=300,Y=4507,mtg=180,shg=100,bgbv=1254,iso=300,cnv2,hdr0
[03:48:29.796] RX< [0m[34m[b_
[03:48:30.148] RX< ae0 proc] perf=993(us), max=1518(us)!
[03:48:30.148] RX< [0m[34m[awb0 proc] perf=3811(us), max=4343(us)!
[03:48:30.148] RX< [0m[34m[ME INTP]fid=2520, shutter=11340, perf=6(us), max=1455(us)!
[03:48:30.148] RX< [0m[RTMP] f_index = 2520, f_len = 16536
[03:48:30.148] RX< [7] [cam] [503221][me0][me_core_thread:359]ME out fid 252
[03:48:31.492] RX< 0
[03:48:31.492] RX< [34m[AE] fid=2550,exp=11350,adg=300,Y=4495,mtg=180,shg=100,bgbv=1250,iso=300,cnv2,hdr0
[03:48:31.492] RX< [0m[7] [cam] [504220][me0][me_core_thread:359]ME out fid 2550
[03:48:31.492] RX< [34m[awb0 proc] perf=8247(us), max=8247(us)!
[03:48:31.492] RX< [0m[4] [cam] [504565][qpc0][qpc_core_exception_check:405
[03:48:32.796] RX< ]discontinuous frame, now: 2571, last: 2569
[03:48:32.796] RX< [34m[AE] fid=2580,exp=11360,adg=300,Y=4460,mtg=180,shg=100,bgbv=1238,iso=300,cnv2,hdr0
[03:48:32.796] RX< [0m[7] [cam] [505220][me0][me_core_thread:359]ME out fid 2580
[03:48:32.796] RX< [34m[AE] fid=2610,exp=11390,adg=300,Y=4466,mtg=180,shg=100,b
[03:48:33.225] RX< gbv=1237,iso=300,cnv2,hdr0
[03:48:33.225] RX< [0m[34m[b_ae0 proc] perf=1024(us), max=4528(us)!
[03:48:33.225] RX< [0m[34m[awb0 proc] perf=3680(us), max=8247(us)!
[03:48:33.225] RX< [0m[RTMP] f_index = 2610, f_len = 10850
[03:48:33.225] RX< [7] [cam] [506220][me0][me_core_thread:359]ME out fid 2610
[03:48:33.225] RX< [4] [cam] [506298][qpc0][qp
[03:48:34.148] RX< c_core_exception_check:405]discontinuous frame, now: 2623, last: 2621
[03:48:34.148] RX< [34m[AE] fid=2640,exp=11430,adg=300,Y=4459,mtg=180,shg=100,bgbv=1233,iso=300,cnv2,hdr0
[03:48:34.148] RX< [0m[34m[ME INTP]fid=2640, shutter=11430, perf=6(us), max=3728(us)!
[03:48:34.148] RX< [0m[7] [cam] [507220][me0][m
[03:48:35.796] RX< e_core_thread:359]ME out fid 2640
[03:48:35.796] RX< [34m[AE] fid=2670,exp=11430,adg=300,Y=4442,mtg=180,shg=100,bgbv=1229,iso=300,cnv2,hdr0
[03:48:35.796] RX< [0m[7] [cam] [508220][me0][me_core_thread:359]ME out fid 2670
[03:48:35.796] RX< [34m[AE] fid=2700,exp=11500,adg=300,Y=4438,mtg=180,shg=100,bgbv=1220,i
[03:48:36.791] RX< so=300,cnv2,hdr0
[03:48:36.791] RX< [0m[34m[b_ae0 proc] perf=1100(us), max=4274(us)!
[03:48:36.791] RX< [0m[34m[awb0 proc] perf=3806(us), max=3878(us)!
[03:48:36.791] RX< [0m[RTMP] f_index = 2700, f_len = 17140
[03:48:36.791] RX< [7] [cam] [509220][me0][me_core_thread:359]ME out fid 2700
[03:48:36.791] RX< [34m[AE] fid=2730,exp=11640,adg=300,
[03:48:37.891] RX< Y=4457,mtg=180,shg=100,bgbv=1209,iso=300,cnv2,hdr0
[03:48:37.891] RX< [0m[7] [cam] [510220][me0][me_core_thread:359]ME out fid 2730
[03:48:37.891] RX< [34m[AE] fid=2760,exp=11680,adg=300,Y=4446,mtg=180,shg=100,bgbv=1201,iso=300,cnv2,hdr0
[03:48:37.891] RX< [0m[34m[ME INTP]fid=2760, shutter=11680, perf=7(us),
[03:48:38.796] RX<  max=10565(us)!
[03:48:38.796] RX< [0m[7] [cam] [511219][me0][me_core_thread:359]ME out fid 2760
[03:48:38.796] RX< [34m[AE] fid=2790,exp=11750,adg=300,Y=4434,mtg=180,shg=100,bgbv=1192,iso=300,cnv2,hdr0
[03:48:38.796] RX< [0m[34m[b_ae0 proc] perf=996(us), max=1100(us)!
[03:48:38.796] RX< [0m[34m[awb0 proc] perf=3811(us), ma
[03:48:40.144] RX< x=5930(us)!
[03:48:40.144] RX< [0m[RTMP] f_index = 2790, f_len = 16614
[03:48:40.144] RX< [7] [cam] [512219][me0][me_core_thread:359]ME out fid 2790
[03:48:40.144] RX< [34m[AE] fid=2820,exp=11750,adg=300,Y=4414,mtg=180,shg=100,bgbv=1188,iso=300,cnv2,hdr0
[03:48:40.144] RX< [0m[7] [cam] [513219][me0][me_core_thread:359]ME out fi
[03:48:41.796] RX< d 2820
[03:48:41.796] RX< [34m[AE] fid=2850,exp=11860,adg=300,Y=4430,mtg=180,shg=100,bgbv=1182,iso=300,cnv2,hdr0
[03:48:41.796] RX< [0m[7] [cam] [514219][me0][me_core_thread:359]ME out fid 2850
[03:48:41.796] RX< [34m[AE] fid=2880,exp=11860,adg=300,Y=4430,mtg=180,shg=100,bgbv=1182,iso=300,cnv2,hdr0
[03:48:41.796] RX< [0m[34m[
[03:48:42.131] RX< b_ae0 proc] perf=986(us), max=3387(us)!
[03:48:42.131] RX< [0m[34m[awb0 proc] perf=3676(us), max=4447(us)!
[03:48:42.131] RX< [0m[34m[ME INTP]fid=2880, shutter=11860, perf=6(us), max=1871(us)!
[03:48:42.131] RX< [0m[RTMP] f_index = 2880, f_len = 8070
[03:48:42.131] RX< [7] [cam] [515219][me0][me_core_thread:359]ME out fid 28
[03:48:44.132] RX< 80
[03:48:44.132] RX< [34m[AE] fid=2910,exp=11850,adg=300,Y=4439,mtg=180,shg=100,bgbv=1186,iso=300,cnv2,hdr0
[03:48:44.132] RX< [0m[7] [cam] [516219][me0][me_core_thread:359]ME out fid 2910
[03:48:44.132] RX< [34m[AE] fid=2940,exp=11860,adg=300,Y=4435,mtg=180,shg=100,bgbv=1182,iso=300,cnv2,hdr0
[03:48:44.132] RX< [0m
[03:48:45.116] RX< [7] [cam] [517219][me0][me_core_thread:359]ME out fid 2940
[03:48:45.116] RX< [34m[AE] fid=2970,exp=11860,adg=300,Y=4435,mtg=180,shg=100,bgbv=1182,iso=300,cnv2,hdr0
[03:48:45.116] RX< [0m[34m[b_ae0 proc] perf=1110(us), max=3750(us)!
[03:48:45.116] RX< [0m[34m[awb0 proc] perf=3840(us), max=4542(us)!
[03:48:45.116] RX< [0m[RT
[03:48:46.147] RX< MP] f_index = 2970, f_len = 11021
[03:48:46.147] RX< [7] [cam] [518219][me0][me_core_thread:359]ME out fid 2970
[03:48:46.147] RX< [34m[AE] fid=3000,exp=11890,adg=300,Y=4426,mtg=180,shg=100,bgbv=1178,iso=300,cnv2,hdr0
[03:48:46.147] RX< [0m[34m[ME INTP]fid=3000, shutter=11890, perf=6(us), max=783(us)!
[03:48:46.147] RX< [0m[7]
[03:48:47.795] RX<  [cam] [519218][me0][me_core_thread:359]ME out fid 3000
[03:48:47.795] RX< [34m[AE] fid=3030,exp=11890,adg=300,Y=4426,mtg=180,shg=100,bgbv=1178,iso=300,cnv2,hdr0
[03:48:47.795] RX< [0m[7] [cam] [520218][me0][me_core_thread:359]ME out fid 3030
[03:48:47.795] RX< [34m[AE] fid=3060,exp=11890,adg=300,Y=4429,mtg=1
[03:48:48.791] RX< 80,shg=100,bgbv=1178,iso=300,cnv2,hdr0
[03:48:48.791] RX< [0m[34m[b_ae0 proc] perf=1005(us), max=3489(us)!
[03:48:48.791] RX< [0m[34m[awb0 proc] perf=3800(us), max=4121(us)!
[03:48:48.791] RX< [0m[RTMP] f_index = 3060, f_len = 17466
[03:48:48.791] RX< [7] [cam] [521218][me0][me_core_thread:359]ME out fid 3060
[03:48:48.791] RX< [34m[AE] fid=3
[03:48:49.890] RX< 090,exp=11890,adg=300,Y=4446,mtg=180,shg=100,bgbv=1182,iso=300,cnv2,hdr0
[03:48:49.890] RX< [0m[7] [cam] [522218][me0][me_core_thread:359]ME out fid 3090
[03:48:49.890] RX< [34m[AE] fid=3120,exp=11890,adg=300,Y=4430,mtg=180,shg=100,bgbv=1178,iso=300,cnv2,hdr0
[03:48:49.890] RX< [0m[34m[ME INTP]fid=3120, shut
[03:48:50.796] RX< ter=11890, perf=6(us), max=1414(us)!
[03:48:50.796] RX< [0m[7] [cam] [523218][me0][me_core_thread:359]ME out fid 3120
[03:48:50.796] RX< [34m[AE] fid=3150,exp=11890,adg=300,Y=4442,mtg=180,shg=100,bgbv=1182,iso=300,cnv2,hdr0
[03:48:50.796] RX< [0m[34m[b_ae0 proc] perf=989(us), max=4266(us)!
[03:48:50.796] RX< [0m[34m[awb0 pr
[03:48:52.143] RX< oc] perf=3801(us), max=4270(us)!
[03:48:52.143] RX< [0m[RTMP] f_index = 3150, f_len = 24883
[03:48:52.143] RX< [7] [cam] [524218][me0][me_core_thread:359]ME out fid 3150
[03:48:52.143] RX< [34m[AE] fid=3180,exp=11890,adg=300,Y=4444,mtg=180,shg=100,bgbv=1182,iso=300,cnv2,hdr0
[03:48:52.143] RX< [0m[7] [cam] [525218][me0][me_core
[03:48:53.794] RX< _thread:359]ME out fid 3180
[03:48:53.794] RX< [34m[AE] fid=3210,exp=11890,adg=300,Y=4439,mtg=180,shg=100,bgbv=1182,iso=300,cnv2,hdr0
[03:48:53.794] RX< [0m[7] [cam] [526217][me0][me_core_thread:359]ME out fid 3210
[03:48:53.794] RX< [34m[AE] fid=3240,exp=11890,adg=300,Y=4433,mtg=180,shg=100,bgbv=1178,iso=300
[03:48:54.131] RX< ,cnv2,hdr0
[03:48:54.131] RX< [0m[34m[b_ae0 proc] perf=1118(us), max=3800(us)!
[03:48:54.131] RX< [0m[34m[awb0 proc] perf=3722(us), max=4572(us)!
[03:48:54.131] RX< [0m[34m[ME INTP]fid=3240, shutter=11890, perf=6(us), max=854(us)!
[03:48:54.131] RX< [0m[RTMP] f_index = 3240, f_len = 7347
[03:48:54.131] RX< [7] [cam] [527217][me0][me_core_thr
[03:48:55.790] RX< ead:359]ME out fid 3240
[03:48:55.790] RX< [34m[AE] fid=3270,exp=11890,adg=300,Y=4428,mtg=180,shg=100,bgbv=1178,iso=300,cnv2,hdr0
[03:48:55.790] RX< [0m[7] [cam] [528217][me0][me_core_thread:359]ME out fid 3270
[03:48:55.790] RX< [34m[AE] fid=3300,exp=11890,adg=300,Y=4427,mtg=180,shg=100,bgbv=1178,iso=300,cnv
[03:48:56.795] RX< 2,hdr0
[03:48:56.795] RX< [0m[7] [cam] [529217][me0][me_core_thread:359]ME out fid 3300
[03:48:56.795] RX< [34m[AE] fid=3330,exp=11890,adg=300,Y=4428,mtg=180,shg=100,bgbv=1178,iso=300,cnv2,hdr0
[03:48:56.795] RX< [0m[34m[b_ae0 proc] perf=1004(us), max=3700(us)!
[03:48:56.795] RX< [0m[34m[awb0 proc] perf=3844(us), max=4077(u
[03:48:57.890] RX< s)!
[03:48:57.890] RX< [0m[RTMP] f_index = 3330, f_len = 8570
[03:48:57.890] RX< [7] [cam] [530217][me0][me_core_thread:359]ME out fid 3330
[03:48:57.890] RX< [34m[AE] fid=3360,exp=11900,adg=300,Y=4413,mtg=180,shg=100,bgbv=1174,iso=300,cnv2,hdr0
[03:48:57.890] RX< [0m[34m[ME INTP]fid=3360, shutter=11900, perf=237(us), max=645(
[03:48:59.795] RX< us)!
[03:48:59.795] RX< [0m[7] [cam] [531217][me0][me_core_thread:359]ME out fid 3360
[03:48:59.795] RX< [34m[AE] fid=3390,exp=12620,adg=300,Y=4429,mtg=180,shg=100,bgbv=1132,iso=300,cnv2,hdr0
[03:48:59.795] RX< [0m[7] [cam] [532217][me0][me_core_thread:359]ME out fid 3390
[03:48:59.795] RX< [34m[AE] fid=3420,exp=12030,adg=300,
[03:49:00.790] RX< Y=4474,mtg=180,shg=100,bgbv=1175,iso=300,cnv2,hdr0
[03:49:00.790] RX< [0m[34m[b_ae0 proc] perf=974(us), max=3184(us)!
[03:49:00.790] RX< [0m[34m[awb0 proc] perf=3805(us), max=3918(us)!
[03:49:00.790] RX< [0m[RTMP] f_index = 3420, f_len = 11411
[03:49:00.790] RX< [7] [cam] [533217][me0][me_core_thread:359]ME out fid 3420
[03:49:00.790] RX< [34
[03:49:01.889] RX< m[AE] fid=3450,exp=12030,adg=300,Y=4474,mtg=180,shg=100,bgbv=1175,iso=300,cnv2,hdr0
[03:49:01.889] RX< [0m[7] [cam] [534216][me0][me_core_thread:359]ME out fid 3450
[03:49:01.889] RX< [34m[AE] fid=3480,exp=12030,adg=300,Y=4473,mtg=180,shg=100,bgbv=1175,iso=300,cnv2,hdr0
[03:49:01.889] RX< [0m[34m[ME INTP]fid
[03:49:02.794] RX< =3480, shutter=12030, perf=6(us), max=6816(us)!
[03:49:02.794] RX< [0m[7] [cam] [535216][me0][me_core_thread:359]ME out fid 3480
[03:49:02.794] RX< [34m[AE] fid=3510,exp=12030,adg=300,Y=4462,mtg=180,shg=100,bgbv=1171,iso=300,cnv2,hdr0
[03:49:02.794] RX< [0m[34m[b_ae0 proc] perf=991(us), max=3395(us)!
[03:49:02.794] RX< [0m[
[03:49:04.141] RX< 34m[awb0 proc] perf=3692(us), max=3916(us)!
[03:49:04.141] RX< [0m[RTMP] f_index = 3510, f_len = 10390
[03:49:04.141] RX< [7] [cam] [536216][me0][me_core_thread:359]ME out fid 3510
[03:49:04.141] RX< [34m[AE] fid=3540,exp=12040,adg=300,Y=4447,mtg=180,shg=100,bgbv=1167,iso=300,cnv2,hdr0
[03:49:04.141] RX< [0m[7] [cam] [537216][m
[03:49:05.794] RX< e0][me_core_thread:359]ME out fid 3540
[03:49:05.794] RX< [34m[AE] fid=3570,exp=12040,adg=300,Y=4434,mtg=180,shg=100,bgbv=1163,iso=300,cnv2,hdr0
[03:49:05.794] RX< [0m[7] [cam] [538216][me0][me_core_thread:359]ME out fid 3570
[03:49:05.794] RX< [34m[AE] fid=3600,exp=12040,adg=300,Y=4436,mtg=180,shg=100,bgbv=1
[03:49:06.130] RX< 163,iso=300,cnv2,hdr0
[03:49:06.130] RX< [0m[34m[b_ae0 proc] perf=1003(us), max=3543(us)!
[03:49:06.130] RX< [0m[34m[awb0 proc] perf=3827(us), max=4157(us)!
[03:49:06.130] RX< [0m[34m[ME INTP]fid=3600, shutter=12040, perf=6(us), max=253(us)!
[03:49:06.130] RX< [0m[RTMP] f_index = 3600, f_len = 10301
[03:49:06.130] RX< [7] [cam] [539216][me0]
[03:49:07.789] RX< [me_core_thread:359]ME out fid 3600
[03:49:07.789] RX< [34m[AE] fid=3630,exp=12040,adg=300,Y=4433,mtg=180,shg=100,bgbv=1163,iso=300,cnv2,hdr0
[03:49:07.789] RX< [0m[7] [cam] [540216][me0][me_core_thread:359]ME out fid 3630
[03:49:07.789] RX< [34m[AE] fid=3660,exp=12040,adg=300,Y=4434,mtg=180,shg=100,bgbv=1163
[03:49:08.794] RX< ,iso=300,cnv2,hdr0
[03:49:08.794] RX< [0m[7] [cam] [541215][me0][me_core_thread:359]ME out fid 3660
[03:49:08.794] RX< [34m[AE] fid=3690,exp=12040,adg=300,Y=4431,mtg=180,shg=100,bgbv=1163,iso=300,cnv2,hdr0
[03:49:08.794] RX< [0m[34m[b_ae0 proc] perf=977(us), max=2001(us)!
[03:49:08.794] RX< [0m[34m[awb0 proc] perf=3808(us),
[03:49:09.889] RX<  max=4040(us)!
[03:49:09.889] RX< [0m[RTMP] f_index = 3690, f_len = 11685
[03:49:09.889] RX< [7] [cam] [542215][me0][me_core_thread:359]ME out fid 3690
[03:49:09.889] RX< [34m[AE] fid=3720,exp=12090,adg=300,Y=4404,mtg=180,shg=100,bgbv=1151,iso=300,cnv2,hdr0
[03:49:09.889] RX< [0m[34m[ME INTP]fid=3720, shutter=12090, perf=254(u
[03:49:11.794] RX< s), max=795(us)!
[03:49:11.794] RX< [0m[7] [cam] [543215][me0][me_core_thread:359]ME out fid 3720
[03:49:11.794] RX< [34m[AE] fid=3750,exp=12060,adg=300,Y=4453,mtg=180,shg=100,bgbv=1167,iso=300,cnv2,hdr0
[03:49:11.794] RX< [0m[7] [cam] [544215][me0][me_core_thread:359]ME out fid 3750
[03:49:11.794] RX< [34m[AE] fid=3780,exp=12
[03:49:12.130] RX< 060,adg=300,Y=4455,mtg=180,shg=100,bgbv=1167,iso=300,cnv2,hdr0
[03:49:12.130] RX< [0m[34m[b_ae0 proc] perf=990(us), max=1800(us)!
[03:49:12.130] RX< [0m[34m[awb0 proc] perf=3695(us), max=4298(us)!
[03:49:12.130] RX< [0m[RTMP] f_index = 3780, f_len = 17474
[03:49:12.130] RX< [7] [cam] [545215][me0][me_core_thread:359]ME out f
[03:49:13.889] RX< id 3780
[03:49:13.889] RX< [34m[AE] fid=3810,exp=12060,adg=300,Y=4462,mtg=180,shg=100,bgbv=1167,iso=300,cnv2,hdr0
[03:49:13.889] RX< [0m[7] [cam] [546215][me0][me_core_thread:359]ME out fid 3810
[03:49:13.889] RX< [34m[AE] fid=3840,exp=12030,adg=300,Y=4474,mtg=180,shg=100,bgbv=1175,iso=300,cnv2,hdr0
[03:49:13.889] RX< [0m[34m
[03:49:14.794] RX< [ME INTP]fid=3840, shutter=12030, perf=237(us), max=5667(us)!
[03:49:14.794] RX< [0m[7] [cam] [547215][me0][me_core_thread:359]ME out fid 3840
[03:49:14.794] RX< [34m[AE] fid=3870,exp=11920,adg=300,Y=4462,mtg=180,shg=100,bgbv=1181,iso=300,cnv2,hdr0
[03:49:14.794] RX< [0m[34m[b_ae0 proc] perf=1114(us), max=29
[03:49:15.222] RX< 86(us)!
[03:49:15.222] RX< [0m[34m[awb0 proc] perf=3813(us), max=4231(us)!
[03:49:15.222] RX< [0m[RTMP] f_index = 3870, f_len = 11985
[03:49:15.222] RX< [7] [cam] [548214][me0][me_core_thread:359]ME out fid 3870
[03:49:15.222] RX< [4] [cam] [548292][qpc0][qpc_core_exception_check:405]discontinuous frame, now: 3883, last: 3881
[03:49:16.222] RX< [34m[AE] fid=3900,exp=11910,adg=300,Y=4481,mtg=180,shg=100,bgbv=1189,iso=300,cnv2,hdr0
[03:49:16.222] RX< [0m[7] [cam] [549214][me0][me_core_thread:359]ME out fid 3900
[03:49:16.222] RX< [34m[awb0 proc] perf=6735(us), max=6735(us)!
[03:49:16.222] RX< [0m[4] [cam] [549292][qpc0][qpc_core_exception_check:405]d
[03:49:17.793] RX< iscontinuous frame, now: 3913, last: 3911
[03:49:17.793] RX< [34m[AE] fid=3930,exp=11870,adg=300,Y=4485,mtg=180,shg=100,bgbv=1194,iso=300,cnv2,hdr0
[03:49:17.793] RX< [0m[7] [cam] [550214][me0][me_core_thread:359]ME out fid 3930
[03:49:17.793] RX< [RTMP] slow send frame 3931 len=67280 dt=59ms (IDR)
[03:49:17.793] RX< [34m[AE] f
[03:49:18.113] RX< id=3960,exp=11840,adg=300,Y=4486,mtg=180,shg=100,bgbv=1198,iso=300,cnv2,hdr0
[03:49:18.113] RX< [0m[34m[b_ae0 proc] perf=942(us), max=2297(us)!
[03:49:18.113] RX< [0m[34m[awb0 proc] perf=3848(us), max=6735(us)!
[03:49:18.113] RX< [0m[34m[ME INTP]fid=3960, shutter=11840, perf=6(us), max=253(us)!
[03:49:18.113] RX< [0m[RTMP]
[03:49:19.789] RX<  f_index = 3960, f_len = 12104
[03:49:19.789] RX< [7] [cam] [551214][me0][me_core_thread:359]ME out fid 3960
[03:49:19.789] RX< [34m[AE] fid=3990,exp=11760,adg=300,Y=4497,mtg=180,shg=100,bgbv=1203,iso=300,cnv2,hdr0
[03:49:19.789] RX< [0m[7] [cam] [552214][me0][me_core_thread:359]ME out fid 3990
[03:49:19.789] RX< [34m[AE] fid=4
[03:49:20.793] RX< 020,exp=11760,adg=300,Y=4485,mtg=180,shg=100,bgbv=1203,iso=300,cnv2,hdr0
[03:49:20.793] RX< [0m[7] [cam] [553214][me0][me_core_thread:359]ME out fid 4020
[03:49:20.793] RX< [34m[AE] fid=4050,exp=11770,adg=300,Y=4474,mtg=180,shg=100,bgbv=1199,iso=300,cnv2,hdr0
[03:49:20.793] RX< [0m[34m[b_ae0 proc] perf=993(u
[03:49:21.788] RX< s), max=1919(us)!
[03:49:21.788] RX< [0m[34m[awb0 proc] perf=3695(us), max=3874(us)!
[03:49:21.788] RX< [0m[RTMP] f_index = 4050, f_len = 18383
[03:49:21.788] RX< [7] [cam] [554214][me0][me_core_thread:359]ME out fid 4050
[03:49:21.788] RX< [34m[AE] fid=4080,exp=11770,adg=300,Y=4467,mtg=180,shg=100,bgbv=1199,iso=300,cnv2,hdr0
[03:49:23.140] RX< 
[03:49:23.140] RX< [0m[34m[ME INTP]fid=4080, shutter=11770, perf=6(us), max=254(us)!
[03:49:23.140] RX< [0m[7] [cam] [555214][me0][me_core_thread:359]ME out fid 4080
[03:49:23.140] RX< [34m[AE] fid=4110,exp=11760,adg=300,Y=4479,mtg=180,shg=100,bgbv=1203,iso=300,cnv2,hdr0
[03:49:23.140] RX< [0m[7] [cam] [556213][me0][me_core_
[03:49:24.113] RX< thread:359]ME out fid 4110
[03:49:24.113] RX< [34m[AE] fid=4140,exp=11780,adg=300,Y=4460,mtg=180,shg=100,bgbv=1195,iso=300,cnv2,hdr0
[03:49:24.113] RX< [0m[34m[b_ae0 proc] perf=1057(us), max=3995(us)!
[03:49:24.113] RX< [0m[34m[awb0 proc] perf=3850(us), max=5682(us)!
[03:49:24.113] RX< [0m[RTMP] f_index = 4140, f_len = 1309
[03:49:25.788] RX< 6
[03:49:25.788] RX< [7] [cam] [557213][me0][me_core_thread:359]ME out fid 4140
[03:49:25.788] RX< [34m[AE] fid=4170,exp=11830,adg=300,Y=4419,mtg=180,shg=100,bgbv=1183,iso=300,cnv2,hdr0
[03:49:25.788] RX< [0m[7] [cam] [558213][me0][me_core_thread:359]ME out fid 4170
[03:49:25.788] RX< [34m[AE] fid=4200,exp=11950,adg=300,Y=4460,
[03:49:26.792] RX< mtg=180,shg=100,bgbv=1177,iso=300,cnv2,hdr0
[03:49:26.792] RX< [0m[34m[ME INTP]fid=4200, shutter=11950, perf=237(us), max=935(us)!
[03:49:26.792] RX< [0m[7] [cam] [559213][me0][me_core_thread:359]ME out fid 4200
[03:49:26.792] RX< [34m[AE] fid=4230,exp=11980,adg=300,Y=4404,mtg=180,shg=100,bgbv=1161,iso=300,c
[03:49:27.177] RX< nv2,hdr0
[03:49:27.177] RX< [0m[34m[b_ae0 proc] perf=996(us), max=3920(us)!
[03:49:27.177] RX< [0m[34m[awb0 proc] perf=3803(us), max=3875(us)!
[03:49:27.177] RX< [0m[RTMP] f_index = 4230, f_len = 13586
[03:49:27.177] RX< [7] [cam] [560213][me0][me_core_thread:359]ME out fid 4230
[03:49:27.177] RX< [34m[awb0 proc] perf=6104(us), max=6104(us)!
[03:49:28.790] RX< [0m[34m[AE] fid=4260,exp=12090,adg=300,Y=4397,mtg=180,shg=100,bgbv=1147,iso=300,cnv2,hdr0
[03:49:28.790] RX< [0m[7] [cam] [561213][me0][me_core_thread:359]ME out fid 4260
[03:49:28.790] RX< [4] [cam] [561290][qpc0][qpc_core_exception_check:405]discontinuous frame, now: 4273, last: 4271
[03:49:28.790] RX< [34
[03:49:29.795] RX< m[AE] fid=4290,exp=12190,adg=300,Y=4403,mtg=180,shg=100,bgbv=1144,iso=300,cnv2,hdr0
[03:49:29.795] RX< [0m[7] [cam] [562213][me0][me_core_thread:359]ME out fid 4290
[03:49:29.795] RX< [34m[AE] fid=4320,exp=12140,adg=300,Y=4474,mtg=180,shg=100,bgbv=1164,iso=300,cnv2,hdr0
[03:49:29.795] RX< [0m[34m[b_ae0 proc]
[03:49:30.788] RX<  perf=990(us), max=4228(us)!
[03:49:30.788] RX< [0m[34m[awb0 proc] perf=3807(us), max=6104(us)!
[03:49:30.788] RX< [0m[34m[ME INTP]fid=4320, shutter=12140, perf=5(us), max=3537(us)!
[03:49:30.788] RX< [0m[RTMP] f_index = 4320, f_len = 16139
[03:49:30.788] RX< [7] [cam] [563212][me0][me_core_thread:359]ME out fid 4320
[03:49:30.788] RX< [34m[A
[03:49:32.140] RX< E] fid=4350,exp=12070,adg=300,Y=4444,mtg=180,shg=100,bgbv=1163,iso=300,cnv2,hdr0
[03:49:32.140] RX< [0m[7] [cam] [564212][me0][me_core_thread:359]ME out fid 4350
[03:49:32.140] RX< [34m[AE] fid=4380,exp=12070,adg=300,Y=4446,mtg=180,shg=100,bgbv=1163,iso=300,cnv2,hdr0
[03:49:32.140] RX< [0m[7] [cam] [565212][m
[03:49:32.791] RX< e0][me_core_thread:359]ME out fid 4380
[03:49:32.791] RX< [4] [cam] [565290][qpc0][qpc_core_exception_check:405]discontinuous frame, now: 4393, last: 4391
[03:49:32.791] RX< [34m[AE] fid=4410,exp=12070,adg=300,Y=4438,mtg=180,shg=100,bgbv=1163,iso=300,cnv2,hdr0
[03:49:32.791] RX< [0m[34m[b_ae0 proc] perf=1103(
[03:49:33.221] RX< us), max=2252(us)!
[03:49:33.221] RX< [0m[34m[awb0 proc] perf=3697(us), max=5978(us)!
[03:49:33.221] RX< [0m[RTMP] f_index = 4410, f_len = 13810
[03:49:33.221] RX< [7] [cam] [566212][me0][me_core_thread:359]ME out fid 4410
[03:49:33.221] RX< [34m[awb0 proc] perf=6353(us), max=6353(us)!
[03:49:33.221] RX< [0m[4] [cam] [566290][qpc0][qpc_core_ex
[03:49:34.143] RX< ception_check:405]discontinuous frame, now: 4423, last: 4421
[03:49:34.143] RX< [34m[AE] fid=4440,exp=12080,adg=300,Y=4425,mtg=180,shg=100,bgbv=1159,iso=300,cnv2,hdr0
[03:49:34.143] RX< [0m[34m[ME INTP]fid=4440, shutter=12080, perf=7(us), max=2777(us)!
[03:49:34.143] RX< [0m[7] [cam] [567212][me0][me_core_th
[03:49:35.221] RX< read:359]ME out fid 4440
[03:49:35.221] RX< [34m[AE] fid=4470,exp=12090,adg=300,Y=4403,mtg=180,shg=100,bgbv=1151,iso=300,cnv2,hdr0
[03:49:35.221] RX< [0m[7] [cam] [568212][me0][me_core_thread:359]ME out fid 4470
[03:49:35.221] RX< [4] [cam] [568289][qpc0][qpc_core_exception_check:405]discontinuous frame, now: 
[03:49:36.127] RX< 4483, last: 4481
[03:49:36.127] RX< [34m[AE] fid=4500,exp=12190,adg=300,Y=4429,mtg=180,shg=100,bgbv=1152,iso=300,cnv2,hdr0
[03:49:36.127] RX< [0m[34m[b_ae0 proc] perf=999(us), max=2129(us)!
[03:49:36.127] RX< [0m[34m[awb0 proc] perf=3837(us), max=6353(us)!
[03:49:36.127] RX< [0m[RTMP] f_index = 4500, f_len = 10978
[03:49:36.127] RX< [7] [cam]
[03:49:36.787] RX<  [569212][me0][me_core_thread:359]ME out fid 4500
[03:49:36.787] RX< [34m[awb0 proc] perf=6589(us), max=6589(us)!
[03:49:36.787] RX< [0m[4] [cam] [569289][qpc0][qpc_core_exception_check:405]discontinuous frame, now: 4513, last: 4511
[03:49:36.787] RX< [34m[AE] fid=4530,exp=12200,adg=300,Y=4390,mtg=180,shg=100
[03:49:38.127] RX< ,bgbv=1140,iso=300,cnv2,hdr0
[03:49:38.127] RX< [0m[7] [cam] [570211][me0][me_core_thread:359]ME out fid 4530
[03:49:38.127] RX< [34m[AE] fid=4560,exp=12200,adg=300,Y=4394,mtg=180,shg=100,bgbv=1140,iso=300,cnv2,hdr0
[03:49:38.127] RX< [0m[34m[ME INTP]fid=4560, shutter=12200, perf=6(us), max=2634(us)!
[03:49:38.127] RX< [0m[7]
[03:49:39.113] RX<  [cam] [571211][me0][me_core_thread:359]ME out fid 4560
[03:49:39.113] RX< [34m[AE] fid=4590,exp=12250,adg=300,Y=4374,mtg=180,shg=100,bgbv=1132,iso=300,cnv2,hdr0
[03:49:39.113] RX< [0m[34m[b_ae0 proc] perf=1005(us), max=2476(us)!
[03:49:39.113] RX< [0m[34m[awb0 proc] perf=3824(us), max=6589(us)!
[03:49:39.113] RX< [0m[RTMP]
[03:49:40.139] RX<  f_index = 4590, f_len = 14317
[03:49:40.139] RX< [7] [cam] [572211][me0][me_core_thread:359]ME out fid 4590
[03:49:40.139] RX< [34m[awb0 proc] perf=6340(us), max=6340(us)!
[03:49:40.139] RX< [0m[34m[AE] fid=4620,exp=12250,adg=300,Y=4382,mtg=180,shg=100,bgbv=1131,iso=300,cnv2,hdr0
[03:49:40.139] RX< [0m[7] [cam] [573211][me0][
[03:49:40.786] RX< me_core_thread:359]ME out fid 4620
[03:49:40.786] RX< [34m[awb0 proc] perf=7568(us), max=7568(us)!
[03:49:40.786] RX< [0m[4] [cam] [573289][qpc0][qpc_core_exception_check:405]discontinuous frame, now: 4633, last: 4631
[03:49:40.786] RX< [34m[AE] fid=4650,exp=12360,adg=300,Y=4382,mtg=180,shg=100,bgbv=1125,iso=
[03:49:41.791] RX< 300,cnv2,hdr0
[03:49:41.791] RX< [0m[7] [cam] [574211][me0][me_core_thread:359]ME out fid 4650
[03:49:41.791] RX< [4] [cam] [574288][qpc0][qpc_core_exception_check:405]discontinuous frame, now: 4663, last: 4661
[03:49:41.791] RX< [34m[AE] fid=4680,exp=12360,adg=300,Y=4375,mtg=180,shg=100,bgbv=1125,iso=300,cnv2
[03:49:42.143] RX< ,hdr0
[03:49:42.143] RX< [0m[34m[b_ae0 proc] perf=993(us), max=3430(us)!
[03:49:42.143] RX< [0m[34m[awb0 proc] perf=3712(us), max=7568(us)!
[03:49:42.143] RX< [0m[34m[ME INTP]fid=4680, shutter=12360, perf=6(us), max=1372(us)!
[03:49:42.143] RX< [0m[RTMP] f_index = 4680, f_len = 14074
[03:49:42.143] RX< [7] [cam] [575211][me0][me_core_thread:
[03:49:42.786] RX< 359]ME out fid 4680
[03:49:42.786] RX< [34m[awb0 proc] perf=7334(us), max=7334(us)!
[03:49:42.786] RX< [0m[4] [cam] [575288][qpc0][qpc_core_exception_check:405]discontinuous frame, now: 4693, last: 4691
[03:49:42.786] RX< [34m[AE] fid=4710,exp=12370,adg=300,Y=4358,mtg=180,shg=100,bgbv=1116,iso=300,cnv2,hdr0
[03:49:42.786] RX< 
[03:49:43.786] RX< [0m[7] [cam] [576211][me0][me_core_thread:359]ME out fid 4710
[03:49:43.786] RX< [4] [cam] [576255][qpc0][qpc_core_exception_check:411]interp not finish in sof, fid: 4721
[03:49:43.786] RX< [4] [cam] [576288][qpc0][qpc_core_exception_check:405]discontinuous frame, now: 4723, last: 4721
[03:49:43.786] RX< [34m[A
[03:49:44.791] RX< E] fid=4740,exp=12450,adg=300,Y=4358,mtg=180,shg=100,bgbv=1113,iso=300,cnv2,hdr0
[03:49:44.791] RX< [0m[7] [cam] [577211][me0][me_core_thread:359]ME out fid 4740
[03:49:44.791] RX< [4] [cam] [577288][qpc0][qpc_core_exception_check:405]discontinuous frame, now: 4753, last: 4751
[03:49:44.791] RX< [34m[AE] fid=4
[03:49:45.127] RX< 770,exp=12490,adg=300,Y=4344,mtg=180,shg=100,bgbv=1108,iso=300,cnv2,hdr0
[03:49:45.127] RX< [0m[34m[b_ae0 proc] perf=978(us), max=4107(us)!
[03:49:45.127] RX< [0m[34m[awb0 proc] perf=3882(us), max=7334(us)!
[03:49:45.127] RX< [0m[RTMP] f_index = 4770, f_len = 20835
[03:49:45.127] RX< [7] [cam] [578210][me0][me_core_thread:35
[03:49:45.887] RX< 9]ME out fid 4770
[03:49:45.887] RX< [4] [cam] [578289][qpc0][qpc_core_exception_check:405]discontinuous frame, now: 4783, last: 4781
[03:49:45.887] RX< [34m[AE] fid=4800,exp=12490,adg=300,Y=4353,mtg=180,shg=100,bgbv=1112,iso=300,cnv2,hdr0
[03:49:45.887] RX< [0m[34m[ME INTP]fid=4800, shutter=12490, perf=6(us)
[03:49:46.786] RX< , max=1995(us)!
[03:49:46.786] RX< [0m[7] [cam] [579210][me0][me_core_thread:359]ME out fid 4800
[03:49:46.786] RX< [34m[awb0 proc] perf=7660(us), max=7660(us)!
[03:49:46.786] RX< [0m[4] [cam] [579288][qpc0][qpc_core_exception_check:405]discontinuous frame, now: 4813, last: 4811
[03:49:46.786] RX< [34m[AE] fid=4830,exp=12490,a
[03:49:47.790] RX< dg=300,Y=4358,mtg=180,shg=100,bgbv=1112,iso=300,cnv2,hdr0
[03:49:47.790] RX< [0m[7] [cam] [580210][me0][me_core_thread:359]ME out fid 4830
[03:49:47.790] RX< [34m[AE] fid=4860,exp=12490,adg=300,Y=4334,mtg=180,shg=100,bgbv=1104,iso=300,cnv2,hdr0
[03:49:47.790] RX< [0m[34m[b_ae0 proc] perf=991(us), max=3953(us
[03:49:48.786] RX< )!
[03:49:48.786] RX< [0m[34m[awb0 proc] perf=3815(us), max=7660(us)!
[03:49:48.786] RX< [0m[RTMP] f_index = 4860, f_len = 13629
[03:49:48.786] RX< [7] [cam] [581210][me0][me_core_thread:359]ME out fid 4860
[03:49:48.786] RX< [4] [cam] [581287][qpc0][qpc_core_exception_check:405]discontinuous frame, now: 4873, last: 4871
[03:49:48.786] RX< [34m
[03:49:49.219] RX< [AE] fid=4890,exp=12490,adg=300,Y=4362,mtg=180,shg=100,bgbv=1112,iso=300,cnv2,hdr0
[03:49:49.219] RX< [0m[7] [cam] [582210][me0][me_core_thread:359]ME out fid 4890
[03:49:49.219] RX< [34m[awb0 proc] perf=7024(us), max=7024(us)!
[03:49:49.219] RX< [0m[4] [cam] [582287][qpc0][qpc_core_exception_check:405]discon
[03:49:50.126] RX< tinuous frame, now: 4903, last: 4901
[03:49:50.126] RX< [34m[AE] fid=4920,exp=12460,adg=300,Y=4392,mtg=180,shg=100,bgbv=1125,iso=300,cnv2,hdr0
[03:49:50.126] RX< [0m[34m[ME INTP]fid=4920, shutter=12460, perf=6(us), max=253(us)!
[03:49:50.126] RX< [0m[7] [cam] [583210][me0][me_core_thread:359]ME out fid 4920
[03:49:50.791] RX< [4] [cam] [583287][qpc0][qpc_core_exception_check:405]discontinuous frame, now: 4933, last: 4931
[03:49:50.791] RX< [34m[AE] fid=4950,exp=12350,adg=300,Y=4410,mtg=180,shg=100,bgbv=1133,iso=300,cnv2,hdr0
[03:49:50.791] RX< [0m[34m[b_ae0 proc] perf=925(us), max=1708(us)!
[03:49:50.791] RX< [0m[34m[awb0 proc]
[03:49:51.219] RX<  perf=3716(us), max=7024(us)!
[03:49:51.219] RX< [0m[RTMP] f_index = 4950, f_len = 15066
[03:49:51.219] RX< [7] [cam] [584210][me0][me_core_thread:359]ME out fid 4950
[03:49:51.219] RX< [34m[awb0 proc] perf=6193(us), max=6193(us)!
[03:49:51.219] RX< [0m[4] [cam] [584287][qpc0][qpc_core_exception_check:405]discontinuous frame, n
[03:49:52.219] RX< ow: 4963, last: 4961
[03:49:52.219] RX< [34m[AE] fid=4980,exp=12370,adg=300,Y=4362,mtg=180,shg=100,bgbv=1116,iso=300,cnv2,hdr0
[03:49:52.219] RX< [0m[7] [cam] [585209][me0][me_core_thread:359]ME out fid 4980
[03:49:52.219] RX< [4] [cam] [585287][qpc0][qpc_core_exception_check:405]discontinuous frame, now: 4993
[03:49:53.219] RX< , last: 4991
[03:49:53.219] RX< [34m[AE] fid=5010,exp=12190,adg=300,Y=4432,mtg=180,shg=100,bgbv=1152,iso=300,cnv2,hdr0
[03:49:53.219] RX< [0m[7] [cam] [586209][me0][me_core_thread:359]ME out fid 5010
[03:49:53.219] RX< [4] [cam] [586287][qpc0][qpc_core_exception_check:405]discontinuous frame, now: 5023, last: 
[03:49:53.870] RX< 5021
[03:49:53.870] RX< [34m[AE] fid=5040,exp=12150,adg=300,Y=4425,mtg=180,shg=100,bgbv=1152,iso=300,cnv2,hdr0
[03:49:53.870] RX< [0m[34m[b_ae0 proc] perf=1108(us), max=3404(us)!
[03:49:53.870] RX< [0m[34m[awb0 proc] perf=3839(us), max=6193(us)!
[03:49:53.870] RX< [0m[34m[ME INTP]fid=5040, shutter=12150, perf=236(us), max=
[03:49:54.785] RX< 3171(us)!
[03:49:54.785] RX< [0m[RTMP] f_index = 5040, f_len = 15733
[03:49:54.785] RX< [7] [cam] [587209][me0][me_core_thread:359]ME out fid 5040
[03:49:54.785] RX< [4] [cam] [587287][qpc0][qpc_core_exception_check:405]discontinuous frame, now: 5053, last: 5051
[03:49:54.785] RX< [34m[AE] fid=5070,exp=12090,adg=300,Y=4413,mtg=1
[03:49:56.169] RX< 80,shg=100,bgbv=1155,iso=300,cnv2,hdr0
[03:49:56.169] RX< [0m[7] [cam] [588209][me0][me_core_thread:359]ME out fid 5070
[03:49:56.169] RX< [34m[AE] fid=5100,exp=12070,adg=300,Y=4448,mtg=180,shg=100,bgbv=1163,iso=300,cnv2,hdr0
[03:49:56.169] RX< [0m[7] [cam] [589209][me0][me_core_thread:359]ME out fid 5100
[03:49:56.169] RX< [3
[03:49:56.790] RX< 4m[awb0 proc] perf=6846(us), max=6846(us)!
[03:49:56.790] RX< [0m[4] [cam] [589286][qpc0][qpc_core_exception_check:405]discontinuous frame, now: 5113, last: 5111
[03:49:56.790] RX< [34m[AE] fid=5130,exp=11840,adg=300,Y=4478,mtg=180,shg=100,bgbv=1198,iso=300,cnv2,hdr0
[03:49:56.790] RX< [0m[34m[b_ae0 proc] pe
[03:49:57.786] RX< rf=993(us), max=3902(us)!
[03:49:57.786] RX< [0m[34m[awb0 proc] perf=3858(us), max=6846(us)!
[03:49:57.786] RX< [0m[RTMP] f_index = 5130, f_len = 17558
[03:49:57.786] RX< [7] [cam] [590209][me0][me_core_thread:359]ME out fid 5130
[03:49:57.786] RX< [34m[AE] fid=5160,exp=11690,adg=300,Y=4519,mtg=180,shg=100,bgbv=1215,iso=300,c
[03:49:59.138] RX< nv2,hdr0
[03:49:59.138] RX< [0m[34m[ME INTP]fid=5160, shutter=11690, perf=7(us), max=977(us)!
[03:49:59.138] RX< [0m[7] [cam] [591209][me0][me_core_thread:359]ME out fid 5160
[03:49:59.138] RX< [34m[AE] fid=5190,exp=11540,adg=300,Y=4522,mtg=180,shg=100,bgbv=1238,iso=300,cnv2,hdr0
[03:49:59.138] RX< [0m[7] [cam] [592208][me0][
[03:49:59.789] RX< me_core_thread:359]ME out fid 5190
[03:49:59.789] RX< [4] [cam] [592286][qpc0][qpc_core_exception_check:405]discontinuous frame, now: 5203, last: 5201
[03:49:59.789] RX< [34m[AE] fid=5220,exp=11470,adg=300,Y=4512,mtg=180,shg=100,bgbv=1240,iso=300,cnv2,hdr0
[03:49:59.789] RX< [0m[34m[b_ae0 proc] perf=988(us), 
[03:50:00.219] RX< max=1844(us)!
[03:50:00.219] RX< [0m[34m[awb0 proc] perf=3821(us), max=4145(us)!
[03:50:00.219] RX< [0m[RTMP] f_index = 5220, f_len = 18860
[03:50:00.219] RX< [7] [cam] [593208][me0][me_core_thread:359]ME out fid 5220
[03:50:00.219] RX< [34m[awb0 proc] perf=6101(us), max=6101(us)!
[03:50:00.219] RX< [0m[4] [cam] [593286][qpc0][qpc_core_excepti
[03:50:01.169] RX< on_check:405]discontinuous frame, now: 5233, last: 5231
[03:50:01.169] RX< [34m[AE] fid=5250,exp=11470,adg=300,Y=4524,mtg=180,shg=100,bgbv=1244,iso=300,cnv2,hdr0
[03:50:01.169] RX< [0m[7] [cam] [594208][me0][me_core_thread:359]ME out fid 5250
[03:50:01.169] RX< [34m[awb0 proc] perf=7316(us), max=7316(us)!
[03:50:01.169] RX< [0
[03:50:01.885] RX< m[4] [cam] [594286][qpc0][qpc_core_exception_check:405]discontinuous frame, now: 5263, last: 5261
[03:50:01.885] RX< [34m[AE] fid=5280,exp=11350,adg=300,Y=4496,mtg=180,shg=100,bgbv=1250,iso=300,cnv2,hdr0
[03:50:01.885] RX< [0m[34m[ME INTP]fid=5280, shutter=11350, perf=6(us), max=10498(us)!
[03:50:02.790] RX< [0m[7] [cam] [595208][me0][me_core_thread:359]ME out fid 5280
[03:50:02.790] RX< [4] [cam] [595286][qpc0][qpc_core_exception_check:405]discontinuous frame, now: 5293, last: 5291
[03:50:02.790] RX< [34m[AE] fid=5310,exp=11340,adg=300,Y=4510,mtg=180,shg=100,bgbv=1254,iso=300,cnv2,hdr0
[03:50:02.790] RX< [0m[34
[03:50:03.218] RX< m[b_ae0 proc] perf=1064(us), max=3321(us)!
[03:50:03.218] RX< [0m[34m[awb0 proc] perf=3812(us), max=7316(us)!
[03:50:03.218] RX< [0m[RTMP] f_index = 5310, f_len = 14286
[03:50:03.218] RX< [7] [cam] [596208][me0][me_core_thread:359]ME out fid 5310
[03:50:03.218] RX< [4] [cam] [596285][qpc0][qpc_core_exception_check:405]disconti
[03:50:04.784] RX< nuous frame, now: 5323, last: 5321
[03:50:04.784] RX< [34m[AE] fid=5340,exp=11340,adg=300,Y=4507,mtg=180,shg=100,bgbv=1254,iso=300,cnv2,hdr0
[03:50:04.784] RX< [0m[7] [cam] [597208][me0][me_core_thread:359]ME out fid 5340
[03:50:04.784] RX< [34m[AE] fid=5370,exp=11340,adg=300,Y=4504,mtg=180,shg=100,bgbv=1254,
[03:50:05.789] RX< iso=300,cnv2,hdr0
[03:50:05.789] RX< [0m[7] [cam] [598208][me0][me_core_thread:359]ME out fid 5370
[03:50:05.789] RX< [34m[awb0 proc] perf=6201(us), max=6201(us)!
[03:50:05.789] RX< [0m[4] [cam] [598285][qpc0][qpc_core_exception_check:405]discontinuous frame, now: 5383, last: 5381
[03:50:05.789] RX< [34m[AE] fid=5400,exp=11350
[03:50:06.109] RX< ,adg=300,Y=4483,mtg=180,shg=100,bgbv=1246,iso=300,cnv2,hdr0
[03:50:06.109] RX< [0m[34m[b_ae0 proc] perf=986(us), max=4521(us)!
[03:50:06.109] RX< [0m[34m[awb0 proc] perf=3821(us), max=6201(us)!
[03:50:06.109] RX< [0m[34m[ME INTP]fid=5400, shutter=11350, perf=6(us), max=3062(us)!
[03:50:06.109] RX< [0m[RTMP] f_index = 5400,
[03:50:07.137] RX<  f_len = 19063
[03:50:07.137] RX< [7] [cam] [599208][me0][me_core_thread:359]ME out fid 5400
[03:50:07.137] RX< [34m[awb0 proc] perf=6452(us), max=6452(us)!
[03:50:07.137] RX< [0m[34m[AE] fid=5430,exp=11350,adg=300,Y=4484,mtg=180,shg=100,bgbv=1246,iso=300,cnv2,hdr0
[03:50:07.137] RX< [0m[7] [cam] [600207][me0][me_core_thread:3
[03:50:08.136] RX< 59]ME out fid 5430
[03:50:08.136] RX< [4] [cam] [600285][qpc0][qpc_core_exception_check:405]discontinuous frame, now: 5443, last: 5441
[03:50:08.136] RX< [34m[AE] fid=5460,exp=11350,adg=300,Y=4485,mtg=180,shg=100,bgbv=1246,iso=300,cnv2,hdr0
[03:50:08.136] RX< [0m[7] [cam] [601207][me0][me_core_thread:359]ME ou
[03:50:09.125] RX< t fid 5460
[03:50:09.125] RX< [34m[AE] fid=5490,exp=11350,adg=300,Y=4473,mtg=180,shg=100,bgbv=1242,iso=300,cnv2,hdr0
[03:50:09.125] RX< [0m[34m[b_ae0 proc] perf=911(us), max=1841(us)!
[03:50:09.125] RX< [0m[34m[awb0 proc] perf=3815(us), max=6452(us)!
[03:50:09.125] RX< [0m[RTMP] f_index = 5490, f_len = 11730
[03:50:09.125] RX< [7] [cam] [6022
[03:50:09.785] RX< 07][me0][me_core_thread:359]ME out fid 5490
[03:50:09.785] RX< [34m[awb0 proc] perf=6719(us), max=6719(us)!
[03:50:09.785] RX< [0m[4] [cam] [602284][qpc0][qpc_core_exception_check:405]discontinuous frame, now: 5503, last: 5501
[03:50:09.785] RX< [34m[AE] fid=5520,exp=11350,adg=300,Y=4478,mtg=180,shg=100,bgbv=
[03:50:10.218] RX< 1246,iso=300,cnv2,hdr0
[03:50:10.218] RX< [0m[34m[ME INTP]fid=5520, shutter=11350, perf=6(us), max=3960(us)!
[03:50:10.218] RX< [0m[7] [cam] [603207][me0][me_core_thread:359]ME out fid 5520
[03:50:10.218] RX< [34m[awb0 proc] perf=7095(us), max=7095(us)!
[03:50:10.218] RX< [0m[4] [cam] [603285][qpc0][qpc_core_exception_check:4
[03:50:11.218] RX< 05]discontinuous frame, now: 5533, last: 5531
[03:50:11.218] RX< [34m[AE] fid=5550,exp=11350,adg=300,Y=4478,mtg=180,shg=100,bgbv=1246,iso=300,cnv2,hdr0
[03:50:11.218] RX< [0m[7] [cam] [604207][me0][me_core_thread:359]ME out fid 5550
[03:50:11.218] RX< [34m[awb0 proc] perf=6486(us), max=7095(us)!
[03:50:11.218] RX< [0m[4] [cam]
[03:50:11.788] RX<  [604284][qpc0][qpc_core_exception_check:405]discontinuous frame, now: 5563, last: 5561
[03:50:11.788] RX< [34m[AE] fid=5580,exp=11350,adg=300,Y=4481,mtg=180,shg=100,bgbv=1246,iso=300,cnv2,hdr0
[03:50:11.788] RX< [0m[34m[b_ae0 proc] perf=999(us), max=4517(us)!
[03:50:11.788] RX< [0m[34m[awb0 proc] perf=369
[03:50:12.784] RX< 8(us), max=6486(us)!
[03:50:12.784] RX< [0m[RTMP] f_index = 5580, f_len = 11195
[03:50:12.784] RX< [7] [cam] [605207][me0][me_core_thread:359]ME out fid 5580
[03:50:12.784] RX< [34m[awb0 proc] perf=6482(us), max=6482(us)!
[03:50:12.784] RX< [0m[34m[AE] fid=5610,exp=11350,adg=300,Y=4476,mtg=180,shg=100,bgbv=1246,iso=300,cnv2,hd
[03:50:13.784] RX< r0
[03:50:13.784] RX< [0m[7] [cam] [606207][me0][me_core_thread:359]ME out fid 5610
[03:50:13.784] RX< [34m[awb0 proc] perf=6120(us), max=6482(us)!
[03:50:13.784] RX< [0m[4] [cam] [606284][qpc0][qpc_core_exception_check:405]discontinuous frame, now: 5623, last: 5621
[03:50:13.784] RX< [34m[AE] fid=5640,exp=11350,adg=300,Y=4492
[03:50:14.217] RX< ,mtg=180,shg=100,bgbv=1250,iso=300,cnv2,hdr0
[03:50:14.217] RX< [0m[34m[ME INTP]fid=5640, shutter=11350, perf=56(us), max=476(us)!
[03:50:14.217] RX< [0m[7] [cam] [607206][me0][me_core_thread:359]ME out fid 5640
[03:50:14.217] RX< [34m[awb0 proc] perf=6764(us), max=6764(us)!
[03:50:14.217] RX< [0m[4] [cam] [607285][qpc0][qpc_
[03:50:14.788] RX< core_exception_check:405]discontinuous frame, now: 5653, last: 5651
[03:50:14.788] RX< [34m[AE] fid=5670,exp=11330,adg=300,Y=4513,mtg=180,shg=100,bgbv=1258,iso=300,cnv2,hdr0
[03:50:14.788] RX< [0m[34m[b_ae0 proc] perf=996(us), max=4410(us)!
[03:50:14.788] RX< [0m[34m[awb0 proc] perf=3820(us), max=6764(us)!
[03:50:15.217] RX< 
[03:50:15.217] RX< [0m[RTMP] f_index = 5670, f_len = 13099
[03:50:15.217] RX< [7] [cam] [608206][me0][me_core_thread:359]ME out fid 5670
[03:50:15.217] RX< [4] [cam] [608251][qpc0][qpc_core_exception_check:411]interp not finish in sof, fid: 5681
[03:50:15.217] RX< [4] [cam] [608284][qpc0][qpc_core_exception_check:405]discontinuo
[03:50:16.217] RX< us frame, now: 5683, last: 5681
[03:50:16.217] RX< [34m[AE] fid=5700,exp=11330,adg=300,Y=4519,mtg=180,shg=100,bgbv=1258,iso=300,cnv2,hdr0
[03:50:16.217] RX< [0m[7] [cam] [609206][me0][me_core_thread:359]ME out fid 5700
[03:50:16.217] RX< [34m[awb0 proc] perf=7599(us), max=7599(us)!
[03:50:16.217] RX< [0m[4] [cam] [609284][qpc0
[03:50:17.168] RX< ][qpc_core_exception_check:405]discontinuous frame, now: 5713, last: 5711
[03:50:17.168] RX< [34m[AE] fid=5730,exp=11340,adg=300,Y=4507,mtg=180,shg=100,bgbv=1254,iso=300,cnv2,hdr0
[03:50:17.168] RX< [0m[7] [cam] [610206][me0][me_core_thread:359]ME out fid 5730
[03:50:17.168] RX< [34m[awb0 proc] perf=6203(us),
[03:50:17.789] RX<  max=7599(us)!
[03:50:17.789] RX< [0m[4] [cam] [610284][qpc0][qpc_core_exception_check:405]discontinuous frame, now: 5743, last: 5741
[03:50:17.789] RX< [34m[AE] fid=5760,exp=11350,adg=300,Y=4487,mtg=180,shg=100,bgbv=1246,iso=300,cnv2,hdr0
[03:50:17.789] RX< [0m[34m[b_ae0 proc] perf=987(us), max=3837(us)!
[03:50:17.789] RX< 
[03:50:18.173] RX< [0m[34m[awb0 proc] perf=3823(us), max=6203(us)!
[03:50:18.173] RX< [0m[34m[ME INTP]fid=5760, shutter=11350, perf=238(us), max=11390(us)!
[03:50:18.173] RX< [0m[RTMP] f_index = 5760, f_len = 14345
[03:50:18.173] RX< [7] [cam] [611206][me0][me_core_thread:359]ME out fid 5760
[03:50:18.173] RX< [34m[awb0 proc] perf=6512(us), max
[03:50:19.136] RX< =6512(us)!
[03:50:19.136] RX< [0m[4] [cam] [611283][qpc0][qpc_core_exception_check:405]discontinuous frame, now: 5773, last: 5771
[03:50:19.136] RX< [34m[AE] fid=5790,exp=11350,adg=300,Y=4481,mtg=180,shg=100,bgbv=1246,iso=300,cnv2,hdr0
[03:50:19.136] RX< [0m[7] [cam] [612206][me0][me_core_thread:359]ME out fi
[03:50:20.788] RX< d 5790
[03:50:20.788] RX< [4] [cam] [612284][qpc0][qpc_core_exception_check:405]discontinuous frame, now: 5803, last: 5801
[03:50:20.788] RX< [34m[AE] fid=5820,exp=11350,adg=300,Y=4465,mtg=180,shg=100,bgbv=1242,iso=300,cnv2,hdr0
[03:50:20.788] RX< [0m[7] [cam] [613206][me0][me_core_thread:359]ME out fid 5820
[03:50:20.788] RX< 
[03:50:21.124] RX< [34m[AE] fid=5850,exp=11350,adg=300,Y=4483,mtg=180,shg=100,bgbv=1246,iso=300,cnv2,hdr0
[03:50:21.124] RX< [0m[34m[b_ae0 proc] perf=995(us), max=3377(us)!
[03:50:21.124] RX< [0m[34m[awb0 proc] perf=3715(us), max=6512(us)!
[03:50:21.124] RX< [0m[RTMP] f_index = 5850, f_len = 18755
[03:50:21.124] RX< [7] [cam] [614205][me0][me_
[03:50:21.883] RX< core_thread:359]ME out fid 5850
[03:50:21.883] RX< [4] [cam] [614284][qpc0][qpc_core_exception_check:405]discontinuous frame, now: 5863, last: 5861
[03:50:21.883] RX< [34m[AE] fid=5880,exp=11350,adg=300,Y=4483,mtg=180,shg=100,bgbv=1246,iso=300,cnv2,hdr0
[03:50:21.883] RX< [0m[34m[ME INTP]fid=5880, shutter=113
[03:50:22.784] RX< 50, perf=6(us), max=1371(us)!
[03:50:22.784] RX< [0m[7] [cam] [615205][me0][me_core_thread:359]ME out fid 5880
[03:50:22.784] RX< [34m[awb0 proc] perf=6782(us), max=6782(us)!
[03:50:22.784] RX< [0m[4] [cam] [615283][qpc0][qpc_core_exception_check:405]discontinuous frame, now: 5893, last: 5891
[03:50:22.784] RX< [34m[AE] fid=59
[03:50:23.217] RX< 10,exp=11350,adg=300,Y=4485,mtg=180,shg=100,bgbv=1246,iso=300,cnv2,hdr0
[03:50:23.217] RX< [0m[7] [cam] [616205][me0][me_core_thread:359]ME out fid 5910
[03:50:23.217] RX< [34m[awb0 proc] perf=6753(us), max=6782(us)!
[03:50:23.217] RX< [0m[4] [cam] [616283][qpc0][qpc_core_exception_check:405]discontinuous fra
[03:50:24.125] RX< me, now: 5923, last: 5921
[03:50:24.125] RX< [34m[AE] fid=5940,exp=11350,adg=300,Y=4492,mtg=180,shg=100,bgbv=1250,iso=300,cnv2,hdr0
[03:50:24.125] RX< [0m[34m[b_ae0 proc] perf=973(us), max=3908(us)!
[03:50:24.125] RX< [0m[34m[awb0 proc] perf=3821(us), max=6753(us)!
[03:50:24.125] RX< [0m[RTMP] f_index = 5940, f_len = 9125
[03:50:24.125] RX< [
[03:50:24.783] RX< 7] [cam] [617205][me0][me_core_thread:359]ME out fid 5940
[03:50:24.783] RX< [34m[awb0 proc] perf=6904(us), max=6904(us)!
[03:50:24.783] RX< [0m[4] [cam] [617283][qpc0][qpc_core_exception_check:405]discontinuous frame, now: 5953, last: 5951
[03:50:24.783] RX< [34m[AE] fid=5970,exp=11350,adg=300,Y=4491,mtg=180
[03:50:25.883] RX< ,shg=100,bgbv=1250,iso=300,cnv2,hdr0
[03:50:25.883] RX< [0m[7] [cam] [618205][me0][me_core_thread:359]ME out fid 5970
[03:50:25.883] RX< [RTMP] slow send frame 5971 len=76403 dt=52ms (IDR)
[03:50:25.883] RX< [34m[AE] fid=6000,exp=11350,adg=300,Y=4494,mtg=180,shg=100,bgbv=1250,iso=300,cnv2,hdr0
[03:50:25.883] RX< [0m[34m[ME INT
[03:50:26.216] RX< P]fid=6000, shutter=11350, perf=6(us), max=877(us)!
[03:50:26.216] RX< [0m[7] [cam] [619205][me0][me_core_thread:359]ME out fid 6000
[03:50:26.216] RX< [34m[awb0 proc] perf=6124(us), max=6904(us)!
[03:50:26.216] RX< [0m[4] [cam] [619283][qpc0][qpc_core_exception_check:405]discontinuous frame, now: 6013, last:
[03:50:27.124] RX<  6011
[03:50:27.124] RX< [34m[AE] fid=6030,exp=11340,adg=300,Y=4500,mtg=180,shg=100,bgbv=1254,iso=300,cnv2,hdr0
[03:50:27.124] RX< [0m[34m[b_ae0 proc] perf=990(us), max=3063(us)!
[03:50:27.124] RX< [0m[34m[awb0 proc] perf=3893(us), max=6124(us)!
[03:50:27.124] RX< [0m[RTMP] f_index = 6030, f_len = 11799
[03:50:27.124] RX< [7] [cam] [620205][m
[03:50:28.216] RX< e0][me_core_thread:359]ME out fid 6030
[03:50:28.216] RX< [34m[AE] fid=6060,exp=11340,adg=300,Y=4505,mtg=180,shg=100,bgbv=1254,iso=300,cnv2,hdr0
[03:50:28.216] RX< [0m[7] [cam] [621205][me0][me_core_thread:359]ME out fid 6060
[03:50:28.216] RX< [34m[awb0 proc] perf=7612(us), max=7612(us)!
[03:50:28.216] RX< [0m[4] [cam] [62128
[03:50:29.167] RX< 2][qpc0][qpc_core_exception_check:405]discontinuous frame, now: 6073, last: 6071
[03:50:29.167] RX< [34m[AE] fid=6090,exp=11330,adg=300,Y=4513,mtg=180,shg=100,bgbv=1258,iso=300,cnv2,hdr0
[03:50:29.167] RX< [0m[7] [cam] [622204][me0][me_core_thread:359]ME out fid 6090
[03:50:29.167] RX< [34m[awb0 proc] perf=66
[03:50:29.787] RX< 76(us), max=7612(us)!
[03:50:29.787] RX< [0m[4] [cam] [622282][qpc0][qpc_core_exception_check:405]discontinuous frame, now: 6103, last: 6101
[03:50:29.787] RX< [34m[AE] fid=6120,exp=11310,adg=300,Y=4512,mtg=180,shg=100,bgbv=1258,iso=300,cnv2,hdr0
[03:50:29.787] RX< [0m[34m[b_ae0 proc] perf=998(us), max=3907(
[03:50:30.215] RX< us)!
[03:50:30.215] RX< [0m[34m[awb0 proc] perf=3813(us), max=6676(us)!
[03:50:30.215] RX< [0m[34m[ME INTP]fid=6120, shutter=11310, perf=234(us), max=253(us)!
[03:50:30.215] RX< [0m[RTMP] f_index = 6120, f_len = 17948
[03:50:30.215] RX< [7] [cam] [623204][me0][me_core_thread:359]ME out fid 6120
[03:50:30.215] RX< [4] [cam] [623281][qpc0][qpc_c
[03:50:31.167] RX< ore_exception_check:405]discontinuous frame, now: 6133, last: 6131
[03:50:31.167] RX< [34m[AE] fid=6150,exp=11310,adg=300,Y=4510,mtg=180,shg=100,bgbv=1258,iso=300,cnv2,hdr0
[03:50:31.167] RX< [0m[7] [cam] [624204][me0][me_core_thread:359]ME out fid 6150
[03:50:31.167] RX< [34m[awb0 proc] perf=7225(us), max=72
[03:50:32.135] RX< 25(us)!
[03:50:32.135] RX< [0m[4] [cam] [624282][qpc0][qpc_core_exception_check:405]discontinuous frame, now: 6163, last: 6161
[03:50:32.135] RX< [34m[AE] fid=6180,exp=11320,adg=300,Y=4499,mtg=180,shg=100,bgbv=1254,iso=300,cnv2,hdr0
[03:50:32.135] RX< [0m[7] [cam] [625204][me0][me_core_thread:359]ME out fid 6
[03:50:32.789] RX< 180
[03:50:32.789] RX< [4] [cam] [625282][qpc0][qpc_core_exception_check:405]discontinuous frame, now: 6193, last: 6191
[03:50:32.789] RX< [34m[AE] fid=6210,exp=11210,adg=300,Y=4504,mtg=180,shg=100,bgbv=1267,iso=300,cnv2,hdr0
[03:50:32.789] RX< [0m[34m[b_ae0 proc] perf=1114(us), max=4079(us)!
[03:50:32.789] RX< [0m[34m[awb0 
[03:50:33.882] RX< proc] perf=3839(us), max=7225(us)!
[03:50:33.882] RX< [0m[RTMP] f_index = 6210, f_len = 9156
[03:50:33.882] RX< [7] [cam] [626204][me0][me_core_thread:359]ME out fid 6210
[03:50:33.882] RX< [34m[AE] fid=6240,exp=11300,adg=300,Y=4447,mtg=180,shg=100,bgbv=1243,iso=300,cnv2,hdr0
[03:50:33.882] RX< [0m[34m[ME INTP]fid=6240, shutte
[03:50:35.166] RX< r=11300, perf=253(us), max=4921(us)!
[03:50:35.166] RX< [0m[7] [cam] [627204][me0][me_core_thread:359]ME out fid 6240
[03:50:35.166] RX< [34m[AE] fid=6270,exp=11470,adg=300,Y=4510,mtg=180,shg=100,bgbv=1240,iso=300,cnv2,hdr0
[03:50:35.166] RX< [0m[7] [cam] [628204][me0][me_core_thread:359]ME out fid 6270
[03:50:35.166] RX< [34m
[03:50:35.787] RX< [awb0 proc] perf=6226(us), max=6226(us)!
[03:50:35.787] RX< [0m[4] [cam] [628281][qpc0][qpc_core_exception_check:405]discontinuous frame, now: 6283, last: 6281
[03:50:35.787] RX< [34m[AE] fid=6300,exp=11570,adg=300,Y=4458,mtg=180,shg=100,bgbv=1218,iso=300,cnv2,hdr0
[03:50:35.787] RX< [0m[34m[b_ae0 proc] perf
[03:50:36.215] RX< =1004(us), max=3482(us)!
[03:50:36.215] RX< [0m[34m[awb0 proc] perf=3819(us), max=6226(us)!
[03:50:36.215] RX< [0m[RTMP] f_index = 6300, f_len = 14565
[03:50:36.215] RX< [7] [cam] [629203][me0][me_core_thread:359]ME out fid 6300
[03:50:36.215] RX< [34m[awb0 proc] perf=6541(us), max=6541(us)!
[03:50:36.215] RX< [0m[4] [cam] [629281][qpc0][qpc_c
[03:50:37.215] RX< ore_exception_check:405]discontinuous frame, now: 6313, last: 6311
[03:50:37.215] RX< [34m[AE] fid=6330,exp=11600,adg=300,Y=4530,mtg=180,shg=100,bgbv=1233,iso=300,cnv2,hdr0
[03:50:37.215] RX< [0m[7] [cam] [630203][me0][me_core_thread:359]ME out fid 6330
[03:50:37.215] RX< [4] [cam] [630281][qpc0][qpc_core_exce
[03:50:38.138] RX< ption_check:405]discontinuous frame, now: 6343, last: 6341
[03:50:38.138] RX< [34m[AE] fid=6360,exp=11320,adg=300,Y=4497,mtg=180,shg=100,bgbv=1254,iso=300,cnv2,hdr0
[03:50:38.138] RX< [0m[34m[ME INTP]fid=6360, shutter=11320, perf=6(us), max=5961(us)!
[03:50:38.138] RX< [0m[7] [cam] [631203][me0][me_core_thre
[03:50:38.786] RX< ad:359]ME out fid 6360
[03:50:38.786] RX< [34m[awb0 proc] perf=6450(us), max=6541(us)!
[03:50:38.786] RX< [0m[4] [cam] [631281][qpc0][qpc_core_exception_check:405]discontinuous frame, now: 6373, last: 6371
[03:50:38.786] RX< [34m[AE] fid=6390,exp=11360,adg=300,Y=4450,mtg=180,shg=100,bgbv=1238,iso=300,cnv2,hdr
[03:50:39.782] RX< 0
[03:50:39.782] RX< [0m[34m[b_ae0 proc] perf=987(us), max=1735(us)!
[03:50:39.782] RX< [0m[34m[awb0 proc] perf=3826(us), max=6450(us)!
[03:50:39.782] RX< [0m[RTMP] f_index = 6390, f_len = 13312
[03:50:39.782] RX< [7] [cam] [632203][me0][me_core_thread:359]ME out fid 6390
[03:50:39.782] RX< [34m[awb0 proc] perf=6410(us), max=6410(us)!
[03:50:39.782] RX< [0m[3
[03:50:41.134] RX< 4m[AE] fid=6420,exp=10830,adg=300,Y=4567,mtg=180,shg=100,bgbv=1327,iso=300,cnv2,hdr0
[03:50:41.134] RX< [0m[7] [cam] [633203][me0][me_core_thread:359]ME out fid 6420
[03:50:41.134] RX< [34m[AE] fid=6450,exp=10780,adg=300,Y=4568,mtg=180,shg=100,bgbv=1331,iso=300,cnv2,hdr0
[03:50:41.134] RX< [0m[7] [cam] [63420
[03:50:41.882] RX< 3][me0][me_core_thread:359]ME out fid 6450
[03:50:41.882] RX< [34m[AE] fid=6480,exp=10570,adg=300,Y=4569,mtg=180,shg=100,bgbv=1356,iso=300,cnv2,hdr0
[03:50:41.882] RX< [0m[34m[b_ae0 proc] perf=1119(us), max=3454(us)!
[03:50:41.882] RX< [0m[34m[awb0 proc] perf=3884(us), max=6410(us)!
[03:50:41.882] RX< [0m[34m[ME INTP]fid=6
[03:50:43.134] RX< 480, shutter=10570, perf=6(us), max=7248(us)!
[03:50:43.134] RX< [0m[RTMP] f_index = 6480, f_len = 13322
[03:50:43.134] RX< [7] [cam] [635203][me0][me_core_thread:359]ME out fid 6480
[03:50:43.134] RX< [34m[AE] fid=6510,exp=10850,adg=300,Y=4513,mtg=180,shg=100,bgbv=1311,iso=300,cnv2,hdr0
[03:50:43.134] RX< [0m[7] [cam] [636202]
[03:50:44.786] RX< [me0][me_core_thread:359]ME out fid 6510
[03:50:44.786] RX< [34m[AE] fid=6540,exp=10890,adg=300,Y=4504,mtg=180,shg=100,bgbv=1303,iso=300,cnv2,hdr0
[03:50:44.786] RX< [0m[7] [cam] [637202][me0][me_core_thread:359]ME out fid 6540
[03:50:44.786] RX< [34m[AE] fid=6570,exp=11160,adg=300,Y=4466,mtg=180,shg=100,bgbv
[03:50:45.781] RX< =1264,iso=300,cnv2,hdr0
[03:50:45.781] RX< [0m[34m[b_ae0 proc] perf=990(us), max=2841(us)!
[03:50:45.781] RX< [0m[34m[awb0 proc] perf=3871(us), max=4263(us)!
[03:50:45.781] RX< [0m[RTMP] f_index = 6570, f_len = 19079
[03:50:45.781] RX< [7] [cam] [638202][me0][me_core_thread:359]ME out fid 6570
[03:50:45.781] RX< [34m[AE] fid=6600,exp=10980,ad
[03:50:46.781] RX< g=300,Y=4521,mtg=180,shg=100,bgbv=1297,iso=300,cnv2,hdr0
[03:50:46.781] RX< [0m[34m[ME INTP]fid=6600, shutter=10980, perf=6(us), max=3671(us)!
[03:50:46.781] RX< [0m[7] [cam] [639202][me0][me_core_thread:359]ME out fid 6600
[03:50:46.781] RX< [34m[AE] fid=6630,exp=10740,adg=300,Y=4609,mtg=180,shg=100,bgbv=13
[03:50:47.785] RX< 39,iso=300,cnv2,hdr0
[03:50:47.785] RX< [0m[7] [cam] [640202][me0][me_core_thread:359]ME out fid 6630
[03:50:47.785] RX< [34m[AE] fid=6660,exp=10840,adg=300,Y=4475,mtg=180,shg=100,bgbv=1307,iso=300,cnv2,hdr0
[03:50:47.785] RX< [0m[34m[b_ae0 proc] perf=989(us), max=3166(us)!
[03:50:47.785] RX< [0m[34m[awb0 proc] perf=3833(us
[03:50:49.133] RX< ), max=5748(us)!
[03:50:49.133] RX< [0m[RTMP] f_index = 6660, f_len = 15023
[03:50:49.133] RX< [7] [cam] [641202][me0][me_core_thread:359]ME out fid 6660
[03:50:49.133] RX< [34m[AE] fid=6690,exp=11010,adg=300,Y=4535,mtg=180,shg=100,bgbv=1297,iso=300,cnv2,hdr0
[03:50:49.133] RX< [0m[7] [cam] [642202][me0][me_core_thread:359]ME o
[03:50:50.789] RX< ut fid 6690
[03:50:50.789] RX< [34m[AE] fid=6720,exp=10850,adg=300,Y=4541,mtg=180,shg=100,bgbv=1319,iso=300,cnv2,hdr0
[03:50:50.789] RX< [0m[34m[ME INTP]fid=6720, shutter=10850, perf=5(us), max=2780(us)!
[03:50:50.789] RX< [0m[7] [cam] [643202][me0][me_core_thread:359]ME out fid 6720
[03:50:50.789] RX< [34m[AE] fid=6750,exp=1
[03:50:51.125] RX< 1060,adg=300,Y=4476,mtg=180,shg=100,bgbv=1277,iso=300,cnv2,hdr0
[03:50:51.125] RX< [0m[34m[b_ae0 proc] perf=916(us), max=4030(us)!
[03:50:51.125] RX< [0m[34m[awb0 proc] perf=3835(us), max=4347(us)!
[03:50:51.125] RX< [0m[RTMP] f_index = 6750, f_len = 21035
[03:50:51.125] RX< [7] [cam] [644201][me0][me_core_thread:359]ME out 
[03:50:52.133] RX< fid 6750
[03:50:52.133] RX< [34m[awb0 proc] perf=6249(us), max=6249(us)!
[03:50:52.133] RX< [0m[4] [cam] [644279][qpc0][qpc_core_exception_check:405]discontinuous frame, now: 6763, last: 6761
[03:50:52.133] RX< [34m[AE] fid=6780,exp=11160,adg=300,Y=4385,mtg=180,shg=100,bgbv=1249,iso=300,cnv2,hdr0
[03:50:52.133] RX< [0m[7] [cam
[03:50:53.785] RX< ] [645201][me0][me_core_thread:359]ME out fid 6780
[03:50:53.785] RX< [34m[AE] fid=6810,exp=11290,adg=300,Y=4462,mtg=180,shg=100,bgbv=1247,iso=300,cnv2,hdr0
[03:50:53.785] RX< [0m[7] [cam] [646201][me0][me_core_thread:359]ME out fid 6810
[03:50:53.785] RX< [34m[AE] fid=6840,exp=11290,adg=300,Y=4455,mtg=180,sh
[03:50:54.121] RX< g=100,bgbv=1247,iso=300,cnv2,hdr0
[03:50:54.121] RX< [0m[34m[b_ae0 proc] perf=993(us), max=3167(us)!
[03:50:54.121] RX< [0m[34m[awb0 proc] perf=3890(us), max=6249(us)!
[03:50:54.121] RX< [0m[34m[ME INTP]fid=6840, shutter=11290, perf=6(us), max=7273(us)!
[03:50:54.121] RX< [0m[RTMP] f_index = 6840, f_len = 19543
[03:50:54.121] RX< [7] [cam] [
[03:50:54.780] RX< 647201][me0][me_core_thread:359]ME out fid 6840
[03:50:54.780] RX< [34m[awb0 proc] perf=6606(us), max=6606(us)!
[03:50:54.780] RX< [0m[4] [cam] [647279][qpc0][qpc_core_exception_check:405]discontinuous frame, now: 6853, last: 6851
[03:50:54.780] RX< [34m[AE] fid=6870,exp=11280,adg=300,Y=4466,mtg=180,shg=100,b
[03:50:56.133] RX< gbv=1251,iso=300,cnv2,hdr0
[03:50:56.133] RX< [0m[7] [cam] [648201][me0][me_core_thread:359]ME out fid 6870
[03:50:56.133] RX< [34m[awb0 proc] perf=6369(us), max=6606(us)!
[03:50:56.133] RX< [0m[34m[AE] fid=6900,exp=11590,adg=300,Y=4467,mtg=180,shg=100,bgbv=1218,iso=300,cnv2,hdr0
[03:50:56.133] RX< [0m[7] [cam] [649201][me0][
[03:50:56.785] RX< me_core_thread:359]ME out fid 6900
[03:50:56.785] RX< [4] [cam] [649278][qpc0][qpc_core_exception_check:405]discontinuous frame, now: 6913, last: 6911
[03:50:56.785] RX< [34m[AE] fid=6930,exp=11580,adg=300,Y=4497,mtg=180,shg=100,bgbv=1226,iso=300,cnv2,hdr0
[03:50:56.785] RX< [0m[34m[b_ae0 proc] perf=979(us), 
[03:50:57.779] RX< max=4284(us)!
[03:50:57.779] RX< [0m[34m[awb0 proc] perf=3816(us), max=6369(us)!
[03:50:57.779] RX< [0m[RTMP] f_index = 6930, f_len = 19843
[03:50:57.779] RX< [7] [cam] [650201][me0][me_core_thread:359]ME out fid 6930
[03:50:57.779] RX< [34m[AE] fid=6960,exp=11430,adg=300,Y=4472,mtg=180,shg=100,bgbv=1237,iso=300,cnv2,hdr0
[03:50:57.779] RX< [0
[03:50:59.132] RX< m[34m[ME INTP]fid=6960, shutter=11430, perf=6(us), max=3597(us)!
[03:50:59.132] RX< [0m[7] [cam] [651200][me0][me_core_thread:359]ME out fid 6960
[03:50:59.132] RX< [34m[AE] fid=6990,exp=11420,adg=300,Y=4481,mtg=180,shg=100,bgbv=1241,iso=300,cnv2,hdr0
[03:50:59.132] RX< [0m[7] [cam] [652200][me0][me_core_thr
[03:51:00.123] RX< ead:359]ME out fid 6990
[03:51:00.123] RX< [34m[AE] fid=7020,exp=11580,adg=300,Y=4518,mtg=180,shg=100,bgbv=1244,iso=300,cnv2,hdr0
[03:51:00.123] RX< [0m[34m[b_ae0 proc] perf=1013(us), max=1124(us)!
[03:51:00.123] RX< [0m[34m[awb0 proc] perf=3876(us), max=5720(us)!
[03:51:00.123] RX< [0m[RTMP] f_index = 7020, f_len = 16991
[03:51:00.123] RX< [
[03:51:01.214] RX< 7] [cam] [653200][me0][me_core_thread:359]ME out fid 7020
[03:51:01.214] RX< [34m[AE] fid=7050,exp=11320,adg=300,Y=4477,mtg=180,shg=100,bgbv=1250,iso=300,cnv2,hdr0
[03:51:01.214] RX< [0m[7] [cam] [654200][me0][me_core_thread:359]ME out fid 7050
[03:51:01.214] RX< [4] [cam] [654278][qpc0][qpc_core_exception_che
[03:51:02.120] RX< ck:405]discontinuous frame, now: 7063, last: 7061
[03:51:02.120] RX< [34m[AE] fid=7080,exp=11430,adg=300,Y=4467,mtg=180,shg=100,bgbv=1237,iso=300,cnv2,hdr0
[03:51:02.120] RX< [0m[34m[ME INTP]fid=7080, shutter=11430, perf=6(us), max=11023(us)!
[03:51:02.120] RX< [0m[7] [cam] [655200][me0][me_core_thread:359]M
[03:51:02.785] RX< E out fid 7080
[03:51:02.785] RX< [34m[awb0 proc] perf=7131(us), max=7131(us)!
[03:51:02.785] RX< [0m[4] [cam] [655278][qpc0][qpc_core_exception_check:405]discontinuous frame, now: 7093, last: 7091
[03:51:02.785] RX< [34m[AE] fid=7110,exp=11430,adg=300,Y=4471,mtg=180,shg=100,bgbv=1237,iso=300,cnv2,hdr0
[03:51:02.785] RX< [0m[
[03:51:03.780] RX< 34m[b_ae0 proc] perf=1081(us), max=3946(us)!
[03:51:03.780] RX< [0m[34m[awb0 proc] perf=3797(us), max=7131(us)!
[03:51:03.780] RX< [0m[RTMP] f_index = 7110, f_len = 12517
[03:51:03.780] RX< [7] [cam] [656200][me0][me_core_thread:359]ME out fid 7110
[03:51:03.780] RX< [34m[AE] fid=7140,exp=11090,adg=300,Y=4727,mtg=180,shg=100,
[03:51:04.780] RX< bgbv=1325,iso=300,cnv2,hdr0
[03:51:04.780] RX< [0m[7] [cam] [657200][me0][me_core_thread:359]ME out fid 7140
[03:51:04.780] RX< [34m[awb0 proc] perf=6553(us), max=6553(us)!
[03:51:04.780] RX< [0m[4] [cam] [657278][qpc0][qpc_core_exception_check:405]discontinuous frame, now: 7153, last: 7151
[03:51:04.780] RX< [34m[AE] fid=7170
[03:51:05.784] RX< ,exp=11750,adg=300,Y=4426,mtg=180,shg=100,bgbv=1192,iso=300,cnv2,hdr0
[03:51:05.784] RX< [0m[7] [cam] [658200][me0][me_core_thread:359]ME out fid 7170
[03:51:05.784] RX< [34m[awb0 proc] perf=6064(us), max=6553(us)!
[03:51:05.784] RX< [0m[34m[AE] fid=7200,exp=11750,adg=300,Y=4437,mtg=180,shg=100,bgbv=1192,iso
[03:51:06.120] RX< =300,cnv2,hdr0
[03:51:06.120] RX< [0m[34m[b_ae0 proc] perf=993(us), max=1101(us)!
[03:51:06.120] RX< [0m[34m[awb0 proc] perf=3811(us), max=6064(us)!
[03:51:06.120] RX< [0m[34m[ME INTP]fid=7200, shutter=11750, perf=6(us), max=5352(us)!
[03:51:06.120] RX< [0m[RTMP] f_index = 7200, f_len = 11573
[03:51:06.120] RX< [7] [cam] [659199][me0][me_cor
[03:51:07.213] RX< e_thread:359]ME out fid 7200
[03:51:07.213] RX< [34m[AE] fid=7230,exp=11720,adg=300,Y=4478,mtg=180,shg=100,bgbv=1208,iso=300,cnv2,hdr0
[03:51:07.213] RX< [0m[7] [cam] [660199][me0][me_core_thread:359]ME out fid 7230
[03:51:07.213] RX< [34m[awb0 proc] perf=6614(us), max=6614(us)!
[03:51:07.213] RX< [0m[4] [cam] [660277][qpc0][q
[03:51:08.784] RX< pc_core_exception_check:405]discontinuous frame, now: 7243, last: 7241
[03:51:08.784] RX< [34m[AE] fid=7260,exp=11720,adg=300,Y=4498,mtg=180,shg=100,bgbv=1212,iso=300,cnv2,hdr0
[03:51:08.784] RX< [0m[7] [cam] [661199][me0][me_core_thread:359]ME out fid 7260
[03:51:08.784] RX< [34m[AE] fid=7290,exp=11620,adg=3
[03:51:09.120] RX< 00,Y=4510,mtg=180,shg=100,bgbv=1225,iso=300,cnv2,hdr0
[03:51:09.120] RX< [0m[34m[b_ae0 proc] perf=1011(us), max=4164(us)!
[03:51:09.120] RX< [0m[34m[awb0 proc] perf=3836(us), max=6614(us)!
[03:51:09.120] RX< [0m[RTMP] f_index = 7290, f_len = 13719
[03:51:09.120] RX< [7] [cam] [662199][me0][me_core_thread:359]ME out fid 7290
[03:51:09.879] RX< [34m[awb0 proc] perf=8110(us), max=8110(us)!
[03:51:09.879] RX< [0m[4] [cam] [662276][qpc0][qpc_core_exception_check:405]discontinuous frame, now: 7303, last: 7301
[03:51:09.879] RX< [34m[AE] fid=7320,exp=11540,adg=300,Y=4503,mtg=180,shg=100,bgbv=1234,iso=300,cnv2,hdr0
[03:51:09.879] RX< [0m[34m[ME INTP]fid
[03:51:10.779] RX< =7320, shutter=11540, perf=6(us), max=3138(us)!
[03:51:10.779] RX< [0m[7] [cam] [663199][me0][me_core_thread:359]ME out fid 7320
[03:51:10.779] RX< [4] [cam] [663276][qpc0][qpc_core_exception_check:405]discontinuous frame, now: 7333, last: 7331
[03:51:10.779] RX< [34m[AE] fid=7350,exp=11540,adg=300,Y=4491,mtg=
[03:51:11.784] RX< 180,shg=100,bgbv=1230,iso=300,cnv2,hdr0
[03:51:11.784] RX< [0m[7] [cam] [664199][me0][me_core_thread:359]ME out fid 7350
[03:51:11.784] RX< [34m[AE] fid=7380,exp=11540,adg=300,Y=4491,mtg=180,shg=100,bgbv=1230,iso=300,cnv2,hdr0
[03:51:11.784] RX< [0m[34m[b_ae0 proc] perf=1112(us), max=3667(us)!
[03:51:11.784] RX< [0m[34m[awb
[03:51:13.131] RX< 0 proc] perf=3848(us), max=8110(us)!
[03:51:13.131] RX< [0m[RTMP] f_index = 7380, f_len = 14350
[03:51:13.131] RX< [7] [cam] [665199][me0][me_core_thread:359]ME out fid 7380
[03:51:13.131] RX< [34m[AE] fid=7410,exp=11210,adg=300,Y=4580,mtg=180,shg=100,bgbv=1287,iso=300,cnv2,hdr0
[03:51:13.131] RX< [0m[7] [cam] [666198][me0][me_
[03:51:14.784] RX< core_thread:359]ME out fid 7410
[03:51:14.784] RX< [34m[AE] fid=7440,exp=11260,adg=300,Y=4570,mtg=180,shg=100,bgbv=1269,iso=300,cnv2,hdr0
[03:51:14.784] RX< [0m[34m[ME INTP]fid=7440, shutter=11260, perf=1866(us), max=4998(us)!
[03:51:14.784] RX< [0m[7] [cam] [667198][me0][me_core_thread:359]ME out fid 7440
[03:51:14.784] RX< 
[03:51:15.120] RX< [34m[AE] fid=7470,exp=11110,adg=300,Y=4523,mtg=180,shg=100,bgbv=1284,iso=300,cnv2,hdr0
[03:51:15.120] RX< [0m[34m[b_ae0 proc] perf=995(us), max=3432(us)!
[03:51:15.120] RX< [0m[34m[awb0 proc] perf=3810(us), max=4145(us)!
[03:51:15.120] RX< [0m[RTMP] f_index = 7470, f_len = 15481
[03:51:15.120] RX< [7] [cam] [668198][me0][me_
[03:51:16.778] RX< core_thread:359]ME out fid 7470
[03:51:16.778] RX< [34m[AE] fid=7500,exp=11170,adg=300,Y=4456,mtg=180,shg=100,bgbv=1260,iso=300,cnv2,hdr0
[03:51:16.778] RX< [0m[7] [cam] [669198][me0][me_core_thread:359]ME out fid 7500
[03:51:16.778] RX< [34m[AE] fid=7530,exp=11300,adg=300,Y=4445,mtg=180,shg=100,bgbv=1243,iso
[03:51:17.783] RX< =300,cnv2,hdr0
[03:51:17.783] RX< [0m[7] [cam] [670198][me0][me_core_thread:359]ME out fid 7530
[03:51:17.783] RX< [34m[AE] fid=7560,exp=11140,adg=300,Y=4523,mtg=180,shg=100,bgbv=1280,iso=300,cnv2,hdr0
[03:51:17.783] RX< [0m[34m[b_ae0 proc] perf=1008(us), max=3114(us)!
[03:51:17.783] RX< [0m[34m[awb0 proc] perf=3871(us), ma
[03:51:18.778] RX< x=4009(us)!
[03:51:18.778] RX< [0m[34m[ME INTP]fid=7560, shutter=11140, perf=6(us), max=6716(us)!
[03:51:18.778] RX< [0m[RTMP] f_index = 7560, f_len = 18396
[03:51:18.778] RX< [7] [cam] [671198][me0][me_core_thread:359]ME out fid 7560
[03:51:18.778] RX< [34m[AE] fid=7590,exp=11200,adg=300,Y=4533,mtg=180,shg=100,bgbv=1275,iso=3
[03:51:20.779] RX< 00,cnv2,hdr0
[03:51:20.779] RX< [0m[7] [cam] [672198][me0][me_core_thread:359]ME out fid 7590
[03:51:20.779] RX< [34m[AE] fid=7620,exp=11210,adg=300,Y=4503,mtg=180,shg=100,bgbv=1267,iso=300,cnv2,hdr0
[03:51:20.779] RX< [0m[7] [cam] [673197][me0][me_core_thread:359]ME out fid 7620
[03:51:21.118] RX< [34m[AE] fid=7650,exp=11210,adg=300,Y=4524,mtg=180,shg=100,bgbv=1271,iso=300,cnv2,hdr0
[03:51:21.118] RX< [0m[34m[b_ae0 proc] perf=1125(us), max=2025(us)!
[03:51:21.118] RX< [0m[34m[awb0 proc] perf=3772(us), max=4432(us)!
[03:51:21.118] RX< [0m[RTMP] f_index = 7650, f_len = 15287
[03:51:21.118] RX< [7] [cam] [674197][me0][m
[03:51:22.119] RX< e_core_thread:359]ME out fid 7650
[03:51:22.119] RX< [34m[AE] fid=7680,exp=11260,adg=300,Y=4463,mtg=180,shg=100,bgbv=1251,iso=300,cnv2,hdr0
[03:51:22.119] RX< [0m[34m[ME INTP]fid=7680, shutter=11260, perf=1429(us), max=2445(us)!
[03:51:22.119] RX< [0m[7] [cam] [675197][me0][me_core_thread:359]ME out fid 7680
[03:51:23.782] RX< 
[03:51:23.782] RX< [34m[awb0 proc] perf=6424(us), max=6424(us)!
[03:51:23.782] RX< [0m[34m[AE] fid=7710,exp=11220,adg=300,Y=4552,mtg=180,shg=100,bgbv=1279,iso=300,cnv2,hdr0
[03:51:23.782] RX< [0m[7] [cam] [676197][me0][me_core_thread:359]ME out fid 7710
[03:51:23.782] RX< [34m[AE] fid=7740,exp=11080,adg=300,Y=4524,mtg=180,sh
[03:51:24.777] RX< g=100,bgbv=1284,iso=300,cnv2,hdr0
[03:51:24.777] RX< [0m[34m[b_ae0 proc] perf=996(us), max=2478(us)!
[03:51:24.777] RX< [0m[34m[awb0 proc] perf=3807(us), max=6424(us)!
[03:51:24.777] RX< [0m[RTMP] f_index = 7740, f_len = 15293
[03:51:24.777] RX< [7] [cam] [677197][me0][me_core_thread:359]ME out fid 7740
[03:51:24.777] RX< [34m[AE] fid=7770,ex
[03:51:25.880] RX< p=11120,adg=300,Y=4477,mtg=180,shg=100,bgbv=1272,iso=300,cnv2,hdr0
[03:51:25.880] RX< [0m[7] [cam] [678197][me0][me_core_thread:359]ME out fid 7770
[03:51:25.880] RX< [34m[AE] fid=7800,exp=11430,adg=300,Y=4470,mtg=180,shg=100,bgbv=1237,iso=300,cnv2,hdr0
[03:51:25.880] RX< [0m[34m[ME INTP]fid=7800, shutter=11
[03:51:26.782] RX< 430, perf=2400(us), max=7459(us)!
[03:51:26.782] RX< [0m[7] [cam] [679197][me0][me_core_thread:359]ME out fid 7800
[03:51:26.782] RX< [34m[awb0 proc] perf=6684(us), max=6684(us)!
[03:51:26.782] RX< [0m[4] [cam] [679274][qpc0][qpc_core_exception_check:405]discontinuous frame, now: 7813, last: 7811
[03:51:26.782] RX< [34m[AE] fi
[03:51:27.118] RX< d=7830,exp=11430,adg=300,Y=4458,mtg=180,shg=100,bgbv=1233,iso=300,cnv2,hdr0
[03:51:27.118] RX< [0m[34m[b_ae0 proc] perf=1016(us), max=3339(us)!
[03:51:27.118] RX< [0m[34m[awb0 proc] perf=3828(us), max=6684(us)!
[03:51:27.118] RX< [0m[RTMP] f_index = 7830, f_len = 15266
[03:51:27.118] RX< [7] [cam] [680197][me0][me_core_threa
[03:51:27.777] RX< d:359]ME out fid 7830
[03:51:27.777] RX< [34m[awb0 proc] perf=6394(us), max=6394(us)!
[03:51:27.777] RX< [0m[4] [cam] [680274][qpc0][qpc_core_exception_check:405]discontinuous frame, now: 7843, last: 7841
[03:51:27.777] RX< [34m[AE] fid=7860,exp=11320,adg=300,Y=4551,mtg=180,shg=100,bgbv=1265,iso=300,cnv2,hdr0
[03:51:29.778] RX< 
[03:51:29.778] RX< [0m[7] [cam] [681196][me0][me_core_thread:359]ME out fid 7860
[03:51:29.778] RX< [34m[AE] fid=7890,exp=11140,adg=300,Y=4508,mtg=180,shg=100,bgbv=1276,iso=300,cnv2,hdr0
[03:51:29.778] RX< [0m[7] [cam] [682196][me0][me_core_thread:359]ME out fid 7890
[03:51:29.877] RX< [34m[AE] fid=7920,exp=11140,adg=300,Y=4506,mtg=180,shg=100,bgbv=1276,iso=300,cnv2,hdr0
[03:51:29.877] RX< [0m[34m[b_ae0 proc] perf=995(us), max=3563(us)!
[03:51:29.877] RX< [0m[34m[awb0 proc] perf=3753(us), max=6394(us)!
[03:51:29.877] RX< [0m[34m[ME INTP]fid=7920, shutter=11140, perf=6(us), max=3558(us)
[03:51:31.777] RX< !
[03:51:31.777] RX< [0m[RTMP] f_index = 7920, f_len = 10768
[03:51:31.777] RX< [7] [cam] [683196][me0][me_core_thread:359]ME out fid 7920
[03:51:31.777] RX< [34m[AE] fid=7950,exp=11140,adg=300,Y=4503,mtg=180,shg=100,bgbv=1276,iso=300,cnv2,hdr0
[03:51:31.777] RX< [0m[7] [cam] [684196][me0][me_core_thread:359]ME out fid 7950
[03:51:31.777] RX< [3
[03:51:32.782] RX< 4m[AE] fid=7980,exp=11150,adg=300,Y=4492,mtg=180,shg=100,bgbv=1272,iso=300,cnv2,hdr0
[03:51:32.782] RX< [0m[7] [cam] [685196][me0][me_core_thread:359]ME out fid 7980
[03:51:32.782] RX< [34m[AE] fid=8010,exp=11150,adg=300,Y=4482,mtg=180,shg=100,bgbv=1268,iso=300,cnv2,hdr0
[03:51:32.782] RX< [0m[34m[b_ae0 proc
[03:51:33.776] RX< ] perf=1012(us), max=4171(us)!
[03:51:33.776] RX< [0m[34m[awb0 proc] perf=3816(us), max=4635(us)!
[03:51:33.776] RX< [0m[RTMP] f_index = 8010, f_len = 16185
[03:51:33.776] RX< [7] [cam] [686196][me0][me_core_thread:359]ME out fid 8010
[03:51:33.776] RX< [34m[AE] fid=8040,exp=11150,adg=300,Y=4492,mtg=180,shg=100,bgbv=1272,iso=
[03:51:35.129] RX< 300,cnv2,hdr0
[03:51:35.129] RX< [0m[34m[ME INTP]fid=8040, shutter=11150, perf=6(us), max=1084(us)!
[03:51:35.129] RX< [0m[7] [cam] [687196][me0][me_core_thread:359]ME out fid 8040
[03:51:35.129] RX< [34m[AE] fid=8070,exp=11150,adg=300,Y=4492,mtg=180,shg=100,bgbv=1272,iso=300,cnv2,hdr0
[03:51:35.129] RX< [0m[7] [cam] [688195]
[03:51:36.102] RX< [me0][me_core_thread:359]ME out fid 8070
[03:51:36.102] RX< [34m[AE] fid=8100,exp=11150,adg=300,Y=4498,mtg=180,shg=100,bgbv=1272,iso=300,cnv2,hdr0
[03:51:36.102] RX< [0m[34m[b_ae0 proc] perf=1007(us), max=1474(us)!
[03:51:36.102] RX< [0m[34m[awb0 proc] perf=3817(us), max=3865(us)!
[03:51:36.102] RX< [0m[RTMP] f_index = 8100
[03:51:37.177] RX< , f_len = 13691
[03:51:37.177] RX< [7] [cam] [689195][me0][me_core_thread:359]ME out fid 8100
[03:51:37.177] RX< [34m[AE] fid=8130,exp=11150,adg=300,Y=4499,mtg=180,shg=100,bgbv=1272,iso=300,cnv2,hdr0
[03:51:37.177] RX< [0m[7] [cam] [690195][me0][me_core_thread:359]ME out fid 8130
[03:51:37.177] RX< [RTMP] slow send frame 8131 le
[03:51:38.782] RX< n=65883 dt=54ms (IDR)
[03:51:38.782] RX< [34m[AE] fid=8160,exp=11150,adg=300,Y=4497,mtg=180,shg=100,bgbv=1272,iso=300,cnv2,hdr0
[03:51:38.782] RX< [0m[34m[ME INTP]fid=8160, shutter=11150, perf=6(us), max=366(us)!
[03:51:38.782] RX< [0m[7] [cam] [691195][me0][me_core_thread:359]ME out fid 8160
[03:51:38.782] RX< [34m[AE] fid=8
[03:51:39.118] RX< 190,exp=11150,adg=300,Y=4491,mtg=180,shg=100,bgbv=1272,iso=300,cnv2,hdr0
[03:51:39.118] RX< [0m[34m[b_ae0 proc] perf=1008(us), max=2387(us)!
[03:51:39.118] RX< [0m[34m[awb0 proc] perf=3702(us), max=3888(us)!
[03:51:39.118] RX< [0m[RTMP] f_index = 8190, f_len = 11290
[03:51:39.118] RX< [7] [cam] [692195][me0][me_core_thread:3
[03:51:40.775] RX< 59]ME out fid 8190
[03:51:40.775] RX< [34m[AE] fid=8220,exp=11140,adg=300,Y=4503,mtg=180,shg=100,bgbv=1276,iso=300,cnv2,hdr0
[03:51:40.775] RX< [0m[7] [cam] [693195][me0][me_core_thread:359]ME out fid 8220
[03:51:40.775] RX< [34m[AE] fid=8250,exp=11150,adg=300,Y=4490,mtg=180,shg=100,bgbv=1272,iso=300,cnv2,hdr
[03:51:41.781] RX< 0
[03:51:41.781] RX< [0m[7] [cam] [694195][me0][me_core_thread:359]ME out fid 8250
[03:51:41.781] RX< [34m[AE] fid=8280,exp=11150,adg=300,Y=4482,mtg=180,shg=100,bgbv=1268,iso=300,cnv2,hdr0
[03:51:41.781] RX< [0m[34m[b_ae0 proc] perf=1115(us), max=3502(us)!
[03:51:41.781] RX< [0m[34m[awb0 proc] perf=3832(us), max=3872(us)!
[03:51:41.781] RX< 
[03:51:42.776] RX< [0m[34m[ME INTP]fid=8280, shutter=11150, perf=6(us), max=1447(us)!
[03:51:42.776] RX< [0m[RTMP] f_index = 8280, f_len = 15440
[03:51:42.776] RX< [7] [cam] [695194][me0][me_core_thread:359]ME out fid 8280
[03:51:42.776] RX< [34m[AE] fid=8310,exp=11140,adg=300,Y=4502,mtg=180,shg=100,bgbv=1276,iso=300,cnv2,hdr0
[03:51:44.777] RX< [0m[7] [cam] [696194][me0][me_core_thread:359]ME out fid 8310
[03:51:44.777] RX< [34m[AE] fid=8340,exp=11150,adg=300,Y=4499,mtg=180,shg=100,bgbv=1272,iso=300,cnv2,hdr0
[03:51:44.777] RX< [0m[7] [cam] [697194][me0][me_core_thread:359]ME out fid 8340
[03:51:45.117] RX< [34m[AE] fid=8370,exp=11140,adg=300,Y=4506,mtg=180,shg=100,bgbv=1276,iso=300,cnv2,hdr0
[03:51:45.117] RX< [0m[34m[b_ae0 proc] perf=1005(us), max=1963(us)!
[03:51:45.117] RX< [0m[34m[awb0 proc] perf=3817(us), max=4429(us)!
[03:51:45.117] RX< [0m[RTMP] f_index = 8370, f_len = 15811
[03:51:45.117] RX< [7] [cam] [698194][me0][m
[03:51:46.775] RX< e_core_thread:359]ME out fid 8370
[03:51:46.775] RX< [34m[AE] fid=8400,exp=11110,adg=300,Y=4521,mtg=180,shg=100,bgbv=1284,iso=300,cnv2,hdr0
[03:51:46.775] RX< [0m[34m[ME INTP]fid=8400, shutter=11110, perf=6(us), max=984(us)!
[03:51:46.775] RX< [0m[7] [cam] [699194][me0][me_core_thread:359]ME out fid 8400
[03:51:46.775] RX< [3
[03:51:47.780] RX< 4m[AE] fid=8430,exp=11110,adg=300,Y=4501,mtg=180,shg=100,bgbv=1280,iso=300,cnv2,hdr0
[03:51:47.780] RX< [0m[7] [cam] [700194][me0][me_core_thread:359]ME out fid 8430
[03:51:47.780] RX< [34m[AE] fid=8460,exp=11110,adg=300,Y=4520,mtg=180,shg=100,bgbv=1284,iso=300,cnv2,hdr0
[03:51:47.780] RX< [0m[34m[b_ae0 proc
[03:51:48.741] RX< ] perf=980(us), max=4053(us)!
[03:51:48.741] RX< [0m[34m[awb0 proc] perf=3796(us), max=4442(us)!
[03:51:48.741] RX< [0m[RTMP] f_index = 8460, f_len = 15272
[03:51:48.741] RX< [7] [cam] [701194][me0][me_core_thread:359]ME out fid 8460
[03:51:48.741] RX< [34m[awb0 proc] perf=6713(us), max=6713(us)!
[03:51:48.741] RX< [0m[4] [cam] [701803][qpc0][
[03:51:49.775] RX< qpc_core_exception_check:405]discontinuous frame, now: 8489, last: 8487
[03:51:49.775] RX< [34m[AE] fid=8490,exp=11110,adg=300,Y=4502,mtg=180,shg=100,bgbv=1280,iso=300,cnv2,hdr0
[03:51:49.775] RX< [0m[7] [cam] [702194][me0][me_core_thread:359]ME out fid 8490
[03:51:49.775] RX< [34m[AE] fid=8520,exp=11120,adg=
[03:51:50.780] RX< 300,Y=4487,mtg=180,shg=100,bgbv=1272,iso=300,cnv2,hdr0
[03:51:50.780] RX< [0m[34m[ME INTP]fid=8520, shutter=11120, perf=254(us), max=3474(us)!
[03:51:50.780] RX< [0m[7] [cam] [703193][me0][me_core_thread:359]ME out fid 8520
[03:51:50.780] RX< [34m[AE] fid=8550,exp=11190,adg=300,Y=4471,mtg=180,shg=100,bgbv=12
[03:51:51.774] RX< 60,iso=300,cnv2,hdr0
[03:51:51.774] RX< [0m[34m[b_ae0 proc] perf=1111(us), max=4144(us)!
[03:51:51.774] RX< [0m[34m[awb0 proc] perf=3815(us), max=6713(us)!
[03:51:51.774] RX< [0m[RTMP] f_index = 8550, f_len = 19253
[03:51:51.774] RX< [7] [cam] [704193][me0][me_core_thread:359]ME out fid 8550
[03:51:51.774] RX< [34m[AE] fid=8580,exp=11180,adg=
[03:51:53.127] RX< 300,Y=4482,mtg=180,shg=100,bgbv=1264,iso=300,cnv2,hdr0
[03:51:53.127] RX< [0m[7] [cam] [705193][me0][me_core_thread:359]ME out fid 8580
[03:51:53.127] RX< [34m[AE] fid=8610,exp=11170,adg=300,Y=4514,mtg=180,shg=100,bgbv=1276,iso=300,cnv2,hdr0
[03:51:53.127] RX< [0m[7] [cam] [706193][me0][me_core_thread:359]ME 
[03:51:53.874] RX< out fid 8610
[03:51:53.874] RX< [34m[AE] fid=8640,exp=11210,adg=300,Y=4483,mtg=180,shg=100,bgbv=1264,iso=300,cnv2,hdr0
[03:51:53.874] RX< [0m[34m[b_ae0 proc] perf=1019(us), max=3339(us)!
[03:51:53.874] RX< [0m[34m[awb0 proc] perf=3831(us), max=3874(us)!
[03:51:53.874] RX< [0m[34m[ME INTP]fid=8640, shutter=11210, perf=6(us)
[03:51:54.208] RX< , max=2210(us)!
[03:51:54.208] RX< [0m[RTMP] f_index = 8640, f_len = 12387
[03:51:54.208] RX< [7] [cam] [707193][me0][me_core_thread:359]ME out fid 8640
[03:51:54.208] RX< [34m[awb0 proc] perf=6733(us), max=6733(us)!
[03:51:54.208] RX< [0m[4] [cam] [707270][qpc0][qpc_core_exception_check:405]discontinuous frame, now: 8653, last
[03:51:56.127] RX< : 8651
[03:51:56.127] RX< [34m[AE] fid=8670,exp=11230,adg=300,Y=4531,mtg=180,shg=100,bgbv=1271,iso=300,cnv2,hdr0
[03:51:56.127] RX< [0m[7] [cam] [708193][me0][me_core_thread:359]ME out fid 8670
[03:51:56.127] RX< [34m[AE] fid=8700,exp=11240,adg=300,Y=4511,mtg=180,shg=100,bgbv=1263,iso=300,cnv2,hdr0
[03:51:56.127] RX< [0m[7] [c
[03:51:56.778] RX< am] [709193][me0][me_core_thread:359]ME out fid 8700
[03:51:56.778] RX< [4] [cam] [709270][qpc0][qpc_core_exception_check:405]discontinuous frame, now: 8713, last: 8711
[03:51:56.778] RX< [34m[AE] fid=8730,exp=11250,adg=300,Y=4498,mtg=180,shg=100,bgbv=1259,iso=300,cnv2,hdr0
[03:51:56.778] RX< [0m[34m[b_ae0 pr
[03:51:57.774] RX< oc] perf=940(us), max=4215(us)!
[03:51:57.774] RX< [0m[34m[awb0 proc] perf=3815(us), max=6733(us)!
[03:51:57.774] RX< [0m[RTMP] f_index = 8730, f_len = 16933
[03:51:57.774] RX< [7] [cam] [710192][me0][me_core_thread:359]ME out fid 8730
[03:51:57.774] RX< [34m[AE] fid=8760,exp=11240,adg=300,Y=4523,mtg=180,shg=100,bgbv=1267,iso
[03:51:59.126] RX< =300,cnv2,hdr0
[03:51:59.126] RX< [0m[34m[ME INTP]fid=8760, shutter=11240, perf=915(us), max=8791(us)!
[03:51:59.126] RX< [0m[7] [cam] [711192][me0][me_core_thread:359]ME out fid 8760
[03:51:59.126] RX< [34m[AE] fid=8790,exp=11200,adg=300,Y=4530,mtg=180,shg=100,bgbv=1275,iso=300,cnv2,hdr0
[03:51:59.126] RX< [0m[7] [cam] [7121
[03:52:00.099] RX< 92][me0][me_core_thread:359]ME out fid 8790
[03:52:00.099] RX< [34m[AE] fid=8820,exp=11140,adg=300,Y=4510,mtg=180,shg=100,bgbv=1276,iso=300,cnv2,hdr0
[03:52:00.099] RX< [0m[34m[b_ae0 proc] perf=1118(us), max=2468(us)!
[03:52:00.099] RX< [0m[34m[awb0 proc] perf=3773(us), max=3883(us)!
[03:52:00.099] RX< [0m[RTMP] f_index = 8
[03:52:01.774] RX< 820, f_len = 15811
[03:52:01.774] RX< [7] [cam] [713192][me0][me_core_thread:359]ME out fid 8820
[03:52:01.774] RX< [34m[AE] fid=8850,exp=11140,adg=300,Y=4518,mtg=180,shg=100,bgbv=1280,iso=300,cnv2,hdr0
[03:52:01.774] RX< [0m[7] [cam] [714192][me0][me_core_thread:359]ME out fid 8850
[03:52:01.774] RX< [34m[AE] fid=8880,exp=1114
[03:52:02.778] RX< 0,adg=300,Y=4501,mtg=180,shg=100,bgbv=1276,iso=300,cnv2,hdr0
[03:52:02.778] RX< [0m[34m[ME INTP]fid=8880, shutter=11140, perf=6(us), max=3453(us)!
[03:52:02.778] RX< [0m[7] [cam] [715192][me0][me_core_thread:359]ME out fid 8880
[03:52:02.778] RX< [34m[AE] fid=8910,exp=11150,adg=300,Y=4499,mtg=180,shg=100,bgb
[03:52:03.774] RX< v=1272,iso=300,cnv2,hdr0
[03:52:03.774] RX< [0m[34m[b_ae0 proc] perf=996(us), max=3322(us)!
[03:52:03.774] RX< [0m[34m[awb0 proc] perf=3831(us), max=4138(us)!
[03:52:03.774] RX< [0m[RTMP] f_index = 8910, f_len = 10425
[03:52:03.774] RX< [7] [cam] [716192][me0][me_core_thread:359]ME out fid 8910
[03:52:03.774] RX< [34m[AE] fid=8940,exp=11140,a
[03:52:05.126] RX< dg=300,Y=4506,mtg=180,shg=100,bgbv=1276,iso=300,cnv2,hdr0
[03:52:05.126] RX< [0m[7] [cam] [717191][me0][me_core_thread:359]ME out fid 8940
[03:52:05.126] RX< [34m[AE] fid=8970,exp=11140,adg=300,Y=4521,mtg=180,shg=100,bgbv=1280,iso=300,cnv2,hdr0
[03:52:05.126] RX< [0m[7] [cam] [718191][me0][me_core_thread:359]
[03:52:05.874] RX< ME out fid 8970
[03:52:05.874] RX< [34m[AE] fid=9000,exp=11130,adg=300,Y=4526,mtg=180,shg=100,bgbv=1284,iso=300,cnv2,hdr0
[03:52:05.874] RX< [0m[34m[b_ae0 proc] perf=1002(us), max=3769(us)!
[03:52:05.874] RX< [0m[34m[awb0 proc] perf=3885(us), max=5177(us)!
[03:52:05.874] RX< [0m[34m[ME INTP]fid=9000, shutter=11130, perf=6(
[03:52:07.126] RX< us), max=881(us)!
[03:52:07.126] RX< [0m[RTMP] f_index = 9000, f_len = 7059
[03:52:07.126] RX< [7] [cam] [719191][me0][me_core_thread:359]ME out fid 9000
[03:52:07.126] RX< [34m[AE] fid=9030,exp=11140,adg=300,Y=4520,mtg=180,shg=100,bgbv=1280,iso=300,cnv2,hdr0
[03:52:07.126] RX< [0m[7] [cam] [720191][me0][me_core_thread:359]ME o
[03:52:08.777] RX< ut fid 9030
[03:52:08.777] RX< [34m[AE] fid=9060,exp=11140,adg=300,Y=4517,mtg=180,shg=100,bgbv=1280,iso=300,cnv2,hdr0
[03:52:08.777] RX< [0m[7] [cam] [721191][me0][me_core_thread:359]ME out fid 9060
[03:52:08.777] RX< [34m[AE] fid=9090,exp=11140,adg=300,Y=4521,mtg=180,shg=100,bgbv=1280,iso=300,cnv2,hdr0
[03:52:08.777] RX< [0m
[03:52:09.773] RX< [34m[b_ae0 proc] perf=1005(us), max=3691(us)!
[03:52:09.773] RX< [0m[34m[awb0 proc] perf=3694(us), max=4474(us)!
[03:52:09.773] RX< [0m[RTMP] f_index = 9090, f_len = 10568
[03:52:09.773] RX< [7] [cam] [722191][me0][me_core_thread:359]ME out fid 9090
[03:52:09.773] RX< [34m[AE] fid=9120,exp=11130,adg=300,Y=4528,mtg=180,shg=100
[03:52:11.126] RX< ,bgbv=1284,iso=300,cnv2,hdr0
[03:52:11.126] RX< [0m[34m[ME INTP]fid=9120, shutter=11130, perf=6(us), max=1553(us)!
[03:52:11.126] RX< [0m[7] [cam] [723191][me0][me_core_thread:359]ME out fid 9120
[03:52:11.126] RX< [34m[AE] fid=9150,exp=11140,adg=300,Y=4521,mtg=180,shg=100,bgbv=1280,iso=300,cnv2,hdr0
[03:52:11.126] RX< [0m[7]
[03:52:12.097] RX<  [cam] [724191][me0][me_core_thread:359]ME out fid 9150
[03:52:12.097] RX< [34m[AE] fid=9180,exp=11130,adg=300,Y=4528,mtg=180,shg=100,bgbv=1284,iso=300,cnv2,hdr0
[03:52:12.097] RX< [0m[34m[b_ae0 proc] perf=998(us), max=3320(us)!
[03:52:12.097] RX< [0m[34m[awb0 proc] perf=3839(us), max=4019(us)!
[03:52:12.097] RX< [0m[RTMP] 
[03:52:13.773] RX< f_index = 9180, f_len = 10410
[03:52:13.773] RX< [7] [cam] [725190][me0][me_core_thread:359]ME out fid 9180
[03:52:13.773] RX< [34m[AE] fid=9210,exp=11130,adg=300,Y=4529,mtg=180,shg=100,bgbv=1284,iso=300,cnv2,hdr0
[03:52:13.773] RX< [0m[7] [cam] [726190][me0][me_core_thread:359]ME out fid 9210
[03:52:13.773] RX< [34m[AE] fid=92
[03:52:14.777] RX< 40,exp=11130,adg=300,Y=4527,mtg=180,shg=100,bgbv=1284,iso=300,cnv2,hdr0
[03:52:14.777] RX< [0m[34m[ME INTP]fid=9240, shutter=11130, perf=6(us), max=646(us)!
[03:52:14.777] RX< [0m[7] [cam] [727190][me0][me_core_thread:359]ME out fid 9240
[03:52:14.777] RX< [34m[AE] fid=9270,exp=11150,adg=300,Y=4497,mtg=180,s
[03:52:15.773] RX< hg=100,bgbv=1272,iso=300,cnv2,hdr0
[03:52:15.773] RX< [0m[34m[b_ae0 proc] perf=977(us), max=3289(us)!
[03:52:15.773] RX< [0m[34m[awb0 proc] perf=3800(us), max=4293(us)!
[03:52:15.773] RX< [0m[RTMP] f_index = 9270, f_len = 7675
[03:52:15.773] RX< [7] [cam] [728190][me0][me_core_thread:359]ME out fid 9270
[03:52:15.773] RX< [34m[AE] fid=9300,ex
[03:52:17.125] RX< p=11140,adg=300,Y=4508,mtg=180,shg=100,bgbv=1276,iso=300,cnv2,hdr0
[03:52:17.125] RX< [0m[7] [cam] [729190][me0][me_core_thread:359]ME out fid 9300
[03:52:17.125] RX< [34m[AE] fid=9330,exp=11140,adg=300,Y=4522,mtg=180,shg=100,bgbv=1280,iso=300,cnv2,hdr0
[03:52:17.125] RX< [0m[7] [cam] [730190][me0][me_core_th
[03:52:17.856] RX< read:359]ME out fid 9330
[03:52:17.856] RX< [34m[AE] fid=9360,exp=11140,adg=300,Y=4521,mtg=180,shg=100,bgbv=1280,iso=300,cnv2,hdr0
[03:52:17.856] RX< [0m[34m[b_ae0 proc] perf=996(us), max=4006(us)!
[03:52:17.856] RX< [0m[34m[awb0 proc] perf=3808(us), max=4135(us)!
[03:52:17.856] RX< [0m[34m[ME INTP]fid=9360, shutter=11140,
[03:52:19.125] RX<  perf=6(us), max=796(us)!
[03:52:19.125] RX< [0m[RTMP] f_index = 9360, f_len = 16227
[03:52:19.125] RX< [7] [cam] [731190][me0][me_core_thread:359]ME out fid 9360
[03:52:19.125] RX< [34m[AE] fid=9390,exp=11070,adg=300,Y=4539,mtg=180,shg=100,bgbv=1292,iso=300,cnv2,hdr0
[03:52:19.125] RX< [0m[7] [cam] [732189][me0][me_core_thread
[03:52:20.777] RX< :359]ME out fid 9390
[03:52:20.777] RX< [34m[AE] fid=9420,exp=11090,adg=300,Y=4510,mtg=180,shg=100,bgbv=1280,iso=300,cnv2,hdr0
[03:52:20.777] RX< [0m[7] [cam] [733189][me0][me_core_thread:359]ME out fid 9420
[03:52:20.777] RX< [RTMP] slow send frame 9421 len=65255 dt=68ms (IDR)
[03:52:20.777] RX< [34m[AE] fid=9450,exp=11070,adg
[03:52:21.113] RX< =300,Y=4531,mtg=180,shg=100,bgbv=1288,iso=300,cnv2,hdr0
[03:52:21.113] RX< [0m[34m[b_ae0 proc] perf=1104(us), max=2608(us)!
[03:52:21.113] RX< [0m[34m[awb0 proc] perf=3860(us), max=4103(us)!
[03:52:21.113] RX< [0m[RTMP] f_index = 9450, f_len = 16805
[03:52:21.113] RX< [7] [cam] [734189][me0][me_core_thread:359]ME out fid 945
[03:52:22.160] RX< 0
[03:52:22.160] RX< [34m[AE] fid=9480,exp=11160,adg=300,Y=4455,mtg=180,shg=100,bgbv=1264,iso=300,cnv2,hdr0
[03:52:22.160] RX< [0m[34m[ME INTP]fid=9480, shutter=11160, perf=47(us), max=1318(us)!
[03:52:22.160] RX< [0m[7] [cam] [735189][me0][me_core_thread:359]ME out fid 9480
[03:52:22.160] RX< [34m[awb0 proc] perf=7461(us), m
[03:52:23.124] RX< ax=7461(us)!
[03:52:23.124] RX< [0m[4] [cam] [735268][qpc0][qpc_core_exception_check:405]discontinuous frame, now: 9493, last: 9491
[03:52:23.124] RX< [34m[AE] fid=9510,exp=11280,adg=300,Y=4467,mtg=180,shg=100,bgbv=1251,iso=300,cnv2,hdr0
[03:52:23.124] RX< [0m[7] [cam] [736189][me0][me_core_thread:359]ME out 
[03:52:23.776] RX< fid 9510
[03:52:23.776] RX< [4] [cam] [736266][qpc0][qpc_core_exception_check:405]discontinuous frame, now: 9523, last: 9521
[03:52:23.776] RX< [34m[AE] fid=9540,exp=11280,adg=300,Y=4490,mtg=180,shg=100,bgbv=1259,iso=300,cnv2,hdr0
[03:52:23.776] RX< [0m[34m[b_ae0 proc] perf=968(us), max=3569(us)!
[03:52:23.776] RX< [0m[34m[a
[03:52:24.205] RX< wb0 proc] perf=3815(us), max=7461(us)!
[03:52:24.205] RX< [0m[RTMP] f_index = 9540, f_len = 19046
[03:52:24.205] RX< [7] [cam] [737189][me0][me_core_thread:359]ME out fid 9540
[03:52:24.205] RX< [34m[awb0 proc] perf=6947(us), max=6947(us)!
[03:52:24.205] RX< [0m[4] [cam] [737266][qpc0][qpc_core_exception_check:405]discontinuous
[03:52:25.204] RX<  frame, now: 9553, last: 9551
[03:52:25.204] RX< [34m[AE] fid=9570,exp=11280,adg=300,Y=4482,mtg=180,shg=100,bgbv=1255,iso=300,cnv2,hdr0
[03:52:25.204] RX< [0m[7] [cam] [738189][me0][me_core_thread:359]ME out fid 9570
[03:52:25.204] RX< [34m[awb0 proc] perf=6253(us), max=6947(us)!
[03:52:25.204] RX< [0m[4] [cam] [738266][qpc0][
[03:52:26.126] RX< qpc_core_exception_check:405]discontinuous frame, now: 9583, last: 9581
[03:52:26.126] RX< [34m[AE] fid=9600,exp=11270,adg=300,Y=4500,mtg=180,shg=100,bgbv=1263,iso=300,cnv2,hdr0
[03:52:26.126] RX< [0m[34m[ME INTP]fid=9600, shutter=11270, perf=6(us), max=10207(us)!
[03:52:26.126] RX< [0m[7] [cam] [739188][me0
[03:52:26.776] RX< ][me_core_thread:359]ME out fid 9600
[03:52:26.776] RX< [4] [cam] [739266][qpc0][qpc_core_exception_check:405]discontinuous frame, now: 9613, last: 9611
[03:52:26.776] RX< [34m[AE] fid=9630,exp=11260,adg=300,Y=4513,mtg=180,shg=100,bgbv=1267,iso=300,cnv2,hdr0
[03:52:26.776] RX< [0m[34m[b_ae0 proc] perf=1014(us
[03:52:27.771] RX< ), max=3379(us)!
[03:52:27.771] RX< [0m[34m[awb0 proc] perf=3694(us), max=6253(us)!
[03:52:27.771] RX< [0m[RTMP] f_index = 9630, f_len = 13214
[03:52:27.771] RX< [7] [cam] [740188][me0][me_core_thread:359]ME out fid 9630
[03:52:27.771] RX< [34m[AE] fid=9660,exp=11250,adg=300,Y=4485,mtg=180,shg=100,bgbv=1255,iso=300,cnv2,hdr0
[03:52:29.772] RX< [0m[7] [cam] [741188][me0][me_core_thread:359]ME out fid 9660
[03:52:29.772] RX< [34m[AE] fid=9690,exp=11260,adg=300,Y=4473,mtg=180,shg=100,bgbv=1251,iso=300,cnv2,hdr0
[03:52:29.772] RX< [0m[7] [cam] [742188][me0][me_core_thread:359]ME out fid 9690
[03:52:29.871] RX< [34m[AE] fid=9720,exp=11280,adg=300,Y=4465,mtg=180,shg=100,bgbv=1251,iso=300,cnv2,hdr0
[03:52:29.871] RX< [0m[34m[b_ae0 proc] perf=1104(us), max=1327(us)!
[03:52:29.871] RX< [0m[34m[awb0 proc] perf=3866(us), max=3899(us)!
[03:52:29.871] RX< [0m[34m[ME INTP]fid=9720, shutter=11280, perf=6(us), max=2937(us
[03:52:30.770] RX< )!
[03:52:30.770] RX< [0m[RTMP] f_index = 9720, f_len = 11845
[03:52:30.770] RX< [7] [cam] [743188][me0][me_core_thread:359]ME out fid 9720
[03:52:30.770] RX< [34m[awb0 proc] perf=6689(us), max=6689(us)!
[03:52:30.770] RX< [0m[4] [cam] [743265][qpc0][qpc_core_exception_check:405]discontinuous frame, now: 9733, last: 9731
[03:52:30.770] RX< [34m[
[03:52:31.771] RX< AE] fid=9750,exp=11280,adg=300,Y=4473,mtg=180,shg=100,bgbv=1251,iso=300,cnv2,hdr0
[03:52:31.771] RX< [0m[7] [cam] [744188][me0][me_core_thread:359]ME out fid 9750
[03:52:31.771] RX< [34m[awb0 proc] perf=6095(us), max=6689(us)!
[03:52:31.771] RX< [0m[34m[AE] fid=9780,exp=11280,adg=300,Y=4476,mtg=180,shg=100,b
[03:52:32.776] RX< gbv=1255,iso=300,cnv2,hdr0
[03:52:32.776] RX< [0m[7] [cam] [745188][me0][me_core_thread:359]ME out fid 9780
[03:52:32.776] RX< [34m[AE] fid=9810,exp=11280,adg=300,Y=4467,mtg=180,shg=100,bgbv=1251,iso=300,cnv2,hdr0
[03:52:32.776] RX< [0m[34m[b_ae0 proc] perf=1009(us), max=3306(us)!
[03:52:32.776] RX< [0m[34m[awb0 proc] perf=
[03:52:33.870] RX< 3828(us), max=6095(us)!
[03:52:33.870] RX< [0m[RTMP] f_index = 9810, f_len = 18639
[03:52:33.870] RX< [7] [cam] [746188][me0][me_core_thread:359]ME out fid 9810
[03:52:33.870] RX< [34m[AE] fid=9840,exp=11290,adg=300,Y=4459,mtg=180,shg=100,bgbv=1247,iso=300,cnv2,hdr0
[03:52:33.870] RX< [0m[34m[ME INTP]fid=9840, shutter=11290, p
[03:52:35.156] RX< erf=7(us), max=994(us)!
[03:52:35.156] RX< [0m[7] [cam] [747187][me0][me_core_thread:359]ME out fid 9840
[03:52:35.156] RX< [34m[AE] fid=9870,exp=11290,adg=300,Y=4458,mtg=180,shg=100,bgbv=1247,iso=300,cnv2,hdr0
[03:52:35.156] RX< [0m[7] [cam] [748187][me0][me_core_thread:359]ME out fid 9870
[03:52:35.156] RX< [34m[awb0 proc] p
[03:52:35.776] RX< erf=6197(us), max=6197(us)!
[03:52:35.776] RX< [0m[4] [cam] [748265][qpc0][qpc_core_exception_check:405]discontinuous frame, now: 9883, last: 9881
[03:52:35.776] RX< [34m[AE] fid=9900,exp=11360,adg=300,Y=4459,mtg=180,shg=100,bgbv=1238,iso=300,cnv2,hdr0
[03:52:35.776] RX< [0m[34m[b_ae0 proc] perf=1011(us), ma
[03:52:37.122] RX< x=1870(us)!
[03:52:37.122] RX< [0m[34m[awb0 proc] perf=3700(us), max=6197(us)!
[03:52:37.122] RX< [0m[RTMP] f_index = 9900, f_len = 17590
[03:52:37.122] RX< [7] [cam] [749187][me0][me_core_thread:359]ME out fid 9900
[03:52:37.122] RX< [34m[AE] fid=9930,exp=11360,adg=300,Y=4462,mtg=180,shg=100,bgbv=1238,iso=300,cnv2,hdr0
[03:52:37.122] RX< [0m[
[03:52:38.111] RX< 7] [cam] [750187][me0][me_core_thread:359]ME out fid 9930
[03:52:38.111] RX< [34m[AE] fid=9960,exp=11370,adg=300,Y=4449,mtg=180,shg=100,bgbv=1234,iso=300,cnv2,hdr0
[03:52:38.111] RX< [0m[34m[ME INTP]fid=9960, shutter=11370, perf=237(us), max=748(us)!
[03:52:38.111] RX< [0m[7] [cam] [751187][me0][me_core_thre
[03:52:38.774] RX< ad:359]ME out fid 9960
[03:52:38.774] RX< [34m[awb0 proc] perf=6197(us), max=6197(us)!
[03:52:38.774] RX< [0m[34m[AE] fid=9990,exp=11660,adg=300,Y=4480,mtg=180,shg=100,bgbv=1213,iso=300,cnv2,hdr0
[03:52:38.774] RX< [0m[34m[b_ae0 proc] perf=1005(us), max=1387(us)!
[03:52:38.774] RX< [0m[34m[awb0 proc] perf=3753(us), max=619
[03:52:40.123] RX< 7(us)!
[03:52:40.123] RX< [0m[RTMP] f_index = 9990, f_len = 15186
[03:52:40.123] RX< [7] [cam] [752187][me0][me_core_thread:359]ME out fid 9990
[03:52:40.123] RX< [34m[AE] fid=10020,exp=11540,adg=300,Y=4520,mtg=180,shg=100,bgbv=1238,iso=300,cnv2,hdr0
[03:52:40.123] RX< [0m[7] [cam] [753187][me0][me_core_thread:359]ME out fid 10
[03:52:41.774] RX< 020
[03:52:41.774] RX< [34m[AE] fid=10050,exp=11130,adg=300,Y=4569,mtg=180,shg=100,bgbv=1287,iso=300,cnv2,hdr0
[03:52:41.774] RX< [0m[7] [cam] [754186][me0][me_core_thread:359]ME out fid 10050
[03:52:41.774] RX< [34m[AE] fid=10080,exp=11090,adg=300,Y=4499,mtg=180,shg=100,bgbv=1276,iso=300,cnv2,hdr0
[03:52:41.774] RX< [0m[34m[
[03:52:42.125] RX< b_ae0 proc] perf=1014(us), max=4162(us)!
[03:52:42.125] RX< [0m[34m[awb0 proc] perf=3860(us), max=4855(us)!
[03:52:42.125] RX< [0m[34m[ME INTP]fid=10080, shutter=11090, perf=7(us), max=3015(us)!
[03:52:42.125] RX< [0m[RTMP] f_index = 10080, f_len = 25027
[03:52:42.125] RX< [7] [cam] [755186][me0][me_core_thread:359]ME out fi
[03:52:44.122] RX< d 10080
[03:52:44.122] RX< [34m[AE] fid=10110,exp=11120,adg=300,Y=4492,mtg=180,shg=100,bgbv=1276,iso=300,cnv2,hdr0
[03:52:44.122] RX< [0m[7] [cam] [756186][me0][me_core_thread:359]ME out fid 10110
[03:52:44.122] RX< [34m[AE] fid=10140,exp=11120,adg=300,Y=4485,mtg=180,shg=100,bgbv=1272,iso=300,cnv2,hdr0
[03:52:44.122] RX< [0m[7
[03:52:45.095] RX< ] [cam] [757186][me0][me_core_thread:359]ME out fid 10140
[03:52:45.095] RX< [34m[AE] fid=10170,exp=11120,adg=300,Y=4490,mtg=180,shg=100,bgbv=1276,iso=300,cnv2,hdr0
[03:52:45.095] RX< [0m[34m[b_ae0 proc] perf=1005(us), max=1165(us)!
[03:52:45.095] RX< [0m[34m[awb0 proc] perf=3689(us), max=4520(us)!
[03:52:45.095] RX< [0m[RT
[03:52:45.870] RX< MP] f_index = 10170, f_len = 11812
[03:52:45.870] RX< [7] [cam] [758186][me0][me_core_thread:359]ME out fid 10170
[03:52:45.870] RX< [34m[AE] fid=10200,exp=11120,adg=300,Y=4492,mtg=180,shg=100,bgbv=1276,iso=300,cnv2,hdr0
[03:52:45.870] RX< [0m[34m[ME INTP]fid=10200, shutter=11120, perf=7(us), max=1109(us)!
[03:52:45.870] RX< [
[03:52:47.774] RX< 0m[7] [cam] [759186][me0][me_core_thread:359]ME out fid 10200
[03:52:47.774] RX< [34m[AE] fid=10230,exp=11110,adg=300,Y=4508,mtg=180,shg=100,bgbv=1280,iso=300,cnv2,hdr0
[03:52:47.774] RX< [0m[7] [cam] [760186][me0][me_core_thread:359]ME out fid 10230
[03:52:47.774] RX< [34m[AE] fid=10260,exp=11110,adg=300,Y=4
[03:52:48.769] RX< 501,mtg=180,shg=100,bgbv=1280,iso=300,cnv2,hdr0
[03:52:48.769] RX< [0m[34m[b_ae0 proc] perf=1014(us), max=2015(us)!
[03:52:48.769] RX< [0m[34m[awb0 proc] perf=3705(us), max=4027(us)!
[03:52:48.769] RX< [0m[RTMP] f_index = 10260, f_len = 16762
[03:52:48.769] RX< [7] [cam] [761185][me0][me_core_thread:359]ME out fid 10260
[03:52:48.769] RX< [34
[03:52:49.869] RX< m[AE] fid=10290,exp=11120,adg=300,Y=4491,mtg=180,shg=100,bgbv=1276,iso=300,cnv2,hdr0
[03:52:49.869] RX< [0m[7] [cam] [762185][me0][me_core_thread:359]ME out fid 10290
[03:52:49.869] RX< [34m[AE] fid=10320,exp=11220,adg=300,Y=4466,mtg=180,shg=100,bgbv=1260,iso=300,cnv2,hdr0
[03:52:49.869] RX< [0m[34m[ME INTP]
[03:52:50.773] RX< fid=10320, shutter=11220, perf=237(us), max=1121(us)!
[03:52:50.773] RX< [0m[7] [cam] [763185][me0][me_core_thread:359]ME out fid 10320
[03:52:50.773] RX< [RTMP] slow send frame 10322 len=16512 dt=58ms
[03:52:50.773] RX< [34m[AE] fid=10350,exp=11270,adg=300,Y=4503,mtg=180,shg=100,bgbv=1263,iso=300,cnv2,hdr0
[03:52:50.773] RX< [
[03:52:51.769] RX< 0m[34m[b_ae0 proc] perf=1094(us), max=1758(us)!
[03:52:51.769] RX< [0m[34m[awb0 proc] perf=3888(us), max=4122(us)!
[03:52:51.769] RX< [0m[RTMP] f_index = 10350, f_len = 11543
[03:52:51.769] RX< [7] [cam] [764185][me0][me_core_thread:359]ME out fid 10350
[03:52:51.769] RX< [34m[AE] fid=10380,exp=11240,adg=300,Y=4510,mtg=180,s
[03:52:53.770] RX< hg=100,bgbv=1263,iso=300,cnv2,hdr0
[03:52:53.770] RX< [0m[7] [cam] [765205][me0][me_core_thread:359]ME out fid 10380
[03:52:53.770] RX< [34m[AE] fid=10410,exp=11240,adg=300,Y=4513,mtg=180,shg=100,bgbv=1267,iso=300,cnv2,hdr0
[03:52:53.770] RX< [0m[7] [cam] [766185][me0][me_core_thread:359]ME out fid 10410
[03:52:53.867] RX< [34m[AE] fid=10440,exp=11240,adg=300,Y=4504,mtg=180,shg=100,bgbv=1263,iso=300,cnv2,hdr0
[03:52:53.867] RX< [0m[34m[b_ae0 proc] perf=996(us), max=3239(us)!
[03:52:53.867] RX< [0m[34m[awb0 proc] perf=3814(us), max=5970(us)!
[03:52:53.867] RX< [0m[34m[ME INTP]fid=10440, shutter=11240, perf=7(us), max=1143(u
[03:52:55.120] RX< s)!
[03:52:55.120] RX< [0m[RTMP] f_index = 10440, f_len = 19052
[03:52:55.120] RX< [7] [cam] [767185][me0][me_core_thread:359]ME out fid 10440
[03:52:55.120] RX< [34m[AE] fid=10470,exp=11140,adg=300,Y=4511,mtg=180,shg=100,bgbv=1276,iso=300,cnv2,hdr0
[03:52:55.120] RX< [0m[7] [cam] [768185][me0][me_core_thread:359]ME out fid 104
[03:52:56.773] RX< 70
[03:52:56.773] RX< [34m[AE] fid=10500,exp=11140,adg=300,Y=4516,mtg=180,shg=100,bgbv=1280,iso=300,cnv2,hdr0
[03:52:56.773] RX< [0m[7] [cam] [769184][me0][me_core_thread:359]ME out fid 10500
[03:52:56.773] RX< [34m[AE] fid=10530,exp=11140,adg=300,Y=4508,mtg=180,shg=100,bgbv=1276,iso=300,cnv2,hdr0
[03:52:56.773] RX< [0m[34m[b
[03:52:57.189] RX< _ae0 proc] perf=998(us), max=3365(us)!
[03:52:57.189] RX< [0m[34m[awb0 proc] perf=3852(us), max=4207(us)!
[03:52:57.189] RX< [0m[RTMP] slow send frame 10527 len=7798 dt=71ms
[03:52:57.189] RX< [7] [cam] [770184][me0][me_core_thread:359]ME out fid 10530
[03:52:57.189] RX< [RTMP] slow send frame 10529 len=7482 dt=58ms
[03:52:57.189] RX< [RTMP] f_i
[03:52:57.868] RX< ndex = 10530, f_len = 16585
[03:52:57.868] RX< [RTMP] slow send frame 10531 len=67605 dt=232ms (IDR)
[03:52:57.868] RX< [RTMP] slow send frame 10532 len=21831 dt=69ms
[03:52:57.868] RX< [34m[AE] fid=10560,exp=11140,adg=300,Y=4505,mtg=180,shg=100,bgbv=1276,iso=300,cnv2,hdr0
[03:52:57.868] RX< [0m[34m[ME INTP]fid=10560, shutter=1
[03:52:59.616] RX< 1140, perf=6(us), max=345(us)!
[03:52:59.616] RX< [0m[7] [cam] [771184][me0][me_core_thread:359]ME out fid 10560
[03:52:59.616] RX< [34m[AE] fid=10590,exp=11140,adg=300,Y=4502,mtg=180,shg=100,bgbv=1276,iso=300,cnv2,hdr0
[03:52:59.616] RX< [0m[7] [cam] [772184][me0][me_core_thread:359]ME out fid 10590
[03:52:59.616] RX< [RTMP] s
[03:52:59.772] RX< low send frame 10534 len=18028 dt=2110ms
[03:52:59.772] RX< [RTMP] slow send frame 10539 len=7780 dt=69ms
[03:52:59.772] RX< [34m[AE] fid=10620,exp=11140,adg=300,Y=4522,mtg=180,shg=100,bgbv=1280,iso=300,cnv2,hdr0
[03:52:59.772] RX< [0m[34m[b_ae0 proc] perf=919(us), max=1215(us)!
[03:52:59.772] RX< [0m[34m[awb0 proc] perf=380
[03:53:00.637] RX< 8(us), max=4216(us)!
[03:53:00.637] RX< [0m[RTMP] slow send frame 10544 len=16494 dt=89ms
[03:53:00.637] RX< [7] [cam] [773184][me0][me_core_thread:359]ME out fid 10620
[03:53:00.637] RX< [RTMP] slow send frame 10547 len=16012 dt=221ms
[03:53:00.637] RX< [RTMP] slow send frame 10548 len=16920 dt=61ms
[03:53:00.637] RX< [RTMP] slow send frame 10554 
[03:53:01.109] RX< len=19080 dt=290ms
[03:53:01.109] RX< [RTMP] slow send frame 10556 len=12725 dt=92ms
[03:53:01.109] RX< [34m[AE] fid=10650,exp=11140,adg=300,Y=4514,mtg=180,shg=100,bgbv=1280,iso=300,cnv2,hdr0
[03:53:01.109] RX< [0m[RTMP] slow send frame 10557 len=17866 dt=74ms
[03:53:01.109] RX< [RTMP] slow send frame 10559 len=17478 dt=88ms
[03:53:01.109] RX< [7]
[03:53:01.867] RX<  [cam] [774184][me0][me_core_thread:359]ME out fid 10650
[03:53:01.867] RX< [34m[AE] fid=10680,exp=11140,adg=300,Y=4510,mtg=180,shg=100,bgbv=1276,iso=300,cnv2,hdr0
[03:53:01.867] RX< [0m[RTMP] slow send frame 10561 len=67079 dt=818ms (IDR)
[03:53:01.867] RX< [34m[ME INTP]fid=10680, shutter=11140, perf=56(us),
[03:53:02.666] RX<  max=390(us)!
[03:53:02.666] RX< [0m[7] [cam] [775184][me0][me_core_thread:359]ME out fid 10680
[03:53:02.666] RX< [RTMP] slow send frame 10581 len=17530 dt=204ms
[03:53:02.666] RX< [4] [cam] [775630][qpc0][qpc_core_exception_check:405]discontinuous frame, now: 10704, last: 10702
[03:53:02.666] RX< [4] [cam] [775715][qpc0][qpc_co
[03:53:02.777] RX< re_exception_check:411]interp not finish in sof, fid: 10705
[03:53:02.777] RX< [RTMP] f_index = 10620, f_len = 11505
[03:53:02.777] RX< [4] [cam] [775798][qpc0][qpc_core_exception_check:405]discontinuous frame, now: 10708, last: 10706
[03:53:02.777] RX< [4] [cam] [775829][qpc0][qpc_core_exception_check:405]disco
[03:53:02.849] RX< ntinuous frame, now: 10710, last: 10708
[03:53:02.849] RX< [34m[AE] fid=10710,exp=11340,adg=300,Y=4632,mtg=180,shg=100,bgbv=1276,iso=300,cnv2,hdr0
[03:53:02.849] RX< [0m[34m[b_ae0 proc] perf=965(us), max=1863(us)!
[03:53:02.849] RX< [0m[34m[awb0 proc] perf=3875(us), max=4647(us)!
[03:53:02.849] RX< [0m[4] [cam] [775910][qpc
[03:53:02.948] RX< 0][qpc_core_exception_check:411]interp not finish in sof, fid: 10711
[03:53:02.948] RX< [4] [cam] [775986][qpc0][qpc_core_exception_check:405]discontinuous frame, now: 10714, last: 10712
[03:53:02.948] RX< [4] [cam] [776009][qpc0][qpc_core_exception_check:411]interp not finish in sof, fid: 107
[03:53:03.169] RX< 14
[03:53:03.169] RX< [4] [cam] [776041][qpc0][qpc_core_exception_check:405]discontinuous frame, now: 10716, last: 10714
[03:53:03.169] RX< [4] [cam] [776136][qpc0][qpc_core_exception_check:411]interp not finish in sof, fid: 10717
[03:53:03.169] RX< [7] [cam] [776190][me0][me_core_thread:359]ME out fid 10710
[03:53:03.169] RX< [4]
[03:53:03.272] RX<  [cam] [776229][qpc0][qpc_core_exception_check:405]discontinuous frame, now: 10720, last: 10718
[03:53:03.272] RX< [4] [cam] [776331][qpc0][qpc_core_exception_check:405]discontinuous frame, now: 10723, last: 10720
[03:53:03.272] RX< [4] [cam] [776332][qpc0][qpc_core_exception_check:411]interp 
[03:53:03.445] RX< not finish in sof, fid: 10723
[03:53:03.445] RX< [4] [cam] [776332][qpc0][qpc_core_exception_check:411]interp not finish in sof, fid: 10723
[03:53:03.445] RX< [4] [cam] [776502][qpc0][qpc_core_exception_check:411]interp not finish in sof, fid: 10724
[03:53:03.445] RX< [4] [cam] [776505][qpc0][qpc_core_exception
[03:53:03.475] RX< _check:411]interp not finish in sof, fid: 10724
[03:53:03.475] RX< [4] [cam] [776532][qpc0][qpc_core_exception_check:411]interp not finish in sof, fid: 10724
[03:53:03.475] RX< [4] [cam] [776534][qpc0][qpc_core_exception_check:411]interp not finish in sof, fid: 10724
[03:53:03.475] RX< [4] [cam] [776536][qpc0][q
[03:53:03.591] RX< pc_core_exception_check:411]interp not finish in sof, fid: 10724
[03:53:03.591] RX< [RTMP] f_index = 10710, f_len = 16191
[03:53:03.591] RX< [4] [cam] [776631][qpc0][qpc_core_exception_check:405]discontinuous frame, now: 10726, last: 10724
[03:53:03.591] RX< [4] [cam] [776649][qpc0][qpc_core_exception_check:411]
[03:53:03.670] RX< interp not finish in sof, fid: 10726
[03:53:03.670] RX< [4] [cam] [776652][qpc0][qpc_core_exception_check:411]interp not finish in sof, fid: 10726
[03:53:03.670] RX< [4] [cam] [776730][qpc0][qpc_core_exception_check:405]discontinuous frame, now: 10730, last: 10727
[03:53:03.670] RX< [4] [cam] [776730][qpc0][qpc_
[03:53:03.740] RX< core_exception_check:411]interp not finish in sof, fid: 10730
[03:53:03.740] RX< [4] [cam] [776764][qpc0][qpc_core_exception_check:405]discontinuous frame, now: 10733, last: 10730
[03:53:03.740] RX< [4] [cam] [776800][qpc0][qpc_core_exception_check:405]discontinuous frame, now: 10735, last: 1
[03:53:03.838] RX< 0733
[03:53:03.838] RX< [4] [cam] [776864][qpc0][qpc_core_exception_check:405]discontinuous frame, now: 10739, last: 10736
[03:53:03.838] RX< [34m[AE] fid=10740,exp=11630,adg=300,Y=4475,mtg=180,shg=100,bgbv=1217,iso=300,cnv2,hdr0
[03:53:03.838] RX< [0m[4] [cam] [776899][qpc0][qpc_core_exception_check:405]disco
[03:53:04.767] RX< ntinuous frame, now: 10741, last: 10739
[03:53:04.767] RX< [4] [cam] [776927][qpc0][qpc_core_exception_check:405]discontinuous frame, now: 10743, last: 10741
[03:53:04.767] RX< [7] [cam] [777183][me0][me_core_thread:359]ME out fid 10740
[03:53:04.767] RX< [34m[AE] fid=10770,exp=11700,adg=300,Y=4573,mtg=180,shg=
[03:53:05.775] RX< 100,bgbv=1226,iso=300,cnv2,hdr0
[03:53:05.775] RX< [0m[7] [cam] [778183][me0][me_core_thread:359]ME out fid 10770
[03:53:05.775] RX< [34m[AE] fid=10800,exp=11160,adg=300,Y=4551,mtg=180,shg=100,bgbv=1279,iso=300,cnv2,hdr0
[03:53:05.775] RX< [0m[34m[b_ae0 proc] perf=942(us), max=2025(us)!
[03:53:05.775] RX< [0m[34m[awb0 proc]
[03:53:06.174] RX<  perf=3840(us), max=4823(us)!
[03:53:06.174] RX< [0m[34m[ME INTP]fid=10800, shutter=11160, perf=2096(us), max=89403(us)!
[03:53:06.174] RX< [0m[RTMP] f_index = 10800, f_len = 11903
[03:53:06.174] RX< [7] [cam] [779183][me0][me_core_thread:359]ME out fid 10800
[03:53:06.174] RX< [34m[awb0 proc] perf=6237(us), max=6237(us)!
[03:53:06.174] RX< [0m
[03:53:07.767] RX< [34m[AE] fid=10830,exp=11140,adg=300,Y=4517,mtg=180,shg=100,bgbv=1280,iso=300,cnv2,hdr0
[03:53:07.767] RX< [0m[7] [cam] [780183][me0][me_core_thread:359]ME out fid 10830
[03:53:07.767] RX< [RTMP] slow send frame 10838 len=15079 dt=149ms
[03:53:07.767] RX< [RTMP] slow send frame 10842 len=12010 dt=52ms
[03:53:07.767] RX< [34m[AE
[03:53:08.772] RX< ] fid=10860,exp=11150,adg=300,Y=4499,mtg=180,shg=100,bgbv=1272,iso=300,cnv2,hdr0
[03:53:08.772] RX< [0m[RTMP] slow send frame 10858 len=12114 dt=51ms
[03:53:08.772] RX< [7] [cam] [781183][me0][me_core_thread:359]ME out fid 10860
[03:53:08.772] RX< [34m[AE] fid=10890,exp=11140,adg=300,Y=4522,mtg=180,shg=100,bgb
[03:53:09.766] RX< v=1280,iso=300,cnv2,hdr0
[03:53:09.766] RX< [0m[34m[b_ae0 proc] perf=1088(us), max=4346(us)!
[03:53:09.766] RX< [0m[34m[awb0 proc] perf=3825(us), max=6237(us)!
[03:53:09.766] RX< [0m[RTMP] f_index = 10890, f_len = 10692
[03:53:09.766] RX< [7] [cam] [782183][me0][me_core_thread:359]ME out fid 10890
[03:53:09.766] RX< [34m[AE] fid=10920,exp=111
[03:53:10.766] RX< 40,adg=300,Y=4515,mtg=180,shg=100,bgbv=1280,iso=300,cnv2,hdr0
[03:53:10.766] RX< [0m[34m[ME INTP]fid=10920, shutter=11140, perf=6(us), max=2096(us)!
[03:53:10.766] RX< [0m[7] [cam] [783182][me0][me_core_thread:359]ME out fid 10920
[03:53:10.766] RX< [34m[AE] fid=10950,exp=11140,adg=300,Y=4519,mtg=180,shg=100
[03:53:11.771] RX< ,bgbv=1280,iso=300,cnv2,hdr0
[03:53:11.771] RX< [0m[7] [cam] [784182][me0][me_core_thread:359]ME out fid 10950
[03:53:11.771] RX< [34m[AE] fid=10980,exp=11140,adg=300,Y=4518,mtg=180,shg=100,bgbv=1280,iso=300,cnv2,hdr0
[03:53:11.771] RX< [0m[34m[b_ae0 proc] perf=994(us), max=3608(us)!
[03:53:11.771] RX< [0m[34m[awb0 proc] pe
[03:53:13.118] RX< rf=3830(us), max=4118(us)!
[03:53:13.118] RX< [0m[RTMP] f_index = 10980, f_len = 10869
[03:53:13.118] RX< [7] [cam] [785182][me0][me_core_thread:359]ME out fid 10980
[03:53:13.118] RX< [34m[AE] fid=11010,exp=11070,adg=300,Y=4527,mtg=180,shg=100,bgbv=1288,iso=300,cnv2,hdr0
[03:53:13.118] RX< [0m[7] [cam] [786182][me0][me_core_th
[03:53:14.770] RX< read:359]ME out fid 11010
[03:53:14.770] RX< [34m[AE] fid=11040,exp=11070,adg=300,Y=4539,mtg=180,shg=100,bgbv=1292,iso=300,cnv2,hdr0
[03:53:14.770] RX< [0m[34m[ME INTP]fid=11040, shutter=11070, perf=6(us), max=2303(us)!
[03:53:14.770] RX< [0m[7] [cam] [787182][me0][me_core_thread:359]ME out fid 11040
[03:53:14.770] RX< [34m[A
[03:53:15.107] RX< E] fid=11070,exp=11040,adg=300,Y=4526,mtg=180,shg=100,bgbv=1293,iso=300,cnv2,hdr0
[03:53:15.107] RX< [0m[34m[b_ae0 proc] perf=995(us), max=2534(us)!
[03:53:15.107] RX< [0m[34m[awb0 proc] perf=3812(us), max=4133(us)!
[03:53:15.107] RX< [0m[RTMP] f_index = 11070, f_len = 14705
[03:53:15.107] RX< [7] [cam] [788182][me0][me_core
[03:53:16.766] RX< _thread:359]ME out fid 11070
[03:53:16.766] RX< [34m[AE] fid=11100,exp=11040,adg=300,Y=4530,mtg=180,shg=100,bgbv=1293,iso=300,cnv2,hdr0
[03:53:16.766] RX< [0m[7] [cam] [789182][me0][me_core_thread:359]ME out fid 11100
[03:53:16.766] RX< [34m[AE] fid=11130,exp=11040,adg=300,Y=4533,mtg=180,shg=100,bgbv=1293,iso
[03:53:17.771] RX< =300,cnv2,hdr0
[03:53:17.771] RX< [0m[7] [cam] [790182][me0][me_core_thread:359]ME out fid 11130
[03:53:17.771] RX< [34m[AE] fid=11160,exp=11040,adg=300,Y=4534,mtg=180,shg=100,bgbv=1293,iso=300,cnv2,hdr0
[03:53:17.771] RX< [0m[34m[b_ae0 proc] perf=1002(us), max=3362(us)!
[03:53:17.771] RX< [0m[34m[awb0 proc] perf=3797(us), 
[03:53:18.765] RX< max=4349(us)!
[03:53:18.765] RX< [0m[34m[ME INTP]fid=11160, shutter=11040, perf=7(us), max=347(us)!
[03:53:18.765] RX< [0m[RTMP] f_index = 11160, f_len = 14890
[03:53:18.765] RX< [7] [cam] [791181][me0][me_core_thread:359]ME out fid 11160
[03:53:18.765] RX< [34m[AE] fid=11190,exp=11060,adg=300,Y=4482,mtg=180,shg=100,bgbv=1277,
[03:53:19.765] RX< iso=300,cnv2,hdr0
[03:53:19.765] RX< [0m[7] [cam] [792181][me0][me_core_thread:359]ME out fid 11190
[03:53:19.765] RX< [RTMP] slow send frame 11191 len=62003 dt=161ms (IDR)
[03:53:19.765] RX< [4] [cam] [792425][qpc0][qpc_core_exception_check:405]discontinuous frame, now: 11208, last: 11206
[03:53:19.765] RX< [34m[AE] fid=11220,e
[03:53:20.770] RX< xp=11060,adg=300,Y=4483,mtg=180,shg=100,bgbv=1277,iso=300,cnv2,hdr0
[03:53:20.770] RX< [0m[7] [cam] [793181][me0][me_core_thread:359]ME out fid 11220
[03:53:20.770] RX< [34m[AE] fid=11250,exp=11050,adg=300,Y=4490,mtg=180,shg=100,bgbv=1281,iso=300,cnv2,hdr0
[03:53:20.770] RX< [0m[34m[b_ae0 proc] perf=997(us),
[03:53:21.765] RX<  max=1586(us)!
[03:53:21.765] RX< [0m[34m[awb0 proc] perf=3829(us), max=4313(us)!
[03:53:21.765] RX< [0m[RTMP] f_index = 11250, f_len = 14777
[03:53:21.765] RX< [7] [cam] [794181][me0][me_core_thread:359]ME out fid 11250
[03:53:21.765] RX< [34m[AE] fid=11280,exp=11060,adg=300,Y=4486,mtg=180,shg=100,bgbv=1277,iso=300,cnv2,hdr0
[03:53:23.117] RX< 
[03:53:23.117] RX< [0m[34m[ME INTP]fid=11280, shutter=11060, perf=7(us), max=774(us)!
[03:53:23.117] RX< [0m[7] [cam] [795181][me0][me_core_thread:359]ME out fid 11280
[03:53:23.117] RX< [34m[AE] fid=11310,exp=11060,adg=300,Y=4485,mtg=180,shg=100,bgbv=1277,iso=300,cnv2,hdr0
[03:53:23.117] RX< [0m[7] [cam] [796181][me0][me_co
[03:53:24.090] RX< re_thread:359]ME out fid 11310
[03:53:24.090] RX< [34m[AE] fid=11340,exp=11060,adg=300,Y=4476,mtg=180,shg=100,bgbv=1277,iso=300,cnv2,hdr0
[03:53:24.090] RX< [0m[34m[b_ae0 proc] perf=986(us), max=3857(us)!
[03:53:24.090] RX< [0m[34m[awb0 proc] perf=3857(us), max=3924(us)!
[03:53:24.090] RX< [0m[RTMP] f_index = 11340, f_len =
[03:53:25.764] RX<  14566
[03:53:25.764] RX< [7] [cam] [797181][me0][me_core_thread:359]ME out fid 11340
[03:53:25.764] RX< [34m[AE] fid=11370,exp=11120,adg=300,Y=4493,mtg=180,shg=100,bgbv=1276,iso=300,cnv2,hdr0
[03:53:25.764] RX< [0m[7] [cam] [798180][me0][me_core_thread:359]ME out fid 11370
[03:53:25.764] RX< [34m[AE] fid=11400,exp=11120,adg=30
[03:53:26.770] RX< 0,Y=4495,mtg=180,shg=100,bgbv=1276,iso=300,cnv2,hdr0
[03:53:26.770] RX< [0m[34m[ME INTP]fid=11400, shutter=11120, perf=6(us), max=2372(us)!
[03:53:26.770] RX< [0m[7] [cam] [799180][me0][me_core_thread:359]ME out fid 11400
[03:53:26.770] RX< [34m[AE] fid=11430,exp=11120,adg=300,Y=4499,mtg=180,shg=100,bgbv=127
[03:53:27.764] RX< 6,iso=300,cnv2,hdr0
[03:53:27.764] RX< [0m[34m[b_ae0 proc] perf=1036(us), max=3391(us)!
[03:53:27.764] RX< [0m[34m[awb0 proc] perf=3681(us), max=4557(us)!
[03:53:27.764] RX< [0m[RTMP] f_index = 11430, f_len = 15020
[03:53:27.764] RX< [7] [cam] [800180][me0][me_core_thread:359]ME out fid 11430
[03:53:27.764] RX< [34m[AE] fid=11460,exp=11120,ad
[03:53:29.117] RX< g=300,Y=4491,mtg=180,shg=100,bgbv=1276,iso=300,cnv2,hdr0
[03:53:29.117] RX< [0m[7] [cam] [801180][me0][me_core_thread:359]ME out fid 11460
[03:53:29.117] RX< [34m[AE] fid=11490,exp=11120,adg=300,Y=4494,mtg=180,shg=100,bgbv=1276,iso=300,cnv2,hdr0
[03:53:29.117] RX< [0m[7] [cam] [802180][me0][me_core_thread:359
[03:53:29.864] RX< ]ME out fid 11490
[03:53:29.864] RX< [34m[AE] fid=11520,exp=11120,adg=300,Y=4499,mtg=180,shg=100,bgbv=1276,iso=300,cnv2,hdr0
[03:53:29.864] RX< [0m[34m[b_ae0 proc] perf=1119(us), max=4095(us)!
[03:53:29.864] RX< [0m[34m[awb0 proc] perf=3826(us), max=4124(us)!
[03:53:29.864] RX< [0m[34m[ME INTP]fid=11520, shutter=11120, per
[03:53:30.764] RX< f=6(us), max=972(us)!
[03:53:30.764] RX< [0m[RTMP] f_index = 11520, f_len = 14824
[03:53:30.764] RX< [7] [cam] [803180][me0][me_core_thread:359]ME out fid 11520
[03:53:30.764] RX< [RTMP] slow send frame 11521 len=61828 dt=54ms (IDR)
[03:53:30.764] RX< [34m[AE] fid=11550,exp=11110,adg=300,Y=4509,mtg=180,shg=100,bgbv=1280,iso=300,
[03:53:32.549] RX< cnv2,hdr0
[03:53:32.549] RX< [0m[7] [cam] [804180][me0][me_core_thread:359]ME out fid 11550
[03:53:32.549] RX< [34m[AE] fid=11580,exp=11090,adg=300,Y=4538,mtg=180,shg=100,bgbv=1292,iso=300,cnv2,hdr0
[03:53:32.549] RX< [0m[7] [cam] [805180][me0][me_core_thread:359]ME out fid 11580
[03:53:32.549] RX< [RTMP] slow send frame 11589 
[03:53:32.774] RX< len=65522 dt=170ms
[03:53:32.774] RX< [4] [cam] [805727][qpc0][qpc_core_exception_check:405]discontinuous frame, now: 11607, last: 11605
[03:53:32.774] RX< [34m[AE] fid=11610,exp=11090,adg=300,Y=4504,mtg=180,shg=100,bgbv=1280,iso=300,cnv2,hdr0
[03:53:32.774] RX< [0m[34m[b_ae0 proc] perf=1067(us), max=3452(us)
[03:53:33.764] RX< !
[03:53:33.764] RX< [0m[4] [cam] [805829][qpc0][qpc_core_exception_check:405]discontinuous frame, now: 11610, last: 11608
[03:53:33.764] RX< [34m[awb0 proc] perf=4443(us), max=5100(us)!
[03:53:33.764] RX< [0m[RTMP] f_index = 11610, f_len = 36948
[03:53:33.764] RX< [7] [cam] [806179][me0][me_core_thread:359]ME out fid 11610
[03:53:33.764] RX< [
[03:53:34.197] RX< 34m[AE] fid=11640,exp=11270,adg=300,Y=4438,mtg=180,shg=100,bgbv=1247,iso=300,cnv2,hdr0
[03:53:34.197] RX< [0m[34m[ME INTP]fid=11640, shutter=11270, perf=237(us), max=2158(us)!
[03:53:34.197] RX< [0m[7] [cam] [807179][me0][me_core_thread:359]ME out fid 11640
[03:53:34.197] RX< [4] [cam] [807257][qpc0][qpc_core
[03:53:35.230] RX< _exception_check:405]discontinuous frame, now: 11653, last: 11651
[03:53:35.230] RX< [34m[AE] fid=11670,exp=11550,adg=300,Y=4487,mtg=180,shg=100,bgbv=1226,iso=300,cnv2,hdr0
[03:53:35.230] RX< [0m[7] [cam] [808179][me0][me_core_thread:359]ME out fid 11670
[03:53:35.230] RX< [4] [cam] [808290][qpc0][qpc_core_exc
[03:53:35.770] RX< eption_check:405]discontinuous frame, now: 11684, last: 11682
[03:53:35.770] RX< [34m[AE] fid=11700,exp=11330,adg=300,Y=4537,mtg=180,shg=100,bgbv=1257,iso=300,cnv2,hdr0
[03:53:35.770] RX< [0m[34m[b_ae0 proc] perf=1111(us), max=2071(us)!
[03:53:35.770] RX< [0m[34m[awb0 proc] perf=4114(us), max=4566(us)!
[03:53:35.770] RX< [0
[03:53:37.116] RX< m[RTMP] slow send frame 11689 len=14340 dt=58ms
[03:53:37.116] RX< [RTMP] f_index = 11700, f_len = 13479
[03:53:37.116] RX< [7] [cam] [809179][me0][me_core_thread:359]ME out fid 11700
[03:53:37.116] RX< [34m[AE] fid=11730,exp=11250,adg=300,Y=4497,mtg=180,shg=100,bgbv=1259,iso=300,cnv2,hdr0
[03:53:37.116] RX< [0m[7] [cam] [810179
[03:53:38.104] RX< ][me0][me_core_thread:359]ME out fid 11730
[03:53:38.104] RX< [34m[AE] fid=11760,exp=11250,adg=300,Y=4476,mtg=180,shg=100,bgbv=1255,iso=300,cnv2,hdr0
[03:53:38.104] RX< [0m[34m[ME INTP]fid=11760, shutter=11250, perf=237(us), max=9656(us)!
[03:53:38.104] RX< [0m[7] [cam] [811179][me0][me_core_thread:359]ME ou
[03:53:39.104] RX< t fid 11760
[03:53:39.104] RX< [34m[AE] fid=11790,exp=11250,adg=300,Y=4477,mtg=180,shg=100,bgbv=1255,iso=300,cnv2,hdr0
[03:53:39.104] RX< [0m[34m[b_ae0 proc] perf=1096(us), max=3663(us)!
[03:53:39.104] RX< [0m[34m[awb0 proc] perf=3817(us), max=4925(us)!
[03:53:39.104] RX< [0m[RTMP] f_index = 11790, f_len = 20354
[03:53:39.104] RX< [7] [cam] [
[03:53:40.763] RX< 812179][me0][me_core_thread:359]ME out fid 11790
[03:53:40.763] RX< [34m[AE] fid=11820,exp=11430,adg=300,Y=4450,mtg=180,shg=100,bgbv=1233,iso=300,cnv2,hdr0
[03:53:40.763] RX< [0m[7] [cam] [813178][me0][me_core_thread:359]ME out fid 11820
[03:53:40.763] RX< [RTMP] slow send frame 11824 len=15371 dt=102ms
[03:53:40.763] RX< [34m[
[03:53:41.767] RX< AE] fid=11850,exp=11430,adg=300,Y=4465,mtg=180,shg=100,bgbv=1237,iso=300,cnv2,hdr0
[03:53:41.767] RX< [0m[7] [cam] [814178][me0][me_core_thread:359]ME out fid 11850
[03:53:41.767] RX< [34m[awb0 proc] perf=7029(us), max=7029(us)!
[03:53:41.767] RX< [0m[34m[AE] fid=11880,exp=11430,adg=300,Y=4468,mtg=180,shg=10
[03:53:42.103] RX< 0,bgbv=1237,iso=300,cnv2,hdr0
[03:53:42.103] RX< [0m[34m[b_ae0 proc] perf=1002(us), max=4321(us)!
[03:53:42.103] RX< [0m[34m[awb0 proc] perf=3870(us), max=7029(us)!
[03:53:42.103] RX< [0m[34m[ME INTP]fid=11880, shutter=11430, perf=6(us), max=3477(us)!
[03:53:42.103] RX< [0m[RTMP] f_index = 11880, f_len = 8718
[03:53:42.103] RX< [7] [cam] [81
[03:53:43.763] RX< 5178][me0][me_core_thread:359]ME out fid 11880
[03:53:43.763] RX< [34m[AE] fid=11910,exp=11400,adg=300,Y=4501,mtg=180,shg=100,bgbv=1249,iso=300,cnv2,hdr0
[03:53:43.763] RX< [0m[RTMP] slow send frame 11896 len=20067 dt=226ms
[03:53:43.763] RX< [7] [cam] [816178][me0][me_core_thread:359]ME out fid 11910
[03:53:43.763] RX< [34m[AE
[03:53:44.106] RX< ] fid=11940,exp=11730,adg=300,Y=4781,mtg=180,shg=100,bgbv=1262,iso=300,cnv2,hdr0
[03:53:44.106] RX< [0m[RTMP] slow send frame 11929 len=16767 dt=108ms
[03:53:44.106] RX< [4] [cam] [816957][qpc0][qpc_core_exception_check:405]discontinuous frame, now: 11944, last: 11942
[03:53:44.106] RX< [7] [cam] [817178][me0][
[03:53:44.768] RX< me_core_thread:359]ME out fid 11940
[03:53:44.768] RX< [34m[awb0 proc] perf=6329(us), max=6329(us)!
[03:53:44.768] RX< [0m[34m[AE] fid=11970,exp=11340,adg=300,Y=4505,mtg=180,shg=100,bgbv=1254,iso=300,cnv2,hdr0
[03:53:44.768] RX< [0m[34m[b_ae0 proc] perf=1000(us), max=1772(us)!
[03:53:44.768] RX< [0m[34m[awb0 proc] perf=381
[03:53:45.762] RX< 7(us), max=6329(us)!
[03:53:45.762] RX< [0m[RTMP] f_index = 11970, f_len = 12621
[03:53:45.762] RX< [7] [cam] [818178][me0][me_core_thread:359]ME out fid 11970
[03:53:45.762] RX< [4] [cam] [818255][qpc0][qpc_core_exception_check:405]discontinuous frame, now: 11983, last: 11981
[03:53:45.762] RX< [34m[AE] fid=12000,exp=11350,adg=
[03:53:46.762] RX< 300,Y=4496,mtg=180,shg=100,bgbv=1250,iso=300,cnv2,hdr0
[03:53:46.762] RX< [0m[34m[ME INTP]fid=12000, shutter=11350, perf=6(us), max=19199(us)!
[03:53:46.762] RX< [0m[7] [cam] [819178][me0][me_core_thread:359]ME out fid 12000
[03:53:46.762] RX< [34m[AE] fid=12030,exp=11670,adg=300,Y=4461,mtg=180,shg=100,bgbv=
[03:53:47.767] RX< 1205,iso=300,cnv2,hdr0
[03:53:47.767] RX< [0m[7] [cam] [820177][me0][me_core_thread:359]ME out fid 12030
[03:53:47.767] RX< [4] [cam] [820255][qpc0][qpc_core_exception_check:405]discontinuous frame, now: 12043, last: 12041
[03:53:47.767] RX< [34m[AE] fid=12060,exp=11650,adg=300,Y=4489,mtg=180,shg=100,bgbv=1217
[03:53:48.762] RX< ,iso=300,cnv2,hdr0
[03:53:48.762] RX< [0m[34m[b_ae0 proc] perf=1131(us), max=2317(us)!
[03:53:48.762] RX< [0m[34m[awb0 proc] perf=3694(us), max=3981(us)!
[03:53:48.762] RX< [0m[RTMP] f_index = 12060, f_len = 16500
[03:53:48.762] RX< [7] [cam] [821177][me0][me_core_thread:359]ME out fid 12060
[03:53:48.762] RX< [34m[AE] fid=12090,exp=11610,adg
[03:53:49.195] RX< =300,Y=4515,mtg=180,shg=100,bgbv=1229,iso=300,cnv2,hdr0
[03:53:49.195] RX< [0m[7] [cam] [822177][me0][me_core_thread:359]ME out fid 12090
[03:53:49.195] RX< [34m[awb0 proc] perf=6542(us), max=6542(us)!
[03:53:49.195] RX< [0m[4] [cam] [822255][qpc0][qpc_core_exception_check:405]discontinuous frame, now: 12103,
[03:53:50.768] RX<  last: 12101
[03:53:50.768] RX< [34m[AE] fid=12120,exp=11550,adg=300,Y=4485,mtg=180,shg=100,bgbv=1226,iso=300,cnv2,hdr0
[03:53:50.768] RX< [0m[34m[ME INTP]fid=12120, shutter=11550, perf=6(us), max=10451(us)!
[03:53:50.768] RX< [0m[7] [cam] [823177][me0][me_core_thread:359]ME out fid 12120
[03:53:50.768] RX< [34m[AE] fid=12150
[03:53:51.105] RX< ,exp=11550,adg=300,Y=4483,mtg=180,shg=100,bgbv=1226,iso=300,cnv2,hdr0
[03:53:51.105] RX< [0m[34m[b_ae0 proc] perf=916(us), max=1545(us)!
[03:53:51.105] RX< [0m[34m[awb0 proc] perf=3814(us), max=6542(us)!
[03:53:51.105] RX< [0m[RTMP] f_index = 12150, f_len = 15369
[03:53:51.105] RX< [7] [cam] [824177][me0][me_core_thread:359]
[03:53:52.115] RX< ME out fid 12150
[03:53:52.115] RX< [4] [cam] [824255][qpc0][qpc_core_exception_check:405]discontinuous frame, now: 12163, last: 12161
[03:53:52.115] RX< [34m[AE] fid=12180,exp=11470,adg=300,Y=4502,mtg=180,shg=100,bgbv=1240,iso=300,cnv2,hdr0
[03:53:52.115] RX< [0m[7] [cam] [825177][me0][me_core_thread:359]ME o
[03:53:53.114] RX< ut fid 12180
[03:53:53.114] RX< [34m[awb0 proc] perf=6509(us), max=6509(us)!
[03:53:53.114] RX< [0m[4] [cam] [825254][qpc0][qpc_core_exception_check:405]discontinuous frame, now: 12193, last: 12191
[03:53:53.114] RX< [34m[AE] fid=12210,exp=11680,adg=300,Y=4442,mtg=180,shg=100,bgbv=1201,iso=300,cnv2,hdr0
[03:53:53.114] RX< [0m[
[03:53:53.767] RX< 7] [cam] [826177][me0][me_core_thread:359]ME out fid 12210
[03:53:53.767] RX< [34m[awb0 proc] perf=7828(us), max=7828(us)!
[03:53:53.767] RX< [0m[34m[AE] fid=12240,exp=11750,adg=300,Y=4408,mtg=180,shg=100,bgbv=1189,iso=300,cnv2,hdr0
[03:53:53.767] RX< [0m[34m[b_ae0 proc] perf=1008(us), max=4238(us)!
[03:53:53.767] RX< [0m[
[03:53:54.140] RX< 34m[awb0 proc] perf=3889(us), max=7828(us)!
[03:53:54.140] RX< [0m[34m[ME INTP]fid=12240, shutter=11750, perf=6210(us), max=6210(us)!
[03:53:54.140] RX< [0m[RTMP] f_index = 12240, f_len = 15780
[03:53:54.140] RX< [7] [cam] [827177][me0][me_core_thread:359]ME out fid 12240
[03:53:54.140] RX< [34m[awb0 proc] perf=6288(us), max=6
[03:53:55.114] RX< 288(us)!
[03:53:55.114] RX< [0m[4] [cam] [827255][qpc0][qpc_core_exception_check:405]discontinuous frame, now: 12253, last: 12251
[03:53:55.114] RX< [34m[AE] fid=12270,exp=11750,adg=300,Y=4440,mtg=180,shg=100,bgbv=1196,iso=300,cnv2,hdr0
[03:53:55.114] RX< [0m[7] [cam] [828176][me0][me_core_thread:359]ME out f
[03:53:56.113] RX< id 12270
[03:53:56.113] RX< [34m[awb0 proc] perf=6729(us), max=6729(us)!
[03:53:56.113] RX< [0m[4] [cam] [828254][qpc0][qpc_core_exception_check:405]discontinuous frame, now: 12283, last: 12281
[03:53:56.113] RX< [34m[AE] fid=12300,exp=11750,adg=300,Y=4445,mtg=180,shg=100,bgbv=1196,iso=300,cnv2,hdr0
[03:53:56.113] RX< [0m[7] [
[03:53:56.765] RX< cam] [829176][me0][me_core_thread:359]ME out fid 12300
[03:53:56.765] RX< [34m[awb0 proc] perf=6401(us), max=6729(us)!
[03:53:56.765] RX< [0m[4] [cam] [829254][qpc0][qpc_core_exception_check:405]discontinuous frame, now: 12313, last: 12311
[03:53:56.765] RX< [34m[AE] fid=12330,exp=11680,adg=300,Y=4504,mtg=180
[03:53:57.149] RX< ,shg=100,bgbv=1220,iso=300,cnv2,hdr0
[03:53:57.149] RX< [0m[34m[b_ae0 proc] perf=1013(us), max=3216(us)!
[03:53:57.149] RX< [0m[34m[awb0 proc] perf=3699(us), max=6401(us)!
[03:53:57.149] RX< [0m[RTMP] f_index = 12330, f_len = 15782
[03:53:57.149] RX< [7] [cam] [830176][me0][me_core_thread:359]ME out fid 12330
[03:53:57.149] RX< [34m[awb0 proc
[03:53:57.862] RX< ] perf=6057(us), max=6057(us)!
[03:53:57.862] RX< [0m[4] [cam] [830254][qpc0][qpc_core_exception_check:405]discontinuous frame, now: 12343, last: 12341
[03:53:57.862] RX< [34m[AE] fid=12360,exp=11660,adg=300,Y=4476,mtg=180,shg=100,bgbv=1213,iso=300,cnv2,hdr0
[03:53:57.862] RX< [0m[34m[ME INTP]fid=12360, shut
[03:53:58.761] RX< ter=11660, perf=7(us), max=6210(us)!
[03:53:58.761] RX< [0m[7] [cam] [831176][me0][me_core_thread:359]ME out fid 12360
[03:53:58.761] RX< [34m[awb0 proc] perf=6104(us), max=6104(us)!
[03:53:58.761] RX< [0m[4] [cam] [831253][qpc0][qpc_core_exception_check:405]discontinuous frame, now: 12373, last: 12371
[03:53:58.761] RX< [34m[
[03:53:59.765] RX< AE] fid=12390,exp=11880,adg=300,Y=4454,mtg=180,shg=100,bgbv=1186,iso=300,cnv2,hdr0
[03:53:59.765] RX< [0m[7] [cam] [832176][me0][me_core_thread:359]ME out fid 12390
[03:53:59.765] RX< [34m[AE] fid=12420,exp=11870,adg=300,Y=4463,mtg=180,shg=100,bgbv=1190,iso=300,cnv2,hdr0
[03:53:59.765] RX< [0m[34m[b_ae0 proc
[03:54:00.194] RX< ] perf=1000(us), max=3412(us)!
[03:54:00.194] RX< [0m[34m[awb0 proc] perf=3855(us), max=6104(us)!
[03:54:00.194] RX< [0m[RTMP] f_index = 12420, f_len = 10176
[03:54:00.194] RX< [7] [cam] [833176][me0][me_core_thread:359]ME out fid 12420
[03:54:00.194] RX< [34m[awb0 proc] perf=7359(us), max=7359(us)!
[03:54:00.194] RX< [0m[4] [cam] [833253][qpc
[03:54:01.760] RX< 0][qpc_core_exception_check:405]discontinuous frame, now: 12433, last: 12431
[03:54:01.760] RX< [34m[AE] fid=12450,exp=11870,adg=300,Y=4468,mtg=180,shg=100,bgbv=1190,iso=300,cnv2,hdr0
[03:54:01.760] RX< [0m[7] [cam] [834176][me0][me_core_thread:359]ME out fid 12450
[03:54:01.760] RX< [34m[AE] fid=12480,exp=11
[03:54:02.765] RX< 540,adg=300,Y=4535,mtg=180,shg=100,bgbv=1233,iso=300,cnv2,hdr0
[03:54:02.765] RX< [0m[34m[ME INTP]fid=12480, shutter=11540, perf=1870(us), max=2641(us)!
[03:54:02.765] RX< [0m[7] [cam] [835175][me0][me_core_thread:359]ME out fid 12480
[03:54:02.765] RX< [34m[AE] fid=12510,exp=11250,adg=300,Y=4494,mtg=180,shg
[03:54:03.761] RX< =100,bgbv=1259,iso=300,cnv2,hdr0
[03:54:03.761] RX< [0m[34m[b_ae0 proc] perf=1010(us), max=4151(us)!
[03:54:03.761] RX< [0m[34m[awb0 proc] perf=3840(us), max=7359(us)!
[03:54:03.761] RX< [0m[RTMP] f_index = 12510, f_len = 19077
[03:54:03.761] RX< [7] [cam] [836175][me0][me_core_thread:359]ME out fid 12510
[03:54:03.761] RX< [34m[AE] fid=12540
[03:54:04.194] RX< ,exp=11290,adg=300,Y=4460,mtg=180,shg=100,bgbv=1247,iso=300,cnv2,hdr0
[03:54:04.194] RX< [0m[7] [cam] [837175][me0][me_core_thread:359]ME out fid 12540
[03:54:04.194] RX< [34m[awb0 proc] perf=6432(us), max=6432(us)!
[03:54:04.194] RX< [0m[4] [cam] [837253][qpc0][qpc_core_exception_check:405]discontinuous fram
[03:54:05.241] RX< e, now: 12553, last: 12551
[03:54:05.241] RX< [34m[AE] fid=12570,exp=11460,adg=300,Y=4463,mtg=180,shg=100,bgbv=1233,iso=300,cnv2,hdr0
[03:54:05.241] RX< [0m[7] [cam] [838175][me0][me_core_thread:359]ME out fid 12570
[03:54:05.241] RX< [RTMP] slow send frame 12571 len=71554 dt=65ms (IDR)
[03:54:05.241] RX< [RTMP] slow send frame 
[03:54:05.860] RX< 12572 len=20273 dt=61ms
[03:54:05.860] RX< [34m[AE] fid=12600,exp=11400,adg=300,Y=4503,mtg=180,shg=100,bgbv=1249,iso=300,cnv2,hdr0
[03:54:05.860] RX< [0m[34m[b_ae0 proc] perf=1009(us), max=2555(us)!
[03:54:05.860] RX< [0m[34m[awb0 proc] perf=3805(us), max=6432(us)!
[03:54:05.860] RX< [0m[34m[ME INTP]fid=12600, shutter=1140
[03:54:07.112] RX< 0, perf=6(us), max=3382(us)!
[03:54:07.112] RX< [0m[RTMP] f_index = 12600, f_len = 22308
[03:54:07.112] RX< [7] [cam] [839175][me0][me_core_thread:359]ME out fid 12600
[03:54:07.112] RX< [34m[AE] fid=12630,exp=11580,adg=300,Y=4414,mtg=180,shg=100,bgbv=1212,iso=300,cnv2,hdr0
[03:54:07.112] RX< [0m[7] [cam] [840175][me0][me_core_
[03:54:08.193] RX< thread:359]ME out fid 12630
[03:54:08.193] RX< [34m[AE] fid=12660,exp=11860,adg=300,Y=4423,mtg=180,shg=100,bgbv=1179,iso=300,cnv2,hdr0
[03:54:08.193] RX< [0m[7] [cam] [841175][me0][me_core_thread:359]ME out fid 12660
[03:54:08.193] RX< [34m[awb0 proc] perf=6569(us), max=6569(us)!
[03:54:08.193] RX< [0m[4] [cam] [841252][qpc0][
[03:54:08.768] RX< qpc_core_exception_check:405]discontinuous frame, now: 12673, last: 12671
[03:54:08.768] RX< [34m[AE] fid=12690,exp=11720,adg=300,Y=4482,mtg=180,shg=100,bgbv=1208,iso=300,cnv2,hdr0
[03:54:08.768] RX< [0m[34m[b_ae0 proc] perf=1147(us), max=1669(us)!
[03:54:08.768] RX< [0m[34m[awb0 proc] perf=3834(us), max=6
[03:54:09.193] RX< 569(us)!
[03:54:09.193] RX< [0m[RTMP] f_index = 12690, f_len = 16805
[03:54:09.193] RX< [7] [cam] [842174][me0][me_core_thread:359]ME out fid 12690
[03:54:09.193] RX< [34m[awb0 proc] perf=6284(us), max=6284(us)!
[03:54:09.193] RX< [0m[4] [cam] [842252][qpc0][qpc_core_exception_check:405]discontinuous frame, now: 12703, last: 12
[03:54:10.759] RX< 701
[03:54:10.759] RX< [34m[AE] fid=12720,exp=11720,adg=300,Y=4479,mtg=180,shg=100,bgbv=1208,iso=300,cnv2,hdr0
[03:54:10.759] RX< [0m[34m[ME INTP]fid=12720, shutter=11720, perf=6(us), max=8958(us)!
[03:54:10.759] RX< [0m[7] [cam] [843174][me0][me_core_thread:359]ME out fid 12720
[03:54:10.759] RX< [34m[AE] fid=12750,exp=11710
[03:54:11.764] RX< ,adg=300,Y=4500,mtg=180,shg=100,bgbv=1216,iso=300,cnv2,hdr0
[03:54:11.764] RX< [0m[7] [cam] [844174][me0][me_core_thread:359]ME out fid 12750
[03:54:11.764] RX< [4] [cam] [844252][qpc0][qpc_core_exception_check:405]discontinuous frame, now: 12763, last: 12761
[03:54:11.764] RX< [34m[AE] fid=12780,exp=11650,adg
[03:54:12.100] RX< =300,Y=4508,mtg=180,shg=100,bgbv=1221,iso=300,cnv2,hdr0
[03:54:12.100] RX< [0m[34m[b_ae0 proc] perf=938(us), max=4590(us)!
[03:54:12.100] RX< [0m[34m[awb0 proc] perf=3811(us), max=6284(us)!
[03:54:12.100] RX< [0m[RTMP] f_index = 12780, f_len = 10639
[03:54:12.100] RX< [7] [cam] [845174][me0][me_core_thread:359]ME out fid 127
[03:54:13.192] RX< 80
[03:54:13.192] RX< [34m[AE] fid=12810,exp=11610,adg=300,Y=4516,mtg=180,shg=100,bgbv=1229,iso=300,cnv2,hdr0
[03:54:13.192] RX< [0m[7] [cam] [846174][me0][me_core_thread:359]ME out fid 12810
[03:54:13.192] RX< [34m[awb0 proc] perf=6007(us), max=6007(us)!
[03:54:13.192] RX< [0m[4] [cam] [846251][qpc0][qpc_core_exception_check:
[03:54:14.100] RX< 405]discontinuous frame, now: 12823, last: 12821
[03:54:14.100] RX< [34m[AE] fid=12840,exp=11620,adg=300,Y=4511,mtg=180,shg=100,bgbv=1225,iso=300,cnv2,hdr0
[03:54:14.100] RX< [0m[34m[ME INTP]fid=12840, shutter=11620, perf=6(us), max=9039(us)!
[03:54:14.100] RX< [0m[7] [cam] [847174][me0][me_core_thread:359]M
[03:54:14.763] RX< E out fid 12840
[03:54:14.763] RX< [34m[awb0 proc] perf=6191(us), max=6191(us)!
[03:54:14.763] RX< [0m[34m[AE] fid=12870,exp=11570,adg=300,Y=4526,mtg=180,shg=100,bgbv=1233,iso=300,cnv2,hdr0
[03:54:14.763] RX< [0m[34m[b_ae0 proc] perf=1009(us), max=1956(us)!
[03:54:14.763] RX< [0m[34m[awb0 proc] perf=3804(us), max=6191(us)!
[03:54:15.759] RX< 
[03:54:15.759] RX< [0m[RTMP] f_index = 12870, f_len = 15051
[03:54:15.759] RX< [7] [cam] [848174][me0][me_core_thread:359]ME out fid 12870
[03:54:15.759] RX< [34m[awb0 proc] perf=6355(us), max=6355(us)!
[03:54:15.759] RX< [0m[4] [cam] [848251][qpc0][qpc_core_exception_check:405]discontinuous frame, now: 12883, last: 12881
[03:54:15.759] RX< [34
[03:54:17.111] RX< m[AE] fid=12900,exp=11310,adg=300,Y=4523,mtg=180,shg=100,bgbv=1258,iso=300,cnv2,hdr0
[03:54:17.111] RX< [0m[7] [cam] [849174][me0][me_core_thread:359]ME out fid 12900
[03:54:17.111] RX< [34m[AE] fid=12930,exp=11370,adg=300,Y=4433,mtg=180,shg=100,bgbv=1234,iso=300,cnv2,hdr0
[03:54:17.111] RX< [0m[7] [cam] [850
[03:54:17.860] RX< 173][me0][me_core_thread:359]ME out fid 12930
[03:54:17.860] RX< [34m[AE] fid=12960,exp=11650,adg=300,Y=4488,mtg=180,shg=100,bgbv=1217,iso=300,cnv2,hdr0
[03:54:17.860] RX< [0m[34m[b_ae0 proc] perf=1130(us), max=3414(us)!
[03:54:17.860] RX< [0m[34m[awb0 proc] perf=3812(us), max=6355(us)!
[03:54:17.860] RX< [0m[34m[ME INTP]f
[03:54:18.192] RX< id=12960, shutter=11650, perf=252(us), max=3130(us)!
[03:54:18.192] RX< [0m[RTMP] f_index = 12960, f_len = 17594
[03:54:18.192] RX< [7] [cam] [851173][me0][me_core_thread:359]ME out fid 12960
[03:54:18.192] RX< [34m[awb0 proc] perf=6073(us), max=6073(us)!
[03:54:18.192] RX< [0m[4] [cam] [851250][qpc0][qpc_core_exception_check:4
[03:54:19.759] RX< 05]discontinuous frame, now: 12973, last: 12971
[03:54:19.759] RX< [34m[AE] fid=12990,exp=11500,adg=300,Y=4454,mtg=180,shg=100,bgbv=1224,iso=300,cnv2,hdr0
[03:54:19.759] RX< [0m[7] [cam] [852173][me0][me_core_thread:359]ME out fid 12990
[03:54:19.759] RX< [34m[AE] fid=13020,exp=12070,adg=300,Y=4447,mtg=180,sh
[03:54:20.763] RX< g=100,bgbv=1163,iso=300,cnv2,hdr0
[03:54:20.763] RX< [0m[7] [cam] [853173][me0][me_core_thread:359]ME out fid 13020
[03:54:20.763] RX< [34m[AE] fid=13050,exp=11800,adg=300,Y=4499,mtg=180,shg=100,bgbv=1202,iso=300,cnv2,hdr0
[03:54:20.763] RX< [0m[34m[b_ae0 proc] perf=1018(us), max=4045(us)!
[03:54:20.763] RX< [0m[34m[awb0 pr
[03:54:21.758] RX< oc] perf=3822(us), max=6073(us)!
[03:54:21.758] RX< [0m[RTMP] f_index = 13050, f_len = 16771
[03:54:21.758] RX< [7] [cam] [854173][me0][me_core_thread:359]ME out fid 13050
[03:54:21.758] RX< [4] [cam] [854250][qpc0][qpc_core_exception_check:405]discontinuous frame, now: 13063, last: 13061
[03:54:21.758] RX< [34m[AE] fid=13080,ex
[03:54:22.191] RX< p=11800,adg=300,Y=4492,mtg=180,shg=100,bgbv=1203,iso=300,cnv2,hdr0
[03:54:22.191] RX< [0m[34m[ME INTP]fid=13080, shutter=11800, perf=6(us), max=10309(us)!
[03:54:22.191] RX< [0m[7] [cam] [855173][me0][me_core_thread:359]ME out fid 13080
[03:54:22.191] RX< [34m[awb0 proc] perf=6154(us), max=6154(us)!
[03:54:22.191] RX< [0m[4] 
[03:54:23.191] RX< [cam] [855250][qpc0][qpc_core_exception_check:405]discontinuous frame, now: 13093, last: 13091
[03:54:23.191] RX< [34m[AE] fid=13110,exp=11730,adg=300,Y=4467,mtg=180,shg=100,bgbv=1204,iso=300,cnv2,hdr0
[03:54:23.191] RX< [0m[7] [cam] [856173][me0][me_core_thread:359]ME out fid 13110
[03:54:23.191] RX< [4] [cam
[03:54:23.762] RX< ] [856250][qpc0][qpc_core_exception_check:405]discontinuous frame, now: 13123, last: 13121
[03:54:23.762] RX< [34m[AE] fid=13140,exp=11720,adg=300,Y=4486,mtg=180,shg=100,bgbv=1208,iso=300,cnv2,hdr0
[03:54:23.762] RX< [0m[34m[b_ae0 proc] perf=1007(us), max=1240(us)!
[03:54:23.762] RX< [0m[34m[awb0 proc] per
[03:54:24.757] RX< f=3829(us), max=6154(us)!
[03:54:24.757] RX< [0m[RTMP] f_index = 13140, f_len = 16310
[03:54:24.757] RX< [7] [cam] [857172][me0][me_core_thread:359]ME out fid 13140
[03:54:24.757] RX< [RTMP] slow send frame 13141 len=72236 dt=72ms (IDR)
[03:54:24.757] RX< [34m[AE] fid=13170,exp=11720,adg=300,Y=4486,mtg=180,shg=100,bgbv=1208,iso=
[03:54:25.758] RX< 300,cnv2,hdr0
[03:54:25.758] RX< [0m[7] [cam] [858172][me0][me_core_thread:359]ME out fid 13170
[03:54:25.758] RX< [4] [cam] [858250][qpc0][qpc_core_exception_check:405]discontinuous frame, now: 13183, last: 13181
[03:54:25.758] RX< [34m[AE] fid=13200,exp=11720,adg=300,Y=4485,mtg=180,shg=100,bgbv=1208,iso=300,
[03:54:26.763] RX< cnv2,hdr0
[03:54:26.763] RX< [0m[34m[ME INTP]fid=13200, shutter=11720, perf=6(us), max=3989(us)!
[03:54:26.763] RX< [0m[7] [cam] [859172][me0][me_core_thread:359]ME out fid 13200
[03:54:26.763] RX< [34m[AE] fid=13230,exp=11750,adg=300,Y=4449,mtg=180,shg=100,bgbv=1196,iso=300,cnv2,hdr0
[03:54:26.763] RX< [0m[34m[b_ae0 proc] p
[03:54:27.758] RX< erf=1119(us), max=2280(us)!
[03:54:27.758] RX< [0m[34m[awb0 proc] perf=3736(us), max=4576(us)!
[03:54:27.758] RX< [0m[RTMP] f_index = 13230, f_len = 11574
[03:54:27.758] RX< [7] [cam] [860172][me0][me_core_thread:359]ME out fid 13230
[03:54:27.758] RX< [34m[AE] fid=13260,exp=11740,adg=300,Y=4451,mtg=180,shg=100,bgbv=1200,iso=
[03:54:28.757] RX< 300,cnv2,hdr0
[03:54:28.757] RX< [0m[7] [cam] [861172][me0][me_core_thread:359]ME out fid 13260
[03:54:28.757] RX< [34m[awb0 proc] perf=6441(us), max=6441(us)!
[03:54:28.757] RX< [0m[4] [cam] [861249][qpc0][qpc_core_exception_check:405]discontinuous frame, now: 13273, last: 13271
[03:54:28.757] RX< [34m[AE] fid=13290,exp=11740
[03:54:29.191] RX< ,adg=300,Y=4452,mtg=180,shg=100,bgbv=1200,iso=300,cnv2,hdr0
[03:54:29.191] RX< [0m[7] [cam] [862172][me0][me_core_thread:359]ME out fid 13290
[03:54:29.191] RX< [34m[awb0 proc] perf=7352(us), max=7352(us)!
[03:54:29.191] RX< [0m[4] [cam] [862249][qpc0][qpc_core_exception_check:405]discontinuous frame, now: 13
[03:54:29.858] RX< 303, last: 13301
[03:54:29.858] RX< [34m[AE] fid=13320,exp=11750,adg=300,Y=4442,mtg=180,shg=100,bgbv=1196,iso=300,cnv2,hdr0
[03:54:29.858] RX< [0m[34m[b_ae0 proc] perf=1001(us), max=4290(us)!
[03:54:29.858] RX< [0m[34m[awb0 proc] perf=3860(us), max=7352(us)!
[03:54:29.858] RX< [0m[34m[ME INTP]fid=13320, shutter=11750, perf
[03:54:30.190] RX< =7(us), max=934(us)!
[03:54:30.190] RX< [0m[RTMP] f_index = 13320, f_len = 17248
[03:54:30.190] RX< [7] [cam] [863172][me0][me_core_thread:359]ME out fid 13320
[03:54:30.190] RX< [34m[awb0 proc] perf=7337(us), max=7337(us)!
[03:54:30.190] RX< [0m[4] [cam] [863249][qpc0][qpc_core_exception_check:405]discontinuous frame, now: 133
[03:54:31.757] RX< 33, last: 13331
[03:54:31.757] RX< [34m[AE] fid=13350,exp=11840,adg=300,Y=4478,mtg=180,shg=100,bgbv=1198,iso=300,cnv2,hdr0
[03:54:31.757] RX< [0m[7] [cam] [864171][me0][me_core_thread:359]ME out fid 13350
[03:54:31.757] RX< [34m[AE] fid=13380,exp=11840,adg=300,Y=4487,mtg=180,shg=100,bgbv=1198,iso=300,cnv2,hdr
[03:54:32.762] RX< 0
[03:54:32.762] RX< [0m[7] [cam] [865171][me0][me_core_thread:359]ME out fid 13380
[03:54:32.762] RX< [34m[AE] fid=13410,exp=11630,adg=300,Y=4473,mtg=180,shg=100,bgbv=1213,iso=300,cnv2,hdr0
[03:54:32.762] RX< [0m[34m[b_ae0 proc] perf=933(us), max=3949(us)!
[03:54:32.762] RX< [0m[34m[awb0 proc] perf=3700(us), max=7337(us)!
[03:54:33.756] RX< [0m[RTMP] f_index = 13410, f_len = 14951
[03:54:33.756] RX< [7] [cam] [866171][me0][me_core_thread:359]ME out fid 13410
[03:54:33.756] RX< [34m[awb0 proc] perf=8304(us), max=8304(us)!
[03:54:33.756] RX< [0m[4] [cam] [866249][qpc0][qpc_core_exception_check:405]discontinuous frame, now: 13423, last: 13421
[03:54:33.756] RX< [34m
[03:54:34.145] RX< [AE] fid=13440,exp=11630,adg=300,Y=4468,mtg=180,shg=100,bgbv=1213,iso=300,cnv2,hdr0
[03:54:34.145] RX< [0m[34m[ME INTP]fid=13440, shutter=11630, perf=6(us), max=4307(us)!
[03:54:34.145] RX< [0m[7] [cam] [867171][me0][me_core_thread:359]ME out fid 13440
[03:54:34.145] RX< [34m[awb0 proc] perf=8039(us), max=83
[03:54:35.110] RX< 04(us)!
[03:54:35.110] RX< [0m[4] [cam] [867249][qpc0][qpc_core_exception_check:405]discontinuous frame, now: 13453, last: 13451
[03:54:35.110] RX< [34m[AE] fid=13470,exp=11620,adg=300,Y=4500,mtg=180,shg=100,bgbv=1225,iso=300,cnv2,hdr0
[03:54:35.110] RX< [0m[7] [cam] [868171][me0][me_core_thread:359]ME out fi
[03:54:36.097] RX< d 13470
[03:54:36.097] RX< [34m[AE] fid=13500,exp=11540,adg=300,Y=4500,mtg=180,shg=100,bgbv=1234,iso=300,cnv2,hdr0
[03:54:36.097] RX< [0m[34m[b_ae0 proc] perf=1008(us), max=4186(us)!
[03:54:36.097] RX< [0m[34m[awb0 proc] perf=3751(us), max=8039(us)!
[03:54:36.097] RX< [0m[RTMP] f_index = 13500, f_len = 14667
[03:54:36.097] RX< [7] [cam] [8691
[03:54:36.757] RX< 71][me0][me_core_thread:359]ME out fid 13500
[03:54:36.757] RX< [34m[awb0 proc] perf=6305(us), max=6305(us)!
[03:54:36.757] RX< [0m[4] [cam] [869248][qpc0][qpc_core_exception_check:405]discontinuous frame, now: 13513, last: 13511
[03:54:36.757] RX< [34m[AE] fid=13530,exp=11550,adg=300,Y=4476,mtg=180,shg=100,b
[03:54:37.756] RX< gbv=1226,iso=300,cnv2,hdr0
[03:54:37.756] RX< [0m[7] [cam] [870171][me0][me_core_thread:359]ME out fid 13530
[03:54:37.756] RX< [34m[awb0 proc] perf=6473(us), max=6473(us)!
[03:54:37.756] RX< [0m[4] [cam] [870248][qpc0][qpc_core_exception_check:405]discontinuous frame, now: 13543, last: 13541
[03:54:37.756] RX< [34m[AE] fid=13
[03:54:38.145] RX< 560,exp=11560,adg=300,Y=4464,mtg=180,shg=100,bgbv=1222,iso=300,cnv2,hdr0
[03:54:38.145] RX< [0m[34m[ME INTP]fid=13560, shutter=11560, perf=253(us), max=1185(us)!
[03:54:38.145] RX< [0m[7] [cam] [871171][me0][me_core_thread:359]ME out fid 13560
[03:54:38.145] RX< [34m[awb0 proc] perf=6398(us), max=6473(us)!
[03:54:38.145] RX< 
[03:54:38.761] RX< [0m[4] [cam] [871248][qpc0][qpc_core_exception_check:405]discontinuous frame, now: 13573, last: 13571
[03:54:38.761] RX< [34m[AE] fid=13590,exp=11570,adg=300,Y=4457,mtg=180,shg=100,bgbv=1218,iso=300,cnv2,hdr0
[03:54:38.761] RX< [0m[34m[b_ae0 proc] perf=994(us), max=3830(us)!
[03:54:38.761] RX< [0m[34m[awb0
[03:54:39.756] RX<  proc] perf=3820(us), max=6398(us)!
[03:54:39.756] RX< [0m[RTMP] f_index = 13590, f_len = 13808
[03:54:39.756] RX< [7] [cam] [872170][me0][me_core_thread:359]ME out fid 13590
[03:54:39.756] RX< [4] [cam] [872248][qpc0][qpc_core_exception_check:405]discontinuous frame, now: 13603, last: 13601
[03:54:39.756] RX< [34m[AE] fid=13620
[03:54:40.190] RX< ,exp=11590,adg=300,Y=4472,mtg=180,shg=100,bgbv=1218,iso=300,cnv2,hdr0
[03:54:40.190] RX< [0m[7] [cam] [873170][me0][me_core_thread:359]ME out fid 13620
[03:54:40.190] RX< [34m[awb0 proc] perf=6427(us), max=6427(us)!
[03:54:40.190] RX< [0m[4] [cam] [873248][qpc0][qpc_core_exception_check:405]discontinuous fram
[03:54:41.761] RX< e, now: 13633, last: 13631
[03:54:41.761] RX< [34m[AE] fid=13650,exp=11590,adg=300,Y=4467,mtg=180,shg=100,bgbv=1218,iso=300,cnv2,hdr0
[03:54:41.761] RX< [0m[7] [cam] [874170][me0][me_core_thread:359]ME out fid 13650
[03:54:41.761] RX< [34m[AE] fid=13680,exp=11580,adg=300,Y=4494,mtg=180,shg=100,bgbv=1226,iso=3
[03:54:42.096] RX< 00,cnv2,hdr0
[03:54:42.096] RX< [0m[34m[b_ae0 proc] perf=988(us), max=2227(us)!
[03:54:42.096] RX< [0m[34m[awb0 proc] perf=3819(us), max=6427(us)!
[03:54:42.096] RX< [0m[34m[ME INTP]fid=13680, shutter=11580, perf=6(us), max=3147(us)!
[03:54:42.096] RX< [0m[RTMP] f_index = 13680, f_len = 13127
[03:54:42.096] RX< [7] [cam] [875170][me0][me_cor
[03:54:42.756] RX< e_thread:359]ME out fid 13680
[03:54:42.756] RX< [34m[awb0 proc] perf=6658(us), max=6658(us)!
[03:54:42.756] RX< [0m[4] [cam] [875247][qpc0][qpc_core_exception_check:405]discontinuous frame, now: 13693, last: 13691
[03:54:42.756] RX< [34m[AE] fid=13710,exp=11600,adg=300,Y=4461,mtg=180,shg=100,bgbv=1214,iso=30
[03:54:43.756] RX< 0,cnv2,hdr0
[03:54:43.756] RX< [0m[7] [cam] [876170][me0][me_core_thread:359]ME out fid 13710
[03:54:43.756] RX< [RTMP] slow send frame 13711 len=74734 dt=100ms (IDR)
[03:54:43.756] RX< [34m[awb0 proc] perf=6178(us), max=6658(us)!
[03:54:43.756] RX< [0m[34m[AE] fid=13740,exp=11660,adg=300,Y=4476,mtg=180,shg=100,bgbv=1213,iso=3
[03:54:44.760] RX< 00,cnv2,hdr0
[03:54:44.760] RX< [0m[7] [cam] [877170][me0][me_core_thread:359]ME out fid 13740
[03:54:44.760] RX< [34m[awb0 proc] perf=6096(us), max=6178(us)!
[03:54:44.760] RX< [0m[4] [cam] [877247][qpc0][qpc_core_exception_check:405]discontinuous frame, now: 13753, last: 13751
[03:54:44.760] RX< [34m[AE] fid=13770,exp=11670,
[03:54:45.097] RX< adg=300,Y=4464,mtg=180,shg=100,bgbv=1209,iso=300,cnv2,hdr0
[03:54:45.097] RX< [0m[34m[b_ae0 proc] perf=1009(us), max=4147(us)!
[03:54:45.097] RX< [0m[34m[awb0 proc] perf=3862(us), max=6096(us)!
[03:54:45.097] RX< [0m[RTMP] f_index = 13770, f_len = 21790
[03:54:45.097] RX< [7] [cam] [878170][me0][me_core_thread:359]ME out fid
[03:54:46.188] RX<  13770
[03:54:46.188] RX< [34m[AE] fid=13800,exp=11670,adg=300,Y=4469,mtg=180,shg=100,bgbv=1209,iso=300,cnv2,hdr0
[03:54:46.188] RX< [0m[34m[ME INTP]fid=13800, shutter=11670, perf=7(us), max=2739(us)!
[03:54:46.188] RX< [0m[7] [cam] [879169][me0][me_core_thread:359]ME out fid 13800
[03:54:46.188] RX< [4] [cam] [879247][qpc0][q
[03:54:47.760] RX< pc_core_exception_check:405]discontinuous frame, now: 13813, last: 13811
[03:54:47.760] RX< [34m[AE] fid=13830,exp=11670,adg=300,Y=4465,mtg=180,shg=100,bgbv=1209,iso=300,cnv2,hdr0
[03:54:47.760] RX< [0m[7] [cam] [880169][me0][me_core_thread:359]ME out fid 13830
[03:54:47.760] RX< [34m[AE] fid=13860,exp=11660,
[03:54:48.096] RX< adg=300,Y=4476,mtg=180,shg=100,bgbv=1213,iso=300,cnv2,hdr0
[03:54:48.096] RX< [0m[34m[b_ae0 proc] perf=1077(us), max=4027(us)!
[03:54:48.096] RX< [0m[34m[awb0 proc] perf=3815(us), max=4674(us)!
[03:54:48.096] RX< [0m[RTMP] f_index = 13860, f_len = 15456
[03:54:48.096] RX< [7] [cam] [881169][me0][me_core_thread:359]ME out fid
[03:54:49.189] RX<  13860
[03:54:49.189] RX< [34m[awb0 proc] perf=6145(us), max=6145(us)!
[03:54:49.189] RX< [0m[34m[AE] fid=13890,exp=11670,adg=300,Y=4470,mtg=180,shg=100,bgbv=1209,iso=300,cnv2,hdr0
[03:54:49.189] RX< [0m[7] [cam] [882169][me0][me_core_thread:359]ME out fid 13890
[03:54:49.189] RX< [4] [cam] [882247][qpc0][qpc_core_exception_ch
[03:54:50.097] RX< eck:405]discontinuous frame, now: 13903, last: 13901
[03:54:50.097] RX< [34m[AE] fid=13920,exp=11670,adg=300,Y=4470,mtg=180,shg=100,bgbv=1209,iso=300,cnv2,hdr0
[03:54:50.097] RX< [0m[34m[ME INTP]fid=13920, shutter=11670, perf=1870(us), max=6740(us)!
[03:54:50.097] RX< [0m[7] [cam] [883169][me0][me_core_threa
[03:54:50.759] RX< d:359]ME out fid 13920
[03:54:50.759] RX< [34m[awb0 proc] perf=6405(us), max=6405(us)!
[03:54:50.759] RX< [0m[4] [cam] [883247][qpc0][qpc_core_exception_check:405]discontinuous frame, now: 13933, last: 13931
[03:54:50.759] RX< [34m[AE] fid=13950,exp=11670,adg=300,Y=4465,mtg=180,shg=100,bgbv=1209,iso=300,cnv2,
[03:54:51.143] RX< hdr0
[03:54:51.143] RX< [0m[34m[b_ae0 proc] perf=1002(us), max=4563(us)!
[03:54:51.143] RX< [0m[34m[awb0 proc] perf=3866(us), max=6405(us)!
[03:54:51.143] RX< [0m[RTMP] f_index = 13950, f_len = 14954
[03:54:51.143] RX< [7] [cam] [884169][me0][me_core_thread:359]ME out fid 13950
[03:54:51.143] RX< [34m[awb0 proc] perf=6281(us), max=6281(us)!
[03:54:51.143] RX< 
[03:54:52.754] RX< [0m[4] [cam] [884247][qpc0][qpc_core_exception_check:405]discontinuous frame, now: 13963, last: 13961
[03:54:52.754] RX< [34m[AE] fid=13980,exp=11670,adg=300,Y=4474,mtg=180,shg=100,bgbv=1209,iso=300,cnv2,hdr0
[03:54:52.754] RX< [0m[7] [cam] [885169][me0][me_core_thread:359]ME out fid 13980
[03:54:52.754] RX< 
[03:54:53.759] RX< [34m[AE] fid=14010,exp=11660,adg=300,Y=4478,mtg=180,shg=100,bgbv=1213,iso=300,cnv2,hdr0
[03:54:53.759] RX< [0m[7] [cam] [886168][me0][me_core_thread:359]ME out fid 14010
[03:54:53.759] RX< [4] [cam] [886246][qpc0][qpc_core_exception_check:405]discontinuous frame, now: 14023, last: 14021
[03:54:53.759] RX< [34m
[03:54:53.853] RX< [AE] fid=14040,exp=11660,adg=300,Y=4480,mtg=180,shg=100,bgbv=1213,iso=300,cnv2,hdr0
[03:54:53.853] RX< [0m[34m[b_ae0 proc] perf=1017(us), max=3347(us)!
[03:54:53.853] RX< [0m[34m[awb0 proc] perf=3845(us), max=6281(us)!
[03:54:53.853] RX< [0m[34m[ME INTP]fid=14040, shutter=11660, perf=6(us), max=3195(us)!
[03:54:55.139] RX< [0m[RTMP] f_index = 14040, f_len = 10291
[03:54:55.139] RX< [7] [cam] [887168][me0][me_core_thread:359]ME out fid 14040
[03:54:55.139] RX< [34m[AE] fid=14070,exp=11660,adg=300,Y=4485,mtg=180,shg=100,bgbv=1213,iso=300,cnv2,hdr0
[03:54:55.139] RX< [0m[7] [cam] [888168][me0][me_core_thread:359]ME out fid 14070
[03:54:55.139] RX< 
[03:54:56.107] RX< [34m[awb0 proc] perf=6378(us), max=6378(us)!
[03:54:56.107] RX< [0m[4] [cam] [888246][qpc0][qpc_core_exception_check:405]discontinuous frame, now: 14083, last: 14081
[03:54:56.107] RX< [34m[AE] fid=14100,exp=11660,adg=300,Y=4486,mtg=180,shg=100,bgbv=1213,iso=300,cnv2,hdr0
[03:54:56.107] RX< [0m[7] [cam] [8891
[03:54:56.758] RX< 68][me0][me_core_thread:359]ME out fid 14100
[03:54:56.758] RX< [4] [cam] [889246][qpc0][qpc_core_exception_check:405]discontinuous frame, now: 14113, last: 14111
[03:54:56.758] RX< [34m[AE] fid=14130,exp=11660,adg=300,Y=4486,mtg=180,shg=100,bgbv=1213,iso=300,cnv2,hdr0
[03:54:56.758] RX< [0m[34m[b_ae0 proc] p
[03:54:57.188] RX< erf=1121(us), max=3913(us)!
[03:54:57.188] RX< [0m[34m[awb0 proc] perf=3866(us), max=6378(us)!
[03:54:57.188] RX< [0m[RTMP] f_index = 14130, f_len = 10184
[03:54:57.188] RX< [7] [cam] [890168][me0][me_core_thread:359]ME out fid 14130
[03:54:57.188] RX< [34m[awb0 proc] perf=6882(us), max=6882(us)!
[03:54:57.188] RX< [0m[4] [cam] [890245][qpc0][
[03:54:58.095] RX< qpc_core_exception_check:405]discontinuous frame, now: 14143, last: 14141
[03:54:58.095] RX< [34m[AE] fid=14160,exp=11650,adg=300,Y=4494,mtg=180,shg=100,bgbv=1217,iso=300,cnv2,hdr0
[03:54:58.095] RX< [0m[34m[ME INTP]fid=14160, shutter=11650, perf=6(us), max=354(us)!
[03:54:58.095] RX< [0m[7] [cam] [891168][m
[03:54:58.754] RX< e0][me_core_thread:359]ME out fid 14160
[03:54:58.754] RX< [34m[awb0 proc] perf=6415(us), max=6882(us)!
[03:54:58.754] RX< [0m[4] [cam] [891245][qpc0][qpc_core_exception_check:405]discontinuous frame, now: 14173, last: 14171
[03:54:58.754] RX< [34m[AE] fid=14190,exp=11670,adg=300,Y=4455,mtg=180,shg=100,bgbv=1
[03:54:59.759] RX< 205,iso=300,cnv2,hdr0
[03:54:59.759] RX< [0m[7] [cam] [892168][me0][me_core_thread:359]ME out fid 14190
[03:54:59.759] RX< [4] [cam] [892245][qpc0][qpc_core_exception_check:405]discontinuous frame, now: 14203, last: 14201
[03:54:59.759] RX< [34m[AE] fid=14220,exp=11660,adg=300,Y=4484,mtg=180,shg=100,bgbv=1213,
[03:55:00.754] RX< iso=300,cnv2,hdr0
[03:55:00.754] RX< [0m[34m[b_ae0 proc] perf=1016(us), max=1330(us)!
[03:55:00.754] RX< [0m[34m[awb0 proc] perf=3827(us), max=6415(us)!
[03:55:00.754] RX< [0m[RTMP] f_index = 14220, f_len = 11363
[03:55:00.754] RX< [7] [cam] [893168][me0][me_core_thread:359]ME out fid 14220
[03:55:00.754] RX< [34m[AE] fid=14250,exp=11660,adg=
[03:55:01.187] RX< 300,Y=4479,mtg=180,shg=100,bgbv=1213,iso=300,cnv2,hdr0
[03:55:01.187] RX< [0m[7] [cam] [894167][me0][me_core_thread:359]ME out fid 14250
[03:55:01.187] RX< [34m[awb0 proc] perf=6513(us), max=6513(us)!
[03:55:01.187] RX< [0m[4] [cam] [894245][qpc0][qpc_core_exception_check:405]discontinuous frame, now: 14263, 
[03:55:02.758] RX< last: 14261
[03:55:02.758] RX< [34m[AE] fid=14280,exp=11650,adg=300,Y=4496,mtg=180,shg=100,bgbv=1217,iso=300,cnv2,hdr0
[03:55:02.758] RX< [0m[34m[ME INTP]fid=14280, shutter=11650, perf=6(us), max=881(us)!
[03:55:02.758] RX< [0m[7] [cam] [895167][me0][me_core_thread:359]ME out fid 14280
[03:55:02.758] RX< [34m[AE] fid=14310,ex
[03:55:03.094] RX< p=11660,adg=300,Y=4486,mtg=180,shg=100,bgbv=1213,iso=300,cnv2,hdr0
[03:55:03.094] RX< [0m[34m[b_ae0 proc] perf=1028(us), max=3883(us)!
[03:55:03.094] RX< [0m[34m[awb0 proc] perf=3821(us), max=6513(us)!
[03:55:03.094] RX< [0m[RTMP] f_index = 14310, f_len = 16701
[03:55:03.094] RX< [7] [cam] [896167][me0][me_core_thread:359]ME
[03:55:03.753] RX<  out fid 14310
[03:55:03.753] RX< [34m[awb0 proc] perf=6088(us), max=6088(us)!
[03:55:03.753] RX< [0m[4] [cam] [896245][qpc0][qpc_core_exception_check:405]discontinuous frame, now: 14323, last: 14321
[03:55:03.753] RX< [34m[AE] fid=14340,exp=11670,adg=300,Y=4453,mtg=180,shg=100,bgbv=1205,iso=300,cnv2,hdr0
[03:55:03.753] RX< [0
[03:55:05.754] RX< m[7] [cam] [897167][me0][me_core_thread:359]ME out fid 14340
[03:55:05.754] RX< [34m[AE] fid=14370,exp=11680,adg=300,Y=4445,mtg=180,shg=100,bgbv=1201,iso=300,cnv2,hdr0
[03:55:05.754] RX< [0m[7] [cam] [898167][me0][me_core_thread:359]ME out fid 14370
[03:55:05.854] RX< [34m[AE] fid=14400,exp=11680,adg=300,Y=4435,mtg=180,shg=100,bgbv=1197,iso=300,cnv2,hdr0
[03:55:05.854] RX< [0m[34m[b_ae0 proc] perf=999(us), max=3276(us)!
[03:55:05.854] RX< [0m[34m[awb0 proc] perf=3764(us), max=6088(us)!
[03:55:05.854] RX< [0m[34m[ME INTP]fid=14400, shutter=11680, perf=7(us), max=6112(u
[03:55:06.753] RX< s)!
[03:55:06.753] RX< [0m[RTMP] f_index = 14400, f_len = 22214
[03:55:06.753] RX< [7] [cam] [899167][me0][me_core_thread:359]ME out fid 14400
[03:55:06.753] RX< [34m[awb0 proc] perf=6857(us), max=6857(us)!
[03:55:06.753] RX< [0m[4] [cam] [899243][qpc0][qpc_core_exception_check:405]discontinuous frame, now: 14413, last: 14411
[03:55:06.753] RX< 
[03:55:07.753] RX< [34m[AE] fid=14430,exp=11680,adg=300,Y=4428,mtg=180,shg=100,bgbv=1197,iso=300,cnv2,hdr0
[03:55:07.753] RX< [0m[7] [cam] [900167][me0][me_core_thread:359]ME out fid 14430
[03:55:07.753] RX< [4] [cam] [900244][qpc0][qpc_core_exception_check:405]discontinuous frame, now: 14443, last: 14441
[03:55:07.753] RX< [34m
[03:55:08.186] RX< [AE] fid=14460,exp=11750,adg=300,Y=4437,mtg=180,shg=100,bgbv=1192,iso=300,cnv2,hdr0
[03:55:08.186] RX< [0m[7] [cam] [901166][me0][me_core_thread:359]ME out fid 14460
[03:55:08.186] RX< [34m[awb0 proc] perf=6701(us), max=6857(us)!
[03:55:08.186] RX< [0m[4] [cam] [901244][qpc0][qpc_core_exception_check:405]disc
[03:55:09.078] RX< ontinuous frame, now: 14473, last: 14471
[03:55:09.078] RX< [34m[AE] fid=14490,exp=11750,adg=300,Y=4447,mtg=180,shg=100,bgbv=1196,iso=300,cnv2,hdr0
[03:55:09.078] RX< [0m[34m[b_ae0 proc] perf=983(us), max=3928(us)!
[03:55:09.078] RX< [0m[34m[awb0 proc] perf=3818(us), max=6701(us)!
[03:55:09.078] RX< [0m[RTMP] f_index = 1449
[03:55:09.753] RX< 0, f_len = 15979
[03:55:09.753] RX< [7] [cam] [902166][me0][me_core_thread:359]ME out fid 14490
[03:55:09.753] RX< [34m[awb0 proc] perf=7611(us), max=7611(us)!
[03:55:09.753] RX< [0m[4] [cam] [902244][qpc0][qpc_core_exception_check:405]discontinuous frame, now: 14503, last: 14501
[03:55:09.753] RX< [34m[AE] fid=14520,exp=11740,
[03:55:10.187] RX< adg=300,Y=4462,mtg=180,shg=100,bgbv=1200,iso=300,cnv2,hdr0
[03:55:10.187] RX< [0m[34m[ME INTP]fid=14520, shutter=11740, perf=6(us), max=289(us)!
[03:55:10.187] RX< [0m[7] [cam] [903166][me0][me_core_thread:359]ME out fid 14520
[03:55:10.187] RX< [4] [cam] [903244][qpc0][qpc_core_exception_check:405]discontinu
[03:55:11.186] RX< ous frame, now: 14533, last: 14531
[03:55:11.186] RX< [34m[AE] fid=14550,exp=11730,adg=300,Y=4469,mtg=180,shg=100,bgbv=1204,iso=300,cnv2,hdr0
[03:55:11.186] RX< [0m[7] [cam] [904166][me0][me_core_thread:359]ME out fid 14550
[03:55:11.186] RX< [4] [cam] [904244][qpc0][qpc_core_exception_check:405]discontinuous 
[03:55:12.079] RX< frame, now: 14563, last: 14561
[03:55:12.079] RX< [34m[AE] fid=14580,exp=11730,adg=300,Y=4470,mtg=180,shg=100,bgbv=1204,iso=300,cnv2,hdr0
[03:55:12.079] RX< [0m[34m[b_ae0 proc] perf=1008(us), max=4168(us)!
[03:55:12.079] RX< [0m[34m[awb0 proc] perf=3814(us), max=7611(us)!
[03:55:12.079] RX< [0m[RTMP] f_index = 14580, f_len 
[03:55:13.752] RX< = 13877
[03:55:13.752] RX< [7] [cam] [905166][me0][me_core_thread:359]ME out fid 14580
[03:55:13.752] RX< [34m[AE] fid=14610,exp=12030,adg=300,Y=4467,mtg=180,shg=100,bgbv=1175,iso=300,cnv2,hdr0
[03:55:13.752] RX< [0m[7] [cam] [906166][me0][me_core_thread:359]ME out fid 14610
[03:55:13.752] RX< [34m[AE] fid=14640,exp=11960,adg=3
[03:55:14.757] RX< 00,Y=4518,mtg=180,shg=100,bgbv=1191,iso=300,cnv2,hdr0
[03:55:14.757] RX< [0m[34m[ME INTP]fid=14640, shutter=11960, perf=237(us), max=5196(us)!
[03:55:14.757] RX< [0m[7] [cam] [907166][me0][me_core_thread:359]ME out fid 14640
[03:55:14.757] RX< [34m[AE] fid=14670,exp=11750,adg=300,Y=4443,mtg=180,shg=100,bgbv=
[03:55:15.752] RX< 1196,iso=300,cnv2,hdr0
[03:55:15.752] RX< [0m[34m[b_ae0 proc] perf=1003(us), max=4027(us)!
[03:55:15.752] RX< [0m[34m[awb0 proc] perf=3707(us), max=5806(us)!
[03:55:15.752] RX< [0m[RTMP] f_index = 14670, f_len = 13005
[03:55:15.752] RX< [7] [cam] [908165][me0][me_core_thread:359]ME out fid 14670
[03:55:15.752] RX< [34m[AE] fid=14700,exp=11620
[03:55:16.185] RX< ,adg=300,Y=4500,mtg=180,shg=100,bgbv=1225,iso=300,cnv2,hdr0
[03:55:16.185] RX< [0m[7] [cam] [909165][me0][me_core_thread:359]ME out fid 14700
[03:55:16.185] RX< [34m[awb0 proc] perf=6402(us), max=6402(us)!
[03:55:16.185] RX< [0m[4] [cam] [909242][qpc0][qpc_core_exception_check:405]discontinuous frame, now: 14
[03:55:17.185] RX< 713, last: 14711
[03:55:17.185] RX< [34m[AE] fid=14730,exp=11680,adg=300,Y=4431,mtg=180,shg=100,bgbv=1201,iso=300,cnv2,hdr0
[03:55:17.185] RX< [0m[7] [cam] [910165][me0][me_core_thread:359]ME out fid 14730
[03:55:17.185] RX< [4] [cam] [910242][qpc0][qpc_core_exception_check:405]discontinuous frame, now: 14743,
[03:55:17.852] RX<  last: 14741
[03:55:17.852] RX< [34m[AE] fid=14760,exp=11670,adg=300,Y=4461,mtg=180,shg=100,bgbv=1205,iso=300,cnv2,hdr0
[03:55:17.852] RX< [0m[34m[b_ae0 proc] perf=1107(us), max=3996(us)!
[03:55:17.852] RX< [0m[34m[awb0 proc] perf=3868(us), max=6402(us)!
[03:55:17.852] RX< [0m[34m[ME INTP]fid=14760, shutter=11670, perf=7(u
[03:55:19.105] RX< s), max=2761(us)!
[03:55:19.105] RX< [0m[RTMP] f_index = 14760, f_len = 16910
[03:55:19.105] RX< [7] [cam] [911165][me0][me_core_thread:359]ME out fid 14760
[03:55:19.105] RX< [34m[AE] fid=14790,exp=11680,adg=300,Y=4529,mtg=180,shg=100,bgbv=1219,iso=300,cnv2,hdr0
[03:55:19.105] RX< [0m[7] [cam] [912165][me0][me_core_thread:359]
[03:55:20.185] RX< ME out fid 14790
[03:55:20.185] RX< [34m[AE] fid=14820,exp=11630,adg=300,Y=4472,mtg=180,shg=100,bgbv=1213,iso=300,cnv2,hdr0
[03:55:20.185] RX< [0m[7] [cam] [913165][me0][me_core_thread:359]ME out fid 14820
[03:55:20.185] RX< [34m[awb0 proc] perf=6068(us), max=6068(us)!
[03:55:20.185] RX< [0m[4] [cam] [913242][qpc0][qpc_core_ex
[03:55:20.756] RX< ception_check:405]discontinuous frame, now: 14833, last: 14831
[03:55:20.756] RX< [34m[AE] fid=14850,exp=11680,adg=300,Y=4436,mtg=180,shg=100,bgbv=1197,iso=300,cnv2,hdr0
[03:55:20.756] RX< [0m[34m[b_ae0 proc] perf=1017(us), max=1112(us)!
[03:55:20.756] RX< [0m[34m[awb0 proc] perf=3881(us), max=6068(us)!
[03:55:20.756] RX< [
[03:55:21.751] RX< 0m[RTMP] f_index = 14850, f_len = 15363
[03:55:21.751] RX< [7] [cam] [914165][me0][me_core_thread:359]ME out fid 14850
[03:55:21.751] RX< [34m[awb0 proc] perf=7295(us), max=7295(us)!
[03:55:21.751] RX< [0m[4] [cam] [914242][qpc0][qpc_core_exception_check:405]discontinuous frame, now: 14863, last: 14861
[03:55:21.751] RX< [34m[A
[03:55:22.751] RX< E] fid=14880,exp=11670,adg=300,Y=4453,mtg=180,shg=100,bgbv=1205,iso=300,cnv2,hdr0
[03:55:22.751] RX< [0m[34m[ME INTP]fid=14880, shutter=11670, perf=6(us), max=3856(us)!
[03:55:22.751] RX< [0m[7] [cam] [915165][me0][me_core_thread:359]ME out fid 14880
[03:55:22.751] RX< [34m[AE] fid=14910,exp=11680,adg=300,Y=
[03:55:23.184] RX< 4442,mtg=180,shg=100,bgbv=1201,iso=300,cnv2,hdr0
[03:55:23.184] RX< [0m[7] [cam] [916164][me0][me_core_thread:359]ME out fid 14910
[03:55:23.184] RX< [34m[awb0 proc] perf=6139(us), max=7295(us)!
[03:55:23.184] RX< [0m[4] [cam] [916242][qpc0][qpc_core_exception_check:405]discontinuous frame, now: 14923, last: 
[03:55:24.092] RX< 14921
[03:55:24.092] RX< [34m[AE] fid=14940,exp=11730,adg=300,Y=4463,mtg=180,shg=100,bgbv=1204,iso=300,cnv2,hdr0
[03:55:24.092] RX< [0m[34m[b_ae0 proc] perf=999(us), max=3970(us)!
[03:55:24.092] RX< [0m[34m[awb0 proc] perf=3819(us), max=6139(us)!
[03:55:24.092] RX< [0m[RTMP] f_index = 14940, f_len = 17041
[03:55:24.092] RX< [7] [cam] [917164]
[03:55:25.750] RX< [me0][me_core_thread:359]ME out fid 14940
[03:55:25.750] RX< [34m[awb0 proc] perf=6061(us), max=6061(us)!
[03:55:25.750] RX< [0m[34m[AE] fid=14970,exp=11740,adg=300,Y=4459,mtg=180,shg=100,bgbv=1200,iso=300,cnv2,hdr0
[03:55:25.750] RX< [0m[7] [cam] [918164][me0][me_core_thread:359]ME out fid 14970
[03:55:25.750] RX< [34m[AE] f
[03:55:26.755] RX< id=15000,exp=11730,adg=300,Y=4470,mtg=180,shg=100,bgbv=1204,iso=300,cnv2,hdr0
[03:55:26.755] RX< [0m[34m[ME INTP]fid=15000, shutter=11730, perf=6(us), max=1307(us)!
[03:55:26.755] RX< [0m[7] [cam] [919164][me0][me_core_thread:359]ME out fid 15000
[03:55:26.755] RX< [34m[AE] fid=15030,exp=11730,adg=300,Y=4464
[03:55:27.751] RX< ,mtg=180,shg=100,bgbv=1204,iso=300,cnv2,hdr0
[03:55:27.751] RX< [0m[34m[b_ae0 proc] perf=1079(us), max=1469(us)!
[03:55:27.751] RX< [0m[34m[awb0 proc] perf=3820(us), max=6061(us)!
[03:55:27.751] RX< [0m[RTMP] f_index = 15030, f_len = 15681
[03:55:27.751] RX< [7] [cam] [920164][me0][me_core_thread:359]ME out fid 15030
[03:55:27.751] RX< [34m[A
[03:55:28.184] RX< E] fid=15060,exp=11750,adg=300,Y=4437,mtg=180,shg=100,bgbv=1192,iso=300,cnv2,hdr0
[03:55:28.184] RX< [0m[7] [cam] [921164][me0][me_core_thread:359]ME out fid 15060
[03:55:28.184] RX< [34m[awb0 proc] perf=6765(us), max=6765(us)!
[03:55:28.184] RX< [0m[4] [cam] [921241][qpc0][qpc_core_exception_check:405]discon
[03:55:29.754] RX< tinuous frame, now: 15073, last: 15071
[03:55:29.754] RX< [34m[AE] fid=15090,exp=11750,adg=300,Y=4431,mtg=180,shg=100,bgbv=1192,iso=300,cnv2,hdr0
[03:55:29.754] RX< [0m[7] [cam] [922164][me0][me_core_thread:359]ME out fid 15090
[03:55:29.754] RX< [34m[awb0 proc] perf=6128(us), max=6765(us)!
[03:55:29.754] RX< [0m[34m[AE] fid=
[03:55:30.075] RX< 15120,exp=11860,adg=300,Y=4437,mtg=180,shg=100,bgbv=1182,iso=300,cnv2,hdr0
[03:55:30.075] RX< [0m[34m[b_ae0 proc] perf=1020(us), max=2410(us)!
[03:55:30.075] RX< [0m[34m[awb0 proc] perf=3848(us), max=6128(us)!
[03:55:30.075] RX< [0m[34m[ME INTP]fid=15120, shutter=11860, perf=7(us), max=1017(us)!
[03:55:30.075] RX< [0m[RTMP
[03:55:30.750] RX< ] f_index = 15120, f_len = 13402
[03:55:30.750] RX< [7] [cam] [923163][me0][me_core_thread:359]ME out fid 15120
[03:55:30.750] RX< [4] [cam] [923241][qpc0][qpc_core_exception_check:405]discontinuous frame, now: 15133, last: 15131
[03:55:30.750] RX< [34m[AE] fid=15150,exp=11840,adg=300,Y=4465,mtg=180,shg=100,bgb
[03:55:32.134] RX< v=1194,iso=300,cnv2,hdr0
[03:55:32.134] RX< [0m[7] [cam] [924163][me0][me_core_thread:359]ME out fid 15150
[03:55:32.134] RX< [34m[AE] fid=15180,exp=11840,adg=300,Y=4463,mtg=180,shg=100,bgbv=1194,iso=300,cnv2,hdr0
[03:55:32.134] RX< [0m[7] [cam] [925163][me0][me_core_thread:359]ME out fid 15180
[03:55:32.134] RX< [34m[awb0 pro
[03:55:33.074] RX< c] perf=6081(us), max=6081(us)!
[03:55:33.074] RX< [0m[34m[AE] fid=15210,exp=11900,adg=300,Y=4422,mtg=180,shg=100,bgbv=1174,iso=300,cnv2,hdr0
[03:55:33.074] RX< [0m[34m[b_ae0 proc] perf=1016(us), max=3486(us)!
[03:55:33.074] RX< [0m[34m[awb0 proc] perf=3846(us), max=6081(us)!
[03:55:33.074] RX< [0m[RTMP] f_index = 15210, f
[03:55:33.749] RX< _len = 14991
[03:55:33.749] RX< [7] [cam] [926163][me0][me_core_thread:359]ME out fid 15210
[03:55:33.749] RX< [34m[awb0 proc] perf=6314(us), max=6314(us)!
[03:55:33.749] RX< [0m[4] [cam] [926241][qpc0][qpc_core_exception_check:405]discontinuous frame, now: 15223, last: 15221
[03:55:33.749] RX< [34m[AE] fid=15240,exp=11890,adg=
[03:55:34.749] RX< 300,Y=4442,mtg=180,shg=100,bgbv=1182,iso=300,cnv2,hdr0
[03:55:34.749] RX< [0m[34m[ME INTP]fid=15240, shutter=11890, perf=6(us), max=936(us)!
[03:55:34.749] RX< [0m[7] [cam] [927163][me0][me_core_thread:359]ME out fid 15240
[03:55:34.749] RX< [34m[AE] fid=15270,exp=11890,adg=300,Y=4439,mtg=180,shg=100,bgbv=11
[03:55:35.754] RX< 82,iso=300,cnv2,hdr0
[03:55:35.754] RX< [0m[7] [cam] [928163][me0][me_core_thread:359]ME out fid 15270
[03:55:35.754] RX< [34m[AE] fid=15300,exp=11900,adg=300,Y=4423,mtg=180,shg=100,bgbv=1174,iso=300,cnv2,hdr0
[03:55:35.754] RX< [0m[34m[b_ae0 proc] perf=1127(us), max=2395(us)!
[03:55:35.754] RX< [0m[34m[awb0 proc] perf=3752
[03:55:36.749] RX< (us), max=6314(us)!
[03:55:36.749] RX< [0m[RTMP] f_index = 15300, f_len = 14822
[03:55:36.749] RX< [7] [cam] [929163][me0][me_core_thread:359]ME out fid 15300
[03:55:36.749] RX< [34m[awb0 proc] perf=6356(us), max=6356(us)!
[03:55:36.749] RX< [0m[34m[AE] fid=15330,exp=11980,adg=300,Y=4422,mtg=180,shg=100,bgbv=1165,iso=300,cnv2,
[03:55:37.750] RX< hdr0
[03:55:37.750] RX< [0m[7] [cam] [930163][me0][me_core_thread:359]ME out fid 15330
[03:55:37.750] RX< [34m[awb0 proc] perf=6378(us), max=6378(us)!
[03:55:37.750] RX< [0m[4] [cam] [930240][qpc0][qpc_core_exception_check:405]discontinuous frame, now: 15343, last: 15341
[03:55:37.750] RX< [34m[AE] fid=15360,exp=12090,adg=300,
[03:55:38.183] RX< Y=4396,mtg=180,shg=100,bgbv=1147,iso=300,cnv2,hdr0
[03:55:38.183] RX< [0m[34m[ME INTP]fid=15360, shutter=12090, perf=6(us), max=808(us)!
[03:55:38.183] RX< [0m[7] [cam] [931162][me0][me_core_thread:359]ME out fid 15360
[03:55:38.183] RX< [34m[awb0 proc] perf=8488(us), max=8488(us)!
[03:55:38.183] RX< [0m[4] [cam] [931240][qpc
[03:55:38.753] RX< 0][qpc_core_exception_check:405]discontinuous frame, now: 15373, last: 15371
[03:55:38.753] RX< [34m[AE] fid=15390,exp=12190,adg=300,Y=4430,mtg=180,shg=100,bgbv=1152,iso=300,cnv2,hdr0
[03:55:38.753] RX< [0m[34m[b_ae0 proc] perf=1014(us), max=3018(us)!
[03:55:38.753] RX< [0m[34m[awb0 proc] perf=3847(us), ma
[03:55:39.749] RX< x=8488(us)!
[03:55:39.749] RX< [0m[RTMP] f_index = 15390, f_len = 13846
[03:55:39.749] RX< [7] [cam] [932162][me0][me_core_thread:359]ME out fid 15390
[03:55:39.749] RX< [34m[awb0 proc] perf=6127(us), max=6127(us)!
[03:55:39.749] RX< [0m[34m[AE] fid=15420,exp=12290,adg=300,Y=4379,mtg=180,shg=100,bgbv=1131,iso=300,cnv2,hdr0
[03:55:39.749] RX< [0
[03:55:41.100] RX< m[7] [cam] [933162][me0][me_core_thread:359]ME out fid 15420
[03:55:41.100] RX< [4] [cam] [933240][qpc0][qpc_core_exception_check:405]discontinuous frame, now: 15433, last: 15431
[03:55:41.100] RX< [34m[AE] fid=15450,exp=12370,adg=300,Y=4338,mtg=180,shg=100,bgbv=1116,iso=300,cnv2,hdr0
[03:55:41.100] RX< [0m[7]
[03:55:41.754] RX<  [cam] [934162][me0][me_core_thread:359]ME out fid 15450
[03:55:41.754] RX< [34m[awb0 proc] perf=6479(us), max=6479(us)!
[03:55:41.754] RX< [0m[4] [cam] [934239][qpc0][qpc_core_exception_check:405]discontinuous frame, now: 15463, last: 15461
[03:55:41.754] RX< [34m[AE] fid=15480,exp=12300,adg=300,Y=4419,mtg=1
[03:55:42.090] RX< 80,shg=100,bgbv=1141,iso=300,cnv2,hdr0
[03:55:42.090] RX< [0m[34m[b_ae0 proc] perf=995(us), max=1170(us)!
[03:55:42.090] RX< [0m[34m[awb0 proc] perf=3831(us), max=6479(us)!
[03:55:42.090] RX< [0m[34m[ME INTP]fid=15480, shutter=12300, perf=6(us), max=8434(us)!
[03:55:42.090] RX< [0m[RTMP] f_index = 15480, f_len = 17089
[03:55:42.090] RX< [7] 
[03:55:43.133] RX< [cam] [935162][me0][me_core_thread:359]ME out fid 15480
[03:55:43.133] RX< [34m[AE] fid=15510,exp=12360,adg=300,Y=4368,mtg=180,shg=100,bgbv=1121,iso=300,cnv2,hdr0
[03:55:43.133] RX< [0m[7] [cam] [936162][me0][me_core_thread:359]ME out fid 15510
[03:55:43.133] RX< [34m[awb0 proc] perf=6349(us), max=6349(us)!
[03:55:43.133] RX< 
[03:55:44.133] RX< [0m[4] [cam] [936239][qpc0][qpc_core_exception_check:405]discontinuous frame, now: 15523, last: 15521
[03:55:44.133] RX< [34m[AE] fid=15540,exp=12360,adg=300,Y=4364,mtg=180,shg=100,bgbv=1121,iso=300,cnv2,hdr0
[03:55:44.133] RX< [0m[7] [cam] [937162][me0][me_core_thread:359]ME out fid 15540
[03:55:44.133] RX< 
[03:55:44.752] RX< [34m[awb0 proc] perf=6506(us), max=6506(us)!
[03:55:44.752] RX< [0m[4] [cam] [937239][qpc0][qpc_core_exception_check:405]discontinuous frame, now: 15553, last: 15551
[03:55:44.752] RX< [34m[AE] fid=15570,exp=12440,adg=300,Y=4350,mtg=180,shg=100,bgbv=1114,iso=300,cnv2,hdr0
[03:55:44.752] RX< [0m[34m[b_ae0 pro
[03:55:45.748] RX< c] perf=1013(us), max=2437(us)!
[03:55:45.748] RX< [0m[34m[awb0 proc] perf=3741(us), max=6506(us)!
[03:55:45.748] RX< [0m[RTMP] f_index = 15570, f_len = 14247
[03:55:45.748] RX< [7] [cam] [938161][me0][me_core_thread:359]ME out fid 15570
[03:55:45.748] RX< [34m[AE] fid=15600,exp=12430,adg=300,Y=4384,mtg=180,shg=100,bgbv=1122,
[03:55:46.748] RX< iso=300,cnv2,hdr0
[03:55:46.748] RX< [0m[34m[ME INTP]fid=15600, shutter=12430, perf=7(us), max=3149(us)!
[03:55:46.748] RX< [0m[7] [cam] [939161][me0][me_core_thread:359]ME out fid 15600
[03:55:46.748] RX< [4] [cam] [939239][qpc0][qpc_core_exception_check:405]discontinuous frame, now: 15613, last: 15611
[03:55:46.748] RX< [34m
[03:55:47.753] RX< [AE] fid=15630,exp=12430,adg=300,Y=4380,mtg=180,shg=100,bgbv=1122,iso=300,cnv2,hdr0
[03:55:47.753] RX< [0m[7] [cam] [940161][me0][me_core_thread:359]ME out fid 15630
[03:55:47.753] RX< [RTMP] slow send frame 15631 len=74497 dt=64ms (IDR)
[03:55:47.753] RX< [34m[AE] fid=15660,exp=12430,adg=300,Y=4377,mtg=180,sh
[03:55:48.137] RX< g=100,bgbv=1122,iso=300,cnv2,hdr0
[03:55:48.137] RX< [0m[34m[b_ae0 proc] perf=1012(us), max=3508(us)!
[03:55:48.137] RX< [0m[34m[awb0 proc] perf=3835(us), max=4516(us)!
[03:55:48.137] RX< [0m[RTMP] f_index = 15660, f_len = 13969
[03:55:48.137] RX< [7] [cam] [941161][me0][me_core_thread:359]ME out fid 15660
[03:55:48.137] RX< [34m[awb0 proc] p
[03:55:49.100] RX< erf=6381(us), max=6381(us)!
[03:55:49.100] RX< [0m[4] [cam] [941239][qpc0][qpc_core_exception_check:405]discontinuous frame, now: 15673, last: 15671
[03:55:49.100] RX< [34m[AE] fid=15690,exp=12450,adg=300,Y=4360,mtg=180,shg=100,bgbv=1113,iso=300,cnv2,hdr0
[03:55:49.100] RX< [0m[7] [cam] [942161][me0][me_core_
[03:55:49.747] RX< thread:359]ME out fid 15690
[03:55:49.747] RX< [34m[awb0 proc] perf=6335(us), max=6381(us)!
[03:55:49.747] RX< [0m[4] [cam] [942238][qpc0][qpc_core_exception_check:405]discontinuous frame, now: 15703, last: 15701
[03:55:49.747] RX< [34m[AE] fid=15720,exp=12490,adg=300,Y=4329,mtg=180,shg=100,bgbv=1104,iso=300,
[03:55:50.755] RX< cnv2,hdr0
[03:55:50.755] RX< [0m[34m[ME INTP]fid=15720, shutter=12490, perf=237(us), max=2548(us)!
[03:55:50.755] RX< [0m[7] [cam] [943161][me0][me_core_thread:359]ME out fid 15720
[03:55:50.755] RX< [34m[AE] fid=15750,exp=12620,adg=300,Y=4295,mtg=180,shg=100,bgbv=1087,iso=300,cnv2,hdr0
[03:55:50.755] RX< [0m[34m[b_ae0 proc]
[03:55:51.747] RX<  perf=1021(us), max=1958(us)!
[03:55:51.747] RX< [0m[34m[awb0 proc] perf=3824(us), max=6335(us)!
[03:55:51.747] RX< [0m[RTMP] f_index = 15750, f_len = 15251
[03:55:51.747] RX< [7] [cam] [944161][me0][me_core_thread:359]ME out fid 15750
[03:55:51.747] RX< [34m[AE] fid=15780,exp=12700,adg=300,Y=4310,mtg=180,shg=100,bgbv=1084,is
[03:55:52.748] RX< o=300,cnv2,hdr0
[03:55:52.748] RX< [0m[7] [cam] [945160][me0][me_core_thread:359]ME out fid 15780
[03:55:52.748] RX< [34m[awb0 proc] perf=6661(us), max=6661(us)!
[03:55:52.748] RX< [0m[4] [cam] [945238][qpc0][qpc_core_exception_check:405]discontinuous frame, now: 15793, last: 15791
[03:55:52.748] RX< [34m[AE] fid=15810,exp=127
[03:55:53.180] RX< 00,adg=300,Y=4309,mtg=180,shg=100,bgbv=1084,iso=300,cnv2,hdr0
[03:55:53.180] RX< [0m[7] [cam] [946160][me0][me_core_thread:359]ME out fid 15810
[03:55:53.180] RX< [34m[awb0 proc] perf=6491(us), max=6661(us)!
[03:55:53.180] RX< [0m[4] [cam] [946238][qpc0][qpc_core_exception_check:405]discontinuous frame, now: 
[03:55:53.847] RX< 15823, last: 15821
[03:55:53.847] RX< [34m[AE] fid=15840,exp=12700,adg=300,Y=4292,mtg=180,shg=100,bgbv=1080,iso=300,cnv2,hdr0
[03:55:53.847] RX< [0m[34m[b_ae0 proc] perf=1005(us), max=2504(us)!
[03:55:53.847] RX< [0m[34m[awb0 proc] perf=3809(us), max=6491(us)!
[03:55:53.847] RX< [0m[34m[ME INTP]fid=15840, shutter=12700, pe
[03:55:54.181] RX< rf=6(us), max=4674(us)!
[03:55:54.181] RX< [0m[RTMP] f_index = 15840, f_len = 14984
[03:55:54.181] RX< [7] [cam] [947160][me0][me_core_thread:359]ME out fid 15840
[03:55:54.181] RX< [34m[awb0 proc] perf=6370(us), max=6370(us)!
[03:55:54.181] RX< [0m[4] [cam] [947238][qpc0][qpc_core_exception_check:405]discontinuous frame, now: 
[03:55:55.181] RX< 15853, last: 15851
[03:55:55.181] RX< [34m[AE] fid=15870,exp=12840,adg=300,Y=4282,mtg=180,shg=100,bgbv=1067,iso=300,cnv2,hdr0
[03:55:55.181] RX< [0m[7] [cam] [948160][me0][me_core_thread:359]ME out fid 15870
[03:55:55.181] RX< [4] [cam] [948238][qpc0][qpc_core_exception_check:405]discontinuous frame, now: 1588
[03:55:56.752] RX< 3, last: 15881
[03:55:56.752] RX< [34m[AE] fid=15900,exp=12900,adg=300,Y=4299,mtg=180,shg=100,bgbv=1070,iso=300,cnv2,hdr0
[03:55:56.752] RX< [0m[7] [cam] [949160][me0][me_core_thread:359]ME out fid 15900
[03:55:56.752] RX< [RTMP] slow send frame 15901 len=71502 dt=61ms (IDR)
[03:55:56.752] RX< [34m[AE] fid=15930,exp=12760,adg=3
[03:55:57.088] RX< 00,Y=4281,mtg=180,shg=100,bgbv=1073,iso=300,cnv2,hdr0
[03:55:57.088] RX< [0m[34m[b_ae0 proc] perf=1101(us), max=3412(us)!
[03:55:57.088] RX< [0m[34m[awb0 proc] perf=3811(us), max=6370(us)!
[03:55:57.088] RX< [0m[RTMP] f_index = 15930, f_len = 14009
[03:55:57.088] RX< [7] [cam] [950160][me0][me_core_thread:359]ME out fid 1593
[03:55:58.747] RX< 0
[03:55:58.747] RX< [34m[AE] fid=15960,exp=12770,adg=300,Y=4313,mtg=180,shg=100,bgbv=1081,iso=300,cnv2,hdr0
[03:55:58.747] RX< [0m[34m[ME INTP]fid=15960, shutter=12770, perf=7(us), max=2540(us)!
[03:55:58.747] RX< [0m[7] [cam] [951160][me0][me_core_thread:359]ME out fid 15960
[03:55:58.747] RX< [34m[AE] fid=15990,exp=12770,a
[03:55:59.751] RX< dg=300,Y=4344,mtg=180,shg=100,bgbv=1089,iso=300,cnv2,hdr0
[03:55:59.751] RX< [0m[7] [cam] [952160][me0][me_core_thread:359]ME out fid 15990
[03:55:59.751] RX< [RTMP] slow send frame 15991 len=73146 dt=52ms (IDR)
[03:55:59.751] RX< [RTMP] slow send frame 15992 len=15547 dt=51ms
[03:55:59.751] RX< [34m[AE] fid=16020,exp=12580,adg=
[03:56:00.088] RX< 300,Y=4397,mtg=180,shg=100,bgbv=1113,iso=300,cnv2,hdr0
[03:56:00.088] RX< [0m[34m[b_ae0 proc] perf=927(us), max=2576(us)!
[03:56:00.088] RX< [0m[34m[awb0 proc] perf=3827(us), max=4128(us)!
[03:56:00.088] RX< [0m[RTMP] f_index = 16020, f_len = 15291
[03:56:00.088] RX< [7] [cam] [953159][me0][me_core_thread:359]ME out fid 1602
[03:56:01.847] RX< 0
[03:56:01.847] RX< [34m[AE] fid=16050,exp=12460,adg=300,Y=4391,mtg=180,shg=100,bgbv=1125,iso=300,cnv2,hdr0
[03:56:01.847] RX< [0m[7] [cam] [954159][me0][me_core_thread:359]ME out fid 16050
[03:56:01.847] RX< [34m[AE] fid=16080,exp=12360,adg=300,Y=4375,mtg=180,shg=100,bgbv=1125,iso=300,cnv2,hdr0
[03:56:01.847] RX< [0m[34m[ME
[03:56:02.179] RX<  INTP]fid=16080, shutter=12360, perf=6(us), max=3756(us)!
[03:56:02.179] RX< [0m[7] [cam] [955159][me0][me_core_thread:359]ME out fid 16080
[03:56:02.179] RX< [34m[awb0 proc] perf=7070(us), max=7070(us)!
[03:56:02.179] RX< [0m[4] [cam] [955237][qpc0][qpc_core_exception_check:405]discontinuous frame, now: 1609
[03:56:03.087] RX< 3, last: 16091
[03:56:03.087] RX< [34m[AE] fid=16110,exp=12350,adg=300,Y=4390,mtg=180,shg=100,bgbv=1129,iso=300,cnv2,hdr0
[03:56:03.087] RX< [0m[34m[b_ae0 proc] perf=986(us), max=4256(us)!
[03:56:03.087] RX< [0m[34m[awb0 proc] perf=3818(us), max=7070(us)!
[03:56:03.087] RX< [0m[RTMP] f_index = 16110, f_len = 16862
[03:56:03.087] RX< [7] [cam]
[03:56:04.098] RX<  [956159][me0][me_core_thread:359]ME out fid 16110
[03:56:04.098] RX< [4] [cam] [956236][qpc0][qpc_core_exception_check:405]discontinuous frame, now: 16123, last: 16121
[03:56:04.098] RX< [34m[AE] fid=16140,exp=12300,adg=300,Y=4422,mtg=180,shg=100,bgbv=1141,iso=300,cnv2,hdr0
[03:56:04.098] RX< [0m[7] [cam] [95
[03:56:04.746] RX< 7159][me0][me_core_thread:359]ME out fid 16140
[03:56:04.746] RX< [34m[awb0 proc] perf=6592(us), max=6592(us)!
[03:56:04.746] RX< [0m[4] [cam] [957236][qpc0][qpc_core_exception_check:405]discontinuous frame, now: 16153, last: 16151
[03:56:04.746] RX< [34m[AE] fid=16170,exp=12240,adg=300,Y=4411,mtg=180,shg=100
[03:56:05.750] RX< ,bgbv=1139,iso=300,cnv2,hdr0
[03:56:05.750] RX< [0m[7] [cam] [958159][me0][me_core_thread:359]ME out fid 16170
[03:56:05.750] RX< [4] [cam] [958236][qpc0][qpc_core_exception_check:405]discontinuous frame, now: 16183, last: 16181
[03:56:05.750] RX< [34m[AE] fid=16200,exp=12240,adg=300,Y=4408,mtg=180,shg=100,bgb
[03:56:06.087] RX< v=1139,iso=300,cnv2,hdr0
[03:56:06.087] RX< [0m[34m[b_ae0 proc] perf=1113(us), max=4251(us)!
[03:56:06.087] RX< [0m[34m[awb0 proc] perf=3869(us), max=6592(us)!
[03:56:06.087] RX< [0m[34m[ME INTP]fid=16200, shutter=12240, perf=7(us), max=2628(us)!
[03:56:06.087] RX< [0m[RTMP] f_index = 16200, f_len = 15389
[03:56:06.087] RX< [7] [cam] [959159
[03:56:06.745] RX< ][me0][me_core_thread:359]ME out fid 16200
[03:56:06.745] RX< [34m[awb0 proc] perf=6621(us), max=6621(us)!
[03:56:06.745] RX< [0m[4] [cam] [959236][qpc0][qpc_core_exception_check:405]discontinuous frame, now: 16213, last: 16211
[03:56:06.745] RX< [34m[AE] fid=16230,exp=12240,adg=300,Y=4411,mtg=180,shg=100,bgb
[03:56:08.179] RX< v=1139,iso=300,cnv2,hdr0
[03:56:08.179] RX< [0m[7] [cam] [960158][me0][me_core_thread:359]ME out fid 16230
[03:56:08.179] RX< [34m[AE] fid=16260,exp=12370,adg=300,Y=4347,mtg=180,shg=100,bgbv=1117,iso=300,cnv2,hdr0
[03:56:08.179] RX< [0m[7] [cam] [961158][me0][me_core_thread:359]ME out fid 16260
[03:56:08.179] RX< [4] [cam] [961
[03:56:08.751] RX< 236][qpc0][qpc_core_exception_check:405]discontinuous frame, now: 16273, last: 16271
[03:56:08.751] RX< [34m[AE] fid=16290,exp=12350,adg=300,Y=4410,mtg=180,shg=100,bgbv=1133,iso=300,cnv2,hdr0
[03:56:08.751] RX< [0m[34m[b_ae0 proc] perf=1011(us), max=3942(us)!
[03:56:08.751] RX< [0m[34m[awb0 proc] perf=3827
[03:56:09.847] RX< (us), max=6621(us)!
[03:56:09.847] RX< [0m[RTMP] f_index = 16290, f_len = 11387
[03:56:09.847] RX< [7] [cam] [962158][me0][me_core_thread:359]ME out fid 16290
[03:56:09.847] RX< [34m[AE] fid=16320,exp=12300,adg=300,Y=4424,mtg=180,shg=100,bgbv=1141,iso=300,cnv2,hdr0
[03:56:09.847] RX< [0m[34m[ME INTP]fid=16320, shutter=12300, p
[03:56:10.745] RX< erf=1984(us), max=3273(us)!
[03:56:10.745] RX< [0m[7] [cam] [963158][me0][me_core_thread:359]ME out fid 16320
[03:56:10.745] RX< [4] [cam] [963236][qpc0][qpc_core_exception_check:405]discontinuous frame, now: 16333, last: 16331
[03:56:10.745] RX< [34m[AE] fid=16350,exp=12310,adg=300,Y=4399,mtg=180,shg=100,bgbv
[03:56:11.750] RX< =1133,iso=300,cnv2,hdr0
[03:56:11.750] RX< [0m[7] [cam] [964158][me0][me_core_thread:359]ME out fid 16350
[03:56:11.750] RX< [34m[awb0 proc] perf=6094(us), max=6094(us)!
[03:56:11.750] RX< [0m[4] [cam] [964235][qpc0][qpc_core_exception_check:405]discontinuous frame, now: 16363, last: 16361
[03:56:11.750] RX< [34m[AE] fid=16380
[03:56:12.087] RX< ,exp=12180,adg=300,Y=4454,mtg=180,shg=100,bgbv=1153,iso=300,cnv2,hdr0
[03:56:12.087] RX< [0m[34m[b_ae0 proc] perf=996(us), max=3010(us)!
[03:56:12.087] RX< [0m[34m[awb0 proc] perf=3821(us), max=6094(us)!
[03:56:12.087] RX< [0m[RTMP] f_index = 16380, f_len = 16697
[03:56:12.087] RX< [7] [cam] [965158][me0][me_core_thread:359]
[03:56:13.745] RX< ME out fid 16380
[03:56:13.745] RX< [34m[AE] fid=16410,exp=12180,adg=300,Y=4444,mtg=180,shg=100,bgbv=1156,iso=300,cnv2,hdr0
[03:56:13.745] RX< [0m[7] [cam] [966158][me0][me_core_thread:359]ME out fid 16410
[03:56:13.745] RX< [34m[AE] fid=16440,exp=11630,adg=300,Y=4499,mtg=180,shg=100,bgbv=1217,iso=300,cnv2,hd
[03:56:14.751] RX< r0
[03:56:14.751] RX< [0m[34m[ME INTP]fid=16440, shutter=11630, perf=237(us), max=7281(us)!
[03:56:14.751] RX< [0m[7] [cam] [967157][me0][me_core_thread:359]ME out fid 16440
[03:56:14.751] RX< [34m[AE] fid=16470,exp=12090,adg=300,Y=4421,mtg=180,shg=100,bgbv=1155,iso=300,cnv2,hdr0
[03:56:14.751] RX< [0m[34m[b_ae0 proc] perf=1
[03:56:15.744] RX< 126(us), max=4299(us)!
[03:56:15.744] RX< [0m[34m[awb0 proc] perf=3817(us), max=4266(us)!
[03:56:15.744] RX< [0m[RTMP] f_index = 16470, f_len = 14799
[03:56:15.744] RX< [7] [cam] [968157][me0][me_core_thread:359]ME out fid 16470
[03:56:15.744] RX< [34m[AE] fid=16500,exp=12090,adg=300,Y=4404,mtg=180,shg=100,bgbv=1151,iso=300,c
[03:56:16.744] RX< nv2,hdr0
[03:56:16.744] RX< [0m[7] [cam] [969157][me0][me_core_thread:359]ME out fid 16500
[03:56:16.744] RX< [34m[awb0 proc] perf=7126(us), max=7126(us)!
[03:56:16.744] RX< [0m[4] [cam] [969235][qpc0][qpc_core_exception_check:405]discontinuous frame, now: 16513, last: 16511
[03:56:16.744] RX< [34m[AE] fid=16530,exp=12090,adg=
[03:56:17.749] RX< 300,Y=4391,mtg=180,shg=100,bgbv=1147,iso=300,cnv2,hdr0
[03:56:17.749] RX< [0m[7] [cam] [970157][me0][me_core_thread:359]ME out fid 16530
[03:56:17.749] RX< [34m[awb0 proc] perf=6486(us), max=7126(us)!
[03:56:17.749] RX< [0m[34m[AE] fid=16560,exp=12190,adg=300,Y=4419,mtg=180,shg=100,bgbv=1148,iso=300,cnv2,hdr
[03:56:18.087] RX< 0
[03:56:18.087] RX< [0m[34m[b_ae0 proc] perf=1010(us), max=3916(us)!
[03:56:18.087] RX< [0m[34m[awb0 proc] perf=3820(us), max=6486(us)!
[03:56:18.087] RX< [0m[34m[ME INTP]fid=16560, shutter=12190, perf=2566(us), max=5469(us)!
[03:56:18.087] RX< [0m[RTMP] f_index = 16560, f_len = 18021
[03:56:18.087] RX< [7] [cam] [971157][me0][me_core_threa
[03:56:19.097] RX< d:359]ME out fid 16560
[03:56:19.097] RX< [4] [cam] [971235][qpc0][qpc_core_exception_check:405]discontinuous frame, now: 16573, last: 16571
[03:56:19.097] RX< [34m[AE] fid=16590,exp=11750,adg=300,Y=4526,mtg=180,shg=100,bgbv=1214,iso=300,cnv2,hdr0
[03:56:19.097] RX< [0m[7] [cam] [972157][me0][me_core_thread:35
[03:56:20.748] RX< 9]ME out fid 16590
[03:56:20.748] RX< [34m[AE] fid=16620,exp=11630,adg=300,Y=4483,mtg=180,shg=100,bgbv=1217,iso=300,cnv2,hdr0
[03:56:20.748] RX< [0m[7] [cam] [973157][me0][me_core_thread:359]ME out fid 16620
[03:56:20.748] RX< [34m[AE] fid=16650,exp=11630,adg=300,Y=4471,mtg=180,shg=100,bgbv=1213,iso=300,cnv2,
[03:56:21.744] RX< hdr0
[03:56:21.744] RX< [0m[34m[b_ae0 proc] perf=1009(us), max=3311(us)!
[03:56:21.744] RX< [0m[34m[awb0 proc] perf=3835(us), max=5921(us)!
[03:56:21.744] RX< [0m[RTMP] f_index = 16650, f_len = 10114
[03:56:21.744] RX< [7] [cam] [974157][me0][me_core_thread:359]ME out fid 16650
[03:56:21.744] RX< [34m[AE] fid=16680,exp=11640,adg=300,Y=4462,mt
[03:56:22.743] RX< g=180,shg=100,bgbv=1209,iso=300,cnv2,hdr0
[03:56:22.743] RX< [0m[34m[ME INTP]fid=16680, shutter=11640, perf=254(us), max=3954(us)!
[03:56:22.743] RX< [0m[7] [cam] [975156][me0][me_core_thread:359]ME out fid 16680
[03:56:22.743] RX< [34m[AE] fid=16710,exp=11670,adg=300,Y=4452,mtg=180,shg=100,bgbv=1205,iso=300
[03:56:23.748] RX< ,cnv2,hdr0
[03:56:23.748] RX< [0m[7] [cam] [976156][me0][me_core_thread:359]ME out fid 16710
[03:56:23.748] RX< [34m[AE] fid=16740,exp=11680,adg=300,Y=4446,mtg=180,shg=100,bgbv=1201,iso=300,cnv2,hdr0
[03:56:23.748] RX< [0m[34m[b_ae0 proc] perf=997(us), max=3139(us)!
[03:56:23.748] RX< [0m[34m[awb0 proc] perf=3683(us), max=4
[03:56:24.743] RX< 212(us)!
[03:56:24.743] RX< [0m[RTMP] f_index = 16740, f_len = 38637
[03:56:24.743] RX< [7] [cam] [977156][me0][me_core_thread:359]ME out fid 16740
[03:56:24.743] RX< [4] [cam] [977234][qpc0][qpc_core_exception_check:405]discontinuous frame, now: 16753, last: 16751
[03:56:24.743] RX< [34m[AE] fid=16770,exp=12300,adg=300,Y=4372,m
[03:56:25.846] RX< tg=180,shg=100,bgbv=1127,iso=300,cnv2,hdr0
[03:56:25.846] RX< [0m[7] [cam] [978156][me0][me_core_thread:359]ME out fid 16770
[03:56:25.846] RX< [34m[AE] fid=16800,exp=12190,adg=300,Y=4439,mtg=180,shg=100,bgbv=1151,iso=300,cnv2,hdr0
[03:56:25.846] RX< [0m[34m[ME INTP]fid=16800, shutter=12190, perf=2215(us), m
[03:56:26.748] RX< ax=3783(us)!
[03:56:26.748] RX< [0m[7] [cam] [979156][me0][me_core_thread:359]ME out fid 16800
[03:56:26.748] RX< [34m[AE] fid=16830,exp=12190,adg=300,Y=4403,mtg=180,shg=100,bgbv=1144,iso=300,cnv2,hdr0
[03:56:26.748] RX< [0m[34m[b_ae0 proc] perf=1008(us), max=1437(us)!
[03:56:26.748] RX< [0m[34m[awb0 proc] perf=3816(us), ma
[03:56:28.097] RX< x=5934(us)!
[03:56:28.097] RX< [0m[RTMP] f_index = 16830, f_len = 15846
[03:56:28.097] RX< [7] [cam] [980156][me0][me_core_thread:359]ME out fid 16830
[03:56:28.097] RX< [34m[AE] fid=16860,exp=11840,adg=300,Y=4486,mtg=180,shg=100,bgbv=1198,iso=300,cnv2,hdr0
[03:56:28.097] RX< [0m[7] [cam] [981156][me0][me_core_thread:359]ME out
[03:56:29.177] RX<  fid 16860
[03:56:29.177] RX< [34m[AE] fid=16890,exp=11840,adg=300,Y=4462,mtg=180,shg=100,bgbv=1190,iso=300,cnv2,hdr0
[03:56:29.177] RX< [0m[7] [cam] [982155][me0][me_core_thread:359]ME out fid 16890
[03:56:29.177] RX< [34m[awb0 proc] perf=6433(us), max=6433(us)!
[03:56:29.177] RX< [0m[4] [cam] [982233][qpc0][qpc_core_exceptio
[03:56:29.843] RX< n_check:405]discontinuous frame, now: 16903, last: 16901
[03:56:29.843] RX< [34m[AE] fid=16920,exp=12200,adg=300,Y=4394,mtg=180,shg=100,bgbv=1140,iso=300,cnv2,hdr0
[03:56:29.843] RX< [0m[34m[b_ae0 proc] perf=994(us), max=3244(us)!
[03:56:29.843] RX< [0m[34m[awb0 proc] perf=3797(us), max=6433(us)!
[03:56:29.843] RX< [0m[34m
[03:56:30.743] RX< [ME INTP]fid=16920, shutter=12200, perf=238(us), max=3377(us)!
[03:56:30.743] RX< [0m[RTMP] f_index = 16920, f_len = 19862
[03:56:30.743] RX< [7] [cam] [983155][me0][me_core_thread:359]ME out fid 16920
[03:56:30.743] RX< [34m[AE] fid=16950,exp=12210,adg=300,Y=4385,mtg=180,shg=100,bgbv=1136,iso=300,cnv2,hdr0
[03:56:30.743] RX< [
[03:56:32.127] RX< 0m[7] [cam] [984155][me0][me_core_thread:359]ME out fid 16950
[03:56:32.127] RX< [34m[AE] fid=16980,exp=12210,adg=300,Y=4382,mtg=180,shg=100,bgbv=1136,iso=300,cnv2,hdr0
[03:56:32.127] RX< [0m[7] [cam] [985155][me0][me_core_thread:359]ME out fid 16980
[03:56:32.127] RX< [34m[awb0 proc] perf=6686(us), max=6686(
[03:56:32.747] RX< us)!
[03:56:32.747] RX< [0m[4] [cam] [985233][qpc0][qpc_core_exception_check:405]discontinuous frame, now: 16993, last: 16991
[03:56:32.747] RX< [34m[AE] fid=17010,exp=12240,adg=300,Y=4403,mtg=180,shg=100,bgbv=1139,iso=300,cnv2,hdr0
[03:56:32.747] RX< [0m[34m[b_ae0 proc] perf=1016(us), max=3497(us)!
[03:56:32.747] RX< [0m[3
[03:56:33.842] RX< 4m[awb0 proc] perf=3703(us), max=6686(us)!
[03:56:33.842] RX< [0m[RTMP] f_index = 17010, f_len = 9603
[03:56:33.842] RX< [7] [cam] [986155][me0][me_core_thread:359]ME out fid 17010
[03:56:33.842] RX< [34m[AE] fid=17040,exp=12330,adg=300,Y=4373,mtg=180,shg=100,bgbv=1125,iso=300,cnv2,hdr0
[03:56:33.842] RX< [0m[34m[ME INTP]fid=1
[03:56:35.094] RX< 7040, shutter=12330, perf=238(us), max=3416(us)!
[03:56:35.094] RX< [0m[7] [cam] [987155][me0][me_core_thread:359]ME out fid 17040
[03:56:35.094] RX< [34m[AE] fid=17070,exp=12450,adg=300,Y=4344,mtg=180,shg=100,bgbv=1112,iso=300,cnv2,hdr0
[03:56:35.094] RX< [0m[7] [cam] [988155][me0][me_core_thread:359]ME out 
[03:56:36.083] RX< fid 17070
[03:56:36.083] RX< [34m[AE] fid=17100,exp=12450,adg=300,Y=4353,mtg=180,shg=100,bgbv=1113,iso=300,cnv2,hdr0
[03:56:36.083] RX< [0m[34m[b_ae0 proc] perf=1116(us), max=4409(us)!
[03:56:36.083] RX< [0m[34m[awb0 proc] perf=3810(us), max=4466(us)!
[03:56:36.083] RX< [0m[RTMP] f_index = 17100, f_len = 12312
[03:56:36.083] RX< [7] [cam] [98
[03:56:36.741] RX< 9155][me0][me_core_thread:359]ME out fid 17100
[03:56:36.741] RX< [34m[awb0 proc] perf=6378(us), max=6378(us)!
[03:56:36.741] RX< [0m[4] [cam] [989232][qpc0][qpc_core_exception_check:405]discontinuous frame, now: 17113, last: 17111
[03:56:36.741] RX< [34m[AE] fid=17130,exp=12490,adg=300,Y=4343,mtg=180,shg=100
[03:56:37.845] RX< ,bgbv=1108,iso=300,cnv2,hdr0
[03:56:37.845] RX< [0m[7] [cam] [990154][me0][me_core_thread:359]ME out fid 17130
[03:56:37.845] RX< [34m[AE] fid=17160,exp=12360,adg=300,Y=4450,mtg=180,shg=100,bgbv=1146,iso=300,cnv2,hdr0
[03:56:37.845] RX< [0m[34m[ME INTP]fid=17160, shutter=12360, perf=2091(us), max=4079(us)!
[03:56:37.845] RX< 
[03:56:38.746] RX< [0m[7] [cam] [991154][me0][me_core_thread:359]ME out fid 17160
[03:56:38.746] RX< [34m[AE] fid=17190,exp=12290,adg=300,Y=4387,mtg=180,shg=100,bgbv=1130,iso=300,cnv2,hdr0
[03:56:38.746] RX< [0m[34m[b_ae0 proc] perf=1001(us), max=3848(us)!
[03:56:38.746] RX< [0m[34m[awb0 proc] perf=3836(us), max=6378(us)!
[03:56:38.746] RX< [
[03:56:40.742] RX< 0m[RTMP] f_index = 17190, f_len = 14869
[03:56:40.742] RX< [7] [cam] [992154][me0][me_core_thread:359]ME out fid 17190
[03:56:40.742] RX< [34m[AE] fid=17220,exp=12280,adg=300,Y=4392,mtg=180,shg=100,bgbv=1134,iso=300,cnv2,hdr0
[03:56:40.742] RX< [0m[7] [cam] [993154][me0][me_core_thread:359]ME out fid 17220
[03:56:40.742] RX< [3
[03:56:41.746] RX< 4m[AE] fid=17250,exp=12280,adg=300,Y=4395,mtg=180,shg=100,bgbv=1134,iso=300,cnv2,hdr0
[03:56:41.746] RX< [0m[7] [cam] [994154][me0][me_core_thread:359]ME out fid 17250
[03:56:41.746] RX< [34m[AE] fid=17280,exp=12280,adg=300,Y=4393,mtg=180,shg=100,bgbv=1134,iso=300,cnv2,hdr0
[03:56:41.746] RX< [0m[34m[b_ae0 p
[03:56:42.097] RX< roc] perf=996(us), max=3940(us)!
[03:56:42.097] RX< [0m[34m[awb0 proc] perf=3841(us), max=4043(us)!
[03:56:42.097] RX< [0m[34m[ME INTP]fid=17280, shutter=12280, perf=6(us), max=2097(us)!
[03:56:42.097] RX< [0m[RTMP] f_index = 17280, f_len = 14940
[03:56:42.097] RX< [7] [cam] [995154][me0][me_core_thread:359]ME out fid 17280
[03:56:43.275] RX< [34m[AE] fid=17310,exp=12280,adg=300,Y=4391,mtg=180,shg=100,bgbv=1134,iso=300,cnv2,hdr0
[03:56:43.275] RX< [0m[7] [cam] [996154][me0][me_core_thread:359]ME out fid 17310
[03:56:43.275] RX< [RTMP] slow send frame 17311 len=60882 dt=109ms (IDR)
[03:56:43.275] RX< [4] [cam] [996331][qpc0][qpc_core_exception_check
[03:56:44.745] RX< :405]discontinuous frame, now: 17326, last: 17324
[03:56:44.745] RX< [34m[AE] fid=17340,exp=12280,adg=300,Y=4398,mtg=180,shg=100,bgbv=1134,iso=300,cnv2,hdr0
[03:56:44.745] RX< [0m[7] [cam] [997153][me0][me_core_thread:359]ME out fid 17340
[03:56:44.745] RX< [34m[AE] fid=17370,exp=12280,adg=300,Y=4394,mtg=180,
[03:56:45.741] RX< shg=100,bgbv=1134,iso=300,cnv2,hdr0
[03:56:45.741] RX< [0m[34m[b_ae0 proc] perf=1117(us), max=4124(us)!
[03:56:45.741] RX< [0m[34m[awb0 proc] perf=3821(us), max=5833(us)!
[03:56:45.741] RX< [0m[RTMP] f_index = 17370, f_len = 14821
[03:56:45.741] RX< [7] [cam] [998153][me0][me_core_thread:359]ME out fid 17370
[03:56:45.741] RX< [34m[AE] fid=17
[03:56:46.741] RX< 400,exp=12290,adg=300,Y=4385,mtg=180,shg=100,bgbv=1130,iso=300,cnv2,hdr0
[03:56:46.741] RX< [0m[34m[ME INTP]fid=17400, shutter=12290, perf=6(us), max=237(us)!
[03:56:46.741] RX< [0m[7] [cam] [999153][me0][me_core_thread:359]ME out fid 17400
[03:56:46.741] RX< [34m[AE] fid=17430,exp=12290,adg=300,Y=4381,mtg=1
[03:56:47.745] RX< 80,shg=100,bgbv=1130,iso=300,cnv2,hdr0
[03:56:47.745] RX< [0m[7] [cam] [1000153][me0][me_core_thread:359]ME out fid 17430
[03:56:47.745] RX< [34m[AE] fid=17460,exp=12290,adg=300,Y=4382,mtg=180,shg=100,bgbv=1130,iso=300,cnv2,hdr0
[03:56:47.745] RX< [0m[34m[b_ae0 proc] perf=1000(us), max=4397(us)!
[03:56:47.745] RX< [0m[34m[a
[03:56:49.093] RX< wb0 proc] perf=3808(us), max=3906(us)!
[03:56:49.093] RX< [0m[RTMP] f_index = 17460, f_len = 14869
[03:56:49.093] RX< [7] [cam] [1001153][me0][me_core_thread:359]ME out fid 17460
[03:56:49.093] RX< [34m[AE] fid=17490,exp=12290,adg=300,Y=4377,mtg=180,shg=100,bgbv=1130,iso=300,cnv2,hdr0
[03:56:49.093] RX< [0m[7] [cam] [1002153][m
[03:56:50.096] RX< e0][me_core_thread:359]ME out fid 17490
[03:56:50.096] RX< [34m[AE] fid=17520,exp=12290,adg=300,Y=4383,mtg=180,shg=100,bgbv=1130,iso=300,cnv2,hdr0
[03:56:50.096] RX< [0m[34m[ME INTP]fid=17520, shutter=12290, perf=6(us), max=22(us)!
[03:56:50.096] RX< [0m[7] [cam] [1003153][me0][me_core_thread:359]ME out fid 
[03:56:51.081] RX< 17520
[03:56:51.081] RX< [34m[AE] fid=17550,exp=12280,adg=300,Y=4396,mtg=180,shg=100,bgbv=1134,iso=300,cnv2,hdr0
[03:56:51.081] RX< [0m[34m[b_ae0 proc] perf=1002(us), max=3870(us)!
[03:56:51.081] RX< [0m[34m[awb0 proc] perf=3828(us), max=3851(us)!
[03:56:51.081] RX< [0m[RTMP] f_index = 17550, f_len = 14786
[03:56:51.081] RX< [7] [cam] [100415
[03:56:52.740] RX< 2][me0][me_core_thread:359]ME out fid 17550
[03:56:52.740] RX< [34m[AE] fid=17580,exp=12270,adg=300,Y=4419,mtg=180,shg=100,bgbv=1142,iso=300,cnv2,hdr0
[03:56:52.740] RX< [0m[7] [cam] [1005152][me0][me_core_thread:359]ME out fid 17580
[03:56:52.740] RX< [34m[AE] fid=17610,exp=12180,adg=300,Y=4442,mtg=180,shg=1
[03:56:53.744] RX< 00,bgbv=1156,iso=300,cnv2,hdr0
[03:56:53.744] RX< [0m[7] [cam] [1006152][me0][me_core_thread:359]ME out fid 17610
[03:56:53.744] RX< [34m[AE] fid=17640,exp=12140,adg=300,Y=4467,mtg=180,shg=100,bgbv=1164,iso=300,cnv2,hdr0
[03:56:53.744] RX< [0m[34m[b_ae0 proc] perf=1110(us), max=3898(us)!
[03:56:53.744] RX< [0m[34m[awb0 proc
[03:56:54.740] RX< ] perf=3685(us), max=3937(us)!
[03:56:54.740] RX< [0m[34m[ME INTP]fid=17640, shutter=12140, perf=7(us), max=778(us)!
[03:56:54.740] RX< [0m[RTMP] f_index = 17640, f_len = 14637
[03:56:54.740] RX< [7] [cam] [1007152][me0][me_core_thread:359]ME out fid 17640
[03:56:54.740] RX< [34m[AE] fid=17670,exp=11900,adg=300,Y=4502,mtg=180,
[03:56:56.741] RX< shg=100,bgbv=1193,iso=300,cnv2,hdr0
[03:56:56.741] RX< [0m[7] [cam] [1008152][me0][me_core_thread:359]ME out fid 17670
[03:56:56.741] RX< [34m[AE] fid=17700,exp=11760,adg=300,Y=4493,mtg=180,shg=100,bgbv=1207,iso=300,cnv2,hdr0
[03:56:56.741] RX< [0m[7] [cam] [1009152][me0][me_core_thread:359]ME out fid 17700
[03:56:57.080] RX< [34m[AE] fid=17730,exp=11610,adg=300,Y=4518,mtg=180,shg=100,bgbv=1229,iso=300,cnv2,hdr0
[03:56:57.080] RX< [0m[34m[b_ae0 proc] perf=1012(us), max=4101(us)!
[03:56:57.080] RX< [0m[34m[awb0 proc] perf=3807(us), max=4601(us)!
[03:56:57.080] RX< [0m[RTMP] f_index = 17730, f_len = 16148
[03:56:57.080] RX< [7] [cam] [1010152][me0
[03:56:58.080] RX< ][me_core_thread:359]ME out fid 17730
[03:56:58.080] RX< [34m[AE] fid=17760,exp=11470,adg=300,Y=4529,mtg=180,shg=100,bgbv=1248,iso=300,cnv2,hdr0
[03:56:58.080] RX< [0m[34m[ME INTP]fid=17760, shutter=11470, perf=6(us), max=2514(us)!
[03:56:58.080] RX< [0m[7] [cam] [1011151][me0][me_core_thread:359]ME out fid 
[03:56:59.744] RX< 17760
[03:56:59.744] RX< [34m[AE] fid=17790,exp=11340,adg=300,Y=4511,mtg=180,shg=100,bgbv=1254,iso=300,cnv2,hdr0
[03:56:59.744] RX< [0m[7] [cam] [1012151][me0][me_core_thread:359]ME out fid 17790
[03:56:59.744] RX< [34m[AE] fid=17820,exp=11300,adg=300,Y=4524,mtg=180,shg=100,bgbv=1262,iso=300,cnv2,hdr0
[03:56:59.744] RX< [0m[3
[03:57:00.743] RX< 4m[b_ae0 proc] perf=998(us), max=4182(us)!
[03:57:00.743] RX< [0m[34m[awb0 proc] perf=3834(us), max=4420(us)!
[03:57:00.743] RX< [0m[RTMP] f_index = 17820, f_len = 14723
[03:57:00.743] RX< [7] [cam] [1013151][me0][me_core_thread:359]ME out fid 17820
[03:57:00.743] RX< [34m[AE] fid=17850,exp=11250,adg=300,Y=4475,mtg=180,shg=10
[03:57:01.447] RX< 0,bgbv=1255,iso=300,cnv2,hdr0
[03:57:01.447] RX< [0m[7] [cam] [1014151][me0][me_core_thread:359]ME out fid 17850
[03:57:01.447] RX< [RTMP] slow send frame 17851 len=68973 dt=60ms (IDR)
[03:57:01.447] RX< [RTMP] slow send frame 17853 len=32268 dt=114ms
[03:57:01.447] RX< [RTMP] slow send frame 17855 len=30904 dt=79ms
[03:57:01.447] RX< [RTMP] slow s
[03:57:01.755] RX< end frame 17858 len=10740 dt=68ms
[03:57:01.755] RX< [RTMP] slow send frame 17859 len=40092 dt=114ms
[03:57:01.755] RX< [RTMP] slow send frame 17860 len=11168 dt=94ms
[03:57:01.755] RX< [34m[AE] fid=17880,exp=11430,adg=300,Y=4437,mtg=180,shg=100,bgbv=1230,iso=300,cnv2,hdr0
[03:57:01.755] RX< [0m[34m[awb0 proc] perf=6685(us), ma
[03:57:02.110] RX< x=6685(us)!
[03:57:02.110] RX< [0m[4] [cam] [1014866][qpc0][qpc_core_exception_check:405]discontinuous frame, now: 17882, last: 17880
[03:57:02.110] RX< [34m[ME INTP]fid=17880, shutter=11430, perf=6(us), max=1244(us)!
[03:57:02.110] RX< [0m[7] [cam] [1015151][me0][me_core_thread:359]ME out fid 17880
[03:57:02.110] RX< [RTMP] sl
[03:57:02.743] RX< ow send frame 17877 len=19563 dt=90ms
[03:57:02.743] RX< [RTMP] slow send frame 17881 len=71518 dt=174ms (IDR)
[03:57:02.743] RX< [4] [cam] [1015598][qpc0][qpc_core_exception_check:405]discontinuous frame, now: 17904, last: 17902
[03:57:02.743] RX< [34m[AE] fid=17910,exp=11610,adg=300,Y=4437,mtg=180,shg=100,bgb
[03:57:03.738] RX< v=1210,iso=300,cnv2,hdr0
[03:57:03.738] RX< [0m[34m[b_ae0 proc] perf=1019(us), max=3392(us)!
[03:57:03.738] RX< [0m[34m[awb0 proc] perf=3735(us), max=6685(us)!
[03:57:03.738] RX< [0m[RTMP] f_index = 17910, f_len = 16499
[03:57:03.738] RX< [7] [cam] [1016151][me0][me_core_thread:359]ME out fid 17910
[03:57:03.738] RX< [34m[AE] fid=17940,exp=11
[03:57:05.091] RX< 910,adg=300,Y=4470,mtg=180,shg=100,bgbv=1185,iso=300,cnv2,hdr0
[03:57:05.091] RX< [0m[7] [cam] [1017151][me0][me_core_thread:359]ME out fid 17940
[03:57:05.091] RX< [34m[AE] fid=17970,exp=11870,adg=300,Y=4477,mtg=180,shg=100,bgbv=1194,iso=300,cnv2,hdr0
[03:57:05.091] RX< [0m[7] [cam] [1018151][me0][me_core_th
[03:57:05.758] RX< read:359]ME out fid 17970
[03:57:05.758] RX< [34m[AE] fid=18000,exp=11840,adg=300,Y=4489,mtg=180,shg=100,bgbv=1198,iso=300,cnv2,hdr0
[03:57:05.758] RX< [0m[34m[b_ae0 proc] perf=1040(us), max=2396(us)!
[03:57:05.758] RX< [0m[34m[awb0 proc] perf=3910(us), max=4121(us)!
[03:57:05.758] RX< [0m[RTMP] slow send frame 17945 len=18
[03:57:06.127] RX< 063 dt=1533ms
[03:57:06.127] RX< [34m[ME INTP]fid=18000, shutter=11840, perf=6(us), max=3319(us)!
[03:57:06.127] RX< [0m[RTMP] slow send frame 17949 len=18109 dt=160ms
[03:57:06.127] RX< [RTMP] slow send frame 17952 len=12591 dt=55ms
[03:57:06.127] RX< [7] [cam] [1019150][me0][me_core_thread:359]ME out fid 18000
[03:57:06.127] RX< [RTMP] slow send
[03:57:06.739] RX<  frame 17953 len=17334 dt=67ms
[03:57:06.739] RX< [RTMP] slow send frame 17955 len=16485 dt=105ms
[03:57:06.739] RX< [RTMP] slow send frame 17962 len=16433 dt=99ms
[03:57:06.739] RX< [RTMP] slow send frame 17964 len=16327 dt=118ms
[03:57:06.739] RX< [34m[AE] fid=18030,exp=11850,adg=300,Y=4442,mtg=180,shg=100,bgbv=1186,iso=300,cnv
[03:57:07.092] RX< 2,hdr0
[03:57:07.092] RX< [0m[4] [cam] [1019828][qpc0][qpc_core_exception_check:405]discontinuous frame, now: 18031, last: 18029
[03:57:07.092] RX< [RTMP] slow send frame 17972 len=14624 dt=57ms
[03:57:07.092] RX< [RTMP] slow send frame 17978 len=15875 dt=89ms
[03:57:07.092] RX< [7] [cam] [1020150][me0][me_core_thread:359]ME out 
[03:57:07.738] RX< fid 18030
[03:57:07.738] RX< [RTMP] slow send frame 17980 len=11410 dt=154ms
[03:57:07.738] RX< [RTMP] slow send frame 17982 len=16893 dt=78ms
[03:57:07.738] RX< [RTMP] slow send frame 17984 len=16428 dt=68ms
[03:57:07.738] RX< [RTMP] slow send frame 17994 len=17789 dt=73ms
[03:57:07.738] RX< [34m[AE] fid=18060,exp=11860,adg=300,Y=4426,mtg=180,shg=
[03:57:08.096] RX< 100,bgbv=1182,iso=300,cnv2,hdr0
[03:57:08.096] RX< [0m[RTMP] slow send frame 17999 len=13307 dt=118ms
[03:57:08.096] RX< [RTMP] f_index = 18000, f_len = 13204
[03:57:08.096] RX< [RTMP] slow send frame 18001 len=71870 dt=86ms (IDR)
[03:57:08.096] RX< [RTMP] slow send frame 18008 len=19036 dt=109ms
[03:57:08.096] RX< [7] [cam] [1021153][me0][me_core_
[03:57:08.742] RX< thread:359]ME out fid 18060
[03:57:08.742] RX< [RTMP] slow send frame 18022 len=15084 dt=83ms
[03:57:08.742] RX< [RTMP] slow send frame 18029 len=17341 dt=91ms
[03:57:08.742] RX< [34m[AE] fid=18090,exp=11980,adg=300,Y=4409,mtg=180,shg=100,bgbv=1165,iso=300,cnv2,hdr0
[03:57:08.742] RX< [0m[34m[b_ae0 proc] perf=1005(us), max=1364
[03:57:09.062] RX< (us)!
[03:57:09.062] RX< [0m[34m[awb0 proc] perf=3821(us), max=3935(us)!
[03:57:09.062] RX< [0m[RTMP] slow send frame 18031 len=67079 dt=190ms (IDR)
[03:57:09.062] RX< [RTMP] slow send frame 18032 len=21923 dt=80ms
[03:57:09.062] RX< [RTMP] slow send frame 18034 len=13354 dt=111ms
[03:57:09.062] RX< [RTMP] slow send frame 18037 len=17270 dt=80ms
[03:57:09.751] RX< 
[03:57:09.751] RX< [7] [cam] [1022150][me0][me_core_thread:359]ME out fid 18090
[03:57:09.751] RX< [RTMP] slow send frame 18038 len=11853 dt=64ms
[03:57:09.751] RX< [RTMP] slow send frame 18053 len=11948 dt=78ms
[03:57:09.751] RX< [RTMP] slow send frame 18061 len=74852 dt=86ms (IDR)
[03:57:09.751] RX< [34m[AE] fid=18120,exp=12090,adg=300,Y=4403,mt
[03:57:10.078] RX< g=180,shg=100,bgbv=1151,iso=300,cnv2,hdr0
[03:57:10.078] RX< [0m[RTMP] slow send frame 18062 len=16119 dt=66ms
[03:57:10.078] RX< [34m[ME INTP]fid=18120, shutter=12090, perf=237(us), max=1863(us)!
[03:57:10.078] RX< [0m[RTMP] slow send frame 18071 len=12475 dt=64ms
[03:57:10.078] RX< [7] [cam] [1023150][me0][me_core_thread:359]
[03:57:10.319] RX< ME out fid 18120
[03:57:10.319] RX< [RTMP] f_index = 18090, f_len = 16903
[03:57:10.319] RX< [4] [cam] [1023294][qpc0][qpc_core_exception_check:411]interp not finish in sof, fid: 18134
[03:57:10.319] RX< [4] [cam] [1023327][qpc0][qpc_core_exception_check:405]discontinuous frame, now: 18136, last: 18134
[03:57:10.319] RX< [RTMP] sl
[03:57:10.474] RX< ow send frame 18091 len=74765 dt=93ms (IDR)
[03:57:10.474] RX< [4] [cam] [1023427][qpc0][qpc_core_exception_check:405]discontinuous frame, now: 18139, last: 18137
[03:57:10.474] RX< [RTMP] slow send frame 18095 len=15248 dt=54ms
[03:57:10.474] RX< [4] [cam] [1023530][qpc0][qpc_core_exception_check:405]discontinu
[03:57:10.711] RX< ous frame, now: 18142, last: 18140
[03:57:10.711] RX< [4] [cam] [1023741][qpc0][qpc_core_exception_check:411]interp not finish in sof, fid: 18146
[03:57:10.711] RX< [4] [cam] [1023742][qpc0][qpc_core_exception_check:411]interp not finish in sof, fid: 18146
[03:57:10.711] RX< [4] [cam] [1023768][qpc0][qpc_core_e
[03:57:10.741] RX< xception_check:405]discontinuous frame, now: 18148, last: 18146
[03:57:10.741] RX< [4] [cam] [1023796][qpc0][qpc_core_exception_check:405]discontinuous frame, now: 18150, last: 18148
[03:57:10.741] RX< [34m[AE] fid=18150,exp=12130,adg=300,Y=4421,mtg=180,shg=100,bgbv=1150,iso=300,cnv2,hdr0
[03:57:10.741] RX< [0
[03:57:11.742] RX< m[4] [cam] [1023961][qpc0][qpc_core_exception_check:405]discontinuous frame, now: 18155, last: 18153
[03:57:11.742] RX< [7] [cam] [1024150][me0][me_core_thread:359]ME out fid 18150
[03:57:11.742] RX< [RTMP] slow send frame 18165 len=11269 dt=100ms
[03:57:11.742] RX< [34m[AE] fid=18180,exp=11650,adg=300,Y=4500,m
[03:57:12.079] RX< tg=180,shg=100,bgbv=1221,iso=300,cnv2,hdr0
[03:57:12.079] RX< [0m[34m[b_ae0 proc] perf=1048(us), max=2405(us)!
[03:57:12.079] RX< [0m[34m[awb0 proc] perf=3800(us), max=4799(us)!
[03:57:12.079] RX< [0m[RTMP] slow send frame 18169 len=15500 dt=59ms
[03:57:12.079] RX< [RTMP] f_index = 18180, f_len = 14499
[03:57:12.079] RX< [7] [cam] [1025150][me
[03:57:13.737] RX< 0][me_core_thread:359]ME out fid 18180
[03:57:13.737] RX< [34m[AE] fid=18210,exp=11350,adg=300,Y=4596,mtg=180,shg=100,bgbv=1264,iso=300,cnv2,hdr0
[03:57:13.737] RX< [0m[7] [cam] [1026149][me0][me_core_thread:359]ME out fid 18210
[03:57:13.737] RX< [34m[AE] fid=18240,exp=11250,adg=300,Y=4475,mtg=180,shg=100,bg
[03:57:14.742] RX< bv=1255,iso=300,cnv2,hdr0
[03:57:14.742] RX< [0m[34m[ME INTP]fid=18240, shutter=11250, perf=6(us), max=21094(us)!
[03:57:14.742] RX< [0m[7] [cam] [1027149][me0][me_core_thread:359]ME out fid 18240
[03:57:14.742] RX< [34m[AE] fid=18270,exp=11280,adg=300,Y=4466,mtg=180,shg=100,bgbv=1251,iso=300,cnv2,hdr0
[03:57:14.742] RX< [0m
[03:57:15.676] RX< [34m[b_ae0 proc] perf=1123(us), max=1797(us)!
[03:57:15.676] RX< [0m[34m[awb0 proc] perf=3869(us), max=4089(us)!
[03:57:15.676] RX< [0m[RTMP] f_index = 18270, f_len = 15115
[03:57:15.676] RX< [7] [cam] [1028149][me0][me_core_thread:359]ME out fid 18270
[03:57:15.676] RX< rtmp_video_stop
[03:57:15.676] RX< [RTMP] Stop requested
[03:57:15.676] RX< msh /emmc>echo "__
[03:57:15.695] RX< EVBTEST_[RTMP] Push Stop: total frames = 18289
[03:57:15.695] RX< [6] [cam] [1028750][RtmpSend][sensor_stream_off:1188]sensor [1]: stream_off
[03:57:15.695] RX< [6] [cam] [1028751][RtmpSend][sensor_stream_off:1217]sensor [1]: REG: 0x100, W:0x0.
[03:57:15.695] RX< [6] [cam] [1028751][RtmpSend][sensor_stream_off:
[03:57:15.720] RX< 1219]sensor [1]: REG: 0x100, R:0x0.
[03:57:15.720] RX< [6] [cam] [1028786][RtmpSend][csc_prv_stop:983]ok! phys_id[1], phys_num[1], stop_type = 0
[03:57:15.720] RX< [6] [cam] [1028786][RtmpSend][cam_stop:1058]preview stop ok! logic_id[0]
[03:57:15.720] RX< [34m[cam stop] perf=36743(us)!
[03:57:15.720] RX< [0m[6] [App Cam] cam s
[03:57:15.721] RX< top success
[03:57:15.721] RX< Total of 18290 frames encoded, 305648123 bytes, max_workbuffer_used: 4960256 bytes
[03:57:15.721] RX< [6] [App Cam] hevc_encoder_deinit success
[03:57:15.721] RX< [7] [cam] [1028791][RtmpSend][cam_cpm_core_power_off:467]id,0 type,1 ret 0
[03:57:15.721] RX< [6] [cam] [1028792][sif0][sif_irq_proc:174
[03:57:15.724] RX< ]thread release cid,0
[03:57:15.724] RX< [6] [cam] [1028792][RtmpSend][cam_sif_mgr_deinit:316]X
[03:57:15.724] RX< [6] [cam] [1028793][RtmpSend][cam_deinit:887]deinit ok! logic_id[0]
[03:57:15.724] RX< [34m[cam deinit] perf=1325(us)!
[03:57:15.724] RX< [0m[6] [App Cam] cam deinit success
[03:57:15.724] RX< [6] [cam] [1028793][RtmpSend][sensor_cl
[03:57:15.724] RX< ose:1292]sensor [1]: close!
[03:57:15.724] RX< [6] [cam] [1028794][RtmpSend][cam_bm_core_deinit:136]X
[03:57:15.724] RX< [6] [cam] [1028794][me0][me_core_thread:404]thread release cid,0
[03:57:15.724] RX< [6] [cam] [1028795][RtmpSend][cam_me_core_deinit:1551]X
[03:57:15.724] RX< [6] [cam] [1028795][fe0][fe_core_irq_proc:121]thre
[03:57:15.727] RX< ad release cid,0
[03:57:15.727] RX< [6] [cam] [1028796][RtmpSend][cam_fe_core_deinit:536]X
[03:57:15.727] RX< [6] [cam] [1028796][b_3a_sts][bayer_stats_core_irq_proc:193]thread release cid,0
[03:57:15.727] RX< [6] [cam] [1028797][RtmpSend][cam_bayer_stats_core_deinit:512]X
[03:57:15.727] RX< [6] [cam] [1028797][b_ae0][a5_core_wr
[03:57:15.729] RX< apper_task:315]thread release cid,0,algo,0
[03:57:15.729] RX< [6] [cam] [1028798][RtmpSend][bayer_ae_wrapper_deinit:204]X
[03:57:15.729] RX< [6] [cam] [1028798][atf0][a5_core_wrapper_task:315]thread release cid,0,algo,1
[03:57:15.729] RX< [6] [cam] [1028798][RtmpSend][atf_wrapper_deinit:153]X
[03:57:15.729] RX< [6] [cam] [102879
[03:57:15.730] RX< 8][awb0][a5_core_wrapper_task:315]thread release cid,0,algo,2
[03:57:15.730] RX< [6] [cam] [1028799][RtmpSend][awb_wrapper_deinit:153]X
[03:57:15.730] RX< [6] [cam] [1028799][RtmpSend][cam_5a_core_deinit:555]X
[03:57:15.730] RX< [6] [cam] [1028800][RtmpSend][cam_5a_inf_deinit:149]X
[03:57:15.730] RX< [6] [cam] [1028800][qpc0][qp
[03:57:15.732] RX< c_core_msg_proc:705]thread release cid,0
[03:57:15.732] RX< [6] [cam] [1028800][RtmpSend][qpc_core_deinit:1413]X
[03:57:15.732] RX< [6] [cam] [1028800][RtmpSend][cam_cpm_core_deinit:1248]X
[03:57:15.732] RX< [6] [cam] [1028801][RtmpSend][csc_close:656]ok! phys_id[1], phys_num[1]
[03:57:15.732] RX< [7] [cam] [1028801][cer0][cer_r
[03:57:15.732] RX< ecovery_proc:352]msg type = 254
[03:57:15.732] RX< [6] [cam] [1028802][cer0][cer_recovery_proc:454]thread release cid,0
[03:57:15.732] RX< [6] [cam] [1028802][RtmpSend][cer_deinit:560]X
[03:57:15.732] RX< [6] [cam] [1028802][RtmpSend][cam_close:789]close ok! logic_id[0]
[03:57:15.732] RX< [34m[cam close] perf=9150(us)!
[03:57:15.732] RX< [0m[6]
[03:57:15.748] RX<  [App Cam] cam close success
[03:57:15.748] RX< [6] [cam] [1028803][cpl0][cam_prelude_proc_routine:136]thread release
[03:57:15.748] RX< [6] [cam] [1028804][RtmpSend][cam_exit:571]exit ok!
[03:57:15.748] RX< [34m[cam exit] perf=574(us)!
[03:57:15.748] RX< [0m[6] [App Cam] cam exit success
[03:57:15.748] RX< [RTMP] disconnected
[03:57:15.748] RX< [RTMP] disconnecte
[03:57:15.861] TX> rtmp_video_stop
[03:57:15.861] TX> echo "__EVBTEST_END_bb1469d2__"
[03:57:17.750] RX< d
[03:57:17.750] RX< END_bb1469d2__"
[03:57:17.750] RX< __EVBTEST_END_bb1469d2__
[03:57:17.750] RX< msh /emmc>
