[03:45:46.343] TX> 
[03:45:47.345] TX> 
[03:45:48.344] RX< 
[03:45:48.344] RX< msh />
[03:45:48.344] RX< msh />
[03:45:48.547] TX> echo "EVBTEST_HELLO"
[03:45:48.547] TX> echo "__EVBTEST_END_05b26b17__"
[03:45:50.347] RX< echo "EVBTEST_HELLO"
[03:45:50.347] RX< EVBTEST_HELLO
[03:45:50.347] RX< msh />echo "__EVBTEST_END_05b26b17__"
[03:45:50.347] RX< __EVBTEST_END_05b26b17__
[03:45:50.347] RX< msh />
[03:45:50.551] TX> cd /
[03:45:50.551] TX> echo "__EVBTEST_END_de0e1c67__"
[03:45:52.349] RX< cd /
[03:45:52.349] RX< msh />echo "__EVBTEST_END_de0e1c67__"
[03:45:52.349] RX< __EVBTEST_END_de0e1c67__
[03:45:52.349] RX< msh />
[03:45:52.553] TX> dfs_video_stop
[03:45:52.553] TX> echo "__EVBTEST_END_761bc921__"
[03:45:54.352] RX< dfs_video_stop
[03:45:54.352] RX< [6] [App Dfs] Please start recording the video first.
[03:45:54.352] RX< msh />echo "__EVBTEST_END_761bc921__"
[03:45:54.352] RX< __EVBTEST_END_761bc921__
[03:45:54.352] RX< msh />
[03:45:57.526] RX< wifi scan
[03:45:57.526] RX<              SSID                      MAC            security    rssi chn Mbps
[03:45:57.526] RX< ------------------------------- -----------------  -------------- ---- --- ----
[03:45:57.526] RX< HUAWEI-X1E3WU                   42:17:a3:f1:cf:49  WPA2_AES_PSK   -48    1  144
[03:45:57.526] RX< grav
[03:45:57.665] TX> wifi scan
[03:45:57.665] TX> echo "__EVBTEST_END_9c985a57__"
[03:45:57.707] RX< ityXR                       f4:e4:51:83:d5:b0  WPA2_AES_PSK   -66    1  144
[03:45:57.707] RX< G-Demo                          f4:e4:51:83:d5:b2  WPA2_AES_PSK   -67    1  144
[03:45:57.707] RX<  Gwireless                      f4:e4:51:83:d5:b1  WPA2_AES_PSK   -66    1  144
[03:45:57.707] RX< ftp_test_2_4G    
[03:45:58.063] RX<                62:ed:11:f2:02:a7  WPA2_AES_PSK   -46    5  144
[03:45:58.063] RX< gravityXR                       f4:e4:51:83:d5:50  WPA2_AES_PSK   -48   13  144
[03:45:58.063] RX< SW-test-2.4G                    f8:ce:21:8b:a6:fc  WPA2_AES_PSK   4     13  600
[03:45:58.063] RX<  Gwireless                    
[03:45:59.607] RX<   f4:e4:51:83:d5:51  WPA2_AES_PSK   -49   13  144
[03:45:59.607] RX< G-Demo                          f4:e4:51:83:d5:52  WPA2_AES_PSK   -48   13  144
[03:45:59.607] RX< GTS_24G                         a4:a9:30:fb:94:34  WPA2_AES_PSK   -50   11  288
[03:45:59.607] RX< msh />echo "__EVBTEST_END_9c985a57__"
[03:45:59.607] RX< __EVB
[03:46:01.609] RX< TEST_END_9c985a57__
[03:46:01.609] RX< msh />
[03:46:14.318] TX> wifi join SW-test-2.4G tuf@3600
[03:46:14.318] TX> echo "__EVBTEST_END_d92adbb1__"
[03:46:15.625] RX< wifi join SW-test-2.4G tuf@3600
[03:46:19.628] RX< [32m[I/WLAN.mgnt] wifi connect success ssid:SW-test-2.4G[0m
[03:46:19.628] RX< msh />echo "__EVBTEST_END_d92adbb1__"
[03:46:19.628] RX< __EVBTEST_END_d92adbb1__
[03:46:19.628] RX< msh />
[03:46:23.633] RX< [32m[I/WLAN.lwip] Got IP address : 192.168.1.101[0m
[03:46:28.652] RX< ifconfig
[03:46:28.652] RX< network interface device: w0 (Default)
[03:46:28.652] RX< MTU: 1500
[03:46:28.652] RX< MAC: 8c ea 12 ba a8 2c 
[03:46:28.652] RX< FLAGS: UP LINK_UP INTERNET_DOWN DHCP_ENABLE ETHARP BROADCAST IGMP
[03:46:28.652] RX< ip address: 192.168.1.101
[03:46:28.652] RX< gw address: 192.168.1.3
[03:46:28.652] RX< net mask  : 255.255.255.0
[03:46:28.652] RX< dns server #0: 192.168.1.3
[03:46:28.668] RX< dns server #1: 0.0.0.0
[03:46:28.668] RX< 
[03:46:28.668] RX< network interface device: w1
[03:46:28.668] RX< MTU: 1500
[03:46:28.668] RX< MAC: 8e ea 12 ba a8 2c 
[03:46:28.668] RX< FLAGS: UP LINK_DOWN INTERNET_DOWN DHCP_ENABLE ETHARP BROADCAST IGMP
[03:46:28.668] RX< ip address: 0.0.0.0
[03:46:28.668] RX< gw address: 0.0.0.0
[03:46:28.668] RX< net mask  : 0.0.0.0
[03:46:28.668] RX< dns server #0: 192.168.1.3
[03:46:28.668] RX< dns serv
[03:46:28.851] TX> ifconfig
[03:46:28.851] TX> echo "__EVBTEST_END_4d02fe7d__"
[03:46:30.671] RX< er #1: 0.0.0.0
[03:46:30.671] RX< msh />echo "__EVBTEST_END_4d02fe7d__"
[03:46:30.671] RX< __EVBTEST_END_4d02fe7d__
[03:46:30.671] RX< msh />
[03:46:30.875] TX> cd /emmc
[03:46:30.875] TX> echo "__EVBTEST_END_75583119__"
[03:46:32.674] RX< cd /emmc
[03:46:32.674] RX< msh /emmc>echo "__EVBTEST_END_75583119__"
[03:46:32.674] RX< __EVBTEST_END_75583119__
[03:46:32.674] RX< msh /emmc>
[03:46:32.877] TX> ftp_server
[03:46:32.877] TX> echo "__EVBTEST_END_bdbffeb7__"
[03:46:34.676] RX< ftp_server
[03:46:34.676] RX< 
[03:46:34.676] RX< [FTP] Ftp server init success!!!
[03:46:34.676] RX< msh /emmc>echo "__EVBTEST_END_bdbffeb7__"
[03:46:34.676] RX< __EVBTEST_END_bdbffeb7__
[03:46:34.676] RX< msh /emmc>
[03:46:38.680] RX< [32m[I/ftp] service launched success.[0m
[03:46:42.343] TX> cam_set photo auto
[03:46:42.343] TX> echo "__EVBTEST_END_20f4485d__"
[03:46:42.683] RX< cam_set photo auto
[03:46:42.683] RX< [6] [App Dfs] auto mode
[03:46:42.683] RX< msh /emmc>echo "__EVBTEST_END_20f4485d__"
[03:46:42.683] RX< __EVBTEST_END_20f4485d__
[03:46:42.683] RX< msh /emmc>
[03:46:43.702] RX< dfs_capture_start
[03:46:43.702] RX< [7] [cam] [63377][tshell][cgm_parse_bin:105]total logical camera num: 1
[03:46:43.702] RX< [6] [cam] [63377][tshell][cam_prelude_create:187]E id, 0
[03:46:43.702] RX< [7] [cam] [63377][cpl0][cam_prelude_proc_routine:101]thread start
[03:46:43.702] RX< [6] [cam] [63378][tshell][cam_prelude_crea
[03:46:43.704] RX< te:214]X ctx size 124 addr 0x88480c28
[03:46:43.704] RX< [6] [cam] [63384][tshell][sensor_probe:418]sensor [1]: identifing 0 success.
[03:46:43.704] RX< [6] [cam] [63385][tshell][sensor_probe:441]sensor [1]: probe exit!
[03:46:43.704] RX< [6] [cam] [63385][tshell][cam_prelude_fast_probe:251]cam: 0 probe result:
[03:46:43.705] RX<  0
[03:46:43.705] RX< [6] [cam] [63386][tshell][cgm_parse_bin:215]cam(0) probe success
[03:46:43.705] RX< [6] [cam] [63386][tshell][cam_entry:435]entry ok
[03:46:43.705] RX< [34m[cam entry] perf=9614(us)!
[03:46:43.705] RX< [0m[6] [App Cam] cam entry success
[03:46:43.705] RX< [36mmem_laySolv: scenario=01 in=4032x3024, me_rotate=1 me_stripe=1 
[03:46:43.707] RX< 
[03:46:43.707] RX< [0m[36mmem_laySolv: me_rot 1, me_stripe 1, eis 0, be_rot 0
[03:46:43.707] RX< [0mscen1 type26 bufAdr 0x89d40b70 sz 0x1400000 reCfg for bound!
[03:46:43.707] RX< [36mmem_laySolv: scen01 20 entries solved OK!
[03:46:43.707] RX< [0m[7] [cam] [63388][tshell][cam_solve_whole_layout:355]
[03:46:43.707] RX< scen1: vol 0x8c000000 
[03:46:43.707] RX< rbuf 0x8a000000 sz 0x1400000 wbuf 0x8b400000 sz 0x200000
[03:46:43.707] RX< [36mmem_laySolv: scenario=02 in=2016x1512, me_rotate=0 me_stripe=0 
[03:46:43.707] RX< [0m[36mmem_laySolv: me_rot 0, me_stripe 0, eis 0, be_rot 0
[03:46:43.707] RX< [0mscen2 type15 bufAdr 0x89ce3ef0 sz 0xd00000 reCfg for bound!
[03:46:43.707] RX< [3
[03:46:43.710] RX< 6mmem_laySolv: scen02 14 entries solved OK!
[03:46:43.710] RX< [0m[36mmem_laySolv: scenario=03 in=4032x2268, me_rotate=1 me_stripe=0 
[03:46:43.710] RX< [0m[36mmem_laySolv: me_rot 1, me_stripe 0, eis 0, be_rot 0
[03:46:43.710] RX< [0m[36mmem_laySolv: scen03 14 entries solved OK!
[03:46:43.710] RX< [0m[36mmem_laySolv: sce
[03:46:43.710] RX< nario=04 in=4032x3024, me_rotate=1 me_stripe=1 
[03:46:43.710] RX< [0m[36mmem_laySolv: me_rot 1, me_stripe 1, eis 0, be_rot 0
[03:46:43.710] RX< [0m[36mmem_laySolv: scen04 14 entries solved OK!
[03:46:43.710] RX< [0m[36mmem_laySolv: scenario=05 in=1008x0756, me_rotate=0 me_stripe=0 
[03:46:43.710] RX< [0m[36mmem_laySolv:
[03:46:43.713] RX<  me_rot 0, me_stripe 0, eis 0, be_rot 0
[03:46:43.713] RX< [0m[36mmem_laySolv: scen05 17 entries solved OK!
[03:46:43.713] RX< [0m[36mmem_laySolv: scenario=06 in=1008x0720, me_rotate=0 me_stripe=0 
[03:46:43.713] RX< [0m[36mmem_laySolv: me_rot 0, me_stripe 0, eis 0, be_rot 0
[03:46:43.713] RX< [0m[36mmem_laySolv: scen06 
[03:46:43.713] RX< 12 entries solved OK!
[03:46:43.713] RX< [0m[36mmem_laySolv: scenario=01 in=4032x3024, me_rotate=1 me_stripe=1 
[03:46:43.713] RX< [0mscen1 type26 bufAdr 0x89d40b70 sz 0x1400000 reCfg for bound!
[03:46:43.713] RX< [36mmem_laySolv: scen01 20 entries solved OK!
[03:46:43.713] RX< [0m[7] [cam] [63395][tshell][cam_solve_whole_l
[03:46:43.715] RX< ayout:383]Solve Whole-layout Done!
[03:46:43.715] RX< [6] [cam] [63396][tshell][cgm_parse_media_para:271]phy cam num: 1
[03:46:43.715] RX< [7] [cam] [63396][cer0][cer_recovery_proc:343]thread start cid, 0
[03:46:43.715] RX< [6] [cam] [63396][tshell][csc_open:443]SENSOR MCLK cal: 24MHz
[03:46:43.715] RX< [6] [cam] [63397][tshell]
[03:46:43.716] RX< [csc_isp_clk_cal:344]MIPI CLK cal: 346MHz
[03:46:43.716] RX< [6] [cam] [63397][tshell][csc_isp_clk_cal:371]LITE CLK cal: 28MHz
[03:46:43.716] RX< [7] [cam] [63398][tshell][cpc_csi_rx_power_on:633]E id: 2
[03:46:43.716] RX< [4] [cam] [63398][tshell][cpc_csi_rx_power_on:644]csi_2 has already power on, STATUS: 1
[03:46:43.722] RX< [6] [cam] [63398][tshell][cpc_update_clock:603]actual SNS mclk: 24MHz
[03:46:43.722] RX< [6] [cam] [63399][tshell][cpc_update_clock:608]actual MIPI0: 500MHz
[03:46:43.722] RX< [6] [cam] [63399][tshell][cpc_update_clock:598]actual LITE clk: 50MHz
[03:46:43.722] RX< [7] [cam] [63399][tshell][cam_prelude_open:297]
[03:46:43.722] RX< [34msnsOpen camID1 csiID0 phyIdx0[0m
[03:46:43.722] RX< [6] [cam] [63404][tshell][sensor_expo_gain_match:48]sensor get sensor expo gain of imx681_vst
[03:46:43.722] RX< [6] [cam] [63404][tshell][sensor_open:684]sensor [1] open OK.
[03:46:43.722] RX< [6] [cam] [63405][tshell][cam_cpm_parse_media:280]photo sce
[03:46:43.725] RX< nario, media para[mfnr:0, hdr:0, capture_num:0]
[03:46:43.725] RX< [6] [cam] [63405][tshell][cam_cpm_parse_media:283]photo scenario, media para[iso:0, gain:0, wb_mode:0]
[03:46:43.725] RX< [6] [cam] [63406][tshell][csc_isp_clk_cal:353]FE CLK cal: 426MHz, ME CLK cal: 462MHz, FE/ME CLK cal: 508
[03:46:43.725] RX< MHz
[03:46:43.725] RX< [6] [cam] [63406][tshell][csc_isp_clk_cal:360]BE CLK cal: 401MHz
[03:46:43.725] RX< [4] [cam] [63407][tshell][cam_fe_core_power_on:269]fe pipe has already power on, STATUS: 1
[03:46:43.725] RX< [6] [cam] [63407][tshell][cpc_update_clock:588]actual FE/ME clk: 550MHz
[03:46:43.725] RX< [4] [cam] [63408][tshe
[03:46:43.728] RX< ll][cam_be_core_power_on:964]be pipe has already power on, STATUS: 1
[03:46:43.728] RX< [6] [cam] [63408][tshell][cpc_update_clock:593]actual BE clk: 500MHz
[03:46:43.728] RX< [7] [cam] [63409][tshell][cam_cpm_core_power_on:425]id,0 type,1 ret 0
[03:46:43.728] RX< [6] [cam] [63409][tshell][cam_cpm_core_init:914
[03:46:43.728] RX< ]E id,0 sensor type,1
[03:46:43.728] RX< [6] [cam] [63410][tshell][cpm_core_check_tuningbin:854]Tuning bin crc check PASS! sum 0xc9b121ad, xor 0x29d57d51
[03:46:43.728] RX< [6] [cam] [63410][tshell][qpc_tuning_check_iqbin_validness:396]IQ bin addr: 0x8869de60, project_name: capture_12M
[03:46:43.728] RX< [6] [
[03:46:43.731] RX< cam] [63411][tshell][qpc_tuning_check_iqbin_validness:397]total_size: 107856
[03:46:43.731] RX< [6] [cam] [63412][tshell][qpc_tuning_check_iqbin_validness:398]id_count: 93. ID_TOTAL: 94
[03:46:43.731] RX< [6] [cam] [63412][tshell][qpc_tuning_check_iqbin_validness:399]spinel tuning data ver: V
[03:46:43.731] RX< 1.30
[03:46:43.731] RX< [6] [cam] [63413][tshell][cpm_core_check_tuningbin:868]IQ bin check success!
[03:46:43.731] RX< [6] [cam] [63413][tshell][cam_bm_core_init:94]E
[03:46:43.731] RX< [6] [cam] [63414][tshell][bm_lab_init:174]X ctx size 4 addr 0x88451640
[03:46:43.731] RX< [6] [cam] [63414][tshell][cam_bm_core_init:114]X ctx 
[03:46:43.738] RX< size 180 addr 0x88483788
[03:46:43.738] RX< [6] [cam] [63414][tshell][qpc_core_init:1218]E id,0
[03:46:43.738] RX< [6] [cam] [63415][tshell][qpc_queue_init:65]QPC 892]preset capCfg 200 3 4
[03:46:43.738] RX<  ol 0x88484738
[03:46:43.738] RX< [6] [cam] [63415][tshell][_qpc_get_cap_cfg_para:892]preset capCfg 200 3 4
[03:46:43.738] RX< [7] [cam] [634
[03:46:43.738] RX< 16][tshell][_qpc_cfg_hdr_frms:840]hdr preset - gainThres 1600
[03:46:43.738] RX< FrmNB:	TNR	|EV-	|EV0	|EV+
[03:46:43.738] RX< LDR:	 3	| 5	| -	| 3
[03:46:43.738] RX< LLLDR:	 3	| 5	| -	| 3
[03:46:43.738] RX< HDR:	 3	| 5	| 3	| 1
[03:46:43.738] RX< LLHDR:	 3	| 5	| 3	| 1
[03:46:43.738] RX< 
[03:46:43.738] RX< [6] [cam] [63421][tshell][qpc_core_init:1264]X ctx size 3800 addr 0x88483850
[03:46:43.738] RX< [6] [c
[03:46:43.743] RX< am] [63421][tshell][cpm_core_get_param:666]cpm para chk: tunBin-w 4000 h 3000 img-w 4032 h 3024
[03:46:43.743] RX< [6] [cam] [63422][tshell][cam_fe_core_init:436]E id,0
[03:46:43.743] RX< [6] [cam] [63422][tshell][cam_fe_core_init:490]X ctx size 100 addr 0x884952c8
[03:46:43.743] RX< [7] [cam] [63423][tshell][
[03:46:43.743] RX< qpc_core_fe_chords_init:1659][34mqpc fe init snsOut w 4032 h 3024, tbl w 28 h 20[0m
[03:46:43.743] RX< [6] [cam] [63423][tshell][cam_me_core_init:1474]X ctx size 1352 addr 0x88497630
[03:46:43.743] RX< [34m[ME SLICE CFG] perf=1528(us)!
[03:46:43.743] RX< [0m[6] [cam] [63426][tshell][cam_bayer_fe_3a_stats_co
[03:46:43.745] RX< re_init:445]fe 3a id,0
[03:46:43.745] RX< [6] [cam] [63426][tshell][cam_bayer_fe_3a_stats_core_init:490]X ctx size 132 addr 0x884a0050
[03:46:43.745] RX< [6] [cam] [63427][tshell][cam_be_core_init:618]E id,0
[03:46:43.745] RX< [7] [cam] [63427][be0][be_core_irq_proc:267]thread start cid,0
[03:46:43.745] RX< [6] [cam] [63428][tsh
[03:46:43.746] RX< ell][cam_be_core_init:710]X ctx size 464 addr 0x884a03e0
[03:46:43.746] RX< [6] [cam] [63428][tshell][cam_lite_core_init:433]E id,0
[03:46:43.746] RX< [7] [cam] [63428][lite0][lite_core_irq_proc:152]thread start cid,0
[03:46:43.746] RX< [6] [cam] [63428][tshell][cam_lite_core_init:497]X ctx size 164 addr 0x884a
[03:46:43.750] RX< 2e30
[03:46:43.750] RX< [6] [cam] [63429][tshell][awb_wrapper_init:66]xxx awb_bin=0x88486e24, awb_bin_length=8068
[03:46:43.750] RX< [6] [cam] [63429][tshell][awb_wrapper_init:86]X algo_handle 0x884aae68
[03:46:43.750] RX< [7] [cam] [63430][awb0][a5_core_wrapper_task:252]thread start cid,0 algo type,2
[03:46:43.750] RX< [6] [cam
[03:46:43.750] RX< ] [63430][tshell][a5_core_init_task:426]thread created: awb0 mq=0x884ad160 thread=0x884ad278 sem=0x884ad0f0 ret=0
[03:46:43.750] RX< [6] [cam] [63431][tshell][bayer_ae_wrapper_init:68]E id,0 proc mode 1 
[03:46:43.750] RX< 
[03:46:43.750] RX< [AEC Proc] @[allib_ae_set_debug_log_flag] Line:129:[DEBUG] debug leve
[03:46:43.753] RX< l/to_file/to_terminal: 22/1/1
[03:46:43.753] RX< [AEC Proc] @[AeInit] Line:377:[INFO] AE ver: 2026_V2.269
[03:46:43.753] RX< 
[03:46:43.753] RX< [AEC Proc] @[allib_ae_loadfunc] Line:193:[INFO] camera ID: 0
[03:46:43.753] RX< [AEC Proc] @[AeInit] Line:404:[DEBUG] init imu detector sucessed!
[03:46:43.753] RX< [AEC Proc] @[AeInit] Line:406:[DEBUG] i
[03:46:43.753] RX< mu init errcode:0
[03:46:43.753] RX< [AEC Proc] @[alAE_set_param] Line:575:[DEBUG] sw_maxtime 66381 ,pertline 9444, after check sensor step sw_max_time 66375.00
[03:46:43.753] RX< [AEC Proc] @[alAE_set_param] Line:580:[DEBUG] sw_mintime 37 ,pertline 9444, after check sensor step sw_min_time 3
[03:46:43.755] RX< 6.00
[03:46:43.755] RX< [AEC Proc] @[alAE_set_param] Line:513:[DEBUG] DEBUG minbv exptime 9 gain 100, minExpBV 14098
[03:46:43.755] RX< [AEC Proc] @[AeTuningParseSet] Line:167:[DEBUG] aeparam version 2.268 60704
[03:46:43.755] RX< [AEC Proc] @[alAE_set_param] Line:340:[DEBUG] INITEXP gain 100, shutter 8000, mid
[03:46:43.756] RX< tonegain 100, bv 4303
[03:46:43.756] RX< [6] [cam] [63438][tshell][bayer_ae_wrapper_init:119]X tline 9444 max_exp 66381 alg_hdl 0x884afa28 
[03:46:43.756] RX< [7] [cam] [63438][b_ae0][a5_core_wrapper_task:252]thread start cid,0 algo type,0
[03:46:43.756] RX< [6] [cam] [63439][tshell][a5_core_init_task:426]thre
[03:46:43.758] RX< ad created: b_ae0 mq=0x884b6300 thread=0x884b6418 sem=0x884b6290 ret=0
[03:46:43.758] RX< [6] [cam] [63439][tshell][atf_wrapper_init:67]E id,0
[03:46:43.758] RX< [6] [cam] [63440][tshell][atf_wrapper_init:107]X alg_ctx addr 0x884b88d8
[03:46:43.758] RX< [7] [cam] [63440][atf0][a5_core_wrapper_task:252]thread st
[03:46:43.766] RX< art cid,0 algo type,1
[03:46:43.766] RX< [6] [cam] [63441][tshell][a5_core_init_task:426]thread created: atf0 mq=0x884bac30 thread=0x884bad48 sem=0x884babc0 ret=0
[03:46:43.766] RX< [6] [cam] [63441][tshell][cam_cpm_core_init:1030]X ctx size 1064 addr 0x88483350
[03:46:43.766] RX< [6] [cam] [63442][tshell][csc
[03:46:43.766] RX< _open:527]ok! phys_id[1], phys_num[1] 
[03:46:43.766] RX< [6] [cam] [63442][tshell][cam_open:699]open ok! camera_id[0]
[03:46:43.766] RX< [34m[cam open] perf=55922(us)!
[03:46:43.766] RX< [0m[6] [App Cam] cam open success
[03:46:43.766] RX< [6] [cam] [63448][tshell][csc_init:637]sensor info:size:4032x3024, formt: 0x2b, bps: 24
[03:46:43.769] RX< 96, tline: 9444
[03:46:43.769] RX< [6] [cam] [63448][tshell][cam_sif_mgr_init:261]E id,0
[03:46:43.769] RX< [7] [cam] [63449][sif0][sif_irq_proc:151]thread start cid,0
[03:46:43.769] RX< [6] [cam] [63449][tshell][cam_sif_mgr_init:293]X ctx size 52 addr 0x884d3de0
[03:46:43.769] RX< [7] [cam] [63450][tshell][sif_btm_paramSet:102]
[03:46:43.769] RX< btm lite w4032 h4032 binEn1 binRatio2
[03:46:43.769] RX< [7] [cam] [63450][tshell][sif_btm_paramSet:106]cropSlct2 x0 y0 w4032 h4032
[03:46:43.769] RX< [6] [cam] [63451][tshell][cam_prelude_init_cfg:368]CSI ID is 0,  phy lanes is 2.
[03:46:43.769] RX< [7] [cam] [63451][tshell][check_phy_ready:96]MIPI_PHY[0] is r
[03:46:43.797] RX< eady
[03:46:43.797] RX< [6] [cam] [63452][tshell][sensor_init:348]sensor [1]: register ok
[03:46:43.797] RX< [6] [cam] [63452][tshell][sensor_set_mode:852]sensor [1]: SetMode -> mode = 0.
[03:46:43.797] RX< [6] [cam] [63452][tshell][sensor_send_reg_tab_to_sensor:704]sensor [1]: send_reg_tab_to_sensor E.
[03:46:43.797] RX< [6] [c
[03:46:43.798] RX< am] [63463][tshell][sensor_send_reg_tab_to_sensor:726]sensor [1]: reg_count = 77.
[03:46:43.798] RX< [6] [cam] [63465][tshell][sensor_init:361]sensor [1]: init success.
[03:46:43.798] RX< [6] [cam] [63465][tshell][sensor_set_mode:852]sensor [1]: SetMode -> mode = 1.
[03:46:43.798] RX< [6] [cam] [63466][tshell][
[03:46:43.800] RX< sensor_send_reg_tab_to_sensor:704]sensor [1]: send_reg_tab_to_sensor E.
[03:46:43.800] RX< [6] [cam] [63481][tshell][sensor_send_reg_tab_to_sensor:726]sensor [1]: reg_count = 84.
[03:46:43.800] RX< [6] [cam] [63481][tshell][csc_init:646]ok! phys_id[1], phys_num[1]
[03:46:43.800] RX< [6] [cam] [63481][tshell][cs
[03:46:43.800] RX< c_get_bayer_single_buffer:1038]scenario_type: 1
[03:46:43.800] RX< [6] [cam] [63481][tshell][csc_set_stats_fmt:98]index 0 w 1 h 1 bw 8 wcmp 255
[03:46:43.800] RX< [7] [cam] [63482][tshell][bm_ioctl:201]BMIOC_STATS_FMT
[03:46:43.800] RX< [6] [cam] [63482][tshell][csc_set_fe_fmt:47]index 1 w 4032 h 3024 bw 10 wcm
[03:46:43.802] RX< p 0
[03:46:43.802] RX< [7] [cam] [63483][tshell][bm_ioctl:201]BMIOC_FE_FMT
[03:46:43.802] RX< [6] [cam] [63483][tshell][csc_set_lite_fmt:115]index 2 w 1008 h 720 bw 8 wcmp 255
[03:46:43.802] RX< [7] [cam] [63484][tshell][bm_ioctl:201]BMIOC_LITE_FMT
[03:46:43.802] RX< [6] [cam] [63484][tshell][csc_set_lite_fmt:115]index 21 w 1008
[03:46:43.803] RX<  h 720 bw 8 wcmp 255
[03:46:43.803] RX< [7] [cam] [63484][tshell][bm_ioctl:201]BMIOC_LITE_FMT
[03:46:43.803] RX< [6] [cam] [63485][tshell][csc_set_be_fmt:81]index 25 w 0 h 0 bw 8 wcmp 255
[03:46:43.803] RX< [7] [cam] [63485][tshell][bm_ioctl:201]BMIOC_BE_FMT
[03:46:43.803] RX< [6] [cam] [63485][tshell][csc_set_be_fmt:81]index 22
[03:46:43.805] RX<  w 480 h 360 bw 8 wcmp 255
[03:46:43.805] RX< [7] [cam] [63486][tshell][bm_ioctl:201]BMIOC_BE_FMT
[03:46:43.805] RX< [6] [cam] [63486][tshell][csc_set_me_fmt:64]index 5 w 3024 h 4032 bw 10 wcmp 0, rdma_addr 0x8919f780, wdma_addr 0x8919f780
[03:46:43.805] RX< [7] [cam] [63487][tshell][bm_ioctl:201]BMIOC_ME_FMT
[03:46:43.805] RX< [6] [cam] [63487][tshell][csc_set_me_fmt:64]index 6 w 3024 h 4032 bw 8 wcmp 255, rdma_addr 0x88795200, wdma_addr 0x8c000000
[03:46:43.805] RX< [6] [cam] [63488][tshell][cam_me_core_buffer_cfg:1367]
[03:46:43.805] RX< ----ME PIPE INFO---
[03:46:43.805] RX<  wdma_buf_num:1, rotation_en: 1
[03:46:43.805] RX< [7] [cam] [63488][tshell
[03:46:43.808] RX< ][cam_me_core_buffer_cfg:1375]yuv wdma_addr 0:0x8c000000, meta_en: 0, 0x00000000
[03:46:43.808] RX< [7] [cam] [63489][tshell][bm_ioctl:201]BMIOC_ME_FMT
[03:46:43.808] RX< [6] [cam] [63489][tshell][csc_init:654]get otp ok! phys_id[1], phys_num[1]
[03:46:43.808] RX< [6] [cam] [63490][tshell][cam_init:789]init ok
[03:46:43.808] RX< ! logic_id[0]
[03:46:43.808] RX< [34m[cam init] perf=41481(us)!
[03:46:43.808] RX< [0m[6] [App Cam] cam init success
[03:46:43.808] RX< [7] [cam] [63490][tshell][cam_cpm_core_stream_on:541]id 0 sensor type 1
[03:46:43.808] RX< [6] [cam] [63491][tshell][sensor_stream_on:979]sensor [1]: stream_on
[03:46:43.808] RX< [6] [cam] [63491][tshell][sensor
[03:46:43.827] RX< _stream_on:1007]sensor [1]: REG: 0x100, W:0x1.
[03:46:43.827] RX< [6] [cam] [63492][tshell][sensor_stream_on:1009]sensor [1]: REG: 0x100, R:0x1.
[03:46:43.827] RX< [6] [cam] [63492][tshell][csc_prv_start:783]ok! phys_id[1], phys_num[1], cam_ids[1]
[03:46:43.827] RX< [6] [cam] [63493][tshell][cam_start:897]previ
[03:46:43.827] RX< ew start ok! logic_id[0]
[03:46:43.827] RX< [34m[cam start] perf=2395(us)!
[03:46:43.827] RX< [0m[6] [App Cam] cam start success
[03:46:43.827] RX< [6] [App Dfs] Gravity_XR Capture Start
[03:46:43.827] RX< msh /emmc>echo "__EVBTEST_END_91748458__"
[03:46:43.827] RX< __EVBTEST_END_91748458__
[03:46:43.827] RX< msh /emmc>[7] [cam] [63494][b_3a_sts][bayer_stats_core_i
[03:46:43.867] RX< rq_proc:164]thread start cid,0
[03:46:43.867] RX< [7] [cam] [63494][fe0][fe_core_irq_proc:98]thread start cid,0
[03:46:43.867] RX< [34m[AE] fid=0,exp=10035,adg=319,Y=1336,mtg=100,shg=100,bgbv=2372,iso=319,cnv0,hdr0
[03:46:43.867] RX< [0m[34m[b_ae0 proc] perf=2703(us), max=2703(us)!
[03:46:43.867] RX< [0m[34m[awb0 proc] perf
[03:46:43.888] TX> dfs_capture_start
[03:46:43.888] TX> echo "__EVBTEST_END_91748458__"
[03:46:44.232] RX< =1457(us), max=1457(us)!
[03:46:44.232] RX< [0m[34m[AE conv] fid=11,exp=11385,adg=400,Y=4527,mtg=349,shg=100,bgbv=1863,iso=400,cnv1,hdr1
[03:46:44.232] RX< [0m[7] [cam] [63899][fe0][_qpc_hdr_rslt_chk:1564]
[03:46:44.232] RX< ALG: EV0 t11385 g400 | EV+ t11385 g400 | EV- t10080 g125
[03:46:44.232] RX< [6] [cam] [63900][fe0][qpc
[03:46:44.314] RX< _core_hdr_mapExp_cfg:1632]evMapExp set OK, typ:2 1 FF num:3 5 0
[03:46:44.314] RX< [34m[cap] FE sync ME @fid11 as mod2 cfg0x01, cap 8frms @fid+3
[03:46:44.314] RX< [0m[7] [cam] [63936][qpc0][qpc_core_hdr_upd_sensor:558][HDRupd]: Sns cap-0 EV:0->2 st-11385 ag-400
[03:46:44.314] RX< [6] [cam] [63982][me0][cpm_c
[03:46:44.334] RX< b_fe2me_tikChk:152]frm_length 33329us, fe2me delta 12
[03:46:44.334] RX< [7] [cam] [63982][qpc0][qpc_core_hdr_upd_me:605][HDRupd] ME cap-0 EV:0->2, dg-100
[03:46:44.334] RX< [7] [JPEG] frame num=8, pre frame=873813 Bytes
[03:46:44.334] RX< [exif] cap 0, bv 1871 exp 11385 iso 400 time 63990
[03:46:44.334] RX< [6] [cam] [64002][fe
[03:46:44.396] RX< 0][_cpm_cb_jpegInfo_proc:602]SnapStream E @ frm15!
[03:46:44.396] RX< [cap] oFrm15 Ym14337 bv1482 lux223
[03:46:44.396] RX< [32m[BE] fid=0, perf=1449(us), max=1449(us)!
[03:46:44.396] RX< [0m[7] [cam] [64039][qpc0][qpc_core_hdr_upd_sensor:558][HDRupd]: Sns cap-3 EV:2->1 st-10080 ag-125
[03:46:44.396] RX< [34m[cap] fid: me0 fe1
[03:46:44.482] RX< 6, perf=556620(us)!
[03:46:44.482] RX< [0m[7] [cam] [64049][me0][me_core_thread:322]ME out fid 0
[03:46:44.482] RX< [cap] oFrm16 Ym14832 bv1345 lux203
[03:46:44.482] RX< [cap] oFrm17 Ym14833 bv1404 lux211
[03:46:44.482] RX< [exif] cap 3, bv 1871 exp 10080 iso 125 time 64092
[03:46:44.482] RX< [cap] oFrm18 Ym5457 bv-69 lux76
[03:46:44.482] RX< [cap] oFrm19 Ym6243 bv-
[03:46:44.753] RX< 117 lux73
[03:46:44.753] RX< [cap] oFrm20 Ym6264 bv-249 lux67
[03:46:44.753] RX< [cap] oFrm21 Ym6412 bv-184 lux70
[03:46:44.753] RX< [cap] oFrm22 Ym7376 bv-1729 lux24
[03:46:44.753] RX< [6] [cam] [64269][fe0][_cpm_cb_jpegInfo_proc:610]SnapStream X @ frm23!
[03:46:44.753] RX< [34m[cap] fid: me7 fe23, perf=31340(us)!
[03:46:44.753] RX< [0m[6] [App Dfs] Gravity_XR Capt
[03:46:44.754] RX< ure Stop Success: total frames = 8
[03:46:44.754] RX< [6] [cam] [64434][DfsSend][sensor_stream_off:1143]sensor [1]: stream_off
[03:46:44.754] RX< [6] [cam] [64435][DfsSend][sensor_stream_off:1172]sensor [1]: REG: 0x100, W:0x0.
[03:46:44.754] RX< [6] [cam] [64435][DfsSend][sensor_stream_off:1174]sensor [1]: REG:
[03:46:44.757] RX<  0x100, R:0x0.
[03:46:44.757] RX< [6] [cam] [64435][DfsSend][csc_prv_stop:893]ok! phys_id[1], phys_num[1], stop_type = 0
[03:46:44.757] RX< [6] [cam] [64436][DfsSend][cam_stop:1017]preview stop ok! logic_id[0]
[03:46:44.757] RX< [34m[cam stop] perf=2429(us)!
[03:46:44.757] RX< [0m[6] [App Cam] cam stop success
[03:46:44.757] RX< [7] [cam] [64437
[03:46:44.758] RX< ][DfsSend][cam_cpm_core_power_off:457]id,0 type,1 ret 0
[03:46:44.758] RX< [6] [cam] [64437][sif0][sif_irq_proc:174]thread release cid,0
[03:46:44.758] RX< [6] [cam] [64438][DfsSend][cam_sif_mgr_deinit:316]X
[03:46:44.758] RX< [6] [cam] [64438][DfsSend][cam_deinit:846]deinit ok! logic_id[0]
[03:46:44.758] RX< [34m[cam deinit] p
[03:46:44.760] RX< erf=1221(us)!
[03:46:44.760] RX< [0m[6] [App Cam] cam deinit success
[03:46:44.760] RX< [6] [cam] [64439][DfsSend][sensor_close:1247]sensor [1]: close!
[03:46:44.760] RX< [6] [cam] [64441][DfsSend][cam_bm_core_deinit:136]X
[03:46:44.760] RX< [INFO]	cpm[0] snsType1 capMod2 cfg0x01 8frms
[03:46:44.760] RX< [head]  frmID ref 11 eff 15 sns 13 cdma 1
[03:46:44.760] RX< 4 
[03:46:44.760] RX< [AErlt] flags fid 11 isWdr 1 isConv 1 sport 0 scen 1
[03:46:44.760] RX<         info  Lux 291 Ymean 4527 nxtBV -12 bgBV 1863
[03:46:44.760] RX< [exp]   norm  st11385 adg00400 ispg00100
[03:46:44.760] RX<         short st10080 adg00125 ispg00100
[03:46:44.760] RX<         long  st11385 adg00400 ispg00100
[03:46:44.760] RX< [head]  frmID ref 10 
[03:46:44.762] RX< eff 14 sns 12 cdma 13 
[03:46:44.762] RX< [AErlt] flags fid 10 isWdr 0 isConv 2 sport 0 scen 0
[03:46:44.762] RX<         info  Lux 290 Ymean 4569 nxtBV 1791 bgBV 1860
[03:46:44.762] RX< [exp]   norm  st11403 adg00400 ispg00100
[03:46:44.762] RX<         short st00000 adg00000 ispg00100
[03:46:44.762] RX<         long  st00000 adg00000 ispg00100
[03:46:44.763] RX< [head]  frmID ref 9 eff 13 sns 11 cdma 12 
[03:46:44.763] RX< [AErlt] flags fid 9 isWdr 0 isConv 0 sport 0 scen 0
[03:46:44.763] RX<         info  Lux 292 Ymean 4502 nxtBV 1804 bgBV 1871
[03:46:44.763] RX< [exp]   norm  st11322 adg00400 ispg00100
[03:46:44.763] RX<         short st00000 adg00000 ispg00100
[03:46:44.763] RX<         long  st00000 a
[03:46:44.765] RX< dg00000 ispg00100
[03:46:44.765] RX< [head]  frmID ref 8 eff 12 sns 10 cdma 11 
[03:46:44.765] RX< [AErlt] flags fid 8 isWdr 0 isConv 0 sport 0 scen 0
[03:46:44.765] RX<         info  Lux 287 Ymean 4951 nxtBV 1774 bgBV 1843
[03:46:44.765] RX< [exp]   norm  st11538 adg00400 ispg00100
[03:46:44.765] RX<         short st00000 adg00000 ispg00100
[03:46:44.765] RX<     
[03:46:44.765] RX<     long  st00000 adg00000 ispg00100
[03:46:44.765] RX< [head]  frmID ref 7 eff 11 sns 9 cdma 10 
[03:46:44.765] RX< [AErlt] flags fid 7 isWdr 0 isConv 0 sport 0 scen 0
[03:46:44.765] RX<         info  Lux 313 Ymean 3198 nxtBV 1903 bgBV 1970
[03:46:44.765] RX< [exp]   norm  st10566 adg00400 ispg00100
[03:46:44.765] RX<         short st00000 adg00
[03:46:44.768] RX< 000 ispg00100
[03:46:44.768] RX<         long  st00000 adg00000 ispg00100
[03:46:44.768] RX< [6] [cam] [64449][be0][be_core_irq_proc:326]thread release cid,0
[03:46:44.768] RX< [6] [cam] [64449][DfsSend][cam_be_core_deinit:787]X
[03:46:44.768] RX< [6] [cam] [64449][me0][me_core_thread:367]thread release cid,0
[03:46:44.768] RX< [6] [cam] [64450][D
[03:46:44.768] RX< fsSend][cam_me_core_deinit:1502]X
[03:46:44.768] RX< [6] [cam] [64450][fe0][fe_core_irq_proc:121]thread release cid,0
[03:46:44.768] RX< [6] [cam] [64450][DfsSend][cam_fe_core_deinit:536]X
[03:46:44.768] RX< [6] [cam] [64451][b_3a_sts][bayer_stats_core_irq_proc:193]thread release cid,0
[03:46:44.768] RX< [6] [cam] [64451][DfsSen
[03:46:44.771] RX< d][cam_bayer_stats_core_deinit:512]X
[03:46:44.771] RX< [6] [cam] [64451][lite0][lite_core_irq_proc:190]thread release cid,0
[03:46:44.771] RX< [6] [cam] [64452][DfsSend][cam_lite_core_deinit:556]X
[03:46:44.771] RX< [6] [cam] [64452][b_ae0][a5_core_wrapper_task:315]thread release cid,0,algo,0
[03:46:44.771] RX< [6] [cam] [64452
[03:46:44.771] RX< ][DfsSend][bayer_ae_wrapper_deinit:204]X
[03:46:44.771] RX< [6] [cam] [64453][atf0][a5_core_wrapper_task:315]thread release cid,0,algo,1
[03:46:44.771] RX< [6] [cam] [64453][DfsSend][atf_wrapper_deinit:153]X
[03:46:44.771] RX< [6] [cam] [64454][awb0][a5_core_wrapper_task:315]thread release cid,0,algo,2
[03:46:44.771] RX< [6] [ca
[03:46:44.774] RX< m] [64454][DfsSend][awb_wrapper_deinit:153]X
[03:46:44.774] RX< [6] [cam] [64454][DfsSend][cam_5a_core_deinit:555]X
[03:46:44.774] RX< [6] [cam] [64454][DfsSend][cam_5a_inf_deinit:149]X
[03:46:44.774] RX< [6] [cam] [64455][qpc0][qpc_core_msg_proc:697]thread release cid,0
[03:46:44.774] RX< [6] [cam] [64455][DfsSend][qpc_core_dei
[03:46:44.774] RX< nit:1330]X
[03:46:44.774] RX< [6] [cam] [64456][DfsSend][cam_cpm_core_deinit:1107]X
[03:46:44.774] RX< [6] [cam] [64456][DfsSend][csc_close:584]ok! phys_id[1], phys_num[1]
[03:46:44.774] RX< [7] [cam] [64456][cer0][cer_recovery_proc:352]msg type = 254
[03:46:44.774] RX< [6] [cam] [64456][cer0][cer_recovery_proc:454]thread releas
[03:46:44.797] RX< e cid,0
[03:46:44.797] RX< [6] [cam] [64457][DfsSend][cer_deinit:560]X
[03:46:44.797] RX< [6] [cam] [64457][DfsSend][cam_close:750]close ok! logic_id[0]
[03:46:44.797] RX< [34m[cam close] perf=18721(us)!
[03:46:44.797] RX< [0m[6] [App Cam] cam close success
[03:46:44.797] RX< [6] [cam] [64458][cpl0][cam_prelude_proc_routine:136]thread release
[03:46:44.797] RX< [
[03:46:44.797] RX< 6] [cam] [64458][DfsSend][cam_exit:551]exit ok!
[03:46:44.797] RX< [34m[cam exit] perf=658(us)!
[03:46:44.797] RX< [0m[6] [App Cam] cam exit success
[03:46:44.797] RX< [6] [App Cam] jpeg deinit success
[03:46:44.797] RX< [6] [App Dfs] Save Photo Successful: /emmc/PIC/20260101_000103_3493/
[03:46:44.797] RX< [6] [App Dfs] Capture completed succes
[03:46:46.799] RX< sfully.
[03:46:50.279] TX> cam_set video 1080p
[03:46:50.279] TX> echo "__EVBTEST_END_bf242343__"
[03:46:50.802] RX< cam_set video 1080p
[03:46:50.802] RX< [6] [App Dfs] w(1296) * h(2304) is 1080p, eis 0
[03:46:50.802] RX< msh /emmc>echo "__EVBTEST_END_bf242343__"
[03:46:50.802] RX< __EVBTEST_END_bf242343__
[03:46:50.802] RX< msh /emmc>
[03:46:50.922] RX< dfs_video_start
[03:46:50.922] RX< [7] [cam] [70595][tshell][cgm_parse_bin:105]total logical camera num: 1
[03:46:50.922] RX< [6] [cam] [70595][tshell][cam_prelude_create:187]E id, 0
[03:46:50.922] RX< [7] [cam] [70596][cpl0][cam_prelude_proc_routine:101]thread start
[03:46:50.922] RX< [6] [cam] [70596][tshell][cam_prelude_create
[03:46:50.922] RX< :214]X ctx size 124 addr 0x884865d0
[03:46:50.922] RX< [6] [cam] [70603][tshell][sensor_probe:418]sensor [1]: identifing 0 success.
[03:46:50.922] RX< [6] [cam] [70605][tshell][sensor_probe:441]sensor [1]: probe exit!
[03:46:50.922] RX< [6] [cam] [70605][tshell][cam_prelude_fast_probe:251]cam: 0 probe result: 0
[03:46:50.925] RX< 
[03:46:50.925] RX< [6] [cam] [70605][tshell][cgm_parse_bin:215]cam(0) probe success
[03:46:50.925] RX< [6] [cam] [70606][tshell][cam_entry:435]entry ok
[03:46:50.925] RX< [34m[cam entry] perf=11261(us)!
[03:46:50.925] RX< [0m[6] [App Cam] cam entry success
[03:46:50.925] RX< [36mmem_laySolv: scenario=01 in=4032x3024, me_rotate=1 me_stripe=1 
[03:46:50.928] RX< [0m[36mmem_laySolv: me_rot 1, me_stripe 1, eis 0, be_rot 0
[03:46:50.928] RX< [0mscen1 type26 bufAdr 0x89d40b70 sz 0x1400000 reCfg for bound!
[03:46:50.928] RX< [36mmem_laySolv: scen01 20 entries solved OK!
[03:46:50.928] RX< [0m[36mmem_laySolv: scenario=02 in=2016x1512, me_rotate=0 me_stripe=0 
[03:46:50.928] RX< [0m[36
[03:46:50.928] RX< mmem_laySolv: me_rot 0, me_stripe 0, eis 0, be_rot 0
[03:46:50.928] RX< [0mscen2 type15 bufAdr 0x89ce3ef0 sz 0xd00000 reCfg for bound!
[03:46:50.928] RX< [36mmem_laySolv: scen02 14 entries solved OK!
[03:46:50.928] RX< [0m[36mmem_laySolv: scenario=03 in=4032x2268, me_rotate=1 me_stripe=0 
[03:46:50.928] RX< [0m[36mmem_layS
[03:46:50.931] RX< olv: me_rot 1, me_stripe 0, eis 0, be_rot 0
[03:46:50.931] RX< [0m[36mmem_laySolv: scen03 14 entries solved OK!
[03:46:50.931] RX< [0m[7] [cam] [70610][tshell][cam_solve_whole_layout:355]
[03:46:50.931] RX< scen3: vol 0x8c000000 rbuf 0x89d6cdf0 sz 0xd00000 wbuf 0x8aa6cdf0 sz 0xd00000
[03:46:50.931] RX<        rtmp txbuf 0x8b
[03:46:50.931] RX< f80000 sz 0x80000 avcBuf 0x8bf00000 sz 0x80000
[03:46:50.931] RX< [36mmem_laySolv: scenario=04 in=4032x3024, me_rotate=1 me_stripe=1 
[03:46:50.931] RX< [0m[36mmem_laySolv: me_rot 1, me_stripe 1, eis 0, be_rot 0
[03:46:50.931] RX< [0m[36mmem_laySolv: scen04 14 entries solved OK!
[03:46:50.931] RX< [0m[36mmem_laySolv: scen
[03:46:50.933] RX< ario=05 in=1008x0756, me_rotate=0 me_stripe=0 
[03:46:50.933] RX< [0m[36mmem_laySolv: me_rot 0, me_stripe 0, eis 0, be_rot 0
[03:46:50.933] RX< [0m[36mmem_laySolv: scen05 17 entries solved OK!
[03:46:50.933] RX< [0m[36mmem_laySolv: scenario=06 in=1008x0720, me_rotate=0 me_stripe=0 
[03:46:50.933] RX< [0m[36mmem_laySolv: 
[03:46:50.934] RX< me_rot 0, me_stripe 0, eis 0, be_rot 0
[03:46:50.934] RX< [0m[36mmem_laySolv: scen06 12 entries solved OK!
[03:46:50.934] RX< [0m[36mmem_laySolv: scenario=01 in=4032x3024, me_rotate=1 me_stripe=1 
[03:46:50.934] RX< [0mscen1 type26 bufAdr 0x89d40b70 sz 0x1400000 reCfg for bound!
[03:46:50.934] RX< [36mmem_laySolv: scen01 2
[03:46:50.936] RX< 0 entries solved OK!
[03:46:50.936] RX< [0m[7] [cam] [70616][tshell][cam_solve_whole_layout:383]Solve Whole-layout Done!
[03:46:50.936] RX< [6] [cam] [70616][tshell][cgm_parse_media_para:271]phy cam num: 1
[03:46:50.936] RX< [7] [cam] [70616][cer0][cer_recovery_proc:343]thread start cid, 0
[03:46:50.936] RX< [6] [cam] [70617][t
[03:46:50.936] RX< shell][csc_open:443]SENSOR MCLK cal: 24MHz
[03:46:50.936] RX< [6] [cam] [70617][tshell][csc_isp_clk_cal:344]MIPI CLK cal: 277MHz
[03:46:50.936] RX< [6] [cam] [70618][tshell][csc_isp_clk_cal:371]LITE CLK cal: 25MHz
[03:46:50.936] RX< [7] [cam] [70618][tshell][cpc_csi_rx_power_on:633]E id: 2
[03:46:50.936] RX< [4] [cam] [70618][ts
[03:46:50.942] RX< hell][cpc_csi_rx_power_on:644]csi_2 has already power on, STATUS: 1
[03:46:50.942] RX< [6] [cam] [70618][tshell][cpc_update_clock:603]actual SNS mclk: 24MHz
[03:46:50.942] RX< [6] [cam] [70619][tshell][cpc_update_clock:608]actual MIPI0: 300MHz
[03:46:50.942] RX< [6] [cam] [70619][tshell][cpc_update_clock:598]ac
[03:46:50.943] RX< tual LITE clk: 25MHz
[03:46:50.943] RX< [7] [cam] [70620][tshell][cam_prelude_open:297][34msnsOpen camID1 csiID0 phyIdx0[0m
[03:46:50.943] RX< [6] [cam] [70624][tshell][sensor_expo_gain_match:48]sensor get sensor expo gain of imx681_vst
[03:46:50.943] RX< [6] [cam] [70624][tshell][sensor_open:684]sensor [1] o
[03:46:50.945] RX< pen OK.
[03:46:50.945] RX< [6] [cam] [70625][tshell][cam_cpm_parse_media:298]video scenario:3, media para[fps:0, mirror_en:0, flip_en:0]
[03:46:50.945] RX< [6] [cam] [70625][tshell][cam_cpm_parse_media:301]video scenario, media para[iso:0, gain:0, wb_mode:0]
[03:46:50.945] RX< [6] [cam] [70626][tshell][csc_isp
[03:46:50.945] RX< _clk_cal:353]FE CLK cal: 373MHz, ME CLK cal: 371MHz, FE/ME CLK cal: 410MHz
[03:46:50.945] RX< [6] [cam] [70626][tshell][csc_isp_clk_cal:360]BE CLK cal: 301MHz
[03:46:50.945] RX< [4] [cam] [70627][tshell][cam_fe_core_power_on:269]fe pipe has already power on, STATUS: 1
[03:46:50.945] RX< [6] [cam] [70627][tshell
[03:46:50.950] RX< ][cpc_update_clock:588]actual FE/ME clk: 500MHz
[03:46:50.950] RX< [7] [cam] [70628][tshell][cam_cpm_core_power_on:425]id,0 type,1 ret 0
[03:46:50.950] RX< [6] [cam] [70628][tshell][cam_cpm_core_init:914]E id,0 sensor type,1
[03:46:50.950] RX< [6] [cam] [70631][tshell][cpm_core_check_tuningbin:854]Tuning bin c
[03:46:50.950] RX< rc check PASS! sum 0x7fb15f, xor 0x4e593f47
[03:46:50.950] RX< [6] [cam] [70631][tshell][qpc_tuning_check_iqbin_validness:396]IQ bin addr: 0x88646660, project_name: video_3M
[03:46:50.950] RX< [6] [cam] [70632][tshell][qpc_tuning_check_iqbin_validness:397]total_size: 94208
[03:46:50.950] RX< [6] [cam] [70632][t
[03:46:50.953] RX< shell][qpc_tuning_check_iqbin_validness:398]id_count: 93. ID_TOTAL: 94
[03:46:50.953] RX< [6] [cam] [70633][tshell][qpc_tuning_check_iqbin_validness:399]spinel tuning data ver: V1.30
[03:46:50.953] RX< [6] [cam] [70633][tshell][cpm_core_check_tuningbin:868]IQ bin check success!
[03:46:50.953] RX< [6] [cam] [70
[03:46:50.953] RX< 634][tshell][cam_bm_core_init:94]E
[03:46:50.953] RX< [6] [cam] [70634][tshell][bm_lab_init:174]X ctx size 4 addr 0x8846a520
[03:46:50.953] RX< [6] [cam] [70635][tshell][cam_bm_core_init:114]X ctx size 180 addr 0x8846a458
[03:46:50.953] RX< [6] [cam] [70635][tshell][qpc_core_init:1218]E id,0
[03:46:50.953] RX< [6] [cam] [70636][
[03:46:50.971] RX< tshell][qpc_queue_init:65]QPC init qnodes 8, size 508, pool 0x88487368
[03:46:50.971] RX< [7] [cam] [70636][tshell][_qpc_get_cap_cfg_para:888][fallback]preset capCfg 0 0 0 invalid, use default
[03:46:50.971] RX< [7] [cam] [70637][tshell][_qpc_cfg_hdr_frms:832][fallback]preset hdrCfg 0 32 7 25
[03:46:50.971] RX< 600 148508608 invalid, use default
[03:46:50.971] RX< [6] [cam] [70652][tshell][qpc_core_init:1264]X ctx size 3800 addr 0x8846a540
[03:46:50.971] RX< [6] [cam] [70652][tshell][cpm_core_get_param:666]cpm para chk: tunBin-w 4032 h 2266 img-w 4032 h 2268
[03:46:50.971] RX< [6] [cam] [70653][tshell][cam_fe_core_ini
[03:46:50.976] RX< t:436]E id,0
[03:46:50.976] RX< [6] [cam] [70653][tshell][cam_fe_core_init:490]X ctx size 100 addr 0x88497ce8
[03:46:50.976] RX< [7] [cam] [70655][tshell][qpc_core_fe_chords_init:1659][34mqpc fe init snsOut w 4032 h 2268, tbl w 28 h 20[0m
[03:46:50.976] RX< [6] [cam] [70655][tshell][cam_me_core_init:1474]X ct
[03:46:50.976] RX< x size 1352 addr 0x8849a078
[03:46:50.976] RX< [34m[ME SLICE CFG] perf=1248(us)!
[03:46:50.976] RX< [0m[6] [cam] [70658][tshell][cam_bayer_fe_3a_stats_core_init:445]fe 3a id,0
[03:46:50.976] RX< [6] [cam] [70658][tshell][cam_bayer_fe_3a_stats_core_init:490]X ctx size 132 addr 0x884a2a98
[03:46:50.976] RX< [6] [cam] [70659][tsh
[03:46:50.984] RX< ell][awb_wrapper_init:66]xxx awb_bin=0x88489844, awb_bin_length=8068
[03:46:50.984] RX< [6] [cam] [70659][tshell][awb_wrapper_init:86]X algo_handle 0x884a86f8
[03:46:50.984] RX< [7] [cam] [70660][awb0][a5_core_wrapper_task:252]thread start cid,0 algo type,2
[03:46:50.984] RX< [6] [cam] [70660][tshell][a5_core_i
[03:46:50.984] RX< nit_task:426]thread created: awb0 mq=0x884aa9c0 thread=0x884aaad8 sem=0x884aa950 ret=0
[03:46:50.984] RX< [6] [cam] [70661][tshell][bayer_ae_wrapper_init:68]E id,0 proc mode 0 
[03:46:50.984] RX< 
[03:46:50.984] RX< [AEC Proc] @[allib_ae_set_debug_log_flag] Line:129:[DEBUG] debug level/to_file/to_terminal: 22/1
[03:46:50.987] RX< /1
[03:46:50.987] RX< [AEC Proc] @[AeInit] Line:377:[INFO] AE ver: 2026_V2.269
[03:46:50.987] RX< 
[03:46:50.987] RX< [AEC Proc] @[allib_ae_loadfunc] Line:193:[INFO] camera ID: 0
[03:46:50.987] RX< [AEC Proc] @[alAE_set_param] Line:575:[DEBUG] sw_maxtime 33004 ,pertline 10800, after check sensor step sw_max_time 33000.00
[03:46:50.987] RX< [AEC Pr
[03:46:50.987] RX< oc] @[alAE_set_param] Line:580:[DEBUG] sw_mintime 43 ,pertline 10800, after check sensor step sw_min_time 40.00
[03:46:50.987] RX< [AEC Proc] @[alAE_set_param] Line:513:[DEBUG] DEBUG minbv exptime 11 gain 100, minExpBV 13810
[03:46:50.987] RX< [AEC Proc] @[AeTuningParseSet] Line:167:[DEBUG] a
[03:46:50.989] RX< eparam version 2.268 60530
[03:46:50.989] RX< [AEC Proc] @[alAE_set_param] Line:340:[DEBUG] INITEXP gain 100, shutter 33242, midtonegain 100, bv 2247
[03:46:50.989] RX< [6] [cam] [70670][tshell][bayer_ae_wrapper_init:119]X tline 10800 max_exp 33004 alg_hdl 0x884ad288 
[03:46:50.989] RX< [7] [cam] [70671][b_ae0]
[03:46:50.990] RX< [a5_core_wrapper_task:252]thread start cid,0 algo type,0
[03:46:50.990] RX< [6] [cam] [70671][tshell][a5_core_init_task:426]thread created: b_ae0 mq=0x884ae338 thread=0x884ae450 sem=0x884ae2c8 ret=0
[03:46:50.990] RX< [6] [cam] [70672][tshell][atf_wrapper_init:67]E id,0
[03:46:50.990] RX< [6] [cam] [70673][tsh
[03:46:50.992] RX< ell][atf_wrapper_init:107]X alg_ctx addr 0x884af838
[03:46:50.992] RX< [7] [cam] [70673][atf0][a5_core_wrapper_task:252]thread start cid,0 algo type,1
[03:46:50.992] RX< [6] [cam] [70673][tshell][a5_core_init_task:426]thread created: atf0 mq=0x884af970 thread=0x884afa88 sem=0x884af900 ret=0
[03:46:50.992] RX< [
[03:46:50.992] RX< 6] [cam] [70673][tshell][cam_cpm_core_init:1030]X ctx size 1064 addr 0x8846a020
[03:46:50.992] RX< [6] [cam] [70674][tshell][csc_open:527]ok! phys_id[1], phys_num[1] 
[03:46:50.992] RX< [6] [cam] [70675][tshell][cam_open:699]open ok! camera_id[0]
[03:46:50.992] RX< [34m[cam open] perf=68565(us)!
[03:46:50.992] RX< [0m[6] [App 
[03:46:51.006] TX> dfs_video_start
[03:46:51.006] TX> echo "__EVBTEST_END_9f55c828__"
[03:46:51.008] RX< Cam] cam open success
[03:46:51.008] RX< [6] [App Cam] hevc init success
[03:46:51.008] RX< [6] [cam] [70689][tshell][csc_init:637]sensor info:size:4032x2268, formt: 0x2b, bps: 1968, tline: 10800
[03:46:51.008] RX< [6] [cam] [70690][tshell][cam_sif_mgr_init:261]E id,0
[03:46:51.008] RX< [7] [cam] [70690][sif0][sif_irq_proc:151]t
[03:46:51.008] RX< hread start cid,0
[03:46:51.008] RX< [6] [cam] [70690][tshell][cam_sif_mgr_init:293]X ctx size 52 addr 0x884e9c50
[03:46:51.008] RX< [6] [cam] [70690][tshell][cam_prelude_init_cfg:368]CSI ID is 0,  phy lanes is 2.
[03:46:51.008] RX< [7] [cam] [70691][tshell][check_phy_ready:96]MIPI_PHY[0] is ready
[03:46:51.008] RX< [6] [cam] [7
[03:46:51.023] RX< 0691][tshell][sensor_init:348]sensor [1]: register ok
[03:46:51.023] RX< [6] [cam] [70692][tshell][sensor_set_mode:852]sensor [1]: SetMode -> mode = 0.
[03:46:51.023] RX< [6] [cam] [70692][tshell][sensor_send_reg_tab_to_sensor:704]sensor [1]: send_reg_tab_to_sensor E.
[03:46:51.023] RX< [6] [cam] [70704][tshel
[03:46:51.040] RX< l][sensor_send_reg_tab_to_sensor:726]sensor [1]: reg_count = 77.
[03:46:51.040] RX< [6] [cam] [70705][tshell][sensor_init:361]sensor [1]: init success.
[03:46:51.040] RX< [6] [cam] [70705][tshell][sensor_set_mode:852]sensor [1]: SetMode -> mode = 3.
[03:46:51.040] RX< [6] [cam] [70706][tshell][sensor_send_reg_t
[03:46:51.040] RX< ab_to_sensor:704]sensor [1]: send_reg_tab_to_sensor E.
[03:46:51.040] RX< [6] [cam] [70721][tshell][sensor_send_reg_tab_to_sensor:726]sensor [1]: reg_count = 83.
[03:46:51.040] RX< [6] [cam] [70721][tshell][csc_init:646]ok! phys_id[1], phys_num[1]
[03:46:51.040] RX< [6] [cam] [70722][tshell][csc_get_bayer_singl
[03:46:51.042] RX< e_buffer:1038]scenario_type: 3
[03:46:51.042] RX< [6] [cam] [70722][tshell][csc_set_stats_fmt:98]index 0 w 1 h 1 bw 8 wcmp 255
[03:46:51.042] RX< [7] [cam] [70723][tshell][bm_ioctl:201]BMIOC_STATS_FMT
[03:46:51.042] RX< [6] [cam] [70723][tshell][csc_set_fe_fmt:47]index 1 w 4032 h 2268 bw 10 wcmp 0
[03:46:51.042] RX< [7] [cam] [7
[03:46:51.043] RX< 0723][tshell][bm_ioctl:201]BMIOC_FE_FMT
[03:46:51.043] RX< [6] [cam] [70723][tshell][csc_set_me_fmt:64]index 5 w 2268 h 4032 bw 10 wcmp 0, rdma_addr 0x894afe00, wdma_addr 0x894afe00
[03:46:51.043] RX< [7] [cam] [70724][tshell][bm_ioctl:201]BMIOC_ME_FMT
[03:46:51.043] RX< [6] [cam] [70724][tshell][csc_set_video_
[03:46:51.045] RX< fmt:966]meta_addr: 0x89d6c600
[03:46:51.045] RX< [6] [cam] [70725][tshell][csc_set_me_fmt:64]index 6 w 1296 h 2304 bw 8 wcmp 255, rdma_addr 0x88795200, wdma_addr 0x8c000000
[03:46:51.045] RX< [6] [cam] [70725][tshell][cam_me_core_buffer_cfg:1367]
[03:46:51.045] RX< ----ME PIPE INFO---
[03:46:51.045] RX<  wdma_buf_num:1, rotatio
[03:46:51.045] RX< n_en: 1
[03:46:51.045] RX< [7] [cam] [70726][tshell][cam_me_core_buffer_cfg:1375]yuv wdma_addr 0:0x8c000000, meta_en: 1, 0x89d6c600
[03:46:51.045] RX< [7] [cam] [70726][tshell][bm_ioctl:201]BMIOC_ME_FMT
[03:46:51.045] RX< [6] [cam] [70727][tshell][csc_set_lite_fmt:115]index 13 w 400 h 400 bw 10 wcmp 255
[03:46:51.045] RX< [7] [c
[03:46:51.048] RX< am] [70727][tshell][bm_ioctl:201]BMIOC_LITE_FMT
[03:46:51.048] RX< [6] [cam] [70728][tshell][csc_set_lite_fmt:115]index 14 w 400 h 400 bw 10 wcmp 255
[03:46:51.048] RX< [7] [cam] [70728][tshell][bm_ioctl:201]BMIOC_LITE_FMT
[03:46:51.048] RX< [6] [cam] [70729][tshell][csc_init:654]get otp ok! phys_id[1], phys_n
[03:46:51.048] RX< um[1]
[03:46:51.048] RX< [6] [cam] [70729][tshell][cam_init:789]init ok! logic_id[0]
[03:46:51.048] RX< [34m[cam init] perf=40731(us)!
[03:46:51.048] RX< [0m[6] [App Cam] cam init success
[03:46:51.048] RX< [7] [cam] [70730][tshell][cam_cpm_core_stream_on:541]id 0 sensor type 1
[03:46:51.048] RX< [6] [cam] [70730][tshell][sensor_stream_on:979]se
[03:46:51.067] RX< nsor [1]: stream_on
[03:46:51.067] RX< [6] [cam] [70731][tshell][sensor_stream_on:1007]sensor [1]: REG: 0x100, W:0x1.
[03:46:51.067] RX< [6] [cam] [70731][tshell][sensor_stream_on:1009]sensor [1]: REG: 0x100, R:0x1.
[03:46:51.067] RX< [6] [cam] [70731][tshell][csc_prv_start:783]ok! phys_id[1], phys_num[1], cam_
[03:46:51.067] RX< ids[1]
[03:46:51.067] RX< [6] [cam] [70732][tshell][cam_start:897]preview start ok! logic_id[0]
[03:46:51.067] RX< [34m[cam start] perf=2619(us)!
[03:46:51.067] RX< [0m[6] [App Cam] cam start success
[03:46:51.067] RX< [6] [App Dfs] Gravity_XR Record Start
[03:46:51.067] RX< msh /emmc>echo "__EVBTEST_END_9f55c828__"
[03:46:51.067] RX< __EVBTEST_END_9f55c828__
[03:46:51.067] RX< msh 
[03:46:51.193] RX< /emmc>[7] [cam] [70734][b_3a_sts][bayer_stats_core_irq_proc:164]thread start cid,0
[03:46:51.193] RX< [7] [cam] [70734][fe0][fe_core_irq_proc:98]thread start cid,0
[03:46:51.193] RX< [34m[AE] fid=0,exp=10180,adg=282,Y=6744,mtg=100,shg=100,bgbv=4657,iso=282,cnv0,hdr0
[03:46:51.193] RX< [0m[34m[b_ae0 proc] per
[03:46:51.529] RX< f=8084(us), max=8084(us)!
[03:46:51.529] RX< [0m[34m[awb0 proc] perf=4372(us), max=4372(us)!
[03:46:51.529] RX< [0m[6] [cam] [71026][me0][cpm_cb_fe2me_tikChk:152]frm_length 88560us, fe2me delta 0
[03:46:51.529] RX< [34m[ME INTP]fid=0, shutter=10180, perf=2795(us), max=2795(us)!
[03:46:51.529] RX< [0m[7] [cam] [71204][me0][me
[03:46:51.913] RX< _core_thread:322]ME out fid 0
[03:46:51.913] RX< [6] [App Dfs] f_index = 0, f_len = 149401, cur_total_len = 149489
[03:46:51.913] RX< [34m[awb0 proc] perf=27191(us), max=27191(us)!
[03:46:51.913] RX< [0m[34m[awb0 proc] perf=21520(us), max=27191(us)!
[03:46:51.913] RX< [0m[4] [cam] [71581][qpc0][qpc_core_exception_check:404]dis
[03:46:53.348] RX< continuous frame, now: 17, last: 15
[03:46:53.348] RX< [34m[AE] fid=30,exp=10240,adg=125,Y=3855,mtg=200,shg=104,bgbv=2131,iso=125,cnv2,hdr0
[03:46:53.348] RX< [0m[7] [cam] [72204][me0][me_core_thread:322]ME out fid 30
[03:46:53.348] RX< [34m[AE] fid=60,exp=10130,adg=150,Y=4015,mtg=200,shg=100,bgbv=1921,iso=15
[03:46:54.352] RX< 0,cnv2,hdr0
[03:46:54.352] RX< [0m[7] [cam] [73204][me0][me_core_thread:322]ME out fid 60
[03:46:54.352] RX< [34m[awb0 proc] perf=6422(us), max=21520(us)!
[03:46:54.352] RX< [0m[34m[AE] fid=90,exp=10130,adg=150,Y=4021,mtg=200,shg=100,bgbv=1921,iso=150,cnv2,hdr0
[03:46:54.352] RX< [0m[34m[b_ae0 proc] perf=1071(us), max=8084(u
[03:46:55.348] RX< s)!
[03:46:55.348] RX< [0m[34m[awb0 proc] perf=4409(us), max=6422(us)!
[03:46:55.348] RX< [0m[7] [cam] [74203][me0][me_core_thread:322]ME out fid 90
[03:46:55.348] RX< [34m[awb0 proc] perf=6311(us), max=6311(us)!
[03:46:55.348] RX< [0m[6] [App Dfs] f_index = 90, f_len = 260605, cur_total_len = 6736763
[03:46:55.348] RX< [34m[AE] fid=120,exp=1
[03:46:56.347] RX< 0130,adg=150,Y=4024,mtg=200,shg=100,bgbv=1921,iso=150,cnv2,hdr0
[03:46:56.347] RX< [0m[34m[ME INTP]fid=120, shutter=10130, perf=1531(us), max=12883(us)!
[03:46:56.347] RX< [0m[7] [cam] [75203][me0][me_core_thread:322]ME out fid 120
[03:46:56.347] RX< [34m[awb0 proc] perf=6035(us), max=6311(us)!
[03:46:56.347] RX< [0m[34m[AE]
[03:46:57.353] RX<  fid=150,exp=10130,adg=150,Y=4019,mtg=200,shg=100,bgbv=1921,iso=150,cnv2,hdr0
[03:46:57.353] RX< [0m[7] [cam] [76203][me0][me_core_thread:322]ME out fid 150
[03:46:57.353] RX< [34m[awb0 proc] perf=6056(us), max=6056(us)!
[03:46:57.353] RX< [0m[34m[AE] fid=180,exp=10130,adg=150,Y=4021,mtg=200,shg=100,bgbv=192
[03:46:57.571] RX< 1,iso=150,cnv2,hdr0
[03:46:57.571] RX< [0m[34m[b_ae0 proc] perf=1206(us), max=1591(us)!
[03:46:57.571] RX< [0m[34m[awb0 proc] perf=4386(us), max=6056(us)!
[03:46:57.571] RX< [0m[7] [cam] [77203][me0][me_core_thread:322]ME out fid 180
[03:46:57.571] RX< [34m[awb0 proc] perf=6227(us), max=6227(us)!
[03:46:57.571] RX< [0m[6] [App Dfs] f_index =
[03:46:59.347] RX<  180, f_len = 250299, cur_total_len = 6436113
[03:46:59.347] RX< [34m[AE] fid=210,exp=10130,adg=150,Y=4027,mtg=200,shg=100,bgbv=1925,iso=150,cnv2,hdr0
[03:46:59.347] RX< [0m[7] [cam] [78203][me0][me_core_thread:322]ME out fid 210
[03:46:59.347] RX< [34m[awb0 proc] perf=6237(us), max=6237(us)!
[03:46:59.347] RX< [0m[34m[AE] fi
[03:47:00.353] RX< d=240,exp=10130,adg=150,Y=4025,mtg=200,shg=100,bgbv=1925,iso=150,cnv2,hdr0
[03:47:00.353] RX< [0m[34m[ME INTP]fid=240, shutter=10130, perf=11(us), max=3595(us)!
[03:47:00.353] RX< [0m[7] [cam] [79203][me0][me_core_thread:322]ME out fid 240
[03:47:00.353] RX< [34m[AE] fid=270,exp=10130,adg=150,Y=4024,mtg=200,
[03:47:00.572] RX< shg=100,bgbv=1921,iso=150,cnv2,hdr0
[03:47:00.572] RX< [0m[34m[b_ae0 proc] perf=1212(us), max=1941(us)!
[03:47:00.572] RX< [0m[34m[awb0 proc] perf=4239(us), max=6237(us)!
[03:47:00.572] RX< [0m[7] [cam] [80203][me0][me_core_thread:322]ME out fid 270
[03:47:00.572] RX< [34m[awb0 proc] perf=6059(us), max=6059(us)!
[03:47:00.572] RX< [0m[6] [Ap
[03:47:01.118] RX< p Dfs] f_index = 270, f_len = 269831, cur_total_len = 6525584
[03:47:01.118] RX< dfs_video_stop
[03:47:01.118] RX< msh /emmc>echo "__EVBTEST_E[6] [App Dfs]  Gravity_XR Record Stop Success: total frames = 288
[03:47:01.118] RX< [6] [cam] [80784][DfsSend][sensor_stream_off:1143]sensor [1]: stream_off
[03:47:01.118] RX< [6] [cam] [80
[03:47:01.129] RX< 784][DfsSend][sensor_stream_off:1172]sensor [1]: REG: 0x100, W:0x0.
[03:47:01.129] RX< [6] [cam] [80785][DfsSend][sensor_stream_off:1174]sensor [1]: REG: 0x100, R:0x0.
[03:47:01.129] RX< [6] [cam] [80805][DfsSend][csc_prv_stop:893]ok! phys_id[1], phys_num[1], stop_type = 0
[03:47:01.129] RX< [6] [cam] [80805][Df
[03:47:01.129] RX< sSend][cam_stop:1017]preview stop ok! logic_id[0]
[03:47:01.129] RX< [34m[cam stop] perf=21662(us)!
[03:47:01.129] RX< [0m[6] [App Cam] cam stop success
[03:47:01.129] RX< Total of 289 frames encoded, 21021941 bytes, max_workbuffer_used: 4911104 bytes
[03:47:01.129] RX< [6] [App Cam] hevc_encoder_deinit success
[03:47:01.129] RX< [7] [cam] [8081
[03:47:01.133] RX< 0][DfsSend][cam_cpm_core_power_off:457]id,0 type,1 ret 0
[03:47:01.133] RX< [6] [cam] [80811][sif0][sif_irq_proc:174]thread release cid,0
[03:47:01.133] RX< [6] [cam] [80811][DfsSend][cam_sif_mgr_deinit:316]X
[03:47:01.133] RX< [6] [cam] [80811][DfsSend][cam_deinit:846]deinit ok! logic_id[0]
[03:47:01.133] RX< [34m[cam deinit] 
[03:47:01.133] RX< perf=1323(us)!
[03:47:01.133] RX< [0m[6] [App Cam] cam deinit success
[03:47:01.133] RX< [6] [cam] [80812][DfsSend][sensor_close:1247]sensor [1]: close!
[03:47:01.133] RX< [6] [cam] [80814][DfsSend][cam_bm_core_deinit:136]X
[03:47:01.133] RX< [6] [cam] [80814][me0][me_core_thread:367]thread release cid,0
[03:47:01.133] RX< [6] [cam] [80815][DfsS
[03:47:01.136] RX< end][cam_me_core_deinit:1502]X
[03:47:01.136] RX< [6] [cam] [80815][fe0][fe_core_irq_proc:121]thread release cid,0
[03:47:01.136] RX< [6] [cam] [80816][DfsSend][cam_fe_core_deinit:536]X
[03:47:01.136] RX< [6] [cam] [80816][b_3a_sts][bayer_stats_core_irq_proc:193]thread release cid,0
[03:47:01.136] RX< [6] [cam] [80816][DfsSend][
[03:47:01.136] RX< cam_bayer_stats_core_deinit:512]X
[03:47:01.136] RX< [6] [cam] [80817][b_ae0][a5_core_wrapper_task:315]thread release cid,0,algo,0
[03:47:01.136] RX< [6] [cam] [80817][DfsSend][bayer_ae_wrapper_deinit:204]X
[03:47:01.136] RX< [6] [cam] [80817][atf0][a5_core_wrapper_task:315]thread release cid,0,algo,1
[03:47:01.136] RX< [6] [cam
[03:47:01.139] RX< ] [80818][DfsSend][atf_wrapper_deinit:153]X
[03:47:01.139] RX< [6] [cam] [80818][awb0][a5_core_wrapper_task:315]thread release cid,0,algo,2
[03:47:01.139] RX< [6] [cam] [80819][DfsSend][awb_wrapper_deinit:153]X
[03:47:01.139] RX< [6] [cam] [80819][DfsSend][cam_5a_core_deinit:555]X
[03:47:01.139] RX< [6] [cam] [80819][DfsSend][ca
[03:47:01.139] RX< m_5a_inf_deinit:149]X
[03:47:01.139] RX< [6] [cam] [80819][qpc0][qpc_core_msg_proc:697]thread release cid,0
[03:47:01.139] RX< [6] [cam] [80820][DfsSend][qpc_core_deinit:1330]X
[03:47:01.139] RX< [6] [cam] [80820][DfsSend][cam_cpm_core_deinit:1107]X
[03:47:01.139] RX< [6] [cam] [80821][DfsSend][csc_close:584]ok! phys_id[1], phys
[03:47:01.145] RX< _num[1]
[03:47:01.145] RX< [7] [cam] [80821][cer0][cer_recovery_proc:352]msg type = 254
[03:47:01.145] RX< [6] [cam] [80821][cer0][cer_recovery_proc:454]thread release cid,0
[03:47:01.145] RX< [6] [cam] [80821][DfsSend][cer_deinit:560]X
[03:47:01.145] RX< [6] [cam] [80822][DfsSend][cam_close:750]close ok! logic_id[0]
[03:47:01.145] RX< [34m[cam c
[03:47:01.145] RX< lose] perf=9801(us)!
[03:47:01.145] RX< [0m[6] [App Cam] cam close success
[03:47:01.145] RX< [6] [cam] [80823][cpl0][cam_prelude_proc_routine:136]thread release
[03:47:01.145] RX< [6] [cam] [80823][DfsSend][cam_exit:551]exit ok!
[03:47:01.145] RX< [34m[cam exit] perf=606(us)!
[03:47:01.145] RX< [0m[6] [App Cam] cam exit success
[03:47:01.145] RX< [6] [App Dfs] 
[03:47:01.193] RX< Save Video Successful: /emmc/VIDEO/20260101_000110_0488/Video_0488_0.h265
[03:47:01.193] RX< [6] [App Dfs] Save Imu Successful: /emmc/VIDEO/20260101_000110_0488/Imu_0488.bin
[03:47:01.193] RX< [6] [App Dfs] Video recording completed successfully.
[03:47:01.193] RX< ND_b4c911b7__"
[03:47:01.193] RX< __EVBTEST_END_b4c911b7__
[03:47:01.193] RX< msh /e
[03:47:01.281] TX> dfs_video_stop
[03:47:01.281] TX> echo "__EVBTEST_END_b4c911b7__"
[03:47:03.195] RX< mmc>
[03:48:24.228] RX< rtmp_video_start rtmp://192.168.1.89/live/cam
[03:48:24.228] RX< [7] [cam] [163895][tshell][cgm_parse_bin:105]total logical camera num: 1
[03:48:24.228] RX< [6] [cam] [163895][tshell][cam_prelude_create:187]E id, 0
[03:48:24.228] RX< [7] [cam] [163896][cpl0][cam_prelude_proc_routine:101]thread start
[03:48:24.228] RX< [6] [cam] [
[03:48:24.228] RX< 163896][tshell][cam_prelude_create:214]X ctx size 124 addr 0x884866b0
[03:48:24.228] RX< [6] [cam] [163902][tshell][sensor_probe:418]sensor [1]: identifing 0 success.
[03:48:24.228] RX< [6] [cam] [163904][tshell][sensor_probe:441]sensor [1]: probe exit!
[03:48:24.228] RX< [6] [cam] [163904][tshell][cam_prelude_
[03:48:24.230] RX< fast_probe:251]cam: 0 probe result: 0
[03:48:24.230] RX< [6] [cam] [163905][tshell][cgm_parse_bin:215]cam(0) probe success
[03:48:24.230] RX< [6] [cam] [163905][tshell][cam_entry:435]entry ok
[03:48:24.230] RX< [34m[cam entry] perf=10732(us)!
[03:48:24.230] RX< [0m[6] [App Cam] cam entry success
[03:48:24.230] RX< [36mmem_laySolv: scenario=01 
[03:48:24.231] RX< in=4032x3024, me_rotate=1 me_stripe=1 
[03:48:24.231] RX< [0m[36mmem_laySolv: me_rot 1, me_stripe 1, eis 0, be_rot 0
[03:48:24.231] RX< [0mscen1 type26 bufAdr 0x89d40b70 sz 0x1400000 reCfg for bound!
[03:48:24.231] RX< [36mmem_laySolv: scen01 20 entries solved OK!
[03:48:24.231] RX< [0m[36mmem_laySolv: scenario=02 in=2016x
[03:48:24.233] RX< 1512, me_rotate=0 me_stripe=0 
[03:48:24.233] RX< [0m[36mmem_laySolv: me_rot 0, me_stripe 0, eis 0, be_rot 0
[03:48:24.233] RX< [0mscen2 type15 bufAdr 0x89ce3ef0 sz 0xd00000 reCfg for bound!
[03:48:24.233] RX< [36mmem_laySolv: scen02 14 entries solved OK!
[03:48:24.233] RX< [0m[36mmem_laySolv: scenario=03 in=4032x2268, me_
[03:48:24.236] RX< rotate=1 me_stripe=0 
[03:48:24.236] RX< [0m[36mmem_laySolv: me_rot 1, me_stripe 0, eis 0, be_rot 0
[03:48:24.236] RX< [0m[36mmem_laySolv: scen03 14 entries solved OK!
[03:48:24.236] RX< [0m[7] [cam] [163910][tshell][cam_solve_whole_layout:355]
[03:48:24.236] RX< scen3: vol 0x8c000000 rbuf 0x89d6cdf0 sz 0xd00000 wbuf 0x8aa6
[03:48:24.236] RX< cdf0 sz 0xd00000
[03:48:24.236] RX<        rtmp txbuf 0x8bf80000 sz 0x80000 avcBuf 0x8bf00000 sz 0x80000
[03:48:24.236] RX< [36mmem_laySolv: scenario=04 in=4032x3024, me_rotate=1 me_stripe=1 
[03:48:24.236] RX< [0m[36mmem_laySolv: me_rot 1, me_stripe 1, eis 0, be_rot 0
[03:48:24.236] RX< [0m[36mmem_laySolv: scen04 14 entrie
[03:48:24.239] RX< s solved OK!
[03:48:24.239] RX< [0m[36mmem_laySolv: scenario=05 in=1008x0756, me_rotate=0 me_stripe=0 
[03:48:24.239] RX< [0m[36mmem_laySolv: me_rot 0, me_stripe 0, eis 0, be_rot 0
[03:48:24.239] RX< [0m[36mmem_laySolv: scen05 17 entries solved OK!
[03:48:24.239] RX< [0m[36mmem_laySolv: scenario=06 in=1008x0720, me_rotat
[03:48:24.239] RX< e=0 me_stripe=0 
[03:48:24.239] RX< [0m[36mmem_laySolv: me_rot 0, me_stripe 0, eis 0, be_rot 0
[03:48:24.239] RX< [0m[36mmem_laySolv: scen06 12 entries solved OK!
[03:48:24.239] RX< [0m[36mmem_laySolv: scenario=01 in=4032x3024, me_rotate=1 me_stripe=1 
[03:48:24.239] RX< [0mscen1 type26 bufAdr 0x89d40b70 sz 0x1400000 reCf
[03:48:24.242] RX< g for bound!
[03:48:24.242] RX< [36mmem_laySolv: scen01 20 entries solved OK!
[03:48:24.242] RX< [0m[7] [cam] [163915][tshell][cam_solve_whole_layout:383]Solve Whole-layout Done!
[03:48:24.242] RX< [6] [cam] [163916][tshell][cgm_parse_media_para:271]phy cam num: 1
[03:48:24.242] RX< [7] [cam] [163916][cer0][cer_recovery_proc:3
[03:48:24.242] RX< 43]thread start cid, 0
[03:48:24.242] RX< [6] [cam] [163917][tshell][csc_open:443]SENSOR MCLK cal: 24MHz
[03:48:24.242] RX< [6] [cam] [163917][tshell][csc_isp_clk_cal:344]MIPI CLK cal: 277MHz
[03:48:24.242] RX< [6] [cam] [163917][tshell][csc_isp_clk_cal:371]LITE CLK cal: 25MHz
[03:48:24.242] RX< [7] [cam] [163917][tshell][cpc_cs
[03:48:24.248] RX< i_rx_power_on:633]E id: 2
[03:48:24.248] RX< [6] [cam] [163918][tshell][cpc_update_clock:603]actual SNS mclk: 24MHz
[03:48:24.248] RX< [6] [cam] [163918][tshell][cpc_update_clock:608]actual MIPI0: 300MHz
[03:48:24.248] RX< [6] [cam] [163919][tshell][cpc_update_clock:598]actual LITE clk: 25MHz
[03:48:24.248] RX< [7] [cam] [163919
[03:48:24.248] RX< ][tshell][cam_prelude_open:297][34msnsOpen camID1 csiID0 phyIdx0[0m
[03:48:24.248] RX< [6] [cam] [163923][tshell][sensor_expo_gain_match:48]sensor get sensor expo gain of imx681_vst
[03:48:24.248] RX< [6] [cam] [163923][tshell][sensor_open:684]sensor [1] open OK.
[03:48:24.248] RX< [6] [cam] [163924][tshell]
[03:48:24.253] RX< [cam_cpm_parse_media:298]video scenario:3, media para[fps:0, mirror_en:0, flip_en:0]
[03:48:24.253] RX< [6] [cam] [163924][tshell][cam_cpm_parse_media:301]video scenario, media para[iso:0, gain:0, wb_mode:0]
[03:48:24.253] RX< [6] [cam] [163925][tshell][csc_isp_clk_cal:353]FE CLK cal: 373MHz,
[03:48:24.253] RX<  ME CLK cal: 371MHz, FE/ME CLK cal: 410MHz
[03:48:24.253] RX< [6] [cam] [163925][tshell][csc_isp_clk_cal:360]BE CLK cal: 301MHz
[03:48:24.253] RX< [6] [cam] [163926][tshell][cpc_update_clock:588]actual FE/ME clk: 500MHz
[03:48:24.253] RX< [7] [cam] [163926][tshell][cam_cpm_core_power_on:425]id,0 type,1 ret 0
[03:48:24.253] RX< [
[03:48:24.255] RX< 6] [cam] [163927][tshell][cam_cpm_core_init:914]E id,0 sensor type,1
[03:48:24.255] RX< [6] [cam] [163930][tshell][cpm_core_check_tuningbin:854]Tuning bin crc check PASS! sum 0x7fb15f, xor 0x4e593f47
[03:48:24.255] RX< [6] [cam] [163930][tshell][qpc_tuning_check_iqbin_validness:396]IQ bin addr
[03:48:24.255] RX< : 0x88646660, project_name: video_3M
[03:48:24.255] RX< [6] [cam] [163931][tshell][qpc_tuning_check_iqbin_validness:397]total_size: 94208
[03:48:24.255] RX< [6] [cam] [163931][tshell][qpc_tuning_check_iqbin_validness:398]id_count: 93. ID_TOTAL: 94
[03:48:24.255] RX< [6] [cam] [163932][tshell][qpc_tuning_check_
[03:48:24.258] RX< iqbin_validness:399]spinel tuning data ver: V1.30
[03:48:24.258] RX< [6] [cam] [163932][tshell][cpm_core_check_tuningbin:868]IQ bin check success!
[03:48:24.258] RX< [6] [cam] [163933][tshell][cam_bm_core_init:94]E
[03:48:24.258] RX< [6] [cam] [163933][tshell][bm_lab_init:174]X ctx size 4 addr 0x884518a0
[03:48:24.258] RX< [6] [
[03:48:24.258] RX< cam] [163933][tshell][cam_bm_core_init:114]X ctx size 180 addr 0x8846a488
[03:48:24.258] RX< [6] [cam] [163934][tshell][qpc_core_init:1218]E id,0
[03:48:24.258] RX< [6] [cam] [163934][tshell][qpc_queue_init:65]QPC init qnodes 8, size 508, pool 0x88487448
[03:48:24.258] RX< [7] [cam] [163934][tshell][_qpc_get_ca
[03:48:24.276] RX< p_cfg_para:888][fallback]preset capCfg 0 0 0 invalid, use default
[03:48:24.276] RX< [7] [cam] [163935][tshell][_qpc_cfg_hdr_frms:832][fallback]preset hdrCfg 0 32 7 25600 148508608 invalid, use default
[03:48:24.276] RX< [6] [cam] [163951][tshell][qpc_core_init:1264]X ctx size 3800 addr 0x884
[03:48:24.276] RX< 6a550
[03:48:24.276] RX< [6] [cam] [163951][tshell][cpm_core_get_param:666]cpm para chk: tunBin-w 4032 h 2266 img-w 4032 h 2268
[03:48:24.276] RX< [6] [cam] [163952][tshell][cam_fe_core_init:436]E id,0
[03:48:24.276] RX< [6] [cam] [163952][tshell][cam_fe_core_init:490]X ctx size 100 addr 0x88497dc8
[03:48:24.276] RX< [7] [cam] [
[03:48:24.281] RX< 163953][tshell][qpc_core_fe_chords_init:1659][34mqpc fe init snsOut w 4032 h 2268, tbl w 28 h 20[0m
[03:48:24.281] RX< [6] [cam] [163953][tshell][cam_me_core_init:1474]X ctx size 1352 addr 0x8849a130
[03:48:24.281] RX< [34m[ME SLICE CFG] perf=1310(us)!
[03:48:24.281] RX< [0m[6] [cam] [163957][tshell][cam_ba
[03:48:24.282] RX< yer_fe_3a_stats_core_init:445]fe 3a id,0
[03:48:24.282] RX< [6] [cam] [163957][tshell][cam_bayer_fe_3a_stats_core_init:490]X ctx size 132 addr 0x884a2b50
[03:48:24.282] RX< [6] [cam] [163958][tshell][awb_wrapper_init:66]xxx awb_bin=0x88489924, awb_bin_length=8068
[03:48:24.282] RX< [6] [cam] [163958][tshell][aw
[03:48:24.289] RX< b_wrapper_init:86]X algo_handle 0x884a87b0
[03:48:24.289] RX< [7] [cam] [163959][awb0][a5_core_wrapper_task:252]thread start cid,0 algo type,2
[03:48:24.289] RX< [6] [cam] [163959][tshell][a5_core_init_task:426]thread created: awb0 mq=0x884aaa78 thread=0x884aab90 sem=0x884aaa08 ret=0
[03:48:24.289] RX< [6] [ca
[03:48:24.289] RX< m] [163960][tshell][bayer_ae_wrapper_init:68]E id,0 proc mode 0 
[03:48:24.289] RX< 
[03:48:24.289] RX< [AEC Proc] @[allib_ae_set_debug_log_flag] Line:129:[DEBUG] debug level/to_file/to_terminal: 22/1/1
[03:48:24.289] RX< [AEC Proc] @[AeInit] Line:377:[INFO] AE ver: 2026_V2.269
[03:48:24.289] RX< 
[03:48:24.289] RX< [AEC Proc] @[allib_ae_loadfunc] 
[03:48:24.292] RX< Line:193:[INFO] camera ID: 0
[03:48:24.292] RX< [AEC Proc] @[alAE_set_param] Line:575:[DEBUG] sw_maxtime 33004 ,pertline 10800, after check sensor step sw_max_time 33000.00
[03:48:24.292] RX< [AEC Proc] @[alAE_set_param] Line:580:[DEBUG] sw_mintime 43 ,pertline 10800, after check sensor step 
[03:48:24.292] RX< sw_min_time 40.00
[03:48:24.292] RX< [AEC Proc] @[alAE_set_param] Line:513:[DEBUG] DEBUG minbv exptime 11 gain 100, minExpBV 13810
[03:48:24.292] RX< [AEC Proc] @[AeTuningParseSet] Line:167:[DEBUG] aeparam version 2.268 60530
[03:48:24.292] RX< [AEC Proc] @[alAE_set_param] Line:340:[DEBUG] INITEXP gain 100, shu
[03:48:24.295] RX< tter 33242, midtonegain 100, bv 2247
[03:48:24.295] RX< [6] [cam] [163969][tshell][bayer_ae_wrapper_init:119]X tline 10800 max_exp 33004 alg_hdl 0x884ad340 
[03:48:24.295] RX< [7] [cam] [163969][b_ae0][a5_core_wrapper_task:252]thread start cid,0 algo type,0
[03:48:24.295] RX< [6] [cam] [163970][tshell][a5_core
[03:48:24.295] RX< _init_task:426]thread created: b_ae0 mq=0x884ae3f0 thread=0x884ae508 sem=0x884ae380 ret=0
[03:48:24.295] RX< [6] [cam] [163970][tshell][atf_wrapper_init:67]E id,0
[03:48:24.295] RX< [6] [cam] [163971][tshell][atf_wrapper_init:107]X alg_ctx addr 0x884af8f0
[03:48:24.295] RX< [7] [cam] [163971][atf0][a5_core_wrap
[03:48:24.296] TX> rtmp_video_start rtmp://192.168.1.89/live/cam
[03:48:24.296] TX> echo "__EVBTEST_END_edace1ac__"
[03:48:24.310] RX< per_task:252]thread start cid,0 algo type,1
[03:48:24.310] RX< [6] [cam] [163972][tshell][a5_core_init_task:426]thread created: atf0 mq=0x884afa28 thread=0x884afb40 sem=0x884af9b8 ret=0
[03:48:24.310] RX< [6] [cam] [163972][tshell][cam_cpm_core_init:1030]X ctx size 1064 addr 0x8846a050
[03:48:24.310] RX< [6] [
[03:48:24.311] RX< cam] [163973][tshell][csc_open:527]ok! phys_id[1], phys_num[1] 
[03:48:24.311] RX< [6] [cam] [163973][tshell][cam_open:699]open ok! camera_id[0]
[03:48:24.311] RX< [34m[cam open] perf=67730(us)!
[03:48:24.311] RX< [0m[6] [App Cam] cam open success
[03:48:24.311] RX< [6] [App Cam] hevc init success
[03:48:24.311] RX< [6] [cam] [163987][tshell][cs
[03:48:24.314] RX< c_init:637]sensor info:size:4032x2268, formt: 0x2b, bps: 1968, tline: 10800
[03:48:24.314] RX< [6] [cam] [163988][tshell][cam_sif_mgr_init:261]E id,0
[03:48:24.314] RX< [7] [cam] [163989][sif0][sif_irq_proc:151]thread start cid,0
[03:48:24.314] RX< [6] [cam] [163989][tshell][cam_sif_mgr_init:293]X ctx size 52 a
[03:48:24.314] RX< ddr 0x884e9b88
[03:48:24.314] RX< [6] [cam] [163990][tshell][cam_prelude_init_cfg:368]CSI ID is 0,  phy lanes is 2.
[03:48:24.314] RX< [7] [cam] [163990][tshell][check_phy_ready:96]MIPI_PHY[0] is ready
[03:48:24.314] RX< [6] [cam] [163990][tshell][sensor_init:348]sensor [1]: register ok
[03:48:24.314] RX< [6] [cam] [163991][tshe
[03:48:24.342] RX< ll][sensor_set_mode:852]sensor [1]: SetMode -> mode = 0.
[03:48:24.342] RX< [6] [cam] [163991][tshell][sensor_send_reg_tab_to_sensor:704]sensor [1]: send_reg_tab_to_sensor E.
[03:48:24.342] RX< [6] [cam] [164002][tshell][sensor_send_reg_tab_to_sensor:726]sensor [1]: reg_count = 77.
[03:48:24.342] RX< [6] [cam] 
[03:48:24.342] RX< [164004][tshell][sensor_init:361]sensor [1]: init success.
[03:48:24.342] RX< [6] [cam] [164004][tshell][sensor_set_mode:852]sensor [1]: SetMode -> mode = 3.
[03:48:24.342] RX< [6] [cam] [164005][tshell][sensor_send_reg_tab_to_sensor:704]sensor [1]: send_reg_tab_to_sensor E.
[03:48:24.342] RX< [6] [cam] [164019
[03:48:24.344] RX< ][tshell][sensor_send_reg_tab_to_sensor:726]sensor [1]: reg_count = 83.
[03:48:24.344] RX< [6] [cam] [164019][tshell][csc_init:646]ok! phys_id[1], phys_num[1]
[03:48:24.344] RX< [6] [cam] [164020][tshell][csc_get_bayer_single_buffer:1038]scenario_type: 3
[03:48:24.344] RX< [6] [cam] [164020][tshell][csc_set_sta
[03:48:24.347] RX< ts_fmt:98]index 0 w 1 h 1 bw 8 wcmp 255
[03:48:24.347] RX< [7] [cam] [164021][tshell][bm_ioctl:201]BMIOC_STATS_FMT
[03:48:24.347] RX< [6] [cam] [164021][tshell][csc_set_fe_fmt:47]index 1 w 4032 h 2268 bw 10 wcmp 0
[03:48:24.347] RX< [7] [cam] [164022][tshell][bm_ioctl:201]BMIOC_FE_FMT
[03:48:24.347] RX< [6] [cam] [164022][tshell
[03:48:24.348] RX< ][csc_set_me_fmt:64]index 5 w 2268 h 4032 bw 10 wcmp 0, rdma_addr 0x894afe00, wdma_addr 0x894afe00
[03:48:24.348] RX< [7] [cam] [164023][tshell][bm_ioctl:201]BMIOC_ME_FMT
[03:48:24.348] RX< [6] [cam] [164023][tshell][csc_set_video_fmt:966]meta_addr: 0x89d6c600
[03:48:24.348] RX< [6] [cam] [164023][tshell][csc_
[03:48:24.350] RX< set_me_fmt:64]index 6 w 1296 h 2304 bw 8 wcmp 255, rdma_addr 0x88795200, wdma_addr 0x8c000000
[03:48:24.350] RX< [6] [cam] [164024][tshell][cam_me_core_buffer_cfg:1367]
[03:48:24.350] RX< ----ME PIPE INFO---
[03:48:24.350] RX<  wdma_buf_num:1, rotation_en: 1
[03:48:24.350] RX< [7] [cam] [164025][tshell][cam_me_core_buffer_cfg:1
[03:48:24.351] RX< 375]yuv wdma_addr 0:0x8c000000, meta_en: 1, 0x89d6c600
[03:48:24.351] RX< [7] [cam] [164025][tshell][bm_ioctl:201]BMIOC_ME_FMT
[03:48:24.351] RX< [6] [cam] [164026][tshell][csc_set_lite_fmt:115]index 13 w 400 h 400 bw 10 wcmp 255
[03:48:24.351] RX< [7] [cam] [164026][tshell][bm_ioctl:201]BMIOC_LITE_FMT
[03:48:24.351] RX< [6] [ca
[03:48:24.353] RX< m] [164026][tshell][csc_set_lite_fmt:115]index 14 w 400 h 400 bw 10 wcmp 255
[03:48:24.353] RX< [7] [cam] [164027][tshell][bm_ioctl:201]BMIOC_LITE_FMT
[03:48:24.353] RX< [6] [cam] [164027][tshell][csc_init:654]get otp ok! phys_id[1], phys_num[1]
[03:48:24.353] RX< [6] [cam] [164027][tshell][cam_init:789]init ok
[03:48:24.354] RX< ! logic_id[0]
[03:48:24.354] RX< [34m[cam init] perf=40598(us)!
[03:48:24.354] RX< [0m[6] [App Cam] cam init success
[03:48:24.354] RX< [7] [cam] [164028][tshell][cam_cpm_core_stream_on:541]id 0 sensor type 1
[03:48:24.354] RX< [6] [cam] [164029][tshell][sensor_stream_on:979]sensor [1]: stream_on
[03:48:24.354] RX< [6] [cam] [164030][tshell][se
[03:48:24.383] RX< nsor_stream_on:1007]sensor [1]: REG: 0x100, W:0x1.
[03:48:24.383] RX< [6] [cam] [164030][tshell][sensor_stream_on:1009]sensor [1]: REG: 0x100, R:0x1.
[03:48:24.383] RX< [6] [cam] [164030][tshell][csc_prv_start:783]ok! phys_id[1], phys_num[1], cam_ids[1]
[03:48:24.383] RX< [6] [cam] [164031][tshell][cam_start:89
[03:48:24.383] RX< 7]preview start ok! logic_id[0]
[03:48:24.383] RX< [34m[cam start] perf=2636(us)!
[03:48:24.383] RX< [0m[6] [App Cam] cam start success
[03:48:24.383] RX< [RTMP] connecting rtmp://192.168.1.89/live/cam ...
[03:48:24.383] RX< [7] [cam] [164033][b_3a_sts][bayer_stats_core_irq_proc:164]thread start cid,0
[03:48:24.383] RX< [7] [cam] [164033][fe0][f
[03:48:24.499] RX< e_core_irq_proc:98]thread start cid,0
[03:48:24.499] RX< [RTMP] connected to 192.168.1.89:1935 (sock=6)
[03:48:24.499] RX< [34m[AE] fid=0,exp=10140,adg=282,Y=6765,mtg=100,shg=100,bgbv=4662,iso=282,cnv0,hdr0
[03:48:24.499] RX< [0m[34m[b_ae0 proc] perf=7796(us), max=7796(us)!
[03:48:24.499] RX< [0m[34m[awb0 proc] perf=4296(us
[03:48:24.807] RX< ), max=4296(us)!
[03:48:24.807] RX< [0m[RTMP] handshake (simple) ok
[03:48:24.807] RX< [6] [cam] [164324][me0][cpm_cb_fe2me_tikChk:152]frm_length 88558us, fe2me delta 0
[03:48:24.807] RX< [34m[ME INTP]fid=0, shutter=10140, perf=2947(us), max=2947(us)!
[03:48:24.807] RX< [0m[RTMP] connect _result ok
[03:48:24.807] RX< [RTMP] createStream -> msid=1
[03:48:24.839] RX< 
[03:48:24.839] RX< [RTMP] publish ready on rtmp://192.168.1.89:1935/live
[03:48:24.839] RX< [RTMP] config sent (42 bytes)
[03:48:24.839] RX< [RTMP] f_index = 0, f_len = 39
[03:48:24.839] RX< [RTMP] Push Start -> rtmp://192.168.1.89/live/cam
[03:48:24.839] RX< msh /emmc>echo "__EVBTEST_END_edace1ac__"
[03:48:24.839] RX< __EVBTEST_END_edace1ac__
[03:48:24.839] RX< msh /emmc>[7] [cam] [1
[03:48:25.683] RX< 64502][me0][me_core_thread:322]ME out fid 0
[03:48:25.683] RX< [RTMP] slow send frame 1 len=99607 dt=491ms (IDR)
[03:48:25.683] RX< [RTMP] slow send frame 2 len=41446 dt=291ms
[03:48:25.683] RX< [34m[AE] fid=30,exp=10070,adg=150,Y=3968,mtg=200,shg=100,bgbv=1947,iso=150,cnv2,hdr0
[03:48:25.683] RX< [0m[RTMP] slow send frame 3 len
[03:48:26.419] RX< =14251 dt=64ms
[03:48:26.419] RX< [RTMP] slow send frame 5 len=10589 dt=92ms
[03:48:26.419] RX< [7] [cam] [165502][me0][me_core_thread:322]ME out fid 30
[03:48:26.419] RX< [RTMP] slow send frame 6 len=10227 dt=130ms
[03:48:26.419] RX< [RTMP] slow send frame 7 len=13591 dt=175ms
[03:48:26.419] RX< [RTMP] slow send frame 8 len=14355 dt=195ms
[03:48:26.419] RX< [RTMP] sl
[03:48:26.827] RX< ow send frame 9 len=10924 dt=105ms
[03:48:26.827] RX< [RTMP] slow send frame 10 len=12138 dt=93ms
[03:48:26.827] RX< [RTMP] slow send frame 12 len=6671 dt=89ms
[03:48:26.827] RX< [34m[AE] fid=60,exp=10130,adg=150,Y=4012,mtg=200,shg=100,bgbv=1916,iso=150,cnv2,hdr0
[03:48:26.827] RX< [0m[7] [cam] [166502][me0][me_core_thread:322]M
[03:48:27.656] RX< E out fid 60
[03:48:27.656] RX< [RTMP] slow send frame 13 len=17096 dt=217ms
[03:48:27.656] RX< [RTMP] slow send frame 14 len=14318 dt=267ms
[03:48:27.656] RX< [RTMP] slow send frame 15 len=15597 dt=260ms
[03:48:27.656] RX< [34m[AE] fid=90,exp=10130,adg=150,Y=4012,mtg=200,shg=100,bgbv=1916,iso=150,cnv2,hdr0
[03:48:27.656] RX< [0m[34m[b_ae0 proc] 
[03:48:28.650] RX< perf=917(us), max=7796(us)!
[03:48:28.650] RX< [0m[34m[awb0 proc] perf=4365(us), max=4433(us)!
[03:48:28.650] RX< [0m[7] [cam] [167502][me0][me_core_thread:322]ME out fid 90
[03:48:28.650] RX< [RTMP] slow send frame 16 len=15050 dt=486ms
[03:48:28.650] RX< [RTMP] slow send frame 17 len=14630 dt=428ms
[03:48:28.650] RX< [34m[AE] fid=120,exp=1013
[03:48:29.039] RX< 0,adg=150,Y=4010,mtg=200,shg=100,bgbv=1916,iso=150,cnv2,hdr0
[03:48:29.039] RX< [0m[34m[ME INTP]fid=120, shutter=10130, perf=7(us), max=2947(us)!
[03:48:29.039] RX< [0m[RTMP] slow send frame 18 len=15282 dt=527ms
[03:48:29.039] RX< [7] [cam] [168502][me0][me_core_thread:322]ME out fid 120
[03:48:29.039] RX< [RTMP] slow send fra
[03:48:29.827] RX< me 19 len=22304 dt=232ms
[03:48:29.827] RX< [RTMP] slow send frame 20 len=11538 dt=274ms
[03:48:29.827] RX< [RTMP] slow send frame 21 len=14442 dt=231ms
[03:48:29.827] RX< [34m[AE] fid=150,exp=10130,adg=150,Y=4008,mtg=200,shg=100,bgbv=1916,iso=150,cnv2,hdr0
[03:48:29.827] RX< [0m[7] [cam] [169502][me0][me_core_thread:322]ME out 
[03:48:30.656] RX< fid 150
[03:48:30.656] RX< [RTMP] slow send frame 22 len=16402 dt=587ms
[03:48:30.656] RX< [RTMP] slow send frame 23 len=12750 dt=266ms
[03:48:30.656] RX< [34m[AE] fid=180,exp=10130,adg=150,Y=4014,mtg=200,shg=100,bgbv=1921,iso=150,cnv2,hdr0
[03:48:30.656] RX< [0m[34m[b_ae0 proc] perf=1034(us), max=1035(us)!
[03:48:30.656] RX< [0m[34m[awb0 proc
[03:48:31.650] RX< ] perf=4272(us), max=4421(us)!
[03:48:31.650] RX< [0m[RTMP] slow send frame 24 len=15031 dt=414ms
[03:48:31.650] RX< [7] [cam] [170502][me0][me_core_thread:322]ME out fid 180
[03:48:31.650] RX< [RTMP] slow send frame 25 len=15411 dt=329ms
[03:48:31.650] RX< [34m[AE] fid=210,exp=10130,adg=150,Y=4016,mtg=200,shg=100,bgbv=1921,iso=
[03:48:32.650] RX< 150,cnv2,hdr0
[03:48:32.650] RX< [0m[7] [cam] [171501][me0][me_core_thread:322]ME out fid 210
[03:48:32.650] RX< [RTMP] slow send frame 26 len=12230 dt=777ms
[03:48:32.650] RX< [RTMP] slow send frame 27 len=14608 dt=690ms
[03:48:32.650] RX< [34m[AE] fid=240,exp=10130,adg=150,Y=4017,mtg=200,shg=100,bgbv=1921,iso=150,cnv2,hdr0
[03:48:32.650] RX< [0
[03:48:33.656] RX< m[34m[ME INTP]fid=240, shutter=10130, perf=6(us), max=288(us)!
[03:48:33.656] RX< [0m[7] [cam] [172501][me0][me_core_thread:322]ME out fid 240
[03:48:33.656] RX< [RTMP] slow send frame 28 len=13082 dt=1004ms
[03:48:33.656] RX< [34m[AE] fid=270,exp=10130,adg=150,Y=4015,mtg=200,shg=100,bgbv=1921,iso=150,cnv2,hd
[03:48:34.232] RX< r0
[03:48:34.232] RX< [0m[34m[b_ae0 proc] perf=909(us), max=1067(us)!
[03:48:34.232] RX< [0m[34m[awb0 proc] perf=4359(us), max=4423(us)!
[03:48:34.232] RX< [0m[7] [cam] [173501][me0][me_core_thread:322]ME out fid 270
[03:48:34.232] RX< [RTMP] slow send frame 29 len=12206 dt=359ms
[03:48:34.232] RX< [RTMP] slow send frame 30 len=10099 dt=263ms
[03:48:35.698] RX< [34m[AE] fid=300,exp=10130,adg=150,Y=4005,mtg=200,shg=100,bgbv=1916,iso=150,cnv2,hdr0
[03:48:35.698] RX< [0m[7] [cam] [174501][me0][me_core_thread:322]ME out fid 300
[03:48:35.698] RX< [34m[AE] fid=330,exp=10130,adg=150,Y=4006,mtg=200,shg=100,bgbv=1916,iso=150,cnv2,hdr0
[03:48:35.698] RX< [0m[RTMP] slow send
[03:48:36.322] RX<  frame 31 len=65350 dt=1466ms (IDR)
[03:48:36.322] RX< [7] [cam] [175501][me0][me_core_thread:322]ME out fid 330
[03:48:36.322] RX< [RTMP] slow send frame 32 len=12878 dt=231ms
[03:48:36.322] RX< [RTMP] slow send frame 33 len=12137 dt=121ms
[03:48:36.322] RX< [RTMP] slow send frame 34 len=11450 dt=115ms
[03:48:36.322] RX< [RTMP] slow send frame 35 l
[03:48:36.657] RX< en=14104 dt=145ms
[03:48:36.657] RX< [RTMP] slow send frame 36 len=11342 dt=154ms
[03:48:36.657] RX< [RTMP] slow send frame 37 len=13743 dt=116ms
[03:48:36.657] RX< [34m[AE] fid=360,exp=10190,adg=157,Y=4063,mtg=200,shg=100,bgbv=1911,iso=157,cnv2,hdr0
[03:48:36.657] RX< [0m[34m[b_ae0 proc] perf=919(us), max=1046(us)!
[03:48:36.657] RX< [0m[34m[
[03:48:36.894] RX< awb0 proc] perf=4295(us), max=4416(us)!
[03:48:36.894] RX< [0m[34m[ME INTP]fid=360, shutter=10190, perf=6(us), max=1472(us)!
[03:48:36.894] RX< [0m[RTMP] slow send frame 38 len=14981 dt=182ms
[03:48:36.894] RX< [7] [cam] [176501][me0][me_core_thread:322]ME out fid 360
[03:48:36.894] RX< [RTMP] slow send frame 39 len=10828 dt=13
[03:48:37.651] RX< 3ms
[03:48:37.651] RX< [RTMP] slow send frame 40 len=13521 dt=164ms
[03:48:37.651] RX< [RTMP] slow send frame 41 len=14979 dt=323ms
[03:48:37.651] RX< [RTMP] slow send frame 42 len=10532 dt=115ms
[03:48:37.651] RX< [RTMP] slow send frame 43 len=13388 dt=136ms
[03:48:37.651] RX< [34m[AE] fid=390,exp=10110,adg=175,Y=4300,mtg=192,shg=100,bgbv=1881,iso
[03:48:38.276] RX< =175,cnv2,hdr0
[03:48:38.276] RX< [0m[RTMP] slow send frame 44 len=14628 dt=148ms
[03:48:38.276] RX< [7] [cam] [177501][me0][me_core_thread:322]ME out fid 390
[03:48:38.276] RX< [RTMP] slow send frame 45 len=10651 dt=113ms
[03:48:38.276] RX< [RTMP] slow send frame 46 len=13393 dt=182ms
[03:48:38.276] RX< [RTMP] slow send frame 47 len=14918 dt=197ms
[03:48:38.827] RX< 
[03:48:38.827] RX< [RTMP] slow send frame 48 len=10275 dt=109ms
[03:48:38.827] RX< [RTMP] slow send frame 49 len=13262 dt=177ms
[03:48:38.827] RX< [34m[AE] fid=420,exp=10110,adg=175,Y=4300,mtg=192,shg=100,bgbv=1881,iso=175,cnv2,hdr0
[03:48:38.827] RX< [0m[RTMP] slow send frame 50 len=14627 dt=185ms
[03:48:38.827] RX< [7] [cam] [178500][me0][me_co
[03:48:39.656] RX< re_thread:322]ME out fid 420
[03:48:39.656] RX< [RTMP] slow send frame 51 len=10566 dt=131ms
[03:48:39.656] RX< [RTMP] slow send frame 52 len=13492 dt=155ms
[03:48:39.656] RX< [RTMP] slow send frame 53 len=14592 dt=273ms
[03:48:39.656] RX< [RTMP] slow send frame 54 len=10479 dt=210ms
[03:48:39.656] RX< [RTMP] slow send frame 55 len=13188 dt=108ms
[03:48:39.656] RX< [
[03:48:39.832] RX< 34m[AE] fid=450,exp=10110,adg=175,Y=4300,mtg=192,shg=100,bgbv=1881,iso=175,cnv2,hdr0
[03:48:39.832] RX< [0m[34m[b_ae0 proc] perf=996(us), max=1050(us)!
[03:48:39.832] RX< [0m[34m[awb0 proc] perf=4293(us), max=4424(us)!
[03:48:39.832] RX< [0m[RTMP] slow send frame 56 len=14812 dt=126ms
[03:48:39.832] RX< [7] [cam] [179500][me
[03:48:40.651] RX< 0][me_core_thread:322]ME out fid 450
[03:48:40.651] RX< [RTMP] slow send frame 57 len=10511 dt=97ms
[03:48:40.651] RX< [RTMP] slow send frame 58 len=13313 dt=137ms
[03:48:40.651] RX< [RTMP] slow send frame 59 len=14927 dt=123ms
[03:48:40.651] RX< [RTMP] slow send frame 60 len=10266 dt=367ms
[03:48:40.651] RX< [34m[AE] fid=480,exp=10110,adg=175,Y=42
[03:48:41.294] RX< 95,mtg=192,shg=100,bgbv=1877,iso=175,cnv2,hdr0
[03:48:41.294] RX< [0m[34m[ME INTP]fid=480, shutter=10110, perf=6(us), max=2187(us)!
[03:48:41.294] RX< [0m[7] [cam] [180501][me0][me_core_thread:322]ME out fid 480
[03:48:41.294] RX< [RTMP] slow send frame 61 len=93603 dt=799ms (IDR)
[03:48:41.294] RX< [RTMP] f_index = 90, f_len =
[03:48:42.654] RX<  14946
[03:48:42.654] RX< [34m[AE] fid=510,exp=10110,adg=175,Y=4301,mtg=192,shg=100,bgbv=1881,iso=175,cnv2,hdr0
[03:48:42.654] RX< [0m[7] [cam] [181500][me0][me_core_thread:322]ME out fid 510
[03:48:42.654] RX< [RTMP] slow send frame 91 len=102612 dt=1020ms (IDR)
[03:48:42.654] RX< [RTMP] dropped 30 p-frames (backlog 54%)
[03:48:42.654] RX< [34m[
[03:48:43.469] RX< AE] fid=540,exp=10110,adg=175,Y=4297,mtg=192,shg=100,bgbv=1877,iso=175,cnv2,hdr0
[03:48:43.469] RX< [0m[34m[b_ae0 proc] perf=910(us), max=1049(us)!
[03:48:43.469] RX< [0m[34m[awb0 proc] perf=4374(us), max=4406(us)!
[03:48:43.469] RX< [0m[7] [cam] [182500][me0][me_core_thread:322]ME out fid 540
[03:48:43.469] RX< [RTMP] slow 
[03:48:44.650] RX< send frame 121 len=98908 dt=1133ms (IDR)
[03:48:44.650] RX< [RTMP] dropped 60 p-frames (backlog 54%)
[03:48:44.650] RX< [34m[AE] fid=570,exp=10110,adg=175,Y=4299,mtg=192,shg=100,bgbv=1877,iso=175,cnv2,hdr0
[03:48:44.650] RX< [0m[7] [cam] [183500][me0][me_core_thread:322]ME out fid 570
[03:48:44.650] RX< [34m[AE] fid=600,exp=101
[03:48:44.749] RX< 10,adg=175,Y=4298,mtg=192,shg=100,bgbv=1877,iso=175,cnv2,hdr0
[03:48:44.749] RX< [0m[RTMP] slow send frame 151 len=97471 dt=1195ms (IDR)
[03:48:44.749] RX< [RTMP] dropped 90 p-frames (backlog 55%)
[03:48:44.749] RX< [RTMP] f_index = 180, f_len = 14970
[03:48:44.749] RX< [34m[ME INTP]fid=600, shutter=10110, perf=6(us), max=1794(u
[03:48:45.666] RX< s)!
[03:48:45.666] RX< [0m[7] [cam] [184500][me0][me_core_thread:322]ME out fid 600
[03:48:45.666] RX< [RTMP] slow send frame 181 len=101041 dt=962ms (IDR)
[03:48:45.666] RX< [RTMP] dropped 120 p-frames (backlog 78%)
[03:48:45.666] RX< [34m[AE] fid=630,exp=10110,adg=175,Y=4292,mtg=192,shg=100,bgbv=1877,iso=175,cnv2,hdr0
[03:48:45.666] RX< [0m[34
[03:48:46.650] RX< m[b_ae0 proc] perf=973(us), max=1038(us)!
[03:48:46.650] RX< [0m[34m[awb0 proc] perf=4284(us), max=4423(us)!
[03:48:46.650] RX< [0m[7] [cam] [185499][me0][me_core_thread:322]ME out fid 630
[03:48:46.650] RX< [RTMP] slow send frame 211 len=100769 dt=940ms (IDR)
[03:48:46.650] RX< [RTMP] dropped 150 p-frames (backlog 78%)
[03:48:46.650] RX< [34m[
[03:48:47.390] RX< AE] fid=660,exp=10110,adg=175,Y=4297,mtg=192,shg=100,bgbv=1877,iso=175,cnv2,hdr0
[03:48:47.390] RX< [0m[7] [cam] [186499][me0][me_core_thread:322]ME out fid 660
[03:48:47.390] RX< [RTMP] slow send frame 241 len=100777 dt=772ms (IDR)
[03:48:47.390] RX< [RTMP] dropped 180 p-frames (backlog 78%)
[03:48:47.390] RX< [RTMP] f_index = 2
[03:48:48.241] RX< 70, f_len = 10876
[03:48:48.241] RX< [34m[AE] fid=690,exp=10110,adg=175,Y=4296,mtg=192,shg=100,bgbv=1877,iso=175,cnv2,hdr0
[03:48:48.241] RX< [0m[7] [cam] [187499][me0][me_core_thread:322]ME out fid 690
[03:48:48.241] RX< [RTMP] slow send frame 271 len=92604 dt=845ms (IDR)
[03:48:48.241] RX< [RTMP] dropped 210 p-frames (backlog 
[03:48:48.750] RX< 77%)
[03:48:48.750] RX< [34m[AE] fid=720,exp=10110,adg=175,Y=4295,mtg=192,shg=100,bgbv=1877,iso=175,cnv2,hdr0
[03:48:48.750] RX< [0m[34m[b_ae0 proc] perf=847(us), max=1038(us)!
[03:48:48.750] RX< [0m[34m[awb0 proc] perf=4273(us), max=4420(us)!
[03:48:48.750] RX< [0m[34m[ME INTP]fid=720, shutter=10110, perf=7(us), max=1046(
[03:48:49.825] RX< us)!
[03:48:49.825] RX< [0m[7] [cam] [188499][me0][me_core_thread:322]ME out fid 720
[03:48:49.825] RX< [RTMP] slow send frame 301 len=102488 dt=775ms (IDR)
[03:48:49.825] RX< [RTMP] dropped 240 p-frames (backlog 77%)
[03:48:49.825] RX< [34m[AE] fid=750,exp=10110,adg=175,Y=4295,mtg=192,shg=100,bgbv=1877,iso=175,cnv2,hdr0
[03:48:49.825] RX< [0m[7]
[03:48:50.649] RX<  [cam] [189499][me0][me_core_thread:322]ME out fid 750
[03:48:50.649] RX< [RTMP] slow send frame 331 len=105475 dt=1220ms (IDR)
[03:48:50.649] RX< [RTMP] dropped 270 p-frames (backlog 77%)
[03:48:50.649] RX< [RTMP] f_index = 360, f_len = 19028
[03:48:50.649] RX< [34m[AE] fid=780,exp=10110,adg=175,Y=4292,mtg=192,shg=100,bgbv=1877,
[03:48:51.654] RX< iso=175,cnv2,hdr0
[03:48:51.654] RX< [0m[7] [cam] [190499][me0][me_core_thread:322]ME out fid 780
[03:48:51.654] RX< [34m[AE] fid=810,exp=10110,adg=175,Y=4296,mtg=192,shg=100,bgbv=1877,iso=175,cnv2,hdr0
[03:48:51.654] RX< [0m[34m[b_ae0 proc] perf=912(us), max=1061(us)!
[03:48:51.654] RX< [0m[34m[awb0 proc] perf=4360(us), ma
[03:48:52.649] RX< x=4415(us)!
[03:48:52.649] RX< [0m[7] [cam] [191499][me0][me_core_thread:322]ME out fid 810
[03:48:52.649] RX< [RTMP] slow send frame 361 len=96594 dt=1617ms (IDR)
[03:48:52.649] RX< [RTMP] dropped 300 p-frames (backlog 79%)
[03:48:52.649] RX< [34m[AE] fid=840,exp=10110,adg=175,Y=4292,mtg=192,shg=100,bgbv=1877,iso=175,cnv2,hdr0
[03:48:53.649] RX< [0m[34m[ME INTP]fid=840, shutter=10110, perf=7(us), max=357(us)!
[03:48:53.649] RX< [0m[7] [cam] [192499][me0][me_core_thread:322]ME out fid 840
[03:48:53.649] RX< [RTMP] slow send frame 391 len=113403 dt=1136ms (IDR)
[03:48:53.649] RX< [RTMP] dropped 330 p-frames (backlog 78%)
[03:48:53.649] RX< [34m[AE] fid=870,exp=10110,adg
[03:48:54.662] RX< =175,Y=4288,mtg=192,shg=100,bgbv=1877,iso=175,cnv2,hdr0
[03:48:54.662] RX< [0m[RTMP] slow send frame 421 len=100197 dt=669ms (IDR)
[03:48:54.662] RX< [RTMP] dropped 360 p-frames (backlog 76%)
[03:48:54.662] RX< [RTMP] f_index = 450, f_len = 20808
[03:48:54.662] RX< [7] [cam] [193498][me0][me_core_thread:322]ME out fid 870
[03:48:54.662] RX< [34m[A
[03:48:54.662] RX< E] fid=900,exp=10110,adg=175,Y=4289,mtg=192,shg=100,bgbv=1877,iso=175,cnv2,hdr0
[03:48:54.662] RX< [0m[34m[b_ae0 proc] perf=935(us), max=1060(us)!
[03:48:54.662] RX< [0m[34m[awb0 proc] perf=4164(us), max=4416(us)!
[03:48:54.662] RX< [0m[RTMP] slow send frame 451 len=111814 dt=925ms (IDR)
[03:48:54.662] RX< [RTMP] dropped 390
[03:48:55.649] RX<  p-frames (backlog 76%)
[03:48:55.649] RX< [7] [cam] [194498][me0][me_core_thread:322]ME out fid 900
[03:48:55.649] RX< [RTMP] slow send frame 481 len=88587 dt=567ms (IDR)
[03:48:55.649] RX< [RTMP] dropped 420 p-frames (backlog 75%)
[03:48:55.649] RX< [34m[AE] fid=930,exp=10110,adg=175,Y=4287,mtg=192,shg=100,bgbv=1872,iso=175,cnv
[03:48:56.649] RX< 2,hdr0
[03:48:56.649] RX< [0m[7] [cam] [195501][me0][me_core_thread:322]ME out fid 930
[03:48:56.649] RX< [RTMP] slow send frame 511 len=98273 dt=638ms (IDR)
[03:48:56.649] RX< [RTMP] dropped 450 p-frames (backlog 74%)
[03:48:56.649] RX< [RTMP] f_index = 540, f_len = 15422
[03:48:56.649] RX< [34m[AE] fid=960,exp=10110,adg=175,Y=4289,mtg=192,shg=10
[03:48:57.260] RX< 0,bgbv=1877,iso=175,cnv2,hdr0
[03:48:57.260] RX< [0m[RTMP] slow send frame 541 len=95190 dt=789ms (IDR)
[03:48:57.260] RX< [RTMP] dropped 480 p-frames (backlog 72%)
[03:48:57.260] RX< [34m[ME INTP]fid=960, shutter=10110, perf=6(us), max=1122(us)!
[03:48:57.260] RX< [0m[7] [cam] [196498][me0][me_core_thread:322]ME out fid 960
[03:48:57.260] RX< [R
[03:48:57.656] RX< TMP] slow send frame 571 len=99119 dt=570ms (IDR)
[03:48:57.656] RX< [RTMP] dropped 510 p-frames (backlog 71%)
[03:48:57.656] RX< [34m[AE] fid=990,exp=10110,adg=175,Y=4290,mtg=192,shg=100,bgbv=1877,iso=175,cnv2,hdr0
[03:48:57.656] RX< [0m[34m[b_ae0 proc] perf=938(us), max=1051(us)!
[03:48:57.656] RX< [0m[34m[awb0 proc] perf=
[03:48:58.312] RX< 4270(us), max=4389(us)!
[03:48:58.312] RX< [0m[7] [cam] [197499][me0][me_core_thread:322]ME out fid 990
[03:48:58.312] RX< [RTMP] slow send frame 601 len=97219 dt=605ms (IDR)
[03:48:58.312] RX< [RTMP] slow send frame 618 len=19345 dt=122ms
[03:48:58.312] RX< [RTMP] slow send frame 619 len=9766 dt=56ms
[03:48:58.312] RX< [RTMP] slow send frame 620 l
[03:48:58.825] RX< en=19607 dt=248ms
[03:48:58.825] RX< [RTMP] slow send frame 621 len=10141 dt=83ms
[03:48:58.825] RX< [RTMP] slow send frame 622 len=13133 dt=142ms
[03:48:58.825] RX< [34m[AE] fid=1020,exp=10110,adg=175,Y=4290,mtg=192,shg=100,bgbv=1877,iso=175,cnv2,hdr0
[03:48:58.825] RX< [0m[RTMP] slow send frame 623 len=12408 dt=122ms
[03:48:58.825] RX< [7] [cam]
[03:48:59.522] RX<  [198498][me0][me_core_thread:322]ME out fid 1020
[03:48:59.522] RX< [RTMP] slow send frame 624 len=17800 dt=185ms
[03:48:59.522] RX< [RTMP] slow send frame 625 len=11288 dt=153ms
[03:48:59.522] RX< [RTMP] slow send frame 626 len=15698 dt=281ms
[03:48:59.522] RX< [RTMP] slow send frame 627 len=10228 dt=82ms
[03:48:59.522] RX< [RTMP] slow send frame 
[03:49:00.448] RX< 629 len=17153 dt=150ms
[03:49:00.448] RX< [RTMP] dropped 540 p-frames (backlog 51%)
[03:49:00.448] RX< [RTMP] f_index = 630, f_len = 13014
[03:49:00.448] RX< [34m[AE] fid=1050,exp=10110,adg=175,Y=4279,mtg=192,shg=100,bgbv=1872,iso=175,cnv2,hdr0
[03:49:00.448] RX< [0m[7] [cam] [199498][me0][me_core_thread:322]ME out fid 1050
[03:49:00.448] RX< [RT
[03:49:00.748] RX< MP] slow send frame 631 len=90972 dt=931ms (IDR)
[03:49:00.748] RX< [34m[AE] fid=1080,exp=10110,adg=175,Y=4284,mtg=192,shg=100,bgbv=1872,iso=175,cnv2,hdr0
[03:49:00.748] RX< [0m[34m[b_ae0 proc] perf=855(us), max=1026(us)!
[03:49:00.748] RX< [0m[34m[awb0 proc] perf=4401(us), max=4415(us)!
[03:49:00.748] RX< [0m[34m[ME INTP]
[03:49:01.400] RX< fid=1080, shutter=10110, perf=6(us), max=2655(us)!
[03:49:01.400] RX< [0m[7] [cam] [200497][me0][me_core_thread:322]ME out fid 1080
[03:49:01.400] RX< [RTMP] slow send frame 661 len=84203 dt=645ms (IDR)
[03:49:01.400] RX< [RTMP] dropped 570 p-frames (backlog 53%)
[03:49:01.400] RX< [RTMP] slow send frame 682 len=14164 dt=143ms
[03:49:01.400] RX< [R
[03:49:02.216] RX< TMP] slow send frame 688 len=15629 dt=107ms
[03:49:02.216] RX< [RTMP] slow send frame 690 len=10707 dt=86ms
[03:49:02.216] RX< [34m[AE] fid=1110,exp=10110,adg=175,Y=4286,mtg=192,shg=100,bgbv=1872,iso=175,cnv2,hdr0
[03:49:02.216] RX< [0m[7] [cam] [201497][me0][me_core_thread:322]ME out fid 1110
[03:49:02.216] RX< [RTMP] slow send
[03:49:02.824] RX<  frame 691 len=89897 dt=723ms (IDR)
[03:49:02.824] RX< [RTMP] dropped 600 p-frames (backlog 52%)
[03:49:02.824] RX< [RTMP] slow send frame 716 len=23102 dt=249ms
[03:49:02.824] RX< [RTMP] f_index = 720, f_len = 14952
[03:49:02.824] RX< [34m[AE] fid=1140,exp=10110,adg=175,Y=4288,mtg=192,shg=100,bgbv=1877,iso=175,cnv2,hdr0
[03:49:02.824] RX< [0m[7] 
[03:49:03.656] RX< [cam] [202497][me0][me_core_thread:322]ME out fid 1140
[03:49:03.656] RX< [RTMP] slow send frame 721 len=97984 dt=987ms (IDR)
[03:49:03.656] RX< [RTMP] dropped 630 p-frames (backlog 53%)
[03:49:03.656] RX< [34m[AE] fid=1170,exp=10110,adg=175,Y=4324,mtg=192,shg=100,bgbv=1885,iso=175,cnv2,hdr0
[03:49:03.656] RX< [0m[34m[b_ae0 pro
[03:49:04.227] RX< c] perf=871(us), max=1034(us)!
[03:49:04.227] RX< [0m[34m[awb0 proc] perf=4296(us), max=4424(us)!
[03:49:04.227] RX< [0m[7] [cam] [203497][me0][me_core_thread:322]ME out fid 1170
[03:49:04.227] RX< [RTMP] slow send frame 751 len=97539 dt=685ms (IDR)
[03:49:04.227] RX< [RTMP] dropped 660 p-frames (backlog 52%)
[03:49:04.227] RX< [RTMP] slow send 
[03:49:04.748] RX< frame 774 len=9983 dt=72ms
[03:49:04.748] RX< [RTMP] slow send frame 777 len=14866 dt=128ms
[03:49:04.748] RX< [RTMP] slow send frame 779 len=11877 dt=84ms
[03:49:04.748] RX< [34m[AE] fid=1200,exp=10110,adg=175,Y=4320,mtg=192,shg=100,bgbv=1885,iso=175,cnv2,hdr0
[03:49:04.748] RX< [0m[34m[ME INTP]fid=1200, shutter=10110, perf=6(
[03:49:05.648] RX< us), max=1107(us)!
[03:49:05.648] RX< [0m[7] [cam] [204497][me0][me_core_thread:322]ME out fid 1200
[03:49:05.648] RX< [RTMP] slow send frame 781 len=103753 dt=969ms (IDR)
[03:49:05.648] RX< [RTMP] dropped 690 p-frames (backlog 52%)
[03:49:05.648] RX< [RTMP] f_index = 810, f_len = 21973
[03:49:05.648] RX< [34m[AE] fid=1230,exp=10110,adg=175,Y=4318
[03:49:06.653] RX< ,mtg=192,shg=100,bgbv=1885,iso=175,cnv2,hdr0
[03:49:06.653] RX< [0m[7] [cam] [205497][me0][me_core_thread:322]ME out fid 1230
[03:49:06.653] RX< [RTMP] slow send frame 811 len=103375 dt=781ms (IDR)
[03:49:06.653] RX< [RTMP] dropped 720 p-frames (backlog 74%)
[03:49:06.653] RX< [34m[AE] fid=1260,exp=10110,adg=175,Y=4279,mtg=192,s
[03:49:06.957] RX< hg=100,bgbv=1872,iso=175,cnv2,hdr0
[03:49:06.957] RX< [0m[34m[b_ae0 proc] perf=938(us), max=1054(us)!
[03:49:06.957] RX< [0m[34m[awb0 proc] perf=4331(us), max=4410(us)!
[03:49:06.957] RX< [0m[7] [cam] [206497][me0][me_core_thread:322]ME out fid 1260
[03:49:06.957] RX< [RTMP] slow send frame 841 len=92982 dt=722ms (IDR)
[03:49:06.957] RX< [RTMP
[03:49:07.781] RX< ] dropped 750 p-frames (backlog 74%)
[03:49:07.781] RX< [34m[AE] fid=1290,exp=10110,adg=175,Y=4277,mtg=192,shg=100,bgbv=1872,iso=175,cnv2,hdr0
[03:49:07.781] RX< [0m[RTMP] slow send frame 871 len=87715 dt=807ms (IDR)
[03:49:07.781] RX< [RTMP] dropped 780 p-frames (backlog 72%)
[03:49:07.781] RX< [RTMP] f_index = 900, f_len = 143
[03:49:08.748] RX< 99
[03:49:08.748] RX< [7] [cam] [207498][me0][me_core_thread:322]ME out fid 1290
[03:49:08.748] RX< [RTMP] slow send frame 901 len=97942 dt=705ms (IDR)
[03:49:08.748] RX< [RTMP] dropped 810 p-frames (backlog 71%)
[03:49:08.748] RX< [34m[AE] fid=1320,exp=10110,adg=175,Y=4281,mtg=192,shg=100,bgbv=1872,iso=175,cnv2,hdr0
[03:49:08.748] RX< [0m[34m[ME
[03:49:09.653] RX<  INTP]fid=1320, shutter=10110, perf=7(us), max=861(us)!
[03:49:09.653] RX< [0m[7] [cam] [208496][me0][me_core_thread:322]ME out fid 1320
[03:49:09.653] RX< [RTMP] slow send frame 931 len=112805 dt=961ms (IDR)
[03:49:09.653] RX< [RTMP] dropped 840 p-frames (backlog 71%)
[03:49:09.653] RX< [34m[AE] fid=1350,exp=10110,adg=175,Y=428
[03:49:10.021] RX< 6,mtg=192,shg=100,bgbv=1872,iso=175,cnv2,hdr0
[03:49:10.021] RX< [0m[34m[b_ae0 proc] perf=1035(us), max=1045(us)!
[03:49:10.021] RX< [0m[34m[awb0 proc] perf=4293(us), max=4409(us)!
[03:49:10.021] RX< [0m[7] [cam] [209498][me0][me_core_thread:322]ME out fid 1350
[03:49:10.021] RX< [RTMP] slow send frame 961 len=87918 dt=537ms
[03:49:10.648] RX<  (IDR)
[03:49:10.648] RX< [RTMP] dropped 870 p-frames (backlog 70%)
[03:49:10.648] RX< [RTMP] f_index = 990, f_len = 14512
[03:49:10.648] RX< [RTMP] slow send frame 991 len=98737 dt=564ms (IDR)
[03:49:10.648] RX< [RTMP] dropped 900 p-frames (backlog 68%)
[03:49:10.648] RX< [34m[AE] fid=1380,exp=10110,adg=175,Y=4278,mtg=192,shg=100,bgbv=1872,iso=175
[03:49:11.648] RX< ,cnv2,hdr0
[03:49:11.648] RX< [0m[7] [cam] [210496][me0][me_core_thread:322]ME out fid 1380
[03:49:11.648] RX< [RTMP] slow send frame 1021 len=76748 dt=433ms (IDR)
[03:49:11.648] RX< [RTMP] dropped 930 p-frames (backlog 66%)
[03:49:11.648] RX< [RTMP] slow send frame 1051 len=99029 dt=583ms (IDR)
[03:49:11.648] RX< [RTMP] dropped 960 p-frames (backl
[03:49:12.224] RX< og 64%)
[03:49:12.224] RX< [RTMP] f_index = 1080, f_len = 14245
[03:49:12.224] RX< [34m[AE] fid=1410,exp=10110,adg=175,Y=4276,mtg=192,shg=100,bgbv=1872,iso=175,cnv2,hdr0
[03:49:12.224] RX< [0m[7] [cam] [211496][me0][me_core_thread:322]ME out fid 1410
[03:49:12.224] RX< [RTMP] slow send frame 1081 len=98918 dt=580ms (IDR)
[03:49:12.224] RX< [RTMP] 
[03:49:12.747] RX< dropped 990 p-frames (backlog 62%)
[03:49:12.747] RX< [34m[AE] fid=1440,exp=10110,adg=175,Y=4268,mtg=192,shg=100,bgbv=1868,iso=175,cnv2,hdr0
[03:49:12.747] RX< [0m[34m[b_ae0 proc] perf=863(us), max=1052(us)!
[03:49:12.747] RX< [0m[34m[awb0 proc] perf=4161(us), max=4410(us)!
[03:49:12.747] RX< [0m[34m[ME INTP]fid=1440, shut
[03:49:13.476] RX< ter=10110, perf=7(us), max=360(us)!
[03:49:13.476] RX< [0m[7] [cam] [212496][me0][me_core_thread:322]ME out fid 1440
[03:49:13.476] RX< [RTMP] slow send frame 1111 len=100304 dt=648ms (IDR)
[03:49:13.476] RX< [RTMP] dropped 1020 p-frames (backlog 61%)
[03:49:13.476] RX< [RTMP] slow send frame 1141 len=99046 dt=575ms (IDR)
[03:49:13.476] RX< [RTMP] 
[03:49:13.928] RX< dropped 1050 p-frames (backlog 59%)
[03:49:13.928] RX< [RTMP] f_index = 1170, f_len = 14051
[03:49:13.928] RX< [34m[AE] fid=1470,exp=10110,adg=175,Y=4269,mtg=192,shg=100,bgbv=1868,iso=175,cnv2,hdr0
[03:49:13.928] RX< [0m[7] [cam] [213498][me0][me_core_thread:322]ME out fid 1470
[03:49:13.928] RX< [RTMP] slow send frame 1171 len=
[03:49:14.824] RX< 97659 dt=441ms (IDR)
[03:49:14.824] RX< [RTMP] dropped 1080 p-frames (backlog 58%)
[03:49:14.824] RX< [RTMP] slow send frame 1201 len=100948 dt=583ms (IDR)
[03:49:14.824] RX< [RTMP] dropped 1110 p-frames (backlog 56%)
[03:49:14.824] RX< [34m[AE] fid=1500,exp=10110,adg=175,Y=4261,mtg=192,shg=100,bgbv=1864,iso=175,cnv2,hdr0
[03:49:14.824] RX< [0m[7]
[03:49:15.654] RX<  [cam] [214496][me0][me_core_thread:322]ME out fid 1500
[03:49:15.654] RX< [RTMP] slow send frame 1231 len=101115 dt=540ms (IDR)
[03:49:15.654] RX< [RTMP] slow send frame 1234 len=17414 dt=224ms
[03:49:15.654] RX< [RTMP] slow send frame 1235 len=9433 dt=131ms
[03:49:15.654] RX< [RTMP] slow send frame 1236 len=14521 dt=169ms
[03:49:15.654] RX< [34m[
[03:49:15.830] RX< AE] fid=1530,exp=10110,adg=175,Y=4259,mtg=192,shg=100,bgbv=1864,iso=175,cnv2,hdr0
[03:49:15.830] RX< [0m[34m[b_ae0 proc] perf=934(us), max=1049(us)!
[03:49:15.830] RX< [0m[34m[awb0 proc] perf=4290(us), max=4409(us)!
[03:49:15.830] RX< [0m[RTMP] slow send frame 1237 len=14298 dt=152ms
[03:49:15.830] RX< [7] [cam] [215495][me0
[03:49:16.246] RX< ][me_core_thread:322]ME out fid 1530
[03:49:16.246] RX< [RTMP] slow send frame 1238 len=14302 dt=105ms
[03:49:16.246] RX< [RTMP] slow send frame 1239 len=14259 dt=84ms
[03:49:16.246] RX< [RTMP] slow send frame 1240 len=14516 dt=130ms
[03:49:16.246] RX< [RTMP] slow send frame 1241 len=14659 dt=128ms
[03:49:16.246] RX< [RTMP] slow send frame 1242 len=
[03:49:16.749] RX< 9203 dt=56ms
[03:49:16.749] RX< [RTMP] slow send frame 1243 len=22218 dt=181ms
[03:49:16.749] RX< [RTMP] slow send frame 1244 len=9667 dt=89ms
[03:49:16.749] RX< [RTMP] slow send frame 1245 len=14437 dt=115ms
[03:49:16.749] RX< [34m[AE] fid=1560,exp=10110,adg=175,Y=4307,mtg=192,shg=100,bgbv=1881,iso=175,cnv2,hdr0
[03:49:16.749] RX< [0m[34m[ME INT
[03:49:16.957] RX< P]fid=1560, shutter=10110, perf=7(us), max=1078(us)!
[03:49:16.957] RX< [0m[RTMP] slow send frame 1246 len=13981 dt=124ms
[03:49:16.957] RX< [7] [cam] [216495][me0][me_core_thread:322]ME out fid 1560
[03:49:16.957] RX< [RTMP] slow send frame 1247 len=13754 dt=98ms
[03:49:16.957] RX< [RTMP] slow send frame 1248 len=13916 dt=104ms
[03:49:17.647] RX< [RTMP] slow send frame 1249 len=14138 dt=97ms
[03:49:17.647] RX< [RTMP] slow send frame 1250 len=13390 dt=131ms
[03:49:17.647] RX< [RTMP] slow send frame 1251 len=13760 dt=196ms
[03:49:17.647] RX< [RTMP] slow send frame 1252 len=13718 dt=109ms
[03:49:17.647] RX< [RTMP] slow send frame 1253 len=14197 dt=109ms
[03:49:17.647] RX< [34m[AE] fid=1590,exp
[03:49:17.984] RX< =10110,adg=175,Y=4309,mtg=192,shg=100,bgbv=1881,iso=175,cnv2,hdr0
[03:49:17.984] RX< [0m[RTMP] slow send frame 1254 len=14115 dt=168ms
[03:49:17.984] RX< [7] [cam] [217495][me0][me_core_thread:322]ME out fid 1590
[03:49:17.984] RX< [RTMP] slow send frame 1255 len=14229 dt=129ms
[03:49:17.984] RX< [RTMP] slow send frame 1256 len=1
[03:49:18.632] RX< 3776 dt=90ms
[03:49:18.632] RX< [RTMP] slow send frame 1257 len=13955 dt=113ms
[03:49:18.632] RX< [RTMP] slow send frame 1258 len=13919 dt=97ms
[03:49:18.632] RX< [RTMP] slow send frame 1259 len=13730 dt=95ms
[03:49:18.632] RX< [RTMP] slow send frame 1260 len=13833 dt=112ms
[03:49:18.632] RX< [RTMP] f_index = 1260, f_len = 13833
[03:49:18.632] RX< [34m[AE] fid=1620,
[03:49:19.454] RX< exp=10110,adg=175,Y=4313,mtg=192,shg=100,bgbv=1885,iso=175,cnv2,hdr0
[03:49:19.454] RX< [0m[34m[b_ae0 proc] perf=1083(us), max=1083(us)!
[03:49:19.454] RX< [0m[34m[awb0 proc] perf=4301(us), max=4404(us)!
[03:49:19.454] RX< [0m[7] [cam] [218495][me0][me_core_thread:322]ME out fid 1620
[03:49:19.454] RX< [RTMP] slow send frame
[03:49:19.806] RX<  1261 len=101379 dt=1055ms (IDR)
[03:49:19.806] RX< [RTMP] slow send frame 1262 len=22069 dt=167ms
[03:49:19.806] RX< [34m[AE] fid=1650,exp=10110,adg=175,Y=4295,mtg=192,shg=100,bgbv=1877,iso=175,cnv2,hdr0
[03:49:19.806] RX< [0m[RTMP] slow send frame 1263 len=5319 dt=59ms
[03:49:19.806] RX< [RTMP] slow send frame 1264 len=16943 d
[03:49:20.415] RX< t=115ms
[03:49:20.415] RX< [7] [cam] [219495][me0][me_core_thread:322]ME out fid 1650
[03:49:20.415] RX< [RTMP] slow send frame 1265 len=9308 dt=67ms
[03:49:20.415] RX< [RTMP] slow send frame 1266 len=22426 dt=218ms
[03:49:20.415] RX< [RTMP] slow send frame 1267 len=5932 dt=63ms
[03:49:20.415] RX< [RTMP] slow send frame 1268 len=14376 dt=155ms
[03:49:20.415] RX< [RTMP
[03:49:20.727] RX< ] slow send frame 1269 len=13800 dt=108ms
[03:49:20.727] RX< [RTMP] slow send frame 1270 len=13755 dt=102ms
[03:49:20.727] RX< [RTMP] slow send frame 1271 len=13639 dt=98ms
[03:49:20.727] RX< [34m[AE] fid=1680,exp=10110,adg=175,Y=4290,mtg=192,shg=100,bgbv=1877,iso=175,cnv2,hdr0
[03:49:20.727] RX< [0m[RTMP] slow send frame 1272 l
[03:49:21.099] RX< en=13653 dt=116ms
[03:49:21.099] RX< [34m[ME INTP]fid=1680, shutter=10110, perf=7(us), max=3559(us)!
[03:49:21.099] RX< [0m[7] [cam] [220496][me0][me_core_thread:322]ME out fid 1680
[03:49:21.099] RX< [RTMP] slow send frame 1273 len=13558 dt=166ms
[03:49:21.099] RX< [RTMP] slow send frame 1276 len=14007 dt=114ms
[03:49:21.099] RX< [RTMP] slow send
[03:49:21.652] RX<  frame 1279 len=14248 dt=92ms
[03:49:21.652] RX< [RTMP] slow send frame 1282 len=14293 dt=298ms
[03:49:21.652] RX< [34m[AE] fid=1710,exp=10110,adg=175,Y=4293,mtg=192,shg=100,bgbv=1877,iso=175,cnv2,hdr0
[03:49:21.652] RX< [0m[34m[b_ae0 proc] perf=919(us), max=1083(us)!
[03:49:21.652] RX< [0m[34m[awb0 proc] perf=4352(us), max=
[03:49:22.647] RX< 4413(us)!
[03:49:22.647] RX< [0m[7] [cam] [221495][me0][me_core_thread:322]ME out fid 1710
[03:49:22.647] RX< [RTMP] slow send frame 1291 len=80247 dt=922ms (IDR)
[03:49:22.647] RX< [RTMP] dropped 1140 p-frames (backlog 52%)
[03:49:22.647] RX< [RTMP] slow send frame 1320 len=23182 dt=191ms
[03:49:22.647] RX< [34m[AE] fid=1740,exp=10110,adg=175,Y=4
[03:49:23.647] RX< 282,mtg=192,shg=100,bgbv=1872,iso=175,cnv2,hdr0
[03:49:23.647] RX< [0m[7] [cam] [222494][me0][me_core_thread:322]ME out fid 1740
[03:49:23.647] RX< [RTMP] slow send frame 1321 len=114961 dt=1039ms (IDR)
[03:49:23.647] RX< [RTMP] dropped 1170 p-frames (backlog 53%)
[03:49:23.647] RX< [RTMP] f_index = 1350, f_len = 14916
[03:49:23.647] RX< [34m[AE] 
[03:49:24.652] RX< fid=1770,exp=10110,adg=182,Y=3206,mtg=192,shg=100,bgbv=1458,iso=182,cnv2,hdr0
[03:49:24.652] RX< [0m[7] [cam] [223494][me0][me_core_thread:322]ME out fid 1770
[03:49:24.652] RX< [RTMP] slow send frame 1351 len=98631 dt=869ms (IDR)
[03:49:24.652] RX< [RTMP] dropped 1200 p-frames (backlog 52%)
[03:49:24.652] RX< [34m[AE] fid=1800,
[03:49:24.834] RX< exp=10510,adg=300,Y=3786,mtg=180,shg=100,bgbv=1123,iso=300,cnv2,hdr0
[03:49:24.834] RX< [0m[34m[b_ae0 proc] perf=929(us), max=1060(us)!
[03:49:24.834] RX< [0m[34m[awb0 proc] perf=4293(us), max=5150(us)!
[03:49:24.834] RX< [0m[34m[ME INTP]fid=1800, shutter=10510, perf=4445(us), max=19365(us)!
[03:49:24.834] RX< [0m[7] [cam]
[03:49:25.521] RX<  [224494][me0][me_core_thread:322]ME out fid 1800
[03:49:25.521] RX< [RTMP] slow send frame 1381 len=101918 dt=704ms (IDR)
[03:49:25.521] RX< [RTMP] dropped 1230 p-frames (backlog 51%)
[03:49:25.521] RX< [RTMP] slow send frame 1402 len=13601 dt=149ms
[03:49:25.521] RX< [RTMP] slow send frame 1407 len=13612 dt=89ms
[03:49:25.521] RX< [RTMP] slow send
[03:49:26.252] RX<  frame 1410 len=13905 dt=107ms
[03:49:26.252] RX< [34m[AE] fid=1830,exp=10410,adg=300,Y=4195,mtg=180,shg=100,bgbv=1241,iso=300,cnv2,hdr0
[03:49:26.252] RX< [0m[7] [cam] [225494][me0][me_core_thread:322]ME out fid 1830
[03:49:26.252] RX< [RTMP] slow send frame 1411 len=102511 dt=709ms (IDR)
[03:49:26.252] RX< [RTMP] dropped 1260 
[03:49:26.823] RX< p-frames (backlog 51%)
[03:49:26.823] RX< [RTMP] slow send frame 1436 len=14017 dt=82ms
[03:49:26.823] RX< [RTMP] slow send frame 1438 len=14508 dt=94ms
[03:49:26.823] RX< [RTMP] f_index = 1440, f_len = 22300
[03:49:26.823] RX< [34m[AE] fid=1860,exp=10000,adg=300,Y=4185,mtg=180,shg=100,bgbv=1282,iso=300,cnv2,hdr0
[03:49:26.823] RX< [0m[7] [cam] [2
[03:49:27.653] RX< 26494][me0][me_core_thread:322]ME out fid 1860
[03:49:27.653] RX< [RTMP] slow send frame 1441 len=114563 dt=783ms (IDR)
[03:49:27.653] RX< [RTMP] dropped 1290 p-frames (backlog 74%)
[03:49:27.653] RX< [34m[AE] fid=1890,exp=10210,adg=288,Y=4164,mtg=180,shg=100,bgbv=1313,iso=288,cnv2,hdr0
[03:49:27.653] RX< [0m[34m[b_ae0 proc] pe
[03:49:28.399] RX< rf=971(us), max=1081(us)!
[03:49:28.399] RX< [0m[34m[awb0 proc] perf=4292(us), max=4378(us)!
[03:49:28.399] RX< [0m[RTMP] slow send frame 1471 len=102165 dt=571ms (IDR)
[03:49:28.399] RX< [RTMP] dropped 1320 p-frames (backlog 72%)
[03:49:28.399] RX< [7] [cam] [227494][me0][me_core_thread:322]ME out fid 1890
[03:49:28.399] RX< [RTMP] slow send fr
[03:49:28.746] RX< ame 1501 len=95531 dt=603ms (IDR)
[03:49:28.746] RX< [RTMP] dropped 1350 p-frames (backlog 70%)
[03:49:28.746] RX< [RTMP] f_index = 1530, f_len = 13856
[03:49:28.746] RX< [34m[AE] fid=1920,exp=10030,adg=288,Y=4197,mtg=180,shg=100,bgbv=1344,iso=288,cnv2,hdr0
[03:49:28.746] RX< [0m[34m[ME INTP]fid=1920, shutter=10030, perf=6(us),
[03:49:29.647] RX<  max=18328(us)!
[03:49:29.647] RX< [0m[7] [cam] [228494][me0][me_core_thread:322]ME out fid 1920
[03:49:29.647] RX< [RTMP] slow send frame 1531 len=101399 dt=594ms (IDR)
[03:49:29.647] RX< [RTMP] dropped 1380 p-frames (backlog 69%)
[03:49:29.647] RX< [34m[AE] fid=1950,exp=10100,adg=288,Y=4158,mtg=180,shg=100,bgbv=1328,iso=288,cn
[03:49:30.321] RX< v2,hdr0
[03:49:30.321] RX< [0m[RTMP] slow send frame 1561 len=101050 dt=707ms (IDR)
[03:49:30.321] RX< [RTMP] dropped 1410 p-frames (backlog 67%)
[03:49:30.321] RX< [7] [cam] [229493][me0][me_core_thread:322]ME out fid 1950
[03:49:30.321] RX< [RTMP] slow send frame 1591 len=112735 dt=561ms (IDR)
[03:49:30.321] RX< [RTMP] dropped 1440 p-frames (back
[03:49:30.836] RX< log 66%)
[03:49:30.836] RX< [RTMP] f_index = 1620, f_len = 15241
[03:49:30.836] RX< [34m[AE] fid=1980,exp=10040,adg=282,Y=4247,mtg=180,shg=100,bgbv=1383,iso=282,cnv2,hdr0
[03:49:30.836] RX< [0m[34m[b_ae0 proc] perf=953(us), max=1096(us)!
[03:49:30.836] RX< [0m[34m[awb0 proc] perf=4333(us), max=5155(us)!
[03:49:30.836] RX< [0m[RTMP] slow send 
[03:49:31.647] RX< frame 1621 len=98987 dt=490ms (IDR)
[03:49:31.647] RX< [RTMP] dropped 1470 p-frames (backlog 64%)
[03:49:31.647] RX< [7] [cam] [230493][me0][me_core_thread:322]ME out fid 1980
[03:49:31.647] RX< [RTMP] slow send frame 1651 len=86900 dt=662ms (IDR)
[03:49:31.647] RX< [34m[AE] fid=2010,exp=10040,adg=282,Y=4246,mtg=180,shg=100,bgbv=
[03:49:32.646] RX< 1383,iso=282,cnv2,hdr0
[03:49:32.646] RX< [0m[7] [cam] [231493][me0][me_core_thread:322]ME out fid 2010
[03:49:32.646] RX< [RTMP] slow send frame 1681 len=90242 dt=625ms (IDR)
[03:49:32.646] RX< [RTMP] dropped 1500 p-frames (backlog 65%)
[03:49:32.646] RX< [RTMP] f_index = 1710, f_len = 14032
[03:49:32.646] RX< [34m[AE] fid=2040,exp=10040,adg=282,
[03:49:32.826] RX< Y=4332,mtg=180,shg=100,bgbv=1412,iso=282,cnv2,hdr0
[03:49:32.826] RX< [0m[RTMP] slow send frame 1711 len=96280 dt=567ms (IDR)
[03:49:32.826] RX< [RTMP] dropped 1530 p-frames (backlog 62%)
[03:49:32.826] RX< [34m[ME INTP]fid=2040, shutter=10040, perf=6(us), max=6908(us)!
[03:49:32.826] RX< [0m[7] [cam] [232493][me0][me_core_thre
[03:49:33.652] RX< ad:322]ME out fid 2040
[03:49:33.652] RX< [RTMP] slow send frame 1741 len=98868 dt=637ms (IDR)
[03:49:33.652] RX< [RTMP] dropped 1560 p-frames (backlog 61%)
[03:49:33.652] RX< [34m[AE] fid=2070,exp=10040,adg=282,Y=4215,mtg=180,shg=100,bgbv=1374,iso=282,cnv2,hdr0
[03:49:33.652] RX< [0m[34m[b_ae0 proc] perf=969(us), max=1068(us)!
[03:49:34.066] RX< 
[03:49:34.066] RX< [0m[34m[awb0 proc] perf=4270(us), max=4408(us)!
[03:49:34.066] RX< [0m[RTMP] slow send frame 1771 len=65584 dt=365ms (IDR)
[03:49:34.066] RX< [RTMP] dropped 1590 p-frames (backlog 59%)
[03:49:34.066] RX< [RTMP] f_index = 1800, f_len = 16608
[03:49:34.066] RX< [7] [cam] [233494][me0][me_core_thread:322]ME out fid 2070
[03:49:34.066] RX< [RTMP] s
[03:49:34.725] RX< low send frame 1801 len=67068 dt=324ms (IDR)
[03:49:34.725] RX< [RTMP] dropped 1620 p-frames (backlog 57%)
[03:49:34.725] RX< [34m[AE] fid=2100,exp=10040,adg=282,Y=4166,mtg=180,shg=100,bgbv=1360,iso=282,cnv2,hdr0
[03:49:34.725] RX< [0m[RTMP] slow send frame 1831 len=87621 dt=646ms (IDR)
[03:49:34.725] RX< [RTMP] dropped 1650 p-f
[03:49:35.578] RX< rames (backlog 55%)
[03:49:35.578] RX< [7] [cam] [234494][me0][me_core_thread:322]ME out fid 2100
[03:49:35.578] RX< [RTMP] slow send frame 1857 len=11887 dt=108ms
[03:49:35.578] RX< [RTMP] slow send frame 1858 len=19517 dt=91ms
[03:49:35.578] RX< [RTMP] slow send frame 1860 len=19504 dt=111ms
[03:49:35.578] RX< [RTMP] slow send frame 1861 len=85995
[03:49:35.822] RX<  dt=497ms (IDR)
[03:49:35.822] RX< [34m[AE] fid=2130,exp=10110,adg=282,Y=4119,mtg=180,shg=100,bgbv=1335,iso=282,cnv2,hdr0
[03:49:35.822] RX< [0m[RTMP] slow send frame 1862 len=16055 dt=82ms
[03:49:35.822] RX< [RTMP] slow send frame 1864 len=18310 dt=100ms
[03:49:35.822] RX< [7] [cam] [235493][me0][me_core_thread:322]ME out fid 2
[03:49:36.559] RX< 130
[03:49:36.559] RX< [RTMP] slow send frame 1865 len=11275 dt=80ms
[03:49:36.559] RX< [RTMP] slow send frame 1866 len=17077 dt=103ms
[03:49:36.559] RX< [RTMP] slow send frame 1867 len=11622 dt=92ms
[03:49:36.559] RX< [RTMP] slow send frame 1868 len=17197 dt=280ms
[03:49:36.559] RX< [RTMP] slow send frame 1869 len=11544 dt=98ms
[03:49:36.559] RX< [RTMP] slow send fra
[03:49:36.668] RX< me 1870 len=17692 dt=108ms
[03:49:36.668] RX< [34m[AE] fid=2160,exp=10040,adg=282,Y=4279,mtg=180,shg=100,bgbv=1388,iso=282,cnv2,hdr0
[03:49:36.668] RX< [0m[34m[b_ae0 proc] perf=999(us), max=1090(us)!
[03:49:36.668] RX< [0m[34m[awb0 proc] perf=4227(us), max=4396(us)!
[03:49:36.668] RX< [0m[RTMP] slow send frame 1871 len=1183
[03:49:37.035] RX< 8 dt=113ms
[03:49:37.035] RX< [34m[ME INTP]fid=2160, shutter=10040, perf=240(us), max=1044(us)!
[03:49:37.035] RX< [0m[RTMP] slow send frame 1872 len=17700 dt=123ms
[03:49:37.035] RX< [7] [cam] [236493][me0][me_core_thread:322]ME out fid 2160
[03:49:37.035] RX< [RTMP] slow send frame 1873 len=11179 dt=68ms
[03:49:37.035] RX< [RTMP] slow send frame
[03:49:37.646] RX<  1874 len=18003 dt=171ms
[03:49:37.646] RX< [RTMP] slow send frame 1875 len=11505 dt=116ms
[03:49:37.646] RX< [RTMP] slow send frame 1876 len=17291 dt=246ms
[03:49:37.646] RX< [RTMP] slow send frame 1877 len=11520 dt=128ms
[03:49:37.646] RX< [34m[AE] fid=2190,exp=10040,adg=282,Y=4343,mtg=180,shg=100,bgbv=1416,iso=282,cnv2,hdr0
[03:49:37.646] RX< [
[03:49:38.158] RX< 0m[RTMP] slow send frame 1878 len=18758 dt=153ms
[03:49:38.158] RX< [RTMP] slow send frame 1879 len=8595 dt=54ms
[03:49:38.158] RX< [7] [cam] [237494][me0][me_core_thread:322]ME out fid 2190
[03:49:38.158] RX< [RTMP] slow send frame 1880 len=21076 dt=177ms
[03:49:38.158] RX< [RTMP] slow send frame 1881 len=8527 dt=63ms
[03:49:38.158] RX< [RTMP] slow
[03:49:38.646] RX<  send frame 1882 len=18225 dt=178ms
[03:49:38.646] RX< [RTMP] slow send frame 1883 len=11398 dt=175ms
[03:49:38.646] RX< [RTMP] slow send frame 1884 len=16702 dt=133ms
[03:49:38.646] RX< [RTMP] slow send frame 1885 len=10588 dt=104ms
[03:49:38.646] RX< [34m[AE] fid=2220,exp=10220,adg=269,Y=4275,mtg=180,shg=100,bgbv=1431,iso=269,c
[03:49:39.110] RX< nv2,hdr0
[03:49:39.110] RX< [0m[RTMP] slow send frame 1886 len=16006 dt=238ms
[03:49:39.110] RX< [7] [cam] [238492][me0][me_core_thread:322]ME out fid 2220
[03:49:39.110] RX< [RTMP] slow send frame 1887 len=10001 dt=112ms
[03:49:39.110] RX< [RTMP] slow send frame 1888 len=23800 dt=134ms
[03:49:39.110] RX< [RTMP] slow send frame 1889 len=7070 dt=62m
[03:49:39.653] RX< s
[03:49:39.653] RX< [RTMP] slow send frame 1890 len=22814 dt=180ms
[03:49:39.653] RX< [RTMP] f_index = 1890, f_len = 22814
[03:49:39.653] RX< [34m[AE] fid=2250,exp=10190,adg=269,Y=4334,mtg=180,shg=100,bgbv=1448,iso=269,cnv2,hdr0
[03:49:39.653] RX< [0m[34m[b_ae0 proc] perf=1063(us), max=1080(us)!
[03:49:39.653] RX< [0m[34m[awb0 proc] perf=427
[03:49:40.469] RX< 2(us), max=4393(us)!
[03:49:40.469] RX< [0m[7] [cam] [239492][me0][me_core_thread:322]ME out fid 2250
[03:49:40.469] RX< [RTMP] slow send frame 1891 len=93998 dt=786ms (IDR)
[03:49:40.469] RX< [RTMP] slow send frame 1892 len=10570 dt=174ms
[03:49:40.469] RX< [RTMP] slow send frame 1893 len=12751 dt=119ms
[03:49:40.469] RX< [RTMP] slow send frame 18
[03:49:40.746] RX< 94 len=11080 dt=84ms
[03:49:40.746] RX< [RTMP] slow send frame 1895 len=16094 dt=143ms
[03:49:40.746] RX< [34m[AE] fid=2280,exp=10110,adg=269,Y=4411,mtg=180,shg=100,bgbv=1477,iso=269,cnv2,hdr0
[03:49:40.746] RX< [0m[RTMP] slow send frame 1896 len=9989 dt=77ms
[03:49:40.746] RX< [34m[ME INTP]fid=2280, shutter=10110, perf=238(us)
[03:49:41.210] RX< , max=5426(us)!
[03:49:41.210] RX< [0m[7] [cam] [240492][me0][me_core_thread:322]ME out fid 2280
[03:49:41.210] RX< [RTMP] slow send frame 1897 len=23497 dt=244ms
[03:49:41.210] RX< [RTMP] slow send frame 1898 len=7019 dt=54ms
[03:49:41.210] RX< [RTMP] slow send frame 1899 len=23864 dt=169ms
[03:49:41.210] RX< [RTMP] slow send frame 1900 len=7262 d
[03:49:41.805] RX< t=65ms
[03:49:41.805] RX< [RTMP] slow send frame 1901 len=16676 dt=127ms
[03:49:41.805] RX< [RTMP] slow send frame 1902 len=10997 dt=85ms
[03:49:41.805] RX< [RTMP] slow send frame 1903 len=16023 dt=147ms
[03:49:41.805] RX< [34m[AE] fid=2310,exp=10110,adg=263,Y=4227,mtg=180,shg=100,bgbv=1452,iso=263,cnv2,hdr0
[03:49:41.805] RX< [0m[RTMP] slow send 
[03:49:42.319] RX< frame 1904 len=11869 dt=234ms
[03:49:42.319] RX< [7] [cam] [241492][me0][me_core_thread:322]ME out fid 2310
[03:49:42.319] RX< [RTMP] slow send frame 1905 len=18302 dt=115ms
[03:49:42.319] RX< [RTMP] slow send frame 1907 len=13868 dt=183ms
[03:49:42.319] RX< [RTMP] slow send frame 1913 len=13263 dt=100ms
[03:49:42.319] RX< [RTMP] slow send frame 191
[03:49:42.651] RX< 6 len=11261 dt=98ms
[03:49:42.651] RX< [RTMP] dropped 1680 p-frames (backlog 51%)
[03:49:42.651] RX< [RTMP] slow send frame 1920 len=11068 dt=68ms
[03:49:42.651] RX< [34m[AE] fid=2340,exp=10110,adg=263,Y=4194,mtg=180,shg=100,bgbv=1440,iso=263,cnv2,hdr0
[03:49:42.651] RX< [0m[34m[b_ae0 proc] perf=958(us), max=1063(us)!
[03:49:42.651] RX< [0m[34
[03:49:43.451] RX< m[awb0 proc] perf=4273(us), max=4408(us)!
[03:49:43.451] RX< [0m[7] [cam] [242492][me0][me_core_thread:322]ME out fid 2340
[03:49:43.451] RX< [RTMP] slow send frame 1921 len=77787 dt=653ms (IDR)
[03:49:43.451] RX< [RTMP] slow send frame 1941 len=14120 dt=94ms
[03:49:43.451] RX< [RTMP] slow send frame 1944 len=14281 dt=242ms
[03:49:43.451] RX< [RTMP
[03:49:43.864] RX< ] slow send frame 1950 len=11422 dt=71ms
[03:49:43.864] RX< [34m[AE] fid=2370,exp=10110,adg=263,Y=4263,mtg=180,shg=100,bgbv=1465,iso=263,cnv2,hdr0
[03:49:43.864] RX< [0m[7] [cam] [243494][me0][me_core_thread:322]ME out fid 2370
[03:49:43.864] RX< [RTMP] slow send frame 1951 len=77028 dt=402ms (IDR)
[03:49:43.864] RX< [RTMP] drop
[03:49:44.467] RX< ped 1710 p-frames (backlog 52%)
[03:49:44.467] RX< [RTMP] slow send frame 1965 len=12868 dt=86ms
[03:49:44.467] RX< [RTMP] slow send frame 1968 len=10173 dt=104ms
[03:49:44.467] RX< [RTMP] slow send frame 1971 len=26842 dt=164ms
[03:49:44.467] RX< [RTMP] slow send frame 1979 len=16421 dt=89ms
[03:49:44.467] RX< [RTMP] slow send frame 1980 len=10927 
[03:49:44.826] RX< dt=72ms
[03:49:44.826] RX< [RTMP] f_index = 1980, f_len = 10927
[03:49:44.826] RX< [34m[AE] fid=2400,exp=10080,adg=263,Y=4335,mtg=180,shg=100,bgbv=1489,iso=263,cnv2,hdr0
[03:49:44.826] RX< [0m[34m[ME INTP]fid=2400, shutter=10080, perf=239(us), max=2948(us)!
[03:49:44.826] RX< [0m[7] [cam] [244491][me0][me_core_thread:322]ME o
[03:49:45.651] RX< ut fid 2400
[03:49:45.651] RX< [RTMP] slow send frame 1981 len=76207 dt=589ms (IDR)
[03:49:45.651] RX< [RTMP] dropped 1740 p-frames (backlog 51%)
[03:49:45.651] RX< [RTMP] slow send frame 2000 len=15983 dt=143ms
[03:49:45.651] RX< [RTMP] slow send frame 2005 len=9647 dt=108ms
[03:49:45.651] RX< [34m[AE] fid=2430,exp=10200,adg=257,Y=4265,mtg=180,shg
[03:49:46.307] RX< =100,bgbv=1482,iso=257,cnv2,hdr0
[03:49:46.307] RX< [0m[34m[b_ae0 proc] perf=991(us), max=1095(us)!
[03:49:46.307] RX< [0m[34m[awb0 proc] perf=4239(us), max=4406(us)!
[03:49:46.307] RX< [0m[7] [cam] [245491][me0][me_core_thread:322]ME out fid 2430
[03:49:46.307] RX< [RTMP] slow send frame 2011 len=94871 dt=928ms (IDR)
[03:49:46.307] RX< [RTMP]
[03:49:47.101] RX<  dropped 1770 p-frames (backlog 52%)
[03:49:47.101] RX< [RTMP] slow send frame 2039 len=16374 dt=134ms
[03:49:47.101] RX< [34m[AE] fid=2460,exp=10200,adg=257,Y=4352,mtg=180,shg=100,bgbv=1511,iso=257,cnv2,hdr0
[03:49:47.101] RX< [0m[7] [cam] [246491][me0][me_core_thread:322]ME out fid 2460
[03:49:47.101] RX< [RTMP] slow send fram
[03:49:47.822] RX< e 2041 len=78848 dt=620ms (IDR)
[03:49:47.822] RX< [RTMP] dropped 1800 p-frames (backlog 51%)
[03:49:47.822] RX< [RTMP] slow send frame 2064 len=6600 dt=116ms
[03:49:47.822] RX< [RTMP] f_index = 2070, f_len = 6874
[03:49:47.822] RX< [34m[AE] fid=2490,exp=10080,adg=257,Y=4315,mtg=180,shg=100,bgbv=1512,iso=257,cnv2,hdr0
[03:49:47.822] RX< [0m[7] [ca
[03:49:48.652] RX< m] [247491][me0][me_core_thread:322]ME out fid 2490
[03:49:48.652] RX< [RTMP] slow send frame 2071 len=72104 dt=636ms (IDR)
[03:49:48.652] RX< [RTMP] dropped 1830 p-frames (backlog 73%)
[03:49:48.652] RX< [RTMP] slow send frame 2101 len=80755 dt=597ms (IDR)
[03:49:48.652] RX< [RTMP] dropped 1860 p-frames (backlog 71%)
[03:49:48.652] RX< [34m[AE] fi
[03:49:48.826] RX< d=2520,exp=10120,adg=250,Y=4411,mtg=180,shg=100,bgbv=1545,iso=250,cnv2,hdr0
[03:49:48.826] RX< [0m[34m[b_ae0 proc] perf=1046(us), max=1059(us)!
[03:49:48.826] RX< [0m[34m[awb0 proc] perf=4281(us), max=4400(us)!
[03:49:48.826] RX< [0m[34m[ME INTP]fid=2520, shutter=10120, perf=257(us), max=1793(us)!
[03:49:48.826] RX< [0m[7]
[03:49:49.646] RX<  [cam] [248491][me0][me_core_thread:322]ME out fid 2520
[03:49:49.646] RX< [RTMP] slow send frame 2131 len=78836 dt=671ms (IDR)
[03:49:49.646] RX< [RTMP] dropped 1890 p-frames (backlog 70%)
[03:49:49.646] RX< [RTMP] f_index = 2160, f_len = 10726
[03:49:49.646] RX< [34m[AE] fid=2550,exp=10210,adg=244,Y=4483,mtg=180,shg=100,bgbv=16
[03:49:50.322] RX< 06,iso=244,cnv2,hdr0
[03:49:50.322] RX< [0m[RTMP] slow send frame 2161 len=78284 dt=623ms (IDR)
[03:49:50.322] RX< [RTMP] dropped 1920 p-frames (backlog 68%)
[03:49:50.322] RX< [7] [cam] [249501][me0][me_core_thread:322]ME out fid 2550
[03:49:50.322] RX< [RTMP] slow send frame 2191 len=71989 dt=474ms (IDR)
[03:49:50.322] RX< [RTMP] dropped 1950 p-f
[03:49:51.028] RX< rames (backlog 66%)
[03:49:51.028] RX< [34m[AE] fid=2580,exp=10160,adg=244,Y=4223,mtg=180,shg=100,bgbv=1532,iso=244,cnv2,hdr0
[03:49:51.028] RX< [0m[7] [cam] [250491][me0][me_core_thread:322]ME out fid 2580
[03:49:51.028] RX< [RTMP] slow send frame 2221 len=91802 dt=692ms (IDR)
[03:49:51.028] RX< [RTMP] dropped 1980 p-frames (ba
[03:49:51.731] RX< cklog 65%)
[03:49:51.731] RX< [RTMP] f_index = 2250, f_len = 9084
[03:49:51.731] RX< [34m[AE] fid=2610,exp=10000,adg=250,Y=4044,mtg=180,shg=100,bgbv=1462,iso=250,cnv2,hdr0
[03:49:51.731] RX< [0m[34m[b_ae0 proc] perf=939(us), max=1046(us)!
[03:49:51.731] RX< [0m[34m[awb0 proc] perf=4251(us), max=5133(us)!
[03:49:51.731] RX< [0m[RTMP] slow send
[03:49:52.655] RX<  frame 2251 len=78766 dt=693ms (IDR)
[03:49:52.655] RX< [RTMP] dropped 2010 p-frames (backlog 63%)
[03:49:52.655] RX< [7] [cam] [251493][me0][me_core_thread:322]ME out fid 2610
[03:49:52.655] RX< [RTMP] slow send frame 2281 len=89203 dt=903ms (IDR)
[03:49:52.655] RX< [RTMP] dropped 2040 p-frames (backlog 63%)
[03:49:52.655] RX< [34m[AE] fid=2640,ex
[03:49:53.644] RX< p=10040,adg=250,Y=3979,mtg=180,shg=100,bgbv=1433,iso=250,cnv2,hdr0
[03:49:53.644] RX< [0m[34m[ME INTP]fid=2640, shutter=10040, perf=6(us), max=4586(us)!
[03:49:53.644] RX< [0m[7] [cam] [252490][me0][me_core_thread:322]ME out fid 2640
[03:49:53.644] RX< [34m[AE] fid=2670,exp=10240,adg=250,Y=4137,mtg=180,shg=1
[03:49:54.326] RX< 00,bgbv=1465,iso=250,cnv2,hdr0
[03:49:54.326] RX< [0m[RTMP] slow send frame 2311 len=94982 dt=1047ms (IDR)
[03:49:54.326] RX< [RTMP] f_index = 2340, f_len = 13739
[03:49:54.326] RX< [7] [cam] [253490][me0][me_core_thread:322]ME out fid 2670
[03:49:54.326] RX< [RTMP] slow send frame 2341 len=87246 dt=617ms (IDR)
[03:49:54.326] RX< [RTMP] dropped 207
[03:49:54.826] RX< 0 p-frames (backlog 65%)
[03:49:54.826] RX< [34m[AE] fid=2700,exp=10240,adg=250,Y=4089,mtg=180,shg=100,bgbv=1452,iso=250,cnv2,hdr0
[03:49:54.826] RX< [0m[34m[b_ae0 proc] perf=953(us), max=1089(us)!
[03:49:54.826] RX< [0m[34m[awb0 proc] perf=4323(us), max=4406(us)!
[03:49:54.826] RX< [0m[7] [cam] [254490][me0][me_core_thread
[03:49:55.789] RX< :322]ME out fid 2700
[03:49:55.789] RX< [RTMP] slow send frame 2371 len=87056 dt=758ms (IDR)
[03:49:55.789] RX< [RTMP] dropped 2100 p-frames (backlog 64%)
[03:49:55.789] RX< [34m[AE] fid=2730,exp=10120,adg=250,Y=3916,mtg=180,shg=100,bgbv=1417,iso=250,cnv2,hdr0
[03:49:55.789] RX< [0m[RTMP] slow send frame 2401 len=77360 dt=697ms 
[03:49:56.644] RX< (IDR)
[03:49:56.644] RX< [RTMP] dropped 2130 p-frames (backlog 63%)
[03:49:56.644] RX< [RTMP] f_index = 2430, f_len = 22588
[03:49:56.644] RX< [7] [cam] [255490][me0][me_core_thread:322]ME out fid 2730
[03:49:56.644] RX< [RTMP] slow send frame 2431 len=92715 dt=746ms (IDR)
[03:49:56.644] RX< [RTMP] dropped 2160 p-frames (backlog 62%)
[03:49:56.644] RX< [34m[AE] fid=2
[03:49:57.665] RX< 760,exp=10000,adg=250,Y=4032,mtg=180,shg=100,bgbv=1457,iso=250,cnv2,hdr0
[03:49:57.665] RX< [0m[34m[ME INTP]fid=2760, shutter=10000, perf=254(us), max=3840(us)!
[03:49:57.665] RX< [0m[7] [cam] [256490][me0][me_core_thread:322]ME out fid 2760
[03:49:57.665] RX< [34m[AE] fid=2790,exp=10250,adg=244,Y=4255,mtg=1
[03:49:57.825] RX< 80,shg=100,bgbv=1536,iso=244,cnv2,hdr0
[03:49:57.825] RX< [0m[34m[b_ae0 proc] perf=1061(us), max=1061(us)!
[03:49:57.825] RX< [0m[34m[awb0 proc] perf=4292(us), max=4405(us)!
[03:49:57.825] RX< [0m[RTMP] slow send frame 2461 len=94718 dt=1090ms (IDR)
[03:49:57.825] RX< [RTMP] dropped 2190 p-frames (backlog 62%)
[03:49:57.825] RX< [7] [cam] [257
[03:49:58.481] RX< 490][me0][me_core_thread:322]ME out fid 2790
[03:49:58.481] RX< [RTMP] slow send frame 2473 len=22142 dt=188ms
[03:49:58.481] RX< [RTMP] slow send frame 2474 len=5907 dt=57ms
[03:49:58.481] RX< [RTMP] slow send frame 2475 len=22945 dt=212ms
[03:49:58.481] RX< [RTMP] slow send frame 2476 len=6307 dt=84ms
[03:49:58.481] RX< [RTMP] slow send frame 2477
[03:49:58.996] RX<  len=23022 dt=229ms
[03:49:58.996] RX< [34m[AE] fid=2820,exp=10140,adg=219,Y=4609,mtg=180,shg=100,bgbv=1767,iso=219,cnv2,hdr0
[03:49:58.996] RX< [0m[RTMP] slow send frame 2479 len=24634 dt=184ms
[03:49:58.996] RX< [7] [cam] [258490][me0][me_core_thread:322]ME out fid 2820
[03:49:58.996] RX< [RTMP] slow send frame 2481 len=26647 
[03:49:59.644] RX< dt=235ms
[03:49:59.644] RX< [RTMP] slow send frame 2483 len=15581 dt=113ms
[03:49:59.644] RX< [RTMP] slow send frame 2484 len=13865 dt=224ms
[03:49:59.644] RX< [RTMP] slow send frame 2485 len=13487 dt=99ms
[03:49:59.644] RX< [RTMP] slow send frame 2486 len=13695 dt=172ms
[03:49:59.644] RX< [34m[AE] fid=2850,exp=10040,adg=238,Y=3971,mtg=180,shg=100,
[03:50:00.236] RX< bgbv=1508,iso=238,cnv2,hdr0
[03:50:00.236] RX< [0m[7] [cam] [259489][me0][me_core_thread:322]ME out fid 2850
[03:50:00.236] RX< [RTMP] slow send frame 2487 len=13549 dt=230ms
[03:50:00.236] RX< [RTMP] slow send frame 2488 len=14102 dt=130ms
[03:50:00.236] RX< [RTMP] slow send frame 2489 len=13848 dt=137ms
[03:50:00.236] RX< [RTMP] slow send frame 2
[03:50:00.744] RX< 490 len=14128 dt=107ms
[03:50:00.744] RX< [34m[AE] fid=2880,exp=10080,adg=244,Y=4321,mtg=180,shg=100,bgbv=1573,iso=244,cnv2,hdr0
[03:50:00.744] RX< [0m[34m[b_ae0 proc] perf=934(us), max=1061(us)!
[03:50:00.744] RX< [0m[34m[awb0 proc] perf=4276(us), max=4408(us)!
[03:50:00.744] RX< [0m[34m[ME INTP]fid=2880, shutter=10080, p
[03:50:01.224] RX< erf=6(us), max=4978(us)!
[03:50:01.224] RX< [0m[7] [cam] [260489][me0][me_core_thread:322]ME out fid 2880
[03:50:01.224] RX< [RTMP] slow send frame 2491 len=86045 dt=621ms (IDR)
[03:50:01.224] RX< [RTMP] slow send frame 2492 len=19904 dt=132ms
[03:50:01.224] RX< [RTMP] slow send frame 2493 len=8247 dt=92ms
[03:50:01.224] RX< [RTMP] slow send frame 
[03:50:01.756] RX< 2494 len=17013 dt=142ms
[03:50:01.756] RX< [RTMP] slow send frame 2495 len=9324 dt=70ms
[03:50:01.756] RX< [RTMP] slow send frame 2496 len=22471 dt=176ms
[03:50:01.756] RX< [34m[AE] fid=2910,exp=10160,adg=244,Y=4266,mtg=180,shg=100,bgbv=1549,iso=244,cnv2,hdr0
[03:50:01.756] RX< [0m[RTMP] slow send frame 2498 len=22973 dt=183ms
[03:50:01.756] RX< [
[03:50:02.503] RX< RTMP] slow send frame 2499 len=6370 dt=66ms
[03:50:02.503] RX< [7] [cam] [261489][me0][me_core_thread:322]ME out fid 2910
[03:50:02.503] RX< [RTMP] slow send frame 2500 len=23248 dt=293ms
[03:50:02.503] RX< [RTMP] slow send frame 2509 len=8154 dt=59ms
[03:50:02.503] RX< [RTMP] slow send frame 2511 len=11700 dt=111ms
[03:50:02.503] RX< [RTMP] slow se
[03:50:03.405] RX< nd frame 2516 len=15764 dt=264ms
[03:50:03.405] RX< [RTMP] f_index = 2520, f_len = 11809
[03:50:03.405] RX< [34m[AE] fid=2940,exp=10160,adg=244,Y=4166,mtg=180,shg=100,bgbv=1515,iso=244,cnv2,hdr0
[03:50:03.405] RX< [0m[7] [cam] [262489][me0][me_core_thread:322]ME out fid 2940
[03:50:03.405] RX< [RTMP] slow send frame 2521 len=771
[03:50:03.826] RX< 47 dt=899ms (IDR)
[03:50:03.826] RX< [RTMP] dropped 2220 p-frames (backlog 53%)
[03:50:03.826] RX< [34m[AE] fid=2970,exp=10120,adg=257,Y=4220,mtg=180,shg=100,bgbv=1479,iso=257,cnv2,hdr0
[03:50:03.826] RX< [0m[34m[b_ae0 proc] perf=870(us), max=1049(us)!
[03:50:03.826] RX< [0m[34m[awb0 proc] perf=4157(us), max=4413(us)!
[03:50:03.826] RX< [0m[7
[03:50:04.377] RX< ] [cam] [263489][me0][me_core_thread:322]ME out fid 2970
[03:50:04.377] RX< [RTMP] slow send frame 2551 len=71334 dt=624ms (IDR)
[03:50:04.377] RX< [RTMP] dropped 2250 p-frames (backlog 52%)
[03:50:04.377] RX< [RTMP] slow send frame 2572 len=15329 dt=127ms
[03:50:04.377] RX< [RTMP] slow send frame 2576 len=15631 dt=155ms
[03:50:04.377] RX< [RTMP] sl
[03:50:04.826] RX< ow send frame 2579 len=9343 dt=55ms
[03:50:04.826] RX< [34m[AE] fid=3000,exp=10150,adg=263,Y=4339,mtg=180,shg=100,bgbv=1487,iso=263,cnv2,hdr0
[03:50:04.826] RX< [0m[34m[ME INTP]fid=3000, shutter=10150, perf=2199(us), max=4084(us)!
[03:50:04.826] RX< [0m[7] [cam] [264489][me0][me_core_thread:322]ME out fid 30
[03:50:05.487] RX< 00
[03:50:05.487] RX< [RTMP] slow send frame 2581 len=86811 dt=657ms (IDR)
[03:50:05.487] RX< [RTMP] dropped 2280 p-frames (backlog 51%)
[03:50:05.487] RX< [RTMP] slow send frame 2601 len=17222 dt=109ms
[03:50:05.487] RX< [RTMP] slow send frame 2604 len=10996 dt=102ms
[03:50:05.487] RX< [RTMP] slow send frame 2607 len=17325 dt=221ms
[03:50:05.487] RX< [RTMP] f_index =
[03:50:06.057] RX<  2610, f_len = 10432
[03:50:06.057] RX< [34m[AE] fid=3030,exp=10120,adg=250,Y=4084,mtg=180,shg=100,bgbv=1460,iso=250,cnv2,hdr0
[03:50:06.057] RX< [0m[7] [cam] [265489][me0][me_core_thread:322]ME out fid 3030
[03:50:06.057] RX< [RTMP] slow send frame 2611 len=76594 dt=563ms (IDR)
[03:50:06.057] RX< [RTMP] dropped 2310 p-frames (b
[03:50:06.649] RX< acklog 51%)
[03:50:06.649] RX< [RTMP] slow send frame 2630 len=14935 dt=146ms
[03:50:06.649] RX< [RTMP] slow send frame 2635 len=9808 dt=77ms
[03:50:06.649] RX< [RTMP] slow send frame 2639 len=10102 dt=68ms
[03:50:06.649] RX< [RTMP] slow send frame 2640 len=16084 dt=112ms
[03:50:06.649] RX< [34m[AE] fid=3060,exp=10120,adg=257,Y=4554,mtg=180,shg=100
[03:50:07.225] RX< ,bgbv=1573,iso=257,cnv2,hdr0
[03:50:07.225] RX< [0m[34m[b_ae0 proc] perf=937(us), max=1045(us)!
[03:50:07.225] RX< [0m[34m[awb0 proc] perf=4216(us), max=4398(us)!
[03:50:07.225] RX< [0m[7] [cam] [266489][me0][me_core_thread:322]ME out fid 3060
[03:50:07.225] RX< [RTMP] slow send frame 2641 len=86764 dt=717ms (IDR)
[03:50:07.225] RX< [RTMP] dro
[03:50:07.820] RX< pped 2340 p-frames (backlog 51%)
[03:50:07.820] RX< [RTMP] slow send frame 2665 len=7976 dt=93ms
[03:50:07.820] RX< [RTMP] slow send frame 2667 len=8579 dt=79ms
[03:50:07.820] RX< [34m[AE] fid=3090,exp=10140,adg=213,Y=4620,mtg=180,shg=100,bgbv=1816,iso=213,cnv2,hdr0
[03:50:07.820] RX< [0m[7] [cam] [267488][me0][me_core_thread:32
[03:50:08.744] RX< 2]ME out fid 3090
[03:50:08.744] RX< [RTMP] slow send frame 2671 len=93781 dt=1021ms (IDR)
[03:50:08.744] RX< [RTMP] dropped 2370 p-frames (backlog 74%)
[03:50:08.744] RX< [RTMP] f_index = 2700, f_len = 13427
[03:50:08.744] RX< [34m[AE] fid=3120,exp=10240,adg=207,Y=4593,mtg=180,shg=100,bgbv=1834,iso=207,cnv2,hdr0
[03:50:08.744] RX< [0m[34m[ME INT
[03:50:09.650] RX< P]fid=3120, shutter=10240, perf=6(us), max=5285(us)!
[03:50:09.650] RX< [0m[7] [cam] [268491][me0][me_core_thread:322]ME out fid 3120
[03:50:09.650] RX< [RTMP] slow send frame 2701 len=84960 dt=863ms (IDR)
[03:50:09.650] RX< [RTMP] dropped 2400 p-frames (backlog 73%)
[03:50:09.650] RX< [34m[AE] fid=3150,exp=10240,adg=207,Y=4589,
[03:50:09.874] RX< mtg=180,shg=100,bgbv=1834,iso=207,cnv2,hdr0
[03:50:09.874] RX< [0m[34m[b_ae0 proc] perf=978(us), max=1076(us)!
[03:50:09.874] RX< [0m[34m[awb0 proc] perf=4259(us), max=4408(us)!
[03:50:09.874] RX< [0m[7] [cam] [269488][me0][me_core_thread:322]ME out fid 3150
[03:50:09.874] RX< [RTMP] slow send frame 2731 len=63502 dt=532ms (
[03:50:10.820] RX< IDR)
[03:50:10.820] RX< [RTMP] dropped 2430 p-frames (backlog 72%)
[03:50:10.820] RX< [RTMP] slow send frame 2761 len=86507 dt=637ms (IDR)
[03:50:10.820] RX< [RTMP] f_index = 2790, f_len = 15528
[03:50:10.820] RX< [34m[AE] fid=3180,exp=10240,adg=207,Y=4570,mtg=180,shg=100,bgbv=1826,iso=207,cnv2,hdr0
[03:50:10.820] RX< [0m[7] [cam] [270488][me0][me
[03:50:11.819] RX< _core_thread:322]ME out fid 3180
[03:50:11.819] RX< [RTMP] slow send frame 2791 len=78262 dt=951ms (IDR)
[03:50:11.819] RX< [RTMP] dropped 2460 p-frames (backlog 73%)
[03:50:11.819] RX< [34m[AE] fid=3210,exp=10240,adg=207,Y=4584,mtg=180,shg=100,bgbv=1830,iso=207,cnv2,hdr0
[03:50:11.819] RX< [0m[7] [cam] [271488][me0][me_core_thr
[03:50:12.648] RX< ead:322]ME out fid 3210
[03:50:12.648] RX< [RTMP] slow send frame 2821 len=65851 dt=577ms (IDR)
[03:50:12.648] RX< [RTMP] dropped 2490 p-frames (backlog 71%)
[03:50:12.648] RX< [34m[AE] fid=3240,exp=10240,adg=207,Y=4579,mtg=180,shg=100,bgbv=1830,iso=207,cnv2,hdr0
[03:50:12.648] RX< [0m[34m[b_ae0 proc] perf=977(us), max=1086(us)
[03:50:12.743] RX< !
[03:50:12.743] RX< [0m[34m[awb0 proc] perf=4275(us), max=4412(us)!
[03:50:12.743] RX< [0m[RTMP] slow send frame 2851 len=69390 dt=571ms (IDR)
[03:50:12.743] RX< [RTMP] dropped 2520 p-frames (backlog 69%)
[03:50:12.743] RX< [RTMP] f_index = 2880, f_len = 16200
[03:50:12.743] RX< [34m[ME INTP]fid=3240, shutter=10240, perf=6(us), max=3606(us)!
[03:50:12.743] RX< 
[03:50:13.820] RX< [0m[7] [cam] [272488][me0][me_core_thread:322]ME out fid 3240
[03:50:13.820] RX< [RTMP] slow send frame 2881 len=81578 dt=737ms (IDR)
[03:50:13.820] RX< [RTMP] dropped 2550 p-frames (backlog 68%)
[03:50:13.820] RX< [34m[AE] fid=3270,exp=10240,adg=207,Y=4581,mtg=180,shg=100,bgbv=1830,iso=207,cnv2,hdr0
[03:50:13.820] RX< [0m[7] [c
[03:50:14.494] RX< am] [273488][me0][me_core_thread:322]ME out fid 3270
[03:50:14.494] RX< [RTMP] slow send frame 2911 len=73616 dt=519ms (IDR)
[03:50:14.494] RX< [RTMP] dropped 2580 p-frames (backlog 66%)
[03:50:14.494] RX< [RTMP] slow send frame 2941 len=60807 dt=522ms (IDR)
[03:50:14.494] RX< [RTMP] dropped 2610 p-frames (backlog 64%)
[03:50:14.494] RX< [RTMP] f_in
[03:50:15.118] RX< dex = 2970, f_len = 24228
[03:50:15.118] RX< [34m[AE] fid=3300,exp=10240,adg=207,Y=4579,mtg=180,shg=100,bgbv=1830,iso=207,cnv2,hdr0
[03:50:15.118] RX< [0m[7] [cam] [274489][me0][me_core_thread:322]ME out fid 3300
[03:50:15.118] RX< [RTMP] slow send frame 2971 len=88887 dt=621ms (IDR)
[03:50:15.118] RX< [RTMP] dropped 2640 p-fram
[03:50:15.650] RX< es (backlog 63%)
[03:50:15.650] RX< [RTMP] slow send frame 3001 len=83092 dt=390ms (IDR)
[03:50:15.650] RX< [RTMP] dropped 2670 p-frames (backlog 60%)
[03:50:15.650] RX< [34m[AE] fid=3330,exp=10240,adg=207,Y=4577,mtg=180,shg=100,bgbv=1830,iso=207,cnv2,hdr0
[03:50:15.650] RX< [0m[34m[b_ae0 proc] perf=1016(us), max=1094(us)!
[03:50:15.650] RX< [0
[03:50:16.643] RX< m[34m[awb0 proc] perf=4282(us), max=4417(us)!
[03:50:16.643] RX< [0m[7] [cam] [275487][me0][me_core_thread:322]ME out fid 3330
[03:50:16.643] RX< [RTMP] slow send frame 3031 len=70172 dt=480ms (IDR)
[03:50:16.643] RX< [RTMP] dropped 2700 p-frames (backlog 58%)
[03:50:16.643] RX< [RTMP] f_index = 3060, f_len = 17247
[03:50:16.643] RX< [34m[AE] fid
[03:50:16.827] RX< =3360,exp=10240,adg=207,Y=4574,mtg=180,shg=100,bgbv=1826,iso=207,cnv2,hdr0
[03:50:16.827] RX< [0m[RTMP] slow send frame 3061 len=73515 dt=711ms (IDR)
[03:50:16.827] RX< [RTMP] dropped 2730 p-frames (backlog 57%)
[03:50:16.827] RX< [34m[ME INTP]fid=3360, shutter=10240, perf=240(us), max=240(us)!
[03:50:16.827] RX< [0m[7] [cam] [
[03:50:17.648] RX< 276487][me0][me_core_thread:322]ME out fid 3360
[03:50:17.648] RX< [RTMP] slow send frame 3091 len=62879 dt=685ms (IDR)
[03:50:17.648] RX< [RTMP] slow send frame 3093 len=13093 dt=82ms
[03:50:17.648] RX< [34m[AE] fid=3390,exp=10240,adg=207,Y=4574,mtg=180,shg=100,bgbv=1826,iso=207,cnv2,hdr0
[03:50:17.648] RX< [0m[RTMP] slow send 
[03:50:18.096] RX< frame 3094 len=18760 dt=138ms
[03:50:18.096] RX< [RTMP] slow send frame 3096 len=12782 dt=107ms
[03:50:18.096] RX< [7] [cam] [277487][me0][me_core_thread:322]ME out fid 3390
[03:50:18.096] RX< [RTMP] slow send frame 3097 len=15338 dt=111ms
[03:50:18.096] RX< [RTMP] slow send frame 3098 len=18971 dt=151ms
[03:50:18.096] RX< [RTMP] slow send frame 309
[03:50:18.648] RX< 9 len=8326 dt=51ms
[03:50:18.648] RX< [RTMP] slow send frame 3100 len=16096 dt=221ms
[03:50:18.648] RX< [RTMP] slow send frame 3101 len=15371 dt=251ms
[03:50:18.648] RX< [34m[AE] fid=3420,exp=10240,adg=207,Y=4574,mtg=180,shg=100,bgbv=1826,iso=207,cnv2,hdr0
[03:50:18.648] RX< [0m[34m[b_ae0 proc] perf=1057(us), max=1076(us)!
[03:50:18.648] RX< [0
[03:50:19.385] RX< m[34m[awb0 proc] perf=4351(us), max=4437(us)!
[03:50:19.385] RX< [0m[RTMP] slow send frame 3102 len=12965 dt=219ms
[03:50:19.385] RX< [7] [cam] [278487][me0][me_core_thread:322]ME out fid 3420
[03:50:19.385] RX< [RTMP] slow send frame 3103 len=20259 dt=220ms
[03:50:19.385] RX< [RTMP] slow send frame 3104 len=16631 dt=198ms
[03:50:19.385] RX< [RTMP
[03:50:19.818] RX< ] slow send frame 3105 len=17395 dt=165ms
[03:50:19.818] RX< [RTMP] slow send frame 3106 len=12764 dt=73ms
[03:50:19.818] RX< [RTMP] slow send frame 3107 len=13745 dt=128ms
[03:50:19.818] RX< [34m[AE] fid=3450,exp=10240,adg=207,Y=4570,mtg=180,shg=100,bgbv=1826,iso=207,cnv2,hdr0
[03:50:19.818] RX< [0m[7] [cam] [279487][me0][me_co
[03:50:20.642] RX< re_thread:322]ME out fid 3450
[03:50:20.642] RX< [RTMP] slow send frame 3108 len=12728 dt=257ms
[03:50:20.642] RX< [RTMP] slow send frame 3109 len=19175 dt=229ms
[03:50:20.642] RX< [RTMP] slow send frame 3110 len=13433 dt=148ms
[03:50:20.642] RX< [RTMP] slow send frame 3111 len=13137 dt=160ms
[03:50:20.642] RX< [34m[AE] fid=3480,exp=10240,adg=207,Y
[03:50:20.978] RX< =4628,mtg=180,shg=100,bgbv=1846,iso=207,cnv2,hdr0
[03:50:20.978] RX< [0m[34m[ME INTP]fid=3480, shutter=10240, perf=6(us), max=1886(us)!
[03:50:20.978] RX< [0m[7] [cam] [280487][me0][me_core_thread:322]ME out fid 3480
[03:50:20.978] RX< [RTMP] slow send frame 3112 len=20800 dt=453ms
[03:50:20.978] RX< [RTMP] slow send frame 3113
[03:50:21.648] RX<  len=10245 dt=148ms
[03:50:21.648] RX< [RTMP] slow send frame 3114 len=19389 dt=186ms
[03:50:21.648] RX< [RTMP] slow send frame 3115 len=9234 dt=79ms
[03:50:21.648] RX< [RTMP] slow send frame 3116 len=18415 dt=137ms
[03:50:21.648] RX< [RTMP] slow send frame 3117 len=12983 dt=150ms
[03:50:21.648] RX< [RTMP] slow send frame 3118 len=12448 dt=93ms
[03:50:21.648] RX< [34
[03:50:21.872] RX< m[AE] fid=3510,exp=10240,adg=207,Y=4630,mtg=180,shg=100,bgbv=1846,iso=207,cnv2,hdr0
[03:50:21.872] RX< [0m[34m[b_ae0 proc] perf=973(us), max=1109(us)!
[03:50:21.872] RX< [0m[34m[awb0 proc] perf=4341(us), max=4413(us)!
[03:50:21.872] RX< [0m[7] [cam] [281486][me0][me_core_thread:322]ME out fid 3510
[03:50:21.872] RX< [RTMP] s
[03:50:23.059] RX< low send frame 3119 len=14928 dt=252ms
[03:50:23.059] RX< [RTMP] slow send frame 3120 len=16452 dt=121ms
[03:50:23.059] RX< [34m[AE] fid=3540,exp=10240,adg=207,Y=4631,mtg=180,shg=100,bgbv=1846,iso=207,cnv2,hdr0
[03:50:23.059] RX< [0m[7] [cam] [282486][me0][me_core_thread:322]ME out fid 3540
[03:50:23.059] RX< [RTMP] slow send fr
[03:50:23.649] RX< ame 3121 len=78581 dt=1067ms (IDR)
[03:50:23.649] RX< [RTMP] slow send frame 3122 len=17783 dt=164ms
[03:50:23.649] RX< [RTMP] slow send frame 3123 len=10523 dt=63ms
[03:50:23.649] RX< [RTMP] slow send frame 3124 len=12944 dt=97ms
[03:50:23.649] RX< [34m[AE] fid=3570,exp=10240,adg=207,Y=4622,mtg=180,shg=100,bgbv=1842,iso=207,cnv2
[03:50:24.129] RX< ,hdr0
[03:50:24.129] RX< [0m[RTMP] slow send frame 3125 len=14272 dt=251ms
[03:50:24.129] RX< [RTMP] slow send frame 3133 len=13483 dt=138ms
[03:50:24.129] RX< [RTMP] dropped 2760 p-frames (backlog 51%)
[03:50:24.129] RX< [7] [cam] [283486][me0][me_core_thread:322]ME out fid 3570
[03:50:24.129] RX< [RTMP] slow send frame 3137 len=13689 dt=157ms
[03:50:24.129] RX< [RT
[03:50:24.647] RX< MP] slow send frame 3147 len=13953 dt=176ms
[03:50:24.647] RX< [RTMP] f_index = 3150, f_len = 15236
[03:50:24.647] RX< [34m[AE] fid=3600,exp=10240,adg=207,Y=4615,mtg=180,shg=100,bgbv=1842,iso=207,cnv2,hdr0
[03:50:24.647] RX< [0m[34m[b_ae0 proc] perf=955(us), max=1116(us)!
[03:50:24.647] RX< [0m[34m[awb0 proc] perf=4269(us), 
[03:50:25.643] RX< max=4422(us)!
[03:50:25.643] RX< [0m[34m[ME INTP]fid=3600, shutter=10240, perf=6(us), max=1038(us)!
[03:50:25.643] RX< [0m[7] [cam] [284486][me0][me_core_thread:322]ME out fid 3600
[03:50:25.643] RX< [RTMP] slow send frame 3151 len=78920 dt=1030ms (IDR)
[03:50:25.643] RX< [RTMP] dropped 2790 p-frames (backlog 52%)
[03:50:25.643] RX< [34m[AE] fid
[03:50:25.956] RX< =3630,exp=10240,adg=207,Y=4616,mtg=180,shg=100,bgbv=1842,iso=207,cnv2,hdr0
[03:50:25.956] RX< [0m[RTMP] slow send frame 3181 len=80753 dt=652ms (IDR)
[03:50:25.956] RX< [7] [cam] [285489][me0][me_core_thread:322]ME out fid 3630
[03:50:25.956] RX< [RTMP] slow send frame 3196 len=16478 dt=124ms
[03:50:25.956] RX< [RTMP] dropped 282
[03:50:26.818] RX< 0 p-frames (backlog 51%)
[03:50:26.818] RX< [RTMP] slow send frame 3204 len=16012 dt=109ms
[03:50:26.818] RX< [RTMP] slow send frame 3208 len=15704 dt=236ms
[03:50:26.818] RX< [34m[AE] fid=3660,exp=10240,adg=207,Y=4565,mtg=180,shg=100,bgbv=1826,iso=207,cnv2,hdr0
[03:50:26.818] RX< [0m[7] [cam] [286486][me0][me_core_thread:322]ME
[03:50:27.648] RX<  out fid 3660
[03:50:27.648] RX< [RTMP] slow send frame 3211 len=76809 dt=801ms (IDR)
[03:50:27.648] RX< [RTMP] dropped 2850 p-frames (backlog 51%)
[03:50:27.648] RX< [RTMP] slow send frame 3239 len=14874 dt=198ms
[03:50:27.648] RX< [RTMP] f_index = 3240, f_len = 15245
[03:50:27.648] RX< [34m[AE] fid=3690,exp=10240,adg=207,Y=4619,mtg=180,shg=100,bg
[03:50:28.190] RX< bv=1842,iso=207,cnv2,hdr0
[03:50:28.190] RX< [0m[34m[b_ae0 proc] perf=1075(us), max=1075(us)!
[03:50:28.190] RX< [0m[34m[awb0 proc] perf=4265(us), max=4410(us)!
[03:50:28.190] RX< [0m[7] [cam] [287487][me0][me_core_thread:322]ME out fid 3690
[03:50:28.190] RX< [RTMP] slow send frame 3241 len=82658 dt=864ms (IDR)
[03:50:28.190] RX< [RTMP] dropp
[03:50:28.834] RX< ed 2880 p-frames (backlog 51%)
[03:50:28.834] RX< [34m[AE] fid=3720,exp=10240,adg=207,Y=4616,mtg=180,shg=100,bgbv=1842,iso=207,cnv2,hdr0
[03:50:28.834] RX< [0m[34m[ME INTP]fid=3720, shutter=10240, perf=7(us), max=2017(us)!
[03:50:28.834] RX< [0m[RTMP] slow send frame 3271 len=81196 dt=634ms (IDR)
[03:50:28.834] RX< [7] [cam] [
[03:50:29.643] RX< 288489][me0][me_core_thread:322]ME out fid 3720
[03:50:29.643] RX< [RTMP] slow send frame 3286 len=9909 dt=79ms
[03:50:29.643] RX< [RTMP] slow send frame 3294 len=10102 dt=125ms
[03:50:29.643] RX< [RTMP] slow send frame 3299 len=14685 dt=163ms
[03:50:29.643] RX< [RTMP] dropped 2910 p-frames (backlog 51%)
[03:50:29.643] RX< [34m[AE] fid=3750,exp=10
[03:50:30.528] RX< 240,adg=207,Y=4616,mtg=180,shg=100,bgbv=1842,iso=207,cnv2,hdr0
[03:50:30.528] RX< [0m[RTMP] slow send frame 3301 len=75636 dt=592ms (IDR)
[03:50:30.528] RX< [RTMP] f_index = 3330, f_len = 14217
[03:50:30.528] RX< [7] [cam] [289485][me0][me_core_thread:322]ME out fid 3750
[03:50:30.528] RX< [RTMP] slow send frame 3331 len=81415 dt
[03:50:30.823] RX< =720ms (IDR)
[03:50:30.823] RX< [RTMP] dropped 2940 p-frames (backlog 74%)
[03:50:30.823] RX< [34m[AE] fid=3780,exp=10240,adg=207,Y=4617,mtg=180,shg=100,bgbv=1842,iso=207,cnv2,hdr0
[03:50:30.823] RX< [0m[34m[b_ae0 proc] perf=986(us), max=1116(us)!
[03:50:30.823] RX< [0m[34m[awb0 proc] perf=4281(us), max=4393(us)!
[03:50:30.823] RX< [0m[7] [ca
[03:50:31.682] RX< m] [290485][me0][me_core_thread:322]ME out fid 3780
[03:50:31.682] RX< [RTMP] slow send frame 3361 len=81573 dt=649ms (IDR)
[03:50:31.682] RX< [RTMP] dropped 2970 p-frames (backlog 73%)
[03:50:31.682] RX< [34m[AE] fid=3810,exp=10240,adg=207,Y=4579,mtg=180,shg=100,bgbv=1830,iso=207,cnv2,hdr0
[03:50:31.682] RX< [0m[RTMP] slow send
[03:50:32.228] RX<  frame 3391 len=75831 dt=474ms (IDR)
[03:50:32.228] RX< [RTMP] dropped 3000 p-frames (backlog 71%)
[03:50:32.228] RX< [RTMP] f_index = 3420, f_len = 9742
[03:50:32.228] RX< [7] [cam] [291485][me0][me_core_thread:322]ME out fid 3810
[03:50:32.228] RX< [RTMP] slow send frame 3421 len=75579 dt=542ms (IDR)
[03:50:32.228] RX< [RTMP] dropped 3030 p-frames
[03:50:33.020] RX<  (backlog 70%)
[03:50:33.020] RX< [34m[AE] fid=3840,exp=10240,adg=207,Y=4620,mtg=180,shg=100,bgbv=1842,iso=207,cnv2,hdr0
[03:50:33.020] RX< [0m[34m[ME INTP]fid=3840, shutter=10240, perf=6(us), max=312(us)!
[03:50:33.020] RX< [0m[7] [cam] [292485][me0][me_core_thread:322]ME out fid 3840
[03:50:33.020] RX< [RTMP] slow send frame
[03:50:33.647] RX<  3451 len=82804 dt=780ms (IDR)
[03:50:33.647] RX< [RTMP] dropped 3060 p-frames (backlog 69%)
[03:50:33.647] RX< [RTMP] slow send frame 3481 len=79990 dt=584ms (IDR)
[03:50:33.647] RX< [RTMP] dropped 3090 p-frames (backlog 67%)
[03:50:33.647] RX< [RTMP] f_index = 3510, f_len = 10767
[03:50:33.647] RX< [34m[AE] fid=3870,exp=10240,adg=207,Y=4610,mtg=1
[03:50:34.099] RX< 80,shg=100,bgbv=1838,iso=207,cnv2,hdr0
[03:50:34.099] RX< [0m[34m[b_ae0 proc] perf=900(us), max=1120(us)!
[03:50:34.099] RX< [0m[34m[awb0 proc] perf=4281(us), max=4416(us)!
[03:50:34.099] RX< [0m[7] [cam] [293485][me0][me_core_thread:322]ME out fid 3870
[03:50:34.099] RX< [RTMP] slow send frame 3511 len=74529 dt=472ms (IDR)
[03:50:34.825] RX< [RTMP] dropped 3120 p-frames (backlog 66%)
[03:50:34.825] RX< [34m[AE] fid=3900,exp=10240,adg=207,Y=4617,mtg=180,shg=100,bgbv=1842,iso=207,cnv2,hdr0
[03:50:34.825] RX< [0m[RTMP] slow send frame 3541 len=79773 dt=538ms (IDR)
[03:50:34.825] RX< [RTMP] dropped 3150 p-frames (backlog 64%)
[03:50:34.825] RX< [7] [cam] [294485][me0][m
[03:50:35.583] RX< e_core_thread:322]ME out fid 3900
[03:50:35.583] RX< [RTMP] slow send frame 3571 len=81795 dt=435ms (IDR)
[03:50:35.583] RX< [RTMP] dropped 3180 p-frames (backlog 62%)
[03:50:35.583] RX< [RTMP] f_index = 3600, f_len = 16085
[03:50:35.583] RX< [RTMP] slow send frame 3601 len=80543 dt=476ms (IDR)
[03:50:35.583] RX< [RTMP] dropped 3210 p-frames (backlo
[03:50:36.594] RX< g 60%)
[03:50:36.594] RX< [34m[AE] fid=3930,exp=10240,adg=207,Y=4616,mtg=180,shg=100,bgbv=1842,iso=207,cnv2,hdr0
[03:50:36.594] RX< [0m[7] [cam] [295486][me0][me_core_thread:322]ME out fid 3930
[03:50:36.594] RX< [RTMP] slow send frame 3631 len=73831 dt=469ms (IDR)
[03:50:36.594] RX< [RTMP] dropped 3240 p-frames (backlog 59%)
[03:50:36.594] RX< [R
[03:50:36.646] RX< TMP] slow send frame 3661 len=75172 dt=533ms (IDR)
[03:50:36.646] RX< [RTMP] dropped 3270 p-frames (backlog 57%)
[03:50:36.646] RX< [RTMP] f_index = 3690, f_len = 16237
[03:50:36.646] RX< [34m[AE] fid=3960,exp=10240,adg=207,Y=4562,mtg=180,shg=100,bgbv=1822,iso=207,cnv2,hdr0
[03:50:36.646] RX< [0m[34m[b_ae0 proc] perf=965(us), m
[03:50:37.141] RX< ax=1076(us)!
[03:50:37.141] RX< [0m[34m[awb0 proc] perf=4286(us), max=4408(us)!
[03:50:37.141] RX< [0m[34m[ME INTP]fid=3960, shutter=10240, perf=7(us), max=798(us)!
[03:50:37.141] RX< [0m[7] [cam] [296484][me0][me_core_thread:322]ME out fid 3960
[03:50:37.141] RX< [RTMP] slow send frame 3691 len=81595 dt=519ms (IDR)
[03:50:37.141] RX< [RTMP] d
[03:50:37.648] RX< ropped 3300 p-frames (backlog 55%)
[03:50:37.648] RX< [RTMP] slow send frame 3721 len=74577 dt=408ms (IDR)
[03:50:37.648] RX< [RTMP] dropped 3330 p-frames (backlog 53%)
[03:50:37.648] RX< [34m[AE] fid=3990,exp=10240,adg=207,Y=4618,mtg=180,shg=100,bgbv=1842,iso=207,cnv2,hdr0
[03:50:37.648] RX< [0m[RTMP] slow send frame 3743 len=1
[03:50:37.952] RX< 6144 dt=81ms
[03:50:37.952] RX< [RTMP] slow send frame 3744 len=16538 dt=84ms
[03:50:37.952] RX< [RTMP] slow send frame 3745 len=11081 dt=68ms
[03:50:37.952] RX< [7] [cam] [297487][me0][me_core_thread:322]ME out fid 3990
[03:50:37.952] RX< [RTMP] slow send frame 3746 len=16197 dt=89ms
[03:50:37.952] RX< [RTMP] slow send frame 3747 len=10618 dt=62ms
[03:50:38.818] RX< [RTMP] slow send frame 3748 len=16142 dt=95ms
[03:50:38.818] RX< [RTMP] slow send frame 3749 len=10344 dt=75ms
[03:50:38.818] RX< [RTMP] slow send frame 3750 len=16023 dt=208ms
[03:50:38.818] RX< [34m[AE] fid=4020,exp=10240,adg=207,Y=4575,mtg=180,shg=100,bgbv=1830,iso=207,cnv2,hdr0
[03:50:38.818] RX< [0m[7] [cam] [298484][me0][m
[03:50:39.618] RX< e_core_thread:322]ME out fid 4020
[03:50:39.618] RX< [RTMP] slow send frame 3751 len=81104 dt=660ms (IDR)
[03:50:39.618] RX< [RTMP] slow send frame 3752 len=23072 dt=187ms
[03:50:39.618] RX< [RTMP] slow send frame 3754 len=17803 dt=205ms
[03:50:39.618] RX< [RTMP] slow send frame 3755 len=11019 dt=110ms
[03:50:39.618] RX< [RTMP] slow send frame 3756 
[03:50:39.710] RX< len=16252 dt=105ms
[03:50:39.710] RX< [34m[AE] fid=4050,exp=10240,adg=207,Y=4626,mtg=180,shg=100,bgbv=1846,iso=207,cnv2,hdr0
[03:50:39.710] RX< [0m[34m[b_ae0 proc] perf=966(us), max=1059(us)!
[03:50:39.710] RX< [0m[34m[awb0 proc] perf=4349(us), max=4374(us)!
[03:50:39.710] RX< [0m[RTMP] slow send frame 3757 len=10497 dt=85m
[03:50:40.235] RX< s
[03:50:40.235] RX< [7] [cam] [299484][me0][me_core_thread:322]ME out fid 4050
[03:50:40.235] RX< [RTMP] slow send frame 3758 len=15740 dt=119ms
[03:50:40.235] RX< [RTMP] slow send frame 3759 len=10564 dt=72ms
[03:50:40.235] RX< [RTMP] slow send frame 3760 len=15778 dt=107ms
[03:50:40.235] RX< [RTMP] slow send frame 3761 len=10110 dt=77ms
[03:50:40.235] RX< [RTMP] sl
[03:50:40.721] RX< ow send frame 3762 len=12590 dt=157ms
[03:50:40.721] RX< [RTMP] slow send frame 3763 len=13772 dt=99ms
[03:50:40.721] RX< [RTMP] slow send frame 3764 len=13801 dt=103ms
[03:50:40.721] RX< [34m[AE] fid=4080,exp=10240,adg=207,Y=4622,mtg=180,shg=100,bgbv=1842,iso=207,cnv2,hdr0
[03:50:40.721] RX< [0m[RTMP] slow send frame 3765 len=1
[03:50:41.070] RX< 4991 dt=273ms
[03:50:41.070] RX< [34m[ME INTP]fid=4080, shutter=10240, perf=7(us), max=1948(us)!
[03:50:41.070] RX< [0m[RTMP] slow send frame 3766 len=10070 dt=104ms
[03:50:41.070] RX< [7] [cam] [300484][me0][me_core_thread:322]ME out fid 4080
[03:50:41.070] RX< [RTMP] slow send frame 3767 len=12606 dt=150ms
[03:50:41.070] RX< [RTMP] slow send fra
[03:50:41.642] RX< me 3768 len=13539 dt=100ms
[03:50:41.642] RX< [RTMP] slow send frame 3769 len=14730 dt=133ms
[03:50:41.642] RX< [RTMP] slow send frame 3770 len=14865 dt=126ms
[03:50:41.642] RX< [RTMP] slow send frame 3771 len=10456 dt=76ms
[03:50:41.642] RX< [RTMP] slow send frame 3772 len=12508 dt=106ms
[03:50:41.642] RX< [RTMP] slow send frame 3773 len=14023 dt=1
[03:50:41.978] RX< 05ms
[03:50:41.978] RX< [34m[AE] fid=4110,exp=10240,adg=207,Y=4624,mtg=180,shg=100,bgbv=1842,iso=207,cnv2,hdr0
[03:50:41.978] RX< [0m[RTMP] slow send frame 3774 len=14551 dt=121ms
[03:50:41.978] RX< [7] [cam] [301484][me0][me_core_thread:322]ME out fid 4110
[03:50:41.978] RX< [RTMP] slow send frame 3775 len=14232 dt=106ms
[03:50:41.978] RX< [RTMP]
[03:50:42.581] RX<  slow send frame 3776 len=15180 dt=123ms
[03:50:42.581] RX< [RTMP] slow send frame 3777 len=10339 dt=84ms
[03:50:42.581] RX< [RTMP] slow send frame 3778 len=16105 dt=260ms
[03:50:42.581] RX< [RTMP] slow send frame 3779 len=10640 dt=127ms
[03:50:42.581] RX< [RTMP] slow send frame 3780 len=16372 dt=129ms
[03:50:42.581] RX< [RTMP] f_index = 3780, f_len
[03:50:42.823] RX<  = 16372
[03:50:42.823] RX< [34m[AE] fid=4140,exp=10240,adg=207,Y=4619,mtg=180,shg=100,bgbv=1842,iso=207,cnv2,hdr0
[03:50:42.823] RX< [0m[34m[b_ae0 proc] perf=1013(us), max=1088(us)!
[03:50:42.823] RX< [0m[34m[awb0 proc] perf=4163(us), max=4403(us)!
[03:50:42.823] RX< [0m[7] [cam] [302484][me0][me_core_thread:322]ME out fi
[03:50:43.770] RX< d 4140
[03:50:43.770] RX< [RTMP] slow send frame 3781 len=81673 dt=757ms (IDR)
[03:50:43.770] RX< [RTMP] slow send frame 3782 len=16028 dt=163ms
[03:50:43.770] RX< [RTMP] slow send frame 3783 len=8802 dt=111ms
[03:50:43.770] RX< [34m[AE] fid=4170,exp=10240,adg=207,Y=4617,mtg=180,shg=100,bgbv=1842,iso=207,cnv2,hdr0
[03:50:43.770] RX< [0m[RTMP] slow
[03:50:44.393] RX<  send frame 3784 len=17578 dt=168ms
[03:50:44.393] RX< [7] [cam] [303483][me0][me_core_thread:322]ME out fid 4170
[03:50:44.393] RX< [RTMP] slow send frame 3785 len=11464 dt=168ms
[03:50:44.393] RX< [RTMP] slow send frame 3786 len=16310 dt=115ms
[03:50:44.393] RX< [RTMP] slow send frame 3787 len=10592 dt=96ms
[03:50:44.393] RX< [RTMP] slow send fram
[03:50:44.740] RX< e 3788 len=16498 dt=236ms
[03:50:44.740] RX< [RTMP] slow send frame 3789 len=10613 dt=98ms
[03:50:44.740] RX< [RTMP] slow send frame 3792 len=10470 dt=114ms
[03:50:44.740] RX< [34m[AE] fid=4200,exp=10240,adg=207,Y=4618,mtg=180,shg=100,bgbv=1842,iso=207,cnv2,hdr0
[03:50:44.740] RX< [0m[34m[ME INTP]fid=4200, shutter=10240, perf=7
[03:50:45.646] RX< (us), max=758(us)!
[03:50:45.646] RX< [0m[RTMP] slow send frame 3796 len=15894 dt=188ms
[03:50:45.646] RX< [7] [cam] [304483][me0][me_core_thread:322]ME out fid 4200
[03:50:45.646] RX< [RTMP] slow send frame 3802 len=10231 dt=108ms
[03:50:45.646] RX< [RTMP] slow send frame 3810 len=10745 dt=92ms
[03:50:45.646] RX< [34m[AE] fid=4230,exp=10240,adg=2
[03:50:45.803] RX< 07,Y=4616,mtg=180,shg=100,bgbv=1842,iso=207,cnv2,hdr0
[03:50:45.803] RX< [0m[34m[b_ae0 proc] perf=961(us), max=1061(us)!
[03:50:45.803] RX< [0m[34m[awb0 proc] perf=4257(us), max=4411(us)!
[03:50:45.803] RX< [0m[RTMP] slow send frame 3811 len=75105 dt=711ms (IDR)
[03:50:45.803] RX< [RTMP] dropped 3360 p-frames (backlog 52%)
[03:50:45.803] RX< [
[03:50:46.796] RX< RTMP] slow send frame 3830 len=10901 dt=88ms
[03:50:46.796] RX< [7] [cam] [305487][me0][me_core_thread:322]ME out fid 4230
[03:50:46.796] RX< [RTMP] slow send frame 3833 len=17219 dt=119ms
[03:50:46.796] RX< [34m[AE] fid=4260,exp=10240,adg=207,Y=4614,mtg=180,shg=100,bgbv=1842,iso=207,cnv2,hdr0
[03:50:46.796] RX< [0m[RTMP] slow s
[03:50:46.991] RX< end frame 3841 len=83735 dt=853ms (IDR)
[03:50:46.991] RX< [RTMP] dropped 3390 p-frames (backlog 52%)
[03:50:46.991] RX< [7] [cam] [306483][me0][me_core_thread:322]ME out fid 4260
[03:50:46.991] RX< [RTMP] slow send frame 3862 len=10940 dt=74ms
[03:50:46.991] RX< [RTMP] slow send frame 3868 len=17060 dt=113ms
[03:50:46.991] RX< [RTMP] f_index = 3870
[03:50:47.737] RX< , f_len = 16491
[03:50:47.737] RX< [RTMP] slow send frame 3871 len=81950 dt=557ms (IDR)
[03:50:47.737] RX< [RTMP] dropped 3420 p-frames (backlog 51%)
[03:50:47.737] RX< [34m[AE] fid=4290,exp=10240,adg=207,Y=4616,mtg=180,shg=100,bgbv=1842,iso=207,cnv2,hdr0
[03:50:47.737] RX< [0m[RTMP] slow send frame 3884 len=16501 dt=122ms
[03:50:47.737] RX< [RTMP
[03:50:48.648] RX< ] slow send frame 3888 len=11280 dt=69ms
[03:50:48.648] RX< [7] [cam] [307483][me0][me_core_thread:322]ME out fid 4290
[03:50:48.648] RX< [RTMP] slow send frame 3889 len=17016 dt=134ms
[03:50:48.648] RX< [RTMP] slow send frame 3898 len=12062 dt=82ms
[03:50:48.648] RX< [RTMP] slow send frame 3900 len=12326 dt=123ms
[03:50:48.648] RX< [34m[AE] fid=43
[03:50:48.821] RX< 20,exp=10240,adg=207,Y=4615,mtg=180,shg=100,bgbv=1842,iso=207,cnv2,hdr0
[03:50:48.821] RX< [0m[34m[b_ae0 proc] perf=901(us), max=1089(us)!
[03:50:48.821] RX< [0m[34m[awb0 proc] perf=4281(us), max=4409(us)!
[03:50:48.821] RX< [0m[34m[ME INTP]fid=4320, shutter=10240, perf=6(us), max=239(us)!
[03:50:48.821] RX< [0m[7] [cam] [
[03:50:49.187] RX< 308483][me0][me_core_thread:322]ME out fid 4320
[03:50:49.187] RX< [RTMP] slow send frame 3901 len=77501 dt=768ms (IDR)
[03:50:49.187] RX< [RTMP] dropped 3450 p-frames (backlog 51%)
[03:50:49.187] RX< [RTMP] slow send frame 3923 len=10985 dt=51ms
[03:50:49.187] RX< [RTMP] slow send frame 3924 len=25122 dt=191ms
[03:50:49.187] RX< [RTMP] slow send fr
[03:50:49.912] RX< ame 3929 len=11021 dt=77ms
[03:50:49.912] RX< [34m[AE] fid=4350,exp=10240,adg=207,Y=4616,mtg=180,shg=100,bgbv=1842,iso=207,cnv2,hdr0
[03:50:49.912] RX< [0m[RTMP] slow send frame 3931 len=82632 dt=609ms (IDR)
[03:50:49.912] RX< [7] [cam] [309484][me0][me_core_thread:322]ME out fid 4350
[03:50:49.912] RX< [RTMP] slow send frame 39
[03:50:50.816] RX< 44 len=17417 dt=113ms
[03:50:50.816] RX< [RTMP] slow send frame 3951 len=11218 dt=91ms
[03:50:50.816] RX< [RTMP] dropped 3480 p-frames (backlog 73%)
[03:50:50.816] RX< [RTMP] f_index = 3960, f_len = 17617
[03:50:50.816] RX< [34m[AE] fid=4380,exp=10240,adg=207,Y=4616,mtg=180,shg=100,bgbv=1842,iso=207,cnv2,hdr0
[03:50:50.816] RX< [0m[7] [cam] [31048
[03:50:51.645] RX< 2][me0][me_core_thread:322]ME out fid 4380
[03:50:51.645] RX< [RTMP] slow send frame 3961 len=83905 dt=854ms (IDR)
[03:50:51.645] RX< [RTMP] dropped 3510 p-frames (backlog 73%)
[03:50:51.645] RX< [RTMP] slow send frame 3991 len=82353 dt=554ms (IDR)
[03:50:51.645] RX< [RTMP] dropped 3540 p-frames (backlog 71%)
[03:50:51.645] RX< [34m[AE] fid=4410,ex
[03:50:52.126] RX< p=10240,adg=207,Y=4624,mtg=180,shg=100,bgbv=1842,iso=207,cnv2,hdr0
[03:50:52.126] RX< [0m[34m[b_ae0 proc] perf=1003(us), max=1065(us)!
[03:50:52.126] RX< [0m[34m[awb0 proc] perf=4395(us), max=4413(us)!
[03:50:52.126] RX< [0m[7] [cam] [311482][me0][me_core_thread:322]ME out fid 4410
[03:50:52.126] RX< [RTMP] slow send frame 4
[03:50:52.741] RX< 021 len=82753 dt=690ms (IDR)
[03:50:52.741] RX< [RTMP] dropped 3570 p-frames (backlog 70%)
[03:50:52.741] RX< [RTMP] f_index = 4050, f_len = 11884
[03:50:52.741] RX< [34m[AE] fid=4440,exp=10240,adg=207,Y=4622,mtg=180,shg=100,bgbv=1842,iso=207,cnv2,hdr0
[03:50:52.741] RX< [0m[34m[ME INTP]fid=4440, shutter=10240, perf=7(us), max=
[03:50:53.641] RX< 257(us)!
[03:50:53.641] RX< [0m[7] [cam] [312482][me0][me_core_thread:322]ME out fid 4440
[03:50:53.641] RX< [RTMP] slow send frame 4051 len=75529 dt=818ms (IDR)
[03:50:53.641] RX< [RTMP] dropped 3600 p-frames (backlog 69%)
[03:50:53.641] RX< [34m[AE] fid=4470,exp=10240,adg=207,Y=4622,mtg=180,shg=100,bgbv=1842,iso=207,cnv2,hdr0
[03:50:54.645] RX< [0m[RTMP] slow send frame 4081 len=75395 dt=709ms (IDR)
[03:50:54.645] RX< [RTMP] dropped 3630 p-frames (backlog 66%)
[03:50:54.645] RX< [7] [cam] [313482][me0][me_core_thread:322]ME out fid 4470
[03:50:54.645] RX< [RTMP] slow send frame 4111 len=89362 dt=824ms (IDR)
[03:50:54.645] RX< [RTMP] f_index = 4140, f_len = 16433
[03:50:54.645] RX< [34m[A
[03:50:55.455] RX< E] fid=4500,exp=10240,adg=207,Y=4615,mtg=180,shg=100,bgbv=1842,iso=207,cnv2,hdr0
[03:50:55.455] RX< [0m[34m[b_ae0 proc] perf=961(us), max=1112(us)!
[03:50:55.455] RX< [0m[34m[awb0 proc] perf=4277(us), max=4395(us)!
[03:50:55.455] RX< [0m[7] [cam] [314482][me0][me_core_thread:322]ME out fid 4500
[03:50:55.455] RX< [RTMP] slow
[03:50:56.105] RX<  send frame 4141 len=80952 dt=912ms (IDR)
[03:50:56.105] RX< [RTMP] dropped 3660 p-frames (backlog 68%)
[03:50:56.105] RX< [34m[AE] fid=4530,exp=10240,adg=207,Y=4619,mtg=180,shg=100,bgbv=1842,iso=207,cnv2,hdr0
[03:50:56.105] RX< [0m[7] [cam] [315482][me0][me_core_thread:322]ME out fid 4530
[03:50:56.105] RX< [RTMP] slow send fra
[03:50:56.690] RX< me 4171 len=82831 dt=637ms (IDR)
[03:50:56.690] RX< [RTMP] dropped 3690 p-frames (backlog 67%)
[03:50:56.690] RX< [34m[AE] fid=4560,exp=10240,adg=207,Y=4620,mtg=180,shg=100,bgbv=1842,iso=207,cnv2,hdr0
[03:50:56.690] RX< [0m[RTMP] slow send frame 4201 len=81746 dt=564ms (IDR)
[03:50:56.690] RX< [RTMP] dropped 3720 p-frames (backl
[03:50:57.258] RX< og 65%)
[03:50:57.258] RX< [RTMP] f_index = 4230, f_len = 11138
[03:50:57.258] RX< [34m[ME INTP]fid=4560, shutter=10240, perf=7(us), max=855(us)!
[03:50:57.258] RX< [0m[7] [cam] [316482][me0][me_core_thread:322]ME out fid 4560
[03:50:57.258] RX< [RTMP] slow send frame 4231 len=74749 dt=564ms (IDR)
[03:50:57.258] RX< [RTMP] dropped 3750 p-frames (b
[03:50:57.822] RX< acklog 63%)
[03:50:57.822] RX< [34m[AE] fid=4590,exp=10240,adg=207,Y=4621,mtg=180,shg=100,bgbv=1842,iso=207,cnv2,hdr0
[03:50:57.822] RX< [0m[34m[b_ae0 proc] perf=1078(us), max=1078(us)!
[03:50:57.822] RX< [0m[34m[awb0 proc] perf=4277(us), max=4420(us)!
[03:50:57.822] RX< [0m[7] [cam] [317482][me0][me_core_thread:322]ME out 
[03:50:58.639] RX< fid 4590
[03:50:58.639] RX< [RTMP] slow send frame 4261 len=73898 dt=645ms (IDR)
[03:50:58.639] RX< [RTMP] dropped 3780 p-frames (backlog 62%)
[03:50:58.639] RX< [RTMP] slow send frame 4291 len=72487 dt=478ms (IDR)
[03:50:58.639] RX< [RTMP] dropped 3810 p-frames (backlog 60%)
[03:50:58.639] RX< [RTMP] f_index = 4320, f_len = 14086
[03:50:58.639] RX< [34m[AE] fid=4620
[03:50:59.640] RX< ,exp=10240,adg=207,Y=4626,mtg=180,shg=100,bgbv=1846,iso=207,cnv2,hdr0
[03:50:59.640] RX< [0m[7] [cam] [318482][me0][me_core_thread:322]ME out fid 4620
[03:50:59.640] RX< [RTMP] slow send frame 4321 len=78616 dt=744ms (IDR)
[03:50:59.640] RX< [RTMP] dropped 3840 p-frames (backlog 59%)
[03:50:59.640] RX< [34m[AE] fid=4650,exp=1024
[03:51:00.104] RX< 0,adg=207,Y=4622,mtg=180,shg=100,bgbv=1842,iso=207,cnv2,hdr0
[03:51:00.104] RX< [0m[7] [cam] [319481][me0][me_core_thread:322]ME out fid 4650
[03:51:00.104] RX< [RTMP] slow send frame 4351 len=72470 dt=756ms (IDR)
[03:51:00.104] RX< [RTMP] slow send frame 4356 len=15690 dt=122ms
[03:51:00.104] RX< [RTMP] slow send frame 4357 len=
[03:51:00.645] RX< 9897 dt=53ms
[03:51:00.645] RX< [RTMP] slow send frame 4358 len=15153 dt=100ms
[03:51:00.645] RX< [RTMP] slow send frame 4359 len=9500 dt=76ms
[03:51:00.645] RX< [RTMP] slow send frame 4360 len=24040 dt=190ms
[03:51:00.645] RX< [34m[AE] fid=4680,exp=10240,adg=207,Y=4620,mtg=180,shg=100,bgbv=1842,iso=207,cnv2,hdr0
[03:51:00.645] RX< [0m[34m[b_ae0 
[03:51:00.804] RX< proc] perf=885(us), max=1078(us)!
[03:51:00.804] RX< [0m[34m[awb0 proc] perf=4279(us), max=4419(us)!
[03:51:00.804] RX< [0m[RTMP] slow send frame 4362 len=15216 dt=131ms
[03:51:00.804] RX< [RTMP] slow send frame 4363 len=9578 dt=58ms
[03:51:00.804] RX< [34m[ME INTP]fid=4680, shutter=10240, perf=6(us), max=1820(us)!
[03:51:00.804] RX< [0m[RTMP]
[03:51:01.459] RX<  slow send frame 4364 len=15039 dt=110ms
[03:51:01.459] RX< [7] [cam] [320481][me0][me_core_thread:322]ME out fid 4680
[03:51:01.459] RX< [RTMP] slow send frame 4365 len=9416 dt=78ms
[03:51:01.459] RX< [RTMP] slow send frame 4366 len=23706 dt=229ms
[03:51:01.459] RX< [RTMP] slow send frame 4367 len=6770 dt=136ms
[03:51:01.459] RX< [RTMP] slow send f
[03:51:01.800] RX< rame 4368 len=15296 dt=212ms
[03:51:01.800] RX< [RTMP] slow send frame 4369 len=9577 dt=74ms
[03:51:01.800] RX< [34m[AE] fid=4710,exp=10240,adg=207,Y=4620,mtg=180,shg=100,bgbv=1842,iso=207,cnv2,hdr0
[03:51:01.800] RX< [0m[RTMP] slow send frame 4370 len=14845 dt=186ms
[03:51:01.800] RX< [RTMP] slow send frame 4371 len=9673 dt=80m
[03:51:02.456] RX< s
[03:51:02.456] RX< [7] [cam] [321481][me0][me_core_thread:322]ME out fid 4710
[03:51:02.456] RX< [RTMP] slow send frame 4372 len=15281 dt=142ms
[03:51:02.456] RX< [RTMP] slow send frame 4373 len=9929 dt=90ms
[03:51:02.456] RX< [RTMP] slow send frame 4374 len=15140 dt=172ms
[03:51:02.456] RX< [RTMP] slow send frame 4375 len=9434 dt=84ms
[03:51:02.456] RX< [RTMP] slow
[03:51:02.672] RX<  send frame 4376 len=22898 dt=154ms
[03:51:02.672] RX< [RTMP] slow send frame 4377 len=6795 dt=62ms
[03:51:02.672] RX< [RTMP] slow send frame 4378 len=14928 dt=104ms
[03:51:02.672] RX< [34m[AE] fid=4740,exp=10240,adg=207,Y=4618,mtg=180,shg=100,bgbv=1842,iso=207,cnv2,hdr0
[03:51:02.672] RX< [0m[RTMP] slow send frame 4379 len=9474
[03:51:03.645] RX<  dt=64ms
[03:51:03.645] RX< [7] [cam] [322481][me0][me_core_thread:322]ME out fid 4740
[03:51:03.645] RX< [RTMP] slow send frame 4380 len=22779 dt=226ms
[03:51:03.645] RX< [34m[AE] fid=4770,exp=10240,adg=207,Y=4618,mtg=180,shg=100,bgbv=1842,iso=207,cnv2,hdr0
[03:51:03.645] RX< [0m[34m[b_ae0 proc] perf=958(us), max=1068(us)!
[03:51:03.645] RX< [
[03:51:04.093] RX< 0m[34m[awb0 proc] perf=4278(us), max=4397(us)!
[03:51:04.093] RX< [0m[7] [cam] [323483][me0][me_core_thread:322]ME out fid 4770
[03:51:04.093] RX< [RTMP] slow send frame 4381 len=87231 dt=973ms (IDR)
[03:51:04.093] RX< [RTMP] slow send frame 4382 len=10423 dt=102ms
[03:51:04.093] RX< [RTMP] slow send frame 4383 len=12181 dt=115m
[03:51:04.648] RX< s
[03:51:04.648] RX< [RTMP] slow send frame 4384 len=10562 dt=85ms
[03:51:04.648] RX< [RTMP] slow send frame 4385 len=16207 dt=135ms
[03:51:04.648] RX< [RTMP] slow send frame 4386 len=10430 dt=133ms
[03:51:04.648] RX< [RTMP] slow send frame 4387 len=16190 dt=101ms
[03:51:04.648] RX< [34m[AE] fid=4800,exp=10240,adg=207,Y=4619,mtg=180,shg=100,bgbv=18
[03:51:05.139] RX< 42,iso=207,cnv2,hdr0
[03:51:05.139] RX< [0m[RTMP] slow send frame 4388 len=11052 dt=88ms
[03:51:05.139] RX< [34m[ME INTP]fid=4800, shutter=10240, perf=5(us), max=615(us)!
[03:51:05.139] RX< [0m[RTMP] slow send frame 4389 len=11737 dt=117ms
[03:51:05.139] RX< [7] [cam] [324481][me0][me_core_thread:322]ME out fid 4800
[03:51:05.139] RX< [RTMP] slow
[03:51:05.640] RX<  send frame 4390 len=50349 dt=381ms
[03:51:05.640] RX< [RTMP] slow send frame 4394 len=38014 dt=268ms
[03:51:05.640] RX< [RTMP] dropped 3870 p-frames (backlog 51%)
[03:51:05.640] RX< [RTMP] slow send frame 4401 len=15406 dt=151ms
[03:51:05.640] RX< [34m[AE] fid=4830,exp=10240,adg=207,Y=4621,mtg=180,shg=100,bgbv=1842,iso=207,cnv2,
[03:51:06.550] RX< hdr0
[03:51:06.550] RX< [0m[RTMP] slow send frame 4405 len=15418 dt=126ms
[03:51:06.550] RX< [RTMP] f_index = 4410, f_len = 23729
[03:51:06.550] RX< [7] [cam] [325483][me0][me_core_thread:322]ME out fid 4830
[03:51:06.550] RX< [RTMP] slow send frame 4411 len=88500 dt=716ms (IDR)
[03:51:06.550] RX< [RTMP] dropped 3900 p-frames (backlog 51%)
[03:51:06.550] RX< [RTMP] s
[03:51:06.645] RX< low send frame 4434 len=15276 dt=78ms
[03:51:06.645] RX< [34m[AE] fid=4860,exp=10240,adg=207,Y=4617,mtg=180,shg=100,bgbv=1842,iso=207,cnv2,hdr0
[03:51:06.645] RX< [0m[34m[b_ae0 proc] perf=1080(us), max=1080(us)!
[03:51:06.645] RX< [0m[34m[awb0 proc] perf=4280(us), max=4405(us)!
[03:51:06.645] RX< [0m[RTMP] slow send frame 4
[03:51:07.640] RX< 436 len=14637 dt=95ms
[03:51:07.640] RX< [RTMP] slow send frame 4439 len=14749 dt=168ms
[03:51:07.640] RX< [7] [cam] [326480][me0][me_core_thread:322]ME out fid 4860
[03:51:07.640] RX< [RTMP] slow send frame 4441 len=79132 dt=750ms (IDR)
[03:51:07.640] RX< [RTMP] dropped 3930 p-frames (backlog 52%)
[03:51:07.640] RX< [34m[AE] fid=4890,exp=10240,adg
[03:51:08.284] RX< =207,Y=4605,mtg=180,shg=100,bgbv=1838,iso=207,cnv2,hdr0
[03:51:08.284] RX< [0m[7] [cam] [327480][me0][me_core_thread:322]ME out fid 4890
[03:51:08.284] RX< [RTMP] slow send frame 4471 len=79160 dt=459ms (IDR)
[03:51:08.284] RX< [RTMP] slow send frame 4489 len=15412 dt=88ms
[03:51:08.284] RX< [RTMP] slow send frame 4493 len=11249 
[03:51:08.639] RX< dt=149ms
[03:51:08.639] RX< [RTMP] dropped 3960 p-frames (backlog 51%)
[03:51:08.639] RX< [RTMP] slow send frame 4497 len=10050 dt=110ms
[03:51:08.639] RX< [RTMP] slow send frame 4500 len=15609 dt=119ms
[03:51:08.639] RX< [RTMP] f_index = 4500, f_len = 15609
[03:51:08.639] RX< [34m[AE] fid=4920,exp=10240,adg=207,Y=4623,mtg=180,shg=100,bgbv=1842,is
[03:51:09.347] RX< o=207,cnv2,hdr0
[03:51:09.347] RX< [0m[34m[ME INTP]fid=4920, shutter=10240, perf=6(us), max=1139(us)!
[03:51:09.347] RX< [0m[7] [cam] [328480][me0][me_core_thread:322]ME out fid 4920
[03:51:09.347] RX< [RTMP] slow send frame 4501 len=78829 dt=672ms (IDR)
[03:51:09.347] RX< [RTMP] slow send frame 4528 len=9941 dt=61ms
[03:51:09.347] RX< [RTMP] slo
[03:51:09.821] RX< w send frame 4529 len=14860 dt=90ms
[03:51:09.821] RX< [34m[AE] fid=4950,exp=10240,adg=207,Y=4589,mtg=180,shg=100,bgbv=1834,iso=207,cnv2,hdr0
[03:51:09.821] RX< [0m[34m[b_ae0 proc] perf=987(us), max=1080(us)!
[03:51:09.821] RX< [0m[34m[awb0 proc] perf=4274(us), max=4396(us)!
[03:51:09.821] RX< [0m[7] [cam] [329482][me0][me_
[03:51:10.639] RX< core_thread:322]ME out fid 4950
[03:51:10.639] RX< [RTMP] slow send frame 4531 len=79288 dt=738ms (IDR)
[03:51:10.639] RX< [RTMP] dropped 3990 p-frames (backlog 53%)
[03:51:10.639] RX< [RTMP] slow send frame 4557 len=10647 dt=89ms
[03:51:10.639] RX< [RTMP] slow send frame 4559 len=16570 dt=258ms
[03:51:10.639] RX< [34m[AE] fid=4980,exp=10240,adg=20
[03:51:11.639] RX< 7,Y=4620,mtg=180,shg=100,bgbv=1842,iso=207,cnv2,hdr0
[03:51:11.639] RX< [0m[7] [cam] [330480][me0][me_core_thread:322]ME out fid 4980
[03:51:11.639] RX< [RTMP] slow send frame 4561 len=72811 dt=697ms (IDR)
[03:51:11.639] RX< [RTMP] dropped 4020 p-frames (backlog 76%)
[03:51:11.639] RX< [RTMP] f_index = 4590, f_len = 15373
[03:51:11.639] RX< [34m[A
[03:51:12.256] RX< E] fid=5010,exp=10240,adg=207,Y=4621,mtg=180,shg=100,bgbv=1842,iso=207,cnv2,hdr0
[03:51:12.256] RX< [0m[RTMP] slow send frame 4591 len=80271 dt=607ms (IDR)
[03:51:12.256] RX< [RTMP] dropped 4050 p-frames (backlog 74%)
[03:51:12.256] RX< [7] [cam] [331480][me0][me_core_thread:322]ME out fid 5010
[03:51:12.256] RX< [RTMP] slow send
[03:51:12.643] RX<  frame 4621 len=65538 dt=477ms (IDR)
[03:51:12.643] RX< [RTMP] dropped 4080 p-frames (backlog 72%)
[03:51:12.643] RX< [34m[AE] fid=5040,exp=10240,adg=207,Y=4617,mtg=180,shg=100,bgbv=1842,iso=207,cnv2,hdr0
[03:51:12.643] RX< [0m[34m[b_ae0 proc] perf=961(us), max=1117(us)!
[03:51:12.643] RX< [0m[34m[awb0 proc] perf=4269(us), m
[03:51:12.886] RX< ax=4411(us)!
[03:51:12.886] RX< [0m[34m[ME INTP]fid=5040, shutter=10240, perf=6(us), max=1794(us)!
[03:51:12.886] RX< [0m[7] [cam] [332479][me0][me_core_thread:322]ME out fid 5040
[03:51:12.886] RX< [RTMP] slow send frame 4651 len=79795 dt=611ms (IDR)
[03:51:12.886] RX< [RTMP] dropped 4110 p-frames (backlog 71%)
[03:51:12.886] RX< [RTMP] f_index 
[03:51:13.787] RX< = 4680, f_len = 15311
[03:51:13.787] RX< [RTMP] slow send frame 4681 len=79157 dt=492ms (IDR)
[03:51:13.787] RX< [RTMP] dropped 4140 p-frames (backlog 71%)
[03:51:13.787] RX< [34m[AE] fid=5070,exp=10240,adg=207,Y=4605,mtg=180,shg=100,bgbv=1838,iso=207,cnv2,hdr0
[03:51:13.787] RX< [0m[RTMP] slow send frame 4711 len=79642 dt=392ms
[03:51:14.615] RX<  (IDR)
[03:51:14.615] RX< [RTMP] dropped 4170 p-frames (backlog 69%)
[03:51:14.615] RX< [7] [cam] [333479][me0][me_core_thread:322]ME out fid 5070
[03:51:14.615] RX< [RTMP] slow send frame 4741 len=87205 dt=432ms (IDR)
[03:51:14.615] RX< [RTMP] dropped 4200 p-frames (backlog 67%)
[03:51:14.615] RX< [RTMP] f_index = 4770, f_len = 10124
[03:51:14.615] RX< [RTMP] slow se
[03:51:15.348] RX< nd frame 4771 len=72206 dt=369ms (IDR)
[03:51:15.348] RX< [RTMP] dropped 4230 p-frames (backlog 65%)
[03:51:15.348] RX< [34m[AE] fid=5100,exp=10240,adg=207,Y=4605,mtg=180,shg=100,bgbv=1838,iso=207,cnv2,hdr0
[03:51:15.348] RX< [0m[7] [cam] [334479][me0][me_core_thread:322]ME out fid 5100
[03:51:15.348] RX< [RTMP] slow send frame 
[03:51:15.644] RX< 4801 len=87528 dt=721ms (IDR)
[03:51:15.644] RX< [RTMP] dropped 4260 p-frames (backlog 64%)
[03:51:15.644] RX< [34m[AE] fid=5130,exp=10240,adg=207,Y=4599,mtg=180,shg=100,bgbv=1834,iso=207,cnv2,hdr0
[03:51:15.644] RX< [0m[34m[b_ae0 proc] perf=962(us), max=1120(us)!
[03:51:15.644] RX< [0m[34m[awb0 proc] perf=4333(us), max=4406
[03:51:16.450] RX< (us)!
[03:51:16.450] RX< [0m[7] [cam] [335479][me0][me_core_thread:322]ME out fid 5130
[03:51:16.450] RX< [RTMP] slow send frame 4831 len=88005 dt=556ms (IDR)
[03:51:16.450] RX< [RTMP] dropped 4290 p-frames (backlog 63%)
[03:51:16.450] RX< [RTMP] f_index = 4860, f_len = 9911
[03:51:16.450] RX< [RTMP] slow send frame 4861 len=71162 dt=535ms (IDR)
[03:51:16.450] RX< [R
[03:51:16.818] RX< TMP] dropped 4320 p-frames (backlog 61%)
[03:51:16.818] RX< [34m[AE] fid=5160,exp=10240,adg=207,Y=4600,mtg=180,shg=100,bgbv=1838,iso=207,cnv2,hdr0
[03:51:16.818] RX< [0m[34m[ME INTP]fid=5160, shutter=10240, perf=7(us), max=928(us)!
[03:51:16.818] RX< [0m[7] [cam] [336479][me0][me_core_thread:322]ME out fid 5
[03:51:17.638] RX< 160
[03:51:17.638] RX< [RTMP] slow send frame 4891 len=73208 dt=533ms (IDR)
[03:51:17.638] RX< [RTMP] dropped 4350 p-frames (backlog 59%)
[03:51:17.638] RX< [RTMP] slow send frame 4921 len=66047 dt=387ms (IDR)
[03:51:17.638] RX< [RTMP] dropped 4380 p-frames (backlog 56%)
[03:51:17.638] RX< [RTMP] f_index = 4950, f_len = 24021
[03:51:17.638] RX< [34m[AE] fid=5190,exp=
[03:51:17.990] RX< 10240,adg=207,Y=4613,mtg=180,shg=100,bgbv=1842,iso=207,cnv2,hdr0
[03:51:17.990] RX< [0m[7] [cam] [337479][me0][me_core_thread:322]ME out fid 5190
[03:51:17.990] RX< [RTMP] slow send frame 4951 len=88288 dt=487ms (IDR)
[03:51:17.990] RX< [RTMP] dropped 4410 p-frames (backlog 54%)
[03:51:17.990] RX< [RTMP] slow send frame 4977 len=
[03:51:18.644] RX< 15883 dt=81ms
[03:51:18.644] RX< [RTMP] slow send frame 4978 len=15158 dt=82ms
[03:51:18.644] RX< [RTMP] slow send frame 4979 len=9865 dt=58ms
[03:51:18.644] RX< [RTMP] slow send frame 4980 len=23850 dt=261ms
[03:51:18.644] RX< [34m[AE] fid=5220,exp=10240,adg=207,Y=4630,mtg=180,shg=100,bgbv=1846,iso=207,cnv2,hdr0
[03:51:18.644] RX< [0m[34m[b_ae0 
[03:51:19.331] RX< proc] perf=973(us), max=1098(us)!
[03:51:19.331] RX< [0m[34m[awb0 proc] perf=4290(us), max=4412(us)!
[03:51:19.331] RX< [0m[7] [cam] [338479][me0][me_core_thread:322]ME out fid 5220
[03:51:19.331] RX< [RTMP] slow send frame 4981 len=87230 dt=557ms (IDR)
[03:51:19.331] RX< [RTMP] slow send frame 4982 len=10728 dt=166ms
[03:51:19.331] RX< [RTMP] s
[03:51:19.703] RX< low send frame 4983 len=12016 dt=225ms
[03:51:19.703] RX< [RTMP] slow send frame 4984 len=10238 dt=69ms
[03:51:19.703] RX< [RTMP] slow send frame 4985 len=15391 dt=177ms
[03:51:19.703] RX< [34m[AE] fid=5250,exp=10240,adg=207,Y=4631,mtg=180,shg=100,bgbv=1846,iso=207,cnv2,hdr0
[03:51:19.703] RX< [0m[RTMP] slow send frame 4986 len=
[03:51:20.071] RX< 15784 dt=116ms
[03:51:20.071] RX< [RTMP] slow send frame 4987 len=9980 dt=68ms
[03:51:20.071] RX< [7] [cam] [339479][me0][me_core_thread:322]ME out fid 5250
[03:51:20.071] RX< [RTMP] slow send frame 4988 len=15225 dt=120ms
[03:51:20.071] RX< [RTMP] slow send frame 4989 len=15739 dt=114ms
[03:51:20.071] RX< [RTMP] slow send frame 4990 len=9870 dt=65m
[03:51:20.741] RX< s
[03:51:20.741] RX< [RTMP] slow send frame 4991 len=23269 dt=172ms
[03:51:20.741] RX< [RTMP] slow send frame 4993 len=23980 dt=179ms
[03:51:20.741] RX< [RTMP] slow send frame 4994 len=6925 dt=67ms
[03:51:20.741] RX< [34m[AE] fid=5280,exp=10240,adg=207,Y=4661,mtg=180,shg=100,bgbv=1854,iso=207,cnv2,hdr0
[03:51:20.741] RX< [0m[RTMP] slow send frame 
[03:51:21.381] RX< 4995 len=23888 dt=191ms
[03:51:21.381] RX< [34m[ME INTP]fid=5280, shutter=10240, perf=239(us), max=1850(us)!
[03:51:21.381] RX< [0m[RTMP] slow send frame 4996 len=6683 dt=62ms
[03:51:21.381] RX< [7] [cam] [340478][me0][me_core_thread:322]ME out fid 5280
[03:51:21.381] RX< [RTMP] slow send frame 4997 len=24205 dt=285ms
[03:51:21.381] RX< [RTMP] slo
[03:51:21.643] RX< w send frame 4999 len=15613 dt=255ms
[03:51:21.643] RX< [RTMP] slow send frame 5000 len=15047 dt=131ms
[03:51:21.643] RX< [34m[AE] fid=5310,exp=10240,adg=207,Y=4643,mtg=180,shg=100,bgbv=1850,iso=207,cnv2,hdr0
[03:51:21.643] RX< [0m[34m[b_ae0 proc] perf=947(us), max=1089(us)!
[03:51:21.643] RX< [0m[34m[awb0 proc] perf=4352(us
[03:51:22.075] RX< ), max=4404(us)!
[03:51:22.075] RX< [0m[RTMP] slow send frame 5001 len=9861 dt=247ms
[03:51:22.075] RX< [7] [cam] [341478][me0][me_core_thread:322]ME out fid 5310
[03:51:22.075] RX< [RTMP] slow send frame 5002 len=24074 dt=154ms
[03:51:22.075] RX< [RTMP] slow send frame 5003 len=6907 dt=55ms
[03:51:22.075] RX< [RTMP] slow send frame 5004 len=15240 
[03:51:22.686] RX< dt=109ms
[03:51:22.686] RX< [RTMP] slow send frame 5005 len=15308 dt=115ms
[03:51:22.686] RX< [RTMP] slow send frame 5006 len=9881 dt=93ms
[03:51:22.686] RX< [RTMP] slow send frame 5007 len=23656 dt=194ms
[03:51:22.686] RX< [34m[AE] fid=5340,exp=10240,adg=207,Y=4633,mtg=180,shg=100,bgbv=1846,iso=207,cnv2,hdr0
[03:51:22.686] RX< [0m[RTMP] slow send
[03:51:23.638] RX<  frame 5009 len=23686 dt=161ms
[03:51:23.638] RX< [RTMP] slow send frame 5010 len=6569 dt=80ms
[03:51:23.638] RX< [7] [cam] [342478][me0][me_core_thread:322]ME out fid 5340
[03:51:23.638] RX< [RTMP] slow send frame 5011 len=65440 dt=751ms (IDR)
[03:51:23.638] RX< [34m[AE] fid=5370,exp=10240,adg=207,Y=4618,mtg=180,shg=100,bgbv=184
[03:51:24.455] RX< 2,iso=207,cnv2,hdr0
[03:51:24.455] RX< [0m[7] [cam] [343480][me0][me_core_thread:322]ME out fid 5370
[03:51:24.455] RX< [RTMP] slow send frame 5012 len=31498 dt=368ms
[03:51:24.455] RX< [RTMP] slow send frame 5014 len=26469 dt=207ms
[03:51:24.455] RX< [RTMP] slow send frame 5015 len=4878 dt=57ms
[03:51:24.455] RX< [RTMP] slow send frame 5016 len=24
[03:51:24.708] RX< 692 dt=244ms
[03:51:24.708] RX< [RTMP] slow send frame 5017 len=6568 dt=54ms
[03:51:24.708] RX< [34m[AE] fid=5400,exp=10240,adg=207,Y=4617,mtg=180,shg=100,bgbv=1842,iso=207,cnv2,hdr0
[03:51:24.708] RX< [0m[34m[b_ae0 proc] perf=974(us), max=1086(us)!
[03:51:24.708] RX< [0m[34m[awb0 proc] perf=4277(us), max=4409(us)!
[03:51:24.708] RX< [0m[RTMP
[03:51:25.169] RX< ] slow send frame 5018 len=24159 dt=197ms
[03:51:25.169] RX< [34m[ME INTP]fid=5400, shutter=10240, perf=6(us), max=1473(us)!
[03:51:25.169] RX< [0m[RTMP] slow send frame 5019 len=7011 dt=55ms
[03:51:25.169] RX< [7] [cam] [344478][me0][me_core_thread:322]ME out fid 5400
[03:51:25.169] RX< [RTMP] slow send frame 5020 len=24267 dt=
[03:51:25.572] RX< 412ms
[03:51:25.572] RX< [RTMP] slow send frame 5029 len=6701 dt=97ms
[03:51:25.572] RX< [RTMP] slow send frame 5033 len=6647 dt=83ms
[03:51:25.572] RX< [RTMP] slow send frame 5035 len=6519 dt=69ms
[03:51:25.572] RX< [RTMP] slow send frame 5037 len=6591 dt=55ms
[03:51:25.572] RX< [RTMP] slow send frame 5039 len=6752 dt=84ms
[03:51:25.572] RX< [RTMP] f_index = 5040, f_
[03:51:26.206] RX< len = 24008
[03:51:26.206] RX< [34m[AE] fid=5430,exp=10240,adg=207,Y=4618,mtg=180,shg=100,bgbv=1842,iso=207,cnv2,hdr0
[03:51:26.206] RX< [0m[7] [cam] [345478][me0][me_core_thread:322]ME out fid 5430
[03:51:26.206] RX< [RTMP] slow send frame 5041 len=87593 dt=627ms (IDR)
[03:51:26.206] RX< [RTMP] dropped 4440 p-frames (backlog 51
[03:51:26.878] RX< %)
[03:51:26.878] RX< [RTMP] slow send frame 5052 len=25036 dt=157ms
[03:51:26.878] RX< [RTMP] slow send frame 5056 len=38173 dt=253ms
[03:51:26.878] RX< [34m[AE] fid=5460,exp=10240,adg=207,Y=4617,mtg=180,shg=100,bgbv=1842,iso=207,cnv2,hdr0
[03:51:26.878] RX< [0m[7] [cam] [346478][me0][me_core_thread:322]ME out fid 5460
[03:51:26.878] RX< [RTMP] s
[03:51:27.645] RX< low send frame 5060 len=38438 dt=268ms
[03:51:27.645] RX< [RTMP] slow send frame 5070 len=36496 dt=299ms
[03:51:27.645] RX< [34m[AE] fid=5490,exp=10240,adg=207,Y=4619,mtg=180,shg=100,bgbv=1842,iso=207,cnv2,hdr0
[03:51:27.645] RX< [0m[34m[b_ae0 proc] perf=956(us), max=1067(us)!
[03:51:27.645] RX< [0m[34m[awb0 proc] perf=4278(
[03:51:28.638] RX< us), max=4414(us)!
[03:51:28.638] RX< [0m[7] [cam] [347477][me0][me_core_thread:322]ME out fid 5490
[03:51:28.638] RX< [RTMP] slow send frame 5071 len=104888 dt=889ms (IDR)
[03:51:28.638] RX< [RTMP] dropped 4470 p-frames (backlog 52%)
[03:51:28.638] RX< [RTMP] slow send frame 5099 len=16705 dt=136ms
[03:51:28.638] RX< [34m[AE] fid=5520,exp=10240,a
[03:51:28.946] RX< dg=207,Y=4621,mtg=180,shg=100,bgbv=1842,iso=207,cnv2,hdr0
[03:51:28.946] RX< [0m[34m[ME INTP]fid=5520, shutter=10240, perf=6(us), max=59(us)!
[03:51:28.946] RX< [0m[7] [cam] [348477][me0][me_core_thread:322]ME out fid 5520
[03:51:28.946] RX< [RTMP] slow send frame 5101 len=85092 dt=662ms (IDR)
[03:51:28.946] RX< [RTMP] dropped 
[03:51:29.637] RX< 4500 p-frames (backlog 51%)
[03:51:29.637] RX< [RTMP] slow send frame 5120 len=25242 dt=193ms
[03:51:29.637] RX< [RTMP] slow send frame 5125 len=7205 dt=88ms
[03:51:29.637] RX< [RTMP] slow send frame 5127 len=7305 dt=100ms
[03:51:29.637] RX< [RTMP] f_index = 5130, f_len = 25050
[03:51:29.637] RX< [34m[AE] fid=5550,exp=10240,adg=207,Y=4620,mtg=180,s
[03:51:30.302] RX< hg=100,bgbv=1842,iso=207,cnv2,hdr0
[03:51:30.302] RX< [0m[7] [cam] [349477][me0][me_core_thread:322]ME out fid 5550
[03:51:30.302] RX< [RTMP] slow send frame 5131 len=91832 dt=767ms (IDR)
[03:51:30.302] RX< [RTMP] dropped 4530 p-frames (backlog 51%)
[03:51:30.302] RX< [RTMP] slow send frame 5153 len=10898 dt=67ms
[03:51:30.302] RX< [RTMP] slow send
[03:51:30.643] RX<  frame 5155 len=16958 dt=122ms
[03:51:30.643] RX< [RTMP] slow send frame 5159 len=17297 dt=177ms
[03:51:30.643] RX< [34m[AE] fid=5580,exp=10240,adg=207,Y=4623,mtg=180,shg=100,bgbv=1842,iso=207,cnv2,hdr0
[03:51:30.643] RX< [0m[34m[b_ae0 proc] perf=959(us), max=1077(us)!
[03:51:30.643] RX< [0m[34m[awb0 proc] perf=4264(us), max
[03:51:31.638] RX< =4402(us)!
[03:51:31.638] RX< [0m[7] [cam] [350477][me0][me_core_thread:322]ME out fid 5580
[03:51:31.638] RX< [RTMP] slow send frame 5161 len=74710 dt=786ms (IDR)
[03:51:31.638] RX< [RTMP] dropped 4560 p-frames (backlog 74%)
[03:51:31.638] RX< [34m[AE] fid=5610,exp=10240,adg=207,Y=4624,mtg=180,shg=100,bgbv=1842,iso=207,cnv2,hdr
[03:51:32.638] RX< 0
[03:51:32.638] RX< [0m[7] [cam] [351479][me0][me_core_thread:322]ME out fid 5610
[03:51:32.638] RX< [RTMP] slow send frame 5191 len=86680 dt=721ms (IDR)
[03:51:32.638] RX< [RTMP] dropped 4590 p-frames (backlog 73%)
[03:51:32.638] RX< [RTMP] f_index = 5220, f_len = 15975
[03:51:32.638] RX< [34m[AE] fid=5640,exp=10240,adg=207,Y=4622,mtg=180,shg=10
[03:51:32.818] RX< 0,bgbv=1842,iso=207,cnv2,hdr0
[03:51:32.818] RX< [0m[RTMP] slow send frame 5221 len=79364 dt=723ms (IDR)
[03:51:32.818] RX< [RTMP] dropped 4620 p-frames (backlog 71%)
[03:51:32.818] RX< [34m[ME INTP]fid=5640, shutter=10240, perf=6(us), max=410(us)!
[03:51:32.818] RX< [0m[7] [cam] [352477][me0][me_core_thread:322]ME out fid 5640
[03:51:33.671] RX< 
[03:51:33.671] RX< [34m[AE] fid=5670,exp=10240,adg=207,Y=4622,mtg=180,shg=100,bgbv=1842,iso=207,cnv2,hdr0
[03:51:33.671] RX< [0m[34m[b_ae0 proc] perf=964(us), max=1077(us)!
[03:51:33.671] RX< [0m[34m[awb0 proc] perf=4252(us), max=4402(us)!
[03:51:33.671] RX< [0m[RTMP] slow send frame 5251 len=74159 dt=913ms (IDR)
[03:51:33.671] RX< [RTMP] dr
[03:51:34.637] RX< opped 4650 p-frames (backlog 71%)
[03:51:34.637] RX< [7] [cam] [353477][me0][me_core_thread:322]ME out fid 5670
[03:51:34.637] RX< [RTMP] slow send frame 5281 len=88286 dt=635ms (IDR)
[03:51:34.637] RX< [RTMP] dropped 4680 p-frames (backlog 70%)
[03:51:34.637] RX< [RTMP] f_index = 5310, f_len = 23771
[03:51:34.637] RX< [34m[AE] fid=5700,exp=10240,a
[03:51:35.639] RX< dg=207,Y=4617,mtg=180,shg=100,bgbv=1842,iso=207,cnv2,hdr0
[03:51:35.639] RX< [0m[7] [cam] [354476][me0][me_core_thread:322]ME out fid 5700
[03:51:35.639] RX< [RTMP] slow send frame 5311 len=87500 dt=670ms (IDR)
[03:51:35.639] RX< [RTMP] dropped 4710 p-frames (backlog 69%)
[03:51:35.639] RX< [34m[AE] fid=5730,exp=10240,adg=207,Y=
[03:51:36.198] RX< 4614,mtg=180,shg=100,bgbv=1842,iso=207,cnv2,hdr0
[03:51:36.198] RX< [0m[RTMP] slow send frame 5341 len=79511 dt=664ms (IDR)
[03:51:36.198] RX< [RTMP] dropped 4740 p-frames (backlog 67%)
[03:51:36.198] RX< [7] [cam] [355476][me0][me_core_thread:322]ME out fid 5730
[03:51:36.198] RX< [RTMP] slow send frame 5371 len=81135 dt=529ms (
[03:51:36.747] RX< IDR)
[03:51:36.747] RX< [RTMP] f_index = 5400, f_len = 16473
[03:51:36.747] RX< [34m[AE] fid=5760,exp=10240,adg=207,Y=4616,mtg=180,shg=100,bgbv=1842,iso=207,cnv2,hdr0
[03:51:36.747] RX< [0m[34m[b_ae0 proc] perf=1088(us), max=1088(us)!
[03:51:36.747] RX< [0m[34m[awb0 proc] perf=4284(us), max=4413(us)!
[03:51:36.747] RX< [0m[RTMP] slow send fra
[03:51:37.637] RX< me 5401 len=79638 dt=513ms (IDR)
[03:51:37.637] RX< [RTMP] dropped 4770 p-frames (backlog 67%)
[03:51:37.637] RX< [34m[ME INTP]fid=5760, shutter=10240, perf=6(us), max=287(us)!
[03:51:37.637] RX< [0m[7] [cam] [356476][me0][me_core_thread:322]ME out fid 5760
[03:51:37.637] RX< [34m[AE] fid=5790,exp=10240,adg=207,Y=4617,mtg=180,s
[03:51:38.246] RX< hg=100,bgbv=1842,iso=207,cnv2,hdr0
[03:51:38.246] RX< [0m[RTMP] slow send frame 5431 len=81128 dt=965ms (IDR)
[03:51:38.246] RX< [RTMP] dropped 4800 p-frames (backlog 66%)
[03:51:38.246] RX< [7] [cam] [357476][me0][me_core_thread:322]ME out fid 5790
[03:51:38.246] RX< [RTMP] slow send frame 5461 len=66979 dt=513ms (IDR)
[03:51:38.246] RX< [RTMP] dr
[03:51:38.855] RX< opped 4830 p-frames (backlog 65%)
[03:51:38.855] RX< [RTMP] f_index = 5490, f_len = 23651
[03:51:38.855] RX< [34m[AE] fid=5820,exp=10240,adg=207,Y=4616,mtg=180,shg=100,bgbv=1842,iso=207,cnv2,hdr0
[03:51:38.855] RX< [0m[7] [cam] [358476][me0][me_core_thread:322]ME out fid 5820
[03:51:38.855] RX< [RTMP] slow send frame 5491 len=89
[03:51:39.642] RX< 117 dt=605ms (IDR)
[03:51:39.642] RX< [RTMP] dropped 4860 p-frames (backlog 63%)
[03:51:39.642] RX< [RTMP] slow send frame 5521 len=89353 dt=614ms (IDR)
[03:51:39.642] RX< [RTMP] dropped 4890 p-frames (backlog 61%)
[03:51:39.642] RX< [34m[AE] fid=5850,exp=10240,adg=207,Y=4619,mtg=180,shg=100,bgbv=1842,iso=207,cnv2,hdr0
[03:51:39.642] RX< [0m[34m[
[03:51:40.503] RX< b_ae0 proc] perf=957(us), max=1101(us)!
[03:51:40.503] RX< [0m[34m[awb0 proc] perf=4279(us), max=4404(us)!
[03:51:40.503] RX< [0m[7] [cam] [359476][me0][me_core_thread:322]ME out fid 5850
[03:51:40.503] RX< [RTMP] slow send frame 5551 len=89461 dt=817ms (IDR)
[03:51:40.503] RX< [RTMP] dropped 4920 p-frames (backlog 61%)
[03:51:40.503] RX< [RTMP]
[03:51:40.737] RX<  slow send frame 5568 len=23766 dt=172ms
[03:51:40.737] RX< [RTMP] slow send frame 5569 len=6620 dt=65ms
[03:51:40.737] RX< [34m[AE] fid=5880,exp=10240,adg=207,Y=4621,mtg=180,shg=100,bgbv=1842,iso=207,cnv2,hdr0
[03:51:40.737] RX< [0m[34m[ME INTP]fid=5880, shutter=10240, perf=6(us), max=53(us)!
[03:51:40.737] RX< [0m[RTMP] slow
[03:51:41.185] RX<  send frame 5570 len=24049 dt=168ms
[03:51:41.185] RX< [RTMP] slow send frame 5571 len=6472 dt=61ms
[03:51:41.185] RX< [7] [cam] [360476][me0][me_core_thread:322]ME out fid 5880
[03:51:41.185] RX< [RTMP] slow send frame 5572 len=15219 dt=114ms
[03:51:41.185] RX< [RTMP] slow send frame 5573 len=15476 dt=153ms
[03:51:41.185] RX< [RTMP] slow send frame
[03:51:41.812] RX<  5574 len=9518 dt=117ms
[03:51:41.812] RX< [RTMP] slow send frame 5575 len=23770 dt=293ms
[03:51:41.812] RX< [RTMP] slow send frame 5576 len=6319 dt=89ms
[03:51:41.812] RX< [34m[AE] fid=5910,exp=10240,adg=207,Y=4624,mtg=180,shg=100,bgbv=1842,iso=207,cnv2,hdr0
[03:51:41.812] RX< [0m[7] [cam] [361476][me0][me_core_thread:322]ME ou
[03:51:42.644] RX< t fid 5910
[03:51:42.644] RX< [RTMP] slow send frame 5577 len=23924 dt=319ms
[03:51:42.644] RX< [RTMP] slow send frame 5578 len=6548 dt=51ms
[03:51:42.644] RX< [RTMP] slow send frame 5579 len=15486 dt=107ms
[03:51:42.644] RX< [RTMP] slow send frame 5580 len=15105 dt=120ms
[03:51:42.644] RX< [RTMP] f_index = 5580, f_len = 15105
[03:51:42.644] RX< [34m[AE] fid=5940,ex
[03:51:42.965] RX< p=10240,adg=207,Y=4628,mtg=180,shg=100,bgbv=1846,iso=207,cnv2,hdr0
[03:51:42.965] RX< [0m[34m[b_ae0 proc] perf=891(us), max=1105(us)!
[03:51:42.965] RX< [0m[34m[awb0 proc] perf=4289(us), max=4408(us)!
[03:51:42.965] RX< [0m[7] [cam] [362475][me0][me_core_thread:322]ME out fid 5940
[03:51:42.965] RX< [RTMP] slow send frame 55
[03:51:43.621] RX< 81 len=80524 dt=796ms (IDR)
[03:51:43.621] RX< [RTMP] slow send frame 5582 len=14836 dt=133ms
[03:51:43.621] RX< [RTMP] slow send frame 5583 len=12463 dt=183ms
[03:51:43.621] RX< [RTMP] slow send frame 5584 len=10689 dt=142ms
[03:51:43.621] RX< [RTMP] slow send frame 5585 len=15857 dt=121ms
[03:51:43.621] RX< [34m[AE] fid=5970,exp=10240,adg=207,Y=4
[03:51:44.149] RX< 627,mtg=180,shg=100,bgbv=1846,iso=207,cnv2,hdr0
[03:51:44.149] RX< [0m[RTMP] slow send frame 5586 len=10024 dt=104ms
[03:51:44.149] RX< [7] [cam] [363475][me0][me_core_thread:322]ME out fid 5970
[03:51:44.149] RX< [RTMP] slow send frame 5587 len=24244 dt=267ms
[03:51:44.149] RX< [RTMP] slow send frame 5588 len=6946 dt=55ms
[03:51:44.149] RX< [RTMP]
[03:51:44.637] RX<  slow send frame 5589 len=15871 dt=167ms
[03:51:44.637] RX< [RTMP] slow send frame 5590 len=15591 dt=99ms
[03:51:44.637] RX< [RTMP] slow send frame 5591 len=10182 dt=73ms
[03:51:44.637] RX< [RTMP] slow send frame 5592 len=15400 dt=120ms
[03:51:44.637] RX< [RTMP] slow send frame 5593 len=15855 dt=139ms
[03:51:44.637] RX< [34m[AE] fid=6000,exp=10240,
[03:51:44.849] RX< adg=207,Y=4630,mtg=180,shg=100,bgbv=1846,iso=207,cnv2,hdr0
[03:51:44.849] RX< [0m[RTMP] slow send frame 5594 len=9739 dt=79ms
[03:51:44.849] RX< [34m[ME INTP]fid=6000, shutter=10240, perf=7(us), max=393(us)!
[03:51:44.849] RX< [0m[7] [cam] [364475][me0][me_core_thread:322]ME out fid 6000
[03:51:44.849] RX< [RTMP] slow send fram
[03:51:45.641] RX< e 5595 len=24323 dt=188ms
[03:51:45.641] RX< [RTMP] slow send frame 5596 len=6537 dt=61ms
[03:51:45.641] RX< [RTMP] slow send frame 5598 len=15317 dt=154ms
[03:51:45.641] RX< [RTMP] slow send frame 5602 len=24291 dt=303ms
[03:51:45.641] RX< [34m[AE] fid=6030,exp=10240,adg=207,Y=4634,mtg=180,shg=100,bgbv=1846,iso=207,cnv2,hdr0
[03:51:45.641] RX< [0
[03:51:46.197] RX< m[34m[b_ae0 proc] perf=1078(us), max=1093(us)!
[03:51:46.197] RX< [0m[34m[awb0 proc] perf=4286(us), max=4397(us)!
[03:51:46.197] RX< [0m[7] [cam] [365475][me0][me_core_thread:322]ME out fid 6030
[03:51:46.197] RX< [RTMP] slow send frame 5611 len=81475 dt=819ms (IDR)
[03:51:46.197] RX< [RTMP] dropped 4950 p-frames (backlog 52%
[03:51:47.146] RX< )
[03:51:47.146] RX< [RTMP] slow send frame 5635 len=7079 dt=53ms
[03:51:47.146] RX< [RTMP] slow send frame 5636 len=15781 dt=172ms
[03:51:47.146] RX< [34m[AE] fid=6060,exp=10240,adg=207,Y=4631,mtg=180,shg=100,bgbv=1846,iso=207,cnv2,hdr0
[03:51:47.146] RX< [0m[7] [cam] [366475][me0][me_core_thread:322]ME out fid 6060
[03:51:47.146] RX< [RTMP] slow
[03:51:47.636] RX<  send frame 5641 len=81336 dt=710ms (IDR)
[03:51:47.636] RX< [RTMP] dropped 4980 p-frames (backlog 52%)
[03:51:47.636] RX< [RTMP] slow send frame 5663 len=23870 dt=241ms
[03:51:47.636] RX< [RTMP] slow send frame 5670 len=6910 dt=61ms
[03:51:47.636] RX< [RTMP] f_index = 5670, f_len = 6910
[03:51:47.636] RX< [34m[AE] fid=6090,exp=10240,adg=207,Y=463
[03:51:48.365] RX< 3,mtg=180,shg=100,bgbv=1846,iso=207,cnv2,hdr0
[03:51:48.365] RX< [0m[7] [cam] [367475][me0][me_core_thread:322]ME out fid 6090
[03:51:48.365] RX< [RTMP] slow send frame 5671 len=67059 dt=552ms (IDR)
[03:51:48.365] RX< [RTMP] dropped 5010 p-frames (backlog 51%)
[03:51:48.365] RX< [RTMP] slow send frame 5689 len=15330 dt=146ms
[03:51:48.365] RX< [RTM
[03:51:48.736] RX< P] slow send frame 5695 len=15796 dt=174ms
[03:51:48.736] RX< [34m[AE] fid=6120,exp=10240,adg=207,Y=4636,mtg=180,shg=100,bgbv=1846,iso=207,cnv2,hdr0
[03:51:48.736] RX< [0m[34m[b_ae0 proc] perf=891(us), max=1123(us)!
[03:51:48.736] RX< [0m[34m[awb0 proc] perf=4269(us), max=4409(us)!
[03:51:48.736] RX< [0m[34m[ME INTP]fid=61
[03:51:49.637] RX< 20, shutter=10240, perf=239(us), max=314(us)!
[03:51:49.637] RX< [0m[7] [cam] [368478][me0][me_core_thread:322]ME out fid 6120
[03:51:49.637] RX< [RTMP] slow send frame 5701 len=73760 dt=968ms (IDR)
[03:51:49.637] RX< [RTMP] dropped 5040 p-frames (backlog 51%)
[03:51:49.637] RX< [RTMP] slow send frame 5730 len=6635 dt=114ms
[03:51:49.637] RX< [34m
[03:51:50.206] RX< [AE] fid=6150,exp=10240,adg=207,Y=4636,mtg=180,shg=100,bgbv=1846,iso=207,cnv2,hdr0
[03:51:50.206] RX< [0m[7] [cam] [369474][me0][me_core_thread:322]ME out fid 6150
[03:51:50.206] RX< [RTMP] slow send frame 5731 len=67551 dt=656ms (IDR)
[03:51:50.206] RX< [RTMP] dropped 5070 p-frames (backlog 51%)
[03:51:50.206] RX< [RTMP] slow se
[03:51:50.824] RX< nd frame 5753 len=6692 dt=68ms
[03:51:50.824] RX< [RTMP] slow send frame 5755 len=9692 dt=103ms
[03:51:50.824] RX< [34m[AE] fid=6180,exp=10240,adg=207,Y=4630,mtg=180,shg=100,bgbv=1846,iso=207,cnv2,hdr0
[03:51:50.824] RX< [0m[RTMP] slow send frame 5760 len=24008 dt=370ms
[03:51:50.824] RX< [RTMP] f_index = 5760, f_len = 24008
[03:51:50.824] RX< [7
[03:51:51.641] RX< ] [cam] [370474][me0][me_core_thread:322]ME out fid 6180
[03:51:51.641] RX< [RTMP] slow send frame 5761 len=89540 dt=570ms (IDR)
[03:51:51.641] RX< [RTMP] dropped 5100 p-frames (backlog 74%)
[03:51:51.641] RX< [34m[AE] fid=6210,exp=10240,adg=207,Y=4627,mtg=180,shg=100,bgbv=1846,iso=207,cnv2,hdr0
[03:51:51.641] RX< [0m[34m[b_ae0
[03:51:52.636] RX<  proc] perf=965(us), max=1096(us)!
[03:51:52.636] RX< [0m[34m[awb0 proc] perf=4356(us), max=4406(us)!
[03:51:52.636] RX< [0m[7] [cam] [371474][me0][me_core_thread:322]ME out fid 6210
[03:51:52.636] RX< [RTMP] slow send frame 5791 len=80615 dt=678ms (IDR)
[03:51:52.636] RX< [RTMP] dropped 5130 p-frames (backlog 72%)
[03:51:52.636] RX< [34m[AE] f
[03:51:53.168] RX< id=6240,exp=10240,adg=207,Y=4625,mtg=180,shg=100,bgbv=1846,iso=207,cnv2,hdr0
[03:51:53.168] RX< [0m[34m[ME INTP]fid=6240, shutter=10240, perf=7(us), max=411(us)!
[03:51:53.168] RX< [0m[7] [cam] [372474][me0][me_core_thread:322]ME out fid 6240
[03:51:53.168] RX< [RTMP] slow send frame 5821 len=89210 dt=1172ms 
[03:51:53.636] RX< (IDR)
[03:51:53.636] RX< [RTMP] dropped 5160 p-frames (backlog 73%)
[03:51:53.636] RX< [RTMP] f_index = 5850, f_len = 6751
[03:51:53.636] RX< [RTMP] slow send frame 5851 len=66839 dt=432ms (IDR)
[03:51:53.636] RX< [RTMP] dropped 5190 p-frames (backlog 71%)
[03:51:53.636] RX< [34m[AE] fid=6270,exp=10240,adg=207,Y=4628,mtg=180,shg=100,bgbv=1846,iso=
[03:51:54.642] RX< 207,cnv2,hdr0
[03:51:54.642] RX< [0m[7] [cam] [373474][me0][me_core_thread:322]ME out fid 6270
[03:51:54.642] RX< [RTMP] slow send frame 5881 len=67244 dt=579ms (IDR)
[03:51:54.642] RX< [34m[AE] fid=6300,exp=10240,adg=207,Y=4628,mtg=180,shg=100,bgbv=1846,iso=207,cnv2,hdr0
[03:51:54.642] RX< [0m[34m[b_ae0 proc] perf=978(us), ma
[03:51:55.203] RX< x=1092(us)!
[03:51:55.203] RX< [0m[34m[awb0 proc] perf=4293(us), max=4408(us)!
[03:51:55.203] RX< [0m[7] [cam] [374474][me0][me_core_thread:322]ME out fid 6300
[03:51:55.203] RX< [RTMP] slow send frame 5911 len=73060 dt=969ms (IDR)
[03:51:55.203] RX< [RTMP] dropped 5220 p-frames (backlog 72%)
[03:51:55.203] RX< [RTMP] f_index = 5940, f_len = 695
[03:51:56.427] RX< 7
[03:51:56.427] RX< [34m[AE] fid=6330,exp=10240,adg=207,Y=4628,mtg=180,shg=100,bgbv=1846,iso=207,cnv2,hdr0
[03:51:56.427] RX< [0m[RTMP] slow send frame 5941 len=67118 dt=615ms (IDR)
[03:51:56.427] RX< [RTMP] dropped 5250 p-frames (backlog 70%)
[03:51:56.427] RX< [7] [cam] [375484][me0][me_core_thread:322]ME out fid 6330
[03:51:56.427] RX< [RTMP] 
[03:51:56.816] RX< slow send frame 5971 len=73801 dt=610ms (IDR)
[03:51:56.816] RX< [RTMP] dropped 5280 p-frames (backlog 69%)
[03:51:56.816] RX< [34m[AE] fid=6360,exp=10240,adg=207,Y=4636,mtg=180,shg=100,bgbv=1846,iso=207,cnv2,hdr0
[03:51:56.816] RX< [0m[34m[ME INTP]fid=6360, shutter=10240, perf=6(us), max=23(us)!
[03:51:56.816] RX< [0m[7] [cam
[03:51:57.641] RX< ] [376473][me0][me_core_thread:322]ME out fid 6360
[03:51:57.641] RX< [RTMP] slow send frame 6001 len=89012 dt=662ms (IDR)
[03:51:57.641] RX< [RTMP] dropped 5310 p-frames (backlog 68%)
[03:51:57.641] RX< [RTMP] f_index = 6030, f_len = 6936
[03:51:57.641] RX< [34m[AE] fid=6390,exp=10240,adg=207,Y=4634,mtg=180,shg=100,bgbv=1846,iso
[03:51:57.810] RX< =207,cnv2,hdr0
[03:51:57.810] RX< [0m[34m[b_ae0 proc] perf=914(us), max=1104(us)!
[03:51:57.810] RX< [0m[34m[awb0 proc] perf=4281(us), max=4414(us)!
[03:51:57.810] RX< [0m[RTMP] slow send frame 6031 len=66917 dt=536ms (IDR)
[03:51:57.810] RX< [RTMP] dropped 5340 p-frames (backlog 66%)
[03:51:57.810] RX< [7] [cam] [377473][me0][me_core_thread:3
[03:51:58.771] RX< 22]ME out fid 6390
[03:51:58.771] RX< [RTMP] slow send frame 6061 len=67813 dt=447ms (IDR)
[03:51:58.771] RX< [RTMP] dropped 5370 p-frames (backlog 64%)
[03:51:58.771] RX< [34m[AE] fid=6420,exp=10240,adg=207,Y=4591,mtg=180,shg=100,bgbv=1834,iso=207,cnv2,hdr0
[03:51:58.771] RX< [0m[RTMP] slow send frame 6091 len=80556 dt=625ms (I
[03:51:59.638] RX< DR)
[03:51:59.638] RX< [RTMP] dropped 5400 p-frames (backlog 62%)
[03:51:59.638] RX< [RTMP] f_index = 6120, f_len = 6836
[03:51:59.638] RX< [7] [cam] [378473][me0][me_core_thread:322]ME out fid 6420
[03:51:59.638] RX< [RTMP] slow send frame 6121 len=66985 dt=473ms (IDR)
[03:51:59.638] RX< [RTMP] dropped 5430 p-frames (backlog 60%)
[03:51:59.638] RX< [34m[AE] fid=6450
[03:52:00.413] RX< ,exp=10240,adg=207,Y=4585,mtg=180,shg=100,bgbv=1830,iso=207,cnv2,hdr0
[03:52:00.413] RX< [0m[RTMP] slow send frame 6151 len=89212 dt=528ms (IDR)
[03:52:00.413] RX< [RTMP] dropped 5460 p-frames (backlog 58%)
[03:52:00.413] RX< [7] [cam] [379473][me0][me_core_thread:322]ME out fid 6450
[03:52:00.413] RX< [RTMP] slow send frame 6181
[03:52:00.641] RX<  len=66590 dt=625ms (IDR)
[03:52:00.641] RX< [RTMP] slow send frame 6184 len=16848 dt=173ms
[03:52:00.641] RX< [34m[AE] fid=6480,exp=10240,adg=207,Y=4575,mtg=180,shg=100,bgbv=1830,iso=207,cnv2,hdr0
[03:52:00.641] RX< [0m[34m[b_ae0 proc] perf=891(us), max=1077(us)!
[03:52:00.641] RX< [0m[34m[awb0 proc] perf=4265(us), max=4415
[03:52:01.072] RX< (us)!
[03:52:01.072] RX< [0m[34m[ME INTP]fid=6480, shutter=10240, perf=255(us), max=922(us)!
[03:52:01.072] RX< [0m[7] [cam] [380473][me0][me_core_thread:322]ME out fid 6480
[03:52:01.072] RX< [RTMP] slow send frame 6185 len=10359 dt=295ms
[03:52:01.072] RX< [RTMP] slow send frame 6186 len=15803 dt=102ms
[03:52:01.072] RX< [RTMP] slow send frame 
[03:52:01.636] RX< 6187 len=15866 dt=89ms
[03:52:01.636] RX< [RTMP] slow send frame 6188 len=9851 dt=67ms
[03:52:01.636] RX< [RTMP] slow send frame 6189 len=23992 dt=169ms
[03:52:01.636] RX< [RTMP] slow send frame 6190 len=6715 dt=94ms
[03:52:01.636] RX< [RTMP] slow send frame 6191 len=24434 dt=198ms
[03:52:01.636] RX< [34m[AE] fid=6510,exp=10240,adg=207,Y=4611,mtg=1
[03:52:02.098] RX< 80,shg=100,bgbv=1838,iso=207,cnv2,hdr0
[03:52:02.098] RX< [0m[7] [cam] [381473][me0][me_core_thread:322]ME out fid 6510
[03:52:02.098] RX< [RTMP] slow send frame 6193 len=24155 dt=167ms
[03:52:02.098] RX< [RTMP] slow send frame 6194 len=6890 dt=53ms
[03:52:02.098] RX< [RTMP] slow send frame 6195 len=24276 dt=160ms
[03:52:02.098] RX< [RTMP] slow sen
[03:52:02.731] RX< d frame 6196 len=6675 dt=69ms
[03:52:02.731] RX< [RTMP] slow send frame 6197 len=24379 dt=205ms
[03:52:02.731] RX< [34m[AE] fid=6540,exp=10240,adg=207,Y=4600,mtg=180,shg=100,bgbv=1838,iso=207,cnv2,hdr0
[03:52:02.731] RX< [0m[RTMP] slow send frame 6199 len=24817 dt=310ms
[03:52:02.731] RX< [RTMP] slow send frame 6200 len=6751 dt=
[03:52:03.515] RX< 62ms
[03:52:03.515] RX< [7] [cam] [382473][me0][me_core_thread:322]ME out fid 6540
[03:52:03.515] RX< [RTMP] slow send frame 6201 len=15912 dt=199ms
[03:52:03.515] RX< [RTMP] slow send frame 6202 len=9761 dt=72ms
[03:52:03.515] RX< [RTMP] slow send frame 6203 len=23468 dt=214ms
[03:52:03.515] RX< [RTMP] slow send frame 6204 len=6373 dt=66ms
[03:52:03.515] RX< [RTMP] s
[03:52:03.754] RX< low send frame 6205 len=24237 dt=239ms
[03:52:03.754] RX< [34m[AE] fid=6570,exp=10240,adg=207,Y=4604,mtg=180,shg=100,bgbv=1838,iso=207,cnv2,hdr0
[03:52:03.754] RX< [0m[34m[b_ae0 proc] perf=961(us), max=1103(us)!
[03:52:03.754] RX< [0m[34m[awb0 proc] perf=4274(us), max=4416(us)!
[03:52:03.754] RX< [0m[RTMP] slow send frame 6
[03:52:04.635] RX< 207 len=23711 dt=194ms
[03:52:04.635] RX< [7] [cam] [383473][me0][me_core_thread:322]ME out fid 6570
[03:52:04.635] RX< [RTMP] slow send frame 6209 len=24254 dt=173ms
[03:52:04.635] RX< [RTMP] slow send frame 6210 len=6685 dt=76ms
[03:52:04.635] RX< [RTMP] f_index = 6210, f_len = 6685
[03:52:04.635] RX< [34m[AE] fid=6600,exp=10240,adg=207,Y=4605,m
[03:52:04.976] RX< tg=180,shg=100,bgbv=1838,iso=207,cnv2,hdr0
[03:52:04.976] RX< [0m[34m[ME INTP]fid=6600, shutter=10240, perf=7(us), max=1908(us)!
[03:52:04.976] RX< [0m[RTMP] slow send frame 6211 len=66833 dt=695ms (IDR)
[03:52:04.976] RX< [7] [cam] [384473][me0][me_core_thread:322]ME out fid 6600
[03:52:04.976] RX< [RTMP] slow send frame 6212 
[03:52:05.635] RX< len=30353 dt=223ms
[03:52:05.635] RX< [RTMP] slow send frame 6214 len=17104 dt=178ms
[03:52:05.635] RX< [RTMP] slow send frame 6215 len=10183 dt=53ms
[03:52:05.635] RX< [RTMP] slow send frame 6216 len=15832 dt=129ms
[03:52:05.635] RX< [RTMP] slow send frame 6217 len=9836 dt=87ms
[03:52:05.635] RX< [34m[AE] fid=6630,exp=10240,adg=207,Y=4608,mtg=180,
[03:52:06.134] RX< shg=100,bgbv=1838,iso=207,cnv2,hdr0
[03:52:06.134] RX< [0m[RTMP] slow send frame 6218 len=24065 dt=329ms
[03:52:06.134] RX< [7] [cam] [385472][me0][me_core_thread:322]ME out fid 6630
[03:52:06.134] RX< [RTMP] slow send frame 6223 len=6602 dt=52ms
[03:52:06.134] RX< [RTMP] slow send frame 6226 len=23913 dt=204ms
[03:52:06.134] RX< [RTMP] dropped 549
[03:52:06.639] RX< 0 p-frames (backlog 51%)
[03:52:06.639] RX< [RTMP] slow send frame 6232 len=9688 dt=107ms
[03:52:06.639] RX< [RTMP] slow send frame 6234 len=6664 dt=90ms
[03:52:06.639] RX< [RTMP] slow send frame 6239 len=24151 dt=159ms
[03:52:06.639] RX< [34m[AE] fid=6660,exp=10240,adg=207,Y=4612,mtg=180,shg=100,bgbv=1838,iso=207,cnv2,hdr0
[03:52:06.639] RX< [0m
[03:52:07.136] RX< [34m[b_ae0 proc] perf=1087(us), max=1087(us)!
[03:52:07.136] RX< [0m[34m[awb0 proc] perf=4277(us), max=4408(us)!
[03:52:07.136] RX< [0m[7] [cam] [386472][me0][me_core_thread:322]ME out fid 6660
[03:52:07.136] RX< [RTMP] slow send frame 6241 len=67008 dt=529ms (IDR)
[03:52:07.136] RX< [RTMP] slow send frame 6261 len=6839 dt=61m
[03:52:07.811] RX< s
[03:52:07.811] RX< [RTMP] slow send frame 6264 len=23523 dt=181ms
[03:52:07.811] RX< [RTMP] dropped 5520 p-frames (backlog 51%)
[03:52:07.811] RX< [RTMP] slow send frame 6270 len=9856 dt=81ms
[03:52:07.811] RX< [34m[AE] fid=6690,exp=10240,adg=207,Y=4602,mtg=180,shg=100,bgbv=1838,iso=207,cnv2,hdr0
[03:52:07.811] RX< [0m[7] [cam] [387472][me0][me_
[03:52:08.635] RX< core_thread:322]ME out fid 6690
[03:52:08.635] RX< [RTMP] slow send frame 6271 len=73668 dt=610ms (IDR)
[03:52:08.635] RX< [RTMP] slow send frame 6291 len=10170 dt=99ms
[03:52:08.635] RX< [RTMP] slow send frame 6294 len=15284 dt=314ms
[03:52:08.635] RX< [RTMP] f_index = 6300, f_len = 16301
[03:52:08.635] RX< [34m[AE] fid=6720,exp=10240,adg=207,Y=45
[03:52:09.640] RX< 99,mtg=180,shg=100,bgbv=1834,iso=207,cnv2,hdr0
[03:52:09.640] RX< [0m[34m[ME INTP]fid=6720, shutter=10240, perf=5(us), max=296(us)!
[03:52:09.640] RX< [0m[7] [cam] [388472][me0][me_core_thread:322]ME out fid 6720
[03:52:09.640] RX< [34m[AE] fid=6750,exp=10240,adg=207,Y=4603,mtg=180,shg=100,bgbv=1838,iso=207,
[03:52:09.820] RX< cnv2,hdr0
[03:52:09.820] RX< [0m[34m[b_ae0 proc] perf=963(us), max=1107(us)!
[03:52:09.820] RX< [0m[34m[awb0 proc] perf=4359(us), max=4403(us)!
[03:52:09.820] RX< [0m[RTMP] slow send frame 6301 len=80940 dt=1213ms (IDR)
[03:52:09.820] RX< [RTMP] dropped 5550 p-frames (backlog 55%)
[03:52:09.820] RX< [7] [cam] [389472][me0][me_core_thread:322]M
[03:52:10.813] RX< E out fid 6750
[03:52:10.813] RX< [34m[AE] fid=6780,exp=10240,adg=207,Y=4600,mtg=180,shg=100,bgbv=1838,iso=207,cnv2,hdr0
[03:52:10.813] RX< [0m[RTMP] slow send frame 6331 len=80854 dt=1029ms (IDR)
[03:52:10.813] RX< [RTMP] dropped 5580 p-frames (backlog 55%)
[03:52:10.813] RX< [7] [cam] [390472][me0][me_core_thread:322]ME out fi
[03:52:11.876] RX< d 6780
[03:52:11.876] RX< [34m[AE] fid=6810,exp=10240,adg=207,Y=4599,mtg=180,shg=100,bgbv=1834,iso=207,cnv2,hdr0
[03:52:11.876] RX< [0m[7] [cam] [391471][me0][me_core_thread:322]ME out fid 6810
[03:52:11.876] RX< [RTMP] slow send frame 6361 len=80865 dt=1131ms (IDR)
[03:52:11.876] RX< [RTMP] dropped 5610 p-frames (backlog 78%)
[03:52:11.876] RX< [
[03:52:12.733] RX< RTMP] f_index = 6390, f_len = 16474
[03:52:12.733] RX< [34m[AE] fid=6840,exp=10240,adg=207,Y=4597,mtg=180,shg=100,bgbv=1834,iso=207,cnv2,hdr0
[03:52:12.733] RX< [0m[34m[b_ae0 proc] perf=999(us), max=1120(us)!
[03:52:12.733] RX< [0m[34m[awb0 proc] perf=4353(us), max=4415(us)!
[03:52:12.733] RX< [0m[34m[ME INTP]fid=6840, shu
[03:52:13.635] RX< tter=10240, perf=6(us), max=1047(us)!
[03:52:13.635] RX< [0m[7] [cam] [392471][me0][me_core_thread:322]ME out fid 6840
[03:52:13.635] RX< [RTMP] slow send frame 6391 len=79118 dt=1502ms (IDR)
[03:52:13.635] RX< [RTMP] dropped 5640 p-frames (backlog 80%)
[03:52:13.635] RX< [34m[AE] fid=6870,exp=10240,adg=207,Y=4598,mtg=180,shg=10
[03:52:14.634] RX< 0,bgbv=1834,iso=207,cnv2,hdr0
[03:52:14.634] RX< [0m[7] [cam] [393472][me0][me_core_thread:322]ME out fid 6870
[03:52:14.634] RX< [RTMP] slow send frame 6421 len=83388 dt=782ms (IDR)
[03:52:14.634] RX< [RTMP] dropped 5670 p-frames (backlog 79%)
[03:52:14.634] RX< [34m[AE] fid=6900,exp=10240,adg=207,Y=4601,mtg=180,shg=100,bgbv=18
[03:52:15.389] RX< 38,iso=207,cnv2,hdr0
[03:52:15.389] RX< [0m[RTMP] slow send frame 6451 len=80911 dt=621ms (IDR)
[03:52:15.389] RX< [RTMP] dropped 5700 p-frames (backlog 77%)
[03:52:15.389] RX< [RTMP] f_index = 6480, f_len = 12331
[03:52:15.389] RX< [7] [cam] [394484][me0][me_core_thread:322]ME out fid 6900
[03:52:15.389] RX< [RTMP] slow send frame 6481 len=73448 d
[03:52:15.816] RX< t=556ms (IDR)
[03:52:15.816] RX< [RTMP] dropped 5730 p-frames (backlog 76%)
[03:52:15.816] RX< [34m[AE] fid=6930,exp=10240,adg=207,Y=4601,mtg=180,shg=100,bgbv=1838,iso=207,cnv2,hdr0
[03:52:15.816] RX< [0m[34m[b_ae0 proc] perf=1088(us), max=1088(us)!
[03:52:15.816] RX< [0m[34m[awb0 proc] perf=4295(us), max=4418(us)!
[03:52:15.816] RX< [0m[7] [
[03:52:16.735] RX< cam] [395471][me0][me_core_thread:322]ME out fid 6930
[03:52:16.735] RX< [RTMP] slow send frame 6511 len=70822 dt=674ms (IDR)
[03:52:16.735] RX< [RTMP] dropped 5760 p-frames (backlog 75%)
[03:52:16.735] RX< [34m[AE] fid=6960,exp=10240,adg=207,Y=4603,mtg=180,shg=100,bgbv=1838,iso=207,cnv2,hdr0
[03:52:16.735] RX< [0m[34m[ME INTP]
[03:52:17.634] RX< fid=6960, shutter=10240, perf=6(us), max=862(us)!
[03:52:17.634] RX< [0m[7] [cam] [396471][me0][me_core_thread:322]ME out fid 6960
[03:52:17.634] RX< [RTMP] slow send frame 6541 len=88442 dt=858ms (IDR)
[03:52:17.634] RX< [RTMP] dropped 5790 p-frames (backlog 74%)
[03:52:17.634] RX< [RTMP] f_index = 6570, f_len = 15946
[03:52:17.634] RX< [RTMP] slo
[03:52:18.064] RX< w send frame 6571 len=79724 dt=661ms (IDR)
[03:52:18.064] RX< [RTMP] dropped 5820 p-frames (backlog 73%)
[03:52:18.064] RX< [34m[AE] fid=6990,exp=10240,adg=207,Y=4604,mtg=180,shg=100,bgbv=1838,iso=207,cnv2,hdr0
[03:52:18.064] RX< [0m[7] [cam] [397471][me0][me_core_thread:322]ME out fid 6990
[03:52:18.064] RX< [RTMP] slow send fr
[03:52:18.642] RX< ame 6601 len=66673 dt=431ms (IDR)
[03:52:18.642] RX< [RTMP] dropped 5850 p-frames (backlog 71%)
[03:52:18.642] RX< [RTMP] slow send frame 6631 len=73129 dt=436ms (IDR)
[03:52:18.642] RX< [RTMP] dropped 5880 p-frames (backlog 68%)
[03:52:18.642] RX< [RTMP] f_index = 6660, f_len = 22918
[03:52:18.642] RX< [34m[AE] fid=7020,exp=10240,adg=207,Y=4605,mt
[03:52:19.114] RX< g=180,shg=100,bgbv=1838,iso=207,cnv2,hdr0
[03:52:19.114] RX< [0m[34m[b_ae0 proc] perf=962(us), max=1088(us)!
[03:52:19.114] RX< [0m[34m[awb0 proc] perf=4162(us), max=4419(us)!
[03:52:19.114] RX< [0m[7] [cam] [398473][me0][me_core_thread:322]ME out fid 7020
[03:52:19.114] RX< [RTMP] slow send frame 6661 len=86202 dt=590ms (ID
[03:52:19.810] RX< R)
[03:52:19.810] RX< [RTMP] dropped 5910 p-frames (backlog 67%)
[03:52:19.810] RX< [RTMP] slow send frame 6691 len=64592 dt=490ms (IDR)
[03:52:19.810] RX< [RTMP] dropped 5940 p-frames (backlog 65%)
[03:52:19.810] RX< [34m[AE] fid=7050,exp=10240,adg=207,Y=4603,mtg=180,shg=100,bgbv=1838,iso=207,cnv2,hdr0
[03:52:19.810] RX< [0m[7] [cam] [399470][me0
[03:52:20.634] RX< ][me_core_thread:322]ME out fid 7050
[03:52:20.634] RX< [RTMP] slow send frame 6721 len=86525 dt=638ms (IDR)
[03:52:20.634] RX< [RTMP] dropped 5970 p-frames (backlog 63%)
[03:52:20.634] RX< [RTMP] f_index = 6750, f_len = 6549
[03:52:20.634] RX< [34m[AE] fid=7080,exp=10240,adg=207,Y=4602,mtg=180,shg=100,bgbv=1838,iso=207,cnv2,hdr0
[03:52:21.613] RX< 
[03:52:21.613] RX< [0m[34m[ME INTP]fid=7080, shutter=10240, perf=7(us), max=858(us)!
[03:52:21.613] RX< [0m[RTMP] slow send frame 6751 len=65108 dt=488ms (IDR)
[03:52:21.613] RX< [RTMP] dropped 6000 p-frames (backlog 61%)
[03:52:21.613] RX< [7] [cam] [400470][me0][me_core_thread:322]ME out fid 7080
[03:52:21.613] RX< [RTMP] slow send frame 6781 
[03:52:21.639] RX< len=64582 dt=832ms (IDR)
[03:52:21.639] RX< [RTMP] dropped 6030 p-frames (backlog 61%)
[03:52:21.639] RX< [34m[AE] fid=7110,exp=10240,adg=207,Y=4555,mtg=180,shg=100,bgbv=1822,iso=207,cnv2,hdr0
[03:52:21.639] RX< [0m[34m[b_ae0 proc] perf=965(us), max=1095(us)!
[03:52:21.639] RX< [0m[34m[awb0 proc] perf=4301(us), max=4410(us)!
[03:52:22.599] RX< 
[03:52:22.599] RX< [0m[7] [cam] [401471][me0][me_core_thread:322]ME out fid 7110
[03:52:22.599] RX< [RTMP] slow send frame 6805 len=23110 dt=308ms
[03:52:22.599] RX< [RTMP] slow send frame 6807 len=23369 dt=242ms
[03:52:22.599] RX< [RTMP] slow send frame 6808 len=6786 dt=87ms
[03:52:22.599] RX< [RTMP] slow send frame 6809 len=23754 dt=243ms
[03:52:22.599] RX< [RTMP]
[03:52:23.634] RX<  slow send frame 6810 len=6840 dt=66ms
[03:52:23.634] RX< [34m[AE] fid=7140,exp=10240,adg=207,Y=4612,mtg=180,shg=100,bgbv=1838,iso=207,cnv2,hdr0
[03:52:23.634] RX< [0m[7] [cam] [402470][me0][me_core_thread:322]ME out fid 7140
[03:52:23.634] RX< [RTMP] slow send frame 6811 len=64722 dt=909ms (IDR)
[03:52:23.634] RX< [34m[AE] fid
[03:52:24.018] RX< =7170,exp=10240,adg=207,Y=4635,mtg=180,shg=100,bgbv=1846,iso=207,cnv2,hdr0
[03:52:24.018] RX< [0m[7] [cam] [403470][me0][me_core_thread:322]ME out fid 7170
[03:52:24.018] RX< [RTMP] slow send frame 6812 len=30245 dt=343ms
[03:52:24.018] RX< [RTMP] slow send frame 6813 len=5708 dt=51ms
[03:52:24.018] RX< [RTMP] slow send frame 681
[03:52:24.639] RX< 4 len=16630 dt=109ms
[03:52:24.639] RX< [RTMP] slow send frame 6815 len=9845 dt=56ms
[03:52:24.639] RX< [RTMP] slow send frame 6816 len=15144 dt=140ms
[03:52:24.639] RX< [RTMP] slow send frame 6817 len=15571 dt=139ms
[03:52:24.639] RX< [RTMP] slow send frame 6818 len=9645 dt=92ms
[03:52:24.639] RX< [RTMP] slow send frame 6819 len=23645 dt=175ms
[03:52:24.639] RX< [34
[03:52:24.733] RX< m[AE] fid=7200,exp=10240,adg=207,Y=4636,mtg=180,shg=100,bgbv=1846,iso=207,cnv2,hdr0
[03:52:24.733] RX< [0m[34m[b_ae0 proc] perf=1081(us), max=1098(us)!
[03:52:24.733] RX< [0m[34m[awb0 proc] perf=4308(us), max=4398(us)!
[03:52:24.733] RX< [0m[RTMP] slow send frame 6820 len=6795 dt=60ms
[03:52:24.733] RX< [34m[ME INTP]fid=720
[03:52:25.245] RX< 0, shutter=10240, perf=6(us), max=602(us)!
[03:52:25.245] RX< [0m[7] [cam] [404470][me0][me_core_thread:322]ME out fid 7200
[03:52:25.245] RX< [RTMP] slow send frame 6821 len=23315 dt=197ms
[03:52:25.245] RX< [RTMP] slow send frame 6822 len=6547 dt=58ms
[03:52:25.245] RX< [RTMP] slow send frame 6823 len=23376 dt=212ms
[03:52:25.245] RX< [RTMP] slow
[03:52:25.808] RX<  send frame 6824 len=6576 dt=95ms
[03:52:25.808] RX< [34m[AE] fid=7230,exp=10240,adg=207,Y=4628,mtg=180,shg=100,bgbv=1846,iso=207,cnv2,hdr0
[03:52:25.808] RX< [0m[RTMP] slow send frame 6825 len=23713 dt=399ms
[03:52:25.808] RX< [RTMP] slow send frame 6826 len=6615 dt=76ms
[03:52:25.808] RX< [7] [cam] [405470][me0][me_core_thread
[03:52:26.360] RX< :322]ME out fid 7230
[03:52:26.360] RX< [RTMP] slow send frame 6827 len=23674 dt=204ms
[03:52:26.360] RX< [RTMP] slow send frame 6828 len=6497 dt=63ms
[03:52:26.360] RX< [RTMP] slow send frame 6830 len=6601 dt=61ms
[03:52:26.360] RX< [RTMP] slow send frame 6831 len=24624 dt=202ms
[03:52:26.360] RX< [RTMP] slow send frame 6839 len=6731 dt=59ms
[03:52:26.360] RX< [RTMP]
