[02:35:55.249] TX> 
[02:35:56.250] TX> 
[02:35:57.250] RX< 
[02:35:57.250] RX< msh />
[02:35:57.250] RX< msh />
[02:35:57.453] TX> echo "EVBTEST_HELLO"
[02:35:57.453] TX> echo "__EVBTEST_END_3b049448__"
[02:35:59.253] RX< echo "EVBTEST_HELLO"
[02:35:59.253] RX< EVBTEST_HELLO
[02:35:59.253] RX< msh />echo "__EVBTEST_END_3b049448__"
[02:35:59.253] RX< __EVBTEST_END_3b049448__
[02:35:59.253] RX< msh />
[02:35:59.457] TX> cd /
[02:35:59.457] TX> echo "__EVBTEST_END_8374722e__"
[02:36:01.255] RX< cd /
[02:36:01.255] RX< msh />echo "__EVBTEST_END_8374722e__"
[02:36:01.255] RX< __EVBTEST_END_8374722e__
[02:36:01.255] RX< msh />
[02:36:01.458] TX> dfs_video_stop
[02:36:01.458] TX> echo "__EVBTEST_END_ba89f5e8__"
[02:36:03.257] RX< dfs_video_stop
[02:36:03.257] RX< [6] [App Dfs] Please start recording the video first.
[02:36:03.257] RX< msh />echo "__EVBTEST_END_ba89f5e8__"
[02:36:03.257] RX< __EVBTEST_END_ba89f5e8__
[02:36:03.257] RX< msh />
[02:36:06.896] TX> wifi join SW-test-2.4G tuf@3600
[02:36:06.896] TX> echo "__EVBTEST_END_40ed691d__"
[02:36:07.259] RX< wifi join SW-test-2.4G tuf@3600
[02:36:13.264] RX< [32m[I/WLAN.mgnt] wifi connect success ssid:SW-test-2.4G[0m
[02:36:13.264] RX< msh />echo "__EVBTEST_END_40ed691d__"
[02:36:13.264] RX< __EVBTEST_END_40ed691d__
[02:36:13.264] RX< msh />
[02:36:15.265] RX< [32m[I/WLAN.lwip] Got IP address : 192.168.1.101[0m
[02:36:20.276] RX< ifconfig
[02:36:20.276] RX< network interface device: w0 (Default)
[02:36:20.276] RX< MTU: 1500
[02:36:20.276] RX< MAC: 8c ea 12 ba a8 2c 
[02:36:20.276] RX< FLAGS: UP LINK_UP INTERNET_DOWN DHCP_ENABLE ETHARP BROADCAST IGMP
[02:36:20.276] RX< ip address: 192.168.1.101
[02:36:20.276] RX< gw address: 192.168.1.3
[02:36:20.276] RX< net mask  : 255.255.255.0
[02:36:20.276] RX< dns server #0: 192.168.1.3
[02:36:20.291] RX< dns server #1: 0.0.0.0
[02:36:20.291] RX< 
[02:36:20.291] RX< network interface device: w1
[02:36:20.291] RX< MTU: 1500
[02:36:20.291] RX< MAC: 8e ea 12 ba a8 2c 
[02:36:20.291] RX< FLAGS: UP LINK_DOWN INTERNET_DOWN DHCP_ENABLE ETHARP BROADCAST IGMP
[02:36:20.291] RX< ip address: 0.0.0.0
[02:36:20.291] RX< gw address: 0.0.0.0
[02:36:20.291] RX< net mask  : 0.0.0.0
[02:36:20.291] RX< dns server #0: 192.168.1.3
[02:36:20.291] RX< dns serv
[02:36:20.474] TX> ifconfig
[02:36:20.474] TX> echo "__EVBTEST_END_71e420c8__"
[02:36:22.293] RX< er #1: 0.0.0.0
[02:36:22.293] RX< msh />echo "__EVBTEST_END_71e420c8__"
[02:36:22.293] RX< __EVBTEST_END_71e420c8__
[02:36:22.293] RX< msh />
[02:36:22.498] TX> cd /emmc
[02:36:22.498] TX> echo "__EVBTEST_END_60a2b308__"
[02:36:24.296] RX< cd /emmc
[02:36:24.296] RX< msh /emmc>echo "__EVBTEST_END_60a2b308__"
[02:36:24.296] RX< __EVBTEST_END_60a2b308__
[02:36:24.296] RX< msh /emmc>
[02:36:24.500] TX> ftp_server
[02:36:24.500] TX> echo "__EVBTEST_END_50f0ffe9__"
[02:36:26.299] RX< ftp_server
[02:36:26.299] RX< 
[02:36:26.299] RX< [FTP] Ftp server init success!!!
[02:36:26.299] RX< msh /emmc>echo "__EVBTEST_END_50f0ffe9__"
[02:36:26.299] RX< __EVBTEST_END_50f0ffe9__
[02:36:26.299] RX< msh /emmc>
[02:36:30.303] RX< [32m[I/ftp] service launched success.[0m
[02:36:31.026] TX> cam_set photo auto
[02:36:31.026] TX> echo "__EVBTEST_END_2904184c__"
[02:36:32.305] RX< cam_set photo auto
[02:36:32.305] RX< [6] [App Dfs] auto mode
[02:36:32.305] RX< msh /emmc>echo "__EVBTEST_END_2904184c__"
[02:36:32.305] RX< __EVBTEST_END_2904184c__
[02:36:32.305] RX< msh /emmc>
[02:36:33.320] RX< dfs_capture_start
[02:36:33.320] RX< [7] [cam] [40615][tshell][cgm_parse_bin:104]total logical camera num: 1
[02:36:33.320] RX< [6] [cam] [40615][tshell][cam_prelude_create:187]E id, 0
[02:36:33.320] RX< [7] [cam] [40616][cpl0][cam_prelude_proc_routine:101]thread start
[02:36:33.320] RX< [6] [cam] [40616][tshell][cam_prelude_crea
[02:36:33.322] RX< te:214]X ctx size 132 addr 0x884b9758
[02:36:33.322] RX< [6] [cam] [40620][tshell][sensor_probe:418]sensor [1]: identifing 0 success.
[02:36:33.322] RX< [6] [cam] [40620][tshell][sensor_probe:441]sensor [1]: probe exit!
[02:36:33.322] RX< [6] [cam] [40620][tshell][cam_prelude_fast_probe:251]cam: 0 probe result
[02:36:33.323] RX< : 0
[02:36:33.323] RX< [6] [cam] [40621][tshell][cgm_parse_bin:218]cam(0) probe success
[02:36:33.323] RX< [6] [cam] [40621][tshell][cam_entry:455]entry ok
[02:36:33.323] RX< [34m[cam entry] perf=6332(us)!
[02:36:33.323] RX< [0m[6] [App Cam] cam entry success
[02:36:33.323] RX< [7] [cam] [40622][tshell][cam_solve_layout:350][mLayout] param OK, s
[02:36:33.325] RX< cen1 iw4032 ih3024 ow4032 oh3024 gdc 0x0
[02:36:33.325] RX< [36m[mLayout] scen01 in=4032x3024,out=3024x4032 meRot1 stripe1 gdcOn0
[02:36:33.325] RX< [0m[36m[mLayout] scen00 20entries solved status=OK retry=0 rtmp=enabled (cursor0=0x8a02d090 cursor1=0x89417400, ch0/1/2 cnt=7/2/1)
[02:36:33.325] RX< [0m[7] [
[02:36:33.325] RX< cam] [40624][tshell][cam_solve_layout:377]
[02:36:33.325] RX< [mLayout] out vol 0x8c000000 rBuf 0x8ab00000 sz 0x1500000 wBuf 0x8a03da80 sz 0x100000
[02:36:33.325] RX< [7] [cam] [40624][tshell][cam_solve_layout:394]Solve scen1 capType4 layout Done!
[02:36:33.325] RX< [6] [cam] [40625][tshell][cgm_parse_media_par
[02:36:33.328] RX< a:274]phy cam num: 1
[02:36:33.328] RX< [7] [cam] [40625][cer0][cer_recovery_proc:343]thread start cid, 0
[02:36:33.328] RX< [6] [cam] [40626][tshell][csc_open:499]SENSOR MCLK cal: 24MHz
[02:36:33.328] RX< [6] [cam] [40626][tshell][csc_isp_clk_cal:344]MIPI CLK cal: 346MHz
[02:36:33.328] RX< [6] [cam] [40626][tshell][csc_isp_clk_
[02:36:33.328] RX< cal:374]LITE CLK cal: 28MHz
[02:36:33.328] RX< [7] [cam] [40626][tshell][cpc_csi_rx_power_on:633]E id: 2
[02:36:33.328] RX< [4] [cam] [40627][tshell][cpc_csi_rx_power_on:644]csi_2 has already power on, STATUS: 1
[02:36:33.328] RX< [6] [cam] [40627][tshell][cpc_update_clock:603]actual SNS mclk: 24MHz
[02:36:33.328] RX< [6] [cam] 
[02:36:33.334] RX< [40628][tshell][cpc_update_clock:608]actual MIPI0: 500MHz
[02:36:33.334] RX< [6] [cam] [40628][tshell][cpc_update_clock:598]actual LITE clk: 50MHz
[02:36:33.334] RX< [7] [cam] [40629][tshell][cam_prelude_open:297][34msnsOpen camID1 csiID0 phyIdx0[0m
[02:36:33.334] RX< [6] [cam] [40632][tshell][sensor_expo_gai
[02:36:33.334] RX< n_match:48]sensor get sensor expo gain of imx681_vst
[02:36:33.334] RX< [6] [cam] [40632][tshell][sensor_open:684]sensor [1] open OK.
[02:36:33.334] RX< [6] [cam] [40633][tshell][cam_cpm_parse_media:275]photo scenario, media para[mfnr:0, hdr:0, capture_num:0]
[02:36:33.334] RX< [6] [cam] [40633][tshell][cam_cpm
[02:36:33.337] RX< _parse_media:278]photo scenario, media para[iso:0, gain:0, wb_mode:0]
[02:36:33.337] RX< [6] [cam] [40634][tshell][csc_isp_clk_cal:355]FE CLK cal: 426MHz, ME CLK cal: 462MHz, FE/ME CLK cal: 508MHz
[02:36:33.337] RX< [6] [cam] [40634][tshell][csc_isp_clk_cal:364]BE CLK cal: 401MHz
[02:36:33.337] RX< [4] [cam] [
[02:36:33.337] RX< 40635][tshell][cam_fe_core_power_on:269]fe pipe has already power on, STATUS: 1
[02:36:33.337] RX< [6] [cam] [40635][tshell][cpc_update_clock:588]actual FE/ME clk: 550MHz
[02:36:33.337] RX< [4] [cam] [40636][tshell][cam_be_core_power_on:1028]be pipe has already power on, STATUS: 1
[02:36:33.337] RX< [6] [cam] [
[02:36:33.340] RX< 40636][tshell][cpc_update_clock:593]actual BE clk: 500MHz
[02:36:33.340] RX< [7] [cam] [40637][tshell][cam_cpm_core_power_on:435]id,0 type,1 ret 0
[02:36:33.340] RX< [6] [cam] [40637][tshell][cam_cpm_core_init:1017]E id,0 sensor type,1
[02:36:33.340] RX< [6] [cam] [40639][tshell][cpm_core_check_tuningbin:957]T
[02:36:33.340] RX< uning bin crc check PASS! sum 0xfa5abf97, xor 0x6a6c89c1
[02:36:33.340] RX< [6] [cam] [40639][tshell][qpc_tuning_check_iqbin_validness:396]IQ bin addr: 0x8869de60, project_name: capture_12M
[02:36:33.340] RX< [6] [cam] [40640][tshell][qpc_tuning_check_iqbin_validness:397]total_size: 108928
[02:36:33.340] RX< [6
[02:36:33.343] RX< ] [cam] [40640][tshell][qpc_tuning_check_iqbin_validness:398]id_count: 93. ID_TOTAL: 94
[02:36:33.343] RX< [6] [cam] [40641][tshell][qpc_tuning_check_iqbin_validness:399]spinel tuning data ver: V1.30
[02:36:33.343] RX< [6] [cam] [40641][tshell][cpm_core_check_tuningbin:971]IQ bin check succes
[02:36:33.343] RX< s!
[02:36:33.343] RX< [6] [cam] [40642][tshell][cam_bm_core_init:94]E
[02:36:33.343] RX< [6] [cam] [40642][tshell][bm_lab_init:174]X ctx size 4 addr 0x884a9980
[02:36:33.343] RX< [6] [cam] [40642][tshell][cam_bm_core_init:114]X ctx size 180 addr 0x884db930
[02:36:33.343] RX< [6] [cam] [40642][tshell][qpc_core_init:1299]E id,0
[02:36:33.343] RX< [
[02:36:33.350] RX< 6] [cam] [40643][tshell][qpc_queue_init:65]QPC init qnodes 8, size 508, pool 0x884dbf10
[02:36:33.350] RX< [6] [cam] [40643][tshell][_qpc_get_cap_cfg_para:900]preset capCfg 200 3 5
[02:36:33.350] RX< [7] [cam] [40644][tshell][_qpc_cfg_hdr_frms:848]hdr preset - gainThres 1600
[02:36:33.350] RX< FrmNB:	TNR	|EV-	|
[02:36:33.350] RX< EV0	|EV+
[02:36:33.350] RX< LDR:	 0	| 1	| -	| 5
[02:36:33.350] RX< LLLDR:	 0	| 1	| -	| 5
[02:36:33.350] RX< HDR:	 0	| 1	| 5	| 3
[02:36:33.350] RX< LLHDR:	 0	| 1	| 5	| 3
[02:36:33.350] RX< 
[02:36:33.350] RX< [6] [cam] [40649][tshell][qpc_core_init:1347]X ctx size 1288 addr 0x884db9f8
[02:36:33.350] RX< [6] [cam] [40649][tshell][cpm_core_get_param:764]cpm para chk: tunBin-w 4000 h 3000 i
[02:36:33.354] RX< mg-w 4032 h 3024
[02:36:33.354] RX< [6] [cam] [40650][tshell][cam_fe_core_init:436]E id,0
[02:36:33.354] RX< [6] [cam] [40650][tshell][cam_fe_core_init:490]X ctx size 96 addr 0x884ecc50
[02:36:33.354] RX< [7] [cam] [40651][tshell][qpc_core_fe_chords_init:1763][34mqpc fe init snsOut w 4032 h 3024, tbl w 28 h 2
[02:36:33.355] RX< 0[0m
[02:36:33.355] RX< [6] [cam] [40651][tshell][cam_me_core_init:1523]X ctx size 1352 addr 0x884ef000
[02:36:33.355] RX< [34m[ME SLICE CFG] perf=1494(us)!
[02:36:33.355] RX< [0m[6] [cam] [40654][tshell][cam_bayer_fe_3a_stats_core_init:445]fe 3a id,0
[02:36:33.355] RX< [6] [cam] [40654][tshell][cam_bayer_fe_3a_stats_core_init
[02:36:33.357] RX< :490]X ctx size 132 addr 0x884f7a20
[02:36:33.357] RX< [6] [cam] [40655][tshell][cam_be_core_init:621]E id,0
[02:36:33.357] RX< [7] [cam] [40655][be0][be_core_irq_proc:270]thread start cid,0
[02:36:33.357] RX< [6] [cam] [40656][tshell][cam_be_core_init:716]X ctx size 472 addr 0x884f7db0
[02:36:33.357] RX< [6] [cam] [40656][tshel
[02:36:33.358] RX< l][cam_lite_core_init:433]E id,0
[02:36:33.358] RX< [7] [cam] [40657][lite0][lite_core_irq_proc:152]thread start cid,0
[02:36:33.358] RX< [6] [cam] [40657][tshell][cam_lite_core_init:497]X ctx size 164 addr 0x884fa800
[02:36:33.358] RX< [6] [cam] [40657][tshell][awb_wrapper_init:66]xxx awb_bin=0x884de5fc, awb_
[02:36:33.362] RX< bin_length=8068
[02:36:33.362] RX< [6] [cam] [40658][tshell][awb_wrapper_init:86]X algo_handle 0x88502848
[02:36:33.362] RX< [7] [cam] [40658][awb0][a5_core_wrapper_task:252]thread start cid,0 algo type,2
[02:36:33.362] RX< [6] [cam] [40658][tshell][a5_core_init_task:426]thread created: awb0 mq=0x88504908 threa
[02:36:33.362] RX< d=0x88504a20 sem=0x88504898 ret=0
[02:36:33.362] RX< [6] [cam] [40659][tshell][bayer_ae_wrapper_init:68]E id,0 proc mode 1 
[02:36:33.362] RX< 
[02:36:33.362] RX< [AEC Proc] @[allib_ae_set_debug_log_flag] Line:129:[DEBUG] debug level/to_file/to_terminal: 22/1/1
[02:36:33.362] RX< [AEC Proc] @[AeInit] Line:377:[INFO] AE ver: 2026_
[02:36:33.364] RX< V2.269
[02:36:33.364] RX< 
[02:36:33.364] RX< [AEC Proc] @[allib_ae_loadfunc] Line:193:[INFO] camera ID: 0
[02:36:33.364] RX< [AEC Proc] @[AeInit] Line:404:[DEBUG] init imu detector sucessed!
[02:36:33.364] RX< [AEC Proc] @[AeInit] Line:406:[DEBUG] imu init errcode:0
[02:36:33.364] RX< [AEC Proc] @[alAE_set_param] Line:576:[DEBUG] sw_maxtime 33044
[02:36:33.365] RX<  ,pertline 9444, after check sensor step sw_max_time 33039.00
[02:36:33.365] RX< [AEC Proc] @[alAE_set_param] Line:581:[DEBUG] sw_mintime 37 ,pertline 9444, after check sensor step sw_min_time 36.00
[02:36:33.365] RX< [AEC Proc] @[alAE_set_param] Line:514:[DEBUG] DEBUG minbv exptime 9 gain 10
[02:36:33.367] RX< 0, minExpBV 14098
[02:36:33.367] RX< [AEC Proc] @[AeTuningParseSet] Line:167:[DEBUG] aeparam version 2.268 60818
[02:36:33.367] RX< [AEC Proc] @[alAE_set_param] Line:341:[DEBUG] INITEXP gain 100, shutter 8000, midtonegain 100, bv 4303
[02:36:33.367] RX< [6] [cam] [40666][tshell][bayer_ae_wrapper_init:119]X tli
[02:36:33.368] RX< ne 9444 max_exp 33044 alg_hdl 0x885071d0 
[02:36:33.368] RX< [7] [cam] [40666][b_ae0][a5_core_wrapper_task:252]thread start cid,0 algo type,0
[02:36:33.368] RX< [6] [cam] [40667][tshell][a5_core_init_task:426]thread created: b_ae0 mq=0x8850e0f0 thread=0x8850e208 sem=0x8850e080 ret=0
[02:36:33.368] RX< [6] [cam]
[02:36:33.370] RX<  [40667][tshell][atf_wrapper_init:67]E id,0
[02:36:33.370] RX< [6] [cam] [40668][tshell][atf_wrapper_init:107]X alg_ctx addr 0x885106c8
[02:36:33.370] RX< [7] [cam] [40668][atf0][a5_core_wrapper_task:252]thread start cid,0 algo type,1
[02:36:33.370] RX< [6] [cam] [40669][tshell][a5_core_init_task:426]thread cr
[02:36:33.370] RX< eated: atf0 mq=0x88512a20 thread=0x88512b38 sem=0x885129b0 ret=0
[02:36:33.370] RX< [6] [cam] [40669][tshell][cam_cpm_core_init:1149]X ctx size 1096 addr 0x884db4d8
[02:36:33.370] RX< [6] [cam] [40670][tshell][csc_open:599]ok! phys_id[1], phys_num[1] 
[02:36:33.370] RX< [6] [cam] [40670][tshell][cam_open:738]op
[02:36:33.378] RX< en ok! camera_id[0]
[02:36:33.378] RX< [34m[cam open] perf=48956(us)!
[02:36:33.378] RX< [0m[6] [App Cam] cam open success
[02:36:33.378] RX< [6] [cam] [40677][tshell][csc_init:722]sensor info:size:4032x3024, formt: 0x2b, bps: 2496, tline: 9444
[02:36:33.378] RX< [6] [cam] [40677][tshell][cam_sif_mgr_init:261]E id,0
[02:36:33.378] RX< [7] [cam]
[02:36:33.379] RX<  [40677][sif0][sif_irq_proc:151]thread start cid,0
[02:36:33.379] RX< [6] [cam] [40678][tshell][cam_sif_mgr_init:293]X ctx size 52 addr 0x8852bc20
[02:36:33.379] RX< [7] [cam] [40678][tshell][sif_btm_paramSet:102]btm lite w4032 h3024 binEn1 binRatio2
[02:36:33.379] RX< [7] [cam] [40678][tshell][sif_btm_paramSet
[02:36:33.383] RX< :106]cropSlct2 x0 y0 w4032 h4032
[02:36:33.383] RX< [6] [cam] [40679][tshell][cam_prelude_init_cfg:368]CSI ID is 0,  phy lanes is 2.
[02:36:33.383] RX< [7] [cam] [40679][tshell][check_phy_ready:96]MIPI_PHY[0] is ready
[02:36:33.383] RX< [6] [cam] [40680][tshell][sensor_init:348]sensor [1]: register ok
[02:36:33.383] RX< [6] [cam
[02:36:33.390] RX< ] [40680][tshell][sensor_set_mode:887]sensor [1]: SetMode -> mode = 0.
[02:36:33.390] RX< [6] [cam] [40681][tshell][sensor_send_reg_tab_to_sensor:705]sensor [1]: send_reg_tab_to_sensor E.
[02:36:33.390] RX< [6] [cam] [40684][tshell][sensor_send_reg_tab_to_sensor:751]sensor [1]: reg_count = 77
[02:36:33.390] RX< .
[02:36:33.390] RX< [6] [cam] [40684][tshell][sensor_init:361]sensor [1]: init success.
[02:36:33.390] RX< [6] [cam] [40684][tshell][sensor_set_mode:887]sensor [1]: SetMode -> mode = 1.
[02:36:33.390] RX< [6] [cam] [40685][tshell][sensor_send_reg_tab_to_sensor:705]sensor [1]: send_reg_tab_to_sensor E.
[02:36:33.390] RX< [6] [cam
[02:36:33.392] RX< ] [40689][tshell][sensor_send_reg_tab_to_sensor:751]sensor [1]: reg_count = 84.
[02:36:33.392] RX< [6] [cam] [40689][tshell][csc_init:731]ok! phys_id[1], phys_num[1]
[02:36:33.392] RX< [6] [cam] [40690][tshell][csc_get_bayer_single_buffer:1148]scenario_type: 1
[02:36:33.392] RX< [6] [cam] [40690][tshell][csc_se
[02:36:33.393] RX< t_stats_fmt:98]index 0 w 1 h 1 bw 8 wcmp 255
[02:36:33.393] RX< [7] [cam] [40691][tshell][bm_ioctl:201]BMIOC_STATS_FMT
[02:36:33.393] RX< [6] [cam] [40691][tshell][csc_set_fe_fmt:47]index 1 w 4032 h 3024 bw 10 wcmp 0
[02:36:33.393] RX< [7] [cam] [40691][tshell][bm_ioctl:201]BMIOC_FE_FMT
[02:36:33.393] RX< [6] [cam] [40692][tshel
[02:36:33.395] RX< l][csc_set_lite_fmt:115]index 2 w 1008 h 720 bw 8 wcmp 255
[02:36:33.395] RX< [7] [cam] [40692][tshell][bm_ioctl:201]BMIOC_LITE_FMT
[02:36:33.395] RX< [6] [cam] [40692][tshell][csc_set_lite_fmt:115]index 21 w 1008 h 720 bw 8 wcmp 255
[02:36:33.395] RX< [7] [cam] [40693][tshell][bm_ioctl:201]BMIOC_LITE_FMT
[02:36:33.395] RX< [6] 
[02:36:33.395] RX< [cam] [40693][tshell][csc_set_be_fmt:81]index 25 w 0 h 0 bw 8 wcmp 255
[02:36:33.395] RX< [7] [cam] [40694][tshell][bm_ioctl:201]BMIOC_BE_FMT
[02:36:33.395] RX< [6] [cam] [40694][tshell][csc_set_be_fmt:81]index 22 w 480 h 360 bw 8 wcmp 255
[02:36:33.395] RX< [7] [cam] [40694][tshell][bm_ioctl:201]BMIOC_BE_FMT
[02:36:33.398] RX< [6] [cam] [40695][tshell][csc_set_me_fmt:64]index 5 w 3024 h 4032 bw 10 wcmp 0, rdma_addr 0x8945f400, wdma_addr 0x8945f400
[02:36:33.398] RX< [7] [cam] [40695][tshell][bm_ioctl:201]BMIOC_ME_FMT
[02:36:33.398] RX< [6] [cam] [40696][tshell][csc_set_me_fmt:64]index 6 w 3024 h 4032 bw 8 wcmp 255,
[02:36:33.398] RX<  rdma_addr 0x8a247700, wdma_addr 0x8c000000
[02:36:33.398] RX< [6] [cam] [40696][tshell][cam_me_core_buffer_cfg:1416]
[02:36:33.398] RX< ----ME PIPE INFO---
[02:36:33.398] RX<  wdma_buf_num:1, rotation_en: 1
[02:36:33.398] RX< [7] [cam] [40697][tshell][cam_me_core_buffer_cfg:1424]yuv wdma_addr 0:0x8c000000, meta_en: 0, 0x00000000
[02:36:33.400] RX< 
[02:36:33.400] RX< [7] [cam] [40698][tshell][bm_ioctl:201]BMIOC_ME_FMT
[02:36:33.400] RX< [6] [cam] [40698][tshell][csc_init:739]get otp ok! phys_id[1], phys_num[1]
[02:36:33.400] RX< [6] [cam] [40698][tshell][cam_init:828]init ok! logic_id[0]
[02:36:33.400] RX< [34m[cam init] perf=21812(us)!
[02:36:33.400] RX< [0m[6] [App Cam] cam init succes
[02:36:33.400] RX< s
[02:36:33.400] RX< [7] [cam] [40699][tshell][cam_cpm_core_stream_on:560]id 0 sensor type 1
[02:36:33.400] RX< [6] [cam] [40699][tshell][sensor_stream_on:1024]sensor [1]: stream_on
[02:36:33.400] RX< [6] [cam] [40700][tshell][sensor_stream_on:1052]sensor [1]: REG: 0x100, W:0x1.
[02:36:33.400] RX< [6] [cam] [40700][tshell][senso
[02:36:33.418] RX< r_stream_on:1054]sensor [1]: REG: 0x100, R:0x1.
[02:36:33.418] RX< [6] [cam] [40700][tshell][csc_prv_start:873]ok! phys_id[1], phys_num[1], cam_ids[1]
[02:36:33.418] RX< [6] [cam] [40701][tshell][cam_start:938]preview start ok! logic_id[0]
[02:36:33.418] RX< [34m[cam start] perf=2327(us)!
[02:36:33.418] RX< [0m[6] [App Cam] ca
[02:36:33.418] RX< m start success
[02:36:33.418] RX< [6] [App Dfs] Gravity_XR Capture Start
[02:36:33.418] RX< msh /emmc>echo "__EVBTES[7] [cam] [40703][b_3a_sts][bayer_stats_core_irq_proc:164]thread start cid,0
[02:36:33.418] RX< [7] [cam] [40703][fe0][fe_core_irq_proc:98]thread start cid,0
[02:36:33.418] RX< T_END_0fac44bf__"
[02:36:33.418] RX< __EVBTEST_END_0fac4
[02:36:33.509] TX> dfs_capture_start
[02:36:33.509] TX> echo "__EVBTEST_END_0fac44bf__"
[02:36:33.926] RX< 4bf__
[02:36:33.926] RX< msh /emmc>[34m[AE] fid=0,exp=9999,adg=225,Y=2361,mtg=100,shg=100,bgbv=2879,iso=225,cnv0,hdr0
[02:36:33.926] RX< [0m[34m[b_ae0 proc] perf=2748(us), max=2748(us)!
[02:36:33.926] RX< [0m[34m[awb0 proc] perf=1331(us), max=1331(us)!
[02:36:33.926] RX< [0m[34m[AE conv] fid=14,exp=13122,adg=400,Y=5899,mtg
[02:36:33.926] RX< =570,shg=100,bgbv=1658,iso=400,cnv1,hdr1
[02:36:33.926] RX< [0m[7] [cam] [41207][fe0][_qpc_hdr_rslt_chk:1668]
[02:36:33.926] RX< ALG: EV0 t13122 g400 | EV+ t13122 g400 | EV- t8397 g100
[02:36:33.926] RX< [6] [cam] [41208][fe0][qpc_core_hdr_mapExp_cfg:1736]evMapExp set OK, typ:2 1 FF num:5 1 0
[02:36:33.926] RX< [34m[cap] FE sy
[02:36:34.005] RX< nc ME @fid14 as mod2 cfg0x01, cap 6frms @fid+2
[02:36:34.005] RX< [0m[7] [cam] [41211][qpc0][qpc_core_hdr_upd_sensor:559][HDRupd]: Sns cap-0 EV:0->2 st-13122 ag-400
[02:36:34.005] RX< [7] [cam] [41257][qpc0][qpc_core_hdr_upd_me:613][HDRupd] ME cap-0 EV:0->2, dg-100
[02:36:34.005] RX< [7] [JPEG] frame num=6, pr
[02:36:34.021] RX< e frame=1106830 Bytes
[02:36:34.021] RX< [exif] oFrm 0 evP 0 evM -251 bv 1660 exp 13122 iso 400 time 41264
[02:36:34.021] RX< [6] [cam] [41277][fe0][_cpm_cb_jpegInfo_proc:618]SnapStream E @ frm17!
[02:36:34.021] RX< [6] [cam] [41290][me0][cpm_cb_fe2me_tikChk:152]frm_length 33330us, fe2me delta 15
[02:36:34.021] RX< [32m[BE] fid=
[02:36:34.158] RX< 0, perf=5524(us), max=5524(us)!
[02:36:34.158] RX< [0m[34m[cap] fid: me0 fe18, perf=621446(us)!
[02:36:34.158] RX< [0m[7] [cam] [41323][me0][me_core_thread:359]ME out fid 0
[02:36:34.158] RX< [7] [cam] [41380][qpc0][qpc_core_hdr_upd_sensor:559][HDRupd]: Sns cap-5 EV:2->1 st-8397 ag-100
[02:36:34.158] RX< [exif] oFrm 5 evP 0 ev
[02:36:34.615] RX< M -251 bv 1660 exp 8397 iso 100 time 41435
[02:36:34.615] RX< [6] [cam] [41477][fe0][_cpm_cb_jpegInfo_proc:626]SnapStream X @ frm23!
[02:36:34.615] RX< [34m[cap] fid: me5 fe23, perf=33218(us)!
[02:36:34.615] RX< [0m[34m[AE] fid=30,exp=33039,adg=1600,Y=8317,mtg=415,shg=132,bgbv=-2054,iso=2075,cnv1,hdr1
[02:36:34.615] RX< [0m[6]
[02:36:34.615] RX<  [App Dfs] Gravity_XR Capture Stop Success: total frames = 6
[02:36:34.615] RX< [6] [cam] [41914][DfsSend][sensor_stream_off:1188]sensor [1]: stream_off
[02:36:34.615] RX< [6] [cam] [41914][DfsSend][sensor_stream_off:1217]sensor [1]: REG: 0x100, W:0x0.
[02:36:34.615] RX< [6] [cam] [41915][DfsSend][sensor_stream
[02:36:34.617] RX< _off:1219]sensor [1]: REG: 0x100, R:0x0.
[02:36:34.617] RX< [6] [cam] [41915][DfsSend][csc_prv_stop:983]ok! phys_id[1], phys_num[1], stop_type = 0
[02:36:34.617] RX< [6] [cam] [41915][DfsSend][cam_stop:1058]preview stop ok! logic_id[0]
[02:36:34.617] RX< [34m[cam stop] perf=2369(us)!
[02:36:34.617] RX< [0m[6] [App Cam] cam sto
[02:36:34.617] RX< p success
[02:36:34.617] RX< [7] [cam] [41916][DfsSend][cam_cpm_core_power_off:467]id,0 type,1 ret 0
[02:36:34.617] RX< [6] [cam] [41917][sif0][sif_irq_proc:174]thread release cid,0
[02:36:34.617] RX< [6] [cam] [41917][DfsSend][cam_sif_mgr_deinit:316]X
[02:36:34.617] RX< [6] [cam] [41917][DfsSend][cam_deinit:887]deinit ok! logic
[02:36:34.620] RX< _id[0]
[02:36:34.620] RX< [34m[cam deinit] perf=1398(us)!
[02:36:34.620] RX< [0m[6] [App Cam] cam deinit success
[02:36:34.620] RX< [6] [cam] [41918][DfsSend][sensor_close:1292]sensor [1]: close!
[02:36:34.620] RX< [6] [cam] [41919][DfsSend][cam_bm_core_deinit:136]X
[02:36:34.620] RX< [INFO]	cpm[0] snsType1 capMod2 cfg0x01 6frms
[02:36:34.620] RX< [6] [cam] [4191
[02:36:34.620] RX< 9][be0][be_core_irq_proc:329]thread release cid,0
[02:36:34.620] RX< [6] [cam] [41919][DfsSend][cam_be_core_deinit:793]X
[02:36:34.620] RX< [6] [cam] [41920][me0][me_core_thread:404]thread release cid,0
[02:36:34.620] RX< [6] [cam] [41920][DfsSend][cam_me_core_deinit:1551]X
[02:36:34.620] RX< [6] [cam] [41921][fe0][fe_core_irq_p
[02:36:34.623] RX< roc:121]thread release cid,0
[02:36:34.623] RX< [6] [cam] [41921][DfsSend][cam_fe_core_deinit:536]X
[02:36:34.623] RX< [6] [cam] [41921][b_3a_sts][bayer_stats_core_irq_proc:193]thread release cid,0
[02:36:34.623] RX< [6] [cam] [41921][DfsSend][cam_bayer_stats_core_deinit:512]X
[02:36:34.623] RX< [6] [cam] [41922][lite0][lite_cor
[02:36:34.623] RX< e_irq_proc:190]thread release cid,0
[02:36:34.623] RX< [6] [cam] [41922][DfsSend][cam_lite_core_deinit:556]X
[02:36:34.623] RX< [6] [cam] [41923][b_ae0][a5_core_wrapper_task:315]thread release cid,0,algo,0
[02:36:34.623] RX< [6] [cam] [41923][DfsSend][bayer_ae_wrapper_deinit:204]X
[02:36:34.623] RX< [6] [cam] [41923][atf0][a5_co
[02:36:34.625] RX< re_wrapper_task:315]thread release cid,0,algo,1
[02:36:34.625] RX< [6] [cam] [41924][DfsSend][atf_wrapper_deinit:153]X
[02:36:34.625] RX< [6] [cam] [41924][awb0][a5_core_wrapper_task:315]thread release cid,0,algo,2
[02:36:34.625] RX< [6] [cam] [41924][DfsSend][awb_wrapper_deinit:153]X
[02:36:34.625] RX< [6] [cam] [41925][DfsSend
[02:36:34.626] RX< ][cam_5a_core_deinit:555]X
[02:36:34.626] RX< [6] [cam] [41925][DfsSend][cam_5a_inf_deinit:149]X
[02:36:34.626] RX< [6] [cam] [41925][qpc0][qpc_core_msg_proc:705]thread release cid,0
[02:36:34.626] RX< [6] [cam] [41926][DfsSend][qpc_core_deinit:1413]X
[02:36:34.626] RX< [6] [cam] [41926][DfsSend][cam_cpm_core_deinit:1248]X
[02:36:34.626] RX< [6] [
[02:36:34.634] RX< cam] [41926][DfsSend][csc_close:656]ok! phys_id[1], phys_num[1]
[02:36:34.634] RX< [7] [cam] [41927][cer0][cer_recovery_proc:352]msg type = 254
[02:36:34.634] RX< [6] [cam] [41927][cer0][cer_recovery_proc:454]thread release cid,0
[02:36:34.634] RX< [6] [cam] [41928][DfsSend][cer_deinit:560]X
[02:36:34.634] RX< [6] [cam] [41928][
[02:36:34.634] RX< DfsSend][cam_close:789]close ok! logic_id[0]
[02:36:34.634] RX< [34m[cam close] perf=9859(us)!
[02:36:34.634] RX< [0m[6] [App Cam] cam close success
[02:36:34.634] RX< [6] [cam] [41929][cpl0][cam_prelude_proc_routine:136]thread release
[02:36:34.634] RX< [6] [cam] [41929][DfsSend][cam_exit:571]exit ok!
[02:36:34.634] RX< [34m[cam exit] perf=65
[02:36:36.637] RX< 2(us)!
[02:36:36.637] RX< [0m[6] [App Cam] cam exit success
[02:36:36.637] RX< [6] [App Cam] jpeg deinit success
[02:36:36.637] RX< [6] [App Dfs] Save Photo Successful: /emmc/PIC/20260101_000040_0702/
[02:36:36.637] RX< [6] [App Dfs] Capture completed successfully.
[02:36:40.221] TX> cam_set video 1080p
[02:36:40.221] TX> echo "__EVBTEST_END_bc158346__"
[02:36:40.639] RX< cam_set video 1080p
[02:36:40.639] RX< [6] [App Dfs] w(1920) * h(1080) is 1080p, eis 1
[02:36:40.639] RX< msh /emmc>echo "__EVBTEST_END_bc158346__"
[02:36:40.639] RX< __EVBTEST_END_bc158346__
[02:36:40.639] RX< msh /emmc>
[02:36:40.757] RX< dfs_video_start
[02:36:40.757] RX< [7] [cam] [48056][tshell][cgm_parse_bin:104]total logical camera num: 1
[02:36:40.757] RX< [6] [cam] [48056][tshell][cam_prelude_create:187]E id, 0
[02:36:40.757] RX< [7] [cam] [48056][cpl0][cam_prelude_proc_routine:101]thread start
[02:36:40.757] RX< [6] [cam] [48056][tshell][cam_prelude_create
[02:36:40.757] RX< :214]X ctx size 132 addr 0x884de858
[02:36:40.757] RX< [6] [cam] [48060][tshell][sensor_probe:418]sensor [1]: identifing 0 success.
[02:36:40.757] RX< [6] [cam] [48061][tshell][sensor_probe:441]sensor [1]: probe exit!
[02:36:40.757] RX< [6] [cam] [48061][tshell][cam_prelude_fast_probe:251]cam: 0 probe result: 0
[02:36:40.760] RX< 
[02:36:40.760] RX< [6] [cam] [48061][tshell][cgm_parse_bin:218]cam(0) probe success
[02:36:40.760] RX< [6] [cam] [48062][tshell][cam_entry:455]entry ok
[02:36:40.760] RX< [34m[cam entry] perf=6527(us)!
[02:36:40.760] RX< [0m[6] [App Cam] cam entry success
[02:36:40.760] RX< [7] [cam] [48062][tshell][cam_solve_layout:350][mLayout] param OK, sce
[02:36:40.763] RX< n3 iw4032 ih2268 ow1920 oh1080 gdc 0x1
[02:36:40.763] RX< [36m[mLayout] scen03 in=4032x2268,out=1920x1080 meRot1 stripe0 gdcOn1
[02:36:40.763] RX< [0m[36m[mLayout] scen03 14entries solved status=OK retry=0 rtmp=enabled (cursor0=0x8a00f210 cursor1=0x88e20aa0, ch0/1/2 cnt=5/3/1)
[02:36:40.763] RX< [0m[7] [cam
[02:36:40.763] RX< ] [48064][tshell][cam_solve_layout:377]
[02:36:40.763] RX< [mLayout] out vol 0x8c000000 rBuf 0x8a5e5400 sz 0xd00000 wBuf 0x89700000 sz 0x900000
[02:36:40.763] RX<           rtmp tBuf 0x8a10f210 sz 0x80000 aBuf 0x8a08f210 sz 0x80000
[02:36:40.763] RX<        alg EIS buf 0x8a00f210
[02:36:40.763] RX< [7] [cam] [48066][tshell][cam
[02:36:40.765] RX< _solve_layout:397]Solve Scen3 layout Done!
[02:36:40.765] RX< [6] [cam] [48066][tshell][cgm_parse_media_para:274]phy cam num: 1
[02:36:40.765] RX< [7] [cam] [48066][cer0][cer_recovery_proc:343]thread start cid, 0
[02:36:40.765] RX< [6] [cam] [48066][tshell][csc_open:499]SENSOR MCLK cal: 24MHz
[02:36:40.765] RX< [6] [cam] [48067]
[02:36:40.765] RX< [tshell][csc_isp_clk_cal:344]MIPI CLK cal: 277MHz
[02:36:40.765] RX< [6] [cam] [48067][tshell][csc_isp_clk_cal:374]LITE CLK cal: 25MHz
[02:36:40.765] RX< [7] [cam] [48068][tshell][cpc_csi_rx_power_on:633]E id: 2
[02:36:40.765] RX< [4] [cam] [48068][tshell][cpc_csi_rx_power_on:644]csi_2 has already power on, STA
[02:36:40.772] RX< TUS: 1
[02:36:40.772] RX< [6] [cam] [48069][tshell][cpc_update_clock:603]actual SNS mclk: 24MHz
[02:36:40.772] RX< [6] [cam] [48069][tshell][cpc_update_clock:608]actual MIPI0: 300MHz
[02:36:40.772] RX< [6] [cam] [48069][tshell][cpc_update_clock:598]actual LITE clk: 25MHz
[02:36:40.772] RX< [7] [cam] [48070][tshell][cam_prelude_o
[02:36:40.772] RX< pen:297][34msnsOpen camID1 csiID0 phyIdx0[0m
[02:36:40.772] RX< [6] [cam] [48074][tshell][sensor_expo_gain_match:48]sensor get sensor expo gain of imx681_vst
[02:36:40.772] RX< [6] [cam] [48074][tshell][sensor_open:684]sensor [1] open OK.
[02:36:40.772] RX< [6] [cam] [48074][tshell][cam_cpm_parse_media:295]v
[02:36:40.774] RX< ideo scenario:3, media para[fps:0, mirror_en:0, flip_en:0]
[02:36:40.774] RX< [6] [cam] [48075][tshell][cam_cpm_parse_media:298]video scenario, media para[iso:0, gain:0, wb_mode:0]
[02:36:40.774] RX< [6] [cam] [48076][tshell][csc_isp_clk_cal:355]FE CLK cal: 373MHz, ME CLK cal: 371MHz, FE/ME C
[02:36:40.774] RX< LK cal: 410MHz
[02:36:40.774] RX< [6] [cam] [48076][tshell][csc_isp_clk_cal:364]BE CLK cal: 301MHz
[02:36:40.774] RX< [4] [cam] [48077][tshell][cam_fe_core_power_on:269]fe pipe has already power on, STATUS: 1
[02:36:40.774] RX< [6] [cam] [48077][tshell][cpc_update_clock:588]actual FE/ME clk: 500MHz
[02:36:40.774] RX< [4] [cam] [
[02:36:40.778] RX< 48078][tshell][cam_be_core_power_on:1028]be pipe has already power on, STATUS: 1
[02:36:40.778] RX< [6] [cam] [48078][tshell][cpc_update_clock:593]actual BE clk: 500MHz
[02:36:40.778] RX< [7] [cam] [48078][tshell][cam_cpm_core_power_on:435]id,0 type,1 ret 0
[02:36:40.778] RX< [6] [cam] [48079][tshell][cam_cpm_c
[02:36:40.778] RX< ore_init:1017]E id,0 sensor type,1
[02:36:40.778] RX< [6] [cam] [48080][tshell][cpm_core_check_tuningbin:957]Tuning bin crc check PASS! sum 0x17a5964, xor 0x87e82682
[02:36:40.778] RX< [6] [cam] [48080][tshell][qpc_tuning_check_iqbin_validness:396]IQ bin addr: 0x88646660, project_name: video_
[02:36:40.781] RX< 3M
[02:36:40.781] RX< [6] [cam] [48081][tshell][qpc_tuning_check_iqbin_validness:397]total_size: 94400
[02:36:40.781] RX< [6] [cam] [48081][tshell][qpc_tuning_check_iqbin_validness:398]id_count: 93. ID_TOTAL: 94
[02:36:40.781] RX< [6] [cam] [48082][tshell][qpc_tuning_check_iqbin_validness:399]spinel tuning dat
[02:36:40.781] RX< a ver: V1.30
[02:36:40.781] RX< [6] [cam] [48082][tshell][cpm_core_check_tuningbin:971]IQ bin check success!
[02:36:40.781] RX< [6] [cam] [48083][tshell][cam_bm_core_init:94]E
[02:36:40.781] RX< [6] [cam] [48083][tshell][bm_lab_init:174]X ctx size 4 addr 0x884b98d8
[02:36:40.781] RX< [6] [cam] [48084][tshell][cam_bm_core_init:11
[02:36:40.795] RX< 4]X ctx size 180 addr 0x884c2638
[02:36:40.795] RX< [6] [cam] [48084][tshell][qpc_core_init:1299]E id,0
[02:36:40.795] RX< [6] [cam] [48084][tshell][qpc_queue_init:65]QPC init qnodes 8, size 508, pool 0x884df5f8
[02:36:40.795] RX< [7] [cam] [48085][tshell][_qpc_get_cap_cfg_para:896][fallback]preset capCfg 200 0
[02:36:40.795] RX<  0 invalid, use default
[02:36:40.795] RX< [7] [cam] [48086][tshell][_qpc_cfg_hdr_frms:840][fallback]preset hdrCfg 0 0 0 0 0 invalid, use default
[02:36:40.795] RX< [6] [cam] [48098][tshell][qpc_core_init:1347]X ctx size 1288 addr 0x884c2700
[02:36:40.795] RX< [6] [cam] [48098][tshell][cpm_core_get_param:764]cp
[02:36:40.798] RX< m para chk: tunBin-w 4032 h 2266 img-w 4032 h 2268
[02:36:40.798] RX< [6] [cam] [48098][tshell][cam_fe_core_init:436]E id,0
[02:36:40.798] RX< [6] [cam] [48099][tshell][cam_fe_core_init:490]X ctx size 96 addr 0x884c33b0
[02:36:40.798] RX< [7] [cam] [48099][tshell][qpc_core_fe_chords_init:1763][34mqpc fe init 
[02:36:40.798] RX< snsOut w 4032 h 2268, tbl w 28 h 20[0m
[02:36:40.798] RX< [6] [cam] [48099][tshell][cam_me_core_init:1523]X ctx size 1352 addr 0x884f1ae8
[02:36:40.798] RX< [34m[ME SLICE CFG] perf=448(us)!
[02:36:40.798] RX< [0m[6] [cam] [48101][tshell][cam_bayer_fe_3a_stats_core_init:445]fe 3a id,0
[02:36:40.798] RX< [6] [cam] [48102][tshel
[02:36:40.801] RX< l][cam_bayer_fe_3a_stats_core_init:490]X ctx size 132 addr 0x884fa508
[02:36:40.801] RX< [6] [cam] [48102][tshell][cam_be_core_init:621]E id,0
[02:36:40.801] RX< [7] [cam] [48102][be0][be_core_irq_proc:270]thread start cid,0
[02:36:40.801] RX< [6] [cam] [48103][tshell][cam_be_core_init:716]X ctx size 472 addr 0
[02:36:40.801] RX< x884fa898
[02:36:40.801] RX< [6] [cam] [48103][tshell][awb_wrapper_init:66]xxx awb_bin=0x884e18bc, awb_bin_length=8068
[02:36:40.801] RX< [6] [cam] [48104][tshell][awb_wrapper_init:86]X algo_handle 0x885017c0
[02:36:40.801] RX< [7] [cam] [48104][awb0][a5_core_wrapper_task:252]thread start cid,0 algo type,2
[02:36:40.801] RX< [6]
[02:36:40.805] RX<  [cam] [48104][tshell][a5_core_init_task:426]thread created: awb0 mq=0x88503880 thread=0x88503998 sem=0x88503810 ret=0
[02:36:40.805] RX< [6] [cam] [48105][tshell][bayer_ae_wrapper_init:68]E id,0 proc mode 0 
[02:36:40.805] RX< 
[02:36:40.805] RX< [AEC Proc] @[allib_ae_set_debug_log_flag] Line:129:[DEBUG] debug
[02:36:40.805] RX<  level/to_file/to_terminal: 22/1/1
[02:36:40.805] RX< [AEC Proc] @[AeInit] Line:377:[INFO] AE ver: 2026_V2.269
[02:36:40.805] RX< 
[02:36:40.805] RX< [AEC Proc] @[allib_ae_loadfunc] Line:193:[INFO] camera ID: 0
[02:36:40.805] RX< [AEC Proc] @[alAE_set_param] Line:576:[DEBUG] sw_maxtime 33004 ,pertline 10800, after check sensor st
[02:36:40.808] RX< ep sw_max_time 33000.00
[02:36:40.808] RX< [AEC Proc] @[alAE_set_param] Line:581:[DEBUG] sw_mintime 43 ,pertline 10800, after check sensor step sw_min_time 40.00
[02:36:40.808] RX< [AEC Proc] @[alAE_set_param] Line:514:[DEBUG] DEBUG minbv exptime 11 gain 100, minExpBV 13810
[02:36:40.808] RX< [AEC Proc] @[AeTu
[02:36:40.808] RX< ningParseSet] Line:167:[DEBUG] aeparam version 2.268 60803
[02:36:40.808] RX< [AEC Proc] @[alAE_set_param] Line:341:[DEBUG] INITEXP gain 100, shutter 33242, midtonegain 100, bv 2247
[02:36:40.808] RX< [6] [cam] [48111][tshell][bayer_ae_wrapper_init:119]X tline 10800 max_exp 33004 alg_hdl 0x88
[02:36:40.810] RX< 506148 
[02:36:40.810] RX< [7] [cam] [48111][b_ae0][a5_core_wrapper_task:252]thread start cid,0 algo type,0
[02:36:40.810] RX< [6] [cam] [48112][tshell][a5_core_init_task:426]thread created: b_ae0 mq=0x885071f8 thread=0x88507310 sem=0x88507188 ret=0
[02:36:40.810] RX< [6] [cam] [48112][tshell][atf_wrapper_init:
[02:36:40.811] RX< 67]E id,0
[02:36:40.811] RX< [6] [cam] [48113][tshell][atf_wrapper_init:107]X alg_ctx addr 0x885076e8
[02:36:40.811] RX< [7] [cam] [48113][atf0][a5_core_wrapper_task:252]thread start cid,0 algo type,1
[02:36:40.811] RX< [6] [cam] [48114][tshell][a5_core_init_task:426]thread created: atf0 mq=0x88507820 thread=0
[02:36:40.821] RX< x88507938 sem=0x885077b0 ret=0
[02:36:40.821] RX< [6] [cam] [48114][tshell][cam_cpm_core_init:1101]GDC enabled: video_eis=1, photo_warp=0
[02:36:40.821] RX< [6] [cam] [48123][tshell][cam_dewarp_init:333]table reg: enable:1, blockw:5, inw:1296, inh:2304, mapw:61, maph:35, outw:1920, outh:1080
[02:36:40.821] RX< [6] [cam] [48123][tshell][cam_dewarp_init:354]dewarp init: real-IMU consumer registered, reader=0x88507c38
[02:36:40.821] RX< [6] [cam] [48124][dwp0][dewarp_thread_entry:164]dewarp thread start, id=0
[02:36:40.821] RX< [6] [cam] [48125][tshell][cam_dewarp_init:379]EIS: dewarp init ok: dwp0 ei
[02:36:40.828] RX< s_ctx=0x8a00f210 table_size=12810 reg=61x35x5
[02:36:40.828] RX< [6] [cam] [48125][tshell][cam_cpm_core_init:1131]EIS: dewarp enabled, eis_ctx=0x8a00f210, eis_cfg=0x884c2584
[02:36:40.828] RX< [6] [cam] [48126][tshell][cam_cpm_core_init:1149]X ctx size 1096 addr 0x884c21e0
[02:36:40.828] RX< [6] [cam] [48126][
[02:36:40.829] RX< tshell][csc_open:599]ok! phys_id[1], phys_num[1] 
[02:36:40.829] RX< [6] [cam] [48127][tshell][cam_open:738]open ok! camera_id[0]
[02:36:40.829] RX< [34m[cam open] perf=64784(us)!
[02:36:40.829] RX< [0m[6] [App Cam] cam open success
[02:36:40.829] RX< [6] [cam] [48132][tshell][csc_init:722]sensor info:size:4032x2268, formt: 0x
[02:36:40.832] RX< 2b, bps: 1968, tline: 10800
[02:36:40.832] RX< [6] [cam] [48132][tshell][cam_sif_mgr_init:261]E id,0
[02:36:40.832] RX< [7] [cam] [48133][sif0][sif_irq_proc:151]thread start cid,0
[02:36:40.832] RX< [6] [cam] [48133][tshell][cam_sif_mgr_init:293]X ctx size 52 addr 0x88544668
[02:36:40.832] RX< [6] [cam] [48134][tshell][cam_prelu
[02:36:40.832] RX< de_init_cfg:368]CSI ID is 0,  phy lanes is 2.
[02:36:40.832] RX< [7] [cam] [48134][tshell][check_phy_ready:96]MIPI_PHY[0] is ready
[02:36:40.832] RX< [6] [cam] [48135][tshell][sensor_init:348]sensor [1]: register ok
[02:36:40.832] RX< [6] [cam] [48135][tshell][sensor_set_mode:887]sensor [1]: SetMode -> mode = 0
[02:36:40.840] RX< .
[02:36:40.840] RX< [6] [cam] [48136][tshell][sensor_send_reg_tab_to_sensor:705]sensor [1]: send_reg_tab_to_sensor E.
[02:36:40.840] RX< [6] [cam] [48139][tshell][sensor_send_reg_tab_to_sensor:751]sensor [1]: reg_count = 77.
[02:36:40.840] RX< [6] [cam] [48139][tshell][sensor_init:361]sensor [1]: init success.
[02:36:40.842] TX> dfs_video_start
[02:36:40.842] TX> echo "__EVBTEST_END_94f431e2__"
[02:36:40.843] RX< 
[02:36:40.843] RX< [6] [cam] [48139][tshell][sensor_set_mode:887]sensor [1]: SetMode -> mode = 3.
[02:36:40.843] RX< [6] [cam] [48140][tshell][sensor_send_reg_tab_to_sensor:705]sensor [1]: send_reg_tab_to_sensor E.
[02:36:40.843] RX< [6] [cam] [48144][tshell][sensor_send_reg_tab_to_sensor:751]sensor [1]: reg_c
[02:36:40.843] RX< ount = 83.
[02:36:40.843] RX< [6] [cam] [48144][tshell][csc_init:731]ok! phys_id[1], phys_num[1]
[02:36:40.843] RX< [6] [cam] [48145][tshell][csc_get_bayer_single_buffer:1148]scenario_type: 3
[02:36:40.843] RX< [6] [cam] [48145][tshell][csc_set_stats_fmt:98]index 0 w 1 h 1 bw 8 wcmp 255
[02:36:40.843] RX< [7] [cam] [48145][tshel
[02:36:40.846] RX< l][bm_ioctl:201]BMIOC_STATS_FMT
[02:36:40.846] RX< [6] [cam] [48146][tshell][csc_set_fe_fmt:47]index 1 w 4032 h 2268 bw 10 wcmp 0
[02:36:40.846] RX< [7] [cam] [48146][tshell][bm_ioctl:201]BMIOC_FE_FMT
[02:36:40.846] RX< [6] [cam] [48146][tshell][csc_set_me_fmt:64]index 5 w 2268 h 4032 bw 10 wcmp 0, rdma_addr 0x
[02:36:40.846] RX< 88e43800, wdma_addr 0x88e43800
[02:36:40.846] RX< [7] [cam] [48147][tshell][bm_ioctl:201]BMIOC_ME_FMT
[02:36:40.846] RX< [6] [cam] [48147][tshell][csc_set_video_fmt:1076]meta_addr: 0x8a18f240
[02:36:40.846] RX< [6] [cam] [48148][tshell][csc_set_me_fmt:64]index 6 w 1296 h 2304 bw 8 wcmp 0, rdma_addr 0x8b2e5400,
[02:36:40.848] RX<  wdma_addr 0x8a19fc00
[02:36:40.848] RX< [6] [cam] [48148][tshell][cam_me_core_buffer_cfg:1416]
[02:36:40.848] RX< ----ME PIPE INFO---
[02:36:40.848] RX<  wdma_buf_num:2, rotation_en: 1
[02:36:40.848] RX< [7] [cam] [48149][tshell][cam_me_core_buffer_cfg:1424]yuv wdma_addr 0:0x8a19fc00, meta_en: 1, 0x8a18f240
[02:36:40.848] RX< [7] [cam] [48149][t
[02:36:40.849] RX< shell][cam_me_core_buffer_cfg:1424]yuv wdma_addr 1:0x8a3c2800, meta_en: 1, 0x8a18f240
[02:36:40.849] RX< [7] [cam] [48150][tshell][bm_ioctl:201]BMIOC_ME_FMT
[02:36:40.849] RX< [6] [cam] [48150][tshell][csc_set_lite_fmt:115]index 13 w 400 h 400 bw 10 wcmp 255
[02:36:40.849] RX< [7] [cam] [48151][tshell][bm_ioct
[02:36:40.851] RX< l:201]BMIOC_LITE_FMT
[02:36:40.851] RX< [6] [cam] [48151][tshell][csc_set_lite_fmt:115]index 14 w 400 h 400 bw 10 wcmp 255
[02:36:40.851] RX< [7] [cam] [48152][tshell][bm_ioctl:201]BMIOC_LITE_FMT
[02:36:40.851] RX< [6] [cam] [48152][tshell][csc_set_be_fmt:81]index 7 w 1920 h 1080 bw 6 wcmp 0
[02:36:40.851] RX< [7] [cam] [48153][
[02:36:40.851] RX< tshell][bm_ioctl:201]BMIOC_BE_FMT
[02:36:40.851] RX< [6] [cam] [48153][tshell][csc_set_be_fmt:81]index 8 w 1920 h 1080 bw 8 wcmp 255
[02:36:40.851] RX< [7] [cam] [48153][tshell][bm_ioctl:201]BMIOC_BE_FMT
[02:36:40.851] RX< [6] [cam] [48153][tshell][cam_dewarp_set_table_base:480]dewarp table base updated: [0]=0x
[02:36:40.854] RX< 88e20aa0 [1]=0x88e32150
[02:36:40.854] RX< [6] [cam] [48154][tshell][cam_cpm_core_set_dewarp_table_base:1611]dewarp table base updated: [0]=0x88e20aa0 [1]=0x88e32150
[02:36:40.854] RX< [6] [cam] [48154][tshell][csc_init:739]get otp ok! phys_id[1], phys_num[1]
[02:36:40.854] RX< [6] [cam] [48155][tshell][cam_in
[02:36:40.854] RX< it:828]init ok! logic_id[0]
[02:36:40.854] RX< [34m[cam init] perf=23300(us)!
[02:36:40.854] RX< [0m[6] [App Cam] cam init success
[02:36:40.854] RX< [7] [cam] [48156][tshell][cam_cpm_core_stream_on:560]id 0 sensor type 1
[02:36:40.854] RX< [6] [cam] [48156][tshell][sensor_stream_on:1024]sensor [1]: stream_on
[02:36:40.854] RX< [6] [cam] [48157]
[02:36:40.872] RX< [tshell][sensor_stream_on:1052]sensor [1]: REG: 0x100, W:0x1.
[02:36:40.872] RX< [6] [cam] [48157][tshell][sensor_stream_on:1054]sensor [1]: REG: 0x100, R:0x1.
[02:36:40.872] RX< [6] [cam] [48157][tshell][csc_prv_start:873]ok! phys_id[1], phys_num[1], cam_ids[1]
[02:36:40.872] RX< [6] [cam] [48158][tshell][cam
[02:36:40.873] RX< _start:938]preview start ok! logic_id[0]
[02:36:40.873] RX< [34m[cam start] perf=2326(us)!
[02:36:40.873] RX< [0m[6] [App Cam] cam start success
[02:36:40.873] RX< [6] [App Dfs] Gravity_XR Record Start
[02:36:40.873] RX< msh /emmc>echo "__EVBTEST_END_94f431e2__"
[02:36:40.873] RX< __EVBTEST_END_94f431e2__
[02:36:40.873] RX< msh /emmc>[7] [cam] [48160][b_3a_sts][ba
[02:36:40.990] RX< yer_stats_core_irq_proc:164]thread start cid,0
[02:36:40.990] RX< [7] [cam] [48160][fe0][fe_core_irq_proc:98]thread start cid,0
[02:36:40.990] RX< [34m[AE] fid=0,exp=8310,adg=100,Y=4979,mtg=100,shg=100,bgbv=4222,iso=100,cnv0,hdr0
[02:36:40.990] RX< [0m[34m[b_ae0 proc] perf=2803(us), max=2803(us)!
[02:36:40.990] RX< [0m[34m[
[02:36:41.163] RX< awb0 proc] perf=1294(us), max=1294(us)!
[02:36:41.163] RX< [0m[7] [cam] [48292][me0][me_core_thread:359]ME out fid 0
[02:36:41.163] RX< [6] [cam] [48339][dwp0][cpm_cb_dewarp_handle:1411]EIS: dewarp done frm=0, buf_idx=0
[02:36:41.163] RX< [6] [cam] [48451][me0][cpm_cb_fe2me_tikChk:152]frm_length 88560us, fe2me 
[02:36:42.151] RX< delta 0
[02:36:42.151] RX< [34m[ME INTP]fid=0, shutter=8310, perf=793(us), max=793(us)!
[02:36:42.151] RX< [0m[32m[BE] fid=0, perf=6413(us), max=6413(us)!
[02:36:42.151] RX< [0m[6] [App Dfs] f_index = 0, f_len = 31762, cur_total_len = 31850
[02:36:42.151] RX< [34m[AE] fid=30,exp=11980,adg=300,Y=4413,mtg=180,shg=100,bgbv=1165,
[02:36:44.152] RX< iso=300,cnv2,hdr0
[02:36:44.152] RX< [0m[7] [cam] [49458][me0][me_core_thread:359]ME out fid 30
[02:36:44.152] RX< [34m[AE] fid=60,exp=12160,adg=300,Y=4396,mtg=180,shg=100,bgbv=1147,iso=300,cnv2,hdr0
[02:36:44.152] RX< [0m[7] [cam] [50458][me0][me_core_thread:359]ME out fid 60
[02:36:44.152] RX< [34m[AE] fid=90,exp=12140,adg=3
[02:36:44.504] RX< 00,Y=4457,mtg=180,shg=100,bgbv=1160,iso=300,cnv2,hdr0
[02:36:44.504] RX< [0m[34m[b_ae0 proc] perf=470(us), max=2803(us)!
[02:36:44.504] RX< [0m[34m[awb0 proc] perf=1299(us), max=1436(us)!
[02:36:44.504] RX< [0m[7] [cam] [51458][me0][me_core_thread:359]ME out fid 90
[02:36:44.504] RX< [32m[BE] fid=90, perf=8669(us), max=9568
[02:36:45.249] RX< (us)!
[02:36:45.249] RX< [0m[6] [App Dfs] f_index = 90, f_len = 167130, cur_total_len = 6809137
[02:36:45.249] RX< [34m[AE] fid=120,exp=12140,adg=300,Y=4462,mtg=180,shg=100,bgbv=1160,iso=300,cnv2,hdr0
[02:36:45.249] RX< [0m[7] [cam] [52458][me0][me_core_thread:359]ME out fid 120
[02:36:45.249] RX< [34m[ME INTP]fid=120, shutter
[02:36:47.150] RX< =12140, perf=98(us), max=4198(us)!
[02:36:47.150] RX< [0m[34m[AE] fid=150,exp=12130,adg=300,Y=4475,mtg=180,shg=100,bgbv=1168,iso=300,cnv2,hdr0
[02:36:47.150] RX< [0m[7] [cam] [53457][me0][me_core_thread:359]ME out fid 150
[02:36:47.150] RX< [34m[AE] fid=180,exp=12070,adg=300,Y=4446,mtg=180,shg=100,bgbv=1163,
[02:36:47.523] RX< iso=300,cnv2,hdr0
[02:36:47.523] RX< [0m[34m[b_ae0 proc] perf=430(us), max=644(us)!
[02:36:47.523] RX< [0m[34m[awb0 proc] perf=1314(us), max=1544(us)!
[02:36:47.523] RX< [0m[7] [cam] [54457][me0][me_core_thread:359]ME out fid 180
[02:36:47.523] RX< [32m[BE] fid=180, perf=8582(us), max=8762(us)!
[02:36:47.523] RX< [0m[6] [App Dfs] f_index = 1
[02:36:49.166] RX< 80, f_len = 161159, cur_total_len = 6571120
[02:36:49.166] RX< [34m[AE] fid=210,exp=12080,adg=300,Y=4437,mtg=180,shg=100,bgbv=1159,iso=300,cnv2,hdr0
[02:36:49.166] RX< [0m[7] [cam] [55457][me0][me_core_thread:359]ME out fid 210
[02:36:49.166] RX< [34m[AE] fid=240,exp=12080,adg=300,Y=4433,mtg=180,shg=100,bgbv=
[02:36:50.148] RX< 1159,iso=300,cnv2,hdr0
[02:36:50.148] RX< [0m[6] [cam] [56449][dwp0][cpm_cb_dewarp_handle:1411]EIS: dewarp done frm=240, buf_idx=0
[02:36:50.148] RX< [7] [cam] [56457][me0][me_core_thread:359]ME out fid 240
[02:36:50.148] RX< [34m[ME INTP]fid=240, shutter=12080, perf=3(us), max=137(us)!
[02:36:50.148] RX< [0m[34m[AE] fid=270,e
[02:36:50.500] RX< xp=12080,adg=300,Y=4425,mtg=180,shg=100,bgbv=1159,iso=300,cnv2,hdr0
[02:36:50.500] RX< [0m[34m[b_ae0 proc] perf=413(us), max=586(us)!
[02:36:50.500] RX< [0m[34m[awb0 proc] perf=1360(us), max=1418(us)!
[02:36:50.500] RX< [0m[7] [cam] [57457][me0][me_core_thread:359]ME out fid 270
[02:36:50.500] RX< [32m[BE] fid=270, perf=861
[02:36:52.145] RX< 4(us), max=8741(us)!
[02:36:52.145] RX< [0m[6] [App Dfs] f_index = 270, f_len = 162031, cur_total_len = 6598807
[02:36:52.145] RX< [34m[AE] fid=300,exp=12080,adg=300,Y=4428,mtg=180,shg=100,bgbv=1159,iso=300,cnv2,hdr0
[02:36:52.145] RX< [0m[7] [cam] [58457][me0][me_core_thread:359]ME out fid 300
[02:36:52.145] RX< [34m[AE] fid=
[02:36:53.147] RX< 330,exp=12070,adg=300,Y=4440,mtg=180,shg=100,bgbv=1163,iso=300,cnv2,hdr0
[02:36:53.147] RX< [0m[7] [cam] [59457][me0][me_core_thread:359]ME out fid 330
[02:36:53.147] RX< [34m[AE] fid=360,exp=12060,adg=300,Y=4456,mtg=180,shg=100,bgbv=1167,iso=300,cnv2,hdr0
[02:36:53.147] RX< [0m[34m[b_ae0 proc] perf=423(us),
[02:36:53.520] RX<  max=625(us)!
[02:36:53.520] RX< [0m[34m[awb0 proc] perf=1302(us), max=1461(us)!
[02:36:53.520] RX< [0m[7] [cam] [60456][me0][me_core_thread:359]ME out fid 360
[02:36:53.520] RX< [34m[ME INTP]fid=360, shutter=12060, perf=4(us), max=768(us)!
[02:36:53.520] RX< [0m[32m[BE] fid=360, perf=8608(us), max=8614(us)!
[02:36:53.520] RX< [0m[6] [App Df
[02:36:55.144] RX< s] f_index = 360, f_len = 160414, cur_total_len = 6585862
[02:36:55.144] RX< [34m[AE] fid=390,exp=12070,adg=300,Y=4441,mtg=180,shg=100,bgbv=1163,iso=300,cnv2,hdr0
[02:36:55.144] RX< [0m[7] [cam] [61456][me0][me_core_thread:359]ME out fid 390
[02:36:55.144] RX< [34m[AE] fid=420,exp=12140,adg=300,Y=4380,mtg=180
[02:36:56.146] RX< ,shg=100,bgbv=1143,iso=300,cnv2,hdr0
[02:36:56.146] RX< [0m[7] [cam] [62456][me0][me_core_thread:359]ME out fid 420
[02:36:56.146] RX< [34m[AE] fid=450,exp=12030,adg=300,Y=4456,mtg=180,shg=100,bgbv=1171,iso=300,cnv2,hdr0
[02:36:56.146] RX< [0m[34m[b_ae0 proc] perf=408(us), max=666(us)!
[02:36:56.146] RX< [0m[34m[awb0 proc] 
[02:36:57.161] RX< perf=1311(us), max=1520(us)!
[02:36:57.161] RX< [0m[7] [cam] [63456][me0][me_core_thread:359]ME out fid 450
[02:36:57.161] RX< [32m[BE] fid=450, perf=8615(us), max=8809(us)!
[02:36:57.161] RX< [0m[6] [App Dfs] f_index = 450, f_len = 162555, cur_total_len = 6849822
[02:36:57.161] RX< [34m[AE] fid=480,exp=12040,adg=300,Y=4447,mt
[02:36:57.243] RX< g=180,shg=100,bgbv=1167,iso=300,cnv2,hdr0
[02:36:57.243] RX< [0m[6] [cam] [64448][dwp0][cpm_cb_dewarp_handle:1411]EIS: dewarp done frm=480, buf_idx=0
[02:36:57.243] RX< [7] [cam] [64456][me0][me_core_thread:359]ME out fid 480
[02:36:57.243] RX< [34m[ME INTP]fid=480, shutter=12040, perf=97(us), max=2658(us)!
[02:36:57.243] RX< [
[02:36:59.144] RX< 0m[34m[AE] fid=510,exp=12040,adg=300,Y=4443,mtg=180,shg=100,bgbv=1167,iso=300,cnv2,hdr0
[02:36:59.144] RX< [0m[7] [cam] [65456][me0][me_core_thread:359]ME out fid 510
[02:36:59.144] RX< [34m[AE] fid=540,exp=12040,adg=300,Y=4429,mtg=180,shg=100,bgbv=1163,iso=300,cnv2,hdr0
[02:36:59.144] RX< [0m[34m[b_ae0 pro
[02:36:59.518] RX< c] perf=412(us), max=472(us)!
[02:36:59.518] RX< [0m[34m[awb0 proc] perf=1354(us), max=1409(us)!
[02:36:59.518] RX< [0m[7] [cam] [66456][me0][me_core_thread:359]ME out fid 540
[02:36:59.518] RX< [32m[BE] fid=540, perf=8752(us), max=8786(us)!
[02:36:59.518] RX< [0m[6] [App Dfs] f_index = 540, f_len = 169402, cur_total_len = 6
[02:37:01.156] RX< 617699
[02:37:01.156] RX< [34m[AE] fid=570,exp=12050,adg=300,Y=4419,mtg=180,shg=100,bgbv=1159,iso=300,cnv2,hdr0
[02:37:01.156] RX< [0m[7] [cam] [67456][me0][me_core_thread:359]ME out fid 570
[02:37:01.156] RX< [34m[AE] fid=600,exp=12090,adg=300,Y=4414,mtg=180,shg=100,bgbv=1155,iso=300,cnv2,hdr0
[02:37:01.156] RX< [0m[7] [cam] 
[02:37:02.143] RX< [68455][me0][me_core_thread:359]ME out fid 600
[02:37:02.143] RX< [34m[ME INTP]fid=600, shutter=12090, perf=4(us), max=1351(us)!
[02:37:02.143] RX< [0m[34m[AE] fid=630,exp=12090,adg=300,Y=4424,mtg=180,shg=100,bgbv=1155,iso=300,cnv2,hdr0
[02:37:02.143] RX< [0m[34m[b_ae0 proc] perf=431(us), max=586(us)!
[02:37:02.143] RX< [0m
[02:37:03.140] RX< [34m[awb0 proc] perf=1294(us), max=1481(us)!
[02:37:03.140] RX< [0m[7] [cam] [69455][me0][me_core_thread:359]ME out fid 630
[02:37:03.140] RX< [32m[BE] fid=630, perf=8648(us), max=8752(us)!
[02:37:03.140] RX< [0m[6] [App Dfs] f_index = 630, f_len = 163734, cur_total_len = 6619800
[02:37:03.140] RX< [34m[AE] fid=660,exp=12080,
[02:37:04.156] RX< adg=300,Y=4429,mtg=180,shg=100,bgbv=1159,iso=300,cnv2,hdr0
[02:37:04.156] RX< [0m[7] [cam] [70455][me0][me_core_thread:359]ME out fid 660
[02:37:04.156] RX< [34m[AE] fid=690,exp=12070,adg=300,Y=4440,mtg=180,shg=100,bgbv=1163,iso=300,cnv2,hdr0
[02:37:04.156] RX< [0m[7] [cam] [71455][me0][me_core_thread:359]ME 
[02:37:05.157] RX< out fid 690
[02:37:05.157] RX< [34m[AE] fid=720,exp=12070,adg=300,Y=4439,mtg=180,shg=100,bgbv=1163,iso=300,cnv2,hdr0
[02:37:05.157] RX< [0m[34m[b_ae0 proc] perf=412(us), max=669(us)!
[02:37:05.157] RX< [0m[34m[awb0 proc] perf=1303(us), max=1510(us)!
[02:37:05.157] RX< [0m[6] [cam] [72447][dwp0][cpm_cb_dewarp_handle:1411]EIS
[02:37:05.516] RX< : dewarp done frm=720, buf_idx=0
[02:37:05.516] RX< [7] [cam] [72455][me0][me_core_thread:359]ME out fid 720
[02:37:05.516] RX< [34m[ME INTP]fid=720, shutter=12070, perf=3(us), max=831(us)!
[02:37:05.516] RX< [0m[32m[BE] fid=720, perf=8888(us), max=8888(us)!
[02:37:05.516] RX< [0m[6] [App Dfs] f_index = 720, f_len = 176404, cu
[02:37:07.138] RX< r_total_len = 6802098
[02:37:07.138] RX< [34m[AE] fid=750,exp=12070,adg=300,Y=4447,mtg=180,shg=100,bgbv=1163,iso=300,cnv2,hdr0
[02:37:07.138] RX< [0m[7] [cam] [73455][me0][me_core_thread:359]ME out fid 750
[02:37:07.138] RX< [34m[AE] fid=780,exp=12080,adg=300,Y=4435,mtg=180,shg=100,bgbv=1159,iso=300,cnv2,hdr0
[02:37:08.155] RX< 
[02:37:08.155] RX< [0m[7] [cam] [74455][me0][me_core_thread:359]ME out fid 780
[02:37:08.155] RX< [34m[AE] fid=810,exp=12070,adg=300,Y=4443,mtg=180,shg=100,bgbv=1163,iso=300,cnv2,hdr0
[02:37:08.155] RX< [0m[34m[b_ae0 proc] perf=408(us), max=611(us)!
[02:37:08.155] RX< [0m[34m[awb0 proc] perf=1366(us), max=1461(us)!
[02:37:08.155] RX< [0m[7]
[02:37:09.137] RX<  [cam] [75454][me0][me_core_thread:359]ME out fid 810
[02:37:09.137] RX< [32m[BE] fid=810, perf=8664(us), max=8888(us)!
[02:37:09.137] RX< [0m[6] [App Dfs] f_index = 810, f_len = 163695, cur_total_len = 6789606
[02:37:09.137] RX< [34m[AE] fid=840,exp=12070,adg=300,Y=4445,mtg=180,shg=100,bgbv=1163,iso=300,cnv2
[02:37:10.152] RX< ,hdr0
[02:37:10.152] RX< [0m[7] [cam] [76454][me0][me_core_thread:359]ME out fid 840
[02:37:10.152] RX< [34m[ME INTP]fid=840, shutter=12070, perf=4(us), max=1375(us)!
[02:37:10.152] RX< [0m[34m[AE] fid=870,exp=12060,adg=300,Y=4451,mtg=180,shg=100,bgbv=1167,iso=300,cnv2,hdr0
[02:37:10.152] RX< [0m[7] [cam] [77454][me0][me_core
[02:37:11.154] RX< _thread:359]ME out fid 870
[02:37:11.154] RX< [34m[AE] fid=900,exp=12060,adg=300,Y=4462,mtg=180,shg=100,bgbv=1167,iso=300,cnv2,hdr0
[02:37:11.154] RX< [0m[34m[b_ae0 proc] perf=438(us), max=630(us)!
[02:37:11.154] RX< [0m[34m[awb0 proc] perf=1367(us), max=1555(us)!
[02:37:11.154] RX< [0m[7] [cam] [78454][me0][me_core_thread:
[02:37:12.152] RX< 359]ME out fid 900
[02:37:12.152] RX< [32m[BE] fid=900, perf=8637(us), max=8868(us)!
[02:37:12.152] RX< [0m[6] [App Dfs] f_index = 900, f_len = 164310, cur_total_len = 6834818
[02:37:12.152] RX< [34m[AE] fid=930,exp=12020,adg=300,Y=4382,mtg=180,shg=100,bgbv=1157,iso=300,cnv2,hdr0
[02:37:12.152] RX< [0m[7] [cam] [79454][me0][me
[02:37:13.152] RX< _core_thread:359]ME out fid 930
[02:37:13.152] RX< [34m[AE] fid=960,exp=12560,adg=300,Y=4346,mtg=180,shg=100,bgbv=1103,iso=300,cnv2,hdr0
[02:37:13.152] RX< [0m[6] [cam] [80445][dwp0][cpm_cb_dewarp_handle:1411]EIS: dewarp done frm=960, buf_idx=0
[02:37:13.152] RX< [7] [cam] [80454][me0][me_core_thread:359]ME ou
[02:37:14.137] RX< t fid 960
[02:37:14.137] RX< [34m[ME INTP]fid=960, shutter=12560, perf=4(us), max=1251(us)!
[02:37:14.137] RX< [0m[34m[AE] fid=990,exp=12470,adg=300,Y=4377,mtg=180,shg=100,bgbv=1121,iso=300,cnv2,hdr0
[02:37:14.137] RX< [0m[34m[b_ae0 proc] perf=406(us), max=644(us)!
[02:37:14.137] RX< [0m[34m[awb0 proc] perf=1301(us), max=1
[02:37:15.134] RX< 727(us)!
[02:37:15.134] RX< [0m[7] [cam] [81454][me0][me_core_thread:359]ME out fid 990
[02:37:15.134] RX< [32m[BE] fid=990, perf=8477(us), max=9156(us)!
[02:37:15.134] RX< [0m[6] [App Dfs] f_index = 990, f_len = 162083, cur_total_len = 8100110
[02:37:15.134] RX< [34m[AE] fid=1020,exp=12490,adg=300,Y=4356,mtg=180,shg=100,bgbv=
[02:37:17.135] RX< 1112,iso=300,cnv2,hdr0
[02:37:17.135] RX< [0m[7] [cam] [82453][me0][me_core_thread:359]ME out fid 1020
[02:37:17.135] RX< [34m[AE] fid=1050,exp=12470,adg=300,Y=4376,mtg=180,shg=100,bgbv=1121,iso=300,cnv2,hdr0
[02:37:17.135] RX< [0m[7] [cam] [83453][me0][me_core_thread:359]ME out fid 1050
[02:37:17.135] RX< [34m[AE] fid=1080,ex
[02:37:17.233] RX< p=12480,adg=300,Y=4372,mtg=180,shg=100,bgbv=1117,iso=300,cnv2,hdr0
[02:37:17.233] RX< [0m[34m[b_ae0 proc] perf=423(us), max=581(us)!
[02:37:17.233] RX< [0m[34m[awb0 proc] perf=1298(us), max=1600(us)!
[02:37:17.233] RX< [0m[7] [cam] [84453][me0][me_core_thread:359]ME out fid 1080
[02:37:17.233] RX< [34m[ME INTP]fid=1080, shu
[02:37:18.132] RX< tter=12480, perf=4(us), max=2390(us)!
[02:37:18.132] RX< [0m[32m[BE] fid=1080, perf=8702(us), max=8702(us)!
[02:37:18.132] RX< [0m[6] [App Dfs] f_index = 1080, f_len = 170626, cur_total_len = 6856826
[02:37:18.132] RX< [34m[AE] fid=1110,exp=12190,adg=300,Y=4421,mtg=180,shg=100,bgbv=1148,iso=300,cnv2,hdr0
[02:37:18.132] RX< [0
[02:37:20.133] RX< m[7] [cam] [85453][me0][me_core_thread:359]ME out fid 1110
[02:37:20.133] RX< [34m[AE] fid=1140,exp=12140,adg=300,Y=4465,mtg=180,shg=100,bgbv=1164,iso=300,cnv2,hdr0
[02:37:20.133] RX< [0m[7] [cam] [86453][me0][me_core_thread:359]ME out fid 1140
[02:37:20.487] RX< [34m[AE] fid=1170,exp=12150,adg=300,Y=4431,mtg=180,shg=100,bgbv=1152,iso=300,cnv2,hdr0
[02:37:20.487] RX< [0m[34m[b_ae0 proc] perf=599(us), max=625(us)!
[02:37:20.487] RX< [0m[34m[awb0 proc] perf=1371(us), max=1471(us)!
[02:37:20.487] RX< [0m[7] [cam] [87453][me0][me_core_thread:359]ME out fid 1170
[02:37:20.487] RX< [32m[
[02:37:21.150] RX< BE] fid=1170, perf=8890(us), max=8890(us)!
[02:37:21.150] RX< [0m[6] [App Dfs] f_index = 1170, f_len = 178702, cur_total_len = 6863283
[02:37:21.150] RX< [34m[AE] fid=1200,exp=12340,adg=300,Y=4422,mtg=180,shg=100,bgbv=1137,iso=300,cnv2,hdr0
[02:37:21.150] RX< [0m[6] [cam] [88444][dwp0][cpm_cb_dewarp_handle:14
[02:37:22.131] RX< 11]EIS: dewarp done frm=1200, buf_idx=0
[02:37:22.131] RX< [7] [cam] [88453][me0][me_core_thread:359]ME out fid 1200
[02:37:22.131] RX< [34m[ME INTP]fid=1200, shutter=12340, perf=98(us), max=3062(us)!
[02:37:22.131] RX< [0m[34m[AE] fid=1230,exp=12310,adg=300,Y=4390,mtg=180,shg=100,bgbv=1133,iso=300,cnv2,hdr0
[02:37:23.148] RX< [0m[7] [cam] [89453][me0][me_core_thread:359]ME out fid 1230
[02:37:23.148] RX< [34m[AE] fid=1260,exp=12360,adg=300,Y=4382,mtg=180,shg=100,bgbv=1125,iso=300,cnv2,hdr0
[02:37:23.148] RX< [0m[34m[b_ae0 proc] perf=473(us), max=635(us)!
[02:37:23.148] RX< [0m[34m[awb0 proc] perf=1317(us), max=1464(us)!
[02:37:23.148] RX< [0m[7
[02:37:24.130] RX< ] [cam] [90452][me0][me_core_thread:359]ME out fid 1260
[02:37:24.130] RX< [32m[BE] fid=1260, perf=8510(us), max=8890(us)!
[02:37:24.130] RX< [0m[6] [App Dfs] f_index = 1260, f_len = 163613, cur_total_len = 6769677
[02:37:24.130] RX< [34m[AE] fid=1290,exp=12360,adg=300,Y=4375,mtg=180,shg=100,bgbv=1125,iso=300
[02:37:25.229] RX< ,cnv2,hdr0
[02:37:25.229] RX< [0m[7] [cam] [91452][me0][me_core_thread:359]ME out fid 1290
[02:37:25.229] RX< [34m[AE] fid=1320,exp=12350,adg=300,Y=4411,mtg=180,shg=100,bgbv=1133,iso=300,cnv2,hdr0
[02:37:25.229] RX< [0m[7] [cam] [92452][me0][me_core_thread:359]ME out fid 1320
[02:37:25.229] RX< [34m[ME INTP]fid=1320, shutter=1
[02:37:26.147] RX< 2350, perf=3(us), max=789(us)!
[02:37:26.147] RX< [0m[34m[AE] fid=1350,exp=12350,adg=300,Y=4411,mtg=180,shg=100,bgbv=1133,iso=300,cnv2,hdr0
[02:37:26.147] RX< [0m[34m[b_ae0 proc] perf=431(us), max=621(us)!
[02:37:26.147] RX< [0m[34m[awb0 proc] perf=1313(us), max=1514(us)!
[02:37:26.147] RX< [0m[7] [cam] [93452][me0][me_cor
[02:37:27.145] RX< e_thread:359]ME out fid 1350
[02:37:27.145] RX< [32m[BE] fid=1350, perf=8756(us), max=8756(us)!
[02:37:27.145] RX< [0m[6] [App Dfs] f_index = 1350, f_len = 177521, cur_total_len = 6901577
[02:37:27.145] RX< [34m[AE] fid=1380,exp=12350,adg=300,Y=4399,mtg=180,shg=100,bgbv=1129,iso=300,cnv2,hdr0
[02:37:27.145] RX< [0m[7] [cam] [9
[02:37:29.146] RX< 4452][me0][me_core_thread:359]ME out fid 1380
[02:37:29.146] RX< [34m[AE] fid=1410,exp=12350,adg=300,Y=4412,mtg=180,shg=100,bgbv=1133,iso=300,cnv2,hdr0
[02:37:29.146] RX< [0m[7] [cam] [95452][me0][me_core_thread:359]ME out fid 1410
[02:37:29.146] RX< [34m[AE] fid=1440,exp=12360,adg=300,Y=4380,mtg=180,shg=100,
[02:37:29.146] RX< bgbv=1125,iso=300,cnv2,hdr0
[02:37:29.146] RX< [0m[34m[b_ae0 proc] perf=407(us), max=699(us)!
[02:37:29.146] RX< [0m[34m[awb0 proc] perf=1361(us), max=1619(us)!
[02:37:29.146] RX< [0m[6] [cam] [96443][dwp0][cpm_cb_dewarp_handle:1411]EIS: dewarp done frm=1440, buf_idx=0
[02:37:29.146] RX< [7] [cam] [96452][me0][me_core_thread
[02:37:30.127] RX< :359]ME out fid 1440
[02:37:30.127] RX< [34m[ME INTP]fid=1440, shutter=12360, perf=4(us), max=263(us)!
[02:37:30.127] RX< [0m[32m[BE] fid=1440, perf=8735(us), max=8756(us)!
[02:37:30.127] RX< [0m[6] [App Dfs] f_index = 1440, f_len = 176052, cur_total_len = 6796557
[02:37:30.127] RX< [34m[AE] fid=1470,exp=12350,adg=300,Y=4391,
[02:37:31.143] RX< mtg=180,shg=100,bgbv=1129,iso=300,cnv2,hdr0
[02:37:31.143] RX< [0m[7] [cam] [97451][me0][me_core_thread:359]ME out fid 1470
[02:37:31.143] RX< [34m[AE] fid=1500,exp=12400,adg=300,Y=4382,mtg=180,shg=100,bgbv=1123,iso=300,cnv2,hdr0
[02:37:31.143] RX< [0m[7] [cam] [98451][me0][me_core_thread:359]ME out fid 1500
[02:37:32.480] RX< [34m[AE] fid=1530,exp=12300,adg=300,Y=4427,mtg=180,shg=100,bgbv=1141,iso=300,cnv2,hdr0
[02:37:32.480] RX< [0m[34m[b_ae0 proc] perf=415(us), max=660(us)!
[02:37:32.480] RX< [0m[34m[awb0 proc] perf=1314(us), max=1659(us)!
[02:37:32.480] RX< [0m[7] [cam] [99451][me0][me_core_thread:359]ME out fid 1530
[02:37:32.480] RX< [32m[
[02:37:33.142] RX< BE] fid=1530, perf=8756(us), max=8756(us)!
[02:37:33.142] RX< [0m[6] [App Dfs] f_index = 1530, f_len = 175409, cur_total_len = 6851296
[02:37:33.142] RX< [34m[AE] fid=1560,exp=12310,adg=300,Y=4409,mtg=180,shg=100,bgbv=1137,iso=300,cnv2,hdr0
[02:37:33.142] RX< [0m[7] [cam] [100451][me0][me_core_thread:359]ME o
[02:37:35.127] RX< ut fid 1560
[02:37:35.127] RX< [34m[ME INTP]fid=1560, shutter=12310, perf=3(us), max=502(us)!
[02:37:35.127] RX< [0m[34m[AE] fid=1590,exp=12300,adg=300,Y=4419,mtg=180,shg=100,bgbv=1141,iso=300,cnv2,hdr0
[02:37:35.127] RX< [0m[7] [cam] [101451][me0][me_core_thread:359]ME out fid 1590
[02:37:35.127] RX< [34m[AE] fid=1620,exp=12
[02:37:35.479] RX< 300,adg=300,Y=4420,mtg=180,shg=100,bgbv=1141,iso=300,cnv2,hdr0
[02:37:35.479] RX< [0m[34m[b_ae0 proc] perf=591(us), max=668(us)!
[02:37:35.479] RX< [0m[34m[awb0 proc] perf=1316(us), max=1550(us)!
[02:37:35.479] RX< [0m[7] [cam] [102451][me0][me_core_thread:359]ME out fid 1620
[02:37:35.479] RX< [32m[BE] fid=1620, perf=8786(
[02:37:37.142] RX< us), max=8792(us)!
[02:37:37.142] RX< [0m[6] [App Dfs] f_index = 1620, f_len = 175656, cur_total_len = 6834857
[02:37:37.142] RX< [34m[AE] fid=1650,exp=12190,adg=300,Y=4432,mtg=180,shg=100,bgbv=1152,iso=300,cnv2,hdr0
[02:37:37.142] RX< [0m[7] [cam] [103451][me0][me_core_thread:359]ME out fid 1650
[02:37:37.142] RX< [34m[AE] fi
[02:37:37.224] RX< d=1680,exp=12170,adg=300,Y=4407,mtg=180,shg=100,bgbv=1144,iso=300,cnv2,hdr0
[02:37:37.224] RX< [0m[6] [cam] [104442][dwp0][cpm_cb_dewarp_handle:1411]EIS: dewarp done frm=1680, buf_idx=0
[02:37:37.224] RX< [7] [cam] [104451][me0][me_core_thread:359]ME out fid 1680
[02:37:37.224] RX< [34m[ME INTP]fid=1680, shutt
[02:37:38.142] RX< er=12170, perf=4(us), max=678(us)!
[02:37:38.142] RX< [0m[34m[AE] fid=1710,exp=12280,adg=300,Y=4395,mtg=180,shg=100,bgbv=1134,iso=300,cnv2,hdr0
[02:37:38.142] RX< [0m[34m[b_ae0 proc] perf=406(us), max=685(us)!
[02:37:38.142] RX< [0m[34m[awb0 proc] perf=1301(us), max=1501(us)!
[02:37:38.142] RX< [0m[7] [cam] [105450][me0][m
[02:37:39.139] RX< e_core_thread:359]ME out fid 1710
[02:37:39.139] RX< [32m[BE] fid=1710, perf=8594(us), max=8838(us)!
[02:37:39.139] RX< [0m[6] [App Dfs] f_index = 1710, f_len = 163149, cur_total_len = 6760429
[02:37:39.139] RX< [34m[AE] fid=1740,exp=12260,adg=300,Y=4436,mtg=180,shg=100,bgbv=1146,iso=300,cnv2,hdr0
[02:37:39.139] RX< [0m[7] [ca
[02:37:41.125] RX< m] [106450][me0][me_core_thread:359]ME out fid 1740
[02:37:41.125] RX< [34m[AE] fid=1770,exp=12190,adg=300,Y=4449,mtg=180,shg=100,bgbv=1151,iso=300,cnv2,hdr0
[02:37:41.125] RX< [0m[7] [cam] [107450][me0][me_core_thread:359]ME out fid 1770
[02:37:41.125] RX< [34m[AE] fid=1800,exp=12180,adg=300,Y=4438,mtg=180,s
[02:37:41.223] RX< hg=100,bgbv=1156,iso=300,cnv2,hdr0
[02:37:41.223] RX< [0m[34m[b_ae0 proc] perf=424(us), max=669(us)!
[02:37:41.223] RX< [0m[34m[awb0 proc] perf=1353(us), max=1524(us)!
[02:37:41.223] RX< [0m[7] [cam] [108450][me0][me_core_thread:359]ME out fid 1800
[02:37:41.223] RX< [34m[ME INTP]fid=1800, shutter=12180, perf=3(us), max=492
[02:37:42.138] RX< (us)!
[02:37:42.138] RX< [0m[32m[BE] fid=1800, perf=8687(us), max=8870(us)!
[02:37:42.138] RX< [0m[6] [App Dfs] f_index = 1800, f_len = 167572, cur_total_len = 6777172
[02:37:42.138] RX< [34m[AE] fid=1830,exp=12190,adg=300,Y=4431,mtg=180,shg=100,bgbv=1152,iso=300,cnv2,hdr0
[02:37:42.138] RX< [0m[7] [cam] [109450][me0][me_core
[02:37:44.122] RX< _thread:359]ME out fid 1830
[02:37:44.122] RX< [34m[AE] fid=1860,exp=12450,adg=300,Y=4353,mtg=180,shg=100,bgbv=1113,iso=300,cnv2,hdr0
[02:37:44.122] RX< [0m[7] [cam] [110450][me0][me_core_thread:359]ME out fid 1860
[02:37:44.122] RX< [34m[AE] fid=1890,exp=12490,adg=300,Y=4341,mtg=180,shg=100,bgbv=1108,iso=300
[02:37:44.498] RX< ,cnv2,hdr0
[02:37:44.498] RX< [0m[34m[b_ae0 proc] perf=408(us), max=663(us)!
[02:37:44.498] RX< [0m[34m[awb0 proc] perf=1298(us), max=1530(us)!
[02:37:44.498] RX< [0m[7] [cam] [111450][me0][me_core_thread:359]ME out fid 1890
[02:37:44.498] RX< [32m[BE] fid=1890, perf=8671(us), max=8850(us)!
[02:37:44.498] RX< [0m[6] [App Dfs] f_index = 1890,
[02:37:45.139] RX<  f_len = 171378, cur_total_len = 6882357
[02:37:45.139] RX< [34m[AE] fid=1920,exp=12180,adg=300,Y=4438,mtg=180,shg=100,bgbv=1156,iso=300,cnv2,hdr0
[02:37:45.139] RX< [0m[6] [cam] [112441][dwp0][cpm_cb_dewarp_handle:1411]EIS: dewarp done frm=1920, buf_idx=0
[02:37:45.139] RX< [7] [cam] [112449][me0][me_core_thr
[02:37:47.122] RX< ead:359]ME out fid 1920
[02:37:47.122] RX< [34m[ME INTP]fid=1920, shutter=12180, perf=141(us), max=2561(us)!
[02:37:47.122] RX< [0m[34m[AE] fid=1950,exp=12150,adg=300,Y=4449,mtg=180,shg=100,bgbv=1156,iso=300,cnv2,hdr0
[02:37:47.122] RX< [0m[7] [cam] [113449][me0][me_core_thread:359]ME out fid 1950
[02:37:47.122] RX< [34m[AE] 
[02:37:47.474] RX< fid=1980,exp=12160,adg=300,Y=4424,mtg=180,shg=100,bgbv=1148,iso=300,cnv2,hdr0
[02:37:47.474] RX< [0m[34m[b_ae0 proc] perf=410(us), max=584(us)!
[02:37:47.474] RX< [0m[34m[awb0 proc] perf=1322(us), max=1673(us)!
[02:37:47.474] RX< [0m[7] [cam] [114449][me0][me_core_thread:359]ME out fid 1980
[02:37:47.474] RX< [32m[BE] fid=1
[02:37:48.136] RX< 980, perf=8631(us), max=8729(us)!
[02:37:48.136] RX< [0m[6] [App Dfs] f_index = 1980, f_len = 165639, cur_total_len = 6763505
[02:37:48.136] RX< [34m[AE] fid=2010,exp=12200,adg=300,Y=4393,mtg=180,shg=100,bgbv=1140,iso=300,cnv2,hdr0
[02:37:48.136] RX< [0m[7] [cam] [115449][me0][me_core_thread:359]ME out fid 20
[02:37:50.120] RX< 10
[02:37:50.120] RX< [34m[AE] fid=2040,exp=12210,adg=300,Y=4382,mtg=180,shg=100,bgbv=1136,iso=300,cnv2,hdr0
[02:37:50.120] RX< [0m[7] [cam] [116449][me0][me_core_thread:359]ME out fid 2040
[02:37:50.120] RX< [34m[ME INTP]fid=2040, shutter=12210, perf=3(us), max=705(us)!
[02:37:50.120] RX< [0m[34m[AE] fid=2070,exp=12220,adg=3
[02:37:50.472] RX< 00,Y=4374,mtg=180,shg=100,bgbv=1132,iso=300,cnv2,hdr0
[02:37:50.472] RX< [0m[34m[b_ae0 proc] perf=438(us), max=760(us)!
[02:37:50.472] RX< [0m[34m[awb0 proc] perf=1365(us), max=1502(us)!
[02:37:50.472] RX< [0m[7] [cam] [117449][me0][me_core_thread:359]ME out fid 2070
[02:37:50.472] RX< [32m[BE] fid=2070, perf=8556(us), max=
[02:37:52.117] RX< 8701(us)!
[02:37:52.117] RX< [0m[6] [App Dfs] f_index = 2070, f_len = 162445, cur_total_len = 6920908
[02:37:52.117] RX< [34m[AE] fid=2100,exp=12270,adg=300,Y=4409,mtg=180,shg=100,bgbv=1138,iso=300,cnv2,hdr0
[02:37:52.117] RX< [0m[7] [cam] [118449][me0][me_core_thread:359]ME out fid 2100
[02:37:52.117] RX< [34m[AE] fid=2130,ex
[02:37:53.136] RX< p=12270,adg=300,Y=4405,mtg=180,shg=100,bgbv=1138,iso=300,cnv2,hdr0
[02:37:53.136] RX< [0m[7] [cam] [119448][me0][me_core_thread:359]ME out fid 2130
[02:37:53.136] RX< [34m[AE] fid=2160,exp=12140,adg=300,Y=4454,mtg=180,shg=100,bgbv=1160,iso=300,cnv2,hdr0
[02:37:53.136] RX< [0m[34m[b_ae0 proc] perf=847(us), ma
[02:37:53.216] RX< x=847(us)!
[02:37:53.216] RX< [0m[34m[awb0 proc] perf=1317(us), max=1529(us)!
[02:37:53.216] RX< [0m[6] [cam] [120440][dwp0][cpm_cb_dewarp_handle:1411]EIS: dewarp done frm=2160, buf_idx=0
[02:37:53.216] RX< [7] [cam] [120448][me0][me_core_thread:359]ME out fid 2160
[02:37:53.216] RX< [34m[ME INTP]fid=2160, shutter=12140, perf
[02:37:54.132] RX< =4(us), max=535(us)!
[02:37:54.132] RX< [0m[32m[BE] fid=2160, perf=8869(us), max=16061(us)!
[02:37:54.132] RX< [0m[6] [App Dfs] f_index = 2160, f_len = 177106, cur_total_len = 6885939
[02:37:54.132] RX< [34m[AE] fid=2190,exp=12150,adg=300,Y=4449,mtg=180,shg=100,bgbv=1156,iso=300,cnv2,hdr0
[02:37:54.132] RX< [0m[7] [cam] [1214
[02:37:56.117] RX< 48][me0][me_core_thread:359]ME out fid 2190
[02:37:56.117] RX< [34m[AE] fid=2220,exp=12140,adg=300,Y=4461,mtg=180,shg=100,bgbv=1160,iso=300,cnv2,hdr0
[02:37:56.117] RX< [0m[7] [cam] [122448][me0][me_core_thread:359]ME out fid 2220
[02:37:56.117] RX< [34m[AE] fid=2250,exp=12080,adg=300,Y=4433,mtg=180,shg=100,b
[02:37:56.491] RX< gbv=1159,iso=300,cnv2,hdr0
[02:37:56.491] RX< [0m[34m[b_ae0 proc] perf=405(us), max=847(us)!
[02:37:56.491] RX< [0m[34m[awb0 proc] perf=1296(us), max=1567(us)!
[02:37:56.491] RX< [0m[7] [cam] [123448][me0][me_core_thread:359]ME out fid 2250
[02:37:56.491] RX< [32m[BE] fid=2250, perf=8613(us), max=8869(us)!
[02:37:56.491] RX< [0m[6] [App Dfs]
[02:37:57.215] RX<  f_index = 2250, f_len = 162753, cur_total_len = 6720282
[02:37:57.215] RX< [34m[AE] fid=2280,exp=12080,adg=300,Y=4427,mtg=180,shg=100,bgbv=1159,iso=300,cnv2,hdr0
[02:37:57.215] RX< [0m[7] [cam] [124448][me0][me_core_thread:359]ME out fid 2280
[02:37:57.215] RX< [34m[ME INTP]fid=2280, shutter=12080, perf=19(u
[02:37:59.116] RX< s), max=3062(us)!
[02:37:59.116] RX< [0m[34m[AE] fid=2310,exp=12090,adg=300,Y=4419,mtg=180,shg=100,bgbv=1155,iso=300,cnv2,hdr0
[02:37:59.116] RX< [0m[7] [cam] [125448][me0][me_core_thread:359]ME out fid 2310
[02:37:59.116] RX< [34m[AE] fid=2340,exp=12090,adg=300,Y=4416,mtg=180,shg=100,bgbv=1155,iso=300,cnv2,
[02:37:59.490] RX< hdr0
[02:37:59.490] RX< [0m[34m[b_ae0 proc] perf=441(us), max=581(us)!
[02:37:59.490] RX< [0m[34m[awb0 proc] perf=1368(us), max=1520(us)!
[02:37:59.490] RX< [0m[7] [cam] [126448][me0][me_core_thread:359]ME out fid 2340
[02:37:59.490] RX< [32m[BE] fid=2340, perf=8875(us), max=8875(us)!
[02:37:59.490] RX< [0m[6] [App Dfs] f_index = 2340, f_len
[02:38:01.132] RX<  = 177568, cur_total_len = 6821375
[02:38:01.132] RX< [34m[AE] fid=2370,exp=12090,adg=300,Y=4415,mtg=180,shg=100,bgbv=1155,iso=300,cnv2,hdr0
[02:38:01.132] RX< [0m[7] [cam] [127447][me0][me_core_thread:359]ME out fid 2370
[02:38:01.132] RX< [34m[AE] fid=2400,exp=12090,adg=300,Y=4409,mtg=180,shg=100,bgbv=1151,
[02:38:02.115] RX< iso=300,cnv2,hdr0
[02:38:02.115] RX< [0m[6] [cam] [128439][dwp0][cpm_cb_dewarp_handle:1411]EIS: dewarp done frm=2400, buf_idx=0
[02:38:02.115] RX< [7] [cam] [128447][me0][me_core_thread:359]ME out fid 2400
[02:38:02.115] RX< [34m[ME INTP]fid=2400, shutter=12090, perf=4(us), max=1432(us)!
[02:38:02.115] RX< [0m[34m[AE] fid=2430
[02:38:02.467] RX< ,exp=12090,adg=300,Y=4406,mtg=180,shg=100,bgbv=1151,iso=300,cnv2,hdr0
[02:38:02.467] RX< [0m[34m[b_ae0 proc] perf=413(us), max=641(us)!
[02:38:02.467] RX< [0m[34m[awb0 proc] perf=1338(us), max=1532(us)!
[02:38:02.467] RX< [0m[7] [cam] [129447][me0][me_core_thread:359]ME out fid 2430
[02:38:02.467] RX< [32m[BE] fid=2430, per
[02:38:04.112] RX< f=8653(us), max=8875(us)!
[02:38:04.112] RX< [0m[6] [App Dfs] f_index = 2430, f_len = 166018, cur_total_len = 6799203
[02:38:04.112] RX< [34m[AE] fid=2460,exp=12090,adg=300,Y=4402,mtg=180,shg=100,bgbv=1151,iso=300,cnv2,hdr0
[02:38:04.112] RX< [0m[7] [cam] [130447][me0][me_core_thread:359]ME out fid 2460
[02:38:04.112] RX< [34m
[02:38:05.114] RX< [AE] fid=2490,exp=12090,adg=300,Y=4397,mtg=180,shg=100,bgbv=1147,iso=300,cnv2,hdr0
[02:38:05.114] RX< [0m[7] [cam] [131447][me0][me_core_thread:359]ME out fid 2490
[02:38:05.114] RX< [34m[AE] fid=2520,exp=12090,adg=300,Y=4401,mtg=180,shg=100,bgbv=1151,iso=300,cnv2,hdr0
[02:38:05.114] RX< [0m[34m[b_ae0 proc] 
[02:38:05.468] RX< perf=408(us), max=620(us)!
[02:38:05.468] RX< [0m[34m[awb0 proc] perf=1320(us), max=1554(us)!
[02:38:05.468] RX< [0m[7] [cam] [132447][me0][me_core_thread:359]ME out fid 2520
[02:38:05.468] RX< [34m[ME INTP]fid=2520, shutter=12090, perf=4(us), max=527(us)!
[02:38:05.468] RX< [0m[32m[BE] fid=2520, perf=8692(us), max=8698(us)
[02:38:07.111] RX< !
[02:38:07.111] RX< [0m[6] [App Dfs] f_index = 2520, f_len = 166334, cur_total_len = 6811048
[02:38:07.111] RX< [34m[AE] fid=2550,exp=12090,adg=300,Y=4399,mtg=180,shg=100,bgbv=1147,iso=300,cnv2,hdr0
[02:38:07.111] RX< [0m[7] [cam] [133447][me0][me_core_thread:359]ME out fid 2550
[02:38:07.111] RX< [34m[AE] fid=2580,exp=12090,
[02:38:08.112] RX< adg=300,Y=4396,mtg=180,shg=100,bgbv=1147,iso=300,cnv2,hdr0
[02:38:08.112] RX< [0m[7] [cam] [134446][me0][me_core_thread:359]ME out fid 2580
[02:38:08.112] RX< [34m[AE] fid=2610,exp=12090,adg=300,Y=4397,mtg=180,shg=100,bgbv=1147,iso=300,cnv2,hdr0
[02:38:08.112] RX< [0m[34m[b_ae0 proc] perf=407(us), max=697(us
[02:38:09.128] RX< )!
[02:38:09.128] RX< [0m[34m[awb0 proc] perf=1454(us), max=1544(us)!
[02:38:09.128] RX< [0m[7] [cam] [135446][me0][me_core_thread:359]ME out fid 2610
[02:38:09.128] RX< [32m[BE] fid=2610, perf=8658(us), max=8886(us)!
[02:38:09.128] RX< [0m[6] [App Dfs] f_index = 2610, f_len = 165301, cur_total_len = 6842494
[02:38:09.128] RX< [34m[AE] fid=26
[02:38:09.210] RX< 40,exp=12090,adg=300,Y=4405,mtg=180,shg=100,bgbv=1151,iso=300,cnv2,hdr0
[02:38:09.210] RX< [0m[6] [cam] [136438][dwp0][cpm_cb_dewarp_handle:1411]EIS: dewarp done frm=2640, buf_idx=0
[02:38:09.210] RX< [7] [cam] [136446][me0][me_core_thread:359]ME out fid 2640
[02:38:09.210] RX< [34m[ME INTP]fid=2640, shutter=1
[02:38:11.111] RX< 2090, perf=3(us), max=2912(us)!
[02:38:11.111] RX< [0m[34m[AE] fid=2670,exp=12090,adg=300,Y=4407,mtg=180,shg=100,bgbv=1151,iso=300,cnv2,hdr0
[02:38:11.111] RX< [0m[7] [cam] [137446][me0][me_core_thread:359]ME out fid 2670
[02:38:11.111] RX< [34m[AE] fid=2700,exp=12090,adg=300,Y=4409,mtg=180,shg=100,bgbv=1151
[02:38:11.487] RX< ,iso=300,cnv2,hdr0
[02:38:11.487] RX< [0m[34m[b_ae0 proc] perf=414(us), max=667(us)!
[02:38:11.487] RX< [0m[34m[awb0 proc] perf=1467(us), max=1571(us)!
[02:38:11.487] RX< [0m[7] [cam] [138446][me0][me_core_thread:359]ME out fid 2700
[02:38:11.487] RX< [32m[BE] fid=2700, perf=8871(us), max=8892(us)!
[02:38:11.487] RX< [0m[6] [App Dfs] f_index
[02:38:13.108] RX<  = 2700, f_len = 176354, cur_total_len = 6841559
[02:38:13.108] RX< [34m[AE] fid=2730,exp=12090,adg=300,Y=4406,mtg=180,shg=100,bgbv=1151,iso=300,cnv2,hdr0
[02:38:13.108] RX< [0m[7] [cam] [139446][me0][me_core_thread:359]ME out fid 2730
[02:38:13.108] RX< [34m[AE] fid=2760,exp=12090,adg=300,Y=4414,mtg=180,shg=
[02:38:14.110] RX< 100,bgbv=1155,iso=300,cnv2,hdr0
[02:38:14.110] RX< [0m[7] [cam] [140446][me0][me_core_thread:359]ME out fid 2760
[02:38:14.110] RX< [34m[ME INTP]fid=2760, shutter=12090, perf=4(us), max=2580(us)!
[02:38:14.110] RX< [0m[34m[AE] fid=2790,exp=12090,adg=300,Y=4415,mtg=180,shg=100,bgbv=1155,iso=300,cnv2,hdr0
[02:38:14.110] RX< [0m
[02:38:14.484] RX< [34m[b_ae0 proc] perf=461(us), max=636(us)!
[02:38:14.484] RX< [0m[34m[awb0 proc] perf=1328(us), max=1479(us)!
[02:38:14.484] RX< [0m[7] [cam] [141445][me0][me_core_thread:359]ME out fid 2790
[02:38:14.484] RX< [32m[BE] fid=2790, perf=8625(us), max=15514(us)!
[02:38:14.484] RX< [0m[6] [App Dfs] f_index = 2790, f_len = 16260
[02:38:16.107] RX< 2, cur_total_len = 6915221
[02:38:16.107] RX< [34m[AE] fid=2820,exp=12080,adg=300,Y=4431,mtg=180,shg=100,bgbv=1159,iso=300,cnv2,hdr0
[02:38:16.107] RX< [0m[7] [cam] [142445][me0][me_core_thread:359]ME out fid 2820
[02:38:16.107] RX< [34m[AE] fid=2850,exp=12080,adg=300,Y=4427,mtg=180,shg=100,bgbv=1159,iso=300,
[02:38:17.125] RX< cnv2,hdr0
[02:38:17.125] RX< [0m[7] [cam] [143445][me0][me_core_thread:359]ME out fid 2850
[02:38:17.125] RX< [34m[AE] fid=2880,exp=12080,adg=300,Y=4425,mtg=180,shg=100,bgbv=1159,iso=300,cnv2,hdr0
[02:38:17.125] RX< [0m[34m[b_ae0 proc] perf=414(us), max=676(us)!
[02:38:17.125] RX< [0m[34m[awb0 proc] perf=1382(us), max=1553(
[02:38:17.463] RX< us)!
[02:38:17.463] RX< [0m[6] [cam] [144437][dwp0][cpm_cb_dewarp_handle:1411]EIS: dewarp done frm=2880, buf_idx=0
[02:38:17.463] RX< [7] [cam] [144445][me0][me_core_thread:359]ME out fid 2880
[02:38:17.463] RX< [34m[ME INTP]fid=2880, shutter=12080, perf=96(us), max=2590(us)!
[02:38:17.463] RX< [0m[32m[BE] fid=2880, perf=8660(
[02:38:19.106] RX< us), max=8889(us)!
[02:38:19.106] RX< [0m[6] [App Dfs] f_index = 2880, f_len = 165169, cur_total_len = 6838355
[02:38:19.106] RX< [34m[AE] fid=2910,exp=12090,adg=300,Y=4422,mtg=180,shg=100,bgbv=1155,iso=300,cnv2,hdr0
[02:38:19.106] RX< [0m[7] [cam] [145445][me0][me_core_thread:359]ME out fid 2910
[02:38:19.106] RX< [34m[AE] fi
[02:38:20.108] RX< d=2940,exp=12090,adg=300,Y=4421,mtg=180,shg=100,bgbv=1155,iso=300,cnv2,hdr0
[02:38:20.108] RX< [0m[7] [cam] [146445][me0][me_core_thread:359]ME out fid 2940
[02:38:20.108] RX< [34m[AE] fid=2970,exp=12090,adg=300,Y=4417,mtg=180,shg=100,bgbv=1155,iso=300,cnv2,hdr0
[02:38:20.108] RX< [0m[34m[b_ae0 proc] perf=40
[02:38:20.484] RX< 5(us), max=592(us)!
[02:38:20.484] RX< [0m[34m[awb0 proc] perf=1319(us), max=1524(us)!
[02:38:20.484] RX< [0m[7] [cam] [147445][me0][me_core_thread:359]ME out fid 2970
[02:38:20.484] RX< [32m[BE] fid=2970, perf=8914(us), max=8922(us)!
[02:38:20.484] RX< [0m[6] [App Dfs] f_index = 2970, f_len = 178644, cur_total_len = 6840235
[02:38:22.104] RX< 
[02:38:22.104] RX< [34m[AE] fid=3000,exp=12080,adg=300,Y=4425,mtg=180,shg=100,bgbv=1159,iso=300,cnv2,hdr0
[02:38:22.104] RX< [0m[7] [cam] [148445][me0][me_core_thread:359]ME out fid 3000
[02:38:22.104] RX< [34m[ME INTP]fid=3000, shutter=12080, perf=2058(us), max=2058(us)!
[02:38:22.104] RX< [0m[34m[AE] fid=3030,exp=12080,adg
[02:38:23.106] RX< =300,Y=4426,mtg=180,shg=100,bgbv=1159,iso=300,cnv2,hdr0
[02:38:23.106] RX< [0m[7] [cam] [149444][me0][me_core_thread:359]ME out fid 3030
[02:38:23.106] RX< [34m[AE] fid=3060,exp=12080,adg=300,Y=4425,mtg=180,shg=100,bgbv=1159,iso=300,cnv2,hdr0
[02:38:23.106] RX< [0m[34m[b_ae0 proc] perf=452(us), max=774(us)!
[02:38:24.103] RX< 
[02:38:24.103] RX< [0m[34m[awb0 proc] perf=1331(us), max=1761(us)!
[02:38:24.103] RX< [0m[7] [cam] [150444][me0][me_core_thread:359]ME out fid 3060
[02:38:24.103] RX< [32m[BE] fid=3060, perf=8624(us), max=8914(us)!
[02:38:24.103] RX< [0m[6] [App Dfs] f_index = 3060, f_len = 164529, cur_total_len = 6805202
[02:38:24.103] RX< [34m[AE] fid=3090,
[02:38:25.121] RX< exp=12080,adg=300,Y=4427,mtg=180,shg=100,bgbv=1159,iso=300,cnv2,hdr0
[02:38:25.121] RX< [0m[7] [cam] [151444][me0][me_core_thread:359]ME out fid 3090
[02:38:25.121] RX< [34m[AE] fid=3120,exp=12080,adg=300,Y=4429,mtg=180,shg=100,bgbv=1159,iso=300,cnv2,hdr0
[02:38:25.121] RX< [0m[6] [cam] [152436][dwp0][cpm_cb_
[02:38:26.105] RX< dewarp_handle:1411]EIS: dewarp done frm=3120, buf_idx=0
[02:38:26.105] RX< [7] [cam] [152444][me0][me_core_thread:359]ME out fid 3120
[02:38:26.105] RX< [34m[ME INTP]fid=3120, shutter=12080, perf=3(us), max=2396(us)!
[02:38:26.105] RX< [0m[34m[AE] fid=3150,exp=12090,adg=300,Y=4420,mtg=180,shg=100,bgbv=1155,is
[02:38:26.480] RX< o=300,cnv2,hdr0
[02:38:26.480] RX< [0m[34m[b_ae0 proc] perf=408(us), max=684(us)!
[02:38:26.480] RX< [0m[34m[awb0 proc] perf=1302(us), max=1551(us)!
[02:38:26.480] RX< [0m[7] [cam] [153444][me0][me_core_thread:359]ME out fid 3150
[02:38:26.480] RX< [32m[BE] fid=3150, perf=8636(us), max=8887(us)!
[02:38:26.480] RX< [0m[6] [App Dfs] f_index = 
[02:38:28.102] RX< 3150, f_len = 165537, cur_total_len = 6832545
[02:38:28.102] RX< [34m[AE] fid=3180,exp=12090,adg=300,Y=4415,mtg=180,shg=100,bgbv=1155,iso=300,cnv2,hdr0
[02:38:28.102] RX< [0m[7] [cam] [154444][me0][me_core_thread:359]ME out fid 3180
[02:38:28.102] RX< [34m[AE] fid=3210,exp=12090,adg=300,Y=4412,mtg=180,shg=100
[02:38:29.103] RX< ,bgbv=1151,iso=300,cnv2,hdr0
[02:38:29.103] RX< [0m[7] [cam] [155444][me0][me_core_thread:359]ME out fid 3210
[02:38:29.103] RX< [34m[AE] fid=3240,exp=12090,adg=300,Y=4409,mtg=180,shg=100,bgbv=1151,iso=300,cnv2,hdr0
[02:38:29.103] RX< [0m[34m[b_ae0 proc] perf=449(us), max=636(us)!
[02:38:29.103] RX< [0m[34m[awb0 proc] perf=
[02:38:29.480] RX< 1376(us), max=1606(us)!
[02:38:29.480] RX< [0m[7] [cam] [156443][me0][me_core_thread:359]ME out fid 3240
[02:38:29.480] RX< [34m[ME INTP]fid=3240, shutter=12090, perf=3(us), max=711(us)!
[02:38:29.480] RX< [0m[32m[BE] fid=3240, perf=8652(us), max=8919(us)!
[02:38:29.480] RX< [0m[6] [App Dfs] f_index = 3240, f_len = 165137, cu
[02:38:31.101] RX< r_total_len = 6821796
[02:38:31.101] RX< [34m[AE] fid=3270,exp=12080,adg=300,Y=4427,mtg=180,shg=100,bgbv=1159,iso=300,cnv2,hdr0
[02:38:31.101] RX< [0m[7] [cam] [157443][me0][me_core_thread:359]ME out fid 3270
[02:38:31.101] RX< [34m[AE] fid=3300,exp=12080,adg=300,Y=4429,mtg=180,shg=100,bgbv=1159,iso=300,cnv2,
[02:38:32.102] RX< hdr0
[02:38:32.102] RX< [0m[7] [cam] [158443][me0][me_core_thread:359]ME out fid 3300
[02:38:32.102] RX< [34m[AE] fid=3330,exp=12090,adg=300,Y=4424,mtg=180,shg=100,bgbv=1155,iso=300,cnv2,hdr0
[02:38:32.102] RX< [0m[34m[b_ae0 proc] perf=644(us), max=747(us)!
[02:38:32.102] RX< [0m[34m[awb0 proc] perf=1461(us), max=1525(us)!
[02:38:33.118] RX< [0m[7] [cam] [159443][me0][me_core_thread:359]ME out fid 3330
[02:38:33.118] RX< [32m[BE] fid=3330, perf=8649(us), max=8880(us)!
[02:38:33.118] RX< [0m[6] [App Dfs] f_index = 3330, f_len = 164313, cur_total_len = 6836477
[02:38:33.118] RX< [34m[AE] fid=3360,exp=12190,adg=300,Y=4411,mtg=180,shg=100,bgbv=1144,
[02:38:34.099] RX< iso=300,cnv2,hdr0
[02:38:34.099] RX< [0m[6] [cam] [160435][dwp0][cpm_cb_dewarp_handle:1411]EIS: dewarp done frm=3360, buf_idx=0
[02:38:34.099] RX< [7] [cam] [160443][me0][me_core_thread:359]ME out fid 3360
[02:38:34.099] RX< [34m[ME INTP]fid=3360, shutter=12190, perf=4(us), max=677(us)!
[02:38:34.099] RX< [0m[34m[AE] fid=3390,
[02:38:35.100] RX< exp=12180,adg=300,Y=4440,mtg=180,shg=100,bgbv=1156,iso=300,cnv2,hdr0
[02:38:35.100] RX< [0m[7] [cam] [161443][me0][me_core_thread:359]ME out fid 3390
[02:38:35.100] RX< [34m[AE] fid=3420,exp=12180,adg=300,Y=4441,mtg=180,shg=100,bgbv=1156,iso=300,cnv2,hdr0
[02:38:35.100] RX< [0m[34m[b_ae0 proc] perf=407(us), 
[02:38:36.083] RX< max=685(us)!
[02:38:36.083] RX< [0m[34m[awb0 proc] perf=1297(us), max=1709(us)!
[02:38:36.083] RX< [0m[7] [cam] [162443][me0][me_core_thread:359]ME out fid 3420
[02:38:36.083] RX< [32m[BE] fid=3420, perf=8607(us), max=8842(us)!
[02:38:36.083] RX< [0m[6] [App Dfs] f_index = 3420, f_len = 164555, cur_total_len = 6841885
[02:38:36.083] RX< [34m[
[02:38:37.114] RX< AE] fid=3450,exp=12180,adg=300,Y=4438,mtg=180,shg=100,bgbv=1156,iso=300,cnv2,hdr0
[02:38:37.114] RX< [0m[7] [cam] [163442][me0][me_core_thread:359]ME out fid 3450
[02:38:37.114] RX< [34m[AE] fid=3480,exp=12140,adg=300,Y=4455,mtg=180,shg=100,bgbv=1160,iso=300,cnv2,hdr0
[02:38:37.114] RX< [0m[7] [cam] [164442][
[02:38:38.100] RX< me0][me_core_thread:359]ME out fid 3480
[02:38:38.100] RX< [34m[ME INTP]fid=3480, shutter=12140, perf=3(us), max=489(us)!
[02:38:38.100] RX< [0m[34m[AE] fid=3510,exp=12150,adg=300,Y=4446,mtg=180,shg=100,bgbv=1156,iso=300,cnv2,hdr0
[02:38:38.100] RX< [0m[34m[b_ae0 proc] perf=458(us), max=756(us)!
[02:38:38.100] RX< [0m[34m[
[02:38:39.100] RX< awb0 proc] perf=1394(us), max=1516(us)!
[02:38:39.100] RX< [0m[7] [cam] [165442][me0][me_core_thread:359]ME out fid 3510
[02:38:39.100] RX< [32m[BE] fid=3510, perf=8589(us), max=8761(us)!
[02:38:39.100] RX< [0m[6] [App Dfs] f_index = 3510, f_len = 163732, cur_total_len = 6816992
[02:38:39.100] RX< [34m[AE] fid=3540,exp=12150,a
[02:38:40.117] RX< dg=300,Y=4449,mtg=180,shg=100,bgbv=1156,iso=300,cnv2,hdr0
[02:38:40.117] RX< [0m[7] [cam] [166442][me0][me_core_thread:359]ME out fid 3540
[02:38:40.117] RX< [34m[AE] fid=3570,exp=12140,adg=300,Y=4451,mtg=180,shg=100,bgbv=1160,iso=300,cnv2,hdr0
[02:38:40.117] RX< [0m[7] [cam] [167442][me0][me_core_thread:359]
[02:38:41.120] RX< ME out fid 3570
[02:38:41.120] RX< [34m[AE] fid=3600,exp=12010,adg=300,Y=4396,mtg=180,shg=100,bgbv=1161,iso=300,cnv2,hdr0
[02:38:41.120] RX< [0m[34m[b_ae0 proc] perf=412(us), max=695(us)!
[02:38:41.120] RX< [0m[34m[awb0 proc] perf=1540(us), max=1726(us)!
[02:38:41.120] RX< [0m[6] [cam] [168434][dwp0][cpm_cb_dewarp_handle:14
[02:38:41.482] RX< 11]EIS: dewarp done frm=3600, buf_idx=0
[02:38:41.482] RX< [7] [cam] [168442][me0][me_core_thread:359]ME out fid 3600
[02:38:41.482] RX< [34m[ME INTP]fid=3600, shutter=12010, perf=258(us), max=1645(us)!
[02:38:41.482] RX< [0m[32m[BE] fid=3600, perf=8592(us), max=8817(us)!
[02:38:41.482] RX< [0m[6] [App Dfs] f_index = 3600, f_l
[02:38:43.105] RX< en = 163236, cur_total_len = 6805386
[02:38:43.105] RX< [34m[AE] fid=3630,exp=12000,adg=300,Y=4431,mtg=180,shg=100,bgbv=1168,iso=300,cnv2,hdr0
[02:38:43.105] RX< [0m[7] [cam] [169442][me0][me_core_thread:359]ME out fid 3630
[02:38:43.105] RX< [34m[AE] fid=3660,exp=12000,adg=300,Y=4433,mtg=180,shg=100,bgbv=116
[02:38:44.109] RX< 8,iso=300,cnv2,hdr0
[02:38:44.109] RX< [0m[7] [cam] [170442][me0][me_core_thread:359]ME out fid 3660
[02:38:44.109] RX< [34m[AE] fid=3690,exp=11990,adg=300,Y=4442,mtg=180,shg=100,bgbv=1172,iso=300,cnv2,hdr0
[02:38:44.109] RX< [0m[34m[b_ae0 proc] perf=405(us), max=682(us)!
[02:38:44.109] RX< [0m[34m[awb0 proc] perf=1510(us),
[02:38:45.109] RX<  max=1557(us)!
[02:38:45.109] RX< [0m[7] [cam] [171441][me0][me_core_thread:359]ME out fid 3690
[02:38:45.109] RX< [32m[BE] fid=3690, perf=8867(us), max=8867(us)!
[02:38:45.109] RX< [0m[6] [App Dfs] f_index = 3690, f_len = 177613, cur_total_len = 6878320
[02:38:45.109] RX< [34m[AE] fid=3720,exp=11960,adg=300,Y=4448,mtg=180,shg
[02:38:46.110] RX< =100,bgbv=1173,iso=300,cnv2,hdr0
[02:38:46.110] RX< [0m[7] [cam] [172441][me0][me_core_thread:359]ME out fid 3720
[02:38:46.110] RX< [34m[ME INTP]fid=3720, shutter=11960, perf=3(us), max=3001(us)!
[02:38:46.110] RX< [0m[34m[AE] fid=3750,exp=11960,adg=300,Y=4438,mtg=180,shg=100,bgbv=1173,iso=300,cnv2,hdr0
[02:38:46.110] RX< [0
[02:38:47.129] RX< m[7] [cam] [173441][me0][me_core_thread:359]ME out fid 3750
[02:38:47.129] RX< [34m[AE] fid=3780,exp=11960,adg=300,Y=4447,mtg=180,shg=100,bgbv=1173,iso=300,cnv2,hdr0
[02:38:47.129] RX< [0m[34m[b_ae0 proc] perf=450(us), max=797(us)!
[02:38:47.129] RX< [0m[34m[awb0 proc] perf=1450(us), max=1532(us)!
[02:38:47.129] RX< [0m[7] 
[02:38:48.112] RX< [cam] [174441][me0][me_core_thread:359]ME out fid 3780
[02:38:48.112] RX< [32m[BE] fid=3780, perf=8580(us), max=8867(us)!
[02:38:48.112] RX< [0m[6] [App Dfs] f_index = 3780, f_len = 163461, cur_total_len = 6803535
[02:38:48.112] RX< [34m[AE] fid=3810,exp=11960,adg=300,Y=4440,mtg=180,shg=100,bgbv=1173,iso=300,
[02:38:49.132] RX< cnv2,hdr0
[02:38:49.132] RX< [0m[7] [cam] [175441][me0][me_core_thread:359]ME out fid 3810
[02:38:49.132] RX< [34m[AE] fid=3840,exp=11960,adg=300,Y=4438,mtg=180,shg=100,bgbv=1173,iso=300,cnv2,hdr0
[02:38:49.132] RX< [0m[6] [cam] [176432][dwp0][cpm_cb_dewarp_handle:1411]EIS: dewarp done frm=3840, buf_idx=0
[02:38:49.132] RX< [7]
[02:38:50.117] RX<  [cam] [176441][me0][me_core_thread:359]ME out fid 3840
[02:38:50.117] RX< [34m[ME INTP]fid=3840, shutter=11960, perf=257(us), max=2607(us)!
[02:38:50.117] RX< [0m[34m[AE] fid=3870,exp=11960,adg=300,Y=4445,mtg=180,shg=100,bgbv=1173,iso=300,cnv2,hdr0
[02:38:50.117] RX< [0m[34m[b_ae0 proc] perf=415(us), max=6
[02:38:51.116] RX< 05(us)!
[02:38:51.116] RX< [0m[34m[awb0 proc] perf=1324(us), max=1571(us)!
[02:38:51.116] RX< [0m[7] [cam] [177441][me0][me_core_thread:359]ME out fid 3870
[02:38:51.116] RX< [32m[BE] fid=3870, perf=8668(us), max=8883(us)!
[02:38:51.116] RX< [0m[6] [App Dfs] f_index = 3870, f_len = 164546, cur_total_len = 6814125
[02:38:51.116] RX< [34m[AE] f
[02:38:52.133] RX< id=3900,exp=11960,adg=300,Y=4444,mtg=180,shg=100,bgbv=1173,iso=300,cnv2,hdr0
[02:38:52.133] RX< [0m[7] [cam] [178440][me0][me_core_thread:359]ME out fid 3900
[02:38:52.133] RX< [34m[AE] fid=3930,exp=11960,adg=300,Y=4446,mtg=180,shg=100,bgbv=1173,iso=300,cnv2,hdr0
[02:38:52.133] RX< [0m[7] [cam] [179440][me0][
[02:38:53.136] RX< me_core_thread:359]ME out fid 3930
[02:38:53.136] RX< [34m[AE] fid=3960,exp=11960,adg=300,Y=4447,mtg=180,shg=100,bgbv=1173,iso=300,cnv2,hdr0
[02:38:53.136] RX< [0m[34m[b_ae0 proc] perf=463(us), max=631(us)!
[02:38:53.136] RX< [0m[34m[awb0 proc] perf=1299(us), max=1553(us)!
[02:38:53.136] RX< [0m[7] [cam] [180440][me0][me_co
[02:38:54.119] RX< re_thread:359]ME out fid 3960
[02:38:54.119] RX< [34m[ME INTP]fid=3960, shutter=11960, perf=3(us), max=2719(us)!
[02:38:54.119] RX< [0m[32m[BE] fid=3960, perf=8618(us), max=8668(us)!
[02:38:54.119] RX< [0m[6] [App Dfs] f_index = 3960, f_len = 165221, cur_total_len = 6821584
[02:38:54.119] RX< [34m[AE] fid=3990,exp=11960,adg=3
[02:38:55.136] RX< 00,Y=4448,mtg=180,shg=100,bgbv=1173,iso=300,cnv2,hdr0
[02:38:55.136] RX< [0m[7] [cam] [181440][me0][me_core_thread:359]ME out fid 3990
[02:38:55.136] RX< [34m[AE] fid=4020,exp=11960,adg=300,Y=4441,mtg=180,shg=100,bgbv=1173,iso=300,cnv2,hdr0
[02:38:55.136] RX< [0m[7] [cam] [182440][me0][me_core_thread:359]ME o
[02:38:56.139] RX< ut fid 4020
[02:38:56.139] RX< [34m[AE] fid=4050,exp=11960,adg=300,Y=4443,mtg=180,shg=100,bgbv=1173,iso=300,cnv2,hdr0
[02:38:56.139] RX< [0m[34m[b_ae0 proc] perf=413(us), max=713(us)!
[02:38:56.139] RX< [0m[34m[awb0 proc] perf=1405(us), max=1535(us)!
[02:38:56.139] RX< [0m[7] [cam] [183440][me0][me_core_thread:359]ME out fi
[02:38:57.140] RX< d 4050
[02:38:57.140] RX< [32m[BE] fid=4050, perf=8824(us), max=8865(us)!
[02:38:57.140] RX< [0m[6] [App Dfs] f_index = 4050, f_len = 178123, cur_total_len = 6874918
[02:38:57.140] RX< [34m[AE] fid=4080,exp=11960,adg=300,Y=4440,mtg=180,shg=100,bgbv=1173,iso=300,cnv2,hdr0
[02:38:57.140] RX< [0m[6] [cam] [184431][dwp0][cpm_cb_de
[02:38:58.123] RX< warp_handle:1411]EIS: dewarp done frm=4080, buf_idx=0
[02:38:58.123] RX< [7] [cam] [184440][me0][me_core_thread:359]ME out fid 4080
[02:38:58.123] RX< [34m[ME INTP]fid=4080, shutter=11960, perf=3(us), max=2615(us)!
[02:38:58.123] RX< [0m[34m[AE] fid=4110,exp=11970,adg=300,Y=4437,mtg=180,shg=100,bgbv=1169,iso=
[02:38:59.125] RX< 300,cnv2,hdr0
[02:38:59.125] RX< [0m[7] [cam] [185439][me0][me_core_thread:359]ME out fid 4110
[02:38:59.125] RX< [34m[AE] fid=4140,exp=11960,adg=300,Y=4444,mtg=180,shg=100,bgbv=1173,iso=300,cnv2,hdr0
[02:38:59.125] RX< [0m[34m[b_ae0 proc] perf=415(us), max=784(us)!
[02:38:59.125] RX< [0m[34m[awb0 proc] perf=1335(us), max=1
[02:39:00.124] RX< 475(us)!
[02:39:00.124] RX< [0m[7] [cam] [186439][me0][me_core_thread:359]ME out fid 4140
[02:39:00.124] RX< [32m[BE] fid=4140, perf=8641(us), max=8866(us)!
[02:39:00.124] RX< [0m[6] [App Dfs] f_index = 4140, f_len = 165246, cur_total_len = 6807721
[02:39:00.124] RX< [34m[AE] fid=4170,exp=11960,adg=300,Y=4440,mtg=180,shg=100,b
[02:39:01.225] RX< gbv=1173,iso=300,cnv2,hdr0
[02:39:01.225] RX< [0m[7] [cam] [187439][me0][me_core_thread:359]ME out fid 4170
[02:39:01.225] RX< [34m[AE] fid=4200,exp=11960,adg=300,Y=4439,mtg=180,shg=100,bgbv=1173,iso=300,cnv2,hdr0
[02:39:01.225] RX< [0m[7] [cam] [188439][me0][me_core_thread:359]ME out fid 4200
[02:39:01.225] RX< [34m[ME INTP]f
[02:39:02.144] RX< id=4200, shutter=11960, perf=3(us), max=2236(us)!
[02:39:02.144] RX< [0m[34m[AE] fid=4230,exp=11960,adg=300,Y=4446,mtg=180,shg=100,bgbv=1173,iso=300,cnv2,hdr0
[02:39:02.144] RX< [0m[34m[b_ae0 proc] perf=588(us), max=677(us)!
[02:39:02.144] RX< [0m[34m[awb0 proc] perf=1486(us), max=1565(us)!
[02:39:02.144] RX< [0m[7] [cam] 
[02:39:03.126] RX< [189439][me0][me_core_thread:359]ME out fid 4230
[02:39:03.126] RX< [32m[BE] fid=4230, perf=8892(us), max=8892(us)!
[02:39:03.126] RX< [0m[6] [App Dfs] f_index = 4230, f_len = 177635, cur_total_len = 6850006
[02:39:03.126] RX< [34m[AE] fid=4260,exp=11960,adg=300,Y=4448,mtg=180,shg=100,bgbv=1173,iso=300,cnv2,h
[02:39:05.128] RX< dr0
[02:39:05.128] RX< [0m[7] [cam] [190439][me0][me_core_thread:359]ME out fid 4260
[02:39:05.128] RX< [34m[AE] fid=4290,exp=11960,adg=300,Y=4441,mtg=180,shg=100,bgbv=1173,iso=300,cnv2,hdr0
[02:39:05.128] RX< [0m[7] [cam] [191439][me0][me_core_thread:359]ME out fid 4290
[02:39:05.146] RX< [34m[AE] fid=4320,exp=11950,adg=300,Y=4451,mtg=180,shg=100,bgbv=1177,iso=300,cnv2,hdr0
[02:39:05.146] RX< [0m[34m[b_ae0 proc] perf=414(us), max=711(us)!
[02:39:05.146] RX< [0m[34m[awb0 proc] perf=1295(us), max=1503(us)!
[02:39:05.146] RX< [0m[6] [cam] [192430][dwp0][cpm_cb_dewarp_handle:1411]EIS: dewarp d
[02:39:05.506] RX< one frm=4320, buf_idx=0
[02:39:05.506] RX< [7] [cam] [192439][me0][me_core_thread:359]ME out fid 4320
[02:39:05.506] RX< [34m[ME INTP]fid=4320, shutter=11950, perf=4(us), max=2681(us)!
[02:39:05.506] RX< [0m[32m[BE] fid=4320, perf=8874(us), max=8892(us)!
[02:39:05.506] RX< [0m[6] [App Dfs] f_index = 4320, f_len = 176546, cur_t
[02:39:07.129] RX< otal_len = 6813836
[02:39:07.129] RX< [34m[AE] fid=4350,exp=11960,adg=300,Y=4449,mtg=180,shg=100,bgbv=1173,iso=300,cnv2,hdr0
[02:39:07.129] RX< [0m[7] [cam] [193438][me0][me_core_thread:359]ME out fid 4350
[02:39:07.129] RX< [34m[AE] fid=4380,exp=11950,adg=300,Y=4455,mtg=180,shg=100,bgbv=1177,iso=300,cnv2,hdr
[02:39:08.131] RX< 0
[02:39:08.131] RX< [0m[7] [cam] [194438][me0][me_core_thread:359]ME out fid 4380
[02:39:08.131] RX< [34m[AE] fid=4410,exp=11930,adg=300,Y=4449,mtg=180,shg=100,bgbv=1177,iso=300,cnv2,hdr0
[02:39:08.131] RX< [0m[34m[b_ae0 proc] perf=446(us), max=616(us)!
[02:39:08.131] RX< [0m[34m[awb0 proc] perf=1465(us), max=1717(us)!
[02:39:08.131] RX< [0
[02:39:09.130] RX< m[7] [cam] [195438][me0][me_core_thread:359]ME out fid 4410
[02:39:09.130] RX< [32m[BE] fid=4410, perf=8604(us), max=8902(us)!
[02:39:09.130] RX< [0m[6] [App Dfs] f_index = 4410, f_len = 164003, cur_total_len = 6806315
[02:39:09.130] RX< [34m[AE] fid=4440,exp=11930,adg=300,Y=4438,mtg=180,shg=100,bgbv=1177,iso
[02:39:10.146] RX< =300,cnv2,hdr0
[02:39:10.146] RX< [0m[7] [cam] [196438][me0][me_core_thread:359]ME out fid 4440
[02:39:10.146] RX< [34m[ME INTP]fid=4440, shutter=11930, perf=3(us), max=3136(us)!
[02:39:10.146] RX< [0m[34m[AE] fid=4470,exp=11940,adg=300,Y=4428,mtg=180,shg=100,bgbv=1173,iso=300,cnv2,hdr0
[02:39:10.146] RX< [0m[7] [cam] [197438
[02:39:11.149] RX< ][me0][me_core_thread:359]ME out fid 4470
[02:39:11.149] RX< [34m[AE] fid=4500,exp=11950,adg=300,Y=4399,mtg=180,shg=100,bgbv=1161,iso=300,cnv2,hdr0
[02:39:11.149] RX< [0m[34m[b_ae0 proc] perf=642(us), max=722(us)!
[02:39:11.149] RX< [0m[34m[awb0 proc] perf=1318(us), max=1601(us)!
[02:39:11.149] RX< [0m[7] [cam] [198438][me0
[02:39:12.147] RX< ][me_core_thread:359]ME out fid 4500
[02:39:12.147] RX< [32m[BE] fid=4500, perf=8590(us), max=8664(us)!
[02:39:12.147] RX< [0m[6] [App Dfs] f_index = 4500, f_len = 164875, cur_total_len = 6807540
[02:39:12.147] RX< [34m[AE] fid=4530,exp=12200,adg=300,Y=4393,mtg=180,shg=100,bgbv=1140,iso=300,cnv2,hdr0
[02:39:12.147] RX< [0m[7] 
[02:39:13.150] RX< [cam] [199438][me0][me_core_thread:359]ME out fid 4530
[02:39:13.150] RX< [34m[AE] fid=4560,exp=12190,adg=300,Y=4423,mtg=180,shg=100,bgbv=1148,iso=300,cnv2,hdr0
[02:39:13.150] RX< [0m[6] [cam] [200432][dwp0][cpm_cb_dewarp_handle:1411]EIS: dewarp done frm=4560, buf_idx=0
[02:39:13.150] RX< [7] [cam] [200437][me
[02:39:14.135] RX< 0][me_core_thread:359]ME out fid 4560
[02:39:14.135] RX< [34m[ME INTP]fid=4560, shutter=12190, perf=3(us), max=2728(us)!
[02:39:14.135] RX< [0m[34m[AE] fid=4590,exp=12190,adg=300,Y=4436,mtg=180,shg=100,bgbv=1152,iso=300,cnv2,hdr0
[02:39:14.135] RX< [0m[34m[b_ae0 proc] perf=407(us), max=649(us)!
[02:39:14.135] RX< [0m[34m[a
[02:39:15.132] RX< wb0 proc] perf=1321(us), max=1574(us)!
[02:39:15.132] RX< [0m[7] [cam] [201437][me0][me_core_thread:359]ME out fid 4590
[02:39:15.132] RX< [32m[BE] fid=4590, perf=8762(us), max=8766(us)!
[02:39:15.132] RX< [0m[6] [App Dfs] f_index = 4590, f_len = 175419, cur_total_len = 6859473
[02:39:15.132] RX< [34m[AE] fid=4620,exp=12140,ad
[02:39:16.150] RX< g=300,Y=4453,mtg=180,shg=100,bgbv=1160,iso=300,cnv2,hdr0
[02:39:16.150] RX< [0m[7] [cam] [202437][me0][me_core_thread:359]ME out fid 4620
[02:39:16.150] RX< [34m[AE] fid=4650,exp=12150,adg=300,Y=4440,mtg=180,shg=100,bgbv=1156,iso=300,cnv2,hdr0
[02:39:16.150] RX< [0m[7] [cam] [203437][me0][me_core_thread:359]M
[02:39:17.151] RX< E out fid 4650
[02:39:17.151] RX< [34m[AE] fid=4680,exp=12150,adg=300,Y=4438,mtg=180,shg=100,bgbv=1156,iso=300,cnv2,hdr0
[02:39:17.151] RX< [0m[34m[b_ae0 proc] perf=445(us), max=635(us)!
[02:39:17.151] RX< [0m[34m[awb0 proc] perf=1358(us), max=1648(us)!
[02:39:17.151] RX< [0m[7] [cam] [204437][me0][me_core_thread:359]ME out
[02:39:18.133] RX<  fid 4680
[02:39:18.133] RX< [34m[ME INTP]fid=4680, shutter=12150, perf=508(us), max=1303(us)!
[02:39:18.133] RX< [0m[32m[BE] fid=4680, perf=8585(us), max=8764(us)!
[02:39:18.133] RX< [0m[6] [App Dfs] f_index = 4680, f_len = 163886, cur_total_len = 6821631
[02:39:18.133] RX< [34m[AE] fid=4710,exp=12140,adg=300,Y=4454,mtg=180,
[02:39:20.135] RX< shg=100,bgbv=1160,iso=300,cnv2,hdr0
[02:39:20.135] RX< [0m[7] [cam] [205437][me0][me_core_thread:359]ME out fid 4710
[02:39:20.135] RX< [34m[AE] fid=4740,exp=12150,adg=300,Y=4437,mtg=180,shg=100,bgbv=1152,iso=300,cnv2,hdr0
[02:39:20.135] RX< [0m[7] [cam] [206437][me0][me_core_thread:359]ME out fid 4740
[02:39:20.489] RX< [34m[AE] fid=4770,exp=12150,adg=300,Y=4442,mtg=180,shg=100,bgbv=1156,iso=300,cnv2,hdr0
[02:39:20.489] RX< [0m[34m[b_ae0 proc] perf=407(us), max=663(us)!
[02:39:20.489] RX< [0m[34m[awb0 proc] perf=1406(us), max=1675(us)!
[02:39:20.489] RX< [0m[7] [cam] [207436][me0][me_core_thread:359]ME out fid 4770
[02:39:20.489] RX< [32m
[02:39:21.153] RX< [BE] fid=4770, perf=8614(us), max=8616(us)!
[02:39:21.153] RX< [0m[6] [App Dfs] f_index = 4770, f_len = 164115, cur_total_len = 6834043
[02:39:21.153] RX< [34m[AE] fid=4800,exp=12150,adg=300,Y=4440,mtg=180,shg=100,bgbv=1156,iso=300,cnv2,hdr0
[02:39:21.153] RX< [0m[6] [cam] [208428][dwp0][cpm_cb_dewarp_handle:
[02:39:22.135] RX< 1411]EIS: dewarp done frm=4800, buf_idx=0
[02:39:22.135] RX< [7] [cam] [208436][me0][me_core_thread:359]ME out fid 4800
[02:39:22.135] RX< [34m[ME INTP]fid=4800, shutter=12150, perf=3(us), max=521(us)!
[02:39:22.135] RX< [0m[34m[AE] fid=4830,exp=12170,adg=300,Y=4409,mtg=180,shg=100,bgbv=1144,iso=300,cnv2,hdr0
[02:39:23.138] RX< 
[02:39:23.138] RX< [0m[7] [cam] [209436][me0][me_core_thread:359]ME out fid 4830
[02:39:23.138] RX< [34m[AE] fid=4860,exp=12260,adg=300,Y=4427,mtg=180,shg=100,bgbv=1146,iso=300,cnv2,hdr0
[02:39:23.138] RX< [0m[34m[b_ae0 proc] perf=409(us), max=636(us)!
[02:39:23.138] RX< [0m[34m[awb0 proc] perf=1321(us), max=1710(us)!
[02:39:23.138] RX< [0m
[02:39:24.136] RX< [7] [cam] [210436][me0][me_core_thread:359]ME out fid 4860
[02:39:24.136] RX< [32m[BE] fid=4860, perf=8774(us), max=8774(us)!
[02:39:24.136] RX< [0m[6] [App Dfs] f_index = 4860, f_len = 174720, cur_total_len = 6822177
[02:39:24.136] RX< [34m[AE] fid=4890,exp=12230,adg=300,Y=4430,mtg=180,shg=100,bgbv=1147,iso=
[02:39:25.235] RX< 300,cnv2,hdr0
[02:39:25.235] RX< [0m[7] [cam] [211436][me0][me_core_thread:359]ME out fid 4890
[02:39:25.235] RX< [34m[AE] fid=4920,exp=12240,adg=300,Y=4408,mtg=180,shg=100,bgbv=1139,iso=300,cnv2,hdr0
[02:39:25.235] RX< [0m[7] [cam] [212436][me0][me_core_thread:359]ME out fid 4920
[02:39:25.235] RX< [34m[ME INTP]fid=4920, shut
[02:39:26.155] RX< ter=12240, perf=4(us), max=523(us)!
[02:39:26.155] RX< [0m[34m[AE] fid=4950,exp=12230,adg=300,Y=4416,mtg=180,shg=100,bgbv=1143,iso=300,cnv2,hdr0
[02:39:26.155] RX< [0m[34m[b_ae0 proc] perf=402(us), max=698(us)!
[02:39:26.155] RX< [0m[34m[awb0 proc] perf=1353(us), max=1547(us)!
[02:39:26.155] RX< [0m[7] [cam] [213436][me0][
[02:39:27.153] RX< me_core_thread:359]ME out fid 4950
[02:39:27.153] RX< [32m[BE] fid=4950, perf=8746(us), max=8812(us)!
[02:39:27.153] RX< [0m[6] [App Dfs] f_index = 4950, f_len = 172113, cur_total_len = 6817994
[02:39:27.153] RX< [34m[AE] fid=4980,exp=12150,adg=300,Y=4448,mtg=180,shg=100,bgbv=1156,iso=300,cnv2,hdr0
[02:39:27.153] RX< [0m[7] [c
[02:39:29.155] RX< am] [214436][me0][me_core_thread:359]ME out fid 4980
[02:39:29.155] RX< [34m[AE] fid=5010,exp=12140,adg=300,Y=4467,mtg=180,shg=100,bgbv=1164,iso=300,cnv2,hdr0
[02:39:29.155] RX< [0m[7] [cam] [215435][me0][me_core_thread:359]ME out fid 5010
[02:39:29.155] RX< [34m[AE] fid=5040,exp=12150,adg=300,Y=4429,mtg=180,
[02:39:29.155] RX< shg=100,bgbv=1152,iso=300,cnv2,hdr0
[02:39:29.155] RX< [0m[34m[b_ae0 proc] perf=408(us), max=758(us)!
[02:39:29.155] RX< [0m[34m[awb0 proc] perf=1388(us), max=1710(us)!
[02:39:29.155] RX< [0m[6] [cam] [216427][dwp0][cpm_cb_dewarp_handle:1411]EIS: dewarp done frm=5040, buf_idx=0
[02:39:29.155] RX< [7] [cam] [216435][me0][me_c
[02:39:30.137] RX< ore_thread:359]ME out fid 5040
[02:39:30.137] RX< [34m[ME INTP]fid=5040, shutter=12150, perf=4(us), max=552(us)!
[02:39:30.137] RX< [0m[32m[BE] fid=5040, perf=8857(us), max=8857(us)!
[02:39:30.137] RX< [0m[6] [App Dfs] f_index = 5040, f_len = 178248, cur_total_len = 6843879
[02:39:30.137] RX< [34m[AE] fid=5070,exp=12160,adg=3
[02:39:31.153] RX< 00,Y=4422,mtg=180,shg=100,bgbv=1148,iso=300,cnv2,hdr0
[02:39:31.153] RX< [0m[7] [cam] [217435][me0][me_core_thread:359]ME out fid 5070
[02:39:31.153] RX< [34m[AE] fid=5100,exp=12160,adg=300,Y=4424,mtg=180,shg=100,bgbv=1148,iso=300,cnv2,hdr0
[02:39:31.153] RX< [0m[7] [cam] [218435][me0][me_core_thread:359]ME o
[02:39:32.155] RX< ut fid 5100
[02:39:32.155] RX< [34m[AE] fid=5130,exp=12150,adg=300,Y=4425,mtg=180,shg=100,bgbv=1152,iso=300,cnv2,hdr0
[02:39:32.155] RX< [0m[34m[b_ae0 proc] perf=503(us), max=667(us)!
[02:39:32.155] RX< [0m[34m[awb0 proc] perf=1317(us), max=1548(us)!
[02:39:32.155] RX< [0m[7] [cam] [219435][me0][me_core_thread:359]ME out fi
[02:39:33.154] RX< d 5130
[02:39:33.154] RX< [32m[BE] fid=5130, perf=8603(us), max=8857(us)!
[02:39:33.154] RX< [0m[6] [App Dfs] f_index = 5130, f_len = 163859, cur_total_len = 6806755
[02:39:33.154] RX< [34m[AE] fid=5160,exp=12170,adg=300,Y=4402,mtg=180,shg=100,bgbv=1144,iso=300,cnv2,hdr0
[02:39:33.154] RX< [0m[7] [cam] [220435][me0][me_core_th
[02:39:35.140] RX< read:359]ME out fid 5160
[02:39:35.140] RX< [34m[ME INTP]fid=5160, shutter=12170, perf=4(us), max=505(us)!
[02:39:35.140] RX< [0m[34m[AE] fid=5190,exp=12170,adg=300,Y=4409,mtg=180,shg=100,bgbv=1144,iso=300,cnv2,hdr0
[02:39:35.140] RX< [0m[7] [cam] [221435][me0][me_core_thread:359]ME out fid 5190
[02:39:35.140] RX< [34m[AE] fi
[02:39:35.493] RX< d=5220,exp=12190,adg=300,Y=4404,mtg=180,shg=100,bgbv=1144,iso=300,cnv2,hdr0
[02:39:35.493] RX< [0m[34m[b_ae0 proc] perf=585(us), max=638(us)!
[02:39:35.493] RX< [0m[34m[awb0 proc] perf=1402(us), max=1758(us)!
[02:39:35.493] RX< [0m[7] [cam] [222434][me0][me_core_thread:359]ME out fid 5220
[02:39:35.493] RX< [32m[BE] fid=522
[02:39:36.153] RX< 0, perf=8833(us), max=8833(us)!
[02:39:36.153] RX< [0m[6] [App Dfs] f_index = 5220, f_len = 177096, cur_total_len = 6839327
[02:39:36.153] RX< [34m[AE] fid=5250,exp=12190,adg=300,Y=4415,mtg=180,shg=100,bgbv=1148,iso=300,cnv2,hdr0
[02:39:36.153] RX< [0m[7] [cam] [223434][me0][me_core_thread:359]ME out fid 5250
[02:39:37.238] RX< 
[02:39:37.238] RX< [34m[AE] fid=5280,exp=12190,adg=300,Y=4422,mtg=180,shg=100,bgbv=1148,iso=300,cnv2,hdr0
[02:39:37.238] RX< [0m[6] [cam] [224426][dwp0][cpm_cb_dewarp_handle:1411]EIS: dewarp done frm=5280, buf_idx=0
[02:39:37.238] RX< [7] [cam] [224434][me0][me_core_thread:359]ME out fid 5280
[02:39:37.238] RX< [34m[ME INTP]fi
[02:39:38.140] RX< d=5280, shutter=12190, perf=3(us), max=502(us)!
[02:39:38.140] RX< [0m[34m[AE] fid=5310,exp=12190,adg=300,Y=4412,mtg=180,shg=100,bgbv=1144,iso=300,cnv2,hdr0
[02:39:38.140] RX< [0m[34m[b_ae0 proc] perf=407(us), max=635(us)!
[02:39:38.140] RX< [0m[34m[awb0 proc] perf=1387(us), max=1608(us)!
[02:39:38.140] RX< [0m[7] [cam] [2
[02:39:39.137] RX< 25434][me0][me_core_thread:359]ME out fid 5310
[02:39:39.137] RX< [32m[BE] fid=5310, perf=8817(us), max=8834(us)!
[02:39:39.137] RX< [0m[6] [App Dfs] f_index = 5310, f_len = 175997, cur_total_len = 6845262
[02:39:39.137] RX< [34m[AE] fid=5340,exp=12190,adg=300,Y=4401,mtg=180,shg=100,bgbv=1144,iso=300,cnv2,hdr
[02:39:40.986] RX< 0
[02:39:40.986] RX< [0m[7] [cam] [226434][me0][me_core_thread:359]ME out fid 5340
[02:39:40.986] RX< [34m[AE] fid=5370,exp=12190,adg=300,Y=4422,mtg=180,shg=100,bgbv=1148,iso=300,cnv2,hdr0
[02:39:40.986] RX< [0m[7] [cam] [227434][me0][me_core_thread:359]ME out fid 5370
[02:39:40.986] RX< dfs_video_stop
[02:39:40.986] RX< msh /emmc>echo "__EVBTEST
[02:39:41.009] RX< _E[6] [App Dfs]  Gravity_XR Record Stop Success: total frames = 5386
[02:39:41.009] RX< [6] [cam] [228285][DfsSend][sensor_stream_off:1188]sensor [1]: stream_off
[02:39:41.009] RX< [6] [cam] [228285][DfsSend][sensor_stream_off:1217]sensor [1]: REG: 0x100, W:0x0.
[02:39:41.009] RX< [6] [cam] [228286][DfsSend][se
[02:39:41.022] RX< nsor_stream_off:1219]sensor [1]: REG: 0x100, R:0x0.
[02:39:41.022] RX< [6] [cam] [228311][DfsSend][csc_prv_stop:983]ok! phys_id[1], phys_num[1], stop_type = 0
[02:39:41.022] RX< [6] [cam] [228311][DfsSend][cam_stop:1058]preview stop ok! logic_id[0]
[02:39:41.022] RX< [34m[cam stop] perf=26378(us)!
[02:39:41.022] RX< [0m[6] [App
[02:39:41.023] RX<  Cam] cam stop success
[02:39:41.023] RX< Total of 5387 frames encoded, 408729452 bytes, max_workbuffer_used: 3493888 bytes
[02:39:41.023] RX< [6] [App Cam] hevc_encoder_deinit success
[02:39:41.023] RX< [7] [cam] [228314][DfsSend][cam_cpm_core_power_off:467]id,0 type,1 ret 0
[02:39:41.023] RX< [6] [cam] [228314][sif0][sif_irq_p
[02:39:41.025] RX< roc:174]thread release cid,0
[02:39:41.025] RX< [6] [cam] [228314][DfsSend][cam_sif_mgr_deinit:316]X
[02:39:41.025] RX< [6] [cam] [228315][DfsSend][cam_deinit:887]deinit ok! logic_id[0]
[02:39:41.025] RX< [34m[cam deinit] perf=1296(us)!
[02:39:41.025] RX< [0m[6] [App Cam] cam deinit success
[02:39:41.025] RX< [6] [cam] [228316][DfsSend][sensor_c
[02:39:41.025] RX< lose:1292]sensor [1]: close!
[02:39:41.025] RX< [6] [cam] [228316][DfsSend][cam_dewarp_deinit:438]dewarp deinit, id=0
[02:39:41.025] RX< [6] [cam] [228316][dwp0][dewarp_thread_entry:174]dewarp thread exit signal, id=0
[02:39:41.025] RX< [6] [cam] [228317][dwp0][dewarp_thread_entry:276]dewarp thread exit, id=0
[02:39:41.027] RX< [6] [cam] [228317][DfsSend][cam_bm_core_deinit:136]X
[02:39:41.027] RX< [6] [cam] [228318][be0][be_core_irq_proc:329]thread release cid,0
[02:39:41.027] RX< [6] [cam] [228318][DfsSend][cam_be_core_deinit:793]X
[02:39:41.027] RX< [6] [cam] [228318][me0][me_core_thread:404]thread release cid,0
[02:39:41.027] RX< [6] [cam] [228319]
[02:39:41.027] RX< [DfsSend][cam_me_core_deinit:1551]X
[02:39:41.027] RX< [6] [cam] [228319][fe0][fe_core_irq_proc:121]thread release cid,0
[02:39:41.027] RX< [6] [cam] [228319][DfsSend][cam_fe_core_deinit:536]X
[02:39:41.027] RX< [6] [cam] [228320][b_3a_sts][bayer_stats_core_irq_proc:193]thread release cid,0
[02:39:41.027] RX< [6] [cam] [228320][
[02:39:41.030] RX< DfsSend][cam_bayer_stats_core_deinit:512]X
[02:39:41.030] RX< [6] [cam] [228321][b_ae0][a5_core_wrapper_task:315]thread release cid,0,algo,0
[02:39:41.030] RX< [6] [cam] [228321][DfsSend][bayer_ae_wrapper_deinit:204]X
[02:39:41.030] RX< [6] [cam] [228321][atf0][a5_core_wrapper_task:315]thread release cid,0,alg
[02:39:41.033] RX< o,1
[02:39:41.033] RX< [6] [cam] [228322][DfsSend][atf_wrapper_deinit:153]X
[02:39:41.033] RX< [6] [cam] [228322][awb0][a5_core_wrapper_task:315]thread release cid,0,algo,2
[02:39:41.033] RX< [6] [cam] [228322][DfsSend][awb_wrapper_deinit:153]X
[02:39:41.033] RX< [6] [cam] [228323][DfsSend][cam_5a_core_deinit:555]X
[02:39:41.033] RX< [6] [cam] [22
[02:39:41.033] RX< 8323][DfsSend][cam_5a_inf_deinit:149]X
[02:39:41.033] RX< [6] [cam] [228323][qpc0][qpc_core_msg_proc:705]thread release cid,0
[02:39:41.033] RX< [6] [cam] [228324][DfsSend][qpc_core_deinit:1413]X
[02:39:41.033] RX< [6] [cam] [228324][DfsSend][cam_cpm_core_deinit:1248]X
[02:39:41.033] RX< [6] [cam] [228324][DfsSend][csc_close:656
[02:39:41.043] RX< ]ok! phys_id[1], phys_num[1]
[02:39:41.043] RX< [7] [cam] [228325][cer0][cer_recovery_proc:352]msg type = 254
[02:39:41.043] RX< [6] [cam] [228325][cer0][cer_recovery_proc:454]thread release cid,0
[02:39:41.043] RX< [6] [cam] [228326][DfsSend][cer_deinit:560]X
[02:39:41.043] RX< [6] [cam] [228326][DfsSend][cam_close:789]close ok
[02:39:41.043] RX< ! logic_id[0]
[02:39:41.043] RX< [34m[cam close] perf=10555(us)!
[02:39:41.043] RX< [0m[6] [App Cam] cam close success
[02:39:41.043] RX< [6] [cam] [228327][cpl0][cam_prelude_proc_routine:136]thread release
[02:39:41.043] RX< [6] [cam] [228327][DfsSend][cam_exit:571]exit ok!
[02:39:41.043] RX< [34m[cam exit] perf=663(us)!
[02:39:41.043] RX< [0m[6] [App Cam] cam
[02:39:41.091] RX<  exit success
[02:39:41.091] RX< [6] [App Dfs] Save Video Successful: /emmc/VIDEO/20260101_000047_7946/Video_7946_0.h265
[02:39:41.091] RX< [6] [App Dfs] Save Imu Successful: /emmc/VIDEO/20260101_000047_7946/Imu_7946.bin
[02:39:41.091] RX< [6] [App Dfs] Video recording completed successfully.
[02:39:41.091] RX< ND_88b8514a__"
[02:39:41.091] RX< __
[02:39:41.175] TX> dfs_video_stop
[02:39:41.175] TX> echo "__EVBTEST_END_88b8514a__"
[02:39:43.094] RX< EVBTEST_END_88b8514a__
[02:39:43.094] RX< msh /emmc>
[02:46:51.535] RX< rtmp_video_start rtmp://192.168.1.89/live/cam
[02:46:51.558] RX< [7] [cam] [658875][tshell][cgm_parse_bin:104]total logical camera num: 1
[02:46:51.558] RX< [6] [cam] [658875][tshell][cam_prelude_create:187]E id, 0
[02:46:51.558] RX< [7] [cam] [658876][cpl0][cam_prelude_proc_routine:101]thread start
[02:46:51.558] RX< [6] [cam] [658876][tshell][cam_prelude_create:214]X ctx s
[02:46:51.560] RX< ize 132 addr 0x884de938
[02:46:51.560] RX< [6] [cam] [658881][tshell][sensor_probe:418]sensor [1]: identifing 0 success.
[02:46:51.560] RX< [6] [cam] [658881][tshell][sensor_probe:441]sensor [1]: probe exit!
[02:46:51.560] RX< [6] [cam] [658882][tshell][cam_prelude_fast_probe:251]cam: 0 probe result: 0
[02:46:51.560] RX< [6] [ca
[02:46:51.561] RX< m] [658883][tshell][cgm_parse_bin:218]cam(0) probe success
[02:46:51.561] RX< [6] [cam] [658883][tshell][cam_entry:455]entry ok
[02:46:51.561] RX< [34m[cam entry] perf=8182(us)!
[02:46:51.561] RX< [0m[6] [App Cam] cam entry success
[02:46:51.561] RX< [7] [cam] [658884][tshell][cam_solve_layout:350][mLayout] param OK, scen3 iw4
[02:46:51.563] RX< 032 ih2268 ow2304 oh1296 gdc 0x2
[02:46:51.563] RX< [36m[mLayout] scen03 in=4032x2268,out=1296x2304 meRot1 stripe0 gdcOn0
[02:46:51.563] RX< [0m[36m[mLayout] scen03 14entries solved status=OK retry=0 rtmp=enabled (cursor0=0x8a018210 cursor1=0x89300000, ch0/1/2 cnt=5/1/1)
[02:46:51.563] RX< [0m[7] [cam] [658
[02:46:51.564] RX< 885][tshell][cam_solve_layout:377]
[02:46:51.564] RX< [mLayout] out vol 0x8c000000 rBuf 0x89300000 sz 0xd00000 wBuf 0x8a9e5400 sz 0x900000
[02:46:51.564] RX<           rtmp tBuf 0x8a098210 sz 0x80000 aBuf 0x8a018210 sz 0x80000
[02:46:51.564] RX< [7] [cam] [658887][tshell][cam_solve_layout:397]Solve Scen3 layou
[02:46:51.566] RX< t Done!
[02:46:51.566] RX< [6] [cam] [658887][tshell][cgm_parse_media_para:274]phy cam num: 1
[02:46:51.566] RX< [7] [cam] [658888][cer0][cer_recovery_proc:343]thread start cid, 0
[02:46:51.566] RX< [6] [cam] [658888][tshell][csc_open:499]SENSOR MCLK cal: 24MHz
[02:46:51.566] RX< [6] [cam] [658888][tshell][csc_isp_clk_cal:344]MI
[02:46:51.566] RX< PI CLK cal: 277MHz
[02:46:51.566] RX< [6] [cam] [658889][tshell][csc_isp_clk_cal:374]LITE CLK cal: 25MHz
[02:46:51.566] RX< [7] [cam] [658889][tshell][cpc_csi_rx_power_on:633]E id: 2
[02:46:51.566] RX< [4] [cam] [658890][tshell][cpc_csi_rx_power_on:644]csi_2 has already power on, STATUS: 1
[02:46:51.566] RX< [6] [cam] [658890][t
[02:46:51.572] RX< shell][cpc_update_clock:603]actual SNS mclk: 24MHz
[02:46:51.572] RX< [6] [cam] [658891][tshell][cpc_update_clock:608]actual MIPI0: 300MHz
[02:46:51.572] RX< [6] [cam] [658891][tshell][cpc_update_clock:598]actual LITE clk: 25MHz
[02:46:51.572] RX< [7] [cam] [658891][tshell][cam_prelude_open:297][34msnsOpen ca
[02:46:51.572] RX< mID1 csiID0 phyIdx0[0m
[02:46:51.572] RX< [6] [cam] [658895][tshell][sensor_expo_gain_match:48]sensor get sensor expo gain of imx681_vst
[02:46:51.572] RX< [6] [cam] [658895][tshell][sensor_open:684]sensor [1] open OK.
[02:46:51.572] RX< [6] [cam] [658896][tshell][cam_cpm_parse_media:295]video scenario:3, medi
[02:46:51.577] RX< a para[fps:0, mirror_en:0, flip_en:0]
[02:46:51.577] RX< [6] [cam] [658896][tshell][cam_cpm_parse_media:298]video scenario, media para[iso:0, gain:0, wb_mode:0]
[02:46:51.577] RX< [6] [cam] [658897][tshell][csc_isp_clk_cal:355]FE CLK cal: 373MHz, ME CLK cal: 371MHz, FE/ME CLK cal: 410MHz
[02:46:51.577] RX< [6] 
[02:46:51.577] RX< [cam] [658897][tshell][csc_isp_clk_cal:364]BE CLK cal: 301MHz
[02:46:51.577] RX< [4] [cam] [658898][tshell][cam_fe_core_power_on:269]fe pipe has already power on, STATUS: 1
[02:46:51.577] RX< [6] [cam] [658898][tshell][cpc_update_clock:588]actual FE/ME clk: 500MHz
[02:46:51.577] RX< [7] [cam] [658899][tshell][
[02:46:51.580] RX< cam_cpm_core_power_on:435]id,0 type,1 ret 0
[02:46:51.580] RX< [6] [cam] [658899][tshell][cam_cpm_core_init:1017]E id,0 sensor type,1
[02:46:51.580] RX< [6] [cam] [658902][tshell][cpm_core_check_tuningbin:957]Tuning bin crc check PASS! sum 0x17a5964, xor 0x87e82682
[02:46:51.580] RX< [6] [cam] [658902][tshell][
[02:46:51.580] RX< qpc_tuning_check_iqbin_validness:396]IQ bin addr: 0x88646660, project_name: video_3M
[02:46:51.580] RX< [6] [cam] [658903][tshell][qpc_tuning_check_iqbin_validness:397]total_size: 94400
[02:46:51.580] RX< [6] [cam] [658903][tshell][qpc_tuning_check_iqbin_validness:398]id_count: 93. ID_TOTAL: 
[02:46:51.582] RX< 94
[02:46:51.582] RX< [6] [cam] [658904][tshell][qpc_tuning_check_iqbin_validness:399]spinel tuning data ver: V1.30
[02:46:51.582] RX< [6] [cam] [658904][tshell][cpm_core_check_tuningbin:971]IQ bin check success!
[02:46:51.582] RX< [6] [cam] [658905][tshell][cam_bm_core_init:94]E
[02:46:51.582] RX< [6] [cam] [658905][tshell][bm_
[02:46:51.582] RX< lab_init:174]X ctx size 4 addr 0x884b92e8
[02:46:51.582] RX< [6] [cam] [658906][tshell][cam_bm_core_init:114]X ctx size 180 addr 0x884c1bd0
[02:46:51.582] RX< [6] [cam] [658906][tshell][qpc_core_init:1299]E id,0
[02:46:51.582] RX< [6] [cam] [658907][tshell][qpc_queue_init:65]QPC init qnodes 8, size 508, pool 0
[02:46:51.601] RX< x884c21e8
[02:46:51.601] RX< [7] [cam] [658907][tshell][_qpc_get_cap_cfg_para:896][fallback]preset capCfg 200 0 0 invalid, use default
[02:46:51.601] RX< [7] [cam] [658908][tshell][_qpc_cfg_hdr_frms:840][fallback]preset hdrCfg 0 0 0 0 0 invalid, use default
[02:46:51.601] RX< [6] [cam] [658923][tshell][qpc_core
[02:46:51.601] RX< _init:1347]X ctx size 1288 addr 0x884c1c98
[02:46:51.601] RX< [6] [cam] [658923][tshell][cpm_core_get_param:764]cpm para chk: tunBin-w 4032 h 2266 img-w 4032 h 2268
[02:46:51.601] RX< [6] [cam] [658924][tshell][cam_fe_core_init:436]E id,0
[02:46:51.601] RX< [6] [cam] [658925][tshell][cam_fe_core_init:490]X ctx 
[02:46:51.607] RX< size 96 addr 0x884c3600
[02:46:51.607] RX< [7] [cam] [658925][tshell][qpc_core_fe_chords_init:1763][34mqpc fe init snsOut w 4032 h 2268, tbl w 28 h 20[0m
[02:46:51.607] RX< [6] [cam] [658926][tshell][cam_me_core_init:1523]X ctx size 1352 addr 0x884f1ba8
[02:46:51.607] RX< [34m[ME SLICE CFG] perf=1344(us)!
[02:46:51.607] RX< 
[02:46:51.607] RX< [0m[6] [cam] [658930][tshell][cam_bayer_fe_3a_stats_core_init:445]fe 3a id,0
[02:46:51.607] RX< [6] [cam] [658930][tshell][cam_bayer_fe_3a_stats_core_init:490]X ctx size 132 addr 0x884fa5c8
[02:46:51.607] RX< [6] [cam] [658930][tshell][awb_wrapper_init:66]xxx awb_bin=0x884e1584, awb_bin_lengt
[02:46:51.614] RX< h=8068
[02:46:51.614] RX< [6] [cam] [658931][tshell][awb_wrapper_init:86]X algo_handle 0x88500228
[02:46:51.614] RX< [7] [cam] [658931][awb0][a5_core_wrapper_task:252]thread start cid,0 algo type,2
[02:46:51.614] RX< [6] [cam] [658932][tshell][a5_core_init_task:426]thread created: awb0 mq=0x885022b8 thread=0x88
[02:46:51.615] RX< 5023d0 sem=0x88502248 ret=0
[02:46:51.615] RX< [6] [cam] [658932][tshell][bayer_ae_wrapper_init:68]E id,0 proc mode 0 
[02:46:51.615] RX< 
[02:46:51.615] RX< [AEC Proc] @[allib_ae_set_debug_log_flag] Line:129:[DEBUG] debug level/to_file/to_terminal: 22/1/1
[02:46:51.615] RX< [AEC Proc] @[AeInit] Line:377:[INFO] AE ver: 2026_V2.26
[02:46:51.617] RX< 9
[02:46:51.617] RX< 
[02:46:51.617] RX< [AEC Proc] @[allib_ae_loadfunc] Line:193:[INFO] camera ID: 0
[02:46:51.617] RX< [AEC Proc] @[alAE_set_param] Line:576:[DEBUG] sw_maxtime 33004 ,pertline 10800, after check sensor step sw_max_time 33000.00
[02:46:51.617] RX< [AEC Proc] @[alAE_set_param] Line:581:[DEBUG] sw_mintime 43 ,pert
[02:46:51.617] RX< line 10800, after check sensor step sw_min_time 40.00
[02:46:51.617] RX< [AEC Proc] @[alAE_set_param] Line:514:[DEBUG] DEBUG minbv exptime 11 gain 100, minExpBV 13810
[02:46:51.617] RX< [AEC Proc] @[AeTuningParseSet] Line:167:[DEBUG] aeparam version 2.268 60803
[02:46:51.617] RX< [AEC Proc] @[alAE_set_param] Li
[02:46:51.620] RX< ne:341:[DEBUG] INITEXP gain 100, shutter 33242, midtonegain 100, bv 2247
[02:46:51.620] RX< [6] [cam] [658942][tshell][bayer_ae_wrapper_init:119]X tline 10800 max_exp 33004 alg_hdl 0x88504b80 
[02:46:51.620] RX< [7] [cam] [658943][b_ae0][a5_core_wrapper_task:252]thread start cid,0 algo type,0
[02:46:51.620] RX< 
[02:46:51.620] RX< [6] [cam] [658943][tshell][a5_core_init_task:426]thread created: b_ae0 mq=0x88505c30 thread=0x88505d48 sem=0x88505bc0 ret=0
[02:46:51.620] RX< [6] [cam] [658944][tshell][atf_wrapper_init:67]E id,0
[02:46:51.620] RX< [6] [cam] [658945][tshell][atf_wrapper_init:107]X alg_ctx addr 0x88507130
[02:46:51.620] RX< [
[02:46:51.636] RX< 7] [cam] [658945][atf0][a5_core_wrapper_task:252]thread start cid,0 algo type,1
[02:46:51.636] RX< [6] [cam] [658945][tshell][a5_core_init_task:426]thread created: atf0 mq=0x88507268 thread=0x88507380 sem=0x885071f8 ret=0
[02:46:51.636] RX< [6] [cam] [658946][tshell][cam_cpm_core_init:1149]X 
[02:46:51.637] RX< ctx size 1096 addr 0x884c1778
[02:46:51.637] RX< [6] [cam] [658946][tshell][csc_open:599]ok! phys_id[1], phys_num[1] 
[02:46:51.637] RX< [6] [cam] [658947][tshell][cam_open:738]open ok! camera_id[0]
[02:46:51.637] RX< [34m[cam open] perf=63586(us)!
[02:46:51.637] RX< [0m[6] [App Cam] cam open success
[02:46:51.637] RX< [6] [cam] [658961][tshell
[02:46:51.639] RX< ][csc_init:722]sensor info:size:4032x2268, formt: 0x2b, bps: 1968, tline: 10800
[02:46:51.639] RX< [6] [cam] [658961][tshell][cam_sif_mgr_init:261]E id,0
[02:46:51.639] RX< [7] [cam] [658962][sif0][sif_irq_proc:151]thread start cid,0
[02:46:51.639] RX< [6] [cam] [658962][tshell][cam_sif_mgr_init:293]X ctx size 
[02:46:51.639] RX< 52 addr 0x88541b78
[02:46:51.639] RX< [6] [cam] [658963][tshell][cam_prelude_init_cfg:368]CSI ID is 0,  phy lanes is 2.
[02:46:51.639] RX< [7] [cam] [658963][tshell][check_phy_ready:96]MIPI_PHY[0] is ready
[02:46:51.639] RX< [6] [cam] [658964][tshell][sensor_init:348]sensor [1]: register ok
[02:46:51.639] RX< [6] [cam] [658964][
[02:46:51.648] RX< tshell][sensor_set_mode:887]sensor [1]: SetMode -> mode = 0.
[02:46:51.648] RX< [6] [cam] [658965][tshell][sensor_send_reg_tab_to_sensor:705]sensor [1]: send_reg_tab_to_sensor E.
[02:46:51.648] RX< [6] [cam] [658968][tshell][sensor_send_reg_tab_to_sensor:751]sensor [1]: reg_count = 77.
[02:46:51.648] RX< [6] [c
[02:46:51.648] RX< am] [658969][tshell][sensor_init:361]sensor [1]: init success.
[02:46:51.648] RX< [6] [cam] [658969][tshell][sensor_set_mode:887]sensor [1]: SetMode -> mode = 3.
[02:46:51.648] RX< [6] [cam] [658969][tshell][sensor_send_reg_tab_to_sensor:705]sensor [1]: send_reg_tab_to_sensor E.
[02:46:51.648] RX< [6] [cam] [65
[02:46:51.651] RX< 8973][tshell][sensor_send_reg_tab_to_sensor:751]sensor [1]: reg_count = 83.
[02:46:51.651] RX< [6] [cam] [658973][tshell][csc_init:731]ok! phys_id[1], phys_num[1]
[02:46:51.651] RX< [6] [cam] [658974][tshell][csc_get_bayer_single_buffer:1148]scenario_type: 3
[02:46:51.651] RX< [6] [cam] [658974][tshell][csc_set
[02:46:51.653] RX< _stats_fmt:98]index 0 w 1 h 1 bw 8 wcmp 255
[02:46:51.653] RX< [7] [cam] [658975][tshell][bm_ioctl:201]BMIOC_STATS_FMT
[02:46:51.653] RX< [6] [cam] [658975][tshell][csc_set_fe_fmt:47]index 1 w 4032 h 2268 bw 10 wcmp 0
[02:46:51.653] RX< [7] [cam] [658976][tshell][bm_ioctl:201]BMIOC_FE_FMT
[02:46:51.653] RX< [6] [cam] [658976][ts
[02:46:51.654] RX< hell][csc_set_me_fmt:64]index 5 w 2268 h 4032 bw 10 wcmp 0, rdma_addr 0x8a128c00, wdma_addr 0x8a128c00
[02:46:51.654] RX< [7] [cam] [658977][tshell][bm_ioctl:201]BMIOC_ME_FMT
[02:46:51.654] RX< [6] [cam] [658977][tshell][csc_set_video_fmt:1076]meta_addr: 0x8a118240
[02:46:51.654] RX< [6] [cam] [658977][tshell]
[02:46:51.656] RX< [csc_set_me_fmt:64]index 6 w 1296 h 2304 bw 8 wcmp 255, rdma_addr 0x8b2e5400, wdma_addr 0x8c000000
[02:46:51.656] RX< [6] [cam] [658978][tshell][cam_me_core_buffer_cfg:1416]
[02:46:51.656] RX< ----ME PIPE INFO---
[02:46:51.656] RX<  wdma_buf_num:1, rotation_en: 1
[02:46:51.656] RX< [7] [cam] [658979][tshell][cam_me_core_buffer_
[02:46:51.656] RX< cfg:1424]yuv wdma_addr 0:0x8c000000, meta_en: 1, 0x8a118240
[02:46:51.656] RX< [7] [cam] [658979][tshell][bm_ioctl:201]BMIOC_ME_FMT
[02:46:51.656] RX< [6] [cam] [658980][tshell][csc_set_lite_fmt:115]index 13 w 400 h 400 bw 10 wcmp 255
[02:46:51.656] RX< [7] [cam] [658980][tshell][bm_ioctl:201]BMIOC_LITE_FMT
[02:46:51.656] RX< [6
[02:46:51.658] TX> rtmp_video_start rtmp://192.168.1.89/live/cam
[02:46:51.658] TX> echo "__EVBTEST_END_785b4fec__"
[02:46:51.659] RX< ] [cam] [658980][tshell][csc_set_lite_fmt:115]index 14 w 400 h 400 bw 10 wcmp 255
[02:46:51.659] RX< [7] [cam] [658981][tshell][bm_ioctl:201]BMIOC_LITE_FMT
[02:46:51.659] RX< [6] [cam] [658981][tshell][csc_init:739]get otp ok! phys_id[1], phys_num[1]
[02:46:51.659] RX< [6] [cam] [658981][tshell][cam_init:828]in
[02:46:51.659] RX< it ok! logic_id[0]
[02:46:51.659] RX< [34m[cam init] perf=20610(us)!
[02:46:51.659] RX< [0m[6] [App Cam] cam init success
[02:46:51.659] RX< [7] [cam] [658982][tshell][cam_cpm_core_stream_on:560]id 0 sensor type 1
[02:46:51.659] RX< [6] [cam] [658983][tshell][sensor_stream_on:1024]sensor [1]: stream_on
[02:46:51.659] RX< [6] [cam] [658983][tshe
[02:46:51.684] RX< ll][sensor_stream_on:1052]sensor [1]: REG: 0x100, W:0x1.
[02:46:51.684] RX< [6] [cam] [658984][tshell][sensor_stream_on:1054]sensor [1]: REG: 0x100, R:0x1.
[02:46:51.684] RX< [6] [cam] [658984][tshell][csc_prv_start:873]ok! phys_id[1], phys_num[1], cam_ids[1]
[02:46:51.684] RX< [6] [cam] [658984][tshell][cam_st
[02:46:51.685] RX< art:938]preview start ok! logic_id[0]
[02:46:51.685] RX< [34m[cam start] perf=2555(us)!
[02:46:51.685] RX< [0m[6] [App Cam] cam start success
[02:46:51.685] RX< [RTMP] connecting rtmp://192.168.1.89/live/cam ...
[02:46:51.685] RX< [7] [cam] [658986][b_3a_sts][bayer_stats_core_irq_proc:164]thread start cid,0
[02:46:51.685] RX< [7] [cam] [658986][
[02:46:51.803] RX< fe0][fe_core_irq_proc:98]thread start cid,0
[02:46:51.803] RX< [RTMP] connected to 192.168.1.89:1935 (sock=6)
[02:46:51.803] RX< [RTMP] handshake (simple) ok
[02:46:51.803] RX< [34m[AE] fid=0,exp=8150,adg=100,Y=5086,mtg=100,shg=100,bgbv=4251,iso=100,cnv0,hdr0
[02:46:51.803] RX< [0m[34m[b_ae0 proc] perf=8099(us), max=8099(us)!
[02:46:51.911] RX< 
[02:46:51.911] RX< [0m[34m[awb0 proc] perf=3878(us), max=3878(us)!
[02:46:51.911] RX< [0m[RTMP] connect _result ok
[02:46:51.911] RX< [RTMP] createStream -> msid=1
[02:46:51.911] RX< [RTMP] publish ready on rtmp://192.168.1.89:1935/live
[02:46:51.911] RX< [RTMP] config sent (42 bytes)
[02:46:51.911] RX< [RTMP] f_index = 0, f_len = 39
[02:46:51.911] RX< [RTMP] Push Start -> rtmp://1
[02:46:52.298] RX< 92.168.1.89/live/cam
[02:46:52.298] RX< msh /emmc>echo "__EVBTEST_END_785b4fec__"
[02:46:52.298] RX< __EVBTEST_END_785b4fec__
[02:46:52.298] RX< msh /emmc>[6] [cam] [659278][me0][cpm_cb_fe2me_tikChk:152]frm_length 88561us, fe2me delta 0
[02:46:52.298] RX< [34m[ME INTP]fid=0, shutter=8150, perf=2265(us), max=2265(us)!
[02:46:52.298] RX< [0m[7] [cam
[02:46:53.952] RX< ] [659623][me0][me_core_thread:359]ME out fid 0
[02:46:53.952] RX< [34m[AE] fid=30,exp=11950,adg=300,Y=4399,mtg=180,shg=100,bgbv=1161,iso=300,cnv2,hdr0
[02:46:53.952] RX< [0m[7] [cam] [660623][me0][me_core_thread:359]ME out fid 30
[02:46:53.952] RX< [34m[AE] fid=60,exp=11960,adg=300,Y=4446,mtg=180,shg=100,bgb
[02:46:54.954] RX< v=1173,iso=300,cnv2,hdr0
[02:46:54.954] RX< [0m[7] [cam] [661622][me0][me_core_thread:359]ME out fid 60
[02:46:54.954] RX< [34m[AE] fid=90,exp=11910,adg=300,Y=4478,mtg=180,shg=100,bgbv=1189,iso=300,cnv2,hdr0
[02:46:54.954] RX< [0m[34m[b_ae0 proc] perf=1010(us), max=8099(us)!
[02:46:54.954] RX< [0m[34m[awb0 proc] perf=3801(u
[02:46:56.048] RX< s), max=3918(us)!
[02:46:56.048] RX< [0m[RTMP] f_index = 90, f_len = 14432
[02:46:56.048] RX< [7] [cam] [662622][me0][me_core_thread:359]ME out fid 90
[02:46:56.048] RX< [34m[AE] fid=120,exp=11930,adg=300,Y=4445,mtg=180,shg=100,bgbv=1177,iso=300,cnv2,hdr0
[02:46:56.048] RX< [0m[34m[ME INTP]fid=120, shutter=11930, perf=6(us), m
[02:46:57.949] RX< ax=3229(us)!
[02:46:57.949] RX< [0m[7] [cam] [663622][me0][me_core_thread:359]ME out fid 120
[02:46:57.949] RX< [34m[AE] fid=150,exp=11930,adg=300,Y=4443,mtg=180,shg=100,bgbv=1177,iso=300,cnv2,hdr0
[02:46:57.949] RX< [0m[7] [cam] [664622][me0][me_core_thread:359]ME out fid 150
[02:46:57.949] RX< [34m[AE] fid=180,exp=11930,adg=
[02:46:58.333] RX< 300,Y=4440,mtg=180,shg=100,bgbv=1177,iso=300,cnv2,hdr0
[02:46:58.333] RX< [0m[34m[b_ae0 proc] perf=1019(us), max=1120(us)!
[02:46:58.333] RX< [0m[34m[awb0 proc] perf=3819(us), max=4184(us)!
[02:46:58.333] RX< [0m[RTMP] f_index = 180, f_len = 12700
[02:46:58.333] RX< [7] [cam] [665622][me0][me_core_thread:359]ME out fid 180
[02:46:58.333] RX< 
[02:46:59.295] RX< [34m[awb0 proc] perf=6542(us), max=6542(us)!
[02:46:59.295] RX< [0m[4] [cam] [665699][qpc0][qpc_core_exception_check:405]discontinuous frame, now: 193, last: 191
[02:46:59.295] RX< [34m[AE] fid=210,exp=11930,adg=300,Y=4439,mtg=180,shg=100,bgbv=1177,iso=300,cnv2,hdr0
[02:46:59.295] RX< [0m[7] [cam] [666622][me
[02:47:00.282] RX< 0][me_core_thread:359]ME out fid 210
[02:47:00.282] RX< [34m[awb0 proc] perf=6258(us), max=6542(us)!
[02:47:00.282] RX< [0m[34m[AE] fid=240,exp=11930,adg=300,Y=4439,mtg=180,shg=100,bgbv=1177,iso=300,cnv2,hdr0
[02:47:00.282] RX< [0m[34m[ME INTP]fid=240, shutter=11930, perf=238(us), max=6926(us)!
[02:47:00.282] RX< [0m[7] [cam
[02:47:01.267] RX< ] [667622][me0][me_core_thread:359]ME out fid 240
[02:47:01.267] RX< [34m[AE] fid=270,exp=11930,adg=300,Y=4440,mtg=180,shg=100,bgbv=1177,iso=300,cnv2,hdr0
[02:47:01.267] RX< [0m[34m[b_ae0 proc] perf=1129(us), max=3613(us)!
[02:47:01.267] RX< [0m[34m[awb0 proc] perf=3821(us), max=6258(us)!
[02:47:01.267] RX< [0m[RTMP] f_inde
[02:47:02.899] RX< x = 270, f_len = 14400
[02:47:02.899] RX< [7] [cam] [668621][me0][me_core_thread:359]ME out fid 270
[02:47:02.899] RX< [34m[AE] fid=300,exp=11930,adg=300,Y=4442,mtg=180,shg=100,bgbv=1177,iso=300,cnv2,hdr0
[02:47:02.899] RX< [0m[7] [cam] [669621][me0][me_core_thread:359]ME out fid 300
[02:47:02.899] RX< [RTMP] slow send frame 316
[02:47:03.290] RX<  len=24935 dt=117ms
[02:47:03.290] RX< [34m[AE] fid=330,exp=12020,adg=300,Y=4285,mtg=180,shg=100,bgbv=1123,iso=300,cnv2,hdr0
[02:47:03.290] RX< [0m[RTMP] slow send frame 317 len=21828 dt=76ms
[02:47:03.290] RX< [RTMP] slow send frame 319 len=22896 dt=98ms
[02:47:03.290] RX< [RTMP] slow send frame 321 len=26319 dt=65ms
[02:47:03.290] RX< [7] [cam] 
[02:47:03.571] RX< [670621][me0][me_core_thread:359]ME out fid 330
[02:47:03.571] RX< [4] [cam] [670708][qpc0][qpc_core_exception_check:411]interp not finish in sof, fid: 341
[02:47:03.571] RX< [4] [cam] [670749][qpc0][qpc_core_exception_check:405]discontinuous frame, now: 344, last: 341
[02:47:03.571] RX< [4] [cam] [670899][qpc0]
[02:47:03.944] RX< [qpc_core_exception_check:405]discontinuous frame, now: 349, last: 347
[02:47:03.944] RX< [34m[AE] fid=360,exp=12190,adg=300,Y=4429,mtg=180,shg=100,bgbv=1152,iso=300,cnv2,hdr0
[02:47:03.944] RX< [0m[34m[b_ae0 proc] perf=1022(us), max=2942(us)!
[02:47:03.944] RX< [0m[34m[awb0 proc] perf=3730(us), max=4652(u
[02:47:04.936] RX< s)!
[02:47:04.936] RX< [0m[34m[ME INTP]fid=360, shutter=12190, perf=2759(us), max=6103(us)!
[02:47:04.936] RX< [0m[RTMP] f_index = 360, f_len = 25689
[02:47:04.936] RX< [7] [cam] [671621][me0][me_core_thread:359]ME out fid 360
[02:47:04.936] RX< [34m[AE] fid=390,exp=11700,adg=300,Y=4500,mtg=180,shg=100,bgbv=1211,iso=300,cnv2,h
[02:47:05.935] RX< dr0
[02:47:05.935] RX< [0m[7] [cam] [672621][me0][me_core_thread:359]ME out fid 390
[02:47:05.935] RX< [RTMP] slow send frame 393 len=14223 dt=175ms
[02:47:05.935] RX< [4] [cam] [672965][qpc0][qpc_core_exception_check:405]discontinuous frame, now: 411, last: 409
[02:47:05.935] RX< [34m[AE] fid=420,exp=11540,adg=300,Y=4488,mtg=18
[02:47:06.939] RX< 0,shg=100,bgbv=1230,iso=300,cnv2,hdr0
[02:47:06.939] RX< [0m[7] [cam] [673621][me0][me_core_thread:359]ME out fid 420
[02:47:06.939] RX< [34m[AE] fid=450,exp=11660,adg=300,Y=4482,mtg=180,shg=100,bgbv=1213,iso=300,cnv2,hdr0
[02:47:06.939] RX< [0m[34m[b_ae0 proc] perf=1015(us), max=3859(us)!
[02:47:06.939] RX< [0m[34m[awb0 pr
[02:47:08.034] RX< oc] perf=3825(us), max=4257(us)!
[02:47:08.034] RX< [0m[RTMP] f_index = 450, f_len = 17816
[02:47:08.034] RX< [7] [cam] [674621][me0][me_core_thread:359]ME out fid 450
[02:47:08.034] RX< [34m[AE] fid=480,exp=11890,adg=300,Y=4445,mtg=180,shg=100,bgbv=1182,iso=300,cnv2,hdr0
[02:47:08.034] RX< [0m[34m[ME INTP]fid=480, shutter=118
[02:47:09.366] RX< 90, perf=6(us), max=4392(us)!
[02:47:09.366] RX< [0m[7] [cam] [675621][me0][me_core_thread:359]ME out fid 480
[02:47:09.366] RX< [34m[AE] fid=510,exp=11870,adg=300,Y=4466,mtg=180,shg=100,bgbv=1190,iso=300,cnv2,hdr0
[02:47:09.366] RX< [0m[7] [cam] [676620][me0][me_core_thread:359]ME out fid 510
[02:47:09.366] RX< [4] [cam] [6766
[02:47:09.936] RX< 98][qpc0][qpc_core_exception_check:405]discontinuous frame, now: 523, last: 521
[02:47:09.936] RX< [34m[AE] fid=540,exp=11900,adg=300,Y=4420,mtg=180,shg=100,bgbv=1174,iso=300,cnv2,hdr0
[02:47:09.936] RX< [0m[34m[b_ae0 proc] perf=1123(us), max=4346(us)!
[02:47:09.936] RX< [0m[34m[awb0 proc] perf=3751(us), m
[02:47:11.284] RX< ax=4232(us)!
[02:47:11.284] RX< [0m[RTMP] f_index = 540, f_len = 14025
[02:47:11.284] RX< [7] [cam] [677620][me0][me_core_thread:359]ME out fid 540
[02:47:11.284] RX< [34m[AE] fid=570,exp=11890,adg=300,Y=4425,mtg=180,shg=100,bgbv=1178,iso=300,cnv2,hdr0
[02:47:11.284] RX< [0m[7] [cam] [678620][me0][me_core_thread:359]ME out fid 
[02:47:12.273] RX< 570
[02:47:12.273] RX< [34m[awb0 proc] perf=6160(us), max=6160(us)!
[02:47:12.273] RX< [0m[34m[AE] fid=600,exp=12640,adg=300,Y=4105,mtg=180,shg=100,bgbv=1022,iso=300,cnv2,hdr0
[02:47:12.273] RX< [0m[34m[ME INTP]fid=600, shutter=12640, perf=2086(us), max=3229(us)!
[02:47:12.273] RX< [0m[7] [cam] [679620][me0][me_core_thread:3
[02:47:13.272] RX< 59]ME out fid 600
[02:47:13.272] RX< [34m[AE] fid=630,exp=11850,adg=300,Y=4445,mtg=180,shg=100,bgbv=1186,iso=300,cnv2,hdr0
[02:47:13.272] RX< [0m[34m[b_ae0 proc] perf=1012(us), max=3800(us)!
[02:47:13.272] RX< [0m[34m[awb0 proc] perf=3818(us), max=6160(us)!
[02:47:13.272] RX< [0m[RTMP] f_index = 630, f_len = 15923
[02:47:13.272] RX< [7] [cam]
[02:47:14.930] RX<  [680620][me0][me_core_thread:359]ME out fid 630
[02:47:14.930] RX< [34m[AE] fid=660,exp=11870,adg=300,Y=4482,mtg=180,shg=100,bgbv=1194,iso=300,cnv2,hdr0
[02:47:14.930] RX< [0m[7] [cam] [681620][me0][me_core_thread:359]ME out fid 660
[02:47:14.930] RX< [34m[AE] fid=690,exp=11840,adg=300,Y=4459,mtg=180,shg=100
[02:47:15.936] RX< ,bgbv=1190,iso=300,cnv2,hdr0
[02:47:15.936] RX< [0m[7] [cam] [682620][me0][me_core_thread:359]ME out fid 690
[02:47:15.936] RX< [34m[AE] fid=720,exp=11720,adg=300,Y=4495,mtg=180,shg=100,bgbv=1212,iso=300,cnv2,hdr0
[02:47:15.936] RX< [0m[34m[b_ae0 proc] perf=998(us), max=3630(us)!
[02:47:15.936] RX< [0m[34m[awb0 proc] perf=3
[02:47:16.933] RX< 810(us), max=4889(us)!
[02:47:16.933] RX< [0m[34m[ME INTP]fid=720, shutter=11720, perf=6(us), max=6245(us)!
[02:47:16.933] RX< [0m[RTMP] f_index = 720, f_len = 13333
[02:47:16.933] RX< [7] [cam] [683619][me0][me_core_thread:359]ME out fid 720
[02:47:16.933] RX< [34m[AE] fid=750,exp=11650,adg=300,Y=4489,mtg=180,shg=100,bgbv=121
[02:47:17.934] RX< 7,iso=300,cnv2,hdr0
[02:47:17.934] RX< [0m[7] [cam] [684619][me0][me_core_thread:359]ME out fid 750
[02:47:17.934] RX< [RTMP] slow send frame 751 len=64463 dt=69ms (IDR)
[02:47:17.934] RX< [RTMP] slow send frame 766 len=33136 dt=73ms
[02:47:17.934] RX< [34m[AE] fid=780,exp=12450,adg=300,Y=4247,mtg=180,shg=103,bgbv=1090,iso=300,c
[02:47:18.940] RX< nv2,hdr0
[02:47:18.940] RX< [0m[7] [cam] [685619][me0][me_core_thread:359]ME out fid 780
[02:47:18.940] RX< [34m[AE] fid=810,exp=11630,adg=300,Y=4481,mtg=180,shg=100,bgbv=1217,iso=300,cnv2,hdr0
[02:47:18.940] RX< [0m[34m[b_ae0 proc] perf=1148(us), max=2110(us)!
[02:47:18.940] RX< [0m[34m[awb0 proc] perf=3814(us), max=4132(u
[02:47:20.036] RX< s)!
[02:47:20.036] RX< [0m[RTMP] f_index = 810, f_len = 16251
[02:47:20.036] RX< [7] [cam] [686619][me0][me_core_thread:359]ME out fid 810
[02:47:20.036] RX< [34m[AE] fid=840,exp=11750,adg=300,Y=4426,mtg=180,shg=100,bgbv=1197,iso=300,cnv2,hdr0
[02:47:20.036] RX< [0m[34m[ME INTP]fid=840, shutter=11750, perf=237(us), max=6051(us
[02:47:21.941] RX< )!
[02:47:21.941] RX< [0m[7] [cam] [687619][me0][me_core_thread:359]ME out fid 840
[02:47:21.941] RX< [34m[AE] fid=870,exp=11620,adg=300,Y=4490,mtg=180,shg=100,bgbv=1221,iso=300,cnv2,hdr0
[02:47:21.941] RX< [0m[7] [cam] [688619][me0][me_core_thread:359]ME out fid 870
[02:47:21.941] RX< [34m[AE] fid=900,exp=11630,adg=300,Y=4485
[02:47:22.937] RX< ,mtg=180,shg=100,bgbv=1217,iso=300,cnv2,hdr0
[02:47:22.937] RX< [0m[34m[b_ae0 proc] perf=1005(us), max=4306(us)!
[02:47:22.937] RX< [0m[34m[awb0 proc] perf=3819(us), max=4318(us)!
[02:47:22.937] RX< [0m[RTMP] f_index = 900, f_len = 15248
[02:47:22.937] RX< [7] [cam] [689619][me0][me_core_thread:359]ME out fid 900
[02:47:22.937] RX< [34m[AE] f
[02:47:24.038] RX< id=930,exp=11620,adg=300,Y=4488,mtg=180,shg=100,bgbv=1221,iso=300,cnv2,hdr0
[02:47:24.038] RX< [0m[7] [cam] [690618][me0][me_core_thread:359]ME out fid 930
[02:47:24.038] RX< [34m[AE] fid=960,exp=11620,adg=300,Y=4493,mtg=180,shg=100,bgbv=1221,iso=300,cnv2,hdr0
[02:47:24.038] RX< [0m[34m[ME INTP]fid=960, shut
[02:47:24.943] RX< ter=11620, perf=6(us), max=3213(us)!
[02:47:24.943] RX< [0m[7] [cam] [691618][me0][me_core_thread:359]ME out fid 960
[02:47:24.943] RX< [34m[AE] fid=990,exp=11620,adg=300,Y=4496,mtg=180,shg=100,bgbv=1221,iso=300,cnv2,hdr0
[02:47:24.943] RX< [0m[34m[b_ae0 proc] perf=1010(us), max=3749(us)!
[02:47:24.943] RX< [0m[34m[awb0 pro
[02:47:26.292] RX< c] perf=3822(us), max=4749(us)!
[02:47:26.292] RX< [0m[RTMP] f_index = 990, f_len = 14059
[02:47:26.292] RX< [7] [cam] [692618][me0][me_core_thread:359]ME out fid 990
[02:47:26.292] RX< [34m[AE] fid=1020,exp=11620,adg=300,Y=4495,mtg=180,shg=100,bgbv=1221,iso=300,cnv2,hdr0
[02:47:26.292] RX< [0m[7] [cam] [693618][me0][me_core_th
[02:47:27.944] RX< read:359]ME out fid 1020
[02:47:27.944] RX< [34m[AE] fid=1050,exp=11620,adg=300,Y=4495,mtg=180,shg=100,bgbv=1221,iso=300,cnv2,hdr0
[02:47:27.944] RX< [0m[7] [cam] [694618][me0][me_core_thread:359]ME out fid 1050
[02:47:27.944] RX< [34m[AE] fid=1080,exp=11620,adg=300,Y=4496,mtg=180,shg=100,bgbv=1221,iso=300,cn
[02:47:28.295] RX< v2,hdr0
[02:47:28.295] RX< [0m[34m[b_ae0 proc] perf=1031(us), max=4638(us)!
[02:47:28.295] RX< [0m[34m[awb0 proc] perf=3735(us), max=4458(us)!
[02:47:28.295] RX< [0m[34m[ME INTP]fid=1080, shutter=11620, perf=6(us), max=7(us)!
[02:47:28.295] RX< [0m[RTMP] f_index = 1080, f_len = 13136
[02:47:28.295] RX< [7] [cam] [695618][me0][me_core_thread:
[02:47:29.941] RX< 359]ME out fid 1080
[02:47:29.941] RX< [34m[AE] fid=1110,exp=11620,adg=300,Y=4495,mtg=180,shg=100,bgbv=1221,iso=300,cnv2,hdr0
[02:47:29.941] RX< [0m[7] [cam] [696618][me0][me_core_thread:359]ME out fid 1110
[02:47:29.941] RX< [34m[AE] fid=1140,exp=11620,adg=300,Y=4492,mtg=180,shg=100,bgbv=1221,iso=300,cnv2,hd
[02:47:30.945] RX< r0
[02:47:30.945] RX< [0m[7] [cam] [697618][me0][me_core_thread:359]ME out fid 1140
[02:47:30.945] RX< [34m[AE] fid=1170,exp=11620,adg=300,Y=4489,mtg=180,shg=100,bgbv=1221,iso=300,cnv2,hdr0
[02:47:30.945] RX< [0m[34m[b_ae0 proc] perf=1092(us), max=3610(us)!
[02:47:30.945] RX< [0m[34m[awb0 proc] perf=3840(us), max=4094(us)!
[02:47:32.041] RX< [0m[RTMP] f_index = 1170, f_len = 15127
[02:47:32.041] RX< [7] [cam] [698617][me0][me_core_thread:359]ME out fid 1170
[02:47:32.041] RX< [34m[AE] fid=1200,exp=11640,adg=300,Y=4450,mtg=180,shg=100,bgbv=1209,iso=300,cnv2,hdr0
[02:47:32.041] RX< [0m[34m[ME INTP]fid=1200, shutter=11640, perf=6(us), max=2393(us)!
[02:47:33.390] RX< 
[02:47:33.390] RX< [0m[7] [cam] [699617][me0][me_core_thread:359]ME out fid 1200
[02:47:33.390] RX< [34m[AE] fid=1230,exp=11680,adg=300,Y=4449,mtg=180,shg=100,bgbv=1201,iso=300,cnv2,hdr0
[02:47:33.390] RX< [0m[7] [cam] [700617][me0][me_core_thread:359]ME out fid 1230
[02:47:33.390] RX< [34m[awb0 proc] perf=6369(us), max=6369(
[02:47:34.283] RX< us)!
[02:47:34.283] RX< [0m[34m[AE] fid=1260,exp=11980,adg=300,Y=4401,mtg=180,shg=100,bgbv=1165,iso=300,cnv2,hdr0
[02:47:34.283] RX< [0m[34m[b_ae0 proc] perf=1032(us), max=2649(us)!
[02:47:34.283] RX< [0m[34m[awb0 proc] perf=3822(us), max=6369(us)!
[02:47:34.283] RX< [0m[RTMP] f_index = 1260, f_len = 15041
[02:47:34.283] RX< [7] [cam] [70161
[02:47:35.297] RX< 7][me0][me_core_thread:359]ME out fid 1260
[02:47:35.297] RX< [4] [cam] [701728][qpc0][qpc_core_exception_check:405]discontinuous frame, now: 1274, last: 1272
[02:47:35.297] RX< [34m[AE] fid=1290,exp=12050,adg=300,Y=4493,mtg=180,shg=100,bgbv=1174,iso=300,cnv2,hdr0
[02:47:35.297] RX< [0m[7] [cam] [702617][me0][
[02:47:36.042] RX< me_core_thread:359]ME out fid 1290
[02:47:36.042] RX< [4] [cam] [702694][qpc0][qpc_core_exception_check:405]discontinuous frame, now: 1303, last: 1301
[02:47:36.042] RX< [34m[AE] fid=1320,exp=12030,adg=300,Y=4469,mtg=180,shg=100,bgbv=1175,iso=300,cnv2,hdr0
[02:47:36.042] RX< [0m[34m[ME INTP]fid=1320, shutter=
[02:47:36.946] RX< 12030, perf=237(us), max=8412(us)!
[02:47:36.946] RX< [0m[7] [cam] [703617][me0][me_core_thread:359]ME out fid 1320
[02:47:36.946] RX< [34m[awb0 proc] perf=6012(us), max=6012(us)!
[02:47:36.946] RX< [0m[4] [cam] [703694][qpc0][qpc_core_exception_check:405]discontinuous frame, now: 1333, last: 1331
[02:47:36.946] RX< [34m[AE] f
[02:47:37.282] RX< id=1350,exp=12050,adg=300,Y=4418,mtg=180,shg=100,bgbv=1159,iso=300,cnv2,hdr0
[02:47:37.282] RX< [0m[34m[b_ae0 proc] perf=1026(us), max=3578(us)!
[02:47:37.282] RX< [0m[34m[awb0 proc] perf=3708(us), max=6012(us)!
[02:47:37.282] RX< [0m[RTMP] f_index = 1350, f_len = 12216
[02:47:37.282] RX< [7] [cam] [704617][me0][me_core_thre
[02:47:38.941] RX< ad:359]ME out fid 1350
[02:47:38.941] RX< [34m[AE] fid=1380,exp=12190,adg=300,Y=4431,mtg=180,shg=100,bgbv=1152,iso=300,cnv2,hdr0
[02:47:38.941] RX< [0m[7] [cam] [705616][me0][me_core_thread:359]ME out fid 1380
[02:47:38.941] RX< [34m[AE] fid=1410,exp=12360,adg=300,Y=4384,mtg=180,shg=100,bgbv=1125,iso=300,cnv2
[02:47:39.946] RX< ,hdr0
[02:47:39.946] RX< [0m[7] [cam] [706616][me0][me_core_thread:359]ME out fid 1410
[02:47:39.946] RX< [34m[AE] fid=1440,exp=12420,adg=300,Y=4399,mtg=180,shg=100,bgbv=1126,iso=300,cnv2,hdr0
[02:47:39.946] RX< [0m[34m[b_ae0 proc] perf=1125(us), max=3872(us)!
[02:47:39.946] RX< [0m[34m[awb0 proc] perf=3884(us), max=4985(us
[02:47:40.941] RX< )!
[02:47:40.941] RX< [0m[34m[ME INTP]fid=1440, shutter=12420, perf=6(us), max=3076(us)!
[02:47:40.941] RX< [0m[RTMP] f_index = 1440, f_len = 11272
[02:47:40.941] RX< [7] [cam] [707616][me0][me_core_thread:359]ME out fid 1440
[02:47:40.941] RX< [34m[awb0 proc] perf=6471(us), max=6471(us)!
[02:47:40.941] RX< [0m[34m[AE] fid=1470,exp=12360,adg=3
[02:47:41.374] RX< 00,Y=4387,mtg=180,shg=100,bgbv=1125,iso=300,cnv2,hdr0
[02:47:41.374] RX< [0m[7] [cam] [708616][me0][me_core_thread:359]ME out fid 1470
[02:47:41.374] RX< [34m[awb0 proc] perf=7294(us), max=7294(us)!
[02:47:41.374] RX< [0m[4] [cam] [708694][qpc0][qpc_core_exception_check:405]discontinuous frame, now: 1483, las
[02:47:42.374] RX< t: 1481
[02:47:42.374] RX< [34m[AE] fid=1500,exp=12360,adg=300,Y=4370,mtg=180,shg=100,bgbv=1121,iso=300,cnv2,hdr0
[02:47:42.374] RX< [0m[7] [cam] [709616][me0][me_core_thread:359]ME out fid 1500
[02:47:42.374] RX< [34m[awb0 proc] perf=7291(us), max=7294(us)!
[02:47:42.374] RX< [0m[4] [cam] [709693][qpc0][qpc_core_exception_che
[02:47:43.266] RX< ck:405]discontinuous frame, now: 1513, last: 1511
[02:47:43.266] RX< [34m[AE] fid=1530,exp=12340,adg=300,Y=4415,mtg=180,shg=100,bgbv=1137,iso=300,cnv2,hdr0
[02:47:43.266] RX< [0m[34m[b_ae0 proc] perf=1023(us), max=4472(us)!
[02:47:43.266] RX< [0m[34m[awb0 proc] perf=3853(us), max=7291(us)!
[02:47:43.266] RX< [0m[RTMP] f_ind
[02:47:43.941] RX< ex = 1530, f_len = 14787
[02:47:43.941] RX< [7] [cam] [710616][me0][me_core_thread:359]ME out fid 1530
[02:47:43.941] RX< [34m[awb0 proc] perf=6783(us), max=6783(us)!
[02:47:43.941] RX< [0m[4] [cam] [710693][qpc0][qpc_core_exception_check:405]discontinuous frame, now: 1543, last: 1541
[02:47:43.941] RX< [34m[AE] fid=1560,exp=12
[02:47:44.941] RX< 320,adg=300,Y=4438,mtg=180,shg=100,bgbv=1145,iso=300,cnv2,hdr0
[02:47:44.941] RX< [0m[34m[ME INTP]fid=1560, shutter=12320, perf=301(us), max=1984(us)!
[02:47:44.941] RX< [0m[7] [cam] [711616][me0][me_core_thread:359]ME out fid 1560
[02:47:44.941] RX< [34m[AE] fid=1590,exp=12670,adg=300,Y=4350,mtg=180,shg=128
[02:47:45.944] RX< ,bgbv=1100,iso=300,cnv2,hdr0
[02:47:45.944] RX< [0m[7] [cam] [712615][me0][me_core_thread:359]ME out fid 1590
[02:47:45.944] RX< [34m[AE] fid=1620,exp=12590,adg=300,Y=4360,mtg=180,shg=119,bgbv=1106,iso=300,cnv2,hdr0
[02:47:45.944] RX< [0m[34m[b_ae0 proc] perf=1021(us), max=3895(us)!
[02:47:45.944] RX< [0m[34m[awb0 proc] per
[02:47:46.374] RX< f=3836(us), max=6783(us)!
[02:47:46.374] RX< [0m[RTMP] f_index = 1620, f_len = 12168
[02:47:46.374] RX< [7] [cam] [713615][me0][me_core_thread:359]ME out fid 1620
[02:47:46.374] RX< [34m[awb0 proc] perf=6805(us), max=6805(us)!
[02:47:46.374] RX< [0m[4] [cam] [713693][qpc0][qpc_core_exception_check:405]discontinuous frame, now: 
[02:47:47.374] RX< 1633, last: 1631
[02:47:47.374] RX< [34m[AE] fid=1650,exp=12560,adg=300,Y=4340,mtg=180,shg=118,bgbv=1103,iso=300,cnv2,hdr0
[02:47:47.374] RX< [0m[7] [cam] [714615][me0][me_core_thread:359]ME out fid 1650
[02:47:47.374] RX< [34m[awb0 proc] perf=6258(us), max=6805(us)!
[02:47:47.374] RX< [0m[4] [cam] [714693][qpc0][qpc_core_exce
[02:47:48.281] RX< ption_check:405]discontinuous frame, now: 1663, last: 1661
[02:47:48.281] RX< [34m[AE] fid=1680,exp=12490,adg=300,Y=4405,mtg=180,shg=118,bgbv=1124,iso=300,cnv2,hdr0
[02:47:48.281] RX< [0m[34m[ME INTP]fid=1680, shutter=12490, perf=237(us), max=3315(us)!
[02:47:48.281] RX< [0m[7] [cam] [715615][me0][me_core_th
[02:47:49.264] RX< read:359]ME out fid 1680
[02:47:49.264] RX< [34m[AE] fid=1710,exp=11870,adg=300,Y=4483,mtg=180,shg=100,bgbv=1194,iso=300,cnv2,hdr0
[02:47:49.264] RX< [0m[34m[b_ae0 proc] perf=1015(us), max=1341(us)!
[02:47:49.264] RX< [0m[34m[awb0 proc] perf=3740(us), max=6258(us)!
[02:47:49.264] RX< [0m[RTMP] f_index = 1710, f_len = 11575
[02:47:50.939] RX< [7] [cam] [716615][me0][me_core_thread:359]ME out fid 1710
[02:47:50.939] RX< [34m[AE] fid=1740,exp=12300,adg=300,Y=4265,mtg=180,shg=100,bgbv=1100,iso=300,cnv2,hdr0
[02:47:50.939] RX< [0m[7] [cam] [717615][me0][me_core_thread:359]ME out fid 1740
[02:47:50.939] RX< [34m[AE] fid=1770,exp=13230,adg=300,Y=3990,mt
[02:47:51.945] RX< g=180,shg=100,bgbv=966,iso=300,cnv2,hdr0
[02:47:51.945] RX< [0m[7] [cam] [718615][me0][me_core_thread:359]ME out fid 1770
[02:47:51.945] RX< [34m[AE] fid=1800,exp=11870,adg=300,Y=4469,mtg=180,shg=100,bgbv=1190,iso=300,cnv2,hdr0
[02:47:51.945] RX< [0m[34m[b_ae0 proc] perf=1032(us), max=3329(us)!
[02:47:51.945] RX< [0m[34m[aw
[02:47:52.394] RX< b0 proc] perf=3812(us), max=3919(us)!
[02:47:52.394] RX< [0m[34m[ME INTP]fid=1800, shutter=11870, perf=1985(us), max=6946(us)!
[02:47:52.394] RX< [0m[RTMP] f_index = 1800, f_len = 15667
[02:47:52.394] RX< [7] [cam] [719615][me0][me_core_thread:359]ME out fid 1800
[02:47:52.394] RX< [RTMP] slow send frame 1802 len=19199 dt=73ms
[02:47:54.292] RX< [34m[AE] fid=1830,exp=11730,adg=300,Y=4512,mtg=180,shg=100,bgbv=1207,iso=300,cnv2,hdr0
[02:47:54.292] RX< [0m[7] [cam] [720641][me0][me_core_thread:359]ME out fid 1830
[02:47:54.292] RX< [34m[AE] fid=1860,exp=11690,adg=300,Y=4486,mtg=180,shg=100,bgbv=1212,iso=300,cnv2,hdr0
[02:47:54.292] RX< [0m[7] [cam] [72
[02:47:55.263] RX< 1614][me0][me_core_thread:359]ME out fid 1860
[02:47:55.263] RX< [34m[AE] fid=1890,exp=11660,adg=300,Y=4486,mtg=180,shg=100,bgbv=1213,iso=300,cnv2,hdr0
[02:47:55.263] RX< [0m[34m[b_ae0 proc] perf=1015(us), max=2812(us)!
[02:47:55.263] RX< [0m[34m[awb0 proc] perf=3825(us), max=4119(us)!
[02:47:55.263] RX< [0m[RTMP] f_index =
[02:47:56.280] RX<  1890, f_len = 16266
[02:47:56.280] RX< [7] [cam] [722614][me0][me_core_thread:359]ME out fid 1890
[02:47:56.280] RX< [34m[AE] fid=1920,exp=11650,adg=300,Y=4490,mtg=180,shg=100,bgbv=1217,iso=300,cnv2,hdr0
[02:47:56.280] RX< [0m[34m[ME INTP]fid=1920, shutter=11650, perf=1982(us), max=3312(us)!
[02:47:56.280] RX< [0m[7] [cam] [7
[02:47:57.943] RX< 23614][me0][me_core_thread:359]ME out fid 1920
[02:47:57.943] RX< [34m[AE] fid=1950,exp=11650,adg=300,Y=4499,mtg=180,shg=100,bgbv=1217,iso=300,cnv2,hdr0
[02:47:57.943] RX< [0m[7] [cam] [724614][me0][me_core_thread:359]ME out fid 1950
[02:47:57.943] RX< [34m[AE] fid=1980,exp=11640,adg=300,Y=4514,mtg=180,shg=10
[02:47:58.327] RX< 0,bgbv=1225,iso=300,cnv2,hdr0
[02:47:58.327] RX< [0m[34m[b_ae0 proc] perf=1025(us), max=3859(us)!
[02:47:58.327] RX< [0m[34m[awb0 proc] perf=3826(us), max=4651(us)!
[02:47:58.327] RX< [0m[RTMP] f_index = 1980, f_len = 16060
[02:47:58.327] RX< [7] [cam] [725614][me0][me_core_thread:359]ME out fid 1980
[02:47:58.327] RX< [34m[awb0 proc] perf=71
[02:47:59.936] RX< 99(us), max=7199(us)!
[02:47:59.936] RX< [0m[34m[AE] fid=2010,exp=11620,adg=300,Y=4506,mtg=180,shg=100,bgbv=1225,iso=300,cnv2,hdr0
[02:47:59.936] RX< [0m[7] [cam] [726614][me0][me_core_thread:359]ME out fid 2010
[02:47:59.936] RX< [34m[AE] fid=2040,exp=11620,adg=300,Y=4489,mtg=180,shg=100,bgbv=1221,iso=300,c
[02:48:00.941] RX< nv2,hdr0
[02:48:00.941] RX< [0m[34m[ME INTP]fid=2040, shutter=11620, perf=6(us), max=1982(us)!
[02:48:00.941] RX< [0m[7] [cam] [727613][me0][me_core_thread:359]ME out fid 2040
[02:48:00.941] RX< [34m[AE] fid=2070,exp=11630,adg=300,Y=4483,mtg=180,shg=100,bgbv=1217,iso=300,cnv2,hdr0
[02:48:00.941] RX< [0m[34m[b_ae0 proc] perf=
[02:48:01.936] RX< 1006(us), max=4329(us)!
[02:48:01.936] RX< [0m[34m[awb0 proc] perf=3828(us), max=7199(us)!
[02:48:01.936] RX< [0m[RTMP] f_index = 2070, f_len = 11951
[02:48:01.936] RX< [7] [cam] [728613][me0][me_core_thread:359]ME out fid 2070
[02:48:01.936] RX< [34m[AE] fid=2100,exp=11620,adg=300,Y=4493,mtg=180,shg=100,bgbv=1221,iso=300,cnv
[02:48:02.935] RX< 2,hdr0
[02:48:02.935] RX< [0m[7] [cam] [729613][me0][me_core_thread:359]ME out fid 2100
[02:48:02.935] RX< [34m[awb0 proc] perf=6670(us), max=6670(us)!
[02:48:02.935] RX< [0m[4] [cam] [729691][qpc0][qpc_core_exception_check:405]discontinuous frame, now: 2113, last: 2111
[02:48:02.935] RX< [34m[AE] fid=2130,exp=11620,adg=300,Y=
[02:48:03.941] RX< 4489,mtg=180,shg=100,bgbv=1221,iso=300,cnv2,hdr0
[02:48:03.941] RX< [0m[7] [cam] [730613][me0][me_core_thread:359]ME out fid 2130
[02:48:03.941] RX< [34m[AE] fid=2160,exp=11620,adg=300,Y=4503,mtg=180,shg=100,bgbv=1225,iso=300,cnv2,hdr0
[02:48:03.941] RX< [0m[34m[b_ae0 proc] perf=1024(us), max=1327(us)!
[02:48:03.941] RX< [0m
[02:48:04.935] RX< [34m[awb0 proc] perf=3824(us), max=6670(us)!
[02:48:04.935] RX< [0m[34m[ME INTP]fid=2160, shutter=11620, perf=6(us), max=2740(us)!
[02:48:04.935] RX< [0m[RTMP] f_index = 2160, f_len = 15734
[02:48:04.935] RX< [7] [cam] [731613][me0][me_core_thread:359]ME out fid 2160
[02:48:04.935] RX< [34m[AE] fid=2190,exp=11620,adg=300,Y=45
[02:48:06.287] RX< 03,mtg=180,shg=100,bgbv=1225,iso=300,cnv2,hdr0
[02:48:06.287] RX< [0m[7] [cam] [732613][me0][me_core_thread:359]ME out fid 2190
[02:48:06.287] RX< [34m[AE] fid=2220,exp=11620,adg=300,Y=4498,mtg=180,shg=100,bgbv=1221,iso=300,cnv2,hdr0
[02:48:06.287] RX< [0m[7] [cam] [733613][me0][me_core_thread:359]ME out fid 
[02:48:07.275] RX< 2220
[02:48:07.275] RX< [34m[AE] fid=2250,exp=11620,adg=300,Y=4497,mtg=180,shg=100,bgbv=1221,iso=300,cnv2,hdr0
[02:48:07.275] RX< [0m[34m[b_ae0 proc] perf=1017(us), max=4303(us)!
[02:48:07.275] RX< [0m[34m[awb0 proc] perf=3882(us), max=5060(us)!
[02:48:07.275] RX< [0m[RTMP] f_index = 2250, f_len = 11354
[02:48:07.275] RX< [7] [cam] [734612][m
[02:48:08.275] RX< e0][me_core_thread:359]ME out fid 2250
[02:48:08.275] RX< [34m[AE] fid=2280,exp=11620,adg=300,Y=4496,mtg=180,shg=100,bgbv=1221,iso=300,cnv2,hdr0
[02:48:08.275] RX< [0m[34m[ME INTP]fid=2280, shutter=11620, perf=7(us), max=1980(us)!
[02:48:08.275] RX< [0m[7] [cam] [735612][me0][me_core_thread:359]ME out fid 22
[02:48:09.938] RX< 80
[02:48:09.938] RX< [34m[AE] fid=2310,exp=11620,adg=300,Y=4491,mtg=180,shg=100,bgbv=1221,iso=300,cnv2,hdr0
[02:48:09.938] RX< [0m[7] [cam] [736638][me0][me_core_thread:359]ME out fid 2310
[02:48:09.938] RX< [34m[AE] fid=2340,exp=11620,adg=300,Y=4490,mtg=180,shg=100,bgbv=1221,iso=300,cnv2,hdr0
[02:48:09.938] RX< [0m[34m[b_ae
[02:48:10.933] RX< 0 proc] perf=1094(us), max=3290(us)!
[02:48:10.933] RX< [0m[34m[awb0 proc] perf=3872(us), max=3882(us)!
[02:48:10.933] RX< [0m[RTMP] f_index = 2340, f_len = 15353
[02:48:10.933] RX< [7] [cam] [737612][me0][me_core_thread:359]ME out fid 2340
[02:48:10.933] RX< [34m[AE] fid=2370,exp=11620,adg=300,Y=4490,mtg=180,shg=100,bgbv=122
[02:48:12.273] RX< 1,iso=300,cnv2,hdr0
[02:48:12.273] RX< [0m[7] [cam] [738612][me0][me_core_thread:359]ME out fid 2370
[02:48:12.273] RX< [34m[AE] fid=2400,exp=11620,adg=300,Y=4496,mtg=180,shg=100,bgbv=1221,iso=300,cnv2,hdr0
[02:48:12.273] RX< [0m[34m[ME INTP]fid=2400, shutter=11620, perf=6(us), max=353(us)!
[02:48:12.273] RX< [0m[7] [cam] [73
[02:48:13.257] RX< 9612][me0][me_core_thread:359]ME out fid 2400
[02:48:13.257] RX< [34m[AE] fid=2430,exp=11620,adg=300,Y=4499,mtg=180,shg=100,bgbv=1221,iso=300,cnv2,hdr0
[02:48:13.257] RX< [0m[34m[b_ae0 proc] perf=1028(us), max=3921(us)!
[02:48:13.257] RX< [0m[34m[awb0 proc] perf=3860(us), max=4198(us)!
[02:48:13.257] RX< [0m[RTMP] f_index =
[02:48:14.931] RX<  2430, f_len = 11111
[02:48:14.931] RX< [7] [cam] [740612][me0][me_core_thread:359]ME out fid 2430
[02:48:14.931] RX< [34m[AE] fid=2460,exp=11620,adg=300,Y=4503,mtg=180,shg=100,bgbv=1225,iso=300,cnv2,hdr0
[02:48:14.931] RX< [0m[7] [cam] [741612][me0][me_core_thread:359]ME out fid 2460
[02:48:14.931] RX< [34m[AE] fid=2490,exp=11
[02:48:15.936] RX< 620,adg=300,Y=4502,mtg=180,shg=100,bgbv=1225,iso=300,cnv2,hdr0
[02:48:15.936] RX< [0m[7] [cam] [742611][me0][me_core_thread:359]ME out fid 2490
[02:48:15.936] RX< [4] [cam] [742689][qpc0][qpc_core_exception_check:405]discontinuous frame, now: 2503, last: 2501
[02:48:15.936] RX< [34m[AE] fid=2520,exp=11620,adg=
[02:48:16.254] RX< 300,Y=4506,mtg=180,shg=100,bgbv=1225,iso=300,cnv2,hdr0
[02:48:16.254] RX< [0m[34m[b_ae0 proc] perf=1025(us), max=3611(us)!
[02:48:16.254] RX< [0m[34m[awb0 proc] perf=3822(us), max=5432(us)!
[02:48:16.254] RX< [0m[34m[ME INTP]fid=2520, shutter=11620, perf=5(us), max=1112(us)!
[02:48:16.254] RX< [0m[RTMP] f_index = 2520, f_l
[02:48:17.364] RX< en = 13857
[02:48:17.364] RX< [7] [cam] [743611][me0][me_core_thread:359]ME out fid 2520
[02:48:17.364] RX< [34m[AE] fid=2550,exp=11620,adg=300,Y=4508,mtg=180,shg=100,bgbv=1225,iso=300,cnv2,hdr0
[02:48:17.364] RX< [0m[7] [cam] [744611][me0][me_core_thread:359]ME out fid 2550
[02:48:17.364] RX< [4] [cam] [744689][qpc0][qpc_core_e
[02:48:18.934] RX< xception_check:405]discontinuous frame, now: 2563, last: 2561
[02:48:18.934] RX< [34m[AE] fid=2580,exp=11620,adg=300,Y=4512,mtg=180,shg=100,bgbv=1225,iso=300,cnv2,hdr0
[02:48:18.934] RX< [0m[7] [cam] [745611][me0][me_core_thread:359]ME out fid 2580
[02:48:18.934] RX< [34m[AE] fid=2610,exp=11620,adg=300,Y=4511
[02:48:19.929] RX< ,mtg=180,shg=100,bgbv=1225,iso=300,cnv2,hdr0
[02:48:19.929] RX< [0m[34m[b_ae0 proc] perf=1132(us), max=3348(us)!
[02:48:19.929] RX< [0m[34m[awb0 proc] perf=3726(us), max=4208(us)!
[02:48:19.929] RX< [0m[RTMP] f_index = 2610, f_len = 11705
[02:48:19.929] RX< [7] [cam] [746611][me0][me_core_thread:359]ME out fid 2610
[02:48:19.929] RX< [34m[AE]
[02:48:20.929] RX<  fid=2640,exp=11620,adg=300,Y=4508,mtg=180,shg=100,bgbv=1225,iso=300,cnv2,hdr0
[02:48:20.929] RX< [0m[34m[ME INTP]fid=2640, shutter=11620, perf=6(us), max=1375(us)!
[02:48:20.929] RX< [0m[7] [cam] [747611][me0][me_core_thread:359]ME out fid 2640
[02:48:20.929] RX< [34m[AE] fid=2670,exp=11620,adg=300,Y=4503,m
[02:48:21.932] RX< tg=180,shg=100,bgbv=1225,iso=300,cnv2,hdr0
[02:48:21.932] RX< [0m[7] [cam] [748611][me0][me_core_thread:359]ME out fid 2670
[02:48:21.932] RX< [34m[AE] fid=2700,exp=11620,adg=300,Y=4506,mtg=180,shg=100,bgbv=1225,iso=300,cnv2,hdr0
[02:48:21.932] RX< [0m[34m[b_ae0 proc] perf=1018(us), max=2289(us)!
[02:48:21.932] RX< [0m[34m[
[02:48:23.280] RX< awb0 proc] perf=3812(us), max=3889(us)!
[02:48:23.280] RX< [0m[RTMP] f_index = 2700, f_len = 11332
[02:48:23.280] RX< [7] [cam] [749610][me0][me_core_thread:359]ME out fid 2700
[02:48:23.280] RX< [34m[AE] fid=2730,exp=11620,adg=300,Y=4498,mtg=180,shg=100,bgbv=1221,iso=300,cnv2,hdr0
[02:48:23.280] RX< [0m[7] [cam] [750610][me0][
[02:48:24.931] RX< me_core_thread:359]ME out fid 2730
[02:48:24.931] RX< [34m[AE] fid=2760,exp=11620,adg=300,Y=4495,mtg=180,shg=100,bgbv=1221,iso=300,cnv2,hdr0
[02:48:24.931] RX< [0m[34m[ME INTP]fid=2760, shutter=11620, perf=6(us), max=368(us)!
[02:48:24.931] RX< [0m[7] [cam] [751610][me0][me_core_thread:359]ME out fid 2760
[02:48:24.931] RX< [
[02:48:25.268] RX< 34m[AE] fid=2790,exp=11620,adg=300,Y=4497,mtg=180,shg=100,bgbv=1221,iso=300,cnv2,hdr0
[02:48:25.268] RX< [0m[34m[b_ae0 proc] perf=1029(us), max=4307(us)!
[02:48:25.268] RX< [0m[34m[awb0 proc] perf=3814(us), max=4164(us)!
[02:48:25.268] RX< [0m[RTMP] f_index = 2790, f_len = 15614
[02:48:25.268] RX< [7] [cam] [752610][me0][me_
[02:48:26.925] RX< core_thread:359]ME out fid 2790
[02:48:26.925] RX< [34m[AE] fid=2820,exp=11620,adg=300,Y=4505,mtg=180,shg=100,bgbv=1225,iso=300,cnv2,hdr0
[02:48:26.925] RX< [0m[7] [cam] [753610][me0][me_core_thread:359]ME out fid 2820
[02:48:26.925] RX< [34m[AE] fid=2850,exp=11630,adg=300,Y=4485,mtg=180,shg=100,bgbv=1217,iso
[02:48:27.929] RX< =300,cnv2,hdr0
[02:48:27.929] RX< [0m[7] [cam] [754610][me0][me_core_thread:359]ME out fid 2850
[02:48:27.929] RX< [34m[AE] fid=2880,exp=11630,adg=300,Y=4463,mtg=180,shg=100,bgbv=1213,iso=300,cnv2,hdr0
[02:48:27.929] RX< [0m[34m[b_ae0 proc] perf=1013(us), max=3613(us)!
[02:48:27.929] RX< [0m[34m[awb0 proc] perf=3710(us), ma
[02:48:28.923] RX< x=3884(us)!
[02:48:28.923] RX< [0m[34m[ME INTP]fid=2880, shutter=11630, perf=6(us), max=352(us)!
[02:48:28.923] RX< [0m[RTMP] f_index = 2880, f_len = 11601
[02:48:28.923] RX< [7] [cam] [755610][me0][me_core_thread:359]ME out fid 2880
[02:48:28.923] RX< [34m[AE] fid=2910,exp=11630,adg=300,Y=4472,mtg=180,shg=100,bgbv=1213,iso=30
[02:48:30.924] RX< 0,cnv2,hdr0
[02:48:30.924] RX< [0m[7] [cam] [756609][me0][me_core_thread:359]ME out fid 2910
[02:48:30.924] RX< [34m[AE] fid=2940,exp=11620,adg=300,Y=4504,mtg=180,shg=100,bgbv=1225,iso=300,cnv2,hdr0
[02:48:30.924] RX< [0m[7] [cam] [757609][me0][me_core_thread:359]ME out fid 2940
[02:48:31.264] RX< [34m[AE] fid=2970,exp=11620,adg=300,Y=4506,mtg=180,shg=100,bgbv=1225,iso=300,cnv2,hdr0
[02:48:31.264] RX< [0m[34m[b_ae0 proc] perf=925(us), max=3099(us)!
[02:48:31.264] RX< [0m[34m[awb0 proc] perf=3818(us), max=4134(us)!
[02:48:31.264] RX< [0m[RTMP] f_index = 2970, f_len = 14299
[02:48:31.264] RX< [7] [cam] [758609][me0][me
[02:48:32.310] RX< _core_thread:359]ME out fid 2970
[02:48:32.310] RX< [34m[AE] fid=3000,exp=11610,adg=300,Y=4517,mtg=180,shg=100,bgbv=1229,iso=300,cnv2,hdr0
[02:48:32.310] RX< [0m[34m[ME INTP]fid=3000, shutter=11610, perf=6(us), max=2095(us)!
[02:48:32.310] RX< [0m[7] [cam] [759609][me0][me_core_thread:359]ME out fid 3000
[02:48:32.310] RX< [3
[02:48:33.927] RX< 4m[awb0 proc] perf=6022(us), max=6022(us)!
[02:48:33.927] RX< [0m[34m[AE] fid=3030,exp=11610,adg=300,Y=4515,mtg=180,shg=100,bgbv=1229,iso=300,cnv2,hdr0
[02:48:33.927] RX< [0m[7] [cam] [760609][me0][me_core_thread:359]ME out fid 3030
[02:48:33.927] RX< [34m[AE] fid=3060,exp=11620,adg=300,Y=4512,mtg=180,shg=10
[02:48:34.920] RX< 0,bgbv=1225,iso=300,cnv2,hdr0
[02:48:34.920] RX< [0m[34m[b_ae0 proc] perf=1016(us), max=2299(us)!
[02:48:34.920] RX< [0m[34m[awb0 proc] perf=3828(us), max=6022(us)!
[02:48:34.920] RX< [0m[RTMP] f_index = 3060, f_len = 14209
[02:48:34.920] RX< [7] [cam] [761609][me0][me_core_thread:359]ME out fid 3060
[02:48:34.920] RX< [34m[AE] fid=3090,exp=1
[02:48:36.020] RX< 1620,adg=300,Y=4511,mtg=180,shg=100,bgbv=1225,iso=300,cnv2,hdr0
[02:48:36.020] RX< [0m[7] [cam] [762609][me0][me_core_thread:359]ME out fid 3090
[02:48:36.020] RX< [34m[AE] fid=3120,exp=11620,adg=300,Y=4509,mtg=180,shg=100,bgbv=1225,iso=300,cnv2,hdr0
[02:48:36.020] RX< [0m[34m[ME INTP]fid=3120, shutter=11620
[02:48:36.924] RX< , perf=6(us), max=751(us)!
[02:48:36.924] RX< [0m[7] [cam] [763609][me0][me_core_thread:359]ME out fid 3120
[02:48:36.924] RX< [34m[AE] fid=3150,exp=11620,adg=300,Y=4492,mtg=180,shg=100,bgbv=1221,iso=300,cnv2,hdr0
[02:48:36.924] RX< [0m[34m[b_ae0 proc] perf=1014(us), max=2124(us)!
[02:48:36.924] RX< [0m[34m[awb0 proc] perf=
[02:48:38.272] RX< 3712(us), max=4127(us)!
[02:48:38.272] RX< [0m[RTMP] f_index = 3150, f_len = 17588
[02:48:38.272] RX< [7] [cam] [764608][me0][me_core_thread:359]ME out fid 3150
[02:48:38.272] RX< [34m[AE] fid=3180,exp=11620,adg=300,Y=4489,mtg=180,shg=100,bgbv=1221,iso=300,cnv2,hdr0
[02:48:38.272] RX< [0m[7] [cam] [765608][me0][me_core_thread:3
[02:48:39.923] RX< 59]ME out fid 3180
[02:48:39.923] RX< [34m[awb0 proc] perf=6777(us), max=6777(us)!
[02:48:39.923] RX< [0m[34m[AE] fid=3210,exp=11630,adg=300,Y=4484,mtg=180,shg=100,bgbv=1217,iso=300,cnv2,hdr0
[02:48:39.923] RX< [0m[7] [cam] [766608][me0][me_core_thread:359]ME out fid 3210
[02:48:39.923] RX< [34m[AE] fid=3240,exp=11630,adg=300
[02:48:40.242] RX< ,Y=4487,mtg=180,shg=100,bgbv=1217,iso=300,cnv2,hdr0
[02:48:40.242] RX< [0m[34m[b_ae0 proc] perf=1151(us), max=3831(us)!
[02:48:40.242] RX< [0m[34m[awb0 proc] perf=3818(us), max=6777(us)!
[02:48:40.242] RX< [0m[34m[ME INTP]fid=3240, shutter=11630, perf=237(us), max=2304(us)!
[02:48:40.242] RX< [0m[RTMP] f_index = 3240, f_le
[02:48:41.917] RX< n = 17389
[02:48:41.917] RX< [7] [cam] [767608][me0][me_core_thread:359]ME out fid 3240
[02:48:41.917] RX< [34m[AE] fid=3270,exp=11620,adg=300,Y=4505,mtg=180,shg=100,bgbv=1225,iso=300,cnv2,hdr0
[02:48:41.917] RX< [0m[7] [cam] [768608][me0][me_core_thread:359]ME out fid 3270
[02:48:41.917] RX< [34m[AE] fid=3300,exp=11620,adg=300
[02:48:42.922] RX< ,Y=4509,mtg=180,shg=100,bgbv=1225,iso=300,cnv2,hdr0
[02:48:42.922] RX< [0m[7] [cam] [769608][me0][me_core_thread:359]ME out fid 3300
[02:48:42.922] RX< [34m[AE] fid=3330,exp=11620,adg=300,Y=4502,mtg=180,shg=100,bgbv=1225,iso=300,cnv2,hdr0
[02:48:42.922] RX< [0m[34m[b_ae0 proc] perf=1041(us), max=2004(us)!
[02:48:42.922] RX< 
[02:48:44.016] RX< [0m[34m[awb0 proc] perf=3839(us), max=4009(us)!
[02:48:44.016] RX< [0m[RTMP] f_index = 3330, f_len = 11899
[02:48:44.016] RX< [7] [cam] [770608][me0][me_core_thread:359]ME out fid 3330
[02:48:44.016] RX< [34m[AE] fid=3360,exp=11620,adg=300,Y=4501,mtg=180,shg=100,bgbv=1225,iso=300,cnv2,hdr0
[02:48:44.016] RX< [0m[34m[ME INTP]f
[02:48:45.268] RX< id=3360, shutter=11620, perf=6(us), max=775(us)!
[02:48:45.268] RX< [0m[7] [cam] [771607][me0][me_core_thread:359]ME out fid 3360
[02:48:45.268] RX< [34m[AE] fid=3390,exp=11620,adg=300,Y=4501,mtg=180,shg=100,bgbv=1225,iso=300,cnv2,hdr0
[02:48:45.268] RX< [0m[7] [cam] [772607][me0][me_core_thread:359]ME out fi
[02:48:46.256] RX< d 3390
[02:48:46.256] RX< [34m[AE] fid=3420,exp=11620,adg=300,Y=4507,mtg=180,shg=100,bgbv=1225,iso=300,cnv2,hdr0
[02:48:46.256] RX< [0m[34m[b_ae0 proc] perf=1015(us), max=3698(us)!
[02:48:46.256] RX< [0m[34m[awb0 proc] perf=3830(us), max=3948(us)!
[02:48:46.256] RX< [0m[RTMP] f_index = 3420, f_len = 11578
[02:48:46.256] RX< [7] [cam] [773607]
[02:48:47.266] RX< [me0][me_core_thread:359]ME out fid 3420
[02:48:47.266] RX< [4] [cam] [773685][qpc0][qpc_core_exception_check:405]discontinuous frame, now: 3433, last: 3431
[02:48:47.266] RX< [34m[AE] fid=3450,exp=11620,adg=300,Y=4506,mtg=180,shg=100,bgbv=1225,iso=300,cnv2,hdr0
[02:48:47.266] RX< [0m[7] [cam] [774607][me0][me
[02:48:48.918] RX< _core_thread:359]ME out fid 3450
[02:48:48.918] RX< [34m[AE] fid=3480,exp=11620,adg=300,Y=4505,mtg=180,shg=100,bgbv=1225,iso=300,cnv2,hdr0
[02:48:48.918] RX< [0m[34m[ME INTP]fid=3480, shutter=11620, perf=6(us), max=237(us)!
[02:48:48.918] RX< [0m[7] [cam] [775607][me0][me_core_thread:359]ME out fid 3480
[02:48:48.918] RX< [34
[02:48:49.254] RX< m[AE] fid=3510,exp=11620,adg=300,Y=4503,mtg=180,shg=100,bgbv=1225,iso=300,cnv2,hdr0
[02:48:49.254] RX< [0m[34m[b_ae0 proc] perf=1167(us), max=2377(us)!
[02:48:49.254] RX< [0m[34m[awb0 proc] perf=3824(us), max=3881(us)!
[02:48:49.254] RX< [0m[RTMP] f_index = 3510, f_len = 11465
[02:48:49.254] RX< [7] [cam] [776607][me0][me_co
[02:48:50.912] RX< re_thread:359]ME out fid 3510
[02:48:50.912] RX< [34m[AE] fid=3540,exp=11620,adg=300,Y=4510,mtg=180,shg=100,bgbv=1225,iso=300,cnv2,hdr0
[02:48:50.912] RX< [0m[7] [cam] [777607][me0][me_core_thread:359]ME out fid 3540
[02:48:50.912] RX< [34m[AE] fid=3570,exp=11620,adg=300,Y=4507,mtg=180,shg=100,bgbv=1225,iso=3
[02:48:51.916] RX< 00,cnv2,hdr0
[02:48:51.916] RX< [0m[7] [cam] [778607][me0][me_core_thread:359]ME out fid 3570
[02:48:51.916] RX< [4] [cam] [778684][qpc0][qpc_core_exception_check:405]discontinuous frame, now: 3583, last: 3581
[02:48:51.916] RX< [34m[AE] fid=3600,exp=11620,adg=300,Y=4511,mtg=180,shg=100,bgbv=1225,iso=300,cnv2,
[02:48:52.253] RX< hdr0
[02:48:52.253] RX< [0m[34m[b_ae0 proc] perf=1031(us), max=4127(us)!
[02:48:52.253] RX< [0m[34m[awb0 proc] perf=3831(us), max=4442(us)!
[02:48:52.253] RX< [0m[34m[ME INTP]fid=3600, shutter=11620, perf=6(us), max=7(us)!
[02:48:52.253] RX< [0m[RTMP] f_index = 3600, f_len = 17511
[02:48:52.253] RX< [7] [cam] [779606][me0][me_core_thread:359
[02:48:53.911] RX< ]ME out fid 3600
[02:48:53.911] RX< [34m[AE] fid=3630,exp=11610,adg=300,Y=4514,mtg=180,shg=100,bgbv=1229,iso=300,cnv2,hdr0
[02:48:53.911] RX< [0m[7] [cam] [780606][me0][me_core_thread:359]ME out fid 3630
[02:48:53.911] RX< [34m[AE] fid=3660,exp=11620,adg=300,Y=4512,mtg=180,shg=100,bgbv=1225,iso=300,cnv2,hdr0
[02:48:54.915] RX< [0m[7] [cam] [781606][me0][me_core_thread:359]ME out fid 3660
[02:48:54.915] RX< [4] [cam] [781684][qpc0][qpc_core_exception_check:405]discontinuous frame, now: 3673, last: 3671
[02:48:54.915] RX< [34m[AE] fid=3690,exp=11610,adg=300,Y=4517,mtg=180,shg=100,bgbv=1229,iso=300,cnv2,hdr0
[02:48:54.915] RX< [0m[34
[02:48:55.910] RX< m[b_ae0 proc] perf=1030(us), max=4100(us)!
[02:48:55.910] RX< [0m[34m[awb0 proc] perf=3816(us), max=4364(us)!
[02:48:55.910] RX< [0m[RTMP] f_index = 3690, f_len = 17324
[02:48:55.910] RX< [7] [cam] [782606][me0][me_core_thread:359]ME out fid 3690
[02:48:55.910] RX< [34m[AE] fid=3720,exp=11610,adg=300,Y=4517,mtg=180,shg=100,bg
[02:48:57.262] RX< bv=1229,iso=300,cnv2,hdr0
[02:48:57.262] RX< [0m[34m[ME INTP]fid=3720, shutter=11610, perf=7(us), max=3037(us)!
[02:48:57.262] RX< [0m[7] [cam] [783606][me0][me_core_thread:359]ME out fid 3720
[02:48:57.262] RX< [34m[AE] fid=3750,exp=11610,adg=300,Y=4522,mtg=180,shg=100,bgbv=1229,iso=300,cnv2,hdr0
[02:48:57.262] RX< [0m[7] [c
[02:48:58.234] RX< am] [784606][me0][me_core_thread:359]ME out fid 3750
[02:48:58.234] RX< [34m[AE] fid=3780,exp=11610,adg=300,Y=4521,mtg=180,shg=100,bgbv=1229,iso=300,cnv2,hdr0
[02:48:58.234] RX< [0m[34m[b_ae0 proc] perf=1137(us), max=3485(us)!
[02:48:58.234] RX< [0m[34m[awb0 proc] perf=3711(us), max=4667(us)!
[02:48:58.234] RX< [0m[RTMP] f_
[02:48:59.908] RX< index = 3780, f_len = 11752
[02:48:59.908] RX< [7] [cam] [785606][me0][me_core_thread:359]ME out fid 3780
[02:48:59.908] RX< [34m[AE] fid=3810,exp=11610,adg=300,Y=4520,mtg=180,shg=100,bgbv=1229,iso=300,cnv2,hdr0
[02:48:59.908] RX< [0m[7] [cam] [786605][me0][me_core_thread:359]ME out fid 3810
[02:48:59.908] RX< [34m[AE] fid=3840
[02:49:00.912] RX< ,exp=11610,adg=300,Y=4518,mtg=180,shg=100,bgbv=1229,iso=300,cnv2,hdr0
[02:49:00.912] RX< [0m[34m[ME INTP]fid=3840, shutter=11610, perf=6(us), max=541(us)!
[02:49:00.912] RX< [0m[7] [cam] [787605][me0][me_core_thread:359]ME out fid 3840
[02:49:00.912] RX< [34m[AE] fid=3870,exp=11610,adg=300,Y=4515,mtg=180,shg
[02:49:01.341] RX< =100,bgbv=1229,iso=300,cnv2,hdr0
[02:49:01.341] RX< [0m[34m[b_ae0 proc] perf=1030(us), max=4124(us)!
[02:49:01.341] RX< [0m[34m[awb0 proc] perf=3838(us), max=3983(us)!
[02:49:01.341] RX< [0m[RTMP] f_index = 3870, f_len = 11714
[02:49:01.341] RX< [7] [cam] [788605][me0][me_core_thread:359]ME out fid 3870
[02:49:01.341] RX< [4] [cam] [788683][qp
[02:49:02.906] RX< c0][qpc_core_exception_check:405]discontinuous frame, now: 3883, last: 3881
[02:49:02.906] RX< [34m[AE] fid=3900,exp=11610,adg=300,Y=4514,mtg=180,shg=100,bgbv=1229,iso=300,cnv2,hdr0
[02:49:02.906] RX< [0m[7] [cam] [789605][me0][me_core_thread:359]ME out fid 3900
[02:49:02.906] RX< [34m[AE] fid=3930,exp=11620,
[02:49:03.910] RX< adg=300,Y=4512,mtg=180,shg=100,bgbv=1225,iso=300,cnv2,hdr0
[02:49:03.910] RX< [0m[7] [cam] [790605][me0][me_core_thread:359]ME out fid 3930
[02:49:03.910] RX< [4] [cam] [790682][qpc0][qpc_core_exception_check:405]discontinuous frame, now: 3943, last: 3941
[02:49:03.910] RX< [34m[AE] fid=3960,exp=11620,adg=300,
[02:49:04.228] RX< Y=4509,mtg=180,shg=100,bgbv=1225,iso=300,cnv2,hdr0
[02:49:04.228] RX< [0m[34m[b_ae0 proc] perf=1018(us), max=3848(us)!
[02:49:04.228] RX< [0m[34m[awb0 proc] perf=3874(us), max=3892(us)!
[02:49:04.228] RX< [0m[34m[ME INTP]fid=3960, shutter=11620, perf=6(us), max=1081(us)!
[02:49:04.228] RX< [0m[RTMP] f_index = 3960, f_len =
[02:49:05.338] RX<  17207
[02:49:05.338] RX< [7] [cam] [791605][me0][me_core_thread:359]ME out fid 3960
[02:49:05.338] RX< [34m[AE] fid=3990,exp=11610,adg=300,Y=4514,mtg=180,shg=100,bgbv=1229,iso=300,cnv2,hdr0
[02:49:05.338] RX< [0m[7] [cam] [792605][me0][me_core_thread:359]ME out fid 3990
[02:49:05.338] RX< [4] [cam] [792682][qpc0][qpc_core_excep
[02:49:06.289] RX< tion_check:405]discontinuous frame, now: 4003, last: 4001
[02:49:06.289] RX< [34m[AE] fid=4020,exp=11620,adg=300,Y=4490,mtg=180,shg=100,bgbv=1221,iso=300,cnv2,hdr0
[02:49:06.289] RX< [0m[7] [cam] [793604][me0][me_core_thread:359]ME out fid 4020
[02:49:06.289] RX< [34m[awb0 proc] perf=6686(us), max=6686(us)!
[02:49:06.289] RX< 
[02:49:06.909] RX< [0m[4] [cam] [793683][qpc0][qpc_core_exception_check:405]discontinuous frame, now: 4033, last: 4031
[02:49:06.909] RX< [34m[AE] fid=4050,exp=11630,adg=300,Y=4487,mtg=180,shg=100,bgbv=1217,iso=300,cnv2,hdr0
[02:49:06.909] RX< [0m[34m[b_ae0 proc] perf=1014(us), max=4219(us)!
[02:49:06.909] RX< [0m[34m[awb0 p
[02:49:07.904] RX< roc] perf=3710(us), max=6686(us)!
[02:49:07.904] RX< [0m[RTMP] f_index = 4050, f_len = 17612
[02:49:07.904] RX< [7] [cam] [794604][me0][me_core_thread:359]ME out fid 4050
[02:49:07.904] RX< [4] [cam] [794681][qpc0][qpc_core_exception_check:405]discontinuous frame, now: 4063, last: 4061
[02:49:07.904] RX< [34m[AE] fid=4080,exp=11
[02:49:08.903] RX< 630,adg=300,Y=4487,mtg=180,shg=100,bgbv=1217,iso=300,cnv2,hdr0
[02:49:08.903] RX< [0m[34m[ME INTP]fid=4080, shutter=11630, perf=237(us), max=6165(us)!
[02:49:08.903] RX< [0m[7] [cam] [795604][me0][me_core_thread:359]ME out fid 4080
[02:49:08.903] RX< [34m[AE] fid=4110,exp=11620,adg=300,Y=4490,mtg=180,shg=100
[02:49:09.909] RX< ,bgbv=1221,iso=300,cnv2,hdr0
[02:49:09.909] RX< [0m[7] [cam] [796604][me0][me_core_thread:359]ME out fid 4110
[02:49:09.909] RX< [34m[awb0 proc] perf=6871(us), max=6871(us)!
[02:49:09.909] RX< [0m[4] [cam] [796681][qpc0][qpc_core_exception_check:405]discontinuous frame, now: 4123, last: 4121
[02:49:09.909] RX< [34m[AE] fid=414
[02:49:10.245] RX< 0,exp=11620,adg=300,Y=4489,mtg=180,shg=100,bgbv=1221,iso=300,cnv2,hdr0
[02:49:10.245] RX< [0m[34m[b_ae0 proc] perf=1027(us), max=1839(us)!
[02:49:10.245] RX< [0m[34m[awb0 proc] perf=3816(us), max=6871(us)!
[02:49:10.245] RX< [0m[RTMP] f_index = 4140, f_len = 17671
[02:49:10.245] RX< [7] [cam] [797604][me0][me_core_thread:359
[02:49:10.902] RX< ]ME out fid 4140
[02:49:10.902] RX< [34m[awb0 proc] perf=6209(us), max=6209(us)!
[02:49:10.902] RX< [0m[4] [cam] [797682][qpc0][qpc_core_exception_check:405]discontinuous frame, now: 4153, last: 4151
[02:49:10.902] RX< [34m[AE] fid=4170,exp=11620,adg=300,Y=4492,mtg=180,shg=100,bgbv=1221,iso=300,cnv2,hdr0
[02:49:10.902] RX< [0m
[02:49:12.243] RX< [7] [cam] [798604][me0][me_core_thread:359]ME out fid 4170
[02:49:12.243] RX< [34m[AE] fid=4200,exp=11620,adg=300,Y=4490,mtg=180,shg=100,bgbv=1221,iso=300,cnv2,hdr0
[02:49:12.243] RX< [0m[34m[ME INTP]fid=4200, shutter=11620, perf=6(us), max=9697(us)!
[02:49:12.243] RX< [0m[7] [cam] [799604][me0][me_core_thre
[02:49:13.243] RX< ad:359]ME out fid 4200
[02:49:13.243] RX< [34m[AE] fid=4230,exp=11620,adg=300,Y=4489,mtg=180,shg=100,bgbv=1221,iso=300,cnv2,hdr0
[02:49:13.243] RX< [0m[34m[b_ae0 proc] perf=1028(us), max=3533(us)!
[02:49:13.243] RX< [0m[34m[awb0 proc] perf=3820(us), max=6209(us)!
[02:49:13.243] RX< [0m[RTMP] f_index = 4230, f_len = 17908
[02:49:13.243] RX< [7
[02:49:14.901] RX< ] [cam] [800604][me0][me_core_thread:359]ME out fid 4230
[02:49:14.901] RX< [34m[AE] fid=4260,exp=11620,adg=300,Y=4498,mtg=180,shg=100,bgbv=1221,iso=300,cnv2,hdr0
[02:49:14.901] RX< [0m[7] [cam] [801603][me0][me_core_thread:359]ME out fid 4260
[02:49:14.901] RX< [34m[AE] fid=4290,exp=11620,adg=300,Y=4497,mtg=
[02:49:15.904] RX< 180,shg=100,bgbv=1221,iso=300,cnv2,hdr0
[02:49:15.904] RX< [0m[7] [cam] [802603][me0][me_core_thread:359]ME out fid 4290
[02:49:15.904] RX< [34m[AE] fid=4320,exp=11620,adg=300,Y=4501,mtg=180,shg=100,bgbv=1225,iso=300,cnv2,hdr0
[02:49:15.904] RX< [0m[34m[b_ae0 proc] perf=1017(us), max=4013(us)!
[02:49:15.904] RX< [0m[34m[awb
[02:49:16.899] RX< 0 proc] perf=3708(us), max=5978(us)!
[02:49:16.899] RX< [0m[34m[ME INTP]fid=4320, shutter=11620, perf=6(us), max=2889(us)!
[02:49:16.899] RX< [0m[RTMP] f_index = 4320, f_len = 16976
[02:49:16.899] RX< [7] [cam] [803603][me0][me_core_thread:359]ME out fid 4320
[02:49:16.899] RX< [34m[AE] fid=4350,exp=11620,adg=300,Y=4502,mtg=18
[02:49:18.283] RX< 0,shg=100,bgbv=1225,iso=300,cnv2,hdr0
[02:49:18.283] RX< [0m[7] [cam] [804603][me0][me_core_thread:359]ME out fid 4350
[02:49:18.283] RX< [34m[AE] fid=4380,exp=11620,adg=300,Y=4500,mtg=180,shg=100,bgbv=1225,iso=300,cnv2,hdr0
[02:49:18.283] RX< [0m[7] [cam] [805603][me0][me_core_thread:359]ME out fid 4380
[02:49:18.283] RX< [34
[02:49:18.903] RX< m[awb0 proc] perf=6660(us), max=6660(us)!
[02:49:18.903] RX< [0m[4] [cam] [805681][qpc0][qpc_core_exception_check:405]discontinuous frame, now: 4393, last: 4391
[02:49:18.903] RX< [34m[AE] fid=4410,exp=11620,adg=300,Y=4495,mtg=180,shg=100,bgbv=1221,iso=300,cnv2,hdr0
[02:49:18.903] RX< [0m[34m[b_ae0 proc] per
[02:49:19.899] RX< f=1126(us), max=1909(us)!
[02:49:19.899] RX< [0m[34m[awb0 proc] perf=3839(us), max=6660(us)!
[02:49:19.899] RX< [0m[RTMP] f_index = 4410, f_len = 18102
[02:49:19.899] RX< [7] [cam] [806603][me0][me_core_thread:359]ME out fid 4410
[02:49:19.899] RX< [34m[AE] fid=4440,exp=11620,adg=300,Y=4493,mtg=180,shg=100,bgbv=1221,iso=300,c
[02:49:20.898] RX< nv2,hdr0
[02:49:20.898] RX< [0m[34m[ME INTP]fid=4440, shutter=11620, perf=7(us), max=2218(us)!
[02:49:20.898] RX< [0m[7] [cam] [807603][me0][me_core_thread:359]ME out fid 4440
[02:49:20.898] RX< [4] [cam] [807680][qpc0][qpc_core_exception_check:405]discontinuous frame, now: 4453, last: 4451
[02:49:20.898] RX< [34m[AE] fid=4470
[02:49:21.906] RX< ,exp=11620,adg=300,Y=4496,mtg=180,shg=100,bgbv=1221,iso=300,cnv2,hdr0
[02:49:21.906] RX< [0m[7] [cam] [808602][me0][me_core_thread:359]ME out fid 4470
[02:49:21.906] RX< [34m[AE] fid=4500,exp=11620,adg=300,Y=4492,mtg=180,shg=100,bgbv=1221,iso=300,cnv2,hdr0
[02:49:21.906] RX< [0m[34m[b_ae0 proc] perf=1673(us)
[02:49:22.897] RX< , max=3424(us)!
[02:49:22.897] RX< [0m[34m[awb0 proc] perf=3846(us), max=4255(us)!
[02:49:22.897] RX< [0m[RTMP] f_index = 4500, f_len = 38492
[02:49:22.897] RX< [7] [cam] [809602][me0][me_core_thread:359]ME out fid 4500
[02:49:22.897] RX< [34m[AE] fid=4530,exp=11620,adg=300,Y=4495,mtg=180,shg=100,bgbv=1221,iso=300,cnv2,hdr0
[02:49:22.897] RX< 
[02:49:24.237] RX< [0m[7] [cam] [810602][me0][me_core_thread:359]ME out fid 4530
[02:49:24.237] RX< [34m[AE] fid=4560,exp=11620,adg=300,Y=4492,mtg=180,shg=100,bgbv=1221,iso=300,cnv2,hdr0
[02:49:24.237] RX< [0m[34m[ME INTP]fid=4560, shutter=11620, perf=6(us), max=4522(us)!
[02:49:24.237] RX< [0m[7] [cam] [811602][me0][me_core_t
[02:49:25.220] RX< hread:359]ME out fid 4560
[02:49:25.220] RX< [34m[AE] fid=4590,exp=11620,adg=300,Y=4497,mtg=180,shg=100,bgbv=1221,iso=300,cnv2,hdr0
[02:49:25.220] RX< [0m[34m[b_ae0 proc] perf=1017(us), max=2270(us)!
[02:49:25.220] RX< [0m[34m[awb0 proc] perf=3820(us), max=4107(us)!
[02:49:25.220] RX< [0m[RTMP] f_index = 4590, f_len = 12842
[02:49:26.896] RX< 
[02:49:26.896] RX< [7] [cam] [812602][me0][me_core_thread:359]ME out fid 4590
[02:49:26.896] RX< [34m[AE] fid=4620,exp=11620,adg=300,Y=4500,mtg=180,shg=100,bgbv=1225,iso=300,cnv2,hdr0
[02:49:26.896] RX< [0m[7] [cam] [813602][me0][me_core_thread:359]ME out fid 4620
[02:49:26.896] RX< [34m[AE] fid=4650,exp=11620,adg=300,Y=4511,m
[02:49:27.899] RX< tg=180,shg=100,bgbv=1225,iso=300,cnv2,hdr0
[02:49:27.899] RX< [0m[7] [cam] [814602][me0][me_core_thread:359]ME out fid 4650
[02:49:27.899] RX< [34m[AE] fid=4680,exp=11610,adg=300,Y=4515,mtg=180,shg=100,bgbv=1229,iso=300,cnv2,hdr0
[02:49:27.899] RX< [0m[34m[b_ae0 proc] perf=1105(us), max=4392(us)!
[02:49:27.899] RX< [0m[34m[
[02:49:28.282] RX< awb0 proc] perf=3830(us), max=4897(us)!
[02:49:28.282] RX< [0m[34m[ME INTP]fid=4680, shutter=11610, perf=6(us), max=1868(us)!
[02:49:28.282] RX< [0m[RTMP] f_index = 4680, f_len = 25016
[02:49:28.282] RX< [7] [cam] [815601][me0][me_core_thread:359]ME out fid 4680
[02:49:28.282] RX< [34m[awb0 proc] perf=6562(us), max=6562(us)!
[02:49:28.282] RX< 
[02:49:30.245] RX< [0m[34m[AE] fid=4710,exp=11610,adg=300,Y=4520,mtg=180,shg=100,bgbv=1229,iso=300,cnv2,hdr0
[02:49:30.245] RX< [0m[7] [cam] [816601][me0][me_core_thread:359]ME out fid 4710
[02:49:30.245] RX< [34m[AE] fid=4740,exp=11610,adg=300,Y=4514,mtg=180,shg=100,bgbv=1229,iso=300,cnv2,hdr0
[02:49:30.245] RX< [0m[7] [cam] 
[02:49:31.218] RX< [817601][me0][me_core_thread:359]ME out fid 4740
[02:49:31.218] RX< [34m[AE] fid=4770,exp=11620,adg=300,Y=4502,mtg=180,shg=100,bgbv=1225,iso=300,cnv2,hdr0
[02:49:31.218] RX< [0m[34m[b_ae0 proc] perf=1038(us), max=3856(us)!
[02:49:31.218] RX< [0m[34m[awb0 proc] perf=3829(us), max=6562(us)!
[02:49:31.218] RX< [0m[RTMP] f_inde
[02:49:31.894] RX< x = 4770, f_len = 11883
[02:49:31.894] RX< [7] [cam] [818601][me0][me_core_thread:359]ME out fid 4770
[02:49:31.894] RX< [4] [cam] [818679][qpc0][qpc_core_exception_check:405]discontinuous frame, now: 4783, last: 4781
[02:49:31.894] RX< [34m[AE] fid=4800,exp=11620,adg=300,Y=4502,mtg=180,shg=100,bgbv=1225,iso=30
[02:49:32.326] RX< 0,cnv2,hdr0
[02:49:32.326] RX< [0m[34m[ME INTP]fid=4800, shutter=11620, perf=6(us), max=2517(us)!
[02:49:32.326] RX< [0m[7] [cam] [819601][me0][me_core_thread:359]ME out fid 4800
[02:49:32.326] RX< [34m[awb0 proc] perf=6657(us), max=6657(us)!
[02:49:32.326] RX< [0m[4] [cam] [819678][qpc0][qpc_core_exception_check:405]disconti
[02:49:33.898] RX< nuous frame, now: 4813, last: 4811
[02:49:33.898] RX< [34m[AE] fid=4830,exp=11620,adg=300,Y=4499,mtg=180,shg=100,bgbv=1221,iso=300,cnv2,hdr0
[02:49:33.898] RX< [0m[7] [cam] [820601][me0][me_core_thread:359]ME out fid 4830
[02:49:33.898] RX< [34m[AE] fid=4860,exp=11620,adg=300,Y=4510,mtg=180,shg=100,bgbv=1225,
[02:49:34.891] RX< iso=300,cnv2,hdr0
[02:49:34.891] RX< [0m[34m[b_ae0 proc] perf=1015(us), max=4630(us)!
[02:49:34.891] RX< [0m[34m[awb0 proc] perf=3831(us), max=6657(us)!
[02:49:34.891] RX< [0m[RTMP] f_index = 4860, f_len = 11970
[02:49:34.891] RX< [7] [cam] [821601][me0][me_core_thread:359]ME out fid 4860
[02:49:34.891] RX< [34m[AE] fid=4890,exp=11620,adg=300
[02:49:35.325] RX< ,Y=4506,mtg=180,shg=100,bgbv=1225,iso=300,cnv2,hdr0
[02:49:35.325] RX< [0m[7] [cam] [822601][me0][me_core_thread:359]ME out fid 4890
[02:49:35.325] RX< [34m[awb0 proc] perf=6399(us), max=6399(us)!
[02:49:35.325] RX< [0m[4] [cam] [822678][qpc0][qpc_core_exception_check:405]discontinuous frame, now: 4903, last:
[02:49:36.324] RX<  4901
[02:49:36.324] RX< [34m[AE] fid=4920,exp=11620,adg=300,Y=4503,mtg=180,shg=100,bgbv=1225,iso=300,cnv2,hdr0
[02:49:36.324] RX< [0m[34m[ME INTP]fid=4920, shutter=11620, perf=6(us), max=3986(us)!
[02:49:36.324] RX< [0m[7] [cam] [823600][me0][me_core_thread:359]ME out fid 4920
[02:49:36.324] RX< [4] [cam] [823678][qpc0][qpc_c
[02:49:36.898] RX< ore_exception_check:405]discontinuous frame, now: 4933, last: 4931
[02:49:36.898] RX< [34m[AE] fid=4950,exp=11620,adg=300,Y=4495,mtg=180,shg=100,bgbv=1221,iso=300,cnv2,hdr0
[02:49:36.898] RX< [0m[34m[b_ae0 proc] perf=949(us), max=1643(us)!
[02:49:36.898] RX< [0m[34m[awb0 proc] perf=3847(us), max=6399(us)!
[02:49:38.890] RX< [0m[RTMP] f_index = 4950, f_len = 17685
[02:49:38.890] RX< [7] [cam] [824600][me0][me_core_thread:359]ME out fid 4950
[02:49:38.890] RX< [34m[AE] fid=4980,exp=11620,adg=300,Y=4501,mtg=180,shg=100,bgbv=1225,iso=300,cnv2,hdr0
[02:49:38.890] RX< [0m[7] [cam] [825600][me0][me_core_thread:359]ME out fid 4980
[02:49:38.890] RX< [34m
[02:49:39.893] RX< [AE] fid=5010,exp=11610,adg=300,Y=4516,mtg=180,shg=100,bgbv=1229,iso=300,cnv2,hdr0
[02:49:39.893] RX< [0m[7] [cam] [826600][me0][me_core_thread:359]ME out fid 5010
[02:49:39.893] RX< [34m[AE] fid=5040,exp=11610,adg=300,Y=4518,mtg=180,shg=100,bgbv=1229,iso=300,cnv2,hdr0
[02:49:39.893] RX< [0m[34m[b_ae0 proc] 
[02:49:40.889] RX< perf=1016(us), max=4138(us)!
[02:49:40.889] RX< [0m[34m[awb0 proc] perf=3874(us), max=3916(us)!
[02:49:40.889] RX< [0m[34m[ME INTP]fid=5040, shutter=11610, perf=7(us), max=4715(us)!
[02:49:40.889] RX< [0m[RTMP] f_index = 5040, f_len = 17454
[02:49:40.889] RX< [7] [cam] [827600][me0][me_core_thread:359]ME out fid 5040
[02:49:40.889] RX< [34m[A
[02:49:42.240] RX< E] fid=5070,exp=11610,adg=300,Y=4520,mtg=180,shg=100,bgbv=1229,iso=300,cnv2,hdr0
[02:49:42.240] RX< [0m[7] [cam] [828600][me0][me_core_thread:359]ME out fid 5070
[02:49:42.240] RX< [34m[AE] fid=5100,exp=11610,adg=300,Y=4518,mtg=180,shg=100,bgbv=1229,iso=300,cnv2,hdr0
[02:49:42.240] RX< [0m[7] [cam] [829600][m
[02:49:43.214] RX< e0][me_core_thread:359]ME out fid 5100
[02:49:43.214] RX< [34m[AE] fid=5130,exp=11620,adg=300,Y=4512,mtg=180,shg=100,bgbv=1225,iso=300,cnv2,hdr0
[02:49:43.214] RX< [0m[34m[b_ae0 proc] perf=1035(us), max=3398(us)!
[02:49:43.214] RX< [0m[34m[awb0 proc] perf=3827(us), max=3900(us)!
[02:49:43.214] RX< [0m[RTMP] f_index = 5130, 
[02:49:44.227] RX< f_len = 17204
[02:49:44.227] RX< [7] [cam] [830599][me0][me_core_thread:359]ME out fid 5130
[02:49:44.227] RX< [34m[AE] fid=5160,exp=11610,adg=300,Y=4520,mtg=180,shg=100,bgbv=1229,iso=300,cnv2,hdr0
[02:49:44.227] RX< [0m[34m[ME INTP]fid=5160, shutter=11610, perf=6(us), max=3606(us)!
[02:49:44.227] RX< [0m[7] [cam] [831599][me0
[02:49:45.891] RX< ][me_core_thread:359]ME out fid 5160
[02:49:45.891] RX< [34m[AE] fid=5190,exp=11550,adg=300,Y=4487,mtg=180,shg=100,bgbv=1226,iso=300,cnv2,hdr0
[02:49:45.891] RX< [0m[7] [cam] [832599][me0][me_core_thread:359]ME out fid 5190
[02:49:45.891] RX< [RTMP] slow send frame 5191 len=67904 dt=63ms (IDR)
[02:49:45.891] RX< [34m[AE] fid=52
[02:49:46.227] RX< 20,exp=11550,adg=300,Y=4479,mtg=180,shg=100,bgbv=1226,iso=300,cnv2,hdr0
[02:49:46.227] RX< [0m[34m[b_ae0 proc] perf=1008(us), max=2276(us)!
[02:49:46.227] RX< [0m[34m[awb0 proc] perf=3698(us), max=4003(us)!
[02:49:46.227] RX< [0m[RTMP] f_index = 5220, f_len = 11874
[02:49:46.227] RX< [7] [cam] [833599][me0][me_core_thread:35
[02:49:46.886] RX< 9]ME out fid 5220
[02:49:46.886] RX< [34m[awb0 proc] perf=7050(us), max=7050(us)!
[02:49:46.886] RX< [0m[4] [cam] [833677][qpc0][qpc_core_exception_check:405]discontinuous frame, now: 5233, last: 5231
[02:49:46.886] RX< [34m[AE] fid=5250,exp=11550,adg=300,Y=4479,mtg=180,shg=100,bgbv=1226,iso=300,cnv2,hdr0
[02:49:46.886] RX< [0
[02:49:47.986] RX< m[7] [cam] [834599][me0][me_core_thread:359]ME out fid 5250
[02:49:47.986] RX< [34m[awb0 proc] perf=6236(us), max=7050(us)!
[02:49:47.986] RX< [0m[34m[AE] fid=5280,exp=11560,adg=300,Y=4471,mtg=180,shg=100,bgbv=1222,iso=300,cnv2,hdr0
[02:49:47.986] RX< [0m[34m[ME INTP]fid=5280, shutter=11560, perf=353(us), m
[02:49:48.890] RX< ax=7924(us)!
[02:49:48.890] RX< [0m[7] [cam] [835599][me0][me_core_thread:359]ME out fid 5280
[02:49:48.890] RX< [34m[AE] fid=5310,exp=11560,adg=300,Y=4474,mtg=180,shg=100,bgbv=1222,iso=300,cnv2,hdr0
[02:49:48.890] RX< [0m[34m[b_ae0 proc] perf=1005(us), max=1634(us)!
[02:49:48.890] RX< [0m[34m[awb0 proc] perf=3825(us), max=
[02:49:50.237] RX< 6236(us)!
[02:49:50.237] RX< [0m[RTMP] f_index = 5310, f_len = 17700
[02:49:50.237] RX< [7] [cam] [836599][me0][me_core_thread:359]ME out fid 5310
[02:49:50.237] RX< [34m[AE] fid=5340,exp=11560,adg=300,Y=4472,mtg=180,shg=100,bgbv=1222,iso=300,cnv2,hdr0
[02:49:50.237] RX< [0m[7] [cam] [837598][me0][me_core_thread:359]ME out fid 
[02:49:51.888] RX< 5340
[02:49:51.888] RX< [34m[AE] fid=5370,exp=11560,adg=300,Y=4471,mtg=180,shg=100,bgbv=1222,iso=300,cnv2,hdr0
[02:49:51.888] RX< [0m[7] [cam] [838598][me0][me_core_thread:359]ME out fid 5370
[02:49:51.888] RX< [34m[AE] fid=5400,exp=11570,adg=300,Y=4460,mtg=180,shg=100,bgbv=1218,iso=300,cnv2,hdr0
[02:49:51.888] RX< [0m[34m[b_
[02:49:52.224] RX< ae0 proc] perf=1014(us), max=3704(us)!
[02:49:52.224] RX< [0m[34m[awb0 proc] perf=3855(us), max=4241(us)!
[02:49:52.224] RX< [0m[34m[ME INTP]fid=5400, shutter=11570, perf=6(us), max=7318(us)!
[02:49:52.224] RX< [0m[RTMP] f_index = 5400, f_len = 17637
[02:49:52.224] RX< [7] [cam] [839598][me0][me_core_thread:359]ME out fid 54
[02:49:53.236] RX< 00
[02:49:53.236] RX< [34m[awb0 proc] perf=6306(us), max=6306(us)!
[02:49:53.236] RX< [0m[4] [cam] [839676][qpc0][qpc_core_exception_check:405]discontinuous frame, now: 5413, last: 5411
[02:49:53.236] RX< [34m[AE] fid=5430,exp=11570,adg=300,Y=4460,mtg=180,shg=100,bgbv=1218,iso=300,cnv2,hdr0
[02:49:53.236] RX< [0m[7] [cam] [840
[02:49:53.883] RX< 598][me0][me_core_thread:359]ME out fid 5430
[02:49:53.883] RX< [34m[awb0 proc] perf=6226(us), max=6306(us)!
[02:49:53.883] RX< [0m[4] [cam] [840676][qpc0][qpc_core_exception_check:405]discontinuous frame, now: 5443, last: 5441
[02:49:53.883] RX< [34m[AE] fid=5460,exp=11560,adg=300,Y=4466,mtg=180,shg=100,bgbv
[02:49:54.887] RX< =1222,iso=300,cnv2,hdr0
[02:49:54.887] RX< [0m[7] [cam] [841598][me0][me_core_thread:359]ME out fid 5460
[02:49:54.887] RX< [34m[AE] fid=5490,exp=11560,adg=300,Y=4464,mtg=180,shg=100,bgbv=1222,iso=300,cnv2,hdr0
[02:49:54.887] RX< [0m[34m[b_ae0 proc] perf=1013(us), max=3296(us)!
[02:49:54.887] RX< [0m[34m[awb0 proc] perf=369
[02:49:55.881] RX< 0(us), max=6226(us)!
[02:49:55.881] RX< [0m[RTMP] f_index = 5490, f_len = 17891
[02:49:55.881] RX< [7] [cam] [842598][me0][me_core_thread:359]ME out fid 5490
[02:49:55.881] RX< [RTMP] slow send frame 5491 len=67965 dt=60ms (IDR)
[02:49:55.881] RX< [34m[AE] fid=5520,exp=11560,adg=300,Y=4471,mtg=180,shg=100,bgbv=1222,iso=300,cnv2,
[02:49:56.881] RX< hdr0
[02:49:56.881] RX< [0m[34m[ME INTP]fid=5520, shutter=11560, perf=2416(us), max=2869(us)!
[02:49:56.881] RX< [0m[7] [cam] [843598][me0][me_core_thread:359]ME out fid 5520
[02:49:56.881] RX< [4] [cam] [843675][qpc0][qpc_core_exception_check:405]discontinuous frame, now: 5533, last: 5531
[02:49:56.881] RX< [34m[AE] fid=5550,
[02:49:57.886] RX< exp=11550,adg=300,Y=4478,mtg=180,shg=100,bgbv=1226,iso=300,cnv2,hdr0
[02:49:57.886] RX< [0m[7] [cam] [844598][me0][me_core_thread:359]ME out fid 5550
[02:49:57.886] RX< [4] [cam] [844675][qpc0][qpc_core_exception_check:405]discontinuous frame, now: 5563, last: 5561
[02:49:57.886] RX< [34m[AE] fid=5580,exp=1156
[02:49:58.222] RX< 0,adg=300,Y=4469,mtg=180,shg=100,bgbv=1222,iso=300,cnv2,hdr0
[02:49:58.222] RX< [0m[34m[b_ae0 proc] perf=1138(us), max=1408(us)!
[02:49:58.222] RX< [0m[34m[awb0 proc] perf=3861(us), max=5097(us)!
[02:49:58.222] RX< [0m[RTMP] f_index = 5580, f_len = 11835
[02:49:58.222] RX< [7] [cam] [845597][me0][me_core_thread:359]ME out fi
[02:49:59.880] RX< d 5580
[02:49:59.880] RX< [4] [cam] [845675][qpc0][qpc_core_exception_check:405]discontinuous frame, now: 5593, last: 5591
[02:49:59.880] RX< [34m[AE] fid=5610,exp=11560,adg=300,Y=4471,mtg=180,shg=100,bgbv=1222,iso=300,cnv2,hdr0
[02:49:59.880] RX< [0m[7] [cam] [846597][me0][me_core_thread:359]ME out fid 5610
[02:49:59.880] RX< 
[02:50:00.314] RX< [34m[AE] fid=5640,exp=11560,adg=300,Y=4474,mtg=180,shg=100,bgbv=1222,iso=300,cnv2,hdr0
[02:50:00.314] RX< [0m[34m[ME INTP]fid=5640, shutter=11560, perf=233(us), max=2416(us)!
[02:50:00.314] RX< [0m[7] [cam] [847597][me0][me_core_thread:359]ME out fid 5640
[02:50:00.314] RX< [4] [cam] [847675][qpc0][qpc_core_e
[02:50:00.884] RX< xception_check:405]discontinuous frame, now: 5653, last: 5651
[02:50:00.884] RX< [34m[AE] fid=5670,exp=11560,adg=300,Y=4473,mtg=180,shg=100,bgbv=1222,iso=300,cnv2,hdr0
[02:50:00.884] RX< [0m[34m[b_ae0 proc] perf=1016(us), max=3316(us)!
[02:50:00.884] RX< [0m[34m[awb0 proc] perf=3833(us), max=4469(us)!
[02:50:00.884] RX< [0m
[02:50:01.880] RX< [RTMP] f_index = 5670, f_len = 12005
[02:50:01.880] RX< [7] [cam] [848597][me0][me_core_thread:359]ME out fid 5670
[02:50:01.880] RX< [4] [cam] [848674][qpc0][qpc_core_exception_check:405]discontinuous frame, now: 5683, last: 5681
[02:50:01.880] RX< [34m[AE] fid=5700,exp=11560,adg=300,Y=4472,mtg=180,shg=100,bgb
[02:50:02.879] RX< v=1222,iso=300,cnv2,hdr0
[02:50:02.879] RX< [0m[7] [cam] [849597][me0][me_core_thread:359]ME out fid 5700
[02:50:02.879] RX< [4] [cam] [849675][qpc0][qpc_core_exception_check:405]discontinuous frame, now: 5713, last: 5711
[02:50:02.879] RX< [34m[AE] fid=5730,exp=11560,adg=300,Y=4468,mtg=180,shg=100,bgbv=1222,i
[02:50:03.885] RX< so=300,cnv2,hdr0
[02:50:03.885] RX< [0m[7] [cam] [850597][me0][me_core_thread:359]ME out fid 5730
[02:50:03.885] RX< [34m[awb0 proc] perf=6077(us), max=6077(us)!
[02:50:03.885] RX< [0m[4] [cam] [850674][qpc0][qpc_core_exception_check:405]discontinuous frame, now: 5743, last: 5741
[02:50:03.885] RX< [34m[AE] fid=5760,exp=11560,
[02:50:04.202] RX< adg=300,Y=4469,mtg=180,shg=100,bgbv=1222,iso=300,cnv2,hdr0
[02:50:04.202] RX< [0m[34m[b_ae0 proc] perf=1011(us), max=1887(us)!
[02:50:04.202] RX< [0m[34m[awb0 proc] perf=3833(us), max=6077(us)!
[02:50:04.202] RX< [0m[34m[ME INTP]fid=5760, shutter=11560, perf=7(us), max=11790(us)!
[02:50:04.202] RX< [0m[RTMP] f_index = 5760
[02:50:05.262] RX< , f_len = 12210
[02:50:05.262] RX< [7] [cam] [851597][me0][me_core_thread:359]ME out fid 5760
[02:50:05.262] RX< [34m[AE] fid=5790,exp=11560,adg=300,Y=4469,mtg=180,shg=100,bgbv=1222,iso=300,cnv2,hdr0
[02:50:05.262] RX< [0m[7] [cam] [852596][me0][me_core_thread:359]ME out fid 5790
[02:50:05.262] RX< [34m[awb0 proc] perf=6165(us)
[02:50:06.882] RX< , max=6165(us)!
[02:50:06.882] RX< [0m[34m[AE] fid=5820,exp=11560,adg=300,Y=4466,mtg=180,shg=100,bgbv=1222,iso=300,cnv2,hdr0
[02:50:06.882] RX< [0m[7] [cam] [853596][me0][me_core_thread:359]ME out fid 5820
[02:50:06.882] RX< [34m[awb0 proc] perf=6132(us), max=6165(us)!
[02:50:06.882] RX< [0m[34m[AE] fid=5850,exp=11570,adg=30
[02:50:07.876] RX< 0,Y=4461,mtg=180,shg=100,bgbv=1218,iso=300,cnv2,hdr0
[02:50:07.876] RX< [0m[34m[b_ae0 proc] perf=1106(us), max=2276(us)!
[02:50:07.876] RX< [0m[34m[awb0 proc] perf=3810(us), max=6132(us)!
[02:50:07.876] RX< [0m[RTMP] f_index = 5850, f_len = 17542
[02:50:07.876] RX< [7] [cam] [854596][me0][me_core_thread:359]ME out fid 5850
[02:50:07.876] RX< 
[02:50:08.876] RX< [34m[AE] fid=5880,exp=11590,adg=300,Y=4467,mtg=180,shg=100,bgbv=1218,iso=300,cnv2,hdr0
[02:50:08.876] RX< [0m[34m[ME INTP]fid=5880, shutter=11590, perf=6(us), max=6155(us)!
[02:50:08.876] RX< [0m[7] [cam] [855596][me0][me_core_thread:359]ME out fid 5880
[02:50:08.876] RX< [34m[AE] fid=5910,exp=11580,adg=300,
[02:50:09.309] RX< Y=4475,mtg=180,shg=100,bgbv=1222,iso=300,cnv2,hdr0
[02:50:09.309] RX< [0m[7] [cam] [856596][me0][me_core_thread:359]ME out fid 5910
[02:50:09.309] RX< [34m[awb0 proc] perf=6821(us), max=6821(us)!
[02:50:09.309] RX< [0m[4] [cam] [856673][qpc0][qpc_core_exception_check:405]discontinuous frame, now: 5923, last: 
[02:50:10.217] RX< 5921
[02:50:10.217] RX< [34m[AE] fid=5940,exp=11580,adg=300,Y=4475,mtg=180,shg=100,bgbv=1222,iso=300,cnv2,hdr0
[02:50:10.217] RX< [0m[34m[b_ae0 proc] perf=1023(us), max=3786(us)!
[02:50:10.217] RX< [0m[34m[awb0 proc] perf=3830(us), max=6821(us)!
[02:50:10.217] RX< [0m[RTMP] f_index = 5940, f_len = 18111
[02:50:10.217] RX< [7] [cam] [857596][m
[02:50:11.875] RX< e0][me_core_thread:359]ME out fid 5940
[02:50:11.875] RX< [34m[AE] fid=5970,exp=11580,adg=300,Y=4485,mtg=180,shg=100,bgbv=1222,iso=300,cnv2,hdr0
[02:50:11.875] RX< [0m[7] [cam] [858596][me0][me_core_thread:359]ME out fid 5970
[02:50:11.875] RX< [34m[AE] fid=6000,exp=11580,adg=300,Y=4487,mtg=180,shg=100,bgbv=1
[02:50:12.879] RX< 222,iso=300,cnv2,hdr0
[02:50:12.879] RX< [0m[34m[ME INTP]fid=6000, shutter=11580, perf=6(us), max=4491(us)!
[02:50:12.879] RX< [0m[7] [cam] [859595][me0][me_core_thread:359]ME out fid 6000
[02:50:12.879] RX< [34m[AE] fid=6030,exp=11580,adg=300,Y=4489,mtg=180,shg=100,bgbv=1226,iso=300,cnv2,hdr0
[02:50:12.879] RX< [0m[34m[b_ae
[02:50:13.874] RX< 0 proc] perf=1014(us), max=1746(us)!
[02:50:13.874] RX< [0m[34m[awb0 proc] perf=3861(us), max=3909(us)!
[02:50:13.874] RX< [0m[RTMP] f_index = 6030, f_len = 17861
[02:50:13.874] RX< [7] [cam] [860595][me0][me_core_thread:359]ME out fid 6030
[02:50:13.874] RX< [34m[AE] fid=6060,exp=11580,adg=300,Y=4488,mtg=180,shg=100,bgbv=122
[02:50:15.274] RX< 6,iso=300,cnv2,hdr0
[02:50:15.274] RX< [0m[7] [cam] [861595][me0][me_core_thread:359]ME out fid 6060
[02:50:15.274] RX< [34m[AE] fid=6090,exp=11580,adg=300,Y=4483,mtg=180,shg=100,bgbv=1222,iso=300,cnv2,hdr0
[02:50:15.274] RX< [0m[7] [cam] [862595][me0][me_core_thread:359]ME out fid 6090
[02:50:15.274] RX< [RTMP] slow send frame
[02:50:15.973] RX<  6091 len=67775 dt=52ms (IDR)
[02:50:15.973] RX< [34m[AE] fid=6120,exp=11580,adg=300,Y=4485,mtg=180,shg=100,bgbv=1222,iso=300,cnv2,hdr0
[02:50:15.973] RX< [0m[34m[b_ae0 proc] perf=1120(us), max=3891(us)!
[02:50:15.973] RX< [0m[34m[awb0 proc] perf=3693(us), max=4672(us)!
[02:50:15.973] RX< [0m[34m[ME INTP]fid=6120, shutter=
[02:50:17.225] RX< 11580, perf=6(us), max=3714(us)!
[02:50:17.225] RX< [0m[RTMP] f_index = 6120, f_len = 12388
[02:50:17.225] RX< [7] [cam] [863595][me0][me_core_thread:359]ME out fid 6120
[02:50:17.225] RX< [34m[AE] fid=6150,exp=11580,adg=300,Y=4485,mtg=180,shg=100,bgbv=1222,iso=300,cnv2,hdr0
[02:50:17.225] RX< [0m[7] [cam] [864595][me0][me_core
[02:50:18.877] RX< _thread:359]ME out fid 6150
[02:50:18.877] RX< [34m[AE] fid=6180,exp=11580,adg=300,Y=4491,mtg=180,shg=100,bgbv=1226,iso=300,cnv2,hdr0
[02:50:18.877] RX< [0m[7] [cam] [865595][me0][me_core_thread:359]ME out fid 6180
[02:50:18.877] RX< [34m[AE] fid=6210,exp=11580,adg=300,Y=4491,mtg=180,shg=100,bgbv=1226,iso=300
[02:50:19.872] RX< ,cnv2,hdr0
[02:50:19.872] RX< [0m[34m[b_ae0 proc] perf=1013(us), max=1873(us)!
[02:50:19.872] RX< [0m[34m[awb0 proc] perf=3824(us), max=4131(us)!
[02:50:19.872] RX< [0m[RTMP] f_index = 6210, f_len = 17923
[02:50:19.872] RX< [7] [cam] [866595][me0][me_core_thread:359]ME out fid 6210
[02:50:19.872] RX< [34m[AE] fid=6240,exp=11580,adg=300,Y=4478
[02:50:20.871] RX< ,mtg=180,shg=100,bgbv=1222,iso=300,cnv2,hdr0
[02:50:20.871] RX< [0m[34m[ME INTP]fid=6240, shutter=11580, perf=6(us), max=6404(us)!
[02:50:20.871] RX< [0m[7] [cam] [867594][me0][me_core_thread:359]ME out fid 6240
[02:50:20.871] RX< [34m[AE] fid=6270,exp=11590,adg=300,Y=4474,mtg=180,shg=100,bgbv=1218,iso=300,c
[02:50:21.875] RX< nv2,hdr0
[02:50:21.875] RX< [0m[7] [cam] [868594][me0][me_core_thread:359]ME out fid 6270
[02:50:21.875] RX< [34m[AE] fid=6300,exp=11580,adg=300,Y=4480,mtg=180,shg=100,bgbv=1222,iso=300,cnv2,hdr0
[02:50:21.875] RX< [0m[34m[b_ae0 proc] perf=1003(us), max=3645(us)!
[02:50:21.875] RX< [0m[34m[awb0 proc] perf=3824(us), max=4259
[02:50:23.223] RX< (us)!
[02:50:23.223] RX< [0m[RTMP] f_index = 6300, f_len = 12147
[02:50:23.223] RX< [7] [cam] [869594][me0][me_core_thread:359]ME out fid 6300
[02:50:23.223] RX< [34m[AE] fid=6330,exp=11580,adg=300,Y=4480,mtg=180,shg=100,bgbv=1222,iso=300,cnv2,hdr0
[02:50:23.223] RX< [0m[7] [cam] [870594][me0][me_core_thread:359]ME out fid 6330
[02:50:24.258] RX< 
[02:50:24.258] RX< [34m[AE] fid=6360,exp=11580,adg=300,Y=4484,mtg=180,shg=100,bgbv=1222,iso=300,cnv2,hdr0
[02:50:24.258] RX< [0m[34m[ME INTP]fid=6360, shutter=11580, perf=7(us), max=2517(us)!
[02:50:24.258] RX< [0m[7] [cam] [871594][me0][me_core_thread:359]ME out fid 6360
[02:50:24.258] RX< [34m[awb0 proc] perf=7178(us), max
[02:50:24.874] RX< =7178(us)!
[02:50:24.874] RX< [0m[4] [cam] [871671][qpc0][qpc_core_exception_check:405]discontinuous frame, now: 6373, last: 6371
[02:50:24.874] RX< [34m[AE] fid=6390,exp=11580,adg=300,Y=4482,mtg=180,shg=100,bgbv=1222,iso=300,cnv2,hdr0
[02:50:24.874] RX< [0m[34m[b_ae0 proc] perf=1021(us), max=4449(us)!
[02:50:24.874] RX< [0m
[02:50:26.221] RX< [34m[awb0 proc] perf=3692(us), max=7178(us)!
[02:50:26.221] RX< [0m[RTMP] f_index = 6390, f_len = 17923
[02:50:26.221] RX< [7] [cam] [872594][me0][me_core_thread:359]ME out fid 6390
[02:50:26.221] RX< [34m[AE] fid=6420,exp=11580,adg=300,Y=4478,mtg=180,shg=100,bgbv=1222,iso=300,cnv2,hdr0
[02:50:26.221] RX< [0m[7] [cam] [873594]
[02:50:27.875] RX< [me0][me_core_thread:359]ME out fid 6420
[02:50:27.875] RX< [34m[AE] fid=6450,exp=11580,adg=300,Y=4480,mtg=180,shg=100,bgbv=1222,iso=300,cnv2,hdr0
[02:50:27.875] RX< [0m[7] [cam] [874593][me0][me_core_thread:359]ME out fid 6450
[02:50:27.875] RX< [RTMP] slow send frame 6451 len=67870 dt=75ms (IDR)
[02:50:27.875] RX< [34m[AE] fi
[02:50:28.194] RX< d=6480,exp=11580,adg=300,Y=4482,mtg=180,shg=100,bgbv=1222,iso=300,cnv2,hdr0
[02:50:28.194] RX< [0m[34m[b_ae0 proc] perf=1013(us), max=2193(us)!
[02:50:28.194] RX< [0m[34m[awb0 proc] perf=3836(us), max=4560(us)!
[02:50:28.194] RX< [0m[34m[ME INTP]fid=6480, shutter=11580, perf=6(us), max=2486(us)!
[02:50:28.194] RX< [0m[RTMP
[02:50:29.873] RX< ] f_index = 6480, f_len = 18048
[02:50:29.873] RX< [7] [cam] [875593][me0][me_core_thread:359]ME out fid 6480
[02:50:29.873] RX< [34m[AE] fid=6510,exp=11580,adg=300,Y=4479,mtg=180,shg=100,bgbv=1222,iso=300,cnv2,hdr0
[02:50:29.873] RX< [0m[7] [cam] [876593][me0][me_core_thread:359]ME out fid 6510
[02:50:29.873] RX< [34m[AE] fid=
[02:50:30.879] RX< 6540,exp=11580,adg=300,Y=4483,mtg=180,shg=100,bgbv=1222,iso=300,cnv2,hdr0
[02:50:30.879] RX< [0m[7] [cam] [877593][me0][me_core_thread:359]ME out fid 6540
[02:50:30.879] RX< [34m[AE] fid=6570,exp=11580,adg=300,Y=4485,mtg=180,shg=100,bgbv=1222,iso=300,cnv2,hdr0
[02:50:30.879] RX< [0m[34m[b_ae0 proc] perf=1027
[02:50:31.875] RX< (us), max=3482(us)!
[02:50:31.875] RX< [0m[34m[awb0 proc] perf=3807(us), max=4537(us)!
[02:50:31.875] RX< [0m[RTMP] f_index = 6570, f_len = 17559
[02:50:31.875] RX< [7] [cam] [878593][me0][me_core_thread:359]ME out fid 6570
[02:50:31.875] RX< [34m[awb0 proc] perf=6141(us), max=6141(us)!
[02:50:31.875] RX< [0m[34m[AE] fid=6600,exp=11580,adg=30
[02:50:32.876] RX< 0,Y=4486,mtg=180,shg=100,bgbv=1222,iso=300,cnv2,hdr0
[02:50:32.876] RX< [0m[34m[ME INTP]fid=6600, shutter=11580, perf=6(us), max=2967(us)!
[02:50:32.876] RX< [0m[7] [cam] [879593][me0][me_core_thread:359]ME out fid 6600
[02:50:32.876] RX< [34m[AE] fid=6630,exp=11580,adg=300,Y=4483,mtg=180,shg=100,bgbv=1222,i
[02:50:33.884] RX< so=300,cnv2,hdr0
[02:50:33.884] RX< [0m[7] [cam] [880593][me0][me_core_thread:359]ME out fid 6630
[02:50:33.884] RX< [34m[AE] fid=6660,exp=11580,adg=300,Y=4485,mtg=180,shg=100,bgbv=1222,iso=300,cnv2,hdr0
[02:50:33.884] RX< [0m[34m[b_ae0 proc] perf=1025(us), max=2208(us)!
[02:50:33.884] RX< [0m[34m[awb0 proc] perf=3824(us), 
[02:50:34.311] RX< max=6141(us)!
[02:50:34.311] RX< [0m[RTMP] f_index = 6660, f_len = 12060
[02:50:34.311] RX< [7] [cam] [881592][me0][me_core_thread:359]ME out fid 6660
[02:50:34.311] RX< [34m[awb0 proc] perf=6802(us), max=6802(us)!
[02:50:34.311] RX< [0m[4] [cam] [881670][qpc0][qpc_core_exception_check:405]discontinuous frame, now: 6673, last: 
[02:50:35.982] RX< 6671
[02:50:35.982] RX< [34m[AE] fid=6690,exp=11580,adg=300,Y=4480,mtg=180,shg=100,bgbv=1222,iso=300,cnv2,hdr0
[02:50:35.982] RX< [0m[7] [cam] [882592][me0][me_core_thread:359]ME out fid 6690
[02:50:35.982] RX< [34m[AE] fid=6720,exp=11580,adg=300,Y=4483,mtg=180,shg=100,bgbv=1222,iso=300,cnv2,hdr0
[02:50:35.982] RX< [0m[34m[ME
[02:50:36.886] RX<  INTP]fid=6720, shutter=11580, perf=1978(us), max=3532(us)!
[02:50:36.886] RX< [0m[7] [cam] [883592][me0][me_core_thread:359]ME out fid 6720
[02:50:36.886] RX< [34m[AE] fid=6750,exp=11580,adg=300,Y=4481,mtg=180,shg=100,bgbv=1222,iso=300,cnv2,hdr0
[02:50:36.886] RX< [0m[34m[b_ae0 proc] perf=939(us), max=2402(
[02:50:38.235] RX< us)!
[02:50:38.235] RX< [0m[34m[awb0 proc] perf=3822(us), max=6802(us)!
[02:50:38.235] RX< [0m[RTMP] f_index = 6750, f_len = 12063
[02:50:38.235] RX< [7] [cam] [884592][me0][me_core_thread:359]ME out fid 6750
[02:50:38.235] RX< [34m[AE] fid=6780,exp=11580,adg=300,Y=4478,mtg=180,shg=100,bgbv=1222,iso=300,cnv2,hdr0
[02:50:38.235] RX< [0m[7] [cam
[02:50:39.888] RX< ] [885592][me0][me_core_thread:359]ME out fid 6780
[02:50:39.888] RX< [34m[AE] fid=6810,exp=11580,adg=300,Y=4479,mtg=180,shg=100,bgbv=1222,iso=300,cnv2,hdr0
[02:50:39.888] RX< [0m[7] [cam] [886592][me0][me_core_thread:359]ME out fid 6810
[02:50:39.888] RX< [34m[AE] fid=6840,exp=11580,adg=300,Y=4479,mtg=180,sh
[02:50:40.225] RX< g=100,bgbv=1222,iso=300,cnv2,hdr0
[02:50:40.225] RX< [0m[34m[b_ae0 proc] perf=1017(us), max=3608(us)!
[02:50:40.225] RX< [0m[34m[awb0 proc] perf=3822(us), max=4141(us)!
[02:50:40.225] RX< [0m[34m[ME INTP]fid=6840, shutter=11580, perf=6(us), max=3337(us)!
[02:50:40.225] RX< [0m[RTMP] f_index = 6840, f_len = 18075
[02:50:40.225] RX< [7] [cam] 
[02:50:40.884] RX< [887592][me0][me_core_thread:359]ME out fid 6840
[02:50:40.884] RX< [34m[awb0 proc] perf=6095(us), max=6095(us)!
[02:50:40.884] RX< [0m[4] [cam] [887669][qpc0][qpc_core_exception_check:405]discontinuous frame, now: 6853, last: 6851
[02:50:40.884] RX< [34m[AE] fid=6870,exp=11580,adg=300,Y=4476,mtg=180,shg=100,
[02:50:42.885] RX< bgbv=1222,iso=300,cnv2,hdr0
[02:50:42.885] RX< [0m[7] [cam] [888592][me0][me_core_thread:359]ME out fid 6870
[02:50:42.885] RX< [34m[AE] fid=6900,exp=11590,adg=300,Y=4464,mtg=180,shg=100,bgbv=1218,iso=300,cnv2,hdr0
[02:50:42.885] RX< [0m[7] [cam] [889611][me0][me_core_thread:359]ME out fid 6900
[02:50:43.228] RX< [34m[AE] fid=6930,exp=11600,adg=300,Y=4457,mtg=180,shg=100,bgbv=1214,iso=300,cnv2,hdr0
[02:50:43.228] RX< [0m[34m[b_ae0 proc] perf=1035(us), max=2403(us)!
[02:50:43.228] RX< [0m[34m[awb0 proc] perf=3712(us), max=6095(us)!
[02:50:43.228] RX< [0m[RTMP] f_index = 6930, f_len = 17619
[02:50:43.228] RX< [7] [cam] [890591][me0][m
[02:50:44.888] RX< e_core_thread:359]ME out fid 6930
[02:50:44.888] RX< [34m[AE] fid=6960,exp=11600,adg=300,Y=4462,mtg=180,shg=100,bgbv=1214,iso=300,cnv2,hdr0
[02:50:44.888] RX< [0m[34m[ME INTP]fid=6960, shutter=11600, perf=6(us), max=8716(us)!
[02:50:44.888] RX< [0m[7] [cam] [891591][me0][me_core_thread:359]ME out fid 6960
[02:50:44.888] RX< [
[02:50:45.893] RX< 34m[AE] fid=6990,exp=11600,adg=300,Y=4454,mtg=180,shg=100,bgbv=1214,iso=300,cnv2,hdr0
[02:50:45.893] RX< [0m[7] [cam] [892591][me0][me_core_thread:359]ME out fid 6990
[02:50:45.893] RX< [34m[AE] fid=7020,exp=11600,adg=300,Y=4456,mtg=180,shg=100,bgbv=1214,iso=300,cnv2,hdr0
[02:50:45.893] RX< [0m[34m[b_ae0 pro
[02:50:46.889] RX< c] perf=1147(us), max=2144(us)!
[02:50:46.889] RX< [0m[34m[awb0 proc] perf=3722(us), max=3893(us)!
[02:50:46.889] RX< [0m[RTMP] f_index = 7020, f_len = 18062
[02:50:46.889] RX< [7] [cam] [893591][me0][me_core_thread:359]ME out fid 7020
[02:50:46.889] RX< [34m[AE] fid=7050,exp=11640,adg=300,Y=4458,mtg=180,shg=100,bgbv=1209,iso
[02:50:48.230] RX< =300,cnv2,hdr0
[02:50:48.230] RX< [0m[7] [cam] [894591][me0][me_core_thread:359]ME out fid 7050
[02:50:48.230] RX< [34m[AE] fid=7080,exp=11630,adg=300,Y=4468,mtg=180,shg=100,bgbv=1213,iso=300,cnv2,hdr0
[02:50:48.230] RX< [0m[34m[ME INTP]fid=7080, shutter=11630, perf=6(us), max=2865(us)!
[02:50:48.230] RX< [0m[7] [cam] [895591
[02:50:48.896] RX< ][me0][me_core_thread:359]ME out fid 7080
[02:50:48.896] RX< [4] [cam] [895668][qpc0][qpc_core_exception_check:405]discontinuous frame, now: 7093, last: 7091
[02:50:48.896] RX< [34m[AE] fid=7110,exp=11630,adg=300,Y=4478,mtg=180,shg=100,bgbv=1217,iso=300,cnv2,hdr0
[02:50:48.896] RX< [0m[34m[b_ae0 proc] perf=10
[02:50:49.324] RX< 16(us), max=4245(us)!
[02:50:49.324] RX< [0m[34m[awb0 proc] perf=3817(us), max=3959(us)!
[02:50:49.324] RX< [0m[RTMP] f_index = 7110, f_len = 12334
[02:50:49.324] RX< [7] [cam] [896590][me0][me_core_thread:359]ME out fid 7110
[02:50:49.324] RX< [4] [cam] [896668][qpc0][qpc_core_exception_check:405]discontinuous frame, now: 712
[02:50:50.892] RX< 3, last: 7121
[02:50:50.892] RX< [34m[AE] fid=7140,exp=11630,adg=300,Y=4482,mtg=180,shg=100,bgbv=1217,iso=300,cnv2,hdr0
[02:50:50.892] RX< [0m[7] [cam] [897590][me0][me_core_thread:359]ME out fid 7140
[02:50:50.892] RX< [34m[AE] fid=7170,exp=11630,adg=300,Y=4473,mtg=180,shg=100,bgbv=1213,iso=300,cnv2,hdr0
[02:50:50.892] RX< [0
[02:50:51.897] RX< m[7] [cam] [898590][me0][me_core_thread:359]ME out fid 7170
[02:50:51.897] RX< [4] [cam] [898668][qpc0][qpc_core_exception_check:405]discontinuous frame, now: 7183, last: 7181
[02:50:51.897] RX< [34m[AE] fid=7200,exp=11630,adg=300,Y=4464,mtg=180,shg=100,bgbv=1213,iso=300,cnv2,hdr0
[02:50:51.897] RX< [0m[34m[b
[02:50:52.248] RX< _ae0 proc] perf=1024(us), max=3455(us)!
[02:50:52.248] RX< [0m[34m[awb0 proc] perf=3833(us), max=4161(us)!
[02:50:52.248] RX< [0m[34m[ME INTP]fid=7200, shutter=11630, perf=6(us), max=3276(us)!
[02:50:52.248] RX< [0m[RTMP] f_index = 7200, f_len = 18400
[02:50:52.248] RX< [7] [cam] [899590][me0][me_core_thread:359]ME out fid 7
[02:50:54.246] RX< 200
[02:50:54.246] RX< [34m[AE] fid=7230,exp=11640,adg=300,Y=4460,mtg=180,shg=100,bgbv=1209,iso=300,cnv2,hdr0
[02:50:54.246] RX< [0m[7] [cam] [900590][me0][me_core_thread:359]ME out fid 7230
[02:50:54.246] RX< [34m[AE] fid=7260,exp=11630,adg=300,Y=4466,mtg=180,shg=100,bgbv=1213,iso=300,cnv2,hdr0
[02:50:54.246] RX< [0m[7] [cam]
[02:50:55.218] RX<  [901590][me0][me_core_thread:359]ME out fid 7260
[02:50:55.218] RX< [34m[AE] fid=7290,exp=11640,adg=300,Y=4462,mtg=180,shg=100,bgbv=1209,iso=300,cnv2,hdr0
[02:50:55.218] RX< [0m[34m[b_ae0 proc] perf=1024(us), max=2295(us)!
[02:50:55.218] RX< [0m[34m[awb0 proc] perf=3763(us), max=3869(us)!
[02:50:55.218] RX< [0m[RTMP] f_ind
[02:50:55.995] RX< ex = 7290, f_len = 18364
[02:50:55.995] RX< [7] [cam] [902590][me0][me_core_thread:359]ME out fid 7290
[02:50:55.995] RX< [34m[awb0 proc] perf=6241(us), max=6241(us)!
[02:50:55.995] RX< [0m[34m[AE] fid=7320,exp=11630,adg=300,Y=4467,mtg=180,shg=100,bgbv=1213,iso=300,cnv2,hdr0
[02:50:55.995] RX< [0m[34m[ME INTP]fid=7320, shutte
[02:50:57.328] RX< r=11630, perf=7(us), max=2470(us)!
[02:50:57.328] RX< [0m[7] [cam] [903590][me0][me_core_thread:359]ME out fid 7320
[02:50:57.328] RX< [34m[AE] fid=7350,exp=11630,adg=300,Y=4482,mtg=180,shg=100,bgbv=1217,iso=300,cnv2,hdr0
[02:50:57.328] RX< [0m[7] [cam] [904589][me0][me_core_thread:359]ME out fid 7350
[02:50:57.328] RX< [4] [ca
[02:50:57.900] RX< m] [904667][qpc0][qpc_core_exception_check:405]discontinuous frame, now: 7363, last: 7361
[02:50:57.900] RX< [34m[AE] fid=7380,exp=11630,adg=300,Y=4483,mtg=180,shg=100,bgbv=1217,iso=300,cnv2,hdr0
[02:50:57.900] RX< [0m[34m[b_ae0 proc] perf=1016(us), max=4281(us)!
[02:50:57.900] RX< [0m[34m[awb0 proc] perf=
[02:50:59.249] RX< 3897(us), max=6241(us)!
[02:50:59.249] RX< [0m[RTMP] f_index = 7380, f_len = 11919
[02:50:59.249] RX< [7] [cam] [905589][me0][me_core_thread:359]ME out fid 7380
[02:50:59.249] RX< [34m[AE] fid=7410,exp=11630,adg=300,Y=4485,mtg=180,shg=100,bgbv=1217,iso=300,cnv2,hdr0
[02:50:59.249] RX< [0m[7] [cam] [906589][me0][me_core_thread:3
[02:51:00.903] RX< 59]ME out fid 7410
[02:51:00.903] RX< [34m[AE] fid=7440,exp=11630,adg=300,Y=4487,mtg=180,shg=100,bgbv=1217,iso=300,cnv2,hdr0
[02:51:00.903] RX< [0m[34m[ME INTP]fid=7440, shutter=11630, perf=966(us), max=7223(us)!
[02:51:00.903] RX< [0m[7] [cam] [907589][me0][me_core_thread:359]ME out fid 7440
[02:51:00.903] RX< [34m[AE] fid=7
[02:51:01.239] RX< 470,exp=11630,adg=300,Y=4486,mtg=180,shg=100,bgbv=1217,iso=300,cnv2,hdr0
[02:51:01.239] RX< [0m[34m[b_ae0 proc] perf=1075(us), max=3125(us)!
[02:51:01.239] RX< [0m[34m[awb0 proc] perf=3701(us), max=4730(us)!
[02:51:01.239] RX< [0m[RTMP] f_index = 7470, f_len = 17890
[02:51:01.239] RX< [7] [cam] [908589][me0][me_core_thread:3
[02:51:02.897] RX< 59]ME out fid 7470
[02:51:02.897] RX< [34m[AE] fid=7500,exp=11630,adg=300,Y=4486,mtg=180,shg=100,bgbv=1217,iso=300,cnv2,hdr0
[02:51:02.897] RX< [0m[7] [cam] [909589][me0][me_core_thread:359]ME out fid 7500
[02:51:02.897] RX< [34m[AE] fid=7530,exp=11620,adg=300,Y=4495,mtg=180,shg=100,bgbv=1221,iso=300,cnv2,hdr
[02:51:03.902] RX< 0
[02:51:03.902] RX< [0m[7] [cam] [910589][me0][me_core_thread:359]ME out fid 7530
[02:51:03.902] RX< [34m[AE] fid=7560,exp=11630,adg=300,Y=4486,mtg=180,shg=100,bgbv=1217,iso=300,cnv2,hdr0
[02:51:03.902] RX< [0m[34m[b_ae0 proc] perf=1017(us), max=3725(us)!
[02:51:03.902] RX< [0m[34m[awb0 proc] perf=3705(us), max=4027(us)!
[02:51:03.902] RX< 
[02:51:04.897] RX< [0m[34m[ME INTP]fid=7560, shutter=11630, perf=290(us), max=2700(us)!
[02:51:04.897] RX< [0m[RTMP] f_index = 7560, f_len = 12053
[02:51:04.897] RX< [7] [cam] [911588][me0][me_core_thread:359]ME out fid 7560
[02:51:04.897] RX< [34m[AE] fid=7590,exp=11630,adg=300,Y=4478,mtg=180,shg=100,bgbv=1217,iso=300,cnv2,hdr
[02:51:06.898] RX< 0
[02:51:06.898] RX< [0m[7] [cam] [912588][me0][me_core_thread:359]ME out fid 7590
[02:51:06.898] RX< [34m[AE] fid=7620,exp=11620,adg=300,Y=4492,mtg=180,shg=100,bgbv=1221,iso=300,cnv2,hdr0
[02:51:06.898] RX< [0m[7] [cam] [913588][me0][me_core_thread:359]ME out fid 7620
[02:51:07.239] RX< [34m[AE] fid=7650,exp=11620,adg=300,Y=4496,mtg=180,shg=100,bgbv=1221,iso=300,cnv2,hdr0
[02:51:07.239] RX< [0m[34m[b_ae0 proc] perf=1130(us), max=3384(us)!
[02:51:07.239] RX< [0m[34m[awb0 proc] perf=3860(us), max=5982(us)!
[02:51:07.239] RX< [0m[RTMP] f_index = 7650, f_len = 17706
[02:51:07.239] RX< [7] [cam] [914588][me0][m
[02:51:08.898] RX< e_core_thread:359]ME out fid 7650
[02:51:08.898] RX< [34m[AE] fid=7680,exp=11620,adg=300,Y=4490,mtg=180,shg=100,bgbv=1221,iso=300,cnv2,hdr0
[02:51:08.898] RX< [0m[34m[ME INTP]fid=7680, shutter=11620, perf=6(us), max=2876(us)!
[02:51:08.898] RX< [0m[7] [cam] [915588][me0][me_core_thread:359]ME out fid 7680
[02:51:08.898] RX< [
[02:51:09.332] RX< 34m[AE] fid=7710,exp=11620,adg=300,Y=4497,mtg=180,shg=100,bgbv=1221,iso=300,cnv2,hdr0
[02:51:09.332] RX< [0m[7] [cam] [916588][me0][me_core_thread:359]ME out fid 7710
[02:51:09.332] RX< [34m[awb0 proc] perf=7406(us), max=7406(us)!
[02:51:09.332] RX< [0m[4] [cam] [916665][qpc0][qpc_core_exception_check:405]dis
[02:51:10.224] RX< continuous frame, now: 7723, last: 7721
[02:51:10.224] RX< [34m[AE] fid=7740,exp=11630,adg=300,Y=4484,mtg=180,shg=100,bgbv=1217,iso=300,cnv2,hdr0
[02:51:10.224] RX< [0m[34m[b_ae0 proc] perf=994(us), max=2932(us)!
[02:51:10.224] RX< [0m[34m[awb0 proc] perf=3819(us), max=7406(us)!
[02:51:10.224] RX< [0m[RTMP] f_index = 7740, 
[02:51:10.899] RX< f_len = 11987
[02:51:10.899] RX< [7] [cam] [917588][me0][me_core_thread:359]ME out fid 7740
[02:51:10.899] RX< [34m[awb0 proc] perf=6005(us), max=6005(us)!
[02:51:10.899] RX< [0m[4] [cam] [917665][qpc0][qpc_core_exception_check:405]discontinuous frame, now: 7753, last: 7751
[02:51:10.899] RX< [34m[AE] fid=7770,exp=11620,adg=300
[02:51:11.999] RX< ,Y=4499,mtg=180,shg=100,bgbv=1221,iso=300,cnv2,hdr0
[02:51:11.999] RX< [0m[7] [cam] [918587][me0][me_core_thread:359]ME out fid 7770
[02:51:11.999] RX< [34m[AE] fid=7800,exp=11620,adg=300,Y=4502,mtg=180,shg=100,bgbv=1225,iso=300,cnv2,hdr0
[02:51:11.999] RX< [0m[34m[ME INTP]fid=7800, shutter=11620, perf=6(us)
[02:51:12.903] RX< , max=8301(us)!
[02:51:12.903] RX< [0m[7] [cam] [919587][me0][me_core_thread:359]ME out fid 7800
[02:51:12.903] RX< [34m[awb0 proc] perf=6779(us), max=6779(us)!
[02:51:12.903] RX< [0m[4] [cam] [919665][qpc0][qpc_core_exception_check:405]discontinuous frame, now: 7813, last: 7811
[02:51:12.903] RX< [34m[AE] fid=7830,exp=11620,a
[02:51:13.240] RX< dg=300,Y=4499,mtg=180,shg=100,bgbv=1221,iso=300,cnv2,hdr0
[02:51:13.240] RX< [0m[34m[b_ae0 proc] perf=1021(us), max=2434(us)!
[02:51:13.240] RX< [0m[34m[awb0 proc] perf=3819(us), max=6779(us)!
[02:51:13.240] RX< [0m[RTMP] f_index = 7830, f_len = 17970
[02:51:13.240] RX< [7] [cam] [920587][me0][me_core_thread:359]ME out fid 7
[02:51:15.240] RX< 830
[02:51:15.240] RX< [34m[AE] fid=7860,exp=11620,adg=300,Y=4499,mtg=180,shg=100,bgbv=1221,iso=300,cnv2,hdr0
[02:51:15.240] RX< [0m[7] [cam] [921587][me0][me_core_thread:359]ME out fid 7860
[02:51:15.240] RX< [34m[AE] fid=7890,exp=11620,adg=300,Y=4507,mtg=180,shg=100,bgbv=1225,iso=300,cnv2,hdr0
[02:51:15.240] RX< [0m
[02:51:15.905] RX< [7] [cam] [922587][me0][me_core_thread:359]ME out fid 7890
[02:51:15.905] RX< [RTMP] slow send frame 7891 len=68010 dt=52ms (IDR)
[02:51:15.905] RX< [34m[AE] fid=7920,exp=11620,adg=300,Y=4503,mtg=180,shg=100,bgbv=1225,iso=300,cnv2,hdr0
[02:51:15.905] RX< [0m[34m[b_ae0 proc] perf=1122(us), max=3581(us)!
[02:51:15.905] RX< [0m
[02:51:16.288] RX< [34m[awb0 proc] perf=3818(us), max=3888(us)!
[02:51:16.288] RX< [0m[34m[ME INTP]fid=7920, shutter=11620, perf=6(us), max=3270(us)!
[02:51:16.288] RX< [0m[RTMP] f_index = 7920, f_len = 17901
[02:51:16.288] RX< [7] [cam] [923587][me0][me_core_thread:359]ME out fid 7920
[02:51:16.288] RX< [34m[awb0 proc] perf=6117(us), max=6117(u
[02:51:18.253] RX< s)!
[02:51:18.253] RX< [0m[34m[AE] fid=7950,exp=11620,adg=300,Y=4501,mtg=180,shg=100,bgbv=1225,iso=300,cnv2,hdr0
[02:51:18.253] RX< [0m[7] [cam] [924587][me0][me_core_thread:359]ME out fid 7950
[02:51:18.253] RX< [34m[AE] fid=7980,exp=11620,adg=300,Y=4500,mtg=180,shg=100,bgbv=1225,iso=300,cnv2,hdr0
[02:51:18.253] RX< [0m[7] [
[02:51:19.226] RX< cam] [925587][me0][me_core_thread:359]ME out fid 7980
[02:51:19.226] RX< [34m[AE] fid=8010,exp=11620,adg=300,Y=4504,mtg=180,shg=100,bgbv=1225,iso=300,cnv2,hdr0
[02:51:19.226] RX< [0m[34m[b_ae0 proc] perf=1031(us), max=2403(us)!
[02:51:19.226] RX< [0m[34m[awb0 proc] perf=3826(us), max=6117(us)!
[02:51:19.226] RX< [0m[RTMP] f
[02:51:20.240] RX< _index = 8010, f_len = 17909
[02:51:20.240] RX< [7] [cam] [926586][me0][me_core_thread:359]ME out fid 8010
[02:51:20.240] RX< [34m[AE] fid=8040,exp=11620,adg=300,Y=4503,mtg=180,shg=100,bgbv=1225,iso=300,cnv2,hdr0
[02:51:20.240] RX< [0m[34m[ME INTP]fid=8040, shutter=11620, perf=7(us), max=1979(us)!
[02:51:20.240] RX< [0m[7] [ca
[02:51:21.905] RX< m] [927586][me0][me_core_thread:359]ME out fid 8040
[02:51:21.905] RX< [34m[AE] fid=8070,exp=11620,adg=300,Y=4497,mtg=180,shg=100,bgbv=1221,iso=300,cnv2,hdr0
[02:51:21.905] RX< [0m[7] [cam] [928586][me0][me_core_thread:359]ME out fid 8070
[02:51:21.905] RX< [34m[AE] fid=8100,exp=11620,adg=300,Y=4503,mtg=180,s
[02:51:22.900] RX< hg=100,bgbv=1225,iso=300,cnv2,hdr0
[02:51:22.900] RX< [0m[34m[b_ae0 proc] perf=1029(us), max=3675(us)!
[02:51:22.900] RX< [0m[34m[awb0 proc] perf=3713(us), max=4008(us)!
[02:51:22.900] RX< [0m[RTMP] f_index = 8100, f_len = 17585
[02:51:22.900] RX< [7] [cam] [929586][me0][me_core_thread:359]ME out fid 8100
[02:51:22.900] RX< [34m[AE] fid=8130,
[02:51:24.000] RX< exp=11620,adg=300,Y=4494,mtg=180,shg=100,bgbv=1221,iso=300,cnv2,hdr0
[02:51:24.000] RX< [0m[7] [cam] [930586][me0][me_core_thread:359]ME out fid 8130
[02:51:24.000] RX< [34m[AE] fid=8160,exp=11630,adg=300,Y=4484,mtg=180,shg=100,bgbv=1217,iso=300,cnv2,hdr0
[02:51:24.000] RX< [0m[34m[ME INTP]fid=8160, shutter=
[02:51:24.905] RX< 11630, perf=6(us), max=1977(us)!
[02:51:24.905] RX< [0m[7] [cam] [931586][me0][me_core_thread:359]ME out fid 8160
[02:51:24.905] RX< [RTMP] slow send frame 8162 len=16329 dt=66ms
[02:51:24.905] RX< [34m[AE] fid=8190,exp=11630,adg=300,Y=4483,mtg=180,shg=100,bgbv=1217,iso=300,cnv2,hdr0
[02:51:24.905] RX< [0m[34m[b_ae0 proc] perf
[02:51:25.900] RX< =1139(us), max=3420(us)!
[02:51:25.900] RX< [0m[34m[awb0 proc] perf=3715(us), max=4119(us)!
[02:51:25.900] RX< [0m[RTMP] f_index = 8190, f_len = 17969
[02:51:25.900] RX< [7] [cam] [932586][me0][me_core_thread:359]ME out fid 8190
[02:51:25.900] RX< [34m[AE] fid=8220,exp=11630,adg=300,Y=4476,mtg=180,shg=100,bgbv=1217,iso=300,cn
[02:51:27.901] RX< v2,hdr0
[02:51:27.901] RX< [0m[7] [cam] [933585][me0][me_core_thread:359]ME out fid 8220
[02:51:27.901] RX< [34m[AE] fid=8250,exp=11630,adg=300,Y=4476,mtg=180,shg=100,bgbv=1217,iso=300,cnv2,hdr0
[02:51:27.901] RX< [0m[7] [cam] [934585][me0][me_core_thread:359]ME out fid 8250
[02:51:28.001] RX< [34m[AE] fid=8280,exp=11630,adg=300,Y=4472,mtg=180,shg=100,bgbv=1213,iso=300,cnv2,hdr0
[02:51:28.001] RX< [0m[34m[b_ae0 proc] perf=1015(us), max=2383(us)!
[02:51:28.001] RX< [0m[34m[awb0 proc] perf=3837(us), max=3885(us)!
[02:51:28.001] RX< [0m[34m[ME INTP]fid=8280, shutter=11630, perf=237(us), max=3185(
[02:51:29.253] RX< us)!
[02:51:29.253] RX< [0m[RTMP] f_index = 8280, f_len = 19305
[02:51:29.253] RX< [7] [cam] [935585][me0][me_core_thread:359]ME out fid 8280
[02:51:29.253] RX< [RTMP] slow send frame 8281 len=67705 dt=95ms (IDR)
[02:51:29.253] RX< [34m[AE] fid=8310,exp=11630,adg=300,Y=4485,mtg=180,shg=100,bgbv=1217,iso=300,cnv2,hdr0
[02:51:29.253] RX< [0m[7] [ca
[02:51:29.901] RX< m] [936585][me0][me_core_thread:359]ME out fid 8310
[02:51:29.901] RX< [34m[awb0 proc] perf=6713(us), max=6713(us)!
[02:51:29.901] RX< [0m[4] [cam] [936663][qpc0][qpc_core_exception_check:405]discontinuous frame, now: 8323, last: 8321
[02:51:29.901] RX< [34m[AE] fid=8340,exp=11630,adg=300,Y=4485,mtg=180,shg=1
[02:51:30.906] RX< 00,bgbv=1217,iso=300,cnv2,hdr0
[02:51:30.906] RX< [0m[7] [cam] [937585][me0][me_core_thread:359]ME out fid 8340
[02:51:30.906] RX< [34m[AE] fid=8370,exp=11620,adg=300,Y=4488,mtg=180,shg=100,bgbv=1221,iso=300,cnv2,hdr0
[02:51:30.906] RX< [0m[34m[b_ae0 proc] perf=1032(us), max=1161(us)!
[02:51:30.906] RX< [0m[34m[awb0 proc] p
[02:51:32.003] RX< erf=3818(us), max=6713(us)!
[02:51:32.003] RX< [0m[RTMP] f_index = 8370, f_len = 17631
[02:51:32.003] RX< [7] [cam] [938585][me0][me_core_thread:359]ME out fid 8370
[02:51:32.003] RX< [34m[AE] fid=8400,exp=11620,adg=300,Y=4488,mtg=180,shg=100,bgbv=1221,iso=300,cnv2,hdr0
[02:51:32.003] RX< [0m[34m[ME INTP]fid=8400, shutter=1162
[02:51:33.906] RX< 0, perf=2488(us), max=4107(us)!
[02:51:33.906] RX< [0m[7] [cam] [939585][me0][me_core_thread:359]ME out fid 8400
[02:51:33.906] RX< [34m[AE] fid=8430,exp=11620,adg=300,Y=4491,mtg=180,shg=100,bgbv=1221,iso=300,cnv2,hdr0
[02:51:33.906] RX< [0m[7] [cam] [940584][me0][me_core_thread:359]ME out fid 8430
[02:51:33.906] RX< [34m[AE] 
[02:51:34.242] RX< fid=8460,exp=11630,adg=300,Y=4486,mtg=180,shg=100,bgbv=1217,iso=300,cnv2,hdr0
[02:51:34.242] RX< [0m[34m[b_ae0 proc] perf=1135(us), max=3459(us)!
[02:51:34.242] RX< [0m[34m[awb0 proc] perf=3692(us), max=5382(us)!
[02:51:34.242] RX< [0m[RTMP] f_index = 8460, f_len = 11643
[02:51:34.242] RX< [7] [cam] [941584][me0][me_core_thr
[02:51:35.285] RX< ead:359]ME out fid 8460
[02:51:35.285] RX< [34m[awb0 proc] perf=6633(us), max=6633(us)!
[02:51:35.285] RX< [0m[34m[AE] fid=8490,exp=11620,adg=300,Y=4492,mtg=180,shg=100,bgbv=1221,iso=300,cnv2,hdr0
[02:51:35.285] RX< [0m[7] [cam] [942584][me0][me_core_thread:359]ME out fid 8490
[02:51:35.285] RX< [34m[awb0 proc] perf=6052(us),
[02:51:36.905] RX<  max=6633(us)!
[02:51:36.905] RX< [0m[34m[AE] fid=8520,exp=11620,adg=300,Y=4497,mtg=180,shg=100,bgbv=1221,iso=300,cnv2,hdr0
[02:51:36.905] RX< [0m[34m[ME INTP]fid=8520, shutter=11620, perf=6(us), max=3694(us)!
[02:51:36.905] RX< [0m[7] [cam] [943584][me0][me_core_thread:359]ME out fid 8520
[02:51:36.905] RX< [34m[AE] fid=855
[02:51:37.241] RX< 0,exp=11620,adg=300,Y=4489,mtg=180,shg=100,bgbv=1221,iso=300,cnv2,hdr0
[02:51:37.241] RX< [0m[34m[b_ae0 proc] perf=1014(us), max=4258(us)!
[02:51:37.241] RX< [0m[34m[awb0 proc] perf=3825(us), max=6052(us)!
[02:51:37.241] RX< [0m[RTMP] f_index = 8550, f_len = 17216
[02:51:37.241] RX< [7] [cam] [944584][me0][me_core_thread:359
[02:51:38.901] RX< ]ME out fid 8550
[02:51:38.901] RX< [34m[AE] fid=8580,exp=11630,adg=300,Y=4470,mtg=180,shg=100,bgbv=1213,iso=300,cnv2,hdr0
[02:51:38.901] RX< [0m[7] [cam] [945584][me0][me_core_thread:359]ME out fid 8580
[02:51:38.901] RX< [34m[AE] fid=8610,exp=11630,adg=300,Y=4469,mtg=180,shg=100,bgbv=1213,iso=300,cnv2,hdr0
[02:51:39.908] RX< [0m[7] [cam] [946584][me0][me_core_thread:359]ME out fid 8610
[02:51:39.908] RX< [34m[awb0 proc] perf=6785(us), max=6785(us)!
[02:51:39.908] RX< [0m[4] [cam] [946661][qpc0][qpc_core_exception_check:405]discontinuous frame, now: 8623, last: 8621
[02:51:39.908] RX< [34m[AE] fid=8640,exp=11630,adg=300,Y=4466,mt
[02:51:40.241] RX< g=180,shg=100,bgbv=1213,iso=300,cnv2,hdr0
[02:51:40.241] RX< [0m[34m[b_ae0 proc] perf=1043(us), max=3271(us)!
[02:51:40.241] RX< [0m[34m[awb0 proc] perf=3819(us), max=6785(us)!
[02:51:40.241] RX< [0m[34m[ME INTP]fid=8640, shutter=11630, perf=6(us), max=1985(us)!
[02:51:40.241] RX< [0m[RTMP] f_index = 8640, f_len = 17597
[02:51:40.241] RX< [7
[02:51:41.253] RX< ] [cam] [947584][me0][me_core_thread:359]ME out fid 8640
[02:51:41.253] RX< [RTMP] slow send frame 8641 len=67704 dt=53ms (IDR)
[02:51:41.253] RX< [34m[AE] fid=8670,exp=11640,adg=300,Y=4460,mtg=180,shg=100,bgbv=1209,iso=300,cnv2,hdr0
[02:51:41.253] RX< [0m[7] [cam] [948583][me0][me_core_thread:359]ME out fid 8
[02:51:42.905] RX< 670
[02:51:42.905] RX< [RTMP] slow send frame 8672 len=15943 dt=55ms
[02:51:42.905] RX< [34m[AE] fid=8700,exp=11630,adg=300,Y=4466,mtg=180,shg=100,bgbv=1213,iso=300,cnv2,hdr0
[02:51:42.905] RX< [0m[7] [cam] [949583][me0][me_core_thread:359]ME out fid 8700
[02:51:42.905] RX< [34m[AE] fid=8730,exp=11640,adg=300,Y=4460,mtg=180,shg
[02:51:43.334] RX< =100,bgbv=1209,iso=300,cnv2,hdr0
[02:51:43.334] RX< [0m[34m[b_ae0 proc] perf=1006(us), max=1219(us)!
[02:51:43.334] RX< [0m[34m[awb0 proc] perf=3711(us), max=5311(us)!
[02:51:43.334] RX< [0m[RTMP] f_index = 8730, f_len = 12354
[02:51:43.334] RX< [7] [cam] [950583][me0][me_core_thread:359]ME out fid 8730
[02:51:43.334] RX< [4] [cam] [950661][qp
[02:51:44.241] RX< c0][qpc_core_exception_check:405]discontinuous frame, now: 8743, last: 8741
[02:51:44.241] RX< [34m[AE] fid=8760,exp=11640,adg=300,Y=4459,mtg=180,shg=100,bgbv=1209,iso=300,cnv2,hdr0
[02:51:44.241] RX< [0m[34m[ME INTP]fid=8760, shutter=11640, perf=7(us), max=3583(us)!
[02:51:44.241] RX< [0m[7] [cam] [951583][
[02:51:44.900] RX< me0][me_core_thread:359]ME out fid 8760
[02:51:44.900] RX< [34m[awb0 proc] perf=6707(us), max=6707(us)!
[02:51:44.900] RX< [0m[4] [cam] [951661][qpc0][qpc_core_exception_check:405]discontinuous frame, now: 8773, last: 8771
[02:51:44.900] RX< [34m[AE] fid=8790,exp=11640,adg=300,Y=4454,mtg=180,shg=100,bgbv=1209
[02:51:45.905] RX< ,iso=300,cnv2,hdr0
[02:51:45.905] RX< [0m[7] [cam] [952583][me0][me_core_thread:359]ME out fid 8790
[02:51:45.905] RX< [34m[AE] fid=8820,exp=11670,adg=300,Y=4459,mtg=180,shg=100,bgbv=1205,iso=300,cnv2,hdr0
[02:51:45.905] RX< [0m[34m[b_ae0 proc] perf=1125(us), max=2932(us)!
[02:51:45.905] RX< [0m[34m[awb0 proc] perf=3857(us)
[02:51:47.252] RX< , max=6707(us)!
[02:51:47.252] RX< [0m[RTMP] f_index = 8820, f_len = 17508
[02:51:47.252] RX< [7] [cam] [953583][me0][me_core_thread:359]ME out fid 8820
[02:51:47.252] RX< [34m[AE] fid=8850,exp=11670,adg=300,Y=4451,mtg=180,shg=100,bgbv=1205,iso=300,cnv2,hdr0
[02:51:47.252] RX< [0m[7] [cam] [954583][me0][me_core_thread:359]ME ou
[02:51:48.290] RX< t fid 8850
[02:51:48.290] RX< [34m[AE] fid=8880,exp=11670,adg=300,Y=4459,mtg=180,shg=100,bgbv=1205,iso=300,cnv2,hdr0
[02:51:48.290] RX< [0m[34m[ME INTP]fid=8880, shutter=11670, perf=1868(us), max=3491(us)!
[02:51:48.290] RX< [0m[7] [cam] [955582][me0][me_core_thread:359]ME out fid 8880
[02:51:48.290] RX< [34m[awb0 proc] perf=
[02:51:49.225] RX< 6090(us), max=6090(us)!
[02:51:49.225] RX< [0m[34m[AE] fid=8910,exp=11670,adg=300,Y=4473,mtg=180,shg=100,bgbv=1209,iso=300,cnv2,hdr0
[02:51:49.225] RX< [0m[34m[b_ae0 proc] perf=1026(us), max=1557(us)!
[02:51:49.225] RX< [0m[34m[awb0 proc] perf=3812(us), max=6090(us)!
[02:51:49.225] RX< [0m[RTMP] f_index = 8910, f_len = 179
[02:51:50.899] RX< 07
[02:51:50.899] RX< [7] [cam] [956582][me0][me_core_thread:359]ME out fid 8910
[02:51:50.899] RX< [34m[AE] fid=8940,exp=11670,adg=300,Y=4469,mtg=180,shg=100,bgbv=1209,iso=300,cnv2,hdr0
[02:51:50.899] RX< [0m[7] [cam] [957582][me0][me_core_thread:359]ME out fid 8940
[02:51:50.899] RX< [34m[AE] fid=8970,exp=11670,adg=300,Y=4462
[02:51:51.904] RX< ,mtg=180,shg=100,bgbv=1205,iso=300,cnv2,hdr0
[02:51:51.904] RX< [0m[7] [cam] [958582][me0][me_core_thread:359]ME out fid 8970
[02:51:51.904] RX< [34m[AE] fid=9000,exp=11670,adg=300,Y=4466,mtg=180,shg=100,bgbv=1209,iso=300,cnv2,hdr0
[02:51:51.904] RX< [0m[34m[b_ae0 proc] perf=1013(us), max=2404(us)!
[02:51:51.904] RX< [0m[34
[02:51:52.333] RX< m[awb0 proc] perf=3818(us), max=3892(us)!
[02:51:52.333] RX< [0m[34m[ME INTP]fid=9000, shutter=11670, perf=7(us), max=7148(us)!
[02:51:52.333] RX< [0m[RTMP] f_index = 9000, f_len = 11343
[02:51:52.333] RX< [7] [cam] [959582][me0][me_core_thread:359]ME out fid 9000
[02:51:52.333] RX< [4] [cam] [959659][qpc0][qpc_core_exception_c
[02:51:53.899] RX< heck:405]discontinuous frame, now: 9013, last: 9011
[02:51:53.899] RX< [34m[AE] fid=9030,exp=11670,adg=300,Y=4471,mtg=180,shg=100,bgbv=1209,iso=300,cnv2,hdr0
[02:51:53.899] RX< [0m[7] [cam] [960582][me0][me_core_thread:359]ME out fid 9030
[02:51:53.899] RX< [34m[AE] fid=9060,exp=11670,adg=300,Y=4472,mtg=180,s
[02:51:54.904] RX< hg=100,bgbv=1209,iso=300,cnv2,hdr0
[02:51:54.904] RX< [0m[7] [cam] [961582][me0][me_core_thread:359]ME out fid 9060
[02:51:54.904] RX< [34m[awb0 proc] perf=6082(us), max=6082(us)!
[02:51:54.904] RX< [0m[34m[AE] fid=9090,exp=11660,adg=300,Y=4487,mtg=180,shg=100,bgbv=1213,iso=300,cnv2,hdr0
[02:51:54.904] RX< [0m[34m[b_ae0 proc
[02:51:55.899] RX< ] perf=1129(us), max=4137(us)!
[02:51:55.899] RX< [0m[34m[awb0 proc] perf=3841(us), max=6082(us)!
[02:51:55.899] RX< [0m[RTMP] f_index = 9090, f_len = 17320
[02:51:55.899] RX< [7] [cam] [962581][me0][me_core_thread:359]ME out fid 9090
[02:51:55.899] RX< [34m[AE] fid=9120,exp=11650,adg=300,Y=4491,mtg=180,shg=100,bgbv=1217,iso=
[02:51:57.251] RX< 300,cnv2,hdr0
[02:51:57.251] RX< [0m[34m[ME INTP]fid=9120, shutter=11650, perf=6(us), max=2871(us)!
[02:51:57.251] RX< [0m[7] [cam] [963581][me0][me_core_thread:359]ME out fid 9120
[02:51:57.251] RX< [34m[AE] fid=9150,exp=11650,adg=300,Y=4494,mtg=180,shg=100,bgbv=1217,iso=300,cnv2,hdr0
[02:51:57.251] RX< [0m[7] [cam] [964581]
[02:51:58.223] RX< [me0][me_core_thread:359]ME out fid 9150
[02:51:58.223] RX< [34m[AE] fid=9180,exp=11650,adg=300,Y=4501,mtg=180,shg=100,bgbv=1221,iso=300,cnv2,hdr0
[02:51:58.223] RX< [0m[34m[b_ae0 proc] perf=1030(us), max=4219(us)!
[02:51:58.223] RX< [0m[34m[awb0 proc] perf=3809(us), max=3913(us)!
[02:51:58.223] RX< [0m[RTMP] f_index = 9180
[02:51:59.899] RX< , f_len = 12226
[02:51:59.899] RX< [7] [cam] [965581][me0][me_core_thread:359]ME out fid 9180
[02:51:59.899] RX< [34m[AE] fid=9210,exp=11650,adg=300,Y=4488,mtg=180,shg=100,bgbv=1217,iso=300,cnv2,hdr0
[02:51:59.899] RX< [0m[7] [cam] [966581][me0][me_core_thread:359]ME out fid 9210
[02:51:59.899] RX< [34m[AE] fid=9240,exp=11660,a
[02:52:00.902] RX< dg=300,Y=4485,mtg=180,shg=100,bgbv=1213,iso=300,cnv2,hdr0
[02:52:00.902] RX< [0m[34m[ME INTP]fid=9240, shutter=11660, perf=287(us), max=4495(us)!
[02:52:00.902] RX< [0m[7] [cam] [967581][me0][me_core_thread:359]ME out fid 9240
[02:52:00.902] RX< [34m[AE] fid=9270,exp=11650,adg=300,Y=4490,mtg=180,shg=100,bgbv
[02:52:01.898] RX< =1217,iso=300,cnv2,hdr0
[02:52:01.898] RX< [0m[34m[b_ae0 proc] perf=1011(us), max=1589(us)!
[02:52:01.898] RX< [0m[34m[awb0 proc] perf=3821(us), max=5355(us)!
[02:52:01.898] RX< [0m[RTMP] f_index = 9270, f_len = 17609
[02:52:01.898] RX< [7] [cam] [968581][me0][me_core_thread:359]ME out fid 9270
[02:52:01.898] RX< [34m[AE] fid=9300,exp=11660,a
[02:52:03.250] RX< dg=300,Y=4486,mtg=180,shg=100,bgbv=1213,iso=300,cnv2,hdr0
[02:52:03.250] RX< [0m[7] [cam] [969581][me0][me_core_thread:359]ME out fid 9300
[02:52:03.250] RX< [34m[AE] fid=9330,exp=11650,adg=300,Y=4491,mtg=180,shg=100,bgbv=1217,iso=300,cnv2,hdr0
[02:52:03.250] RX< [0m[7] [cam] [970580][me0][me_core_thread:359]
[02:52:03.905] RX< ME out fid 9330
[02:52:03.905] RX< [34m[awb0 proc] perf=6553(us), max=6553(us)!
[02:52:03.905] RX< [0m[4] [cam] [970658][qpc0][qpc_core_exception_check:405]discontinuous frame, now: 9343, last: 9341
[02:52:03.905] RX< [34m[AE] fid=9360,exp=11650,adg=300,Y=4497,mtg=180,shg=100,bgbv=1217,iso=300,cnv2,hdr0
[02:52:03.905] RX< [0m
[02:52:04.240] RX< [34m[b_ae0 proc] perf=1147(us), max=4155(us)!
[02:52:04.240] RX< [0m[34m[awb0 proc] perf=3815(us), max=6553(us)!
[02:52:04.240] RX< [0m[34m[ME INTP]fid=9360, shutter=11650, perf=2415(us), max=4719(us)!
[02:52:04.240] RX< [0m[RTMP] f_index = 9360, f_len = 12125
[02:52:04.240] RX< [7] [cam] [971580][me0][me_core_thread:359]ME 
[02:52:05.250] RX< out fid 9360
[02:52:05.250] RX< [34m[awb0 proc] perf=6692(us), max=6692(us)!
[02:52:05.250] RX< [0m[4] [cam] [971659][qpc0][qpc_core_exception_check:405]discontinuous frame, now: 9373, last: 9371
[02:52:05.250] RX< [34m[AE] fid=9390,exp=11650,adg=300,Y=4494,mtg=180,shg=100,bgbv=1217,iso=300,cnv2,hdr0
[02:52:05.250] RX< [0m[7] 
[02:52:06.330] RX< [cam] [972580][me0][me_core_thread:359]ME out fid 9390
[02:52:06.330] RX< [34m[AE] fid=9420,exp=11650,adg=300,Y=4491,mtg=180,shg=100,bgbv=1217,iso=300,cnv2,hdr0
[02:52:06.330] RX< [0m[7] [cam] [973580][me0][me_core_thread:359]ME out fid 9420
[02:52:06.330] RX< [4] [cam] [973657][qpc0][qpc_core_exception_check:
[02:52:07.224] RX< 405]discontinuous frame, now: 9433, last: 9431
[02:52:07.224] RX< [34m[AE] fid=9450,exp=11650,adg=300,Y=4489,mtg=180,shg=100,bgbv=1217,iso=300,cnv2,hdr0
[02:52:07.224] RX< [0m[34m[b_ae0 proc] perf=1025(us), max=1710(us)!
[02:52:07.224] RX< [0m[34m[awb0 proc] perf=3815(us), max=6692(us)!
[02:52:07.224] RX< [0m[RTMP] f_index 
[02:52:08.253] RX< = 9450, f_len = 17298
[02:52:08.253] RX< [7] [cam] [974580][me0][me_core_thread:359]ME out fid 9450
[02:52:08.253] RX< [34m[AE] fid=9480,exp=11650,adg=300,Y=4494,mtg=180,shg=100,bgbv=1217,iso=300,cnv2,hdr0
[02:52:08.253] RX< [0m[34m[ME INTP]fid=9480, shutter=11650, perf=6(us), max=7210(us)!
[02:52:08.253] RX< [0m[7] [cam] [975
[02:52:09.902] RX< 580][me0][me_core_thread:359]ME out fid 9480
[02:52:09.902] RX< [34m[AE] fid=9510,exp=11650,adg=300,Y=4505,mtg=180,shg=100,bgbv=1221,iso=300,cnv2,hdr0
[02:52:09.902] RX< [0m[7] [cam] [976580][me0][me_core_thread:359]ME out fid 9510
[02:52:09.902] RX< [34m[AE] fid=9540,exp=11650,adg=300,Y=4506,mtg=180,shg=100,
[02:52:10.897] RX< bgbv=1221,iso=300,cnv2,hdr0
[02:52:10.897] RX< [0m[34m[b_ae0 proc] perf=1042(us), max=3089(us)!
[02:52:10.897] RX< [0m[34m[awb0 proc] perf=3838(us), max=3891(us)!
[02:52:10.897] RX< [0m[RTMP] f_index = 9540, f_len = 17035
[02:52:10.897] RX< [7] [cam] [977579][me0][me_core_thread:359]ME out fid 9540
[02:52:10.897] RX< [34m[AE] fid=9570,exp=116
[02:52:11.996] RX< 50,adg=300,Y=4509,mtg=180,shg=100,bgbv=1221,iso=300,cnv2,hdr0
[02:52:11.996] RX< [0m[7] [cam] [978579][me0][me_core_thread:359]ME out fid 9570
[02:52:11.996] RX< [34m[AE] fid=9600,exp=11620,adg=300,Y=4500,mtg=180,shg=100,bgbv=1225,iso=300,cnv2,hdr0
[02:52:11.996] RX< [0m[34m[ME INTP]fid=9600, shutter=11620, 
[02:52:12.901] RX< perf=6(us), max=2959(us)!
[02:52:12.901] RX< [0m[7] [cam] [979579][me0][me_core_thread:359]ME out fid 9600
[02:52:12.901] RX< [4] [cam] [979657][qpc0][qpc_core_exception_check:405]discontinuous frame, now: 9613, last: 9611
[02:52:12.901] RX< [34m[AE] fid=9630,exp=11620,adg=300,Y=4499,mtg=180,shg=100,bgbv=1221,
[02:52:13.330] RX< iso=300,cnv2,hdr0
[02:52:13.330] RX< [0m[34m[b_ae0 proc] perf=1017(us), max=4554(us)!
[02:52:13.330] RX< [0m[34m[awb0 proc] perf=3711(us), max=4250(us)!
[02:52:13.330] RX< [0m[RTMP] f_index = 9630, f_len = 11495
[02:52:13.330] RX< [7] [cam] [980579][me0][me_core_thread:359]ME out fid 9630
[02:52:13.330] RX< [4] [cam] [980657][qpc0][qpc_core_ex
[02:52:14.896] RX< ception_check:405]discontinuous frame, now: 9643, last: 9641
[02:52:14.896] RX< [34m[AE] fid=9660,exp=11620,adg=300,Y=4497,mtg=180,shg=100,bgbv=1221,iso=300,cnv2,hdr0
[02:52:14.896] RX< [0m[7] [cam] [981579][me0][me_core_thread:359]ME out fid 9660
[02:52:14.896] RX< [34m[AE] fid=9690,exp=11620,adg=300,Y=4492,
[02:52:15.901] RX< mtg=180,shg=100,bgbv=1221,iso=300,cnv2,hdr0
[02:52:15.901] RX< [0m[7] [cam] [982579][me0][me_core_thread:359]ME out fid 9690
[02:52:15.901] RX< [34m[AE] fid=9720,exp=11620,adg=300,Y=4489,mtg=180,shg=100,bgbv=1221,iso=300,cnv2,hdr0
[02:52:15.901] RX< [0m[34m[b_ae0 proc] perf=1016(us), max=4126(us)!
[02:52:15.901] RX< [0m[34m
[02:52:16.897] RX< [awb0 proc] perf=3868(us), max=4136(us)!
[02:52:16.897] RX< [0m[34m[ME INTP]fid=9720, shutter=11620, perf=7(us), max=2089(us)!
[02:52:16.897] RX< [0m[RTMP] f_index = 9720, f_len = 17505
[02:52:16.897] RX< [7] [cam] [983579][me0][me_core_thread:359]ME out fid 9720
[02:52:16.897] RX< [34m[AE] fid=9750,exp=11620,adg=300,Y=4492,mt
[02:52:18.248] RX< g=180,shg=100,bgbv=1221,iso=300,cnv2,hdr0
[02:52:18.248] RX< [0m[7] [cam] [984578][me0][me_core_thread:359]ME out fid 9750
[02:52:18.248] RX< [34m[AE] fid=9780,exp=11620,adg=300,Y=4497,mtg=180,shg=100,bgbv=1221,iso=300,cnv2,hdr0
[02:52:18.248] RX< [0m[7] [cam] [985578][me0][me_core_thread:359]ME out fid 9780
[02:52:18.900] RX< [34m[awb0 proc] perf=6797(us), max=6797(us)!
[02:52:18.900] RX< [0m[4] [cam] [985656][qpc0][qpc_core_exception_check:405]discontinuous frame, now: 9793, last: 9791
[02:52:18.900] RX< [34m[AE] fid=9810,exp=11620,adg=300,Y=4494,mtg=180,shg=100,bgbv=1221,iso=300,cnv2,hdr0
[02:52:18.900] RX< [0m[34m[b_ae0 proc]
[02:52:19.895] RX<  perf=1016(us), max=2116(us)!
[02:52:19.895] RX< [0m[34m[awb0 proc] perf=3822(us), max=6797(us)!
[02:52:19.895] RX< [0m[RTMP] f_index = 9810, f_len = 11707
[02:52:19.895] RX< [7] [cam] [986578][me0][me_core_thread:359]ME out fid 9810
[02:52:19.895] RX< [34m[AE] fid=9840,exp=11620,adg=300,Y=4491,mtg=180,shg=100,bgbv=1221,iso=3
[02:52:20.895] RX< 00,cnv2,hdr0
[02:52:20.895] RX< [0m[34m[ME INTP]fid=9840, shutter=11620, perf=5(us), max=2424(us)!
[02:52:20.895] RX< [0m[7] [cam] [987578][me0][me_core_thread:359]ME out fid 9840
[02:52:20.895] RX< [4] [cam] [987655][qpc0][qpc_core_exception_check:405]discontinuous frame, now: 9853, last: 9851
[02:52:20.895] RX< [34m[AE] fid=
[02:52:21.899] RX< 9870,exp=11630,adg=300,Y=4485,mtg=180,shg=100,bgbv=1217,iso=300,cnv2,hdr0
[02:52:21.899] RX< [0m[7] [cam] [988578][me0][me_core_thread:359]ME out fid 9870
[02:52:21.899] RX< [34m[AE] fid=9900,exp=11630,adg=300,Y=4486,mtg=180,shg=100,bgbv=1217,iso=300,cnv2,hdr0
[02:52:21.899] RX< [0m[34m[b_ae0 proc] perf=1014
[02:52:22.895] RX< (us), max=1617(us)!
[02:52:22.895] RX< [0m[34m[awb0 proc] perf=3814(us), max=3899(us)!
[02:52:22.895] RX< [0m[RTMP] f_index = 9900, f_len = 11818
[02:52:22.895] RX< [7] [cam] [989578][me0][me_core_thread:359]ME out fid 9900
[02:52:22.895] RX< [34m[AE] fid=9930,exp=11630,adg=300,Y=4487,mtg=180,shg=100,bgbv=1217,iso=300,cnv2,hd
[02:52:24.250] RX< r0
[02:52:24.250] RX< [0m[7] [cam] [990578][me0][me_core_thread:359]ME out fid 9930
[02:52:24.250] RX< [34m[AE] fid=9960,exp=11630,adg=300,Y=4483,mtg=180,shg=100,bgbv=1217,iso=300,cnv2,hdr0
[02:52:24.250] RX< [0m[34m[ME INTP]fid=9960, shutter=11630, perf=6(us), max=2082(us)!
[02:52:24.250] RX< [0m[7] [cam] [991578][me0][me_co
[02:52:25.221] RX< re_thread:359]ME out fid 9960
[02:52:25.221] RX< [34m[AE] fid=9990,exp=11630,adg=300,Y=4480,mtg=180,shg=100,bgbv=1217,iso=300,cnv2,hdr0
[02:52:25.221] RX< [0m[34m[b_ae0 proc] perf=1125(us), max=4088(us)!
[02:52:25.221] RX< [0m[34m[awb0 proc] perf=3806(us), max=4412(us)!
[02:52:25.221] RX< [0m[RTMP] f_index = 9990, f_len = 1
[02:52:26.894] RX< 8411
[02:52:26.894] RX< [7] [cam] [992577][me0][me_core_thread:359]ME out fid 9990
[02:52:26.894] RX< [34m[AE] fid=10020,exp=11630,adg=300,Y=4482,mtg=180,shg=100,bgbv=1217,iso=300,cnv2,hdr0
[02:52:26.894] RX< [0m[7] [cam] [993577][me0][me_core_thread:359]ME out fid 10020
[02:52:26.894] RX< [34m[AE] fid=10050,exp=11630,adg=300,Y
[02:52:27.898] RX< =4467,mtg=180,shg=100,bgbv=1213,iso=300,cnv2,hdr0
[02:52:27.898] RX< [0m[7] [cam] [994577][me0][me_core_thread:359]ME out fid 10050
[02:52:27.898] RX< [34m[AE] fid=10080,exp=11630,adg=300,Y=4470,mtg=180,shg=100,bgbv=1213,iso=300,cnv2,hdr0
[02:52:27.898] RX< [0m[34m[b_ae0 proc] perf=1017(us), max=4237(us)!
[02:52:27.898] RX< 
[02:52:28.894] RX< [0m[34m[awb0 proc] perf=3821(us), max=4588(us)!
[02:52:28.894] RX< [0m[34m[ME INTP]fid=10080, shutter=11630, perf=7(us), max=2878(us)!
[02:52:28.894] RX< [0m[RTMP] f_index = 10080, f_len = 17803
[02:52:28.894] RX< [7] [cam] [995577][me0][me_core_thread:359]ME out fid 10080
[02:52:28.894] RX< [34m[AE] fid=10110,exp=11640,adg=3
[02:52:30.246] RX< 00,Y=4460,mtg=180,shg=100,bgbv=1209,iso=300,cnv2,hdr0
[02:52:30.246] RX< [0m[7] [cam] [996577][me0][me_core_thread:359]ME out fid 10110
[02:52:30.246] RX< [34m[AE] fid=10140,exp=11670,adg=300,Y=4461,mtg=180,shg=100,bgbv=1205,iso=300,cnv2,hdr0
[02:52:30.246] RX< [0m[7] [cam] [997577][me0][me_core_thread:359]ME
[02:52:30.901] RX<  out fid 10140
[02:52:30.901] RX< [4] [cam] [997654][qpc0][qpc_core_exception_check:405]discontinuous frame, now: 10153, last: 10151
[02:52:30.901] RX< [34m[AE] fid=10170,exp=11650,adg=300,Y=4489,mtg=180,shg=100,bgbv=1217,iso=300,cnv2,hdr0
[02:52:30.901] RX< [0m[34m[b_ae0 proc] perf=956(us), max=2252(us)!
[02:52:30.901] RX< [
[02:52:31.893] RX< 0m[34m[awb0 proc] perf=3812(us), max=5331(us)!
[02:52:31.893] RX< [0m[RTMP] f_index = 10170, f_len = 12264
[02:52:31.893] RX< [7] [cam] [998577][me0][me_core_thread:359]ME out fid 10170
[02:52:31.893] RX< [4] [cam] [998654][qpc0][qpc_core_exception_check:405]discontinuous frame, now: 10183, last: 10181
[02:52:31.893] RX< [34m[A
[02:52:32.282] RX< E] fid=10200,exp=11660,adg=300,Y=4487,mtg=180,shg=100,bgbv=1213,iso=300,cnv2,hdr0
[02:52:32.282] RX< [0m[34m[ME INTP]fid=10200, shutter=11660, perf=251(us), max=4278(us)!
[02:52:32.282] RX< [0m[7] [cam] [999576][me0][me_core_thread:359]ME out fid 10200
[02:52:32.282] RX< [34m[awb0 proc] perf=6783(us), max=67
[02:52:33.245] RX< 83(us)!
[02:52:33.245] RX< [0m[4] [cam] [999654][qpc0][qpc_core_exception_check:405]discontinuous frame, now: 10213, last: 10211
[02:52:33.245] RX< [34m[AE] fid=10230,exp=11650,adg=300,Y=4488,mtg=180,shg=100,bgbv=1217,iso=300,cnv2,hdr0
[02:52:33.245] RX< [0m[7] [cam] [1000576][me0][me_core_thread:359]ME out f
[02:52:33.898] RX< id 10230
[02:52:33.898] RX< [34m[awb0 proc] perf=6022(us), max=6783(us)!
[02:52:33.898] RX< [0m[4] [cam] [1000654][qpc0][qpc_core_exception_check:405]discontinuous frame, now: 10243, last: 10241
[02:52:33.898] RX< [34m[AE] fid=10260,exp=11650,adg=300,Y=4491,mtg=180,shg=100,bgbv=1217,iso=300,cnv2,hdr0
[02:52:33.898] RX< [0m[34
[02:52:34.893] RX< m[b_ae0 proc] perf=1131(us), max=1667(us)!
[02:52:34.893] RX< [0m[34m[awb0 proc] perf=3827(us), max=6022(us)!
[02:52:34.893] RX< [0m[RTMP] f_index = 10260, f_len = 11555
[02:52:34.893] RX< [7] [cam] [1001576][me0][me_core_thread:359]ME out fid 10260
[02:52:34.893] RX< [34m[AE] fid=10290,exp=11650,adg=300,Y=4500,mtg=180,shg=10
[02:52:35.992] RX< 0,bgbv=1221,iso=300,cnv2,hdr0
[02:52:35.992] RX< [0m[7] [cam] [1002576][me0][me_core_thread:359]ME out fid 10290
[02:52:35.992] RX< [34m[AE] fid=10320,exp=11650,adg=300,Y=4497,mtg=180,shg=100,bgbv=1217,iso=300,cnv2,hdr0
[02:52:35.992] RX< [0m[34m[ME INTP]fid=10320, shutter=11650, perf=7(us), max=9387(us)!
[02:52:35.992] RX< [
[02:52:36.895] RX< 0m[7] [cam] [1003576][me0][me_core_thread:359]ME out fid 10320
[02:52:36.895] RX< [34m[AE] fid=10350,exp=11650,adg=300,Y=4499,mtg=180,shg=100,bgbv=1217,iso=300,cnv2,hdr0
[02:52:36.895] RX< [0m[34m[b_ae0 proc] perf=1017(us), max=3089(us)!
[02:52:36.895] RX< [0m[34m[awb0 proc] perf=3871(us), max=4539(us)!
[02:52:36.895] RX< [
[02:52:38.324] RX< 0m[RTMP] f_index = 10350, f_len = 17280
[02:52:38.324] RX< [7] [cam] [1004576][me0][me_core_thread:359]ME out fid 10350
[02:52:38.324] RX< [34m[AE] fid=10380,exp=11650,adg=300,Y=4498,mtg=180,shg=100,bgbv=1217,iso=300,cnv2,hdr0
[02:52:38.324] RX< [0m[7] [cam] [1005576][me0][me_core_thread:359]ME out fid 10380
[02:52:38.324] RX< [
[02:52:39.893] RX< 4] [cam] [1005653][qpc0][qpc_core_exception_check:405]discontinuous frame, now: 10393, last: 10391
[02:52:39.893] RX< [34m[AE] fid=10410,exp=11650,adg=300,Y=4496,mtg=180,shg=100,bgbv=1217,iso=300,cnv2,hdr0
[02:52:39.893] RX< [0m[7] [cam] [1006575][me0][me_core_thread:359]ME out fid 10410
[02:52:39.893] RX< [3
[02:52:39.990] RX< 4m[AE] fid=10440,exp=11650,adg=300,Y=4499,mtg=180,shg=100,bgbv=1217,iso=300,cnv2,hdr0
[02:52:39.990] RX< [0m[34m[b_ae0 proc] perf=1014(us), max=2206(us)!
[02:52:39.990] RX< [0m[34m[awb0 proc] perf=3888(us), max=3921(us)!
[02:52:39.990] RX< [0m[34m[ME INTP]fid=10440, shutter=11650, perf=5(us), max=3779(us)
[02:52:41.240] RX< !
[02:52:41.240] RX< [0m[RTMP] f_index = 10440, f_len = 17281
[02:52:41.240] RX< [7] [cam] [1007575][me0][me_core_thread:359]ME out fid 10440
[02:52:41.240] RX< [34m[AE] fid=10470,exp=11650,adg=300,Y=4497,mtg=180,shg=100,bgbv=1217,iso=300,cnv2,hdr0
[02:52:41.240] RX< [0m[7] [cam] [1008575][me0][me_core_thread:359]ME out fid 104
[02:52:42.241] RX< 70
[02:52:42.241] RX< [4] [cam] [1008653][qpc0][qpc_core_exception_check:405]discontinuous frame, now: 10483, last: 10481
[02:52:42.241] RX< [34m[AE] fid=10500,exp=11650,adg=300,Y=4500,mtg=180,shg=100,bgbv=1221,iso=300,cnv2,hdr0
[02:52:42.241] RX< [0m[7] [cam] [1009575][me0][me_core_thread:359]ME out fid 10500
[02:52:43.228] RX< 
[02:52:43.228] RX< [34m[AE] fid=10530,exp=11650,adg=300,Y=4505,mtg=180,shg=100,bgbv=1221,iso=300,cnv2,hdr0
[02:52:43.228] RX< [0m[34m[b_ae0 proc] perf=1011(us), max=1480(us)!
[02:52:43.228] RX< [0m[34m[awb0 proc] perf=3699(us), max=5730(us)!
[02:52:43.228] RX< [0m[RTMP] f_index = 10530, f_len = 17252
[02:52:43.228] RX< [7] [cam] [1010575][me
[02:52:44.241] RX< 0][me_core_thread:359]ME out fid 10530
[02:52:44.241] RX< [34m[AE] fid=10560,exp=11650,adg=300,Y=4508,mtg=180,shg=100,bgbv=1221,iso=300,cnv2,hdr0
[02:52:44.241] RX< [0m[34m[ME INTP]fid=10560, shutter=11650, perf=6(us), max=3742(us)!
[02:52:44.241] RX< [0m[7] [cam] [1011575][me0][me_core_thread:359]ME out fid
[02:52:45.239] RX<  10560
[02:52:45.239] RX< [34m[awb0 proc] perf=6681(us), max=6681(us)!
[02:52:45.239] RX< [0m[4] [cam] [1011652][qpc0][qpc_core_exception_check:405]discontinuous frame, now: 10573, last: 10571
[02:52:45.239] RX< [34m[AE] fid=10590,exp=11620,adg=300,Y=4506,mtg=180,shg=100,bgbv=1225,iso=300,cnv2,hdr0
[02:52:45.239] RX< [0m[7] [c
[02:52:46.210] RX< am] [1012575][me0][me_core_thread:359]ME out fid 10590
[02:52:46.210] RX< [34m[AE] fid=10620,exp=11620,adg=300,Y=4497,mtg=180,shg=100,bgbv=1221,iso=300,cnv2,hdr0
[02:52:46.210] RX< [0m[34m[b_ae0 proc] perf=1027(us), max=4005(us)!
[02:52:46.210] RX< [0m[34m[awb0 proc] perf=3824(us), max=6681(us)!
[02:52:46.210] RX< [0m[RTMP]
[02:52:47.884] RX<  f_index = 10620, f_len = 17375
[02:52:47.884] RX< [7] [cam] [1013575][me0][me_core_thread:359]ME out fid 10620
[02:52:47.884] RX< [34m[AE] fid=10650,exp=11620,adg=300,Y=4495,mtg=180,shg=100,bgbv=1221,iso=300,cnv2,hdr0
[02:52:47.884] RX< [0m[7] [cam] [1014574][me0][me_core_thread:359]ME out fid 10650
[02:52:47.884] RX< [34m[AE]
[02:52:48.888] RX<  fid=10680,exp=11620,adg=300,Y=4493,mtg=180,shg=100,bgbv=1221,iso=300,cnv2,hdr0
[02:52:48.888] RX< [0m[34m[ME INTP]fid=10680, shutter=11620, perf=6(us), max=237(us)!
[02:52:48.888] RX< [0m[7] [cam] [1015574][me0][me_core_thread:359]ME out fid 10680
[02:52:48.888] RX< [34m[AE] fid=10710,exp=11630,adg=300,Y=44
[02:52:49.883] RX< 87,mtg=180,shg=100,bgbv=1217,iso=300,cnv2,hdr0
[02:52:49.883] RX< [0m[34m[b_ae0 proc] perf=1019(us), max=3715(us)!
[02:52:49.883] RX< [0m[34m[awb0 proc] perf=3888(us), max=5278(us)!
[02:52:49.883] RX< [0m[RTMP] f_index = 10710, f_len = 17625
[02:52:49.883] RX< [7] [cam] [1016574][me0][me_core_thread:359]ME out fid 10710
[02:52:49.883] RX< [34
[02:52:51.236] RX< m[AE] fid=10740,exp=11630,adg=300,Y=4485,mtg=180,shg=100,bgbv=1217,iso=300,cnv2,hdr0
[02:52:51.236] RX< [0m[7] [cam] [1017574][me0][me_core_thread:359]ME out fid 10740
[02:52:51.236] RX< [34m[AE] fid=10770,exp=11630,adg=300,Y=4484,mtg=180,shg=100,bgbv=1217,iso=300,cnv2,hdr0
[02:52:51.236] RX< [0m[7] [cam] [10
[02:52:51.981] RX< 18574][me0][me_core_thread:359]ME out fid 10770
[02:52:51.981] RX< [34m[AE] fid=10800,exp=11630,adg=300,Y=4483,mtg=180,shg=100,bgbv=1217,iso=300,cnv2,hdr0
[02:52:51.981] RX< [0m[34m[b_ae0 proc] perf=1005(us), max=4046(us)!
[02:52:51.981] RX< [0m[34m[awb0 proc] perf=3849(us), max=4028(us)!
[02:52:51.981] RX< [0m[34m[ME INTP
[02:52:52.315] RX< ]fid=10800, shutter=11630, perf=239(us), max=2646(us)!
[02:52:52.315] RX< [0m[RTMP] f_index = 10800, f_len = 11921
[02:52:52.315] RX< [7] [cam] [1019574][me0][me_core_thread:359]ME out fid 10800
[02:52:52.315] RX< [34m[awb0 proc] perf=6613(us), max=6613(us)!
[02:52:52.315] RX< [0m[4] [cam] [1019651][qpc0][qpc_core_exception_che
[02:52:53.881] RX< ck:405]discontinuous frame, now: 10813, last: 10811
[02:52:53.881] RX< [34m[AE] fid=10830,exp=11630,adg=300,Y=4487,mtg=180,shg=100,bgbv=1217,iso=300,cnv2,hdr0
[02:52:53.881] RX< [0m[7] [cam] [1020574][me0][me_core_thread:359]ME out fid 10830
[02:52:53.881] RX< [34m[AE] fid=10860,exp=11630,adg=300,Y=4485,mtg=1
[02:52:54.885] RX< 80,shg=100,bgbv=1217,iso=300,cnv2,hdr0
[02:52:54.885] RX< [0m[7] [cam] [1021573][me0][me_core_thread:359]ME out fid 10860
[02:52:54.885] RX< [34m[AE] fid=10890,exp=11620,adg=300,Y=4488,mtg=180,shg=100,bgbv=1221,iso=300,cnv2,hdr0
[02:52:54.885] RX< [0m[34m[b_ae0 proc] perf=1014(us), max=1120(us)!
[02:52:54.885] RX< [0m[34m[a
[02:52:55.980] RX< wb0 proc] perf=3823(us), max=6613(us)!
[02:52:55.980] RX< [0m[RTMP] f_index = 10890, f_len = 17704
[02:52:55.980] RX< [7] [cam] [1022573][me0][me_core_thread:359]ME out fid 10890
[02:52:55.980] RX< [34m[AE] fid=10920,exp=11620,adg=300,Y=4492,mtg=180,shg=100,bgbv=1221,iso=300,cnv2,hdr0
[02:52:55.980] RX< [0m[34m[ME INTP]fid=109
[02:52:57.231] RX< 20, shutter=11620, perf=5(us), max=4232(us)!
[02:52:57.231] RX< [0m[7] [cam] [1023573][me0][me_core_thread:359]ME out fid 10920
[02:52:57.231] RX< [34m[AE] fid=10950,exp=11630,adg=300,Y=4484,mtg=180,shg=100,bgbv=1217,iso=300,cnv2,hdr0
[02:52:57.231] RX< [0m[7] [cam] [1024573][me0][me_core_thread:359]ME out fi
[02:52:58.220] RX< d 10950
[02:52:58.220] RX< [34m[AE] fid=10980,exp=11630,adg=300,Y=4483,mtg=180,shg=100,bgbv=1217,iso=300,cnv2,hdr0
[02:52:58.220] RX< [0m[34m[b_ae0 proc] perf=956(us), max=3563(us)!
[02:52:58.220] RX< [0m[34m[awb0 proc] perf=3820(us), max=4561(us)!
[02:52:58.220] RX< [0m[RTMP] f_index = 10980, f_len = 17716
[02:52:58.220] RX< [7] [cam] [10255
[02:52:59.880] RX< 73][me0][me_core_thread:359]ME out fid 10980
[02:52:59.880] RX< [34m[awb0 proc] perf=6022(us), max=6022(us)!
[02:52:59.880] RX< [0m[34m[AE] fid=11010,exp=11620,adg=300,Y=4488,mtg=180,shg=100,bgbv=1221,iso=300,cnv2,hdr0
[02:52:59.880] RX< [0m[7] [cam] [1026573][me0][me_core_thread:359]ME out fid 11010
[02:52:59.880] RX< [34m[A
[02:53:00.881] RX< E] fid=11040,exp=11630,adg=300,Y=4487,mtg=180,shg=100,bgbv=1217,iso=300,cnv2,hdr0
[02:53:00.881] RX< [0m[34m[ME INTP]fid=11040, shutter=11630, perf=5(us), max=5513(us)!
[02:53:00.881] RX< [0m[7] [cam] [1027573][me0][me_core_thread:359]ME out fid 11040
[02:53:00.881] RX< [34m[AE] fid=11070,exp=11630,adg=300,Y
[02:53:01.265] RX< =4483,mtg=180,shg=100,bgbv=1217,iso=300,cnv2,hdr0
[02:53:01.265] RX< [0m[34m[b_ae0 proc] perf=1014(us), max=3963(us)!
[02:53:01.265] RX< [0m[34m[awb0 proc] perf=3817(us), max=6022(us)!
[02:53:01.265] RX< [0m[RTMP] f_index = 11070, f_len = 11899
[02:53:01.265] RX< [7] [cam] [1028573][me0][me_core_thread:359]ME out fid 11070
[02:53:01.265] RX< 
[02:53:02.875] RX< [34m[awb0 proc] perf=6304(us), max=6304(us)!
[02:53:02.875] RX< [0m[34m[AE] fid=11100,exp=11620,adg=300,Y=4491,mtg=180,shg=100,bgbv=1221,iso=300,cnv2,hdr0
[02:53:02.875] RX< [0m[7] [cam] [1029572][me0][me_core_thread:359]ME out fid 11100
[02:53:02.875] RX< [34m[AE] fid=11130,exp=11620,adg=300,Y=4493,mtg=180,
[02:53:03.881] RX< shg=100,bgbv=1221,iso=300,cnv2,hdr0
[02:53:03.881] RX< [0m[7] [cam] [1030572][me0][me_core_thread:359]ME out fid 11130
[02:53:03.881] RX< [34m[AE] fid=11160,exp=11620,adg=300,Y=4496,mtg=180,shg=100,bgbv=1221,iso=300,cnv2,hdr0
[02:53:03.881] RX< [0m[34m[b_ae0 proc] perf=1152(us), max=4235(us)!
[02:53:03.881] RX< [0m[34m[awb0
[02:53:04.874] RX<  proc] perf=3827(us), max=6304(us)!
[02:53:04.874] RX< [0m[34m[ME INTP]fid=11160, shutter=11620, perf=6(us), max=3309(us)!
[02:53:04.874] RX< [0m[RTMP] f_index = 11160, f_len = 11933
[02:53:04.874] RX< [7] [cam] [1031572][me0][me_core_thread:359]ME out fid 11160
[02:53:04.874] RX< [34m[AE] fid=11190,exp=11620,adg=300,Y=4491,mt
[02:53:06.226] RX< g=180,shg=100,bgbv=1221,iso=300,cnv2,hdr0
[02:53:06.226] RX< [0m[7] [cam] [1032572][me0][me_core_thread:359]ME out fid 11190
[02:53:06.226] RX< [34m[AE] fid=11220,exp=11630,adg=300,Y=4487,mtg=180,shg=100,bgbv=1217,iso=300,cnv2,hdr0
[02:53:06.226] RX< [0m[7] [cam] [1033572][me0][me_core_thread:359]ME out fid 1
[02:53:07.217] RX< 1220
[02:53:07.217] RX< [34m[AE] fid=11250,exp=11620,adg=300,Y=4494,mtg=180,shg=100,bgbv=1221,iso=300,cnv2,hdr0
[02:53:07.217] RX< [0m[34m[b_ae0 proc] perf=1027(us), max=4083(us)!
[02:53:07.217] RX< [0m[34m[awb0 proc] perf=3864(us), max=4704(us)!
[02:53:07.217] RX< [0m[RTMP] f_index = 11250, f_len = 17322
[02:53:07.217] RX< [7] [cam] [1034572
[02:53:08.229] RX< ][me0][me_core_thread:359]ME out fid 11250
[02:53:08.229] RX< [34m[AE] fid=11280,exp=11620,adg=300,Y=4490,mtg=180,shg=100,bgbv=1221,iso=300,cnv2,hdr0
[02:53:08.229] RX< [0m[34m[ME INTP]fid=11280, shutter=11620, perf=6(us), max=3377(us)!
[02:53:08.229] RX< [0m[7] [cam] [1035572][me0][me_core_thread:359]ME out
[02:53:09.880] RX<  fid 11280
[02:53:09.880] RX< [34m[AE] fid=11310,exp=11620,adg=300,Y=4491,mtg=180,shg=100,bgbv=1221,iso=300,cnv2,hdr0
[02:53:09.880] RX< [0m[7] [cam] [1036571][me0][me_core_thread:359]ME out fid 11310
[02:53:09.880] RX< [34m[AE] fid=11340,exp=11620,adg=300,Y=4493,mtg=180,shg=100,bgbv=1221,iso=300,cnv2,hdr0
[02:53:09.880] RX< [
[02:53:10.871] RX< 0m[34m[b_ae0 proc] perf=1034(us), max=3340(us)!
[02:53:10.871] RX< [0m[34m[awb0 proc] perf=3814(us), max=4147(us)!
[02:53:10.871] RX< [0m[RTMP] f_index = 11340, f_len = 17191
[02:53:10.871] RX< [7] [cam] [1037571][me0][me_core_thread:359]ME out fid 11340
[02:53:10.871] RX< [34m[AE] fid=11370,exp=11620,adg=300,Y=4488,mtg=180,
[02:53:11.871] RX< shg=100,bgbv=1221,iso=300,cnv2,hdr0
[02:53:11.871] RX< [0m[7] [cam] [1038571][me0][me_core_thread:359]ME out fid 11370
[02:53:11.871] RX< [4] [cam] [1038649][qpc0][qpc_core_exception_check:405]discontinuous frame, now: 11383, last: 11381
[02:53:11.871] RX< [34m[AE] fid=11400,exp=11620,adg=300,Y=4491,mtg=180,sh
[02:53:12.304] RX< g=100,bgbv=1221,iso=300,cnv2,hdr0
[02:53:12.304] RX< [0m[34m[ME INTP]fid=11400, shutter=11620, perf=6(us), max=3066(us)!
[02:53:12.304] RX< [0m[7] [cam] [1039571][me0][me_core_thread:359]ME out fid 11400
[02:53:12.304] RX< [34m[awb0 proc] perf=6567(us), max=6567(us)!
[02:53:12.304] RX< [0m[4] [cam] [1039649][qpc0][qpc_core_ex
[02:53:12.875] RX< ception_check:405]discontinuous frame, now: 11413, last: 11411
[02:53:12.875] RX< [34m[AE] fid=11430,exp=11620,adg=300,Y=4496,mtg=180,shg=100,bgbv=1221,iso=300,cnv2,hdr0
[02:53:12.875] RX< [0m[34m[b_ae0 proc] perf=1146(us), max=1766(us)!
[02:53:12.875] RX< [0m[34m[awb0 proc] perf=3714(us), max=6567(us)!
[02:53:12.875] RX< [
[02:53:13.870] RX< 0m[RTMP] f_index = 11430, f_len = 11635
[02:53:13.870] RX< [7] [cam] [1040571][me0][me_core_thread:359]ME out fid 11430
[02:53:13.870] RX< [4] [cam] [1040648][qpc0][qpc_core_exception_check:405]discontinuous frame, now: 11443, last: 11441
[02:53:13.870] RX< [34m[AE] fid=11460,exp=11620,adg=300,Y=4493,mtg=180,sh
[02:53:15.871] RX< g=100,bgbv=1221,iso=300,cnv2,hdr0
[02:53:15.871] RX< [0m[7] [cam] [1041571][me0][me_core_thread:359]ME out fid 11460
[02:53:15.871] RX< [34m[AE] fid=11490,exp=11620,adg=300,Y=4489,mtg=180,shg=100,bgbv=1221,iso=300,cnv2,hdr0
[02:53:15.871] RX< [0m[7] [cam] [1042571][me0][me_core_thread:359]ME out fid 11490
[02:53:15.969] RX< [34m[AE] fid=11520,exp=11620,adg=300,Y=4490,mtg=180,shg=100,bgbv=1221,iso=300,cnv2,hdr0
[02:53:15.969] RX< [0m[34m[b_ae0 proc] perf=1031(us), max=3874(us)!
[02:53:15.969] RX< [0m[34m[awb0 proc] perf=3845(us), max=4483(us)!
[02:53:15.969] RX< [0m[34m[ME INTP]fid=11520, shutter=11620, perf=6(us), max=4327(
[02:53:17.221] RX< us)!
[02:53:17.221] RX< [0m[RTMP] f_index = 11520, f_len = 18159
[02:53:17.221] RX< [7] [cam] [1043570][me0][me_core_thread:359]ME out fid 11520
[02:53:17.221] RX< [34m[awb0 proc] perf=6048(us), max=6048(us)!
[02:53:17.221] RX< [0m[34m[AE] fid=11550,exp=11620,adg=300,Y=4488,mtg=180,shg=100,bgbv=1221,iso=300,cnv2,hdr0
[02:53:17.221] RX< [0m[7] [
[02:53:18.872] RX< cam] [1044570][me0][me_core_thread:359]ME out fid 11550
[02:53:18.872] RX< [34m[AE] fid=11580,exp=11630,adg=300,Y=4485,mtg=180,shg=100,bgbv=1217,iso=300,cnv2,hdr0
[02:53:18.872] RX< [0m[7] [cam] [1045570][me0][me_core_thread:359]ME out fid 11580
[02:53:18.872] RX< [34m[AE] fid=11610,exp=11620,adg=300,Y=4490,m
[02:53:19.868] RX< tg=180,shg=100,bgbv=1221,iso=300,cnv2,hdr0
[02:53:19.868] RX< [0m[34m[b_ae0 proc] perf=1020(us), max=2546(us)!
[02:53:19.868] RX< [0m[34m[awb0 proc] perf=3890(us), max=6048(us)!
[02:53:19.868] RX< [0m[RTMP] f_index = 11610, f_len = 11700
[02:53:19.868] RX< [7] [cam] [1046570][me0][me_core_thread:359]ME out fid 11610
[02:53:19.868] RX< [34m[AE
[02:53:20.255] RX< ] fid=11640,exp=11620,adg=300,Y=4490,mtg=180,shg=100,bgbv=1221,iso=300,cnv2,hdr0
[02:53:20.255] RX< [0m[34m[ME INTP]fid=11640, shutter=11620, perf=7(us), max=7057(us)!
[02:53:20.255] RX< [0m[7] [cam] [1047570][me0][me_core_thread:359]ME out fid 11640
[02:53:20.255] RX< [34m[awb0 proc] perf=6713(us), max=6713
[02:53:21.220] RX< (us)!
[02:53:21.220] RX< [0m[4] [cam] [1047648][qpc0][qpc_core_exception_check:405]discontinuous frame, now: 11653, last: 11651
[02:53:21.220] RX< [34m[AE] fid=11670,exp=11620,adg=300,Y=4502,mtg=180,shg=100,bgbv=1225,iso=300,cnv2,hdr0
[02:53:21.220] RX< [0m[7] [cam] [1048570][me0][me_core_thread:359]ME out fi
[02:53:22.208] RX< d 11670
[02:53:22.208] RX< [34m[AE] fid=11700,exp=11620,adg=300,Y=4490,mtg=180,shg=100,bgbv=1221,iso=300,cnv2,hdr0
[02:53:22.208] RX< [0m[34m[b_ae0 proc] perf=1040(us), max=1542(us)!
[02:53:22.208] RX< [0m[34m[awb0 proc] perf=3831(us), max=6713(us)!
[02:53:22.208] RX< [0m[RTMP] f_index = 11700, f_len = 17468
[02:53:22.208] RX< [7] [cam] [1049
[02:53:23.865] RX< 570][me0][me_core_thread:359]ME out fid 11700
[02:53:23.865] RX< [34m[AE] fid=11730,exp=11620,adg=300,Y=4491,mtg=180,shg=100,bgbv=1221,iso=300,cnv2,hdr0
[02:53:23.865] RX< [0m[7] [cam] [1050570][me0][me_core_thread:359]ME out fid 11730
[02:53:23.865] RX< [34m[AE] fid=11760,exp=11620,adg=300,Y=4493,mtg=180,shg
[02:53:24.870] RX< =100,bgbv=1221,iso=300,cnv2,hdr0
[02:53:24.870] RX< [0m[34m[ME INTP]fid=11760, shutter=11620, perf=5(us), max=8455(us)!
[02:53:24.870] RX< [0m[7] [cam] [1051569][me0][me_core_thread:359]ME out fid 11760
[02:53:24.870] RX< [34m[AE] fid=11790,exp=11610,adg=300,Y=4514,mtg=180,shg=100,bgbv=1229,iso=300,cnv2,hdr0
[02:53:25.864] RX< 
[02:53:25.864] RX< [0m[34m[b_ae0 proc] perf=1027(us), max=1810(us)!
[02:53:25.864] RX< [0m[34m[awb0 proc] perf=3828(us), max=3905(us)!
[02:53:25.864] RX< [0m[RTMP] f_index = 11790, f_len = 11860
[02:53:25.864] RX< [7] [cam] [1052569][me0][me_core_thread:359]ME out fid 11790
[02:53:25.864] RX< [34m[AE] fid=11820,exp=11620,adg=300,Y=4500,mtg=1
[02:53:27.216] RX< 80,shg=100,bgbv=1225,iso=300,cnv2,hdr0
[02:53:27.216] RX< [0m[7] [cam] [1053569][me0][me_core_thread:359]ME out fid 11820
[02:53:27.216] RX< [34m[AE] fid=11850,exp=11620,adg=300,Y=4496,mtg=180,shg=100,bgbv=1221,iso=300,cnv2,hdr0
[02:53:27.216] RX< [0m[7] [cam] [1054569][me0][me_core_thread:359]ME out fid 1185
[02:53:27.965] RX< 0
[02:53:27.965] RX< [34m[AE] fid=11880,exp=11620,adg=300,Y=4493,mtg=180,shg=100,bgbv=1221,iso=300,cnv2,hdr0
[02:53:27.965] RX< [0m[34m[b_ae0 proc] perf=1018(us), max=3805(us)!
[02:53:27.965] RX< [0m[34m[awb0 proc] perf=3890(us), max=4190(us)!
[02:53:27.965] RX< [0m[34m[ME INTP]fid=11880, shutter=11620, perf=1870(us), max=
[02:53:29.216] RX< 2670(us)!
[02:53:29.216] RX< [0m[RTMP] f_index = 11880, f_len = 11496
[02:53:29.216] RX< [7] [cam] [1055569][me0][me_core_thread:359]ME out fid 11880
[02:53:29.216] RX< [34m[AE] fid=11910,exp=11620,adg=300,Y=4491,mtg=180,shg=100,bgbv=1221,iso=300,cnv2,hdr0
[02:53:29.216] RX< [0m[7] [cam] [1056569][me0][me_core_thread:359]ME out
[02:53:30.868] RX<  fid 11910
[02:53:30.868] RX< [34m[AE] fid=11940,exp=11630,adg=300,Y=4481,mtg=180,shg=100,bgbv=1217,iso=300,cnv2,hdr0
[02:53:30.868] RX< [0m[7] [cam] [1057569][me0][me_core_thread:359]ME out fid 11940
[02:53:30.868] RX< [34m[AE] fid=11970,exp=11630,adg=300,Y=4470,mtg=180,shg=100,bgbv=1213,iso=300,cnv2,hdr0
[02:53:30.868] RX< [
[02:53:31.862] RX< 0m[34m[b_ae0 proc] perf=1001(us), max=4337(us)!
[02:53:31.862] RX< [0m[34m[awb0 proc] perf=3819(us), max=4137(us)!
[02:53:31.862] RX< [0m[RTMP] f_index = 11970, f_len = 11740
[02:53:31.862] RX< [7] [cam] [1058568][me0][me_core_thread:359]ME out fid 11970
[02:53:31.862] RX< [34m[AE] fid=12000,exp=11630,adg=300,Y=4465,mtg=180,
[02:53:32.295] RX< shg=100,bgbv=1213,iso=300,cnv2,hdr0
[02:53:32.295] RX< [0m[34m[ME INTP]fid=12000, shutter=11630, perf=6(us), max=2502(us)!
[02:53:32.295] RX< [0m[7] [cam] [1059568][me0][me_core_thread:359]ME out fid 12000
[02:53:32.295] RX< [34m[awb0 proc] perf=6626(us), max=6626(us)!
[02:53:32.295] RX< [0m[4] [cam] [1059646][qpc0][qpc_core_
[02:53:33.245] RX< exception_check:405]discontinuous frame, now: 12013, last: 12011
[02:53:33.245] RX< [34m[AE] fid=12030,exp=11630,adg=300,Y=4464,mtg=180,shg=100,bgbv=1213,iso=300,cnv2,hdr0
[02:53:33.245] RX< [0m[7] [cam] [1060568][me0][me_core_thread:359]ME out fid 12030
[02:53:33.245] RX< [34m[awb0 proc] perf=6675(us), max=6
[02:53:33.868] RX< 675(us)!
[02:53:33.868] RX< [0m[4] [cam] [1060646][qpc0][qpc_core_exception_check:405]discontinuous frame, now: 12043, last: 12041
[02:53:33.868] RX< [34m[AE] fid=12060,exp=11630,adg=300,Y=4470,mtg=180,shg=100,bgbv=1213,iso=300,cnv2,hdr0
[02:53:33.868] RX< [0m[34m[b_ae0 proc] perf=1142(us), max=1563(us)!
[02:53:33.868] RX< [
[02:53:35.213] RX< 0m[34m[awb0 proc] perf=3824(us), max=6675(us)!
[02:53:35.213] RX< [0m[RTMP] f_index = 12060, f_len = 18310
[02:53:35.213] RX< [7] [cam] [1061568][me0][me_core_thread:359]ME out fid 12060
[02:53:35.213] RX< [34m[AE] fid=12090,exp=11630,adg=300,Y=4478,mtg=180,shg=100,bgbv=1217,iso=300,cnv2,hdr0
[02:53:35.213] RX< [0m[7] [cam] [1
[02:53:36.200] RX< 062568][me0][me_core_thread:359]ME out fid 12090
[02:53:36.200] RX< [34m[AE] fid=12120,exp=11620,adg=300,Y=4491,mtg=180,shg=100,bgbv=1221,iso=300,cnv2,hdr0
[02:53:36.200] RX< [0m[34m[ME INTP]fid=12120, shutter=11620, perf=5(us), max=11754(us)!
[02:53:36.200] RX< [0m[7] [cam] [1063568][me0][me_core_thread:359
[02:53:37.201] RX< ]ME out fid 12120
[02:53:37.201] RX< [34m[AE] fid=12150,exp=11630,adg=300,Y=4481,mtg=180,shg=100,bgbv=1217,iso=300,cnv2,hdr0
[02:53:37.201] RX< [0m[34m[b_ae0 proc] perf=1011(us), max=3617(us)!
[02:53:37.201] RX< [0m[34m[awb0 proc] perf=3828(us), max=4736(us)!
[02:53:37.201] RX< [0m[RTMP] f_index = 12150, f_len = 11731
[02:53:37.201] RX< [7] [
[02:53:38.211] RX< cam] [1064568][me0][me_core_thread:359]ME out fid 12150
[02:53:38.211] RX< [4] [cam] [1064644][qpc0][qpc_core_exception_check:405]discontinuous frame, now: 12163, last: 12161
[02:53:38.211] RX< [34m[AE] fid=12180,exp=11620,adg=300,Y=4507,mtg=180,shg=100,bgbv=1225,iso=300,cnv2,hdr0
[02:53:38.211] RX< [0m[7] [ca
[02:53:39.863] RX< m] [1065567][me0][me_core_thread:359]ME out fid 12180
[02:53:39.863] RX< [34m[AE] fid=12210,exp=11620,adg=300,Y=4510,mtg=180,shg=100,bgbv=1225,iso=300,cnv2,hdr0
[02:53:39.863] RX< [0m[7] [cam] [1066567][me0][me_core_thread:359]ME out fid 12210
[02:53:39.863] RX< [34m[AE] fid=12240,exp=11620,adg=300,Y=4504,mtg
[02:53:40.198] RX< =180,shg=100,bgbv=1225,iso=300,cnv2,hdr0
[02:53:40.198] RX< [0m[34m[b_ae0 proc] perf=1017(us), max=3752(us)!
[02:53:40.198] RX< [0m[34m[awb0 proc] perf=3878(us), max=4146(us)!
[02:53:40.198] RX< [0m[34m[ME INTP]fid=12240, shutter=11620, perf=6(us), max=254(us)!
[02:53:40.198] RX< [0m[RTMP] f_index = 12240, f_len = 17421
[02:53:40.198] RX< [7
[02:53:40.858] RX< ] [cam] [1067567][me0][me_core_thread:359]ME out fid 12240
[02:53:40.858] RX< [RTMP] slow send frame 12241 len=67327 dt=128ms (IDR)
[02:53:40.858] RX< [4] [cam] [1067778][qpc0][qpc_core_exception_check:405]discontinuous frame, now: 12257, last: 12255
[02:53:40.858] RX< [34m[AE] fid=12270,exp=11620,adg=300,Y=450
[02:53:41.858] RX< 9,mtg=180,shg=100,bgbv=1225,iso=300,cnv2,hdr0
[02:53:41.858] RX< [0m[7] [cam] [1068567][me0][me_core_thread:359]ME out fid 12270
[02:53:41.858] RX< [4] [cam] [1068645][qpc0][qpc_core_exception_check:405]discontinuous frame, now: 12283, last: 12281
[02:53:41.858] RX< [34m[AE] fid=12300,exp=11620,adg=300,Y=4493,
[02:53:42.864] RX< mtg=180,shg=100,bgbv=1221,iso=300,cnv2,hdr0
[02:53:42.864] RX< [0m[7] [cam] [1069567][me0][me_core_thread:359]ME out fid 12300
[02:53:42.864] RX< [34m[AE] fid=12330,exp=11630,adg=300,Y=4481,mtg=180,shg=100,bgbv=1217,iso=300,cnv2,hdr0
[02:53:42.864] RX< [0m[34m[b_ae0 proc] perf=1145(us), max=3072(us)!
[02:53:42.864] RX< [0m[
[02:53:43.957] RX< 34m[awb0 proc] perf=3834(us), max=4142(us)!
[02:53:43.957] RX< [0m[RTMP] f_index = 12330, f_len = 12379
[02:53:43.957] RX< [7] [cam] [1070567][me0][me_core_thread:359]ME out fid 12330
[02:53:43.957] RX< [34m[AE] fid=12360,exp=11630,adg=300,Y=4482,mtg=180,shg=100,bgbv=1217,iso=300,cnv2,hdr0
[02:53:43.957] RX< [0m[34m[ME INTP]fi
[02:53:45.208] RX< d=12360, shutter=11630, perf=21(us), max=2873(us)!
[02:53:45.208] RX< [0m[7] [cam] [1071567][me0][me_core_thread:359]ME out fid 12360
[02:53:45.208] RX< [34m[AE] fid=12390,exp=11630,adg=300,Y=4486,mtg=180,shg=100,bgbv=1217,iso=300,cnv2,hdr0
[02:53:45.208] RX< [0m[7] [cam] [1072567][me0][me_core_thread:359]ME 
[02:53:46.200] RX< out fid 12390
[02:53:46.200] RX< [34m[AE] fid=12420,exp=11620,adg=300,Y=4492,mtg=180,shg=100,bgbv=1221,iso=300,cnv2,hdr0
[02:53:46.200] RX< [0m[34m[b_ae0 proc] perf=1075(us), max=4230(us)!
[02:53:46.200] RX< [0m[34m[awb0 proc] perf=3841(us), max=4530(us)!
[02:53:46.200] RX< [0m[RTMP] f_index = 12420, f_len = 17121
[02:53:46.200] RX< [7] [cam]
[02:53:47.855] RX<  [1073566][me0][me_core_thread:359]ME out fid 12420
[02:53:47.855] RX< [34m[AE] fid=12450,exp=11620,adg=300,Y=4497,mtg=180,shg=100,bgbv=1221,iso=300,cnv2,hdr0
[02:53:47.855] RX< [0m[7] [cam] [1074566][me0][me_core_thread:359]ME out fid 12450
[02:53:47.855] RX< [34m[AE] fid=12480,exp=11610,adg=300,Y=4519,mtg=1
[02:53:48.860] RX< 80,shg=100,bgbv=1229,iso=300,cnv2,hdr0
[02:53:48.860] RX< [0m[34m[ME INTP]fid=12480, shutter=11610, perf=1869(us), max=3304(us)!
[02:53:48.860] RX< [0m[7] [cam] [1075566][me0][me_core_thread:359]ME out fid 12480
[02:53:48.860] RX< [34m[AE] fid=12510,exp=11610,adg=300,Y=4521,mtg=180,shg=100,bgbv=1229,iso=300,
[02:53:49.288] RX< cnv2,hdr0
[02:53:49.288] RX< [0m[34m[b_ae0 proc] perf=1014(us), max=4324(us)!
[02:53:49.288] RX< [0m[34m[awb0 proc] perf=3810(us), max=4491(us)!
[02:53:49.288] RX< [0m[RTMP] f_index = 12510, f_len = 17772
[02:53:49.288] RX< [7] [cam] [1076566][me0][me_core_thread:359]ME out fid 12510
[02:53:49.288] RX< [4] [cam] [1076644][qpc0][qpc_core_except
[02:53:50.854] RX< ion_check:405]discontinuous frame, now: 12523, last: 12521
[02:53:50.854] RX< [34m[AE] fid=12540,exp=11610,adg=300,Y=4513,mtg=180,shg=100,bgbv=1229,iso=300,cnv2,hdr0
[02:53:50.854] RX< [0m[7] [cam] [1077566][me0][me_core_thread:359]ME out fid 12540
[02:53:50.854] RX< [34m[AE] fid=12570,exp=11620,adg=300,Y=450
[02:53:51.859] RX< 5,mtg=180,shg=100,bgbv=1225,iso=300,cnv2,hdr0
[02:53:51.859] RX< [0m[7] [cam] [1078566][me0][me_core_thread:359]ME out fid 12570
[02:53:51.859] RX< [34m[AE] fid=12600,exp=11620,adg=300,Y=4501,mtg=180,shg=100,bgbv=1225,iso=300,cnv2,hdr0
[02:53:51.859] RX< [0m[34m[b_ae0 proc] perf=1061(us), max=4450(us)!
[02:53:51.859] RX< [0m
[02:53:52.856] RX< [34m[awb0 proc] perf=3821(us), max=5978(us)!
[02:53:52.856] RX< [0m[34m[ME INTP]fid=12600, shutter=11620, perf=6(us), max=10511(us)!
[02:53:52.856] RX< [0m[RTMP] f_index = 12600, f_len = 17217
[02:53:52.856] RX< [7] [cam] [1079566][me0][me_core_thread:359]ME out fid 12600
[02:53:52.856] RX< [34m[AE] fid=12630,exp=11620,adg=30
[02:53:54.205] RX< 0,Y=4497,mtg=180,shg=100,bgbv=1221,iso=300,cnv2,hdr0
[02:53:54.205] RX< [0m[7] [cam] [1080565][me0][me_core_thread:359]ME out fid 12630
[02:53:54.205] RX< [34m[AE] fid=12660,exp=11620,adg=300,Y=4510,mtg=180,shg=100,bgbv=1225,iso=300,cnv2,hdr0
[02:53:54.205] RX< [0m[7] [cam] [1081565][me0][me_core_thread:359]M
[02:53:55.193] RX< E out fid 12660
[02:53:55.193] RX< [34m[AE] fid=12690,exp=11620,adg=300,Y=4511,mtg=180,shg=100,bgbv=1225,iso=300,cnv2,hdr0
[02:53:55.193] RX< [0m[34m[b_ae0 proc] perf=1016(us), max=4147(us)!
[02:53:55.193] RX< [0m[34m[awb0 proc] perf=3827(us), max=4299(us)!
[02:53:55.193] RX< [0m[RTMP] f_index = 12690, f_len = 17402
[02:53:55.193] RX< [7] [ca
[02:53:56.208] RX< m] [1082565][me0][me_core_thread:359]ME out fid 12690
[02:53:56.208] RX< [34m[AE] fid=12720,exp=11620,adg=300,Y=4511,mtg=180,shg=100,bgbv=1225,iso=300,cnv2,hdr0
[02:53:56.208] RX< [0m[34m[ME INTP]fid=12720, shutter=11620, perf=7(us), max=4801(us)!
[02:53:56.208] RX< [0m[7] [cam] [1083565][me0][me_core_thread
[02:53:57.364] RX< :359]ME out fid 12720
[02:53:57.364] RX< [34m[AE] fid=12750,exp=11610,adg=300,Y=4513,mtg=180,shg=100,bgbv=1229,iso=300,cnv2,hdr0
[02:53:57.364] RX< [0m[7] [cam] [1084565][me0][me_core_thread:359]ME out fid 12750
[02:53:57.364] RX< [RTMP] slow send frame 12749 len=18098 dt=112ms
[02:53:57.364] RX< [34m[awb0 proc] perf=6074(us), 
[02:53:57.857] RX< max=6074(us)!
[02:53:57.857] RX< [0m[4] [cam] [1084776][qpc0][qpc_core_exception_check:405]discontinuous frame, now: 12767, last: 12765
[02:53:57.857] RX< [34m[AE] fid=12780,exp=11620,adg=300,Y=4501,mtg=180,shg=100,bgbv=1225,iso=300,cnv2,hdr0
[02:53:57.857] RX< [0m[34m[b_ae0 proc] perf=938(us), max=4147(us)!
[02:53:59.204] RX< 
[02:53:59.204] RX< [0m[34m[awb0 proc] perf=3833(us), max=6074(us)!
[02:53:59.204] RX< [0m[RTMP] f_index = 12780, f_len = 18397
[02:53:59.204] RX< [7] [cam] [1085565][me0][me_core_thread:359]ME out fid 12780
[02:53:59.204] RX< [34m[AE] fid=12810,exp=11620,adg=300,Y=4504,mtg=180,shg=100,bgbv=1225,iso=300,cnv2,hdr0
[02:53:59.204] RX< [0m[7] [cam
[02:54:00.191] RX< ] [1086565][me0][me_core_thread:359]ME out fid 12810
[02:54:00.191] RX< [34m[AE] fid=12840,exp=11620,adg=300,Y=4509,mtg=180,shg=100,bgbv=1225,iso=300,cnv2,hdr0
[02:54:00.191] RX< [0m[34m[ME INTP]fid=12840, shutter=11620, perf=6(us), max=2896(us)!
[02:54:00.191] RX< [0m[7] [cam] [1087564][me0][me_core_thread:
[02:54:00.855] RX< 359]ME out fid 12840
[02:54:00.855] RX< [4] [cam] [1087642][qpc0][qpc_core_exception_check:405]discontinuous frame, now: 12853, last: 12851
[02:54:00.855] RX< [34m[AE] fid=12870,exp=11620,adg=300,Y=4489,mtg=180,shg=100,bgbv=1221,iso=300,cnv2,hdr0
[02:54:00.855] RX< [0m[34m[b_ae0 proc] perf=1047(us), max=4674(
[02:54:02.202] RX< us)!
[02:54:02.202] RX< [0m[34m[awb0 proc] perf=3732(us), max=4116(us)!
[02:54:02.202] RX< [0m[RTMP] f_index = 12870, f_len = 17446
[02:54:02.202] RX< [7] [cam] [1088564][me0][me_core_thread:359]ME out fid 12870
[02:54:02.202] RX< [34m[AE] fid=12900,exp=11630,adg=300,Y=4481,mtg=180,shg=100,bgbv=1217,iso=300,cnv2,hdr0
[02:54:02.202] RX< [0m[7] 
[02:54:03.201] RX< [cam] [1089564][me0][me_core_thread:359]ME out fid 12900
[02:54:03.201] RX< [RTMP] slow send frame 12901 len=67475 dt=53ms (IDR)
[02:54:03.201] RX< [34m[AE] fid=12930,exp=11630,adg=300,Y=4463,mtg=180,shg=100,bgbv=1213,iso=300,cnv2,hdr0
[02:54:03.201] RX< [0m[7] [cam] [1090564][me0][me_core_thread:359]ME out fi
[02:54:03.949] RX< d 12930
[02:54:03.949] RX< [34m[AE] fid=12960,exp=11630,adg=300,Y=4477,mtg=180,shg=100,bgbv=1217,iso=300,cnv2,hdr0
[02:54:03.949] RX< [0m[34m[b_ae0 proc] perf=1016(us), max=3842(us)!
[02:54:03.949] RX< [0m[34m[awb0 proc] perf=3829(us), max=4674(us)!
[02:54:03.949] RX< [0m[34m[ME INTP]fid=12960, shutter=11630, perf=6(us), m
[02:54:05.201] RX< ax=1916(us)!
[02:54:05.201] RX< [0m[RTMP] f_index = 12960, f_len = 17250
[02:54:05.201] RX< [7] [cam] [1091564][me0][me_core_thread:359]ME out fid 12960
[02:54:05.201] RX< [34m[AE] fid=12990,exp=11630,adg=300,Y=4480,mtg=180,shg=100,bgbv=1217,iso=300,cnv2,hdr0
[02:54:05.201] RX< [0m[7] [cam] [1092564][me0][me_core_thread:359]ME 
[02:54:06.281] RX< out fid 12990
[02:54:06.281] RX< [34m[AE] fid=13020,exp=11630,adg=300,Y=4486,mtg=180,shg=100,bgbv=1217,iso=300,cnv2,hdr0
[02:54:06.281] RX< [0m[7] [cam] [1093564][me0][me_core_thread:359]ME out fid 13020
[02:54:06.281] RX< [34m[awb0 proc] perf=6679(us), max=6679(us)!
[02:54:06.281] RX< [0m[4] [cam] [1093641][qpc0][qpc_core_exc
[02:54:06.853] RX< eption_check:405]discontinuous frame, now: 13033, last: 13031
[02:54:06.853] RX< [34m[AE] fid=13050,exp=11630,adg=300,Y=4484,mtg=180,shg=100,bgbv=1217,iso=300,cnv2,hdr0
[02:54:06.853] RX< [0m[34m[b_ae0 proc] perf=1014(us), max=4281(us)!
[02:54:06.853] RX< [0m[34m[awb0 proc] perf=3824(us), max=6679(us)!
[02:54:06.853] RX< [0
[02:54:07.950] RX< m[RTMP] f_index = 13050, f_len = 17763
[02:54:07.950] RX< [7] [cam] [1094564][me0][me_core_thread:359]ME out fid 13050
[02:54:07.950] RX< [34m[AE] fid=13080,exp=11620,adg=300,Y=4490,mtg=180,shg=100,bgbv=1221,iso=300,cnv2,hdr0
[02:54:07.950] RX< [0m[34m[ME INTP]fid=13080, shutter=11620, perf=2208(us), max=3097
[02:54:09.852] RX< (us)!
[02:54:09.852] RX< [0m[7] [cam] [1095563][me0][me_core_thread:359]ME out fid 13080
[02:54:09.852] RX< [34m[AE] fid=13110,exp=11630,adg=300,Y=4481,mtg=180,shg=100,bgbv=1217,iso=300,cnv2,hdr0
[02:54:09.852] RX< [0m[7] [cam] [1096563][me0][me_core_thread:359]ME out fid 13110
[02:54:09.852] RX< [34m[AE] fid=13140,exp=11630,a
[02:54:10.188] RX< dg=300,Y=4479,mtg=180,shg=100,bgbv=1217,iso=300,cnv2,hdr0
[02:54:10.188] RX< [0m[34m[b_ae0 proc] perf=1076(us), max=2737(us)!
[02:54:10.188] RX< [0m[34m[awb0 proc] perf=3706(us), max=3900(us)!
[02:54:10.188] RX< [0m[RTMP] f_index = 13140, f_len = 17647
[02:54:10.188] RX< [7] [cam] [1097563][me0][me_core_thread:359]ME out fid
[02:54:11.280] RX<  13140
[02:54:11.280] RX< [34m[AE] fid=13170,exp=11630,adg=300,Y=4468,mtg=180,shg=100,bgbv=1213,iso=300,cnv2,hdr0
[02:54:11.280] RX< [0m[7] [cam] [1098563][me0][me_core_thread:359]ME out fid 13170
[02:54:11.280] RX< [34m[awb0 proc] perf=6575(us), max=6575(us)!
[02:54:11.280] RX< [0m[4] [cam] [1098641][qpc0][qpc_core_exception_
[02:54:12.188] RX< check:405]discontinuous frame, now: 13183, last: 13181
[02:54:12.188] RX< [34m[AE] fid=13200,exp=11630,adg=300,Y=4477,mtg=180,shg=100,bgbv=1217,iso=300,cnv2,hdr0
[02:54:12.188] RX< [0m[34m[ME INTP]fid=13200, shutter=11630, perf=2028(us), max=4528(us)!
[02:54:12.188] RX< [0m[7] [cam] [1099563][me0][me_core_th
[02:54:12.851] RX< read:359]ME out fid 13200
[02:54:12.851] RX< [34m[awb0 proc] perf=6449(us), max=6575(us)!
[02:54:12.851] RX< [0m[34m[AE] fid=13230,exp=11630,adg=300,Y=4479,mtg=180,shg=100,bgbv=1217,iso=300,cnv2,hdr0
[02:54:12.851] RX< [0m[34m[b_ae0 proc] perf=1024(us), max=1796(us)!
[02:54:12.851] RX< [0m[34m[awb0 proc] perf=3840(us), max
[02:54:14.198] RX< =6449(us)!
[02:54:14.198] RX< [0m[RTMP] f_index = 13230, f_len = 17669
[02:54:14.198] RX< [7] [cam] [1100563][me0][me_core_thread:359]ME out fid 13230
[02:54:14.198] RX< [34m[AE] fid=13260,exp=11630,adg=300,Y=4483,mtg=180,shg=100,bgbv=1217,iso=300,cnv2,hdr0
[02:54:14.198] RX< [0m[7] [cam] [1101563][me0][me_core_thread:359]ME ou
[02:54:15.849] RX< t fid 13260
[02:54:15.849] RX< [34m[AE] fid=13290,exp=11620,adg=300,Y=4490,mtg=180,shg=100,bgbv=1221,iso=300,cnv2,hdr0
[02:54:15.849] RX< [0m[7] [cam] [1102562][me0][me_core_thread:359]ME out fid 13290
[02:54:15.849] RX< [34m[AE] fid=13320,exp=11620,adg=300,Y=4499,mtg=180,shg=100,bgbv=1221,iso=300,cnv2,hdr0
[02:54:15.849] RX< 
[02:54:16.201] RX< [0m[34m[b_ae0 proc] perf=1016(us), max=1774(us)!
[02:54:16.201] RX< [0m[34m[awb0 proc] perf=3875(us), max=3892(us)!
[02:54:16.201] RX< [0m[34m[ME INTP]fid=13320, shutter=11620, perf=6(us), max=8846(us)!
[02:54:16.201] RX< [0m[RTMP] f_index = 13320, f_len = 11834
[02:54:16.201] RX< [7] [cam] [1103562][me0][me_core_thread:359
[02:54:17.278] RX< ]ME out fid 13320
[02:54:17.278] RX< [34m[AE] fid=13350,exp=11620,adg=300,Y=4499,mtg=180,shg=100,bgbv=1221,iso=300,cnv2,hdr0
[02:54:17.278] RX< [0m[7] [cam] [1104562][me0][me_core_thread:359]ME out fid 13350
[02:54:17.278] RX< [34m[awb0 proc] perf=6773(us), max=6773(us)!
[02:54:17.278] RX< [0m[4] [cam] [1104640][qpc0][qpc_core
[02:54:18.848] RX< _exception_check:405]discontinuous frame, now: 13363, last: 13361
[02:54:18.848] RX< [34m[AE] fid=13380,exp=11630,adg=300,Y=4485,mtg=180,shg=100,bgbv=1217,iso=300,cnv2,hdr0
[02:54:18.848] RX< [0m[7] [cam] [1105562][me0][me_core_thread:359]ME out fid 13380
[02:54:18.848] RX< [34m[AE] fid=13410,exp=11620,adg=30
[02:54:19.184] RX< 0,Y=4488,mtg=180,shg=100,bgbv=1221,iso=300,cnv2,hdr0
[02:54:19.184] RX< [0m[34m[b_ae0 proc] perf=1031(us), max=3628(us)!
[02:54:19.184] RX< [0m[34m[awb0 proc] perf=3868(us), max=6773(us)!
[02:54:19.184] RX< [0m[RTMP] f_index = 13410, f_len = 11596
[02:54:19.184] RX< [7] [cam] [1106562][me0][me_core_thread:359]ME out fid 1341
[02:54:19.943] RX< 0
[02:54:19.943] RX< [34m[awb0 proc] perf=6586(us), max=6586(us)!
[02:54:19.943] RX< [0m[4] [cam] [1106639][qpc0][qpc_core_exception_check:405]discontinuous frame, now: 13423, last: 13421
[02:54:19.943] RX< [34m[AE] fid=13440,exp=11630,adg=300,Y=4486,mtg=180,shg=100,bgbv=1217,iso=300,cnv2,hdr0
[02:54:19.943] RX< [0m[34m[ME IN
[02:54:21.196] RX< TP]fid=13440, shutter=11630, perf=6(us), max=11009(us)!
[02:54:21.196] RX< [0m[7] [cam] [1107562][me0][me_core_thread:359]ME out fid 13440
[02:54:21.196] RX< [34m[AE] fid=13470,exp=11620,adg=300,Y=4492,mtg=180,shg=100,bgbv=1221,iso=300,cnv2,hdr0
[02:54:21.196] RX< [0m[7] [cam] [1108562][me0][me_core_thread:35
[02:54:22.184] RX< 9]ME out fid 13470
[02:54:22.184] RX< [34m[AE] fid=13500,exp=11620,adg=300,Y=4499,mtg=180,shg=100,bgbv=1221,iso=300,cnv2,hdr0
[02:54:22.184] RX< [0m[34m[b_ae0 proc] perf=1151(us), max=2271(us)!
[02:54:22.184] RX< [0m[34m[awb0 proc] perf=3822(us), max=6586(us)!
[02:54:22.184] RX< [0m[RTMP] f_index = 13500, f_len = 17712
[02:54:22.184] RX< [7] 
[02:54:23.842] RX< [cam] [1109561][me0][me_core_thread:359]ME out fid 13500
[02:54:23.842] RX< [34m[AE] fid=13530,exp=11610,adg=300,Y=4519,mtg=180,shg=100,bgbv=1229,iso=300,cnv2,hdr0
[02:54:23.842] RX< [0m[7] [cam] [1110561][me0][me_core_thread:359]ME out fid 13530
[02:54:23.842] RX< [34m[AE] fid=13560,exp=11540,adg=300,Y=4497,
[02:54:24.847] RX< mtg=180,shg=100,bgbv=1230,iso=300,cnv2,hdr0
[02:54:24.847] RX< [0m[34m[ME INTP]fid=13560, shutter=11540, perf=6(us), max=2761(us)!
[02:54:24.847] RX< [0m[7] [cam] [1111561][me0][me_core_thread:359]ME out fid 13560
[02:54:24.847] RX< [34m[AE] fid=13590,exp=11540,adg=300,Y=4510,mtg=180,shg=100,bgbv=1234,iso=30
[02:54:25.841] RX< 0,cnv2,hdr0
[02:54:25.841] RX< [0m[34m[b_ae0 proc] perf=1015(us), max=3385(us)!
[02:54:25.841] RX< [0m[34m[awb0 proc] perf=3835(us), max=4532(us)!
[02:54:25.841] RX< [0m[RTMP] f_index = 13590, f_len = 17050
[02:54:25.841] RX< [7] [cam] [1112561][me0][me_core_thread:359]ME out fid 13590
[02:54:25.841] RX< [34m[AE] fid=13620,exp=11540,adg=300,Y
[02:54:27.193] RX< =4488,mtg=180,shg=100,bgbv=1230,iso=300,cnv2,hdr0
[02:54:27.193] RX< [0m[7] [cam] [1113561][me0][me_core_thread:359]ME out fid 13620
[02:54:27.193] RX< [RTMP] slow send frame 13622 len=23323 dt=73ms
[02:54:27.193] RX< [34m[AE] fid=13650,exp=11540,adg=300,Y=4494,mtg=180,shg=100,bgbv=1230,iso=300,cnv2,hdr0
[02:54:27.193] RX< [0m[
[02:54:27.940] RX< 7] [cam] [1114561][me0][me_core_thread:359]ME out fid 13650
[02:54:27.940] RX< [34m[AE] fid=13680,exp=11540,adg=300,Y=4488,mtg=180,shg=100,bgbv=1230,iso=300,cnv2,hdr0
[02:54:27.940] RX< [0m[34m[b_ae0 proc] perf=1028(us), max=4151(us)!
[02:54:27.940] RX< [0m[34m[awb0 proc] perf=3808(us), max=5941(us)!
[02:54:27.940] RX< [0m
[02:54:28.840] RX< [34m[ME INTP]fid=13680, shutter=11540, perf=5(us), max=253(us)!
[02:54:28.840] RX< [0m[RTMP] f_index = 13680, f_len = 17274
[02:54:28.840] RX< [7] [cam] [1115561][me0][me_core_thread:359]ME out fid 13680
[02:54:28.840] RX< [34m[awb0 proc] perf=6153(us), max=6153(us)!
[02:54:28.840] RX< [0m[34m[AE] fid=13710,exp=11540,adg=300,Y
[02:54:30.192] RX< =4496,mtg=180,shg=100,bgbv=1230,iso=300,cnv2,hdr0
[02:54:30.192] RX< [0m[7] [cam] [1116561][me0][me_core_thread:359]ME out fid 13710
[02:54:30.192] RX< [34m[AE] fid=13740,exp=11540,adg=300,Y=4495,mtg=180,shg=100,bgbv=1230,iso=300,cnv2,hdr0
[02:54:30.192] RX< [0m[7] [cam] [1117560][me0][me_core_thread:359]ME o
[02:54:31.181] RX< ut fid 13740
[02:54:31.181] RX< [34m[AE] fid=13770,exp=11540,adg=300,Y=4492,mtg=180,shg=100,bgbv=1230,iso=300,cnv2,hdr0
[02:54:31.181] RX< [0m[34m[b_ae0 proc] perf=1138(us), max=3514(us)!
[02:54:31.181] RX< [0m[34m[awb0 proc] perf=3709(us), max=6153(us)!
[02:54:31.181] RX< [0m[RTMP] f_index = 13770, f_len = 16862
[02:54:31.181] RX< [7] [cam] 
[02:54:32.179] RX< [1118560][me0][me_core_thread:359]ME out fid 13770
[02:54:32.179] RX< [34m[AE] fid=13800,exp=11540,adg=300,Y=4494,mtg=180,shg=100,bgbv=1230,iso=300,cnv2,hdr0
[02:54:32.179] RX< [0m[34m[ME INTP]fid=13800, shutter=11540, perf=6(us), max=238(us)!
[02:54:32.179] RX< [0m[7] [cam] [1119560][me0][me_core_thread:359
[02:54:33.843] RX< ]ME out fid 13800
[02:54:33.843] RX< [RTMP] slow send frame 13801 len=67518 dt=72ms (IDR)
[02:54:33.843] RX< [34m[AE] fid=13830,exp=11540,adg=300,Y=4489,mtg=180,shg=100,bgbv=1230,iso=300,cnv2,hdr0
[02:54:33.843] RX< [0m[7] [cam] [1120560][me0][me_core_thread:359]ME out fid 13830
[02:54:33.843] RX< [34m[AE] fid=13860,exp=11540,a
[02:54:34.180] RX< dg=300,Y=4494,mtg=180,shg=100,bgbv=1230,iso=300,cnv2,hdr0
[02:54:34.180] RX< [0m[34m[b_ae0 proc] perf=1012(us), max=3011(us)!
[02:54:34.180] RX< [0m[34m[awb0 proc] perf=3812(us), max=4547(us)!
[02:54:34.180] RX< [0m[RTMP] f_index = 13860, f_len = 17547
[02:54:34.180] RX< [7] [cam] [1121560][me0][me_core_thread:359]ME out fid
[02:54:35.937] RX<  13860
[02:54:35.937] RX< [34m[AE] fid=13890,exp=11540,adg=300,Y=4493,mtg=180,shg=100,bgbv=1230,iso=300,cnv2,hdr0
[02:54:35.937] RX< [0m[7] [cam] [1122560][me0][me_core_thread:359]ME out fid 13890
[02:54:35.937] RX< [34m[AE] fid=13920,exp=11550,adg=300,Y=4482,mtg=180,shg=100,bgbv=1226,iso=300,cnv2,hdr0
[02:54:35.937] RX< [0m[
[02:54:36.842] RX< 34m[ME INTP]fid=13920, shutter=11550, perf=5(us), max=254(us)!
[02:54:36.842] RX< [0m[7] [cam] [1123560][me0][me_core_thread:359]ME out fid 13920
[02:54:36.842] RX< [34m[AE] fid=13950,exp=11550,adg=300,Y=4484,mtg=180,shg=100,bgbv=1226,iso=300,cnv2,hdr0
[02:54:36.842] RX< [0m[34m[b_ae0 proc] perf=1026(us), ma
[02:54:37.270] RX< x=3173(us)!
[02:54:37.270] RX< [0m[34m[awb0 proc] perf=3808(us), max=4672(us)!
[02:54:37.270] RX< [0m[RTMP] f_index = 13950, f_len = 11825
[02:54:37.270] RX< [7] [cam] [1124559][me0][me_core_thread:359]ME out fid 13950
[02:54:37.270] RX< [4] [cam] [1124637][qpc0][qpc_core_exception_check:405]discontinuous frame, now: 13963, la
[02:54:38.837] RX< st: 13961
[02:54:38.837] RX< [34m[AE] fid=13980,exp=11550,adg=300,Y=4485,mtg=180,shg=100,bgbv=1226,iso=300,cnv2,hdr0
[02:54:38.837] RX< [0m[7] [cam] [1125559][me0][me_core_thread:359]ME out fid 13980
[02:54:38.837] RX< [34m[AE] fid=14010,exp=11550,adg=300,Y=4486,mtg=180,shg=100,bgbv=1226,iso=300,cnv2,hdr0
[02:54:38.837] RX< [0
[02:54:39.841] RX< m[7] [cam] [1126559][me0][me_core_thread:359]ME out fid 14010
[02:54:39.841] RX< [34m[AE] fid=14040,exp=11550,adg=300,Y=4486,mtg=180,shg=100,bgbv=1226,iso=300,cnv2,hdr0
[02:54:39.841] RX< [0m[34m[b_ae0 proc] perf=1017(us), max=3269(us)!
[02:54:39.841] RX< [0m[34m[awb0 proc] perf=3723(us), max=3884(us)!
[02:54:39.841] RX< [0
[02:54:40.270] RX< m[34m[ME INTP]fid=14040, shutter=11550, perf=6(us), max=355(us)!
[02:54:40.270] RX< [0m[RTMP] f_index = 14040, f_len = 11504
[02:54:40.270] RX< [7] [cam] [1127559][me0][me_core_thread:359]ME out fid 14040
[02:54:40.270] RX< [34m[awb0 proc] perf=6338(us), max=6338(us)!
[02:54:40.270] RX< [0m[4] [cam] [1127637][qpc0][qpc_core_ex
[02:54:41.220] RX< ception_check:405]discontinuous frame, now: 14053, last: 14051
[02:54:41.220] RX< [34m[AE] fid=14070,exp=11550,adg=300,Y=4480,mtg=180,shg=100,bgbv=1226,iso=300,cnv2,hdr0
[02:54:41.220] RX< [0m[7] [cam] [1128559][me0][me_core_thread:359]ME out fid 14070
[02:54:41.220] RX< [34m[awb0 proc] perf=6665(us), max=666
[02:54:42.188] RX< 5(us)!
[02:54:42.188] RX< [0m[4] [cam] [1128636][qpc0][qpc_core_exception_check:405]discontinuous frame, now: 14083, last: 14081
[02:54:42.188] RX< [34m[AE] fid=14100,exp=11550,adg=300,Y=4476,mtg=180,shg=100,bgbv=1226,iso=300,cnv2,hdr0
[02:54:42.188] RX< [0m[7] [cam] [1129559][me0][me_core_thread:359]ME out f
[02:54:43.177] RX< id 14100
[02:54:43.177] RX< [34m[AE] fid=14130,exp=11550,adg=300,Y=4479,mtg=180,shg=100,bgbv=1226,iso=300,cnv2,hdr0
[02:54:43.177] RX< [0m[34m[b_ae0 proc] perf=1024(us), max=3660(us)!
[02:54:43.177] RX< [0m[34m[awb0 proc] perf=3842(us), max=6665(us)!
[02:54:43.177] RX< [0m[RTMP] f_index = 14130, f_len = 17079
[02:54:43.177] RX< [7] [cam] [113
[02:54:43.935] RX< 0559][me0][me_core_thread:359]ME out fid 14130
[02:54:43.935] RX< [RTMP] slow send frame 14131 len=67580 dt=51ms (IDR)
[02:54:43.935] RX< [34m[AE] fid=14160,exp=11550,adg=300,Y=4477,mtg=180,shg=100,bgbv=1226,iso=300,cnv2,hdr0
[02:54:43.935] RX< [0m[34m[ME INTP]fid=14160, shutter=11550, perf=6(us), max=237(us)
[02:54:45.839] RX< !
[02:54:45.839] RX< [0m[7] [cam] [1131558][me0][me_core_thread:359]ME out fid 14160
[02:54:45.839] RX< [34m[AE] fid=14190,exp=11550,adg=300,Y=4477,mtg=180,shg=100,bgbv=1226,iso=300,cnv2,hdr0
[02:54:45.839] RX< [0m[7] [cam] [1132558][me0][me_core_thread:359]ME out fid 14190
[02:54:45.839] RX< [34m[AE] fid=14220,exp=11550,adg=3
[02:54:46.175] RX< 00,Y=4475,mtg=180,shg=100,bgbv=1226,iso=300,cnv2,hdr0
[02:54:46.175] RX< [0m[34m[b_ae0 proc] perf=1025(us), max=2975(us)!
[02:54:46.175] RX< [0m[34m[awb0 proc] perf=3825(us), max=3988(us)!
[02:54:46.175] RX< [0m[RTMP] f_index = 14220, f_len = 17723
[02:54:46.175] RX< [7] [cam] [1133558][me0][me_core_thread:359]ME out fid 142
[02:54:47.934] RX< 20
[02:54:47.934] RX< [34m[AE] fid=14250,exp=11550,adg=300,Y=4476,mtg=180,shg=100,bgbv=1226,iso=300,cnv2,hdr0
[02:54:47.934] RX< [0m[7] [cam] [1134558][me0][me_core_thread:359]ME out fid 14250
[02:54:47.934] RX< [34m[AE] fid=14280,exp=11550,adg=300,Y=4480,mtg=180,shg=100,bgbv=1226,iso=300,cnv2,hdr0
[02:54:47.934] RX< [0m[34m[
[02:54:48.838] RX< ME INTP]fid=14280, shutter=11550, perf=6(us), max=855(us)!
[02:54:48.838] RX< [0m[7] [cam] [1135558][me0][me_core_thread:359]ME out fid 14280
[02:54:48.838] RX< [34m[AE] fid=14310,exp=11550,adg=300,Y=4480,mtg=180,shg=100,bgbv=1226,iso=300,cnv2,hdr0
[02:54:48.838] RX< [0m[34m[b_ae0 proc] perf=1040(us), max=40
[02:54:50.185] RX< 75(us)!
[02:54:50.185] RX< [0m[34m[awb0 proc] perf=3725(us), max=4814(us)!
[02:54:50.185] RX< [0m[RTMP] f_index = 14310, f_len = 17498
[02:54:50.185] RX< [7] [cam] [1136558][me0][me_core_thread:359]ME out fid 14310
[02:54:50.185] RX< [34m[AE] fid=14340,exp=11550,adg=300,Y=4477,mtg=180,shg=100,bgbv=1226,iso=300,cnv2,hdr0
[02:54:50.185] RX< [0m[
[02:54:50.833] RX< 7] [cam] [1137558][me0][me_core_thread:359]ME out fid 14340
[02:54:50.833] RX< [34m[awb0 proc] perf=6645(us), max=6645(us)!
[02:54:50.833] RX< [0m[4] [cam] [1137635][qpc0][qpc_core_exception_check:405]discontinuous frame, now: 14353, last: 14351
[02:54:50.833] RX< [34m[AE] fid=14370,exp=11550,adg=300,Y=4480,m
[02:54:51.837] RX< tg=180,shg=100,bgbv=1226,iso=300,cnv2,hdr0
[02:54:51.837] RX< [0m[7] [cam] [1138558][me0][me_core_thread:359]ME out fid 14370
[02:54:51.837] RX< [34m[AE] fid=14400,exp=11550,adg=300,Y=4477,mtg=180,shg=100,bgbv=1226,iso=300,cnv2,hdr0
[02:54:51.837] RX< [0m[34m[b_ae0 proc] perf=1085(us), max=3383(us)!
[02:54:51.837] RX< [0m[3
[02:54:52.832] RX< 4m[awb0 proc] perf=3830(us), max=6645(us)!
[02:54:52.832] RX< [0m[34m[ME INTP]fid=14400, shutter=11550, perf=7(us), max=252(us)!
[02:54:52.832] RX< [0m[RTMP] f_index = 14400, f_len = 11389
[02:54:52.832] RX< [7] [cam] [1139557][me0][me_core_thread:359]ME out fid 14400
[02:54:52.832] RX< [34m[AE] fid=14430,exp=11550,adg=300,Y=4
[02:54:54.184] RX< 476,mtg=180,shg=100,bgbv=1226,iso=300,cnv2,hdr0
[02:54:54.184] RX< [0m[7] [cam] [1140557][me0][me_core_thread:359]ME out fid 14430
[02:54:54.184] RX< [34m[AE] fid=14460,exp=11550,adg=300,Y=4476,mtg=180,shg=100,bgbv=1226,iso=300,cnv2,hdr0
[02:54:54.184] RX< [0m[7] [cam] [1141557][me0][me_core_thread:359]ME out
[02:54:55.173] RX<  fid 14460
[02:54:55.173] RX< [34m[AE] fid=14490,exp=11550,adg=300,Y=4479,mtg=180,shg=100,bgbv=1226,iso=300,cnv2,hdr0
[02:54:55.173] RX< [0m[34m[b_ae0 proc] perf=1022(us), max=1761(us)!
[02:54:55.173] RX< [0m[34m[awb0 proc] perf=3840(us), max=4397(us)!
[02:54:55.173] RX< [0m[RTMP] f_index = 14490, f_len = 11490
[02:54:55.173] RX< [7] [cam] [1
[02:54:56.172] RX< 142557][me0][me_core_thread:359]ME out fid 14490
[02:54:56.172] RX< [34m[AE] fid=14520,exp=11550,adg=300,Y=4481,mtg=180,shg=100,bgbv=1226,iso=300,cnv2,hdr0
[02:54:56.172] RX< [0m[34m[ME INTP]fid=14520, shutter=11550, perf=6(us), max=7085(us)!
[02:54:56.172] RX< [0m[7] [cam] [1143557][me0][me_core_thread:359]
[02:54:57.835] RX< ME out fid 14520
[02:54:57.835] RX< [RTMP] slow send frame 14522 len=16429 dt=54ms
[02:54:57.835] RX< [34m[AE] fid=14550,exp=11550,adg=300,Y=4483,mtg=180,shg=100,bgbv=1226,iso=300,cnv2,hdr0
[02:54:57.835] RX< [0m[7] [cam] [1144557][me0][me_core_thread:359]ME out fid 14550
[02:54:57.835] RX< [34m[AE] fid=14580,exp=11550,adg=300,
[02:54:58.171] RX< Y=4475,mtg=180,shg=100,bgbv=1226,iso=300,cnv2,hdr0
[02:54:58.171] RX< [0m[34m[b_ae0 proc] perf=1013(us), max=4519(us)!
[02:54:58.171] RX< [0m[34m[awb0 proc] perf=3823(us), max=4128(us)!
[02:54:58.171] RX< [0m[RTMP] f_index = 14580, f_len = 17728
[02:54:58.171] RX< [7] [cam] [1145557][me0][me_core_thread:359]ME out fid 14580
[02:54:59.932] RX< [34m[AE] fid=14610,exp=11560,adg=300,Y=4472,mtg=180,shg=100,bgbv=1222,iso=300,cnv2,hdr0
[02:54:59.932] RX< [0m[7] [cam] [1146556][me0][me_core_thread:359]ME out fid 14610
[02:54:59.932] RX< [34m[AE] fid=14640,exp=11560,adg=300,Y=4472,mtg=180,shg=100,bgbv=1222,iso=300,cnv2,hdr0
[02:54:59.932] RX< [0m[34m[ME 
[02:55:00.835] RX< INTP]fid=14640, shutter=11560, perf=1981(us), max=3372(us)!
[02:55:00.835] RX< [0m[7] [cam] [1147556][me0][me_core_thread:359]ME out fid 14640
[02:55:00.835] RX< [34m[AE] fid=14670,exp=11560,adg=300,Y=4466,mtg=180,shg=100,bgbv=1222,iso=300,cnv2,hdr0
[02:55:00.835] RX< [0m[34m[b_ae0 proc] perf=1133(us), max=1
[02:55:01.829] RX< 133(us)!
[02:55:01.829] RX< [0m[34m[awb0 proc] perf=3841(us), max=4062(us)!
[02:55:01.829] RX< [0m[RTMP] f_index = 14670, f_len = 17822
[02:55:01.829] RX< [7] [cam] [1148556][me0][me_core_thread:359]ME out fid 14670
[02:55:01.829] RX< [34m[awb0 proc] perf=6066(us), max=6066(us)!
[02:55:01.829] RX< [0m[34m[AE] fid=14700,exp=11560,adg=300,Y=446
[02:55:03.181] RX< 9,mtg=180,shg=100,bgbv=1222,iso=300,cnv2,hdr0
[02:55:03.181] RX< [0m[7] [cam] [1149556][me0][me_core_thread:359]ME out fid 14700
[02:55:03.181] RX< [34m[AE] fid=14730,exp=11560,adg=300,Y=4473,mtg=180,shg=100,bgbv=1222,iso=300,cnv2,hdr0
[02:55:03.181] RX< [0m[7] [cam] [1150556][me0][me_core_thread:359]ME out f
[02:55:03.834] RX< id 14730
[02:55:03.834] RX< [34m[awb0 proc] perf=6187(us), max=6187(us)!
[02:55:03.834] RX< [0m[4] [cam] [1150633][qpc0][qpc_core_exception_check:405]discontinuous frame, now: 14743, last: 14741
[02:55:03.834] RX< [34m[AE] fid=14760,exp=11560,adg=300,Y=4463,mtg=180,shg=100,bgbv=1222,iso=300,cnv2,hdr0
[02:55:03.834] RX< [0m[34
[02:55:04.185] RX< m[b_ae0 proc] perf=1014(us), max=2095(us)!
[02:55:04.185] RX< [0m[34m[awb0 proc] perf=3826(us), max=6187(us)!
[02:55:04.185] RX< [0m[34m[ME INTP]fid=14760, shutter=11560, perf=237(us), max=5421(us)!
[02:55:04.185] RX< [0m[RTMP] f_index = 14760, f_len = 12494
[02:55:04.185] RX< [7] [cam] [1151556][me0][me_core_thread:359]ME o
[02:55:05.261] RX< ut fid 14760
[02:55:05.261] RX< [RTMP] slow send frame 14761 len=68061 dt=57ms (IDR)
[02:55:05.261] RX< [34m[AE] fid=14790,exp=11570,adg=300,Y=4461,mtg=180,shg=100,bgbv=1218,iso=300,cnv2,hdr0
[02:55:05.261] RX< [0m[7] [cam] [1152556][me0][me_core_thread:359]ME out fid 14790
[02:55:05.261] RX< [RTMP] slow send frame 14792 len=234
[02:55:06.835] RX< 59 dt=52ms
[02:55:06.835] RX< [RTMP] slow send frame 14793 len=6528 dt=105ms
[02:55:06.835] RX< [34m[AE] fid=14820,exp=11570,adg=300,Y=4461,mtg=180,shg=100,bgbv=1218,iso=300,cnv2,hdr0
[02:55:06.835] RX< [0m[7] [cam] [1153556][me0][me_core_thread:359]ME out fid 14820
[02:55:06.835] RX< [34m[AE] fid=14850,exp=11570,adg=300,Y=4454
[02:55:07.827] RX< ,mtg=180,shg=100,bgbv=1218,iso=300,cnv2,hdr0
[02:55:07.827] RX< [0m[34m[b_ae0 proc] perf=1051(us), max=2350(us)!
[02:55:07.827] RX< [0m[34m[awb0 proc] perf=3813(us), max=4437(us)!
[02:55:07.827] RX< [0m[RTMP] f_index = 14850, f_len = 17720
[02:55:07.827] RX< [7] [cam] [1154555][me0][me_core_thread:359]ME out fid 14850
[02:55:07.827] RX< [34m[
[02:55:08.216] RX< AE] fid=14880,exp=11600,adg=300,Y=4461,mtg=180,shg=100,bgbv=1214,iso=300,cnv2,hdr0
[02:55:08.216] RX< [0m[34m[ME INTP]fid=14880, shutter=11600, perf=6(us), max=2744(us)!
[02:55:08.216] RX< [0m[7] [cam] [1155555][me0][me_core_thread:359]ME out fid 14880
[02:55:08.216] RX< [34m[awb0 proc] perf=6154(us), max=61
[02:55:09.180] RX< 54(us)!
[02:55:09.180] RX< [0m[4] [cam] [1155633][qpc0][qpc_core_exception_check:405]discontinuous frame, now: 14893, last: 14891
[02:55:09.180] RX< [34m[AE] fid=14910,exp=11600,adg=300,Y=4459,mtg=180,shg=100,bgbv=1214,iso=300,cnv2,hdr0
[02:55:09.180] RX< [0m[7] [cam] [1156555][me0][me_core_thread:359]ME out 
[02:55:10.167] RX< fid 14910
[02:55:10.167] RX< [34m[AE] fid=14940,exp=11600,adg=300,Y=4454,mtg=180,shg=100,bgbv=1214,iso=300,cnv2,hdr0
[02:55:10.167] RX< [0m[34m[b_ae0 proc] perf=1015(us), max=3512(us)!
[02:55:10.167] RX< [0m[34m[awb0 proc] perf=3706(us), max=6154(us)!
[02:55:10.167] RX< [0m[RTMP] f_index = 14940, f_len = 11583
[02:55:10.167] RX< [7] [cam] [11
[02:55:11.180] RX< 57555][me0][me_core_thread:359]ME out fid 14940
[02:55:11.180] RX< [4] [cam] [1157632][qpc0][qpc_core_exception_check:405]discontinuous frame, now: 14953, last: 14951
[02:55:11.180] RX< [34m[AE] fid=14970,exp=11640,adg=300,Y=4460,mtg=180,shg=100,bgbv=1209,iso=300,cnv2,hdr0
[02:55:11.180] RX< [0m[7] [cam] [1158
[02:55:12.167] RX< 555][me0][me_core_thread:359]ME out fid 14970
[02:55:12.167] RX< [34m[AE] fid=15000,exp=11630,adg=300,Y=4480,mtg=180,shg=100,bgbv=1217,iso=300,cnv2,hdr0
[02:55:12.167] RX< [0m[34m[ME INTP]fid=15000, shutter=11630, perf=6(us), max=12348(us)!
[02:55:12.167] RX< [0m[7] [cam] [1159555][me0][me_core_thread:359]ME
[02:55:13.167] RX<  out fid 15000
[02:55:13.167] RX< [34m[AE] fid=15030,exp=11630,adg=300,Y=4487,mtg=180,shg=100,bgbv=1217,iso=300,cnv2,hdr0
[02:55:13.167] RX< [0m[34m[b_ae0 proc] perf=1017(us), max=1527(us)!
[02:55:13.167] RX< [0m[34m[awb0 proc] perf=3882(us), max=4234(us)!
[02:55:13.167] RX< [0m[RTMP] f_index = 15030, f_len = 12313
[02:55:13.167] RX< [7] [cam
[02:55:14.258] RX< ] [1160555][me0][me_core_thread:359]ME out fid 15030
[02:55:14.258] RX< [34m[AE] fid=15060,exp=11630,adg=300,Y=4484,mtg=180,shg=100,bgbv=1217,iso=300,cnv2,hdr0
[02:55:14.258] RX< [0m[7] [cam] [1161554][me0][me_core_thread:359]ME out fid 15060
[02:55:14.258] RX< [RTMP] slow send frame 15061 len=67983 dt=83ms (I
[02:55:15.337] RX< DR)
[02:55:15.337] RX< [34m[AE] fid=15090,exp=11630,adg=300,Y=4481,mtg=180,shg=100,bgbv=1217,iso=300,cnv2,hdr0
[02:55:15.337] RX< [0m[7] [cam] [1162554][me0][me_core_thread:359]ME out fid 15090
[02:55:15.337] RX< [RTMP] slow send frame 15091 len=68037 dt=138ms (IDR)
[02:55:15.337] RX< [34m[awb0 proc] perf=6305(us), max=6305(us)
[02:55:15.830] RX< !
[02:55:15.830] RX< [0m[4] [cam] [1162766][qpc0][qpc_core_exception_check:405]discontinuous frame, now: 15107, last: 15105
[02:55:15.830] RX< [34m[AE] fid=15120,exp=11620,adg=300,Y=4494,mtg=180,shg=100,bgbv=1221,iso=300,cnv2,hdr0
[02:55:15.830] RX< [0m[34m[b_ae0 proc] perf=1028(us), max=2270(us)!
[02:55:15.830] RX< [0m[34m
[02:55:16.824] RX< [awb0 proc] perf=3824(us), max=6305(us)!
[02:55:16.824] RX< [0m[34m[ME INTP]fid=15120, shutter=11620, perf=6(us), max=1049(us)!
[02:55:16.824] RX< [0m[RTMP] f_index = 15120, f_len = 17721
[02:55:16.824] RX< [7] [cam] [1163554][me0][me_core_thread:359]ME out fid 15120
[02:55:16.824] RX< [34m[AE] fid=15150,exp=11620,adg=300,Y=45
[02:55:18.176] RX< 00,mtg=180,shg=100,bgbv=1225,iso=300,cnv2,hdr0
[02:55:18.176] RX< [0m[7] [cam] [1164554][me0][me_core_thread:359]ME out fid 15150
[02:55:18.176] RX< [34m[AE] fid=15180,exp=11620,adg=300,Y=4499,mtg=180,shg=100,bgbv=1221,iso=300,cnv2,hdr0
[02:55:18.176] RX< [0m[RTMP] slow send frame 15175 len=11916 dt=70ms
[02:55:18.176] RX< [7] 
[02:55:19.149] RX< [cam] [1165554][me0][me_core_thread:359]ME out fid 15180
[02:55:19.149] RX< [34m[AE] fid=15210,exp=11620,adg=300,Y=4497,mtg=180,shg=100,bgbv=1221,iso=300,cnv2,hdr0
[02:55:19.149] RX< [0m[34m[b_ae0 proc] perf=1033(us), max=2179(us)!
[02:55:19.149] RX< [0m[34m[awb0 proc] perf=3699(us), max=4341(us)!
[02:55:19.149] RX< [0m[RTM
[02:55:19.926] RX< P] f_index = 15210, f_len = 12171
[02:55:19.926] RX< [7] [cam] [1166554][me0][me_core_thread:359]ME out fid 15210
[02:55:19.926] RX< [34m[AE] fid=15240,exp=11620,adg=300,Y=4509,mtg=180,shg=100,bgbv=1225,iso=300,cnv2,hdr0
[02:55:19.926] RX< [0m[34m[ME INTP]fid=15240, shutter=11620, perf=1870(us), max=2411(us)!
[02:55:20.824] RX< 
[02:55:20.824] RX< [0m[7] [cam] [1167554][me0][me_core_thread:359]ME out fid 15240
[02:55:20.824] RX< [4] [cam] [1167631][qpc0][qpc_core_exception_check:405]discontinuous frame, now: 15253, last: 15251
[02:55:20.824] RX< [34m[AE] fid=15270,exp=11620,adg=300,Y=4497,mtg=180,shg=100,bgbv=1221,iso=300,cnv2,hdr0
[02:55:20.824] RX< 
[02:55:21.830] RX< [0m[7] [cam] [1168553][me0][me_core_thread:359]ME out fid 15270
[02:55:21.830] RX< [34m[AE] fid=15300,exp=11620,adg=300,Y=4493,mtg=180,shg=100,bgbv=1221,iso=300,cnv2,hdr0
[02:55:21.830] RX< [0m[34m[b_ae0 proc] perf=1124(us), max=3856(us)!
[02:55:21.830] RX< [0m[34m[awb0 proc] perf=3911(us), max=5752(us)!
[02:55:21.830] RX< 
[02:55:22.823] RX< [0m[RTMP] f_index = 15300, f_len = 12074
[02:55:22.823] RX< [7] [cam] [1169553][me0][me_core_thread:359]ME out fid 15300
[02:55:22.823] RX< [4] [cam] [1169631][qpc0][qpc_core_exception_check:405]discontinuous frame, now: 15313, last: 15311
[02:55:22.823] RX< [34m[AE] fid=15330,exp=11620,adg=300,Y=4489,mtg=180,s
[02:55:23.922] RX< hg=100,bgbv=1221,iso=300,cnv2,hdr0
[02:55:23.922] RX< [0m[7] [cam] [1170553][me0][me_core_thread:359]ME out fid 15330
[02:55:23.922] RX< [34m[AE] fid=15360,exp=11620,adg=300,Y=4491,mtg=180,shg=100,bgbv=1221,iso=300,cnv2,hdr0
[02:55:23.922] RX< [0m[34m[ME INTP]fid=15360, shutter=11620, perf=6(us), max=8256(us
[02:55:24.829] RX< )!
[02:55:24.829] RX< [0m[7] [cam] [1171553][me0][me_core_thread:359]ME out fid 15360
[02:55:24.829] RX< [34m[AE] fid=15390,exp=11620,adg=300,Y=4498,mtg=180,shg=100,bgbv=1221,iso=300,cnv2,hdr0
[02:55:24.829] RX< [0m[34m[b_ae0 proc] perf=1032(us), max=2139(us)!
[02:55:24.829] RX< [0m[34m[awb0 proc] perf=3785(us), max=3911(us
[02:55:26.175] RX< )!
[02:55:26.175] RX< [0m[RTMP] f_index = 15390, f_len = 12055
[02:55:26.175] RX< [7] [cam] [1172553][me0][me_core_thread:359]ME out fid 15390
[02:55:26.175] RX< [34m[AE] fid=15420,exp=11620,adg=300,Y=4504,mtg=180,shg=100,bgbv=1225,iso=300,cnv2,hdr0
[02:55:26.175] RX< [0m[7] [cam] [1173553][me0][me_core_thread:359]ME out fid 15
[02:55:27.826] RX< 420
[02:55:27.826] RX< [34m[AE] fid=15450,exp=11620,adg=300,Y=4499,mtg=180,shg=100,bgbv=1221,iso=300,cnv2,hdr0
[02:55:27.826] RX< [0m[7] [cam] [1174553][me0][me_core_thread:359]ME out fid 15450
[02:55:27.826] RX< [34m[AE] fid=15480,exp=11620,adg=300,Y=4498,mtg=180,shg=100,bgbv=1221,iso=300,cnv2,hdr0
[02:55:27.826] RX< [0m[34m
[02:55:28.178] RX< [b_ae0 proc] perf=1015(us), max=3515(us)!
[02:55:28.178] RX< [0m[34m[awb0 proc] perf=3862(us), max=5205(us)!
[02:55:28.178] RX< [0m[34m[ME INTP]fid=15480, shutter=11620, perf=6(us), max=2426(us)!
[02:55:28.178] RX< [0m[RTMP] f_index = 15480, f_len = 12013
[02:55:28.178] RX< [7] [cam] [1175553][me0][me_core_thread:359]ME out 
[02:55:29.821] RX< fid 15480
[02:55:29.821] RX< [34m[AE] fid=15510,exp=11620,adg=300,Y=4502,mtg=180,shg=100,bgbv=1225,iso=300,cnv2,hdr0
[02:55:29.821] RX< [0m[7] [cam] [1176552][me0][me_core_thread:359]ME out fid 15510
[02:55:29.821] RX< [34m[AE] fid=15540,exp=11620,adg=300,Y=4505,mtg=180,shg=100,bgbv=1225,iso=300,cnv2,hdr0
[02:55:29.821] RX< [0
[02:55:30.825] RX< m[7] [cam] [1177552][me0][me_core_thread:359]ME out fid 15540
[02:55:30.825] RX< [34m[AE] fid=15570,exp=11630,adg=300,Y=4486,mtg=180,shg=100,bgbv=1217,iso=300,cnv2,hdr0
[02:55:30.825] RX< [0m[34m[b_ae0 proc] perf=1094(us), max=3380(us)!
[02:55:30.825] RX< [0m[34m[awb0 proc] perf=3877(us), max=4673(us)!
[02:55:30.825] RX< [0
[02:55:31.820] RX< m[RTMP] f_index = 15570, f_len = 12235
[02:55:31.820] RX< [7] [cam] [1178552][me0][me_core_thread:359]ME out fid 15570
[02:55:31.820] RX< [34m[awb0 proc] perf=6678(us), max=6678(us)!
[02:55:31.820] RX< [0m[4] [cam] [1178630][qpc0][qpc_core_exception_check:405]discontinuous frame, now: 15583, last: 15581
[02:55:31.820] RX< [34m[
[02:55:32.820] RX< AE] fid=15600,exp=11630,adg=300,Y=4481,mtg=180,shg=100,bgbv=1217,iso=300,cnv2,hdr0
[02:55:32.820] RX< [0m[34m[ME INTP]fid=15600, shutter=11630, perf=6(us), max=2154(us)!
[02:55:32.820] RX< [0m[7] [cam] [1179552][me0][me_core_thread:359]ME out fid 15600
[02:55:32.820] RX< [34m[AE] fid=15630,exp=11620,adg=300,
[02:55:33.254] RX< Y=4498,mtg=180,shg=100,bgbv=1221,iso=300,cnv2,hdr0
[02:55:33.254] RX< [0m[7] [cam] [1180552][me0][me_core_thread:359]ME out fid 15630
[02:55:33.254] RX< [34m[awb0 proc] perf=6239(us), max=6678(us)!
[02:55:33.254] RX< [0m[4] [cam] [1180630][qpc0][qpc_core_exception_check:405]discontinuous frame, now: 15643, la
[02:55:34.162] RX< st: 15641
[02:55:34.162] RX< [34m[AE] fid=15660,exp=11620,adg=300,Y=4504,mtg=180,shg=100,bgbv=1225,iso=300,cnv2,hdr0
[02:55:34.162] RX< [0m[34m[b_ae0 proc] perf=955(us), max=4171(us)!
[02:55:34.162] RX< [0m[34m[awb0 proc] perf=3690(us), max=6239(us)!
[02:55:34.162] RX< [0m[RTMP] f_index = 15660, f_len = 12385
[02:55:34.162] RX< [7] [cam] [118
[02:55:34.819] RX< 1552][me0][me_core_thread:359]ME out fid 15660
[02:55:34.819] RX< [34m[awb0 proc] perf=6229(us), max=6229(us)!
[02:55:34.819] RX< [0m[4] [cam] [1181629][qpc0][qpc_core_exception_check:405]discontinuous frame, now: 15673, last: 15671
[02:55:34.819] RX< [34m[AE] fid=15690,exp=11610,adg=300,Y=4515,mtg=180,shg=10
[02:55:35.920] RX< 0,bgbv=1229,iso=300,cnv2,hdr0
[02:55:35.920] RX< [0m[7] [cam] [1182552][me0][me_core_thread:359]ME out fid 15690
[02:55:35.920] RX< [34m[AE] fid=15720,exp=11620,adg=300,Y=4512,mtg=180,shg=100,bgbv=1225,iso=300,cnv2,hdr0
[02:55:35.920] RX< [0m[34m[ME INTP]fid=15720, shutter=11620, perf=238(us), max=7387(us)!
[02:55:36.824] RX< [0m[7] [cam] [1183551][me0][me_core_thread:359]ME out fid 15720
[02:55:36.824] RX< [4] [cam] [1183629][qpc0][qpc_core_exception_check:405]discontinuous frame, now: 15733, last: 15731
[02:55:36.824] RX< [34m[AE] fid=15750,exp=11620,adg=300,Y=4499,mtg=180,shg=100,bgbv=1221,iso=300,cnv2,hdr0
[02:55:36.824] RX< [
[02:55:37.819] RX< 0m[34m[b_ae0 proc] perf=948(us), max=1138(us)!
[02:55:37.819] RX< [0m[34m[awb0 proc] perf=3703(us), max=6229(us)!
[02:55:37.819] RX< [0m[RTMP] f_index = 15750, f_len = 17878
[02:55:37.819] RX< [7] [cam] [1184551][me0][me_core_thread:359]ME out fid 15750
[02:55:37.819] RX< [34m[awb0 proc] perf=6764(us), max=6764(us)!
[02:55:37.819] RX< [0m[34
[02:55:38.819] RX< m[AE] fid=15780,exp=11620,adg=300,Y=4504,mtg=180,shg=100,bgbv=1225,iso=300,cnv2,hdr0
[02:55:38.819] RX< [0m[7] [cam] [1185551][me0][me_core_thread:359]ME out fid 15780
[02:55:38.819] RX< [34m[awb0 proc] perf=6537(us), max=6764(us)!
[02:55:38.819] RX< [0m[34m[AE] fid=15810,exp=11610,adg=300,Y=4520,mtg=180,shg
[02:55:39.822] RX< =100,bgbv=1229,iso=300,cnv2,hdr0
[02:55:39.822] RX< [0m[7] [cam] [1186551][me0][me_core_thread:359]ME out fid 15810
[02:55:39.822] RX< [34m[AE] fid=15840,exp=11610,adg=300,Y=4517,mtg=180,shg=100,bgbv=1229,iso=300,cnv2,hdr0
[02:55:39.822] RX< [0m[34m[b_ae0 proc] perf=1138(us), max=3579(us)!
[02:55:39.822] RX< [0m[34m[awb0 pr
[02:55:40.271] RX< oc] perf=3704(us), max=6537(us)!
[02:55:40.271] RX< [0m[34m[ME INTP]fid=15840, shutter=11610, perf=7(us), max=7705(us)!
[02:55:40.271] RX< [0m[RTMP] f_index = 15840, f_len = 16739
[02:55:40.271] RX< [7] [cam] [1187551][me0][me_core_thread:359]ME out fid 15840
[02:55:40.271] RX< [RTMP] slow send frame 15841 len=67424 dt=105ms (I
[02:55:41.817] RX< DR)
[02:55:41.817] RX< [RTMP] slow send frame 15844 len=19720 dt=61ms
[02:55:41.817] RX< [34m[AE] fid=15870,exp=11620,adg=300,Y=4510,mtg=180,shg=100,bgbv=1225,iso=300,cnv2,hdr0
[02:55:41.817] RX< [0m[7] [cam] [1188551][me0][me_core_thread:359]ME out fid 15870
[02:55:41.817] RX< [34m[AE] fid=15900,exp=11620,adg=300,Y=4507,mtg=18
[02:55:42.822] RX< 0,shg=100,bgbv=1225,iso=300,cnv2,hdr0
[02:55:42.822] RX< [0m[7] [cam] [1189551][me0][me_core_thread:359]ME out fid 15900
[02:55:42.822] RX< [34m[AE] fid=15930,exp=11620,adg=300,Y=4510,mtg=180,shg=100,bgbv=1225,iso=300,cnv2,hdr0
[02:55:42.822] RX< [0m[34m[b_ae0 proc] perf=1025(us), max=3875(us)!
[02:55:42.822] RX< [0m[34m[aw
[02:55:43.918] RX< b0 proc] perf=3804(us), max=4465(us)!
[02:55:43.918] RX< [0m[RTMP] f_index = 15930, f_len = 11617
[02:55:43.918] RX< [7] [cam] [1190550][me0][me_core_thread:359]ME out fid 15930
[02:55:43.918] RX< [34m[AE] fid=15960,exp=11620,adg=300,Y=4508,mtg=180,shg=100,bgbv=1225,iso=300,cnv2,hdr0
[02:55:43.918] RX< [0m[34m[ME INTP]fid=1596
[02:55:45.172] RX< 0, shutter=11620, perf=1870(us), max=3387(us)!
[02:55:45.172] RX< [0m[7] [cam] [1191550][me0][me_core_thread:359]ME out fid 15960
[02:55:45.172] RX< [34m[AE] fid=15990,exp=11610,adg=300,Y=4513,mtg=180,shg=100,bgbv=1229,iso=300,cnv2,hdr0
[02:55:45.172] RX< [0m[7] [cam] [1192550][me0][me_core_thread:359]ME out 
[02:55:45.823] RX< fid 15990
[02:55:45.823] RX< [4] [cam] [1192628][qpc0][qpc_core_exception_check:405]discontinuous frame, now: 16003, last: 16001
[02:55:45.823] RX< [34m[AE] fid=16020,exp=11610,adg=300,Y=4517,mtg=180,shg=100,bgbv=1229,iso=300,cnv2,hdr0
[02:55:45.823] RX< [0m[34m[b_ae0 proc] perf=1018(us), max=3341(us)!
[02:55:45.823] RX< [0m
[02:55:46.249] RX< [34m[awb0 proc] perf=3754(us), max=4887(us)!
[02:55:46.249] RX< [0m[RTMP] f_index = 16020, f_len = 17115
[02:55:46.249] RX< [7] [cam] [1193550][me0][me_core_thread:359]ME out fid 16020
[02:55:46.249] RX< [34m[awb0 proc] perf=6187(us), max=6187(us)!
[02:55:46.249] RX< [0m[4] [cam] [1193628][qpc0][qpc_core_exception_check:405]dis
[02:55:47.250] RX< continuous frame, now: 16033, last: 16031
[02:55:47.250] RX< [34m[AE] fid=16050,exp=11610,adg=300,Y=4516,mtg=180,shg=100,bgbv=1229,iso=300,cnv2,hdr0
[02:55:47.250] RX< [0m[7] [cam] [1194550][me0][me_core_thread:359]ME out fid 16050
[02:55:47.250] RX< [4] [cam] [1194628][qpc0][qpc_core_exception_check:405]disco
[02:55:48.172] RX< ntinuous frame, now: 16063, last: 16061
[02:55:48.172] RX< [34m[AE] fid=16080,exp=11620,adg=300,Y=4510,mtg=180,shg=100,bgbv=1225,iso=300,cnv2,hdr0
[02:55:48.172] RX< [0m[34m[ME INTP]fid=16080, shutter=11620, perf=6(us), max=3241(us)!
[02:55:48.172] RX< [0m[7] [cam] [1195550][me0][me_core_thread:359]ME out fi
[02:55:49.156] RX< d 16080
[02:55:49.156] RX< [34m[AE] fid=16110,exp=11620,adg=300,Y=4512,mtg=180,shg=100,bgbv=1225,iso=300,cnv2,hdr0
[02:55:49.156] RX< [0m[34m[b_ae0 proc] perf=1066(us), max=3356(us)!
[02:55:49.156] RX< [0m[34m[awb0 proc] perf=3808(us), max=6187(us)!
[02:55:49.156] RX< [0m[RTMP] f_index = 16110, f_len = 11979
[02:55:49.156] RX< [7] [cam] [1196
[02:55:50.814] RX< 550][me0][me_core_thread:359]ME out fid 16110
[02:55:50.814] RX< [34m[AE] fid=16140,exp=11620,adg=300,Y=4507,mtg=180,shg=100,bgbv=1225,iso=300,cnv2,hdr0
[02:55:50.814] RX< [0m[7] [cam] [1197550][me0][me_core_thread:359]ME out fid 16140
[02:55:50.814] RX< [34m[AE] fid=16170,exp=11620,adg=300,Y=4507,mtg=180,shg
[02:55:51.819] RX< =100,bgbv=1225,iso=300,cnv2,hdr0
[02:55:51.819] RX< [0m[7] [cam] [1198549][me0][me_core_thread:359]ME out fid 16170
[02:55:51.819] RX< [34m[AE] fid=16200,exp=11620,adg=300,Y=4506,mtg=180,shg=100,bgbv=1225,iso=300,cnv2,hdr0
[02:55:51.819] RX< [0m[34m[b_ae0 proc] perf=1032(us), max=3931(us)!
[02:55:51.819] RX< [0m[34m[awb0 pr
[02:55:52.814] RX< oc] perf=3825(us), max=4806(us)!
[02:55:52.814] RX< [0m[34m[ME INTP]fid=16200, shutter=11620, perf=6(us), max=2875(us)!
[02:55:52.814] RX< [0m[RTMP] f_index = 16200, f_len = 17659
[02:55:52.814] RX< [7] [cam] [1199549][me0][me_core_thread:359]ME out fid 16200
[02:55:52.814] RX< [34m[AE] fid=16230,exp=11620,adg=300,Y=4508,mtg=1
[02:55:54.166] RX< 80,shg=100,bgbv=1225,iso=300,cnv2,hdr0
[02:55:54.166] RX< [0m[7] [cam] [1200549][me0][me_core_thread:359]ME out fid 16230
[02:55:54.166] RX< [34m[AE] fid=16260,exp=11610,adg=300,Y=4521,mtg=180,shg=100,bgbv=1229,iso=300,cnv2,hdr0
[02:55:54.166] RX< [0m[7] [cam] [1201549][me0][me_core_thread:359]ME out fid 1626
[02:55:55.155] RX< 0
[02:55:55.155] RX< [34m[AE] fid=16290,exp=11540,adg=300,Y=4492,mtg=180,shg=100,bgbv=1230,iso=300,cnv2,hdr0
[02:55:55.155] RX< [0m[34m[b_ae0 proc] perf=1012(us), max=3810(us)!
[02:55:55.155] RX< [0m[34m[awb0 proc] perf=3826(us), max=4532(us)!
[02:55:55.155] RX< [0m[RTMP] f_index = 16290, f_len = 18101
[02:55:55.155] RX< [7] [cam] [1202549][m
[02:55:56.156] RX< e0][me_core_thread:359]ME out fid 16290
[02:55:56.156] RX< [RTMP] slow send frame 16292 len=15836 dt=60ms
[02:55:56.156] RX< [34m[AE] fid=16320,exp=11550,adg=300,Y=4486,mtg=180,shg=100,bgbv=1226,iso=300,cnv2,hdr0
[02:55:56.156] RX< [0m[34m[ME INTP]fid=16320, shutter=11550, perf=1984(us), max=2219(us)!
[02:55:56.156] RX< [0m[7]
[02:55:57.817] RX<  [cam] [1203549][me0][me_core_thread:359]ME out fid 16320
[02:55:57.817] RX< [34m[AE] fid=16350,exp=11550,adg=300,Y=4485,mtg=180,shg=100,bgbv=1226,iso=300,cnv2,hdr0
[02:55:57.817] RX< [0m[7] [cam] [1204549][me0][me_core_thread:359]ME out fid 16350
[02:55:57.817] RX< [34m[AE] fid=16380,exp=11540,adg=300,Y=4488
[02:55:58.812] RX< ,mtg=180,shg=100,bgbv=1230,iso=300,cnv2,hdr0
[02:55:58.812] RX< [0m[34m[b_ae0 proc] perf=1012(us), max=2250(us)!
[02:55:58.812] RX< [0m[34m[awb0 proc] perf=3705(us), max=4131(us)!
[02:55:58.812] RX< [0m[RTMP] f_index = 16380, f_len = 11887
[02:55:58.812] RX< [7] [cam] [1205548][me0][me_core_thread:359]ME out fid 16380
[02:55:58.812] RX< [34m[
[02:55:59.915] RX< AE] fid=16410,exp=11540,adg=300,Y=4488,mtg=180,shg=100,bgbv=1230,iso=300,cnv2,hdr0
[02:55:59.915] RX< [0m[7] [cam] [1206548][me0][me_core_thread:359]ME out fid 16410
[02:55:59.915] RX< [34m[AE] fid=16440,exp=11550,adg=300,Y=4480,mtg=180,shg=100,bgbv=1226,iso=300,cnv2,hdr0
[02:55:59.915] RX< [0m[34m[ME INTP]f
[02:56:00.245] RX< id=16440, shutter=11550, perf=1869(us), max=2821(us)!
[02:56:00.245] RX< [0m[7] [cam] [1207548][me0][me_core_thread:359]ME out fid 16440
[02:56:00.245] RX< [34m[awb0 proc] perf=6207(us), max=6207(us)!
[02:56:00.245] RX< [0m[4] [cam] [1207626][qpc0][qpc_core_exception_check:405]discontinuous frame, now: 16453,
[02:56:01.153] RX<  last: 16451
[02:56:01.153] RX< [34m[AE] fid=16470,exp=11550,adg=300,Y=4475,mtg=180,shg=100,bgbv=1226,iso=300,cnv2,hdr0
[02:56:01.153] RX< [0m[34m[b_ae0 proc] perf=1124(us), max=1332(us)!
[02:56:01.153] RX< [0m[34m[awb0 proc] perf=3871(us), max=6207(us)!
[02:56:01.153] RX< [0m[RTMP] f_index = 16470, f_len = 17744
[02:56:01.153] RX< [7] [cam] 
[02:56:01.811] RX< [1208548][me0][me_core_thread:359]ME out fid 16470
[02:56:01.811] RX< [34m[awb0 proc] perf=6176(us), max=6176(us)!
[02:56:01.811] RX< [0m[4] [cam] [1208626][qpc0][qpc_core_exception_check:405]discontinuous frame, now: 16483, last: 16481
[02:56:01.811] RX< [34m[AE] fid=16500,exp=11550,adg=300,Y=4483,mtg=180,sh
[02:56:02.811] RX< g=100,bgbv=1226,iso=300,cnv2,hdr0
[02:56:02.811] RX< [0m[7] [cam] [1209548][me0][me_core_thread:359]ME out fid 16500
[02:56:02.811] RX< [34m[awb0 proc] perf=7636(us), max=7636(us)!
[02:56:02.811] RX< [0m[4] [cam] [1209625][qpc0][qpc_core_exception_check:405]discontinuous frame, now: 16513, last: 16511
[02:56:02.811] RX< [34m[A
[02:56:03.817] RX< E] fid=16530,exp=11550,adg=300,Y=4486,mtg=180,shg=100,bgbv=1226,iso=300,cnv2,hdr0
[02:56:03.817] RX< [0m[7] [cam] [1210548][me0][me_core_thread:359]ME out fid 16530
[02:56:03.817] RX< [34m[AE] fid=16560,exp=11550,adg=300,Y=4482,mtg=180,shg=100,bgbv=1226,iso=300,cnv2,hdr0
[02:56:03.817] RX< [0m[34m[b_ae0 proc
[02:56:04.151] RX< ] perf=1009(us), max=4535(us)!
[02:56:04.151] RX< [0m[34m[awb0 proc] perf=3702(us), max=7636(us)!
[02:56:04.151] RX< [0m[34m[ME INTP]fid=16560, shutter=11550, perf=6(us), max=12408(us)!
[02:56:04.151] RX< [0m[RTMP] f_index = 16560, f_len = 18805
[02:56:04.151] RX< [7] [cam] [1211548][me0][me_core_thread:359]ME out fid 16560
[02:56:06.152] RX< [34m[AE] fid=16590,exp=11550,adg=300,Y=4478,mtg=180,shg=100,bgbv=1226,iso=300,cnv2,hdr0
[02:56:06.152] RX< [0m[7] [cam] [1212547][me0][me_core_thread:359]ME out fid 16590
[02:56:06.152] RX< [34m[AE] fid=16620,exp=11550,adg=300,Y=4484,mtg=180,shg=100,bgbv=1226,iso=300,cnv2,hdr0
[02:56:06.152] RX< [0m
[02:56:06.815] RX< [7] [cam] [1213547][me0][me_core_thread:359]ME out fid 16620
[02:56:06.815] RX< [34m[awb0 proc] perf=6679(us), max=6679(us)!
[02:56:06.815] RX< [0m[4] [cam] [1213625][qpc0][qpc_core_exception_check:405]discontinuous frame, now: 16633, last: 16631
[02:56:06.815] RX< [34m[AE] fid=16650,exp=11560,adg=300,Y=4470,
[02:56:07.810] RX< mtg=180,shg=100,bgbv=1222,iso=300,cnv2,hdr0
[02:56:07.810] RX< [0m[34m[b_ae0 proc] perf=1016(us), max=1135(us)!
[02:56:07.810] RX< [0m[34m[awb0 proc] perf=3821(us), max=6679(us)!
[02:56:07.810] RX< [0m[RTMP] f_index = 16650, f_len = 18265
[02:56:07.810] RX< [7] [cam] [1214547][me0][me_core_thread:359]ME out fid 16650
[02:56:07.810] RX< [34m[A
[02:56:08.810] RX< E] fid=16680,exp=11570,adg=300,Y=4462,mtg=180,shg=100,bgbv=1218,iso=300,cnv2,hdr0
[02:56:08.810] RX< [0m[34m[ME INTP]fid=16680, shutter=11570, perf=307(us), max=11420(us)!
[02:56:08.810] RX< [0m[7] [cam] [1215547][me0][me_core_thread:359]ME out fid 16680
[02:56:08.810] RX< [34m[AE] fid=16710,exp=11570,adg=30
[02:56:09.814] RX< 0,Y=4460,mtg=180,shg=100,bgbv=1218,iso=300,cnv2,hdr0
[02:56:09.814] RX< [0m[7] [cam] [1216547][me0][me_core_thread:359]ME out fid 16710
[02:56:09.814] RX< [34m[AE] fid=16740,exp=11570,adg=300,Y=4457,mtg=180,shg=100,bgbv=1218,iso=300,cnv2,hdr0
[02:56:09.814] RX< [0m[34m[b_ae0 proc] perf=1142(us), max=1851(us)
[02:56:11.161] RX< !
[02:56:11.161] RX< [0m[34m[awb0 proc] perf=3822(us), max=4038(us)!
[02:56:11.161] RX< [0m[RTMP] f_index = 16740, f_len = 18068
[02:56:11.161] RX< [7] [cam] [1217547][me0][me_core_thread:359]ME out fid 16740
[02:56:11.161] RX< [34m[AE] fid=16770,exp=11640,adg=300,Y=4460,mtg=180,shg=100,bgbv=1209,iso=300,cnv2,hdr0
[02:56:11.161] RX< [0m[7] [ca
[02:56:12.149] RX< m] [1218547][me0][me_core_thread:359]ME out fid 16770
[02:56:12.149] RX< [34m[AE] fid=16800,exp=11640,adg=300,Y=4457,mtg=180,shg=100,bgbv=1209,iso=300,cnv2,hdr0
[02:56:12.149] RX< [0m[34m[ME INTP]fid=16800, shutter=11640, perf=6(us), max=1983(us)!
[02:56:12.149] RX< [0m[7] [cam] [1219547][me0][me_core_thread
[02:56:13.149] RX< :359]ME out fid 16800
[02:56:13.149] RX< [34m[AE] fid=16830,exp=11640,adg=300,Y=4452,mtg=180,shg=100,bgbv=1209,iso=300,cnv2,hdr0
[02:56:13.149] RX< [0m[34m[b_ae0 proc] perf=1029(us), max=3578(us)!
[02:56:13.149] RX< [0m[34m[awb0 proc] perf=3815(us), max=4979(us)!
[02:56:13.149] RX< [0m[RTMP] f_index = 16830, f_len = 12715
[02:56:13.149] RX< [
[02:56:14.808] RX< 7] [cam] [1220546][me0][me_core_thread:359]ME out fid 16830
[02:56:14.808] RX< [34m[AE] fid=16860,exp=11820,adg=300,Y=4355,mtg=180,shg=100,bgbv=1172,iso=300,cnv2,hdr0
[02:56:14.808] RX< [0m[7] [cam] [1221546][me0][me_core_thread:359]ME out fid 16860
[02:56:14.808] RX< [34m[AE] fid=16890,exp=11890,adg=300,Y=44
[02:56:15.812] RX< 27,mtg=180,shg=100,bgbv=1178,iso=300,cnv2,hdr0
[02:56:15.812] RX< [0m[7] [cam] [1222546][me0][me_core_thread:359]ME out fid 16890
[02:56:15.812] RX< [34m[AE] fid=16920,exp=11730,adg=300,Y=4473,mtg=180,shg=100,bgbv=1204,iso=300,cnv2,hdr0
[02:56:15.812] RX< [0m[34m[b_ae0 proc] perf=1026(us), max=1753(us)!
[02:56:15.812] RX< [0
[02:56:16.228] RX< m[34m[awb0 proc] perf=3709(us), max=4166(us)!
[02:56:16.228] RX< [0m[34m[ME INTP]fid=16920, shutter=11730, perf=6(us), max=4697(us)!
[02:56:16.228] RX< [0m[RTMP] f_index = 16920, f_len = 17795
[02:56:16.228] RX< [7] [cam] [1223546][me0][me_core_thread:359]ME out fid 16920
[02:56:16.228] RX< [RTMP] slow send frame 16921 len=678
[02:56:17.807] RX< 35 dt=73ms (IDR)
[02:56:17.807] RX< [34m[AE] fid=16950,exp=11720,adg=300,Y=4475,mtg=180,shg=100,bgbv=1208,iso=300,cnv2,hdr0
[02:56:17.807] RX< [0m[7] [cam] [1224546][me0][me_core_thread:359]ME out fid 16950
[02:56:17.807] RX< [34m[awb0 proc] perf=6636(us), max=6636(us)!
[02:56:17.807] RX< [0m[34m[AE] fid=16980,exp=11730,adg=3
[02:56:18.812] RX< 00,Y=4473,mtg=180,shg=100,bgbv=1204,iso=300,cnv2,hdr0
[02:56:18.812] RX< [0m[7] [cam] [1225546][me0][me_core_thread:359]ME out fid 16980
[02:56:18.812] RX< [4] [cam] [1225624][qpc0][qpc_core_exception_check:405]discontinuous frame, now: 16993, last: 16991
[02:56:18.812] RX< [34m[AE] fid=17010,exp=11730,adg=300
[02:56:19.148] RX< ,Y=4468,mtg=180,shg=100,bgbv=1204,iso=300,cnv2,hdr0
[02:56:19.148] RX< [0m[34m[b_ae0 proc] perf=1134(us), max=3838(us)!
[02:56:19.148] RX< [0m[34m[awb0 proc] perf=3774(us), max=6636(us)!
[02:56:19.148] RX< [0m[RTMP] f_index = 17010, f_len = 19500
[02:56:19.148] RX< [7] [cam] [1226546][me0][me_core_thread:359]ME out fid 17010
[02:56:19.906] RX< 
[02:56:19.906] RX< [4] [cam] [1226623][qpc0][qpc_core_exception_check:405]discontinuous frame, now: 17023, last: 17021
[02:56:19.906] RX< [34m[AE] fid=17040,exp=11760,adg=300,Y=4412,mtg=180,shg=100,bgbv=1184,iso=300,cnv2,hdr0
[02:56:19.906] RX< [0m[34m[ME INTP]fid=17040, shutter=11760, perf=237(us), max=1147
[02:56:21.810] RX< 0(us)!
[02:56:21.810] RX< [0m[7] [cam] [1227545][me0][me_core_thread:359]ME out fid 17040
[02:56:21.810] RX< [34m[AE] fid=17070,exp=11870,adg=300,Y=4496,mtg=180,shg=100,bgbv=1193,iso=300,cnv2,hdr0
[02:56:21.810] RX< [0m[7] [cam] [1228545][me0][me_core_thread:359]ME out fid 17070
[02:56:21.810] RX< [34m[AE] fid=17100,exp=11800,
[02:56:22.146] RX< adg=300,Y=4497,mtg=180,shg=100,bgbv=1203,iso=300,cnv2,hdr0
[02:56:22.146] RX< [0m[34m[b_ae0 proc] perf=1017(us), max=1487(us)!
[02:56:22.146] RX< [0m[34m[awb0 proc] perf=3867(us), max=3961(us)!
[02:56:22.146] RX< [0m[RTMP] f_index = 17100, f_len = 11939
[02:56:22.146] RX< [7] [cam] [1229545][me0][me_core_thread:359]ME out fi
[02:56:23.239] RX< d 17100
[02:56:23.239] RX< [34m[AE] fid=17130,exp=11760,adg=300,Y=4484,mtg=180,shg=100,bgbv=1203,iso=300,cnv2,hdr0
[02:56:23.239] RX< [0m[7] [cam] [1230545][me0][me_core_thread:359]ME out fid 17130
[02:56:23.239] RX< [4] [cam] [1230623][qpc0][qpc_core_exception_check:405]discontinuous frame, now: 17143, last: 
[02:56:24.238] RX< 17141
[02:56:24.238] RX< [34m[AE] fid=17160,exp=11760,adg=300,Y=4490,mtg=180,shg=100,bgbv=1207,iso=300,cnv2,hdr0
[02:56:24.238] RX< [0m[34m[ME INTP]fid=17160, shutter=11760, perf=6(us), max=3255(us)!
[02:56:24.238] RX< [0m[7] [cam] [1231545][me0][me_core_thread:359]ME out fid 17160
[02:56:24.238] RX< [4] [cam] [1231622][qpc0][
[02:56:24.809] RX< qpc_core_exception_check:405]discontinuous frame, now: 17173, last: 17171
[02:56:24.809] RX< [34m[AE] fid=17190,exp=11720,adg=300,Y=4495,mtg=180,shg=100,bgbv=1212,iso=300,cnv2,hdr0
[02:56:24.809] RX< [0m[34m[b_ae0 proc] perf=1012(us), max=3509(us)!
[02:56:24.809] RX< [0m[34m[awb0 proc] perf=3869(us), max=3
[02:56:26.157] RX< 906(us)!
[02:56:26.157] RX< [0m[RTMP] f_index = 17190, f_len = 12102
[02:56:26.157] RX< [7] [cam] [1232545][me0][me_core_thread:359]ME out fid 17190
[02:56:26.157] RX< [34m[AE] fid=17220,exp=11690,adg=300,Y=4492,mtg=180,shg=100,bgbv=1216,iso=300,cnv2,hdr0
[02:56:26.157] RX< [0m[7] [cam] [1233545][me0][me_core_thread:359]ME out 
[02:56:27.809] RX< fid 17220
[02:56:27.809] RX< [34m[AE] fid=17250,exp=11690,adg=300,Y=4494,mtg=180,shg=100,bgbv=1216,iso=300,cnv2,hdr0
[02:56:27.809] RX< [0m[7] [cam] [1234544][me0][me_core_thread:359]ME out fid 17250
[02:56:27.809] RX< [34m[awb0 proc] perf=6110(us), max=6110(us)!
[02:56:27.809] RX< [0m[34m[AE] fid=17280,exp=11690,adg=300,Y=44
[02:56:28.128] RX< 95,mtg=180,shg=100,bgbv=1216,iso=300,cnv2,hdr0
[02:56:28.128] RX< [0m[34m[b_ae0 proc] perf=1015(us), max=1342(us)!
[02:56:28.128] RX< [0m[34m[awb0 proc] perf=3693(us), max=6110(us)!
[02:56:28.128] RX< [0m[34m[ME INTP]fid=17280, shutter=11690, perf=6(us), max=290(us)!
[02:56:28.128] RX< [0m[RTMP] f_index = 17280, f_len = 11
[02:56:29.805] RX< 952
[02:56:29.805] RX< [7] [cam] [1235544][me0][me_core_thread:359]ME out fid 17280
[02:56:29.805] RX< [34m[AE] fid=17310,exp=11690,adg=300,Y=4496,mtg=180,shg=100,bgbv=1216,iso=300,cnv2,hdr0
[02:56:29.805] RX< [0m[7] [cam] [1236544][me0][me_core_thread:359]ME out fid 17310
[02:56:29.805] RX< [34m[AE] fid=17340,exp=11690,adg=300
[02:56:30.808] RX< ,Y=4498,mtg=180,shg=100,bgbv=1216,iso=300,cnv2,hdr0
[02:56:30.808] RX< [0m[7] [cam] [1237544][me0][me_core_thread:359]ME out fid 17340
[02:56:30.808] RX< [34m[AE] fid=17370,exp=11650,adg=300,Y=4489,mtg=180,shg=100,bgbv=1217,iso=300,cnv2,hdr0
[02:56:30.808] RX< [0m[34m[b_ae0 proc] perf=1022(us), max=3220(us)!
[02:56:31.803] RX< 
[02:56:31.803] RX< [0m[34m[awb0 proc] perf=3804(us), max=4464(us)!
[02:56:31.803] RX< [0m[RTMP] f_index = 17370, f_len = 12095
[02:56:31.803] RX< [7] [cam] [1238544][me0][me_core_thread:359]ME out fid 17370
[02:56:31.803] RX< [4] [cam] [1238621][qpc0][qpc_core_exception_check:405]discontinuous frame, now: 17383, last: 17381
[02:56:31.803] RX< 
[02:56:32.803] RX< [34m[AE] fid=17400,exp=11660,adg=300,Y=4485,mtg=180,shg=100,bgbv=1213,iso=300,cnv2,hdr0
[02:56:32.803] RX< [0m[34m[ME INTP]fid=17400, shutter=11660, perf=6(us), max=1211(us)!
[02:56:32.803] RX< [0m[7] [cam] [1239544][me0][me_core_thread:359]ME out fid 17400
[02:56:32.803] RX< [34m[AE] fid=17430,exp=11660,adg
[02:56:33.807] RX< =300,Y=4479,mtg=180,shg=100,bgbv=1213,iso=300,cnv2,hdr0
[02:56:33.807] RX< [0m[7] [cam] [1240544][me0][me_core_thread:359]ME out fid 17430
[02:56:33.807] RX< [4] [cam] [1240621][qpc0][qpc_core_exception_check:405]discontinuous frame, now: 17443, last: 17441
[02:56:33.807] RX< [34m[AE] fid=17460,exp=11670,adg=3
[02:56:34.143] RX< 00,Y=4474,mtg=180,shg=100,bgbv=1209,iso=300,cnv2,hdr0
[02:56:34.143] RX< [0m[34m[b_ae0 proc] perf=1012(us), max=4055(us)!
[02:56:34.143] RX< [0m[34m[awb0 proc] perf=3862(us), max=5255(us)!
[02:56:34.143] RX< [0m[RTMP] f_index = 17460, f_len = 18286
[02:56:34.143] RX< [7] [cam] [1241544][me0][me_core_thread:359]ME out fid 174
[02:56:35.236] RX< 60
[02:56:35.236] RX< [34m[AE] fid=17490,exp=11670,adg=300,Y=4474,mtg=180,shg=100,bgbv=1209,iso=300,cnv2,hdr0
[02:56:35.236] RX< [0m[7] [cam] [1242543][me0][me_core_thread:359]ME out fid 17490
[02:56:35.236] RX< [4] [cam] [1242621][qpc0][qpc_core_exception_check:405]discontinuous frame, now: 17503, last: 17501
[02:56:36.236] RX< 
[02:56:36.236] RX< [34m[AE] fid=17520,exp=11660,adg=300,Y=4475,mtg=180,shg=100,bgbv=1213,iso=300,cnv2,hdr0
[02:56:36.236] RX< [0m[34m[ME INTP]fid=17520, shutter=11660, perf=6(us), max=368(us)!
[02:56:36.236] RX< [0m[7] [cam] [1243543][me0][me_core_thread:359]ME out fid 17520
[02:56:36.236] RX< [4] [cam] [1243621][qpc0][qpc_co
[02:56:36.806] RX< re_exception_check:405]discontinuous frame, now: 17533, last: 17531
[02:56:36.806] RX< [34m[AE] fid=17550,exp=11660,adg=300,Y=4475,mtg=180,shg=100,bgbv=1213,iso=300,cnv2,hdr0
[02:56:36.806] RX< [0m[34m[b_ae0 proc] perf=1014(us), max=4128(us)!
[02:56:36.806] RX< [0m[34m[awb0 proc] perf=3718(us), max=4721(us
[02:56:38.153] RX< )!
[02:56:38.153] RX< [0m[RTMP] f_index = 17550, f_len = 17872
[02:56:38.153] RX< [7] [cam] [1244543][me0][me_core_thread:359]ME out fid 17550
[02:56:38.153] RX< [34m[AE] fid=17580,exp=11660,adg=300,Y=4477,mtg=180,shg=100,bgbv=1213,iso=300,cnv2,hdr0
[02:56:38.153] RX< [0m[7] [cam] [1245543][me0][me_core_thread:359]ME out fid 17
[02:56:39.153] RX< 580
[02:56:39.153] RX< [34m[awb0 proc] perf=6810(us), max=6810(us)!
[02:56:39.153] RX< [0m[4] [cam] [1245620][qpc0][qpc_core_exception_check:405]discontinuous frame, now: 17593, last: 17591
[02:56:39.153] RX< [34m[AE] fid=17610,exp=11660,adg=300,Y=4481,mtg=180,shg=100,bgbv=1213,iso=300,cnv2,hdr0
[02:56:39.153] RX< [0m[7] [cam]
[02:56:39.805] RX<  [1246543][me0][me_core_thread:359]ME out fid 17610
[02:56:39.805] RX< [4] [cam] [1246621][qpc0][qpc_core_exception_check:405]discontinuous frame, now: 17623, last: 17621
[02:56:39.805] RX< [34m[AE] fid=17640,exp=11650,adg=300,Y=4489,mtg=180,shg=100,bgbv=1217,iso=300,cnv2,hdr0
[02:56:39.805] RX< [0m[34m[b_ae0
[02:56:40.142] RX<  proc] perf=1136(us), max=4214(us)!
[02:56:40.142] RX< [0m[34m[awb0 proc] perf=3874(us), max=6810(us)!
[02:56:40.142] RX< [0m[34m[ME INTP]fid=17640, shutter=11650, perf=6(us), max=1870(us)!
[02:56:40.142] RX< [0m[RTMP] f_index = 17640, f_len = 17763
[02:56:40.142] RX< [7] [cam] [1247543][me0][me_core_thread:359]ME out fid 17
[02:56:42.142] RX< 640
[02:56:42.142] RX< [34m[AE] fid=17670,exp=11650,adg=300,Y=4490,mtg=180,shg=100,bgbv=1217,iso=300,cnv2,hdr0
[02:56:42.142] RX< [0m[7] [cam] [1248543][me0][me_core_thread:359]ME out fid 17670
[02:56:42.142] RX< [34m[AE] fid=17700,exp=11650,adg=300,Y=4488,mtg=180,shg=100,bgbv=1217,iso=300,cnv2,hdr0
[02:56:42.142] RX< [0m
[02:56:42.804] RX< [7] [cam] [1249542][me0][me_core_thread:359]ME out fid 17700
[02:56:42.804] RX< [34m[AE] fid=17730,exp=11660,adg=300,Y=4485,mtg=180,shg=100,bgbv=1213,iso=300,cnv2,hdr0
[02:56:42.804] RX< [0m[34m[b_ae0 proc] perf=1017(us), max=3524(us)!
[02:56:42.804] RX< [0m[34m[awb0 proc] perf=3824(us), max=4282(us)!
[02:56:42.804] RX< [0m
[02:56:43.800] RX< [RTMP] f_index = 17730, f_len = 12132
[02:56:43.800] RX< [7] [cam] [1250542][me0][me_core_thread:359]ME out fid 17730
[02:56:43.800] RX< [4] [cam] [1250620][qpc0][qpc_core_exception_check:405]discontinuous frame, now: 17743, last: 17741
[02:56:43.800] RX< [34m[AE] fid=17760,exp=11650,adg=300,Y=4489,mtg=180,shg=
[02:56:44.799] RX< 100,bgbv=1217,iso=300,cnv2,hdr0
[02:56:44.799] RX< [0m[34m[ME INTP]fid=17760, shutter=11650, perf=6(us), max=5764(us)!
[02:56:44.799] RX< [0m[7] [cam] [1251542][me0][me_core_thread:359]ME out fid 17760
[02:56:44.799] RX< [34m[AE] fid=17790,exp=11650,adg=300,Y=4488,mtg=180,shg=100,bgbv=1217,iso=300,cnv2,hdr0
[02:56:45.804] RX< [0m[7] [cam] [1252542][me0][me_core_thread:359]ME out fid 17790
[02:56:45.804] RX< [34m[AE] fid=17820,exp=11660,adg=300,Y=4487,mtg=180,shg=100,bgbv=1213,iso=300,cnv2,hdr0
[02:56:45.804] RX< [0m[34m[b_ae0 proc] perf=1012(us), max=2074(us)!
[02:56:45.804] RX< [0m[34m[awb0 proc] perf=3823(us), max=5612(us)!
[02:56:47.151] RX< [0m[RTMP] f_index = 17820, f_len = 11770
[02:56:47.151] RX< [7] [cam] [1253542][me0][me_core_thread:359]ME out fid 17820
[02:56:47.151] RX< [RTMP] slow send frame 17822 len=23655 dt=52ms
[02:56:47.151] RX< [34m[AE] fid=17850,exp=11650,adg=300,Y=4493,mtg=180,shg=100,bgbv=1217,iso=300,cnv2,hdr0
[02:56:47.151] RX< [0m[7] [cam] [12
[02:56:47.798] RX< 54542][me0][me_core_thread:359]ME out fid 17850
[02:56:47.798] RX< [34m[awb0 proc] perf=6607(us), max=6607(us)!
[02:56:47.798] RX< [0m[4] [cam] [1254619][qpc0][qpc_core_exception_check:405]discontinuous frame, now: 17863, last: 17861
[02:56:47.798] RX< [34m[AE] fid=17880,exp=11650,adg=300,Y=4491,mtg=180,shg=1
[02:56:48.803] RX< 00,bgbv=1217,iso=300,cnv2,hdr0
[02:56:48.803] RX< [0m[34m[ME INTP]fid=17880, shutter=11650, perf=237(us), max=3503(us)!
[02:56:48.803] RX< [0m[7] [cam] [1255542][me0][me_core_thread:359]ME out fid 17880
[02:56:48.803] RX< [34m[AE] fid=17910,exp=11660,adg=300,Y=4485,mtg=180,shg=100,bgbv=1213,iso=300,cnv2,hdr0
[02:56:49.798] RX< 
[02:56:49.798] RX< [0m[34m[b_ae0 proc] perf=1136(us), max=3856(us)!
[02:56:49.798] RX< [0m[34m[awb0 proc] perf=3879(us), max=6607(us)!
[02:56:49.798] RX< [0m[RTMP] f_index = 17910, f_len = 12148
[02:56:49.798] RX< [7] [cam] [1256541][me0][me_core_thread:359]ME out fid 17910
[02:56:49.798] RX< [34m[AE] fid=17940,exp=11660,adg=300,Y=4486,mtg=1
[02:56:51.150] RX< 80,shg=100,bgbv=1213,iso=300,cnv2,hdr0
[02:56:51.150] RX< [0m[7] [cam] [1257541][me0][me_core_thread:359]ME out fid 17940
[02:56:51.150] RX< [34m[AE] fid=17970,exp=11660,adg=300,Y=4486,mtg=180,shg=100,bgbv=1213,iso=300,cnv2,hdr0
[02:56:51.150] RX< [0m[7] [cam] [1258541][me0][me_core_thread:359]ME out fid 1797
[02:56:51.882] RX< 0
[02:56:51.882] RX< [RTMP] slow send frame 17971 len=68017 dt=98ms (IDR)
[02:56:51.882] RX< [34m[AE] fid=18000,exp=11660,adg=300,Y=4484,mtg=180,shg=100,bgbv=1213,iso=300,cnv2,hdr0
[02:56:51.882] RX< [0m[34m[b_ae0 proc] perf=1013(us), max=3302(us)!
[02:56:51.882] RX< [0m[34m[awb0 proc] perf=3841(us), max=4134(us)!
[02:56:51.882] RX< [0m[34m[
[02:56:52.232] RX< ME INTP]fid=18000, shutter=11660, perf=254(us), max=4655(us)!
[02:56:52.232] RX< [0m[RTMP] f_index = 18000, f_len = 11912
[02:56:52.232] RX< [7] [cam] [1259541][me0][me_core_thread:359]ME out fid 18000
[02:56:52.232] RX< [34m[awb0 proc] perf=6172(us), max=6172(us)!
[02:56:52.232] RX< [0m[4] [cam] [1259619][qpc0][qpc_core_except
[02:56:53.798] RX< ion_check:405]discontinuous frame, now: 18013, last: 18011
[02:56:53.798] RX< [34m[AE] fid=18030,exp=11660,adg=300,Y=4487,mtg=180,shg=100,bgbv=1213,iso=300,cnv2,hdr0
[02:56:53.798] RX< [0m[7] [cam] [1260541][me0][me_core_thread:359]ME out fid 18030
[02:56:53.798] RX< [34m[AE] fid=18060,exp=11660,adg=300,Y=448
[02:56:54.805] RX< 5,mtg=180,shg=100,bgbv=1213,iso=300,cnv2,hdr0
[02:56:54.805] RX< [0m[7] [cam] [1261541][me0][me_core_thread:359]ME out fid 18060
[02:56:54.805] RX< [34m[AE] fid=18090,exp=11650,adg=300,Y=4491,mtg=180,shg=100,bgbv=1217,iso=300,cnv2,hdr0
[02:56:54.805] RX< [0m[34m[b_ae0 proc] perf=1026(us), max=3805(us)!
[02:56:54.805] RX< [0m
[02:56:55.800] RX< [34m[awb0 proc] perf=3693(us), max=6172(us)!
[02:56:55.800] RX< [0m[RTMP] f_index = 18090, f_len = 11951
[02:56:55.800] RX< [7] [cam] [1262541][me0][me_core_thread:359]ME out fid 18090
[02:56:55.800] RX< [4] [cam] [1262618][qpc0][qpc_core_exception_check:405]discontinuous frame, now: 18103, last: 18101
[02:56:55.800] RX< [34m[A
[02:56:56.234] RX< E] fid=18120,exp=11650,adg=300,Y=4490,mtg=180,shg=100,bgbv=1217,iso=300,cnv2,hdr0
[02:56:56.234] RX< [0m[34m[ME INTP]fid=18120, shutter=11650, perf=6(us), max=4792(us)!
[02:56:56.234] RX< [0m[7] [cam] [1263541][me0][me_core_thread:359]ME out fid 18120
[02:56:56.234] RX< [4] [cam] [1263619][qpc0][qpc_core_exce
[02:56:57.185] RX< ption_check:405]discontinuous frame, now: 18133, last: 18131
[02:56:57.185] RX< [34m[AE] fid=18150,exp=11650,adg=300,Y=4491,mtg=180,shg=100,bgbv=1217,iso=300,cnv2,hdr0
[02:56:57.185] RX< [0m[7] [cam] [1264540][me0][me_core_thread:359]ME out fid 18150
[02:56:57.185] RX< [34m[awb0 proc] perf=6588(us), max=6588(
[02:56:57.806] RX< us)!
[02:56:57.806] RX< [0m[4] [cam] [1264618][qpc0][qpc_core_exception_check:405]discontinuous frame, now: 18163, last: 18161
[02:56:57.806] RX< [34m[AE] fid=18180,exp=11650,adg=300,Y=4497,mtg=180,shg=100,bgbv=1217,iso=300,cnv2,hdr0
[02:56:57.806] RX< [0m[34m[b_ae0 proc] perf=1144(us), max=4332(us)!
[02:56:57.806] RX< [0m[
[02:56:58.802] RX< 34m[awb0 proc] perf=3747(us), max=6588(us)!
[02:56:58.802] RX< [0m[RTMP] f_index = 18180, f_len = 11588
[02:56:58.802] RX< [7] [cam] [1265540][me0][me_core_thread:359]ME out fid 18180
[02:56:58.802] RX< [4] [cam] [1265618][qpc0][qpc_core_exception_check:405]discontinuous frame, now: 18193, last: 18191
[02:56:58.802] RX< [34m[AE]
[02:56:59.903] RX<  fid=18210,exp=11650,adg=300,Y=4496,mtg=180,shg=100,bgbv=1217,iso=300,cnv2,hdr0
[02:56:59.903] RX< [0m[7] [cam] [1266540][me0][me_core_thread:359]ME out fid 18210
[02:56:59.903] RX< [34m[AE] fid=18240,exp=11650,adg=300,Y=4495,mtg=180,shg=100,bgbv=1217,iso=300,cnv2,hdr0
[02:56:59.903] RX< [0m[34m[ME INTP]fid=
[02:57:00.237] RX< 18240, shutter=11650, perf=6(us), max=5198(us)!
[02:57:00.237] RX< [0m[7] [cam] [1267540][me0][me_core_thread:359]ME out fid 18240
[02:57:00.237] RX< [34m[awb0 proc] perf=6442(us), max=6442(us)!
[02:57:00.237] RX< [0m[4] [cam] [1267618][qpc0][qpc_core_exception_check:405]discontinuous frame, now: 18253, last:
[02:57:01.145] RX<  18251
[02:57:01.145] RX< [34m[AE] fid=18270,exp=11650,adg=300,Y=4492,mtg=180,shg=100,bgbv=1217,iso=300,cnv2,hdr0
[02:57:01.145] RX< [0m[34m[b_ae0 proc] perf=1019(us), max=3232(us)!
[02:57:01.145] RX< [0m[34m[awb0 proc] perf=3845(us), max=6442(us)!
[02:57:01.145] RX< [0m[RTMP] f_index = 18270, f_len = 18725
[02:57:01.145] RX< [7] [cam] [12685
[02:57:01.804] RX< 40][me0][me_core_thread:359]ME out fid 18270
[02:57:01.804] RX< [34m[awb0 proc] perf=6205(us), max=6205(us)!
[02:57:01.804] RX< [0m[4] [cam] [1268618][qpc0][qpc_core_exception_check:405]discontinuous frame, now: 18283, last: 18281
[02:57:01.804] RX< [34m[AE] fid=18300,exp=11650,adg=300,Y=4491,mtg=180,shg=100,
[02:57:02.061] RX< bgbv=1217,iso=300,cnv2,hdr0
[02:57:02.061] RX< [0mrtmp_video_stop
[02:57:02.061] RX< [RTMP] Stop requested
[02:57:02.061] RX< msh /emmc>echo "__EVBTEST_[RTMP] Push Stop: total frames = 18298
[02:57:02.061] RX< [6] [cam] [1269441][RtmpSend][sensor_stream_off:1188]sensor [1]: stream_off
[02:57:02.061] RX< [6] [cam] [1269441][RtmpSend][sensor_stream_
[02:57:02.087] RX< off:1217]sensor [1]: REG: 0x100, W:0x0.
[02:57:02.087] RX< [6] [cam] [1269442][RtmpSend][sensor_stream_off:1219]sensor [1]: REG: 0x100, R:0x0.
[02:57:02.087] RX< [6] [cam] [1269477][RtmpSend][csc_prv_stop:983]ok! phys_id[1], phys_num[1], stop_type = 0
[02:57:02.087] RX< [6] [cam] [1269477][RtmpSend][cam_stop:10
[02:57:02.088] RX< 58]preview stop ok! logic_id[0]
[02:57:02.088] RX< [34m[cam stop] perf=37073(us)!
[02:57:02.088] RX< [0m[6] [App Cam] cam stop success
[02:57:02.088] RX< Total of 18299 frames encoded, 305832693 bytes, max_workbuffer_used: 4960256 bytes
[02:57:02.088] RX< [6] [App Cam] hevc_encoder_deinit success
[02:57:02.088] RX< [7] [cam] [1269482][RtmpSend][
[02:57:02.091] RX< cam_cpm_core_power_off:467]id,0 type,1 ret 0
[02:57:02.091] RX< [6] [cam] [1269482][sif0][sif_irq_proc:174]thread release cid,0
[02:57:02.091] RX< [6] [cam] [1269483][RtmpSend][cam_sif_mgr_deinit:316]X
[02:57:02.091] RX< [6] [cam] [1269483][RtmpSend][cam_deinit:887]deinit ok! logic_id[0]
[02:57:02.091] RX< [34m[cam deinit] perf
[02:57:02.091] RX< =1325(us)!
[02:57:02.091] RX< [0m[6] [App Cam] cam deinit success
[02:57:02.091] RX< [6] [cam] [1269484][RtmpSend][sensor_close:1292]sensor [1]: close!
[02:57:02.091] RX< [6] [cam] [1269485][RtmpSend][cam_bm_core_deinit:136]X
[02:57:02.091] RX< [6] [cam] [1269485][me0][me_core_thread:404]thread release cid,0
[02:57:02.091] RX< [6] [cam] [1269486
[02:57:02.093] RX< ][RtmpSend][cam_me_core_deinit:1551]X
[02:57:02.093] RX< [6] [cam] [1269486][fe0][fe_core_irq_proc:121]thread release cid,0
[02:57:02.093] RX< [6] [cam] [1269486][RtmpSend][cam_fe_core_deinit:536]X
[02:57:02.093] RX< [6] [cam] [1269486][b_3a_sts][bayer_stats_core_irq_proc:193]thread release cid,0
[02:57:02.093] RX< [6] [cam] [12
[02:57:02.093] RX< 69487][RtmpSend][cam_bayer_stats_core_deinit:512]X
[02:57:02.093] RX< [6] [cam] [1269487][b_ae0][a5_core_wrapper_task:315]thread release cid,0,algo,0
[02:57:02.093] RX< [6] [cam] [1269488][RtmpSend][bayer_ae_wrapper_deinit:204]X
[02:57:02.093] RX< [6] [cam] [1269488][atf0][a5_core_wrapper_task:315]thread releas
[02:57:02.096] RX< e cid,0,algo,1
[02:57:02.096] RX< [6] [cam] [1269489][RtmpSend][atf_wrapper_deinit:153]X
[02:57:02.096] RX< [6] [cam] [1269489][awb0][a5_core_wrapper_task:315]thread release cid,0,algo,2
[02:57:02.096] RX< [6] [cam] [1269489][RtmpSend][awb_wrapper_deinit:153]X
[02:57:02.096] RX< [6] [cam] [1269490][RtmpSend][cam_5a_core_deinit:5
[02:57:02.096] RX< 55]X
[02:57:02.096] RX< [6] [cam] [1269490][RtmpSend][cam_5a_inf_deinit:149]X
[02:57:02.096] RX< [6] [cam] [1269490][qpc0][qpc_core_msg_proc:705]thread release cid,0
[02:57:02.096] RX< [6] [cam] [1269491][RtmpSend][qpc_core_deinit:1413]X
[02:57:02.096] RX< [6] [cam] [1269491][RtmpSend][cam_cpm_core_deinit:1248]X
[02:57:02.096] RX< [6] [cam] [1269
[02:57:02.099] RX< 491][RtmpSend][csc_close:656]ok! phys_id[1], phys_num[1]
[02:57:02.099] RX< [7] [cam] [1269492][cer0][cer_recovery_proc:352]msg type = 254
[02:57:02.099] RX< [6] [cam] [1269492][cer0][cer_recovery_proc:454]thread release cid,0
[02:57:02.099] RX< [6] [cam] [1269492][RtmpSend][cer_deinit:560]X
[02:57:02.099] RX< [6] [cam] [1269493
[02:57:02.099] RX< ][RtmpSend][cam_close:789]close ok! logic_id[0]
[02:57:02.099] RX< [34m[cam close] perf=9096(us)!
[02:57:02.099] RX< [0m[6] [App Cam] cam close success
[02:57:02.099] RX< [6] [cam] [1269494][cpl0][cam_prelude_proc_routine:136]thread release
[02:57:02.099] RX< [6] [cam] [1269494][RtmpSend][cam_exit:571]exit ok!
[02:57:02.099] RX< [34m[cam exit] 
[02:57:02.239] TX> rtmp_video_stop
[02:57:02.239] TX> echo "__EVBTEST_END_ae8ff010__"
[02:57:04.102] RX< perf=574(us)!
[02:57:04.102] RX< [0m[6] [App Cam] cam exit success
[02:57:04.102] RX< [RTMP] disconnected
[02:57:04.102] RX< [RTMP] disconnected
[02:57:04.102] RX< END_ae8ff010__"
[02:57:04.102] RX< __EVBTEST_END_ae8ff010__
[02:57:04.102] RX< msh /emmc>
