[05:33:28.283] TX> 
[05:33:29.284] TX> 
[05:33:30.284] RX< 
[05:33:30.284] RX< msh />
[05:33:30.284] RX< msh />
[05:33:30.285] TX> echo "EVBTEST_HELLO"
[05:33:30.285] TX> echo "__EVBTEST_END_cb1f36cf__"
[05:33:32.287] RX< echo "EVBTEST_HELLO"
[05:33:32.287] RX< EVBTEST_HELLO
[05:33:32.287] RX< msh />echo "__EVBTEST_END_cb1f36cf__"
[05:33:32.287] RX< __EVBTEST_END_cb1f36cf__
[05:33:32.287] RX< msh />
[05:33:32.288] TX> cd /
[05:33:32.288] TX> echo "__EVBTEST_END_aa6a514a__"
[05:33:34.289] RX< cd /
[05:33:34.289] RX< msh />echo "__EVBTEST_END_aa6a514a__"
[05:33:34.289] RX< __EVBTEST_END_aa6a514a__
[05:33:34.289] RX< msh />
[05:33:34.290] TX> dfs_video_stop
[05:33:36.292] RX< dfs_video_stop
[05:33:36.292] RX< [6] [App Dfs] Please start recording the video first.
[05:33:36.292] RX< msh />
[05:33:39.179] TX> wifi join SW-test-2.4G tuf@3600
[05:33:40.296] RX< wifi join SW-test-2.4G tuf@3600
[05:33:44.299] RX< [32m[I/WLAN.mgnt] wifi connect success ssid:SW-test-2.4G[0m
[05:33:44.299] RX< msh />
[05:33:48.303] RX< [32m[I/WLAN.lwip] Got IP address : 192.168.1.101[0m
[05:33:53.319] TX> ifconfig
[05:33:53.319] TX> echo "__EVBTEST_END_0ce81006__"
[05:33:53.323] RX< ifconfig
[05:33:53.323] RX< network interface device: w0 (Default)
[05:33:53.323] RX< MTU: 1500
[05:33:53.323] RX< MAC: 8c ea 12 ba a8 2c 
[05:33:53.323] RX< FLAGS: UP LINK_UP INTERNET_DOWN DHCP_ENABLE ETHARP BROADCAST IGMP
[05:33:53.323] RX< ip address: 192.168.1.101
[05:33:53.323] RX< gw address: 192.168.1.3
[05:33:53.323] RX< net mask  : 255.255.255.0
[05:33:53.323] RX< dns server #0: 192.168.1.3
[05:33:53.338] RX< dns server #1: 0.0.0.0
[05:33:53.338] RX< 
[05:33:53.338] RX< network interface device: w1
[05:33:53.338] RX< MTU: 1500
[05:33:53.338] RX< MAC: 8e ea 12 ba a8 2c 
[05:33:53.338] RX< FLAGS: UP LINK_DOWN INTERNET_DOWN DHCP_ENABLE ETHARP BROADCAST IGMP
[05:33:53.338] RX< ip address: 0.0.0.0
[05:33:53.338] RX< gw address: 0.0.0.0
[05:33:53.338] RX< net mask  : 0.0.0.0
[05:33:53.338] RX< dns server #0: 192.168.1.3
[05:33:53.338] RX< dns serv
[05:33:55.341] RX< er #1: 0.0.0.0
[05:33:55.341] RX< msh />echo "__EVBTEST_END_0ce81006__"
[05:33:55.341] RX< __EVBTEST_END_0ce81006__
[05:33:55.341] RX< msh />
[05:33:55.343] TX> cd /emmc
[05:33:55.343] TX> echo "__EVBTEST_END_9f3aeefc__"
[05:33:57.344] RX< cd /emmc
[05:33:57.344] RX< msh /emmc>echo "__EVBTEST_END_9f3aeefc__"
[05:33:57.344] RX< __EVBTEST_END_9f3aeefc__
[05:33:57.344] RX< msh /emmc>
[05:33:57.345] TX> ftp_server
[05:33:59.346] RX< ftp_server
[05:33:59.346] RX< 
[05:33:59.346] RX< [FTP] Ftp server init success!!!
[05:33:59.346] RX< msh /emmc>
[05:34:03.350] RX< [32m[I/ftp] service launched success.[0m
[05:34:03.819] TX> cam_set photo auto
[05:34:03.819] TX> echo "__EVBTEST_END_21cac69d__"
[05:34:05.352] RX< cam_set photo auto
[05:34:05.352] RX< [6] [App Dfs] auto mode
[05:34:05.352] RX< msh /emmc>echo "__EVBTEST_END_21cac69d__"
[05:34:05.352] RX< __EVBTEST_END_21cac69d__
[05:34:05.352] RX< msh /emmc>
[05:34:06.354] TX> dfs_capture_start
[05:34:06.367] RX< dfs_capture_start
[05:34:06.367] RX< [7] [cam] [40772][tshell][cgm_parse_bin:104]total logical camera num: 1
[05:34:06.367] RX< [6] [cam] [40772][tshell][cam_prelude_create:187]E id, 0
[05:34:06.367] RX< [7] [cam] [40773][cpl0][cam_prelude_proc_routine:101]thread start
[05:34:06.367] RX< [6] [cam] [40773][tshell][cam_prelude_crea
[05:34:06.370] RX< te:214]X ctx size 132 addr 0x884b93d8
[05:34:06.370] RX< [6] [cam] [40776][tshell][sensor_probe:418]sensor [1]: identifing 0 success.
[05:34:06.370] RX< [6] [cam] [40777][tshell][sensor_probe:441]sensor [1]: probe exit!
[05:34:06.370] RX< [6] [cam] [40777][tshell][cam_prelude_fast_probe:251]cam: 0 probe result
[05:34:06.370] RX< : 0
[05:34:06.370] RX< [6] [cam] [40777][tshell][cgm_parse_bin:218]cam(0) probe success
[05:34:06.370] RX< [6] [cam] [40778][tshell][cam_entry:455]entry ok
[05:34:06.370] RX< [34m[cam entry] perf=6205(us)!
[05:34:06.370] RX< [0m[6] [App Cam] cam entry success
[05:34:06.370] RX< [7] [cam] [40778][tshell][cam_solve_layout:350][mLayout] param OK, s
[05:34:06.373] RX< cen1 iw4032 ih3024 ow4032 oh3024 gdc 0x0
[05:34:06.373] RX< [36m[mLayout] scen01 in=4032x3024,out=3024x4032 meRot1 stripe1 gdcOn0
[05:34:06.373] RX< [0m[36m[mLayout] scen00 20entries solved status=OK retry=0 rtmp=enabled (cursor0=0x8a02d090 cursor1=0x89417400, ch0/1/2 cnt=7/2/1)
[05:34:06.373] RX< [0m[7] [
[05:34:06.373] RX< cam] [40780][tshell][cam_solve_layout:377]
[05:34:06.373] RX< [mLayout] out vol 0x8c000000 rBuf 0x8ab00000 sz 0x1500000 wBuf 0x8a03da80 sz 0x100000
[05:34:06.373] RX< [7] [cam] [40780][tshell][cam_solve_layout:394]Solve scen1 capType4 layout Done!
[05:34:06.373] RX< [6] [cam] [40781][tshell][cgm_parse_media_par
[05:34:06.376] RX< a:274]phy cam num: 1
[05:34:06.376] RX< [7] [cam] [40782][cer0][cer_recovery_proc:343]thread start cid, 0
[05:34:06.376] RX< [6] [cam] [40782][tshell][csc_open:499]SENSOR MCLK cal: 24MHz
[05:34:06.376] RX< [6] [cam] [40782][tshell][csc_isp_clk_cal:344]MIPI CLK cal: 346MHz
[05:34:06.376] RX< [6] [cam] [40783][tshell][csc_isp_clk_
[05:34:06.376] RX< cal:374]LITE CLK cal: 28MHz
[05:34:06.376] RX< [7] [cam] [40783][tshell][cpc_csi_rx_power_on:633]E id: 2
[05:34:06.376] RX< [4] [cam] [40784][tshell][cpc_csi_rx_power_on:644]csi_2 has already power on, STATUS: 1
[05:34:06.376] RX< [6] [cam] [40784][tshell][cpc_update_clock:603]actual SNS mclk: 24MHz
[05:34:06.376] RX< [6] [cam] 
[05:34:06.381] RX< [40784][tshell][cpc_update_clock:608]actual MIPI0: 500MHz
[05:34:06.381] RX< [6] [cam] [40785][tshell][cpc_update_clock:598]actual LITE clk: 50MHz
[05:34:06.381] RX< [7] [cam] [40785][tshell][cam_prelude_open:297][34msnsOpen camID1 csiID0 phyIdx0[0m
[05:34:06.381] RX< [6] [cam] [40789][tshell][sensor_expo_gai
[05:34:06.382] RX< n_match:48]sensor get sensor expo gain of imx681_vst
[05:34:06.382] RX< [6] [cam] [40789][tshell][sensor_open:684]sensor [1] open OK.
[05:34:06.382] RX< [6] [cam] [40790][tshell][cam_cpm_parse_media:275]photo scenario, media para[mfnr:0, hdr:0, capture_num:0]
[05:34:06.382] RX< [6] [cam] [40790][tshell][cam_cpm
[05:34:06.384] RX< _parse_media:278]photo scenario, media para[iso:0, gain:0, wb_mode:0]
[05:34:06.384] RX< [6] [cam] [40791][tshell][csc_isp_clk_cal:355]FE CLK cal: 426MHz, ME CLK cal: 462MHz, FE/ME CLK cal: 508MHz
[05:34:06.384] RX< [6] [cam] [40791][tshell][csc_isp_clk_cal:364]BE CLK cal: 401MHz
[05:34:06.384] RX< [4] [cam] [
[05:34:06.384] RX< 40792][tshell][cam_fe_core_power_on:269]fe pipe has already power on, STATUS: 1
[05:34:06.384] RX< [6] [cam] [40792][tshell][cpc_update_clock:588]actual FE/ME clk: 550MHz
[05:34:06.384] RX< [4] [cam] [40793][tshell][cam_be_core_power_on:1028]be pipe has already power on, STATUS: 1
[05:34:06.384] RX< [6] [cam] [
[05:34:06.387] RX< 40793][tshell][cpc_update_clock:593]actual BE clk: 500MHz
[05:34:06.387] RX< [7] [cam] [40794][tshell][cam_cpm_core_power_on:435]id,0 type,1 ret 0
[05:34:06.387] RX< [6] [cam] [40794][tshell][cam_cpm_core_init:1017]E id,0 sensor type,1
[05:34:06.387] RX< [6] [cam] [40795][tshell][cpm_core_check_tuningbin:957]T
[05:34:06.388] RX< uning bin crc check PASS! sum 0xfa5abf97, xor 0x6a6c89c1
[05:34:06.388] RX< [6] [cam] [40795][tshell][qpc_tuning_check_iqbin_validness:396]IQ bin addr: 0x8869de60, project_name: capture_12M
[05:34:06.388] RX< [6] [cam] [40796][tshell][qpc_tuning_check_iqbin_validness:397]total_size: 108928
[05:34:06.388] RX< [6
[05:34:06.390] RX< ] [cam] [40796][tshell][qpc_tuning_check_iqbin_validness:398]id_count: 93. ID_TOTAL: 94
[05:34:06.390] RX< [6] [cam] [40797][tshell][qpc_tuning_check_iqbin_validness:399]spinel tuning data ver: V1.30
[05:34:06.390] RX< [6] [cam] [40797][tshell][cpm_core_check_tuningbin:971]IQ bin check succes
[05:34:06.390] RX< s!
[05:34:06.390] RX< [6] [cam] [40798][tshell][cam_bm_core_init:94]E
[05:34:06.390] RX< [6] [cam] [40798][tshell][bm_lab_init:174]X ctx size 4 addr 0x884a9338
[05:34:06.390] RX< [6] [cam] [40799][tshell][cam_bm_core_init:114]X ctx size 180 addr 0x884db5b0
[05:34:06.390] RX< [6] [cam] [40799][tshell][qpc_core_init:1299]E id,0
[05:34:06.390] RX< [
[05:34:06.397] RX< 6] [cam] [40800][tshell][qpc_queue_init:65]QPC init qnodes 8, size 508, pool 0x884dbb90
[05:34:06.397] RX< [6] [cam] [40800][tshell][_qpc_get_cap_cfg_para:900]preset capCfg 200 3 5
[05:34:06.397] RX< [7] [cam] [40800][tshell][_qpc_cfg_hdr_frms:848]hdr preset - gainThres 1600
[05:34:06.397] RX< FrmNB:	TNR	|EV-	|
[05:34:06.397] RX< EV0	|EV+
[05:34:06.397] RX< LDR:	 0	| 1	| -	| 5
[05:34:06.397] RX< LLLDR:	 0	| 1	| -	| 5
[05:34:06.397] RX< HDR:	 0	| 1	| 5	| 3
[05:34:06.397] RX< LLHDR:	 0	| 1	| 5	| 3
[05:34:06.397] RX< 
[05:34:06.397] RX< [6] [cam] [40806][tshell][qpc_core_init:1347]X ctx size 1288 addr 0x884db678
[05:34:06.397] RX< [6] [cam] [40806][tshell][cpm_core_get_param:764]cpm para chk: tunBin-w 4000 h 3000 i
[05:34:06.402] RX< mg-w 4032 h 3024
[05:34:06.402] RX< [6] [cam] [40807][tshell][cam_fe_core_init:436]E id,0
[05:34:06.402] RX< [6] [cam] [40807][tshell][cam_fe_core_init:490]X ctx size 96 addr 0x884ec8d0
[05:34:06.402] RX< [7] [cam] [40808][tshell][qpc_core_fe_chords_init:1763][34mqpc fe init snsOut w 4032 h 3024, tbl w 28 h 2
[05:34:06.402] RX< 0[0m
[05:34:06.402] RX< [6] [cam] [40808][tshell][cam_me_core_init:1523]X ctx size 1352 addr 0x884eec80
[05:34:06.402] RX< [34m[ME SLICE CFG] perf=1561(us)!
[05:34:06.402] RX< [0m[6] [cam] [40811][tshell][cam_bayer_fe_3a_stats_core_init:445]fe 3a id,0
[05:34:06.402] RX< [6] [cam] [40811][tshell][cam_bayer_fe_3a_stats_core_init
[05:34:06.405] RX< :490]X ctx size 132 addr 0x884f76a0
[05:34:06.405] RX< [6] [cam] [40812][tshell][cam_be_core_init:621]E id,0
[05:34:06.405] RX< [7] [cam] [40812][be0][be_core_irq_proc:270]thread start cid,0
[05:34:06.405] RX< [6] [cam] [40812][tshell][cam_be_core_init:716]X ctx size 472 addr 0x884f7a30
[05:34:06.405] RX< [6] [cam] [40813][tshel
[05:34:06.405] RX< l][cam_lite_core_init:433]E id,0
[05:34:06.405] RX< [7] [cam] [40813][lite0][lite_core_irq_proc:152]thread start cid,0
[05:34:06.405] RX< [6] [cam] [40813][tshell][cam_lite_core_init:497]X ctx size 164 addr 0x884fa480
[05:34:06.405] RX< [6] [cam] [40814][tshell][awb_wrapper_init:66]xxx awb_bin=0x884de27c, awb_
[05:34:06.409] RX< bin_length=8068
[05:34:06.409] RX< [6] [cam] [40814][tshell][awb_wrapper_init:86]X algo_handle 0x885024c8
[05:34:06.409] RX< [7] [cam] [40815][awb0][a5_core_wrapper_task:252]thread start cid,0 algo type,2
[05:34:06.409] RX< [6] [cam] [40815][tshell][a5_core_init_task:426]thread created: awb0 mq=0x88504588 threa
[05:34:06.409] RX< d=0x885046a0 sem=0x88504518 ret=0
[05:34:06.409] RX< [6] [cam] [40816][tshell][bayer_ae_wrapper_init:68]E id,0 proc mode 1 
[05:34:06.409] RX< 
[05:34:06.409] RX< [AEC Proc] @[allib_ae_set_debug_log_flag] Line:129:[DEBUG] debug level/to_file/to_terminal: 22/1/1
[05:34:06.409] RX< [AEC Proc] @[AeInit] Line:377:[INFO] AE ver: 2026_
[05:34:06.412] RX< V2.269
[05:34:06.412] RX< 
[05:34:06.412] RX< [AEC Proc] @[allib_ae_loadfunc] Line:193:[INFO] camera ID: 0
[05:34:06.412] RX< [AEC Proc] @[AeInit] Line:404:[DEBUG] init imu detector sucessed!
[05:34:06.412] RX< [AEC Proc] @[AeInit] Line:406:[DEBUG] imu init errcode:0
[05:34:06.412] RX< [AEC Proc] @[alAE_set_param] Line:576:[DEBUG] sw_maxtime 33044
[05:34:06.412] RX<  ,pertline 9444, after check sensor step sw_max_time 33039.00
[05:34:06.412] RX< [AEC Proc] @[alAE_set_param] Line:581:[DEBUG] sw_mintime 37 ,pertline 9444, after check sensor step sw_min_time 36.00
[05:34:06.412] RX< [AEC Proc] @[alAE_set_param] Line:514:[DEBUG] DEBUG minbv exptime 9 gain 10
[05:34:06.414] RX< 0, minExpBV 14098
[05:34:06.414] RX< [AEC Proc] @[AeTuningParseSet] Line:167:[DEBUG] aeparam version 2.268 60818
[05:34:06.414] RX< [AEC Proc] @[alAE_set_param] Line:341:[DEBUG] INITEXP gain 100, shutter 8000, midtonegain 100, bv 4303
[05:34:06.414] RX< [6] [cam] [40823][tshell][bayer_ae_wrapper_init:119]X tli
[05:34:06.415] RX< ne 9444 max_exp 33044 alg_hdl 0x88506e50 
[05:34:06.415] RX< [7] [cam] [40823][b_ae0][a5_core_wrapper_task:252]thread start cid,0 algo type,0
[05:34:06.415] RX< [6] [cam] [40824][tshell][a5_core_init_task:426]thread created: b_ae0 mq=0x8850dd70 thread=0x8850de88 sem=0x8850dd00 ret=0
[05:34:06.415] RX< [6] [cam]
[05:34:06.417] RX<  [40824][tshell][atf_wrapper_init:67]E id,0
[05:34:06.417] RX< [6] [cam] [40825][tshell][atf_wrapper_init:107]X alg_ctx addr 0x88510348
[05:34:06.417] RX< [7] [cam] [40825][atf0][a5_core_wrapper_task:252]thread start cid,0 algo type,1
[05:34:06.417] RX< [6] [cam] [40826][tshell][a5_core_init_task:426]thread cr
[05:34:06.417] RX< eated: atf0 mq=0x885126a0 thread=0x885127b8 sem=0x88512630 ret=0
[05:34:06.417] RX< [6] [cam] [40826][tshell][cam_cpm_core_init:1149]X ctx size 1096 addr 0x884db158
[05:34:06.417] RX< [6] [cam] [40827][tshell][csc_open:599]ok! phys_id[1], phys_num[1] 
[05:34:06.417] RX< [6] [cam] [40827][tshell][cam_open:738]op
[05:34:06.426] RX< en ok! camera_id[0]
[05:34:06.426] RX< [34m[cam open] perf=48969(us)!
[05:34:06.426] RX< [0m[6] [App Cam] cam open success
[05:34:06.426] RX< [6] [cam] [40833][tshell][csc_init:722]sensor info:size:4032x3024, formt: 0x2b, bps: 2496, tline: 9444
[05:34:06.426] RX< [6] [cam] [40833][tshell][cam_sif_mgr_init:261]E id,0
[05:34:06.426] RX< [7] [cam]
[05:34:06.426] RX<  [40834][sif0][sif_irq_proc:151]thread start cid,0
[05:34:06.426] RX< [6] [cam] [40834][tshell][cam_sif_mgr_init:293]X ctx size 52 addr 0x8852b8a0
[05:34:06.426] RX< [7] [cam] [40835][tshell][sif_btm_paramSet:102]btm lite w4032 h3024 binEn1 binRatio2
[05:34:06.426] RX< [7] [cam] [40835][tshell][sif_btm_paramSet
[05:34:06.430] RX< :106]cropSlct2 x0 y0 w4032 h4032
[05:34:06.430] RX< [6] [cam] [40836][tshell][cam_prelude_init_cfg:368]CSI ID is 0,  phy lanes is 2.
[05:34:06.430] RX< [7] [cam] [40836][tshell][check_phy_ready:96]MIPI_PHY[0] is ready
[05:34:06.430] RX< [6] [cam] [40836][tshell][sensor_init:348]sensor [1]: register ok
[05:34:06.430] RX< [6] [cam
[05:34:06.436] RX< ] [40837][tshell][sensor_set_mode:887]sensor [1]: SetMode -> mode = 0.
[05:34:06.436] RX< [6] [cam] [40837][tshell][sensor_send_reg_tab_to_sensor:705]sensor [1]: send_reg_tab_to_sensor E.
[05:34:06.436] RX< [6] [cam] [40840][tshell][sensor_send_reg_tab_to_sensor:751]sensor [1]: reg_count = 77
[05:34:06.437] RX< .
[05:34:06.437] RX< [6] [cam] [40841][tshell][sensor_init:361]sensor [1]: init success.
[05:34:06.437] RX< [6] [cam] [40841][tshell][sensor_set_mode:887]sensor [1]: SetMode -> mode = 1.
[05:34:06.437] RX< [6] [cam] [40842][tshell][sensor_send_reg_tab_to_sensor:705]sensor [1]: send_reg_tab_to_sensor E.
[05:34:06.437] RX< [6] [cam
[05:34:06.439] RX< ] [40846][tshell][sensor_send_reg_tab_to_sensor:751]sensor [1]: reg_count = 84.
[05:34:06.439] RX< [6] [cam] [40846][tshell][csc_init:731]ok! phys_id[1], phys_num[1]
[05:34:06.439] RX< [6] [cam] [40846][tshell][csc_get_bayer_single_buffer:1148]scenario_type: 1
[05:34:06.439] RX< [6] [cam] [40847][tshell][csc_se
[05:34:06.440] RX< t_stats_fmt:98]index 0 w 1 h 1 bw 8 wcmp 255
[05:34:06.440] RX< [7] [cam] [40847][tshell][bm_ioctl:201]BMIOC_STATS_FMT
[05:34:06.440] RX< [6] [cam] [40847][tshell][csc_set_fe_fmt:47]index 1 w 4032 h 3024 bw 10 wcmp 0
[05:34:06.440] RX< [7] [cam] [40848][tshell][bm_ioctl:201]BMIOC_FE_FMT
[05:34:06.440] RX< [6] [cam] [40848][tshel
[05:34:06.442] RX< l][csc_set_lite_fmt:115]index 2 w 1008 h 720 bw 8 wcmp 255
[05:34:06.442] RX< [7] [cam] [40849][tshell][bm_ioctl:201]BMIOC_LITE_FMT
[05:34:06.442] RX< [6] [cam] [40849][tshell][csc_set_lite_fmt:115]index 21 w 1008 h 720 bw 8 wcmp 255
[05:34:06.442] RX< [7] [cam] [40850][tshell][bm_ioctl:201]BMIOC_LITE_FMT
[05:34:06.442] RX< [6] 
[05:34:06.443] RX< [cam] [40850][tshell][csc_set_be_fmt:81]index 25 w 0 h 0 bw 8 wcmp 255
[05:34:06.443] RX< [7] [cam] [40850][tshell][bm_ioctl:201]BMIOC_BE_FMT
[05:34:06.443] RX< [6] [cam] [40850][tshell][csc_set_be_fmt:81]index 22 w 480 h 360 bw 8 wcmp 255
[05:34:06.443] RX< [7] [cam] [40851][tshell][bm_ioctl:201]BMIOC_BE_FMT
[05:34:06.445] RX< [6] [cam] [40851][tshell][csc_set_me_fmt:64]index 5 w 3024 h 4032 bw 10 wcmp 0, rdma_addr 0x8945f400, wdma_addr 0x8945f400
[05:34:06.445] RX< [7] [cam] [40852][tshell][bm_ioctl:201]BMIOC_ME_FMT
[05:34:06.445] RX< [6] [cam] [40852][tshell][csc_set_me_fmt:64]index 6 w 3024 h 4032 bw 8 wcmp 255,
[05:34:06.445] RX<  rdma_addr 0x8a247700, wdma_addr 0x8c000000
[05:34:06.445] RX< [6] [cam] [40853][tshell][cam_me_core_buffer_cfg:1416]
[05:34:06.445] RX< ----ME PIPE INFO---
[05:34:06.445] RX<  wdma_buf_num:1, rotation_en: 1
[05:34:06.445] RX< [7] [cam] [40853][tshell][cam_me_core_buffer_cfg:1424]yuv wdma_addr 0:0x8c000000, meta_en: 0, 0x00000000
[05:34:06.448] RX< 
[05:34:06.448] RX< [7] [cam] [40854][tshell][bm_ioctl:201]BMIOC_ME_FMT
[05:34:06.448] RX< [6] [cam] [40854][tshell][csc_init:739]get otp ok! phys_id[1], phys_num[1]
[05:34:06.448] RX< [6] [cam] [40855][tshell][cam_init:828]init ok! logic_id[0]
[05:34:06.448] RX< [34m[cam init] perf=21826(us)!
[05:34:06.448] RX< [0m[6] [App Cam] cam init succes
[05:34:06.448] RX< s
[05:34:06.448] RX< [7] [cam] [40856][tshell][cam_cpm_core_stream_on:560]id 0 sensor type 1
[05:34:06.448] RX< [6] [cam] [40856][tshell][sensor_stream_on:1024]sensor [1]: stream_on
[05:34:06.448] RX< [6] [cam] [40856][tshell][sensor_stream_on:1052]sensor [1]: REG: 0x100, W:0x1.
[05:34:06.448] RX< [6] [cam] [40857][tshell][senso
[05:34:06.465] RX< r_stream_on:1054]sensor [1]: REG: 0x100, R:0x1.
[05:34:06.465] RX< [6] [cam] [40857][tshell][csc_prv_start:873]ok! phys_id[1], phys_num[1], cam_ids[1]
[05:34:06.465] RX< [6] [cam] [40858][tshell][cam_start:938]preview start ok! logic_id[0]
[05:34:06.465] RX< [34m[cam start] perf=2325(us)!
[05:34:06.465] RX< [0m[6] [App Cam] ca
[05:34:06.506] RX< m start success
[05:34:06.506] RX< [6] [App Dfs] Gravity_XR Capture Start
[05:34:06.506] RX< msh /emmc>[7] [cam] [40859][b_3a_sts][bayer_stats_core_irq_proc:164]thread start cid,0
[05:34:06.506] RX< [7] [cam] [40859][fe0][fe_core_irq_proc:98]thread start cid,0
[05:34:06.506] RX< [34m[AE] fid=0,exp=10962,adg=400,Y=1211,mtg=100,sh
[05:34:06.840] RX< g=100,bgbv=1917,iso=400,cnv0,hdr0
[05:34:06.840] RX< [0m[34m[b_ae0 proc] perf=2762(us), max=2762(us)!
[05:34:06.840] RX< [0m[34m[awb0 proc] perf=1371(us), max=1371(us)!
[05:34:06.840] RX< [0m[34m[AE conv] fid=10,exp=15507,adg=400,Y=5833,mtg=499,shg=100,bgbv=1417,iso=400,cnv1,hdr1
[05:34:06.840] RX< [0m[7] [cam] [41231][fe0
[05:34:06.841] RX< ][_qpc_hdr_rslt_chk:1668]
[05:34:06.841] RX< ALG: EV0 t15507 g400 | EV+ t15507 g400 | EV- t10422 g119
[05:34:06.841] RX< [6] [cam] [41232][fe0][qpc_core_hdr_mapExp_cfg:1736]evMapExp set OK, typ:2 1 FF num:5 1 0
[05:34:06.841] RX< [34m[cap] FE sync ME @fid10 as mod2 cfg0x01, cap 6frms @fid+2
[05:34:06.841] RX< [0m[7] [cam] [41
[05:34:06.919] RX< 234][qpc0][qpc_core_hdr_upd_sensor:559][HDRupd]: Sns cap-0 EV:0->2 st-15507 ag-400
[05:34:06.919] RX< [7] [cam] [41280][qpc0][qpc_core_hdr_upd_me:613][HDRupd] ME cap-0 EV:0->2, dg-100
[05:34:06.919] RX< [7] [JPEG] frame num=6, pre frame=1106830 Bytes
[05:34:06.919] RX< [exif] oFrm 0 evP 0 evM -231 bv 1415 exp 15
[05:34:06.952] RX< 507 iso 400 time 41285
[05:34:06.952] RX< [6] [cam] [41301][fe0][_cpm_cb_jpegInfo_proc:618]SnapStream E @ frm13!
[05:34:06.952] RX< [6] [cam] [41314][me0][cpm_cb_fe2me_tikChk:152]frm_length 33330us, fe2me delta 11
[05:34:06.952] RX< [32m[BE] fid=0, perf=5525(us), max=5525(us)!
[05:34:06.952] RX< [0m[34m[cap] fid: me0 fe14, per
[05:34:07.106] RX< f=488243(us)!
[05:34:07.106] RX< [0m[7] [cam] [41346][me0][me_core_thread:359]ME out fid 0
[05:34:07.106] RX< [7] [cam] [41403][qpc0][qpc_core_hdr_upd_sensor:559][HDRupd]: Sns cap-5 EV:2->1 st-10422 ag-119
[05:34:07.106] RX< [exif] oFrm 5 evP 0 evM -231 bv 1415 exp 10422 iso 119 time 41456
[05:34:07.106] RX< [6] [cam] [41500][fe
[05:34:07.594] RX< 0][_cpm_cb_jpegInfo_proc:626]SnapStream X @ frm19!
[05:34:07.594] RX< [34m[cap] fid: me5 fe19, perf=31441(us)!
[05:34:07.594] RX< [0m[34m[AE] fid=30,exp=33039,adg=1600,Y=5209,mtg=350,shg=100,bgbv=-4622,iso=12338,cnv1,hdr1
[05:34:07.594] RX< [0m[6] [App Dfs] Gravity_XR Capture Stop Success: total frames = 6
[05:34:07.594] RX< [
[05:34:07.594] RX< 6] [cam] [42001][DfsSend][sensor_stream_off:1188]sensor [1]: stream_off
[05:34:07.594] RX< [6] [cam] [42001][DfsSend][sensor_stream_off:1217]sensor [1]: REG: 0x100, W:0x0.
[05:34:07.594] RX< [6] [cam] [42002][DfsSend][sensor_stream_off:1219]sensor [1]: REG: 0x100, R:0x0.
[05:34:07.594] RX< [6] [cam] [42002][Df
[05:34:07.596] RX< sSend][csc_prv_stop:983]ok! phys_id[1], phys_num[1], stop_type = 0
[05:34:07.596] RX< [6] [cam] [42002][DfsSend][cam_stop:1058]preview stop ok! logic_id[0]
[05:34:07.596] RX< [34m[cam stop] perf=2370(us)!
[05:34:07.596] RX< [0m[6] [App Cam] cam stop success
[05:34:07.596] RX< [7] [cam] [42004][DfsSend][cam_cpm_core_power_off:4
[05:34:07.596] RX< 67]id,0 type,1 ret 0
[05:34:07.596] RX< [6] [cam] [42004][sif0][sif_irq_proc:174]thread release cid,0
[05:34:07.596] RX< [6] [cam] [42004][DfsSend][cam_sif_mgr_deinit:316]X
[05:34:07.596] RX< [6] [cam] [42004][DfsSend][cam_deinit:887]deinit ok! logic_id[0]
[05:34:07.596] RX< [34m[cam deinit] perf=1398(us)!
[05:34:07.596] RX< [0m[6] [App Cam] cam
[05:34:07.599] RX<  deinit success
[05:34:07.599] RX< [6] [cam] [42005][DfsSend][sensor_close:1292]sensor [1]: close!
[05:34:07.599] RX< [6] [cam] [42006][DfsSend][cam_bm_core_deinit:136]X
[05:34:07.599] RX< [INFO]	cpm[0] snsType1 capMod2 cfg0x01 6frms
[05:34:07.599] RX< [6] [cam] [42006][be0][be_core_irq_proc:329]thread release cid,0
[05:34:07.599] RX< [6] [cam] [4
[05:34:07.599] RX< 2006][DfsSend][cam_be_core_deinit:793]X
[05:34:07.599] RX< [6] [cam] [42007][me0][me_core_thread:404]thread release cid,0
[05:34:07.599] RX< [6] [cam] [42007][DfsSend][cam_me_core_deinit:1551]X
[05:34:07.599] RX< [6] [cam] [42008][fe0][fe_core_irq_proc:121]thread release cid,0
[05:34:07.599] RX< [6] [cam] [42008][DfsSend][cam_fe
[05:34:07.602] RX< _core_deinit:536]X
[05:34:07.602] RX< [6] [cam] [42008][b_3a_sts][bayer_stats_core_irq_proc:193]thread release cid,0
[05:34:07.602] RX< [6] [cam] [42008][DfsSend][cam_bayer_stats_core_deinit:512]X
[05:34:07.602] RX< [6] [cam] [42009][lite0][lite_core_irq_proc:190]thread release cid,0
[05:34:07.602] RX< [6] [cam] [42009][DfsSend]
[05:34:07.602] RX< [cam_lite_core_deinit:556]X
[05:34:07.602] RX< [6] [cam] [42010][b_ae0][a5_core_wrapper_task:315]thread release cid,0,algo,0
[05:34:07.602] RX< [6] [cam] [42010][DfsSend][bayer_ae_wrapper_deinit:204]X
[05:34:07.602] RX< [6] [cam] [42011][atf0][a5_core_wrapper_task:315]thread release cid,0,algo,1
[05:34:07.602] RX< [6] [cam] [420
[05:34:07.604] RX< 11][DfsSend][atf_wrapper_deinit:153]X
[05:34:07.604] RX< [6] [cam] [42011][awb0][a5_core_wrapper_task:315]thread release cid,0,algo,2
[05:34:07.604] RX< [6] [cam] [42011][DfsSend][awb_wrapper_deinit:153]X
[05:34:07.604] RX< [6] [cam] [42012][DfsSend][cam_5a_core_deinit:555]X
[05:34:07.604] RX< [6] [cam] [42012][DfsSend][cam_5a_i
[05:34:07.605] RX< nf_deinit:149]X
[05:34:07.605] RX< [6] [cam] [42013][qpc0][qpc_core_msg_proc:705]thread release cid,0
[05:34:07.605] RX< [6] [cam] [42013][DfsSend][qpc_core_deinit:1413]X
[05:34:07.605] RX< [6] [cam] [42013][DfsSend][cam_cpm_core_deinit:1248]X
[05:34:07.605] RX< [6] [cam] [42013][DfsSend][csc_close:656]ok! phys_id[1], phys_num[1
[05:34:07.613] RX< ]
[05:34:07.613] RX< [7] [cam] [42014][cer0][cer_recovery_proc:352]msg type = 254
[05:34:07.613] RX< [6] [cam] [42014][cer0][cer_recovery_proc:454]thread release cid,0
[05:34:07.613] RX< [6] [cam] [42015][DfsSend][cer_deinit:560]X
[05:34:07.613] RX< [6] [cam] [42015][DfsSend][cam_close:789]close ok! logic_id[0]
[05:34:07.613] RX< [34m[cam close]
[05:34:07.613] RX<  perf=9853(us)!
[05:34:07.613] RX< [0m[6] [App Cam] cam close success
[05:34:07.613] RX< [6] [cam] [42016][cpl0][cam_prelude_proc_routine:136]thread release
[05:34:07.613] RX< [6] [cam] [42016][DfsSend][cam_exit:571]exit ok!
[05:34:07.613] RX< [34m[cam exit] perf=653(us)!
[05:34:07.613] RX< [0m[6] [App Cam] cam exit success
[05:34:07.613] RX< [6] [App Cam] jpeg 
[05:34:09.616] RX< deinit success
[05:34:09.616] RX< [6] [App Dfs] Save Photo Successful: /emmc/PIC/20260101_000040_0859/
[05:34:09.616] RX< [6] [App Dfs] Capture completed successfully.
[05:34:13.636] TX> cam_set video 1080p
[05:34:13.636] TX> echo "__EVBTEST_END_2394504b__"
[05:34:15.622] RX< cam_set video 1080p
[05:34:15.622] RX< [6] [App Dfs] w(1920) * h(1080) is 1080p, eis 1
[05:34:15.622] RX< msh /emmc>echo "__EVBTEST_END_2394504b__"
[05:34:15.622] RX< __EVBTEST_END_2394504b__
[05:34:15.622] RX< msh /emmc>
[05:34:15.632] TX> dfs_video_start
[05:34:15.861] RX< dfs_video_start
[05:34:15.861] RX< [7] [cam] [50266][tshell][cgm_parse_bin:104]total logical camera num: 1
[05:34:15.861] RX< [6] [cam] [50266][tshell][cam_prelude_create:187]E id, 0
[05:34:15.861] RX< [7] [cam] [50266][cpl0][cam_prelude_proc_routine:101]thread start
[05:34:15.861] RX< [6] [cam] [50266][tshell][cam_prelude_create
[05:34:15.861] RX< :214]X ctx size 132 addr 0x884de450
[05:34:15.861] RX< [6] [cam] [50270][tshell][sensor_probe:418]sensor [1]: identifing 0 success.
[05:34:15.861] RX< [6] [cam] [50271][tshell][sensor_probe:441]sensor [1]: probe exit!
[05:34:15.861] RX< [6] [cam] [50271][tshell][cam_prelude_fast_probe:251]cam: 0 probe result: 
[05:34:15.864] RX< 0
[05:34:15.864] RX< [6] [cam] [50271][tshell][cgm_parse_bin:218]cam(0) probe success
[05:34:15.864] RX< [6] [cam] [50272][tshell][cam_entry:455]entry ok
[05:34:15.864] RX< [34m[cam entry] perf=6281(us)!
[05:34:15.864] RX< [0m[6] [App Cam] cam entry success
[05:34:15.864] RX< [7] [cam] [50272][tshell][cam_solve_layout:350][mLayout] param OK, sce
[05:34:15.867] RX< n3 iw4032 ih2268 ow1920 oh1080 gdc 0x1
[05:34:15.867] RX< [36m[mLayout] scen03 in=4032x2268,out=1920x1080 meRot1 stripe0 gdcOn1
[05:34:15.867] RX< [0m[36m[mLayout] scen03 14entries solved status=OK retry=0 rtmp=enabled (cursor0=0x8a00f210 cursor1=0x88e20aa0, ch0/1/2 cnt=5/3/1)
[05:34:15.867] RX< [0m[7] [ca
[05:34:15.867] RX< m] [50274][tshell][cam_solve_layout:377]
[05:34:15.867] RX< [mLayout] out vol 0x8c000000 rBuf 0x8a5e5400 sz 0xd00000 wBuf 0x89700000 sz 0x900000
[05:34:15.867] RX<           rtmp tBuf 0x8a10f210 sz 0x80000 aBuf 0x8a08f210 sz 0x80000
[05:34:15.867] RX<        alg EIS buf 0x8a00f210
[05:34:15.867] RX< [7] [cam] [50275][tshell][cam_
[05:34:15.869] RX< solve_layout:397]Solve Scen3 layout Done!
[05:34:15.869] RX< [6] [cam] [50276][tshell][cgm_parse_media_para:274]phy cam num: 1
[05:34:15.869] RX< [7] [cam] [50276][cer0][cer_recovery_proc:343]thread start cid, 0
[05:34:15.869] RX< [6] [cam] [50277][tshell][csc_open:499]SENSOR MCLK cal: 24MHz
[05:34:15.869] RX< [6] [cam] [50277][
[05:34:15.870] RX< tshell][csc_isp_clk_cal:344]MIPI CLK cal: 277MHz
[05:34:15.870] RX< [6] [cam] [50277][tshell][csc_isp_clk_cal:374]LITE CLK cal: 25MHz
[05:34:15.870] RX< [7] [cam] [50278][tshell][cpc_csi_rx_power_on:633]E id: 2
[05:34:15.870] RX< [4] [cam] [50278][tshell][cpc_csi_rx_power_on:644]csi_2 has already power on, STA
[05:34:15.874] RX< TUS: 1
[05:34:15.874] RX< [6] [cam] [50278][tshell][cpc_update_clock:603]actual SNS mclk: 24MHz
[05:34:15.874] RX< [6] [cam] [50279][tshell][cpc_update_clock:608]actual MIPI0: 300MHz
[05:34:15.874] RX< [6] [cam] [50279][tshell][cpc_update_clock:598]actual LITE clk: 25MHz
[05:34:15.874] RX< [7] [cam] [50280][tshell][cam_prelude_o
[05:34:15.875] RX< pen:297][34msnsOpen camID1 csiID0 phyIdx0[0m
[05:34:15.875] RX< [6] [cam] [50283][tshell][sensor_expo_gain_match:48]sensor get sensor expo gain of imx681_vst
[05:34:15.875] RX< [6] [cam] [50283][tshell][sensor_open:684]sensor [1] open OK.
[05:34:15.875] RX< [6] [cam] [50283][tshell][cam_cpm_parse_media:295]vi
[05:34:15.877] RX< deo scenario:3, media para[fps:0, mirror_en:0, flip_en:0]
[05:34:15.877] RX< [6] [cam] [50284][tshell][cam_cpm_parse_media:298]video scenario, media para[iso:0, gain:0, wb_mode:0]
[05:34:15.877] RX< [6] [cam] [50285][tshell][csc_isp_clk_cal:355]FE CLK cal: 373MHz, ME CLK cal: 371MHz, FE/ME CL
[05:34:15.877] RX< K cal: 410MHz
[05:34:15.877] RX< [6] [cam] [50285][tshell][csc_isp_clk_cal:364]BE CLK cal: 301MHz
[05:34:15.877] RX< [4] [cam] [50286][tshell][cam_fe_core_power_on:269]fe pipe has already power on, STATUS: 1
[05:34:15.877] RX< [6] [cam] [50286][tshell][cpc_update_clock:588]actual FE/ME clk: 500MHz
[05:34:15.877] RX< [4] [cam] [5
[05:34:15.880] RX< 0286][tshell][cam_be_core_power_on:1028]be pipe has already power on, STATUS: 1
[05:34:15.880] RX< [6] [cam] [50287][tshell][cpc_update_clock:593]actual BE clk: 500MHz
[05:34:15.880] RX< [7] [cam] [50287][tshell][cam_cpm_core_power_on:435]id,0 type,1 ret 0
[05:34:15.880] RX< [6] [cam] [50288][tshell][cam_cpm_co
[05:34:15.880] RX< re_init:1017]E id,0 sensor type,1
[05:34:15.880] RX< [6] [cam] [50289][tshell][cpm_core_check_tuningbin:957]Tuning bin crc check PASS! sum 0x17a5964, xor 0x87e82682
[05:34:15.880] RX< [6] [cam] [50289][tshell][qpc_tuning_check_iqbin_validness:396]IQ bin addr: 0x88646660, project_name: video_3
[05:34:15.883] RX< M
[05:34:15.883] RX< [6] [cam] [50290][tshell][qpc_tuning_check_iqbin_validness:397]total_size: 94400
[05:34:15.883] RX< [6] [cam] [50290][tshell][qpc_tuning_check_iqbin_validness:398]id_count: 93. ID_TOTAL: 94
[05:34:15.883] RX< [6] [cam] [50291][tshell][qpc_tuning_check_iqbin_validness:399]spinel tuning data
[05:34:15.883] RX<  ver: V1.30
[05:34:15.883] RX< [6] [cam] [50291][tshell][cpm_core_check_tuningbin:971]IQ bin check success!
[05:34:15.883] RX< [6] [cam] [50292][tshell][cam_bm_core_init:94]E
[05:34:15.883] RX< [6] [cam] [50292][tshell][bm_lab_init:174]X ctx size 4 addr 0x884b95e0
[05:34:15.883] RX< [6] [cam] [50292][tshell][cam_bm_core_init:114
[05:34:15.897] RX< ]X ctx size 180 addr 0x884c1728
[05:34:15.897] RX< [6] [cam] [50293][tshell][qpc_core_init:1299]E id,0
[05:34:15.897] RX< [6] [cam] [50293][tshell][qpc_queue_init:65]QPC init qnodes 8, size 508, pool 0x884c1d40
[05:34:15.897] RX< [7] [cam] [50293][tshell][_qpc_get_cap_cfg_para:896][fallback]preset capCfg 200 0 
[05:34:15.898] RX< 0 invalid, use default
[05:34:15.898] RX< [7] [cam] [50294][tshell][_qpc_cfg_hdr_frms:840][fallback]preset hdrCfg 0 0 0 0 0 invalid, use default
[05:34:15.898] RX< [6] [cam] [50306][tshell][qpc_core_init:1347]X ctx size 1288 addr 0x884c17f0
[05:34:15.898] RX< [6] [cam] [50306][tshell][cpm_core_get_param:764]cpm
[05:34:15.901] RX<  para chk: tunBin-w 4032 h 2266 img-w 4032 h 2268
[05:34:15.901] RX< [6] [cam] [50307][tshell][cam_fe_core_init:436]E id,0
[05:34:15.901] RX< [6] [cam] [50307][tshell][cam_fe_core_init:490]X ctx size 96 addr 0x884c3158
[05:34:15.901] RX< [7] [cam] [50308][tshell][qpc_core_fe_chords_init:1763][34mqpc fe init s
[05:34:15.901] RX< nsOut w 4032 h 2268, tbl w 28 h 20[0m
[05:34:15.901] RX< [6] [cam] [50308][tshell][cam_me_core_init:1523]X ctx size 1352 addr 0x884f1720
[05:34:15.901] RX< [34m[ME SLICE CFG] perf=484(us)!
[05:34:15.901] RX< [0m[6] [cam] [50310][tshell][cam_bayer_fe_3a_stats_core_init:445]fe 3a id,0
[05:34:15.901] RX< [6] [cam] [50310][tshell
[05:34:15.904] RX< ][cam_bayer_fe_3a_stats_core_init:490]X ctx size 132 addr 0x884fa140
[05:34:15.904] RX< [6] [cam] [50311][tshell][cam_be_core_init:621]E id,0
[05:34:15.904] RX< [7] [cam] [50311][be0][be_core_irq_proc:270]thread start cid,0
[05:34:15.904] RX< [6] [cam] [50311][tshell][cam_be_core_init:716]X ctx size 472 addr 0x
[05:34:15.904] RX< 884fa4d0
[05:34:15.904] RX< [6] [cam] [50312][tshell][awb_wrapper_init:66]xxx awb_bin=0x884e1204, awb_bin_length=8068
[05:34:15.904] RX< [6] [cam] [50312][tshell][awb_wrapper_init:86]X algo_handle 0x885013f8
[05:34:15.904] RX< [7] [cam] [50313][awb0][a5_core_wrapper_task:252]thread start cid,0 algo type,2
[05:34:15.904] RX< [6] 
[05:34:15.908] RX< [cam] [50313][tshell][a5_core_init_task:426]thread created: awb0 mq=0x885034b8 thread=0x885035d0 sem=0x88503448 ret=0
[05:34:15.908] RX< [6] [cam] [50314][tshell][bayer_ae_wrapper_init:68]E id,0 proc mode 0 
[05:34:15.908] RX< 
[05:34:15.908] RX< [AEC Proc] @[allib_ae_set_debug_log_flag] Line:129:[DEBUG] debug 
[05:34:15.908] RX< level/to_file/to_terminal: 22/1/1
[05:34:15.908] RX< [AEC Proc] @[AeInit] Line:377:[INFO] AE ver: 2026_V2.269
[05:34:15.908] RX< 
[05:34:15.908] RX< [AEC Proc] @[allib_ae_loadfunc] Line:193:[INFO] camera ID: 0
[05:34:15.908] RX< [AEC Proc] @[alAE_set_param] Line:576:[DEBUG] sw_maxtime 33004 ,pertline 10800, after check sensor ste
[05:34:15.910] RX< p sw_max_time 33000.00
[05:34:15.910] RX< [AEC Proc] @[alAE_set_param] Line:581:[DEBUG] sw_mintime 43 ,pertline 10800, after check sensor step sw_min_time 40.00
[05:34:15.910] RX< [AEC Proc] @[alAE_set_param] Line:514:[DEBUG] DEBUG minbv exptime 11 gain 100, minExpBV 13810
[05:34:15.910] RX< [AEC Proc] @[AeTun
[05:34:15.911] RX< ingParseSet] Line:167:[DEBUG] aeparam version 2.268 60803
[05:34:15.911] RX< [AEC Proc] @[alAE_set_param] Line:341:[DEBUG] INITEXP gain 100, shutter 33242, midtonegain 100, bv 2247
[05:34:15.911] RX< [6] [cam] [50320][tshell][bayer_ae_wrapper_init:119]X tline 10800 max_exp 33004 alg_hdl 0x885
[05:34:15.913] RX< 05d80 
[05:34:15.913] RX< [7] [cam] [50320][b_ae0][a5_core_wrapper_task:252]thread start cid,0 algo type,0
[05:34:15.913] RX< [6] [cam] [50321][tshell][a5_core_init_task:426]thread created: b_ae0 mq=0x88506e30 thread=0x88506f48 sem=0x88506dc0 ret=0
[05:34:15.913] RX< [6] [cam] [50321][tshell][atf_wrapper_init:6
[05:34:15.913] RX< 7]E id,0
[05:34:15.913] RX< [6] [cam] [50322][tshell][atf_wrapper_init:107]X alg_ctx addr 0x88507320
[05:34:15.913] RX< [7] [cam] [50322][atf0][a5_core_wrapper_task:252]thread start cid,0 algo type,1
[05:34:15.913] RX< [6] [cam] [50323][tshell][a5_core_init_task:426]thread created: atf0 mq=0x88507458 thread=0x
[05:34:15.924] RX< 88507570 sem=0x885073e8 ret=0
[05:34:15.924] RX< [6] [cam] [50323][tshell][cam_cpm_core_init:1101]GDC enabled: video_eis=1, photo_warp=0
[05:34:15.924] RX< [6] [cam] [50332][tshell][cam_dewarp_init:333]table reg: enable:1, blockw:5, inw:1296, inh:2304, mapw:61, maph:35, outw:1920, outh:1080
[05:34:15.924] RX< [
[05:34:15.924] RX< 6] [cam] [50332][tshell][cam_dewarp_init:354]dewarp init: real-IMU consumer registered, reader=0x88507870
[05:34:15.924] RX< [6] [cam] [50333][dwp0][dewarp_thread_entry:164]dewarp thread start, id=0
[05:34:15.924] RX< [6] [cam] [50333][tshell][cam_dewarp_init:379]EIS: dewarp init ok: dwp0 eis
[05:34:15.931] RX< _ctx=0x8a00f210 table_size=12810 reg=61x35x5
[05:34:15.931] RX< [6] [cam] [50334][tshell][cam_cpm_core_init:1131]EIS: dewarp enabled, eis_ctx=0x8a00f210, eis_cfg=0x884c1674
[05:34:15.931] RX< [6] [cam] [50335][tshell][cam_cpm_core_init:1149]X ctx size 1096 addr 0x884c12d0
[05:34:15.931] RX< [6] [cam] [50335][t
[05:34:15.931] RX< shell][csc_open:599]ok! phys_id[1], phys_num[1] 
[05:34:15.931] RX< [6] [cam] [50336][tshell][cam_open:738]open ok! camera_id[0]
[05:34:15.931] RX< [34m[cam open] perf=63870(us)!
[05:34:15.931] RX< [0m[6] [App Cam] cam open success
[05:34:15.931] RX< [6] [cam] [50341][tshell][csc_init:722]sensor info:size:4032x2268, formt: 0x2
[05:34:15.934] RX< b, bps: 1968, tline: 10800
[05:34:15.934] RX< [6] [cam] [50341][tshell][cam_sif_mgr_init:261]E id,0
[05:34:15.934] RX< [7] [cam] [50342][sif0][sif_irq_proc:151]thread start cid,0
[05:34:15.934] RX< [6] [cam] [50342][tshell][cam_sif_mgr_init:293]X ctx size 52 addr 0x88544288
[05:34:15.934] RX< [6] [cam] [50343][tshell][cam_prelud
[05:34:15.934] RX< e_init_cfg:368]CSI ID is 0,  phy lanes is 2.
[05:34:15.934] RX< [7] [cam] [50343][tshell][check_phy_ready:96]MIPI_PHY[0] is ready
[05:34:15.934] RX< [6] [cam] [50344][tshell][sensor_init:348]sensor [1]: register ok
[05:34:15.934] RX< [6] [cam] [50344][tshell][sensor_set_mode:887]sensor [1]: SetMode -> mode = 0.
[05:34:15.943] RX< 
[05:34:15.943] RX< [6] [cam] [50344][tshell][sensor_send_reg_tab_to_sensor:705]sensor [1]: send_reg_tab_to_sensor E.
[05:34:15.943] RX< [6] [cam] [50348][tshell][sensor_send_reg_tab_to_sensor:751]sensor [1]: reg_count = 77.
[05:34:15.943] RX< [6] [cam] [50348][tshell][sensor_init:361]sensor [1]: init success.
[05:34:15.945] RX< [6] [cam] [50348][tshell][sensor_set_mode:887]sensor [1]: SetMode -> mode = 3.
[05:34:15.945] RX< [6] [cam] [50349][tshell][sensor_send_reg_tab_to_sensor:705]sensor [1]: send_reg_tab_to_sensor E.
[05:34:15.945] RX< [6] [cam] [50353][tshell][sensor_send_reg_tab_to_sensor:751]sensor [1]: reg_co
[05:34:15.946] RX< unt = 83.
[05:34:15.946] RX< [6] [cam] [50353][tshell][csc_init:731]ok! phys_id[1], phys_num[1]
[05:34:15.946] RX< [6] [cam] [50353][tshell][csc_get_bayer_single_buffer:1148]scenario_type: 3
[05:34:15.946] RX< [6] [cam] [50354][tshell][csc_set_stats_fmt:98]index 0 w 1 h 1 bw 8 wcmp 255
[05:34:15.946] RX< [7] [cam] [50354][tshell
[05:34:15.948] RX< ][bm_ioctl:201]BMIOC_STATS_FMT
[05:34:15.948] RX< [6] [cam] [50354][tshell][csc_set_fe_fmt:47]index 1 w 4032 h 2268 bw 10 wcmp 0
[05:34:15.948] RX< [7] [cam] [50355][tshell][bm_ioctl:201]BMIOC_FE_FMT
[05:34:15.948] RX< [6] [cam] [50355][tshell][csc_set_me_fmt:64]index 5 w 2268 h 4032 bw 10 wcmp 0, rdma_addr 0x8
[05:34:15.948] RX< 8e43800, wdma_addr 0x88e43800
[05:34:15.948] RX< [7] [cam] [50356][tshell][bm_ioctl:201]BMIOC_ME_FMT
[05:34:15.948] RX< [6] [cam] [50356][tshell][csc_set_video_fmt:1076]meta_addr: 0x8a18f240
[05:34:15.948] RX< [6] [cam] [50357][tshell][csc_set_me_fmt:64]index 6 w 1296 h 2304 bw 8 wcmp 0, rdma_addr 0x8b2e5400, 
[05:34:15.951] RX< wdma_addr 0x8a19fc00
[05:34:15.951] RX< [6] [cam] [50357][tshell][cam_me_core_buffer_cfg:1416]
[05:34:15.951] RX< ----ME PIPE INFO---
[05:34:15.951] RX<  wdma_buf_num:2, rotation_en: 1
[05:34:15.951] RX< [7] [cam] [50358][tshell][cam_me_core_buffer_cfg:1424]yuv wdma_addr 0:0x8a19fc00, meta_en: 1, 0x8a18f240
[05:34:15.951] RX< [7] [cam] [50358][ts
[05:34:15.951] RX< hell][cam_me_core_buffer_cfg:1424]yuv wdma_addr 1:0x8a3c2800, meta_en: 1, 0x8a18f240
[05:34:15.951] RX< [7] [cam] [50359][tshell][bm_ioctl:201]BMIOC_ME_FMT
[05:34:15.951] RX< [6] [cam] [50359][tshell][csc_set_lite_fmt:115]index 13 w 400 h 400 bw 10 wcmp 255
[05:34:15.951] RX< [7] [cam] [50360][tshell][bm_ioctl
[05:34:15.954] RX< :201]BMIOC_LITE_FMT
[05:34:15.954] RX< [6] [cam] [50360][tshell][csc_set_lite_fmt:115]index 14 w 400 h 400 bw 10 wcmp 255
[05:34:15.954] RX< [7] [cam] [50361][tshell][bm_ioctl:201]BMIOC_LITE_FMT
[05:34:15.954] RX< [6] [cam] [50361][tshell][csc_set_be_fmt:81]index 7 w 1920 h 1080 bw 6 wcmp 0
[05:34:15.954] RX< [7] [cam] [50361][t
[05:34:15.954] RX< shell][bm_ioctl:201]BMIOC_BE_FMT
[05:34:15.954] RX< [6] [cam] [50362][tshell][csc_set_be_fmt:81]index 8 w 1920 h 1080 bw 8 wcmp 255
[05:34:15.954] RX< [7] [cam] [50362][tshell][bm_ioctl:201]BMIOC_BE_FMT
[05:34:15.954] RX< [6] [cam] [50362][tshell][cam_dewarp_set_table_base:480]dewarp table base updated: [0]=0x8
[05:34:15.956] RX< 8e20aa0 [1]=0x88e32150
[05:34:15.956] RX< [6] [cam] [50363][tshell][cam_cpm_core_set_dewarp_table_base:1611]dewarp table base updated: [0]=0x88e20aa0 [1]=0x88e32150
[05:34:15.956] RX< [6] [cam] [50363][tshell][csc_init:739]get otp ok! phys_id[1], phys_num[1]
[05:34:15.956] RX< [6] [cam] [50364][tshell][cam_ini
[05:34:15.957] RX< t:828]init ok! logic_id[0]
[05:34:15.957] RX< [34m[cam init] perf=23262(us)!
[05:34:15.957] RX< [0m[6] [App Cam] cam init success
[05:34:15.957] RX< [7] [cam] [50365][tshell][cam_cpm_core_stream_on:560]id 0 sensor type 1
[05:34:15.957] RX< [6] [cam] [50365][tshell][sensor_stream_on:1024]sensor [1]: stream_on
[05:34:15.957] RX< [6] [cam] [50366][
[05:34:15.974] RX< tshell][sensor_stream_on:1052]sensor [1]: REG: 0x100, W:0x1.
[05:34:15.974] RX< [6] [cam] [50366][tshell][sensor_stream_on:1054]sensor [1]: REG: 0x100, R:0x1.
[05:34:15.974] RX< [6] [cam] [50366][tshell][csc_prv_start:873]ok! phys_id[1], phys_num[1], cam_ids[1]
[05:34:15.974] RX< [6] [cam] [50367][tshell][cam_
[05:34:15.974] RX< start:938]preview start ok! logic_id[0]
[05:34:15.974] RX< [34m[cam start] perf=2326(us)!
[05:34:15.974] RX< [0m[6] [App Cam] cam start success
[05:34:15.974] RX< [6] [App Dfs] Gravity_XR Record Start
[05:34:15.974] RX< msh /emmc>[7] [cam] [50368][b_3a_sts][bayer_stats_core_irq_proc:164]thread start cid,0
[05:34:15.974] RX< [7] [cam] [50369][fe
[05:34:16.093] RX< 0][fe_core_irq_proc:98]thread start cid,0
[05:34:16.093] RX< [34m[AE] fid=0,exp=6780,adg=100,Y=6105,mtg=100,shg=100,bgbv=4516,iso=100,cnv0,hdr0
[05:34:16.093] RX< [0m[34m[b_ae0 proc] perf=2829(us), max=2829(us)!
[05:34:16.093] RX< [0m[34m[awb0 proc] perf=1317(us), max=1317(us)!
[05:34:16.093] RX< [0m[7] [cam] [50501][me0][m
[05:34:16.355] RX< e_core_thread:359]ME out fid 0
[05:34:16.355] RX< [6] [cam] [50548][dwp0][cpm_cb_dewarp_handle:1411]EIS: dewarp done frm=0, buf_idx=0
[05:34:16.355] RX< [6] [cam] [50660][me0][cpm_cb_fe2me_tikChk:152]frm_length 88560us, fe2me delta 0
[05:34:16.355] RX< [34m[ME INTP]fid=0, shutter=6780, perf=841(us), max=841(us)
[05:34:17.270] RX< !
[05:34:17.270] RX< [0m[32m[BE] fid=0, perf=6703(us), max=6703(us)!
[05:34:17.270] RX< [0m[6] [App Dfs] f_index = 0, f_len = 60044, cur_total_len = 60132
[05:34:17.270] RX< [34m[AE] fid=30,exp=10000,adg=225,Y=4751,mtg=180,shg=100,bgbv=1816,iso=225,cnv2,hdr0
[05:34:17.270] RX< [0m[7] [cam] [51667][me0][me_core_thread:359]ME o
[05:34:19.256] RX< ut fid 30
[05:34:19.256] RX< [34m[AE] fid=60,exp=10000,adg=225,Y=4779,mtg=180,shg=100,bgbv=1821,iso=225,cnv2,hdr0
[05:34:19.256] RX< [0m[7] [cam] [52667][me0][me_core_thread:359]ME out fid 60
[05:34:19.256] RX< [34m[AE] fid=90,exp=10000,adg=225,Y=4777,mtg=180,shg=100,bgbv=1821,iso=225,cnv2,hdr0
[05:34:19.256] RX< [0m[34m[b_ae
[05:34:19.633] RX< 0 proc] perf=390(us), max=2829(us)!
[05:34:19.633] RX< [0m[34m[awb0 proc] perf=1393(us), max=1588(us)!
[05:34:19.633] RX< [0m[7] [cam] [53667][me0][me_core_thread:359]ME out fid 90
[05:34:19.633] RX< [32m[BE] fid=90, perf=8848(us), max=9278(us)!
[05:34:19.633] RX< [0m[6] [App Dfs] f_index = 90, f_len = 166608, cur_total_len 
[05:34:21.253] RX< = 6778415
[05:34:21.253] RX< [34m[AE] fid=120,exp=10000,adg=225,Y=4790,mtg=180,shg=100,bgbv=1825,iso=225,cnv2,hdr0
[05:34:21.253] RX< [0m[7] [cam] [54666][me0][me_core_thread:359]ME out fid 120
[05:34:21.253] RX< [34m[ME INTP]fid=120, shutter=10000, perf=3(us), max=4949(us)!
[05:34:21.253] RX< [0m[34m[AE] fid=150,exp=10000,ad
[05:34:22.255] RX< g=225,Y=4829,mtg=180,shg=100,bgbv=1836,iso=225,cnv2,hdr0
[05:34:22.255] RX< [0m[7] [cam] [55666][me0][me_core_thread:359]ME out fid 150
[05:34:22.255] RX< [34m[AE] fid=180,exp=10040,adg=225,Y=4722,mtg=180,shg=100,bgbv=1797,iso=225,cnv2,hdr0
[05:34:22.255] RX< [0m[34m[b_ae0 proc] perf=624(us), max=666(us)!
[05:34:22.255] RX< 
[05:34:23.253] RX< [0m[34m[awb0 proc] perf=1339(us), max=1718(us)!
[05:34:23.253] RX< [0m[7] [cam] [56666][me0][me_core_thread:359]ME out fid 180
[05:34:23.253] RX< [32m[BE] fid=180, perf=8861(us), max=8861(us)!
[05:34:23.253] RX< [0m[6] [App Dfs] f_index = 180, f_len = 167431, cur_total_len = 6675166
[05:34:23.253] RX< [34m[AE] fid=210,exp=100
[05:34:24.271] RX< 40,adg=225,Y=4766,mtg=180,shg=100,bgbv=1812,iso=225,cnv2,hdr0
[05:34:24.271] RX< [0m[7] [cam] [57666][me0][me_core_thread:359]ME out fid 210
[05:34:24.271] RX< [34m[AE] fid=240,exp=10040,adg=225,Y=4790,mtg=180,shg=100,bgbv=1820,iso=225,cnv2,hdr0
[05:34:24.271] RX< [0m[6] [cam] [58658][dwp0][cpm_cb_dewarp_hand
[05:34:25.254] RX< le:1411]EIS: dewarp done frm=240, buf_idx=0
[05:34:25.254] RX< [7] [cam] [58666][me0][me_core_thread:359]ME out fid 240
[05:34:25.254] RX< [34m[ME INTP]fid=240, shutter=10040, perf=293(us), max=707(us)!
[05:34:25.254] RX< [0m[34m[AE] fid=270,exp=10040,adg=225,Y=4759,mtg=180,shg=100,bgbv=1808,iso=225,cnv2,hdr0
[05:34:25.630] RX< 
[05:34:25.630] RX< [0m[34m[b_ae0 proc] perf=392(us), max=660(us)!
[05:34:25.630] RX< [0m[34m[awb0 proc] perf=1333(us), max=5351(us)!
[05:34:25.630] RX< [0m[7] [cam] [59666][me0][me_core_thread:359]ME out fid 270
[05:34:25.630] RX< [32m[BE] fid=270, perf=8804(us), max=8861(us)!
[05:34:25.630] RX< [0m[6] [App Dfs] f_index = 270, f_len = 16746
[05:34:27.252] RX< 9, cur_total_len = 6681564
[05:34:27.252] RX< [34m[AE] fid=300,exp=10040,adg=225,Y=4762,mtg=180,shg=100,bgbv=1808,iso=225,cnv2,hdr0
[05:34:27.252] RX< [0m[7] [cam] [60666][me0][me_core_thread:359]ME out fid 300
[05:34:27.252] RX< [34m[AE] fid=330,exp=10040,adg=225,Y=4755,mtg=180,shg=100,bgbv=1808,iso=225,cnv2
[05:34:28.255] RX< ,hdr0
[05:34:28.255] RX< [0m[7] [cam] [61666][me0][me_core_thread:359]ME out fid 330
[05:34:28.255] RX< [34m[AE] fid=360,exp=10040,adg=225,Y=4758,mtg=180,shg=100,bgbv=1808,iso=225,cnv2,hdr0
[05:34:28.255] RX< [0m[34m[b_ae0 proc] perf=386(us), max=648(us)!
[05:34:28.255] RX< [0m[34m[awb0 proc] perf=1369(us), max=1719(us)!
[05:34:28.255] RX< [
[05:34:29.252] RX< 0m[7] [cam] [62665][me0][me_core_thread:359]ME out fid 360
[05:34:29.252] RX< [34m[ME INTP]fid=360, shutter=10040, perf=42(us), max=555(us)!
[05:34:29.252] RX< [0m[32m[BE] fid=360, perf=8844(us), max=8844(us)!
[05:34:29.252] RX< [0m[6] [App Dfs] f_index = 360, f_len = 166922, cur_total_len = 6662744
[05:34:29.252] RX< [34m[AE
[05:34:30.268] RX< ] fid=390,exp=10040,adg=225,Y=4757,mtg=180,shg=100,bgbv=1808,iso=225,cnv2,hdr0
[05:34:30.268] RX< [0m[7] [cam] [63665][me0][me_core_thread:359]ME out fid 390
[05:34:30.268] RX< [34m[AE] fid=420,exp=10040,adg=225,Y=4758,mtg=180,shg=100,bgbv=1808,iso=225,cnv2,hdr0
[05:34:30.268] RX< [0m[7] [cam] [64665][me0][me
[05:34:31.269] RX< _core_thread:359]ME out fid 420
[05:34:31.269] RX< [34m[AE] fid=450,exp=10040,adg=225,Y=4790,mtg=180,shg=100,bgbv=1820,iso=225,cnv2,hdr0
[05:34:31.269] RX< [0m[34m[b_ae0 proc] perf=614(us), max=629(us)!
[05:34:31.269] RX< [0m[34m[awb0 proc] perf=1341(us), max=1667(us)!
[05:34:31.269] RX< [0m[7] [cam] [65665][me0][me_core_th
[05:34:32.269] RX< read:359]ME out fid 450
[05:34:32.269] RX< [32m[BE] fid=450, perf=8826(us), max=8846(us)!
[05:34:32.269] RX< [0m[6] [App Dfs] f_index = 450, f_len = 166986, cur_total_len = 6661949
[05:34:32.269] RX< [34m[AE] fid=480,exp=10040,adg=225,Y=4791,mtg=180,shg=100,bgbv=1820,iso=225,cnv2,hdr0
[05:34:32.269] RX< [0m[6] [cam] [66656][dw
[05:34:33.251] RX< p0][cpm_cb_dewarp_handle:1411]EIS: dewarp done frm=480, buf_idx=0
[05:34:33.251] RX< [7] [cam] [66665][me0][me_core_thread:359]ME out fid 480
[05:34:33.251] RX< [34m[ME INTP]fid=480, shutter=10040, perf=3(us), max=703(us)!
[05:34:33.251] RX< [0m[34m[AE] fid=510,exp=10040,adg=225,Y=4790,mtg=180,shg=100,bgbv=18
[05:34:34.253] RX< 20,iso=225,cnv2,hdr0
[05:34:34.253] RX< [0m[7] [cam] [67665][me0][me_core_thread:359]ME out fid 510
[05:34:34.253] RX< [34m[AE] fid=540,exp=10040,adg=225,Y=4793,mtg=180,shg=100,bgbv=1820,iso=225,cnv2,hdr0
[05:34:34.253] RX< [0m[34m[b_ae0 proc] perf=395(us), max=729(us)!
[05:34:34.253] RX< [0m[34m[awb0 proc] perf=1340(us), m
[05:34:35.251] RX< ax=1740(us)!
[05:34:35.251] RX< [0m[7] [cam] [68665][me0][me_core_thread:359]ME out fid 540
[05:34:35.251] RX< [32m[BE] fid=540, perf=8857(us), max=8862(us)!
[05:34:35.251] RX< [0m[6] [App Dfs] f_index = 540, f_len = 169196, cur_total_len = 6838311
[05:34:35.251] RX< [34m[AE] fid=570,exp=10040,adg=225,Y=4794,mtg=180,shg=100,bg
[05:34:36.350] RX< bv=1820,iso=225,cnv2,hdr0
[05:34:36.350] RX< [0m[7] [cam] [69664][me0][me_core_thread:359]ME out fid 570
[05:34:36.350] RX< [34m[AE] fid=600,exp=10040,adg=225,Y=4796,mtg=180,shg=100,bgbv=1820,iso=225,cnv2,hdr0
[05:34:36.350] RX< [0m[7] [cam] [70664][me0][me_core_thread:359]ME out fid 600
[05:34:36.350] RX< [34m[ME INTP]fid=600
[05:34:37.268] RX< , shutter=10040, perf=4(us), max=174(us)!
[05:34:37.268] RX< [0m[34m[AE] fid=630,exp=10040,adg=225,Y=4794,mtg=180,shg=100,bgbv=1820,iso=225,cnv2,hdr0
[05:34:37.268] RX< [0m[34m[b_ae0 proc] perf=419(us), max=755(us)!
[05:34:37.268] RX< [0m[34m[awb0 proc] perf=1369(us), max=1668(us)!
[05:34:37.268] RX< [0m[7] [cam] [71664][m
[05:34:38.267] RX< e0][me_core_thread:359]ME out fid 630
[05:34:38.267] RX< [32m[BE] fid=630, perf=8850(us), max=8883(us)!
[05:34:38.267] RX< [0m[6] [App Dfs] f_index = 630, f_len = 169327, cur_total_len = 6842398
[05:34:38.267] RX< [34m[AE] fid=660,exp=10040,adg=225,Y=4790,mtg=180,shg=100,bgbv=1820,iso=225,cnv2,hdr0
[05:34:38.267] RX< [0m[7] [c
[05:34:40.268] RX< am] [72664][me0][me_core_thread:359]ME out fid 660
[05:34:40.268] RX< [34m[AE] fid=690,exp=10040,adg=225,Y=4795,mtg=180,shg=100,bgbv=1820,iso=225,cnv2,hdr0
[05:34:40.268] RX< [0m[7] [cam] [73664][me0][me_core_thread:359]ME out fid 690
[05:34:40.268] RX< [34m[AE] fid=720,exp=10040,adg=225,Y=4794,mtg=180,shg=10
[05:34:40.268] RX< 0,bgbv=1820,iso=225,cnv2,hdr0
[05:34:40.268] RX< [0m[34m[b_ae0 proc] perf=391(us), max=833(us)!
[05:34:40.268] RX< [0m[34m[awb0 proc] perf=1316(us), max=1676(us)!
[05:34:40.268] RX< [0m[6] [cam] [74655][dwp0][cpm_cb_dewarp_handle:1411]EIS: dewarp done frm=720, buf_idx=0
[05:34:40.268] RX< [7] [cam] [74664][me0][me_core_threa
[05:34:41.249] RX< d:359]ME out fid 720
[05:34:41.249] RX< [34m[ME INTP]fid=720, shutter=10040, perf=3(us), max=496(us)!
[05:34:41.249] RX< [0m[32m[BE] fid=720, perf=8962(us), max=8962(us)!
[05:34:41.249] RX< [0m[6] [App Dfs] f_index = 720, f_len = 180147, cur_total_len = 6839547
[05:34:41.249] RX< [34m[AE] fid=750,exp=10040,adg=225,Y=4790,mtg=
[05:34:43.250] RX< 180,shg=100,bgbv=1820,iso=225,cnv2,hdr0
[05:34:43.250] RX< [0m[7] [cam] [75664][me0][me_core_thread:359]ME out fid 750
[05:34:43.250] RX< [34m[AE] fid=780,exp=10040,adg=225,Y=4788,mtg=180,shg=100,bgbv=1820,iso=225,cnv2,hdr0
[05:34:43.250] RX< [0m[7] [cam] [76663][me0][me_core_thread:359]ME out fid 780
[05:34:43.250] RX< [34m[A
[05:34:43.602] RX< E] fid=810,exp=10040,adg=225,Y=4756,mtg=180,shg=100,bgbv=1808,iso=225,cnv2,hdr0
[05:34:43.602] RX< [0m[34m[b_ae0 proc] perf=390(us), max=626(us)!
[05:34:43.602] RX< [0m[34m[awb0 proc] perf=1323(us), max=1503(us)!
[05:34:43.602] RX< [0m[7] [cam] [77663][me0][me_core_thread:359]ME out fid 810
[05:34:43.602] RX< [32m[BE] fid=8
[05:34:44.349] RX< 10, perf=8977(us), max=8977(us)!
[05:34:44.349] RX< [0m[6] [App Dfs] f_index = 810, f_len = 180562, cur_total_len = 6841273
[05:34:44.349] RX< [34m[AE] fid=840,exp=10040,adg=225,Y=4787,mtg=180,shg=100,bgbv=1816,iso=225,cnv2,hdr0
[05:34:44.349] RX< [0m[7] [cam] [78663][me0][me_core_thread:359]ME out fid 840
[05:34:44.349] RX< [
[05:34:46.251] RX< 34m[ME INTP]fid=840, shutter=10040, perf=95(us), max=506(us)!
[05:34:46.251] RX< [0m[34m[AE] fid=870,exp=10040,adg=225,Y=4788,mtg=180,shg=100,bgbv=1820,iso=225,cnv2,hdr0
[05:34:46.251] RX< [0m[7] [cam] [79663][me0][me_core_thread:359]ME out fid 870
[05:34:46.251] RX< [34m[AE] fid=900,exp=10040,adg=225,Y=4794
[05:34:46.603] RX< ,mtg=180,shg=100,bgbv=1820,iso=225,cnv2,hdr0
[05:34:46.603] RX< [0m[34m[b_ae0 proc] perf=576(us), max=576(us)!
[05:34:46.603] RX< [0m[34m[awb0 proc] perf=1367(us), max=1647(us)!
[05:34:46.603] RX< [0m[7] [cam] [80663][me0][me_core_thread:359]ME out fid 900
[05:34:46.603] RX< [32m[BE] fid=900, perf=8876(us), max=8977(us)!
[05:34:46.603] RX< [
[05:34:48.266] RX< 0m[6] [App Dfs] f_index = 900, f_len = 168935, cur_total_len = 6812699
[05:34:48.266] RX< [34m[AE] fid=930,exp=10040,adg=225,Y=4794,mtg=180,shg=100,bgbv=1820,iso=225,cnv2,hdr0
[05:34:48.266] RX< [0m[7] [cam] [81663][me0][me_core_thread:359]ME out fid 930
[05:34:48.266] RX< [34m[AE] fid=960,exp=10040,adg=225,Y
[05:34:48.348] RX< =4761,mtg=180,shg=100,bgbv=1808,iso=225,cnv2,hdr0
[05:34:48.348] RX< [0m[6] [cam] [82654][dwp0][cpm_cb_dewarp_handle:1411]EIS: dewarp done frm=960, buf_idx=0
[05:34:48.348] RX< [7] [cam] [82663][me0][me_core_thread:359]ME out fid 960
[05:34:48.348] RX< [34m[ME INTP]fid=960, shutter=10040, perf=3(us), max=577(u
[05:34:49.266] RX< s)!
[05:34:49.266] RX< [0m[34m[AE] fid=990,exp=10040,adg=225,Y=4797,mtg=180,shg=100,bgbv=1820,iso=225,cnv2,hdr0
[05:34:49.266] RX< [0m[34m[b_ae0 proc] perf=391(us), max=629(us)!
[05:34:49.266] RX< [0m[34m[awb0 proc] perf=1317(us), max=1576(us)!
[05:34:49.266] RX< [0m[7] [cam] [83663][me0][me_core_thread:359]ME out fid 990
[05:34:50.264] RX< [32m[BE] fid=990, perf=8876(us), max=8876(us)!
[05:34:50.264] RX< [0m[6] [App Dfs] f_index = 990, f_len = 168918, cur_total_len = 6814285
[05:34:50.264] RX< [34m[AE] fid=1020,exp=10040,adg=225,Y=4765,mtg=180,shg=100,bgbv=1812,iso=225,cnv2,hdr0
[05:34:50.264] RX< [0m[7] [cam] [84662][me0][me_core_thread:359]M
[05:34:52.249] RX< E out fid 1020
[05:34:52.249] RX< [34m[AE] fid=1050,exp=10040,adg=225,Y=4766,mtg=180,shg=100,bgbv=1812,iso=225,cnv2,hdr0
[05:34:52.249] RX< [0m[7] [cam] [85662][me0][me_core_thread:359]ME out fid 1050
[05:34:52.249] RX< [34m[AE] fid=1080,exp=10040,adg=225,Y=4769,mtg=180,shg=100,bgbv=1812,iso=225,cnv2,hdr0
[05:34:52.249] RX< [0
[05:34:52.603] RX< m[34m[b_ae0 proc] perf=414(us), max=671(us)!
[05:34:52.603] RX< [0m[34m[awb0 proc] perf=1339(us), max=1576(us)!
[05:34:52.603] RX< [0m[7] [cam] [86662][me0][me_core_thread:359]ME out fid 1080
[05:34:52.603] RX< [34m[ME INTP]fid=1080, shutter=10040, perf=4(us), max=487(us)!
[05:34:52.603] RX< [0m[32m[BE] fid=1080, perf=8851
[05:34:54.246] RX< (us), max=8876(us)!
[05:34:54.246] RX< [0m[6] [App Dfs] f_index = 1080, f_len = 168978, cur_total_len = 6817689
[05:34:54.246] RX< [34m[AE] fid=1110,exp=10040,adg=225,Y=4761,mtg=180,shg=100,bgbv=1808,iso=225,cnv2,hdr0
[05:34:54.246] RX< [0m[7] [cam] [87662][me0][me_core_thread:359]ME out fid 1110
[05:34:54.246] RX< [34m[AE] fi
[05:34:55.249] RX< d=1140,exp=10040,adg=225,Y=4753,mtg=180,shg=100,bgbv=1808,iso=225,cnv2,hdr0
[05:34:55.249] RX< [0m[7] [cam] [88662][me0][me_core_thread:359]ME out fid 1140
[05:34:55.249] RX< [34m[AE] fid=1170,exp=10040,adg=225,Y=4752,mtg=180,shg=100,bgbv=1808,iso=225,cnv2,hdr0
[05:34:55.249] RX< [0m[34m[b_ae0 proc] perf=391
[05:34:56.265] RX< (us), max=607(us)!
[05:34:56.265] RX< [0m[34m[awb0 proc] perf=1319(us), max=1613(us)!
[05:34:56.265] RX< [0m[7] [cam] [89662][me0][me_core_thread:359]ME out fid 1170
[05:34:56.265] RX< [32m[BE] fid=1170, perf=8861(us), max=8861(us)!
[05:34:56.265] RX< [0m[6] [App Dfs] f_index = 1170, f_len = 169281, cur_total_len = 6860563
[05:34:56.265] RX< 
[05:34:56.346] RX< [34m[AE] fid=1200,exp=10040,adg=225,Y=4753,mtg=180,shg=100,bgbv=1808,iso=225,cnv2,hdr0
[05:34:56.346] RX< [0m[6] [cam] [90653][dwp0][cpm_cb_dewarp_handle:1411]EIS: dewarp done frm=1200, buf_idx=0
[05:34:56.346] RX< [7] [cam] [90662][me0][me_core_thread:359]ME out fid 1200
[05:34:56.346] RX< [34m[ME INTP]fid=12
[05:34:58.248] RX< 00, shutter=10040, perf=4(us), max=142(us)!
[05:34:58.248] RX< [0m[34m[AE] fid=1230,exp=10040,adg=225,Y=4759,mtg=180,shg=100,bgbv=1808,iso=225,cnv2,hdr0
[05:34:58.248] RX< [0m[7] [cam] [91661][me0][me_core_thread:359]ME out fid 1230
[05:34:58.248] RX< [34m[AE] fid=1260,exp=10040,adg=225,Y=4762,mtg=180,shg=10
[05:34:58.622] RX< 0,bgbv=1808,iso=225,cnv2,hdr0
[05:34:58.622] RX< [0m[34m[b_ae0 proc] perf=390(us), max=4401(us)!
[05:34:58.622] RX< [0m[34m[awb0 proc] perf=1369(us), max=1753(us)!
[05:34:58.622] RX< [0m[7] [cam] [92661][me0][me_core_thread:359]ME out fid 1260
[05:34:58.622] RX< [32m[BE] fid=1260, perf=8946(us), max=8946(us)!
[05:34:58.622] RX< [0m[6] [App D
[05:35:00.246] RX< fs] f_index = 1260, f_len = 179216, cur_total_len = 6841561
[05:35:00.246] RX< [34m[AE] fid=1290,exp=10040,adg=225,Y=4757,mtg=180,shg=100,bgbv=1808,iso=225,cnv2,hdr0
[05:35:00.246] RX< [0m[7] [cam] [93661][me0][me_core_thread:359]ME out fid 1290
[05:35:00.246] RX< [34m[AE] fid=1320,exp=10040,adg=225,Y=4754,mt
[05:35:01.247] RX< g=180,shg=100,bgbv=1808,iso=225,cnv2,hdr0
[05:35:01.247] RX< [0m[7] [cam] [94661][me0][me_core_thread:359]ME out fid 1320
[05:35:01.247] RX< [34m[ME INTP]fid=1320, shutter=10040, perf=4(us), max=599(us)!
[05:35:01.247] RX< [0m[34m[AE] fid=1350,exp=10040,adg=225,Y=4754,mtg=180,shg=100,bgbv=1808,iso=225,cnv2,h
[05:35:01.620] RX< dr0
[05:35:01.620] RX< [0m[34m[b_ae0 proc] perf=411(us), max=592(us)!
[05:35:01.620] RX< [0m[34m[awb0 proc] perf=1333(us), max=1596(us)!
[05:35:01.620] RX< [0m[7] [cam] [95661][me0][me_core_thread:359]ME out fid 1350
[05:35:01.620] RX< [32m[BE] fid=1350, perf=8865(us), max=8946(us)!
[05:35:01.620] RX< [0m[6] [App Dfs] f_index = 1350, f_len =
[05:35:03.245] RX<  169246, cur_total_len = 6821594
[05:35:03.245] RX< [34m[AE] fid=1380,exp=10040,adg=225,Y=4755,mtg=180,shg=100,bgbv=1808,iso=225,cnv2,hdr0
[05:35:03.245] RX< [0m[7] [cam] [96661][me0][me_core_thread:359]ME out fid 1380
[05:35:03.245] RX< [34m[AE] fid=1410,exp=10040,adg=225,Y=4746,mtg=180,shg=100,bgbv=1805,iso
[05:35:04.263] RX< =225,cnv2,hdr0
[05:35:04.263] RX< [0m[7] [cam] [97661][me0][me_core_thread:359]ME out fid 1410
[05:35:04.263] RX< [34m[AE] fid=1440,exp=10040,adg=225,Y=4753,mtg=180,shg=100,bgbv=1808,iso=225,cnv2,hdr0
[05:35:04.263] RX< [0m[34m[b_ae0 proc] perf=390(us), max=657(us)!
[05:35:04.263] RX< [0m[34m[awb0 proc] perf=1320(us), max=1
[05:35:04.601] RX< 577(us)!
[05:35:04.601] RX< [0m[6] [cam] [98652][dwp0][cpm_cb_dewarp_handle:1411]EIS: dewarp done frm=1440, buf_idx=0
[05:35:04.601] RX< [7] [cam] [98660][me0][me_core_thread:359]ME out fid 1440
[05:35:04.601] RX< [34m[ME INTP]fid=1440, shutter=10040, perf=3(us), max=258(us)!
[05:35:04.601] RX< [0m[32m[BE] fid=1440, perf=8846(
[05:35:06.244] RX< us), max=8987(us)!
[05:35:06.244] RX< [0m[6] [App Dfs] f_index = 1440, f_len = 168860, cur_total_len = 6857233
[05:35:06.244] RX< [34m[AE] fid=1470,exp=10040,adg=225,Y=4754,mtg=180,shg=100,bgbv=1808,iso=225,cnv2,hdr0
[05:35:06.244] RX< [0m[7] [cam] [99660][me0][me_core_thread:359]ME out fid 1470
[05:35:06.244] RX< [34m[AE] fid
[05:35:07.246] RX< =1500,exp=10040,adg=225,Y=4759,mtg=180,shg=100,bgbv=1808,iso=225,cnv2,hdr0
[05:35:07.246] RX< [0m[7] [cam] [100660][me0][me_core_thread:359]ME out fid 1500
[05:35:07.246] RX< [34m[AE] fid=1530,exp=10040,adg=225,Y=4759,mtg=180,shg=100,bgbv=1808,iso=225,cnv2,hdr0
[05:35:07.246] RX< [0m[34m[b_ae0 proc] perf=391
[05:35:07.620] RX< (us), max=614(us)!
[05:35:07.620] RX< [0m[34m[awb0 proc] perf=1376(us), max=1569(us)!
[05:35:07.620] RX< [0m[7] [cam] [101660][me0][me_core_thread:359]ME out fid 1530
[05:35:07.620] RX< [32m[BE] fid=1530, perf=8857(us), max=8991(us)!
[05:35:07.620] RX< [0m[6] [App Dfs] f_index = 1530, f_len = 168674, cur_total_len = 6835687
[05:35:09.244] RX< [34m[AE] fid=1560,exp=10040,adg=225,Y=4759,mtg=180,shg=100,bgbv=1808,iso=225,cnv2,hdr0
[05:35:09.244] RX< [0m[7] [cam] [102660][me0][me_core_thread:359]ME out fid 1560
[05:35:09.244] RX< [34m[ME INTP]fid=1560, shutter=10040, perf=4(us), max=161(us)!
[05:35:09.244] RX< [0m[34m[AE] fid=1590,exp=10040,adg=225,
[05:35:10.246] RX< Y=4757,mtg=180,shg=100,bgbv=1808,iso=225,cnv2,hdr0
[05:35:10.246] RX< [0m[7] [cam] [103660][me0][me_core_thread:359]ME out fid 1590
[05:35:10.246] RX< [34m[AE] fid=1620,exp=10040,adg=225,Y=4752,mtg=180,shg=100,bgbv=1808,iso=225,cnv2,hdr0
[05:35:10.246] RX< [0m[34m[b_ae0 proc] perf=613(us), max=648(us)!
[05:35:10.246] RX< [0m
[05:35:11.244] RX< [34m[awb0 proc] perf=1337(us), max=1577(us)!
[05:35:11.244] RX< [0m[7] [cam] [104660][me0][me_core_thread:359]ME out fid 1620
[05:35:11.244] RX< [32m[BE] fid=1620, perf=8850(us), max=9007(us)!
[05:35:11.244] RX< [0m[6] [App Dfs] f_index = 1620, f_len = 170046, cur_total_len = 6920675
[05:35:11.244] RX< [34m[AE] fid=1650,exp=1
[05:35:12.261] RX< 0040,adg=225,Y=4753,mtg=180,shg=100,bgbv=1808,iso=225,cnv2,hdr0
[05:35:12.261] RX< [0m[7] [cam] [105660][me0][me_core_thread:359]ME out fid 1650
[05:35:12.261] RX< [34m[AE] fid=1680,exp=10040,adg=225,Y=4745,mtg=180,shg=100,bgbv=1805,iso=225,cnv2,hdr0
[05:35:12.261] RX< [0m[6] [cam] [106651][dwp0][cpm_cb_dewar
[05:35:13.245] RX< p_handle:1411]EIS: dewarp done frm=1680, buf_idx=0
[05:35:13.245] RX< [7] [cam] [106659][me0][me_core_thread:359]ME out fid 1680
[05:35:13.245] RX< [34m[ME INTP]fid=1680, shutter=10040, perf=4(us), max=268(us)!
[05:35:13.245] RX< [0m[34m[AE] fid=1710,exp=10040,adg=225,Y=4744,mtg=180,shg=100,bgbv=1805,iso=225,
[05:35:13.619] RX< cnv2,hdr0
[05:35:13.619] RX< [0m[34m[b_ae0 proc] perf=389(us), max=644(us)!
[05:35:13.619] RX< [0m[34m[awb0 proc] perf=1321(us), max=1614(us)!
[05:35:13.619] RX< [0m[7] [cam] [107659][me0][me_core_thread:359]ME out fid 1710
[05:35:13.619] RX< [32m[BE] fid=1710, perf=8871(us), max=8915(us)!
[05:35:13.619] RX< [0m[6] [App Dfs] f_index = 1710, 
[05:35:15.243] RX< f_len = 168615, cur_total_len = 7127708
[05:35:15.243] RX< [34m[AE] fid=1740,exp=10040,adg=225,Y=4742,mtg=180,shg=100,bgbv=1805,iso=225,cnv2,hdr0
[05:35:15.243] RX< [0m[7] [cam] [108659][me0][me_core_thread:359]ME out fid 1740
[05:35:15.243] RX< [34m[AE] fid=1770,exp=10040,adg=225,Y=4744,mtg=180,shg=100,bgbv=
[05:35:16.245] RX< 1805,iso=225,cnv2,hdr0
[05:35:16.245] RX< [0m[7] [cam] [109659][me0][me_core_thread:359]ME out fid 1770
[05:35:16.245] RX< [34m[AE] fid=1800,exp=10040,adg=225,Y=4748,mtg=180,shg=100,bgbv=1805,iso=225,cnv2,hdr0
[05:35:16.245] RX< [0m[34m[b_ae0 proc] perf=407(us), max=611(us)!
[05:35:16.245] RX< [0m[34m[awb0 proc] perf=1387(u
[05:35:16.618] RX< s), max=1609(us)!
[05:35:16.618] RX< [0m[7] [cam] [110659][me0][me_core_thread:359]ME out fid 1800
[05:35:16.618] RX< [34m[ME INTP]fid=1800, shutter=10040, perf=4(us), max=43(us)!
[05:35:16.618] RX< [0m[32m[BE] fid=1800, perf=8844(us), max=8871(us)!
[05:35:16.618] RX< [0m[6] [App Dfs] f_index = 1800, f_len = 168598, cur_total
[05:35:18.242] RX< _len = 6828405
[05:35:18.242] RX< [34m[AE] fid=1830,exp=10040,adg=225,Y=4750,mtg=180,shg=100,bgbv=1808,iso=225,cnv2,hdr0
[05:35:18.242] RX< [0m[7] [cam] [111659][me0][me_core_thread:359]ME out fid 1830
[05:35:18.242] RX< [34m[AE] fid=1860,exp=10040,adg=225,Y=4751,mtg=180,shg=100,bgbv=1808,iso=225,cnv2,hdr0
[05:35:18.242] RX< [
[05:35:19.260] RX< 0m[7] [cam] [112659][me0][me_core_thread:359]ME out fid 1860
[05:35:19.260] RX< [34m[AE] fid=1890,exp=10040,adg=225,Y=4765,mtg=180,shg=100,bgbv=1812,iso=225,cnv2,hdr0
[05:35:19.260] RX< [0m[34m[b_ae0 proc] perf=391(us), max=625(us)!
[05:35:19.260] RX< [0m[34m[awb0 proc] perf=1323(us), max=1711(us)!
[05:35:19.260] RX< [0m[7]
[05:35:20.260] RX<  [cam] [113658][me0][me_core_thread:359]ME out fid 1890
[05:35:20.260] RX< [32m[BE] fid=1890, perf=8853(us), max=8853(us)!
[05:35:20.260] RX< [0m[6] [App Dfs] f_index = 1890, f_len = 169476, cur_total_len = 6827401
[05:35:20.260] RX< [34m[AE] fid=1920,exp=10040,adg=225,Y=4768,mtg=180,shg=100,bgbv=1812,iso=225
[05:35:21.242] RX< ,cnv2,hdr0
[05:35:21.242] RX< [0m[6] [cam] [114650][dwp0][cpm_cb_dewarp_handle:1411]EIS: dewarp done frm=1920, buf_idx=0
[05:35:21.242] RX< [7] [cam] [114658][me0][me_core_thread:359]ME out fid 1920
[05:35:21.242] RX< [34m[ME INTP]fid=1920, shutter=10040, perf=4(us), max=245(us)!
[05:35:21.242] RX< [0m[34m[AE] fid=1950,exp=100
[05:35:22.244] RX< 40,adg=225,Y=4769,mtg=180,shg=100,bgbv=1812,iso=225,cnv2,hdr0
[05:35:22.244] RX< [0m[7] [cam] [115658][me0][me_core_thread:359]ME out fid 1950
[05:35:22.244] RX< [34m[AE] fid=1980,exp=10040,adg=225,Y=4763,mtg=180,shg=100,bgbv=1812,iso=225,cnv2,hdr0
[05:35:22.244] RX< [0m[34m[b_ae0 proc] perf=390(us), max=766
[05:35:23.241] RX< (us)!
[05:35:23.241] RX< [0m[34m[awb0 proc] perf=1322(us), max=5243(us)!
[05:35:23.241] RX< [0m[7] [cam] [116658][me0][me_core_thread:359]ME out fid 1980
[05:35:23.241] RX< [32m[BE] fid=1980, perf=8844(us), max=8853(us)!
[05:35:23.241] RX< [0m[6] [App Dfs] f_index = 1980, f_len = 169383, cur_total_len = 6823436
[05:35:23.241] RX< [34m[AE] fid
[05:35:24.257] RX< =2010,exp=10040,adg=225,Y=4762,mtg=180,shg=100,bgbv=1808,iso=225,cnv2,hdr0
[05:35:24.257] RX< [0m[7] [cam] [117658][me0][me_core_thread:359]ME out fid 2010
[05:35:24.257] RX< [34m[AE] fid=2040,exp=10040,adg=225,Y=4762,mtg=180,shg=100,bgbv=1808,iso=225,cnv2,hdr0
[05:35:24.257] RX< [0m[7] [cam] [118658][me0][me
[05:35:25.243] RX< _core_thread:359]ME out fid 2040
[05:35:25.243] RX< [34m[ME INTP]fid=2040, shutter=10040, perf=486(us), max=486(us)!
[05:35:25.243] RX< [0m[34m[AE] fid=2070,exp=10040,adg=225,Y=4753,mtg=180,shg=100,bgbv=1808,iso=225,cnv2,hdr0
[05:35:25.243] RX< [0m[34m[b_ae0 proc] perf=421(us), max=681(us)!
[05:35:25.243] RX< [0m[34m[awb0 
[05:35:26.241] RX< proc] perf=1333(us), max=1766(us)!
[05:35:26.241] RX< [0m[7] [cam] [119658][me0][me_core_thread:359]ME out fid 2070
[05:35:26.241] RX< [32m[BE] fid=2070, perf=8923(us), max=8960(us)!
[05:35:26.241] RX< [0m[6] [App Dfs] f_index = 2070, f_len = 175908, cur_total_len = 6940023
[05:35:26.241] RX< [34m[AE] fid=2100,exp=10040,adg=22
[05:35:27.257] RX< 5,Y=4744,mtg=180,shg=100,bgbv=1805,iso=225,cnv2,hdr0
[05:35:27.257] RX< [0m[7] [cam] [120657][me0][me_core_thread:359]ME out fid 2100
[05:35:27.257] RX< [34m[AE] fid=2130,exp=10040,adg=225,Y=4741,mtg=180,shg=100,bgbv=1805,iso=225,cnv2,hdr0
[05:35:27.257] RX< [0m[7] [cam] [121657][me0][me_core_thread:359]ME ou
[05:35:28.258] RX< t fid 2130
[05:35:28.258] RX< [34m[AE] fid=2160,exp=10040,adg=225,Y=4738,mtg=180,shg=100,bgbv=1805,iso=225,cnv2,hdr0
[05:35:28.258] RX< [0m[34m[b_ae0 proc] perf=390(us), max=600(us)!
[05:35:28.258] RX< [0m[34m[awb0 proc] perf=1319(us), max=1884(us)!
[05:35:28.258] RX< [0m[6] [cam] [122649][dwp0][cpm_cb_dewarp_handle:1411]EI
[05:35:28.616] RX< S: dewarp done frm=2160, buf_idx=0
[05:35:28.616] RX< [7] [cam] [122657][me0][me_core_thread:359]ME out fid 2160
[05:35:28.616] RX< [34m[ME INTP]fid=2160, shutter=10040, perf=4(us), max=486(us)!
[05:35:28.616] RX< [0m[32m[BE] fid=2160, perf=8799(us), max=15183(us)!
[05:35:28.616] RX< [0m[6] [App Dfs] f_index = 2160, f_len = 16
[05:35:30.240] RX< 6738, cur_total_len = 6941882
[05:35:30.240] RX< [34m[AE] fid=2190,exp=10040,adg=225,Y=4746,mtg=180,shg=100,bgbv=1805,iso=225,cnv2,hdr0
[05:35:30.240] RX< [0m[7] [cam] [123657][me0][me_core_thread:359]ME out fid 2190
[05:35:30.240] RX< [34m[AE] fid=2220,exp=10040,adg=225,Y=4744,mtg=180,shg=100,bgbv=1805,iso=2
[05:35:31.242] RX< 25,cnv2,hdr0
[05:35:31.242] RX< [0m[7] [cam] [124657][me0][me_core_thread:359]ME out fid 2220
[05:35:31.242] RX< [34m[AE] fid=2250,exp=10040,adg=225,Y=4742,mtg=180,shg=100,bgbv=1805,iso=225,cnv2,hdr0
[05:35:31.242] RX< [0m[34m[b_ae0 proc] perf=390(us), max=641(us)!
[05:35:31.242] RX< [0m[34m[awb0 proc] perf=1317(us), max=16
[05:35:32.239] RX< 35(us)!
[05:35:32.239] RX< [0m[7] [cam] [125657][me0][me_core_thread:359]ME out fid 2250
[05:35:32.239] RX< [32m[BE] fid=2250, perf=8858(us), max=8858(us)!
[05:35:32.239] RX< [0m[6] [App Dfs] f_index = 2250, f_len = 168270, cur_total_len = 6852395
[05:35:32.239] RX< [34m[AE] fid=2280,exp=10040,adg=225,Y=4744,mtg=180,shg=100,bg
[05:35:33.256] RX< bv=1805,iso=225,cnv2,hdr0
[05:35:33.256] RX< [0m[7] [cam] [126657][me0][me_core_thread:359]ME out fid 2280
[05:35:33.256] RX< [34m[ME INTP]fid=2280, shutter=10040, perf=4(us), max=27(us)!
[05:35:33.256] RX< [0m[34m[AE] fid=2310,exp=10040,adg=225,Y=4743,mtg=180,shg=100,bgbv=1805,iso=225,cnv2,hdr0
[05:35:33.256] RX< [0m[7] [cam
[05:35:34.257] RX< ] [127657][me0][me_core_thread:359]ME out fid 2310
[05:35:34.257] RX< [34m[AE] fid=2340,exp=10040,adg=225,Y=4748,mtg=180,shg=100,bgbv=1805,iso=225,cnv2,hdr0
[05:35:34.257] RX< [0m[34m[b_ae0 proc] perf=420(us), max=576(us)!
[05:35:34.257] RX< [0m[34m[awb0 proc] perf=1335(us), max=4369(us)!
[05:35:34.257] RX< [0m[7] [cam] [12
[05:35:35.239] RX< 8656][me0][me_core_thread:359]ME out fid 2340
[05:35:35.239] RX< [32m[BE] fid=2340, perf=8818(us), max=8878(us)!
[05:35:35.239] RX< [0m[6] [App Dfs] f_index = 2340, f_len = 167886, cur_total_len = 6841458
[05:35:35.239] RX< [34m[AE] fid=2370,exp=10040,adg=225,Y=4750,mtg=180,shg=100,bgbv=1808,iso=225,cnv2,hdr0
[05:35:36.257] RX< 
[05:35:36.257] RX< [0m[7] [cam] [129656][me0][me_core_thread:359]ME out fid 2370
[05:35:36.257] RX< [34m[AE] fid=2400,exp=10040,adg=225,Y=4738,mtg=180,shg=100,bgbv=1805,iso=225,cnv2,hdr0
[05:35:36.257] RX< [0m[6] [cam] [130648][dwp0][cpm_cb_dewarp_handle:1411]EIS: dewarp done frm=2400, buf_idx=0
[05:35:36.257] RX< [7] [cam] [1
[05:35:37.240] RX< 30656][me0][me_core_thread:359]ME out fid 2400
[05:35:37.240] RX< [34m[ME INTP]fid=2400, shutter=10040, perf=3(us), max=307(us)!
[05:35:37.240] RX< [0m[34m[AE] fid=2430,exp=10040,adg=225,Y=4741,mtg=180,shg=100,bgbv=1805,iso=225,cnv2,hdr0
[05:35:37.240] RX< [0m[34m[b_ae0 proc] perf=399(us), max=620(us)!
[05:35:37.240] RX< [0
[05:35:38.239] RX< m[34m[awb0 proc] perf=1391(us), max=1572(us)!
[05:35:38.239] RX< [0m[7] [cam] [131656][me0][me_core_thread:359]ME out fid 2430
[05:35:38.239] RX< [32m[BE] fid=2430, perf=8825(us), max=8996(us)!
[05:35:38.239] RX< [0m[6] [App Dfs] f_index = 2430, f_len = 168496, cur_total_len = 6845331
[05:35:38.239] RX< [34m[AE] fid=2460,exp=
[05:35:39.255] RX< 10040,adg=225,Y=4751,mtg=180,shg=100,bgbv=1808,iso=225,cnv2,hdr0
[05:35:39.255] RX< [0m[7] [cam] [132656][me0][me_core_thread:359]ME out fid 2460
[05:35:39.255] RX< [34m[AE] fid=2490,exp=10040,adg=225,Y=4753,mtg=180,shg=100,bgbv=1808,iso=225,cnv2,hdr0
[05:35:39.255] RX< [0m[7] [cam] [133656][me0][me_core_thre
[05:35:40.256] RX< ad:359]ME out fid 2490
[05:35:40.256] RX< [34m[AE] fid=2520,exp=10040,adg=225,Y=4748,mtg=180,shg=100,bgbv=1805,iso=225,cnv2,hdr0
[05:35:40.256] RX< [0m[34m[b_ae0 proc] perf=453(us), max=617(us)!
[05:35:40.256] RX< [0m[34m[awb0 proc] perf=1316(us), max=1737(us)!
[05:35:40.256] RX< [0m[7] [cam] [134656][me0][me_core_thread:35
[05:35:41.238] RX< 9]ME out fid 2520
[05:35:41.238] RX< [34m[ME INTP]fid=2520, shutter=10040, perf=3(us), max=306(us)!
[05:35:41.238] RX< [0m[32m[BE] fid=2520, perf=8824(us), max=8841(us)!
[05:35:41.238] RX< [0m[6] [App Dfs] f_index = 2520, f_len = 168290, cur_total_len = 6813689
[05:35:41.238] RX< [34m[AE] fid=2550,exp=10040,adg=225,Y=4743,mtg
[05:35:43.240] RX< =180,shg=100,bgbv=1805,iso=225,cnv2,hdr0
[05:35:43.240] RX< [0m[7] [cam] [135655][me0][me_core_thread:359]ME out fid 2550
[05:35:43.240] RX< [34m[AE] fid=2580,exp=10040,adg=225,Y=4746,mtg=180,shg=100,bgbv=1805,iso=225,cnv2,hdr0
[05:35:43.240] RX< [0m[7] [cam] [136655][me0][me_core_thread:359]ME out fid 2580
[05:35:43.240] RX< 
[05:35:43.592] RX< [34m[AE] fid=2610,exp=10040,adg=225,Y=4744,mtg=180,shg=100,bgbv=1805,iso=225,cnv2,hdr0
[05:35:43.592] RX< [0m[34m[b_ae0 proc] perf=391(us), max=601(us)!
[05:35:43.592] RX< [0m[34m[awb0 proc] perf=1320(us), max=1608(us)!
[05:35:43.592] RX< [0m[7] [cam] [137655][me0][me_core_thread:359]ME out fid 2610
[05:35:43.592] RX< [32m[
[05:35:44.256] RX< BE] fid=2610, perf=8824(us), max=8965(us)!
[05:35:44.256] RX< [0m[6] [App Dfs] f_index = 2610, f_len = 167879, cur_total_len = 6831051
[05:35:44.256] RX< [34m[AE] fid=2640,exp=10040,adg=225,Y=4745,mtg=180,shg=100,bgbv=1805,iso=225,cnv2,hdr0
[05:35:44.256] RX< [0m[6] [cam] [138647][dwp0][cpm_cb_dewarp_handle:1
[05:35:45.237] RX< 411]EIS: dewarp done frm=2640, buf_idx=0
[05:35:45.237] RX< [7] [cam] [138655][me0][me_core_thread:359]ME out fid 2640
[05:35:45.237] RX< [34m[ME INTP]fid=2640, shutter=10040, perf=4(us), max=258(us)!
[05:35:45.237] RX< [0m[34m[AE] fid=2670,exp=10040,adg=225,Y=4744,mtg=180,shg=100,bgbv=1805,iso=225,cnv2,hdr0
[05:35:46.256] RX< [0m[7] [cam] [139655][me0][me_core_thread:359]ME out fid 2670
[05:35:46.256] RX< [34m[AE] fid=2700,exp=10040,adg=225,Y=4748,mtg=180,shg=100,bgbv=1805,iso=225,cnv2,hdr0
[05:35:46.256] RX< [0m[34m[b_ae0 proc] perf=388(us), max=652(us)!
[05:35:46.256] RX< [0m[34m[awb0 proc] perf=1372(us), max=1581(us)!
[05:35:46.256] RX< [0m[
[05:35:47.237] RX< 7] [cam] [140655][me0][me_core_thread:359]ME out fid 2700
[05:35:47.237] RX< [32m[BE] fid=2700, perf=8965(us), max=8965(us)!
[05:35:47.237] RX< [0m[6] [App Dfs] f_index = 2700, f_len = 179277, cur_total_len = 6837223
[05:35:47.237] RX< [34m[AE] fid=2730,exp=10040,adg=225,Y=4753,mtg=180,shg=100,bgbv=1808,iso=2
[05:35:48.337] RX< 25,cnv2,hdr0
[05:35:48.337] RX< [0m[7] [cam] [141655][me0][me_core_thread:359]ME out fid 2730
[05:35:48.337] RX< [34m[AE] fid=2760,exp=10040,adg=225,Y=4753,mtg=180,shg=100,bgbv=1808,iso=225,cnv2,hdr0
[05:35:48.337] RX< [0m[7] [cam] [142655][me0][me_core_thread:359]ME out fid 2760
[05:35:48.337] RX< [34m[ME INTP]fid=2760, shutt
[05:35:49.255] RX< er=10040, perf=3(us), max=277(us)!
[05:35:49.255] RX< [0m[34m[AE] fid=2790,exp=10040,adg=225,Y=4754,mtg=180,shg=100,bgbv=1808,iso=225,cnv2,hdr0
[05:35:49.255] RX< [0m[34m[b_ae0 proc] perf=505(us), max=724(us)!
[05:35:49.255] RX< [0m[34m[awb0 proc] perf=1319(us), max=1598(us)!
[05:35:49.255] RX< [0m[7] [cam] [143654][me0][m
[05:35:50.252] RX< e_core_thread:359]ME out fid 2790
[05:35:50.252] RX< [32m[BE] fid=2790, perf=8951(us), max=8965(us)!
[05:35:50.252] RX< [0m[6] [App Dfs] f_index = 2790, f_len = 178947, cur_total_len = 6802905
[05:35:50.252] RX< [34m[AE] fid=2820,exp=10040,adg=225,Y=4762,mtg=180,shg=100,bgbv=1808,iso=225,cnv2,hdr0
[05:35:50.252] RX< [0m[7] [ca
[05:35:52.238] RX< m] [144654][me0][me_core_thread:359]ME out fid 2820
[05:35:52.238] RX< [34m[AE] fid=2850,exp=10040,adg=225,Y=4764,mtg=180,shg=100,bgbv=1812,iso=225,cnv2,hdr0
[05:35:52.238] RX< [0m[7] [cam] [145654][me0][me_core_thread:359]ME out fid 2850
[05:35:52.238] RX< [34m[AE] fid=2880,exp=10040,adg=225,Y=4766,mtg=180,s
[05:35:52.255] RX< hg=100,bgbv=1812,iso=225,cnv2,hdr0
[05:35:52.255] RX< [0m[34m[b_ae0 proc] perf=386(us), max=587(us)!
[05:35:52.255] RX< [0m[34m[awb0 proc] perf=1321(us), max=1926(us)!
[05:35:52.255] RX< [0m[6] [cam] [146653][dwp0][cpm_cb_dewarp_handle:1411]EIS: dewarp done frm=2880, buf_idx=0
[05:35:52.255] RX< [7] [cam] [146654][me0][me_co
[05:35:53.236] RX< re_thread:359]ME out fid 2880
[05:35:53.236] RX< [34m[ME INTP]fid=2880, shutter=10040, perf=3(us), max=317(us)!
[05:35:53.236] RX< [0m[32m[BE] fid=2880, perf=8868(us), max=8951(us)!
[05:35:53.236] RX< [0m[6] [App Dfs] f_index = 2880, f_len = 169050, cur_total_len = 6821395
[05:35:53.236] RX< [34m[AE] fid=2910,exp=10040,adg=22
[05:35:54.256] RX< 5,Y=4732,mtg=180,shg=100,bgbv=1801,iso=225,cnv2,hdr0
[05:35:54.256] RX< [0m[7] [cam] [147654][me0][me_core_thread:359]ME out fid 2910
[05:35:54.256] RX< [34m[AE] fid=2940,exp=10040,adg=225,Y=4749,mtg=180,shg=100,bgbv=1805,iso=225,cnv2,hdr0
[05:35:54.256] RX< [0m[7] [cam] [148655][me0][me_core_thread:359]ME ou
[05:35:55.253] RX< t fid 2940
[05:35:55.253] RX< [34m[AE] fid=2970,exp=10040,adg=225,Y=4749,mtg=180,shg=100,bgbv=1805,iso=225,cnv2,hdr0
[05:35:55.253] RX< [0m[34m[b_ae0 proc] perf=391(us), max=614(us)!
[05:35:55.253] RX< [0m[34m[awb0 proc] perf=1375(us), max=3369(us)!
[05:35:55.253] RX< [0m[7] [cam] [149654][me0][me_core_thread:359]ME out fid
[05:35:56.251] RX<  2970
[05:35:56.251] RX< [32m[BE] fid=2970, perf=8862(us), max=8977(us)!
[05:35:56.251] RX< [0m[6] [App Dfs] f_index = 2970, f_len = 169027, cur_total_len = 6832440
[05:35:56.251] RX< [34m[AE] fid=3000,exp=10040,adg=225,Y=4740,mtg=180,shg=100,bgbv=1805,iso=225,cnv2,hdr0
[05:35:56.251] RX< [0m[7] [cam] [150653][me0][me_core_thr
[05:35:58.237] RX< ead:359]ME out fid 3000
[05:35:58.237] RX< [34m[ME INTP]fid=3000, shutter=10040, perf=3(us), max=513(us)!
[05:35:58.237] RX< [0m[34m[AE] fid=3030,exp=10040,adg=225,Y=4737,mtg=180,shg=100,bgbv=1801,iso=225,cnv2,hdr0
[05:35:58.237] RX< [0m[7] [cam] [151653][me0][me_core_thread:359]ME out fid 3030
[05:35:58.237] RX< [34m[AE] fid
[05:35:58.589] RX< =3060,exp=10040,adg=225,Y=4742,mtg=180,shg=100,bgbv=1805,iso=225,cnv2,hdr0
[05:35:58.589] RX< [0m[34m[b_ae0 proc] perf=416(us), max=584(us)!
[05:35:58.589] RX< [0m[34m[awb0 proc] perf=1339(us), max=1643(us)!
[05:35:58.589] RX< [0m[7] [cam] [152653][me0][me_core_thread:359]ME out fid 3060
[05:35:58.589] RX< [32m[BE] fid=3060
[05:35:59.251] RX< , perf=8886(us), max=8886(us)!
[05:35:59.251] RX< [0m[6] [App Dfs] f_index = 3060, f_len = 170058, cur_total_len = 6848075
[05:35:59.251] RX< [34m[AE] fid=3090,exp=10040,adg=225,Y=4742,mtg=180,shg=100,bgbv=1805,iso=225,cnv2,hdr0
[05:35:59.251] RX< [0m[7] [cam] [153653][me0][me_core_thread:359]ME out fid 3090
[05:36:00.334] RX< [34m[AE] fid=3120,exp=10040,adg=225,Y=4748,mtg=180,shg=100,bgbv=1805,iso=225,cnv2,hdr0
[05:36:00.334] RX< [0m[6] [cam] [154645][dwp0][cpm_cb_dewarp_handle:1411]EIS: dewarp done frm=3120, buf_idx=0
[05:36:00.334] RX< [7] [cam] [154653][me0][me_core_thread:359]ME out fid 3120
[05:36:00.334] RX< [34m[ME INTP]fid
[05:36:01.252] RX< =3120, shutter=10040, perf=3(us), max=502(us)!
[05:36:01.252] RX< [0m[34m[AE] fid=3150,exp=10040,adg=225,Y=4746,mtg=180,shg=100,bgbv=1805,iso=225,cnv2,hdr0
[05:36:01.252] RX< [0m[34m[b_ae0 proc] perf=390(us), max=599(us)!
[05:36:01.252] RX< [0m[34m[awb0 proc] perf=1322(us), max=1615(us)!
[05:36:01.252] RX< [0m[7] [cam] [15
[05:36:02.235] RX< 5653][me0][me_core_thread:359]ME out fid 3150
[05:36:02.235] RX< [32m[BE] fid=3150, perf=8852(us), max=8886(us)!
[05:36:02.235] RX< [0m[6] [App Dfs] f_index = 3150, f_len = 169133, cur_total_len = 6796437
[05:36:02.235] RX< [34m[AE] fid=3180,exp=10040,adg=225,Y=4741,mtg=180,shg=100,bgbv=1805,iso=225,cnv2,hdr0
[05:36:04.236] RX< 
[05:36:04.236] RX< [0m[7] [cam] [156653][me0][me_core_thread:359]ME out fid 3180
[05:36:04.236] RX< [34m[AE] fid=3210,exp=10040,adg=225,Y=4738,mtg=180,shg=100,bgbv=1805,iso=225,cnv2,hdr0
[05:36:04.236] RX< [0m[7] [cam] [157652][me0][me_core_thread:359]ME out fid 3210
[05:36:04.236] RX< [34m[AE] fid=3240,exp=10040,adg=225,Y=47
[05:36:04.334] RX< 37,mtg=180,shg=100,bgbv=1801,iso=225,cnv2,hdr0
[05:36:04.334] RX< [0m[34m[b_ae0 proc] perf=741(us), max=741(us)!
[05:36:04.334] RX< [0m[34m[awb0 proc] perf=1372(us), max=1583(us)!
[05:36:04.334] RX< [0m[7] [cam] [158652][me0][me_core_thread:359]ME out fid 3240
[05:36:04.334] RX< [34m[ME INTP]fid=3240, shutter=10040, perf=96
[05:36:05.249] RX< (us), max=279(us)!
[05:36:05.249] RX< [0m[32m[BE] fid=3240, perf=8862(us), max=8862(us)!
[05:36:05.249] RX< [0m[6] [App Dfs] f_index = 3240, f_len = 168392, cur_total_len = 6845833
[05:36:05.249] RX< [34m[AE] fid=3270,exp=10040,adg=225,Y=4730,mtg=180,shg=100,bgbv=1801,iso=225,cnv2,hdr0
[05:36:05.249] RX< [0m[7] [cam] [159652]
[05:36:07.235] RX< [me0][me_core_thread:359]ME out fid 3270
[05:36:07.235] RX< [34m[AE] fid=3300,exp=10040,adg=225,Y=4729,mtg=180,shg=100,bgbv=1801,iso=225,cnv2,hdr0
[05:36:07.235] RX< [0m[7] [cam] [160652][me0][me_core_thread:359]ME out fid 3300
[05:36:07.235] RX< [34m[AE] fid=3330,exp=10130,adg=232,Y=4832,mtg=180,shg=100,bgbv
[05:36:07.609] RX< =1791,iso=232,cnv2,hdr0
[05:36:07.609] RX< [0m[34m[b_ae0 proc] perf=390(us), max=741(us)!
[05:36:07.609] RX< [0m[34m[awb0 proc] perf=1371(us), max=1612(us)!
[05:36:07.609] RX< [0m[7] [cam] [161652][me0][me_core_thread:359]ME out fid 3330
[05:36:07.609] RX< [32m[BE] fid=3330, perf=8890(us), max=8890(us)!
[05:36:07.609] RX< [0m[6] [App Dfs] f_
[05:36:08.251] RX< index = 3330, f_len = 172093, cur_total_len = 6843631
[05:36:08.251] RX< [34m[AE] fid=3360,exp=10130,adg=232,Y=4842,mtg=180,shg=100,bgbv=1789,iso=232,cnv2,hdr0
[05:36:08.251] RX< [0m[6] [cam] [162643][dwp0][cpm_cb_dewarp_handle:1411]EIS: dewarp done frm=3360, buf_idx=0
[05:36:08.251] RX< [7] [cam] [162652][me0
[05:36:09.249] RX< ][me_core_thread:359]ME out fid 3360
[05:36:09.249] RX< [34m[ME INTP]fid=3360, shutter=10130, perf=4(us), max=778(us)!
[05:36:09.249] RX< [0m[34m[AE] fid=3390,exp=10130,adg=232,Y=4808,mtg=180,shg=100,bgbv=1777,iso=232,cnv2,hdr0
[05:36:09.249] RX< [0m[7] [cam] [163652][me0][me_core_thread:359]ME out fid 3390
[05:36:10.586] RX< [34m[AE] fid=3420,exp=10130,adg=232,Y=4814,mtg=180,shg=100,bgbv=1781,iso=232,cnv2,hdr0
[05:36:10.586] RX< [0m[34m[b_ae0 proc] perf=391(us), max=606(us)!
[05:36:10.586] RX< [0m[34m[awb0 proc] perf=1323(us), max=1591(us)!
[05:36:10.586] RX< [0m[7] [cam] [164652][me0][me_core_thread:359]ME out fid 3420
[05:36:10.586] RX< [32m
[05:36:11.248] RX< [BE] fid=3420, perf=8892(us), max=8892(us)!
[05:36:11.248] RX< [0m[6] [App Dfs] f_index = 3420, f_len = 171763, cur_total_len = 6929745
[05:36:11.248] RX< [34m[AE] fid=3450,exp=10130,adg=232,Y=4810,mtg=180,shg=100,bgbv=1777,iso=232,cnv2,hdr0
[05:36:11.248] RX< [0m[7] [cam] [165651][me0][me_core_thread:359]ME 
[05:36:13.234] RX< out fid 3450
[05:36:13.234] RX< [34m[AE] fid=3480,exp=10130,adg=232,Y=4807,mtg=180,shg=100,bgbv=1777,iso=232,cnv2,hdr0
[05:36:13.234] RX< [0m[7] [cam] [166651][me0][me_core_thread:359]ME out fid 3480
[05:36:13.234] RX< [34m[ME INTP]fid=3480, shutter=10130, perf=3(us), max=265(us)!
[05:36:13.234] RX< [0m[34m[AE] fid=3510,exp=1
[05:36:13.586] RX< 0130,adg=232,Y=4810,mtg=180,shg=100,bgbv=1777,iso=232,cnv2,hdr0
[05:36:13.586] RX< [0m[34m[b_ae0 proc] perf=422(us), max=595(us)!
[05:36:13.586] RX< [0m[34m[awb0 proc] perf=1334(us), max=1579(us)!
[05:36:13.586] RX< [0m[7] [cam] [167651][me0][me_core_thread:359]ME out fid 3510
[05:36:13.586] RX< [32m[BE] fid=3510, perf=8871
[05:36:15.232] RX< (us), max=8892(us)!
[05:36:15.232] RX< [0m[6] [App Dfs] f_index = 3510, f_len = 170244, cur_total_len = 6845613
[05:36:15.232] RX< [34m[AE] fid=3540,exp=10130,adg=232,Y=4818,mtg=180,shg=100,bgbv=1781,iso=232,cnv2,hdr0
[05:36:15.232] RX< [0m[7] [cam] [168651][me0][me_core_thread:359]ME out fid 3540
[05:36:15.232] RX< [34m[AE] f
[05:36:16.250] RX< id=3570,exp=10130,adg=232,Y=4813,mtg=180,shg=100,bgbv=1781,iso=232,cnv2,hdr0
[05:36:16.250] RX< [0m[7] [cam] [169651][me0][me_core_thread:359]ME out fid 3570
[05:36:16.250] RX< [34m[AE] fid=3600,exp=10130,adg=232,Y=4810,mtg=180,shg=100,bgbv=1777,iso=232,cnv2,hdr0
[05:36:16.250] RX< [0m[34m[b_ae0 proc] perf=3
[05:36:16.331] RX< 92(us), max=583(us)!
[05:36:16.331] RX< [0m[34m[awb0 proc] perf=1403(us), max=1700(us)!
[05:36:16.331] RX< [0m[6] [cam] [170642][dwp0][cpm_cb_dewarp_handle:1411]EIS: dewarp done frm=3600, buf_idx=0
[05:36:16.331] RX< [7] [cam] [170651][me0][me_core_thread:359]ME out fid 3600
[05:36:16.331] RX< [34m[ME INTP]fid=3600, shutter=1
[05:36:17.247] RX< 0130, perf=3(us), max=275(us)!
[05:36:17.247] RX< [0m[32m[BE] fid=3600, perf=8857(us), max=8901(us)!
[05:36:17.247] RX< [0m[6] [App Dfs] f_index = 3600, f_len = 170945, cur_total_len = 6834151
[05:36:17.247] RX< [34m[AE] fid=3630,exp=10130,adg=232,Y=4810,mtg=180,shg=100,bgbv=1777,iso=232,cnv2,hdr0
[05:36:17.247] RX< [0m[7] [c
[05:36:19.233] RX< am] [171651][me0][me_core_thread:359]ME out fid 3630
[05:36:19.233] RX< [34m[AE] fid=3660,exp=10130,adg=232,Y=4810,mtg=180,shg=100,bgbv=1777,iso=232,cnv2,hdr0
[05:36:19.233] RX< [0m[7] [cam] [172650][me0][me_core_thread:359]ME out fid 3660
[05:36:19.233] RX< [34m[AE] fid=3690,exp=10130,adg=232,Y=4812,mtg=180,
[05:36:19.608] RX< shg=100,bgbv=1777,iso=232,cnv2,hdr0
[05:36:19.608] RX< [0m[34m[b_ae0 proc] perf=439(us), max=666(us)!
[05:36:19.608] RX< [0m[34m[awb0 proc] perf=1324(us), max=1678(us)!
[05:36:19.608] RX< [0m[7] [cam] [173650][me0][me_core_thread:359]ME out fid 3690
[05:36:19.608] RX< [32m[BE] fid=3690, perf=8858(us), max=8871(us)!
[05:36:19.608] RX< [0m[6] 
[05:36:20.330] RX< [App Dfs] f_index = 3690, f_len = 170698, cur_total_len = 6819384
[05:36:20.330] RX< [34m[AE] fid=3720,exp=10130,adg=232,Y=4809,mtg=180,shg=100,bgbv=1777,iso=232,cnv2,hdr0
[05:36:20.330] RX< [0m[7] [cam] [174650][me0][me_core_thread:359]ME out fid 3720
[05:36:20.330] RX< [34m[ME INTP]fid=3720, shutter=10130, 
[05:36:22.233] RX< perf=4(us), max=506(us)!
[05:36:22.233] RX< [0m[34m[AE] fid=3750,exp=10130,adg=232,Y=4804,mtg=180,shg=100,bgbv=1777,iso=232,cnv2,hdr0
[05:36:22.233] RX< [0m[7] [cam] [175650][me0][me_core_thread:359]ME out fid 3750
[05:36:22.233] RX< [34m[AE] fid=3780,exp=10130,adg=232,Y=4811,mtg=180,shg=100,bgbv=1777,iso=23
[05:36:22.608] RX< 2,cnv2,hdr0
[05:36:22.608] RX< [0m[34m[b_ae0 proc] perf=558(us), max=621(us)!
[05:36:22.608] RX< [0m[34m[awb0 proc] perf=1321(us), max=1721(us)!
[05:36:22.608] RX< [0m[7] [cam] [176650][me0][me_core_thread:359]ME out fid 3780
[05:36:22.608] RX< [32m[BE] fid=3780, perf=8844(us), max=8887(us)!
[05:36:22.608] RX< [0m[6] [App Dfs] f_index = 3780
[05:36:24.248] RX< , f_len = 170185, cur_total_len = 6808594
[05:36:24.248] RX< [34m[AE] fid=3810,exp=10130,adg=232,Y=4811,mtg=180,shg=100,bgbv=1777,iso=232,cnv2,hdr0
[05:36:24.248] RX< [0m[7] [cam] [177650][me0][me_core_thread:359]ME out fid 3810
[05:36:24.248] RX< [34m[AE] fid=3840,exp=10130,adg=232,Y=4811,mtg=180,shg=100,bgb
[05:36:25.232] RX< v=1777,iso=232,cnv2,hdr0
[05:36:25.232] RX< [0m[6] [cam] [178641][dwp0][cpm_cb_dewarp_handle:1411]EIS: dewarp done frm=3840, buf_idx=0
[05:36:25.232] RX< [7] [cam] [178650][me0][me_core_thread:359]ME out fid 3840
[05:36:25.232] RX< [34m[ME INTP]fid=3840, shutter=10130, perf=3(us), max=374(us)!
[05:36:25.232] RX< [0m[34m[AE] fi
[05:36:25.584] RX< d=3870,exp=10130,adg=232,Y=4808,mtg=180,shg=100,bgbv=1777,iso=232,cnv2,hdr0
[05:36:25.584] RX< [0m[34m[b_ae0 proc] perf=390(us), max=728(us)!
[05:36:25.584] RX< [0m[34m[awb0 proc] perf=1369(us), max=1727(us)!
[05:36:25.584] RX< [0m[7] [cam] [179649][me0][me_core_thread:359]ME out fid 3870
[05:36:25.584] RX< [32m[BE] fid=387
[05:36:26.246] RX< 0, perf=8876(us), max=8877(us)!
[05:36:26.246] RX< [0m[6] [App Dfs] f_index = 3870, f_len = 171509, cur_total_len = 6851028
[05:36:26.246] RX< [34m[AE] fid=3900,exp=10130,adg=232,Y=4811,mtg=180,shg=100,bgbv=1777,iso=232,cnv2,hdr0
[05:36:26.246] RX< [0m[7] [cam] [180649][me0][me_core_thread:359]ME out fid 3900
[05:36:28.231] RX< 
[05:36:28.231] RX< [34m[AE] fid=3930,exp=10130,adg=232,Y=4811,mtg=180,shg=100,bgbv=1777,iso=232,cnv2,hdr0
[05:36:28.231] RX< [0m[7] [cam] [181649][me0][me_core_thread:359]ME out fid 3930
[05:36:28.231] RX< [34m[AE] fid=3960,exp=10130,adg=232,Y=4807,mtg=180,shg=100,bgbv=1777,iso=232,cnv2,hdr0
[05:36:28.231] RX< [0m[34m[b_ae0 
[05:36:28.585] RX< proc] perf=715(us), max=733(us)!
[05:36:28.585] RX< [0m[34m[awb0 proc] perf=1340(us), max=1720(us)!
[05:36:28.585] RX< [0m[7] [cam] [182649][me0][me_core_thread:359]ME out fid 3960
[05:36:28.585] RX< [34m[ME INTP]fid=3960, shutter=10130, perf=20(us), max=523(us)!
[05:36:28.585] RX< [0m[32m[BE] fid=3960, perf=8874(us), max=8
[05:36:30.229] RX< 876(us)!
[05:36:30.229] RX< [0m[6] [App Dfs] f_index = 3960, f_len = 170425, cur_total_len = 6798296
[05:36:30.229] RX< [34m[AE] fid=3990,exp=10130,adg=232,Y=4810,mtg=180,shg=100,bgbv=1777,iso=232,cnv2,hdr0
[05:36:30.229] RX< [0m[7] [cam] [183649][me0][me_core_thread:359]ME out fid 3990
[05:36:30.229] RX< [34m[AE] fid=4020,exp
[05:36:31.231] RX< =10130,adg=232,Y=4815,mtg=180,shg=100,bgbv=1781,iso=232,cnv2,hdr0
[05:36:31.231] RX< [0m[7] [cam] [184649][me0][me_core_thread:359]ME out fid 4020
[05:36:31.231] RX< [34m[AE] fid=4050,exp=10130,adg=232,Y=4816,mtg=180,shg=100,bgbv=1781,iso=232,cnv2,hdr0
[05:36:31.231] RX< [0m[34m[b_ae0 proc] perf=452(us), max
[05:36:32.247] RX< =715(us)!
[05:36:32.247] RX< [0m[34m[awb0 proc] perf=1335(us), max=1667(us)!
[05:36:32.247] RX< [0m[7] [cam] [185649][me0][me_core_thread:359]ME out fid 4050
[05:36:32.247] RX< [32m[BE] fid=4050, perf=8879(us), max=8879(us)!
[05:36:32.247] RX< [0m[6] [App Dfs] f_index = 4050, f_len = 170287, cur_total_len = 6851985
[05:36:32.247] RX< [34m[AE]
[05:36:32.328] RX<  fid=4080,exp=10130,adg=232,Y=4817,mtg=180,shg=100,bgbv=1781,iso=232,cnv2,hdr0
[05:36:32.328] RX< [0m[6] [cam] [186640][dwp0][cpm_cb_dewarp_handle:1411]EIS: dewarp done frm=4080, buf_idx=0
[05:36:32.328] RX< [7] [cam] [186649][me0][me_core_thread:359]ME out fid 4080
[05:36:32.328] RX< [34m[ME INTP]fid=4080, sh
[05:36:34.230] RX< utter=10130, perf=3(us), max=465(us)!
[05:36:34.230] RX< [0m[34m[AE] fid=4110,exp=10130,adg=232,Y=4815,mtg=180,shg=100,bgbv=1781,iso=232,cnv2,hdr0
[05:36:34.230] RX< [0m[7] [cam] [187648][me0][me_core_thread:359]ME out fid 4110
[05:36:34.230] RX< [34m[b_ae0 proc] perf=9156(us), max=9156(us)!
[05:36:34.230] RX< [0m[34m[AE] fi
[05:36:34.582] RX< d=4140,exp=10130,adg=232,Y=4814,mtg=180,shg=100,bgbv=1781,iso=232,cnv2,hdr0
[05:36:34.582] RX< [0m[34m[b_ae0 proc] perf=390(us), max=9156(us)!
[05:36:34.582] RX< [0m[34m[awb0 proc] perf=1394(us), max=2676(us)!
[05:36:34.582] RX< [0m[7] [cam] [188648][me0][me_core_thread:359]ME out fid 4140
[05:36:34.582] RX< [32m[BE] fid=41
[05:36:35.244] RX< 40, perf=8895(us), max=8895(us)!
[05:36:35.244] RX< [0m[6] [App Dfs] f_index = 4140, f_len = 170380, cur_total_len = 6824528
[05:36:35.244] RX< [34m[AE] fid=4170,exp=10130,adg=232,Y=4815,mtg=180,shg=100,bgbv=1781,iso=232,cnv2,hdr0
[05:36:35.244] RX< [0m[7] [cam] [189648][me0][me_core_thread:359]ME out fid 417
[05:36:37.229] RX< 0
[05:36:37.229] RX< [34m[AE] fid=4200,exp=10130,adg=232,Y=4824,mtg=180,shg=100,bgbv=1781,iso=232,cnv2,hdr0
[05:36:37.229] RX< [0m[7] [cam] [190648][me0][me_core_thread:359]ME out fid 4200
[05:36:37.229] RX< [34m[ME INTP]fid=4200, shutter=10130, perf=4(us), max=119(us)!
[05:36:37.229] RX< [0m[34m[AE] fid=4230,exp=10130,adg=23
[05:36:37.581] RX< 2,Y=4830,mtg=180,shg=100,bgbv=1785,iso=232,cnv2,hdr0
[05:36:37.581] RX< [0m[34m[b_ae0 proc] perf=418(us), max=556(us)!
[05:36:37.581] RX< [0m[34m[awb0 proc] perf=1336(us), max=1545(us)!
[05:36:37.581] RX< [0m[7] [cam] [191648][me0][me_core_thread:359]ME out fid 4230
[05:36:37.581] RX< [32m[BE] fid=4230, perf=8868(us), max=8
[05:36:39.227] RX< 895(us)!
[05:36:39.227] RX< [0m[6] [App Dfs] f_index = 4230, f_len = 170872, cur_total_len = 6809529
[05:36:39.227] RX< [34m[AE] fid=4260,exp=10130,adg=232,Y=4818,mtg=180,shg=100,bgbv=1781,iso=232,cnv2,hdr0
[05:36:39.227] RX< [0m[7] [cam] [192648][me0][me_core_thread:359]ME out fid 4260
[05:36:39.227] RX< [34m[AE] fid=4290,exp
[05:36:40.245] RX< =10130,adg=232,Y=4822,mtg=180,shg=100,bgbv=1781,iso=232,cnv2,hdr0
[05:36:40.245] RX< [0m[7] [cam] [193648][me0][me_core_thread:359]ME out fid 4290
[05:36:40.245] RX< [34m[AE] fid=4320,exp=10130,adg=232,Y=4822,mtg=180,shg=100,bgbv=1781,iso=232,cnv2,hdr0
[05:36:40.245] RX< [0m[34m[b_ae0 proc] perf=390(us), max
[05:36:40.327] RX< =582(us)!
[05:36:40.327] RX< [0m[34m[awb0 proc] perf=1320(us), max=1544(us)!
[05:36:40.327] RX< [0m[6] [cam] [194639][dwp0][cpm_cb_dewarp_handle:1411]EIS: dewarp done frm=4320, buf_idx=0
[05:36:40.327] RX< [7] [cam] [194647][me0][me_core_thread:359]ME out fid 4320
[05:36:40.327] RX< [34m[ME INTP]fid=4320, shutter=10130, perf=
[05:36:41.243] RX< 3(us), max=131(us)!
[05:36:41.243] RX< [0m[32m[BE] fid=4320, perf=8710(us), max=8875(us)!
[05:36:41.243] RX< [0m[6] [App Dfs] f_index = 4320, f_len = 159336, cur_total_len = 6813008
[05:36:41.243] RX< [34m[AE] fid=4350,exp=10130,adg=232,Y=4819,mtg=180,shg=100,bgbv=1781,iso=232,cnv2,hdr0
[05:36:41.243] RX< [0m[7] [cam] [195647
[05:36:43.228] RX< ][me0][me_core_thread:359]ME out fid 4350
[05:36:43.228] RX< [34m[AE] fid=4380,exp=10130,adg=232,Y=4818,mtg=180,shg=100,bgbv=1781,iso=232,cnv2,hdr0
[05:36:43.228] RX< [0m[7] [cam] [196647][me0][me_core_thread:359]ME out fid 4380
[05:36:43.228] RX< [34m[AE] fid=4410,exp=10130,adg=232,Y=4821,mtg=180,shg=100,bgb
[05:36:43.602] RX< v=1781,iso=232,cnv2,hdr0
[05:36:43.602] RX< [0m[34m[b_ae0 proc] perf=406(us), max=602(us)!
[05:36:43.602] RX< [0m[34m[awb0 proc] perf=1317(us), max=1576(us)!
[05:36:43.602] RX< [0m[7] [cam] [197647][me0][me_core_thread:359]ME out fid 4410
[05:36:43.602] RX< [32m[BE] fid=4410, perf=8880(us), max=8896(us)!
[05:36:43.602] RX< [0m[6] [App Dfs] f
[05:36:44.327] RX< _index = 4410, f_len = 170696, cur_total_len = 6840296
[05:36:44.327] RX< [34m[AE] fid=4440,exp=10130,adg=232,Y=4828,mtg=180,shg=100,bgbv=1785,iso=232,cnv2,hdr0
[05:36:44.327] RX< [0m[7] [cam] [198647][me0][me_core_thread:359]ME out fid 4440
[05:36:44.327] RX< [34m[ME INTP]fid=4440, shutter=10130, perf=4(us),
[05:36:46.228] RX<  max=469(us)!
[05:36:46.228] RX< [0m[34m[AE] fid=4470,exp=10130,adg=232,Y=4826,mtg=180,shg=100,bgbv=1785,iso=232,cnv2,hdr0
[05:36:46.228] RX< [0m[7] [cam] [199647][me0][me_core_thread:359]ME out fid 4470
[05:36:46.228] RX< [34m[AE] fid=4500,exp=10130,adg=232,Y=4827,mtg=180,shg=100,bgbv=1785,iso=232,cnv2,hdr0
[05:36:46.602] RX< 
[05:36:46.602] RX< [0m[34m[b_ae0 proc] perf=390(us), max=576(us)!
[05:36:46.602] RX< [0m[34m[awb0 proc] perf=1390(us), max=1590(us)!
[05:36:46.602] RX< [0m[7] [cam] [200647][me0][me_core_thread:359]ME out fid 4500
[05:36:46.602] RX< [32m[BE] fid=4500, perf=8852(us), max=8880(us)!
[05:36:46.602] RX< [0m[6] [App Dfs] f_index = 4500, f_len = 1
[05:36:48.243] RX< 70725, cur_total_len = 6851343
[05:36:48.243] RX< [34m[AE] fid=4530,exp=10130,adg=232,Y=4824,mtg=180,shg=100,bgbv=1781,iso=232,cnv2,hdr0
[05:36:48.243] RX< [0m[7] [cam] [201646][me0][me_core_thread:359]ME out fid 4530
[05:36:48.243] RX< [34m[AE] fid=4560,exp=10130,adg=232,Y=4826,mtg=180,shg=100,bgbv=1785,iso=
[05:36:49.227] RX< 232,cnv2,hdr0
[05:36:49.227] RX< [0m[6] [cam] [202638][dwp0][cpm_cb_dewarp_handle:1411]EIS: dewarp done frm=4560, buf_idx=0
[05:36:49.227] RX< [7] [cam] [202646][me0][me_core_thread:359]ME out fid 4560
[05:36:49.227] RX< [34m[ME INTP]fid=4560, shutter=10130, perf=3(us), max=275(us)!
[05:36:49.227] RX< [0m[34m[AE] fid=4590,exp=
[05:36:49.579] RX< 10130,adg=232,Y=4829,mtg=180,shg=100,bgbv=1785,iso=232,cnv2,hdr0
[05:36:49.579] RX< [0m[34m[b_ae0 proc] perf=390(us), max=595(us)!
[05:36:49.579] RX< [0m[34m[awb0 proc] perf=1321(us), max=1599(us)!
[05:36:49.579] RX< [0m[7] [cam] [203646][me0][me_core_thread:359]ME out fid 4590
[05:36:49.579] RX< [32m[BE] fid=4590, perf=889
[05:36:51.225] RX< 7(us), max=8897(us)!
[05:36:51.225] RX< [0m[6] [App Dfs] f_index = 4590, f_len = 170775, cur_total_len = 6824077
[05:36:51.225] RX< [34m[AE] fid=4620,exp=10130,adg=232,Y=4826,mtg=180,shg=100,bgbv=1785,iso=232,cnv2,hdr0
[05:36:51.225] RX< [0m[7] [cam] [204646][me0][me_core_thread:359]ME out fid 4620
[05:36:51.225] RX< [34m[AE] 
[05:36:52.227] RX< fid=4650,exp=10130,adg=232,Y=4823,mtg=180,shg=100,bgbv=1781,iso=232,cnv2,hdr0
[05:36:52.227] RX< [0m[7] [cam] [205646][me0][me_core_thread:359]ME out fid 4650
[05:36:52.227] RX< [34m[AE] fid=4680,exp=10130,adg=232,Y=4867,mtg=180,shg=100,bgbv=1796,iso=232,cnv2,hdr0
[05:36:52.227] RX< [0m[34m[b_ae0 proc] perf=
[05:36:52.581] RX< 454(us), max=643(us)!
[05:36:52.581] RX< [0m[34m[awb0 proc] perf=1318(us), max=1601(us)!
[05:36:52.581] RX< [0m[7] [cam] [206646][me0][me_core_thread:359]ME out fid 4680
[05:36:52.581] RX< [34m[ME INTP]fid=4680, shutter=10130, perf=323(us), max=500(us)!
[05:36:52.581] RX< [0m[32m[BE] fid=4680, perf=8700(us), max=8897(us)!
[05:36:52.581] RX< 
[05:36:54.225] RX< [0m[6] [App Dfs] f_index = 4680, f_len = 157400, cur_total_len = 6792999
[05:36:54.225] RX< [34m[AE] fid=4710,exp=10130,adg=232,Y=4820,mtg=180,shg=100,bgbv=1781,iso=232,cnv2,hdr0
[05:36:54.225] RX< [0m[7] [cam] [207646][me0][me_core_thread:359]ME out fid 4710
[05:36:54.225] RX< [34m[AE] fid=4740,exp=10130,adg
[05:36:55.226] RX< =232,Y=4820,mtg=180,shg=100,bgbv=1781,iso=232,cnv2,hdr0
[05:36:55.226] RX< [0m[7] [cam] [208646][me0][me_core_thread:359]ME out fid 4740
[05:36:55.226] RX< [34m[AE] fid=4770,exp=10130,adg=232,Y=4829,mtg=180,shg=100,bgbv=1785,iso=232,cnv2,hdr0
[05:36:55.226] RX< [0m[34m[b_ae0 proc] perf=389(us), max=640(us)!
[05:36:56.242] RX< 
[05:36:56.242] RX< [0m[34m[awb0 proc] perf=1378(us), max=1683(us)!
[05:36:56.242] RX< [0m[7] [cam] [209645][me0][me_core_thread:359]ME out fid 4770
[05:36:56.242] RX< [32m[BE] fid=4770, perf=8853(us), max=8873(us)!
[05:36:56.242] RX< [0m[6] [App Dfs] f_index = 4770, f_len = 170264, cur_total_len = 6870646
[05:36:56.242] RX< [34m[AE] fid=4800,
[05:36:56.324] RX< exp=10130,adg=232,Y=4827,mtg=180,shg=100,bgbv=1785,iso=232,cnv2,hdr0
[05:36:56.324] RX< [0m[6] [cam] [210637][dwp0][cpm_cb_dewarp_handle:1411]EIS: dewarp done frm=4800, buf_idx=0
[05:36:56.324] RX< [7] [cam] [210645][me0][me_core_thread:359]ME out fid 4800
[05:36:56.324] RX< [34m[ME INTP]fid=4800, shutter=1013
[05:36:58.226] RX< 0, perf=4(us), max=323(us)!
[05:36:58.226] RX< [0m[34m[AE] fid=4830,exp=10130,adg=232,Y=4822,mtg=180,shg=100,bgbv=1781,iso=232,cnv2,hdr0
[05:36:58.226] RX< [0m[7] [cam] [211645][me0][me_core_thread:359]ME out fid 4830
[05:36:58.226] RX< [34m[AE] fid=4860,exp=10130,adg=232,Y=4821,mtg=180,shg=100,bgbv=1781,iso
[05:36:58.599] RX< =232,cnv2,hdr0
[05:36:58.599] RX< [0m[34m[b_ae0 proc] perf=449(us), max=634(us)!
[05:36:58.599] RX< [0m[34m[awb0 proc] perf=1323(us), max=1522(us)!
[05:36:58.599] RX< [0m[7] [cam] [212645][me0][me_core_thread:359]ME out fid 4860
[05:36:58.599] RX< [32m[BE] fid=4860, perf=8865(us), max=8881(us)!
[05:36:58.599] RX< [0m[6] [App Dfs] f_index = 4
[05:37:00.223] RX< 860, f_len = 169981, cur_total_len = 6827788
[05:37:00.223] RX< [34m[AE] fid=4890,exp=10130,adg=232,Y=4823,mtg=180,shg=100,bgbv=1781,iso=232,cnv2,hdr0
[05:37:00.223] RX< [0m[7] [cam] [213645][me0][me_core_thread:359]ME out fid 4890
[05:37:00.223] RX< [34m[AE] fid=4920,exp=10130,adg=232,Y=4826,mtg=180,shg=100,
[05:37:01.225] RX< bgbv=1785,iso=232,cnv2,hdr0
[05:37:01.225] RX< [0m[7] [cam] [214645][me0][me_core_thread:359]ME out fid 4920
[05:37:01.225] RX< [34m[ME INTP]fid=4920, shutter=10130, perf=159(us), max=298(us)!
[05:37:01.225] RX< [0m[34m[AE] fid=4950,exp=10130,adg=232,Y=4830,mtg=180,shg=100,bgbv=1785,iso=232,cnv2,hdr0
[05:37:01.225] RX< [0m[3
[05:37:01.598] RX< 4m[b_ae0 proc] perf=568(us), max=568(us)!
[05:37:01.598] RX< [0m[34m[awb0 proc] perf=1339(us), max=1602(us)!
[05:37:01.598] RX< [0m[7] [cam] [215645][me0][me_core_thread:359]ME out fid 4950
[05:37:01.598] RX< [32m[BE] fid=4950, perf=8711(us), max=8865(us)!
[05:37:01.598] RX< [0m[6] [App Dfs] f_index = 4950, f_len = 158179, c
[05:37:03.241] RX< ur_total_len = 6776163
[05:37:03.241] RX< [34m[AE] fid=4980,exp=10130,adg=232,Y=4830,mtg=180,shg=100,bgbv=1785,iso=232,cnv2,hdr0
[05:37:03.241] RX< [0m[7] [cam] [216644][me0][me_core_thread:359]ME out fid 4980
[05:37:03.241] RX< [34m[AE] fid=5010,exp=10130,adg=232,Y=4824,mtg=180,shg=100,bgbv=1781,iso=232,cnv2
[05:37:04.241] RX< ,hdr0
[05:37:04.241] RX< [0m[7] [cam] [217644][me0][me_core_thread:359]ME out fid 5010
[05:37:04.241] RX< [34m[AE] fid=5040,exp=10130,adg=232,Y=4819,mtg=180,shg=100,bgbv=1781,iso=232,cnv2,hdr0
[05:37:04.241] RX< [0m[34m[b_ae0 proc] perf=396(us), max=596(us)!
[05:37:04.241] RX< [0m[34m[awb0 proc] perf=1371(us), max=1465(us)!
[05:37:04.578] RX< 
[05:37:04.578] RX< [0m[6] [cam] [218636][dwp0][cpm_cb_dewarp_handle:1411]EIS: dewarp done frm=5040, buf_idx=0
[05:37:04.578] RX< [7] [cam] [218644][me0][me_core_thread:359]ME out fid 5040
[05:37:04.578] RX< [34m[ME INTP]fid=5040, shutter=10130, perf=95(us), max=497(us)!
[05:37:04.578] RX< [0m[32m[BE] fid=5040, perf=8850(us), 
[05:37:06.223] RX< max=8871(us)!
[05:37:06.223] RX< [0m[6] [App Dfs] f_index = 5040, f_len = 168482, cur_total_len = 6846542
[05:37:06.223] RX< [34m[AE] fid=5070,exp=10130,adg=232,Y=4829,mtg=180,shg=100,bgbv=1785,iso=232,cnv2,hdr0
[05:37:06.223] RX< [0m[7] [cam] [219644][me0][me_core_thread:359]ME out fid 5070
[05:37:06.223] RX< [34m[AE] fid=510
[05:37:07.224] RX< 0,exp=10130,adg=232,Y=4825,mtg=180,shg=100,bgbv=1785,iso=232,cnv2,hdr0
[05:37:07.224] RX< [0m[7] [cam] [220644][me0][me_core_thread:359]ME out fid 5100
[05:37:07.224] RX< [34m[AE] fid=5130,exp=10130,adg=232,Y=4828,mtg=180,shg=100,bgbv=1785,iso=232,cnv2,hdr0
[05:37:07.224] RX< [0m[34m[b_ae0 proc] perf=427(us)
[05:37:08.206] RX< , max=627(us)!
[05:37:08.206] RX< [0m[34m[awb0 proc] perf=1338(us), max=1572(us)!
[05:37:08.206] RX< [0m[7] [cam] [221644][me0][me_core_thread:359]ME out fid 5130
[05:37:08.206] RX< [32m[BE] fid=5130, perf=8860(us), max=8875(us)!
[05:37:08.206] RX< [0m[6] [App Dfs] f_index = 5130, f_len = 170711, cur_total_len = 6857352
[05:37:08.206] RX< [34
[05:37:09.222] RX< m[AE] fid=5160,exp=10130,adg=232,Y=4828,mtg=180,shg=100,bgbv=1785,iso=232,cnv2,hdr0
[05:37:09.222] RX< [0m[7] [cam] [222644][me0][me_core_thread:359]ME out fid 5160
[05:37:09.222] RX< [34m[ME INTP]fid=5160, shutter=10130, perf=95(us), max=481(us)!
[05:37:09.222] RX< [0m[34m[AE] fid=5190,exp=10130,adg=232,Y=4
[05:37:10.224] RX< 827,mtg=180,shg=100,bgbv=1785,iso=232,cnv2,hdr0
[05:37:10.224] RX< [0m[7] [cam] [223643][me0][me_core_thread:359]ME out fid 5190
[05:37:10.224] RX< [34m[AE] fid=5220,exp=10130,adg=232,Y=4817,mtg=180,shg=100,bgbv=1781,iso=232,cnv2,hdr0
[05:37:10.224] RX< [0m[34m[b_ae0 proc] perf=391(us), max=605(us)!
[05:37:10.224] RX< [0m[3
[05:37:11.221] RX< 4m[awb0 proc] perf=1322(us), max=1493(us)!
[05:37:11.221] RX< [0m[7] [cam] [224643][me0][me_core_thread:359]ME out fid 5220
[05:37:11.221] RX< [32m[BE] fid=5220, perf=8891(us), max=8891(us)!
[05:37:11.221] RX< [0m[6] [App Dfs] f_index = 5220, f_len = 170727, cur_total_len = 6817869
[05:37:11.221] RX< [34m[AE] fid=5250,exp=1013
[05:37:12.239] RX< 0,adg=232,Y=4817,mtg=180,shg=100,bgbv=1781,iso=232,cnv2,hdr0
[05:37:12.239] RX< [0m[7] [cam] [225643][me0][me_core_thread:359]ME out fid 5250
[05:37:12.239] RX< [34m[AE] fid=5280,exp=10130,adg=232,Y=4817,mtg=180,shg=100,bgbv=1781,iso=232,cnv2,hdr0
[05:37:12.239] RX< [0m[6] [cam] [226635][dwp0][cpm_cb_dewarp_h
[05:37:13.222] RX< andle:1411]EIS: dewarp done frm=5280, buf_idx=0
[05:37:13.222] RX< [7] [cam] [226643][me0][me_core_thread:359]ME out fid 5280
[05:37:13.222] RX< [34m[ME INTP]fid=5280, shutter=10130, perf=4(us), max=739(us)!
[05:37:13.222] RX< [0m[34m[AE] fid=5310,exp=10130,adg=232,Y=4830,mtg=180,shg=100,bgbv=1785,iso=232,cnv
[05:37:13.597] RX< 2,hdr0
[05:37:13.597] RX< [0m[34m[b_ae0 proc] perf=391(us), max=613(us)!
[05:37:13.597] RX< [0m[34m[awb0 proc] perf=1319(us), max=1586(us)!
[05:37:13.597] RX< [0m[7] [cam] [227643][me0][me_core_thread:359]ME out fid 5310
[05:37:13.597] RX< [32m[BE] fid=5310, perf=8852(us), max=8897(us)!
[05:37:13.597] RX< [0m[6] [App Dfs] f_index = 5310, f_l
[05:37:15.221] RX< en = 169097, cur_total_len = 6822123
[05:37:15.221] RX< [34m[AE] fid=5340,exp=10130,adg=232,Y=4826,mtg=180,shg=100,bgbv=1785,iso=232,cnv2,hdr0
[05:37:15.221] RX< [0m[7] [cam] [228643][me0][me_core_thread:359]ME out fid 5340
[05:37:15.221] RX< [34m[AE] fid=5370,exp=10130,adg=232,Y=4825,mtg=180,shg=100,bgbv=178
[05:37:16.059] TX> dfs_video_stop
[05:37:16.091] RX< 5,iso=232,cnv2,hdr0
[05:37:16.091] RX< [0m[7] [cam] [229643][me0][me_core_thread:359]ME out fid 5370
[05:37:16.091] RX< dfs_video_stop
[05:37:16.091] RX< msh /emmc>[6] [App Dfs]  Gravity_XR Record Stop Success: total frames = 5386
[05:37:16.091] RX< [6] [cam] [230494][DfsSend][sensor_stream_off:1188]sensor [1]: stream_off
[05:37:16.091] RX< [6] [ca
[05:37:16.103] RX< m] [230494][DfsSend][sensor_stream_off:1217]sensor [1]: REG: 0x100, W:0x0.
[05:37:16.103] RX< [6] [cam] [230495][DfsSend][sensor_stream_off:1219]sensor [1]: REG: 0x100, R:0x0.
[05:37:16.103] RX< [6] [cam] [230519][DfsSend][csc_prv_stop:983]ok! phys_id[1], phys_num[1], stop_type = 0
[05:37:16.103] RX< [6] [cam] 
[05:37:16.103] RX< [230519][DfsSend][cam_stop:1058]preview stop ok! logic_id[0]
[05:37:16.103] RX< [34m[cam stop] perf=25754(us)!
[05:37:16.103] RX< [0m[6] [App Cam] cam stop success
[05:37:16.103] RX< Total of 5387 frames encoded, 408797419 bytes, max_workbuffer_used: 3493888 bytes
[05:37:16.103] RX< [6] [App Cam] hevc_encoder_deinit success
[05:37:16.103] RX< [7
[05:37:16.106] RX< ] [cam] [230522][DfsSend][cam_cpm_core_power_off:467]id,0 type,1 ret 0
[05:37:16.106] RX< [6] [cam] [230522][sif0][sif_irq_proc:174]thread release cid,0
[05:37:16.106] RX< [6] [cam] [230522][DfsSend][cam_sif_mgr_deinit:316]X
[05:37:16.106] RX< [6] [cam] [230523][DfsSend][cam_deinit:887]deinit ok! logic_id[0]
[05:37:16.106] RX< 
[05:37:16.106] RX< [34m[cam deinit] perf=1296(us)!
[05:37:16.106] RX< [0m[6] [App Cam] cam deinit success
[05:37:16.106] RX< [6] [cam] [230523][DfsSend][sensor_close:1292]sensor [1]: close!
[05:37:16.106] RX< [6] [cam] [230524][DfsSend][cam_dewarp_deinit:438]dewarp deinit, id=0
[05:37:16.106] RX< [6] [cam] [230524][dwp0][dewarp_thread_entry:174]d
[05:37:16.109] RX< ewarp thread exit signal, id=0
[05:37:16.109] RX< [6] [cam] [230525][dwp0][dewarp_thread_entry:276]dewarp thread exit, id=0
[05:37:16.109] RX< [6] [cam] [230525][DfsSend][cam_bm_core_deinit:136]X
[05:37:16.109] RX< [6] [cam] [230526][be0][be_core_irq_proc:329]thread release cid,0
[05:37:16.109] RX< [6] [cam] [230526][DfsSend][ca
[05:37:16.109] RX< m_be_core_deinit:793]X
[05:37:16.109] RX< [6] [cam] [230526][me0][me_core_thread:404]thread release cid,0
[05:37:16.109] RX< [6] [cam] [230527][DfsSend][cam_me_core_deinit:1551]X
[05:37:16.109] RX< [6] [cam] [230527][fe0][fe_core_irq_proc:121]thread release cid,0
[05:37:16.109] RX< [6] [cam] [230527][DfsSend][cam_fe_core_deinit:
[05:37:16.111] RX< 536]X
[05:37:16.111] RX< [6] [cam] [230528][b_3a_sts][bayer_stats_core_irq_proc:193]thread release cid,0
[05:37:16.111] RX< [6] [cam] [230528][DfsSend][cam_bayer_stats_core_deinit:512]X
[05:37:16.111] RX< [6] [cam] [230528][b_ae0][a5_core_wrapper_task:315]thread release cid,0,algo,0
[05:37:16.111] RX< [6] [cam] [230529][DfsSend]
[05:37:16.112] RX< [bayer_ae_wrapper_deinit:204]X
[05:37:16.112] RX< [6] [cam] [230529][atf0][a5_core_wrapper_task:315]thread release cid,0,algo,1
[05:37:16.112] RX< [6] [cam] [230529][DfsSend][atf_wrapper_deinit:153]X
[05:37:16.112] RX< [6] [cam] [230530][awb0][a5_core_wrapper_task:315]thread release cid,0,algo,2
[05:37:16.112] RX< [6] [cam] [230
[05:37:16.114] RX< 530][DfsSend][awb_wrapper_deinit:153]X
[05:37:16.114] RX< [6] [cam] [230531][DfsSend][cam_5a_core_deinit:555]X
[05:37:16.114] RX< [6] [cam] [230531][DfsSend][cam_5a_inf_deinit:149]X
[05:37:16.114] RX< [6] [cam] [230531][qpc0][qpc_core_msg_proc:705]thread release cid,0
[05:37:16.114] RX< [6] [cam] [230531][DfsSend][qpc_core_deini
[05:37:16.114] RX< t:1413]X
[05:37:16.114] RX< [6] [cam] [230532][DfsSend][cam_cpm_core_deinit:1248]X
[05:37:16.114] RX< [6] [cam] [230532][DfsSend][csc_close:656]ok! phys_id[1], phys_num[1]
[05:37:16.114] RX< [7] [cam] [230533][cer0][cer_recovery_proc:352]msg type = 254
[05:37:16.114] RX< [6] [cam] [230533][cer0][cer_recovery_proc:454]thread rele
[05:37:16.124] RX< ase cid,0
[05:37:16.124] RX< [6] [cam] [230533][DfsSend][cer_deinit:560]X
[05:37:16.124] RX< [6] [cam] [230534][DfsSend][cam_close:789]close ok! logic_id[0]
[05:37:16.124] RX< [34m[cam close] perf=10492(us)!
[05:37:16.124] RX< [0m[6] [App Cam] cam close success
[05:37:16.124] RX< [6] [cam] [230534][cpl0][cam_prelude_proc_routine:136]thread rele
[05:37:16.124] RX< ase
[05:37:16.124] RX< [6] [cam] [230535][DfsSend][cam_exit:571]exit ok!
[05:37:16.124] RX< [34m[cam exit] perf=662(us)!
[05:37:16.124] RX< [0m[6] [App Cam] cam exit success
[05:37:16.124] RX< [6] [App Dfs] Save Video Successful: /emmc/VIDEO/20260101_000050_0044/Video_0044_0.h265
[05:37:16.124] RX< [6] [App Dfs] Save Imu Successful: /emmc/VIDEO/
[05:37:18.127] RX< 20260101_000050_0044/Imu_0044.bin
[05:37:18.127] RX< [6] [App Dfs] Video recording completed successfully.
[05:40:08.390] TX> rtmp_video_start rtmp://192.168.1.89/live/cam
[05:40:08.614] RX< rtmp_video_start rtmp://192.168.1.89/live/cam
[05:40:08.614] RX< [7] [cam] [403036][tshell][cgm_parse_bin:104]total logical camera num: 1
[05:40:08.614] RX< [6] [cam] [403036][tshell][cam_prelude_create:187]E id, 0
[05:40:08.614] RX< [7] [cam] [403037][cpl0][cam_prelude_proc_routine:101]thread start
[05:40:08.614] RX< [6] [cam] [
[05:40:08.615] RX< 403037][tshell][cam_prelude_create:214]X ctx size 132 addr 0x884de2a0
[05:40:08.615] RX< [6] [cam] [403041][tshell][sensor_probe:418]sensor [1]: identifing 0 success.
[05:40:08.615] RX< [6] [cam] [403042][tshell][sensor_probe:441]sensor [1]: probe exit!
[05:40:08.615] RX< [6] [cam] [403042][tshell][cam_prelude_
[05:40:08.617] RX< fast_probe:251]cam: 0 probe result: 0
[05:40:08.617] RX< [6] [cam] [403043][tshell][cgm_parse_bin:218]cam(0) probe success
[05:40:08.617] RX< [6] [cam] [403043][tshell][cam_entry:455]entry ok
[05:40:08.617] RX< [34m[cam entry] perf=8237(us)!
[05:40:08.617] RX< [0m[6] [App Cam] cam entry success
[05:40:08.617] RX< [7] [cam] [403044][tshell][cam_
[05:40:08.617] RX< solve_layout:350][mLayout] param OK, scen3 iw4032 ih2268 ow2304 oh1296 gdc 0x2
[05:40:08.617] RX< [36m[mLayout] scen03 in=4032x2268,out=1296x2304 meRot1 stripe0 gdcOn0
[05:40:08.617] RX< [0m[36m[mLayout] scen03 14entries solved status=OK retry=0 rtmp=enabled (cursor0=0x8a018210 cursor1=0x8
[05:40:08.620] RX< 9300000, ch0/1/2 cnt=5/1/1)
[05:40:08.620] RX< [0m[7] [cam] [403045][tshell][cam_solve_layout:377]
[05:40:08.620] RX< [mLayout] out vol 0x8c000000 rBuf 0x89300000 sz 0xd00000 wBuf 0x8a9e5400 sz 0x900000
[05:40:08.620] RX<           rtmp tBuf 0x8a098210 sz 0x80000 aBuf 0x8a018210 sz 0x80000
[05:40:08.620] RX< [7] [cam] [403047][
[05:40:08.623] RX< tshell][cam_solve_layout:397]Solve Scen3 layout Done!
[05:40:08.623] RX< [6] [cam] [403047][tshell][cgm_parse_media_para:274]phy cam num: 1
[05:40:08.623] RX< [7] [cam] [403048][cer0][cer_recovery_proc:343]thread start cid, 0
[05:40:08.623] RX< [6] [cam] [403048][tshell][csc_open:499]SENSOR MCLK cal: 24MHz
[05:40:08.623] RX< [6]
[05:40:08.623] RX<  [cam] [403048][tshell][csc_isp_clk_cal:344]MIPI CLK cal: 277MHz
[05:40:08.623] RX< [6] [cam] [403049][tshell][csc_isp_clk_cal:374]LITE CLK cal: 25MHz
[05:40:08.623] RX< [7] [cam] [403049][tshell][cpc_csi_rx_power_on:633]E id: 2
[05:40:08.623] RX< [4] [cam] [403050][tshell][cpc_csi_rx_power_on:644]csi_2 has al
[05:40:08.628] RX< ready power on, STATUS: 1
[05:40:08.628] RX< [6] [cam] [403050][tshell][cpc_update_clock:603]actual SNS mclk: 24MHz
[05:40:08.628] RX< [6] [cam] [403051][tshell][cpc_update_clock:608]actual MIPI0: 300MHz
[05:40:08.628] RX< [6] [cam] [403051][tshell][cpc_update_clock:598]actual LITE clk: 25MHz
[05:40:08.628] RX< [7] [cam] [403051
[05:40:08.629] RX< ][tshell][cam_prelude_open:297][34msnsOpen camID1 csiID0 phyIdx0[0m
[05:40:08.629] RX< [6] [cam] [403054][tshell][sensor_expo_gain_match:48]sensor get sensor expo gain of imx681_vst
[05:40:08.629] RX< [6] [cam] [403055][tshell][sensor_open:684]sensor [1] open OK.
[05:40:08.629] RX< [6] [cam] [403055][tshell][
[05:40:08.633] RX< cam_cpm_parse_media:295]video scenario:3, media para[fps:0, mirror_en:0, flip_en:0]
[05:40:08.633] RX< [6] [cam] [403055][tshell][cam_cpm_parse_media:298]video scenario, media para[iso:0, gain:0, wb_mode:0]
[05:40:08.633] RX< [6] [cam] [403057][tshell][csc_isp_clk_cal:355]FE CLK cal: 373MHz, 
[05:40:08.633] RX< ME CLK cal: 371MHz, FE/ME CLK cal: 410MHz
[05:40:08.633] RX< [6] [cam] [403057][tshell][csc_isp_clk_cal:364]BE CLK cal: 301MHz
[05:40:08.633] RX< [4] [cam] [403057][tshell][cam_fe_core_power_on:269]fe pipe has already power on, STATUS: 1
[05:40:08.633] RX< [6] [cam] [403058][tshell][cpc_update_clock:588]actual 
[05:40:08.636] RX< FE/ME clk: 500MHz
[05:40:08.636] RX< [7] [cam] [403058][tshell][cam_cpm_core_power_on:435]id,0 type,1 ret 0
[05:40:08.636] RX< [6] [cam] [403059][tshell][cam_cpm_core_init:1017]E id,0 sensor type,1
[05:40:08.636] RX< [6] [cam] [403061][tshell][cpm_core_check_tuningbin:957]Tuning bin crc check PASS! sum 0x17a59
[05:40:08.636] RX< 64, xor 0x87e82682
[05:40:08.636] RX< [6] [cam] [403061][tshell][qpc_tuning_check_iqbin_validness:396]IQ bin addr: 0x88646660, project_name: video_3M
[05:40:08.636] RX< [6] [cam] [403063][tshell][qpc_tuning_check_iqbin_validness:397]total_size: 94400
[05:40:08.636] RX< [6] [cam] [403063][tshell][qpc_tuning_chec
[05:40:08.639] RX< k_iqbin_validness:398]id_count: 93. ID_TOTAL: 94
[05:40:08.639] RX< [6] [cam] [403063][tshell][qpc_tuning_check_iqbin_validness:399]spinel tuning data ver: V1.30
[05:40:08.639] RX< [6] [cam] [403064][tshell][cpm_core_check_tuningbin:971]IQ bin check success!
[05:40:08.639] RX< [6] [cam] [403064][tshell][cam_bm
[05:40:08.639] RX< _core_init:94]E
[05:40:08.639] RX< [6] [cam] [403065][tshell][bm_lab_init:174]X ctx size 4 addr 0x884b95d8
[05:40:08.639] RX< [6] [cam] [403065][tshell][cam_bm_core_init:114]X ctx size 180 addr 0x884c17b0
[05:40:08.639] RX< [6] [cam] [403065][tshell][qpc_core_init:1299]E id,0
[05:40:08.639] RX< [6] [cam] [403066][tshell][qpc_que
[05:40:08.657] RX< ue_init:65]QPC init qnodes 8, size 508, pool 0x884c1dc8
[05:40:08.657] RX< [7] [cam] [403066][tshell][_qpc_get_cap_cfg_para:896][fallback]preset capCfg 200 0 0 invalid, use default
[05:40:08.657] RX< [7] [cam] [403067][tshell][_qpc_cfg_hdr_frms:840][fallback]preset hdrCfg 0 0 0 0 0 invalid, u
[05:40:08.657] RX< se default
[05:40:08.657] RX< [6] [cam] [403083][tshell][qpc_core_init:1347]X ctx size 1288 addr 0x884c1878
[05:40:08.657] RX< [6] [cam] [403083][tshell][cpm_core_get_param:764]cpm para chk: tunBin-w 4032 h 2266 img-w 4032 h 2268
[05:40:08.657] RX< [6] [cam] [403083][tshell][cam_fe_core_init:436]E id,0
[05:40:08.657] RX< [6] [cam
[05:40:08.662] RX< ] [403084][tshell][cam_fe_core_init:490]X ctx size 96 addr 0x884c31e0
[05:40:08.662] RX< [7] [cam] [403085][tshell][qpc_core_fe_chords_init:1763][34mqpc fe init snsOut w 4032 h 2268, tbl w 28 h 20[0m
[05:40:08.662] RX< [6] [cam] [403085][tshell][cam_me_core_init:1523]X ctx size 1352 addr 0x
[05:40:08.662] RX< 884f1828
[05:40:08.662] RX< [34m[ME SLICE CFG] perf=1247(us)!
[05:40:08.662] RX< [0m[6] [cam] [403088][tshell][cam_bayer_fe_3a_stats_core_init:445]fe 3a id,0
[05:40:08.662] RX< [6] [cam] [403089][tshell][cam_bayer_fe_3a_stats_core_init:490]X ctx size 132 addr 0x884fa1f8
[05:40:08.662] RX< [6] [cam] [403089][tshell][awb_wrapper
[05:40:08.670] RX< _init:66]xxx awb_bin=0x884e11a4, awb_bin_length=8068
[05:40:08.670] RX< [6] [cam] [403090][tshell][awb_wrapper_init:86]X algo_handle 0x884ffe58
[05:40:08.670] RX< [7] [cam] [403090][awb0][a5_core_wrapper_task:252]thread start cid,0 algo type,2
[05:40:08.670] RX< [6] [cam] [403091][tshell][a5_core_init_task:426]
[05:40:08.671] RX< thread created: awb0 mq=0x88501ee8 thread=0x88502000 sem=0x88501e78 ret=0
[05:40:08.671] RX< [6] [cam] [403091][tshell][bayer_ae_wrapper_init:68]E id,0 proc mode 0 
[05:40:08.671] RX< 
[05:40:08.671] RX< [AEC Proc] @[allib_ae_set_debug_log_flag] Line:129:[DEBUG] debug level/to_file/to_terminal: 22/1/1
[05:40:08.671] RX< [AEC Proc
[05:40:08.673] RX< ] @[AeInit] Line:377:[INFO] AE ver: 2026_V2.269
[05:40:08.673] RX< 
[05:40:08.673] RX< [AEC Proc] @[allib_ae_loadfunc] Line:193:[INFO] camera ID: 0
[05:40:08.673] RX< [AEC Proc] @[alAE_set_param] Line:576:[DEBUG] sw_maxtime 33004 ,pertline 10800, after check sensor step sw_max_time 33000.00
[05:40:08.673] RX< [AEC Proc] @[alAE_s
[05:40:08.673] RX< et_param] Line:581:[DEBUG] sw_mintime 43 ,pertline 10800, after check sensor step sw_min_time 40.00
[05:40:08.673] RX< [AEC Proc] @[alAE_set_param] Line:514:[DEBUG] DEBUG minbv exptime 11 gain 100, minExpBV 13810
[05:40:08.673] RX< [AEC Proc] @[AeTuningParseSet] Line:167:[DEBUG] aeparam versi
[05:40:08.676] RX< on 2.268 60803
[05:40:08.676] RX< [AEC Proc] @[alAE_set_param] Line:341:[DEBUG] INITEXP gain 100, shutter 33242, midtonegain 100, bv 2247
[05:40:08.676] RX< [6] [cam] [403101][tshell][bayer_ae_wrapper_init:119]X tline 10800 max_exp 33004 alg_hdl 0x885047b0 
[05:40:08.676] RX< [7] [cam] [403102][b_ae0][a5_core_w
[05:40:08.676] RX< rapper_task:252]thread start cid,0 algo type,0
[05:40:08.676] RX< [6] [cam] [403103][tshell][a5_core_init_task:426]thread created: b_ae0 mq=0x88505860 thread=0x88505978 sem=0x885057f0 ret=0
[05:40:08.676] RX< [6] [cam] [403103][tshell][atf_wrapper_init:67]E id,0
[05:40:08.676] RX< [6] [cam] [403104][tshell][at
[05:40:08.692] RX< f_wrapper_init:107]X alg_ctx addr 0x88506d60
[05:40:08.692] RX< [7] [cam] [403104][atf0][a5_core_wrapper_task:252]thread start cid,0 algo type,1
[05:40:08.692] RX< [6] [cam] [403104][tshell][a5_core_init_task:426]thread created: atf0 mq=0x88506e98 thread=0x88506fb0 sem=0x88506e28 ret=0
[05:40:08.692] RX< [6] [c
[05:40:08.692] RX< am] [403105][tshell][cam_cpm_core_init:1149]X ctx size 1096 addr 0x884c1358
[05:40:08.692] RX< [6] [cam] [403106][tshell][csc_open:599]ok! phys_id[1], phys_num[1] 
[05:40:08.692] RX< [6] [cam] [403106][tshell][cam_open:738]open ok! camera_id[0]
[05:40:08.692] RX< [34m[cam open] perf=62553(us)!
[05:40:08.692] RX< [0m[6] [App Ca
[05:40:08.695] RX< m] cam open success
[05:40:08.695] RX< [6] [cam] [403120][tshell][csc_init:722]sensor info:size:4032x2268, formt: 0x2b, bps: 1968, tline: 10800
[05:40:08.695] RX< [6] [cam] [403120][tshell][cam_sif_mgr_init:261]E id,0
[05:40:08.695] RX< [7] [cam] [403121][sif0][sif_irq_proc:151]thread start cid,0
[05:40:08.695] RX< [6] [cam] [40
[05:40:08.695] RX< 3121][tshell][cam_sif_mgr_init:293]X ctx size 52 addr 0x885417e8
[05:40:08.695] RX< [6] [cam] [403122][tshell][cam_prelude_init_cfg:368]CSI ID is 0,  phy lanes is 2.
[05:40:08.695] RX< [7] [cam] [403122][tshell][check_phy_ready:96]MIPI_PHY[0] is ready
[05:40:08.695] RX< [6] [cam] [403123][tshell][sensor_init:3
[05:40:08.704] RX< 48]sensor [1]: register ok
[05:40:08.704] RX< [6] [cam] [403123][tshell][sensor_set_mode:887]sensor [1]: SetMode -> mode = 0.
[05:40:08.704] RX< [6] [cam] [403124][tshell][sensor_send_reg_tab_to_sensor:705]sensor [1]: send_reg_tab_to_sensor E.
[05:40:08.704] RX< [6] [cam] [403127][tshell][sensor_send_reg_tab_to
[05:40:08.704] RX< _sensor:751]sensor [1]: reg_count = 77.
[05:40:08.704] RX< [6] [cam] [403127][tshell][sensor_init:361]sensor [1]: init success.
[05:40:08.704] RX< [6] [cam] [403127][tshell][sensor_set_mode:887]sensor [1]: SetMode -> mode = 3.
[05:40:08.704] RX< [6] [cam] [403128][tshell][sensor_send_reg_tab_to_sensor:705]senso
[05:40:08.707] RX< r [1]: send_reg_tab_to_sensor E.
[05:40:08.707] RX< [6] [cam] [403132][tshell][sensor_send_reg_tab_to_sensor:751]sensor [1]: reg_count = 83.
[05:40:08.707] RX< [6] [cam] [403132][tshell][csc_init:731]ok! phys_id[1], phys_num[1]
[05:40:08.707] RX< [6] [cam] [403133][tshell][csc_get_bayer_single_buffer:1148]scena
[05:40:08.707] RX< rio_type: 3
[05:40:08.707] RX< [6] [cam] [403133][tshell][csc_set_stats_fmt:98]index 0 w 1 h 1 bw 8 wcmp 255
[05:40:08.707] RX< [7] [cam] [403134][tshell][bm_ioctl:201]BMIOC_STATS_FMT
[05:40:08.707] RX< [6] [cam] [403134][tshell][csc_set_fe_fmt:47]index 1 w 4032 h 2268 bw 10 wcmp 0
[05:40:08.707] RX< [7] [cam] [403135][tshell][b
[05:40:08.709] RX< m_ioctl:201]BMIOC_FE_FMT
[05:40:08.709] RX< [6] [cam] [403135][tshell][csc_set_me_fmt:64]index 5 w 2268 h 4032 bw 10 wcmp 0, rdma_addr 0x8a128c00, wdma_addr 0x8a128c00
[05:40:08.709] RX< [7] [cam] [403136][tshell][bm_ioctl:201]BMIOC_ME_FMT
[05:40:08.709] RX< [6] [cam] [403136][tshell][csc_set_video_fmt:1076]met
[05:40:08.709] RX< a_addr: 0x8a118240
[05:40:08.709] RX< [6] [cam] [403136][tshell][csc_set_me_fmt:64]index 6 w 1296 h 2304 bw 8 wcmp 255, rdma_addr 0x8b2e5400, wdma_addr 0x8c000000
[05:40:08.709] RX< [6] [cam] [403136][tshell][cam_me_core_buffer_cfg:1416]
[05:40:08.709] RX< ----ME PIPE INFO---
[05:40:08.709] RX<  wdma_buf_num:1, rotation_en: 1
[05:40:08.712] RX< [7] [cam] [403138][tshell][cam_me_core_buffer_cfg:1424]yuv wdma_addr 0:0x8c000000, meta_en: 1, 0x8a118240
[05:40:08.712] RX< [7] [cam] [403138][tshell][bm_ioctl:201]BMIOC_ME_FMT
[05:40:08.712] RX< [6] [cam] [403138][tshell][csc_set_lite_fmt:115]index 13 w 400 h 400 bw 10 wcmp 255
[05:40:08.712] RX< [7] [cam] [4
[05:40:08.715] RX< 03139][tshell][bm_ioctl:201]BMIOC_LITE_FMT
[05:40:08.715] RX< [6] [cam] [403139][tshell][csc_set_lite_fmt:115]index 14 w 400 h 400 bw 10 wcmp 255
[05:40:08.715] RX< [7] [cam] [403139][tshell][bm_ioctl:201]BMIOC_LITE_FMT
[05:40:08.715] RX< [6] [cam] [403140][tshell][csc_init:739]get otp ok! phys_id[1], phys_num
[05:40:08.715] RX< [1]
[05:40:08.715] RX< [6] [cam] [403140][tshell][cam_init:828]init ok! logic_id[0]
[05:40:08.715] RX< [34m[cam init] perf=20928(us)!
[05:40:08.715] RX< [0m[6] [App Cam] cam init success
[05:40:08.715] RX< [7] [cam] [403141][tshell][cam_cpm_core_stream_on:560]id 0 sensor type 1
[05:40:08.715] RX< [6] [cam] [403141][tshell][sensor_stream_on:1024]
[05:40:08.741] RX< sensor [1]: stream_on
[05:40:08.741] RX< [6] [cam] [403142][tshell][sensor_stream_on:1052]sensor [1]: REG: 0x100, W:0x1.
[05:40:08.741] RX< [6] [cam] [403142][tshell][sensor_stream_on:1054]sensor [1]: REG: 0x100, R:0x1.
[05:40:08.741] RX< [6] [cam] [403143][tshell][csc_prv_start:873]ok! phys_id[1], phys_num[1]
[05:40:08.741] RX< , cam_ids[1]
[05:40:08.741] RX< [6] [cam] [403143][tshell][cam_start:938]preview start ok! logic_id[0]
[05:40:08.741] RX< [34m[cam start] perf=2557(us)!
[05:40:08.741] RX< [0m[6] [App Cam] cam start success
[05:40:08.741] RX< [RTMP] connecting rtmp://192.168.1.89/live/cam ...
[05:40:08.741] RX< [7] [cam] [403145][b_3a_sts][bayer_stats_core_irq_p
[05:40:08.859] RX< roc:164]thread start cid,0
[05:40:08.859] RX< [7] [cam] [403145][fe0][fe_core_irq_proc:98]thread start cid,0
[05:40:08.859] RX< [RTMP] connected to 192.168.1.89:1935 (sock=6)
[05:40:08.859] RX< [RTMP] handshake (simple) ok
[05:40:08.859] RX< [34m[AE] fid=0,exp=6810,adg=100,Y=6080,mtg=100,shg=100,bgbv=4510,iso=100,cnv0,hdr0
[05:40:08.859] RX< [0m
[05:40:08.959] RX< [34m[b_ae0 proc] perf=8286(us), max=8286(us)!
[05:40:08.959] RX< [0m[34m[awb0 proc] perf=4010(us), max=4010(us)!
[05:40:08.959] RX< [0m[RTMP] connect _result ok
[05:40:08.959] RX< [RTMP] createStream -> msid=1
[05:40:08.959] RX< [RTMP] publish ready on rtmp://192.168.1.89:1935/live
[05:40:08.959] RX< [RTMP] config sent (42 bytes)
[05:40:08.959] RX< [RTMP] f_index 
[05:40:09.356] RX< = 0, f_len = 39
[05:40:09.356] RX< [RTMP] Push Start -> rtmp://192.168.1.89/live/cam
[05:40:09.356] RX< msh /emmc>[6] [cam] [403437][me0][cpm_cb_fe2me_tikChk:152]frm_length 88563us, fe2me delta 0
[05:40:09.356] RX< [34m[ME INTP]fid=0, shutter=6810, perf=2141(us), max=2141(us)!
[05:40:09.356] RX< [0m[7] [cam] [403781][me0][me_co
[05:40:11.013] RX< re_thread:359]ME out fid 0
[05:40:11.013] RX< [34m[AE] fid=30,exp=10130,adg=225,Y=4741,mtg=180,shg=100,bgbv=1794,iso=225,cnv2,hdr0
[05:40:11.013] RX< [0m[7] [cam] [404781][me0][me_core_thread:359]ME out fid 30
[05:40:11.013] RX< [34m[AE] fid=60,exp=10130,adg=225,Y=4777,mtg=180,shg=100,bgbv=1805,iso=225,cnv2,h
[05:40:12.017] RX< dr0
[05:40:12.017] RX< [0m[7] [cam] [405781][me0][me_core_thread:359]ME out fid 60
[05:40:12.017] RX< [34m[AE] fid=90,exp=10130,adg=225,Y=4772,mtg=180,shg=100,bgbv=1801,iso=225,cnv2,hdr0
[05:40:12.017] RX< [0m[34m[b_ae0 proc] perf=1044(us), max=8286(us)!
[05:40:12.017] RX< [0m[34m[awb0 proc] perf=3946(us), max=4375(us)!
[05:40:12.017] RX< [0
[05:40:13.112] RX< m[RTMP] f_index = 90, f_len = 13560
[05:40:13.112] RX< [7] [cam] [406781][me0][me_core_thread:359]ME out fid 90
[05:40:13.112] RX< [34m[awb0 proc] perf=6410(us), max=6410(us)!
[05:40:13.112] RX< [0m[34m[AE] fid=120,exp=10130,adg=225,Y=4785,mtg=180,shg=100,bgbv=1805,iso=225,cnv2,hdr0
[05:40:13.112] RX< [0m[34m[ME INTP]fid=120,
[05:40:15.017] RX<  shutter=10130, perf=5(us), max=4217(us)!
[05:40:15.017] RX< [0m[7] [cam] [407781][me0][me_core_thread:359]ME out fid 120
[05:40:15.017] RX< [34m[AE] fid=150,exp=10130,adg=225,Y=4788,mtg=180,shg=100,bgbv=1809,iso=225,cnv2,hdr0
[05:40:15.017] RX< [0m[7] [cam] [408781][me0][me_core_thread:359]ME out fid 150
[05:40:15.017] RX< [3
[05:40:15.353] RX< 4m[AE] fid=180,exp=10130,adg=225,Y=4829,mtg=180,shg=100,bgbv=1820,iso=225,cnv2,hdr0
[05:40:15.353] RX< [0m[34m[b_ae0 proc] perf=985(us), max=3819(us)!
[05:40:15.353] RX< [0m[34m[awb0 proc] perf=4002(us), max=6410(us)!
[05:40:15.353] RX< [0m[RTMP] f_index = 180, f_len = 16170
[05:40:15.353] RX< [7] [cam] [409781][me0][me_core
[05:40:17.012] RX< _thread:359]ME out fid 180
[05:40:17.012] RX< [34m[AE] fid=210,exp=10130,adg=225,Y=4832,mtg=180,shg=100,bgbv=1820,iso=225,cnv2,hdr0
[05:40:17.012] RX< [0m[7] [cam] [410780][me0][me_core_thread:359]ME out fid 210
[05:40:17.012] RX< [34m[AE] fid=240,exp=10130,adg=225,Y=4826,mtg=180,shg=100,bgbv=1820,iso=225,cnv
[05:40:18.016] RX< 2,hdr0
[05:40:18.016] RX< [0m[34m[ME INTP]fid=240, shutter=10130, perf=6(us), max=1277(us)!
[05:40:18.016] RX< [0m[7] [cam] [411780][me0][me_core_thread:359]ME out fid 240
[05:40:18.016] RX< [34m[AE] fid=270,exp=10130,adg=225,Y=4831,mtg=180,shg=100,bgbv=1820,iso=225,cnv2,hdr0
[05:40:18.016] RX< [0m[34m[b_ae0 proc] perf=945(u
[05:40:19.011] RX< s), max=1133(us)!
[05:40:19.011] RX< [0m[34m[awb0 proc] perf=3840(us), max=4007(us)!
[05:40:19.011] RX< [0m[RTMP] f_index = 270, f_len = 13155
[05:40:19.011] RX< [7] [cam] [412780][me0][me_core_thread:359]ME out fid 270
[05:40:19.011] RX< [34m[AE] fid=300,exp=10130,adg=225,Y=4837,mtg=180,shg=100,bgbv=1820,iso=225,cnv2,hdr0
[05:40:19.011] RX< [
[05:40:20.444] RX< 0m[7] [cam] [413780][me0][me_core_thread:359]ME out fid 300
[05:40:20.444] RX< [34m[AE] fid=330,exp=10090,adg=225,Y=4821,mtg=180,shg=100,bgbv=1818,iso=225,cnv2,hdr0
[05:40:20.444] RX< [0m[7] [cam] [414780][me0][me_core_thread:359]ME out fid 330
[05:40:20.444] RX< [4] [cam] [414858][qpc0][qpc_core_exception_che
[05:40:21.113] RX< ck:405]discontinuous frame, now: 343, last: 341
[05:40:21.113] RX< [34m[AE] fid=360,exp=13660,adg=300,Y=3938,mtg=180,shg=100,bgbv=963,iso=300,cnv2,hdr0
[05:40:21.113] RX< [0m[34m[b_ae0 proc] perf=1147(us), max=2178(us)!
[05:40:21.113] RX< [0m[34m[awb0 proc] perf=3991(us), max=4054(us)!
[05:40:21.113] RX< [0m[34m[ME INTP]fi
[05:40:22.363] RX< d=360, shutter=13660, perf=2232(us), max=4462(us)!
[05:40:22.363] RX< [0m[RTMP] f_index = 360, f_len = 18709
[05:40:22.363] RX< [7] [cam] [415780][me0][me_core_thread:359]ME out fid 360
[05:40:22.363] RX< [34m[AE] fid=390,exp=9920,adg=244,Y=4852,mtg=180,shg=100,bgbv=1756,iso=244,cnv2,hdr0
[05:40:22.363] RX< [0m[7] [cam] [416780
[05:40:24.016] RX< ][me0][me_core_thread:359]ME out fid 390
[05:40:24.016] RX< [34m[AE] fid=420,exp=9960,adg=238,Y=4939,mtg=180,shg=100,bgbv=1797,iso=238,cnv2,hdr0
[05:40:24.016] RX< [0m[7] [cam] [417780][me0][me_core_thread:359]ME out fid 420
[05:40:24.016] RX< [34m[AE] fid=450,exp=10000,adg=257,Y=4589,mtg=180,shg=100,bgbv=156
[05:40:25.010] RX< 8,iso=257,cnv2,hdr0
[05:40:25.010] RX< [0m[34m[b_ae0 proc] perf=978(us), max=2946(us)!
[05:40:25.010] RX< [0m[34m[awb0 proc] perf=3939(us), max=4049(us)!
[05:40:25.010] RX< [0m[RTMP] f_index = 450, f_len = 18985
[05:40:25.010] RX< [7] [cam] [418779][me0][me_core_thread:359]ME out fid 450
[05:40:25.010] RX< [34m[AE] fid=480,exp=12900,adg=300,Y
[05:40:26.010] RX< =4219,mtg=180,shg=100,bgbv=1052,iso=300,cnv2,hdr0
[05:40:26.010] RX< [0m[34m[ME INTP]fid=480, shutter=12900, perf=2005(us), max=6185(us)!
[05:40:26.010] RX< [0m[7] [cam] [419779][me0][me_core_thread:359]ME out fid 480
[05:40:26.010] RX< [34m[AE] fid=510,exp=11750,adg=300,Y=4694,mtg=180,shg=100,bgbv=1246,iso=
[05:40:27.017] RX< 300,cnv2,hdr0
[05:40:27.017] RX< [0m[7] [cam] [420779][me0][me_core_thread:359]ME out fid 510
[05:40:27.017] RX< [34m[AE] fid=540,exp=12750,adg=300,Y=4170,mtg=180,shg=100,bgbv=1057,iso=300,cnv2,hdr0
[05:40:27.017] RX< [0m[34m[b_ae0 proc] perf=1019(us), max=1148(us)!
[05:40:27.017] RX< [0m[34m[awb0 proc] perf=3971(us), max=4
[05:40:28.361] RX< 087(us)!
[05:40:28.361] RX< [0m[RTMP] f_index = 540, f_len = 11362
[05:40:28.361] RX< [7] [cam] [421779][me0][me_core_thread:359]ME out fid 540
[05:40:28.361] RX< [34m[AE] fid=570,exp=12840,adg=300,Y=4299,mtg=180,shg=100,bgbv=1065,iso=300,cnv2,hdr0
[05:40:28.361] RX< [0m[7] [cam] [422779][me0][me_core_thread:359]ME out fid 570
[05:40:30.016] RX< [34m[AE] fid=600,exp=12890,adg=300,Y=4313,mtg=180,shg=100,bgbv=1078,iso=300,cnv2,hdr0
[05:40:30.016] RX< [0m[34m[ME INTP]fid=600, shutter=12890, perf=3196(us), max=3771(us)!
[05:40:30.016] RX< [0m[7] [cam] [423779][me0][me_core_thread:359]ME out fid 600
[05:40:30.016] RX< [34m[AE] fid=630,exp=12360,adg=300,
[05:40:31.009] RX< Y=4233,mtg=180,shg=100,bgbv=1085,iso=300,cnv2,hdr0
[05:40:31.009] RX< [0m[34m[b_ae0 proc] perf=1166(us), max=1166(us)!
[05:40:31.009] RX< [0m[34m[awb0 proc] perf=3973(us), max=4053(us)!
[05:40:31.009] RX< [0m[RTMP] f_index = 630, f_len = 12825
[05:40:31.009] RX< [7] [cam] [424779][me0][me_core_thread:359]ME out fid 630
[05:40:31.009] RX< [34m
[05:40:32.360] RX< [AE] fid=660,exp=12400,adg=300,Y=4147,mtg=180,shg=100,bgbv=1066,iso=300,cnv2,hdr0
[05:40:32.360] RX< [0m[7] [cam] [425778][me0][me_core_thread:359]ME out fid 660
[05:40:32.360] RX< [34m[AE] fid=690,exp=10590,adg=300,Y=4512,mtg=174,shg=141,bgbv=1370,iso=300,cnv2,hdr0
[05:40:32.360] RX< [0m[7] [cam] [426778][me
[05:40:33.110] RX< 0][me_core_thread:359]ME out fid 690
[05:40:33.110] RX< [34m[AE] fid=720,exp=11930,adg=300,Y=3987,mtg=180,shg=100,bgbv=1084,iso=300,cnv2,hdr0
[05:40:33.110] RX< [0m[34m[b_ae0 proc] perf=1026(us), max=1166(us)!
[05:40:33.110] RX< [0m[34m[awb0 proc] perf=3997(us), max=4074(us)!
[05:40:33.110] RX< [0m[34m[ME INTP]fid=720, shu
[05:40:34.361] RX< tter=11930, perf=2212(us), max=3491(us)!
[05:40:34.361] RX< [0m[RTMP] f_index = 720, f_len = 19148
[05:40:34.361] RX< [7] [cam] [427778][me0][me_core_thread:359]ME out fid 720
[05:40:34.361] RX< [34m[AE] fid=750,exp=10820,adg=300,Y=5450,mtg=175,shg=114,bgbv=1493,iso=300,cnv2,hdr0
[05:40:34.361] RX< [0m[7] [cam] [428778][me0][me
[05:40:36.013] RX< _core_thread:359]ME out fid 750
[05:40:36.013] RX< [34m[AE] fid=780,exp=10030,adg=288,Y=4841,mtg=180,shg=119,bgbv=1526,iso=288,cnv2,hdr0
[05:40:36.013] RX< [0m[7] [cam] [429778][me0][me_core_thread:359]ME out fid 780
[05:40:36.013] RX< [34m[AE] fid=810,exp=9970,adg=294,Y=3939,mtg=180,shg=110,bgbv=1327,iso=294
[05:40:37.007] RX< ,cnv2,hdr0
[05:40:37.007] RX< [0m[34m[b_ae0 proc] perf=977(us), max=1159(us)!
[05:40:37.007] RX< [0m[34m[awb0 proc] perf=4020(us), max=4060(us)!
[05:40:37.007] RX< [0m[RTMP] f_index = 810, f_len = 15410
[05:40:37.007] RX< [7] [cam] [430778][me0][me_core_thread:359]ME out fid 810
[05:40:37.007] RX< [34m[AE] fid=840,exp=12060,adg=300,Y=4597,mtg
[05:40:38.008] RX< =180,shg=100,bgbv=1189,iso=300,cnv2,hdr0
[05:40:38.008] RX< [0m[34m[ME INTP]fid=840, shutter=12060, perf=234(us), max=3754(us)!
[05:40:38.008] RX< [0m[7] [cam] [431778][me0][me_core_thread:359]ME out fid 840
[05:40:38.008] RX< [34m[AE] fid=870,exp=10070,adg=275,Y=4990,mtg=180,shg=100,bgbv=1592,iso=275,cnv2,h
[05:40:39.012] RX< dr0
[05:40:39.012] RX< [0m[7] [cam] [432777][me0][me_core_thread:359]ME out fid 870
[05:40:39.012] RX< [34m[AE] fid=900,exp=11640,adg=300,Y=4520,mtg=180,shg=100,bgbv=1225,iso=300,cnv2,hdr0
[05:40:39.012] RX< [0m[34m[b_ae0 proc] perf=995(us), max=1141(us)!
[05:40:39.012] RX< [0m[34m[awb0 proc] perf=3906(us), max=4064(us)!
[05:40:39.012] RX< [
[05:40:41.007] RX< 0m[RTMP] f_index = 900, f_len = 19313
[05:40:41.007] RX< [7] [cam] [433777][me0][me_core_thread:359]ME out fid 900
[05:40:41.007] RX< [34m[AE] fid=930,exp=10080,adg=300,Y=4959,mtg=180,shg=100,bgbv=1475,iso=300,cnv2,hdr0
[05:40:41.007] RX< [0m[7] [cam] [434777][me0][me_core_thread:359]ME out fid 930
[05:40:41.007] RX< [34m[AE] f
[05:40:42.012] RX< id=960,exp=12380,adg=300,Y=4182,mtg=180,shg=100,bgbv=1094,iso=300,cnv2,hdr0
[05:40:42.012] RX< [0m[34m[ME INTP]fid=960, shutter=12380, perf=531(us), max=3407(us)!
[05:40:42.012] RX< [0m[7] [cam] [435777][me0][me_core_thread:359]ME out fid 960
[05:40:42.012] RX< [34m[AE] fid=990,exp=10070,adg=269,Y=4490,mtg=1
[05:40:43.006] RX< 80,shg=101,bgbv=1549,iso=269,cnv2,hdr0
[05:40:43.006] RX< [0m[34m[b_ae0 proc] perf=984(us), max=1137(us)!
[05:40:43.006] RX< [0m[34m[awb0 proc] perf=4032(us), max=4091(us)!
[05:40:43.006] RX< [0m[RTMP] f_index = 990, f_len = 15963
[05:40:43.006] RX< [7] [cam] [436777][me0][me_core_thread:359]ME out fid 990
[05:40:43.006] RX< [34m[AE] fid=1020
[05:40:44.359] RX< ,exp=10040,adg=250,Y=4536,mtg=180,shg=100,bgbv=1629,iso=250,cnv2,hdr0
[05:40:44.359] RX< [0m[7] [cam] [437777][me0][me_core_thread:359]ME out fid 1020
[05:40:44.359] RX< [34m[AE] fid=1050,exp=10760,adg=300,Y=4572,mtg=180,shg=100,bgbv=1327,iso=300,cnv2,hdr0
[05:40:44.359] RX< [0m[7] [cam] [438777][me0][me_core
[05:40:45.109] RX< _thread:359]ME out fid 1050
[05:40:45.109] RX< [34m[AE] fid=1080,exp=10790,adg=300,Y=4524,mtg=180,shg=100,bgbv=1311,iso=300,cnv2,hdr0
[05:40:45.109] RX< [0m[34m[b_ae0 proc] perf=993(us), max=1138(us)!
[05:40:45.109] RX< [0m[34m[awb0 proc] perf=3972(us), max=4070(us)!
[05:40:45.109] RX< [0m[34m[ME INTP]fid=1080, shutter=107
[05:40:46.358] RX< 90, perf=2097(us), max=5532(us)!
[05:40:46.358] RX< [0m[RTMP] f_index = 1080, f_len = 17200
[05:40:46.358] RX< [7] [cam] [439777][me0][me_core_thread:359]ME out fid 1080
[05:40:46.358] RX< [34m[AE] fid=1110,exp=10850,adg=300,Y=4496,mtg=180,shg=100,bgbv=1299,iso=300,cnv2,hdr0
[05:40:46.358] RX< [0m[7] [cam] [440776][me0][me_core
[05:40:48.010] RX< _thread:359]ME out fid 1110
[05:40:48.010] RX< [34m[AE] fid=1140,exp=11440,adg=300,Y=4435,mtg=180,shg=100,bgbv=1225,iso=300,cnv2,hdr0
[05:40:48.010] RX< [0m[7] [cam] [441776][me0][me_core_thread:359]ME out fid 1140
[05:40:48.010] RX< [34m[AE] fid=1170,exp=12150,adg=300,Y=4417,mtg=180,shg=100,bgbv=1169,iso=300
[05:40:49.006] RX< ,cnv2,hdr0
[05:40:49.006] RX< [0m[34m[b_ae0 proc] perf=1021(us), max=2005(us)!
[05:40:49.006] RX< [0m[34m[awb0 proc] perf=3837(us), max=4079(us)!
[05:40:49.006] RX< [0m[RTMP] f_index = 1170, f_len = 18449
[05:40:49.006] RX< [7] [cam] [442776][me0][me_core_thread:359]ME out fid 1170
[05:40:49.006] RX< [34m[AE] fid=1200,exp=10380,adg=300,Y=4673
[05:40:50.005] RX< ,mtg=159,shg=143,bgbv=1543,iso=300,cnv2,hdr0
[05:40:50.005] RX< [0m[34m[ME INTP]fid=1200, shutter=10380, perf=400(us), max=4144(us)!
[05:40:50.005] RX< [0m[7] [cam] [443776][me0][me_core_thread:359]ME out fid 1200
[05:40:50.005] RX< [34m[AE] fid=1230,exp=10070,adg=275,Y=4514,mtg=180,shg=149,bgbv=1505,iso=275
[05:40:51.011] RX< ,cnv2,hdr0
[05:40:51.011] RX< [0m[7] [cam] [444776][me0][me_core_thread:359]ME out fid 1230
[05:40:51.011] RX< [34m[AE] fid=1260,exp=11590,adg=300,Y=4652,mtg=180,shg=100,bgbv=1273,iso=300,cnv2,hdr0
[05:40:51.011] RX< [0m[34m[b_ae0 proc] perf=911(us), max=1144(us)!
[05:40:51.011] RX< [0m[34m[awb0 proc] perf=3953(us), max=404
[05:40:52.356] RX< 9(us)!
[05:40:52.356] RX< [0m[RTMP] f_index = 1260, f_len = 14805
[05:40:52.356] RX< [7] [cam] [445776][me0][me_core_thread:359]ME out fid 1260
[05:40:52.356] RX< [34m[AE] fid=1290,exp=9890,adg=275,Y=4939,mtg=180,shg=100,bgbv=1589,iso=275,cnv2,hdr0
[05:40:52.356] RX< [0m[7] [cam] [446776][me0][me_core_thread:359]ME out fid 1290
[05:40:54.010] RX< 
[05:40:54.010] RX< [34m[AE] fid=1320,exp=10000,adg=300,Y=4867,mtg=172,shg=100,bgbv=1517,iso=300,cnv2,hdr0
[05:40:54.010] RX< [0m[34m[ME INTP]fid=1320, shutter=10000, perf=2095(us), max=5016(us)!
[05:40:54.010] RX< [0m[7] [cam] [447775][me0][me_core_thread:359]ME out fid 1320
[05:40:54.010] RX< [34m[AE] fid=1350,exp=9960,adg=
[05:40:55.004] RX< 275,Y=4649,mtg=180,shg=100,bgbv=1549,iso=275,cnv2,hdr0
[05:40:55.004] RX< [0m[34m[b_ae0 proc] perf=973(us), max=1150(us)!
[05:40:55.004] RX< [0m[34m[awb0 proc] perf=3933(us), max=4048(us)!
[05:40:55.004] RX< [0m[RTMP] f_index = 1350, f_len = 8906
[05:40:55.004] RX< [7] [cam] [448775][me0][me_core_thread:359]ME out fid 1350
[05:40:55.004] RX< 
[05:40:56.004] RX< [34m[AE] fid=1380,exp=9960,adg=275,Y=4672,mtg=180,shg=100,bgbv=1557,iso=275,cnv2,hdr0
[05:40:56.004] RX< [0m[7] [cam] [449775][me0][me_core_thread:359]ME out fid 1380
[05:40:56.004] RX< [4] [cam] [449853][qpc0][qpc_core_exception_check:405]discontinuous frame, now: 1393, last: 1391
[05:40:56.004] RX< [34m[AE] 
[05:40:57.008] RX< fid=1410,exp=9960,adg=275,Y=4647,mtg=180,shg=100,bgbv=1549,iso=275,cnv2,hdr0
[05:40:57.008] RX< [0m[7] [cam] [450775][me0][me_core_thread:359]ME out fid 1410
[05:40:57.008] RX< [4] [cam] [450853][qpc0][qpc_core_exception_check:405]discontinuous frame, now: 1423, last: 1421
[05:40:57.008] RX< [34m[AE] fid=1440,
[05:40:57.328] RX< exp=9960,adg=275,Y=4663,mtg=180,shg=100,bgbv=1557,iso=275,cnv2,hdr0
[05:40:57.328] RX< [0m[34m[b_ae0 proc] perf=909(us), max=4396(us)!
[05:40:57.328] RX< [0m[34m[awb0 proc] perf=3949(us), max=4458(us)!
[05:40:57.328] RX< [0m[34m[ME INTP]fid=1440, shutter=9960, perf=233(us), max=5188(us)!
[05:40:57.328] RX< [0m[RTMP] f_inde
[05:40:58.356] RX< x = 1440, f_len = 17308
[05:40:58.356] RX< [7] [cam] [451775][me0][me_core_thread:359]ME out fid 1440
[05:40:58.356] RX< [34m[awb0 proc] perf=6615(us), max=6615(us)!
[05:40:58.356] RX< [0m[34m[AE] fid=1470,exp=9930,adg=275,Y=4667,mtg=180,shg=100,bgbv=1560,iso=275,cnv2,hdr0
[05:40:58.356] RX< [0m[7] [cam] [452775][me0][me_core_
[05:40:59.436] RX< thread:359]ME out fid 1470
[05:40:59.436] RX< [34m[AE] fid=1500,exp=9930,adg=275,Y=4686,mtg=180,shg=100,bgbv=1563,iso=275,cnv2,hdr0
[05:40:59.436] RX< [0m[7] [cam] [453775][me0][me_core_thread:359]ME out fid 1500
[05:40:59.436] RX< [34m[awb0 proc] perf=6521(us), max=6615(us)!
[05:40:59.436] RX< [0m[4] [cam] [453851][qpc0][qpc_
[05:41:00.011] RX< core_exception_check:405]discontinuous frame, now: 1513, last: 1511
[05:41:00.011] RX< [34m[AE] fid=1530,exp=9890,adg=275,Y=4663,mtg=180,shg=100,bgbv=1565,iso=275,cnv2,hdr0
[05:41:00.011] RX< [0m[34m[b_ae0 proc] perf=1098(us), max=3460(us)!
[05:41:00.011] RX< [0m[34m[awb0 proc] perf=3856(us), max=6521(us)!
[05:41:01.003] RX< 
[05:41:01.003] RX< [0m[RTMP] f_index = 1530, f_len = 13590
[05:41:01.003] RX< [7] [cam] [454775][me0][me_core_thread:359]ME out fid 1530
[05:41:01.003] RX< [34m[awb0 proc] perf=6410(us), max=6410(us)!
[05:41:01.003] RX< [0m[4] [cam] [454852][qpc0][qpc_core_exception_check:405]discontinuous frame, now: 1543, last: 1541
[05:41:01.003] RX< [34m[AE
[05:41:01.393] RX< ] fid=1560,exp=10110,adg=269,Y=4705,mtg=180,shg=100,bgbv=1576,iso=269,cnv2,hdr0
[05:41:01.393] RX< [0m[34m[ME INTP]fid=1560, shutter=10110, perf=1682(us), max=11366(us)!
[05:41:01.393] RX< [0m[7] [cam] [455774][me0][me_core_thread:359]ME out fid 1560
[05:41:01.393] RX< [34m[awb0 proc] perf=6562(us), max=6562
[05:41:02.436] RX< (us)!
[05:41:02.436] RX< [0m[34m[AE] fid=1590,exp=9890,adg=275,Y=4657,mtg=180,shg=100,bgbv=1561,iso=275,cnv2,hdr0
[05:41:02.436] RX< [0m[7] [cam] [456774][me0][me_core_thread:359]ME out fid 1590
[05:41:02.436] RX< [4] [cam] [456852][qpc0][qpc_core_exception_check:405]discontinuous frame, now: 1603, last: 1601
[05:41:03.346] RX< 
[05:41:03.346] RX< [34m[AE] fid=1620,exp=9890,adg=275,Y=4663,mtg=180,shg=100,bgbv=1565,iso=275,cnv2,hdr0
[05:41:03.346] RX< [0m[34m[b_ae0 proc] perf=976(us), max=1098(us)!
[05:41:03.346] RX< [0m[34m[awb0 proc] perf=4037(us), max=6562(us)!
[05:41:03.346] RX< [0m[RTMP] f_index = 1620, f_len = 13438
[05:41:03.346] RX< [7] [cam] [457774][me0][me
[05:41:04.002] RX< _core_thread:359]ME out fid 1620
[05:41:04.002] RX< [34m[awb0 proc] perf=6682(us), max=6682(us)!
[05:41:04.002] RX< [0m[4] [cam] [457852][qpc0][qpc_core_exception_check:405]discontinuous frame, now: 1633, last: 1631
[05:41:04.002] RX< [34m[AE] fid=1650,exp=9890,adg=275,Y=4686,mtg=180,shg=100,bgbv=1568,iso=275
[05:41:05.003] RX< ,cnv2,hdr0
[05:41:05.003] RX< [0m[7] [cam] [458774][me0][me_core_thread:359]ME out fid 1650
[05:41:05.003] RX< [34m[awb0 proc] perf=6752(us), max=6752(us)!
[05:41:05.003] RX< [0m[4] [cam] [458851][qpc0][qpc_core_exception_check:405]discontinuous frame, now: 1663, last: 1661
[05:41:05.003] RX< [34m[AE] fid=1680,exp=10110,adg=26
[05:41:05.437] RX< 9,Y=4688,mtg=180,shg=100,bgbv=1572,iso=269,cnv2,hdr0
[05:41:05.437] RX< [0m[34m[ME INTP]fid=1680, shutter=10110, perf=233(us), max=6105(us)!
[05:41:05.437] RX< [0m[7] [cam] [459774][me0][me_core_thread:359]ME out fid 1680
[05:41:05.437] RX< [34m[awb0 proc] perf=6410(us), max=6752(us)!
[05:41:05.437] RX< [0m[4] [cam] [459852][
[05:41:06.008] RX< qpc0][qpc_core_exception_check:405]discontinuous frame, now: 1693, last: 1691
[05:41:06.008] RX< [34m[AE] fid=1710,exp=9890,adg=275,Y=4669,mtg=180,shg=100,bgbv=1565,iso=275,cnv2,hdr0
[05:41:06.008] RX< [0m[34m[b_ae0 proc] perf=970(us), max=1496(us)!
[05:41:06.008] RX< [0m[34m[awb0 proc] perf=4011(us), max=
[05:41:07.004] RX< 6410(us)!
[05:41:07.004] RX< [0m[RTMP] f_index = 1710, f_len = 16885
[05:41:07.004] RX< [7] [cam] [460774][me0][me_core_thread:359]ME out fid 1710
[05:41:07.004] RX< [4] [cam] [460851][qpc0][qpc_core_exception_check:405]discontinuous frame, now: 1723, last: 1721
[05:41:07.004] RX< [34m[AE] fid=1740,exp=9890,adg=275,Y=4675,mtg=18
[05:41:08.002] RX< 0,shg=100,bgbv=1568,iso=275,cnv2,hdr0
[05:41:08.002] RX< [0m[7] [cam] [461774][me0][me_core_thread:359]ME out fid 1740
[05:41:08.002] RX< [34m[awb0 proc] perf=6410(us), max=6410(us)!
[05:41:08.002] RX< [0m[4] [cam] [461851][qpc0][qpc_core_exception_check:405]discontinuous frame, now: 1753, last: 1751
[05:41:08.002] RX< [34m[AE
[05:41:08.436] RX< ] fid=1770,exp=10110,adg=269,Y=4714,mtg=180,shg=100,bgbv=1580,iso=269,cnv2,hdr0
[05:41:08.436] RX< [0m[7] [cam] [462773][me0][me_core_thread:359]ME out fid 1770
[05:41:08.436] RX< [34m[awb0 proc] perf=6923(us), max=6923(us)!
[05:41:08.436] RX< [0m[4] [cam] [462852][qpc0][qpc_core_exception_check:405]discontin
[05:41:09.104] RX< uous frame, now: 1783, last: 1781
[05:41:09.104] RX< [34m[AE] fid=1800,exp=10110,adg=269,Y=4707,mtg=180,shg=100,bgbv=1576,iso=269,cnv2,hdr0
[05:41:09.104] RX< [0m[34m[b_ae0 proc] perf=900(us), max=1082(us)!
[05:41:09.104] RX< [0m[34m[awb0 proc] perf=3927(us), max=6923(us)!
[05:41:09.104] RX< [0m[34m[ME INTP]fid=1800, shutt
[05:41:10.001] RX< er=10110, perf=1681(us), max=4498(us)!
[05:41:10.001] RX< [0m[RTMP] f_index = 1800, f_len = 13420
[05:41:10.001] RX< [7] [cam] [463773][me0][me_core_thread:359]ME out fid 1800
[05:41:10.001] RX< [4] [cam] [463851][qpc0][qpc_core_exception_check:405]discontinuous frame, now: 1813, last: 1811
[05:41:10.001] RX< [34m[AE] fid=1830,e
[05:41:10.434] RX< xp=10110,adg=269,Y=4729,mtg=180,shg=100,bgbv=1584,iso=269,cnv2,hdr0
[05:41:10.434] RX< [0m[7] [cam] [464773][me0][me_core_thread:359]ME out fid 1830
[05:41:10.434] RX< [34m[awb0 proc] perf=6798(us), max=6798(us)!
[05:41:10.434] RX< [0m[4] [cam] [464851][qpc0][qpc_core_exception_check:405]discontinuous frame, 
[05:41:11.435] RX< now: 1843, last: 1841
[05:41:11.435] RX< [34m[AE] fid=1860,exp=10110,adg=269,Y=4727,mtg=180,shg=100,bgbv=1584,iso=269,cnv2,hdr0
[05:41:11.435] RX< [0m[7] [cam] [465773][me0][me_core_thread:359]ME out fid 1860
[05:41:11.435] RX< [34m[awb0 proc] perf=6732(us), max=6798(us)!
[05:41:11.435] RX< [0m[4] [cam] [465850][qpc0][qpc_core
[05:41:12.008] RX< _exception_check:405]discontinuous frame, now: 1873, last: 1871
[05:41:12.008] RX< [34m[AE] fid=1890,exp=10110,adg=269,Y=4733,mtg=180,shg=100,bgbv=1584,iso=269,cnv2,hdr0
[05:41:12.008] RX< [0m[34m[b_ae0 proc] perf=969(us), max=1732(us)!
[05:41:12.008] RX< [0m[34m[awb0 proc] perf=3922(us), max=6732(us)!
[05:41:12.008] RX< [0
[05:41:13.001] RX< m[RTMP] f_index = 1890, f_len = 14352
[05:41:13.001] RX< [7] [cam] [466773][me0][me_core_thread:359]ME out fid 1890
[05:41:13.001] RX< [34m[awb0 proc] perf=7410(us), max=7410(us)!
[05:41:13.001] RX< [0m[4] [cam] [466850][qpc0][qpc_core_exception_check:405]discontinuous frame, now: 1903, last: 1901
[05:41:13.001] RX< [34m[AE] fi
[05:41:14.000] RX< d=1920,exp=10110,adg=269,Y=4691,mtg=180,shg=100,bgbv=1572,iso=269,cnv2,hdr0
[05:41:14.000] RX< [0m[34m[ME INTP]fid=1920, shutter=10110, perf=232(us), max=6202(us)!
[05:41:14.000] RX< [0m[7] [cam] [467773][me0][me_core_thread:359]ME out fid 1920
[05:41:14.000] RX< [34m[AE] fid=1950,exp=10110,adg=269,Y=4698,mt
[05:41:14.434] RX< g=180,shg=100,bgbv=1572,iso=269,cnv2,hdr0
[05:41:14.434] RX< [0m[7] [cam] [468773][me0][me_core_thread:359]ME out fid 1950
[05:41:14.434] RX< [4] [cam] [468818][qpc0][qpc_core_exception_check:411]interp not finish in sof, fid: 1961
[05:41:14.434] RX< [4] [cam] [468850][qpc0][qpc_core_exception_check:405]discont
[05:41:15.326] RX< inuous frame, now: 1963, last: 1961
[05:41:15.326] RX< [34m[AE] fid=1980,exp=10110,adg=269,Y=4739,mtg=180,shg=100,bgbv=1588,iso=269,cnv2,hdr0
[05:41:15.326] RX< [0m[34m[b_ae0 proc] perf=973(us), max=4608(us)!
[05:41:15.326] RX< [0m[34m[awb0 proc] perf=3923(us), max=7410(us)!
[05:41:15.326] RX< [0m[RTMP] f_index = 1980, f_le
[05:41:16.433] RX< n = 13792
[05:41:16.433] RX< [7] [cam] [469772][me0][me_core_thread:359]ME out fid 1980
[05:41:16.433] RX< [34m[AE] fid=2010,exp=10110,adg=269,Y=4692,mtg=180,shg=100,bgbv=1572,iso=269,cnv2,hdr0
[05:41:16.433] RX< [0m[7] [cam] [470772][me0][me_core_thread:359]ME out fid 2010
[05:41:16.433] RX< [4] [cam] [470850][qpc0][qpc_core_ex
[05:41:17.344] RX< ception_check:405]discontinuous frame, now: 2023, last: 2021
[05:41:17.344] RX< [34m[AE] fid=2040,exp=10610,adg=300,Y=5989,mtg=180,shg=100,bgbv=1568,iso=300,cnv2,hdr0
[05:41:17.344] RX< [0m[34m[ME INTP]fid=2040, shutter=10610, perf=2185(us), max=33920(us)!
[05:41:17.344] RX< [0m[7] [cam] [471772][me0][me_cor
[05:41:18.324] RX< e_thread:359]ME out fid 2040
[05:41:18.324] RX< [34m[AE] fid=2070,exp=9930,adg=275,Y=4684,mtg=180,shg=100,bgbv=1563,iso=275,cnv2,hdr0
[05:41:18.324] RX< [0m[34m[b_ae0 proc] perf=981(us), max=1409(us)!
[05:41:18.324] RX< [0m[34m[awb0 proc] perf=3853(us), max=5422(us)!
[05:41:18.324] RX< [0m[RTMP] f_index = 2070, f_len = 1600
[05:41:19.352] RX< 9
[05:41:19.352] RX< [7] [cam] [472772][me0][me_core_thread:359]ME out fid 2070
[05:41:19.352] RX< [34m[awb0 proc] perf=6331(us), max=6331(us)!
[05:41:19.352] RX< [0m[34m[AE] fid=2100,exp=10110,adg=269,Y=4723,mtg=180,shg=100,bgbv=1580,iso=269,cnv2,hdr0
[05:41:19.352] RX< [0m[7] [cam] [473772][me0][me_core_thread:359]ME out fid
[05:41:20.133] RX<  2100
[05:41:20.133] RX< [4] [cam] [473849][qpc0][qpc_core_exception_check:405]discontinuous frame, now: 2113, last: 2111
[05:41:20.133] RX< [34m[AE] fid=2130,exp=9930,adg=275,Y=4611,mtg=180,shg=100,bgbv=1545,iso=275,cnv2,hdr0
[05:41:20.133] RX< [0m[34m[awb0 proc] perf=7724(us), max=7724(us)!
[05:41:20.133] RX< [0m[4] [cam] [4
[05:41:21.006] RX< 74549][qpc0][qpc_core_exception_check:405]discontinuous frame, now: 2134, last: 2132
[05:41:21.006] RX< [7] [cam] [474772][me0][me_core_thread:359]ME out fid 2130
[05:41:21.006] RX< [34m[AE] fid=2160,exp=10040,adg=275,Y=4688,mtg=180,shg=100,bgbv=1550,iso=275,cnv2,hdr0
[05:41:21.006] RX< [0m[34m[b_ae0 proc] pe
[05:41:22.000] RX< rf=978(us), max=1353(us)!
[05:41:22.000] RX< [0m[34m[awb0 proc] perf=4008(us), max=7724(us)!
[05:41:22.000] RX< [0m[34m[ME INTP]fid=2160, shutter=10040, perf=2208(us), max=6717(us)!
[05:41:22.000] RX< [0m[RTMP] f_index = 2160, f_len = 18751
[05:41:22.000] RX< [7] [cam] [475772][me0][me_core_thread:359]ME out fid 2160
[05:41:22.000] RX< [34m[A
[05:41:23.351] RX< E] fid=2190,exp=9970,adg=300,Y=5220,mtg=180,shg=100,bgbv=1536,iso=300,cnv2,hdr0
[05:41:23.351] RX< [0m[7] [cam] [476772][me0][me_core_thread:359]ME out fid 2190
[05:41:23.351] RX< [34m[AE] fid=2220,exp=9960,adg=275,Y=4692,mtg=180,shg=100,bgbv=1564,iso=275,cnv2,hdr0
[05:41:23.351] RX< [0m[7] [cam] [477771][me0
[05:41:24.004] RX< ][me_core_thread:359]ME out fid 2220
[05:41:24.004] RX< [34m[awb0 proc] perf=6514(us), max=6514(us)!
[05:41:24.004] RX< [0m[34m[AE] fid=2250,exp=10110,adg=269,Y=4732,mtg=180,shg=100,bgbv=1584,iso=269,cnv2,hdr0
[05:41:24.004] RX< [0m[34m[b_ae0 proc] perf=983(us), max=3591(us)!
[05:41:24.004] RX< [0m[34m[awb0 proc] perf=3937
[05:41:25.099] RX< (us), max=6514(us)!
[05:41:25.099] RX< [0m[RTMP] f_index = 2250, f_len = 16038
[05:41:25.099] RX< [7] [cam] [478771][me0][me_core_thread:359]ME out fid 2250
[05:41:25.099] RX< [34m[AE] fid=2280,exp=10110,adg=269,Y=4738,mtg=180,shg=100,bgbv=1588,iso=269,cnv2,hdr0
[05:41:25.099] RX< [0m[34m[ME INTP]fid=2280, shutter=10110, perf=
[05:41:27.003] RX< 233(us), max=6374(us)!
[05:41:27.003] RX< [0m[7] [cam] [479771][me0][me_core_thread:359]ME out fid 2280
[05:41:27.003] RX< [34m[AE] fid=2310,exp=10110,adg=269,Y=4729,mtg=180,shg=100,bgbv=1584,iso=269,cnv2,hdr0
[05:41:27.003] RX< [0m[7] [cam] [480771][me0][me_core_thread:359]ME out fid 2310
[05:41:27.003] RX< [34m[AE] fid=2340,
[05:41:27.339] RX< exp=10110,adg=269,Y=4733,mtg=180,shg=100,bgbv=1584,iso=269,cnv2,hdr0
[05:41:27.339] RX< [0m[34m[b_ae0 proc] perf=978(us), max=3549(us)!
[05:41:27.339] RX< [0m[34m[awb0 proc] perf=3878(us), max=4255(us)!
[05:41:27.339] RX< [0m[RTMP] f_index = 2340, f_len = 13341
[05:41:27.339] RX< [7] [cam] [481771][me0][me_core_thread:359]ME
[05:41:28.998] RX<  out fid 2340
[05:41:28.998] RX< [34m[AE] fid=2370,exp=9930,adg=294,Y=5020,mtg=180,shg=100,bgbv=1530,iso=294,cnv2,hdr0
[05:41:28.998] RX< [0m[7] [cam] [482771][me0][me_core_thread:359]ME out fid 2370
[05:41:28.998] RX< [34m[AE] fid=2400,exp=10110,adg=269,Y=4696,mtg=180,shg=100,bgbv=1572,iso=269,cnv2,hdr0
[05:41:28.998] RX< [0m
[05:41:29.431] RX< [34m[ME INTP]fid=2400, shutter=10110, perf=1851(us), max=9664(us)!
[05:41:29.431] RX< [0m[7] [cam] [483771][me0][me_core_thread:359]ME out fid 2400
[05:41:29.431] RX< [34m[awb0 proc] perf=6484(us), max=6484(us)!
[05:41:29.431] RX< [0m[4] [cam] [483848][qpc0][qpc_core_exception_check:405]discontinuous frame, 
[05:41:30.338] RX< now: 2413, last: 2411
[05:41:30.338] RX< [34m[AE] fid=2430,exp=10110,adg=269,Y=4740,mtg=180,shg=100,bgbv=1588,iso=269,cnv2,hdr0
[05:41:30.338] RX< [0m[34m[b_ae0 proc] perf=1089(us), max=1089(us)!
[05:41:30.338] RX< [0m[34m[awb0 proc] perf=3969(us), max=6484(us)!
[05:41:30.338] RX< [0m[RTMP] f_index = 2430, f_len = 12425
[05:41:30.338] RX< [7]
[05:41:31.998] RX<  [cam] [484770][me0][me_core_thread:359]ME out fid 2430
[05:41:31.998] RX< [34m[AE] fid=2460,exp=10930,adg=300,Y=4827,mtg=180,shg=100,bgbv=1346,iso=300,cnv2,hdr0
[05:41:31.998] RX< [0m[7] [cam] [485770][me0][me_core_thread:359]ME out fid 2460
[05:41:31.998] RX< [34m[AE] fid=2490,exp=10070,adg=275,Y=4825,mtg=1
[05:41:33.002] RX< 80,shg=100,bgbv=1566,iso=275,cnv2,hdr0
[05:41:33.002] RX< [0m[7] [cam] [486770][me0][me_core_thread:359]ME out fid 2490
[05:41:33.002] RX< [34m[AE] fid=2520,exp=10110,adg=269,Y=4725,mtg=180,shg=100,bgbv=1584,iso=269,cnv2,hdr0
[05:41:33.002] RX< [0m[34m[b_ae0 proc] perf=978(us), max=1106(us)!
[05:41:33.002] RX< [0m[34m[awb0 
[05:41:33.997] RX< proc] perf=3957(us), max=4249(us)!
[05:41:33.997] RX< [0m[34m[ME INTP]fid=2520, shutter=10110, perf=7(us), max=5566(us)!
[05:41:33.997] RX< [0m[RTMP] f_index = 2520, f_len = 16817
[05:41:33.997] RX< [7] [cam] [487770][me0][me_core_thread:359]ME out fid 2520
[05:41:33.997] RX< [34m[AE] fid=2550,exp=10110,adg=269,Y=4714,mtg=180,
[05:41:34.996] RX< shg=100,bgbv=1580,iso=269,cnv2,hdr0
[05:41:34.996] RX< [0m[7] [cam] [488770][me0][me_core_thread:359]ME out fid 2550
[05:41:34.996] RX< [34m[awb0 proc] perf=6415(us), max=6415(us)!
[05:41:34.996] RX< [0m[4] [cam] [488847][qpc0][qpc_core_exception_check:405]discontinuous frame, now: 2563, last: 2561
[05:41:34.996] RX< [34m[AE] 
[05:41:35.430] RX< fid=2580,exp=10110,adg=269,Y=4734,mtg=180,shg=100,bgbv=1584,iso=269,cnv2,hdr0
[05:41:35.430] RX< [0m[7] [cam] [489770][me0][me_core_thread:359]ME out fid 2580
[05:41:35.430] RX< [34m[awb0 proc] perf=6328(us), max=6415(us)!
[05:41:35.430] RX< [0m[4] [cam] [489847][qpc0][qpc_core_exception_check:405]discontinuo
[05:41:36.323] RX< us frame, now: 2593, last: 2591
[05:41:36.323] RX< [34m[AE] fid=2610,exp=10110,adg=269,Y=4728,mtg=180,shg=100,bgbv=1584,iso=269,cnv2,hdr0
[05:41:36.323] RX< [0m[34m[b_ae0 proc] perf=974(us), max=2395(us)!
[05:41:36.323] RX< [0m[34m[awb0 proc] perf=3986(us), max=6328(us)!
[05:41:36.323] RX< [0m[RTMP] f_index = 2610, f_len = 
[05:41:37.339] RX< 15003
[05:41:37.339] RX< [7] [cam] [490770][me0][me_core_thread:359]ME out fid 2610
[05:41:37.339] RX< [34m[AE] fid=2640,exp=10110,adg=269,Y=4721,mtg=180,shg=100,bgbv=1580,iso=269,cnv2,hdr0
[05:41:37.339] RX< [0m[34m[ME INTP]fid=2640, shutter=10110, perf=234(us), max=8280(us)!
[05:41:37.339] RX< [0m[7] [cam] [491769][me0][me_c
[05:41:37.997] RX< ore_thread:359]ME out fid 2640
[05:41:37.997] RX< [34m[awb0 proc] perf=6487(us), max=6487(us)!
[05:41:37.997] RX< [0m[4] [cam] [491847][qpc0][qpc_core_exception_check:405]discontinuous frame, now: 2653, last: 2651
[05:41:37.997] RX< [34m[AE] fid=2670,exp=10110,adg=269,Y=4754,mtg=180,shg=100,bgbv=1591,iso=269,
[05:41:39.001] RX< cnv2,hdr0
[05:41:39.001] RX< [0m[7] [cam] [492769][me0][me_core_thread:359]ME out fid 2670
[05:41:39.001] RX< [34m[awb0 proc] perf=6414(us), max=6487(us)!
[05:41:39.001] RX< [0m[4] [cam] [492848][qpc0][qpc_core_exception_check:405]discontinuous frame, now: 2683, last: 2681
[05:41:39.001] RX< [34m[AE] fid=2700,exp=10110,adg=269
[05:41:39.995] RX< ,Y=4755,mtg=180,shg=100,bgbv=1591,iso=269,cnv2,hdr0
[05:41:39.995] RX< [0m[34m[b_ae0 proc] perf=1096(us), max=1368(us)!
[05:41:39.995] RX< [0m[34m[awb0 proc] perf=3935(us), max=6414(us)!
[05:41:39.995] RX< [0m[RTMP] f_index = 2700, f_len = 12826
[05:41:39.995] RX< [7] [cam] [493769][me0][me_core_thread:359]ME out fid 2700
[05:41:39.995] RX< [
[05:41:40.430] RX< 34m[AE] fid=2730,exp=10110,adg=269,Y=4748,mtg=180,shg=100,bgbv=1588,iso=269,cnv2,hdr0
[05:41:40.430] RX< [0m[7] [cam] [494769][me0][me_core_thread:359]ME out fid 2730
[05:41:40.430] RX< [34m[awb0 proc] perf=6561(us), max=6561(us)!
[05:41:40.430] RX< [0m[4] [cam] [494847][qpc0][qpc_core_exception_check:405]dis
[05:41:41.352] RX< continuous frame, now: 2743, last: 2741
[05:41:41.352] RX< [34m[AE] fid=2760,exp=10110,adg=269,Y=4741,mtg=180,shg=100,bgbv=1588,iso=269,cnv2,hdr0
[05:41:41.352] RX< [0m[34m[ME INTP]fid=2760, shutter=10110, perf=6(us), max=3178(us)!
[05:41:41.352] RX< [0m[7] [cam] [495769][me0][me_core_thread:359]ME out fid 2
[05:41:42.000] RX< 760
[05:41:42.000] RX< [4] [cam] [495846][qpc0][qpc_core_exception_check:405]discontinuous frame, now: 2773, last: 2771
[05:41:42.000] RX< [34m[AE] fid=2790,exp=10110,adg=269,Y=4745,mtg=180,shg=100,bgbv=1588,iso=269,cnv2,hdr0
[05:41:42.000] RX< [0m[34m[b_ae0 proc] perf=964(us), max=1186(us)!
[05:41:42.000] RX< [0m[34m[awb0 p
[05:41:42.995] RX< roc] perf=3944(us), max=6561(us)!
[05:41:42.995] RX< [0m[RTMP] f_index = 2790, f_len = 15979
[05:41:42.995] RX< [7] [cam] [496769][me0][me_core_thread:359]ME out fid 2790
[05:41:42.995] RX< [4] [cam] [496846][qpc0][qpc_core_exception_check:405]discontinuous frame, now: 2803, last: 2801
[05:41:42.995] RX< [34m[AE] fid=2820,exp=10
[05:41:43.428] RX< 110,adg=269,Y=4742,mtg=180,shg=100,bgbv=1588,iso=269,cnv2,hdr0
[05:41:43.428] RX< [0m[7] [cam] [497769][me0][me_core_thread:359]ME out fid 2820
[05:41:43.428] RX< [34m[awb0 proc] perf=6978(us), max=6978(us)!
[05:41:43.428] RX< [0m[4] [cam] [497846][qpc0][qpc_core_exception_check:405]discontinuous frame, now: 
[05:41:44.428] RX< 2833, last: 2831
[05:41:44.428] RX< [34m[AE] fid=2850,exp=10110,adg=269,Y=4734,mtg=180,shg=100,bgbv=1584,iso=269,cnv2,hdr0
[05:41:44.428] RX< [0m[7] [cam] [498769][me0][me_core_thread:359]ME out fid 2850
[05:41:44.428] RX< [34m[awb0 proc] perf=6090(us), max=6978(us)!
[05:41:44.428] RX< [0m[4] [cam] [498846][qpc0][qpc_core_exce
[05:41:45.095] RX< ption_check:405]discontinuous frame, now: 2863, last: 2861
[05:41:45.095] RX< [34m[AE] fid=2880,exp=10110,adg=269,Y=4734,mtg=180,shg=100,bgbv=1584,iso=269,cnv2,hdr0
[05:41:45.095] RX< [0m[34m[b_ae0 proc] perf=974(us), max=3653(us)!
[05:41:45.095] RX< [0m[34m[awb0 proc] perf=3930(us), max=6090(us)!
[05:41:45.095] RX< [0m[34
[05:41:45.429] RX< m[ME INTP]fid=2880, shutter=10110, perf=6(us), max=1279(us)!
[05:41:45.429] RX< [0m[RTMP] f_index = 2880, f_len = 12643
[05:41:45.429] RX< [7] [cam] [499768][me0][me_core_thread:359]ME out fid 2880
[05:41:45.429] RX< [4] [cam] [499846][qpc0][qpc_core_exception_check:405]discontinuous frame, now: 2893, last: 289
[05:41:46.428] RX< 1
[05:41:46.428] RX< [34m[AE] fid=2910,exp=10110,adg=269,Y=4738,mtg=180,shg=100,bgbv=1588,iso=269,cnv2,hdr0
[05:41:46.428] RX< [0m[7] [cam] [500768][me0][me_core_thread:359]ME out fid 2910
[05:41:46.428] RX< [34m[awb0 proc] perf=6653(us), max=6653(us)!
[05:41:46.428] RX< [0m[4] [cam] [500846][qpc0][qpc_core_exception_check:405
[05:41:48.000] RX< ]discontinuous frame, now: 2923, last: 2921
[05:41:48.000] RX< [34m[AE] fid=2940,exp=10110,adg=269,Y=4743,mtg=180,shg=100,bgbv=1588,iso=269,cnv2,hdr0
[05:41:48.000] RX< [0m[7] [cam] [501768][me0][me_core_thread:359]ME out fid 2940
[05:41:48.000] RX< [RTMP] slow send frame 2941 len=69397 dt=75ms (IDR)
[05:41:48.000] RX< [34m[AE]
[05:41:48.336] RX<  fid=2970,exp=10110,adg=269,Y=4740,mtg=180,shg=100,bgbv=1588,iso=269,cnv2,hdr0
[05:41:48.336] RX< [0m[34m[b_ae0 proc] perf=993(us), max=4797(us)!
[05:41:48.336] RX< [0m[34m[awb0 proc] perf=3956(us), max=6653(us)!
[05:41:48.336] RX< [0m[RTMP] f_index = 2970, f_len = 16310
[05:41:48.336] RX< [7] [cam] [502768][me0][me_core_thr
[05:41:49.335] RX< ead:359]ME out fid 2970
[05:41:49.335] RX< [34m[awb0 proc] perf=6370(us), max=6370(us)!
[05:41:49.335] RX< [0m[34m[AE] fid=3000,exp=10110,adg=269,Y=4746,mtg=180,shg=100,bgbv=1588,iso=269,cnv2,hdr0
[05:41:49.335] RX< [0m[34m[ME INTP]fid=3000, shutter=10110, perf=6(us), max=756(us)!
[05:41:49.335] RX< [0m[7] [cam] [503768][me0
[05:41:50.347] RX< ][me_core_thread:359]ME out fid 3000
[05:41:50.347] RX< [4] [cam] [503845][qpc0][qpc_core_exception_check:405]discontinuous frame, now: 3013, last: 3011
[05:41:50.347] RX< [34m[AE] fid=3030,exp=10110,adg=269,Y=4740,mtg=180,shg=100,bgbv=1588,iso=269,cnv2,hdr0
[05:41:50.347] RX< [0m[7] [cam] [504768][me0][me_cor
[05:41:51.000] RX< e_thread:359]ME out fid 3030
[05:41:51.000] RX< [34m[awb0 proc] perf=6512(us), max=6512(us)!
[05:41:51.000] RX< [0m[4] [cam] [504846][qpc0][qpc_core_exception_check:405]discontinuous frame, now: 3043, last: 3041
[05:41:51.000] RX< [34m[AE] fid=3060,exp=10110,adg=269,Y=4734,mtg=180,shg=100,bgbv=1584,iso=269,cn
[05:41:51.384] RX< v2,hdr0
[05:41:51.384] RX< [0m[34m[b_ae0 proc] perf=989(us), max=1577(us)!
[05:41:51.384] RX< [0m[34m[awb0 proc] perf=3936(us), max=6512(us)!
[05:41:51.384] RX< [0m[RTMP] f_index = 3060, f_len = 13074
[05:41:51.384] RX< [7] [cam] [505768][me0][me_core_thread:359]ME out fid 3060
[05:41:51.384] RX< [34m[awb0 proc] perf=7596(us), max=7596(us)!
[05:41:51.384] RX< 
[05:41:52.378] RX< [0m[4] [cam] [505845][qpc0][qpc_core_exception_check:405]discontinuous frame, now: 3073, last: 3071
[05:41:52.378] RX< [34m[AE] fid=3090,exp=10110,adg=269,Y=4733,mtg=180,shg=100,bgbv=1584,iso=269,cnv2,hdr0
[05:41:52.378] RX< [0m[7] [cam] [506767][me0][me_core_thread:359]ME out fid 3090
[05:41:52.378] RX< [34m
[05:41:53.093] RX< [awb0 proc] perf=6237(us), max=7596(us)!
[05:41:53.093] RX< [0m[4] [cam] [506845][qpc0][qpc_core_exception_check:405]discontinuous frame, now: 3103, last: 3101
[05:41:53.093] RX< [34m[AE] fid=3120,exp=10110,adg=269,Y=4733,mtg=180,shg=100,bgbv=1584,iso=269,cnv2,hdr0
[05:41:53.093] RX< [0m[34m[ME INTP]fid=3120
[05:41:53.998] RX< , shutter=10110, perf=6(us), max=890(us)!
[05:41:53.998] RX< [0m[7] [cam] [507767][me0][me_core_thread:359]ME out fid 3120
[05:41:53.998] RX< [RTMP] slow send frame 3125 len=15032 dt=51ms
[05:41:53.998] RX< [34m[AE] fid=3150,exp=10110,adg=269,Y=4735,mtg=180,shg=100,bgbv=1584,iso=269,cnv2,hdr0
[05:41:53.998] RX< [0m[34m[b_ae0 p
[05:41:54.427] RX< roc] perf=990(us), max=3380(us)!
[05:41:54.427] RX< [0m[34m[awb0 proc] perf=3949(us), max=6237(us)!
[05:41:54.427] RX< [0m[RTMP] f_index = 3150, f_len = 15783
[05:41:54.427] RX< [7] [cam] [508767][me0][me_core_thread:359]ME out fid 3150
[05:41:54.427] RX< [4] [cam] [508845][qpc0][qpc_core_exception_check:405]discontinuous fram
[05:41:55.993] RX< e, now: 3163, last: 3161
[05:41:55.993] RX< [34m[AE] fid=3180,exp=10110,adg=269,Y=4733,mtg=180,shg=100,bgbv=1584,iso=269,cnv2,hdr0
[05:41:55.993] RX< [0m[7] [cam] [509767][me0][me_core_thread:359]ME out fid 3180
[05:41:55.993] RX< [34m[AE] fid=3210,exp=10110,adg=269,Y=4726,mtg=180,shg=100,bgbv=1584,iso=269,cn
[05:41:56.997] RX< v2,hdr0
[05:41:56.997] RX< [0m[7] [cam] [510767][me0][me_core_thread:359]ME out fid 3210
[05:41:56.997] RX< [34m[AE] fid=3240,exp=10110,adg=269,Y=4731,mtg=180,shg=100,bgbv=1584,iso=269,cnv2,hdr0
[05:41:56.997] RX< [0m[34m[b_ae0 proc] perf=974(us), max=2983(us)!
[05:41:56.997] RX< [0m[34m[awb0 proc] perf=3872(us), max=5560(u
[05:41:57.992] RX< s)!
[05:41:57.992] RX< [0m[34m[ME INTP]fid=3240, shutter=10110, perf=6(us), max=2952(us)!
[05:41:57.992] RX< [0m[RTMP] f_index = 3240, f_len = 12846
[05:41:57.992] RX< [7] [cam] [511767][me0][me_core_thread:359]ME out fid 3240
[05:41:57.992] RX< [34m[AE] fid=3270,exp=10110,adg=269,Y=4734,mtg=180,shg=100,bgbv=1584,iso=269,cnv2,
[05:41:58.993] RX< hdr0
[05:41:58.993] RX< [0m[7] [cam] [512767][me0][me_core_thread:359]ME out fid 3270
[05:41:58.993] RX< [34m[awb0 proc] perf=6830(us), max=6830(us)!
[05:41:58.993] RX< [0m[4] [cam] [512844][qpc0][qpc_core_exception_check:405]discontinuous frame, now: 3283, last: 3281
[05:41:58.993] RX< [34m[AE] fid=3300,exp=10110,adg=269,Y=47
[05:41:59.997] RX< 35,mtg=180,shg=100,bgbv=1584,iso=269,cnv2,hdr0
[05:41:59.997] RX< [0m[7] [cam] [513766][me0][me_core_thread:359]ME out fid 3300
[05:41:59.997] RX< [34m[AE] fid=3330,exp=10110,adg=269,Y=4737,mtg=180,shg=100,bgbv=1584,iso=269,cnv2,hdr0
[05:41:59.997] RX< [0m[34m[b_ae0 proc] perf=965(us), max=1113(us)!
[05:41:59.997] RX< [0m[3
[05:42:01.092] RX< 4m[awb0 proc] perf=3994(us), max=6830(us)!
[05:42:01.092] RX< [0m[RTMP] f_index = 3330, f_len = 12975
[05:42:01.092] RX< [7] [cam] [514766][me0][me_core_thread:359]ME out fid 3330
[05:42:01.092] RX< [34m[AE] fid=3360,exp=10110,adg=269,Y=4722,mtg=180,shg=100,bgbv=1580,iso=269,cnv2,hdr0
[05:42:01.092] RX< [0m[34m[ME INTP]fid=336
[05:42:02.345] RX< 0, shutter=10110, perf=6(us), max=287(us)!
[05:42:02.345] RX< [0m[7] [cam] [515766][me0][me_core_thread:359]ME out fid 3360
[05:42:02.345] RX< [34m[awb0 proc] perf=6202(us), max=6202(us)!
[05:42:02.345] RX< [0m[34m[AE] fid=3390,exp=10110,adg=269,Y=4725,mtg=180,shg=100,bgbv=1584,iso=269,cnv2,hdr0
[05:42:02.345] RX< [0m[7] [cam
[05:42:02.997] RX< ] [516766][me0][me_core_thread:359]ME out fid 3390
[05:42:02.997] RX< [34m[awb0 proc] perf=6578(us), max=6578(us)!
[05:42:02.997] RX< [0m[34m[AE] fid=3420,exp=10110,adg=269,Y=4723,mtg=180,shg=100,bgbv=1580,iso=269,cnv2,hdr0
[05:42:02.997] RX< [0m[34m[b_ae0 proc] perf=973(us), max=1081(us)!
[05:42:02.997] RX< [0m[34m[awb0 p
[05:42:03.991] RX< roc] perf=3958(us), max=6578(us)!
[05:42:03.991] RX< [0m[RTMP] f_index = 3420, f_len = 15859
[05:42:03.991] RX< [7] [cam] [517766][me0][me_core_thread:359]ME out fid 3420
[05:42:03.991] RX< [RTMP] slow send frame 3421 len=69955 dt=61ms (IDR)
[05:42:03.991] RX< [34m[AE] fid=3450,exp=10110,adg=269,Y=4718,mtg=180,shg=100,bgbv=1580,
[05:42:04.991] RX< iso=269,cnv2,hdr0
[05:42:04.991] RX< [0m[7] [cam] [518766][me0][me_core_thread:359]ME out fid 3450
[05:42:04.991] RX< [4] [cam] [518843][qpc0][qpc_core_exception_check:405]discontinuous frame, now: 3463, last: 3461
[05:42:04.991] RX< [34m[AE] fid=3480,exp=10110,adg=269,Y=4727,mtg=180,shg=100,bgbv=1584,iso=269,
[05:42:05.424] RX< cnv2,hdr0
[05:42:05.424] RX< [0m[34m[ME INTP]fid=3480, shutter=10110, perf=250(us), max=2073(us)!
[05:42:05.424] RX< [0m[7] [cam] [519766][me0][me_core_thread:359]ME out fid 3480
[05:42:05.424] RX< [34m[awb0 proc] perf=6747(us), max=6747(us)!
[05:42:05.424] RX< [0m[4] [cam] [519843][qpc0][qpc_core_exception_check:405]disconti
[05:42:06.315] RX< nuous frame, now: 3493, last: 3491
[05:42:06.315] RX< [34m[AE] fid=3510,exp=10110,adg=269,Y=4738,mtg=180,shg=100,bgbv=1588,iso=269,cnv2,hdr0
[05:42:06.315] RX< [0m[34m[b_ae0 proc] perf=975(us), max=1099(us)!
[05:42:06.315] RX< [0m[34m[awb0 proc] perf=3940(us), max=6747(us)!
[05:42:06.315] RX< [0m[RTMP] f_index = 3510, f_len
[05:42:06.991] RX<  = 12821
[05:42:06.991] RX< [7] [cam] [520766][me0][me_core_thread:359]ME out fid 3510
[05:42:06.991] RX< [34m[awb0 proc] perf=6839(us), max=6839(us)!
[05:42:06.991] RX< [0m[4] [cam] [520843][qpc0][qpc_core_exception_check:405]discontinuous frame, now: 3523, last: 3521
[05:42:06.991] RX< [34m[AE] fid=3540,exp=10110,adg=269,Y=47
[05:42:07.424] RX< 37,mtg=180,shg=100,bgbv=1584,iso=269,cnv2,hdr0
[05:42:07.424] RX< [0m[7] [cam] [521765][me0][me_core_thread:359]ME out fid 3540
[05:42:07.424] RX< [34m[awb0 proc] perf=6878(us), max=6878(us)!
[05:42:07.424] RX< [0m[4] [cam] [521843][qpc0][qpc_core_exception_check:405]discontinuous frame, now: 3553, last: 3551
[05:42:08.424] RX< 
[05:42:08.424] RX< [34m[AE] fid=3570,exp=10110,adg=269,Y=4735,mtg=180,shg=100,bgbv=1584,iso=269,cnv2,hdr0
[05:42:08.424] RX< [0m[7] [cam] [522765][me0][me_core_thread:359]ME out fid 3570
[05:42:08.424] RX< [34m[awb0 proc] perf=8061(us), max=8061(us)!
[05:42:08.424] RX< [0m[4] [cam] [522843][qpc0][qpc_core_exception_check:405]
[05:42:09.090] RX< discontinuous frame, now: 3583, last: 3581
[05:42:09.090] RX< [34m[AE] fid=3600,exp=10110,adg=269,Y=4731,mtg=180,shg=100,bgbv=1584,iso=269,cnv2,hdr0
[05:42:09.090] RX< [0m[34m[b_ae0 proc] perf=1085(us), max=3513(us)!
[05:42:09.090] RX< [0m[34m[awb0 proc] perf=3935(us), max=8061(us)!
[05:42:09.090] RX< [0m[34m[ME INTP]fid=3
[05:42:09.424] RX< 600, shutter=10110, perf=5(us), max=778(us)!
[05:42:09.424] RX< [0m[RTMP] f_index = 3600, f_len = 12854
[05:42:09.424] RX< [7] [cam] [523765][me0][me_core_thread:359]ME out fid 3600
[05:42:09.424] RX< [34m[awb0 proc] perf=6764(us), max=6764(us)!
[05:42:09.424] RX< [0m[4] [cam] [523843][qpc0][qpc_core_exception_check:405]discont
[05:42:10.424] RX< inuous frame, now: 3613, last: 3611
[05:42:10.424] RX< [34m[AE] fid=3630,exp=10110,adg=269,Y=4731,mtg=180,shg=100,bgbv=1584,iso=269,cnv2,hdr0
[05:42:10.424] RX< [0m[7] [cam] [524765][me0][me_core_thread:359]ME out fid 3630
[05:42:10.424] RX< [34m[awb0 proc] perf=6314(us), max=6764(us)!
[05:42:10.424] RX< [0m[4] [cam] [524842][
[05:42:11.295] RX< qpc0][qpc_core_exception_check:405]discontinuous frame, now: 3643, last: 3641
[05:42:11.295] RX< [34m[AE] fid=3660,exp=10110,adg=269,Y=4733,mtg=180,shg=100,bgbv=1584,iso=269,cnv2,hdr0
[05:42:11.295] RX< [0m[RTMP] slow send frame 3655 len=14112 dt=72ms
[05:42:11.295] RX< [RTMP] slow send frame 3657 len=14327 dt
[05:42:11.997] RX< =73ms
[05:42:11.997] RX< [7] [cam] [525765][me0][me_core_thread:359]ME out fid 3660
[05:42:11.997] RX< [RTMP] slow send frame 3660 len=14525 dt=62ms
[05:42:11.997] RX< [34m[AE] fid=3690,exp=10110,adg=269,Y=4730,mtg=180,shg=100,bgbv=1584,iso=269,cnv2,hdr0
[05:42:11.997] RX< [0m[34m[b_ae0 proc] perf=926(us), max=1588(us)!
[05:42:11.997] RX< [0m[
[05:42:12.890] RX< 34m[awb0 proc] perf=4020(us), max=6314(us)!
[05:42:12.890] RX< [0m[7] [cam] [526765][me0][me_core_thread:359]ME out fid 3690
[05:42:12.890] RX< [RTMP] slow send frame 3661 len=69781 dt=1406ms (IDR)
[05:42:12.890] RX< [4] [cam] [527309][qpc0][qpc_core_exception_check:405]discontinuous frame, now: 3717, last: 371
[05:42:13.176] RX< 5
[05:42:13.176] RX< [34m[AE] fid=3720,exp=10110,adg=269,Y=4736,mtg=180,shg=100,bgbv=1584,iso=269,cnv2,hdr0
[05:42:13.176] RX< [0m[RTMP] f_index = 3690, f_len = 13110
[05:42:13.176] RX< [4] [cam] [527594][qpc0][qpc_core_exception_check:411]interp not finish in sof, fid: 3721
[05:42:13.176] RX< [4] [cam] [527595][qpc0][qpc_core_e
[05:42:13.290] RX< xception_check:411]interp not finish in sof, fid: 3721
[05:42:13.290] RX< [4] [cam] [527642][qpc0][qpc_core_exception_check:411]interp not finish in sof, fid: 3722
[05:42:13.290] RX< [4] [cam] [527676][qpc0][qpc_core_exception_check:405]discontinuous frame, now: 3727, last: 3722
[05:42:13.290] RX< [4] [cam] [52
[05:42:14.342] RX< 7709][qpc0][qpc_core_exception_check:405]discontinuous frame, now: 3729, last: 3727
[05:42:14.342] RX< [7] [cam] [527765][me0][me_core_thread:359]ME out fid 3720
[05:42:14.342] RX< [34m[AE] fid=3750,exp=10110,adg=269,Y=4720,mtg=180,shg=100,bgbv=1580,iso=269,cnv2,hdr0
[05:42:14.342] RX< [0m[7] [cam] [528764][me
[05:42:15.317] RX< 0][me_core_thread:359]ME out fid 3750
[05:42:15.317] RX< [34m[AE] fid=3780,exp=10110,adg=269,Y=4714,mtg=180,shg=100,bgbv=1580,iso=269,cnv2,hdr0
[05:42:15.317] RX< [0m[34m[b_ae0 proc] perf=974(us), max=1532(us)!
[05:42:15.317] RX< [0m[34m[awb0 proc] perf=3989(us), max=4887(us)!
[05:42:15.317] RX< [0m[RTMP] f_index = 3780, f_
[05:42:16.342] RX< len = 17258
[05:42:16.342] RX< [7] [cam] [529764][me0][me_core_thread:359]ME out fid 3780
[05:42:16.342] RX< [34m[awb0 proc] perf=6568(us), max=6568(us)!
[05:42:16.342] RX< [0m[34m[AE] fid=3810,exp=9890,adg=275,Y=4653,mtg=180,shg=100,bgbv=1561,iso=275,cnv2,hdr0
[05:42:16.342] RX< [0m[7] [cam] [530764][me0][me_core_thread:359]M
[05:42:17.089] RX< E out fid 3810
[05:42:17.089] RX< [34m[awb0 proc] perf=6779(us), max=6779(us)!
[05:42:17.089] RX< [0m[4] [cam] [530842][qpc0][qpc_core_exception_check:405]discontinuous frame, now: 3823, last: 3821
[05:42:17.089] RX< [34m[AE] fid=3840,exp=10110,adg=269,Y=4708,mtg=180,shg=100,bgbv=1576,iso=269,cnv2,hdr0
[05:42:17.089] RX< [0m[
[05:42:17.995] RX< 34m[ME INTP]fid=3840, shutter=10110, perf=7(us), max=7789(us)!
[05:42:17.995] RX< [0m[7] [cam] [531764][me0][me_core_thread:359]ME out fid 3840
[05:42:17.995] RX< [34m[AE] fid=3870,exp=9890,adg=275,Y=4662,mtg=180,shg=100,bgbv=1561,iso=275,cnv2,hdr0
[05:42:17.995] RX< [0m[34m[b_ae0 proc] perf=1111(us), max=16
[05:42:18.422] RX< 98(us)!
[05:42:18.422] RX< [0m[34m[awb0 proc] perf=3950(us), max=6779(us)!
[05:42:18.422] RX< [0m[RTMP] f_index = 3870, f_len = 12669
[05:42:18.422] RX< [7] [cam] [532764][me0][me_core_thread:359]ME out fid 3870
[05:42:18.422] RX< [4] [cam] [532841][qpc0][qpc_core_exception_check:405]discontinuous frame, now: 3883, last: 3881
[05:42:19.422] RX< [34m[AE] fid=3900,exp=10110,adg=269,Y=4708,mtg=180,shg=100,bgbv=1576,iso=269,cnv2,hdr0
[05:42:19.422] RX< [0m[7] [cam] [533764][me0][me_core_thread:359]ME out fid 3900
[05:42:19.422] RX< [34m[awb0 proc] perf=6763(us), max=6763(us)!
[05:42:19.422] RX< [0m[4] [cam] [533841][qpc0][qpc_core_exception_check:405]d
[05:42:20.421] RX< iscontinuous frame, now: 3913, last: 3911
[05:42:20.421] RX< [34m[AE] fid=3930,exp=10110,adg=269,Y=4728,mtg=180,shg=100,bgbv=1584,iso=269,cnv2,hdr0
[05:42:20.421] RX< [0m[7] [cam] [534764][me0][me_core_thread:359]ME out fid 3930
[05:42:20.421] RX< [34m[awb0 proc] perf=6730(us), max=6763(us)!
[05:42:20.421] RX< [0m[4] [cam] [53
[05:42:20.993] RX< 4841][qpc0][qpc_core_exception_check:405]discontinuous frame, now: 3943, last: 3941
[05:42:20.993] RX< [34m[AE] fid=3960,exp=10110,adg=269,Y=4709,mtg=180,shg=100,bgbv=1576,iso=269,cnv2,hdr0
[05:42:20.993] RX< [0m[34m[b_ae0 proc] perf=910(us), max=1111(us)!
[05:42:20.993] RX< [0m[34m[awb0 proc] perf=3938(us
[05:42:21.988] RX< ), max=6730(us)!
[05:42:21.988] RX< [0m[34m[ME INTP]fid=3960, shutter=10110, perf=233(us), max=4081(us)!
[05:42:21.988] RX< [0m[RTMP] f_index = 3960, f_len = 16258
[05:42:21.988] RX< [7] [cam] [535763][me0][me_core_thread:359]ME out fid 3960
[05:42:21.988] RX< [34m[AE] fid=3990,exp=10110,adg=269,Y=4711,mtg=180,shg=100,bgbv=157
[05:42:22.988] RX< 6,iso=269,cnv2,hdr0
[05:42:22.988] RX< [0m[7] [cam] [536763][me0][me_core_thread:359]ME out fid 3990
[05:42:22.988] RX< [34m[awb0 proc] perf=6769(us), max=6769(us)!
[05:42:22.988] RX< [0m[4] [cam] [536841][qpc0][qpc_core_exception_check:405]discontinuous frame, now: 4003, last: 4001
[05:42:22.988] RX< [34m[AE] fid=4020,exp=101
[05:42:23.421] RX< 10,adg=269,Y=4710,mtg=180,shg=100,bgbv=1576,iso=269,cnv2,hdr0
[05:42:23.421] RX< [0m[7] [cam] [537763][me0][me_core_thread:359]ME out fid 4020
[05:42:23.421] RX< [34m[awb0 proc] perf=6446(us), max=6769(us)!
[05:42:23.421] RX< [0m[4] [cam] [537841][qpc0][qpc_core_exception_check:405]discontinuous frame, now: 4
[05:42:24.328] RX< 033, last: 4031
[05:42:24.328] RX< [34m[AE] fid=4050,exp=9890,adg=275,Y=4663,mtg=180,shg=100,bgbv=1565,iso=275,cnv2,hdr0
[05:42:24.328] RX< [0m[34m[b_ae0 proc] perf=979(us), max=1109(us)!
[05:42:24.328] RX< [0m[34m[awb0 proc] perf=3985(us), max=6446(us)!
[05:42:24.328] RX< [0m[RTMP] f_index = 4050, f_len = 13547
[05:42:24.328] RX< [7] [cam] [
[05:42:25.088] RX< 538763][me0][me_core_thread:359]ME out fid 4050
[05:42:25.088] RX< [34m[awb0 proc] perf=6641(us), max=6641(us)!
[05:42:25.088] RX< [0m[34m[AE] fid=4080,exp=10110,adg=269,Y=4698,mtg=180,shg=100,bgbv=1572,iso=269,cnv2,hdr0
[05:42:25.088] RX< [0m[34m[ME INTP]fid=4080, shutter=10110, perf=234(us), max=3915(us)!
[05:42:25.988] RX< 
[05:42:25.988] RX< [0m[7] [cam] [539763][me0][me_core_thread:359]ME out fid 4080
[05:42:25.988] RX< [34m[awb0 proc] perf=6562(us), max=6641(us)!
[05:42:25.988] RX< [0m[4] [cam] [539841][qpc0][qpc_core_exception_check:405]discontinuous frame, now: 4093, last: 4091
[05:42:25.988] RX< [34m[AE] fid=4110,exp=10110,adg=269,Y=4707,m
[05:42:26.993] RX< tg=180,shg=100,bgbv=1576,iso=269,cnv2,hdr0
[05:42:26.993] RX< [0m[7] [cam] [540763][me0][me_core_thread:359]ME out fid 4110
[05:42:26.993] RX< [34m[awb0 proc] perf=6931(us), max=6931(us)!
[05:42:26.993] RX< [0m[4] [cam] [540840][qpc0][qpc_core_exception_check:405]discontinuous frame, now: 4123, last: 4121
[05:42:26.993] RX< [3
[05:42:27.329] RX< 4m[AE] fid=4140,exp=10110,adg=269,Y=4719,mtg=180,shg=100,bgbv=1580,iso=269,cnv2,hdr0
[05:42:27.329] RX< [0m[34m[b_ae0 proc] perf=979(us), max=3006(us)!
[05:42:27.329] RX< [0m[34m[awb0 proc] perf=3932(us), max=6931(us)!
[05:42:27.329] RX< [0m[RTMP] f_index = 4140, f_len = 13006
[05:42:27.329] RX< [7] [cam] [541763][me0][me_co
[05:42:27.987] RX< re_thread:359]ME out fid 4140
[05:42:27.987] RX< [34m[awb0 proc] perf=6722(us), max=6722(us)!
[05:42:27.987] RX< [0m[4] [cam] [541840][qpc0][qpc_core_exception_check:405]discontinuous frame, now: 4153, last: 4151
[05:42:27.987] RX< [34m[AE] fid=4170,exp=10110,adg=269,Y=4721,mtg=180,shg=100,bgbv=1580,iso=269,c
[05:42:29.035] RX< nv2,hdr0
[05:42:29.035] RX< [0m[7] [cam] [542763][me0][me_core_thread:359]ME out fid 4170
[05:42:29.035] RX< [RTMP] slow send frame 4171 len=70038 dt=58ms (IDR)
[05:42:29.035] RX< [34m[AE] fid=4200,exp=10110,adg=269,Y=4700,mtg=180,shg=100,bgbv=1576,iso=269,cnv2,hdr0
[05:42:29.035] RX< [0m[34m[awb0 proc] perf=8739(us), max=8739
[05:42:29.378] RX< (us)!
[05:42:29.378] RX< [0m[4] [cam] [543509][qpc0][qpc_core_exception_check:405]discontinuous frame, now: 4203, last: 4201
[05:42:29.378] RX< [34m[ME INTP]fid=4200, shutter=10110, perf=5(us), max=7417(us)!
[05:42:29.378] RX< [0m[7] [cam] [543762][me0][me_core_thread:359]ME out fid 4200
[05:42:29.378] RX< [34m[awb0 proc] per
[05:42:29.468] RX< f=8231(us), max=8739(us)!
[05:42:29.468] RX< [0m[4] [cam] [543883][qpc0][qpc_core_exception_check:405]discontinuous frame, now: 4213, last: 4211
[05:42:29.468] RX< [4] [cam] [543883][qpc0][qpc_core_exception_check:411]interp not finish in sof, fid: 4213
[05:42:29.468] RX< [34m[awb0 proc] perf=8002(us), max=82
[05:42:29.955] RX< 31(us)!
[05:42:29.955] RX< [0m[4] [cam] [543944][qpc0][qpc_core_exception_check:405]discontinuous frame, now: 4216, last: 4213
[05:42:29.955] RX< [34m[awb0 proc] perf=8047(us), max=8047(us)!
[05:42:29.955] RX< [0m[4] [cam] [544374][qpc0][qpc_core_exception_check:405]discontinuous frame, now: 4229, last: 4227
[05:42:30.329] RX< [34m[AE] fid=4230,exp=10100,adg=294,Y=5094,mtg=180,shg=100,bgbv=1526,iso=294,cnv2,hdr0
[05:42:30.329] RX< [0m[34m[b_ae0 proc] perf=882(us), max=4443(us)!
[05:42:30.329] RX< [0m[34m[awb0 proc] perf=3974(us), max=8047(us)!
[05:42:30.329] RX< [0m[RTMP] f_index = 4230, f_len = 32443
[05:42:30.329] RX< [7] [cam] [544762][me0][me
[05:42:30.454] RX< _core_thread:359]ME out fid 4230
[05:42:30.454] RX< [4] [cam] [544816][qpc0][qpc_core_exception_check:411]interp not finish in sof, fid: 4241
[05:42:30.454] RX< [34m[awb0 proc] perf=7621(us), max=7621(us)!
[05:42:30.454] RX< [0m[4] [cam] [544874][qpc0][qpc_core_exception_check:405]discontinuous frame, now: 424
[05:42:31.339] RX< 4, last: 4242
[05:42:31.339] RX< [4] [cam] [545205][qpc0][qpc_core_exception_check:405]discontinuous frame, now: 4254, last: 4252
[05:42:31.339] RX< [34m[AE] fid=4260,exp=10110,adg=269,Y=4736,mtg=180,shg=100,bgbv=1584,iso=269,cnv2,hdr0
[05:42:31.339] RX< [0m[7] [cam] [545762][me0][me_core_thread:359]ME out fid
[05:42:32.370] RX<  4260
[05:42:32.370] RX< [4] [cam] [545840][qpc0][qpc_core_exception_check:405]discontinuous frame, now: 4273, last: 4271
[05:42:32.370] RX< [34m[AE] fid=4290,exp=9930,adg=275,Y=4705,mtg=180,shg=100,bgbv=1571,iso=275,cnv2,hdr0
[05:42:32.370] RX< [0m[7] [cam] [546762][me0][me_core_thread:359]ME out fid 4290
[05:42:32.370] RX< [3
[05:42:32.990] RX< 4m[awb0 proc] perf=6785(us), max=7621(us)!
[05:42:32.990] RX< [0m[4] [cam] [546839][qpc0][qpc_core_exception_check:405]discontinuous frame, now: 4303, last: 4301
[05:42:32.990] RX< [34m[AE] fid=4320,exp=10110,adg=269,Y=4715,mtg=180,shg=100,bgbv=1580,iso=269,cnv2,hdr0
[05:42:32.990] RX< [0m[34m[b_ae0 proc] pe
[05:42:33.419] RX< rf=975(us), max=1116(us)!
[05:42:33.419] RX< [0m[34m[awb0 proc] perf=3935(us), max=6785(us)!
[05:42:33.419] RX< [0m[34m[ME INTP]fid=4320, shutter=10110, perf=5(us), max=14479(us)!
[05:42:33.419] RX< [0m[RTMP] f_index = 4320, f_len = 13196
[05:42:33.419] RX< [7] [cam] [547762][me0][me_core_thread:359]ME out fid 4320
[05:42:33.419] RX< [4] [cam]
[05:42:34.369] RX<  [547839][qpc0][qpc_core_exception_check:405]discontinuous frame, now: 4333, last: 4331
[05:42:34.369] RX< [34m[AE] fid=4350,exp=10110,adg=269,Y=4714,mtg=180,shg=100,bgbv=1580,iso=269,cnv2,hdr0
[05:42:34.369] RX< [0m[7] [cam] [548762][me0][me_core_thread:359]ME out fid 4350
[05:42:34.369] RX< [34m[awb0 proc] 
[05:42:35.338] RX< perf=6318(us), max=6318(us)!
[05:42:35.338] RX< [0m[4] [cam] [548839][qpc0][qpc_core_exception_check:405]discontinuous frame, now: 4363, last: 4361
[05:42:35.338] RX< [34m[AE] fid=4380,exp=10110,adg=269,Y=4694,mtg=180,shg=100,bgbv=1572,iso=269,cnv2,hdr0
[05:42:35.338] RX< [0m[7] [cam] [549762][me0][me_core_th
[05:42:36.326] RX< read:359]ME out fid 4380
[05:42:36.326] RX< [34m[AE] fid=4410,exp=10110,adg=269,Y=4724,mtg=180,shg=100,bgbv=1580,iso=269,cnv2,hdr0
[05:42:36.326] RX< [0m[34m[b_ae0 proc] perf=980(us), max=3294(us)!
[05:42:36.326] RX< [0m[34m[awb0 proc] perf=3881(us), max=6318(us)!
[05:42:36.326] RX< [0m[RTMP] f_index = 4410, f_len = 16623
[05:42:36.326] RX< [
[05:42:37.085] RX< 7] [cam] [550761][me0][me_core_thread:359]ME out fid 4410
[05:42:37.085] RX< [34m[awb0 proc] perf=6442(us), max=6442(us)!
[05:42:37.085] RX< [0m[34m[AE] fid=4440,exp=10110,adg=269,Y=4705,mtg=180,shg=100,bgbv=1576,iso=269,cnv2,hdr0
[05:42:37.085] RX< [0m[34m[ME INTP]fid=4440, shutter=10110, perf=6(us), max=4
[05:42:37.985] RX< 376(us)!
[05:42:37.985] RX< [0m[7] [cam] [551761][me0][me_core_thread:359]ME out fid 4440
[05:42:37.985] RX< [4] [cam] [551839][qpc0][qpc_core_exception_check:405]discontinuous frame, now: 4453, last: 4451
[05:42:37.985] RX< [34m[AE] fid=4470,exp=10110,adg=269,Y=4712,mtg=180,shg=100,bgbv=1576,iso=269,cnv2,hdr0
[05:42:38.991] RX< 
[05:42:38.991] RX< [0m[7] [cam] [552761][me0][me_core_thread:359]ME out fid 4470
[05:42:38.991] RX< [4] [cam] [552839][qpc0][qpc_core_exception_check:405]discontinuous frame, now: 4483, last: 4481
[05:42:38.991] RX< [34m[AE] fid=4500,exp=10110,adg=269,Y=4703,mtg=180,shg=100,bgbv=1576,iso=269,cnv2,hdr0
[05:42:38.991] RX< [0m[3
[05:42:39.985] RX< 4m[b_ae0 proc] perf=894(us), max=1298(us)!
[05:42:39.985] RX< [0m[34m[awb0 proc] perf=3928(us), max=6442(us)!
[05:42:39.985] RX< [0m[RTMP] f_index = 4500, f_len = 13845
[05:42:39.985] RX< [7] [cam] [553761][me0][me_core_thread:359]ME out fid 4500
[05:42:39.985] RX< [34m[AE] fid=4530,exp=10110,adg=269,Y=4716,mtg=180,shg=100,bg
[05:42:40.985] RX< bv=1580,iso=269,cnv2,hdr0
[05:42:40.985] RX< [0m[7] [cam] [554761][me0][me_core_thread:359]ME out fid 4530
[05:42:40.985] RX< [34m[awb0 proc] perf=6421(us), max=6421(us)!
[05:42:40.985] RX< [0m[4] [cam] [554838][qpc0][qpc_core_exception_check:405]discontinuous frame, now: 4543, last: 4541
[05:42:40.985] RX< [34m[AE] fid=4560,e
[05:42:41.989] RX< xp=10110,adg=269,Y=4709,mtg=180,shg=100,bgbv=1576,iso=269,cnv2,hdr0
[05:42:41.989] RX< [0m[34m[ME INTP]fid=4560, shutter=10110, perf=6(us), max=3776(us)!
[05:42:41.989] RX< [0m[7] [cam] [555761][me0][me_core_thread:359]ME out fid 4560
[05:42:41.989] RX< [34m[AE] fid=4590,exp=10110,adg=269,Y=4716,mtg=180,shg=
[05:42:42.389] RX< 100,bgbv=1580,iso=269,cnv2,hdr0
[05:42:42.389] RX< [0m[34m[b_ae0 proc] perf=975(us), max=4404(us)!
[05:42:42.389] RX< [0m[34m[awb0 proc] perf=3946(us), max=6421(us)!
[05:42:42.389] RX< [0m[RTMP] f_index = 4590, f_len = 13238
[05:42:42.389] RX< [7] [cam] [556761][me0][me_core_thread:359]ME out fid 4590
[05:42:42.389] RX< [RTMP] slow send frame 
[05:42:43.785] RX< 4591 len=69475 dt=57ms (IDR)
[05:42:43.785] RX< [34m[AE] fid=4620,exp=10110,adg=269,Y=4735,mtg=180,shg=100,bgbv=1584,iso=269,cnv2,hdr0
[05:42:43.785] RX< [0m[7] [cam] [557760][me0][me_core_thread:359]ME out fid 4620
[05:42:43.785] RX< [4] [cam] [558205][qpc0][qpc_core_exception_check:405]discontinuous frame, n
[05:42:44.417] RX< ow: 4644, last: 4642
[05:42:44.417] RX< [34m[AE] fid=4650,exp=10110,adg=269,Y=4705,mtg=180,shg=100,bgbv=1576,iso=269,cnv2,hdr0
[05:42:44.417] RX< [0m[7] [cam] [558760][me0][me_core_thread:359]ME out fid 4650
[05:42:44.417] RX< [34m[awb0 proc] perf=7186(us), max=7186(us)!
[05:42:44.417] RX< [0m[4] [cam] [558838][qpc0][qpc_core_
[05:42:44.989] RX< exception_check:405]discontinuous frame, now: 4663, last: 4661
[05:42:44.989] RX< [34m[AE] fid=4680,exp=10110,adg=269,Y=4714,mtg=180,shg=100,bgbv=1580,iso=269,cnv2,hdr0
[05:42:44.989] RX< [0m[34m[b_ae0 proc] perf=980(us), max=2408(us)!
[05:42:44.989] RX< [0m[34m[awb0 proc] perf=3840(us), max=7186(us)!
[05:42:44.989] RX< [0m
[05:42:45.417] RX< [34m[ME INTP]fid=4680, shutter=10110, perf=5(us), max=4220(us)!
[05:42:45.417] RX< [0m[RTMP] f_index = 4680, f_len = 16655
[05:42:45.417] RX< [7] [cam] [559760][me0][me_core_thread:359]ME out fid 4680
[05:42:45.417] RX< [34m[awb0 proc] perf=6549(us), max=6549(us)!
[05:42:45.417] RX< [0m[4] [cam] [559838][qpc0][qpc_core_excepti
[05:42:46.367] RX< on_check:405]discontinuous frame, now: 4693, last: 4691
[05:42:46.367] RX< [34m[AE] fid=4710,exp=10110,adg=269,Y=4701,mtg=180,shg=100,bgbv=1576,iso=269,cnv2,hdr0
[05:42:46.367] RX< [0m[7] [cam] [560760][me0][me_core_thread:359]ME out fid 4710
[05:42:46.367] RX< [34m[awb0 proc] perf=6971(us), max=6971(us)!
[05:42:46.367] RX< [0
[05:42:47.368] RX< m[4] [cam] [560838][qpc0][qpc_core_exception_check:405]discontinuous frame, now: 4723, last: 4721
[05:42:47.368] RX< [34m[AE] fid=4740,exp=10110,adg=269,Y=4717,mtg=180,shg=100,bgbv=1580,iso=269,cnv2,hdr0
[05:42:47.368] RX< [0m[7] [cam] [561760][me0][me_core_thread:359]ME out fid 4740
[05:42:47.368] RX< [34m[a
[05:42:48.308] RX< wb0 proc] perf=6415(us), max=6971(us)!
[05:42:48.308] RX< [0m[34m[AE] fid=4770,exp=10110,adg=269,Y=4730,mtg=180,shg=100,bgbv=1584,iso=269,cnv2,hdr0
[05:42:48.308] RX< [0m[34m[b_ae0 proc] perf=1095(us), max=1510(us)!
[05:42:48.308] RX< [0m[34m[awb0 proc] perf=3921(us), max=6415(us)!
[05:42:48.308] RX< [0m[RTMP] f_index = 47
[05:42:49.339] RX< 70, f_len = 13083
[05:42:49.339] RX< [7] [cam] [562760][me0][me_core_thread:359]ME out fid 4770
[05:42:49.339] RX< [34m[AE] fid=4800,exp=10110,adg=269,Y=4711,mtg=180,shg=100,bgbv=1576,iso=269,cnv2,hdr0
[05:42:49.339] RX< [0m[34m[ME INTP]fid=4800, shutter=10110, perf=6(us), max=3944(us)!
[05:42:49.339] RX< [0m[7] [cam] [563760]
[05:42:50.416] RX< [me0][me_core_thread:359]ME out fid 4800
[05:42:50.416] RX< [34m[AE] fid=4830,exp=10110,adg=269,Y=4732,mtg=180,shg=100,bgbv=1584,iso=269,cnv2,hdr0
[05:42:50.416] RX< [0m[7] [cam] [564760][me0][me_core_thread:359]ME out fid 4830
[05:42:50.416] RX< [34m[awb0 proc] perf=6751(us), max=6751(us)!
[05:42:50.416] RX< [0m[4] [cam] [564
[05:42:50.990] RX< 837][qpc0][qpc_core_exception_check:405]discontinuous frame, now: 4843, last: 4841
[05:42:50.990] RX< [34m[AE] fid=4860,exp=9890,adg=275,Y=4674,mtg=180,shg=100,bgbv=1565,iso=275,cnv2,hdr0
[05:42:50.990] RX< [0m[34m[b_ae0 proc] perf=918(us), max=3026(us)!
[05:42:50.990] RX< [0m[34m[awb0 proc] perf=3835(us),
[05:42:52.367] RX<  max=6751(us)!
[05:42:52.367] RX< [0m[RTMP] f_index = 4860, f_len = 23245
[05:42:52.367] RX< [7] [cam] [565759][me0][me_core_thread:359]ME out fid 4860
[05:42:52.367] RX< [34m[AE] fid=4890,exp=9890,adg=275,Y=4684,mtg=180,shg=100,bgbv=1568,iso=275,cnv2,hdr0
[05:42:52.367] RX< [0m[7] [cam] [566789][me0][me_core_thread:359]ME out 
[05:42:53.084] RX< fid 4890
[05:42:53.084] RX< [4] [cam] [566837][qpc0][qpc_core_exception_check:405]discontinuous frame, now: 4903, last: 4901
[05:42:53.084] RX< [34m[AE] fid=4920,exp=10110,adg=269,Y=4695,mtg=180,shg=100,bgbv=1572,iso=269,cnv2,hdr0
[05:42:53.084] RX< [0m[34m[ME INTP]fid=4920, shutter=10110, perf=1876(us), max=
[05:42:53.989] RX< 10277(us)!
[05:42:53.989] RX< [0m[7] [cam] [567759][me0][me_core_thread:359]ME out fid 4920
[05:42:53.989] RX< [34m[awb0 proc] perf=6489(us), max=6489(us)!
[05:42:53.989] RX< [0m[4] [cam] [567837][qpc0][qpc_core_exception_check:405]discontinuous frame, now: 4933, last: 4931
[05:42:53.989] RX< [34m[AE] fid=4950,exp=10110,adg=26
[05:42:54.373] RX< 9,Y=4695,mtg=180,shg=100,bgbv=1572,iso=269,cnv2,hdr0
[05:42:54.373] RX< [0m[34m[b_ae0 proc] perf=980(us), max=1087(us)!
[05:42:54.373] RX< [0m[34m[awb0 proc] perf=3999(us), max=6489(us)!
[05:42:54.373] RX< [0m[RTMP] f_index = 4950, f_len = 16585
[05:42:54.373] RX< [7] [cam] [568759][me0][me_core_thread:359]ME out fid 4950
[05:42:54.373] RX< [
[05:42:55.336] RX< 34m[awb0 proc] perf=6144(us), max=6144(us)!
[05:42:55.336] RX< [0m[4] [cam] [568836][qpc0][qpc_core_exception_check:405]discontinuous frame, now: 4963, last: 4961
[05:42:55.336] RX< [34m[AE] fid=4980,exp=10110,adg=269,Y=4707,mtg=180,shg=100,bgbv=1576,iso=269,cnv2,hdr0
[05:42:55.336] RX< [0m[7] [cam] [569759][
[05:42:56.334] RX< me0][me_core_thread:359]ME out fid 4980
[05:42:56.334] RX< [4] [cam] [569835][qpc0][qpc_core_exception_check:405]discontinuous frame, now: 4993, last: 4991
[05:42:56.334] RX< [34m[AE] fid=5010,exp=9890,adg=275,Y=4657,mtg=180,shg=100,bgbv=1561,iso=275,cnv2,hdr0
[05:42:56.334] RX< [0m[7] [cam] [570759][me0][me_c
[05:42:56.986] RX< ore_thread:359]ME out fid 5010
[05:42:56.986] RX< [4] [cam] [570836][qpc0][qpc_core_exception_check:405]discontinuous frame, now: 5023, last: 5021
[05:42:56.986] RX< [34m[AE] fid=5040,exp=9890,adg=275,Y=4651,mtg=180,shg=100,bgbv=1561,iso=275,cnv2,hdr0
[05:42:56.986] RX< [0m[34m[b_ae0 proc] perf=1092(us), max=
[05:42:57.370] RX< 1092(us)!
[05:42:57.370] RX< [0m[34m[awb0 proc] perf=3842(us), max=6144(us)!
[05:42:57.370] RX< [0m[34m[ME INTP]fid=5040, shutter=9890, perf=6(us), max=9766(us)!
[05:42:57.370] RX< [0m[RTMP] f_index = 5040, f_len = 13648
[05:42:57.370] RX< [7] [cam] [571759][me0][me_core_thread:359]ME out fid 5040
[05:42:57.370] RX< [34m[awb0 proc] perf=6482(
[05:42:58.333] RX< us), max=6482(us)!
[05:42:58.333] RX< [0m[4] [cam] [571836][qpc0][qpc_core_exception_check:405]discontinuous frame, now: 5053, last: 5051
[05:42:58.333] RX< [34m[AE] fid=5070,exp=9890,adg=275,Y=4676,mtg=180,shg=100,bgbv=1568,iso=275,cnv2,hdr0
[05:42:58.333] RX< [0m[7] [cam] [572758][me0][me_core_thread:359]ME
[05:42:59.334] RX<  out fid 5070
[05:42:59.334] RX< [34m[awb0 proc] perf=6572(us), max=6572(us)!
[05:42:59.334] RX< [0m[4] [cam] [572836][qpc0][qpc_core_exception_check:405]discontinuous frame, now: 5083, last: 5081
[05:42:59.334] RX< [34m[AE] fid=5100,exp=10110,adg=269,Y=4702,mtg=180,shg=100,bgbv=1576,iso=269,cnv2,hdr0
[05:42:59.334] RX< [0m[7]
[05:42:59.988] RX<  [cam] [573758][me0][me_core_thread:359]ME out fid 5100
[05:42:59.988] RX< [34m[awb0 proc] perf=6590(us), max=6590(us)!
[05:42:59.988] RX< [0m[4] [cam] [573836][qpc0][qpc_core_exception_check:405]discontinuous frame, now: 5113, last: 5111
[05:42:59.988] RX< [34m[AE] fid=5130,exp=10110,adg=269,Y=4692,mtg=180,s
[05:43:00.981] RX< hg=100,bgbv=1572,iso=269,cnv2,hdr0
[05:43:00.981] RX< [0m[34m[b_ae0 proc] perf=902(us), max=2147(us)!
[05:43:00.981] RX< [0m[34m[awb0 proc] perf=3926(us), max=6590(us)!
[05:43:00.981] RX< [0m[RTMP] f_index = 5130, f_len = 13199
[05:43:00.981] RX< [7] [cam] [574758][me0][me_core_thread:359]ME out fid 5130
[05:43:00.981] RX< [34m[AE] fid=5160,e
[05:43:01.981] RX< xp=9890,adg=275,Y=4644,mtg=180,shg=100,bgbv=1557,iso=275,cnv2,hdr0
[05:43:01.981] RX< [0m[34m[ME INTP]fid=5160, shutter=9890, perf=5(us), max=4197(us)!
[05:43:01.981] RX< [0m[7] [cam] [575758][me0][me_core_thread:359]ME out fid 5160
[05:43:01.981] RX< [34m[AE] fid=5190,exp=9890,adg=275,Y=4645,mtg=180,shg=100
[05:43:02.985] RX< ,bgbv=1557,iso=275,cnv2,hdr0
[05:43:02.985] RX< [0m[7] [cam] [576758][me0][me_core_thread:359]ME out fid 5190
[05:43:02.985] RX< [34m[awb0 proc] perf=6450(us), max=6450(us)!
[05:43:02.985] RX< [0m[4] [cam] [576835][qpc0][qpc_core_exception_check:405]discontinuous frame, now: 5203, last: 5201
[05:43:02.985] RX< [34m[AE] fid=522
[05:43:03.321] RX< 0,exp=9890,adg=275,Y=4656,mtg=180,shg=100,bgbv=1561,iso=275,cnv2,hdr0
[05:43:03.321] RX< [0m[34m[b_ae0 proc] perf=983(us), max=3474(us)!
[05:43:03.321] RX< [0m[34m[awb0 proc] perf=3943(us), max=6450(us)!
[05:43:03.321] RX< [0m[RTMP] f_index = 5220, f_len = 13900
[05:43:03.321] RX< [7] [cam] [577758][me0][me_core_thread:359]M
[05:43:04.333] RX< E out fid 5220
[05:43:04.333] RX< [4] [cam] [577835][qpc0][qpc_core_exception_check:405]discontinuous frame, now: 5233, last: 5231
[05:43:04.333] RX< [34m[AE] fid=5250,exp=9890,adg=275,Y=4642,mtg=180,shg=100,bgbv=1557,iso=275,cnv2,hdr0
[05:43:04.333] RX< [0m[7] [cam] [578758][me0][me_core_thread:359]ME out fid
[05:43:05.413] RX<  5250
[05:43:05.413] RX< [34m[AE] fid=5280,exp=9890,adg=275,Y=4636,mtg=180,shg=100,bgbv=1553,iso=275,cnv2,hdr0
[05:43:05.413] RX< [0m[34m[ME INTP]fid=5280, shutter=9890, perf=5(us), max=3281(us)!
[05:43:05.413] RX< [0m[7] [cam] [579758][me0][me_core_thread:359]ME out fid 5280
[05:43:05.413] RX< [4] [cam] [579835][qpc0][qpc_cor
[05:43:05.985] RX< e_exception_check:405]discontinuous frame, now: 5293, last: 5291
[05:43:05.985] RX< [34m[AE] fid=5310,exp=9890,adg=275,Y=4645,mtg=180,shg=100,bgbv=1557,iso=275,cnv2,hdr0
[05:43:05.985] RX< [0m[34m[b_ae0 proc] perf=991(us), max=3830(us)!
[05:43:05.985] RX< [0m[34m[awb0 proc] perf=3932(us), max=5934(us)!
[05:43:05.985] RX< [0
[05:43:06.979] RX< m[RTMP] f_index = 5310, f_len = 8844
[05:43:06.979] RX< [7] [cam] [580757][me0][me_core_thread:359]ME out fid 5310
[05:43:06.979] RX< [4] [cam] [580835][qpc0][qpc_core_exception_check:405]discontinuous frame, now: 5323, last: 5321
[05:43:06.979] RX< [34m[AE] fid=5340,exp=9890,adg=275,Y=4648,mtg=180,shg=100,bgbv
[05:43:07.980] RX< =1557,iso=275,cnv2,hdr0
[05:43:07.980] RX< [0m[7] [cam] [581757][me0][me_core_thread:359]ME out fid 5340
[05:43:07.980] RX< [34m[awb0 proc] perf=6127(us), max=6127(us)!
[05:43:07.980] RX< [0m[4] [cam] [581835][qpc0][qpc_core_exception_check:405]discontinuous frame, now: 5353, last: 5351
[05:43:07.980] RX< [34m[AE] fid=5370,exp
[05:43:08.984] RX< =9890,adg=275,Y=4635,mtg=180,shg=100,bgbv=1553,iso=275,cnv2,hdr0
[05:43:08.984] RX< [0m[7] [cam] [582757][me0][me_core_thread:359]ME out fid 5370
[05:43:08.984] RX< [34m[AE] fid=5400,exp=9890,adg=275,Y=4633,mtg=180,shg=100,bgbv=1553,iso=275,cnv2,hdr0
[05:43:08.984] RX< [0m[34m[b_ae0 proc] perf=980(us), max=3
[05:43:09.368] RX< 473(us)!
[05:43:09.368] RX< [0m[34m[awb0 proc] perf=3945(us), max=6127(us)!
[05:43:09.368] RX< [0m[34m[ME INTP]fid=5400, shutter=9890, perf=5(us), max=5312(us)!
[05:43:09.368] RX< [0m[RTMP] f_index = 5400, f_len = 20684
[05:43:09.368] RX< [7] [cam] [583757][me0][me_core_thread:359]ME out fid 5400
[05:43:09.368] RX< [34m[awb0 proc] perf=6062(u
[05:43:10.412] RX< s), max=6062(us)!
[05:43:10.412] RX< [0m[34m[AE] fid=5430,exp=9890,adg=275,Y=4677,mtg=180,shg=100,bgbv=1568,iso=275,cnv2,hdr0
[05:43:10.412] RX< [0m[7] [cam] [584757][me0][me_core_thread:359]ME out fid 5430
[05:43:10.412] RX< [4] [cam] [584834][qpc0][qpc_core_exception_check:405]discontinuous frame, now: 5443
[05:43:11.411] RX< , last: 5441
[05:43:11.411] RX< [34m[AE] fid=5460,exp=9890,adg=275,Y=4650,mtg=180,shg=100,bgbv=1561,iso=275,cnv2,hdr0
[05:43:11.411] RX< [0m[7] [cam] [585757][me0][me_core_thread:359]ME out fid 5460
[05:43:11.411] RX< [4] [cam] [585834][qpc0][qpc_core_exception_check:405]discontinuous frame, now: 5473, last: 5
[05:43:12.320] RX< 471
[05:43:12.320] RX< [34m[AE] fid=5490,exp=10110,adg=269,Y=4718,mtg=180,shg=100,bgbv=1580,iso=269,cnv2,hdr0
[05:43:12.320] RX< [0m[34m[b_ae0 proc] perf=980(us), max=1569(us)!
[05:43:12.320] RX< [0m[34m[awb0 proc] perf=3984(us), max=6062(us)!
[05:43:12.320] RX< [0m[RTMP] f_index = 5490, f_len = 12995
[05:43:12.320] RX< [7] [cam] [586757][me0
[05:43:13.319] RX< ][me_core_thread:359]ME out fid 5490
[05:43:13.319] RX< [34m[AE] fid=5520,exp=10110,adg=269,Y=4726,mtg=180,shg=100,bgbv=1584,iso=269,cnv2,hdr0
[05:43:13.319] RX< [0m[34m[ME INTP]fid=5520, shutter=10110, perf=234(us), max=4694(us)!
[05:43:13.319] RX< [0m[7] [cam] [587756][me0][me_core_thread:359]ME out fid 55
[05:43:14.442] RX< 20
[05:43:14.442] RX< [4] [cam] [587834][qpc0][qpc_core_exception_check:405]discontinuous frame, now: 5533, last: 5531
[05:43:14.442] RX< [34m[AE] fid=5550,exp=10110,adg=269,Y=4729,mtg=180,shg=100,bgbv=1584,iso=269,cnv2,hdr0
[05:43:14.442] RX< [0m[7] [cam] [588756][me0][me_core_thread:359]ME out fid 5550
[05:43:14.442] RX< [RTMP
[05:43:14.983] RX< ] slow send frame 5551 len=63972 dt=109ms (IDR)
[05:43:14.983] RX< [4] [cam] [588934][qpc0][qpc_core_exception_check:405]discontinuous frame, now: 5566, last: 5564
[05:43:14.983] RX< [34m[AE] fid=5580,exp=10110,adg=269,Y=4735,mtg=180,shg=100,bgbv=1584,iso=269,cnv2,hdr0
[05:43:14.983] RX< [0m[34m[b_ae0 proc] p
[05:43:15.412] RX< erf=948(us), max=3902(us)!
[05:43:15.412] RX< [0m[34m[awb0 proc] perf=3824(us), max=4361(us)!
[05:43:15.412] RX< [0m[RTMP] f_index = 5580, f_len = 20188
[05:43:15.412] RX< [7] [cam] [589756][me0][me_core_thread:359]ME out fid 5580
[05:43:15.412] RX< [4] [cam] [589834][qpc0][qpc_core_exception_check:405]discontinuous frame, now
[05:43:16.978] RX< : 5593, last: 5591
[05:43:16.978] RX< [34m[AE] fid=5610,exp=10110,adg=269,Y=4729,mtg=180,shg=100,bgbv=1584,iso=269,cnv2,hdr0
[05:43:16.978] RX< [0m[7] [cam] [590756][me0][me_core_thread:359]ME out fid 5610
[05:43:16.978] RX< [34m[AE] fid=5640,exp=10110,adg=269,Y=4732,mtg=180,shg=100,bgbv=1584,iso=269,cnv2,hdr
[05:43:17.982] RX< 0
[05:43:17.982] RX< [0m[34m[ME INTP]fid=5640, shutter=10110, perf=5(us), max=7051(us)!
[05:43:17.982] RX< [0m[7] [cam] [591756][me0][me_core_thread:359]ME out fid 5640
[05:43:17.982] RX< [4] [cam] [591833][qpc0][qpc_core_exception_check:405]discontinuous frame, now: 5653, last: 5651
[05:43:17.982] RX< [34m[AE] fid=5670,exp=10
[05:43:18.319] RX< 110,adg=269,Y=4729,mtg=180,shg=100,bgbv=1584,iso=269,cnv2,hdr0
[05:43:18.319] RX< [0m[34m[b_ae0 proc] perf=1091(us), max=4043(us)!
[05:43:18.319] RX< [0m[34m[awb0 proc] perf=3954(us), max=5438(us)!
[05:43:18.319] RX< [0m[RTMP] f_index = 5670, f_len = 20327
[05:43:18.319] RX< [7] [cam] [592756][me0][me_core_thread:359]ME out 
[05:43:19.330] RX< fid 5670
[05:43:19.330] RX< [RTMP] slow send frame 5671 len=70053 dt=78ms (IDR)
[05:43:19.330] RX< [4] [cam] [592901][qpc0][qpc_core_exception_check:405]discontinuous frame, now: 5685, last: 5683
[05:43:19.330] RX< [34m[AE] fid=5700,exp=10110,adg=269,Y=4735,mtg=180,shg=100,bgbv=1584,iso=269,cnv2,hdr0
[05:43:19.330] RX< [0m[7] [c
[05:43:20.982] RX< am] [593756][me0][me_core_thread:359]ME out fid 5700
[05:43:20.982] RX< [34m[AE] fid=5730,exp=10110,adg=269,Y=4728,mtg=180,shg=100,bgbv=1584,iso=269,cnv2,hdr0
[05:43:20.982] RX< [0m[7] [cam] [594755][me0][me_core_thread:359]ME out fid 5730
[05:43:20.982] RX< [34m[AE] fid=5760,exp=10110,adg=269,Y=4744,mtg=180,
[05:43:21.318] RX< shg=100,bgbv=1588,iso=269,cnv2,hdr0
[05:43:21.318] RX< [0m[34m[b_ae0 proc] perf=981(us), max=1548(us)!
[05:43:21.318] RX< [0m[34m[awb0 proc] perf=3938(us), max=5789(us)!
[05:43:21.318] RX< [0m[34m[ME INTP]fid=5760, shutter=10110, perf=6(us), max=7869(us)!
[05:43:21.318] RX< [0m[RTMP] f_index = 5760, f_len = 13044
[05:43:21.318] RX< [7] [cam]
[05:43:21.977] RX<  [595755][me0][me_core_thread:359]ME out fid 5760
[05:43:21.977] RX< [34m[awb0 proc] perf=7120(us), max=7120(us)!
[05:43:21.977] RX< [0m[4] [cam] [595832][qpc0][qpc_core_exception_check:405]discontinuous frame, now: 5773, last: 5771
[05:43:21.977] RX< [34m[AE] fid=5790,exp=10040,adg=275,Y=4545,mtg=180,shg=100
[05:43:22.977] RX< ,bgbv=1525,iso=275,cnv2,hdr0
[05:43:22.977] RX< [0m[7] [cam] [596755][me0][me_core_thread:359]ME out fid 5790
[05:43:22.977] RX< [4] [cam] [596833][qpc0][qpc_core_exception_check:405]discontinuous frame, now: 5803, last: 5801
[05:43:22.977] RX< [34m[AE] fid=5820,exp=9930,adg=275,Y=4705,mtg=180,shg=100,bgbv=156
[05:43:23.981] RX< 8,iso=275,cnv2,hdr0
[05:43:23.981] RX< [0m[7] [cam] [597755][me0][me_core_thread:359]ME out fid 5820
[05:43:23.981] RX< [4] [cam] [597833][qpc0][qpc_core_exception_check:405]discontinuous frame, now: 5833, last: 5831
[05:43:23.981] RX< [34m[AE] fid=5850,exp=10110,adg=269,Y=4721,mtg=180,shg=100,bgbv=1580,iso=26
[05:43:24.365] RX< 9,cnv2,hdr0
[05:43:24.365] RX< [0m[34m[b_ae0 proc] perf=978(us), max=1780(us)!
[05:43:24.365] RX< [0m[34m[awb0 proc] perf=3987(us), max=7120(us)!
[05:43:24.365] RX< [0m[RTMP] f_index = 5850, f_len = 13867
[05:43:24.365] RX< [7] [cam] [598755][me0][me_core_thread:359]ME out fid 5850
[05:43:24.365] RX< [34m[awb0 proc] perf=6471(us), max=6471(us
[05:43:25.076] RX< )!
[05:43:25.076] RX< [0m[4] [cam] [598832][qpc0][qpc_core_exception_check:405]discontinuous frame, now: 5863, last: 5861
[05:43:25.076] RX< [34m[AE] fid=5880,exp=10110,adg=269,Y=4730,mtg=180,shg=100,bgbv=1584,iso=269,cnv2,hdr0
[05:43:25.076] RX< [0m[34m[ME INTP]fid=5880, shutter=10110, perf=6(us), max=6174(
[05:43:25.976] RX< us)!
[05:43:25.976] RX< [0m[7] [cam] [599755][me0][me_core_thread:359]ME out fid 5880
[05:43:25.976] RX< [34m[awb0 proc] perf=6213(us), max=6471(us)!
[05:43:25.976] RX< [0m[4] [cam] [599832][qpc0][qpc_core_exception_check:405]discontinuous frame, now: 5893, last: 5891
[05:43:25.976] RX< [34m[AE] fid=5910,exp=10110,adg=269,Y=47
[05:43:26.981] RX< 36,mtg=180,shg=100,bgbv=1584,iso=269,cnv2,hdr0
[05:43:26.981] RX< [0m[7] [cam] [600755][me0][me_core_thread:359]ME out fid 5910
[05:43:26.981] RX< [34m[AE] fid=5940,exp=10110,adg=269,Y=4719,mtg=180,shg=100,bgbv=1580,iso=269,cnv2,hdr0
[05:43:26.981] RX< [0m[34m[b_ae0 proc] perf=1104(us), max=1874(us)!
[05:43:26.981] RX< [0m[
[05:43:27.976] RX< 34m[awb0 proc] perf=3934(us), max=6213(us)!
[05:43:27.976] RX< [0m[RTMP] f_index = 5940, f_len = 19858
[05:43:27.976] RX< [7] [cam] [601755][me0][me_core_thread:359]ME out fid 5940
[05:43:27.976] RX< [34m[awb0 proc] perf=6001(us), max=6001(us)!
[05:43:27.976] RX< [0m[34m[AE] fid=5970,exp=10110,adg=269,Y=4734,mtg=180,shg=100,bg
[05:43:29.317] RX< bv=1584,iso=269,cnv2,hdr0
[05:43:29.317] RX< [0m[7] [cam] [602754][me0][me_core_thread:359]ME out fid 5970
[05:43:29.317] RX< [34m[AE] fid=6000,exp=10110,adg=269,Y=4728,mtg=180,shg=100,bgbv=1584,iso=269,cnv2,hdr0
[05:43:29.317] RX< [0m[34m[ME INTP]fid=6000, shutter=10110, perf=7(us), max=3996(us)!
[05:43:29.317] RX< [0m[7] [c
[05:43:29.980] RX< am] [603754][me0][me_core_thread:359]ME out fid 6000
[05:43:29.980] RX< [4] [cam] [603832][qpc0][qpc_core_exception_check:405]discontinuous frame, now: 6013, last: 6011
[05:43:29.980] RX< [34m[AE] fid=6030,exp=10110,adg=269,Y=4724,mtg=180,shg=100,bgbv=1580,iso=269,cnv2,hdr0
[05:43:29.980] RX< [0m[34m[b_ae0 pr
[05:43:30.975] RX< oc] perf=977(us), max=2219(us)!
[05:43:30.975] RX< [0m[34m[awb0 proc] perf=4010(us), max=6001(us)!
[05:43:30.975] RX< [0m[RTMP] f_index = 6030, f_len = 8719
[05:43:30.975] RX< [7] [cam] [604754][me0][me_core_thread:359]ME out fid 6030
[05:43:30.975] RX< [34m[AE] fid=6060,exp=10110,adg=269,Y=4736,mtg=180,shg=100,bgbv=1584,iso=
[05:43:32.976] RX< 269,cnv2,hdr0
[05:43:32.976] RX< [0m[7] [cam] [605754][me0][me_core_thread:359]ME out fid 6060
[05:43:32.976] RX< [34m[AE] fid=6090,exp=10100,adg=294,Y=3974,mtg=180,shg=100,bgbv=1325,iso=294,cnv2,hdr0
[05:43:32.976] RX< [0m[7] [cam] [606754][me0][me_core_thread:359]ME out fid 6090
[05:43:33.077] RX< [34m[AE] fid=6120,exp=9960,adg=275,Y=4696,mtg=180,shg=100,bgbv=1560,iso=275,cnv2,hdr0
[05:43:33.077] RX< [0m[34m[b_ae0 proc] perf=969(us), max=3113(us)!
[05:43:33.077] RX< [0m[34m[awb0 proc] perf=3949(us), max=5911(us)!
[05:43:33.077] RX< [0m[34m[ME INTP]fid=6120, shutter=9960, perf=2098(us), max=6359(us
[05:43:34.975] RX< )!
[05:43:34.975] RX< [0m[RTMP] f_index = 6120, f_len = 10158
[05:43:34.975] RX< [7] [cam] [607754][me0][me_core_thread:359]ME out fid 6120
[05:43:34.975] RX< [34m[AE] fid=6150,exp=9890,adg=275,Y=4728,mtg=180,shg=100,bgbv=1579,iso=275,cnv2,hdr0
[05:43:34.975] RX< [0m[7] [cam] [608754][me0][me_core_thread:359]ME out fid 6150
[05:43:34.975] RX< [3
[05:43:35.408] RX< 4m[AE] fid=6180,exp=10110,adg=269,Y=4720,mtg=180,shg=100,bgbv=1580,iso=269,cnv2,hdr0
[05:43:35.408] RX< [0m[7] [cam] [609753][me0][me_core_thread:359]ME out fid 6180
[05:43:35.408] RX< [34m[awb0 proc] perf=6717(us), max=6717(us)!
[05:43:35.408] RX< [0m[4] [cam] [609831][qpc0][qpc_core_exception_check:405]disc
[05:43:36.299] RX< ontinuous frame, now: 6193, last: 6191
[05:43:36.299] RX< [34m[AE] fid=6210,exp=10110,adg=269,Y=4728,mtg=180,shg=100,bgbv=1584,iso=269,cnv2,hdr0
[05:43:36.299] RX< [0m[34m[b_ae0 proc] perf=914(us), max=1079(us)!
[05:43:36.299] RX< [0m[34m[awb0 proc] perf=3818(us), max=6717(us)!
[05:43:36.299] RX< [0m[RTMP] f_index = 6210, f
[05:43:36.974] RX< _len = 13214
[05:43:36.974] RX< [7] [cam] [610753][me0][me_core_thread:359]ME out fid 6210
[05:43:36.974] RX< [4] [cam] [610831][qpc0][qpc_core_exception_check:405]discontinuous frame, now: 6223, last: 6221
[05:43:36.974] RX< [34m[AE] fid=6240,exp=10110,adg=269,Y=4715,mtg=180,shg=100,bgbv=1580,iso=269,cnv2,hdr0
[05:43:38.326] RX< 
[05:43:38.326] RX< [0m[34m[ME INTP]fid=6240, shutter=10110, perf=7(us), max=3328(us)!
[05:43:38.326] RX< [0m[7] [cam] [611753][me0][me_core_thread:359]ME out fid 6240
[05:43:38.326] RX< [34m[AE] fid=6270,exp=10110,adg=269,Y=4719,mtg=180,shg=100,bgbv=1580,iso=269,cnv2,hdr0
[05:43:38.326] RX< [0m[7] [cam] [612753][me0][me_core
[05:43:38.978] RX< _thread:359]ME out fid 6270
[05:43:38.978] RX< [RTMP] slow send frame 6271 len=70166 dt=97ms (IDR)
[05:43:38.978] RX< [RTMP] slow send frame 6273 len=10196 dt=57ms
[05:43:38.978] RX< [34m[AE] fid=6300,exp=10110,adg=269,Y=4723,mtg=180,shg=100,bgbv=1580,iso=269,cnv2,hdr0
[05:43:38.978] RX< [0m[34m[b_ae0 proc] perf=980(us), max=38
[05:43:39.406] RX< 06(us)!
[05:43:39.406] RX< [0m[34m[awb0 proc] perf=3958(us), max=4364(us)!
[05:43:39.406] RX< [0m[RTMP] f_index = 6300, f_len = 13242
[05:43:39.406] RX< [7] [cam] [613753][me0][me_core_thread:359]ME out fid 6300
[05:43:39.406] RX< [4] [cam] [613830][qpc0][qpc_core_exception_check:405]discontinuous frame, now: 6313, last: 6311
[05:43:40.408] RX< [34m[AE] fid=6330,exp=9890,adg=275,Y=4680,mtg=180,shg=100,bgbv=1568,iso=275,cnv2,hdr0
[05:43:40.408] RX< [0m[7] [cam] [614753][me0][me_core_thread:359]ME out fid 6330
[05:43:40.408] RX< [34m[awb0 proc] perf=6345(us), max=6345(us)!
[05:43:40.408] RX< [0m[4] [cam] [614831][qpc0][qpc_core_exception_check:405]di
[05:43:41.314] RX< scontinuous frame, now: 6343, last: 6341
[05:43:41.314] RX< [34m[AE] fid=6360,exp=10110,adg=269,Y=4708,mtg=180,shg=100,bgbv=1576,iso=269,cnv2,hdr0
[05:43:41.314] RX< [0m[34m[ME INTP]fid=6360, shutter=10110, perf=5(us), max=3179(us)!
[05:43:41.314] RX< [0m[7] [cam] [615753][me0][me_core_thread:359]ME out fid 
[05:43:41.981] RX< 6360
[05:43:41.981] RX< [34m[awb0 proc] perf=6402(us), max=6402(us)!
[05:43:41.981] RX< [0m[4] [cam] [615830][qpc0][qpc_core_exception_check:405]discontinuous frame, now: 6373, last: 6371
[05:43:41.981] RX< [34m[AE] fid=6390,exp=10110,adg=269,Y=4688,mtg=180,shg=100,bgbv=1572,iso=269,cnv2,hdr0
[05:43:41.981] RX< [0m[34m[b_ae0 
[05:43:42.973] RX< proc] perf=975(us), max=1683(us)!
[05:43:42.973] RX< [0m[34m[awb0 proc] perf=3940(us), max=6402(us)!
[05:43:42.973] RX< [0m[RTMP] f_index = 6390, f_len = 13947
[05:43:42.973] RX< [7] [cam] [616752][me0][me_core_thread:359]ME out fid 6390
[05:43:42.973] RX< [34m[AE] fid=6420,exp=10110,adg=269,Y=4714,mtg=180,shg=100,bgbv=1580,i
[05:43:44.261] RX< so=269,cnv2,hdr0
[05:43:44.261] RX< [0m[7] [cam] [617752][me0][me_core_thread:359]ME out fid 6420
[05:43:44.261] RX< [RTMP] slow send frame 6421 len=70175 dt=51ms (IDR)
[05:43:44.261] RX< [34m[AE] fid=6450,exp=10110,adg=269,Y=4718,mtg=180,shg=100,bgbv=1580,iso=269,cnv2,hdr0
[05:43:44.261] RX< [0m[RTMP] slow send frame 6445 len=
[05:43:44.349] RX< 13262 dt=140ms
[05:43:44.349] RX< [4] [cam] [618732][qpc0][qpc_core_exception_check:411]interp not finish in sof, fid: 6459
[05:43:44.349] RX< [7] [cam] [618752][me0][me_core_thread:359]ME out fid 6450
[05:43:44.349] RX< [4] [cam] [618773][qpc0][qpc_core_exception_check:405]discontinuous frame, now: 6461, last: 
[05:43:45.071] RX< 6459
[05:43:45.071] RX< [34m[AE] fid=6480,exp=10110,adg=269,Y=4703,mtg=180,shg=100,bgbv=1576,iso=269,cnv2,hdr0
[05:43:45.071] RX< [0m[34m[b_ae0 proc] perf=969(us), max=1400(us)!
[05:43:45.071] RX< [0m[34m[awb0 proc] perf=3850(us), max=5111(us)!
[05:43:45.071] RX< [0m[34m[ME INTP]fid=6480, shutter=10110, perf=6(us), max=970
[05:43:46.325] RX< 9(us)!
[05:43:46.325] RX< [0m[RTMP] f_index = 6480, f_len = 13246
[05:43:46.325] RX< [7] [cam] [619752][me0][me_core_thread:359]ME out fid 6480
[05:43:46.325] RX< [34m[AE] fid=6510,exp=10110,adg=269,Y=4725,mtg=180,shg=100,bgbv=1584,iso=269,cnv2,hdr0
[05:43:46.325] RX< [0m[7] [cam] [620752][me0][me_core_thread:359]ME out fid 651
[05:43:47.405] RX< 0
[05:43:47.405] RX< [34m[AE] fid=6540,exp=10110,adg=269,Y=4720,mtg=180,shg=100,bgbv=1580,iso=269,cnv2,hdr0
[05:43:47.405] RX< [0m[7] [cam] [621752][me0][me_core_thread:359]ME out fid 6540
[05:43:47.405] RX< [34m[awb0 proc] perf=6950(us), max=6950(us)!
[05:43:47.405] RX< [0m[4] [cam] [621829][qpc0][qpc_core_exception_check:405
[05:43:48.298] RX< ]discontinuous frame, now: 6553, last: 6551
[05:43:48.298] RX< [34m[AE] fid=6570,exp=10110,adg=269,Y=4713,mtg=180,shg=100,bgbv=1580,iso=269,cnv2,hdr0
[05:43:48.298] RX< [0m[34m[b_ae0 proc] perf=976(us), max=3652(us)!
[05:43:48.298] RX< [0m[34m[awb0 proc] perf=3943(us), max=6950(us)!
[05:43:48.298] RX< [0m[RTMP] f_index = 65
[05:43:48.972] RX< 70, f_len = 13502
[05:43:48.972] RX< [7] [cam] [622752][me0][me_core_thread:359]ME out fid 6570
[05:43:48.972] RX< [4] [cam] [622829][qpc0][qpc_core_exception_check:405]discontinuous frame, now: 6583, last: 6581
[05:43:48.972] RX< [34m[AE] fid=6600,exp=10110,adg=269,Y=4722,mtg=180,shg=100,bgbv=1580,iso=269,cnv2
[05:43:49.972] RX< ,hdr0
[05:43:49.972] RX< [0m[34m[ME INTP]fid=6600, shutter=10110, perf=5(us), max=2777(us)!
[05:43:49.972] RX< [0m[7] [cam] [623752][me0][me_core_thread:359]ME out fid 6600
[05:43:49.972] RX< [4] [cam] [623829][qpc0][qpc_core_exception_check:405]discontinuous frame, now: 6613, last: 6611
[05:43:49.972] RX< [34m[AE] fid=6630,ex
[05:43:50.977] RX< p=10110,adg=269,Y=4700,mtg=180,shg=100,bgbv=1576,iso=269,cnv2,hdr0
[05:43:50.977] RX< [0m[7] [cam] [624751][me0][me_core_thread:359]ME out fid 6630
[05:43:50.977] RX< [34m[AE] fid=6660,exp=10110,adg=269,Y=4709,mtg=180,shg=100,bgbv=1576,iso=269,cnv2,hdr0
[05:43:50.977] RX< [0m[34m[b_ae0 proc] perf=975(us), ma
[05:43:51.405] RX< x=2029(us)!
[05:43:51.405] RX< [0m[34m[awb0 proc] perf=3942(us), max=4202(us)!
[05:43:51.405] RX< [0m[RTMP] f_index = 6660, f_len = 12895
[05:43:51.405] RX< [7] [cam] [625751][me0][me_core_thread:359]ME out fid 6660
[05:43:51.405] RX< [4] [cam] [625829][qpc0][qpc_core_exception_check:405]discontinuous frame, now: 6673, last: 6
[05:43:53.072] RX< 671
[05:43:53.072] RX< [34m[AE] fid=6690,exp=10110,adg=269,Y=4716,mtg=180,shg=100,bgbv=1580,iso=269,cnv2,hdr0
[05:43:53.072] RX< [0m[7] [cam] [626751][me0][me_core_thread:359]ME out fid 6690
[05:43:53.072] RX< [34m[AE] fid=6720,exp=10110,adg=269,Y=4725,mtg=180,shg=100,bgbv=1584,iso=269,cnv2,hdr0
[05:43:53.072] RX< [0m[34m[ME 
[05:43:53.405] RX< INTP]fid=6720, shutter=10110, perf=234(us), max=4703(us)!
[05:43:53.405] RX< [0m[7] [cam] [627751][me0][me_core_thread:359]ME out fid 6720
[05:43:53.405] RX< [34m[awb0 proc] perf=7088(us), max=7088(us)!
[05:43:53.405] RX< [0m[4] [cam] [627828][qpc0][qpc_core_exception_check:405]discontinuous frame, now: 6733,
[05:43:54.038] RX<  last: 6731
[05:43:54.038] RX< [RTMP] slow send frame 6734 len=12932 dt=130ms
[05:43:54.038] RX< [RTMP] slow send frame 6735 len=13735 dt=75ms
[05:43:54.038] RX< [4] [cam] [628439][qpc0][qpc_core_exception_check:411]interp not finish in sof, fid: 6750
[05:43:54.038] RX< [34m[AE] fid=6750,exp=10110,adg=269,Y=4723,mtg=180,shg=100,b
[05:43:54.038] RX< gbv=1580,iso=269,cnv2,hdr0
[05:43:54.038] RX< [0m[34m[b_ae0 proc] perf=912(us), max=1289(us)!
[05:43:54.038] RX< [0m[34m[awb0 proc] perf=3954(us), max=7088(us)!
[05:43:54.038] RX< [0m[34m[awb0 proc] perf=6199(us), max=6199(us)!
[05:43:54.038] RX< [0m[4] [cam] [628462][qpc0][qpc_core_exception_check:405]discontinuous frame,
[05:43:55.323] RX<  now: 6752, last: 6750
[05:43:55.323] RX< [RTMP] f_index = 6750, f_len = 13268
[05:43:55.323] RX< [7] [cam] [628751][me0][me_core_thread:359]ME out fid 6750
[05:43:55.323] RX< [34m[AE] fid=6780,exp=10110,adg=269,Y=4696,mtg=180,shg=100,bgbv=1572,iso=269,cnv2,hdr0
[05:43:55.323] RX< [0m[7] [cam] [629751][me0][me_core_thread:359]ME
[05:43:56.976] RX<  out fid 6780
[05:43:56.976] RX< [34m[AE] fid=6810,exp=10110,adg=269,Y=4729,mtg=180,shg=100,bgbv=1584,iso=269,cnv2,hdr0
[05:43:56.976] RX< [0m[7] [cam] [630751][me0][me_core_thread:359]ME out fid 6810
[05:43:56.976] RX< [34m[AE] fid=6840,exp=10110,adg=269,Y=4697,mtg=180,shg=100,bgbv=1572,iso=269,cnv2,hdr0
[05:43:56.976] RX< [0
[05:43:57.327] RX< m[34m[b_ae0 proc] perf=1040(us), max=2911(us)!
[05:43:57.327] RX< [0m[34m[awb0 proc] perf=3953(us), max=6199(us)!
[05:43:57.327] RX< [0m[34m[ME INTP]fid=6840, shutter=10110, perf=251(us), max=9193(us)!
[05:43:57.327] RX< [0m[RTMP] f_index = 6840, f_len = 20408
[05:43:57.327] RX< [7] [cam] [631750][me0][me_core_thread:359]ME
[05:43:58.404] RX<  out fid 6840
[05:43:58.404] RX< [34m[AE] fid=6870,exp=10110,adg=269,Y=4711,mtg=180,shg=100,bgbv=1576,iso=269,cnv2,hdr0
[05:43:58.404] RX< [0m[7] [cam] [632750][me0][me_core_thread:359]ME out fid 6870
[05:43:58.404] RX< [4] [cam] [632828][qpc0][qpc_core_exception_check:405]discontinuous frame, now: 6883, last:
[05:43:59.974] RX<  6881
[05:43:59.974] RX< [34m[AE] fid=6900,exp=10110,adg=269,Y=4726,mtg=180,shg=100,bgbv=1584,iso=269,cnv2,hdr0
[05:43:59.974] RX< [0m[7] [cam] [633750][me0][me_core_thread:359]ME out fid 6900
[05:43:59.974] RX< [34m[AE] fid=6930,exp=10110,adg=269,Y=4727,mtg=180,shg=100,bgbv=1584,iso=269,cnv2,hdr0
[05:43:59.974] RX< [0m[34m[b
[05:44:00.403] RX< _ae0 proc] perf=979(us), max=4487(us)!
[05:44:00.403] RX< [0m[34m[awb0 proc] perf=3933(us), max=4732(us)!
[05:44:00.403] RX< [0m[RTMP] f_index = 6930, f_len = 13050
[05:44:00.403] RX< [7] [cam] [634750][me0][me_core_thread:359]ME out fid 6930
[05:44:00.403] RX< [4] [cam] [634828][qpc0][qpc_core_exception_check:405]discontinuou
[05:44:01.403] RX< s frame, now: 6943, last: 6941
[05:44:01.403] RX< [34m[AE] fid=6960,exp=10110,adg=269,Y=4725,mtg=180,shg=100,bgbv=1584,iso=269,cnv2,hdr0
[05:44:01.403] RX< [0m[34m[ME INTP]fid=6960, shutter=10110, perf=233(us), max=3508(us)!
[05:44:01.403] RX< [0m[7] [cam] [635750][me0][me_core_thread:359]ME out fid 6960
[05:44:01.403] RX< [4]
[05:44:02.974] RX<  [cam] [635827][qpc0][qpc_core_exception_check:405]discontinuous frame, now: 6973, last: 6971
[05:44:02.974] RX< [34m[AE] fid=6990,exp=10110,adg=269,Y=4728,mtg=180,shg=100,bgbv=1584,iso=269,cnv2,hdr0
[05:44:02.974] RX< [0m[7] [cam] [636750][me0][me_core_thread:359]ME out fid 6990
[05:44:02.974] RX< [34m[AE] f
[05:44:03.310] RX< id=7020,exp=10110,adg=269,Y=4727,mtg=180,shg=100,bgbv=1584,iso=269,cnv2,hdr0
[05:44:03.310] RX< [0m[34m[b_ae0 proc] perf=976(us), max=3386(us)!
[05:44:03.310] RX< [0m[34m[awb0 proc] perf=3948(us), max=4654(us)!
[05:44:03.310] RX< [0m[RTMP] f_index = 7020, f_len = 19563
[05:44:03.310] RX< [7] [cam] [637750][me0][me_core_threa
[05:44:04.321] RX< d:359]ME out fid 7020
[05:44:04.321] RX< [4] [cam] [637827][qpc0][qpc_core_exception_check:405]discontinuous frame, now: 7033, last: 7031
[05:44:04.321] RX< [34m[AE] fid=7050,exp=10110,adg=269,Y=4728,mtg=180,shg=100,bgbv=1584,iso=269,cnv2,hdr0
[05:44:04.321] RX< [0m[7] [cam] [638749][me0][me_core_thread:359]ME
[05:44:05.402] RX<  out fid 7050
[05:44:05.402] RX< [34m[AE] fid=7080,exp=10110,adg=269,Y=4720,mtg=180,shg=100,bgbv=1580,iso=269,cnv2,hdr0
[05:44:05.402] RX< [0m[34m[ME INTP]fid=7080, shutter=10110, perf=251(us), max=251(us)!
[05:44:05.402] RX< [0m[7] [cam] [639749][me0][me_core_thread:359]ME out fid 7080
[05:44:05.402] RX< [4] [cam] [639827][qp
[05:44:05.974] RX< c0][qpc_core_exception_check:405]discontinuous frame, now: 7093, last: 7091
[05:44:05.974] RX< [34m[AE] fid=7110,exp=10110,adg=269,Y=4713,mtg=180,shg=100,bgbv=1580,iso=269,cnv2,hdr0
[05:44:05.974] RX< [0m[34m[b_ae0 proc] perf=1100(us), max=4335(us)!
[05:44:05.974] RX< [0m[34m[awb0 proc] perf=3932(us), max=
[05:44:07.321] RX< 4027(us)!
[05:44:07.321] RX< [0m[RTMP] f_index = 7110, f_len = 20205
[05:44:07.321] RX< [7] [cam] [640749][me0][me_core_thread:359]ME out fid 7110
[05:44:07.321] RX< [34m[AE] fid=7140,exp=10110,adg=269,Y=4716,mtg=180,shg=100,bgbv=1580,iso=269,cnv2,hdr0
[05:44:07.321] RX< [0m[7] [cam] [641749][me0][me_core_thread:359]ME out fid 
[05:44:08.973] RX< 7140
[05:44:08.973] RX< [34m[AE] fid=7170,exp=10110,adg=269,Y=4723,mtg=180,shg=100,bgbv=1580,iso=269,cnv2,hdr0
[05:44:08.973] RX< [0m[7] [cam] [642749][me0][me_core_thread:359]ME out fid 7170
[05:44:08.973] RX< [34m[AE] fid=7200,exp=10110,adg=269,Y=4732,mtg=180,shg=100,bgbv=1584,iso=269,cnv2,hdr0
[05:44:08.973] RX< [0m[34m[b_
[05:44:09.325] RX< ae0 proc] perf=976(us), max=1100(us)!
[05:44:09.325] RX< [0m[34m[awb0 proc] perf=3939(us), max=4022(us)!
[05:44:09.325] RX< [0m[34m[ME INTP]fid=7200, shutter=10110, perf=233(us), max=3834(us)!
[05:44:09.325] RX< [0m[RTMP] f_index = 7200, f_len = 13626
[05:44:09.325] RX< [7] [cam] [643749][me0][me_core_thread:359]ME out fid 7
[05:44:11.320] RX< 200
[05:44:11.320] RX< [34m[AE] fid=7230,exp=10110,adg=269,Y=4732,mtg=180,shg=100,bgbv=1584,iso=269,cnv2,hdr0
[05:44:11.320] RX< [0m[7] [cam] [644749][me0][me_core_thread:359]ME out fid 7230
[05:44:11.320] RX< [34m[AE] fid=7260,exp=10110,adg=269,Y=4733,mtg=180,shg=100,bgbv=1584,iso=269,cnv2,hdr0
[05:44:11.320] RX< [0m[7] [cam]
[05:44:12.294] RX<  [645749][me0][me_core_thread:359]ME out fid 7260
[05:44:12.294] RX< [34m[AE] fid=7290,exp=10110,adg=269,Y=4718,mtg=180,shg=100,bgbv=1580,iso=269,cnv2,hdr0
[05:44:12.294] RX< [0m[34m[b_ae0 proc] perf=967(us), max=2644(us)!
[05:44:12.294] RX< [0m[34m[awb0 proc] perf=3837(us), max=4024(us)!
[05:44:12.294] RX< [0m[RTMP] f_inde
[05:44:12.967] RX< x = 7290, f_len = 13414
[05:44:12.967] RX< [7] [cam] [646748][me0][me_core_thread:359]ME out fid 7290
[05:44:12.967] RX< [34m[awb0 proc] perf=8195(us), max=8195(us)!
[05:44:12.967] RX< [0m[4] [cam] [646826][qpc0][qpc_core_exception_check:405]discontinuous frame, now: 7303, last: 7301
[05:44:12.967] RX< [34m[AE] fid=7320,exp=101
[05:44:13.967] RX< 10,adg=269,Y=4715,mtg=180,shg=100,bgbv=1580,iso=269,cnv2,hdr0
[05:44:13.967] RX< [0m[34m[ME INTP]fid=7320, shutter=10110, perf=7(us), max=843(us)!
[05:44:13.967] RX< [0m[7] [cam] [647748][me0][me_core_thread:359]ME out fid 7320
[05:44:13.967] RX< [34m[awb0 proc] perf=6408(us), max=8195(us)!
[05:44:13.967] RX< [0m[34m[AE] fid
[05:44:14.400] RX< =7350,exp=10110,adg=269,Y=4715,mtg=180,shg=100,bgbv=1580,iso=269,cnv2,hdr0
[05:44:14.400] RX< [0m[7] [cam] [648748][me0][me_core_thread:359]ME out fid 7350
[05:44:14.400] RX< [34m[awb0 proc] perf=7425(us), max=7425(us)!
[05:44:14.400] RX< [0m[4] [cam] [648826][qpc0][qpc_core_exception_check:405]discontinuous 
[05:44:15.292] RX< frame, now: 7363, last: 7361
[05:44:15.292] RX< [34m[AE] fid=7380,exp=10110,adg=269,Y=4713,mtg=180,shg=100,bgbv=1580,iso=269,cnv2,hdr0
[05:44:15.292] RX< [0m[34m[b_ae0 proc] perf=975(us), max=3771(us)!
[05:44:15.292] RX< [0m[34m[awb0 proc] perf=3832(us), max=7425(us)!
[05:44:15.292] RX< [0m[RTMP] f_index = 7380, f_len = 840
[05:44:16.351] RX< 7
[05:44:16.351] RX< [7] [cam] [649748][me0][me_core_thread:359]ME out fid 7380
[05:44:16.351] RX< [34m[AE] fid=7410,exp=10110,adg=269,Y=4717,mtg=180,shg=100,bgbv=1580,iso=269,cnv2,hdr0
[05:44:16.351] RX< [0m[7] [cam] [650748][me0][me_core_thread:359]ME out fid 7410
[05:44:16.351] RX< [34m[awb0 proc] perf=7215(us), max=7215(us)
[05:44:17.067] RX< !
[05:44:17.067] RX< [0m[4] [cam] [650825][qpc0][qpc_core_exception_check:405]discontinuous frame, now: 7423, last: 7421
[05:44:17.067] RX< [34m[AE] fid=7440,exp=10110,adg=269,Y=4723,mtg=180,shg=100,bgbv=1580,iso=269,cnv2,hdr0
[05:44:17.067] RX< [0m[34m[ME INTP]fid=7440, shutter=10110, perf=6(us), max=857(us
[05:44:17.972] RX< )!
[05:44:17.972] RX< [0m[7] [cam] [651748][me0][me_core_thread:359]ME out fid 7440
[05:44:17.972] RX< [34m[awb0 proc] perf=6398(us), max=7215(us)!
[05:44:17.972] RX< [0m[4] [cam] [651825][qpc0][qpc_core_exception_check:405]discontinuous frame, now: 7453, last: 7451
[05:44:17.972] RX< [34m[AE] fid=7470,exp=10110,adg=269,Y=4730
[05:44:18.400] RX< ,mtg=180,shg=100,bgbv=1584,iso=269,cnv2,hdr0
[05:44:18.400] RX< [0m[34m[b_ae0 proc] perf=890(us), max=3561(us)!
[05:44:18.400] RX< [0m[34m[awb0 proc] perf=3922(us), max=6398(us)!
[05:44:18.400] RX< [0m[RTMP] f_index = 7470, f_len = 8696
[05:44:18.400] RX< [7] [cam] [652748][me0][me_core_thread:359]ME out fid 7470
[05:44:18.400] RX< [4] [cam] [
[05:44:19.967] RX< 652825][qpc0][qpc_core_exception_check:405]discontinuous frame, now: 7483, last: 7481
[05:44:19.967] RX< [34m[AE] fid=7500,exp=10110,adg=269,Y=4727,mtg=180,shg=100,bgbv=1584,iso=269,cnv2,hdr0
[05:44:19.967] RX< [0m[7] [cam] [653747][me0][me_core_thread:359]ME out fid 7500
[05:44:19.967] RX< [34m[AE] fid=7530,
[05:44:20.801] RX< exp=10110,adg=269,Y=4721,mtg=180,shg=100,bgbv=1580,iso=269,cnv2,hdr0
[05:44:20.801] RX< [0m[7] [cam] [654747][me0][me_core_thread:359]ME out fid 7530
[05:44:20.801] RX< [34m[awb0 proc] perf=8766(us), max=8766(us)!
[05:44:20.801] RX< [0m[4] [cam] [655227][qpc0][qpc_core_exception_check:405]discontinuous frame,
[05:44:21.069] RX<  now: 7555, last: 7553
[05:44:21.069] RX< [34m[AE] fid=7560,exp=9930,adg=288,Y=4269,mtg=180,shg=100,bgbv=1435,iso=288,cnv2,hdr0
[05:44:21.069] RX< [0m[34m[b_ae0 proc] perf=1028(us), max=1550(us)!
[05:44:21.069] RX< [0m[34m[awb0 proc] perf=4003(us), max=8766(us)!
[05:44:21.069] RX< [0m[34m[ME INTP]fid=7560, shutter=9930, pe
[05:44:21.400] RX< rf=3054(us), max=4908(us)!
[05:44:21.400] RX< [0m[RTMP] f_index = 7560, f_len = 22231
[05:44:21.400] RX< [7] [cam] [655747][me0][me_core_thread:359]ME out fid 7560
[05:44:21.400] RX< [34m[awb0 proc] perf=6858(us), max=6858(us)!
[05:44:21.400] RX< [0m[4] [cam] [655825][qpc0][qpc_core_exception_check:405]discontinuous frame, now:
[05:44:22.966] RX<  7573, last: 7571
[05:44:22.966] RX< [34m[AE] fid=7590,exp=9960,adg=275,Y=4522,mtg=180,shg=100,bgbv=1517,iso=275,cnv2,hdr0
[05:44:22.966] RX< [0m[7] [cam] [656747][me0][me_core_thread:359]ME out fid 7590
[05:44:22.966] RX< [34m[AE] fid=7620,exp=12160,adg=300,Y=4272,mtg=180,shg=100,bgbv=1128,iso=300,cnv2,hdr0
[05:44:24.279] RX< [0m[7] [cam] [657747][me0][me_core_thread:359]ME out fid 7620
[05:44:24.279] RX< [34m[AE] fid=7650,exp=9930,adg=275,Y=4699,mtg=180,shg=100,bgbv=1567,iso=275,cnv2,hdr0
[05:44:24.279] RX< [0m[34m[b_ae0 proc] perf=986(us), max=1144(us)!
[05:44:24.279] RX< [0m[34m[awb0 proc] perf=3962(us), max=6858(us)!
[05:44:24.279] RX< [0m[
[05:44:25.066] RX< RTMP] f_index = 7650, f_len = 14502
[05:44:25.066] RX< [7] [cam] [658747][me0][me_core_thread:359]ME out fid 7650
[05:44:25.066] RX< [34m[AE] fid=7680,exp=10110,adg=269,Y=4712,mtg=180,shg=100,bgbv=1576,iso=269,cnv2,hdr0
[05:44:25.066] RX< [0m[34m[ME INTP]fid=7680, shutter=10110, perf=6(us), max=7221(us)!
[05:44:25.066] RX< [0m
[05:44:25.965] RX< [7] [cam] [659747][me0][me_core_thread:359]ME out fid 7680
[05:44:25.965] RX< [34m[awb0 proc] perf=6383(us), max=6383(us)!
[05:44:25.965] RX< [0m[4] [cam] [659823][qpc0][qpc_core_exception_check:405]discontinuous frame, now: 7693, last: 7691
[05:44:25.965] RX< [34m[AE] fid=7710,exp=10110,adg=269,Y=4707,mtg=18
[05:44:26.969] RX< 0,shg=100,bgbv=1576,iso=269,cnv2,hdr0
[05:44:26.969] RX< [0m[7] [cam] [660746][me0][me_core_thread:359]ME out fid 7710
[05:44:26.969] RX< [34m[AE] fid=7740,exp=10110,adg=269,Y=4694,mtg=180,shg=100,bgbv=1572,iso=269,cnv2,hdr0
[05:44:26.969] RX< [0m[34m[b_ae0 proc] perf=956(us), max=2294(us)!
[05:44:26.969] RX< [0m[34m[awb0 p
[05:44:28.317] RX< roc] perf=3975(us), max=6383(us)!
[05:44:28.317] RX< [0m[RTMP] f_index = 7740, f_len = 13372
[05:44:28.317] RX< [7] [cam] [661746][me0][me_core_thread:359]ME out fid 7740
[05:44:28.317] RX< [34m[AE] fid=7770,exp=10110,adg=269,Y=4715,mtg=180,shg=100,bgbv=1580,iso=269,cnv2,hdr0
[05:44:28.317] RX< [0m[7] [cam] [662746][me0][me_cor
[05:44:29.352] RX< e_thread:359]ME out fid 7770
[05:44:29.352] RX< [34m[AE] fid=7800,exp=10110,adg=269,Y=4717,mtg=180,shg=100,bgbv=1580,iso=269,cnv2,hdr0
[05:44:29.352] RX< [0m[34m[ME INTP]fid=7800, shutter=10110, perf=6(us), max=3413(us)!
[05:44:29.352] RX< [0m[7] [cam] [663746][me0][me_core_thread:359]ME out fid 7800
[05:44:29.352] RX< [34m[a
[05:44:29.969] RX< wb0 proc] perf=6607(us), max=6607(us)!
[05:44:29.969] RX< [0m[4] [cam] [663825][qpc0][qpc_core_exception_check:405]discontinuous frame, now: 7813, last: 7811
[05:44:29.969] RX< [34m[AE] fid=7830,exp=10110,adg=269,Y=4722,mtg=180,shg=100,bgbv=1580,iso=269,cnv2,hdr0
[05:44:29.969] RX< [0m[34m[b_ae0 proc] perf=9
[05:44:30.964] RX< 79(us), max=3332(us)!
[05:44:30.964] RX< [0m[34m[awb0 proc] perf=3909(us), max=6607(us)!
[05:44:30.964] RX< [0m[RTMP] f_index = 7830, f_len = 15971
[05:44:30.964] RX< [7] [cam] [664746][me0][me_core_thread:359]ME out fid 7830
[05:44:30.964] RX< [34m[AE] fid=7860,exp=10110,adg=269,Y=4727,mtg=180,shg=100,bgbv=1584,iso=269,cnv2,
[05:44:31.964] RX< hdr0
[05:44:31.964] RX< [0m[7] [cam] [665746][me0][me_core_thread:359]ME out fid 7860
[05:44:31.964] RX< [4] [cam] [665823][qpc0][qpc_core_exception_check:405]discontinuous frame, now: 7873, last: 7871
[05:44:31.964] RX< [34m[AE] fid=7890,exp=9890,adg=275,Y=4652,mtg=180,shg=100,bgbv=1561,iso=275,cnv2,hdr0
[05:44:31.964] RX< [0m
[05:44:32.969] RX< [7] [cam] [666746][me0][me_core_thread:359]ME out fid 7890
[05:44:32.969] RX< [34m[awb0 proc] perf=6500(us), max=6500(us)!
[05:44:32.969] RX< [0m[4] [cam] [666823][qpc0][qpc_core_exception_check:405]discontinuous frame, now: 7903, last: 7901
[05:44:32.969] RX< [34m[AE] fid=7920,exp=10110,adg=269,Y=4707,mtg=18
[05:44:33.320] RX< 0,shg=100,bgbv=1576,iso=269,cnv2,hdr0
[05:44:33.320] RX< [0m[34m[b_ae0 proc] perf=956(us), max=2052(us)!
[05:44:33.320] RX< [0m[34m[awb0 proc] perf=3831(us), max=6500(us)!
[05:44:33.320] RX< [0m[34m[ME INTP]fid=7920, shutter=10110, perf=5(us), max=4548(us)!
[05:44:33.320] RX< [0m[RTMP] f_index = 7920, f_len = 16272
[05:44:33.320] RX< [7] [ca
[05:44:34.963] RX< m] [667746][me0][me_core_thread:359]ME out fid 7920
[05:44:34.963] RX< [34m[awb0 proc] perf=6501(us), max=6501(us)!
[05:44:34.963] RX< [0m[34m[AE] fid=7950,exp=10110,adg=269,Y=4741,mtg=180,shg=100,bgbv=1588,iso=269,cnv2,hdr0
[05:44:34.963] RX< [0m[7] [cam] [668745][me0][me_core_thread:359]ME out fid 7950
[05:44:34.963] RX< [3
[05:44:35.968] RX< 4m[AE] fid=7980,exp=10110,adg=282,Y=4826,mtg=180,shg=100,bgbv=1544,iso=282,cnv2,hdr0
[05:44:35.968] RX< [0m[7] [cam] [669745][me0][me_core_thread:359]ME out fid 7980
[05:44:35.968] RX< [34m[AE] fid=8010,exp=9930,adg=275,Y=4716,mtg=180,shg=100,bgbv=1575,iso=275,cnv2,hdr0
[05:44:35.968] RX< [0m[34m[b_ae0 proc]
[05:44:36.397] RX<  perf=1044(us), max=2435(us)!
[05:44:36.397] RX< [0m[34m[awb0 proc] perf=4005(us), max=6501(us)!
[05:44:36.397] RX< [0m[RTMP] f_index = 8010, f_len = 13984
[05:44:36.397] RX< [7] [cam] [670745][me0][me_core_thread:359]ME out fid 8010
[05:44:36.397] RX< [34m[awb0 proc] perf=6288(us), max=6288(us)!
[05:44:36.397] RX< [0m[4] [cam] [670823][qpc0][
[05:44:37.319] RX< qpc_core_exception_check:405]discontinuous frame, now: 8023, last: 8021
[05:44:37.319] RX< [34m[AE] fid=8040,exp=9930,adg=275,Y=4717,mtg=180,shg=100,bgbv=1575,iso=275,cnv2,hdr0
[05:44:37.319] RX< [0m[34m[ME INTP]fid=8040, shutter=9930, perf=6(us), max=6257(us)!
[05:44:37.319] RX< [0m[7] [cam] [671745][me0][m
[05:44:38.396] RX< e_core_thread:359]ME out fid 8040
[05:44:38.396] RX< [34m[AE] fid=8070,exp=10110,adg=269,Y=4714,mtg=180,shg=100,bgbv=1580,iso=269,cnv2,hdr0
[05:44:38.396] RX< [0m[7] [cam] [672745][me0][me_core_thread:359]ME out fid 8070
[05:44:38.396] RX< [4] [cam] [672822][qpc0][qpc_core_exception_check:405]discontinuous fra
[05:44:39.288] RX< me, now: 8083, last: 8081
[05:44:39.288] RX< [34m[AE] fid=8100,exp=10110,adg=269,Y=4740,mtg=180,shg=100,bgbv=1588,iso=269,cnv2,hdr0
[05:44:39.288] RX< [0m[34m[b_ae0 proc] perf=987(us), max=1818(us)!
[05:44:39.288] RX< [0m[34m[awb0 proc] perf=3941(us), max=6288(us)!
[05:44:39.288] RX< [0m[RTMP] f_index = 8100, f_len = 16125
[05:44:39.963] RX< [7] [cam] [673745][me0][me_core_thread:359]ME out fid 8100
[05:44:39.963] RX< [34m[awb0 proc] perf=6431(us), max=6431(us)!
[05:44:39.963] RX< [0m[4] [cam] [673822][qpc0][qpc_core_exception_check:405]discontinuous frame, now: 8113, last: 8111
[05:44:39.963] RX< [34m[AE] fid=8130,exp=10110,adg=269,Y=4736,mtg=18
[05:44:40.962] RX< 0,shg=100,bgbv=1584,iso=269,cnv2,hdr0
[05:44:40.962] RX< [0m[7] [cam] [674745][me0][me_core_thread:359]ME out fid 8130
[05:44:40.962] RX< [34m[awb0 proc] perf=6746(us), max=6746(us)!
[05:44:40.962] RX< [0m[4] [cam] [674822][qpc0][qpc_core_exception_check:405]discontinuous frame, now: 8143, last: 8141
[05:44:40.962] RX< [34m[AE
[05:44:41.966] RX< ] fid=8160,exp=10110,adg=269,Y=4726,mtg=180,shg=100,bgbv=1584,iso=269,cnv2,hdr0
[05:44:41.966] RX< [0m[34m[ME INTP]fid=8160, shutter=10110, perf=6(us), max=2105(us)!
[05:44:41.966] RX< [0m[7] [cam] [675744][me0][me_core_thread:359]ME out fid 8160
[05:44:41.966] RX< [34m[AE] fid=8190,exp=10110,adg=269,Y=4733,
[05:44:42.395] RX< mtg=180,shg=100,bgbv=1584,iso=269,cnv2,hdr0
[05:44:42.395] RX< [0m[34m[b_ae0 proc] perf=973(us), max=2457(us)!
[05:44:42.395] RX< [0m[34m[awb0 proc] perf=3982(us), max=6746(us)!
[05:44:42.395] RX< [0m[RTMP] f_index = 8190, f_len = 12963
[05:44:42.395] RX< [7] [cam] [676744][me0][me_core_thread:359]ME out fid 8190
[05:44:42.395] RX< [4] [cam] [
[05:44:43.345] RX< 676822][qpc0][qpc_core_exception_check:405]discontinuous frame, now: 8203, last: 8201
[05:44:43.345] RX< [34m[AE] fid=8220,exp=10110,adg=269,Y=4721,mtg=180,shg=100,bgbv=1580,iso=269,cnv2,hdr0
[05:44:43.345] RX< [0m[7] [cam] [677744][me0][me_core_thread:359]ME out fid 8220
[05:44:43.345] RX< [34m[awb0 proc] pe
[05:44:44.314] RX< rf=6673(us), max=6673(us)!
[05:44:44.314] RX< [0m[4] [cam] [677822][qpc0][qpc_core_exception_check:405]discontinuous frame, now: 8233, last: 8231
[05:44:44.314] RX< [34m[AE] fid=8250,exp=10070,adg=294,Y=4325,mtg=180,shg=100,bgbv=1431,iso=294,cnv2,hdr0
[05:44:44.314] RX< [0m[7] [cam] [678744][me0][me_core_thre
[05:44:45.066] RX< ad:359]ME out fid 8250
[05:44:45.066] RX< [34m[AE] fid=8280,exp=9930,adg=275,Y=4712,mtg=180,shg=100,bgbv=1571,iso=275,cnv2,hdr0
[05:44:45.066] RX< [0m[34m[b_ae0 proc] perf=1098(us), max=2486(us)!
[05:44:45.066] RX< [0m[34m[awb0 proc] perf=3937(us), max=6673(us)!
[05:44:45.066] RX< [0m[34m[ME INTP]fid=8280, shutter=9930, pe
[05:44:46.314] RX< rf=2678(us), max=5617(us)!
[05:44:46.314] RX< [0m[RTMP] f_index = 8280, f_len = 13603
[05:44:46.314] RX< [7] [cam] [679744][me0][me_core_thread:359]ME out fid 8280
[05:44:46.314] RX< [34m[AE] fid=8310,exp=10110,adg=269,Y=4731,mtg=180,shg=100,bgbv=1584,iso=269,cnv2,hdr0
[05:44:46.314] RX< [0m[7] [cam] [680744][me0][me_core_threa
[05:44:47.966] RX< d:359]ME out fid 8310
[05:44:47.966] RX< [34m[AE] fid=8340,exp=10110,adg=269,Y=4735,mtg=180,shg=100,bgbv=1584,iso=269,cnv2,hdr0
[05:44:47.966] RX< [0m[7] [cam] [681744][me0][me_core_thread:359]ME out fid 8340
[05:44:47.966] RX< [34m[awb0 proc] perf=6515(us), max=6515(us)!
[05:44:47.966] RX< [0m[34m[AE] fid=8370,exp=10110,adg=
[05:44:48.302] RX< 269,Y=4694,mtg=180,shg=100,bgbv=1572,iso=269,cnv2,hdr0
[05:44:48.302] RX< [0m[34m[b_ae0 proc] perf=977(us), max=2929(us)!
[05:44:48.302] RX< [0m[34m[awb0 proc] perf=3937(us), max=6515(us)!
[05:44:48.302] RX< [0m[RTMP] f_index = 8370, f_len = 13550
[05:44:48.302] RX< [7] [cam] [682743][me0][me_core_thread:359]ME out fid 8370
[05:44:49.061] RX< [34m[awb0 proc] perf=6901(us), max=6901(us)!
[05:44:49.061] RX< [0m[4] [cam] [682822][qpc0][qpc_core_exception_check:405]discontinuous frame, now: 8383, last: 8381
[05:44:49.061] RX< [34m[AE] fid=8400,exp=10110,adg=269,Y=4730,mtg=180,shg=100,bgbv=1584,iso=269,cnv2,hdr0
[05:44:49.061] RX< [0m[34m[ME INTP]fid
[05:44:50.313] RX< =8400, shutter=10110, perf=5(us), max=3244(us)!
[05:44:50.313] RX< [0m[7] [cam] [683743][me0][me_core_thread:359]ME out fid 8400
[05:44:50.313] RX< [34m[AE] fid=8430,exp=10110,adg=269,Y=4727,mtg=180,shg=100,bgbv=1584,iso=269,cnv2,hdr0
[05:44:50.313] RX< [0m[7] [cam] [684743][me0][me_core_thread:359]ME out fid
[05:44:51.286] RX<  8430
[05:44:51.286] RX< [34m[awb0 proc] perf=6413(us), max=6901(us)!
[05:44:51.286] RX< [0m[34m[AE] fid=8460,exp=10110,adg=269,Y=4721,mtg=180,shg=100,bgbv=1580,iso=269,cnv2,hdr0
[05:44:51.286] RX< [0m[34m[b_ae0 proc] perf=909(us), max=2182(us)!
[05:44:51.286] RX< [0m[34m[awb0 proc] perf=3828(us), max=6413(us)!
[05:44:51.286] RX< [0m[RTMP] 
[05:44:51.960] RX< f_index = 8460, f_len = 13190
[05:44:51.960] RX< [7] [cam] [685743][me0][me_core_thread:359]ME out fid 8460
[05:44:51.960] RX< [4] [cam] [685821][qpc0][qpc_core_exception_check:405]discontinuous frame, now: 8473, last: 8471
[05:44:51.960] RX< [34m[AE] fid=8490,exp=9890,adg=275,Y=4671,mtg=180,shg=100,bgbv=1565,i
[05:44:52.960] RX< so=275,cnv2,hdr0
[05:44:52.960] RX< [0m[7] [cam] [686743][me0][me_core_thread:359]ME out fid 8490
[05:44:52.960] RX< [34m[awb0 proc] perf=6760(us), max=6760(us)!
[05:44:52.960] RX< [0m[4] [cam] [686821][qpc0][qpc_core_exception_check:405]discontinuous frame, now: 8503, last: 8501
[05:44:52.960] RX< [34m[AE] fid=8520,exp=10110,
[05:44:53.966] RX< adg=269,Y=4704,mtg=180,shg=100,bgbv=1576,iso=269,cnv2,hdr0
[05:44:53.966] RX< [0m[34m[ME INTP]fid=8520, shutter=10110, perf=251(us), max=4321(us)!
[05:44:53.966] RX< [0m[7] [cam] [687743][me0][me_core_thread:359]ME out fid 8520
[05:44:53.966] RX< [34m[awb0 proc] perf=6551(us), max=6760(us)!
[05:44:53.966] RX< [0m[34m[AE] fid
[05:44:54.302] RX< =8550,exp=10110,adg=269,Y=4711,mtg=180,shg=100,bgbv=1576,iso=269,cnv2,hdr0
[05:44:54.302] RX< [0m[34m[b_ae0 proc] perf=979(us), max=1094(us)!
[05:44:54.302] RX< [0m[34m[awb0 proc] perf=4011(us), max=6551(us)!
[05:44:54.302] RX< [0m[RTMP] f_index = 8550, f_len = 13255
[05:44:54.302] RX< [7] [cam] [688743][me0][me_core_thread:
[05:44:55.393] RX< 359]ME out fid 8550
[05:44:55.393] RX< [34m[AE] fid=8580,exp=9890,adg=275,Y=4675,mtg=180,shg=100,bgbv=1568,iso=275,cnv2,hdr0
[05:44:55.393] RX< [0m[7] [cam] [689743][me0][me_core_thread:359]ME out fid 8580
[05:44:55.393] RX< [34m[awb0 proc] perf=6389(us), max=6389(us)!
[05:44:55.393] RX< [0m[4] [cam] [689820][qpc0][qpc_core_ex
[05:44:56.359] RX< ception_check:405]discontinuous frame, now: 8593, last: 8591
[05:44:56.359] RX< [34m[AE] fid=8610,exp=10110,adg=269,Y=4709,mtg=180,shg=100,bgbv=1576,iso=269,cnv2,hdr0
[05:44:56.359] RX< [0m[7] [cam] [690742][me0][me_core_thread:359]ME out fid 8610
[05:44:56.359] RX< [4] [cam] [690786][qpc0][qpc_core_exception_
[05:44:56.926] RX< check:411]interp not finish in sof, fid: 8621
[05:44:56.926] RX< [4] [cam] [690820][qpc0][qpc_core_exception_check:405]discontinuous frame, now: 8623, last: 8621
[05:44:56.926] RX< [4] [cam] [691298][qpc0][qpc_core_exception_check:411]interp not finish in sof, fid: 8636
[05:44:56.926] RX< [4] [cam] [691354][qpc0
[05:44:56.968] RX< ][qpc_core_exception_check:405]discontinuous frame, now: 8639, last: 8637
[05:44:56.968] RX< [34m[AE] fid=8640,exp=10070,adg=300,Y=3861,mtg=180,shg=100,bgbv=1280,iso=300,cnv2,hdr0
[05:44:56.968] RX< [0m[34m[b_ae0 proc] perf=991(us), max=1821(us)!
[05:44:56.968] RX< [0m[34m[awb0 proc] perf=3888(us), max=638
[05:44:57.959] RX< 9(us)!
[05:44:57.959] RX< [0m[34m[ME INTP]fid=8640, shutter=10070, perf=4754(us), max=34801(us)!
[05:44:57.959] RX< [0m[RTMP] f_index = 8640, f_len = 19617
[05:44:57.959] RX< [7] [cam] [691742][me0][me_core_thread:359]ME out fid 8640
[05:44:57.959] RX< [34m[AE] fid=8670,exp=10380,adg=300,Y=5168,mtg=179,shg=100,bgbv=1466,iso=30
[05:44:59.960] RX< 0,cnv2,hdr0
[05:44:59.960] RX< [0m[7] [cam] [692742][me0][me_core_thread:359]ME out fid 8670
[05:44:59.960] RX< [34m[AE] fid=8700,exp=9970,adg=294,Y=4878,mtg=180,shg=100,bgbv=1502,iso=294,cnv2,hdr0
[05:44:59.960] RX< [0m[7] [cam] [693742][me0][me_core_thread:359]ME out fid 8700
[05:45:00.302] RX< [34m[AE] fid=8730,exp=10070,adg=275,Y=4783,mtg=180,shg=100,bgbv=1551,iso=275,cnv2,hdr0
[05:45:00.302] RX< [0m[34m[b_ae0 proc] perf=986(us), max=1135(us)!
[05:45:00.302] RX< [0m[34m[awb0 proc] perf=3928(us), max=4304(us)!
[05:45:00.302] RX< [0m[RTMP] f_index = 8730, f_len = 13367
[05:45:00.302] RX< [7] [cam] [694742][me0][me
[05:45:01.346] RX< _core_thread:359]ME out fid 8730
[05:45:01.346] RX< [34m[AE] fid=8760,exp=9930,adg=275,Y=4695,mtg=180,shg=100,bgbv=1567,iso=275,cnv2,hdr0
[05:45:01.346] RX< [0m[34m[ME INTP]fid=8760, shutter=9930, perf=5(us), max=7369(us)!
[05:45:01.346] RX< [0m[7] [cam] [695742][me0][me_core_thread:359]ME out fid 8760
[05:45:01.346] RX< [34m
[05:45:02.311] RX< [awb0 proc] perf=6608(us), max=6608(us)!
[05:45:02.311] RX< [0m[4] [cam] [695819][qpc0][qpc_core_exception_check:405]discontinuous frame, now: 8773, last: 8771
[05:45:02.311] RX< [34m[AE] fid=8790,exp=9930,adg=275,Y=4703,mtg=180,shg=100,bgbv=1571,iso=275,cnv2,hdr0
[05:45:02.311] RX< [0m[7] [cam] [696742][me0]
[05:45:02.965] RX< [me_core_thread:359]ME out fid 8790
[05:45:02.965] RX< [4] [cam] [696820][qpc0][qpc_core_exception_check:405]discontinuous frame, now: 8803, last: 8801
[05:45:02.965] RX< [34m[AE] fid=8820,exp=9930,adg=275,Y=4712,mtg=180,shg=100,bgbv=1571,iso=275,cnv2,hdr0
[05:45:02.965] RX< [0m[34m[b_ae0 proc] perf=988(us), 
[05:45:03.391] RX< max=1349(us)!
[05:45:03.391] RX< [0m[34m[awb0 proc] perf=3934(us), max=6608(us)!
[05:45:03.391] RX< [0m[RTMP] f_index = 8820, f_len = 14283
[05:45:03.391] RX< [7] [cam] [697741][me0][me_core_thread:359]ME out fid 8820
[05:45:03.391] RX< [34m[awb0 proc] perf=6437(us), max=6437(us)!
[05:45:03.391] RX< [0m[4] [cam] [697818][qpc0][qpc_core_excepti
[05:45:04.342] RX< on_check:405]discontinuous frame, now: 8833, last: 8831
[05:45:04.342] RX< [34m[AE] fid=8850,exp=9930,adg=275,Y=4676,mtg=180,shg=100,bgbv=1563,iso=275,cnv2,hdr0
[05:45:04.342] RX< [0m[7] [cam] [698741][me0][me_core_thread:359]ME out fid 8850
[05:45:04.342] RX< [34m[awb0 proc] perf=6478(us), max=6478(us)!
[05:45:04.342] RX< [0m
[05:45:05.058] RX< [4] [cam] [698819][qpc0][qpc_core_exception_check:405]discontinuous frame, now: 8863, last: 8861
[05:45:05.058] RX< [34m[AE] fid=8880,exp=9930,adg=275,Y=4707,mtg=180,shg=100,bgbv=1571,iso=275,cnv2,hdr0
[05:45:05.058] RX< [0m[34m[ME INTP]fid=8880, shutter=9930, perf=233(us), max=2941(us)!
[05:45:05.058] RX< [
[05:45:05.963] RX< 0m[7] [cam] [699741][me0][me_core_thread:359]ME out fid 8880
[05:45:05.963] RX< [34m[awb0 proc] perf=6442(us), max=6478(us)!
[05:45:05.963] RX< [0m[4] [cam] [699819][qpc0][qpc_core_exception_check:405]discontinuous frame, now: 8893, last: 8891
[05:45:05.963] RX< [34m[AE] fid=8910,exp=9930,adg=275,Y=4715,mtg=1
[05:45:06.347] RX< 80,shg=100,bgbv=1575,iso=275,cnv2,hdr0
[05:45:06.347] RX< [0m[34m[b_ae0 proc] perf=1096(us), max=4485(us)!
[05:45:06.347] RX< [0m[34m[awb0 proc] perf=3937(us), max=6442(us)!
[05:45:06.347] RX< [0m[RTMP] f_index = 8910, f_len = 13254
[05:45:06.347] RX< [7] [cam] [700741][me0][me_core_thread:359]ME out fid 8910
[05:45:06.347] RX< [34m[awb0 proc
[05:45:07.310] RX< ] perf=6455(us), max=6455(us)!
[05:45:07.310] RX< [0m[4] [cam] [700819][qpc0][qpc_core_exception_check:405]discontinuous frame, now: 8923, last: 8921
[05:45:07.310] RX< [34m[AE] fid=8940,exp=9890,adg=275,Y=4670,mtg=180,shg=100,bgbv=1565,iso=275,cnv2,hdr0
[05:45:07.310] RX< [0m[7] [cam] [701741][me0][me_core_t
[05:45:08.309] RX< hread:359]ME out fid 8940
[05:45:08.309] RX< [4] [cam] [701818][qpc0][qpc_core_exception_check:405]discontinuous frame, now: 8953, last: 8951
[05:45:08.309] RX< [34m[AE] fid=8970,exp=9890,adg=275,Y=4661,mtg=180,shg=100,bgbv=1561,iso=275,cnv2,hdr0
[05:45:08.309] RX< [0m[7] [cam] [702741][me0][me_core_thread:359
[05:45:08.962] RX< ]ME out fid 8970
[05:45:08.962] RX< [4] [cam] [702819][qpc0][qpc_core_exception_check:405]discontinuous frame, now: 8983, last: 8981
[05:45:08.962] RX< [34m[AE] fid=9000,exp=9890,adg=275,Y=4649,mtg=180,shg=100,bgbv=1557,iso=275,cnv2,hdr0
[05:45:08.962] RX< [0m[34m[b_ae0 proc] perf=974(us), max=3516(us)!
[05:45:08.962] RX< [0m
[05:45:09.960] RX< [34m[awb0 proc] perf=4000(us), max=6455(us)!
[05:45:09.960] RX< [0m[34m[ME INTP]fid=9000, shutter=9890, perf=5(us), max=3837(us)!
[05:45:09.960] RX< [0m[RTMP] f_index = 9000, f_len = 13404
[05:45:09.960] RX< [7] [cam] [703741][me0][me_core_thread:359]ME out fid 9000
[05:45:09.960] RX< [34m[AE] fid=9030,exp=9890,adg=275,Y=4667
[05:45:10.957] RX< ,mtg=180,shg=100,bgbv=1565,iso=275,cnv2,hdr0
[05:45:10.957] RX< [0m[7] [cam] [704741][me0][me_core_thread:359]ME out fid 9030
[05:45:10.957] RX< [4] [cam] [704818][qpc0][qpc_core_exception_check:405]discontinuous frame, now: 9043, last: 9041
[05:45:10.957] RX< [34m[AE] fid=9060,exp=9890,adg=275,Y=4647,mtg=180,
[05:45:11.964] RX< shg=100,bgbv=1557,iso=275,cnv2,hdr0
[05:45:11.964] RX< [0m[7] [cam] [705740][me0][me_core_thread:359]ME out fid 9060
[05:45:11.964] RX< [34m[AE] fid=9090,exp=9890,adg=275,Y=4687,mtg=180,shg=100,bgbv=1568,iso=275,cnv2,hdr0
[05:45:11.964] RX< [0m[34m[b_ae0 proc] perf=979(us), max=3330(us)!
[05:45:11.964] RX< [0m[34m[awb0 proc
[05:45:12.390] RX< ] perf=4052(us), max=5041(us)!
[05:45:12.390] RX< [0m[RTMP] f_index = 9090, f_len = 13333
[05:45:12.390] RX< [7] [cam] [706740][me0][me_core_thread:359]ME out fid 9090
[05:45:12.390] RX< [34m[awb0 proc] perf=8378(us), max=8378(us)!
[05:45:12.390] RX< [0m[4] [cam] [706818][qpc0][qpc_core_exception_check:405]discontinuous frame, 
[05:45:13.389] RX< now: 9103, last: 9101
[05:45:13.389] RX< [34m[AE] fid=9120,exp=9890,adg=275,Y=4658,mtg=180,shg=100,bgbv=1561,iso=275,cnv2,hdr0
[05:45:13.389] RX< [0m[34m[ME INTP]fid=9120, shutter=9890, perf=21(us), max=3712(us)!
[05:45:13.389] RX< [0m[7] [cam] [707740][me0][me_core_thread:359]ME out fid 9120
[05:45:13.389] RX< [4] [cam] [7078
[05:45:14.389] RX< 18][qpc0][qpc_core_exception_check:405]discontinuous frame, now: 9133, last: 9131
[05:45:14.389] RX< [34m[AE] fid=9150,exp=9890,adg=275,Y=4658,mtg=180,shg=100,bgbv=1561,iso=275,cnv2,hdr0
[05:45:14.389] RX< [0m[7] [cam] [708740][me0][me_core_thread:359]ME out fid 9150
[05:45:14.389] RX< [RTMP] slow send frame 9
[05:45:15.283] RX< 151 len=70795 dt=88ms (IDR)
[05:45:15.283] RX< [34m[AE] fid=9180,exp=9890,adg=275,Y=4670,mtg=180,shg=100,bgbv=1565,iso=275,cnv2,hdr0
[05:45:15.283] RX< [0m[34m[b_ae0 proc] perf=1098(us), max=3930(us)!
[05:45:15.283] RX< [0m[34m[awb0 proc] perf=4051(us), max=8378(us)!
[05:45:15.283] RX< [0m[RTMP] f_index = 9180, f_len = 1312
[05:45:16.308] RX< 5
[05:45:16.308] RX< [7] [cam] [709740][me0][me_core_thread:359]ME out fid 9180
[05:45:16.308] RX< [4] [cam] [709817][qpc0][qpc_core_exception_check:405]discontinuous frame, now: 9193, last: 9191
[05:45:16.308] RX< [34m[AE] fid=9210,exp=9890,adg=275,Y=4656,mtg=180,shg=100,bgbv=1561,iso=275,cnv2,hdr0
[05:45:16.308] RX< [0m[7] [ca
[05:45:16.955] RX< m] [710740][me0][me_core_thread:359]ME out fid 9210
[05:45:16.955] RX< [34m[awb0 proc] perf=6534(us), max=6534(us)!
[05:45:16.955] RX< [0m[4] [cam] [710817][qpc0][qpc_core_exception_check:405]discontinuous frame, now: 9223, last: 9221
[05:45:16.955] RX< [34m[AE] fid=9240,exp=9890,adg=275,Y=4652,mtg=180,shg=10
[05:45:17.389] RX< 0,bgbv=1561,iso=275,cnv2,hdr0
[05:45:17.389] RX< [0m[34m[ME INTP]fid=9240, shutter=9890, perf=6(us), max=14155(us)!
[05:45:17.389] RX< [0m[7] [cam] [711740][me0][me_core_thread:359]ME out fid 9240
[05:45:17.389] RX< [34m[awb0 proc] perf=6468(us), max=6534(us)!
[05:45:17.389] RX< [0m[4] [cam] [711818][qpc0][qpc_core_exception_
[05:45:18.281] RX< check:405]discontinuous frame, now: 9253, last: 9251
[05:45:18.281] RX< [34m[AE] fid=9270,exp=9890,adg=275,Y=4687,mtg=180,shg=100,bgbv=1568,iso=275,cnv2,hdr0
[05:45:18.281] RX< [0m[34m[b_ae0 proc] perf=978(us), max=1240(us)!
[05:45:18.281] RX< [0m[34m[awb0 proc] perf=3949(us), max=6468(us)!
[05:45:18.281] RX< [0m[RTMP] f_in
[05:45:19.388] RX< dex = 9270, f_len = 13162
[05:45:19.388] RX< [7] [cam] [712739][me0][me_core_thread:359]ME out fid 9270
[05:45:19.388] RX< [34m[AE] fid=9300,exp=10110,adg=269,Y=4696,mtg=180,shg=100,bgbv=1572,iso=269,cnv2,hdr0
[05:45:19.388] RX< [0m[7] [cam] [713739][me0][me_core_thread:359]ME out fid 9300
[05:45:19.388] RX< [4] [cam] [713816][q
[05:45:20.339] RX< pc0][qpc_core_exception_check:405]discontinuous frame, now: 9313, last: 9311
[05:45:20.339] RX< [34m[AE] fid=9330,exp=9890,adg=275,Y=4660,mtg=180,shg=100,bgbv=1561,iso=275,cnv2,hdr0
[05:45:20.339] RX< [0m[7] [cam] [714739][me0][me_core_thread:359]ME out fid 9330
[05:45:20.339] RX< [34m[awb0 proc] perf=6482(us
[05:45:20.960] RX< ), max=6482(us)!
[05:45:20.960] RX< [0m[4] [cam] [714817][qpc0][qpc_core_exception_check:405]discontinuous frame, now: 9343, last: 9341
[05:45:20.960] RX< [34m[AE] fid=9360,exp=9890,adg=275,Y=4646,mtg=180,shg=100,bgbv=1557,iso=275,cnv2,hdr0
[05:45:20.960] RX< [0m[34m[b_ae0 proc] perf=985(us), max=2302(us)!
[05:45:21.345] RX< [0m[34m[awb0 proc] perf=3824(us), max=6482(us)!
[05:45:21.345] RX< [0m[34m[ME INTP]fid=9360, shutter=9890, perf=2106(us), max=7525(us)!
[05:45:21.345] RX< [0m[RTMP] f_index = 9360, f_len = 14458
[05:45:21.345] RX< [7] [cam] [715739][me0][me_core_thread:359]ME out fid 9360
[05:45:21.345] RX< [34m[awb0 proc] perf=6473(us), max
[05:45:22.307] RX< =6473(us)!
[05:45:22.307] RX< [0m[4] [cam] [715816][qpc0][qpc_core_exception_check:405]discontinuous frame, now: 9373, last: 9371
[05:45:22.307] RX< [34m[AE] fid=9390,exp=10110,adg=269,Y=4706,mtg=180,shg=100,bgbv=1576,iso=269,cnv2,hdr0
[05:45:22.307] RX< [0m[7] [cam] [716739][me0][me_core_thread:359]ME out fi
[05:45:23.307] RX< d 9390
[05:45:23.307] RX< [34m[awb0 proc] perf=6889(us), max=6889(us)!
[05:45:23.307] RX< [0m[4] [cam] [716815][qpc0][qpc_core_exception_check:405]discontinuous frame, now: 9403, last: 9401
[05:45:23.307] RX< [34m[AE] fid=9420,exp=9890,adg=275,Y=4661,mtg=180,shg=100,bgbv=1561,iso=275,cnv2,hdr0
[05:45:23.307] RX< [0m[7] [cam] [
[05:45:24.279] RX< 717739][me0][me_core_thread:359]ME out fid 9420
[05:45:24.279] RX< [34m[AE] fid=9450,exp=9890,adg=275,Y=4662,mtg=180,shg=100,bgbv=1561,iso=275,cnv2,hdr0
[05:45:24.279] RX< [0m[34m[b_ae0 proc] perf=1108(us), max=4198(us)!
[05:45:24.279] RX< [0m[34m[awb0 proc] perf=3951(us), max=6889(us)!
[05:45:24.279] RX< [0m[RTMP] f_index 
[05:45:24.954] RX< = 9450, f_len = 13574
[05:45:24.954] RX< [7] [cam] [718739][me0][me_core_thread:359]ME out fid 9450
[05:45:24.954] RX< [34m[awb0 proc] perf=6497(us), max=6497(us)!
[05:45:24.954] RX< [0m[4] [cam] [718816][qpc0][qpc_core_exception_check:405]discontinuous frame, now: 9463, last: 9461
[05:45:24.954] RX< [34m[AE] fid=9480,exp=10110
[05:45:25.387] RX< ,adg=269,Y=4701,mtg=180,shg=100,bgbv=1576,iso=269,cnv2,hdr0
[05:45:25.387] RX< [0m[34m[ME INTP]fid=9480, shutter=10110, perf=5(us), max=10893(us)!
[05:45:25.387] RX< [0m[7] [cam] [719738][me0][me_core_thread:359]ME out fid 9480
[05:45:25.387] RX< [34m[awb0 proc] perf=6606(us), max=6606(us)!
[05:45:25.387] RX< [0m[4] [cam] [71
[05:45:26.338] RX< 9816][qpc0][qpc_core_exception_check:405]discontinuous frame, now: 9493, last: 9491
[05:45:26.338] RX< [34m[AE] fid=9510,exp=9890,adg=275,Y=4676,mtg=180,shg=100,bgbv=1568,iso=275,cnv2,hdr0
[05:45:26.338] RX< [0m[7] [cam] [720738][me0][me_core_thread:359]ME out fid 9510
[05:45:26.338] RX< [34m[awb0 proc] perf=
[05:45:26.959] RX< 6447(us), max=6606(us)!
[05:45:26.959] RX< [0m[4] [cam] [720816][qpc0][qpc_core_exception_check:405]discontinuous frame, now: 9523, last: 9521
[05:45:26.959] RX< [34m[AE] fid=9540,exp=9890,adg=275,Y=4669,mtg=180,shg=100,bgbv=1565,iso=275,cnv2,hdr0
[05:45:26.959] RX< [0m[34m[b_ae0 proc] perf=981(us), max=1888
[05:45:27.954] RX< (us)!
[05:45:27.954] RX< [0m[34m[awb0 proc] perf=3948(us), max=6447(us)!
[05:45:27.954] RX< [0m[RTMP] f_index = 9540, f_len = 13413
[05:45:27.954] RX< [7] [cam] [721738][me0][me_core_thread:359]ME out fid 9540
[05:45:27.954] RX< [RTMP] slow send frame 9541 len=71079 dt=51ms (IDR)
[05:45:27.954] RX< [RTMP] slow send frame 9542 len=22732 dt=66ms
[05:45:27.954] RX< 
[05:45:28.387] RX< [34m[AE] fid=9570,exp=9890,adg=275,Y=4672,mtg=180,shg=100,bgbv=1565,iso=275,cnv2,hdr0
[05:45:28.387] RX< [0m[7] [cam] [722738][me0][me_core_thread:359]ME out fid 9570
[05:45:28.387] RX< [34m[awb0 proc] perf=6648(us), max=6648(us)!
[05:45:28.387] RX< [0m[4] [cam] [722816][qpc0][qpc_core_exception_check:405]dis
[05:45:29.294] RX< continuous frame, now: 9583, last: 9581
[05:45:29.294] RX< [34m[AE] fid=9600,exp=9890,adg=275,Y=4666,mtg=180,shg=100,bgbv=1565,iso=275,cnv2,hdr0
[05:45:29.294] RX< [0m[34m[ME INTP]fid=9600, shutter=9890, perf=1925(us), max=4425(us)!
[05:45:29.294] RX< [0m[7] [cam] [723738][me0][me_core_thread:359]ME out fid 
[05:45:29.960] RX< 9600
[05:45:29.960] RX< [34m[awb0 proc] perf=6518(us), max=6648(us)!
[05:45:29.960] RX< [0m[4] [cam] [723815][qpc0][qpc_core_exception_check:405]discontinuous frame, now: 9613, last: 9611
[05:45:29.960] RX< [34m[AE] fid=9630,exp=9890,adg=275,Y=4667,mtg=180,shg=100,bgbv=1565,iso=275,cnv2,hdr0
[05:45:29.960] RX< [0m[34m[b_ae0 p
[05:45:30.387] RX< roc] perf=976(us), max=2279(us)!
[05:45:30.387] RX< [0m[34m[awb0 proc] perf=3823(us), max=6518(us)!
[05:45:30.387] RX< [0m[RTMP] f_index = 9630, f_len = 13715
[05:45:30.387] RX< [7] [cam] [724738][me0][me_core_thread:359]ME out fid 9630
[05:45:30.387] RX< [34m[awb0 proc] perf=6488(us), max=6488(us)!
[05:45:30.387] RX< [0m[4] [cam] [724815][qpc
[05:45:31.953] RX< 0][qpc_core_exception_check:405]discontinuous frame, now: 9643, last: 9641
[05:45:31.953] RX< [34m[AE] fid=9660,exp=9890,adg=275,Y=4662,mtg=180,shg=100,bgbv=1561,iso=275,cnv2,hdr0
[05:45:31.953] RX< [0m[7] [cam] [725738][me0][me_core_thread:359]ME out fid 9660
[05:45:31.953] RX< [34m[AE] fid=9690,exp=9890,adg
[05:45:32.957] RX< =275,Y=4668,mtg=180,shg=100,bgbv=1565,iso=275,cnv2,hdr0
[05:45:32.957] RX< [0m[7] [cam] [726738][me0][me_core_thread:359]ME out fid 9690
[05:45:32.957] RX< [34m[AE] fid=9720,exp=9890,adg=275,Y=4675,mtg=180,shg=100,bgbv=1568,iso=275,cnv2,hdr0
[05:45:32.957] RX< [0m[34m[b_ae0 proc] perf=981(us), max=3172(us)!
[05:45:33.340] RX< 
[05:45:33.340] RX< [0m[34m[awb0 proc] perf=3850(us), max=6488(us)!
[05:45:33.340] RX< [0m[34m[ME INTP]fid=9720, shutter=9890, perf=234(us), max=3748(us)!
[05:45:33.340] RX< [0m[RTMP] f_index = 9720, f_len = 13420
[05:45:33.340] RX< [7] [cam] [727737][me0][me_core_thread:359]ME out fid 9720
[05:45:33.340] RX< [34m[awb0 proc] perf=6533(us), max
[05:45:34.305] RX< =6533(us)!
[05:45:34.305] RX< [0m[4] [cam] [727815][qpc0][qpc_core_exception_check:405]discontinuous frame, now: 9733, last: 9731
[05:45:34.305] RX< [34m[AE] fid=9750,exp=10110,adg=269,Y=4697,mtg=180,shg=100,bgbv=1572,iso=269,cnv2,hdr0
[05:45:34.305] RX< [0m[7] [cam] [728737][me0][me_core_thread:359]ME out fi
[05:45:35.956] RX< d 9750
[05:45:35.956] RX< [4] [cam] [728815][qpc0][qpc_core_exception_check:405]discontinuous frame, now: 9763, last: 9761
[05:45:35.956] RX< [34m[AE] fid=9780,exp=9890,adg=275,Y=4680,mtg=180,shg=100,bgbv=1568,iso=275,cnv2,hdr0
[05:45:35.956] RX< [0m[7] [cam] [729737][me0][me_core_thread:359]ME out fid 9780
[05:45:35.956] RX< [
[05:45:36.292] RX< 34m[AE] fid=9810,exp=9890,adg=275,Y=4665,mtg=180,shg=100,bgbv=1565,iso=275,cnv2,hdr0
[05:45:36.292] RX< [0m[34m[b_ae0 proc] perf=978(us), max=3527(us)!
[05:45:36.292] RX< [0m[34m[awb0 proc] perf=3973(us), max=6533(us)!
[05:45:36.292] RX< [0m[RTMP] f_index = 9810, f_len = 12911
[05:45:36.292] RX< [7] [cam] [730737][me0][me_co
[05:45:36.951] RX< re_thread:359]ME out fid 9810
[05:45:36.951] RX< [34m[awb0 proc] perf=7018(us), max=7018(us)!
[05:45:36.951] RX< [0m[4] [cam] [730814][qpc0][qpc_core_exception_check:405]discontinuous frame, now: 9823, last: 9821
[05:45:36.951] RX< [34m[AE] fid=9840,exp=9890,adg=275,Y=4672,mtg=180,shg=100,bgbv=1565,iso=275,cn
[05:45:37.386] RX< v2,hdr0
[05:45:37.386] RX< [0m[34m[ME INTP]fid=9840, shutter=9890, perf=6(us), max=3685(us)!
[05:45:37.386] RX< [0m[7] [cam] [731737][me0][me_core_thread:359]ME out fid 9840
[05:45:37.386] RX< [34m[awb0 proc] perf=7542(us), max=7542(us)!
[05:45:37.386] RX< [0m[4] [cam] [731814][qpc0][qpc_core_exception_check:405]discontinuous
[05:45:38.956] RX<  frame, now: 9853, last: 9851
[05:45:38.956] RX< [34m[AE] fid=9870,exp=9890,adg=275,Y=4677,mtg=180,shg=100,bgbv=1568,iso=275,cnv2,hdr0
[05:45:38.956] RX< [0m[7] [cam] [732737][me0][me_core_thread:359]ME out fid 9870
[05:45:38.956] RX< [34m[AE] fid=9900,exp=9890,adg=275,Y=4641,mtg=180,shg=100,bgbv=1557,iso=275
[05:45:39.952] RX< ,cnv2,hdr0
[05:45:39.952] RX< [0m[34m[b_ae0 proc] perf=973(us), max=4006(us)!
[05:45:39.952] RX< [0m[34m[awb0 proc] perf=3942(us), max=7542(us)!
[05:45:39.952] RX< [0m[RTMP] f_index = 9900, f_len = 20578
[05:45:39.952] RX< [7] [cam] [733737][me0][me_core_thread:359]ME out fid 9900
[05:45:39.952] RX< [34m[AE] fid=9930,exp=9890,adg=275,Y=4638,m
[05:45:41.052] RX< tg=180,shg=100,bgbv=1557,iso=275,cnv2,hdr0
[05:45:41.052] RX< [0m[7] [cam] [734736][me0][me_core_thread:359]ME out fid 9930
[05:45:41.052] RX< [34m[AE] fid=9960,exp=9890,adg=275,Y=4673,mtg=180,shg=100,bgbv=1565,iso=275,cnv2,hdr0
[05:45:41.052] RX< [0m[34m[ME INTP]fid=9960, shutter=9890, perf=6(us), max=1985(
[05:45:41.956] RX< us)!
[05:45:41.956] RX< [0m[7] [cam] [735736][me0][me_core_thread:359]ME out fid 9960
[05:45:41.956] RX< [34m[AE] fid=9990,exp=9890,adg=275,Y=4684,mtg=180,shg=100,bgbv=1568,iso=275,cnv2,hdr0
[05:45:41.956] RX< [0m[34m[b_ae0 proc] perf=979(us), max=2274(us)!
[05:45:41.956] RX< [0m[34m[awb0 proc] perf=3813(us), max=4048(us)!
[05:45:43.951] RX< [0m[RTMP] f_index = 9990, f_len = 20781
[05:45:43.951] RX< [7] [cam] [736736][me0][me_core_thread:359]ME out fid 9990
[05:45:43.951] RX< [34m[AE] fid=10020,exp=9890,adg=275,Y=4675,mtg=180,shg=100,bgbv=1568,iso=275,cnv2,hdr0
[05:45:43.951] RX< [0m[7] [cam] [737736][me0][me_core_thread:359]ME out fid 10020
[05:45:43.951] RX< [34
[05:45:44.955] RX< m[AE] fid=10050,exp=9890,adg=275,Y=4646,mtg=180,shg=100,bgbv=1557,iso=275,cnv2,hdr0
[05:45:44.955] RX< [0m[7] [cam] [738736][me0][me_core_thread:359]ME out fid 10050
[05:45:44.955] RX< [34m[AE] fid=10080,exp=9890,adg=275,Y=4645,mtg=180,shg=100,bgbv=1557,iso=275,cnv2,hdr0
[05:45:44.955] RX< [0m[34m[b_ae0 proc
[05:45:45.950] RX< ] perf=1085(us), max=4110(us)!
[05:45:45.950] RX< [0m[34m[awb0 proc] perf=3964(us), max=5530(us)!
[05:45:45.950] RX< [0m[34m[ME INTP]fid=10080, shutter=9890, perf=5(us), max=2252(us)!
[05:45:45.950] RX< [0m[RTMP] f_index = 10080, f_len = 20570
[05:45:45.950] RX< [7] [cam] [739736][me0][me_core_thread:359]ME out fid 10080
[05:45:45.950] RX< [3
[05:45:47.301] RX< 4m[AE] fid=10110,exp=9890,adg=275,Y=4640,mtg=180,shg=100,bgbv=1557,iso=275,cnv2,hdr0
[05:45:47.301] RX< [0m[7] [cam] [740736][me0][me_core_thread:359]ME out fid 10110
[05:45:47.301] RX< [34m[AE] fid=10140,exp=9890,adg=275,Y=4646,mtg=180,shg=100,bgbv=1557,iso=275,cnv2,hdr0
[05:45:47.301] RX< [0m[7] [cam] [7417
[05:45:48.275] RX< 35][me0][me_core_thread:359]ME out fid 10140
[05:45:48.275] RX< [34m[AE] fid=10170,exp=9890,adg=275,Y=4646,mtg=180,shg=100,bgbv=1557,iso=275,cnv2,hdr0
[05:45:48.275] RX< [0m[34m[b_ae0 proc] perf=968(us), max=1892(us)!
[05:45:48.275] RX< [0m[34m[awb0 proc] perf=3935(us), max=5973(us)!
[05:45:48.275] RX< [0m[RTMP] f_index = 1
[05:45:49.290] RX< 0170, f_len = 8911
[05:45:49.290] RX< [7] [cam] [742735][me0][me_core_thread:359]ME out fid 10170
[05:45:49.290] RX< [34m[AE] fid=10200,exp=9890,adg=275,Y=4638,mtg=180,shg=100,bgbv=1557,iso=275,cnv2,hdr0
[05:45:49.290] RX< [0m[34m[ME INTP]fid=10200, shutter=9890, perf=5(us), max=2425(us)!
[05:45:49.290] RX< [0m[7] [cam] [74373
[05:45:50.392] RX< 5][me0][me_core_thread:359]ME out fid 10200
[05:45:50.392] RX< [34m[AE] fid=10230,exp=9890,adg=275,Y=4649,mtg=180,shg=100,bgbv=1557,iso=275,cnv2,hdr0
[05:45:50.392] RX< [0m[7] [cam] [744735][me0][me_core_thread:359]ME out fid 10230
[05:45:50.392] RX< [34m[awb0 proc] perf=7740(us), max=7740(us)!
[05:45:50.392] RX< [0m[4] [cam] 
[05:45:50.961] RX< [744822][qpc0][qpc_core_exception_check:405]discontinuous frame, now: 10243, last: 10241
[05:45:50.961] RX< [34m[AE] fid=10260,exp=10070,adg=275,Y=4793,mtg=180,shg=100,bgbv=1555,iso=275,cnv2,hdr0
[05:45:50.961] RX< [0m[34m[b_ae0 proc] perf=1014(us), max=3502(us)!
[05:45:50.961] RX< [0m[34m[awb0 proc] perf=
[05:45:51.553] RX< 3960(us), max=7740(us)!
[05:45:51.553] RX< [0m[RTMP] f_index = 10260, f_len = 30267
[05:45:51.553] RX< [7] [cam] [745735][me0][me_core_thread:359]ME out fid 10260
[05:45:51.553] RX< [RTMP] slow send frame 10264 len=36505 dt=86ms
[05:45:51.553] RX< [4] [cam] [745982][qpc0][qpc_core_exception_check:411]interp not finish in sof, fid
[05:45:52.290] RX< : 10276
[05:45:52.290] RX< [4] [cam] [746012][qpc0][qpc_core_exception_check:405]discontinuous frame, now: 10279, last: 10276
[05:45:52.290] RX< [34m[AE] fid=10290,exp=10040,adg=275,Y=4663,mtg=180,shg=100,bgbv=1546,iso=275,cnv2,hdr0
[05:45:52.290] RX< [0m[7] [cam] [746735][me0][me_core_thread:359]ME out fid 10
[05:45:53.050] RX< 290
[05:45:53.050] RX< [4] [cam] [746812][qpc0][qpc_core_exception_check:405]discontinuous frame, now: 10303, last: 10301
[05:45:53.050] RX< [34m[AE] fid=10320,exp=9960,adg=275,Y=4687,mtg=180,shg=100,bgbv=1560,iso=275,cnv2,hdr0
[05:45:53.050] RX< [0m[34m[ME INTP]fid=10320, shutter=9960, perf=22(us), max=17222
[05:45:53.953] RX< (us)!
[05:45:53.953] RX< [0m[7] [cam] [747735][me0][me_core_thread:359]ME out fid 10320
[05:45:53.953] RX< [34m[AE] fid=10350,exp=9960,adg=275,Y=4685,mtg=180,shg=100,bgbv=1560,iso=275,cnv2,hdr0
[05:45:53.953] RX< [0m[34m[b_ae0 proc] perf=1090(us), max=1315(us)!
[05:45:53.953] RX< [0m[34m[awb0 proc] perf=3960(us), max=4259(u
[05:45:54.948] RX< s)!
[05:45:54.948] RX< [0m[RTMP] f_index = 10350, f_len = 13408
[05:45:54.948] RX< [7] [cam] [748735][me0][me_core_thread:359]ME out fid 10350
[05:45:54.948] RX< [34m[awb0 proc] perf=6453(us), max=6453(us)!
[05:45:54.948] RX< [0m[4] [cam] [748812][qpc0][qpc_core_exception_check:405]discontinuous frame, now: 10363, last: 10361
[05:45:54.948] RX< 
[05:45:55.382] RX< [34m[AE] fid=10380,exp=9930,adg=275,Y=4671,mtg=180,shg=100,bgbv=1560,iso=275,cnv2,hdr0
[05:45:55.382] RX< [0m[7] [cam] [749734][me0][me_core_thread:359]ME out fid 10380
[05:45:55.382] RX< [34m[awb0 proc] perf=6730(us), max=6730(us)!
[05:45:55.382] RX< [0m[4] [cam] [749812][qpc0][qpc_core_exception_check:405]d
[05:45:56.382] RX< iscontinuous frame, now: 10393, last: 10391
[05:45:56.382] RX< [34m[AE] fid=10410,exp=9930,adg=275,Y=4670,mtg=180,shg=100,bgbv=1560,iso=275,cnv2,hdr0
[05:45:56.382] RX< [0m[7] [cam] [750734][me0][me_core_thread:359]ME out fid 10410
[05:45:56.382] RX< [34m[awb0 proc] perf=7342(us), max=7342(us)!
[05:45:56.382] RX< [0m[4] [cam] 
[05:45:56.953] RX< [750812][qpc0][qpc_core_exception_check:405]discontinuous frame, now: 10423, last: 10421
[05:45:56.953] RX< [34m[AE] fid=10440,exp=9930,adg=275,Y=4669,mtg=180,shg=100,bgbv=1560,iso=275,cnv2,hdr0
[05:45:56.953] RX< [0m[34m[b_ae0 proc] perf=967(us), max=3145(us)!
[05:45:56.953] RX< [0m[34m[awb0 proc] perf=39
[05:45:57.948] RX< 25(us), max=7342(us)!
[05:45:57.948] RX< [0m[34m[ME INTP]fid=10440, shutter=9930, perf=1997(us), max=3445(us)!
[05:45:57.948] RX< [0m[RTMP] f_index = 10440, f_len = 13751
[05:45:57.948] RX< [7] [cam] [751734][me0][me_core_thread:359]ME out fid 10440
[05:45:57.948] RX< [34m[AE] fid=10470,exp=9930,adg=275,Y=4672,mtg=180,shg=100,
[05:45:59.300] RX< bgbv=1560,iso=275,cnv2,hdr0
[05:45:59.300] RX< [0m[7] [cam] [752734][me0][me_core_thread:359]ME out fid 10470
[05:45:59.300] RX< [34m[awb0 proc] perf=7007(us), max=7007(us)!
[05:45:59.300] RX< [0m[34m[AE] fid=10500,exp=9930,adg=275,Y=4667,mtg=180,shg=100,bgbv=1560,iso=275,cnv2,hdr0
[05:45:59.300] RX< [0m[7] [cam] [753734][me0
[05:46:00.272] RX< ][me_core_thread:359]ME out fid 10500
[05:46:00.272] RX< [34m[AE] fid=10530,exp=9930,adg=275,Y=4669,mtg=180,shg=100,bgbv=1560,iso=275,cnv2,hdr0
[05:46:00.272] RX< [0m[34m[b_ae0 proc] perf=967(us), max=2095(us)!
[05:46:00.272] RX< [0m[34m[awb0 proc] perf=3923(us), max=7007(us)!
[05:46:00.272] RX< [0m[RTMP] f_index = 10530, f
[05:46:00.947] RX< _len = 20811
[05:46:00.947] RX< [7] [cam] [754734][me0][me_core_thread:359]ME out fid 10530
[05:46:00.947] RX< [34m[awb0 proc] perf=6099(us), max=6099(us)!
[05:46:00.947] RX< [0m[4] [cam] [755045][qpc0][qpc_core_exception_check:405]discontinuous frame, now: 10550, last: 10548
[05:46:00.947] RX< [34m[AE] fid=10560,exp=9960,adg=2
[05:46:01.948] RX< 75,Y=4661,mtg=180,shg=100,bgbv=1553,iso=275,cnv2,hdr0
[05:46:01.948] RX< [0m[34m[ME INTP]fid=10560, shutter=9960, perf=1982(us), max=9154(us)!
[05:46:01.948] RX< [0m[7] [cam] [755734][me0][me_core_thread:359]ME out fid 10560
[05:46:01.948] RX< [34m[AE] fid=10590,exp=11040,adg=300,Y=4286,mtg=180,shg=100,bgbv=
[05:46:02.952] RX< 1262,iso=300,cnv2,hdr0
[05:46:02.952] RX< [0m[7] [cam] [756733][me0][me_core_thread:359]ME out fid 10590
[05:46:02.952] RX< [34m[AE] fid=10620,exp=10090,adg=300,Y=4395,mtg=180,shg=100,bgbv=1358,iso=300,cnv2,hdr0
[05:46:02.952] RX< [0m[34m[b_ae0 proc] perf=1090(us), max=4484(us)!
[05:46:02.952] RX< [0m[34m[awb0 proc] perf=39
[05:46:04.299] RX< 88(us), max=6099(us)!
[05:46:04.299] RX< [0m[RTMP] f_index = 10620, f_len = 20710
[05:46:04.299] RX< [7] [cam] [757733][me0][me_core_thread:359]ME out fid 10620
[05:46:04.299] RX< [34m[AE] fid=10650,exp=10830,adg=300,Y=4947,mtg=180,shg=100,bgbv=1397,iso=300,cnv2,hdr0
[05:46:04.299] RX< [0m[7] [cam] [758733][me0][me_core_thread:
[05:46:05.951] RX< 359]ME out fid 10650
[05:46:05.951] RX< [34m[AE] fid=10680,exp=10630,adg=300,Y=4501,mtg=180,shg=100,bgbv=1349,iso=300,cnv2,hdr0
[05:46:05.951] RX< [0m[34m[ME INTP]fid=10680, shutter=10630, perf=2069(us), max=8280(us)!
[05:46:05.951] RX< [0m[7] [cam] [759733][me0][me_core_thread:359]ME out fid 10680
[05:46:05.951] RX< [34m[AE]
[05:46:06.288] RX<  fid=10710,exp=10070,adg=294,Y=4690,mtg=180,shg=100,bgbv=1453,iso=294,cnv2,hdr0
[05:46:06.288] RX< [0m[34m[b_ae0 proc] perf=979(us), max=1117(us)!
[05:46:06.288] RX< [0m[34m[awb0 proc] perf=3972(us), max=4071(us)!
[05:46:06.288] RX< [0m[RTMP] f_index = 10710, f_len = 15963
[05:46:06.288] RX< [7] [cam] [760733][me0][me_core_t
[05:46:07.949] RX< hread:359]ME out fid 10710
[05:46:07.949] RX< [34m[AE] fid=10740,exp=10430,adg=300,Y=4135,mtg=180,shg=100,bgbv=1292,iso=300,cnv2,hdr0
[05:46:07.949] RX< [0m[7] [cam] [761733][me0][me_core_thread:359]ME out fid 10740
[05:46:07.949] RX< [34m[AE] fid=10770,exp=10110,adg=275,Y=4740,mtg=180,shg=100,bgbv=1548,iso=2
[05:46:08.951] RX< 75,cnv2,hdr0
[05:46:08.951] RX< [0m[7] [cam] [762733][me0][me_core_thread:359]ME out fid 10770
[05:46:08.951] RX< [34m[AE] fid=10800,exp=9960,adg=275,Y=4681,mtg=180,shg=100,bgbv=1560,iso=275,cnv2,hdr0
[05:46:08.951] RX< [0m[34m[b_ae0 proc] perf=979(us), max=1144(us)!
[05:46:08.951] RX< [0m[34m[awb0 proc] perf=3935(us), max=
[05:46:09.946] RX< 4090(us)!
[05:46:09.946] RX< [0m[34m[ME INTP]fid=10800, shutter=9960, perf=6(us), max=6786(us)!
[05:46:09.946] RX< [0m[RTMP] f_index = 10800, f_len = 16498
[05:46:09.946] RX< [7] [cam] [763732][me0][me_core_thread:359]ME out fid 10800
[05:46:09.946] RX< [34m[awb0 proc] perf=6564(us), max=6564(us)!
[05:46:09.946] RX< [0m[34m[AE] fid=10830,exp=9
[05:46:10.945] RX< 960,adg=275,Y=4680,mtg=180,shg=100,bgbv=1560,iso=275,cnv2,hdr0
[05:46:10.945] RX< [0m[7] [cam] [764732][me0][me_core_thread:359]ME out fid 10830
[05:46:10.945] RX< [4] [cam] [764810][qpc0][qpc_core_exception_check:405]discontinuous frame, now: 10843, last: 10841
[05:46:10.945] RX< [34m[AE] fid=10860,exp=9960,a
[05:46:11.950] RX< dg=275,Y=4679,mtg=180,shg=100,bgbv=1560,iso=275,cnv2,hdr0
[05:46:11.950] RX< [0m[7] [cam] [765732][me0][me_core_thread:359]ME out fid 10860
[05:46:11.950] RX< [34m[AE] fid=10890,exp=9960,adg=275,Y=4678,mtg=180,shg=100,bgbv=1560,iso=275,cnv2,hdr0
[05:46:11.950] RX< [0m[34m[b_ae0 proc] perf=976(us), max=3307(u
[05:46:12.379] RX< s)!
[05:46:12.379] RX< [0m[34m[awb0 proc] perf=3809(us), max=6564(us)!
[05:46:12.379] RX< [0m[RTMP] f_index = 10890, f_len = 16608
[05:46:12.379] RX< [7] [cam] [766732][me0][me_core_thread:359]ME out fid 10890
[05:46:12.379] RX< [34m[awb0 proc] perf=6449(us), max=6449(us)!
[05:46:12.379] RX< [0m[4] [cam] [766810][qpc0][qpc_core_exception_check
[05:46:13.286] RX< :405]discontinuous frame, now: 10903, last: 10901
[05:46:13.286] RX< [34m[AE] fid=10920,exp=9960,adg=275,Y=4681,mtg=180,shg=100,bgbv=1560,iso=275,cnv2,hdr0
[05:46:13.286] RX< [0m[34m[ME INTP]fid=10920, shutter=9960, perf=7(us), max=7(us)!
[05:46:13.286] RX< [0m[7] [cam] [767732][me0][me_core_thread:359]ME ou
[05:46:14.949] RX< t fid 10920
[05:46:14.949] RX< [34m[AE] fid=10950,exp=9960,adg=275,Y=4681,mtg=180,shg=100,bgbv=1560,iso=275,cnv2,hdr0
[05:46:14.949] RX< [0m[7] [cam] [768732][me0][me_core_thread:359]ME out fid 10950
[05:46:14.949] RX< [34m[AE] fid=10980,exp=9930,adg=275,Y=4664,mtg=180,shg=100,bgbv=1560,iso=275,cnv2,hdr0
[05:46:14.949] RX< [0m
[05:46:15.378] RX< [34m[b_ae0 proc] perf=949(us), max=1090(us)!
[05:46:15.378] RX< [0m[34m[awb0 proc] perf=3932(us), max=6449(us)!
[05:46:15.378] RX< [0m[RTMP] f_index = 10980, f_len = 13350
[05:46:15.378] RX< [7] [cam] [769732][me0][me_core_thread:359]ME out fid 10980
[05:46:15.378] RX< [34m[awb0 proc] perf=6932(us), max=6932(us)!
[05:46:15.378] RX< [0m[4] [ca
[05:46:16.329] RX< m] [769809][qpc0][qpc_core_exception_check:405]discontinuous frame, now: 10993, last: 10991
[05:46:16.329] RX< [34m[AE] fid=11010,exp=9930,adg=275,Y=4669,mtg=180,shg=100,bgbv=1560,iso=275,cnv2,hdr0
[05:46:16.329] RX< [0m[7] [cam] [770732][me0][me_core_thread:359]ME out fid 11010
[05:46:16.329] RX< [34m[awb0 p
[05:46:17.044] RX< roc] perf=6473(us), max=6932(us)!
[05:46:17.044] RX< [0m[4] [cam] [770808][qpc0][qpc_core_exception_check:405]discontinuous frame, now: 11023, last: 11021
[05:46:17.044] RX< [34m[AE] fid=11040,exp=9930,adg=275,Y=4672,mtg=180,shg=100,bgbv=1560,iso=275,cnv2,hdr0
[05:46:17.044] RX< [0m[34m[ME INTP]fid=11040, sh
[05:46:17.950] RX< utter=9930, perf=5(us), max=1240(us)!
[05:46:17.950] RX< [0m[7] [cam] [771731][me0][me_core_thread:359]ME out fid 11040
[05:46:17.950] RX< [34m[awb0 proc] perf=6231(us), max=6473(us)!
[05:46:17.950] RX< [0m[4] [cam] [771809][qpc0][qpc_core_exception_check:405]discontinuous frame, now: 11053, last: 11051
[05:46:17.950] RX< [34m
[05:46:18.286] RX< [AE] fid=11070,exp=9930,adg=275,Y=4671,mtg=180,shg=100,bgbv=1560,iso=275,cnv2,hdr0
[05:46:18.286] RX< [0m[34m[b_ae0 proc] perf=949(us), max=4427(us)!
[05:46:18.286] RX< [0m[34m[awb0 proc] perf=3939(us), max=6231(us)!
[05:46:18.286] RX< [0m[RTMP] f_index = 11070, f_len = 13564
[05:46:18.286] RX< [7] [cam] [772731][me0][me_cor
[05:46:18.944] RX< e_thread:359]ME out fid 11070
[05:46:18.944] RX< [34m[awb0 proc] perf=6527(us), max=6527(us)!
[05:46:18.944] RX< [0m[4] [cam] [772809][qpc0][qpc_core_exception_check:405]discontinuous frame, now: 11083, last: 11081
[05:46:18.944] RX< [34m[AE] fid=11100,exp=9930,adg=275,Y=4668,mtg=180,shg=100,bgbv=1560,iso=275
[05:46:19.944] RX< ,cnv2,hdr0
[05:46:19.944] RX< [0m[7] [cam] [773731][me0][me_core_thread:359]ME out fid 11100
[05:46:19.944] RX< [34m[awb0 proc] perf=6439(us), max=6527(us)!
[05:46:19.944] RX< [0m[4] [cam] [773809][qpc0][qpc_core_exception_check:405]discontinuous frame, now: 11113, last: 11111
[05:46:19.944] RX< [34m[AE] fid=11130,exp=9930,adg
[05:46:20.949] RX< =275,Y=4669,mtg=180,shg=100,bgbv=1560,iso=275,cnv2,hdr0
[05:46:20.949] RX< [0m[7] [cam] [774731][me0][me_core_thread:359]ME out fid 11130
[05:46:20.949] RX< [34m[AE] fid=11160,exp=9930,adg=275,Y=4681,mtg=180,shg=100,bgbv=1563,iso=275,cnv2,hdr0
[05:46:20.949] RX< [0m[34m[b_ae0 proc] perf=995(us), max=2369(us)
[05:46:21.332] RX< !
[05:46:21.332] RX< [0m[34m[awb0 proc] perf=3942(us), max=6439(us)!
[05:46:21.332] RX< [0m[34m[ME INTP]fid=11160, shutter=9930, perf=6(us), max=5887(us)!
[05:46:21.332] RX< [0m[RTMP] f_index = 11160, f_len = 13413
[05:46:21.332] RX< [7] [cam] [775731][me0][me_core_thread:359]ME out fid 11160
[05:46:21.332] RX< [34m[awb0 proc] perf=6458(us), 
[05:46:22.296] RX< max=6458(us)!
[05:46:22.296] RX< [0m[4] [cam] [775808][qpc0][qpc_core_exception_check:405]discontinuous frame, now: 11173, last: 11171
[05:46:22.296] RX< [34m[AE] fid=11190,exp=9930,adg=275,Y=4676,mtg=180,shg=100,bgbv=1563,iso=275,cnv2,hdr0
[05:46:22.296] RX< [0m[7] [cam] [776731][me0][me_core_thread:359]ME o
[05:46:23.296] RX< ut fid 11190
[05:46:23.296] RX< [4] [cam] [776809][qpc0][qpc_core_exception_check:405]discontinuous frame, now: 11203, last: 11201
[05:46:23.296] RX< [34m[AE] fid=11220,exp=9930,adg=275,Y=4671,mtg=180,shg=100,bgbv=1560,iso=275,cnv2,hdr0
[05:46:23.296] RX< [0m[7] [cam] [777731][me0][me_core_thread:359]ME out fi
[05:46:24.284] RX< d 11220
[05:46:24.284] RX< [34m[AE] fid=11250,exp=9930,adg=275,Y=4679,mtg=180,shg=100,bgbv=1563,iso=275,cnv2,hdr0
[05:46:24.284] RX< [0m[34m[b_ae0 proc] perf=1090(us), max=1090(us)!
[05:46:24.284] RX< [0m[34m[awb0 proc] perf=3962(us), max=6458(us)!
[05:46:24.284] RX< [0m[RTMP] f_index = 11250, f_len = 13473
[05:46:24.284] RX< [7] [cam] [77873
[05:46:24.943] RX< 0][me0][me_core_thread:359]ME out fid 11250
[05:46:24.943] RX< [34m[awb0 proc] perf=6487(us), max=6487(us)!
[05:46:24.943] RX< [0m[4] [cam] [778808][qpc0][qpc_core_exception_check:405]discontinuous frame, now: 11263, last: 11261
[05:46:24.943] RX< [34m[AE] fid=11280,exp=9930,adg=275,Y=4692,mtg=180,shg=100,bgb
[05:46:25.376] RX< v=1567,iso=275,cnv2,hdr0
[05:46:25.376] RX< [0m[34m[ME INTP]fid=11280, shutter=9930, perf=6(us), max=1040(us)!
[05:46:25.376] RX< [0m[7] [cam] [779730][me0][me_core_thread:359]ME out fid 11280
[05:46:25.376] RX< [34m[awb0 proc] perf=6497(us), max=6497(us)!
[05:46:25.376] RX< [0m[4] [cam] [779808][qpc0][qpc_core_exception_chec
[05:46:26.376] RX< k:405]discontinuous frame, now: 11293, last: 11291
[05:46:26.376] RX< [34m[AE] fid=11310,exp=9930,adg=275,Y=4680,mtg=180,shg=100,bgbv=1563,iso=275,cnv2,hdr0
[05:46:26.376] RX< [0m[7] [cam] [780730][me0][me_core_thread:359]ME out fid 11310
[05:46:26.376] RX< [34m[awb0 proc] perf=6497(us), max=6497(us)!
[05:46:26.376] RX< [0m[4]
[05:46:26.948] RX<  [cam] [780808][qpc0][qpc_core_exception_check:405]discontinuous frame, now: 11323, last: 11321
[05:46:26.948] RX< [34m[AE] fid=11340,exp=9930,adg=275,Y=4676,mtg=180,shg=100,bgbv=1563,iso=275,cnv2,hdr0
[05:46:26.948] RX< [0m[34m[b_ae0 proc] perf=961(us), max=1826(us)!
[05:46:26.948] RX< [0m[34m[awb0 proc] 
[05:46:27.376] RX< perf=3962(us), max=6497(us)!
[05:46:27.376] RX< [0m[RTMP] f_index = 11340, f_len = 13472
[05:46:27.376] RX< [7] [cam] [781730][me0][me_core_thread:359]ME out fid 11340
[05:46:27.376] RX< [34m[awb0 proc] perf=7028(us), max=7028(us)!
[05:46:27.376] RX< [0m[4] [cam] [781808][qpc0][qpc_core_exception_check:405]discontinuous frame, 
[05:46:28.376] RX< now: 11353, last: 11351
[05:46:28.376] RX< [34m[AE] fid=11370,exp=9930,adg=275,Y=4680,mtg=180,shg=100,bgbv=1563,iso=275,cnv2,hdr0
[05:46:28.376] RX< [0m[7] [cam] [782730][me0][me_core_thread:359]ME out fid 11370
[05:46:28.376] RX< [34m[awb0 proc] perf=6619(us), max=7028(us)!
[05:46:28.376] RX< [0m[4] [cam] [782808][qpc0][qpc_c
[05:46:29.122] RX< ore_exception_check:405]discontinuous frame, now: 11383, last: 11381
[05:46:29.122] RX< [34m[AE] fid=11400,exp=9930,adg=275,Y=4676,mtg=180,shg=100,bgbv=1563,iso=275,cnv2,hdr0
[05:46:29.122] RX< [0m[34m[ME INTP]fid=11400, shutter=9930, perf=5(us), max=1064(us)!
[05:46:29.122] RX< [0m[34m[awb0 proc] perf=8322
[05:46:29.345] RX< (us), max=8322(us)!
[05:46:29.345] RX< [0m[4] [cam] [783610][qpc0][qpc_core_exception_check:405]discontinuous frame, now: 11407, last: 11405
[05:46:29.345] RX< [7] [cam] [783730][me0][me_core_thread:359]ME out fid 11400
[05:46:29.345] RX< [4] [cam] [783777][qpc0][qpc_core_exception_check:411]interp not finish i
[05:46:29.950] RX< n sof, fid: 11411
[05:46:29.950] RX< [4] [cam] [783808][qpc0][qpc_core_exception_check:405]discontinuous frame, now: 11413, last: 11411
[05:46:29.950] RX< [34m[AE] fid=11430,exp=10040,adg=275,Y=4705,mtg=180,shg=100,bgbv=1544,iso=275,cnv2,hdr0
[05:46:29.950] RX< [0m[34m[b_ae0 proc] perf=977(us), max=1749(us)!
[05:46:30.311] RX< 
[05:46:30.311] RX< [0m[34m[awb0 proc] perf=3992(us), max=8322(us)!
[05:46:30.311] RX< [0m[RTMP] slow send frame 11425 len=18558 dt=53ms
[05:46:30.311] RX< [RTMP] slow send frame 11426 len=18130 dt=56ms
[05:46:30.311] RX< [RTMP] f_index = 11430, f_len = 20723
[05:46:30.311] RX< [7] [cam] [784730][me0][me_core_thread:359]ME out fid 11430
[05:46:30.311] RX< [4] [cam]
[05:46:31.942] RX<  [784743][qpc0][qpc_core_exception_check:405]discontinuous frame, now: 11441, last: 11439
[05:46:31.942] RX< [34m[AE] fid=11460,exp=10000,adg=288,Y=5035,mtg=180,shg=100,bgbv=1546,iso=288,cnv2,hdr0
[05:46:31.942] RX< [0m[7] [cam] [785729][me0][me_core_thread:359]ME out fid 11460
[05:46:31.942] RX< [34m[AE] fid
[05:46:32.946] RX< =11490,exp=10540,adg=300,Y=4327,mtg=180,shg=100,bgbv=1313,iso=300,cnv2,hdr0
[05:46:32.946] RX< [0m[7] [cam] [786729][me0][me_core_thread:359]ME out fid 11490
[05:46:32.946] RX< [34m[AE] fid=11520,exp=10070,adg=282,Y=4377,mtg=180,shg=100,bgbv=1451,iso=282,cnv2,hdr0
[05:46:32.946] RX< [0m[34m[b_ae0 proc] perf=
[05:46:33.942] RX< 1111(us), max=1111(us)!
[05:46:33.942] RX< [0m[34m[awb0 proc] perf=3974(us), max=4866(us)!
[05:46:33.942] RX< [0m[34m[ME INTP]fid=11520, shutter=10070, perf=2213(us), max=27002(us)!
[05:46:33.942] RX< [0m[RTMP] f_index = 11520, f_len = 18802
[05:46:33.942] RX< [7] [cam] [787729][me0][me_core_thread:359]ME out fid 11520
[05:46:33.942] RX< [34m
[05:46:35.293] RX< [AE] fid=11550,exp=10670,adg=300,Y=4555,mtg=180,shg=100,bgbv=1336,iso=300,cnv2,hdr0
[05:46:35.293] RX< [0m[7] [cam] [788729][me0][me_core_thread:359]ME out fid 11550
[05:46:35.293] RX< [34m[AE] fid=11580,exp=9930,adg=294,Y=5029,mtg=180,shg=100,bgbv=1538,iso=294,cnv2,hdr0
[05:46:35.293] RX< [0m[7] [cam] [78972
[05:46:36.268] RX< 9][me0][me_core_thread:359]ME out fid 11580
[05:46:36.268] RX< [34m[AE] fid=11610,exp=12500,adg=300,Y=4159,mtg=180,shg=100,bgbv=1081,iso=300,cnv2,hdr0
[05:46:36.268] RX< [0m[34m[b_ae0 proc] perf=1017(us), max=1772(us)!
[05:46:36.268] RX< [0m[34m[awb0 proc] perf=4028(us), max=4375(us)!
[05:46:36.268] RX< [0m[RTMP] f_index = 
[05:46:37.284] RX< 11610, f_len = 15417
[05:46:37.284] RX< [7] [cam] [790729][me0][me_core_thread:359]ME out fid 11610
[05:46:37.284] RX< [34m[AE] fid=11640,exp=10610,adg=300,Y=4739,mtg=180,shg=100,bgbv=1378,iso=300,cnv2,hdr0
[05:46:37.284] RX< [0m[34m[ME INTP]fid=11640, shutter=10610, perf=2213(us), max=6011(us)!
[05:46:37.284] RX< [0m[7] [cam]
[05:46:38.948] RX<  [791729][me0][me_core_thread:359]ME out fid 11640
[05:46:38.948] RX< [34m[AE] fid=11670,exp=9970,adg=288,Y=5045,mtg=180,shg=100,bgbv=1557,iso=288,cnv2,hdr0
[05:46:38.948] RX< [0m[7] [cam] [792729][me0][me_core_thread:359]ME out fid 11670
[05:46:38.948] RX< [34m[AE] fid=11700,exp=9930,adg=275,Y=4695,mtg=180,s
[05:46:39.940] RX< hg=100,bgbv=1567,iso=275,cnv2,hdr0
[05:46:39.940] RX< [0m[34m[b_ae0 proc] perf=977(us), max=2260(us)!
[05:46:39.940] RX< [0m[34m[awb0 proc] perf=3921(us), max=4096(us)!
[05:46:39.940] RX< [0m[RTMP] f_index = 11700, f_len = 14044
[05:46:39.940] RX< [7] [cam] [793728][me0][me_core_thread:359]ME out fid 11700
[05:46:39.940] RX< [34m[AE] fid=1173
[05:46:41.040] RX< 0,exp=9930,adg=275,Y=4705,mtg=180,shg=100,bgbv=1571,iso=275,cnv2,hdr0
[05:46:41.040] RX< [0m[7] [cam] [794728][me0][me_core_thread:359]ME out fid 11730
[05:46:41.040] RX< [34m[AE] fid=11760,exp=9930,adg=275,Y=4699,mtg=180,shg=100,bgbv=1567,iso=275,cnv2,hdr0
[05:46:41.040] RX< [0m[34m[ME INTP]fid=11760, shutt
[05:46:41.945] RX< er=9930, perf=233(us), max=7138(us)!
[05:46:41.945] RX< [0m[7] [cam] [795728][me0][me_core_thread:359]ME out fid 11760
[05:46:41.945] RX< [34m[awb0 proc] perf=6501(us), max=6501(us)!
[05:46:41.945] RX< [0m[4] [cam] [795806][qpc0][qpc_core_exception_check:405]discontinuous frame, now: 11773, last: 11771
[05:46:41.945] RX< [34m[
[05:46:42.281] RX< AE] fid=11790,exp=9930,adg=275,Y=4706,mtg=180,shg=100,bgbv=1571,iso=275,cnv2,hdr0
[05:46:42.281] RX< [0m[34m[b_ae0 proc] perf=1003(us), max=2301(us)!
[05:46:42.281] RX< [0m[34m[awb0 proc] perf=3956(us), max=6501(us)!
[05:46:42.281] RX< [0m[RTMP] f_index = 11790, f_len = 16419
[05:46:42.281] RX< [7] [cam] [796728][me0][me_cor
[05:46:43.293] RX< e_thread:359]ME out fid 11790
[05:46:43.293] RX< [4] [cam] [796805][qpc0][qpc_core_exception_check:405]discontinuous frame, now: 11803, last: 11801
[05:46:43.293] RX< [34m[AE] fid=11820,exp=9930,adg=275,Y=4696,mtg=180,shg=100,bgbv=1567,iso=275,cnv2,hdr0
[05:46:43.293] RX< [0m[7] [cam] [797728][me0][me_core_thr
[05:46:44.292] RX< ead:359]ME out fid 11820
[05:46:44.292] RX< [4] [cam] [797805][qpc0][qpc_core_exception_check:405]discontinuous frame, now: 11833, last: 11831
[05:46:44.292] RX< [34m[AE] fid=11850,exp=9930,adg=275,Y=4705,mtg=180,shg=100,bgbv=1571,iso=275,cnv2,hdr0
[05:46:44.292] RX< [0m[7] [cam] [798728][me0][me_core_thread:3
[05:46:45.039] RX< 59]ME out fid 11850
[05:46:45.039] RX< [34m[AE] fid=11880,exp=9930,adg=275,Y=4691,mtg=180,shg=100,bgbv=1567,iso=275,cnv2,hdr0
[05:46:45.039] RX< [0m[34m[b_ae0 proc] perf=970(us), max=1091(us)!
[05:46:45.039] RX< [0m[34m[awb0 proc] perf=3951(us), max=4020(us)!
[05:46:45.039] RX< [0m[34m[ME INTP]fid=11880, shutter=9930, perf
[05:46:45.373] RX< =5(us), max=3975(us)!
[05:46:45.373] RX< [0m[RTMP] f_index = 11880, f_len = 16879
[05:46:45.373] RX< [7] [cam] [799728][me0][me_core_thread:359]ME out fid 11880
[05:46:45.373] RX< [34m[awb0 proc] perf=6421(us), max=6421(us)!
[05:46:45.373] RX< [0m[4] [cam] [799806][qpc0][qpc_core_exception_check:405]discontinuous frame, now: 11
[05:46:46.373] RX< 893, last: 11891
[05:46:46.373] RX< [34m[AE] fid=11910,exp=9930,adg=275,Y=4699,mtg=180,shg=100,bgbv=1567,iso=275,cnv2,hdr0
[05:46:46.373] RX< [0m[7] [cam] [800727][me0][me_core_thread:359]ME out fid 11910
[05:46:46.373] RX< [34m[awb0 proc] perf=6449(us), max=6449(us)!
[05:46:46.373] RX< [0m[4] [cam] [800806][qpc0][qpc_core_exc
[05:46:47.324] RX< eption_check:405]discontinuous frame, now: 11923, last: 11921
[05:46:47.324] RX< [34m[AE] fid=11940,exp=9930,adg=275,Y=4697,mtg=180,shg=100,bgbv=1567,iso=275,cnv2,hdr0
[05:46:47.324] RX< [0m[7] [cam] [801727][me0][me_core_thread:359]ME out fid 11940
[05:46:47.324] RX< [34m[awb0 proc] perf=6486(us), max=6486(u
[05:46:47.945] RX< s)!
[05:46:47.945] RX< [0m[4] [cam] [801805][qpc0][qpc_core_exception_check:405]discontinuous frame, now: 11953, last: 11951
[05:46:47.945] RX< [34m[AE] fid=11970,exp=9930,adg=275,Y=4688,mtg=180,shg=100,bgbv=1567,iso=275,cnv2,hdr0
[05:46:47.945] RX< [0m[34m[b_ae0 proc] perf=996(us), max=2019(us)!
[05:46:47.945] RX< [0m[34m[
[05:46:49.039] RX< awb0 proc] perf=3925(us), max=6486(us)!
[05:46:49.039] RX< [0m[RTMP] f_index = 11970, f_len = 13596
[05:46:49.039] RX< [7] [cam] [802727][me0][me_core_thread:359]ME out fid 11970
[05:46:49.039] RX< [34m[AE] fid=12000,exp=9930,adg=275,Y=4693,mtg=180,shg=100,bgbv=1567,iso=275,cnv2,hdr0
[05:46:49.039] RX< [0m[34m[ME INTP]fid=1200
[05:46:49.372] RX< 0, shutter=9930, perf=6(us), max=2989(us)!
[05:46:49.372] RX< [0m[7] [cam] [803727][me0][me_core_thread:359]ME out fid 12000
[05:46:49.372] RX< [34m[awb0 proc] perf=6599(us), max=6599(us)!
[05:46:49.372] RX< [0m[4] [cam] [803805][qpc0][qpc_core_exception_check:405]discontinuous frame, now: 12013, last: 12011
[05:46:50.945] RX< [34m[AE] fid=12030,exp=9930,adg=275,Y=4700,mtg=180,shg=100,bgbv=1571,iso=275,cnv2,hdr0
[05:46:50.945] RX< [0m[7] [cam] [804727][me0][me_core_thread:359]ME out fid 12030
[05:46:50.945] RX< [34m[AE] fid=12060,exp=10110,adg=275,Y=4433,mtg=180,shg=100,bgbv=1481,iso=275,cnv2,hdr0
[05:46:50.945] RX< [0m[34m[b_ae0
[05:46:51.939] RX<  proc] perf=1018(us), max=2397(us)!
[05:46:51.939] RX< [0m[34m[awb0 proc] perf=3984(us), max=6599(us)!
[05:46:51.939] RX< [0m[RTMP] f_index = 12060, f_len = 19525
[05:46:51.939] RX< [7] [cam] [805727][me0][me_core_thread:359]ME out fid 12060
[05:46:51.939] RX< [RTMP] slow send frame 12061 len=64222 dt=55ms (IDR)
[05:46:51.939] RX< [34m[AE] fid=
[05:46:53.039] RX< 12090,exp=10100,adg=288,Y=4453,mtg=180,shg=100,bgbv=1427,iso=288,cnv2,hdr0
[05:46:53.039] RX< [0m[7] [cam] [806727][me0][me_core_thread:359]ME out fid 12090
[05:46:53.039] RX< [34m[AE] fid=12120,exp=9900,adg=300,Y=4858,mtg=180,shg=100,bgbv=1486,iso=300,cnv2,hdr0
[05:46:53.039] RX< [0m[34m[ME INTP]fid=12120, 
[05:46:53.945] RX< shutter=9900, perf=2263(us), max=7028(us)!
[05:46:53.945] RX< [0m[7] [cam] [807726][me0][me_core_thread:359]ME out fid 12120
[05:46:53.945] RX< [34m[AE] fid=12150,exp=11550,adg=300,Y=4091,mtg=180,shg=100,bgbv=1156,iso=300,cnv2,hdr0
[05:46:53.945] RX< [0m[34m[b_ae0 proc] perf=922(us), max=1126(us)!
[05:46:53.945] RX< [0m[34m
[05:46:55.289] RX< [awb0 proc] perf=3996(us), max=4353(us)!
[05:46:55.289] RX< [0m[RTMP] f_index = 12150, f_len = 16110
[05:46:55.289] RX< [7] [cam] [808726][me0][me_core_thread:359]ME out fid 12150
[05:46:55.289] RX< [34m[AE] fid=12180,exp=12090,adg=300,Y=4519,mtg=180,shg=100,bgbv=1169,iso=300,cnv2,hdr0
[05:46:55.289] RX< [0m[7] [cam] [809726][m
[05:46:56.942] RX< e0][me_core_thread:359]ME out fid 12180
[05:46:56.942] RX< [34m[AE] fid=12210,exp=12220,adg=300,Y=4266,mtg=180,shg=100,bgbv=1114,iso=300,cnv2,hdr0
[05:46:56.942] RX< [0m[7] [cam] [810726][me0][me_core_thread:359]ME out fid 12210
[05:46:56.942] RX< [34m[AE] fid=12240,exp=12240,adg=300,Y=4035,mtg=180,shg=100,bg
[05:46:57.278] RX< bv=1050,iso=300,cnv2,hdr0
[05:46:57.278] RX< [0m[34m[b_ae0 proc] perf=1039(us), max=3635(us)!
[05:46:57.278] RX< [0m[34m[awb0 proc] perf=3989(us), max=4110(us)!
[05:46:57.278] RX< [0m[34m[ME INTP]fid=12240, shutter=12240, perf=251(us), max=4946(us)!
[05:46:57.278] RX< [0m[RTMP] f_index = 12240, f_len = 12214
[05:46:57.278] RX< [7] [cam] [811
[05:46:58.940] RX< 726][me0][me_core_thread:359]ME out fid 12240
[05:46:58.940] RX< [34m[AE] fid=12270,exp=11610,adg=300,Y=4742,mtg=180,shg=100,bgbv=1262,iso=300,cnv2,hdr0
[05:46:58.940] RX< [0m[7] [cam] [812726][me0][me_core_thread:359]ME out fid 12270
[05:46:58.940] RX< [34m[AE] fid=12300,exp=11860,adg=300,Y=4329,mtg=180,shg=
[05:46:59.941] RX< 100,bgbv=1163,iso=300,cnv2,hdr0
[05:46:59.941] RX< [0m[7] [cam] [813726][me0][me_core_thread:359]ME out fid 12300
[05:46:59.941] RX< [34m[AE] fid=12330,exp=11820,adg=300,Y=4430,mtg=180,shg=100,bgbv=1187,iso=300,cnv2,hdr0
[05:46:59.941] RX< [0m[34m[b_ae0 proc] perf=1014(us), max=2688(us)!
[05:46:59.941] RX< [0m[34m[awb0 proc
[05:47:01.040] RX< ] perf=3872(us), max=4395(us)!
[05:47:01.040] RX< [0m[RTMP] f_index = 12330, f_len = 15943
[05:47:01.040] RX< [7] [cam] [814726][me0][me_core_thread:359]ME out fid 12330
[05:47:01.040] RX< [34m[AE] fid=12360,exp=9960,adg=275,Y=4672,mtg=180,shg=100,bgbv=1557,iso=275,cnv2,hdr0
[05:47:01.040] RX< [0m[34m[ME INTP]fid=12360, shutte
[05:47:02.320] RX< r=9960, perf=3286(us), max=5340(us)!
[05:47:02.320] RX< [0m[7] [cam] [815725][me0][me_core_thread:359]ME out fid 12360
[05:47:02.320] RX< [34m[AE] fid=12390,exp=9960,adg=275,Y=4689,mtg=180,shg=100,bgbv=1564,iso=275,cnv2,hdr0
[05:47:02.320] RX< [0m[7] [cam] [816725][me0][me_core_thread:359]ME out fid 12390
[05:47:02.320] RX< [3
[05:47:02.941] RX< 4m[awb0 proc] perf=6619(us), max=6619(us)!
[05:47:02.941] RX< [0m[4] [cam] [816803][qpc0][qpc_core_exception_check:405]discontinuous frame, now: 12403, last: 12401
[05:47:02.941] RX< [34m[AE] fid=12420,exp=9960,adg=275,Y=4689,mtg=180,shg=100,bgbv=1564,iso=275,cnv2,hdr0
[05:47:02.941] RX< [0m[34m[b_ae0 proc] 
[05:47:03.939] RX< perf=1042(us), max=2406(us)!
[05:47:03.939] RX< [0m[34m[awb0 proc] perf=3923(us), max=6619(us)!
[05:47:03.939] RX< [0m[RTMP] f_index = 12420, f_len = 17181
[05:47:03.939] RX< [7] [cam] [817725][me0][me_core_thread:359]ME out fid 12420
[05:47:03.939] RX< [34m[awb0 proc] perf=6618(us), max=6618(us)!
[05:47:03.939] RX< [0m[34m[AE] fid=12450,exp=
[05:47:04.370] RX< 9960,adg=275,Y=4675,mtg=180,shg=100,bgbv=1560,iso=275,cnv2,hdr0
[05:47:04.370] RX< [0m[7] [cam] [818725][me0][me_core_thread:359]ME out fid 12450
[05:47:04.370] RX< [34m[awb0 proc] perf=6476(us), max=6618(us)!
[05:47:04.370] RX< [0m[4] [cam] [818802][qpc0][qpc_core_exception_check:405]discontinuous frame, now
[05:47:05.324] RX< : 12463, last: 12461
[05:47:05.324] RX< [34m[AE] fid=12480,exp=9930,adg=275,Y=4675,mtg=180,shg=100,bgbv=1560,iso=275,cnv2,hdr0
[05:47:05.324] RX< [0m[34m[ME INTP]fid=12480, shutter=9930, perf=234(us), max=3390(us)!
[05:47:05.324] RX< [0m[7] [cam] [819725][me0][me_core_thread:359]ME out fid 12480
[05:47:05.324] RX< [34m[awb0 p
[05:47:06.260] RX< roc] perf=6521(us), max=6521(us)!
[05:47:06.260] RX< [0m[34m[AE] fid=12510,exp=9930,adg=275,Y=4685,mtg=180,shg=100,bgbv=1563,iso=275,cnv2,hdr0
[05:47:06.260] RX< [0m[34m[b_ae0 proc] perf=970(us), max=3954(us)!
[05:47:06.260] RX< [0m[34m[awb0 proc] perf=3946(us), max=6521(us)!
[05:47:06.260] RX< [0m[RTMP] f_index = 12510, f
[05:47:06.935] RX< _len = 13128
[05:47:06.935] RX< [7] [cam] [820725][me0][me_core_thread:359]ME out fid 12510
[05:47:06.935] RX< [4] [cam] [820802][qpc0][qpc_core_exception_check:405]discontinuous frame, now: 12523, last: 12521
[05:47:06.935] RX< [34m[AE] fid=12540,exp=9930,adg=275,Y=4685,mtg=180,shg=100,bgbv=1563,iso=275,cnv2,h
[05:47:07.935] RX< dr0
[05:47:07.935] RX< [0m[7] [cam] [821725][me0][me_core_thread:359]ME out fid 12540
[05:47:07.935] RX< [34m[awb0 proc] perf=6745(us), max=6745(us)!
[05:47:07.935] RX< [0m[4] [cam] [821802][qpc0][qpc_core_exception_check:405]discontinuous frame, now: 12553, last: 12551
[05:47:07.935] RX< [34m[AE] fid=12570,exp=9930,adg=275,Y=
[05:47:08.368] RX< 4683,mtg=180,shg=100,bgbv=1563,iso=275,cnv2,hdr0
[05:47:08.368] RX< [0m[7] [cam] [822724][me0][me_core_thread:359]ME out fid 12570
[05:47:08.368] RX< [34m[awb0 proc] perf=6486(us), max=6745(us)!
[05:47:08.368] RX< [0m[4] [cam] [822802][qpc0][qpc_core_exception_check:405]discontinuous frame, now: 12583, last: 
[05:47:09.033] RX< 12581
[05:47:09.033] RX< [34m[AE] fid=12600,exp=9930,adg=275,Y=4682,mtg=180,shg=100,bgbv=1563,iso=275,cnv2,hdr0
[05:47:09.033] RX< [0m[34m[b_ae0 proc] perf=977(us), max=1812(us)!
[05:47:09.033] RX< [0m[34m[awb0 proc] perf=3948(us), max=6486(us)!
[05:47:09.033] RX< [0m[34m[ME INTP]fid=12600, shutter=9930, perf=5(us), max=30
[05:47:10.287] RX< 05(us)!
[05:47:10.287] RX< [0m[RTMP] f_index = 12600, f_len = 13422
[05:47:10.287] RX< [7] [cam] [823724][me0][me_core_thread:359]ME out fid 12600
[05:47:10.287] RX< [34m[awb0 proc] perf=6263(us), max=6263(us)!
[05:47:10.287] RX< [0m[34m[AE] fid=12630,exp=9930,adg=275,Y=4672,mtg=180,shg=100,bgbv=1560,iso=275,cnv2,hdr0
[05:47:10.287] RX< [0m[7] 
[05:47:10.934] RX< [cam] [824724][me0][me_core_thread:359]ME out fid 12630
[05:47:10.934] RX< [34m[awb0 proc] perf=6350(us), max=6350(us)!
[05:47:10.934] RX< [0m[4] [cam] [824802][qpc0][qpc_core_exception_check:405]discontinuous frame, now: 12643, last: 12641
[05:47:10.934] RX< [34m[AE] fid=12660,exp=9930,adg=275,Y=4675,mtg=180
[05:47:11.939] RX< ,shg=100,bgbv=1563,iso=275,cnv2,hdr0
[05:47:11.939] RX< [0m[7] [cam] [825724][me0][me_core_thread:359]ME out fid 12660
[05:47:11.939] RX< [34m[awb0 proc] perf=6460(us), max=6460(us)!
[05:47:11.939] RX< [0m[4] [cam] [825802][qpc0][qpc_core_exception_check:405]discontinuous frame, now: 12673, last: 12671
[05:47:11.939] RX< [34m[
[05:47:12.275] RX< AE] fid=12690,exp=9930,adg=275,Y=4679,mtg=180,shg=100,bgbv=1563,iso=275,cnv2,hdr0
[05:47:12.275] RX< [0m[34m[b_ae0 proc] perf=1119(us), max=1119(us)!
[05:47:12.275] RX< [0m[34m[awb0 proc] perf=3937(us), max=6460(us)!
[05:47:12.275] RX< [0m[RTMP] f_index = 12690, f_len = 13379
[05:47:12.275] RX< [7] [cam] [826724][me0][me_cor
[05:47:12.934] RX< e_thread:359]ME out fid 12690
[05:47:12.934] RX< [34m[awb0 proc] perf=6442(us), max=6442(us)!
[05:47:12.934] RX< [0m[4] [cam] [826801][qpc0][qpc_core_exception_check:405]discontinuous frame, now: 12703, last: 12701
[05:47:12.934] RX< [34m[AE] fid=12720,exp=9930,adg=275,Y=4678,mtg=180,shg=100,bgbv=1563,iso=275
[05:47:13.368] RX< ,cnv2,hdr0
[05:47:13.368] RX< [0m[34m[ME INTP]fid=12720, shutter=9930, perf=5(us), max=9949(us)!
[05:47:13.368] RX< [0m[7] [cam] [827724][me0][me_core_thread:359]ME out fid 12720
[05:47:13.368] RX< [34m[awb0 proc] perf=6532(us), max=6532(us)!
[05:47:13.368] RX< [0m[4] [cam] [827801][qpc0][qpc_core_exception_check:405]disconti
[05:47:14.939] RX< nuous frame, now: 12733, last: 12731
[05:47:14.939] RX< [34m[AE] fid=12750,exp=9930,adg=275,Y=4686,mtg=180,shg=100,bgbv=1563,iso=275,cnv2,hdr0
[05:47:14.939] RX< [0m[7] [cam] [828724][me0][me_core_thread:359]ME out fid 12750
[05:47:14.939] RX< [34m[AE] fid=12780,exp=9930,adg=275,Y=4691,mtg=180,shg=100,bgbv=15
[05:47:15.933] RX< 67,iso=275,cnv2,hdr0
[05:47:15.933] RX< [0m[34m[b_ae0 proc] perf=980(us), max=1495(us)!
[05:47:15.933] RX< [0m[34m[awb0 proc] perf=3938(us), max=6532(us)!
[05:47:15.933] RX< [0m[RTMP] f_index = 12780, f_len = 16524
[05:47:15.933] RX< [7] [cam] [829724][me0][me_core_thread:359]ME out fid 12780
[05:47:15.933] RX< [34m[AE] fid=12810,exp=9930,adg
[05:47:16.367] RX< =275,Y=4689,mtg=180,shg=100,bgbv=1567,iso=275,cnv2,hdr0
[05:47:16.367] RX< [0m[7] [cam] [830723][me0][me_core_thread:359]ME out fid 12810
[05:47:16.367] RX< [34m[awb0 proc] perf=6954(us), max=6954(us)!
[05:47:16.367] RX< [0m[4] [cam] [830801][qpc0][qpc_core_exception_check:405]discontinuous frame, now: 12823,
[05:47:17.939] RX<  last: 12821
[05:47:17.939] RX< [34m[AE] fid=12840,exp=9930,adg=275,Y=4672,mtg=180,shg=100,bgbv=1560,iso=275,cnv2,hdr0
[05:47:17.939] RX< [0m[34m[ME INTP]fid=12840, shutter=9930, perf=6(us), max=2754(us)!
[05:47:17.939] RX< [0m[7] [cam] [831723][me0][me_core_thread:359]ME out fid 12840
[05:47:17.939] RX< [34m[AE] fid=12870,ex
[05:47:18.275] RX< p=9930,adg=275,Y=4676,mtg=180,shg=100,bgbv=1563,iso=275,cnv2,hdr0
[05:47:18.275] RX< [0m[34m[b_ae0 proc] perf=989(us), max=1076(us)!
[05:47:18.275] RX< [0m[34m[awb0 proc] perf=3934(us), max=6954(us)!
[05:47:18.275] RX< [0m[RTMP] f_index = 12870, f_len = 12904
[05:47:18.275] RX< [7] [cam] [832723][me0][me_core_thread:359]ME o
[05:47:18.966] RX< ut fid 12870
[05:47:18.966] RX< [4] [cam] [832801][qpc0][qpc_core_exception_check:405]discontinuous frame, now: 12883, last: 12881
[05:47:18.966] RX< [34m[awb0 proc] perf=7756(us), max=7756(us)!
[05:47:18.966] RX< [0m[34m[AE] fid=12900,exp=10070,adg=294,Y=3866,mtg=180,shg=100,bgbv=1285,iso=294,cnv2,hdr0
[05:47:18.966] RX< [0m[
[05:47:20.285] RX< 4] [cam] [833400][qpc0][qpc_core_exception_check:405]discontinuous frame, now: 12901, last: 12899
[05:47:20.285] RX< [7] [cam] [833723][me0][me_core_thread:359]ME out fid 12900
[05:47:20.285] RX< [34m[AE] fid=12930,exp=10040,adg=275,Y=4693,mtg=180,shg=100,bgbv=1553,iso=275,cnv2,hdr0
[05:47:20.285] RX< [0m[7] [
[05:47:21.032] RX< cam] [834723][me0][me_core_thread:359]ME out fid 12930
[05:47:21.032] RX< [34m[AE] fid=12960,exp=9960,adg=275,Y=4674,mtg=180,shg=100,bgbv=1557,iso=275,cnv2,hdr0
[05:47:21.032] RX< [0m[34m[b_ae0 proc] perf=972(us), max=1119(us)!
[05:47:21.032] RX< [0m[34m[awb0 proc] perf=3833(us), max=7756(us)!
[05:47:21.032] RX< [0m[34m[ME
[05:47:21.367] RX<  INTP]fid=12960, shutter=9960, perf=5(us), max=6641(us)!
[05:47:21.367] RX< [0m[RTMP] f_index = 12960, f_len = 16462
[05:47:21.367] RX< [7] [cam] [835723][me0][me_core_thread:359]ME out fid 12960
[05:47:21.367] RX< [34m[awb0 proc] perf=6507(us), max=6507(us)!
[05:47:21.367] RX< [0m[4] [cam] [835800][qpc0][qpc_core_exception_che
[05:47:22.366] RX< ck:405]discontinuous frame, now: 12973, last: 12971
[05:47:22.366] RX< [34m[AE] fid=12990,exp=9930,adg=275,Y=4676,mtg=180,shg=100,bgbv=1560,iso=275,cnv2,hdr0
[05:47:22.366] RX< [0m[7] [cam] [836723][me0][me_core_thread:359]ME out fid 12990
[05:47:22.366] RX< [4] [cam] [836800][qpc0][qpc_core_exception_check:40
[05:47:23.937] RX< 5]discontinuous frame, now: 13003, last: 13001
[05:47:23.937] RX< [34m[AE] fid=13020,exp=9890,adg=275,Y=4689,mtg=180,shg=100,bgbv=1567,iso=275,cnv2,hdr0
[05:47:23.937] RX< [0m[7] [cam] [837722][me0][me_core_thread:359]ME out fid 13020
[05:47:23.937] RX< [34m[AE] fid=13050,exp=9890,adg=275,Y=4669,mtg=180,shg=1
[05:47:24.321] RX< 00,bgbv=1565,iso=275,cnv2,hdr0
[05:47:24.321] RX< [0m[34m[b_ae0 proc] perf=969(us), max=1987(us)!
[05:47:24.321] RX< [0m[34m[awb0 proc] perf=3940(us), max=6507(us)!
[05:47:24.321] RX< [0m[RTMP] f_index = 13050, f_len = 13335
[05:47:24.321] RX< [7] [cam] [838722][me0][me_core_thread:359]ME out fid 13050
[05:47:24.321] RX< [34m[awb0 proc] perf=
[05:47:25.032] RX< 6053(us), max=6053(us)!
[05:47:25.032] RX< [0m[4] [cam] [838800][qpc0][qpc_core_exception_check:405]discontinuous frame, now: 13063, last: 13061
[05:47:25.032] RX< [34m[AE] fid=13080,exp=9890,adg=275,Y=4656,mtg=180,shg=100,bgbv=1561,iso=275,cnv2,hdr0
[05:47:25.032] RX< [0m[34m[ME INTP]fid=13080, shutter=9890
[05:47:25.932] RX< , perf=5(us), max=3284(us)!
[05:47:25.932] RX< [0m[7] [cam] [839722][me0][me_core_thread:359]ME out fid 13080
[05:47:25.932] RX< [34m[awb0 proc] perf=6508(us), max=6508(us)!
[05:47:25.932] RX< [0m[4] [cam] [839800][qpc0][qpc_core_exception_check:405]discontinuous frame, now: 13093, last: 13091
[05:47:25.932] RX< [34m[AE] fid=1
[05:47:26.938] RX< 3110,exp=9890,adg=275,Y=4661,mtg=180,shg=100,bgbv=1561,iso=275,cnv2,hdr0
[05:47:26.938] RX< [0m[7] [cam] [840722][me0][me_core_thread:359]ME out fid 13110
[05:47:26.938] RX< [34m[AE] fid=13140,exp=9890,adg=275,Y=4667,mtg=180,shg=100,bgbv=1565,iso=275,cnv2,hdr0
[05:47:26.938] RX< [0m[34m[b_ae0 proc] perf=977(
[05:47:27.932] RX< us), max=1104(us)!
[05:47:27.932] RX< [0m[34m[awb0 proc] perf=3879(us), max=6508(us)!
[05:47:27.932] RX< [0m[RTMP] f_index = 13140, f_len = 13719
[05:47:27.932] RX< [7] [cam] [841722][me0][me_core_thread:359]ME out fid 13140
[05:47:27.932] RX< [34m[AE] fid=13170,exp=9890,adg=275,Y=4669,mtg=180,shg=100,bgbv=1565,iso=275,cnv2,h
[05:47:28.931] RX< dr0
[05:47:28.931] RX< [0m[7] [cam] [842722][me0][me_core_thread:359]ME out fid 13170
[05:47:28.931] RX< [34m[awb0 proc] perf=6608(us), max=6608(us)!
[05:47:28.931] RX< [0m[4] [cam] [842799][qpc0][qpc_core_exception_check:405]discontinuous frame, now: 13183, last: 13181
[05:47:28.931] RX< [34m[AE] fid=13200,exp=9890,adg=275,Y=
[05:47:29.364] RX< 4682,mtg=180,shg=100,bgbv=1568,iso=275,cnv2,hdr0
[05:47:29.364] RX< [0m[34m[ME INTP]fid=13200, shutter=9890, perf=5(us), max=11160(us)!
[05:47:29.364] RX< [0m[7] [cam] [843722][me0][me_core_thread:359]ME out fid 13200
[05:47:29.364] RX< [4] [cam] [843799][qpc0][qpc_core_exception_check:405]discontinuous frame
[05:47:30.255] RX< , now: 13213, last: 13211
[05:47:30.255] RX< [34m[AE] fid=13230,exp=9890,adg=275,Y=4672,mtg=180,shg=100,bgbv=1565,iso=275,cnv2,hdr0
[05:47:30.255] RX< [0m[34m[b_ae0 proc] perf=961(us), max=1097(us)!
[05:47:30.255] RX< [0m[34m[awb0 proc] perf=3833(us), max=6608(us)!
[05:47:30.255] RX< [0m[RTMP] f_index = 13230, f_len = 13244
[05:47:31.931] RX< 
[05:47:31.931] RX< [7] [cam] [844721][me0][me_core_thread:359]ME out fid 13230
[05:47:31.931] RX< [34m[AE] fid=13260,exp=9890,adg=275,Y=4663,mtg=180,shg=100,bgbv=1565,iso=275,cnv2,hdr0
[05:47:31.931] RX< [0m[7] [cam] [845721][me0][me_core_thread:359]ME out fid 13260
[05:47:31.931] RX< [34m[AE] fid=13290,exp=9890,adg=275,Y=4655
[05:47:32.364] RX< ,mtg=180,shg=100,bgbv=1561,iso=275,cnv2,hdr0
[05:47:32.364] RX< [0m[7] [cam] [846721][me0][me_core_thread:359]ME out fid 13290
[05:47:32.364] RX< [34m[awb0 proc] perf=6758(us), max=6758(us)!
[05:47:32.364] RX< [0m[4] [cam] [846799][qpc0][qpc_core_exception_check:405]discontinuous frame, now: 13303, last: 1330
[05:47:33.030] RX< 1
[05:47:33.030] RX< [34m[AE] fid=13320,exp=9890,adg=275,Y=4649,mtg=180,shg=100,bgbv=1557,iso=275,cnv2,hdr0
[05:47:33.030] RX< [0m[34m[b_ae0 proc] perf=1088(us), max=1088(us)!
[05:47:33.030] RX< [0m[34m[awb0 proc] perf=3941(us), max=6758(us)!
[05:47:33.030] RX< [0m[34m[ME INTP]fid=13320, shutter=9890, perf=232(us), max=368
[05:47:33.364] RX< 5(us)!
[05:47:33.364] RX< [0m[RTMP] f_index = 13320, f_len = 13470
[05:47:33.364] RX< [7] [cam] [847721][me0][me_core_thread:359]ME out fid 13320
[05:47:33.364] RX< [34m[awb0 proc] perf=6846(us), max=6846(us)!
[05:47:33.364] RX< [0m[4] [cam] [847799][qpc0][qpc_core_exception_check:405]discontinuous frame, now: 13333, last: 1333
[05:47:35.282] RX< 1
[05:47:35.282] RX< [34m[AE] fid=13350,exp=9890,adg=275,Y=4665,mtg=180,shg=100,bgbv=1565,iso=275,cnv2,hdr0
[05:47:35.282] RX< [0m[7] [cam] [848721][me0][me_core_thread:359]ME out fid 13350
[05:47:35.282] RX< [34m[AE] fid=13380,exp=9890,adg=275,Y=4657,mtg=180,shg=100,bgbv=1561,iso=275,cnv2,hdr0
[05:47:35.282] RX< [0m[7] [cam] 
[05:47:35.934] RX< [849721][me0][me_core_thread:359]ME out fid 13380
[05:47:35.934] RX< [4] [cam] [849798][qpc0][qpc_core_exception_check:405]discontinuous frame, now: 13393, last: 13391
[05:47:35.934] RX< [34m[AE] fid=13410,exp=9890,adg=275,Y=4662,mtg=180,shg=100,bgbv=1561,iso=275,cnv2,hdr0
[05:47:35.934] RX< [0m[34m[b_ae0 pro
[05:47:36.329] RX< c] perf=979(us), max=3256(us)!
[05:47:36.329] RX< [0m[34m[awb0 proc] perf=4011(us), max=6846(us)!
[05:47:36.329] RX< [0m[RTMP] f_index = 13410, f_len = 13309
[05:47:36.329] RX< [7] [cam] [850721][me0][me_core_thread:359]ME out fid 13410
[05:47:36.329] RX< [4] [cam] [850764][qpc0][qpc_core_exception_check:411]interp not finish 
[05:47:37.029] RX< in sof, fid: 13421
[05:47:37.029] RX< [4] [cam] [850797][qpc0][qpc_core_exception_check:405]discontinuous frame, now: 13423, last: 13421
[05:47:37.029] RX< [34m[AE] fid=13440,exp=9890,adg=275,Y=4656,mtg=180,shg=100,bgbv=1561,iso=275,cnv2,hdr0
[05:47:37.029] RX< [0m[34m[ME INTP]fid=13440, shutter=9890, perf=6(
[05:47:37.930] RX< us), max=15088(us)!
[05:47:37.930] RX< [0m[7] [cam] [851721][me0][me_core_thread:359]ME out fid 13440
[05:47:37.930] RX< [4] [cam] [851798][qpc0][qpc_core_exception_check:405]discontinuous frame, now: 13453, last: 13451
[05:47:37.930] RX< [34m[AE] fid=13470,exp=9890,adg=275,Y=4670,mtg=180,shg=100,bgbv=1565,iso
[05:47:38.935] RX< =275,cnv2,hdr0
[05:47:38.935] RX< [0m[7] [cam] [852720][me0][me_core_thread:359]ME out fid 13470
[05:47:38.935] RX< [4] [cam] [852798][qpc0][qpc_core_exception_check:405]discontinuous frame, now: 13483, last: 13481
[05:47:38.935] RX< [34m[AE] fid=13500,exp=9890,adg=275,Y=4659,mtg=180,shg=100,bgbv=1561,iso=275,
[05:47:39.363] RX< cnv2,hdr0
[05:47:39.363] RX< [0m[34m[b_ae0 proc] perf=964(us), max=1101(us)!
[05:47:39.363] RX< [0m[34m[awb0 proc] perf=3829(us), max=5240(us)!
[05:47:39.363] RX< [0m[RTMP] f_index = 13500, f_len = 13562
[05:47:39.363] RX< [7] [cam] [853720][me0][me_core_thread:359]ME out fid 13500
[05:47:39.363] RX< [4] [cam] [853798][qpc0][qpc_core_exception
[05:47:40.313] RX< _check:405]discontinuous frame, now: 13513, last: 13511
[05:47:40.313] RX< [34m[AE] fid=13530,exp=9890,adg=275,Y=4643,mtg=180,shg=100,bgbv=1557,iso=275,cnv2,hdr0
[05:47:40.313] RX< [0m[7] [cam] [854720][me0][me_core_thread:359]ME out fid 13530
[05:47:40.313] RX< [34m[awb0 proc] perf=6631(us), max=6631(us)!
[05:47:40.313] RX< [
[05:47:41.029] RX< 0m[4] [cam] [854798][qpc0][qpc_core_exception_check:405]discontinuous frame, now: 13543, last: 13541
[05:47:41.029] RX< [34m[AE] fid=13560,exp=9890,adg=275,Y=4665,mtg=180,shg=100,bgbv=1565,iso=275,cnv2,hdr0
[05:47:41.029] RX< [0m[34m[ME INTP]fid=13560, shutter=9890, perf=251(us), max=4226(u
[05:47:41.933] RX< s)!
[05:47:41.933] RX< [0m[7] [cam] [855720][me0][me_core_thread:359]ME out fid 13560
[05:47:41.933] RX< [34m[AE] fid=13590,exp=9890,adg=275,Y=4642,mtg=180,shg=100,bgbv=1557,iso=275,cnv2,hdr0
[05:47:41.933] RX< [0m[34m[b_ae0 proc] perf=1096(us), max=4093(us)!
[05:47:41.933] RX< [0m[34m[awb0 proc] perf=3926(us), max=6631(us)
[05:47:42.929] RX< !
[05:47:42.929] RX< [0m[RTMP] f_index = 13590, f_len = 13464
[05:47:42.929] RX< [7] [cam] [856720][me0][me_core_thread:359]ME out fid 13590
[05:47:42.929] RX< [34m[awb0 proc] perf=6479(us), max=6479(us)!
[05:47:42.929] RX< [0m[4] [cam] [856797][qpc0][qpc_core_exception_check:405]discontinuous frame, now: 13603, last: 13601
[05:47:42.929] RX< [3
[05:47:43.363] RX< 4m[AE] fid=13620,exp=9890,adg=275,Y=4675,mtg=180,shg=100,bgbv=1568,iso=275,cnv2,hdr0
[05:47:43.363] RX< [0m[7] [cam] [857720][me0][me_core_thread:359]ME out fid 13620
[05:47:43.363] RX< [34m[awb0 proc] perf=7100(us), max=7100(us)!
[05:47:43.363] RX< [0m[4] [cam] [857798][qpc0][qpc_core_exception_check:405]dis
[05:47:44.933] RX< continuous frame, now: 13633, last: 13631
[05:47:44.933] RX< [34m[AE] fid=13650,exp=9890,adg=275,Y=4636,mtg=180,shg=100,bgbv=1553,iso=275,cnv2,hdr0
[05:47:44.933] RX< [0m[7] [cam] [858720][me0][me_core_thread:359]ME out fid 13650
[05:47:44.933] RX< [34m[awb0 proc] perf=6459(us), max=7100(us)!
[05:47:44.933] RX< [0m[34m[AE] fi
[05:47:45.253] RX< d=13680,exp=9890,adg=275,Y=4640,mtg=180,shg=100,bgbv=1557,iso=275,cnv2,hdr0
[05:47:45.253] RX< [0m[34m[b_ae0 proc] perf=976(us), max=2484(us)!
[05:47:45.253] RX< [0m[34m[awb0 proc] perf=3955(us), max=6459(us)!
[05:47:45.253] RX< [0m[34m[ME INTP]fid=13680, shutter=9890, perf=234(us), max=3236(us)!
[05:47:45.253] RX< [0m[RTM
[05:47:45.928] RX< P] f_index = 13680, f_len = 13348
[05:47:45.928] RX< [7] [cam] [859719][me0][me_core_thread:359]ME out fid 13680
[05:47:45.928] RX< [34m[awb0 proc] perf=6456(us), max=6456(us)!
[05:47:45.928] RX< [0m[4] [cam] [859797][qpc0][qpc_core_exception_check:405]discontinuous frame, now: 13693, last: 13691
[05:47:45.928] RX< [34m[AE] fid
[05:47:46.361] RX< =13710,exp=9890,adg=275,Y=4644,mtg=180,shg=100,bgbv=1557,iso=275,cnv2,hdr0
[05:47:46.361] RX< [0m[7] [cam] [860719][me0][me_core_thread:359]ME out fid 13710
[05:47:46.361] RX< [34m[awb0 proc] perf=6497(us), max=6497(us)!
[05:47:46.361] RX< [0m[4] [cam] [860797][qpc0][qpc_core_exception_check:405]discontinuous
[05:47:47.362] RX<  frame, now: 13723, last: 13721
[05:47:47.362] RX< [34m[AE] fid=13740,exp=9890,adg=275,Y=4640,mtg=180,shg=100,bgbv=1557,iso=275,cnv2,hdr0
[05:47:47.362] RX< [0m[7] [cam] [861719][me0][me_core_thread:359]ME out fid 13740
[05:47:47.362] RX< [34m[awb0 proc] perf=6851(us), max=6851(us)!
[05:47:47.362] RX< [0m[4] [cam] [861797][qpc
[05:47:47.933] RX< 0][qpc_core_exception_check:405]discontinuous frame, now: 13753, last: 13751
[05:47:47.933] RX< [34m[AE] fid=13770,exp=9890,adg=275,Y=4669,mtg=180,shg=100,bgbv=1565,iso=275,cnv2,hdr0
[05:47:47.933] RX< [0m[34m[b_ae0 proc] perf=968(us), max=1671(us)!
[05:47:47.933] RX< [0m[34m[awb0 proc] perf=3929(us), max=
[05:47:48.361] RX< 6851(us)!
[05:47:48.361] RX< [0m[RTMP] f_index = 13770, f_len = 13785
[05:47:48.361] RX< [7] [cam] [862719][me0][me_core_thread:359]ME out fid 13770
[05:47:48.361] RX< [34m[awb0 proc] perf=6530(us), max=6530(us)!
[05:47:48.361] RX< [0m[4] [cam] [862797][qpc0][qpc_core_exception_check:405]discontinuous frame, now: 13783, last: 1
[05:47:49.317] RX< 3781
[05:47:49.317] RX< [34m[AE] fid=13800,exp=9890,adg=275,Y=4640,mtg=180,shg=100,bgbv=1557,iso=275,cnv2,hdr0
[05:47:49.317] RX< [0m[34m[ME INTP]fid=13800, shutter=9890, perf=1753(us), max=2706(us)!
[05:47:49.317] RX< [0m[7] [cam] [863719][me0][me_core_thread:359]ME out fid 13800
[05:47:49.317] RX< [34m[awb0 proc] perf=8030(
[05:47:50.280] RX< us), max=8030(us)!
[05:47:50.280] RX< [0m[4] [cam] [863795][qpc0][qpc_core_exception_check:405]discontinuous frame, now: 13813, last: 13811
[05:47:50.280] RX< [34m[AE] fid=13830,exp=9890,adg=275,Y=4631,mtg=180,shg=100,bgbv=1553,iso=275,cnv2,hdr0
[05:47:50.280] RX< [0m[7] [cam] [864719][me0][me_core_thread:359
[05:47:51.280] RX< ]ME out fid 13830
[05:47:51.280] RX< [34m[AE] fid=13860,exp=9960,adg=275,Y=4610,mtg=180,shg=100,bgbv=1537,iso=275,cnv2,hdr0
[05:47:51.280] RX< [0m[34m[b_ae0 proc] perf=1323(us), max=1323(us)!
[05:47:51.280] RX< [0m[34m[awb0 proc] perf=3978(us), max=8030(us)!
[05:47:51.280] RX< [0m[RTMP] f_index = 13860, f_len = 39953
[05:47:51.280] RX< [7] [c
[05:47:51.380] RX< am] [865719][me0][me_core_thread:359]ME out fid 13860
[05:47:51.380] RX< [4] [cam] [865782][qpc0][qpc_core_exception_check:411]interp not finish in sof, fid: 13871
[05:47:51.380] RX< [4] [cam] [865800][qpc0][qpc_core_exception_check:411]interp not finish in sof, fid: 13871
[05:47:51.380] RX< [34m[awb0 proc] per
[05:47:51.927] RX< f=7424(us), max=7424(us)!
[05:47:51.927] RX< [0m[4] [cam] [865833][qpc0][qpc_core_exception_check:405]discontinuous frame, now: 13873, last: 13871
[05:47:51.927] RX< [4] [cam] [865862][qpc0][qpc_core_exception_check:405]discontinuous frame, now: 13875, last: 13873
[05:47:51.927] RX< [34m[AE] fid=13890,exp=1004
[05:47:52.360] RX< 0,adg=275,Y=4658,mtg=180,shg=100,bgbv=1539,iso=275,cnv2,hdr0
[05:47:52.360] RX< [0m[7] [cam] [866718][me0][me_core_thread:359]ME out fid 13890
[05:47:52.360] RX< [34m[awb0 proc] perf=6584(us), max=7424(us)!
[05:47:52.360] RX< [0m[4] [cam] [866796][qpc0][qpc_core_exception_check:405]discontinuous frame, now: 1
[05:47:53.360] RX< 3903, last: 13901
[05:47:53.360] RX< [34m[AE] fid=13920,exp=9960,adg=275,Y=4676,mtg=180,shg=100,bgbv=1560,iso=275,cnv2,hdr0
[05:47:53.360] RX< [0m[34m[ME INTP]fid=13920, shutter=9960, perf=6(us), max=21869(us)!
[05:47:53.360] RX< [0m[7] [cam] [867718][me0][me_core_thread:359]ME out fid 13920
[05:47:53.360] RX< [4] [cam] [86779
[05:47:53.932] RX< 6][qpc0][qpc_core_exception_check:405]discontinuous frame, now: 13933, last: 13931
[05:47:53.932] RX< [34m[AE] fid=13950,exp=9960,adg=275,Y=4678,mtg=180,shg=100,bgbv=1560,iso=275,cnv2,hdr0
[05:47:53.932] RX< [0m[34m[b_ae0 proc] perf=976(us), max=2906(us)!
[05:47:53.932] RX< [0m[34m[awb0 proc] perf=3986(us)
[05:47:54.360] RX< , max=6584(us)!
[05:47:54.360] RX< [0m[RTMP] f_index = 13950, f_len = 16783
[05:47:54.360] RX< [7] [cam] [868718][me0][me_core_thread:359]ME out fid 13950
[05:47:54.360] RX< [34m[awb0 proc] perf=7977(us), max=7977(us)!
[05:47:54.360] RX< [0m[4] [cam] [868796][qpc0][qpc_core_exception_check:405]discontinuous frame, now: 13963, l
[05:47:55.360] RX< ast: 13961
[05:47:55.360] RX< [34m[AE] fid=13980,exp=9960,adg=275,Y=4675,mtg=180,shg=100,bgbv=1560,iso=275,cnv2,hdr0
[05:47:55.360] RX< [0m[7] [cam] [869718][me0][me_core_thread:359]ME out fid 13980
[05:47:55.360] RX< [34m[awb0 proc] perf=6466(us), max=7977(us)!
[05:47:55.360] RX< [0m[4] [cam] [869796][qpc0][qpc_core_exception
[05:47:56.930] RX< _check:405]discontinuous frame, now: 13993, last: 13991
[05:47:56.930] RX< [34m[AE] fid=14010,exp=9960,adg=275,Y=4672,mtg=180,shg=100,bgbv=1557,iso=275,cnv2,hdr0
[05:47:56.930] RX< [0m[7] [cam] [870718][me0][me_core_thread:359]ME out fid 14010
[05:47:56.930] RX< [34m[AE] fid=14040,exp=9930,adg=275,Y=4667,mtg=
[05:47:57.266] RX< 180,shg=100,bgbv=1560,iso=275,cnv2,hdr0
[05:47:57.266] RX< [0m[34m[b_ae0 proc] perf=969(us), max=3616(us)!
[05:47:57.266] RX< [0m[34m[awb0 proc] perf=3965(us), max=6466(us)!
[05:47:57.266] RX< [0m[34m[ME INTP]fid=14040, shutter=9930, perf=233(us), max=4058(us)!
[05:47:57.266] RX< [0m[RTMP] f_index = 14040, f_len = 13736
[05:47:57.266] RX< [7
[05:47:58.309] RX< ] [cam] [871718][me0][me_core_thread:359]ME out fid 14040
[05:47:58.309] RX< [34m[AE] fid=14070,exp=9930,adg=275,Y=4662,mtg=180,shg=100,bgbv=1556,iso=275,cnv2,hdr0
[05:47:58.309] RX< [0m[7] [cam] [872718][me0][me_core_thread:359]ME out fid 14070
[05:47:58.309] RX< [34m[awb0 proc] perf=6576(us), max=6576(us)!
[05:47:59.311] RX< [0m[4] [cam] [872795][qpc0][qpc_core_exception_check:405]discontinuous frame, now: 14083, last: 14081
[05:47:59.311] RX< [34m[AE] fid=14100,exp=9930,adg=275,Y=4662,mtg=180,shg=100,bgbv=1556,iso=275,cnv2,hdr0
[05:47:59.311] RX< [0m[7] [cam] [873718][me0][me_core_thread:359]ME out fid 14100
[05:47:59.311] RX< 
[05:47:59.931] RX< [34m[awb0 proc] perf=6489(us), max=6576(us)!
[05:47:59.931] RX< [0m[4] [cam] [873795][qpc0][qpc_core_exception_check:405]discontinuous frame, now: 14113, last: 14111
[05:47:59.931] RX< [34m[AE] fid=14130,exp=9930,adg=275,Y=4653,mtg=180,shg=100,bgbv=1556,iso=275,cnv2,hdr0
[05:47:59.931] RX< [0m[34m[b_ae0 proc
[05:48:00.357] RX< ] perf=977(us), max=1218(us)!
[05:48:00.357] RX< [0m[34m[awb0 proc] perf=3815(us), max=6489(us)!
[05:48:00.357] RX< [0m[RTMP] f_index = 14130, f_len = 13476
[05:48:00.357] RX< [7] [cam] [874717][me0][me_core_thread:359]ME out fid 14130
[05:48:00.357] RX< [34m[awb0 proc] perf=6826(us), max=6826(us)!
[05:48:00.357] RX< [0m[4] [cam] [874794][qpc0
[05:48:01.266] RX< ][qpc_core_exception_check:405]discontinuous frame, now: 14143, last: 14141
[05:48:01.266] RX< [34m[AE] fid=14160,exp=9930,adg=275,Y=4666,mtg=180,shg=100,bgbv=1560,iso=275,cnv2,hdr0
[05:48:01.266] RX< [0m[34m[ME INTP]fid=14160, shutter=9930, perf=251(us), max=2624(us)!
[05:48:01.266] RX< [0m[7] [cam] [875717
[05:48:01.925] RX< ][me0][me_core_thread:359]ME out fid 14160
[05:48:01.925] RX< [34m[awb0 proc] perf=6460(us), max=6826(us)!
[05:48:01.925] RX< [0m[4] [cam] [875794][qpc0][qpc_core_exception_check:405]discontinuous frame, now: 14173, last: 14171
[05:48:01.925] RX< [34m[AE] fid=14190,exp=9930,adg=275,Y=4668,mtg=180,shg=100,bgbv
[05:48:02.929] RX< =1560,iso=275,cnv2,hdr0
[05:48:02.929] RX< [0m[7] [cam] [876717][me0][me_core_thread:359]ME out fid 14190
[05:48:02.929] RX< [34m[awb0 proc] perf=6592(us), max=6592(us)!
[05:48:02.929] RX< [0m[4] [cam] [876794][qpc0][qpc_core_exception_check:405]discontinuous frame, now: 14203, last: 14201
[05:48:02.929] RX< [34m[AE] fid=14220
[05:48:03.265] RX< ,exp=9930,adg=275,Y=4659,mtg=180,shg=100,bgbv=1556,iso=275,cnv2,hdr0
[05:48:03.265] RX< [0m[34m[b_ae0 proc] perf=971(us), max=3201(us)!
[05:48:03.265] RX< [0m[34m[awb0 proc] perf=3937(us), max=6592(us)!
[05:48:03.265] RX< [0m[RTMP] f_index = 14220, f_len = 13658
[05:48:03.265] RX< [7] [cam] [877717][me0][me_core_thread:359]M
[05:48:03.925] RX< E out fid 14220
[05:48:03.925] RX< [34m[awb0 proc] perf=6817(us), max=6817(us)!
[05:48:03.925] RX< [0m[4] [cam] [877794][qpc0][qpc_core_exception_check:405]discontinuous frame, now: 14233, last: 14231
[05:48:03.925] RX< [34m[AE] fid=14250,exp=9960,adg=275,Y=4672,mtg=180,shg=100,bgbv=1557,iso=275,cnv2,hdr0
[05:48:03.925] RX< [0
[05:48:04.925] RX< m[7] [cam] [878717][me0][me_core_thread:359]ME out fid 14250
[05:48:04.925] RX< [34m[awb0 proc] perf=6388(us), max=6817(us)!
[05:48:04.925] RX< [0m[4] [cam] [878794][qpc0][qpc_core_exception_check:405]discontinuous frame, now: 14263, last: 14261
[05:48:04.925] RX< [34m[AE] fid=14280,exp=9960,adg=275,Y=4682,mt
[05:48:05.358] RX< g=180,shg=100,bgbv=1560,iso=275,cnv2,hdr0
[05:48:05.358] RX< [0m[34m[ME INTP]fid=14280, shutter=9960, perf=6(us), max=2496(us)!
[05:48:05.358] RX< [0m[7] [cam] [879717][me0][me_core_thread:359]ME out fid 14280
[05:48:05.358] RX< [34m[awb0 proc] perf=6827(us), max=6827(us)!
[05:48:05.358] RX< [0m[4] [cam] [879794][qpc0][qpc_co
[05:48:05.929] RX< re_exception_check:405]discontinuous frame, now: 14293, last: 14291
[05:48:05.929] RX< [34m[AE] fid=14310,exp=9960,adg=275,Y=4683,mtg=180,shg=100,bgbv=1560,iso=275,cnv2,hdr0
[05:48:05.929] RX< [0m[34m[b_ae0 proc] perf=980(us), max=1939(us)!
[05:48:05.929] RX< [0m[34m[awb0 proc] perf=3931(us), max=6827(us)!
[05:48:06.924] RX< 
[05:48:06.924] RX< [0m[RTMP] f_index = 14310, f_len = 13495
[05:48:06.924] RX< [7] [cam] [880717][me0][me_core_thread:359]ME out fid 14310
[05:48:06.924] RX< [34m[awb0 proc] perf=6599(us), max=6599(us)!
[05:48:06.924] RX< [0m[4] [cam] [880794][qpc0][qpc_core_exception_check:405]discontinuous frame, now: 14323, last: 14321
[05:48:06.924] RX< [34
[05:48:07.357] RX< m[AE] fid=14340,exp=9930,adg=275,Y=4668,mtg=180,shg=100,bgbv=1560,iso=275,cnv2,hdr0
[05:48:07.357] RX< [0m[7] [cam] [881716][me0][me_core_thread:359]ME out fid 14340
[05:48:07.357] RX< [34m[awb0 proc] perf=6429(us), max=6599(us)!
[05:48:07.357] RX< [0m[4] [cam] [881794][qpc0][qpc_core_exception_check:405]disc
[05:48:08.357] RX< ontinuous frame, now: 14353, last: 14351
[05:48:08.357] RX< [34m[AE] fid=14370,exp=9930,adg=275,Y=4670,mtg=180,shg=100,bgbv=1560,iso=275,cnv2,hdr0
[05:48:08.357] RX< [0m[7] [cam] [882716][me0][me_core_thread:359]ME out fid 14370
[05:48:08.357] RX< [34m[awb0 proc] perf=6507(us), max=6507(us)!
[05:48:08.357] RX< [0m[4] [cam] [88
[05:48:08.929] RX< 2795][qpc0][qpc_core_exception_check:405]discontinuous frame, now: 14383, last: 14381
[05:48:08.929] RX< [34m[AE] fid=14400,exp=9930,adg=275,Y=4666,mtg=180,shg=100,bgbv=1560,iso=275,cnv2,hdr0
[05:48:08.929] RX< [0m[34m[b_ae0 proc] perf=971(us), max=1109(us)!
[05:48:08.929] RX< [0m[34m[awb0 proc] perf=3826(
[05:48:09.923] RX< us), max=6507(us)!
[05:48:09.923] RX< [0m[34m[ME INTP]fid=14400, shutter=9930, perf=5(us), max=544(us)!
[05:48:09.923] RX< [0m[RTMP] f_index = 14400, f_len = 13668
[05:48:09.923] RX< [7] [cam] [883716][me0][me_core_thread:359]ME out fid 14400
[05:48:09.923] RX< [34m[AE] fid=14430,exp=9930,adg=275,Y=4655,mtg=180,shg=100,bgbv=15
[05:48:10.923] RX< 56,iso=275,cnv2,hdr0
[05:48:10.923] RX< [0m[7] [cam] [884716][me0][me_core_thread:359]ME out fid 14430
[05:48:10.923] RX< [34m[awb0 proc] perf=6438(us), max=6438(us)!
[05:48:10.923] RX< [0m[4] [cam] [884794][qpc0][qpc_core_exception_check:405]discontinuous frame, now: 14443, last: 14441
[05:48:10.923] RX< [34m[AE] fid=14460,ex
[05:48:11.928] RX< p=9960,adg=275,Y=4672,mtg=180,shg=100,bgbv=1557,iso=275,cnv2,hdr0
[05:48:11.928] RX< [0m[7] [cam] [885716][me0][me_core_thread:359]ME out fid 14460
[05:48:11.928] RX< [34m[AE] fid=14490,exp=9960,adg=275,Y=4680,mtg=180,shg=100,bgbv=1560,iso=275,cnv2,hdr0
[05:48:11.928] RX< [0m[34m[b_ae0 proc] perf=1086(us), m
[05:48:12.923] RX< ax=2531(us)!
[05:48:12.923] RX< [0m[34m[awb0 proc] perf=3931(us), max=6438(us)!
[05:48:12.923] RX< [0m[RTMP] f_index = 14490, f_len = 13089
[05:48:12.923] RX< [7] [cam] [886716][me0][me_core_thread:359]ME out fid 14490
[05:48:12.923] RX< [34m[AE] fid=14520,exp=9960,adg=275,Y=4677,mtg=180,shg=100,bgbv=1560,iso=275,cnv2,hdr0
[05:48:12.923] RX< [
[05:48:14.275] RX< 0m[34m[ME INTP]fid=14520, shutter=9960, perf=6(us), max=7344(us)!
[05:48:14.275] RX< [0m[7] [cam] [887716][me0][me_core_thread:359]ME out fid 14520
[05:48:14.275] RX< [34m[AE] fid=14550,exp=9960,adg=275,Y=4676,mtg=180,shg=100,bgbv=1560,iso=275,cnv2,hdr0
[05:48:14.275] RX< [0m[7] [cam] [888715][me0][me_core_t
[05:48:15.247] RX< hread:359]ME out fid 14550
[05:48:15.247] RX< [34m[AE] fid=14580,exp=9930,adg=275,Y=4666,mtg=180,shg=100,bgbv=1560,iso=275,cnv2,hdr0
[05:48:15.247] RX< [0m[34m[b_ae0 proc] perf=973(us), max=2162(us)!
[05:48:15.247] RX< [0m[34m[awb0 proc] perf=4010(us), max=4294(us)!
[05:48:15.247] RX< [0m[RTMP] f_index = 14580, f_len = 8813
[05:48:16.923] RX< 
[05:48:16.923] RX< [7] [cam] [889715][me0][me_core_thread:359]ME out fid 14580
[05:48:16.923] RX< [34m[AE] fid=14610,exp=9930,adg=275,Y=4655,mtg=180,shg=100,bgbv=1556,iso=275,cnv2,hdr0
[05:48:16.923] RX< [0m[7] [cam] [890715][me0][me_core_thread:359]ME out fid 14610
[05:48:16.923] RX< [34m[AE] fid=14640,exp=9930,adg=275,Y=4660
[05:48:17.928] RX< ,mtg=180,shg=100,bgbv=1556,iso=275,cnv2,hdr0
[05:48:17.928] RX< [0m[34m[ME INTP]fid=14640, shutter=9930, perf=6(us), max=1148(us)!
[05:48:17.928] RX< [0m[7] [cam] [891715][me0][me_core_thread:359]ME out fid 14640
[05:48:17.928] RX< [34m[AE] fid=14670,exp=9930,adg=275,Y=4680,mtg=180,shg=100,bgbv=1563,iso=275,
[05:48:18.312] RX< cnv2,hdr0
[05:48:18.312] RX< [0m[34m[b_ae0 proc] perf=980(us), max=2350(us)!
[05:48:18.312] RX< [0m[34m[awb0 proc] perf=3831(us), max=4344(us)!
[05:48:18.312] RX< [0m[RTMP] f_index = 14670, f_len = 21005
[05:48:18.312] RX< [7] [cam] [892715][me0][me_core_thread:359]ME out fid 14670
[05:48:18.312] RX< [34m[awb0 proc] perf=6902(us), max=6902(us
[05:48:20.274] RX< )!
[05:48:20.274] RX< [0m[34m[AE] fid=14700,exp=9930,adg=275,Y=4658,mtg=180,shg=100,bgbv=1556,iso=275,cnv2,hdr0
[05:48:20.274] RX< [0m[7] [cam] [893715][me0][me_core_thread:359]ME out fid 14700
[05:48:20.274] RX< [34m[AE] fid=14730,exp=9930,adg=275,Y=4665,mtg=180,shg=100,bgbv=1560,iso=275,cnv2,hdr0
[05:48:20.274] RX< [0m[7] [
[05:48:20.927] RX< cam] [894715][me0][me_core_thread:359]ME out fid 14730
[05:48:20.927] RX< [34m[awb0 proc] perf=6737(us), max=6902(us)!
[05:48:20.927] RX< [0m[4] [cam] [894792][qpc0][qpc_core_exception_check:405]discontinuous frame, now: 14743, last: 14741
[05:48:20.927] RX< [34m[AE] fid=14760,exp=9890,adg=275,Y=4672,mtg=180,
[05:48:21.293] RX< shg=100,bgbv=1565,iso=275,cnv2,hdr0
[05:48:21.293] RX< [0m[34m[b_ae0 proc] perf=1106(us), max=3504(us)!
[05:48:21.293] RX< [0m[34m[awb0 proc] perf=3939(us), max=6737(us)!
[05:48:21.293] RX< [0m[34m[ME INTP]fid=14760, shutter=9890, perf=233(us), max=1300(us)!
[05:48:21.293] RX< [0m[RTMP] f_index = 14760, f_len = 20901
[05:48:21.293] RX< [7] [
[05:48:22.274] RX< cam] [895734][me0][me_core_thread:359]ME out fid 14760
[05:48:22.274] RX< [4] [cam] [895792][qpc0][qpc_core_exception_check:405]discontinuous frame, now: 14773, last: 14771
[05:48:22.274] RX< [34m[AE] fid=14790,exp=9890,adg=275,Y=4624,mtg=180,shg=100,bgbv=1549,iso=275,cnv2,hdr0
[05:48:22.274] RX< [0m[7] [cam] 
[05:48:22.921] RX< [896714][me0][me_core_thread:359]ME out fid 14790
[05:48:22.921] RX< [34m[awb0 proc] perf=7120(us), max=7120(us)!
[05:48:22.921] RX< [0m[4] [cam] [896792][qpc0][qpc_core_exception_check:405]discontinuous frame, now: 14803, last: 14801
[05:48:22.921] RX< [34m[AE] fid=14820,exp=9890,adg=275,Y=4640,mtg=180,shg=1
[05:48:23.926] RX< 00,bgbv=1557,iso=275,cnv2,hdr0
[05:48:23.926] RX< [0m[7] [cam] [897714][me0][me_core_thread:359]ME out fid 14820
[05:48:23.926] RX< [34m[AE] fid=14850,exp=9890,adg=275,Y=4640,mtg=180,shg=100,bgbv=1557,iso=275,cnv2,hdr0
[05:48:23.926] RX< [0m[34m[b_ae0 proc] perf=980(us), max=2163(us)!
[05:48:23.926] RX< [0m[34m[awb0 proc] p
[05:48:24.921] RX< erf=3972(us), max=7120(us)!
[05:48:24.921] RX< [0m[RTMP] f_index = 14850, f_len = 8971
[05:48:24.921] RX< [7] [cam] [898714][me0][me_core_thread:359]ME out fid 14850
[05:48:24.921] RX< [4] [cam] [898792][qpc0][qpc_core_exception_check:405]discontinuous frame, now: 14863, last: 14861
[05:48:24.921] RX< [34m[AE] fid=14880,exp=9890
[05:48:25.921] RX< ,adg=275,Y=4637,mtg=180,shg=100,bgbv=1553,iso=275,cnv2,hdr0
[05:48:25.921] RX< [0m[34m[ME INTP]fid=14880, shutter=9890, perf=6(us), max=9179(us)!
[05:48:25.921] RX< [0m[7] [cam] [899714][me0][me_core_thread:359]ME out fid 14880
[05:48:25.921] RX< [34m[AE] fid=14910,exp=9890,adg=275,Y=4641,mtg=180,shg=100,bgb
[05:48:26.925] RX< v=1557,iso=275,cnv2,hdr0
[05:48:26.925] RX< [0m[7] [cam] [900714][me0][me_core_thread:359]ME out fid 14910
[05:48:26.925] RX< [34m[AE] fid=14940,exp=9890,adg=275,Y=4629,mtg=180,shg=100,bgbv=1553,iso=275,cnv2,hdr0
[05:48:26.925] RX< [0m[34m[b_ae0 proc] perf=977(us), max=2708(us)!
[05:48:26.925] RX< [0m[34m[awb0 proc] perf=39
[05:48:27.920] RX< 46(us), max=4691(us)!
[05:48:27.920] RX< [0m[RTMP] f_index = 14940, f_len = 9171
[05:48:27.920] RX< [7] [cam] [901714][me0][me_core_thread:359]ME out fid 14940
[05:48:27.920] RX< [4] [cam] [901791][qpc0][qpc_core_exception_check:405]discontinuous frame, now: 14953, last: 14951
[05:48:27.920] RX< [34m[AE] fid=14970,exp=9890,adg=2
[05:48:28.920] RX< 75,Y=4633,mtg=180,shg=100,bgbv=1553,iso=275,cnv2,hdr0
[05:48:28.920] RX< [0m[7] [cam] [902714][me0][me_core_thread:359]ME out fid 14970
[05:48:28.920] RX< [4] [cam] [902791][qpc0][qpc_core_exception_check:405]discontinuous frame, now: 14983, last: 14981
[05:48:28.920] RX< [34m[AE] fid=15000,exp=9890,adg=275,Y=
[05:48:29.354] RX< 4638,mtg=180,shg=100,bgbv=1557,iso=275,cnv2,hdr0
[05:48:29.354] RX< [0m[34m[ME INTP]fid=15000, shutter=9890, perf=6(us), max=2233(us)!
[05:48:29.354] RX< [0m[7] [cam] [903739][me0][me_core_thread:359]ME out fid 15000
[05:48:29.354] RX< [4] [cam] [903791][qpc0][qpc_core_exception_check:405]discontinuous frame,
[05:48:30.245] RX<  now: 15013, last: 15011
[05:48:30.245] RX< [34m[AE] fid=15030,exp=9890,adg=275,Y=4645,mtg=180,shg=100,bgbv=1557,iso=275,cnv2,hdr0
[05:48:30.245] RX< [0m[34m[b_ae0 proc] perf=1102(us), max=1849(us)!
[05:48:30.245] RX< [0m[34m[awb0 proc] perf=3837(us), max=4114(us)!
[05:48:30.245] RX< [0m[RTMP] f_index = 15030, f_len = 9351
[05:48:31.919] RX< [7] [cam] [904713][me0][me_core_thread:359]ME out fid 15030
[05:48:31.919] RX< [34m[AE] fid=15060,exp=9890,adg=275,Y=4645,mtg=180,shg=100,bgbv=1557,iso=275,cnv2,hdr0
[05:48:31.919] RX< [0m[7] [cam] [905713][me0][me_core_thread:359]ME out fid 15060
[05:48:31.919] RX< [34m[AE] fid=15090,exp=9890,adg=275,Y=4639,
[05:48:32.924] RX< mtg=180,shg=100,bgbv=1557,iso=275,cnv2,hdr0
[05:48:32.924] RX< [0m[7] [cam] [906713][me0][me_core_thread:359]ME out fid 15090
[05:48:32.924] RX< [RTMP] slow send frame 15092 len=27496 dt=51ms
[05:48:32.924] RX< [34m[AE] fid=15120,exp=9890,adg=275,Y=4639,mtg=180,shg=100,bgbv=1557,iso=275,cnv2,hdr0
[05:48:32.924] RX< [0m[34m[b_a
[05:48:33.260] RX< e0 proc] perf=876(us), max=2433(us)!
[05:48:33.260] RX< [0m[34m[awb0 proc] perf=3948(us), max=4362(us)!
[05:48:33.260] RX< [0m[34m[ME INTP]fid=15120, shutter=9890, perf=233(us), max=3743(us)!
[05:48:33.260] RX< [0m[RTMP] f_index = 15120, f_len = 10268
[05:48:33.260] RX< [7] [cam] [907713][me0][me_core_thread:359]ME out fid 1
[05:48:34.271] RX< 5120
[05:48:34.271] RX< [4] [cam] [907890][qpc0][qpc_core_exception_check:405]discontinuous frame, now: 15136, last: 15134
[05:48:34.271] RX< [34m[AE] fid=15150,exp=9890,adg=275,Y=4630,mtg=180,shg=100,bgbv=1553,iso=275,cnv2,hdr0
[05:48:34.271] RX< [0m[7] [cam] [908713][me0][me_core_thread:359]ME out fid 15150
[05:48:35.923] RX< [34m[AE] fid=15180,exp=9890,adg=275,Y=4621,mtg=180,shg=100,bgbv=1549,iso=275,cnv2,hdr0
[05:48:35.923] RX< [0m[7] [cam] [909713][me0][me_core_thread:359]ME out fid 15180
[05:48:35.923] RX< [4] [cam] [909790][qpc0][qpc_core_exception_check:405]discontinuous frame, now: 15193, last: 15191
[05:48:35.923] RX< [34m
[05:48:36.259] RX< [AE] fid=15210,exp=9890,adg=275,Y=4624,mtg=180,shg=100,bgbv=1549,iso=275,cnv2,hdr0
[05:48:36.259] RX< [0m[34m[b_ae0 proc] perf=975(us), max=2477(us)!
[05:48:36.259] RX< [0m[34m[awb0 proc] perf=3942(us), max=4691(us)!
[05:48:36.259] RX< [0m[RTMP] f_index = 15210, f_len = 21162
[05:48:36.259] RX< [7] [cam] [910712][me0][me_cor
[05:48:37.352] RX< e_thread:359]ME out fid 15210
[05:48:37.352] RX< [34m[AE] fid=15240,exp=9890,adg=275,Y=4634,mtg=180,shg=100,bgbv=1553,iso=275,cnv2,hdr0
[05:48:37.352] RX< [0m[34m[ME INTP]fid=15240, shutter=9890, perf=6(us), max=17873(us)!
[05:48:37.352] RX< [0m[7] [cam] [911712][me0][me_core_thread:359]ME out fid 15240
[05:48:37.352] RX< [4] 
[05:48:38.924] RX< [cam] [911790][qpc0][qpc_core_exception_check:405]discontinuous frame, now: 15253, last: 15251
[05:48:38.924] RX< [34m[AE] fid=15270,exp=9890,adg=275,Y=4635,mtg=180,shg=100,bgbv=1553,iso=275,cnv2,hdr0
[05:48:38.924] RX< [0m[7] [cam] [912712][me0][me_core_thread:359]ME out fid 15270
[05:48:38.924] RX< [34m[AE]
[05:48:39.260] RX<  fid=15300,exp=9890,adg=275,Y=4639,mtg=180,shg=100,bgbv=1557,iso=275,cnv2,hdr0
[05:48:39.260] RX< [0m[34m[b_ae0 proc] perf=1017(us), max=3999(us)!
[05:48:39.260] RX< [0m[34m[awb0 proc] perf=3948(us), max=5930(us)!
[05:48:39.260] RX< [0m[RTMP] f_index = 15300, f_len = 20915
[05:48:39.260] RX< [7] [cam] [913712][me0][me_core_t
[05:48:40.918] RX< hread:359]ME out fid 15300
[05:48:40.918] RX< [34m[AE] fid=15330,exp=9890,adg=275,Y=4641,mtg=180,shg=100,bgbv=1557,iso=275,cnv2,hdr0
[05:48:40.918] RX< [0m[7] [cam] [914712][me0][me_core_thread:359]ME out fid 15330
[05:48:40.918] RX< [34m[AE] fid=15360,exp=9890,adg=275,Y=4647,mtg=180,shg=100,bgbv=1557,iso=275
[05:48:41.924] RX< ,cnv2,hdr0
[05:48:41.924] RX< [0m[34m[ME INTP]fid=15360, shutter=9890, perf=5(us), max=1983(us)!
[05:48:41.924] RX< [0m[7] [cam] [915712][me0][me_core_thread:359]ME out fid 15360
[05:48:41.924] RX< [34m[AE] fid=15390,exp=9890,adg=275,Y=4650,mtg=180,shg=100,bgbv=1561,iso=275,cnv2,hdr0
[05:48:41.924] RX< [0m[34m[b_ae0 proc] pe
[05:48:42.918] RX< rf=973(us), max=1573(us)!
[05:48:42.918] RX< [0m[34m[awb0 proc] perf=3938(us), max=5939(us)!
[05:48:42.918] RX< [0m[RTMP] f_index = 15390, f_len = 20963
[05:48:42.918] RX< [7] [cam] [916712][me0][me_core_thread:359]ME out fid 15390
[05:48:42.918] RX< [34m[AE] fid=15420,exp=9890,adg=275,Y=4650,mtg=180,shg=100,bgbv=1561,iso=275
[05:48:44.919] RX< ,cnv2,hdr0
[05:48:44.919] RX< [0m[7] [cam] [917712][me0][me_core_thread:359]ME out fid 15420
[05:48:44.919] RX< [34m[AE] fid=15450,exp=9890,adg=275,Y=4642,mtg=180,shg=100,bgbv=1557,iso=275,cnv2,hdr0
[05:48:44.919] RX< [0m[7] [cam] [918711][me0][me_core_thread:359]ME out fid 15450
[05:48:45.018] RX< [34m[AE] fid=15480,exp=9890,adg=275,Y=4629,mtg=180,shg=100,bgbv=1553,iso=275,cnv2,hdr0
[05:48:45.018] RX< [0m[34m[b_ae0 proc] perf=962(us), max=1258(us)!
[05:48:45.018] RX< [0m[34m[awb0 proc] perf=3931(us), max=4018(us)!
[05:48:45.018] RX< [0m[34m[ME INTP]fid=15480, shutter=9890, perf=7(us), max=2097(us)
[05:48:46.359] RX< !
[05:48:46.359] RX< [0m[RTMP] f_index = 15480, f_len = 8985
[05:48:46.359] RX< [7] [cam] [919711][me0][me_core_thread:359]ME out fid 15480
[05:48:46.359] RX< [34m[AE] fid=15510,exp=9890,adg=275,Y=4639,mtg=180,shg=100,bgbv=1557,iso=275,cnv2,hdr0
[05:48:46.359] RX< [0m[7] [cam] [920711][me0][me_core_thread:359]ME out fid 15510
[05:48:46.359] RX< [
[05:48:47.921] RX< 4] [cam] [920797][qpc0][qpc_core_exception_check:405]discontinuous frame, now: 15523, last: 15521
[05:48:47.921] RX< [34m[AE] fid=15540,exp=9890,adg=275,Y=4643,mtg=180,shg=100,bgbv=1557,iso=275,cnv2,hdr0
[05:48:47.921] RX< [0m[7] [cam] [921711][me0][me_core_thread:359]ME out fid 15540
[05:48:47.921] RX< [34m[
[05:48:48.257] RX< AE] fid=15570,exp=9890,adg=275,Y=4642,mtg=180,shg=100,bgbv=1557,iso=275,cnv2,hdr0
[05:48:48.257] RX< [0m[34m[b_ae0 proc] perf=978(us), max=2531(us)!
[05:48:48.257] RX< [0m[34m[awb0 proc] perf=3903(us), max=4192(us)!
[05:48:48.257] RX< [0m[RTMP] f_index = 15570, f_len = 13669
[05:48:48.257] RX< [7] [cam] [922711][me0][me_core
[05:48:48.916] RX< _thread:359]ME out fid 15570
[05:48:48.916] RX< [34m[awb0 proc] perf=7284(us), max=7284(us)!
[05:48:48.916] RX< [0m[4] [cam] [922788][qpc0][qpc_core_exception_check:405]discontinuous frame, now: 15583, last: 15581
[05:48:48.916] RX< [34m[AE] fid=15600,exp=9890,adg=275,Y=4647,mtg=180,shg=100,bgbv=1557,iso=275,
[05:48:49.916] RX< cnv2,hdr0
[05:48:49.916] RX< [0m[34m[ME INTP]fid=15600, shutter=9890, perf=234(us), max=2203(us)!
[05:48:49.916] RX< [0m[7] [cam] [923711][me0][me_core_thread:359]ME out fid 15600
[05:48:49.916] RX< [RTMP] slow send frame 15602 len=39490 dt=52ms
[05:48:49.916] RX< [34m[AE] fid=15630,exp=9890,adg=275,Y=4636,mtg=180,shg=100,bgbv
[05:48:50.922] RX< =1553,iso=275,cnv2,hdr0
[05:48:50.922] RX< [0m[7] [cam] [924711][me0][me_core_thread:359]ME out fid 15630
[05:48:50.922] RX< [34m[awb0 proc] perf=6446(us), max=7284(us)!
[05:48:50.922] RX< [0m[4] [cam] [924788][qpc0][qpc_core_exception_check:405]discontinuous frame, now: 15643, last: 15641
[05:48:50.922] RX< [34m[AE] fid=15660
[05:48:51.258] RX< ,exp=9890,adg=275,Y=4634,mtg=180,shg=100,bgbv=1553,iso=275,cnv2,hdr0
[05:48:51.258] RX< [0m[34m[b_ae0 proc] perf=889(us), max=1885(us)!
[05:48:51.258] RX< [0m[34m[awb0 proc] perf=3921(us), max=6446(us)!
[05:48:51.258] RX< [0m[RTMP] f_index = 15660, f_len = 21208
[05:48:51.258] RX< [7] [cam] [925710][me0][me_core_thread:359]M
[05:48:52.915] RX< E out fid 15660
[05:48:52.915] RX< [34m[AE] fid=15690,exp=9890,adg=275,Y=4624,mtg=180,shg=100,bgbv=1549,iso=275,cnv2,hdr0
[05:48:52.915] RX< [0m[7] [cam] [926710][me0][me_core_thread:359]ME out fid 15690
[05:48:52.915] RX< [34m[AE] fid=15720,exp=9890,adg=275,Y=4622,mtg=180,shg=100,bgbv=1549,iso=275,cnv2,hdr0
[05:48:53.920] RX< [0m[34m[ME INTP]fid=15720, shutter=9890, perf=775(us), max=12296(us)!
[05:48:53.920] RX< [0m[7] [cam] [927710][me0][me_core_thread:359]ME out fid 15720
[05:48:53.920] RX< [34m[AE] fid=15750,exp=9890,adg=275,Y=4624,mtg=180,shg=100,bgbv=1549,iso=275,cnv2,hdr0
[05:48:53.920] RX< [0m[34m[b_ae0 proc] perf=900(u
[05:48:54.918] RX< s), max=2176(us)!
[05:48:54.918] RX< [0m[34m[awb0 proc] perf=3944(us), max=5954(us)!
[05:48:54.918] RX< [0m[RTMP] f_index = 15750, f_len = 9053
[05:48:54.918] RX< [7] [cam] [928710][me0][me_core_thread:359]ME out fid 15750
[05:48:54.918] RX< [34m[AE] fid=15780,exp=9890,adg=275,Y=4629,mtg=180,shg=100,bgbv=1553,iso=275,cnv2,hdr
[05:48:55.915] RX< 0
[05:48:55.915] RX< [0m[7] [cam] [929710][me0][me_core_thread:359]ME out fid 15780
[05:48:55.915] RX< [34m[awb0 proc] perf=8309(us), max=8309(us)!
[05:48:55.915] RX< [0m[4] [cam] [929787][qpc0][qpc_core_exception_check:405]discontinuous frame, now: 15793, last: 15791
[05:48:55.915] RX< [34m[AE] fid=15810,exp=9890,adg=275,Y=46
[05:48:56.919] RX< 15,mtg=180,shg=100,bgbv=1549,iso=275,cnv2,hdr0
[05:48:56.919] RX< [0m[7] [cam] [930710][me0][me_core_thread:359]ME out fid 15810
[05:48:56.919] RX< [34m[awb0 proc] perf=6439(us), max=8309(us)!
[05:48:56.919] RX< [0m[34m[AE] fid=15840,exp=9960,adg=275,Y=4644,mtg=180,shg=100,bgbv=1549,iso=275,cnv2,hdr0
[05:48:56.919] RX< [0m[3
[05:48:57.271] RX< 4m[b_ae0 proc] perf=981(us), max=3137(us)!
[05:48:57.271] RX< [0m[34m[awb0 proc] perf=3930(us), max=6439(us)!
[05:48:57.271] RX< [0m[34m[ME INTP]fid=15840, shutter=9960, perf=234(us), max=2702(us)!
[05:48:57.271] RX< [0m[RTMP] f_index = 15840, f_len = 20679
[05:48:57.271] RX< [7] [cam] [931710][me0][me_core_thread:359]ME out
[05:48:58.266] RX<  fid 15840
[05:48:58.266] RX< [4] [cam] [931788][qpc0][qpc_core_exception_check:405]discontinuous frame, now: 15853, last: 15851
[05:48:58.266] RX< [34m[AE] fid=15870,exp=9960,adg=275,Y=4649,mtg=180,shg=100,bgbv=1549,iso=275,cnv2,hdr0
[05:48:58.266] RX< [0m[7] [cam] [932709][me0][me_core_thread:359]ME out fid 
[05:48:59.921] RX< 15870
[05:48:59.921] RX< [34m[awb0 proc] perf=6157(us), max=6157(us)!
[05:48:59.921] RX< [0m[34m[AE] fid=15900,exp=9960,adg=275,Y=4667,mtg=180,shg=100,bgbv=1557,iso=275,cnv2,hdr0
[05:48:59.921] RX< [0m[7] [cam] [933709][me0][me_core_thread:359]ME out fid 15900
[05:48:59.921] RX< [34m[AE] fid=15930,exp=9960,adg=275,Y=4627,mtg=
[05:49:00.914] RX< 180,shg=100,bgbv=1545,iso=275,cnv2,hdr0
[05:49:00.914] RX< [0m[34m[b_ae0 proc] perf=1088(us), max=1878(us)!
[05:49:00.914] RX< [0m[34m[awb0 proc] perf=3941(us), max=6157(us)!
[05:49:00.914] RX< [0m[RTMP] f_index = 15930, f_len = 13473
[05:49:00.914] RX< [7] [cam] [934709][me0][me_core_thread:359]ME out fid 15930
[05:49:00.914] RX< [34m[AE] fi
[05:49:01.914] RX< d=15960,exp=10100,adg=294,Y=4638,mtg=180,shg=100,bgbv=1483,iso=294,cnv2,hdr0
[05:49:01.914] RX< [0m[34m[ME INTP]fid=15960, shutter=10100, perf=3057(us), max=7333(us)!
[05:49:01.914] RX< [0m[7] [cam] [935709][me0][me_core_thread:359]ME out fid 15960
[05:49:01.914] RX< [34m[AE] fid=15990,exp=10110,adg=275,Y=47
[05:49:02.919] RX< 39,mtg=180,shg=100,bgbv=1548,iso=275,cnv2,hdr0
[05:49:02.919] RX< [0m[7] [cam] [936709][me0][me_core_thread:359]ME out fid 15990
[05:49:02.919] RX< [34m[AE] fid=16020,exp=10040,adg=275,Y=4684,mtg=180,shg=100,bgbv=1549,iso=275,cnv2,hdr0
[05:49:02.919] RX< [0m[34m[b_ae0 proc] perf=970(us), max=4259(us)!
[05:49:02.919] RX< [0m
[05:49:03.914] RX< [34m[awb0 proc] perf=3951(us), max=4101(us)!
[05:49:03.914] RX< [0m[RTMP] f_index = 16020, f_len = 13812
[05:49:03.914] RX< [7] [cam] [937709][me0][me_core_thread:359]ME out fid 16020
[05:49:03.914] RX< [4] [cam] [937787][qpc0][qpc_core_exception_check:405]discontinuous frame, now: 16033, last: 16031
[05:49:03.914] RX< [34m[AE] 
[05:49:05.014] RX< fid=16050,exp=10040,adg=275,Y=4678,mtg=180,shg=100,bgbv=1549,iso=275,cnv2,hdr0
[05:49:05.014] RX< [0m[7] [cam] [938709][me0][me_core_thread:359]ME out fid 16050
[05:49:05.014] RX< [34m[AE] fid=16080,exp=10040,adg=275,Y=4677,mtg=180,shg=100,bgbv=1549,iso=275,cnv2,hdr0
[05:49:05.014] RX< [0m[34m[ME INTP]fid=16
[05:49:05.347] RX< 080, shutter=10040, perf=6(us), max=9784(us)!
[05:49:05.347] RX< [0m[7] [cam] [939709][me0][me_core_thread:359]ME out fid 16080
[05:49:05.347] RX< [34m[awb0 proc] perf=6399(us), max=6399(us)!
[05:49:05.347] RX< [0m[4] [cam] [939786][qpc0][qpc_core_exception_check:405]discontinuous frame, now: 16093, last: 160
[05:49:06.254] RX< 91
[05:49:06.254] RX< [34m[AE] fid=16110,exp=10040,adg=275,Y=4678,mtg=180,shg=100,bgbv=1549,iso=275,cnv2,hdr0
[05:49:06.254] RX< [0m[34m[b_ae0 proc] perf=991(us), max=4157(us)!
[05:49:06.254] RX< [0m[34m[awb0 proc] perf=3926(us), max=6399(us)!
[05:49:06.254] RX< [0m[RTMP] f_index = 16110, f_len = 16580
[05:49:06.254] RX< [7] [cam] [940708][me
[05:49:07.266] RX< 0][me_core_thread:359]ME out fid 16110
[05:49:07.266] RX< [4] [cam] [940786][qpc0][qpc_core_exception_check:405]discontinuous frame, now: 16123, last: 16121
[05:49:07.266] RX< [34m[AE] fid=16140,exp=10040,adg=275,Y=4678,mtg=180,shg=100,bgbv=1549,iso=275,cnv2,hdr0
[05:49:07.266] RX< [0m[7] [cam] [941708][me0][m
[05:49:08.265] RX< e_core_thread:359]ME out fid 16140
[05:49:08.265] RX< [4] [cam] [941786][qpc0][qpc_core_exception_check:405]discontinuous frame, now: 16153, last: 16151
[05:49:08.265] RX< [34m[AE] fid=16170,exp=10040,adg=275,Y=4684,mtg=180,shg=100,bgbv=1549,iso=275,cnv2,hdr0
[05:49:08.265] RX< [0m[7] [cam] [942708][me0][me_co
[05:49:09.013] RX< re_thread:359]ME out fid 16170
[05:49:09.013] RX< [34m[AE] fid=16200,exp=10040,adg=275,Y=4681,mtg=180,shg=100,bgbv=1549,iso=275,cnv2,hdr0
[05:49:09.013] RX< [0m[34m[b_ae0 proc] perf=979(us), max=1081(us)!
[05:49:09.013] RX< [0m[34m[awb0 proc] perf=3921(us), max=4240(us)!
[05:49:09.013] RX< [0m[34m[ME INTP]fid=16200, shutte
[05:49:09.346] RX< r=10040, perf=233(us), max=3362(us)!
[05:49:09.346] RX< [0m[RTMP] f_index = 16200, f_len = 13938
[05:49:09.346] RX< [7] [cam] [943708][me0][me_core_thread:359]ME out fid 16200
[05:49:09.346] RX< [34m[awb0 proc] perf=6462(us), max=6462(us)!
[05:49:09.346] RX< [0m[4] [cam] [943785][qpc0][qpc_core_exception_check:405]discontinuous
[05:49:10.912] RX<  frame, now: 16213, last: 16211
[05:49:10.912] RX< [34m[AE] fid=16230,exp=10040,adg=275,Y=4685,mtg=180,shg=100,bgbv=1549,iso=275,cnv2,hdr0
[05:49:10.912] RX< [0m[7] [cam] [944708][me0][me_core_thread:359]ME out fid 16230
[05:49:10.912] RX< [34m[awb0 proc] perf=6548(us), max=6548(us)!
[05:49:10.912] RX< [0m[34m[AE] fid=16260,e
[05:49:11.917] RX< xp=10040,adg=275,Y=4668,mtg=180,shg=100,bgbv=1546,iso=275,cnv2,hdr0
[05:49:11.917] RX< [0m[7] [cam] [945708][me0][me_core_thread:359]ME out fid 16260
[05:49:11.917] RX< [34m[AE] fid=16290,exp=10040,adg=275,Y=4685,mtg=180,shg=100,bgbv=1549,iso=275,cnv2,hdr0
[05:49:11.917] RX< [0m[34m[b_ae0 proc] perf=978(us),
[05:49:12.912] RX<  max=2170(us)!
[05:49:12.912] RX< [0m[34m[awb0 proc] perf=3948(us), max=6548(us)!
[05:49:12.912] RX< [0m[RTMP] f_index = 16290, f_len = 13037
[05:49:12.912] RX< [7] [cam] [946708][me0][me_core_thread:359]ME out fid 16290
[05:49:12.912] RX< [34m[AE] fid=16320,exp=10040,adg=275,Y=4676,mtg=180,shg=100,bgbv=1549,iso=275,cnv2,hdr0
[05:49:13.912] RX< 
[05:49:13.912] RX< [0m[34m[ME INTP]fid=16320, shutter=10040, perf=233(us), max=3434(us)!
[05:49:13.912] RX< [0m[7] [cam] [947707][me0][me_core_thread:359]ME out fid 16320
[05:49:13.912] RX< [4] [cam] [947785][qpc0][qpc_core_exception_check:405]discontinuous frame, now: 16333, last: 16331
[05:49:13.912] RX< [34m[AE] fid=16350,
[05:49:14.917] RX< exp=9960,adg=275,Y=4651,mtg=180,shg=100,bgbv=1553,iso=275,cnv2,hdr0
[05:49:14.917] RX< [0m[7] [cam] [948707][me0][me_core_thread:359]ME out fid 16350
[05:49:14.917] RX< [34m[AE] fid=16380,exp=9960,adg=275,Y=4653,mtg=180,shg=100,bgbv=1553,iso=275,cnv2,hdr0
[05:49:14.917] RX< [0m[34m[b_ae0 proc] perf=987(us), 
[05:49:15.911] RX< max=3481(us)!
[05:49:15.911] RX< [0m[34m[awb0 proc] perf=3955(us), max=4037(us)!
[05:49:15.911] RX< [0m[RTMP] f_index = 16380, f_len = 20767
[05:49:15.911] RX< [7] [cam] [949707][me0][me_core_thread:359]ME out fid 16380
[05:49:15.911] RX< [34m[AE] fid=16410,exp=9960,adg=275,Y=4671,mtg=180,shg=100,bgbv=1557,iso=275,cnv2,hdr0
[05:49:15.911] RX< 
[05:49:17.267] RX< [0m[7] [cam] [950707][me0][me_core_thread:359]ME out fid 16410
[05:49:17.267] RX< [34m[AE] fid=16440,exp=9960,adg=275,Y=4647,mtg=180,shg=100,bgbv=1549,iso=275,cnv2,hdr0
[05:49:17.267] RX< [0m[34m[ME INTP]fid=16440, shutter=9960, perf=5(us), max=3042(us)!
[05:49:17.267] RX< [0m[7] [cam] [951707][me0][me_core_
[05:49:17.916] RX< thread:359]ME out fid 16440
[05:49:17.916] RX< [34m[awb0 proc] perf=6523(us), max=6523(us)!
[05:49:17.916] RX< [0m[34m[AE] fid=16470,exp=9960,adg=275,Y=4658,mtg=180,shg=100,bgbv=1553,iso=275,cnv2,hdr0
[05:49:17.916] RX< [0m[34m[b_ae0 proc] perf=973(us), max=2303(us)!
[05:49:17.916] RX< [0m[34m[awb0 proc] perf=3816(us), max
[05:49:19.263] RX< =6523(us)!
[05:49:19.263] RX< [0m[RTMP] f_index = 16470, f_len = 20915
[05:49:19.263] RX< [7] [cam] [952707][me0][me_core_thread:359]ME out fid 16470
[05:49:19.263] RX< [34m[AE] fid=16500,exp=9960,adg=275,Y=4656,mtg=180,shg=100,bgbv=1553,iso=275,cnv2,hdr0
[05:49:19.263] RX< [0m[7] [cam] [953707][me0][me_core_thread:359]ME out f
[05:49:20.344] RX< id 16500
[05:49:20.344] RX< [34m[AE] fid=16530,exp=9960,adg=275,Y=4656,mtg=180,shg=100,bgbv=1553,iso=275,cnv2,hdr0
[05:49:20.344] RX< [0m[7] [cam] [954707][me0][me_core_thread:359]ME out fid 16530
[05:49:20.344] RX< [4] [cam] [954784][qpc0][qpc_core_exception_check:405]discontinuous frame, now: 16543, last: 16
[05:49:21.011] RX< 541
[05:49:21.011] RX< [34m[AE] fid=16560,exp=9960,adg=275,Y=4663,mtg=180,shg=100,bgbv=1557,iso=275,cnv2,hdr0
[05:49:21.011] RX< [0m[34m[b_ae0 proc] perf=964(us), max=4332(us)!
[05:49:21.011] RX< [0m[34m[awb0 proc] perf=3920(us), max=5936(us)!
[05:49:21.011] RX< [0m[34m[ME INTP]fid=16560, shutter=9960, perf=232(us), max=30
[05:49:22.263] RX< 33(us)!
[05:49:22.263] RX< [0m[RTMP] f_index = 16560, f_len = 20255
[05:49:22.263] RX< [7] [cam] [955706][me0][me_core_thread:359]ME out fid 16560
[05:49:22.263] RX< [34m[AE] fid=16590,exp=9960,adg=275,Y=4653,mtg=180,shg=100,bgbv=1553,iso=275,cnv2,hdr0
[05:49:22.263] RX< [0m[7] [cam] [956706][me0][me_core_thread:359]ME out fid 
[05:49:23.915] RX< 16590
[05:49:23.915] RX< [34m[AE] fid=16620,exp=9960,adg=275,Y=4652,mtg=180,shg=100,bgbv=1553,iso=275,cnv2,hdr0
[05:49:23.915] RX< [0m[7] [cam] [957706][me0][me_core_thread:359]ME out fid 16620
[05:49:23.915] RX< [RTMP] slow send frame 16621 len=70865 dt=93ms (IDR)
[05:49:23.915] RX< [34m[AE] fid=16650,exp=9960,adg=275,Y=4655,m
[05:49:24.344] RX< tg=180,shg=100,bgbv=1553,iso=275,cnv2,hdr0
[05:49:24.344] RX< [0m[34m[b_ae0 proc] perf=975(us), max=2386(us)!
[05:49:24.344] RX< [0m[34m[awb0 proc] perf=3922(us), max=4266(us)!
[05:49:24.344] RX< [0m[RTMP] f_index = 16650, f_len = 9047
[05:49:24.344] RX< [7] [cam] [958706][me0][me_core_thread:359]ME out fid 16650
[05:49:24.344] RX< [4] [cam] [
[05:49:25.250] RX< 958783][qpc0][qpc_core_exception_check:405]discontinuous frame, now: 16663, last: 16661
[05:49:25.250] RX< [34m[AE] fid=16680,exp=9960,adg=275,Y=4669,mtg=180,shg=100,bgbv=1557,iso=275,cnv2,hdr0
[05:49:25.250] RX< [0m[34m[ME INTP]fid=16680, shutter=9960, perf=5(us), max=3607(us)!
[05:49:25.250] RX< [0m[7] [ca
[05:49:26.355] RX< m] [959706][me0][me_core_thread:359]ME out fid 16680
[05:49:26.355] RX< [34m[AE] fid=16710,exp=9960,adg=275,Y=4663,mtg=180,shg=100,bgbv=1557,iso=275,cnv2,hdr0
[05:49:26.355] RX< [0m[7] [cam] [960706][me0][me_core_thread:359]ME out fid 16710
[05:49:26.355] RX< [4] [cam] [960792][qpc0][qpc_core_exception_check:4
[05:49:26.917] RX< 11]interp not finish in sof, fid: 16721
[05:49:26.917] RX< [4] [cam] [960795][qpc0][qpc_core_exception_check:411]interp not finish in sof, fid: 16721
[05:49:26.917] RX< [4] [cam] [960850][qpc0][qpc_core_exception_check:405]discontinuous frame, now: 16725, last: 16722
[05:49:26.917] RX< [34m[AE] fid=16740,exp=99
[05:49:27.253] RX< 30,adg=288,Y=4839,mtg=180,shg=100,bgbv=1537,iso=288,cnv2,hdr0
[05:49:27.253] RX< [0m[34m[b_ae0 proc] perf=892(us), max=3450(us)!
[05:49:27.253] RX< [0m[34m[awb0 proc] perf=3969(us), max=4310(us)!
[05:49:27.253] RX< [0m[RTMP] f_index = 16740, f_len = 18632
[05:49:27.253] RX< [7] [cam] [961706][me0][me_core_thread:359]ME out f
[05:49:29.011] RX< id 16740
[05:49:29.011] RX< [34m[AE] fid=16770,exp=10770,adg=300,Y=4345,mtg=180,shg=100,bgbv=1300,iso=300,cnv2,hdr0
[05:49:29.011] RX< [0m[7] [cam] [962705][me0][me_core_thread:359]ME out fid 16770
[05:49:29.011] RX< [34m[AE] fid=16800,exp=9900,adg=300,Y=5033,mtg=180,shg=100,bgbv=1497,iso=300,cnv2,hdr0
[05:49:29.011] RX< [0m[
[05:49:29.916] RX< 34m[ME INTP]fid=16800, shutter=9900, perf=2207(us), max=36179(us)!
[05:49:29.916] RX< [0m[7] [cam] [963705][me0][me_core_thread:359]ME out fid 16800
[05:49:29.916] RX< [34m[AE] fid=16830,exp=10930,adg=300,Y=4802,mtg=178,shg=100,bgbv=1373,iso=300,cnv2,hdr0
[05:49:29.916] RX< [0m[34m[b_ae0 proc] perf=1145(us),
[05:49:30.908] RX<  max=1145(us)!
[05:49:30.908] RX< [0m[34m[awb0 proc] perf=4043(us), max=4078(us)!
[05:49:30.908] RX< [0m[RTMP] f_index = 16830, f_len = 16497
[05:49:30.908] RX< [7] [cam] [964705][me0][me_core_thread:359]ME out fid 16830
[05:49:30.908] RX< [34m[AE] fid=16860,exp=9930,adg=282,Y=4712,mtg=180,shg=100,bgbv=1544,iso=282,cnv2,hdr0
[05:49:32.909] RX< [0m[7] [cam] [965705][me0][me_core_thread:359]ME out fid 16860
[05:49:32.909] RX< [34m[AE] fid=16890,exp=10940,adg=300,Y=4465,mtg=180,shg=100,bgbv=1308,iso=300,cnv2,hdr0
[05:49:32.909] RX< [0m[7] [cam] [966705][me0][me_core_thread:359]ME out fid 16890
[05:49:33.011] RX< [34m[AE] fid=16920,exp=10040,adg=282,Y=4738,mtg=180,shg=100,bgbv=1540,iso=282,cnv2,hdr0
[05:49:33.011] RX< [0m[34m[b_ae0 proc] perf=975(us), max=1145(us)!
[05:49:33.011] RX< [0m[34m[awb0 proc] perf=3885(us), max=4244(us)!
[05:49:33.011] RX< [0m[34m[ME INTP]fid=16920, shutter=10040, perf=2235(us), max=503
[05:49:34.260] RX< 4(us)!
[05:49:34.260] RX< [0m[RTMP] f_index = 16920, f_len = 15602
[05:49:34.260] RX< [7] [cam] [967705][me0][me_core_thread:359]ME out fid 16920
[05:49:34.260] RX< [34m[AE] fid=16950,exp=13580,adg=300,Y=4428,mtg=180,shg=100,bgbv=1049,iso=300,cnv2,hdr0
[05:49:34.260] RX< [0m[7] [cam] [968705][me0][me_core_thread:359]ME out fid 
[05:49:35.916] RX< 16950
[05:49:35.916] RX< [34m[AE] fid=16980,exp=9930,adg=294,Y=4467,mtg=180,shg=100,bgbv=1431,iso=294,cnv2,hdr0
[05:49:35.916] RX< [0m[7] [cam] [969704][me0][me_core_thread:359]ME out fid 16980
[05:49:35.916] RX< [34m[AE] fid=17010,exp=11000,adg=300,Y=3915,mtg=180,shg=100,bgbv=1169,iso=300,cnv2,hdr0
[05:49:35.916] RX< [0m[34m
[05:49:36.907] RX< [b_ae0 proc] perf=1012(us), max=1931(us)!
[05:49:36.907] RX< [0m[34m[awb0 proc] perf=3990(us), max=4150(us)!
[05:49:36.907] RX< [0m[RTMP] f_index = 17010, f_len = 14927
[05:49:36.907] RX< [7] [cam] [970704][me0][me_core_thread:359]ME out fid 17010
[05:49:36.907] RX< [34m[AE] fid=17040,exp=10110,adg=282,Y=4750,mtg=180,shg=100,
[05:49:37.907] RX< bgbv=1533,iso=282,cnv2,hdr0
[05:49:37.907] RX< [0m[34m[ME INTP]fid=17040, shutter=10110, perf=3933(us), max=7030(us)!
[05:49:37.907] RX< [0m[7] [cam] [971704][me0][me_core_thread:359]ME out fid 17040
[05:49:37.907] RX< [34m[AE] fid=17070,exp=10040,adg=275,Y=4683,mtg=180,shg=100,bgbv=1549,iso=275,cnv2,hdr0
[05:49:37.907] RX< [
[05:49:38.912] RX< 0m[7] [cam] [972704][me0][me_core_thread:359]ME out fid 17070
[05:49:38.912] RX< [34m[AE] fid=17100,exp=10040,adg=275,Y=4680,mtg=180,shg=100,bgbv=1549,iso=275,cnv2,hdr0
[05:49:38.912] RX< [0m[34m[b_ae0 proc] perf=1098(us), max=1616(us)!
[05:49:38.912] RX< [0m[34m[awb0 proc] perf=3995(us), max=4235(us)!
[05:49:38.912] RX< [0
[05:49:39.907] RX< m[RTMP] f_index = 17100, f_len = 16654
[05:49:39.907] RX< [7] [cam] [973704][me0][me_core_thread:359]ME out fid 17100
[05:49:39.907] RX< [34m[awb0 proc] perf=6440(us), max=6440(us)!
[05:49:39.907] RX< [0m[4] [cam] [973781][qpc0][qpc_core_exception_check:405]discontinuous frame, now: 17113, last: 17111
[05:49:39.907] RX< [34m[AE
[05:49:40.341] RX< ] fid=17130,exp=10040,adg=275,Y=4680,mtg=180,shg=100,bgbv=1549,iso=275,cnv2,hdr0
[05:49:40.341] RX< [0m[7] [cam] [974704][me0][me_core_thread:359]ME out fid 17130
[05:49:40.341] RX< [34m[awb0 proc] perf=6404(us), max=6440(us)!
[05:49:40.341] RX< [0m[4] [cam] [974781][qpc0][qpc_core_exception_check:405]discont
[05:49:41.248] RX< inuous frame, now: 17143, last: 17141
[05:49:41.248] RX< [34m[AE] fid=17160,exp=10040,adg=275,Y=4675,mtg=180,shg=100,bgbv=1549,iso=275,cnv2,hdr0
[05:49:41.248] RX< [0m[34m[ME INTP]fid=17160, shutter=10040, perf=232(us), max=3933(us)!
[05:49:41.248] RX< [0m[7] [cam] [975704][me0][me_core_thread:359]ME out fid
[05:49:42.248] RX<  17160
[05:49:42.248] RX< [34m[AE] fid=17190,exp=10040,adg=275,Y=4681,mtg=180,shg=100,bgbv=1549,iso=275,cnv2,hdr0
[05:49:42.248] RX< [0m[34m[b_ae0 proc] perf=984(us), max=3326(us)!
[05:49:42.248] RX< [0m[34m[awb0 proc] perf=3937(us), max=6404(us)!
[05:49:42.248] RX< [0m[RTMP] f_index = 17190, f_len = 16558
[05:49:42.248] RX< [7] [cam] [976704
[05:49:43.341] RX< ][me0][me_core_thread:359]ME out fid 17190
[05:49:43.341] RX< [34m[AE] fid=17220,exp=10040,adg=275,Y=4679,mtg=180,shg=100,bgbv=1549,iso=275,cnv2,hdr0
[05:49:43.341] RX< [0m[7] [cam] [977703][me0][me_core_thread:359]ME out fid 17220
[05:49:43.341] RX< [34m[awb0 proc] perf=6416(us), max=6416(us)!
[05:49:43.341] RX< [0m[4] [cam] 
[05:49:44.290] RX< [977782][qpc0][qpc_core_exception_check:405]discontinuous frame, now: 17233, last: 17231
[05:49:44.290] RX< [34m[AE] fid=17250,exp=10040,adg=275,Y=4672,mtg=180,shg=100,bgbv=1546,iso=275,cnv2,hdr0
[05:49:44.290] RX< [0m[7] [cam] [978703][me0][me_core_thread:359]ME out fid 17250
[05:49:44.290] RX< [34m[awb0 pro
[05:49:44.910] RX< c] perf=6381(us), max=6416(us)!
[05:49:44.910] RX< [0m[4] [cam] [978782][qpc0][qpc_core_exception_check:405]discontinuous frame, now: 17263, last: 17261
[05:49:44.910] RX< [34m[AE] fid=17280,exp=10040,adg=275,Y=4677,mtg=180,shg=100,bgbv=1549,iso=275,cnv2,hdr0
[05:49:44.910] RX< [0m[34m[b_ae0 proc] perf=969(u
[05:49:45.294] RX< s), max=2411(us)!
[05:49:45.294] RX< [0m[34m[awb0 proc] perf=3929(us), max=6381(us)!
[05:49:45.294] RX< [0m[34m[ME INTP]fid=17280, shutter=10040, perf=6(us), max=1383(us)!
[05:49:45.294] RX< [0m[RTMP] f_index = 17280, f_len = 16625
[05:49:45.294] RX< [7] [cam] [979703][me0][me_core_thread:359]ME out fid 17280
[05:49:45.294] RX< [34m[awb0 proc
[05:49:46.340] RX< ] perf=6501(us), max=6501(us)!
[05:49:46.340] RX< [0m[34m[AE] fid=17310,exp=10040,adg=275,Y=4684,mtg=180,shg=100,bgbv=1549,iso=275,cnv2,hdr0
[05:49:46.340] RX< [0m[7] [cam] [980703][me0][me_core_thread:359]ME out fid 17310
[05:49:46.340] RX< [34m[awb0 proc] perf=6426(us), max=6501(us)!
[05:49:46.340] RX< [0m[4] [cam] [980781]
[05:49:47.290] RX< [qpc0][qpc_core_exception_check:405]discontinuous frame, now: 17323, last: 17321
[05:49:47.290] RX< [34m[AE] fid=17340,exp=10040,adg=275,Y=4679,mtg=180,shg=100,bgbv=1549,iso=275,cnv2,hdr0
[05:49:47.290] RX< [0m[7] [cam] [981703][me0][me_core_thread:359]ME out fid 17340
[05:49:47.290] RX< [34m[awb0 proc] perf=
[05:49:47.911] RX< 6458(us), max=6458(us)!
[05:49:47.911] RX< [0m[4] [cam] [981780][qpc0][qpc_core_exception_check:405]discontinuous frame, now: 17353, last: 17351
[05:49:47.911] RX< [34m[AE] fid=17370,exp=9960,adg=275,Y=4675,mtg=180,shg=100,bgbv=1560,iso=275,cnv2,hdr0
[05:49:47.911] RX< [0m[34m[b_ae0 proc] perf=990(us), max=1
[05:49:48.905] RX< 085(us)!
[05:49:48.905] RX< [0m[34m[awb0 proc] perf=3958(us), max=6458(us)!
[05:49:48.905] RX< [0m[RTMP] f_index = 17370, f_len = 13663
[05:49:48.905] RX< [7] [cam] [982703][me0][me_core_thread:359]ME out fid 17370
[05:49:48.905] RX< [34m[awb0 proc] perf=6422(us), max=6422(us)!
[05:49:48.905] RX< [0m[34m[AE] fid=17400,exp=9960,adg=275,Y=4677,
[05:49:49.339] RX< mtg=180,shg=100,bgbv=1560,iso=275,cnv2,hdr0
[05:49:49.339] RX< [0m[34m[ME INTP]fid=17400, shutter=9960, perf=6(us), max=2221(us)!
[05:49:49.339] RX< [0m[7] [cam] [983703][me0][me_core_thread:359]ME out fid 17400
[05:49:49.339] RX< [4] [cam] [983780][qpc0][qpc_core_exception_check:405]discontinuous frame, now:
[05:49:50.910] RX<  17413, last: 17411
[05:49:50.910] RX< [34m[AE] fid=17430,exp=9960,adg=275,Y=4683,mtg=180,shg=100,bgbv=1560,iso=275,cnv2,hdr0
[05:49:50.910] RX< [0m[7] [cam] [984702][me0][me_core_thread:359]ME out fid 17430
[05:49:50.910] RX< [34m[AE] fid=17460,exp=9960,adg=275,Y=4679,mtg=180,shg=100,bgbv=1560,iso=275,cnv2,h
[05:49:51.294] RX< dr0
[05:49:51.294] RX< [0m[34m[b_ae0 proc] perf=965(us), max=3768(us)!
[05:49:51.294] RX< [0m[34m[awb0 proc] perf=3929(us), max=6422(us)!
[05:49:51.294] RX< [0m[RTMP] f_index = 17460, f_len = 16149
[05:49:51.294] RX< [7] [cam] [985702][me0][me_core_thread:359]ME out fid 17460
[05:49:51.294] RX< [34m[awb0 proc] perf=6014(us), max=6014(us)!
[05:49:51.294] RX< [0
[05:49:52.337] RX< m[34m[AE] fid=17490,exp=9960,adg=275,Y=4679,mtg=180,shg=100,bgbv=1560,iso=275,cnv2,hdr0
[05:49:52.337] RX< [0m[7] [cam] [986702][me0][me_core_thread:359]ME out fid 17490
[05:49:52.337] RX< [34m[awb0 proc] perf=6741(us), max=6741(us)!
[05:49:52.337] RX< [0m[4] [cam] [986779][qpc0][qpc_core_exception_check:405
[05:49:53.260] RX< ]discontinuous frame, now: 17503, last: 17501
[05:49:53.260] RX< [34m[AE] fid=17520,exp=9960,adg=275,Y=4684,mtg=180,shg=100,bgbv=1560,iso=275,cnv2,hdr0
[05:49:53.260] RX< [0m[34m[ME INTP]fid=17520, shutter=9960, perf=5(us), max=250(us)!
[05:49:53.260] RX< [0m[7] [cam] [987702][me0][me_core_thread:359]ME out 
[05:49:53.909] RX< fid 17520
[05:49:53.909] RX< [34m[awb0 proc] perf=6439(us), max=6741(us)!
[05:49:53.909] RX< [0m[4] [cam] [987780][qpc0][qpc_core_exception_check:405]discontinuous frame, now: 17533, last: 17531
[05:49:53.909] RX< [34m[AE] fid=17550,exp=9960,adg=275,Y=4673,mtg=180,shg=100,bgbv=1557,iso=275,cnv2,hdr0
[05:49:53.909] RX< [0m[34m
[05:49:54.338] RX< [b_ae0 proc] perf=974(us), max=3501(us)!
[05:49:54.338] RX< [0m[34m[awb0 proc] perf=3933(us), max=6439(us)!
[05:49:54.338] RX< [0m[RTMP] f_index = 17550, f_len = 13038
[05:49:54.338] RX< [7] [cam] [988702][me0][me_core_thread:359]ME out fid 17550
[05:49:54.338] RX< [4] [cam] [988779][qpc0][qpc_core_exception_check:405]disconti
[05:49:55.338] RX< nuous frame, now: 17563, last: 17561
[05:49:55.338] RX< [34m[AE] fid=17580,exp=9960,adg=275,Y=4682,mtg=180,shg=100,bgbv=1560,iso=275,cnv2,hdr0
[05:49:55.338] RX< [0m[7] [cam] [989702][me0][me_core_thread:359]ME out fid 17580
[05:49:55.338] RX< [34m[awb0 proc] perf=6429(us), max=6429(us)!
[05:49:55.338] RX< [0m[4] [cam] [989779
[05:49:56.909] RX< ][qpc0][qpc_core_exception_check:405]discontinuous frame, now: 17593, last: 17591
[05:49:56.909] RX< [34m[AE] fid=17610,exp=9960,adg=275,Y=4671,mtg=180,shg=100,bgbv=1557,iso=275,cnv2,hdr0
[05:49:56.909] RX< [0m[7] [cam] [990702][me0][me_core_thread:359]ME out fid 17610
[05:49:56.909] RX< [34m[AE] fid=17640,ex
[05:49:57.228] RX< p=9960,adg=275,Y=4677,mtg=180,shg=100,bgbv=1560,iso=275,cnv2,hdr0
[05:49:57.228] RX< [0m[34m[b_ae0 proc] perf=1025(us), max=3212(us)!
[05:49:57.228] RX< [0m[34m[awb0 proc] perf=3945(us), max=6429(us)!
[05:49:57.228] RX< [0m[34m[ME INTP]fid=17640, shutter=9960, perf=5(us), max=1736(us)!
[05:49:57.228] RX< [0m[RTMP] f_index 
[05:49:58.337] RX< = 17640, f_len = 16590
[05:49:58.337] RX< [7] [cam] [991701][me0][me_core_thread:359]ME out fid 17640
[05:49:58.337] RX< [34m[AE] fid=17670,exp=9960,adg=275,Y=4674,mtg=180,shg=100,bgbv=1557,iso=275,cnv2,hdr0
[05:49:58.337] RX< [0m[7] [cam] [992701][me0][me_core_thread:359]ME out fid 17670
[05:49:58.337] RX< [4] [cam] [992779][qp
[05:49:59.908] RX< c0][qpc_core_exception_check:405]discontinuous frame, now: 17683, last: 17681
[05:49:59.908] RX< [34m[AE] fid=17700,exp=9960,adg=275,Y=4653,mtg=180,shg=100,bgbv=1553,iso=275,cnv2,hdr0
[05:49:59.908] RX< [0m[7] [cam] [993701][me0][me_core_thread:359]ME out fid 17700
[05:49:59.908] RX< [34m[AE] fid=17730,exp=99
[05:50:00.244] RX< 60,adg=275,Y=4653,mtg=180,shg=100,bgbv=1553,iso=275,cnv2,hdr0
[05:50:00.244] RX< [0m[34m[b_ae0 proc] perf=1085(us), max=3646(us)!
[05:50:00.244] RX< [0m[34m[awb0 proc] perf=4010(us), max=5615(us)!
[05:50:00.244] RX< [0m[RTMP] f_index = 17730, f_len = 13606
[05:50:00.244] RX< [7] [cam] [994701][me0][me_core_thread:359]ME out 
[05:50:01.003] RX< fid 17730
[05:50:01.003] RX< [34m[awb0 proc] perf=6453(us), max=6453(us)!
[05:50:01.003] RX< [0m[4] [cam] [994779][qpc0][qpc_core_exception_check:405]discontinuous frame, now: 17743, last: 17741
[05:50:01.003] RX< [34m[AE] fid=17760,exp=9960,adg=275,Y=4647,mtg=180,shg=100,bgbv=1549,iso=275,cnv2,hdr0
[05:50:01.003] RX< [0m[34m
[05:50:01.336] RX< [ME INTP]fid=17760, shutter=9960, perf=251(us), max=2262(us)!
[05:50:01.336] RX< [0m[7] [cam] [995701][me0][me_core_thread:359]ME out fid 17760
[05:50:01.336] RX< [34m[awb0 proc] perf=6568(us), max=6568(us)!
[05:50:01.336] RX< [0m[4] [cam] [995778][qpc0][qpc_core_exception_check:405]discontinuous frame, now: 
[05:50:02.337] RX< 17773, last: 17771
[05:50:02.337] RX< [34m[AE] fid=17790,exp=9960,adg=275,Y=4645,mtg=180,shg=100,bgbv=1549,iso=275,cnv2,hdr0
[05:50:02.337] RX< [0m[7] [cam] [996701][me0][me_core_thread:359]ME out fid 17790
[05:50:02.337] RX< [34m[awb0 proc] perf=6548(us), max=6568(us)!
[05:50:02.337] RX< [0m[4] [cam] [996778][qpc0][qpc_core_e
[05:50:02.907] RX< xception_check:405]discontinuous frame, now: 17803, last: 17801
[05:50:02.907] RX< [34m[AE] fid=17820,exp=9960,adg=275,Y=4650,mtg=180,shg=100,bgbv=1553,iso=275,cnv2,hdr0
[05:50:02.907] RX< [0m[34m[b_ae0 proc] perf=967(us), max=1940(us)!
[05:50:02.907] RX< [0m[34m[awb0 proc] perf=3956(us), max=6548(us)!
[05:50:02.907] RX< [0
[05:50:03.902] RX< m[RTMP] f_index = 17820, f_len = 14027
[05:50:03.902] RX< [7] [cam] [997701][me0][me_core_thread:359]ME out fid 17820
[05:50:03.902] RX< [4] [cam] [997777][qpc0][qpc_core_exception_check:405]discontinuous frame, now: 17833, last: 17831
[05:50:03.902] RX< [34m[AE] fid=17850,exp=9960,adg=275,Y=4644,mtg=180,shg=10
[05:50:04.902] RX< 0,bgbv=1549,iso=275,cnv2,hdr0
[05:50:04.902] RX< [0m[7] [cam] [998701][me0][me_core_thread:359]ME out fid 17850
[05:50:04.902] RX< [34m[awb0 proc] perf=6059(us), max=6059(us)!
[05:50:04.902] RX< [0m[4] [cam] [998814][qpc0][qpc_core_exception_check:405]discontinuous frame, now: 17864, last: 17862
[05:50:04.902] RX< [34m[AE] fid
[05:50:05.336] RX< =17880,exp=10000,adg=282,Y=4564,mtg=180,shg=100,bgbv=1485,iso=282,cnv2,hdr0
[05:50:05.336] RX< [0m[34m[ME INTP]fid=17880, shutter=10000, perf=2762(us), max=7213(us)!
[05:50:05.336] RX< [0m[7] [cam] [999700][me0][me_core_thread:359]ME out fid 17880
[05:50:05.336] RX< [4] [cam] [999778][qpc0][qpc_core_exception
[05:50:06.226] RX< _check:405]discontinuous frame, now: 17893, last: 17891
[05:50:06.226] RX< [34m[AE] fid=17910,exp=9930,adg=282,Y=4703,mtg=180,shg=100,bgbv=1544,iso=282,cnv2,hdr0
[05:50:06.226] RX< [0m[34m[b_ae0 proc] perf=978(us), max=1155(us)!
[05:50:06.226] RX< [0m[34m[awb0 proc] perf=3846(us), max=6059(us)!
[05:50:06.226] RX< [0m[RTMP] 
[05:50:06.902] RX< f_index = 17910, f_len = 17104
[05:50:06.902] RX< [7] [cam] [1000700][me0][me_core_thread:359]ME out fid 17910
[05:50:06.902] RX< [34m[awb0 proc] perf=7991(us), max=7991(us)!
[05:50:06.902] RX< [0m[4] [cam] [1000778][qpc0][qpc_core_exception_check:405]discontinuous frame, now: 17923, last: 17921
[05:50:06.902] RX< [34m[AE] fid=
[05:50:07.335] RX< 17940,exp=10040,adg=275,Y=4677,mtg=180,shg=100,bgbv=1549,iso=275,cnv2,hdr0
[05:50:07.335] RX< [0m[7] [cam] [1001700][me0][me_core_thread:359]ME out fid 17940
[05:50:07.335] RX< [34m[awb0 proc] perf=7099(us), max=7991(us)!
[05:50:07.335] RX< [0m[4] [cam] [1001778][qpc0][qpc_core_exception_check:405]discontinuo
[05:50:08.335] RX< us frame, now: 17953, last: 17951
[05:50:08.335] RX< [34m[AE] fid=17970,exp=10040,adg=275,Y=4677,mtg=180,shg=100,bgbv=1549,iso=275,cnv2,hdr0
[05:50:08.335] RX< [0m[7] [cam] [1002700][me0][me_core_thread:359]ME out fid 17970
[05:50:08.335] RX< [34m[awb0 proc] perf=6417(us), max=7099(us)!
[05:50:08.335] RX< [0m[4] [cam] [1002778
[05:50:08.906] RX< ][qpc0][qpc_core_exception_check:405]discontinuous frame, now: 17983, last: 17981
[05:50:08.906] RX< [34m[AE] fid=18000,exp=10040,adg=275,Y=4695,mtg=180,shg=100,bgbv=1553,iso=275,cnv2,hdr0
[05:50:08.906] RX< [0m[34m[b_ae0 proc] perf=1107(us), max=4307(us)!
[05:50:08.906] RX< [0m[34m[awb0 proc] perf=3966(us
[05:50:09.335] RX< ), max=6417(us)!
[05:50:09.335] RX< [0m[34m[ME INTP]fid=18000, shutter=10040, perf=6(us), max=5270(us)!
[05:50:09.335] RX< [0m[RTMP] f_index = 18000, f_len = 13193
[05:50:09.335] RX< [7] [cam] [1003700][me0][me_core_thread:359]ME out fid 18000
[05:50:09.335] RX< [34m[awb0 proc] perf=6786(us), max=6786(us)!
[05:50:09.335] RX< [0m[4] [cam] [10037
[05:50:10.334] RX< 77][qpc0][qpc_core_exception_check:405]discontinuous frame, now: 18013, last: 18011
[05:50:10.334] RX< [34m[AE] fid=18030,exp=10040,adg=275,Y=4696,mtg=180,shg=100,bgbv=1553,iso=275,cnv2,hdr0
[05:50:10.334] RX< [0m[7] [cam] [1004700][me0][me_core_thread:359]ME out fid 18030
[05:50:10.334] RX< [4] [cam] [1004777
[05:50:11.906] RX< ][qpc0][qpc_core_exception_check:405]discontinuous frame, now: 18043, last: 18041
[05:50:11.906] RX< [34m[AE] fid=18060,exp=9960,adg=275,Y=4669,mtg=180,shg=100,bgbv=1557,iso=275,cnv2,hdr0
[05:50:11.906] RX< [0m[7] [cam] [1005700][me0][me_core_thread:359]ME out fid 18060
[05:50:11.906] RX< [34m[AE] fid=18090,e
[05:50:12.243] RX< xp=9960,adg=275,Y=4662,mtg=180,shg=100,bgbv=1553,iso=275,cnv2,hdr0
[05:50:12.243] RX< [0m[34m[b_ae0 proc] perf=979(us), max=2188(us)!
[05:50:12.243] RX< [0m[34m[awb0 proc] perf=3955(us), max=6786(us)!
[05:50:12.243] RX< [0m[RTMP] f_index = 18090, f_len = 23241
[05:50:12.243] RX< [7] [cam] [1006699][me0][me_core_thread:359]ME
[05:50:12.902] RX<  out fid 18090
[05:50:12.902] RX< [34m[awb0 proc] perf=7251(us), max=7251(us)!
[05:50:12.902] RX< [0m[4] [cam] [1006778][qpc0][qpc_core_exception_check:405]discontinuous frame, now: 18103, last: 18101
[05:50:12.902] RX< [34m[AE] fid=18120,exp=10310,adg=300,Y=5230,mtg=180,shg=100,bgbv=1523,iso=300,cnv2,hdr0
[05:50:12.902] RX< [
[05:50:14.255] RX< 0m[34m[ME INTP]fid=18120, shutter=10310, perf=234(us), max=6816(us)!
[05:50:14.255] RX< [0m[7] [cam] [1007699][me0][me_core_thread:359]ME out fid 18120
[05:50:14.255] RX< [34m[AE] fid=18150,exp=10040,adg=275,Y=4686,mtg=180,shg=100,bgbv=1549,iso=275,cnv2,hdr0
[05:50:14.255] RX< [0m[7] [cam] [1008699][me0][me_
[05:50:14.906] RX< core_thread:359]ME out fid 18150
[05:50:14.906] RX< [34m[awb0 proc] perf=6939(us), max=7251(us)!
[05:50:14.906] RX< [0m[4] [cam] [1008777][qpc0][qpc_core_exception_check:405]discontinuous frame, now: 18163, last: 18161
[05:50:14.906] RX< [34m[AE] fid=18180,exp=9960,adg=275,Y=4668,mtg=180,shg=100,bgbv=1557,iso
[05:50:15.335] RX< =275,cnv2,hdr0
[05:50:15.335] RX< [0m[34m[b_ae0 proc] perf=988(us), max=1129(us)!
[05:50:15.335] RX< [0m[34m[awb0 proc] perf=3927(us), max=6939(us)!
[05:50:15.335] RX< [0m[RTMP] f_index = 18180, f_len = 13853
[05:50:15.335] RX< [7] [cam] [1009699][me0][me_core_thread:359]ME out fid 18180
[05:50:15.335] RX< [4] [cam] [1009777][qpc0][qpc_core_ex
[05:50:16.901] RX< ception_check:405]discontinuous frame, now: 18193, last: 18191
[05:50:16.901] RX< [34m[AE] fid=18210,exp=9960,adg=275,Y=4671,mtg=180,shg=100,bgbv=1557,iso=275,cnv2,hdr0
[05:50:16.901] RX< [0m[7] [cam] [1010699][me0][me_core_thread:359]ME out fid 18210
[05:50:16.901] RX< [34m[AE] fid=18240,exp=9960,adg=275,Y=4
[05:50:17.335] RX< 673,mtg=180,shg=100,bgbv=1557,iso=275,cnv2,hdr0
[05:50:17.335] RX< [0m[34m[ME INTP]fid=18240, shutter=9960, perf=5(us), max=5709(us)!
[05:50:17.335] RX< [0m[7] [cam] [1011699][me0][me_core_thread:359]ME out fid 18240
[05:50:17.335] RX< [34m[awb0 proc] perf=6395(us), max=6395(us)!
[05:50:17.335] RX< [0m[4] [cam] [1011776][qpc0
[05:50:17.907] RX< ][qpc_core_exception_check:405]discontinuous frame, now: 18253, last: 18251
[05:50:17.907] RX< [34m[AE] fid=18270,exp=9960,adg=275,Y=4680,mtg=180,shg=100,bgbv=1560,iso=275,cnv2,hdr0
[05:50:17.907] RX< [0m[34m[b_ae0 proc] perf=1051(us), max=1090(us)!
[05:50:17.907] RX< [0m[34m[awb0 proc] perf=3954(us), max=
[05:50:18.335] RX< 6395(us)!
[05:50:18.335] RX< [0m[RTMP] f_index = 18270, f_len = 13316
[05:50:18.335] RX< [7] [cam] [1012699][me0][me_core_thread:359]ME out fid 18270
[05:50:18.335] RX< [34m[awb0 proc] perf=6434(us), max=6434(us)!
[05:50:18.335] RX< [0m[4] [cam] [1012776][qpc0][qpc_core_exception_check:405]discontinuous frame, now: 18283, last:
[05:50:19.220] TX> rtmp_video_stop
[05:50:19.259] RX<  18281
[05:50:19.259] RX< [34m[AE] fid=18300,exp=9960,adg=275,Y=4663,mtg=180,shg=100,bgbv=1557,iso=275,cnv2,hdr0
[05:50:19.259] RX< [0mrtmp_video_stop
[05:50:19.259] RX< [RTMP] Stop requested
[05:50:19.259] RX< msh /emmc>[7] [cam] [1013698][me0][me_core_thread:359]ME out fid 18300
[05:50:19.259] RX< [RTMP] Push Stop: total frames = 18301
[05:50:19.259] RX< [6] [cam]
[05:50:19.285] RX<  [1013700][RtmpSend][sensor_stream_off:1188]sensor [1]: stream_off
[05:50:19.285] RX< [6] [cam] [1013700][RtmpSend][sensor_stream_off:1217]sensor [1]: REG: 0x100, W:0x0.
[05:50:19.285] RX< [6] [cam] [1013700][RtmpSend][sensor_stream_off:1219]sensor [1]: REG: 0x100, R:0x0.
[05:50:19.285] RX< [6] [cam] [1013736]
[05:50:19.285] RX< [RtmpSend][csc_prv_stop:983]ok! phys_id[1], phys_num[1], stop_type = 0
[05:50:19.285] RX< [6] [cam] [1013736][RtmpSend][cam_stop:1058]preview stop ok! logic_id[0]
[05:50:19.285] RX< [34m[cam stop] perf=36929(us)!
[05:50:19.285] RX< [0m[6] [App Cam] cam stop success
[05:50:19.285] RX< Total of 18302 frames encoded, 305738778 by
[05:50:19.289] RX< tes, max_workbuffer_used: 4960256 bytes
[05:50:19.289] RX< [6] [App Cam] hevc_encoder_deinit success
[05:50:19.289] RX< [7] [cam] [1013741][RtmpSend][cam_cpm_core_power_off:467]id,0 type,1 ret 0
[05:50:19.289] RX< [6] [cam] [1013741][sif0][sif_irq_proc:174]thread release cid,0
[05:50:19.289] RX< [6] [cam] [1013742][RtmpSend][cam_
[05:50:19.289] RX< sif_mgr_deinit:316]X
[05:50:19.289] RX< [6] [cam] [1013742][RtmpSend][cam_deinit:887]deinit ok! logic_id[0]
[05:50:19.289] RX< [34m[cam deinit] perf=1326(us)!
[05:50:19.289] RX< [0m[6] [App Cam] cam deinit success
[05:50:19.289] RX< [6] [cam] [1013743][RtmpSend][sensor_close:1292]sensor [1]: close!
[05:50:19.289] RX< [6] [cam] [1013744][RtmpSen
[05:50:19.291] RX< d][cam_bm_core_deinit:136]X
[05:50:19.291] RX< [6] [cam] [1013744][me0][me_core_thread:404]thread release cid,0
[05:50:19.291] RX< [6] [cam] [1013745][RtmpSend][cam_me_core_deinit:1551]X
[05:50:19.291] RX< [6] [cam] [1013745][fe0][fe_core_irq_proc:121]thread release cid,0
[05:50:19.291] RX< [6] [cam] [1013745][RtmpSend][cam_fe_c
[05:50:19.291] RX< ore_deinit:536]X
[05:50:19.291] RX< [6] [cam] [1013745][b_3a_sts][bayer_stats_core_irq_proc:193]thread release cid,0
[05:50:19.291] RX< [6] [cam] [1013746][RtmpSend][cam_bayer_stats_core_deinit:512]X
[05:50:19.291] RX< [6] [cam] [1013746][b_ae0][a5_core_wrapper_task:315]thread release cid,0,algo,0
[05:50:19.291] RX< [6] [cam] [1
[05:50:19.294] RX< 013747][RtmpSend][bayer_ae_wrapper_deinit:204]X
[05:50:19.294] RX< [6] [cam] [1013747][atf0][a5_core_wrapper_task:315]thread release cid,0,algo,1
[05:50:19.294] RX< [6] [cam] [1013748][RtmpSend][atf_wrapper_deinit:153]X
[05:50:19.294] RX< [6] [cam] [1013748][awb0][a5_core_wrapper_task:315]thread release cid,0,a
[05:50:19.294] RX< lgo,2
[05:50:19.294] RX< [6] [cam] [1013748][RtmpSend][awb_wrapper_deinit:153]X
[05:50:19.294] RX< [6] [cam] [1013749][RtmpSend][cam_5a_core_deinit:555]X
[05:50:19.294] RX< [6] [cam] [1013749][RtmpSend][cam_5a_inf_deinit:149]X
[05:50:19.294] RX< [6] [cam] [1013749][qpc0][qpc_core_msg_proc:705]thread release cid,0
[05:50:19.294] RX< [6] [cam] [101
[05:50:19.297] RX< 3750][RtmpSend][qpc_core_deinit:1413]X
[05:50:19.297] RX< [6] [cam] [1013750][RtmpSend][cam_cpm_core_deinit:1248]X
[05:50:19.297] RX< [6] [cam] [1013750][RtmpSend][csc_close:656]ok! phys_id[1], phys_num[1]
[05:50:19.297] RX< [7] [cam] [1013750][cer0][cer_recovery_proc:352]msg type = 254
[05:50:19.297] RX< [6] [cam] [1013751][cer
[05:50:19.297] RX< 0][cer_recovery_proc:454]thread release cid,0
[05:50:19.297] RX< [6] [cam] [1013751][RtmpSend][cer_deinit:560]X
[05:50:19.297] RX< [6] [cam] [1013752][RtmpSend][cam_close:789]close ok! logic_id[0]
[05:50:19.297] RX< [34m[cam close] perf=9120(us)!
[05:50:19.297] RX< [0m[6] [App Cam] cam close success
[05:50:19.297] RX< [6] [cam] [1013753][cpl0][c
[05:50:21.299] RX< am_prelude_proc_routine:136]thread release
[05:50:21.299] RX< [6] [cam] [1013753][RtmpSend][cam_exit:571]exit ok!
[05:50:21.299] RX< [34m[cam exit] perf=574(us)!
[05:50:21.299] RX< [0m[6] [App Cam] cam exit success
[05:50:21.299] RX< [RTMP] disconnected
[05:50:21.299] RX< [RTMP] disconnected
