[06:25:01.741] TX> 
[06:25:02.743] TX> 
[06:25:03.742] RX< 
[06:25:03.742] RX< msh />
[06:25:03.742] RX< msh />
[06:25:03.743] TX> echo "EVBTEST_HELLO"
[06:25:03.743] TX> echo "__EVBTEST_END_d9ef8417__"
[06:25:05.744] RX< echo "EVBTEST_HELLO"
[06:25:05.744] RX< EVBTEST_HELLO
[06:25:05.744] RX< msh />echo "__EVBTEST_END_d9ef8417__"
[06:25:05.744] RX< __EVBTEST_END_d9ef8417__
[06:25:05.744] RX< msh />
[06:25:05.746] TX> cd /
[06:25:05.746] TX> echo "__EVBTEST_END_877b7f2d__"
[06:25:07.747] RX< cd /
[06:25:07.747] RX< msh />echo "__EVBTEST_END_877b7f2d__"
[06:25:07.747] RX< __EVBTEST_END_877b7f2d__
[06:25:07.747] RX< msh />
[06:25:07.748] TX> dfs_video_stop
[06:25:09.750] RX< dfs_video_stop
[06:25:09.750] RX< [6] [App Dfs] Please start recording the video first.
[06:25:09.750] RX< msh />
[06:26:25.143] TX> wifi join SW-test-2.4G tuf@3600
[06:26:25.831] RX< wifi join SW-test-2.4G tuf@3600
[06:26:31.838] RX< [32m[I/WLAN.mgnt] wifi connect success ssid:SW-test-2.4G[0m
[06:26:31.838] RX< msh />
[06:26:33.840] RX< [32m[I/WLAN.lwip] Got IP address : 192.168.1.101[0m
[06:26:38.843] TX> ifconfig
[06:26:38.843] TX> echo "__EVBTEST_END_e708c681__"
[06:26:38.847] RX< ifconfig
[06:26:38.847] RX< network interface device: w0 (Default)
[06:26:38.847] RX< MTU: 1500
[06:26:38.847] RX< MAC: 8c ea 12 ba a8 2c 
[06:26:38.847] RX< FLAGS: UP LINK_UP INTERNET_DOWN DHCP_ENABLE ETHARP BROADCAST IGMP
[06:26:38.847] RX< ip address: 192.168.1.101
[06:26:38.847] RX< gw address: 192.168.1.3
[06:26:38.847] RX< net mask  : 255.255.255.0
[06:26:38.847] RX< dns server #0: 192.168.1.3
[06:26:38.863] RX< dns server #1: 0.0.0.0
[06:26:38.863] RX< 
[06:26:38.863] RX< network interface device: w1
[06:26:38.863] RX< MTU: 1500
[06:26:38.863] RX< MAC: 8e ea 12 ba a8 2c 
[06:26:38.863] RX< FLAGS: UP LINK_DOWN INTERNET_DOWN DHCP_ENABLE ETHARP BROADCAST IGMP
[06:26:38.863] RX< ip address: 0.0.0.0
[06:26:38.863] RX< gw address: 0.0.0.0
[06:26:38.863] RX< net mask  : 0.0.0.0
[06:26:38.863] RX< dns server #0: 192.168.1.3
[06:26:38.863] RX< dns serv
[06:26:40.865] RX< er #1: 0.0.0.0
[06:26:40.865] RX< msh />echo "__EVBTEST_END_e708c681__"
[06:26:40.865] RX< __EVBTEST_END_e708c681__
[06:26:40.865] RX< msh />
[06:26:40.867] TX> cd /emmc
[06:26:40.867] TX> echo "__EVBTEST_END_90fb3fa7__"
[06:26:42.868] RX< cd /emmc
[06:26:42.868] RX< msh /emmc>echo "__EVBTEST_END_90fb3fa7__"
[06:26:42.868] RX< __EVBTEST_END_90fb3fa7__
[06:26:42.868] RX< msh /emmc>
[06:26:42.869] TX> ftp_server
[06:26:44.870] RX< ftp_server
[06:26:44.870] RX< 
[06:26:44.870] RX< [FTP] Ftp server init success!!!
[06:26:44.870] RX< msh /emmc>
[06:26:48.874] RX< [32m[I/ftp] service launched success.[0m
[06:26:49.323] TX> cam_set photo auto
[06:26:49.323] TX> echo "__EVBTEST_END_8eb9309a__"
[06:26:50.876] RX< cam_set photo auto
[06:26:50.876] RX< [6] [App Dfs] auto mode
[06:26:50.876] RX< msh /emmc>echo "__EVBTEST_END_8eb9309a__"
[06:26:50.876] RX< __EVBTEST_END_8eb9309a__
[06:26:50.876] RX< msh /emmc>
[06:26:51.878] TX> dfs_capture_start
[06:26:51.891] RX< dfs_capture_start
[06:26:51.891] RX< [7] [cam] [112754][tshell][cgm_parse_bin:104]total logical camera num: 1
[06:26:51.891] RX< [6] [cam] [112754][tshell][cam_prelude_create:187]E id, 0
[06:26:51.891] RX< [7] [cam] [112754][cpl0][cam_prelude_proc_routine:101]thread start
[06:26:51.891] RX< [6] [cam] [112754][tshell][cam_prelude_
[06:26:51.892] RX< create:214]X ctx size 132 addr 0x884b93d8
[06:26:51.892] RX< [6] [cam] [112758][tshell][sensor_probe:418]sensor [1]: identifing 0 success.
[06:26:51.892] RX< [6] [cam] [112759][tshell][sensor_probe:441]sensor [1]: probe exit!
[06:26:51.892] RX< [6] [cam] [112759][tshell][cam_prelude_fast_probe:251]cam: 0 probe
[06:26:51.894] RX<  result: 0
[06:26:51.894] RX< [6] [cam] [112759][tshell][cgm_parse_bin:218]cam(0) probe success
[06:26:51.894] RX< [6] [cam] [112760][tshell][cam_entry:455]entry ok
[06:26:51.894] RX< [34m[cam entry] perf=6267(us)!
[06:26:51.894] RX< [0m[6] [App Cam] cam entry success
[06:26:51.894] RX< [7] [cam] [112760][tshell][cam_solve_layout:350][mLayout] p
[06:26:51.897] RX< aram OK, scen1 iw4032 ih3024 ow4032 oh3024 gdc 0x0
[06:26:51.897] RX< [36m[mLayout] scen01 in=4032x3024,out=3024x4032 meRot1 stripe1 gdcOn0
[06:26:51.897] RX< [0m[36m[mLayout] scen00 20entries solved status=OK retry=0 rtmp=enabled (cursor0=0x8a02d090 cursor1=0x89417400, ch0/1/2 cnt=7/2/1)
[06:26:51.897] RX< 
[06:26:51.897] RX< [0m[7] [cam] [112762][tshell][cam_solve_layout:377]
[06:26:51.897] RX< [mLayout] out vol 0x8c000000 rBuf 0x8ab00000 sz 0x1500000 wBuf 0x8a03da80 sz 0x100000
[06:26:51.897] RX< [7] [cam] [112762][tshell][cam_solve_layout:394]Solve scen1 capType4 layout Done!
[06:26:51.897] RX< [6] [cam] [112763][tshell][cgm_pa
[06:26:51.900] RX< rse_media_para:274]phy cam num: 1
[06:26:51.900] RX< [7] [cam] [112763][cer0][cer_recovery_proc:343]thread start cid, 0
[06:26:51.900] RX< [6] [cam] [112764][tshell][csc_open:499]SENSOR MCLK cal: 24MHz
[06:26:51.900] RX< [6] [cam] [112764][tshell][csc_isp_clk_cal:344]MIPI CLK cal: 346MHz
[06:26:51.900] RX< [6] [cam] [112765][tsh
[06:26:51.900] RX< ell][csc_isp_clk_cal:374]LITE CLK cal: 28MHz
[06:26:51.900] RX< [7] [cam] [112765][tshell][cpc_csi_rx_power_on:633]E id: 2
[06:26:51.900] RX< [4] [cam] [112765][tshell][cpc_csi_rx_power_on:644]csi_2 has already power on, STATUS: 1
[06:26:51.900] RX< [6] [cam] [112766][tshell][cpc_update_clock:603]actual SNS mcl
[06:26:51.905] RX< k: 24MHz
[06:26:51.905] RX< [6] [cam] [112766][tshell][cpc_update_clock:608]actual MIPI0: 500MHz
[06:26:51.905] RX< [6] [cam] [112767][tshell][cpc_update_clock:598]actual LITE clk: 50MHz
[06:26:51.905] RX< [7] [cam] [112767][tshell][cam_prelude_open:297][34msnsOpen camID1 csiID0 phyIdx0[0m
[06:26:51.905] RX< [6] [cam] [112771]
[06:26:51.906] RX< [tshell][sensor_expo_gain_match:48]sensor get sensor expo gain of imx681_vst
[06:26:51.906] RX< [6] [cam] [112771][tshell][sensor_open:684]sensor [1] open OK.
[06:26:51.906] RX< [6] [cam] [112771][tshell][cam_cpm_parse_media:275]photo scenario, media para[mfnr:0, hdr:0, capture_num:0]
[06:26:51.906] RX< [6] [ca
[06:26:51.908] RX< m] [112772][tshell][cam_cpm_parse_media:278]photo scenario, media para[iso:0, gain:0, wb_mode:0]
[06:26:51.908] RX< [6] [cam] [112773][tshell][csc_isp_clk_cal:355]FE CLK cal: 426MHz, ME CLK cal: 462MHz, FE/ME CLK cal: 508MHz
[06:26:51.908] RX< [6] [cam] [112773][tshell][csc_isp_clk_cal:364]BE
[06:26:51.908] RX<  CLK cal: 401MHz
[06:26:51.908] RX< [4] [cam] [112774][tshell][cam_fe_core_power_on:269]fe pipe has already power on, STATUS: 1
[06:26:51.908] RX< [6] [cam] [112774][tshell][cpc_update_clock:588]actual FE/ME clk: 550MHz
[06:26:51.908] RX< [4] [cam] [112775][tshell][cam_be_core_power_on:1028]be pipe has already
[06:26:51.911] RX<  power on, STATUS: 1
[06:26:51.911] RX< [6] [cam] [112775][tshell][cpc_update_clock:593]actual BE clk: 500MHz
[06:26:51.911] RX< [7] [cam] [112775][tshell][cam_cpm_core_power_on:435]id,0 type,1 ret 0
[06:26:51.911] RX< [6] [cam] [112776][tshell][cam_cpm_core_init:1017]E id,0 sensor type,1
[06:26:51.911] RX< [6] [cam] [112777][ts
[06:26:51.912] RX< hell][cpm_core_check_tuningbin:957]Tuning bin crc check PASS! sum 0xfa5abf97, xor 0x6a6c89c1
[06:26:51.912] RX< [6] [cam] [112777][tshell][qpc_tuning_check_iqbin_validness:396]IQ bin addr: 0x8869de60, project_name: capture_12M
[06:26:51.912] RX< [6] [cam] [112778][tshell][qpc_tuning_check_iqb
[06:26:51.914] RX< in_validness:397]total_size: 108928
[06:26:51.914] RX< [6] [cam] [112778][tshell][qpc_tuning_check_iqbin_validness:398]id_count: 93. ID_TOTAL: 94
[06:26:51.914] RX< [6] [cam] [112779][tshell][qpc_tuning_check_iqbin_validness:399]spinel tuning data ver: V1.30
[06:26:51.914] RX< [6] [cam] [112779][tshell][cpm_cor
[06:26:51.914] RX< e_check_tuningbin:971]IQ bin check success!
[06:26:51.914] RX< [6] [cam] [112780][tshell][cam_bm_core_init:94]E
[06:26:51.914] RX< [6] [cam] [112780][tshell][bm_lab_init:174]X ctx size 4 addr 0x884a9338
[06:26:51.914] RX< [6] [cam] [112781][tshell][cam_bm_core_init:114]X ctx size 180 addr 0x884db5b0
[06:26:51.914] RX< [6] [cam] 
[06:26:51.921] RX< [112781][tshell][qpc_core_init:1299]E id,0
[06:26:51.921] RX< [6] [cam] [112781][tshell][qpc_queue_init:65]QPC init qnodes 8, size 508, pool 0x884dbb90
[06:26:51.921] RX< [6] [cam] [112782][tshell][_qpc_get_cap_cfg_para:900]preset capCfg 200 3 5
[06:26:51.921] RX< [7] [cam] [112782][tshell][_qpc_cfg_hdr_frms:8
[06:26:51.921] RX< 48]hdr preset - gainThres 1600
[06:26:51.921] RX< FrmNB:	TNR	|EV-	|EV0	|EV+
[06:26:51.921] RX< LDR:	 0	| 1	| -	| 5
[06:26:51.921] RX< LLLDR:	 0	| 1	| -	| 5
[06:26:51.921] RX< HDR:	 0	| 1	| 5	| 3
[06:26:51.921] RX< LLHDR:	 0	| 1	| 5	| 3
[06:26:51.921] RX< 
[06:26:51.921] RX< [6] [cam] [112788][tshell][qpc_core_init:1347]X ctx size 1288 addr 0x884db678
[06:26:51.921] RX< [6] [cam] [112788][tshell][cpm_core_
[06:26:51.926] RX< get_param:764]cpm para chk: tunBin-w 4000 h 3000 img-w 4032 h 3024
[06:26:51.926] RX< [6] [cam] [112789][tshell][cam_fe_core_init:436]E id,0
[06:26:51.926] RX< [6] [cam] [112789][tshell][cam_fe_core_init:490]X ctx size 96 addr 0x884ec8d0
[06:26:51.926] RX< [7] [cam] [112790][tshell][qpc_core_fe_chords_init:176
[06:26:51.926] RX< 3][34mqpc fe init snsOut w 4032 h 3024, tbl w 28 h 20[0m
[06:26:51.926] RX< [6] [cam] [112790][tshell][cam_me_core_init:1523]X ctx size 1352 addr 0x884eec80
[06:26:51.926] RX< [34m[ME SLICE CFG] perf=1562(us)!
[06:26:51.926] RX< [0m[6] [cam] [112793][tshell][cam_bayer_fe_3a_stats_core_init:445]fe 3a id,0
[06:26:51.926] RX< [6
[06:26:51.929] RX< ] [cam] [112793][tshell][cam_bayer_fe_3a_stats_core_init:490]X ctx size 132 addr 0x884f76a0
[06:26:51.929] RX< [6] [cam] [112794][tshell][cam_be_core_init:621]E id,0
[06:26:51.929] RX< [7] [cam] [112794][be0][be_core_irq_proc:270]thread start cid,0
[06:26:51.929] RX< [6] [cam] [112794][tshell][cam_be_core_init
[06:26:51.929] RX< :716]X ctx size 472 addr 0x884f7a30
[06:26:51.929] RX< [6] [cam] [112794][tshell][cam_lite_core_init:433]E id,0
[06:26:51.929] RX< [7] [cam] [112795][lite0][lite_core_irq_proc:152]thread start cid,0
[06:26:51.929] RX< [6] [cam] [112795][tshell][cam_lite_core_init:497]X ctx size 164 addr 0x884fa480
[06:26:51.929] RX< [6] [cam] [1
[06:26:51.933] RX< 12796][tshell][awb_wrapper_init:66]xxx awb_bin=0x884de27c, awb_bin_length=8068
[06:26:51.933] RX< [6] [cam] [112796][tshell][awb_wrapper_init:86]X algo_handle 0x885024c8
[06:26:51.933] RX< [7] [cam] [112797][awb0][a5_core_wrapper_task:252]thread start cid,0 algo type,2
[06:26:51.933] RX< [6] [cam] [112797][tshe
[06:26:51.933] RX< ll][a5_core_init_task:426]thread created: awb0 mq=0x88504588 thread=0x885046a0 sem=0x88504518 ret=0
[06:26:51.933] RX< [6] [cam] [112798][tshell][bayer_ae_wrapper_init:68]E id,0 proc mode 1 
[06:26:51.933] RX< 
[06:26:51.933] RX< [AEC Proc] @[allib_ae_set_debug_log_flag] Line:129:[DEBUG] debug level/to_file/to_
[06:26:51.936] RX< terminal: 22/1/1
[06:26:51.936] RX< [AEC Proc] @[AeInit] Line:377:[INFO] AE ver: 2026_V2.269
[06:26:51.936] RX< 
[06:26:51.936] RX< [AEC Proc] @[allib_ae_loadfunc] Line:193:[INFO] camera ID: 0
[06:26:51.936] RX< [AEC Proc] @[AeInit] Line:404:[DEBUG] init imu detector sucessed!
[06:26:51.936] RX< [AEC Proc] @[AeInit] Line:406:[DEBUG] imu init errco
[06:26:51.936] RX< de:0
[06:26:51.936] RX< [AEC Proc] @[alAE_set_param] Line:576:[DEBUG] sw_maxtime 33044 ,pertline 9444, after check sensor step sw_max_time 33039.00
[06:26:51.936] RX< [AEC Proc] @[alAE_set_param] Line:581:[DEBUG] sw_mintime 37 ,pertline 9444, after check sensor step sw_min_time 36.00
[06:26:51.936] RX< [AEC Pro
[06:26:51.938] RX< c] @[alAE_set_param] Line:514:[DEBUG] DEBUG minbv exptime 9 gain 100, minExpBV 14098
[06:26:51.938] RX< [AEC Proc] @[AeTuningParseSet] Line:167:[DEBUG] aeparam version 2.268 60818
[06:26:51.938] RX< [AEC Proc] @[alAE_set_param] Line:341:[DEBUG] INITEXP gain 100, shutter 8000, midtonegain 100,
[06:26:51.938] RX<  bv 4303
[06:26:51.938] RX< [6] [cam] [112805][tshell][bayer_ae_wrapper_init:119]X tline 9444 max_exp 33044 alg_hdl 0x88506e50 
[06:26:51.938] RX< [7] [cam] [112805][b_ae0][a5_core_wrapper_task:252]thread start cid,0 algo type,0
[06:26:51.938] RX< [6] [cam] [112806][tshell][a5_core_init_task:426]thread created
[06:26:51.941] RX< : b_ae0 mq=0x8850dd70 thread=0x8850de88 sem=0x8850dd00 ret=0
[06:26:51.941] RX< [6] [cam] [112806][tshell][atf_wrapper_init:67]E id,0
[06:26:51.941] RX< [6] [cam] [112807][tshell][atf_wrapper_init:107]X alg_ctx addr 0x88510348
[06:26:51.941] RX< [7] [cam] [112807][atf0][a5_core_wrapper_task:252]thread start cid
[06:26:51.942] RX< ,0 algo type,1
[06:26:51.942] RX< [6] [cam] [112808][tshell][a5_core_init_task:426]thread created: atf0 mq=0x885126a0 thread=0x885127b8 sem=0x88512630 ret=0
[06:26:51.942] RX< [6] [cam] [112808][tshell][cam_cpm_core_init:1149]X ctx size 1096 addr 0x884db158
[06:26:51.942] RX< [6] [cam] [112809][tshell][csc_ope
[06:26:51.949] RX< n:599]ok! phys_id[1], phys_num[1] 
[06:26:51.949] RX< [6] [cam] [112809][tshell][cam_open:738]open ok! camera_id[0]
[06:26:51.949] RX< [34m[cam open] perf=49222(us)!
[06:26:51.949] RX< [0m[6] [App Cam] cam open success
[06:26:51.949] RX< [6] [cam] [112815][tshell][csc_init:722]sensor info:size:4032x3024, formt: 0x2b, bps: 2496
[06:26:51.950] RX< , tline: 9444
[06:26:51.950] RX< [6] [cam] [112815][tshell][cam_sif_mgr_init:261]E id,0
[06:26:51.950] RX< [7] [cam] [112816][sif0][sif_irq_proc:151]thread start cid,0
[06:26:51.950] RX< [6] [cam] [112816][tshell][cam_sif_mgr_init:293]X ctx size 52 addr 0x8852b8a0
[06:26:51.950] RX< [7] [cam] [112817][tshell][sif_btm_paramSet:10
[06:26:51.952] RX< 2]btm lite w4032 h3024 binEn1 binRatio2
[06:26:51.952] RX< [7] [cam] [112817][tshell][sif_btm_paramSet:106]cropSlct2 x0 y0 w4032 h4032
[06:26:51.952] RX< [6] [cam] [112818][tshell][cam_prelude_init_cfg:368]CSI ID is 0,  phy lanes is 2.
[06:26:51.952] RX< [7] [cam] [112818][tshell][check_phy_ready:96]MIPI_PHY[0]
[06:26:51.952] RX<  is ready
[06:26:51.952] RX< [6] [cam] [112819][tshell][sensor_init:348]sensor [1]: register ok
[06:26:51.952] RX< [6] [cam] [112819][tshell][sensor_set_mode:887]sensor [1]: SetMode -> mode = 0.
[06:26:51.952] RX< [6] [cam] [112819][tshell][sensor_send_reg_tab_to_sensor:705]sensor [1]: send_reg_tab_to_sensor E
[06:26:51.961] RX< .
[06:26:51.961] RX< [6] [cam] [112823][tshell][sensor_send_reg_tab_to_sensor:751]sensor [1]: reg_count = 77.
[06:26:51.961] RX< [6] [cam] [112823][tshell][sensor_init:361]sensor [1]: init success.
[06:26:51.961] RX< [6] [cam] [112823][tshell][sensor_set_mode:887]sensor [1]: SetMode -> mode = 1.
[06:26:51.961] RX< [6] [cam] [1128
[06:26:51.964] RX< 23][tshell][sensor_send_reg_tab_to_sensor:705]sensor [1]: send_reg_tab_to_sensor E.
[06:26:51.964] RX< [6] [cam] [112828][tshell][sensor_send_reg_tab_to_sensor:751]sensor [1]: reg_count = 84.
[06:26:51.964] RX< [6] [cam] [112828][tshell][csc_init:731]ok! phys_id[1], phys_num[1]
[06:26:51.964] RX< [6] [cam] [11
[06:26:51.964] RX< 2829][tshell][csc_get_bayer_single_buffer:1148]scenario_type: 1
[06:26:51.964] RX< [6] [cam] [112829][tshell][csc_set_stats_fmt:98]index 0 w 1 h 1 bw 8 wcmp 255
[06:26:51.964] RX< [7] [cam] [112830][tshell][bm_ioctl:201]BMIOC_STATS_FMT
[06:26:51.964] RX< [6] [cam] [112830][tshell][csc_set_fe_fmt:47]index 1 w 40
[06:26:51.966] RX< 32 h 3024 bw 10 wcmp 0
[06:26:51.966] RX< [7] [cam] [112831][tshell][bm_ioctl:201]BMIOC_FE_FMT
[06:26:51.966] RX< [6] [cam] [112831][tshell][csc_set_lite_fmt:115]index 2 w 1008 h 720 bw 8 wcmp 255
[06:26:51.966] RX< [7] [cam] [112831][tshell][bm_ioctl:201]BMIOC_LITE_FMT
[06:26:51.966] RX< [6] [cam] [112831][tshell][csc_set_lite_
[06:26:51.966] RX< fmt:115]index 21 w 1008 h 720 bw 8 wcmp 255
[06:26:51.966] RX< [7] [cam] [112832][tshell][bm_ioctl:201]BMIOC_LITE_FMT
[06:26:51.966] RX< [6] [cam] [112832][tshell][csc_set_be_fmt:81]index 25 w 0 h 0 bw 8 wcmp 255
[06:26:51.966] RX< [7] [cam] [112833][tshell][bm_ioctl:201]BMIOC_BE_FMT
[06:26:51.966] RX< [6] [cam] [112833][tshell]
[06:26:51.969] RX< [csc_set_be_fmt:81]index 22 w 480 h 360 bw 8 wcmp 255
[06:26:51.969] RX< [7] [cam] [112834][tshell][bm_ioctl:201]BMIOC_BE_FMT
[06:26:51.969] RX< [6] [cam] [112834][tshell][csc_set_me_fmt:64]index 5 w 3024 h 4032 bw 10 wcmp 0, rdma_addr 0x8945f400, wdma_addr 0x8945f400
[06:26:51.969] RX< [7] [cam] [112835][tshe
[06:26:51.970] RX< ll][bm_ioctl:201]BMIOC_ME_FMT
[06:26:51.970] RX< [6] [cam] [112835][tshell][csc_set_me_fmt:64]index 6 w 3024 h 4032 bw 8 wcmp 255, rdma_addr 0x8a247700, wdma_addr 0x8c000000
[06:26:51.970] RX< [6] [cam] [112836][tshell][cam_me_core_buffer_cfg:1416]
[06:26:51.970] RX< ----ME PIPE INFO---
[06:26:51.970] RX<  wdma_buf_num:1, rotatio
[06:26:51.972] RX< n_en: 1
[06:26:51.972] RX< [7] [cam] [112836][tshell][cam_me_core_buffer_cfg:1424]yuv wdma_addr 0:0x8c000000, meta_en: 0, 0x00000000
[06:26:51.972] RX< [7] [cam] [112837][tshell][bm_ioctl:201]BMIOC_ME_FMT
[06:26:51.972] RX< [6] [cam] [112837][tshell][csc_init:739]get otp ok! phys_id[1], phys_num[1]
[06:26:51.972] RX< [6] [cam] [
[06:26:51.972] RX< 112837][tshell][cam_init:828]init ok! logic_id[0]
[06:26:51.972] RX< [34m[cam init] perf=22363(us)!
[06:26:51.972] RX< [0m[6] [App Cam] cam init success
[06:26:51.972] RX< [7] [cam] [112838][tshell][cam_cpm_core_stream_on:560]id 0 sensor type 1
[06:26:51.972] RX< [6] [cam] [112839][tshell][sensor_stream_on:1024]sensor [1]: str
[06:26:51.990] RX< eam_on
[06:26:51.990] RX< [6] [cam] [112839][tshell][sensor_stream_on:1052]sensor [1]: REG: 0x100, W:0x1.
[06:26:51.990] RX< [6] [cam] [112840][tshell][sensor_stream_on:1054]sensor [1]: REG: 0x100, R:0x1.
[06:26:51.990] RX< [6] [cam] [112840][tshell][csc_prv_start:873]ok! phys_id[1], phys_num[1], cam_ids[1]
[06:26:51.990] RX< [6
[06:26:51.990] RX< ] [cam] [112840][tshell][cam_start:938]preview start ok! logic_id[0]
[06:26:51.990] RX< [34m[cam start] perf=2353(us)!
[06:26:51.990] RX< [0m[6] [App Cam] cam start success
[06:26:51.990] RX< [6] [App Dfs] Gravity_XR Capture Start
[06:26:51.990] RX< msh /emmc>[7] [cam] [112842][b_3a_sts][bayer_stats_core_irq_proc:164]thread sta
[06:26:52.031] RX< rt cid,0
[06:26:52.031] RX< [7] [cam] [112842][fe0][fe_core_irq_proc:98]thread start cid,0
[06:26:52.031] RX< [34m[AE] fid=0,exp=10089,adg=325,Y=1615,mtg=100,shg=100,bgbv=2332,iso=325,cnv0,hdr0
[06:26:52.031] RX< [0m[34m[b_ae0 proc] perf=2749(us), max=2749(us)!
[06:26:52.031] RX< [0m[34m[awb0 proc] perf=1350(us), max=1350(u
[06:26:52.498] RX< s)!
[06:26:52.498] RX< [0m[34m[AE conv] fid=14,exp=14778,adg=400,Y=5725,mtg=523,shg=100,bgbv=1486,iso=400,cnv1,hdr1
[06:26:52.498] RX< [0m[7] [cam] [113347][fe0][_qpc_hdr_rslt_chk:1668]
[06:26:52.498] RX< ALG: EV0 t14778 g400 | EV+ t14778 g400 | EV- t10377 g107
[06:26:52.498] RX< [6] [cam] [113347][fe0][qpc_core_hdr_mapExp_cf
[06:26:52.544] RX< g:1736]evMapExp set OK, typ:2 1 FF num:5 1 0
[06:26:52.544] RX< [34m[cap] FE sync ME @fid14 as mod2 cfg0x01, cap 6frms @fid+2
[06:26:52.544] RX< [0m[7] [cam] [113350][qpc0][qpc_core_hdr_upd_sensor:559][HDRupd]: Sns cap-0 EV:0->2 st-14778 ag-400
[06:26:52.544] RX< [7] [cam] [113396][qpc0][qpc_core_hdr_upd_me:6
[06:26:52.578] RX< 13][HDRupd] ME cap-0 EV:0->2, dg-100
[06:26:52.578] RX< [7] [JPEG] frame num=6, pre frame=1106830 Bytes
[06:26:52.578] RX< [exif] oFrm 0 evP 0 evM -238 bv 1489 exp 14778 iso 400 time 113401
[06:26:52.578] RX< [6] [cam] [113417][fe0][_cpm_cb_jpegInfo_proc:618]SnapStream E @ frm17!
[06:26:52.578] RX< [6] [cam] [113430][me0][cpm_cb_
[06:26:52.667] RX< fe2me_tikChk:152]frm_length 33329us, fe2me delta 15
[06:26:52.667] RX< [32m[BE] fid=0, perf=5524(us), max=5524(us)!
[06:26:52.667] RX< [0m[34m[cap] fid: me0 fe18, perf=621580(us)!
[06:26:52.667] RX< [0m[7] [cam] [113462][me0][me_core_thread:359]ME out fid 0
[06:26:52.667] RX< [7] [cam] [113519][qpc0][qpc_core_hdr_upd_sensor:5
[06:26:53.026] RX< 59][HDRupd]: Sns cap-5 EV:2->1 st-10377 ag-107
[06:26:53.026] RX< [exif] oFrm 5 evP 0 evM -238 bv 1489 exp 10377 iso 107 time 113572
[06:26:53.026] RX< [6] [cam] [113616][fe0][_cpm_cb_jpegInfo_proc:626]SnapStream X @ frm23!
[06:26:53.026] RX< [34m[cap] fid: me5 fe23, perf=33445(us)!
[06:26:53.026] RX< [0m[34m[AE] fid=30,exp=330
[06:26:53.219] RX< 39,adg=1600,Y=6777,mtg=360,shg=100,bgbv=-2800,iso=3488,cnv1,hdr1
[06:26:53.219] RX< [0m[6] [App Dfs] Gravity_XR Capture Stop Success: total frames = 6
[06:26:53.219] RX< [6] [cam] [114084][DfsSend][sensor_stream_off:1188]sensor [1]: stream_off
[06:26:53.219] RX< [6] [cam] [114085][DfsSend][sensor_stream_off:12
[06:26:53.220] RX< 17]sensor [1]: REG: 0x100, W:0x0.
[06:26:53.220] RX< [6] [cam] [114085][DfsSend][sensor_stream_off:1219]sensor [1]: REG: 0x100, R:0x0.
[06:26:53.220] RX< [6] [cam] [114086][DfsSend][csc_prv_stop:983]ok! phys_id[1], phys_num[1], stop_type = 0
[06:26:53.220] RX< [6] [cam] [114086][DfsSend][cam_stop:1058]preview s
[06:26:53.222] RX< top ok! logic_id[0]
[06:26:53.222] RX< [34m[cam stop] perf=2398(us)!
[06:26:53.222] RX< [0m[6] [App Cam] cam stop success
[06:26:53.222] RX< [7] [cam] [114087][DfsSend][cam_cpm_core_power_off:467]id,0 type,1 ret 0
[06:26:53.222] RX< [6] [cam] [114087][sif0][sif_irq_proc:174]thread release cid,0
[06:26:53.222] RX< [6] [cam] [114088][DfsSend][cam
[06:26:53.222] RX< _sif_mgr_deinit:316]X
[06:26:53.222] RX< [6] [cam] [114088][DfsSend][cam_deinit:887]deinit ok! logic_id[0]
[06:26:53.222] RX< [34m[cam deinit] perf=1420(us)!
[06:26:53.222] RX< [0m[6] [App Cam] cam deinit success
[06:26:53.222] RX< [6] [cam] [114089][DfsSend][sensor_close:1292]sensor [1]: close!
[06:26:53.222] RX< [6] [cam] [114090][DfsSend][cam
[06:26:53.225] RX< _bm_core_deinit:136]X
[06:26:53.225] RX< [INFO]	cpm[0] snsType1 capMod2 cfg0x01 6frms
[06:26:53.225] RX< [6] [cam] [114090][be0][be_core_irq_proc:329]thread release cid,0
[06:26:53.225] RX< [6] [cam] [114090][DfsSend][cam_be_core_deinit:793]X
[06:26:53.225] RX< [6] [cam] [114091][me0][me_core_thread:404]thread release cid,0
[06:26:53.225] RX< [6] 
[06:26:53.225] RX< [cam] [114091][DfsSend][cam_me_core_deinit:1551]X
[06:26:53.225] RX< [6] [cam] [114091][fe0][fe_core_irq_proc:121]thread release cid,0
[06:26:53.225] RX< [6] [cam] [114091][DfsSend][cam_fe_core_deinit:536]X
[06:26:53.225] RX< [6] [cam] [114092][b_3a_sts][bayer_stats_core_irq_proc:193]thread release cid,0
[06:26:53.225] RX< [6] [
[06:26:53.227] RX< cam] [114092][DfsSend][cam_bayer_stats_core_deinit:512]X
[06:26:53.227] RX< [6] [cam] [114093][lite0][lite_core_irq_proc:190]thread release cid,0
[06:26:53.227] RX< [6] [cam] [114093][DfsSend][cam_lite_core_deinit:556]X
[06:26:53.227] RX< [6] [cam] [114093][b_ae0][a5_core_wrapper_task:315]thread release cid,0,
[06:26:53.228] RX< algo,0
[06:26:53.228] RX< [6] [cam] [114094][DfsSend][bayer_ae_wrapper_deinit:204]X
[06:26:53.228] RX< [6] [cam] [114094][atf0][a5_core_wrapper_task:315]thread release cid,0,algo,1
[06:26:53.228] RX< [6] [cam] [114094][DfsSend][atf_wrapper_deinit:153]X
[06:26:53.228] RX< [6] [cam] [114095][awb0][a5_core_wrapper_task:315]thread r
[06:26:53.230] RX< elease cid,0,algo,2
[06:26:53.230] RX< [6] [cam] [114095][DfsSend][awb_wrapper_deinit:153]X
[06:26:53.230] RX< [6] [cam] [114096][DfsSend][cam_5a_core_deinit:555]X
[06:26:53.230] RX< [6] [cam] [114096][DfsSend][cam_5a_inf_deinit:149]X
[06:26:53.230] RX< [6] [cam] [114096][qpc0][qpc_core_msg_proc:705]thread release cid,0
[06:26:53.230] RX< [6] [cam
[06:26:53.239] RX< ] [114096][DfsSend][qpc_core_deinit:1413]X
[06:26:53.239] RX< [6] [cam] [114097][DfsSend][cam_cpm_core_deinit:1248]X
[06:26:53.239] RX< [6] [cam] [114097][DfsSend][csc_close:656]ok! phys_id[1], phys_num[1]
[06:26:53.239] RX< [7] [cam] [114098][cer0][cer_recovery_proc:352]msg type = 254
[06:26:53.239] RX< [6] [cam] [114098][cer0]
[06:26:53.239] RX< [cer_recovery_proc:454]thread release cid,0
[06:26:53.239] RX< [6] [cam] [114098][DfsSend][cer_deinit:560]X
[06:26:53.239] RX< [6] [cam] [114099][DfsSend][cam_close:789]close ok! logic_id[0]
[06:26:53.239] RX< [34m[cam close] perf=10004(us)!
[06:26:53.239] RX< [0m[6] [App Cam] cam close success
[06:26:53.239] RX< [6] [cam] [114099][cpl0][cam_pr
[06:26:53.255] RX< elude_proc_routine:136]thread release
[06:26:53.255] RX< [6] [cam] [114100][DfsSend][cam_exit:571]exit ok!
[06:26:53.255] RX< [34m[cam exit] perf=664(us)!
[06:26:53.255] RX< [0m[6] [App Cam] cam exit success
[06:26:53.255] RX< [6] [App Cam] jpeg deinit success
[06:26:53.255] RX< [6] [App Dfs] Save Photo Successful: /emmc/PIC/20260101_000152_2841
[06:26:55.258] RX< /
[06:26:55.258] RX< [6] [App Dfs] Capture completed successfully.
[06:26:57.085] TX> cam_set video 1080p
[06:26:57.085] TX> echo "__EVBTEST_END_7e9095bc__"
[06:26:57.259] RX< cam_set video 1080p
[06:26:57.259] RX< [6] [App Dfs] w(1920) * h(1080) is 1080p, eis 1
[06:26:57.259] RX< msh /emmc>echo "__EVBTEST_END_7e9095bc__"
[06:26:57.259] RX< __EVBTEST_END_7e9095bc__
[06:26:57.259] RX< msh /emmc>
[06:26:57.288] TX> dfs_video_start
[06:26:57.440] RX< dfs_video_start
[06:26:57.440] RX< [7] [cam] [118301][tshell][cgm_parse_bin:104]total logical camera num: 1
[06:26:57.440] RX< [6] [cam] [118301][tshell][cam_prelude_create:187]E id, 0
[06:26:57.440] RX< [7] [cam] [118301][cpl0][cam_prelude_proc_routine:101]thread start
[06:26:57.440] RX< [6] [cam] [118301][tshell][cam_prelude_cr
[06:26:57.440] RX< eate:214]X ctx size 132 addr 0x884de490
[06:26:57.440] RX< [6] [cam] [118306][tshell][sensor_probe:418]sensor [1]: identifing 0 success.
[06:26:57.440] RX< [6] [cam] [118306][tshell][sensor_probe:441]sensor [1]: probe exit!
[06:26:57.440] RX< [6] [cam] [118306][tshell][cam_prelude_fast_probe:251]cam: 0 probe re
[06:26:57.442] RX< sult: 0
[06:26:57.442] RX< [6] [cam] [118307][tshell][cgm_parse_bin:218]cam(0) probe success
[06:26:57.442] RX< [6] [cam] [118307][tshell][cam_entry:455]entry ok
[06:26:57.442] RX< [34m[cam entry] perf=7265(us)!
[06:26:57.442] RX< [0m[6] [App Cam] cam entry success
[06:26:57.442] RX< [7] [cam] [118308][tshell][cam_solve_layout:350][mLayout] par
[06:26:57.445] RX< am OK, scen3 iw4032 ih2268 ow1920 oh1080 gdc 0x1
[06:26:57.445] RX< [36m[mLayout] scen03 in=4032x2268,out=1920x1080 meRot1 stripe0 gdcOn1
[06:26:57.445] RX< [0m[36m[mLayout] scen03 14entries solved status=OK retry=0 rtmp=enabled (cursor0=0x8a00f210 cursor1=0x88e20aa0, ch0/1/2 cnt=5/3/1)
[06:26:57.445] RX< [
[06:26:57.445] RX< 0m[7] [cam] [118309][tshell][cam_solve_layout:377]
[06:26:57.445] RX< [mLayout] out vol 0x8c000000 rBuf 0x8a5e5400 sz 0xd00000 wBuf 0x89700000 sz 0x900000
[06:26:57.445] RX<           rtmp tBuf 0x8a10f210 sz 0x80000 aBuf 0x8a08f210 sz 0x80000
[06:26:57.445] RX<        alg EIS buf 0x8a00f210
[06:26:57.445] RX< [7] [cam] [118311]
[06:26:57.448] RX< [tshell][cam_solve_layout:397]Solve Scen3 layout Done!
[06:26:57.448] RX< [6] [cam] [118312][tshell][cgm_parse_media_para:274]phy cam num: 1
[06:26:57.448] RX< [7] [cam] [118312][cer0][cer_recovery_proc:343]thread start cid, 0
[06:26:57.448] RX< [6] [cam] [118312][tshell][csc_open:499]SENSOR MCLK cal: 24MHz
[06:26:57.448] RX< [6
[06:26:57.448] RX< ] [cam] [118313][tshell][csc_isp_clk_cal:344]MIPI CLK cal: 277MHz
[06:26:57.448] RX< [6] [cam] [118313][tshell][csc_isp_clk_cal:374]LITE CLK cal: 25MHz
[06:26:57.448] RX< [7] [cam] [118314][tshell][cpc_csi_rx_power_on:633]E id: 2
[06:26:57.448] RX< [4] [cam] [118314][tshell][cpc_csi_rx_power_on:644]csi_2 has al
[06:26:57.454] RX< ready power on, STATUS: 1
[06:26:57.454] RX< [6] [cam] [118314][tshell][cpc_update_clock:603]actual SNS mclk: 24MHz
[06:26:57.454] RX< [6] [cam] [118315][tshell][cpc_update_clock:608]actual MIPI0: 300MHz
[06:26:57.454] RX< [6] [cam] [118315][tshell][cpc_update_clock:598]actual LITE clk: 25MHz
[06:26:57.454] RX< [7] [cam] [118315
[06:26:57.454] RX< ][tshell][cam_prelude_open:297][34msnsOpen camID1 csiID0 phyIdx0[0m
[06:26:57.454] RX< [6] [cam] [118320][tshell][sensor_expo_gain_match:48]sensor get sensor expo gain of imx681_vst
[06:26:57.454] RX< [6] [cam] [118320][tshell][sensor_open:684]sensor [1] open OK.
[06:26:57.454] RX< [6] [cam] [118320][tshell]
[06:26:57.457] RX< [cam_cpm_parse_media:295]video scenario:3, media para[fps:0, mirror_en:0, flip_en:0]
[06:26:57.457] RX< [6] [cam] [118321][tshell][cam_cpm_parse_media:298]video scenario, media para[iso:0, gain:0, wb_mode:0]
[06:26:57.457] RX< [6] [cam] [118322][tshell][csc_isp_clk_cal:355]FE CLK cal: 373MHz,
[06:26:57.457] RX<  ME CLK cal: 371MHz, FE/ME CLK cal: 410MHz
[06:26:57.457] RX< [6] [cam] [118322][tshell][csc_isp_clk_cal:364]BE CLK cal: 301MHz
[06:26:57.457] RX< [4] [cam] [118323][tshell][cam_fe_core_power_on:269]fe pipe has already power on, STATUS: 1
[06:26:57.457] RX< [6] [cam] [118323][tshell][cpc_update_clock:588]actual
[06:26:57.460] RX<  FE/ME clk: 500MHz
[06:26:57.460] RX< [4] [cam] [118323][tshell][cam_be_core_power_on:1028]be pipe has already power on, STATUS: 1
[06:26:57.460] RX< [6] [cam] [118324][tshell][cpc_update_clock:593]actual BE clk: 500MHz
[06:26:57.460] RX< [7] [cam] [118324][tshell][cam_cpm_core_power_on:435]id,0 type,1 ret 0
[06:26:57.460] RX< [
[06:26:57.461] RX< 6] [cam] [118325][tshell][cam_cpm_core_init:1017]E id,0 sensor type,1
[06:26:57.461] RX< [6] [cam] [118326][tshell][cpm_core_check_tuningbin:957]Tuning bin crc check PASS! sum 0x17a5964, xor 0x87e82682
[06:26:57.461] RX< [6] [cam] [118326][tshell][qpc_tuning_check_iqbin_validness:396]IQ bin a
[06:26:57.463] RX< ddr: 0x88646660, project_name: video_3M
[06:26:57.463] RX< [6] [cam] [118327][tshell][qpc_tuning_check_iqbin_validness:397]total_size: 94400
[06:26:57.463] RX< [6] [cam] [118327][tshell][qpc_tuning_check_iqbin_validness:398]id_count: 93. ID_TOTAL: 94
[06:26:57.463] RX< [6] [cam] [118328][tshell][qpc_tuning_che
[06:26:57.463] RX< ck_iqbin_validness:399]spinel tuning data ver: V1.30
[06:26:57.463] RX< [6] [cam] [118328][tshell][cpm_core_check_tuningbin:971]IQ bin check success!
[06:26:57.463] RX< [6] [cam] [118329][tshell][cam_bm_core_init:94]E
[06:26:57.463] RX< [6] [cam] [118329][tshell][bm_lab_init:174]X ctx size 4 addr 0x884b95d8
[06:26:57.463] RX< [6
[06:26:57.477] RX< ] [cam] [118330][tshell][cam_bm_core_init:114]X ctx size 180 addr 0x884c2270
[06:26:57.477] RX< [6] [cam] [118330][tshell][qpc_core_init:1299]E id,0
[06:26:57.477] RX< [6] [cam] [118330][tshell][qpc_queue_init:65]QPC init qnodes 8, size 508, pool 0x884df230
[06:26:57.477] RX< [7] [cam] [118331][tshell][_qpc_get
[06:26:57.477] RX< _cap_cfg_para:896][fallback]preset capCfg 200 0 0 invalid, use default
[06:26:57.477] RX< [7] [cam] [118331][tshell][_qpc_cfg_hdr_frms:840][fallback]preset hdrCfg 0 0 0 0 0 invalid, use default
[06:26:57.477] RX< [6] [cam] [118343][tshell][qpc_core_init:1347]X ctx size 1288 addr 0x884c2338
[06:26:57.477] RX< [6
[06:26:57.480] RX< ] [cam] [118343][tshell][cpm_core_get_param:764]cpm para chk: tunBin-w 4032 h 2266 img-w 4032 h 2268
[06:26:57.480] RX< [6] [cam] [118344][tshell][cam_fe_core_init:436]E id,0
[06:26:57.480] RX< [6] [cam] [118344][tshell][cam_fe_core_init:490]X ctx size 96 addr 0x884c2fe8
[06:26:57.480] RX< [7] [cam] [118345][t
[06:26:57.480] RX< shell][qpc_core_fe_chords_init:1763][34mqpc fe init snsOut w 4032 h 2268, tbl w 28 h 20[0m
[06:26:57.480] RX< [6] [cam] [118345][tshell][cam_me_core_init:1523]X ctx size 1352 addr 0x884f1720
[06:26:57.480] RX< [34m[ME SLICE CFG] perf=467(us)!
[06:26:57.480] RX< [0m[6] [cam] [118347][tshell][cam_bayer_fe_3a_
[06:26:57.483] RX< stats_core_init:445]fe 3a id,0
[06:26:57.483] RX< [6] [cam] [118347][tshell][cam_bayer_fe_3a_stats_core_init:490]X ctx size 132 addr 0x884fa140
[06:26:57.483] RX< [6] [cam] [118348][tshell][cam_be_core_init:621]E id,0
[06:26:57.483] RX< [7] [cam] [118348][be0][be_core_irq_proc:270]thread start cid,0
[06:26:57.483] RX< [6] [cam] 
[06:26:57.483] RX< [118348][tshell][cam_be_core_init:716]X ctx size 472 addr 0x884fa4d0
[06:26:57.483] RX< [6] [cam] [118349][tshell][awb_wrapper_init:66]xxx awb_bin=0x884e14f4, awb_bin_length=8068
[06:26:57.483] RX< [6] [cam] [118349][tshell][awb_wrapper_init:86]X algo_handle 0x885013f8
[06:26:57.483] RX< [7] [cam] [118350][awb
[06:26:57.487] RX< 0][a5_core_wrapper_task:252]thread start cid,0 algo type,2
[06:26:57.487] RX< [6] [cam] [118350][tshell][a5_core_init_task:426]thread created: awb0 mq=0x885034b8 thread=0x885035d0 sem=0x88503448 ret=0
[06:26:57.487] RX< [6] [cam] [118351][tshell][bayer_ae_wrapper_init:68]E id,0 proc mode 0 
[06:26:57.487] RX< 
[06:26:57.488] RX< [AEC Proc] @[allib_ae_set_debug_log_flag] Line:129:[DEBUG] debug level/to_file/to_terminal: 22/1/1
[06:26:57.488] RX< [AEC Proc] @[AeInit] Line:377:[INFO] AE ver: 2026_V2.269
[06:26:57.488] RX< 
[06:26:57.488] RX< [AEC Proc] @[allib_ae_loadfunc] Line:193:[INFO] camera ID: 0
[06:26:57.488] RX< [AEC Proc] @[alAE_set_param] Line:576
[06:26:57.490] RX< :[DEBUG] sw_maxtime 33004 ,pertline 10800, after check sensor step sw_max_time 33000.00
[06:26:57.490] RX< [AEC Proc] @[alAE_set_param] Line:581:[DEBUG] sw_mintime 43 ,pertline 10800, after check sensor step sw_min_time 40.00
[06:26:57.490] RX< [AEC Proc] @[alAE_set_param] Line:514:[DEBUG] DE
[06:26:57.490] RX< BUG minbv exptime 11 gain 100, minExpBV 13810
[06:26:57.490] RX< [AEC Proc] @[AeTuningParseSet] Line:167:[DEBUG] aeparam version 2.268 60803
[06:26:57.490] RX< [AEC Proc] @[alAE_set_param] Line:341:[DEBUG] INITEXP gain 100, shutter 33242, midtonegain 100, bv 2247
[06:26:57.490] RX< [6] [cam] [118357][tshell][b
[06:26:57.493] RX< ayer_ae_wrapper_init:119]X tline 10800 max_exp 33004 alg_hdl 0x88505d80 
[06:26:57.493] RX< [7] [cam] [118357][b_ae0][a5_core_wrapper_task:252]thread start cid,0 algo type,0
[06:26:57.493] RX< [6] [cam] [118358][tshell][a5_core_init_task:426]thread created: b_ae0 mq=0x88506e30 thread=0x88506f
[06:26:57.493] RX< 48 sem=0x88506dc0 ret=0
[06:26:57.493] RX< [6] [cam] [118358][tshell][atf_wrapper_init:67]E id,0
[06:26:57.493] RX< [6] [cam] [118359][tshell][atf_wrapper_init:107]X alg_ctx addr 0x88507320
[06:26:57.493] RX< [7] [cam] [118359][atf0][a5_core_wrapper_task:252]thread start cid,0 algo type,1
[06:26:57.493] RX< [6] [cam] [118360][ts
[06:26:57.504] RX< hell][a5_core_init_task:426]thread created: atf0 mq=0x88507458 thread=0x88507570 sem=0x885073e8 ret=0
[06:26:57.504] RX< [6] [cam] [118360][tshell][cam_cpm_core_init:1101]GDC enabled: video_eis=1, photo_warp=0
[06:26:57.504] RX< [6] [cam] [118369][tshell][cam_dewarp_init:333]table reg: enable
[06:26:57.504] RX< :1, blockw:5, inw:1296, inh:2304, mapw:61, maph:35, outw:1920, outh:1080
[06:26:57.504] RX< [6] [cam] [118369][tshell][cam_dewarp_init:354]dewarp init: real-IMU consumer registered, reader=0x88507870
[06:26:57.504] RX< [6] [cam] [118370][dwp0][dewarp_thread_entry:164]dewarp thread start, id=0
[06:26:57.511] RX< 
[06:26:57.511] RX< [6] [cam] [118371][tshell][cam_dewarp_init:379]EIS: dewarp init ok: dwp0 eis_ctx=0x8a00f210 table_size=12810 reg=61x35x5
[06:26:57.511] RX< [6] [cam] [118371][tshell][cam_cpm_core_init:1131]EIS: dewarp enabled, eis_ctx=0x8a00f210, eis_cfg=0x884c21bc
[06:26:57.511] RX< [6] [cam] [118372][tshe
[06:26:57.511] RX< ll][cam_cpm_core_init:1149]X ctx size 1096 addr 0x884c1e18
[06:26:57.511] RX< [6] [cam] [118373][tshell][csc_open:599]ok! phys_id[1], phys_num[1] 
[06:26:57.511] RX< [6] [cam] [118373][tshell][cam_open:738]open ok! camera_id[0]
[06:26:57.511] RX< [34m[cam open] perf=65074(us)!
[06:26:57.511] RX< [0m[6] [App Cam] cam open succe
[06:26:57.513] RX< ss
[06:26:57.513] RX< [6] [cam] [118378][tshell][csc_init:722]sensor info:size:4032x2268, formt: 0x2b, bps: 1968, tline: 10800
[06:26:57.513] RX< [6] [cam] [118378][tshell][cam_sif_mgr_init:261]E id,0
[06:26:57.513] RX< [7] [cam] [118379][sif0][sif_irq_proc:151]thread start cid,0
[06:26:57.513] RX< [6] [cam] [118379][tshell][cam
[06:26:57.513] RX< _sif_mgr_init:293]X ctx size 52 addr 0x885442a8
[06:26:57.513] RX< [6] [cam] [118380][tshell][cam_prelude_init_cfg:368]CSI ID is 0,  phy lanes is 2.
[06:26:57.513] RX< [7] [cam] [118380][tshell][check_phy_ready:96]MIPI_PHY[0] is ready
[06:26:57.513] RX< [6] [cam] [118381][tshell][sensor_init:348]sensor [1]: re
[06:26:57.519] RX< gister ok
[06:26:57.519] RX< [6] [cam] [118381][tshell][sensor_set_mode:887]sensor [1]: SetMode -> mode = 0.
[06:26:57.519] RX< [6] [cam] [118381][tshell][sensor_send_reg_tab_to_sensor:705]sensor [1]: send_reg_tab_to_sensor E.
[06:26:57.519] RX< [6] [cam] [118385][tshell][sensor_send_reg_tab_to_sensor:751]senso
[06:26:57.525] RX< r [1]: reg_count = 77.
[06:26:57.525] RX< [6] [cam] [118385][tshell][sensor_init:361]sensor [1]: init success.
[06:26:57.525] RX< [6] [cam] [118385][tshell][sensor_set_mode:887]sensor [1]: SetMode -> mode = 3.
[06:26:57.525] RX< [6] [cam] [118386][tshell][sensor_send_reg_tab_to_sensor:705]sensor [1]: send_reg_t
[06:26:57.525] RX< ab_to_sensor E.
[06:26:57.525] RX< [6] [cam] [118390][tshell][sensor_send_reg_tab_to_sensor:751]sensor [1]: reg_count = 83.
[06:26:57.525] RX< [6] [cam] [118390][tshell][csc_init:731]ok! phys_id[1], phys_num[1]
[06:26:57.525] RX< [6] [cam] [118391][tshell][csc_get_bayer_single_buffer:1148]scenario_type: 3
[06:26:57.525] RX< [6] 
[06:26:57.528] RX< [cam] [118391][tshell][csc_set_stats_fmt:98]index 0 w 1 h 1 bw 8 wcmp 255
[06:26:57.528] RX< [7] [cam] [118392][tshell][bm_ioctl:201]BMIOC_STATS_FMT
[06:26:57.528] RX< [6] [cam] [118392][tshell][csc_set_fe_fmt:47]index 1 w 4032 h 2268 bw 10 wcmp 0
[06:26:57.528] RX< [7] [cam] [118393][tshell][bm_ioctl:201]BMIO
[06:26:57.528] RX< C_FE_FMT
[06:26:57.528] RX< [6] [cam] [118393][tshell][csc_set_me_fmt:64]index 5 w 2268 h 4032 bw 10 wcmp 0, rdma_addr 0x88e43800, wdma_addr 0x88e43800
[06:26:57.528] RX< [7] [cam] [118394][tshell][bm_ioctl:201]BMIOC_ME_FMT
[06:26:57.528] RX< [6] [cam] [118394][tshell][csc_set_video_fmt:1076]meta_addr: 0x8a18f2
[06:26:57.531] RX< 40
[06:26:57.531] RX< [6] [cam] [118394][tshell][csc_set_me_fmt:64]index 6 w 1296 h 2304 bw 8 wcmp 0, rdma_addr 0x8b2e5400, wdma_addr 0x8a19fc00
[06:26:57.531] RX< [6] [cam] [118394][tshell][cam_me_core_buffer_cfg:1416]
[06:26:57.531] RX< ----ME PIPE INFO---
[06:26:57.531] RX<  wdma_buf_num:2, rotation_en: 1
[06:26:57.531] RX< [7] [cam] [118396]
[06:26:57.531] RX< [tshell][cam_me_core_buffer_cfg:1424]yuv wdma_addr 0:0x8a19fc00, meta_en: 1, 0x8a18f240
[06:26:57.531] RX< [7] [cam] [118396][tshell][cam_me_core_buffer_cfg:1424]yuv wdma_addr 1:0x8a3c2800, meta_en: 1, 0x8a18f240
[06:26:57.531] RX< [7] [cam] [118397][tshell][bm_ioctl:201]BMIOC_ME_FMT
[06:26:57.531] RX< [6] [cam
[06:26:57.533] RX< ] [118397][tshell][csc_set_lite_fmt:115]index 13 w 400 h 400 bw 10 wcmp 255
[06:26:57.533] RX< [7] [cam] [118398][tshell][bm_ioctl:201]BMIOC_LITE_FMT
[06:26:57.533] RX< [6] [cam] [118398][tshell][csc_set_lite_fmt:115]index 14 w 400 h 400 bw 10 wcmp 255
[06:26:57.533] RX< [7] [cam] [118398][tshell][bm_ioctl:201
[06:26:57.533] RX< ]BMIOC_LITE_FMT
[06:26:57.533] RX< [6] [cam] [118398][tshell][csc_set_be_fmt:81]index 7 w 1920 h 1080 bw 6 wcmp 0
[06:26:57.533] RX< [7] [cam] [118399][tshell][bm_ioctl:201]BMIOC_BE_FMT
[06:26:57.533] RX< [6] [cam] [118399][tshell][csc_set_be_fmt:81]index 8 w 1920 h 1080 bw 8 wcmp 255
[06:26:57.533] RX< [7] [cam] [118400][tshell
[06:26:57.536] RX< ][bm_ioctl:201]BMIOC_BE_FMT
[06:26:57.536] RX< [6] [cam] [118400][tshell][cam_dewarp_set_table_base:480]dewarp table base updated: [0]=0x88e20aa0 [1]=0x88e32150
[06:26:57.536] RX< [6] [cam] [118401][tshell][cam_cpm_core_set_dewarp_table_base:1611]dewarp table base updated: [0]=0x88e20aa0 [1]=
[06:26:57.536] RX< 0x88e32150
[06:26:57.536] RX< [6] [cam] [118401][tshell][csc_init:739]get otp ok! phys_id[1], phys_num[1]
[06:26:57.536] RX< [6] [cam] [118402][tshell][cam_init:828]init ok! logic_id[0]
[06:26:57.536] RX< [34m[cam init] perf=23766(us)!
[06:26:57.536] RX< [0m[6] [App Cam] cam init success
[06:26:57.536] RX< [7] [cam] [118403][tshell][cam_cpm_core
[06:26:57.539] RX< _stream_on:560]id 0 sensor type 1
[06:26:57.539] RX< [6] [cam] [118403][tshell][sensor_stream_on:1024]sensor [1]: stream_on
[06:26:57.539] RX< [6] [cam] [118403][tshell][sensor_stream_on:1052]sensor [1]: REG: 0x100, W:0x1.
[06:26:57.539] RX< [6] [cam] [118404][tshell][sensor_stream_on:1054]sensor [1]: REG: 0x1
[06:26:57.539] RX< 00, R:0x1.
[06:26:57.539] RX< [6] [cam] [118404][tshell][csc_prv_start:873]ok! phys_id[1], phys_num[1], cam_ids[1]
[06:26:57.539] RX< [6] [cam] [118405][tshell][cam_start:938]preview start ok! logic_id[0]
[06:26:57.539] RX< [34m[cam start] perf=2353(us)!
[06:26:57.539] RX< [0m[6] [App Cam] cam start success
[06:26:57.539] RX< [6] [App Dfs] Gravi
[06:26:57.673] RX< ty_XR Record Start
[06:26:57.673] RX< msh /emmc>[7] [cam] [118406][b_3a_sts][bayer_stats_core_irq_proc:164]thread start cid,0
[06:26:57.673] RX< [7] [cam] [118406][fe0][fe_core_irq_proc:98]thread start cid,0
[06:26:57.673] RX< [34m[AE] fid=0,exp=6980,adg=100,Y=5934,mtg=100,shg=100,bgbv=4474,iso=100,cnv0,hdr0
[06:26:57.846] RX< [0m[34m[b_ae0 proc] perf=2767(us), max=2767(us)!
[06:26:57.846] RX< [0m[34m[awb0 proc] perf=1391(us), max=1391(us)!
[06:26:57.846] RX< [0m[7] [cam] [118539][me0][me_core_thread:359]ME out fid 0
[06:26:57.846] RX< [6] [cam] [118586][dwp0][cpm_cb_dewarp_handle:1411]EIS: dewarp done frm=0, buf_idx=0
[06:26:57.846] RX< [6] [cam]
[06:26:58.835] RX<  [118697][me0][cpm_cb_fe2me_tikChk:152]frm_length 88560us, fe2me delta 0
[06:26:58.835] RX< [34m[ME INTP]fid=0, shutter=6980, perf=793(us), max=793(us)!
[06:26:58.835] RX< [0m[32m[BE] fid=0, perf=6751(us), max=6751(us)!
[06:26:58.835] RX< [0m[6] [App Dfs] f_index = 0, f_len = 58085, cur_total_len = 58173
[06:26:58.835] RX< [3
[06:26:59.850] RX< 4m[AE] fid=30,exp=10000,adg=275,Y=4658,mtg=180,shg=100,bgbv=1549,iso=275,cnv2,hdr0
[06:26:59.850] RX< [0m[7] [cam] [119705][me0][me_core_thread:359]ME out fid 30
[06:26:59.850] RX< [34m[AE] fid=60,exp=9960,adg=275,Y=4673,mtg=180,shg=100,bgbv=1557,iso=275,cnv2,hdr0
[06:26:59.850] RX< [0m[7] [cam] [120704][me0]
[06:27:00.852] RX< [me_core_thread:359]ME out fid 60
[06:27:00.852] RX< [34m[AE] fid=90,exp=9930,adg=275,Y=4693,mtg=180,shg=100,bgbv=1567,iso=275,cnv2,hdr0
[06:27:00.852] RX< [0m[34m[b_ae0 proc] perf=396(us), max=2767(us)!
[06:27:00.852] RX< [0m[34m[awb0 proc] perf=1326(us), max=1758(us)!
[06:27:00.852] RX< [0m[7] [cam] [121704][me0][me_core_
[06:27:01.851] RX< thread:359]ME out fid 90
[06:27:01.851] RX< [32m[BE] fid=90, perf=8643(us), max=8988(us)!
[06:27:01.851] RX< [0m[6] [App Dfs] f_index = 90, f_len = 164171, cur_total_len = 6805180
[06:27:01.851] RX< [34m[AE] fid=120,exp=9930,adg=275,Y=4702,mtg=180,shg=100,bgbv=1571,iso=275,cnv2,hdr0
[06:27:01.851] RX< [0m[7] [cam] [122704][me0
[06:27:03.837] RX< ][me_core_thread:359]ME out fid 120
[06:27:03.837] RX< [34m[ME INTP]fid=120, shutter=9930, perf=265(us), max=5092(us)!
[06:27:03.837] RX< [0m[34m[AE] fid=150,exp=9930,adg=275,Y=4693,mtg=180,shg=100,bgbv=1567,iso=275,cnv2,hdr0
[06:27:03.837] RX< [0m[7] [cam] [123704][me0][me_core_thread:359]ME out fid 150
[06:27:03.837] RX< [3
[06:27:04.189] RX< 4m[AE] fid=180,exp=9930,adg=275,Y=4694,mtg=180,shg=100,bgbv=1567,iso=275,cnv2,hdr0
[06:27:04.189] RX< [0m[34m[b_ae0 proc] perf=410(us), max=688(us)!
[06:27:04.189] RX< [0m[34m[awb0 proc] perf=1480(us), max=1608(us)!
[06:27:04.189] RX< [0m[7] [cam] [124704][me0][me_core_thread:359]ME out fid 180
[06:27:04.189] RX< [32m[BE] f
[06:27:04.850] RX< id=180, perf=8586(us), max=8690(us)!
[06:27:04.850] RX< [0m[6] [App Dfs] f_index = 180, f_len = 158150, cur_total_len = 6590671
[06:27:04.850] RX< [34m[AE] fid=210,exp=9930,adg=275,Y=4690,mtg=180,shg=100,bgbv=1567,iso=275,cnv2,hdr0
[06:27:04.850] RX< [0m[7] [cam] [125704][me0][me_core_thread:359]ME out fid 21
[06:27:05.934] RX< 0
[06:27:05.934] RX< [34m[AE] fid=240,exp=9930,adg=275,Y=4698,mtg=180,shg=100,bgbv=1567,iso=275,cnv2,hdr0
[06:27:05.934] RX< [0m[6] [cam] [126695][dwp0][cpm_cb_dewarp_handle:1411]EIS: dewarp done frm=240, buf_idx=0
[06:27:05.934] RX< [7] [cam] [126704][me0][me_core_thread:359]ME out fid 240
[06:27:05.934] RX< [34m[ME INTP]fid=2
[06:27:06.852] RX< 40, shutter=9930, perf=4(us), max=2947(us)!
[06:27:06.852] RX< [0m[34m[AE] fid=270,exp=9930,adg=275,Y=4700,mtg=180,shg=100,bgbv=1571,iso=275,cnv2,hdr0
[06:27:06.852] RX< [0m[34m[b_ae0 proc] perf=409(us), max=645(us)!
[06:27:06.852] RX< [0m[34m[awb0 proc] perf=1350(us), max=1633(us)!
[06:27:06.852] RX< [0m[7] [cam] [127703]
[06:27:07.850] RX< [me0][me_core_thread:359]ME out fid 270
[06:27:07.850] RX< [32m[BE] fid=270, perf=8641(us), max=8644(us)!
[06:27:07.850] RX< [0m[6] [App Dfs] f_index = 270, f_len = 165711, cur_total_len = 6603641
[06:27:07.850] RX< [34m[AE] fid=300,exp=9930,adg=275,Y=4703,mtg=180,shg=100,bgbv=1571,iso=275,cnv2,hdr0
[06:27:07.850] RX< [0m[7] [
[06:27:09.835] RX< cam] [128703][me0][me_core_thread:359]ME out fid 300
[06:27:09.835] RX< [34m[AE] fid=330,exp=9930,adg=275,Y=4707,mtg=180,shg=100,bgbv=1571,iso=275,cnv2,hdr0
[06:27:09.835] RX< [0m[7] [cam] [129703][me0][me_core_thread:359]ME out fid 330
[06:27:09.835] RX< [34m[AE] fid=360,exp=9930,adg=275,Y=4710,mtg=180,shg=1
[06:27:09.935] RX< 00,bgbv=1571,iso=275,cnv2,hdr0
[06:27:09.935] RX< [0m[34m[b_ae0 proc] perf=584(us), max=692(us)!
[06:27:09.935] RX< [0m[34m[awb0 proc] perf=1352(us), max=1584(us)!
[06:27:09.935] RX< [0m[7] [cam] [130703][me0][me_core_thread:359]ME out fid 360
[06:27:09.935] RX< [34m[ME INTP]fid=360, shutter=9930, perf=1806(us), max=2724(us
[06:27:10.850] RX< )!
[06:27:10.850] RX< [0m[32m[BE] fid=360, perf=8595(us), max=8683(us)!
[06:27:10.850] RX< [0m[6] [App Dfs] f_index = 360, f_len = 158331, cur_total_len = 6584186
[06:27:10.850] RX< [34m[AE] fid=390,exp=9930,adg=275,Y=4711,mtg=180,shg=100,bgbv=1571,iso=275,cnv2,hdr0
[06:27:10.850] RX< [0m[7] [cam] [131703][me0][me_core_thread
[06:27:12.835] RX< :359]ME out fid 390
[06:27:12.835] RX< [34m[AE] fid=420,exp=9930,adg=275,Y=4716,mtg=180,shg=100,bgbv=1575,iso=275,cnv2,hdr0
[06:27:12.835] RX< [0m[7] [cam] [132703][me0][me_core_thread:359]ME out fid 420
[06:27:12.835] RX< [34m[AE] fid=450,exp=9890,adg=275,Y=4683,mtg=180,shg=100,bgbv=1568,iso=275,cnv2,hdr0
[06:27:12.835] RX< [
[06:27:13.210] RX< 0m[34m[b_ae0 proc] perf=404(us), max=646(us)!
[06:27:13.210] RX< [0m[34m[awb0 proc] perf=1396(us), max=1643(us)!
[06:27:13.210] RX< [0m[7] [cam] [133703][me0][me_core_thread:359]ME out fid 450
[06:27:13.210] RX< [32m[BE] fid=450, perf=8682(us), max=8687(us)!
[06:27:13.210] RX< [0m[6] [App Dfs] f_index = 450, f_len = 168635,
[06:27:13.851] RX<  cur_total_len = 6628998
[06:27:13.851] RX< [34m[AE] fid=480,exp=9890,adg=275,Y=4646,mtg=180,shg=100,bgbv=1557,iso=275,cnv2,hdr0
[06:27:13.851] RX< [0m[6] [cam] [134694][dwp0][cpm_cb_dewarp_handle:1411]EIS: dewarp done frm=480, buf_idx=0
[06:27:13.851] RX< [7] [cam] [134702][me0][me_core_thread:359]ME out fid 
[06:27:15.835] RX< 480
[06:27:15.835] RX< [34m[ME INTP]fid=480, shutter=9890, perf=3(us), max=3076(us)!
[06:27:15.835] RX< [0m[34m[AE] fid=510,exp=9890,adg=275,Y=4639,mtg=180,shg=100,bgbv=1557,iso=275,cnv2,hdr0
[06:27:15.835] RX< [0m[7] [cam] [135702][me0][me_core_thread:359]ME out fid 510
[06:27:15.835] RX< [34m[AE] fid=540,exp=9890,adg=275,Y=
[06:27:16.187] RX< 4639,mtg=180,shg=100,bgbv=1557,iso=275,cnv2,hdr0
[06:27:16.187] RX< [0m[34m[b_ae0 proc] perf=397(us), max=695(us)!
[06:27:16.187] RX< [0m[34m[awb0 proc] perf=1328(us), max=1570(us)!
[06:27:16.187] RX< [0m[7] [cam] [136702][me0][me_core_thread:359]ME out fid 540
[06:27:16.187] RX< [32m[BE] fid=540, perf=8651(us), max=8697(us
[06:27:17.832] RX< )!
[06:27:17.832] RX< [0m[6] [App Dfs] f_index = 540, f_len = 165819, cur_total_len = 6580861
[06:27:17.832] RX< [34m[AE] fid=570,exp=9960,adg=275,Y=4661,mtg=180,shg=100,bgbv=1553,iso=275,cnv2,hdr0
[06:27:17.832] RX< [0m[7] [cam] [137702][me0][me_core_thread:359]ME out fid 570
[06:27:17.832] RX< [34m[AE] fid=600,exp=9960,adg=2
[06:27:18.834] RX< 75,Y=4661,mtg=180,shg=100,bgbv=1553,iso=275,cnv2,hdr0
[06:27:18.834] RX< [0m[7] [cam] [138702][me0][me_core_thread:359]ME out fid 600
[06:27:18.834] RX< [34m[ME INTP]fid=600, shutter=9960, perf=3(us), max=2631(us)!
[06:27:18.834] RX< [0m[34m[AE] fid=630,exp=9960,adg=275,Y=4653,mtg=180,shg=100,bgbv=1553,iso=2
[06:27:19.230] RX< 75,cnv2,hdr0
[06:27:19.230] RX< [0m[34m[b_ae0 proc] perf=403(us), max=686(us)!
[06:27:19.230] RX< [0m[34m[awb0 proc] perf=1333(us), max=1744(us)!
[06:27:19.230] RX< [0m[7] [cam] [139702][me0][me_core_thread:359]ME out fid 630
[06:27:19.230] RX< [32m[BE] fid=630, perf=8655(us), max=8696(us)!
[06:27:19.230] RX< [0m[6] [App Dfs] f_index = 630, 
[06:27:20.832] RX< f_len = 165754, cur_total_len = 6602547
[06:27:20.832] RX< [34m[AE] fid=660,exp=9960,adg=275,Y=4665,mtg=180,shg=100,bgbv=1557,iso=275,cnv2,hdr0
[06:27:20.832] RX< [0m[7] [cam] [140702][me0][me_core_thread:359]ME out fid 660
[06:27:20.832] RX< [34m[AE] fid=690,exp=9960,adg=275,Y=4631,mtg=180,shg=100,bgbv=1545,
[06:27:21.850] RX< iso=275,cnv2,hdr0
[06:27:21.850] RX< [0m[7] [cam] [141702][me0][me_core_thread:359]ME out fid 690
[06:27:21.850] RX< [34m[awb0 proc] perf=10880(us), max=10880(us)!
[06:27:21.850] RX< [0m[34m[AE] fid=720,exp=9960,adg=275,Y=4631,mtg=180,shg=100,bgbv=1545,iso=275,cnv2,hdr0
[06:27:21.850] RX< [0m[34m[b_ae0 proc] perf=400(us), ma
[06:27:21.932] RX< x=1089(us)!
[06:27:21.932] RX< [0m[34m[awb0 proc] perf=1329(us), max=10880(us)!
[06:27:21.932] RX< [0m[6] [cam] [142698][dwp0][cpm_cb_dewarp_handle:1411]EIS: dewarp done frm=720, buf_idx=0
[06:27:21.932] RX< [7] [cam] [142701][me0][me_core_thread:359]ME out fid 720
[06:27:21.932] RX< [34m[ME INTP]fid=720, shutter=9960, perf=9
[06:27:22.848] RX< 5(us), max=2626(us)!
[06:27:22.848] RX< [0m[32m[BE] fid=720, perf=8732(us), max=8732(us)!
[06:27:22.848] RX< [0m[6] [App Dfs] f_index = 720, f_len = 172453, cur_total_len = 6781805
[06:27:22.848] RX< [34m[AE] fid=750,exp=10000,adg=275,Y=4582,mtg=180,shg=100,bgbv=1529,iso=275,cnv2,hdr0
[06:27:22.848] RX< [0m[7] [cam] [143701][
[06:27:24.834] RX< me0][me_core_thread:359]ME out fid 750
[06:27:24.834] RX< [34m[AE] fid=780,exp=10000,adg=275,Y=4624,mtg=180,shg=100,bgbv=1537,iso=275,cnv2,hdr0
[06:27:24.834] RX< [0m[7] [cam] [144701][me0][me_core_thread:359]ME out fid 780
[06:27:24.834] RX< [34m[AE] fid=810,exp=10070,adg=275,Y=4618,mtg=180,shg=100,bgbv=1527
[06:27:25.208] RX< ,iso=275,cnv2,hdr0
[06:27:25.208] RX< [0m[34m[b_ae0 proc] perf=586(us), max=687(us)!
[06:27:25.208] RX< [0m[34m[awb0 proc] perf=1327(us), max=1531(us)!
[06:27:25.208] RX< [0m[7] [cam] [145701][me0][me_core_thread:359]ME out fid 810
[06:27:25.208] RX< [32m[BE] fid=810, perf=8730(us), max=8732(us)!
[06:27:25.208] RX< [0m[6] [App Dfs] f_index =
[06:27:25.931] RX<  810, f_len = 172869, cur_total_len = 6833810
[06:27:25.931] RX< [34m[AE] fid=840,exp=10070,adg=275,Y=4652,mtg=180,shg=100,bgbv=1539,iso=275,cnv2,hdr0
[06:27:25.931] RX< [0m[7] [cam] [146701][me0][me_core_thread:359]ME out fid 840
[06:27:25.931] RX< [34m[ME INTP]fid=840, shutter=10070, perf=3(us), max=304(us)
[06:27:27.833] RX< !
[06:27:27.833] RX< [0m[34m[AE] fid=870,exp=10040,adg=275,Y=4652,mtg=180,shg=100,bgbv=1542,iso=275,cnv2,hdr0
[06:27:27.833] RX< [0m[7] [cam] [147701][me0][me_core_thread:359]ME out fid 870
[06:27:27.833] RX< [34m[AE] fid=900,exp=10040,adg=275,Y=4672,mtg=180,shg=100,bgbv=1546,iso=275,cnv2,hdr0
[06:27:27.833] RX< [0m[34m[b_ae
[06:27:28.207] RX< 0 proc] perf=408(us), max=643(us)!
[06:27:28.207] RX< [0m[34m[awb0 proc] perf=1344(us), max=1572(us)!
[06:27:28.207] RX< [0m[7] [cam] [148701][me0][me_core_thread:359]ME out fid 900
[06:27:28.207] RX< [32m[BE] fid=900, perf=8698(us), max=8730(us)!
[06:27:28.207] RX< [0m[6] [App Dfs] f_index = 900, f_len = 171843, cur_total_l
[06:27:29.850] RX< en = 6825788
[06:27:29.850] RX< [34m[AE] fid=930,exp=10040,adg=275,Y=4634,mtg=180,shg=100,bgbv=1534,iso=275,cnv2,hdr0
[06:27:29.850] RX< [0m[7] [cam] [149700][me0][me_core_thread:359]ME out fid 930
[06:27:29.850] RX< [34m[AE] fid=960,exp=10040,adg=275,Y=4630,mtg=180,shg=100,bgbv=1534,iso=275,cnv2,hdr0
[06:27:29.850] RX< [0m[6]
[06:27:30.833] RX<  [cam] [150692][dwp0][cpm_cb_dewarp_handle:1411]EIS: dewarp done frm=960, buf_idx=0
[06:27:30.833] RX< [7] [cam] [150700][me0][me_core_thread:359]ME out fid 960
[06:27:30.833] RX< [34m[ME INTP]fid=960, shutter=10040, perf=3(us), max=1251(us)!
[06:27:30.833] RX< [0m[34m[AE] fid=990,exp=10070,adg=275,Y=4662,mtg
[06:27:31.206] RX< =180,shg=100,bgbv=1539,iso=275,cnv2,hdr0
[06:27:31.206] RX< [0m[34m[b_ae0 proc] perf=403(us), max=624(us)!
[06:27:31.206] RX< [0m[34m[awb0 proc] perf=1331(us), max=1513(us)!
[06:27:31.206] RX< [0m[7] [cam] [151700][me0][me_core_thread:359]ME out fid 990
[06:27:31.206] RX< [32m[BE] fid=990, perf=8601(us), max=8732(us)!
[06:27:31.206] RX< [0m[
[06:27:32.830] RX< 6] [App Dfs] f_index = 990, f_len = 161276, cur_total_len = 6808866
[06:27:32.830] RX< [34m[AE] fid=1020,exp=10070,adg=275,Y=4604,mtg=180,shg=100,bgbv=1523,iso=275,cnv2,hdr0
[06:27:32.830] RX< [0m[7] [cam] [152700][me0][me_core_thread:359]ME out fid 1020
[06:27:32.830] RX< [34m[AE] fid=1050,exp=10070,adg=275,
[06:27:33.833] RX< Y=4596,mtg=180,shg=100,bgbv=1519,iso=275,cnv2,hdr0
[06:27:33.833] RX< [0m[7] [cam] [153700][me0][me_core_thread:359]ME out fid 1050
[06:27:33.833] RX< [34m[AE] fid=1080,exp=9960,adg=282,Y=4651,mtg=180,shg=100,bgbv=1525,iso=282,cnv2,hdr0
[06:27:33.833] RX< [0m[34m[b_ae0 proc] perf=629(us), max=738(us)!
[06:27:33.833] RX< [0m
[06:27:34.207] RX< [34m[awb0 proc] perf=1378(us), max=1597(us)!
[06:27:34.207] RX< [0m[7] [cam] [154700][me0][me_core_thread:359]ME out fid 1080
[06:27:34.207] RX< [34m[ME INTP]fid=1080, shutter=9960, perf=765(us), max=889(us)!
[06:27:34.207] RX< [0m[32m[BE] fid=1080, perf=8712(us), max=8713(us)!
[06:27:34.207] RX< [0m[6] [App Dfs] f_index = 10
[06:27:35.830] RX< 80, f_len = 173768, cur_total_len = 6844160
[06:27:35.830] RX< [34m[AE] fid=1110,exp=9960,adg=282,Y=4653,mtg=180,shg=100,bgbv=1525,iso=282,cnv2,hdr0
[06:27:35.830] RX< [0m[7] [cam] [155700][me0][me_core_thread:359]ME out fid 1110
[06:27:35.830] RX< [34m[AE] fid=1140,exp=9960,adg=282,Y=4646,mtg=180,shg=100,bgb
[06:27:36.833] RX< v=1521,iso=282,cnv2,hdr0
[06:27:36.833] RX< [0m[7] [cam] [156699][me0][me_core_thread:359]ME out fid 1140
[06:27:36.833] RX< [34m[AE] fid=1170,exp=9960,adg=282,Y=4648,mtg=180,shg=100,bgbv=1521,iso=282,cnv2,hdr0
[06:27:36.833] RX< [0m[34m[b_ae0 proc] perf=462(us), max=640(us)!
[06:27:36.833] RX< [0m[34m[awb0 proc] perf=1347(
[06:27:37.848] RX< us), max=1585(us)!
[06:27:37.848] RX< [0m[7] [cam] [157699][me0][me_core_thread:359]ME out fid 1170
[06:27:37.848] RX< [32m[BE] fid=1170, perf=8729(us), max=8729(us)!
[06:27:37.848] RX< [0m[6] [App Dfs] f_index = 1170, f_len = 174269, cur_total_len = 6809347
[06:27:37.848] RX< [34m[AE] fid=1200,exp=9960,adg=282,Y=4653,mtg=180,
[06:27:38.830] RX< shg=100,bgbv=1525,iso=282,cnv2,hdr0
[06:27:38.830] RX< [0m[6] [cam] [158691][dwp0][cpm_cb_dewarp_handle:1411]EIS: dewarp done frm=1200, buf_idx=0
[06:27:38.830] RX< [7] [cam] [158699][me0][me_core_thread:359]ME out fid 1200
[06:27:38.830] RX< [34m[ME INTP]fid=1200, shutter=9960, perf=4(us), max=2748(us)!
[06:27:38.830] RX< [0m
[06:27:39.833] RX< [34m[AE] fid=1230,exp=9960,adg=282,Y=4633,mtg=180,shg=100,bgbv=1517,iso=282,cnv2,hdr0
[06:27:39.833] RX< [0m[7] [cam] [159699][me0][me_core_thread:359]ME out fid 1230
[06:27:39.833] RX< [34m[AE] fid=1260,exp=10070,adg=282,Y=4646,mtg=180,shg=100,bgbv=1506,iso=282,cnv2,hdr0
[06:27:39.833] RX< [0m[34m[b_ae0 pro
[06:27:40.206] RX< c] perf=401(us), max=626(us)!
[06:27:40.206] RX< [0m[34m[awb0 proc] perf=1330(us), max=1565(us)!
[06:27:40.206] RX< [0m[7] [cam] [160699][me0][me_core_thread:359]ME out fid 1260
[06:27:40.206] RX< [32m[BE] fid=1260, perf=8672(us), max=8729(us)!
[06:27:40.206] RX< [0m[6] [App Dfs] f_index = 1260, f_len = 172599, cur_total_len
[06:27:41.846] RX<  = 6834062
[06:27:41.846] RX< [34m[AE] fid=1290,exp=10070,adg=282,Y=4638,mtg=180,shg=100,bgbv=1506,iso=282,cnv2,hdr0
[06:27:41.846] RX< [0m[7] [cam] [161699][me0][me_core_thread:359]ME out fid 1290
[06:27:41.846] RX< [34m[AE] fid=1320,exp=10070,adg=282,Y=4654,mtg=180,shg=100,bgbv=1510,iso=282,cnv2,hdr0
[06:27:41.846] RX< [0m[7
[06:27:42.832] RX< ] [cam] [162699][me0][me_core_thread:359]ME out fid 1320
[06:27:42.832] RX< [34m[ME INTP]fid=1320, shutter=10070, perf=4(us), max=869(us)!
[06:27:42.832] RX< [0m[34m[AE] fid=1350,exp=10070,adg=282,Y=4648,mtg=180,shg=100,bgbv=1506,iso=282,cnv2,hdr0
[06:27:42.832] RX< [0m[34m[b_ae0 proc] perf=406(us), max=628
[06:27:43.814] RX< (us)!
[06:27:43.814] RX< [0m[34m[awb0 proc] perf=1474(us), max=1565(us)!
[06:27:43.814] RX< [0m[7] [cam] [163699][me0][me_core_thread:359]ME out fid 1350
[06:27:43.814] RX< [32m[BE] fid=1350, perf=8582(us), max=8672(us)!
[06:27:43.814] RX< [0m[6] [App Dfs] f_index = 1350, f_len = 161905, cur_total_len = 6804905
[06:27:43.814] RX< [34m[AE] fid
[06:27:44.845] RX< =1380,exp=10070,adg=282,Y=4656,mtg=180,shg=100,bgbv=1510,iso=282,cnv2,hdr0
[06:27:44.845] RX< [0m[7] [cam] [164698][me0][me_core_thread:359]ME out fid 1380
[06:27:44.845] RX< [34m[AE] fid=1410,exp=10070,adg=282,Y=4657,mtg=180,shg=100,bgbv=1510,iso=282,cnv2,hdr0
[06:27:44.845] RX< [0m[7] [cam] [165698][me0][me
[06:27:45.847] RX< _core_thread:359]ME out fid 1410
[06:27:45.847] RX< [34m[AE] fid=1440,exp=10070,adg=282,Y=4658,mtg=180,shg=100,bgbv=1510,iso=282,cnv2,hdr0
[06:27:45.847] RX< [0m[34m[b_ae0 proc] perf=403(us), max=663(us)!
[06:27:45.847] RX< [0m[34m[awb0 proc] perf=1347(us), max=1566(us)!
[06:27:45.847] RX< [0m[6] [cam] [166691][dwp0][cpm_cb
[06:27:46.205] RX< _dewarp_handle:1411]EIS: dewarp done frm=1440, buf_idx=0
[06:27:46.205] RX< [7] [cam] [166698][me0][me_core_thread:359]ME out fid 1440
[06:27:46.205] RX< [34m[ME INTP]fid=1440, shutter=10070, perf=4(us), max=476(us)!
[06:27:46.205] RX< [0m[32m[BE] fid=1440, perf=8604(us), max=8736(us)!
[06:27:46.205] RX< [0m[6] [App Dfs] f_ind
[06:27:47.829] RX< ex = 1440, f_len = 161494, cur_total_len = 6831268
[06:27:47.829] RX< [34m[AE] fid=1470,exp=10070,adg=282,Y=4658,mtg=180,shg=100,bgbv=1510,iso=282,cnv2,hdr0
[06:27:47.829] RX< [0m[7] [cam] [167698][me0][me_core_thread:359]ME out fid 1470
[06:27:47.829] RX< [34m[AE] fid=1500,exp=10070,adg=282,Y=4657,mtg=180,sh
[06:27:48.831] RX< g=100,bgbv=1510,iso=282,cnv2,hdr0
[06:27:48.831] RX< [0m[7] [cam] [168698][me0][me_core_thread:359]ME out fid 1500
[06:27:48.831] RX< [34m[AE] fid=1530,exp=10070,adg=282,Y=4652,mtg=180,shg=100,bgbv=1510,iso=282,cnv2,hdr0
[06:27:48.831] RX< [0m[34m[b_ae0 proc] perf=433(us), max=607(us)!
[06:27:48.831] RX< [0m[34m[awb0 proc] 
[06:27:49.829] RX< perf=1345(us), max=1703(us)!
[06:27:49.829] RX< [0m[7] [cam] [169698][me0][me_core_thread:359]ME out fid 1530
[06:27:49.829] RX< [32m[BE] fid=1530, perf=8707(us), max=8707(us)!
[06:27:49.829] RX< [0m[6] [App Dfs] f_index = 1530, f_len = 173345, cur_total_len = 6848619
[06:27:49.829] RX< [34m[AE] fid=1560,exp=10070,adg=282,Y=46
[06:27:50.828] RX< 66,mtg=180,shg=100,bgbv=1514,iso=282,cnv2,hdr0
[06:27:50.828] RX< [0m[7] [cam] [170698][me0][me_core_thread:359]ME out fid 1560
[06:27:50.828] RX< [34m[ME INTP]fid=1560, shutter=10070, perf=4(us), max=261(us)!
[06:27:50.828] RX< [0m[34m[AE] fid=1590,exp=10070,adg=282,Y=4655,mtg=180,shg=100,bgbv=1510,iso=282,
[06:27:51.831] RX< cnv2,hdr0
[06:27:51.831] RX< [0m[7] [cam] [171697][me0][me_core_thread:359]ME out fid 1590
[06:27:51.831] RX< [34m[AE] fid=1620,exp=10070,adg=282,Y=4658,mtg=180,shg=100,bgbv=1510,iso=282,cnv2,hdr0
[06:27:51.831] RX< [0m[34m[b_ae0 proc] perf=401(us), max=622(us)!
[06:27:51.831] RX< [0m[34m[awb0 proc] perf=1331(us), max=1570(
[06:27:52.828] RX< us)!
[06:27:52.828] RX< [0m[7] [cam] [172697][me0][me_core_thread:359]ME out fid 1620
[06:27:52.828] RX< [32m[BE] fid=1620, perf=8539(us), max=8707(us)!
[06:27:52.828] RX< [0m[6] [App Dfs] f_index = 1620, f_len = 161255, cur_total_len = 6813867
[06:27:52.828] RX< [34m[AE] fid=1650,exp=10070,adg=282,Y=4681,mtg=180,shg=100,bgbv=
[06:27:53.846] RX< 1517,iso=282,cnv2,hdr0
[06:27:53.846] RX< [0m[7] [cam] [173697][me0][me_core_thread:359]ME out fid 1650
[06:27:53.846] RX< [34m[AE] fid=1680,exp=10070,adg=282,Y=4668,mtg=180,shg=100,bgbv=1514,iso=282,cnv2,hdr0
[06:27:53.846] RX< [0m[6] [cam] [174689][dwp0][cpm_cb_dewarp_handle:1411]EIS: dewarp done frm=1680, 
[06:27:54.831] RX< buf_idx=0
[06:27:54.831] RX< [7] [cam] [174697][me0][me_core_thread:359]ME out fid 1680
[06:27:54.831] RX< [34m[ME INTP]fid=1680, shutter=10070, perf=4(us), max=279(us)!
[06:27:54.831] RX< [0m[34m[AE] fid=1710,exp=10070,adg=282,Y=4677,mtg=180,shg=100,bgbv=1517,iso=282,cnv2,hdr0
[06:27:54.831] RX< [0m[34m[b_ae0 proc] perf=409(
[06:27:55.828] RX< us), max=639(us)!
[06:27:55.828] RX< [0m[34m[awb0 proc] perf=1330(us), max=1527(us)!
[06:27:55.828] RX< [0m[7] [cam] [175697][me0][me_core_thread:359]ME out fid 1710
[06:27:55.828] RX< [32m[BE] fid=1710, perf=8626(us), max=8686(us)!
[06:27:55.828] RX< [0m[6] [App Dfs] f_index = 1710, f_len = 168675, cur_total_len = 7215461
[06:27:55.828] RX< 
[06:27:56.843] RX< [34m[AE] fid=1740,exp=10070,adg=282,Y=4675,mtg=180,shg=100,bgbv=1517,iso=282,cnv2,hdr0
[06:27:56.843] RX< [0m[7] [cam] [176697][me0][me_core_thread:359]ME out fid 1740
[06:27:56.843] RX< [34m[AE] fid=1770,exp=10070,adg=282,Y=4657,mtg=180,shg=100,bgbv=1510,iso=282,cnv2,hdr0
[06:27:56.843] RX< [0m[7] [cam] [177
[06:27:57.846] RX< 697][me0][me_core_thread:359]ME out fid 1770
[06:27:57.846] RX< [34m[AE] fid=1800,exp=10070,adg=282,Y=4664,mtg=180,shg=100,bgbv=1514,iso=282,cnv2,hdr0
[06:27:57.846] RX< [0m[34m[b_ae0 proc] perf=571(us), max=640(us)!
[06:27:57.846] RX< [0m[34m[awb0 proc] perf=1329(us), max=1590(us)!
[06:27:57.846] RX< [0m[7] [cam] [178697][
[06:27:58.828] RX< me0][me_core_thread:359]ME out fid 1800
[06:27:58.828] RX< [34m[ME INTP]fid=1800, shutter=10070, perf=3(us), max=501(us)!
[06:27:58.828] RX< [0m[32m[BE] fid=1800, perf=8681(us), max=8681(us)!
[06:27:58.828] RX< [0m[6] [App Dfs] f_index = 1800, f_len = 172224, cur_total_len = 6870204
[06:27:58.828] RX< [34m[AE] fid=1830,exp=10
[06:27:59.844] RX< 070,adg=282,Y=4666,mtg=180,shg=100,bgbv=1514,iso=282,cnv2,hdr0
[06:27:59.844] RX< [0m[7] [cam] [179696][me0][me_core_thread:359]ME out fid 1830
[06:27:59.844] RX< [34m[AE] fid=1860,exp=10070,adg=282,Y=4658,mtg=180,shg=100,bgbv=1510,iso=282,cnv2,hdr0
[06:27:59.844] RX< [0m[7] [cam] [180696][me0][me_core_thread
[06:28:00.846] RX< :359]ME out fid 1860
[06:28:00.846] RX< [34m[AE] fid=1890,exp=10070,adg=282,Y=4647,mtg=180,shg=100,bgbv=1506,iso=282,cnv2,hdr0
[06:28:00.846] RX< [0m[34m[b_ae0 proc] perf=401(us), max=644(us)!
[06:28:00.846] RX< [0m[34m[awb0 proc] perf=1330(us), max=1672(us)!
[06:28:00.846] RX< [0m[7] [cam] [181696][me0][me_core_thread:359]
[06:28:01.846] RX< ME out fid 1890
[06:28:01.846] RX< [32m[BE] fid=1890, perf=8590(us), max=8696(us)!
[06:28:01.846] RX< [0m[6] [App Dfs] f_index = 1890, f_len = 161103, cur_total_len = 6811639
[06:28:01.846] RX< [34m[AE] fid=1920,exp=10070,adg=282,Y=4655,mtg=180,shg=100,bgbv=1510,iso=282,cnv2,hdr0
[06:28:01.846] RX< [0m[6] [cam] [182688][dwp0][
[06:28:02.827] RX< cpm_cb_dewarp_handle:1411]EIS: dewarp done frm=1920, buf_idx=0
[06:28:02.827] RX< [7] [cam] [182696][me0][me_core_thread:359]ME out fid 1920
[06:28:02.827] RX< [34m[ME INTP]fid=1920, shutter=10070, perf=4(us), max=478(us)!
[06:28:02.827] RX< [0m[34m[AE] fid=1950,exp=10070,adg=282,Y=4654,mtg=180,shg=100,bgbv=1
[06:28:03.830] RX< 510,iso=282,cnv2,hdr0
[06:28:03.830] RX< [0m[7] [cam] [183696][me0][me_core_thread:359]ME out fid 1950
[06:28:03.830] RX< [34m[AE] fid=1980,exp=10070,adg=282,Y=4647,mtg=180,shg=100,bgbv=1506,iso=282,cnv2,hdr0
[06:28:03.830] RX< [0m[34m[b_ae0 proc] perf=421(us), max=716(us)!
[06:28:03.830] RX< [0m[34m[awb0 proc] perf=1380(us
[06:28:04.828] RX< ), max=1616(us)!
[06:28:04.828] RX< [0m[7] [cam] [184696][me0][me_core_thread:359]ME out fid 1980
[06:28:04.828] RX< [32m[BE] fid=1980, perf=8692(us), max=8697(us)!
[06:28:04.828] RX< [0m[6] [App Dfs] f_index = 1980, f_len = 173532, cur_total_len = 6835477
[06:28:04.828] RX< [34m[AE] fid=2010,exp=10110,adg=282,Y=4653,mtg=180,s
[06:28:05.927] RX< hg=100,bgbv=1510,iso=282,cnv2,hdr0
[06:28:05.927] RX< [0m[7] [cam] [185696][me0][me_core_thread:359]ME out fid 2010
[06:28:05.927] RX< [34m[AE] fid=2040,exp=10110,adg=282,Y=4659,mtg=180,shg=100,bgbv=1510,iso=282,cnv2,hdr0
[06:28:05.927] RX< [0m[7] [cam] [186695][me0][me_core_thread:359]ME out fid 2040
[06:28:05.927] RX< [34m[M
[06:28:06.845] RX< E INTP]fid=2040, shutter=10110, perf=3(us), max=313(us)!
[06:28:06.845] RX< [0m[34m[AE] fid=2070,exp=10110,adg=282,Y=4674,mtg=180,shg=100,bgbv=1514,iso=282,cnv2,hdr0
[06:28:06.845] RX< [0m[34m[b_ae0 proc] perf=473(us), max=825(us)!
[06:28:06.845] RX< [0m[34m[awb0 proc] perf=1352(us), max=1598(us)!
[06:28:06.845] RX< [0m[7]
[06:28:07.828] RX<  [cam] [187695][me0][me_core_thread:359]ME out fid 2070
[06:28:07.828] RX< [32m[BE] fid=2070, perf=8694(us), max=8694(us)!
[06:28:07.828] RX< [0m[6] [App Dfs] f_index = 2070, f_len = 173958, cur_total_len = 6821651
[06:28:07.828] RX< [34m[AE] fid=2100,exp=10030,adg=288,Y=4597,mtg=180,shg=100,bgbv=1483,iso=288
[06:28:09.829] RX< ,cnv2,hdr0
[06:28:09.829] RX< [0m[7] [cam] [188695][me0][me_core_thread:359]ME out fid 2100
[06:28:09.829] RX< [34m[AE] fid=2130,exp=10030,adg=288,Y=4708,mtg=180,shg=100,bgbv=1506,iso=288,cnv2,hdr0
[06:28:09.829] RX< [0m[7] [cam] [189695][me0][me_core_thread:359]ME out fid 2130
[06:28:09.844] RX< [34m[AE] fid=2160,exp=10000,adg=288,Y=4704,mtg=180,shg=100,bgbv=1510,iso=288,cnv2,hdr0
[06:28:09.844] RX< [0m[34m[b_ae0 proc] perf=401(us), max=659(us)!
[06:28:09.844] RX< [0m[34m[awb0 proc] perf=1334(us), max=1570(us)!
[06:28:09.844] RX< [0m[6] [cam] [190687][dwp0][cpm_cb_dewarp_handle:1411]EIS: dewarp d
[06:28:10.201] RX< one frm=2160, buf_idx=0
[06:28:10.201] RX< [7] [cam] [190695][me0][me_core_thread:359]ME out fid 2160
[06:28:10.201] RX< [34m[ME INTP]fid=2160, shutter=10000, perf=3(us), max=2590(us)!
[06:28:10.201] RX< [0m[32m[BE] fid=2160, perf=8573(us), max=17608(us)!
[06:28:10.201] RX< [0m[6] [App Dfs] f_index = 2160, f_len = 163187, cur_
[06:28:11.827] RX< total_len = 7934707
[06:28:11.827] RX< [34m[AE] fid=2190,exp=10000,adg=288,Y=4703,mtg=180,shg=100,bgbv=1510,iso=288,cnv2,hdr0
[06:28:11.827] RX< [0m[7] [cam] [191695][me0][me_core_thread:359]ME out fid 2190
[06:28:11.827] RX< [34m[AE] fid=2220,exp=10000,adg=288,Y=4710,mtg=180,shg=100,bgbv=1510,iso=288,cnv2,hd
[06:28:12.828] RX< r0
[06:28:12.828] RX< [0m[7] [cam] [192695][me0][me_core_thread:359]ME out fid 2220
[06:28:12.828] RX< [34m[AE] fid=2250,exp=10000,adg=288,Y=4714,mtg=180,shg=100,bgbv=1514,iso=288,cnv2,hdr0
[06:28:12.828] RX< [0m[34m[b_ae0 proc] perf=430(us), max=687(us)!
[06:28:12.828] RX< [0m[34m[awb0 proc] perf=1395(us), max=1569(us)!
[06:28:12.828] RX< [
[06:28:13.826] RX< 0m[7] [cam] [193694][me0][me_core_thread:359]ME out fid 2250
[06:28:13.826] RX< [32m[BE] fid=2250, perf=8588(us), max=8588(us)!
[06:28:13.826] RX< [0m[6] [App Dfs] f_index = 2250, f_len = 165634, cur_total_len = 6775000
[06:28:13.826] RX< [34m[AE] fid=2280,exp=9930,adg=288,Y=4693,mtg=180,shg=100,bgbv=1514,iso
[06:28:14.842] RX< =288,cnv2,hdr0
[06:28:14.842] RX< [0m[7] [cam] [194694][me0][me_core_thread:359]ME out fid 2280
[06:28:14.842] RX< [34m[ME INTP]fid=2280, shutter=9930, perf=4(us), max=568(us)!
[06:28:14.842] RX< [0m[34m[AE] fid=2310,exp=9930,adg=288,Y=4693,mtg=180,shg=100,bgbv=1514,iso=288,cnv2,hdr0
[06:28:14.842] RX< [0m[7] [cam] [195694][m
[06:28:15.844] RX< e0][me_core_thread:359]ME out fid 2310
[06:28:15.844] RX< [34m[AE] fid=2340,exp=9930,adg=288,Y=4695,mtg=180,shg=100,bgbv=1514,iso=288,cnv2,hdr0
[06:28:15.844] RX< [0m[34m[b_ae0 proc] perf=453(us), max=680(us)!
[06:28:15.844] RX< [0m[34m[awb0 proc] perf=1331(us), max=1675(us)!
[06:28:15.844] RX< [0m[7] [cam] [196694][me0][me
[06:28:16.841] RX< _core_thread:359]ME out fid 2340
[06:28:16.841] RX< [32m[BE] fid=2340, perf=8651(us), max=8651(us)!
[06:28:16.841] RX< [0m[6] [App Dfs] f_index = 2340, f_len = 168124, cur_total_len = 6573250
[06:28:16.841] RX< [34m[AE] fid=2370,exp=9930,adg=288,Y=4700,mtg=180,shg=100,bgbv=1518,iso=288,cnv2,hdr0
[06:28:16.841] RX< [0m[7] [cam]
[06:28:17.844] RX<  [197694][me0][me_core_thread:359]ME out fid 2370
[06:28:17.844] RX< [34m[AE] fid=2400,exp=9930,adg=288,Y=4700,mtg=180,shg=100,bgbv=1518,iso=288,cnv2,hdr0
[06:28:17.844] RX< [0m[6] [cam] [198685][dwp0][cpm_cb_dewarp_handle:1411]EIS: dewarp done frm=2400, buf_idx=0
[06:28:17.844] RX< [7] [cam] [198694][me0][me_
[06:28:18.828] RX< core_thread:359]ME out fid 2400
[06:28:18.828] RX< [34m[ME INTP]fid=2400, shutter=9930, perf=4(us), max=289(us)!
[06:28:18.828] RX< [0m[34m[AE] fid=2430,exp=9930,adg=288,Y=4703,mtg=180,shg=100,bgbv=1518,iso=288,cnv2,hdr0
[06:28:18.828] RX< [0m[34m[b_ae0 proc] perf=430(us), max=629(us)!
[06:28:18.828] RX< [0m[34m[awb0 proc]
[06:28:19.825] RX<  perf=1350(us), max=1918(us)!
[06:28:19.825] RX< [0m[7] [cam] [199694][me0][me_core_thread:359]ME out fid 2430
[06:28:19.825] RX< [32m[BE] fid=2430, perf=8685(us), max=8685(us)!
[06:28:19.825] RX< [0m[6] [App Dfs] f_index = 2430, f_len = 172157, cur_total_len = 6674292
[06:28:19.825] RX< [34m[AE] fid=2460,exp=9930,adg=288,Y=46
[06:28:20.842] RX< 96,mtg=180,shg=100,bgbv=1514,iso=288,cnv2,hdr0
[06:28:20.842] RX< [0m[7] [cam] [200694][me0][me_core_thread:359]ME out fid 2460
[06:28:20.842] RX< [34m[AE] fid=2490,exp=9930,adg=288,Y=4700,mtg=180,shg=100,bgbv=1518,iso=288,cnv2,hdr0
[06:28:20.842] RX< [0m[7] [cam] [201693][me0][me_core_thread:359]ME out fid 2
[06:28:21.925] RX< 490
[06:28:21.925] RX< [34m[AE] fid=2520,exp=9930,adg=288,Y=4693,mtg=180,shg=100,bgbv=1514,iso=288,cnv2,hdr0
[06:28:21.925] RX< [0m[34m[b_ae0 proc] perf=427(us), max=699(us)!
[06:28:21.925] RX< [0m[34m[awb0 proc] perf=1408(us), max=1552(us)!
[06:28:21.925] RX< [0m[7] [cam] [202693][me0][me_core_thread:359]ME out fid 2520
[06:28:21.925] RX< [
[06:28:22.825] RX< 34m[ME INTP]fid=2520, shutter=9930, perf=4(us), max=301(us)!
[06:28:22.825] RX< [0m[32m[BE] fid=2520, perf=8561(us), max=8692(us)!
[06:28:22.825] RX< [0m[6] [App Dfs] f_index = 2520, f_len = 160926, cur_total_len = 6775296
[06:28:22.825] RX< [34m[AE] fid=2550,exp=9930,adg=288,Y=4691,mtg=180,shg=100,bgbv=1514
[06:28:24.827] RX< ,iso=288,cnv2,hdr0
[06:28:24.827] RX< [0m[7] [cam] [203693][me0][me_core_thread:359]ME out fid 2550
[06:28:24.827] RX< [34m[AE] fid=2580,exp=9930,adg=288,Y=4704,mtg=180,shg=100,bgbv=1518,iso=288,cnv2,hdr0
[06:28:24.827] RX< [0m[7] [cam] [204693][me0][me_core_thread:359]ME out fid 2580
[06:28:24.827] RX< [34m[AE] fid=2610,exp=9
[06:28:25.179] RX< 930,adg=288,Y=4695,mtg=180,shg=100,bgbv=1514,iso=288,cnv2,hdr0
[06:28:25.179] RX< [0m[34m[b_ae0 proc] perf=401(us), max=621(us)!
[06:28:25.179] RX< [0m[34m[awb0 proc] perf=1332(us), max=1581(us)!
[06:28:25.179] RX< [0m[7] [cam] [205693][me0][me_core_thread:359]ME out fid 2610
[06:28:25.179] RX< [32m[BE] fid=2610, perf=8593(
[06:28:25.843] RX< us), max=8687(us)!
[06:28:25.843] RX< [0m[6] [App Dfs] f_index = 2610, f_len = 161456, cur_total_len = 6814338
[06:28:25.843] RX< [34m[AE] fid=2640,exp=9930,adg=288,Y=4691,mtg=180,shg=100,bgbv=1514,iso=288,cnv2,hdr0
[06:28:25.843] RX< [0m[6] [cam] [206684][dwp0][cpm_cb_dewarp_handle:1411]EIS: dewarp done frm=
[06:28:26.840] RX< 2640, buf_idx=0
[06:28:26.840] RX< [7] [cam] [206693][me0][me_core_thread:359]ME out fid 2640
[06:28:26.840] RX< [34m[ME INTP]fid=2640, shutter=9930, perf=3(us), max=288(us)!
[06:28:26.840] RX< [0m[34m[AE] fid=2670,exp=9930,adg=288,Y=4685,mtg=180,shg=100,bgbv=1510,iso=288,cnv2,hdr0
[06:28:26.840] RX< [0m[7] [cam] [207693][me0]
[06:28:27.843] RX< [me_core_thread:359]ME out fid 2670
[06:28:27.843] RX< [34m[AE] fid=2700,exp=9930,adg=288,Y=4685,mtg=180,shg=100,bgbv=1510,iso=288,cnv2,hdr0
[06:28:27.843] RX< [0m[34m[b_ae0 proc] perf=419(us), max=614(us)!
[06:28:27.843] RX< [0m[34m[awb0 proc] perf=1344(us), max=1577(us)!
[06:28:27.843] RX< [0m[7] [cam] [208692][me0][me_co
[06:28:28.840] RX< re_thread:359]ME out fid 2700
[06:28:28.840] RX< [32m[BE] fid=2700, perf=8759(us), max=8759(us)!
[06:28:28.840] RX< [0m[6] [App Dfs] f_index = 2700, f_len = 184981, cur_total_len = 7047437
[06:28:28.840] RX< [34m[AE] fid=2730,exp=9930,adg=288,Y=4688,mtg=180,shg=100,bgbv=1514,iso=288,cnv2,hdr0
[06:28:28.840] RX< [0m[7] [cam] [2
[06:28:29.924] RX< 09692][me0][me_core_thread:359]ME out fid 2730
[06:28:29.924] RX< [34m[AE] fid=2760,exp=9930,adg=288,Y=4690,mtg=180,shg=100,bgbv=1514,iso=288,cnv2,hdr0
[06:28:29.924] RX< [0m[7] [cam] [210692][me0][me_core_thread:359]ME out fid 2760
[06:28:29.924] RX< [34m[ME INTP]fid=2760, shutter=9930, perf=3(us), max=509(u
[06:28:30.842] RX< s)!
[06:28:30.842] RX< [0m[34m[AE] fid=2790,exp=9930,adg=288,Y=4686,mtg=180,shg=100,bgbv=1510,iso=288,cnv2,hdr0
[06:28:30.842] RX< [0m[34m[b_ae0 proc] perf=403(us), max=658(us)!
[06:28:30.842] RX< [0m[34m[awb0 proc] perf=1333(us), max=1570(us)!
[06:28:30.842] RX< [0m[7] [cam] [211692][me0][me_core_thread:359]ME out fid 279
[06:28:31.840] RX< 0
[06:28:31.840] RX< [32m[BE] fid=2790, perf=8676(us), max=8759(us)!
[06:28:31.840] RX< [0m[6] [App Dfs] f_index = 2790, f_len = 172599, cur_total_len = 7186842
[06:28:31.840] RX< [34m[AE] fid=2820,exp=9930,adg=288,Y=4687,mtg=180,shg=100,bgbv=1510,iso=288,cnv2,hdr0
[06:28:31.840] RX< [0m[7] [cam] [212692][me0][me_core_thread:3
[06:28:33.841] RX< 59]ME out fid 2820
[06:28:33.841] RX< [34m[AE] fid=2850,exp=9930,adg=288,Y=4686,mtg=180,shg=100,bgbv=1510,iso=288,cnv2,hdr0
[06:28:33.841] RX< [0m[7] [cam] [213692][me0][me_core_thread:359]ME out fid 2850
[06:28:33.842] RX< [34m[AE] fid=2880,exp=9930,adg=288,Y=4682,mtg=180,shg=100,bgbv=1510,iso=288,cnv2,hdr0
[06:28:33.842] RX< [0m[34m[b_ae0 proc] perf=410(us), max=624(us)!
[06:28:33.842] RX< [0m[34m[awb0 proc] perf=1400(us), max=1517(us)!
[06:28:33.842] RX< [0m[6] [cam] [214683][dwp0][cpm_cb_dewarp_handle:1411]EIS: dewarp do
[06:28:34.199] RX< ne frm=2880, buf_idx=0
[06:28:34.199] RX< [7] [cam] [214692][me0][me_core_thread:359]ME out fid 2880
[06:28:34.199] RX< [34m[ME INTP]fid=2880, shutter=9930, perf=4(us), max=298(us)!
[06:28:34.199] RX< [0m[32m[BE] fid=2880, perf=8555(us), max=8676(us)!
[06:28:34.199] RX< [0m[6] [App Dfs] f_index = 2880, f_len = 159060, cur_tota
[06:28:35.823] RX< l_len = 6757815
[06:28:35.823] RX< [34m[AE] fid=2910,exp=9930,adg=288,Y=4677,mtg=180,shg=100,bgbv=1510,iso=288,cnv2,hdr0
[06:28:35.823] RX< [0m[7] [cam] [215691][me0][me_core_thread:359]ME out fid 2910
[06:28:35.823] RX< [34m[AE] fid=2940,exp=9930,adg=288,Y=4678,mtg=180,shg=100,bgbv=1510,iso=288,cnv2,hdr0
[06:28:35.823] RX< [0
[06:28:36.841] RX< m[7] [cam] [216691][me0][me_core_thread:359]ME out fid 2940
[06:28:36.841] RX< [34m[AE] fid=2970,exp=9930,adg=288,Y=4674,mtg=180,shg=100,bgbv=1507,iso=288,cnv2,hdr0
[06:28:36.841] RX< [0m[34m[b_ae0 proc] perf=430(us), max=633(us)!
[06:28:36.841] RX< [0m[34m[awb0 proc] perf=1350(us), max=1542(us)!
[06:28:36.841] RX< [0m[7] [
[06:28:37.823] RX< cam] [217691][me0][me_core_thread:359]ME out fid 2970
[06:28:37.823] RX< [32m[BE] fid=2970, perf=8608(us), max=8622(us)!
[06:28:37.823] RX< [0m[6] [App Dfs] f_index = 2970, f_len = 165327, cur_total_len = 6571466
[06:28:37.823] RX< [34m[AE] fid=3000,exp=9930,adg=288,Y=4677,mtg=180,shg=100,bgbv=1510,iso=288,cn
[06:28:38.839] RX< v2,hdr0
[06:28:38.839] RX< [0m[7] [cam] [218691][me0][me_core_thread:359]ME out fid 3000
[06:28:38.839] RX< [34m[ME INTP]fid=3000, shutter=9930, perf=4(us), max=287(us)!
[06:28:38.839] RX< [0m[34m[AE] fid=3030,exp=9930,adg=288,Y=4674,mtg=180,shg=100,bgbv=1507,iso=288,cnv2,hdr0
[06:28:38.839] RX< [0m[7] [cam] [219691][me0][me_
[06:28:39.841] RX< core_thread:359]ME out fid 3030
[06:28:39.841] RX< [34m[AE] fid=3060,exp=9930,adg=288,Y=4672,mtg=180,shg=100,bgbv=1507,iso=288,cnv2,hdr0
[06:28:39.841] RX< [0m[34m[b_ae0 proc] perf=397(us), max=654(us)!
[06:28:39.841] RX< [0m[34m[awb0 proc] perf=1335(us), max=1542(us)!
[06:28:39.841] RX< [0m[7] [cam] [220691][me0][me_core_t
[06:28:40.839] RX< hread:359]ME out fid 3060
[06:28:40.839] RX< [32m[BE] fid=3060, perf=8595(us), max=8658(us)!
[06:28:40.839] RX< [0m[6] [App Dfs] f_index = 3060, f_len = 164682, cur_total_len = 6535162
[06:28:40.839] RX< [34m[AE] fid=3090,exp=9930,adg=288,Y=4674,mtg=180,shg=100,bgbv=1507,iso=288,cnv2,hdr0
[06:28:40.839] RX< [0m[7] [cam] [22169
[06:28:41.841] RX< 1][me0][me_core_thread:359]ME out fid 3090
[06:28:41.841] RX< [34m[AE] fid=3120,exp=9930,adg=288,Y=4676,mtg=180,shg=100,bgbv=1510,iso=288,cnv2,hdr0
[06:28:41.841] RX< [0m[6] [cam] [222682][dwp0][cpm_cb_dewarp_handle:1411]EIS: dewarp done frm=3120, buf_idx=0
[06:28:41.841] RX< [7] [cam] [222691][me0][me_core_th
[06:28:42.825] RX< read:359]ME out fid 3120
[06:28:42.825] RX< [34m[ME INTP]fid=3120, shutter=9930, perf=4(us), max=279(us)!
[06:28:42.825] RX< [0m[34m[AE] fid=3150,exp=9930,adg=288,Y=4680,mtg=180,shg=100,bgbv=1510,iso=288,cnv2,hdr0
[06:28:42.825] RX< [0m[34m[b_ae0 proc] perf=420(us), max=569(us)!
[06:28:42.825] RX< [0m[34m[awb0 proc] perf=1
[06:28:43.823] RX< 380(us), max=1531(us)!
[06:28:43.823] RX< [0m[7] [cam] [223690][me0][me_core_thread:359]ME out fid 3150
[06:28:43.823] RX< [32m[BE] fid=3150, perf=8623(us), max=8623(us)!
[06:28:43.823] RX< [0m[6] [App Dfs] f_index = 3150, f_len = 165938, cur_total_len = 6570223
[06:28:43.823] RX< [34m[AE] fid=3180,exp=9930,adg=288,Y=4682,mtg=
[06:28:45.825] RX< 180,shg=100,bgbv=1510,iso=288,cnv2,hdr0
[06:28:45.825] RX< [0m[7] [cam] [224690][me0][me_core_thread:359]ME out fid 3180
[06:28:45.825] RX< [34m[AE] fid=3210,exp=9930,adg=288,Y=4680,mtg=180,shg=100,bgbv=1510,iso=288,cnv2,hdr0
[06:28:45.825] RX< [0m[7] [cam] [225690][me0][me_core_thread:359]ME out fid 3210
[06:28:45.825] RX< [3
[06:28:45.923] RX< 4m[AE] fid=3240,exp=9930,adg=288,Y=4675,mtg=180,shg=100,bgbv=1510,iso=288,cnv2,hdr0
[06:28:45.923] RX< [0m[34m[b_ae0 proc] perf=481(us), max=630(us)!
[06:28:45.923] RX< [0m[34m[awb0 proc] perf=1352(us), max=1506(us)!
[06:28:45.923] RX< [0m[7] [cam] [226690][me0][me_core_thread:359]ME out fid 3240
[06:28:45.923] RX< [34m[ME 
[06:28:46.822] RX< INTP]fid=3240, shutter=9930, perf=4(us), max=37(us)!
[06:28:46.822] RX< [0m[32m[BE] fid=3240, perf=8534(us), max=8623(us)!
[06:28:46.822] RX< [0m[6] [App Dfs] f_index = 3240, f_len = 158946, cur_total_len = 6547672
[06:28:46.822] RX< [34m[AE] fid=3270,exp=9930,adg=288,Y=4668,mtg=180,shg=100,bgbv=1507,iso=288
[06:28:48.824] RX< ,cnv2,hdr0
[06:28:48.824] RX< [0m[7] [cam] [227690][me0][me_core_thread:359]ME out fid 3270
[06:28:48.824] RX< [34m[AE] fid=3300,exp=9930,adg=288,Y=4668,mtg=180,shg=100,bgbv=1507,iso=288,cnv2,hdr0
[06:28:48.824] RX< [0m[7] [cam] [228690][me0][me_core_thread:359]ME out fid 3300
[06:28:49.177] RX< [34m[AE] fid=3330,exp=9930,adg=288,Y=4670,mtg=180,shg=100,bgbv=1507,iso=288,cnv2,hdr0
[06:28:49.177] RX< [0m[34m[b_ae0 proc] perf=401(us), max=642(us)!
[06:28:49.177] RX< [0m[34m[awb0 proc] perf=1352(us), max=1563(us)!
[06:28:49.177] RX< [0m[7] [cam] [229690][me0][me_core_thread:359]ME out fid 3330
[06:28:49.177] RX< [32m[
[06:28:49.840] RX< BE] fid=3330, perf=8667(us), max=8667(us)!
[06:28:49.840] RX< [0m[6] [App Dfs] f_index = 3330, f_len = 173577, cur_total_len = 6683662
[06:28:49.840] RX< [34m[AE] fid=3360,exp=9930,adg=288,Y=4664,mtg=180,shg=100,bgbv=1507,iso=288,cnv2,hdr0
[06:28:49.840] RX< [0m[6] [cam] [230681][dwp0][cpm_cb_dewarp_handle:14
[06:28:50.822] RX< 11]EIS: dewarp done frm=3360, buf_idx=0
[06:28:50.822] RX< [7] [cam] [230689][me0][me_core_thread:359]ME out fid 3360
[06:28:50.822] RX< [34m[ME INTP]fid=3360, shutter=9930, perf=4(us), max=268(us)!
[06:28:50.822] RX< [0m[34m[AE] fid=3390,exp=9930,adg=288,Y=4672,mtg=180,shg=100,bgbv=1507,iso=288,cnv2,hdr0
[06:28:50.822] RX< [0
[06:28:51.839] RX< m[7] [cam] [231689][me0][me_core_thread:359]ME out fid 3390
[06:28:51.839] RX< [34m[AE] fid=3420,exp=9930,adg=288,Y=4674,mtg=180,shg=100,bgbv=1507,iso=288,cnv2,hdr0
[06:28:51.839] RX< [0m[34m[b_ae0 proc] perf=424(us), max=656(us)!
[06:28:51.839] RX< [0m[34m[awb0 proc] perf=1395(us), max=1606(us)!
[06:28:51.839] RX< [0m[7] [
[06:28:52.822] RX< cam] [232689][me0][me_core_thread:359]ME out fid 3420
[06:28:52.822] RX< [32m[BE] fid=3420, perf=8560(us), max=8694(us)!
[06:28:52.822] RX< [0m[6] [App Dfs] f_index = 3420, f_len = 161364, cur_total_len = 6808791
[06:28:52.822] RX< [34m[AE] fid=3450,exp=9930,adg=288,Y=4679,mtg=180,shg=100,bgbv=1510,iso=288,cn
[06:28:53.922] RX< v2,hdr0
[06:28:53.922] RX< [0m[7] [cam] [233689][me0][me_core_thread:359]ME out fid 3450
[06:28:53.922] RX< [34m[AE] fid=3480,exp=9930,adg=288,Y=4677,mtg=180,shg=100,bgbv=1510,iso=288,cnv2,hdr0
[06:28:53.922] RX< [0m[7] [cam] [234689][me0][me_core_thread:359]ME out fid 3480
[06:28:53.922] RX< [34m[ME INTP]fid=3480, shutter=993
[06:28:54.839] RX< 0, perf=135(us), max=299(us)!
[06:28:54.839] RX< [0m[34m[AE] fid=3510,exp=9930,adg=288,Y=4676,mtg=180,shg=100,bgbv=1510,iso=288,cnv2,hdr0
[06:28:54.839] RX< [0m[34m[b_ae0 proc] perf=412(us), max=606(us)!
[06:28:54.839] RX< [0m[34m[awb0 proc] perf=1343(us), max=1602(us)!
[06:28:54.839] RX< [0m[7] [cam] [235689][me0][me_core
[06:28:55.838] RX< _thread:359]ME out fid 3510
[06:28:55.838] RX< [32m[BE] fid=3510, perf=8698(us), max=8698(us)!
[06:28:55.838] RX< [0m[6] [App Dfs] f_index = 3510, f_len = 173659, cur_total_len = 6821245
[06:28:55.838] RX< [34m[AE] fid=3540,exp=9930,adg=288,Y=4676,mtg=180,shg=100,bgbv=1510,iso=288,cnv2,hdr0
[06:28:55.838] RX< [0m[7] [cam] [236
[06:28:57.839] RX< 689][me0][me_core_thread:359]ME out fid 3540
[06:28:57.839] RX< [34m[AE] fid=3570,exp=9930,adg=288,Y=4670,mtg=180,shg=100,bgbv=1507,iso=288,cnv2,hdr0
[06:28:57.839] RX< [0m[7] [cam] [237688][me0][me_core_thread:359]ME out fid 3570
[06:28:57.839] RX< [34m[AE] fid=3600,exp=9930,adg=288,Y=4675,mtg=180,shg=100,bg
[06:28:57.840] RX< bv=1510,iso=288,cnv2,hdr0
[06:28:57.840] RX< [0m[34m[b_ae0 proc] perf=577(us), max=709(us)!
[06:28:57.840] RX< [0m[34m[awb0 proc] perf=1511(us), max=1611(us)!
[06:28:57.840] RX< [0m[6] [cam] [238680][dwp0][cpm_cb_dewarp_handle:1411]EIS: dewarp done frm=3600, buf_idx=0
[06:28:57.840] RX< [7] [cam] [238688][me0][me_core_thread
[06:28:58.822] RX< :359]ME out fid 3600
[06:28:58.822] RX< [34m[ME INTP]fid=3600, shutter=9930, perf=3(us), max=532(us)!
[06:28:58.822] RX< [0m[32m[BE] fid=3600, perf=8584(us), max=8719(us)!
[06:28:58.822] RX< [0m[6] [App Dfs] f_index = 3600, f_len = 160805, cur_total_len = 6916162
[06:28:58.822] RX< [34m[AE] fid=3630,exp=9930,adg=288,Y=4678,mt
[06:29:00.823] RX< g=180,shg=100,bgbv=1510,iso=288,cnv2,hdr0
[06:29:00.823] RX< [0m[7] [cam] [239688][me0][me_core_thread:359]ME out fid 3630
[06:29:00.823] RX< [34m[AE] fid=3660,exp=9930,adg=288,Y=4676,mtg=180,shg=100,bgbv=1510,iso=288,cnv2,hdr0
[06:29:00.823] RX< [0m[7] [cam] [240688][me0][me_core_thread:359]ME out fid 3660
[06:29:00.823] RX< 
[06:29:01.175] RX< [34m[AE] fid=3690,exp=9930,adg=288,Y=4677,mtg=180,shg=100,bgbv=1510,iso=288,cnv2,hdr0
[06:29:01.175] RX< [0m[34m[b_ae0 proc] perf=605(us), max=667(us)!
[06:29:01.175] RX< [0m[34m[awb0 proc] perf=1404(us), max=1647(us)!
[06:29:01.175] RX< [0m[7] [cam] [241688][me0][me_core_thread:359]ME out fid 3690
[06:29:01.175] RX< [32m[B
[06:29:01.836] RX< E] fid=3690, perf=8565(us), max=8696(us)!
[06:29:01.836] RX< [0m[6] [App Dfs] f_index = 3690, f_len = 160973, cur_total_len = 6832461
[06:29:01.836] RX< [34m[AE] fid=3720,exp=9930,adg=288,Y=4684,mtg=180,shg=100,bgbv=1510,iso=288,cnv2,hdr0
[06:29:01.836] RX< [0m[7] [cam] [242688][me0][me_core_thread:359]ME out
[06:29:03.822] RX<  fid 3720
[06:29:03.822] RX< [34m[ME INTP]fid=3720, shutter=9930, perf=3(us), max=542(us)!
[06:29:03.822] RX< [0m[34m[AE] fid=3750,exp=9930,adg=288,Y=4690,mtg=180,shg=100,bgbv=1514,iso=288,cnv2,hdr0
[06:29:03.822] RX< [0m[7] [cam] [243688][me0][me_core_thread:359]ME out fid 3750
[06:29:03.822] RX< [34m[AE] fid=3780,exp=9930,a
[06:29:04.174] RX< dg=288,Y=4688,mtg=180,shg=100,bgbv=1514,iso=288,cnv2,hdr0
[06:29:04.174] RX< [0m[34m[b_ae0 proc] perf=413(us), max=745(us)!
[06:29:04.174] RX< [0m[34m[awb0 proc] perf=1428(us), max=1584(us)!
[06:29:04.174] RX< [0m[7] [cam] [244688][me0][me_core_thread:359]ME out fid 3780
[06:29:04.174] RX< [32m[BE] fid=3780, perf=8542(us), 
[06:29:05.838] RX< max=8694(us)!
[06:29:05.838] RX< [0m[6] [App Dfs] f_index = 3780, f_len = 160451, cur_total_len = 6830880
[06:29:05.838] RX< [34m[AE] fid=3810,exp=9930,adg=288,Y=4684,mtg=180,shg=100,bgbv=1510,iso=288,cnv2,hdr0
[06:29:05.838] RX< [0m[7] [cam] [245687][me0][me_core_thread:359]ME out fid 3810
[06:29:05.838] RX< [34m[AE] fid=3840
[06:29:05.920] RX< ,exp=9930,adg=288,Y=4688,mtg=180,shg=100,bgbv=1514,iso=288,cnv2,hdr0
[06:29:05.920] RX< [0m[6] [cam] [246679][dwp0][cpm_cb_dewarp_handle:1411]EIS: dewarp done frm=3840, buf_idx=0
[06:29:05.920] RX< [7] [cam] [246687][me0][me_core_thread:359]ME out fid 3840
[06:29:05.920] RX< [34m[ME INTP]fid=3840, shutter=9930
[06:29:06.838] RX< , perf=708(us), max=708(us)!
[06:29:06.838] RX< [0m[34m[AE] fid=3870,exp=9930,adg=288,Y=4692,mtg=180,shg=100,bgbv=1514,iso=288,cnv2,hdr0
[06:29:06.838] RX< [0m[34m[b_ae0 proc] perf=401(us), max=642(us)!
[06:29:06.838] RX< [0m[34m[awb0 proc] perf=1355(us), max=1663(us)!
[06:29:06.838] RX< [0m[7] [cam] [247687][me0][me_core_
[06:29:07.836] RX< thread:359]ME out fid 3870
[06:29:07.836] RX< [32m[BE] fid=3870, perf=8560(us), max=8694(us)!
[06:29:07.836] RX< [0m[6] [App Dfs] f_index = 3870, f_len = 161758, cur_total_len = 6830300
[06:29:07.836] RX< [34m[AE] fid=3900,exp=9930,adg=288,Y=4681,mtg=180,shg=100,bgbv=1510,iso=288,cnv2,hdr0
[06:29:07.836] RX< [0m[7] [cam] [2486
[06:29:09.822] RX< 87][me0][me_core_thread:359]ME out fid 3900
[06:29:09.822] RX< [34m[AE] fid=3930,exp=9930,adg=288,Y=4671,mtg=180,shg=100,bgbv=1507,iso=288,cnv2,hdr0
[06:29:09.822] RX< [0m[7] [cam] [249687][me0][me_core_thread:359]ME out fid 3930
[06:29:09.822] RX< [34m[AE] fid=3960,exp=9930,adg=288,Y=4669,mtg=180,shg=100,bgb
[06:29:10.175] RX< v=1507,iso=288,cnv2,hdr0
[06:29:10.175] RX< [0m[34m[b_ae0 proc] perf=403(us), max=675(us)!
[06:29:10.175] RX< [0m[34m[awb0 proc] perf=1399(us), max=1609(us)!
[06:29:10.175] RX< [0m[7] [cam] [250687][me0][me_core_thread:359]ME out fid 3960
[06:29:10.175] RX< [34m[ME INTP]fid=3960, shutter=9930, perf=4(us), max=708(us)!
[06:29:10.175] RX< [0m
[06:29:10.836] RX< [32m[BE] fid=3960, perf=8587(us), max=8587(us)!
[06:29:10.836] RX< [0m[6] [App Dfs] f_index = 3960, f_len = 161847, cur_total_len = 6820593
[06:29:10.836] RX< [34m[AE] fid=3990,exp=9930,adg=288,Y=4656,mtg=180,shg=100,bgbv=1503,iso=288,cnv2,hdr0
[06:29:10.836] RX< [0m[7] [cam] [251687][me0][me_core_thread:359]
[06:29:12.821] RX< ME out fid 3990
[06:29:12.821] RX< [34m[AE] fid=4020,exp=9930,adg=288,Y=4655,mtg=180,shg=100,bgbv=1503,iso=288,cnv2,hdr0
[06:29:12.821] RX< [0m[7] [cam] [252686][me0][me_core_thread:359]ME out fid 4020
[06:29:12.821] RX< [34m[AE] fid=4050,exp=9930,adg=288,Y=4665,mtg=180,shg=100,bgbv=1507,iso=288,cnv2,hdr0
[06:29:12.821] RX< [0
[06:29:13.196] RX< m[34m[b_ae0 proc] perf=410(us), max=860(us)!
[06:29:13.196] RX< [0m[34m[awb0 proc] perf=1400(us), max=1681(us)!
[06:29:13.196] RX< [0m[7] [cam] [253686][me0][me_core_thread:359]ME out fid 4050
[06:29:13.196] RX< [32m[BE] fid=4050, perf=8587(us), max=8692(us)!
[06:29:13.196] RX< [0m[6] [App Dfs] f_index = 4050, f_len = 16126
[06:29:13.837] RX< 4, cur_total_len = 6845775
[06:29:13.837] RX< [34m[AE] fid=4080,exp=9930,adg=288,Y=4661,mtg=180,shg=100,bgbv=1503,iso=288,cnv2,hdr0
[06:29:13.837] RX< [0m[6] [cam] [254678][dwp0][cpm_cb_dewarp_handle:1411]EIS: dewarp done frm=4080, buf_idx=0
[06:29:13.837] RX< [7] [cam] [254686][me0][me_core_thread:359]ME out 
[06:29:15.821] RX< fid 4080
[06:29:15.821] RX< [34m[ME INTP]fid=4080, shutter=9930, perf=95(us), max=517(us)!
[06:29:15.821] RX< [0m[34m[AE] fid=4110,exp=9930,adg=288,Y=4662,mtg=180,shg=100,bgbv=1503,iso=288,cnv2,hdr0
[06:29:15.821] RX< [0m[7] [cam] [255686][me0][me_core_thread:359]ME out fid 4110
[06:29:15.821] RX< [34m[AE] fid=4140,exp=9930,a
[06:29:16.173] RX< dg=288,Y=4661,mtg=180,shg=100,bgbv=1503,iso=288,cnv2,hdr0
[06:29:16.173] RX< [0m[34m[b_ae0 proc] perf=395(us), max=669(us)!
[06:29:16.173] RX< [0m[34m[awb0 proc] perf=1352(us), max=1722(us)!
[06:29:16.173] RX< [0m[7] [cam] [256686][me0][me_core_thread:359]ME out fid 4140
[06:29:16.173] RX< [32m[BE] fid=4140, perf=8716(us), 
[06:29:17.819] RX< max=8716(us)!
[06:29:17.819] RX< [0m[6] [App Dfs] f_index = 4140, f_len = 174467, cur_total_len = 6854100
[06:29:17.819] RX< [34m[AE] fid=4170,exp=9930,adg=288,Y=4666,mtg=180,shg=100,bgbv=1507,iso=288,cnv2,hdr0
[06:29:17.819] RX< [0m[7] [cam] [257686][me0][me_core_thread:359]ME out fid 4170
[06:29:17.819] RX< [34m[AE] fid=4200
[06:29:18.821] RX< ,exp=9930,adg=288,Y=4665,mtg=180,shg=100,bgbv=1507,iso=288,cnv2,hdr0
[06:29:18.821] RX< [0m[7] [cam] [258686][me0][me_core_thread:359]ME out fid 4200
[06:29:18.821] RX< [34m[ME INTP]fid=4200, shutter=9930, perf=4(us), max=527(us)!
[06:29:18.821] RX< [0m[34m[AE] fid=4230,exp=9930,adg=288,Y=4662,mtg=180,shg=10
[06:29:19.196] RX< 0,bgbv=1503,iso=288,cnv2,hdr0
[06:29:19.196] RX< [0m[34m[b_ae0 proc] perf=401(us), max=638(us)!
[06:29:19.196] RX< [0m[34m[awb0 proc] perf=1444(us), max=1603(us)!
[06:29:19.196] RX< [0m[7] [cam] [259685][me0][me_core_thread:359]ME out fid 4230
[06:29:19.196] RX< [32m[BE] fid=4230, perf=8558(us), max=8716(us)!
[06:29:19.196] RX< [0m[6] [App D
[06:29:20.819] RX< fs] f_index = 4230, f_len = 160735, cur_total_len = 6824244
[06:29:20.819] RX< [34m[AE] fid=4260,exp=9930,adg=288,Y=4669,mtg=180,shg=100,bgbv=1507,iso=288,cnv2,hdr0
[06:29:20.819] RX< [0m[7] [cam] [260685][me0][me_core_thread:359]ME out fid 4260
[06:29:20.819] RX< [34m[AE] fid=4290,exp=9930,adg=288,Y=4667,mtg
[06:29:21.836] RX< =180,shg=100,bgbv=1507,iso=288,cnv2,hdr0
[06:29:21.836] RX< [0m[7] [cam] [261685][me0][me_core_thread:359]ME out fid 4290
[06:29:21.836] RX< [34m[AE] fid=4320,exp=9930,adg=288,Y=4668,mtg=180,shg=100,bgbv=1507,iso=288,cnv2,hdr0
[06:29:21.836] RX< [0m[34m[b_ae0 proc] perf=408(us), max=668(us)!
[06:29:21.836] RX< [0m[34m[awb0 
[06:29:22.174] RX< proc] perf=1400(us), max=1629(us)!
[06:29:22.174] RX< [0m[6] [cam] [262677][dwp0][cpm_cb_dewarp_handle:1411]EIS: dewarp done frm=4320, buf_idx=0
[06:29:22.174] RX< [7] [cam] [262685][me0][me_core_thread:359]ME out fid 4320
[06:29:22.174] RX< [34m[ME INTP]fid=4320, shutter=9930, perf=4(us), max=479(us)!
[06:29:22.174] RX< [0m[3
[06:29:22.834] RX< 2m[BE] fid=4320, perf=8573(us), max=8667(us)!
[06:29:22.834] RX< [0m[6] [App Dfs] f_index = 4320, f_len = 161143, cur_total_len = 6821663
[06:29:22.834] RX< [34m[AE] fid=4350,exp=9930,adg=288,Y=4672,mtg=180,shg=100,bgbv=1507,iso=288,cnv2,hdr0
[06:29:22.834] RX< [0m[7] [cam] [263685][me0][me_core_thread:359]ME
[06:29:24.820] RX<  out fid 4350
[06:29:24.820] RX< [34m[AE] fid=4380,exp=9930,adg=288,Y=4672,mtg=180,shg=100,bgbv=1507,iso=288,cnv2,hdr0
[06:29:24.820] RX< [0m[7] [cam] [264685][me0][me_core_thread:359]ME out fid 4380
[06:29:24.820] RX< [34m[AE] fid=4410,exp=9930,adg=288,Y=4672,mtg=180,shg=100,bgbv=1507,iso=288,cnv2,hdr0
[06:29:24.820] RX< [0m
[06:29:25.197] RX< [34m[b_ae0 proc] perf=507(us), max=714(us)!
[06:29:25.197] RX< [0m[34m[awb0 proc] perf=1529(us), max=1647(us)!
[06:29:25.197] RX< [0m[7] [cam] [265685][me0][me_core_thread:359]ME out fid 4410
[06:29:25.197] RX< [32m[BE] fid=4410, perf=8705(us), max=8705(us)!
[06:29:25.197] RX< [0m[6] [App Dfs] f_index = 4410, f_len = 172960,
[06:29:26.818] RX<  cur_total_len = 6834657
[06:29:26.818] RX< [34m[AE] fid=4440,exp=9930,adg=288,Y=4670,mtg=180,shg=100,bgbv=1507,iso=288,cnv2,hdr0
[06:29:26.818] RX< [0m[7] [cam] [266685][me0][me_core_thread:359]ME out fid 4440
[06:29:26.818] RX< [34m[ME INTP]fid=4440, shutter=9930, perf=3(us), max=257(us)!
[06:29:26.818] RX< [0m[34m[AE] fid=
[06:29:27.819] RX< 4470,exp=9930,adg=288,Y=4670,mtg=180,shg=100,bgbv=1507,iso=288,cnv2,hdr0
[06:29:27.819] RX< [0m[7] [cam] [267684][me0][me_core_thread:359]ME out fid 4470
[06:29:27.819] RX< [34m[AE] fid=4500,exp=9930,adg=288,Y=4669,mtg=180,shg=100,bgbv=1507,iso=288,cnv2,hdr0
[06:29:27.819] RX< [0m[34m[b_ae0 proc] perf=410(us
[06:29:28.817] RX< ), max=646(us)!
[06:29:28.817] RX< [0m[34m[awb0 proc] perf=1330(us), max=1581(us)!
[06:29:28.817] RX< [0m[7] [cam] [268684][me0][me_core_thread:359]ME out fid 4500
[06:29:28.817] RX< [32m[BE] fid=4500, perf=8566(us), max=8705(us)!
[06:29:28.817] RX< [0m[6] [App Dfs] f_index = 4500, f_len = 161014, cur_total_len = 6802086
[06:29:28.817] RX< [3
[06:29:29.836] RX< 4m[AE] fid=4530,exp=9930,adg=288,Y=4670,mtg=180,shg=100,bgbv=1507,iso=288,cnv2,hdr0
[06:29:29.836] RX< [0m[7] [cam] [269684][me0][me_core_thread:359]ME out fid 4530
[06:29:29.836] RX< [34m[AE] fid=4560,exp=9930,adg=288,Y=4668,mtg=180,shg=100,bgbv=1507,iso=288,cnv2,hdr0
[06:29:29.836] RX< [0m[6] [cam] [270676]
[06:29:30.819] RX< [dwp0][cpm_cb_dewarp_handle:1411]EIS: dewarp done frm=4560, buf_idx=0
[06:29:30.819] RX< [7] [cam] [270684][me0][me_core_thread:359]ME out fid 4560
[06:29:30.819] RX< [34m[ME INTP]fid=4560, shutter=9930, perf=4(us), max=25(us)!
[06:29:30.819] RX< [0m[34m[AE] fid=4590,exp=9930,adg=288,Y=4667,mtg=180,shg=100,bg
[06:29:31.196] RX< bv=1507,iso=288,cnv2,hdr0
[06:29:31.196] RX< [0m[34m[b_ae0 proc] perf=497(us), max=736(us)!
[06:29:31.196] RX< [0m[34m[awb0 proc] perf=1406(us), max=1573(us)!
[06:29:31.196] RX< [0m[7] [cam] [271684][me0][me_core_thread:359]ME out fid 4590
[06:29:31.196] RX< [32m[BE] fid=4590, perf=8690(us), max=8705(us)!
[06:29:31.196] RX< [0m[6] [App Dfs] 
[06:29:32.817] RX< f_index = 4590, f_len = 174100, cur_total_len = 6842287
[06:29:32.817] RX< [34m[AE] fid=4620,exp=9930,adg=288,Y=4667,mtg=180,shg=100,bgbv=1507,iso=288,cnv2,hdr0
[06:29:32.817] RX< [0m[7] [cam] [272684][me0][me_core_thread:359]ME out fid 4620
[06:29:32.817] RX< [34m[AE] fid=4650,exp=9930,adg=288,Y=4674,mtg=180
[06:29:33.819] RX< ,shg=100,bgbv=1507,iso=288,cnv2,hdr0
[06:29:33.819] RX< [0m[7] [cam] [273684][me0][me_core_thread:359]ME out fid 4650
[06:29:33.819] RX< [34m[AE] fid=4680,exp=9930,adg=288,Y=4670,mtg=180,shg=100,bgbv=1507,iso=288,cnv2,hdr0
[06:29:33.819] RX< [0m[34m[b_ae0 proc] perf=402(us), max=641(us)!
[06:29:33.819] RX< [0m[34m[awb0 proc
[06:29:34.196] RX< ] perf=1442(us), max=1593(us)!
[06:29:34.196] RX< [0m[7] [cam] [274683][me0][me_core_thread:359]ME out fid 4680
[06:29:34.196] RX< [34m[ME INTP]fid=4680, shutter=9930, perf=4(us), max=4(us)!
[06:29:34.196] RX< [0m[32m[BE] fid=4680, perf=8580(us), max=8693(us)!
[06:29:34.196] RX< [0m[6] [App Dfs] f_index = 4680, f_len = 160953
[06:29:35.816] RX< , cur_total_len = 6809834
[06:29:35.816] RX< [34m[AE] fid=4710,exp=9930,adg=288,Y=4668,mtg=180,shg=100,bgbv=1507,iso=288,cnv2,hdr0
[06:29:35.816] RX< [0m[7] [cam] [275683][me0][me_core_thread:359]ME out fid 4710
[06:29:35.816] RX< [34m[AE] fid=4740,exp=9930,adg=288,Y=4664,mtg=180,shg=100,bgbv=1507,iso=288,cnv
[06:29:36.818] RX< 2,hdr0
[06:29:36.818] RX< [0m[7] [cam] [276683][me0][me_core_thread:359]ME out fid 4740
[06:29:36.818] RX< [34m[AE] fid=4770,exp=9930,adg=288,Y=4674,mtg=180,shg=100,bgbv=1507,iso=288,cnv2,hdr0
[06:29:36.818] RX< [0m[34m[b_ae0 proc] perf=400(us), max=615(us)!
[06:29:36.818] RX< [0m[34m[awb0 proc] perf=1329(us), max=4413(us)!
[06:29:37.835] RX< 
[06:29:37.835] RX< [0m[7] [cam] [277683][me0][me_core_thread:359]ME out fid 4770
[06:29:37.835] RX< [32m[BE] fid=4770, perf=8681(us), max=8720(us)!
[06:29:37.835] RX< [0m[6] [App Dfs] f_index = 4770, f_len = 172947, cur_total_len = 6842979
[06:29:37.835] RX< [34m[AE] fid=4800,exp=9930,adg=288,Y=4670,mtg=180,shg=100,bgbv=1507,
[06:29:38.816] RX< iso=288,cnv2,hdr0
[06:29:38.816] RX< [0m[6] [cam] [278675][dwp0][cpm_cb_dewarp_handle:1411]EIS: dewarp done frm=4800, buf_idx=0
[06:29:38.816] RX< [7] [cam] [278683][me0][me_core_thread:359]ME out fid 4800
[06:29:38.816] RX< [34m[ME INTP]fid=4800, shutter=9930, perf=3(us), max=276(us)!
[06:29:38.816] RX< [0m[34m[AE] fid=4830,e
[06:29:39.818] RX< xp=9930,adg=288,Y=4681,mtg=180,shg=100,bgbv=1510,iso=288,cnv2,hdr0
[06:29:39.818] RX< [0m[7] [cam] [279683][me0][me_core_thread:359]ME out fid 4830
[06:29:39.818] RX< [34m[AE] fid=4860,exp=9930,adg=288,Y=4676,mtg=180,shg=100,bgbv=1510,iso=288,cnv2,hdr0
[06:29:39.818] RX< [0m[34m[b_ae0 proc] perf=436(us), max
[06:29:40.816] RX< =639(us)!
[06:29:40.816] RX< [0m[34m[awb0 proc] perf=1401(us), max=1587(us)!
[06:29:40.816] RX< [0m[7] [cam] [280683][me0][me_core_thread:359]ME out fid 4860
[06:29:40.816] RX< [32m[BE] fid=4860, perf=8577(us), max=8715(us)!
[06:29:40.816] RX< [0m[6] [App Dfs] f_index = 4860, f_len = 161330, cur_total_len = 6801018
[06:29:40.816] RX< [34m[AE]
[06:29:41.832] RX<  fid=4890,exp=9930,adg=288,Y=4671,mtg=180,shg=100,bgbv=1507,iso=288,cnv2,hdr0
[06:29:41.832] RX< [0m[7] [cam] [281682][me0][me_core_thread:359]ME out fid 4890
[06:29:41.832] RX< [34m[AE] fid=4920,exp=9930,adg=288,Y=4670,mtg=180,shg=100,bgbv=1507,iso=288,cnv2,hdr0
[06:29:41.832] RX< [0m[7] [cam] [282682][me0][
[06:29:42.818] RX< me_core_thread:359]ME out fid 4920
[06:29:42.818] RX< [34m[ME INTP]fid=4920, shutter=9930, perf=4(us), max=367(us)!
[06:29:42.818] RX< [0m[34m[AE] fid=4950,exp=9930,adg=288,Y=4669,mtg=180,shg=100,bgbv=1507,iso=288,cnv2,hdr0
[06:29:42.818] RX< [0m[34m[b_ae0 proc] perf=401(us), max=653(us)!
[06:29:42.818] RX< [0m[34m[awb0 pr
[06:29:43.815] RX< oc] perf=1332(us), max=1627(us)!
[06:29:43.815] RX< [0m[7] [cam] [283682][me0][me_core_thread:359]ME out fid 4950
[06:29:43.815] RX< [32m[BE] fid=4950, perf=8597(us), max=8597(us)!
[06:29:43.815] RX< [0m[6] [App Dfs] f_index = 4950, f_len = 162087, cur_total_len = 6824463
[06:29:43.815] RX< [34m[AE] fid=4980,exp=9930,adg=288,Y
[06:29:44.832] RX< =4672,mtg=180,shg=100,bgbv=1507,iso=288,cnv2,hdr0
[06:29:44.832] RX< [0m[7] [cam] [284682][me0][me_core_thread:359]ME out fid 4980
[06:29:44.832] RX< [34m[AE] fid=5010,exp=9930,adg=288,Y=4674,mtg=180,shg=100,bgbv=1507,iso=288,cnv2,hdr0
[06:29:44.832] RX< [0m[7] [cam] [285682][me0][me_core_thread:359]ME out fi
[06:29:45.834] RX< d 5010
[06:29:45.834] RX< [34m[AE] fid=5040,exp=9930,adg=288,Y=4677,mtg=180,shg=100,bgbv=1510,iso=288,cnv2,hdr0
[06:29:45.834] RX< [0m[34m[b_ae0 proc] perf=406(us), max=627(us)!
[06:29:45.834] RX< [0m[34m[awb0 proc] perf=1344(us), max=1572(us)!
[06:29:45.834] RX< [0m[6] [cam] [286674][dwp0][cpm_cb_dewarp_handle:1411]EIS: de
[06:29:46.194] RX< warp done frm=5040, buf_idx=0
[06:29:46.194] RX< [7] [cam] [286682][me0][me_core_thread:359]ME out fid 5040
[06:29:46.194] RX< [34m[ME INTP]fid=5040, shutter=9930, perf=248(us), max=517(us)!
[06:29:46.194] RX< [0m[32m[BE] fid=5040, perf=8567(us), max=8691(us)!
[06:29:46.194] RX< [0m[6] [App Dfs] f_index = 5040, f_len = 161290,
[06:29:47.815] RX<  cur_total_len = 6828509
[06:29:47.815] RX< [34m[AE] fid=5070,exp=9930,adg=288,Y=4666,mtg=180,shg=100,bgbv=1507,iso=288,cnv2,hdr0
[06:29:47.815] RX< [0m[7] [cam] [287682][me0][me_core_thread:359]ME out fid 5070
[06:29:47.815] RX< [34m[AE] fid=5100,exp=9930,adg=288,Y=4665,mtg=180,shg=100,bgbv=1507,iso=288,cnv2
[06:29:48.817] RX< ,hdr0
[06:29:48.817] RX< [0m[7] [cam] [288682][me0][me_core_thread:359]ME out fid 5100
[06:29:48.817] RX< [34m[AE] fid=5130,exp=9930,adg=288,Y=4662,mtg=180,shg=100,bgbv=1503,iso=288,cnv2,hdr0
[06:29:48.817] RX< [0m[34m[b_ae0 proc] perf=449(us), max=647(us)!
[06:29:48.817] RX< [0m[34m[awb0 proc] perf=1352(us), max=1713(us)!
[06:29:49.815] RX< [0m[7] [cam] [289681][me0][me_core_thread:359]ME out fid 5130
[06:29:49.815] RX< [32m[BE] fid=5130, perf=8573(us), max=8575(us)!
[06:29:49.815] RX< [0m[6] [App Dfs] f_index = 5130, f_len = 161282, cur_total_len = 6825455
[06:29:49.815] RX< [34m[AE] fid=5160,exp=9930,adg=288,Y=4665,mtg=180,shg=100,bgbv=1507,i
[06:29:50.830] RX< so=288,cnv2,hdr0
[06:29:50.830] RX< [0m[7] [cam] [290681][me0][me_core_thread:359]ME out fid 5160
[06:29:50.830] RX< [34m[ME INTP]fid=5160, shutter=9930, perf=3(us), max=492(us)!
[06:29:50.830] RX< [0m[34m[AE] fid=5190,exp=9930,adg=288,Y=4670,mtg=180,shg=100,bgbv=1507,iso=288,cnv2,hdr0
[06:29:50.830] RX< [0m[7] [cam] [291681]
[06:29:51.833] RX< [me0][me_core_thread:359]ME out fid 5190
[06:29:51.833] RX< [34m[AE] fid=5220,exp=9930,adg=288,Y=4670,mtg=180,shg=100,bgbv=1507,iso=288,cnv2,hdr0
[06:29:51.833] RX< [0m[34m[b_ae0 proc] perf=410(us), max=682(us)!
[06:29:51.833] RX< [0m[34m[awb0 proc] perf=1446(us), max=1637(us)!
[06:29:51.833] RX< [0m[7] [cam] [292681][me0][
[06:29:52.830] RX< me_core_thread:359]ME out fid 5220
[06:29:52.830] RX< [32m[BE] fid=5220, perf=8678(us), max=8678(us)!
[06:29:52.830] RX< [0m[6] [App Dfs] f_index = 5220, f_len = 174011, cur_total_len = 6849717
[06:29:52.830] RX< [34m[AE] fid=5250,exp=9930,adg=288,Y=4675,mtg=180,shg=100,bgbv=1510,iso=288,cnv2,hdr0
[06:29:52.830] RX< [0m[7] [ca
[06:29:53.832] RX< m] [293681][me0][me_core_thread:359]ME out fid 5250
[06:29:53.832] RX< [34m[AE] fid=5280,exp=9930,adg=288,Y=4679,mtg=180,shg=100,bgbv=1510,iso=288,cnv2,hdr0
[06:29:53.832] RX< [0m[6] [cam] [294672][dwp0][cpm_cb_dewarp_handle:1411]EIS: dewarp done frm=5280, buf_idx=0
[06:29:53.832] RX< [7] [cam] [294681][me0][m
[06:29:54.816] RX< e_core_thread:359]ME out fid 5280
[06:29:54.816] RX< [34m[ME INTP]fid=5280, shutter=9930, perf=3(us), max=486(us)!
[06:29:54.816] RX< [0m[34m[AE] fid=5310,exp=9930,adg=288,Y=4680,mtg=180,shg=100,bgbv=1510,iso=288,cnv2,hdr0
[06:29:54.816] RX< [0m[34m[b_ae0 proc] perf=425(us), max=728(us)!
[06:29:54.816] RX< [0m[34m[awb0 pro
[06:29:55.814] RX< c] perf=1352(us), max=1643(us)!
[06:29:55.814] RX< [0m[7] [cam] [295681][me0][me_core_thread:359]ME out fid 5310
[06:29:55.814] RX< [32m[BE] fid=5310, perf=8550(us), max=8700(us)!
[06:29:55.814] RX< [0m[6] [App Dfs] f_index = 5310, f_len = 160386, cur_total_len = 6809834
[06:29:55.814] RX< [34m[AE] fid=5340,exp=9930,adg=288,Y=
[06:29:56.830] RX< 4677,mtg=180,shg=100,bgbv=1510,iso=288,cnv2,hdr0
[06:29:56.830] RX< [0m[7] [cam] [296680][me0][me_core_thread:359]ME out fid 5340
[06:29:56.830] RX< [34m[AE] fid=5370,exp=9930,adg=288,Y=4677,mtg=180,shg=100,bgbv=1510,iso=288,cnv2,hdr0
[06:29:56.830] RX< [0m[7] [cam] [297680][me0][me_core_thread:359]ME out fid
[06:29:57.738] TX> dfs_video_stop
[06:29:57.785] RX<  5370
[06:29:57.785] RX< dfs_video_stop
[06:29:57.785] RX< msh /emmc>[6] [App Dfs]  Gravity_XR Record Stop Success: total frames = 5389
[06:29:57.785] RX< [6] [cam] [298633][DfsSend][sensor_stream_off:1188]sensor [1]: stream_off
[06:29:57.785] RX< [6] [cam] [298633][DfsSend][sensor_stream_off:1217]sensor [1]: REG: 0x100, W:0x0.
[06:29:57.785] RX< [
[06:29:57.798] RX< 6] [cam] [298634][DfsSend][sensor_stream_off:1219]sensor [1]: REG: 0x100, R:0x0.
[06:29:57.798] RX< [6] [cam] [298658][DfsSend][csc_prv_stop:983]ok! phys_id[1], phys_num[1], stop_type = 0
[06:29:57.798] RX< [6] [cam] [298658][DfsSend][cam_stop:1058]preview stop ok! logic_id[0]
[06:29:57.798] RX< [34m[cam stop]
[06:29:57.798] RX<  perf=25870(us)!
[06:29:57.798] RX< [0m[6] [App Cam] cam stop success
[06:29:57.798] RX< Total of 5390 frames encoded, 407711509 bytes, max_workbuffer_used: 3493888 bytes
[06:29:57.798] RX< [6] [App Cam] hevc_encoder_deinit success
[06:29:57.798] RX< [7] [cam] [298661][DfsSend][cam_cpm_core_power_off:467]id,0 type,1 ret 0
[06:29:57.798] RX< [6] [
[06:29:57.801] RX< cam] [298661][sif0][sif_irq_proc:174]thread release cid,0
[06:29:57.801] RX< [6] [cam] [298661][DfsSend][cam_sif_mgr_deinit:316]X
[06:29:57.801] RX< [6] [cam] [298662][DfsSend][cam_deinit:887]deinit ok! logic_id[0]
[06:29:57.801] RX< [34m[cam deinit] perf=1303(us)!
[06:29:57.801] RX< [0m[6] [App Cam] cam deinit success
[06:29:57.801] RX< [6] [ca
[06:29:57.801] RX< m] [298662][DfsSend][sensor_close:1292]sensor [1]: close!
[06:29:57.801] RX< [6] [cam] [298663][DfsSend][cam_dewarp_deinit:438]dewarp deinit, id=0
[06:29:57.801] RX< [6] [cam] [298663][dwp0][dewarp_thread_entry:174]dewarp thread exit signal, id=0
[06:29:57.801] RX< [6] [cam] [298664][dwp0][dewarp_thread_entry:
[06:29:57.803] RX< 276]dewarp thread exit, id=0
[06:29:57.803] RX< [6] [cam] [298664][DfsSend][cam_bm_core_deinit:136]X
[06:29:57.803] RX< [6] [cam] [298665][be0][be_core_irq_proc:329]thread release cid,0
[06:29:57.803] RX< [6] [cam] [298665][DfsSend][cam_be_core_deinit:793]X
[06:29:57.803] RX< [6] [cam] [298665][me0][me_core_thread:404]thread rel
[06:29:57.804] RX< ease cid,0
[06:29:57.804] RX< [6] [cam] [298666][DfsSend][cam_me_core_deinit:1551]X
[06:29:57.804] RX< [6] [cam] [298666][fe0][fe_core_irq_proc:121]thread release cid,0
[06:29:57.804] RX< [6] [cam] [298666][DfsSend][cam_fe_core_deinit:536]X
[06:29:57.804] RX< [6] [cam] [298667][b_3a_sts][bayer_stats_core_irq_proc:193]thread rele
[06:29:57.806] RX< ase cid,0
[06:29:57.806] RX< [6] [cam] [298667][DfsSend][cam_bayer_stats_core_deinit:512]X
[06:29:57.806] RX< [6] [cam] [298667][b_ae0][a5_core_wrapper_task:315]thread release cid,0,algo,0
[06:29:57.806] RX< [6] [cam] [298668][DfsSend][bayer_ae_wrapper_deinit:204]X
[06:29:57.806] RX< [6] [cam] [298668][atf0][a5_core_wrapper_task
[06:29:57.806] RX< :315]thread release cid,0,algo,1
[06:29:57.806] RX< [6] [cam] [298668][DfsSend][atf_wrapper_deinit:153]X
[06:29:57.806] RX< [6] [cam] [298669][awb0][a5_core_wrapper_task:315]thread release cid,0,algo,2
[06:29:57.806] RX< [6] [cam] [298669][DfsSend][awb_wrapper_deinit:153]X
[06:29:57.806] RX< [6] [cam] [298670][DfsSend][cam_5a_co
[06:29:57.809] RX< re_deinit:555]X
[06:29:57.809] RX< [6] [cam] [298670][DfsSend][cam_5a_inf_deinit:149]X
[06:29:57.809] RX< [6] [cam] [298670][qpc0][qpc_core_msg_proc:705]thread release cid,0
[06:29:57.809] RX< [6] [cam] [298670][DfsSend][qpc_core_deinit:1413]X
[06:29:57.809] RX< [6] [cam] [298671][DfsSend][cam_cpm_core_deinit:1248]X
[06:29:57.809] RX< [6] [cam] [2
[06:29:57.809] RX< 98671][DfsSend][csc_close:656]ok! phys_id[1], phys_num[1]
[06:29:57.809] RX< [7] [cam] [298672][cer0][cer_recovery_proc:352]msg type = 254
[06:29:57.809] RX< [6] [cam] [298672][cer0][cer_recovery_proc:454]thread release cid,0
[06:29:57.809] RX< [6] [cam] [298672][DfsSend][cer_deinit:560]X
[06:29:57.809] RX< [6] [cam] [298673][Df
[06:29:57.819] RX< sSend][cam_close:789]close ok! logic_id[0]
[06:29:57.819] RX< [34m[cam close] perf=10513(us)!
[06:29:57.819] RX< [0m[6] [App Cam] cam close success
[06:29:57.819] RX< [6] [cam] [298673][cpl0][cam_prelude_proc_routine:136]thread release
[06:29:57.819] RX< [6] [cam] [298674][DfsSend][cam_exit:571]exit ok!
[06:29:57.819] RX< [34m[cam exit] perf=6
[06:29:57.835] RX< 63(us)!
[06:29:57.835] RX< [0m[6] [App Cam] cam exit success
[06:29:57.835] RX< [6] [App Dfs] Save Video Successful: /emmc/VIDEO/20260101_000158_8158/Video_8158_0.h265
[06:29:57.835] RX< [6] [App Dfs] Save Imu Successful: /emmc/VIDEO/20260101_000158_8158/Imu_8158.bin
[06:29:57.835] RX< [6] [App Dfs] Video recording completed su
[06:29:59.838] RX< ccessfully.
[06:32:49.860] TX> rtmp_video_start rtmp://192.168.1.89/live/cam
[06:32:50.010] RX< rtmp_video_start rtmp://192.168.1.89/live/cam
[06:32:50.075] RX< [7] [cam] [470930][tshell][cgm_parse_bin:104]total logical camera num: 1
[06:32:50.075] RX< [6] [cam] [470930][tshell][cam_prelude_create:187]E id, 0
[06:32:50.075] RX< [7] [cam] [470931][cpl0][cam_prelude_proc_routine:101]thread start
[06:32:50.075] RX< [6] [cam] [470931][tshell][cam_prelude_create:214]X ctx s
[06:32:50.079] RX< ize 132 addr 0x884de500
[06:32:50.079] RX< [6] [cam] [470936][tshell][sensor_probe:418]sensor [1]: identifing 0 success.
[06:32:50.079] RX< [6] [cam] [470937][tshell][sensor_probe:441]sensor [1]: probe exit!
[06:32:50.079] RX< [6] [cam] [470937][tshell][cam_prelude_fast_probe:251]cam: 0 probe result: 0
[06:32:50.079] RX< [6] [ca
[06:32:50.079] RX< m] [470937][tshell][cgm_parse_bin:218]cam(0) probe success
[06:32:50.079] RX< [6] [cam] [470938][tshell][cam_entry:455]entry ok
[06:32:50.079] RX< [34m[cam entry] perf=8320(us)!
[06:32:50.079] RX< [0m[6] [App Cam] cam entry success
[06:32:50.079] RX< [7] [cam] [470939][tshell][cam_solve_layout:350][mLayout] param OK, scen3 iw4
[06:32:50.082] RX< 032 ih2268 ow2304 oh1296 gdc 0x2
[06:32:50.082] RX< [36m[mLayout] scen03 in=4032x2268,out=1296x2304 meRot1 stripe0 gdcOn0
[06:32:50.082] RX< [0m[36m[mLayout] scen03 14entries solved status=OK retry=0 rtmp=enabled (cursor0=0x8a018210 cursor1=0x89300000, ch0/1/2 cnt=5/1/1)
[06:32:50.082] RX< [0m[7] [cam] [470
[06:32:50.082] RX< 940][tshell][cam_solve_layout:377]
[06:32:50.082] RX< [mLayout] out vol 0x8c000000 rBuf 0x89300000 sz 0xd00000 wBuf 0x8a9e5400 sz 0x900000
[06:32:50.082] RX<           rtmp tBuf 0x8a098210 sz 0x80000 aBuf 0x8a018210 sz 0x80000
[06:32:50.082] RX< [7] [cam] [470942][tshell][cam_solve_layout:397]Solve Scen3 layou
[06:32:50.085] RX< t Done!
[06:32:50.085] RX< [6] [cam] [470942][tshell][cgm_parse_media_para:274]phy cam num: 1
[06:32:50.085] RX< [7] [cam] [470943][cer0][cer_recovery_proc:343]thread start cid, 0
[06:32:50.085] RX< [6] [cam] [470943][tshell][csc_open:499]SENSOR MCLK cal: 24MHz
[06:32:50.085] RX< [6] [cam] [470944][tshell][csc_isp_clk_cal:344]MI
[06:32:50.085] RX< PI CLK cal: 277MHz
[06:32:50.085] RX< [6] [cam] [470944][tshell][csc_isp_clk_cal:374]LITE CLK cal: 25MHz
[06:32:50.085] RX< [7] [cam] [470945][tshell][cpc_csi_rx_power_on:633]E id: 2
[06:32:50.085] RX< [4] [cam] [470945][tshell][cpc_csi_rx_power_on:644]csi_2 has already power on, STATUS: 1
[06:32:50.085] RX< [6] [cam] [470946][t
[06:32:50.091] RX< shell][cpc_update_clock:603]actual SNS mclk: 24MHz
[06:32:50.091] RX< [6] [cam] [470946][tshell][cpc_update_clock:608]actual MIPI0: 300MHz
[06:32:50.091] RX< [6] [cam] [470947][tshell][cpc_update_clock:598]actual LITE clk: 25MHz
[06:32:50.091] RX< [7] [cam] [470947][tshell][cam_prelude_open:297][34msnsOpen cam
[06:32:50.092] RX< ID1 csiID0 phyIdx0[0m
[06:32:50.092] RX< [6] [cam] [470951][tshell][sensor_expo_gain_match:48]sensor get sensor expo gain of imx681_vst
[06:32:50.092] RX< [6] [cam] [470951][tshell][sensor_open:684]sensor [1] open OK.
[06:32:50.092] RX< [6] [cam] [470952][tshell][cam_cpm_parse_media:295]video scenario:3, medi
[06:32:50.096] RX< a para[fps:0, mirror_en:0, flip_en:0]
[06:32:50.096] RX< [6] [cam] [470952][tshell][cam_cpm_parse_media:298]video scenario, media para[iso:0, gain:0, wb_mode:0]
[06:32:50.096] RX< [6] [cam] [470953][tshell][csc_isp_clk_cal:355]FE CLK cal: 373MHz, ME CLK cal: 371MHz, FE/ME CLK cal: 410MHz
[06:32:50.096] RX< [6] 
[06:32:50.096] RX< [cam] [470953][tshell][csc_isp_clk_cal:364]BE CLK cal: 301MHz
[06:32:50.096] RX< [4] [cam] [470954][tshell][cam_fe_core_power_on:269]fe pipe has already power on, STATUS: 1
[06:32:50.096] RX< [6] [cam] [470954][tshell][cpc_update_clock:588]actual FE/ME clk: 500MHz
[06:32:50.096] RX< [7] [cam] [470955][tshell][
[06:32:50.099] RX< cam_cpm_core_power_on:435]id,0 type,1 ret 0
[06:32:50.099] RX< [6] [cam] [470955][tshell][cam_cpm_core_init:1017]E id,0 sensor type,1
[06:32:50.099] RX< [6] [cam] [470958][tshell][cpm_core_check_tuningbin:957]Tuning bin crc check PASS! sum 0x17a5964, xor 0x87e82682
[06:32:50.099] RX< [6] [cam] [470958][tshell][
[06:32:50.099] RX< qpc_tuning_check_iqbin_validness:396]IQ bin addr: 0x88646660, project_name: video_3M
[06:32:50.099] RX< [6] [cam] [470959][tshell][qpc_tuning_check_iqbin_validness:397]total_size: 94400
[06:32:50.099] RX< [6] [cam] [470959][tshell][qpc_tuning_check_iqbin_validness:398]id_count: 93. ID_TOTAL: 
[06:32:50.101] RX< 94
[06:32:50.101] RX< [6] [cam] [470960][tshell][qpc_tuning_check_iqbin_validness:399]spinel tuning data ver: V1.30
[06:32:50.101] RX< [6] [cam] [470960][tshell][cpm_core_check_tuningbin:971]IQ bin check success!
[06:32:50.101] RX< [6] [cam] [470961][tshell][cam_bm_core_init:94]E
[06:32:50.101] RX< [6] [cam] [470961][tshell][bm_
[06:32:50.102] RX< lab_init:174]X ctx size 4 addr 0x884a95c0
[06:32:50.102] RX< [6] [cam] [470962][tshell][cam_bm_core_init:114]X ctx size 180 addr 0x884c06a8
[06:32:50.102] RX< [6] [cam] [470962][tshell][qpc_core_init:1299]E id,0
[06:32:50.102] RX< [6] [cam] [470962][tshell][qpc_queue_init:65]QPC init qnodes 8, size 508, pool 0
[06:32:50.123] RX< x884c0cc0
[06:32:50.123] RX< [7] [cam] [470963][tshell][_qpc_get_cap_cfg_para:896][fallback]preset capCfg 200 0 0 invalid, use default
[06:32:50.123] RX< [7] [cam] [470964][tshell][_qpc_cfg_hdr_frms:840][fallback]preset hdrCfg 0 0 0 0 0 invalid, use default
[06:32:50.123] RX< [6] [cam] [470979][tshell][qpc_core
[06:32:50.124] RX< _init:1347]X ctx size 1288 addr 0x884c0770
[06:32:50.124] RX< [6] [cam] [470979][tshell][cpm_core_get_param:764]cpm para chk: tunBin-w 4032 h 2266 img-w 4032 h 2268
[06:32:50.124] RX< [6] [cam] [470980][tshell][cam_fe_core_init:436]E id,0
[06:32:50.124] RX< [6] [cam] [470980][tshell][cam_fe_core_init:490]X ctx 
[06:32:50.126] RX< size 96 addr 0x884c2c20
[06:32:50.126] RX< [7] [cam] [470982][tshell][qpc_core_fe_chords_init:1763][34mqpc fe init snsOut w 4032 h 2268, tbl w 28 h 20[0m
[06:32:50.126] RX< [6] [cam] [470982][tshell][cam_me_core_init:1523]X ctx size 1352 addr 0x884f19b8
[06:32:50.126] RX< [34m[ME SLICE CFG] perf=1630(us)!
[06:32:50.126] RX< 
[06:32:50.127] RX< [0m[6] [cam] [470986][tshell][cam_bayer_fe_3a_stats_core_init:445]fe 3a id,0
[06:32:50.127] RX< [6] [cam] [470986][tshell][cam_bayer_fe_3a_stats_core_init:490]X ctx size 132 addr 0x884fa1c0
[06:32:50.127] RX< [6] [cam] [470987][tshell][awb_wrapper_init:66]xxx awb_bin=0x884e1b0c, awb_bin_lengt
[06:32:50.135] RX< h=8068
[06:32:50.135] RX< [6] [cam] [470988][tshell][awb_wrapper_init:86]X algo_handle 0x884ffe20
[06:32:50.135] RX< [7] [cam] [470988][awb0][a5_core_wrapper_task:252]thread start cid,0 algo type,2
[06:32:50.135] RX< [6] [cam] [470988][tshell][a5_core_init_task:426]thread created: awb0 mq=0x88501eb0 thread=0x88
[06:32:50.135] RX< 501fc8 sem=0x88501e40 ret=0
[06:32:50.135] RX< [6] [cam] [470989][tshell][bayer_ae_wrapper_init:68]E id,0 proc mode 0 
[06:32:50.135] RX< 
[06:32:50.135] RX< [AEC Proc] @[allib_ae_set_debug_log_flag] Line:129:[DEBUG] debug level/to_file/to_terminal: 22/1/1
[06:32:50.135] RX< [AEC Proc] @[AeInit] Line:377:[INFO] AE ver: 2026_V2.26
[06:32:50.137] RX< 9
[06:32:50.137] RX< 
[06:32:50.137] RX< [AEC Proc] @[allib_ae_loadfunc] Line:193:[INFO] camera ID: 0
[06:32:50.137] RX< [AEC Proc] @[alAE_set_param] Line:576:[DEBUG] sw_maxtime 33004 ,pertline 10800, after check sensor step sw_max_time 33000.00
[06:32:50.137] RX< [AEC Proc] @[alAE_set_param] Line:581:[DEBUG] sw_mintime 43 ,pert
[06:32:50.137] RX< line 10800, after check sensor step sw_min_time 40.00
[06:32:50.137] RX< [AEC Proc] @[alAE_set_param] Line:514:[DEBUG] DEBUG minbv exptime 11 gain 100, minExpBV 13810
[06:32:50.137] RX< [AEC Proc] @[AeTuningParseSet] Line:167:[DEBUG] aeparam version 2.268 60803
[06:32:50.137] RX< [AEC Proc] @[alAE_set_param] Li
[06:32:50.140] RX< ne:341:[DEBUG] INITEXP gain 100, shutter 33242, midtonegain 100, bv 2247
[06:32:50.140] RX< [6] [cam] [470999][tshell][bayer_ae_wrapper_init:119]X tline 10800 max_exp 33004 alg_hdl 0x88504778 
[06:32:50.140] RX< [7] [cam] [470999][b_ae0][a5_core_wrapper_task:252]thread start cid,0 algo type,0
[06:32:50.140] RX< 
[06:32:50.140] RX< [6] [cam] [471000][tshell][a5_core_init_task:426]thread created: b_ae0 mq=0x88505828 thread=0x88505940 sem=0x885057b8 ret=0
[06:32:50.140] RX< [6] [cam] [471000][tshell][atf_wrapper_init:67]E id,0
[06:32:50.140] RX< [6] [cam] [471001][tshell][atf_wrapper_init:107]X alg_ctx addr 0x88506d28
[06:32:50.140] RX< [
[06:32:50.157] RX< 7] [cam] [471002][atf0][a5_core_wrapper_task:252]thread start cid,0 algo type,1
[06:32:50.157] RX< [6] [cam] [471002][tshell][a5_core_init_task:426]thread created: atf0 mq=0x88506e60 thread=0x88506f78 sem=0x88506df0 ret=0
[06:32:50.157] RX< [6] [cam] [471002][tshell][cam_cpm_core_init:1149]X 
[06:32:50.157] RX< ctx size 1096 addr 0x884c0250
[06:32:50.157] RX< [6] [cam] [471003][tshell][csc_open:599]ok! phys_id[1], phys_num[1] 
[06:32:50.157] RX< [6] [cam] [471003][tshell][cam_open:738]open ok! camera_id[0]
[06:32:50.157] RX< [34m[cam open] perf=65259(us)!
[06:32:50.157] RX< [0m[6] [App Cam] cam open success
[06:32:50.157] RX< [6] [cam] [471018][tshell
[06:32:50.160] RX< ][csc_init:722]sensor info:size:4032x2268, formt: 0x2b, bps: 1968, tline: 10800
[06:32:50.160] RX< [6] [cam] [471018][tshell][cam_sif_mgr_init:261]E id,0
[06:32:50.160] RX< [7] [cam] [471019][sif0][sif_irq_proc:151]thread start cid,0
[06:32:50.160] RX< [6] [cam] [471019][tshell][cam_sif_mgr_init:293]X ctx size 
[06:32:50.160] RX< 52 addr 0x88541780
[06:32:50.160] RX< [6] [cam] [471020][tshell][cam_prelude_init_cfg:368]CSI ID is 0,  phy lanes is 2.
[06:32:50.160] RX< [7] [cam] [471020][tshell][check_phy_ready:96]MIPI_PHY[0] is ready
[06:32:50.160] RX< [6] [cam] [471021][tshell][sensor_init:348]sensor [1]: register ok
[06:32:50.160] RX< [6] [cam] [471021][
[06:32:50.169] RX< tshell][sensor_set_mode:887]sensor [1]: SetMode -> mode = 0.
[06:32:50.169] RX< [6] [cam] [471021][tshell][sensor_send_reg_tab_to_sensor:705]sensor [1]: send_reg_tab_to_sensor E.
[06:32:50.169] RX< [6] [cam] [471025][tshell][sensor_send_reg_tab_to_sensor:751]sensor [1]: reg_count = 77.
[06:32:50.169] RX< [6] [c
[06:32:50.169] RX< am] [471025][tshell][sensor_init:361]sensor [1]: init success.
[06:32:50.169] RX< [6] [cam] [471025][tshell][sensor_set_mode:887]sensor [1]: SetMode -> mode = 3.
[06:32:50.169] RX< [6] [cam] [471026][tshell][sensor_send_reg_tab_to_sensor:705]sensor [1]: send_reg_tab_to_sensor E.
[06:32:50.169] RX< [6] [cam] [47
[06:32:50.171] RX< 1030][tshell][sensor_send_reg_tab_to_sensor:751]sensor [1]: reg_count = 83.
[06:32:50.171] RX< [6] [cam] [471030][tshell][csc_init:731]ok! phys_id[1], phys_num[1]
[06:32:50.171] RX< [6] [cam] [471031][tshell][csc_get_bayer_single_buffer:1148]scenario_type: 3
[06:32:50.171] RX< [6] [cam] [471031][tshell][csc_set
[06:32:50.172] RX< _stats_fmt:98]index 0 w 1 h 1 bw 8 wcmp 255
[06:32:50.172] RX< [7] [cam] [471032][tshell][bm_ioctl:201]BMIOC_STATS_FMT
[06:32:50.172] RX< [6] [cam] [471032][tshell][csc_set_fe_fmt:47]index 1 w 4032 h 2268 bw 10 wcmp 0
[06:32:50.172] RX< [7] [cam] [471033][tshell][bm_ioctl:201]BMIOC_FE_FMT
[06:32:50.172] RX< [6] [cam] [471033][ts
[06:32:50.174] RX< hell][csc_set_me_fmt:64]index 5 w 2268 h 4032 bw 10 wcmp 0, rdma_addr 0x8a128c00, wdma_addr 0x8a128c00
[06:32:50.174] RX< [7] [cam] [471034][tshell][bm_ioctl:201]BMIOC_ME_FMT
[06:32:50.174] RX< [6] [cam] [471034][tshell][csc_set_video_fmt:1076]meta_addr: 0x8a118240
[06:32:50.174] RX< [6] [cam] [471034][tshell]
[06:32:50.174] RX< [csc_set_me_fmt:64]index 6 w 1296 h 2304 bw 8 wcmp 255, rdma_addr 0x8b2e5400, wdma_addr 0x8c000000
[06:32:50.174] RX< [6] [cam] [471035][tshell][cam_me_core_buffer_cfg:1416]
[06:32:50.174] RX< ----ME PIPE INFO---
[06:32:50.174] RX<  wdma_buf_num:1, rotation_en: 1
[06:32:50.174] RX< [7] [cam] [471036][tshell][cam_me_core_buffer_
[06:32:50.177] RX< cfg:1424]yuv wdma_addr 0:0x8c000000, meta_en: 1, 0x8a118240
[06:32:50.177] RX< [7] [cam] [471036][tshell][bm_ioctl:201]BMIOC_ME_FMT
[06:32:50.177] RX< [6] [cam] [471037][tshell][csc_set_lite_fmt:115]index 13 w 400 h 400 bw 10 wcmp 255
[06:32:50.177] RX< [7] [cam] [471037][tshell][bm_ioctl:201]BMIOC_LITE_FMT
[06:32:50.177] RX< [6
[06:32:50.177] RX< ] [cam] [471037][tshell][csc_set_lite_fmt:115]index 14 w 400 h 400 bw 10 wcmp 255
[06:32:50.177] RX< [7] [cam] [471038][tshell][bm_ioctl:201]BMIOC_LITE_FMT
[06:32:50.177] RX< [6] [cam] [471038][tshell][csc_init:739]get otp ok! phys_id[1], phys_num[1]
[06:32:50.177] RX< [6] [cam] [471038][tshell][cam_init:828]in
[06:32:50.180] RX< it ok! logic_id[0]
[06:32:50.180] RX< [34m[cam init] perf=21193(us)!
[06:32:50.180] RX< [0m[6] [App Cam] cam init success
[06:32:50.180] RX< [7] [cam] [471039][tshell][cam_cpm_core_stream_on:560]id 0 sensor type 1
[06:32:50.180] RX< [6] [cam] [471040][tshell][sensor_stream_on:1024]sensor [1]: stream_on
[06:32:50.180] RX< [6] [cam] [471040][tshe
[06:32:50.180] RX< ll][sensor_stream_on:1052]sensor [1]: REG: 0x100, W:0x1.
[06:32:50.180] RX< [6] [cam] [471040][tshell][sensor_stream_on:1054]sensor [1]: REG: 0x100, R:0x1.
[06:32:50.180] RX< [6] [cam] [471041][tshell][csc_prv_start:873]ok! phys_id[1], phys_num[1], cam_ids[1]
[06:32:50.180] RX< [6] [cam] [471041][tshell][cam_st
[06:32:50.206] RX< art:938]preview start ok! logic_id[0]
[06:32:50.206] RX< [34m[cam start] perf=2571(us)!
[06:32:50.206] RX< [0m[6] [App Cam] cam start success
[06:32:50.206] RX< [RTMP] connecting rtmp://192.168.1.89/live/cam ...
[06:32:50.206] RX< [7] [cam] [471043][b_3a_sts][bayer_stats_core_irq_proc:164]thread start cid,0
[06:32:50.206] RX< [7] [cam] [471043][
[06:32:50.323] RX< fe0][fe_core_irq_proc:98]thread start cid,0
[06:32:50.323] RX< [RTMP] connected to 192.168.1.89:1935 (sock=6)
[06:32:50.323] RX< [RTMP] handshake (simple) ok
[06:32:50.323] RX< [34m[AE] fid=0,exp=7020,adg=100,Y=5895,mtg=100,shg=100,bgbv=4465,iso=100,cnv0,hdr0
[06:32:50.323] RX< [0m[34m[b_ae0 proc] perf=8328(us), max=8328(us)!
[06:32:50.387] RX< 
[06:32:50.387] RX< [0m[34m[awb0 proc] perf=4004(us), max=4004(us)!
[06:32:50.387] RX< [0m[RTMP] connect _result ok
[06:32:50.387] RX< [RTMP] createStream -> msid=1
[06:32:50.387] RX< [RTMP] publish ready on rtmp://192.168.1.89:1935/live
[06:32:50.387] RX< [RTMP] config sent (42 bytes)
[06:32:50.387] RX< [RTMP] f_index = 0, f_len = 39
[06:32:50.387] RX< [RTMP] Push Start -> rtmp://1
[06:32:50.899] RX< 92.168.1.89/live/cam
[06:32:50.899] RX< msh /emmc>[6] [cam] [471335][me0][cpm_cb_fe2me_tikChk:152]frm_length 88561us, fe2me delta 0
[06:32:50.899] RX< [34m[ME INTP]fid=0, shutter=7020, perf=2145(us), max=2145(us)!
[06:32:50.899] RX< [0m[7] [cam] [471680][me0][me_core_thread:359]ME out fid 0
[06:32:50.899] RX< [RTMP] slow send fr
[06:32:52.477] RX< ame 1 len=66714 dt=68ms (IDR)
[06:32:52.477] RX< [34m[AE] fid=30,exp=10110,adg=275,Y=4650,mtg=180,shg=100,bgbv=1536,iso=275,cnv2,hdr0
[06:32:52.477] RX< [0m[7] [cam] [472679][me0][me_core_thread:359]ME out fid 30
[06:32:52.477] RX< [34m[AE] fid=60,exp=10110,adg=275,Y=4652,mtg=180,shg=100,bgbv=1536,iso=275,cnv
[06:32:53.481] RX< 2,hdr0
[06:32:53.481] RX< [0m[7] [cam] [473679][me0][me_core_thread:359]ME out fid 60
[06:32:53.481] RX< [34m[AE] fid=90,exp=10110,adg=275,Y=4653,mtg=180,shg=100,bgbv=1536,iso=275,cnv2,hdr0
[06:32:53.481] RX< [0m[34m[b_ae0 proc] perf=1008(us), max=8328(us)!
[06:32:53.481] RX< [0m[34m[awb0 proc] perf=3808(us), max=5445(us)!
[06:32:54.476] RX< [0m[RTMP] f_index = 90, f_len = 16016
[06:32:54.476] RX< [7] [cam] [474679][me0][me_core_thread:359]ME out fid 90
[06:32:54.476] RX< [34m[awb0 proc] perf=6430(us), max=6430(us)!
[06:32:54.476] RX< [0m[4] [cam] [474757][qpc0][qpc_core_exception_check:405]discontinuous frame, now: 103, last: 101
[06:32:54.476] RX< [34m[AE] fid=1
[06:32:54.910] RX< 20,exp=10110,adg=275,Y=4662,mtg=180,shg=100,bgbv=1536,iso=275,cnv2,hdr0
[06:32:54.910] RX< [0m[34m[ME INTP]fid=120, shutter=10110, perf=6(us), max=3762(us)!
[06:32:54.910] RX< [0m[7] [cam] [475679][me0][me_core_thread:359]ME out fid 120
[06:32:54.910] RX< [34m[awb0 proc] perf=6801(us), max=6801(us)!
[06:32:54.910] RX< [0m[4] 
[06:32:55.910] RX< [cam] [475757][qpc0][qpc_core_exception_check:405]discontinuous frame, now: 133, last: 131
[06:32:55.910] RX< [34m[AE] fid=150,exp=10110,adg=275,Y=4665,mtg=180,shg=100,bgbv=1540,iso=275,cnv2,hdr0
[06:32:55.910] RX< [0m[7] [cam] [476679][me0][me_core_thread:359]ME out fid 150
[06:32:55.910] RX< [4] [cam] [47675
[06:32:56.481] RX< 7][qpc0][qpc_core_exception_check:405]discontinuous frame, now: 163, last: 161
[06:32:56.481] RX< [34m[AE] fid=180,exp=10040,adg=275,Y=4632,mtg=180,shg=100,bgbv=1534,iso=275,cnv2,hdr0
[06:32:56.481] RX< [0m[34m[b_ae0 proc] perf=1139(us), max=2345(us)!
[06:32:56.481] RX< [0m[34m[awb0 proc] perf=3956(us), ma
[06:32:57.828] RX< x=6801(us)!
[06:32:57.828] RX< [0m[RTMP] f_index = 180, f_len = 16555
[06:32:57.828] RX< [7] [cam] [477679][me0][me_core_thread:359]ME out fid 180
[06:32:57.828] RX< [34m[awb0 proc] perf=6488(us), max=6488(us)!
[06:32:57.828] RX< [0m[34m[AE] fid=210,exp=10040,adg=275,Y=4655,mtg=180,shg=100,bgbv=1542,iso=275,cnv2,hdr0
[06:32:57.828] RX< [0m[7] [
[06:32:58.476] RX< cam] [478679][me0][me_core_thread:359]ME out fid 210
[06:32:58.476] RX< [34m[awb0 proc] perf=6158(us), max=6488(us)!
[06:32:58.476] RX< [0m[4] [cam] [478756][qpc0][qpc_core_exception_check:405]discontinuous frame, now: 223, last: 221
[06:32:58.476] RX< [34m[AE] fid=240,exp=9960,adg=275,Y=4678,mtg=180,shg=100,
[06:32:58.909] RX< bgbv=1560,iso=275,cnv2,hdr0
[06:32:58.909] RX< [0m[34m[ME INTP]fid=240, shutter=9960, perf=6(us), max=3388(us)!
[06:32:58.909] RX< [0m[7] [cam] [479679][me0][me_core_thread:359]ME out fid 240
[06:32:58.909] RX< [34m[awb0 proc] perf=6617(us), max=6617(us)!
[06:32:58.909] RX< [0m[4] [cam] [479756][qpc0][qpc_core_exception_check
[06:32:59.802] RX< :405]discontinuous frame, now: 253, last: 251
[06:32:59.802] RX< [34m[AE] fid=270,exp=10040,adg=275,Y=4524,mtg=180,shg=100,bgbv=1512,iso=275,cnv2,hdr0
[06:32:59.802] RX< [0m[34m[b_ae0 proc] perf=982(us), max=1139(us)!
[06:32:59.802] RX< [0m[34m[awb0 proc] perf=3999(us), max=6617(us)!
[06:32:59.802] RX< [0m[RTMP] f_index = 2
[06:33:00.476] RX< 70, f_len = 29243
[06:33:00.476] RX< [7] [cam] [480678][me0][me_core_thread:359]ME out fid 270
[06:33:00.476] RX< [4] [cam] [480755][qpc0][qpc_core_exception_check:405]discontinuous frame, now: 283, last: 281
[06:33:00.476] RX< [34m[AE] fid=300,exp=9960,adg=275,Y=4644,mtg=180,shg=100,bgbv=1549,iso=275,cnv2,hdr0
[06:33:01.909] RX< 
[06:33:01.909] RX< [0m[7] [cam] [481678][me0][me_core_thread:359]ME out fid 300
[06:33:01.909] RX< [34m[AE] fid=330,exp=9890,adg=275,Y=4629,mtg=180,shg=100,bgbv=1553,iso=275,cnv2,hdr0
[06:33:01.909] RX< [0m[7] [cam] [482678][me0][me_core_thread:359]ME out fid 330
[06:33:01.909] RX< [4] [cam] [482756][qpc0][qpc_core_exception_c
[06:33:02.578] RX< heck:405]discontinuous frame, now: 343, last: 341
[06:33:02.578] RX< [34m[AE] fid=360,exp=9960,adg=275,Y=4623,mtg=180,shg=100,bgbv=1541,iso=275,cnv2,hdr0
[06:33:02.578] RX< [0m[34m[b_ae0 proc] perf=1021(us), max=1150(us)!
[06:33:02.578] RX< [0m[34m[awb0 proc] perf=3851(us), max=4103(us)!
[06:33:02.578] RX< [0m[34m[ME INTP]
[06:33:02.909] RX< fid=360, shutter=9960, perf=3159(us), max=12492(us)!
[06:33:02.909] RX< [0m[RTMP] f_index = 360, f_len = 16433
[06:33:02.909] RX< [7] [cam] [483678][me0][me_core_thread:359]ME out fid 360
[06:33:02.909] RX< [34m[awb0 proc] perf=6908(us), max=6908(us)!
[06:33:02.909] RX< [0m[4] [cam] [483756][qpc0][qpc_core_exception_check:405]d
[06:33:03.908] RX< iscontinuous frame, now: 373, last: 371
[06:33:03.908] RX< [34m[AE] fid=390,exp=9960,adg=275,Y=4672,mtg=180,shg=100,bgbv=1557,iso=275,cnv2,hdr0
[06:33:03.908] RX< [0m[7] [cam] [484678][me0][me_core_thread:359]ME out fid 390
[06:33:03.908] RX< [34m[awb0 proc] perf=6758(us), max=6908(us)!
[06:33:03.908] RX< [0m[4] [cam] [484755]
[06:33:05.480] RX< [qpc0][qpc_core_exception_check:405]discontinuous frame, now: 403, last: 401
[06:33:05.480] RX< [34m[AE] fid=420,exp=9960,adg=275,Y=4669,mtg=180,shg=100,bgbv=1557,iso=275,cnv2,hdr0
[06:33:05.480] RX< [0m[7] [cam] [485678][me0][me_core_thread:359]ME out fid 420
[06:33:05.480] RX< [34m[AE] fid=450,exp=9960,adg=
[06:33:05.864] RX< 275,Y=4675,mtg=180,shg=100,bgbv=1560,iso=275,cnv2,hdr0
[06:33:05.864] RX< [0m[34m[b_ae0 proc] perf=1144(us), max=3926(us)!
[06:33:05.864] RX< [0m[34m[awb0 proc] perf=3945(us), max=6758(us)!
[06:33:05.864] RX< [0m[RTMP] f_index = 450, f_len = 13550
[06:33:05.864] RX< [7] [cam] [486678][me0][me_core_thread:359]ME out fid 450
[06:33:05.864] RX< 
[06:33:06.575] RX< [34m[awb0 proc] perf=6497(us), max=6497(us)!
[06:33:06.575] RX< [0m[4] [cam] [486755][qpc0][qpc_core_exception_check:405]discontinuous frame, now: 463, last: 461
[06:33:06.575] RX< [34m[AE] fid=480,exp=9960,adg=275,Y=4672,mtg=180,shg=100,bgbv=1557,iso=275,cnv2,hdr0
[06:33:06.575] RX< [0m[34m[ME INTP]fid=480,
[06:33:07.475] RX<  shutter=9960, perf=6(us), max=3159(us)!
[06:33:07.475] RX< [0m[7] [cam] [487677][me0][me_core_thread:359]ME out fid 480
[06:33:07.475] RX< [4] [cam] [487755][qpc0][qpc_core_exception_check:405]discontinuous frame, now: 493, last: 491
[06:33:07.475] RX< [34m[AE] fid=510,exp=9960,adg=275,Y=4681,mtg=180,shg=100,
[06:33:08.480] RX< bgbv=1560,iso=275,cnv2,hdr0
[06:33:08.480] RX< [0m[7] [cam] [488677][me0][me_core_thread:359]ME out fid 510
[06:33:08.480] RX< [4] [cam] [488755][qpc0][qpc_core_exception_check:405]discontinuous frame, now: 523, last: 521
[06:33:08.480] RX< [34m[AE] fid=540,exp=9960,adg=275,Y=4675,mtg=180,shg=100,bgbv=1560,iso
[06:33:08.908] RX< =275,cnv2,hdr0
[06:33:08.908] RX< [0m[34m[b_ae0 proc] perf=1020(us), max=1144(us)!
[06:33:08.908] RX< [0m[34m[awb0 proc] perf=3955(us), max=6497(us)!
[06:33:08.908] RX< [0m[RTMP] f_index = 540, f_len = 13066
[06:33:08.908] RX< [7] [cam] [489677][me0][me_core_thread:359]ME out fid 540
[06:33:08.908] RX< [4] [cam] [489755][qpc0][qpc_core_excepti
[06:33:09.907] RX< on_check:405]discontinuous frame, now: 553, last: 551
[06:33:09.907] RX< [34m[AE] fid=570,exp=9960,adg=275,Y=4679,mtg=180,shg=100,bgbv=1560,iso=275,cnv2,hdr0
[06:33:09.907] RX< [0m[7] [cam] [490677][me0][me_core_thread:359]ME out fid 570
[06:33:09.907] RX< [34m[awb0 proc] perf=6576(us), max=6576(us)!
[06:33:09.907] RX< [0m[4] 
[06:33:10.816] RX< [cam] [490755][qpc0][qpc_core_exception_check:405]discontinuous frame, now: 583, last: 581
[06:33:10.816] RX< [34m[AE] fid=600,exp=9960,adg=275,Y=4680,mtg=180,shg=100,bgbv=1560,iso=275,cnv2,hdr0
[06:33:10.816] RX< [0m[34m[ME INTP]fid=600, shutter=9960, perf=6(us), max=1200(us)!
[06:33:10.816] RX< [0m[7] [cam
[06:33:11.479] RX< ] [491677][me0][me_core_thread:359]ME out fid 600
[06:33:11.479] RX< [34m[awb0 proc] perf=6405(us), max=6576(us)!
[06:33:11.479] RX< [0m[4] [cam] [491754][qpc0][qpc_core_exception_check:405]discontinuous frame, now: 613, last: 611
[06:33:11.479] RX< [34m[AE] fid=630,exp=9960,adg=275,Y=4620,mtg=180,shg=100,bgb
[06:33:11.863] RX< v=1541,iso=275,cnv2,hdr0
[06:33:11.863] RX< [0m[34m[b_ae0 proc] perf=1015(us), max=1130(us)!
[06:33:11.863] RX< [0m[34m[awb0 proc] perf=3943(us), max=6405(us)!
[06:33:11.863] RX< [0m[RTMP] f_index = 630, f_len = 13359
[06:33:11.863] RX< [7] [cam] [492677][me0][me_core_thread:359]ME out fid 630
[06:33:11.863] RX< [34m[awb0 proc] perf=6541(us),
[06:33:12.826] RX<  max=6541(us)!
[06:33:12.826] RX< [0m[4] [cam] [492754][qpc0][qpc_core_exception_check:405]discontinuous frame, now: 643, last: 641
[06:33:12.826] RX< [34m[AE] fid=660,exp=9960,adg=275,Y=4623,mtg=180,shg=100,bgbv=1541,iso=275,cnv2,hdr0
[06:33:12.826] RX< [0m[7] [cam] [493677][me0][me_core_thread:359]ME out fi
[06:33:13.908] RX< d 660
[06:33:13.908] RX< [4] [cam] [493754][qpc0][qpc_core_exception_check:405]discontinuous frame, now: 673, last: 671
[06:33:13.908] RX< [34m[AE] fid=690,exp=9960,adg=275,Y=4619,mtg=180,shg=100,bgbv=1541,iso=275,cnv2,hdr0
[06:33:13.908] RX< [0m[7] [cam] [494676][me0][me_core_thread:359]ME out fid 690
[06:33:13.908] RX< [4] [ca
[06:33:14.479] RX< m] [494754][qpc0][qpc_core_exception_check:405]discontinuous frame, now: 703, last: 701
[06:33:14.479] RX< [34m[AE] fid=720,exp=9960,adg=275,Y=4628,mtg=180,shg=100,bgbv=1545,iso=275,cnv2,hdr0
[06:33:14.479] RX< [0m[34m[b_ae0 proc] perf=1164(us), max=1164(us)!
[06:33:14.479] RX< [0m[34m[awb0 proc] perf=3950
[06:33:14.907] RX< (us), max=6541(us)!
[06:33:14.907] RX< [0m[34m[ME INTP]fid=720, shutter=9960, perf=5(us), max=2337(us)!
[06:33:14.907] RX< [0m[RTMP] f_index = 720, f_len = 12954
[06:33:14.907] RX< [7] [cam] [495676][me0][me_core_thread:359]ME out fid 720
[06:33:14.907] RX< [34m[awb0 proc] perf=6816(us), max=6816(us)!
[06:33:14.907] RX< [0m[4] [cam] [495754][qp
[06:33:15.857] RX< c0][qpc_core_exception_check:405]discontinuous frame, now: 733, last: 731
[06:33:15.857] RX< [34m[AE] fid=750,exp=9960,adg=275,Y=4625,mtg=180,shg=100,bgbv=1545,iso=275,cnv2,hdr0
[06:33:15.857] RX< [0m[7] [cam] [496676][me0][me_core_thread:359]ME out fid 750
[06:33:15.857] RX< [34m[awb0 proc] perf=6905(us), ma
[06:33:16.907] RX< x=6905(us)!
[06:33:16.907] RX< [0m[34m[AE] fid=780,exp=9960,adg=275,Y=4638,mtg=180,shg=100,bgbv=1549,iso=275,cnv2,hdr0
[06:33:16.907] RX< [0m[7] [cam] [497676][me0][me_core_thread:359]ME out fid 780
[06:33:16.907] RX< [34m[awb0 proc] perf=6940(us), max=6940(us)!
[06:33:16.907] RX< [0m[4] [cam] [497754][qpc0][qpc_core_exceptio
[06:33:17.798] RX< n_check:405]discontinuous frame, now: 793, last: 791
[06:33:17.798] RX< [34m[AE] fid=810,exp=9960,adg=275,Y=4631,mtg=180,shg=100,bgbv=1545,iso=275,cnv2,hdr0
[06:33:17.798] RX< [0m[34m[b_ae0 proc] perf=1022(us), max=2544(us)!
[06:33:17.798] RX< [0m[34m[awb0 proc] perf=4000(us), max=6940(us)!
[06:33:17.798] RX< [0m[RTMP] f_in
[06:33:18.473] RX< dex = 810, f_len = 13045
[06:33:18.473] RX< [7] [cam] [498676][me0][me_core_thread:359]ME out fid 810
[06:33:18.473] RX< [4] [cam] [498754][qpc0][qpc_core_exception_check:405]discontinuous frame, now: 823, last: 821
[06:33:18.473] RX< [34m[AE] fid=840,exp=9960,adg=275,Y=4635,mtg=180,shg=100,bgbv=1545,iso=275,cn
[06:33:18.907] RX< v2,hdr0
[06:33:18.907] RX< [0m[34m[ME INTP]fid=840, shutter=9960, perf=5(us), max=253(us)!
[06:33:18.907] RX< [0m[7] [cam] [499676][me0][me_core_thread:359]ME out fid 840
[06:33:18.907] RX< [34m[awb0 proc] perf=6952(us), max=6952(us)!
[06:33:18.907] RX< [0m[4] [cam] [499753][qpc0][qpc_core_exception_check:405]discontinuous fr
[06:33:20.478] RX< ame, now: 853, last: 851
[06:33:20.478] RX< [34m[AE] fid=870,exp=9960,adg=275,Y=4639,mtg=180,shg=100,bgbv=1549,iso=275,cnv2,hdr0
[06:33:20.478] RX< [0m[7] [cam] [500676][me0][me_core_thread:359]ME out fid 870
[06:33:20.478] RX< [34m[AE] fid=900,exp=10040,adg=275,Y=4617,mtg=180,shg=100,bgbv=1530,iso=275,cnv2,h
[06:33:21.473] RX< dr0
[06:33:21.473] RX< [0m[34m[b_ae0 proc] perf=1020(us), max=4040(us)!
[06:33:21.473] RX< [0m[34m[awb0 proc] perf=3988(us), max=6952(us)!
[06:33:21.473] RX< [0m[RTMP] f_index = 900, f_len = 8649
[06:33:21.473] RX< [7] [cam] [501676][me0][me_core_thread:359]ME out fid 900
[06:33:21.473] RX< [34m[AE] fid=930,exp=10040,adg=275,Y=4654,mtg=180,sh
[06:33:22.473] RX< g=100,bgbv=1542,iso=275,cnv2,hdr0
[06:33:22.473] RX< [0m[7] [cam] [502675][me0][me_core_thread:359]ME out fid 930
[06:33:22.473] RX< [34m[awb0 proc] perf=6576(us), max=6576(us)!
[06:33:22.473] RX< [0m[4] [cam] [502753][qpc0][qpc_core_exception_check:405]discontinuous frame, now: 943, last: 941
[06:33:22.473] RX< [34m[AE] fid=9
[06:33:22.906] RX< 60,exp=10040,adg=275,Y=4616,mtg=180,shg=100,bgbv=1530,iso=275,cnv2,hdr0
[06:33:22.906] RX< [0m[34m[ME INTP]fid=960, shutter=10040, perf=233(us), max=1846(us)!
[06:33:22.906] RX< [0m[7] [cam] [503675][me0][me_core_thread:359]ME out fid 960
[06:33:22.906] RX< [4] [cam] [503753][qpc0][qpc_core_exception_check:40
[06:33:23.798] RX< 5]discontinuous frame, now: 973, last: 971
[06:33:23.798] RX< [34m[AE] fid=990,exp=10070,adg=275,Y=4659,mtg=180,shg=100,bgbv=1539,iso=275,cnv2,hdr0
[06:33:23.798] RX< [0m[34m[b_ae0 proc] perf=1010(us), max=1358(us)!
[06:33:23.798] RX< [0m[34m[awb0 proc] perf=3822(us), max=6576(us)!
[06:33:23.798] RX< [0m[RTMP] f_index = 990
[06:33:24.472] RX< , f_len = 13123
[06:33:24.472] RX< [7] [cam] [504675][me0][me_core_thread:359]ME out fid 990
[06:33:24.472] RX< [34m[awb0 proc] perf=6537(us), max=6537(us)!
[06:33:24.472] RX< [0m[4] [cam] [504753][qpc0][qpc_core_exception_check:405]discontinuous frame, now: 1003, last: 1001
[06:33:24.472] RX< [34m[AE] fid=1020,exp=9930,adg=282
[06:33:24.817] RX< ,Y=4471,mtg=180,shg=100,bgbv=1482,iso=282,cnv2,hdr0
[06:33:24.817] RX< [0m[34m[awb0 proc] perf=6916(us), max=6916(us)!
[06:33:24.817] RX< [0m[4] [cam] [505424][qpc0][qpc_core_exception_check:405]discontinuous frame, now: 1023, last: 1021
[06:33:24.817] RX< [7] [cam] [505675][me0][me_core_thread:359]ME out fid
[06:33:26.480] RX<  1020
[06:33:26.480] RX< [34m[AE] fid=1050,exp=10000,adg=288,Y=4724,mtg=180,shg=100,bgbv=1510,iso=288,cnv2,hdr0
[06:33:26.480] RX< [0m[7] [cam] [506675][me0][me_core_thread:359]ME out fid 1050
[06:33:26.480] RX< [34m[AE] fid=1080,exp=10040,adg=282,Y=4722,mtg=180,shg=100,bgbv=1532,iso=282,cnv2,hdr0
[06:33:26.480] RX< [0m[34m[b
[06:33:26.814] RX< _ae0 proc] perf=949(us), max=2039(us)!
[06:33:26.814] RX< [0m[34m[awb0 proc] perf=3931(us), max=6916(us)!
[06:33:26.814] RX< [0m[34m[ME INTP]fid=1080, shutter=10040, perf=234(us), max=7402(us)!
[06:33:26.814] RX< [0m[RTMP] f_index = 1080, f_len = 14178
[06:33:26.814] RX< [7] [cam] [507675][me0][me_core_thread:359]ME out fid 
[06:33:28.472] RX< 1080
[06:33:28.472] RX< [4] [cam] [507752][qpc0][qpc_core_exception_check:405]discontinuous frame, now: 1093, last: 1091
[06:33:28.472] RX< [34m[AE] fid=1110,exp=10040,adg=282,Y=4736,mtg=180,shg=100,bgbv=1536,iso=282,cnv2,hdr0
[06:33:28.472] RX< [0m[7] [cam] [508675][me0][me_core_thread:359]ME out fid 1110
[06:33:28.472] RX< [3
[06:33:28.906] RX< 4m[AE] fid=1140,exp=10070,adg=282,Y=4654,mtg=180,shg=100,bgbv=1513,iso=282,cnv2,hdr0
[06:33:28.906] RX< [0m[7] [cam] [509674][me0][me_core_thread:359]ME out fid 1140
[06:33:28.906] RX< [34m[awb0 proc] perf=6525(us), max=6525(us)!
[06:33:28.906] RX< [0m[4] [cam] [509752][qpc0][qpc_core_exception_check:405]disc
[06:33:29.797] RX< ontinuous frame, now: 1153, last: 1151
[06:33:29.797] RX< [34m[AE] fid=1170,exp=10040,adg=282,Y=4738,mtg=180,shg=100,bgbv=1540,iso=282,cnv2,hdr0
[06:33:29.797] RX< [0m[34m[b_ae0 proc] perf=991(us), max=1490(us)!
[06:33:29.797] RX< [0m[34m[awb0 proc] perf=3944(us), max=6525(us)!
[06:33:29.797] RX< [0m[RTMP] f_index = 1170, f
[06:33:30.472] RX< _len = 16515
[06:33:30.472] RX< [7] [cam] [510674][me0][me_core_thread:359]ME out fid 1170
[06:33:30.472] RX< [34m[awb0 proc] perf=7201(us), max=7201(us)!
[06:33:30.472] RX< [0m[4] [cam] [510752][qpc0][qpc_core_exception_check:405]discontinuous frame, now: 1183, last: 1181
[06:33:30.472] RX< [34m[AE] fid=1200,exp=10040,adg=282,
[06:33:30.905] RX< Y=4727,mtg=180,shg=100,bgbv=1536,iso=282,cnv2,hdr0
[06:33:30.905] RX< [0m[34m[ME INTP]fid=1200, shutter=10040, perf=6(us), max=1873(us)!
[06:33:30.905] RX< [0m[7] [cam] [511674][me0][me_core_thread:359]ME out fid 1200
[06:33:30.905] RX< [34m[awb0 proc] perf=6610(us), max=7201(us)!
[06:33:30.905] RX< [0m[4] [cam] [511751][qpc0
[06:33:31.856] RX< ][qpc_core_exception_check:405]discontinuous frame, now: 1213, last: 1211
[06:33:31.856] RX< [34m[AE] fid=1230,exp=10040,adg=282,Y=4723,mtg=180,shg=100,bgbv=1532,iso=282,cnv2,hdr0
[06:33:31.856] RX< [0m[7] [cam] [512674][me0][me_core_thread:359]ME out fid 1230
[06:33:31.856] RX< [34m[awb0 proc] perf=6881(us),
[06:33:32.476] RX<  max=6881(us)!
[06:33:32.476] RX< [0m[4] [cam] [512752][qpc0][qpc_core_exception_check:405]discontinuous frame, now: 1243, last: 1241
[06:33:32.476] RX< [34m[AE] fid=1260,exp=10040,adg=282,Y=4702,mtg=180,shg=100,bgbv=1528,iso=282,cnv2,hdr0
[06:33:32.476] RX< [0m[34m[b_ae0 proc] perf=1017(us), max=3515(us)!
[06:33:33.471] RX< [0m[34m[awb0 proc] perf=3814(us), max=6881(us)!
[06:33:33.471] RX< [0m[RTMP] f_index = 1260, f_len = 13436
[06:33:33.471] RX< [7] [cam] [513674][me0][me_core_thread:359]ME out fid 1260
[06:33:33.471] RX< [4] [cam] [513751][qpc0][qpc_core_exception_check:405]discontinuous frame, now: 1273, last: 1271
[06:33:33.471] RX< [34m[AE]
[06:33:33.905] RX<  fid=1290,exp=10040,adg=282,Y=4721,mtg=180,shg=100,bgbv=1532,iso=282,cnv2,hdr0
[06:33:33.905] RX< [0m[7] [cam] [514674][me0][me_core_thread:359]ME out fid 1290
[06:33:33.905] RX< [34m[awb0 proc] perf=6617(us), max=6617(us)!
[06:33:33.905] RX< [0m[4] [cam] [514751][qpc0][qpc_core_exception_check:405]discontinu
[06:33:34.859] RX< ous frame, now: 1303, last: 1301
[06:33:34.859] RX< [34m[AE] fid=1320,exp=10040,adg=282,Y=4697,mtg=180,shg=100,bgbv=1524,iso=282,cnv2,hdr0
[06:33:34.859] RX< [0m[34m[ME INTP]fid=1320, shutter=10040, perf=251(us), max=1522(us)!
[06:33:34.859] RX< [0m[7] [cam] [515674][me0][me_core_thread:359]ME out fid 1320
[06:33:34.859] RX< 
[06:33:35.475] RX< [34m[awb0 proc] perf=6622(us), max=6622(us)!
[06:33:35.475] RX< [0m[4] [cam] [515750][qpc0][qpc_core_exception_check:405]discontinuous frame, now: 1333, last: 1331
[06:33:35.475] RX< [34m[AE] fid=1350,exp=10040,adg=282,Y=4696,mtg=180,shg=100,bgbv=1524,iso=282,cnv2,hdr0
[06:33:35.475] RX< [0m[34m[b_ae0 proc] 
[06:33:35.906] RX< perf=1085(us), max=3800(us)!
[06:33:35.906] RX< [0m[34m[awb0 proc] perf=3927(us), max=6622(us)!
[06:33:35.906] RX< [0m[RTMP] f_index = 1350, f_len = 13153
[06:33:35.906] RX< [7] [cam] [516674][me0][me_core_thread:359]ME out fid 1350
[06:33:35.906] RX< [34m[awb0 proc] perf=6494(us), max=6494(us)!
[06:33:35.906] RX< [0m[4] [cam] [516752][qpc0][q
[06:33:36.855] RX< pc_core_exception_check:405]discontinuous frame, now: 1363, last: 1361
[06:33:36.855] RX< [34m[AE] fid=1380,exp=10070,adg=282,Y=4678,mtg=180,shg=100,bgbv=1517,iso=282,cnv2,hdr0
[06:33:36.855] RX< [0m[7] [cam] [517673][me0][me_core_thread:359]ME out fid 1380
[06:33:36.855] RX< [34m[awb0 proc] perf=7209(us), ma
[06:33:37.824] RX< x=7209(us)!
[06:33:37.824] RX< [0m[4] [cam] [517751][qpc0][qpc_core_exception_check:405]discontinuous frame, now: 1393, last: 1391
[06:33:37.824] RX< [34m[AE] fid=1410,exp=10070,adg=282,Y=4718,mtg=180,shg=100,bgbv=1529,iso=282,cnv2,hdr0
[06:33:37.824] RX< [0m[7] [cam] [518673][me0][me_core_thread:359]ME out f
[06:33:38.475] RX< id 1410
[06:33:38.475] RX< [34m[awb0 proc] perf=6895(us), max=7209(us)!
[06:33:38.475] RX< [0m[4] [cam] [518751][qpc0][qpc_core_exception_check:405]discontinuous frame, now: 1423, last: 1421
[06:33:38.475] RX< [34m[AE] fid=1440,exp=10070,adg=282,Y=4685,mtg=180,shg=100,bgbv=1517,iso=282,cnv2,hdr0
[06:33:38.475] RX< [0m[34m[b_a
[06:33:38.826] RX< e0 proc] perf=1020(us), max=1138(us)!
[06:33:38.826] RX< [0m[34m[awb0 proc] perf=3985(us), max=6895(us)!
[06:33:38.826] RX< [0m[34m[ME INTP]fid=1440, shutter=10070, perf=6(us), max=1304(us)!
[06:33:38.826] RX< [0m[RTMP] f_index = 1440, f_len = 16837
[06:33:38.826] RX< [7] [cam] [519673][me0][me_core_thread:359]ME out fid 144
[06:33:39.823] RX< 0
[06:33:39.823] RX< [34m[awb0 proc] perf=6546(us), max=6546(us)!
[06:33:39.823] RX< [0m[4] [cam] [519751][qpc0][qpc_core_exception_check:405]discontinuous frame, now: 1453, last: 1451
[06:33:39.823] RX< [34m[AE] fid=1470,exp=10040,adg=282,Y=4705,mtg=180,shg=100,bgbv=1528,iso=282,cnv2,hdr0
[06:33:39.823] RX< [0m[7] [cam] [5206
[06:33:40.071] RX< 73][me0][me_core_thread:359]ME out fid 1470
[06:33:40.071] RX< [RTMP] slow send frame 1472 len=79192 dt=108ms
[06:33:40.071] RX< [4] [cam] [520857][qpc0][qpc_core_exception_check:411]interp not finish in sof, fid: 1485
[06:33:40.071] RX< [4] [cam] [520915][qpc0][qpc_core_exception_check:405]discontinuous frame, 
[06:33:40.470] RX< now: 1487, last: 1485
[06:33:40.470] RX< [4] [cam] [520918][qpc0][qpc_core_exception_check:411]interp not finish in sof, fid: 1487
[06:33:40.470] RX< [4] [cam] [520950][qpc0][qpc_core_exception_check:405]discontinuous frame, now: 1489, last: 1487
[06:33:40.470] RX< [34m[AE] fid=1500,exp=10000,adg=288,Y=4826,mtg
[06:33:41.475] RX< =180,shg=100,bgbv=1526,iso=288,cnv2,hdr0
[06:33:41.475] RX< [0m[7] [cam] [521673][me0][me_core_thread:359]ME out fid 1500
[06:33:41.475] RX< [34m[AE] fid=1530,exp=9930,adg=288,Y=4694,mtg=180,shg=100,bgbv=1514,iso=288,cnv2,hdr0
[06:33:41.475] RX< [0m[34m[b_ae0 proc] perf=1023(us), max=1589(us)!
[06:33:41.475] RX< [0m[34m[awb
[06:33:41.903] RX< 0 proc] perf=3937(us), max=6546(us)!
[06:33:41.903] RX< [0m[RTMP] f_index = 1530, f_len = 14143
[06:33:41.903] RX< [7] [cam] [522673][me0][me_core_thread:359]ME out fid 1530
[06:33:41.903] RX< [34m[awb0 proc] perf=6400(us), max=6400(us)!
[06:33:41.903] RX< [0m[4] [cam] [522750][qpc0][qpc_core_exception_check:405]discontinuous f
[06:33:43.470] RX< rame, now: 1543, last: 1541
[06:33:43.470] RX< [34m[AE] fid=1560,exp=9930,adg=288,Y=4692,mtg=180,shg=100,bgbv=1514,iso=288,cnv2,hdr0
[06:33:43.470] RX< [0m[34m[ME INTP]fid=1560, shutter=9930, perf=6(us), max=14410(us)!
[06:33:43.470] RX< [0m[7] [cam] [523673][me0][me_core_thread:359]ME out fid 1560
[06:33:43.470] RX< [34m[AE]
[06:33:43.903] RX<  fid=1590,exp=9930,adg=288,Y=4697,mtg=180,shg=100,bgbv=1514,iso=288,cnv2,hdr0
[06:33:43.903] RX< [0m[7] [cam] [524672][me0][me_core_thread:359]ME out fid 1590
[06:33:43.903] RX< [34m[awb0 proc] perf=6640(us), max=6640(us)!
[06:33:43.903] RX< [0m[4] [cam] [524749][qpc0][qpc_core_exception_check:405]discontinuo
[06:33:44.796] RX< us frame, now: 1603, last: 1601
[06:33:44.796] RX< [34m[AE] fid=1620,exp=9930,adg=288,Y=4685,mtg=180,shg=100,bgbv=1510,iso=288,cnv2,hdr0
[06:33:44.796] RX< [0m[34m[b_ae0 proc] perf=1135(us), max=4279(us)!
[06:33:44.796] RX< [0m[34m[awb0 proc] perf=3974(us), max=6640(us)!
[06:33:44.796] RX< [0m[RTMP] f_index = 1620, f_len = 
[06:33:45.822] RX< 17129
[06:33:45.822] RX< [7] [cam] [525672][me0][me_core_thread:359]ME out fid 1620
[06:33:45.822] RX< [4] [cam] [525750][qpc0][qpc_core_exception_check:405]discontinuous frame, now: 1633, last: 1631
[06:33:45.822] RX< [34m[AE] fid=1650,exp=9930,adg=288,Y=4685,mtg=180,shg=100,bgbv=1510,iso=288,cnv2,hdr0
[06:33:45.822] RX< [0m[7]
[06:33:46.470] RX<  [cam] [526672][me0][me_core_thread:359]ME out fid 1650
[06:33:46.470] RX< [34m[awb0 proc] perf=6536(us), max=6536(us)!
[06:33:46.470] RX< [0m[4] [cam] [526750][qpc0][qpc_core_exception_check:405]discontinuous frame, now: 1663, last: 1661
[06:33:46.470] RX< [34m[AE] fid=1680,exp=9930,adg=288,Y=4650,mtg=180,sh
[06:33:46.904] RX< g=100,bgbv=1503,iso=288,cnv2,hdr0
[06:33:46.904] RX< [0m[34m[ME INTP]fid=1680, shutter=9930, perf=1697(us), max=1697(us)!
[06:33:46.904] RX< [0m[7] [cam] [527672][me0][me_core_thread:359]ME out fid 1680
[06:33:46.904] RX< [4] [cam] [527750][qpc0][qpc_core_exception_check:405]discontinuous frame, now: 1693, la
[06:33:47.810] RX< st: 1691
[06:33:47.810] RX< [34m[AE] fid=1710,exp=9930,adg=288,Y=4650,mtg=180,shg=100,bgbv=1503,iso=288,cnv2,hdr0
[06:33:47.810] RX< [0m[34m[b_ae0 proc] perf=1022(us), max=3759(us)!
[06:33:47.810] RX< [0m[34m[awb0 proc] perf=3936(us), max=6536(us)!
[06:33:47.810] RX< [0m[RTMP] f_index = 1710, f_len = 8759
[06:33:47.810] RX< [7] [cam] [528672]
[06:33:48.821] RX< [me0][me_core_thread:359]ME out fid 1710
[06:33:48.821] RX< [4] [cam] [528750][qpc0][qpc_core_exception_check:405]discontinuous frame, now: 1723, last: 1721
[06:33:48.821] RX< [34m[AE] fid=1740,exp=9930,adg=288,Y=4676,mtg=180,shg=100,bgbv=1510,iso=288,cnv2,hdr0
[06:33:48.821] RX< [0m[7] [cam] [529672][me0][me_
[06:33:49.903] RX< core_thread:359]ME out fid 1740
[06:33:49.903] RX< [34m[AE] fid=1770,exp=9930,adg=288,Y=4648,mtg=180,shg=100,bgbv=1499,iso=288,cnv2,hdr0
[06:33:49.903] RX< [0m[7] [cam] [530672][me0][me_core_thread:359]ME out fid 1770
[06:33:49.903] RX< [34m[awb0 proc] perf=7217(us), max=7217(us)!
[06:33:49.903] RX< [0m[4] [cam] [530749][qpc0]
[06:33:50.474] RX< [qpc_core_exception_check:405]discontinuous frame, now: 1783, last: 1781
[06:33:50.474] RX< [34m[AE] fid=1800,exp=9930,adg=288,Y=4649,mtg=180,shg=100,bgbv=1499,iso=288,cnv2,hdr0
[06:33:50.474] RX< [0m[34m[b_ae0 proc] perf=1033(us), max=1920(us)!
[06:33:50.474] RX< [0m[34m[awb0 proc] perf=3943(us), max=7217
[06:33:50.902] RX< (us)!
[06:33:50.902] RX< [0m[34m[ME INTP]fid=1800, shutter=9930, perf=6(us), max=4654(us)!
[06:33:50.902] RX< [0m[RTMP] f_index = 1800, f_len = 8867
[06:33:50.902] RX< [7] [cam] [531671][me0][me_core_thread:359]ME out fid 1800
[06:33:50.902] RX< [4] [cam] [531749][qpc0][qpc_core_exception_check:405]discontinuous frame, now: 181
[06:33:51.903] RX< 3, last: 1811
[06:33:51.903] RX< [34m[AE] fid=1830,exp=9930,adg=288,Y=4644,mtg=180,shg=100,bgbv=1499,iso=288,cnv2,hdr0
[06:33:51.903] RX< [0m[7] [cam] [532671][me0][me_core_thread:359]ME out fid 1830
[06:33:51.903] RX< [34m[awb0 proc] perf=6017(us), max=6017(us)!
[06:33:51.903] RX< [0m[4] [cam] [532749][qpc0][qpc_core_exceptio
[06:33:52.903] RX< n_check:405]discontinuous frame, now: 1843, last: 1841
[06:33:52.903] RX< [34m[AE] fid=1860,exp=9930,adg=288,Y=4649,mtg=180,shg=100,bgbv=1499,iso=288,cnv2,hdr0
[06:33:52.903] RX< [0m[7] [cam] [533671][me0][me_core_thread:359]ME out fid 1860
[06:33:52.903] RX< [4] [cam] [533749][qpc0][qpc_core_exception_check:4
[06:33:53.793] RX< 05]discontinuous frame, now: 1873, last: 1871
[06:33:53.793] RX< [34m[AE] fid=1890,exp=9930,adg=288,Y=4644,mtg=180,shg=100,bgbv=1499,iso=288,cnv2,hdr0
[06:33:53.793] RX< [0m[34m[b_ae0 proc] perf=1018(us), max=2436(us)!
[06:33:53.793] RX< [0m[34m[awb0 proc] perf=3830(us), max=6017(us)!
[06:33:53.793] RX< [0m[RTMP] f_index = 
[06:33:54.468] RX< 1890, f_len = 20380
[06:33:54.468] RX< [7] [cam] [534671][me0][me_core_thread:359]ME out fid 1890
[06:33:54.468] RX< [4] [cam] [534749][qpc0][qpc_core_exception_check:405]discontinuous frame, now: 1903, last: 1901
[06:33:54.468] RX< [34m[AE] fid=1920,exp=9930,adg=288,Y=4647,mtg=180,shg=100,bgbv=1499,iso=288,cnv
[06:33:55.821] RX< 2,hdr0
[06:33:55.821] RX< [0m[34m[ME INTP]fid=1920, shutter=9930, perf=6(us), max=1883(us)!
[06:33:55.821] RX< [0m[7] [cam] [535671][me0][me_core_thread:359]ME out fid 1920
[06:33:55.821] RX< [34m[AE] fid=1950,exp=9930,adg=288,Y=4643,mtg=180,shg=100,bgbv=1499,iso=288,cnv2,hdr0
[06:33:55.821] RX< [0m[7] [cam] [536671][me0][me_
[06:33:56.473] RX< core_thread:359]ME out fid 1950
[06:33:56.473] RX< [4] [cam] [536748][qpc0][qpc_core_exception_check:405]discontinuous frame, now: 1963, last: 1961
[06:33:56.473] RX< [34m[AE] fid=1980,exp=9930,adg=288,Y=4643,mtg=180,shg=100,bgbv=1499,iso=288,cnv2,hdr0
[06:33:56.473] RX< [0m[34m[b_ae0 proc] perf=1024(us), max
[06:33:57.821] RX< =3547(us)!
[06:33:57.821] RX< [0m[34m[awb0 proc] perf=4016(us), max=5733(us)!
[06:33:57.821] RX< [0m[RTMP] f_index = 1980, f_len = 9071
[06:33:57.821] RX< [7] [cam] [537671][me0][me_core_thread:359]ME out fid 1980
[06:33:57.821] RX< [34m[AE] fid=2010,exp=9930,adg=288,Y=4641,mtg=180,shg=100,bgbv=1499,iso=288,cnv2,hdr0
[06:33:57.821] RX< [0m[7] 
[06:33:58.809] RX< [cam] [538671][me0][me_core_thread:359]ME out fid 2010
[06:33:58.809] RX< [34m[AE] fid=2040,exp=9970,adg=288,Y=4657,mtg=180,shg=100,bgbv=1499,iso=288,cnv2,hdr0
[06:33:58.809] RX< [0m[34m[ME INTP]fid=2040, shutter=9970, perf=234(us), max=1009(us)!
[06:33:58.809] RX< [0m[7] [cam] [539670][me0][me_core_thread:3
[06:33:59.473] RX< 59]ME out fid 2040
[06:33:59.473] RX< [34m[awb0 proc] perf=6106(us), max=6106(us)!
[06:33:59.473] RX< [0m[4] [cam] [539748][qpc0][qpc_core_exception_check:405]discontinuous frame, now: 2053, last: 2051
[06:33:59.473] RX< [34m[AE] fid=2070,exp=9970,adg=288,Y=4656,mtg=180,shg=100,bgbv=1499,iso=288,cnv2,hdr0
[06:33:59.473] RX< [0
[06:34:00.468] RX< m[34m[b_ae0 proc] perf=1043(us), max=4190(us)!
[06:34:00.468] RX< [0m[34m[awb0 proc] perf=3947(us), max=6106(us)!
[06:34:00.468] RX< [0m[RTMP] f_index = 2070, f_len = 20440
[06:34:00.468] RX< [7] [cam] [540670][me0][me_core_thread:359]ME out fid 2070
[06:34:00.468] RX< [34m[AE] fid=2100,exp=9970,adg=288,Y=4662,mtg=180,shg=10
[06:34:01.470] RX< 0,bgbv=1499,iso=288,cnv2,hdr0
[06:34:01.470] RX< [0m[7] [cam] [541670][me0][me_core_thread:359]ME out fid 2100
[06:34:01.470] RX< [34m[awb0 proc] perf=6639(us), max=6639(us)!
[06:34:01.470] RX< [0m[4] [cam] [541748][qpc0][qpc_core_exception_check:405]discontinuous frame, now: 2113, last: 2111
[06:34:01.470] RX< [34m[AE] fid=21
[06:34:02.476] RX< 30,exp=10850,adg=300,Y=4788,mtg=180,shg=100,bgbv=1397,iso=300,cnv2,hdr0
[06:34:02.476] RX< [0m[7] [cam] [542670][me0][me_core_thread:359]ME out fid 2130
[06:34:02.476] RX< [34m[AE] fid=2160,exp=9970,adg=294,Y=4725,mtg=180,shg=100,bgbv=1496,iso=294,cnv2,hdr0
[06:34:02.476] RX< [0m[34m[b_ae0 proc] perf=960(us)
[06:34:03.468] RX< , max=2449(us)!
[06:34:03.468] RX< [0m[34m[awb0 proc] perf=3972(us), max=6639(us)!
[06:34:03.468] RX< [0m[34m[ME INTP]fid=2160, shutter=9970, perf=2145(us), max=8417(us)!
[06:34:03.468] RX< [0m[RTMP] f_index = 2160, f_len = 11409
[06:34:03.468] RX< [7] [cam] [543670][me0][me_core_thread:359]ME out fid 2160
[06:34:03.468] RX< [34m[AE] fid=2190
[06:34:04.820] RX< ,exp=10030,adg=288,Y=4683,mtg=180,shg=100,bgbv=1498,iso=288,cnv2,hdr0
[06:34:04.820] RX< [0m[7] [cam] [544670][me0][me_core_thread:359]ME out fid 2190
[06:34:04.820] RX< [34m[AE] fid=2220,exp=10030,adg=288,Y=4658,mtg=180,shg=100,bgbv=1491,iso=288,cnv2,hdr0
[06:34:04.820] RX< [0m[7] [cam] [545670][me0][me_core
[06:34:05.472] RX< _thread:359]ME out fid 2220
[06:34:05.472] RX< [4] [cam] [545746][qpc0][qpc_core_exception_check:405]discontinuous frame, now: 2233, last: 2231
[06:34:05.472] RX< [34m[AE] fid=2250,exp=10030,adg=288,Y=4668,mtg=180,shg=100,bgbv=1495,iso=288,cnv2,hdr0
[06:34:05.472] RX< [0m[34m[b_ae0 proc] perf=1128(us), max=16
[06:34:05.900] RX< 75(us)!
[06:34:05.900] RX< [0m[34m[awb0 proc] perf=3986(us), max=4377(us)!
[06:34:05.900] RX< [0m[RTMP] f_index = 2250, f_len = 15074
[06:34:05.900] RX< [7] [cam] [546669][me0][me_core_thread:359]ME out fid 2250
[06:34:05.900] RX< [4] [cam] [546747][qpc0][qpc_core_exception_check:405]discontinuous frame, now: 2263, last: 2261
[06:34:06.855] RX< [34m[AE] fid=2280,exp=10030,adg=288,Y=4683,mtg=180,shg=100,bgbv=1498,iso=288,cnv2,hdr0
[06:34:06.855] RX< [0m[34m[ME INTP]fid=2280, shutter=10030, perf=5(us), max=2145(us)!
[06:34:06.855] RX< [0m[7] [cam] [547669][me0][me_core_thread:359]ME out fid 2280
[06:34:06.855] RX< [34m[awb0 proc] perf=6603(us), max=
[06:34:07.819] RX< 6603(us)!
[06:34:07.819] RX< [0m[4] [cam] [547747][qpc0][qpc_core_exception_check:405]discontinuous frame, now: 2293, last: 2291
[06:34:07.819] RX< [34m[AE] fid=2310,exp=10000,adg=288,Y=4669,mtg=180,shg=100,bgbv=1499,iso=288,cnv2,hdr0
[06:34:07.819] RX< [0m[7] [cam] [548669][me0][me_core_thread:359]ME out fid
[06:34:08.472] RX<  2310
[06:34:08.472] RX< [34m[awb0 proc] perf=6701(us), max=6701(us)!
[06:34:08.472] RX< [0m[4] [cam] [548747][qpc0][qpc_core_exception_check:405]discontinuous frame, now: 2323, last: 2321
[06:34:08.472] RX< [34m[AE] fid=2340,exp=10000,adg=288,Y=4669,mtg=180,shg=100,bgbv=1499,iso=288,cnv2,hdr0
[06:34:08.472] RX< [0m[34m[b_ae0
[06:34:08.900] RX<  proc] perf=1019(us), max=2090(us)!
[06:34:08.900] RX< [0m[34m[awb0 proc] perf=4021(us), max=6701(us)!
[06:34:08.900] RX< [0m[RTMP] f_index = 2340, f_len = 13885
[06:34:08.900] RX< [7] [cam] [549669][me0][me_core_thread:359]ME out fid 2340
[06:34:08.900] RX< [34m[awb0 proc] perf=6550(us), max=6550(us)!
[06:34:08.900] RX< [0m[4] [cam] [549747][
[06:34:09.851] RX< qpc0][qpc_core_exception_check:405]discontinuous frame, now: 2353, last: 2351
[06:34:09.851] RX< [34m[AE] fid=2370,exp=10000,adg=288,Y=4671,mtg=180,shg=100,bgbv=1499,iso=288,cnv2,hdr0
[06:34:09.851] RX< [0m[7] [cam] [550669][me0][me_core_thread:359]ME out fid 2370
[06:34:09.851] RX< [34m[awb0 proc] perf=6627(
[06:34:10.567] RX< us), max=6627(us)!
[06:34:10.567] RX< [0m[4] [cam] [550747][qpc0][qpc_core_exception_check:405]discontinuous frame, now: 2383, last: 2381
[06:34:10.567] RX< [34m[AE] fid=2400,exp=10000,adg=288,Y=4665,mtg=180,shg=100,bgbv=1499,iso=288,cnv2,hdr0
[06:34:10.567] RX< [0m[34m[ME INTP]fid=2400, shutter=10000, perf=
[06:34:11.471] RX< 234(us), max=775(us)!
[06:34:11.471] RX< [0m[7] [cam] [551669][me0][me_core_thread:359]ME out fid 2400
[06:34:11.471] RX< [34m[awb0 proc] perf=7168(us), max=7168(us)!
[06:34:11.471] RX< [0m[4] [cam] [551746][qpc0][qpc_core_exception_check:405]discontinuous frame, now: 2413, last: 2411
[06:34:11.471] RX< [34m[AE] fid=2430,exp=1
[06:34:11.807] RX< 0000,adg=288,Y=4652,mtg=180,shg=100,bgbv=1495,iso=288,cnv2,hdr0
[06:34:11.807] RX< [0m[34m[b_ae0 proc] perf=1018(us), max=3590(us)!
[06:34:11.807] RX< [0m[34m[awb0 proc] perf=3953(us), max=7168(us)!
[06:34:11.807] RX< [0m[RTMP] f_index = 2430, f_len = 14001
[06:34:11.807] RX< [7] [cam] [552669][me0][me_core_thread:359]ME out
[06:34:12.818] RX<  fid 2430
[06:34:12.818] RX< [4] [cam] [552746][qpc0][qpc_core_exception_check:405]discontinuous frame, now: 2443, last: 2441
[06:34:12.818] RX< [34m[AE] fid=2460,exp=10000,adg=288,Y=4659,mtg=180,shg=100,bgbv=1495,iso=288,cnv2,hdr0
[06:34:12.818] RX< [0m[7] [cam] [553668][me0][me_core_thread:359]ME out fid 246
[06:34:13.819] RX< 0
[06:34:13.819] RX< [34m[awb0 proc] perf=6479(us), max=6479(us)!
[06:34:13.819] RX< [0m[4] [cam] [553746][qpc0][qpc_core_exception_check:405]discontinuous frame, now: 2473, last: 2471
[06:34:13.819] RX< [34m[AE] fid=2490,exp=10000,adg=288,Y=4660,mtg=180,shg=100,bgbv=1495,iso=288,cnv2,hdr0
[06:34:13.819] RX< [0m[7] [cam] [5546
[06:34:14.565] RX< 68][me0][me_core_thread:359]ME out fid 2490
[06:34:14.565] RX< [34m[AE] fid=2520,exp=10000,adg=288,Y=4659,mtg=180,shg=100,bgbv=1495,iso=288,cnv2,hdr0
[06:34:14.565] RX< [0m[34m[b_ae0 proc] perf=942(us), max=1225(us)!
[06:34:14.565] RX< [0m[34m[awb0 proc] perf=3956(us), max=6479(us)!
[06:34:14.565] RX< [0m[34m[ME INTP]fid=2
[06:34:15.818] RX< 520, shutter=10000, perf=5(us), max=400(us)!
[06:34:15.818] RX< [0m[RTMP] f_index = 2520, f_len = 13641
[06:34:15.818] RX< [7] [cam] [555668][me0][me_core_thread:359]ME out fid 2520
[06:34:15.818] RX< [34m[AE] fid=2550,exp=10000,adg=288,Y=4662,mtg=180,shg=100,bgbv=1495,iso=288,cnv2,hdr0
[06:34:15.818] RX< [0m[7] [cam] [556668][
[06:34:16.466] RX< me0][me_core_thread:359]ME out fid 2550
[06:34:16.466] RX< [34m[awb0 proc] perf=6502(us), max=6502(us)!
[06:34:16.466] RX< [0m[4] [cam] [556746][qpc0][qpc_core_exception_check:405]discontinuous frame, now: 2563, last: 2561
[06:34:16.466] RX< [34m[AE] fid=2580,exp=10000,adg=288,Y=4666,mtg=180,shg=100,bgbv=1499
[06:34:17.470] RX< ,iso=288,cnv2,hdr0
[06:34:17.470] RX< [0m[7] [cam] [557668][me0][me_core_thread:359]ME out fid 2580
[06:34:17.470] RX< [34m[awb0 proc] perf=6481(us), max=6502(us)!
[06:34:17.470] RX< [0m[4] [cam] [557746][qpc0][qpc_core_exception_check:405]discontinuous frame, now: 2593, last: 2591
[06:34:17.470] RX< [34m[AE] fid=2610,exp=1000
[06:34:17.806] RX< 0,adg=288,Y=4659,mtg=180,shg=100,bgbv=1495,iso=288,cnv2,hdr0
[06:34:17.806] RX< [0m[34m[b_ae0 proc] perf=1019(us), max=2710(us)!
[06:34:17.806] RX< [0m[34m[awb0 proc] perf=4002(us), max=6481(us)!
[06:34:17.806] RX< [0m[RTMP] f_index = 2610, f_len = 14226
[06:34:17.806] RX< [7] [cam] [558668][me0][me_core_thread:359]ME out fi
[06:34:18.565] RX< d 2610
[06:34:18.565] RX< [4] [cam] [558745][qpc0][qpc_core_exception_check:405]discontinuous frame, now: 2623, last: 2621
[06:34:18.565] RX< [34m[AE] fid=2640,exp=10000,adg=288,Y=4663,mtg=180,shg=100,bgbv=1499,iso=288,cnv2,hdr0
[06:34:18.565] RX< [0m[34m[ME INTP]fid=2640, shutter=10000, perf=234(us), max=183
[06:34:19.466] RX< 7(us)!
[06:34:19.466] RX< [0m[4] [cam] [559579][qpc0][qpc_core_exception_check:405]discontinuous frame, now: 2648, last: 2646
[06:34:19.466] RX< [7] [cam] [559668][me0][me_core_thread:359]ME out fid 2640
[06:34:19.466] RX< [34m[awb0 proc] perf=6379(us), max=6379(us)!
[06:34:19.466] RX< [0m[34m[AE] fid=2670,exp=9970,adg=294,Y=4
[06:34:20.471] RX< 725,mtg=180,shg=100,bgbv=1496,iso=294,cnv2,hdr0
[06:34:20.471] RX< [0m[7] [cam] [560668][me0][me_core_thread:359]ME out fid 2670
[06:34:20.471] RX< [34m[AE] fid=2700,exp=10100,adg=288,Y=4576,mtg=180,shg=100,bgbv=1467,iso=288,cnv2,hdr0
[06:34:20.471] RX< [0m[34m[b_ae0 proc] perf=1011(us), max=1181(us)!
[06:34:20.471] RX< [0m
[06:34:21.817] RX< [34m[awb0 proc] perf=3874(us), max=6379(us)!
[06:34:21.817] RX< [0m[RTMP] f_index = 2700, f_len = 18224
[06:34:21.817] RX< [7] [cam] [561667][me0][me_core_thread:359]ME out fid 2700
[06:34:21.817] RX< [34m[AE] fid=2730,exp=9970,adg=294,Y=4707,mtg=180,shg=100,bgbv=1488,iso=294,cnv2,hdr0
[06:34:21.817] RX< [0m[7] [cam] [562667][m
[06:34:22.821] RX< e0][me_core_thread:359]ME out fid 2730
[06:34:22.821] RX< [34m[AE] fid=2760,exp=10030,adg=288,Y=4676,mtg=180,shg=100,bgbv=1498,iso=288,cnv2,hdr0
[06:34:22.821] RX< [0m[34m[ME INTP]fid=2760, shutter=10030, perf=5(us), max=9496(us)!
[06:34:22.821] RX< [0m[7] [cam] [563667][me0][me_core_thread:359]ME out fid 27
[06:34:23.805] RX< 60
[06:34:23.805] RX< [34m[AE] fid=2790,exp=10030,adg=288,Y=4674,mtg=180,shg=100,bgbv=1495,iso=288,cnv2,hdr0
[06:34:23.805] RX< [0m[34m[b_ae0 proc] perf=1155(us), max=1810(us)!
[06:34:23.805] RX< [0m[34m[awb0 proc] perf=3930(us), max=5820(us)!
[06:34:23.805] RX< [0m[RTMP] f_index = 2790, f_len = 13625
[06:34:23.805] RX< [7] [cam] [564667][me0
[06:34:24.897] RX< ][me_core_thread:359]ME out fid 2790
[06:34:24.897] RX< [34m[AE] fid=2820,exp=10030,adg=288,Y=4679,mtg=180,shg=100,bgbv=1498,iso=288,cnv2,hdr0
[06:34:24.897] RX< [0m[7] [cam] [565667][me0][me_core_thread:359]ME out fid 2820
[06:34:24.897] RX< [34m[awb0 proc] perf=6122(us), max=6122(us)!
[06:34:24.897] RX< [0m[4] [cam] [565744]
[06:34:25.849] RX< [qpc0][qpc_core_exception_check:405]discontinuous frame, now: 2833, last: 2831
[06:34:25.849] RX< [34m[AE] fid=2850,exp=10030,adg=288,Y=4669,mtg=180,shg=100,bgbv=1495,iso=288,cnv2,hdr0
[06:34:25.849] RX< [0m[7] [cam] [566667][me0][me_core_thread:359]ME out fid 2850
[06:34:25.849] RX< [34m[awb0 proc] perf=6528
[06:34:26.469] RX< (us), max=6528(us)!
[06:34:26.469] RX< [0m[4] [cam] [566744][qpc0][qpc_core_exception_check:405]discontinuous frame, now: 2863, last: 2861
[06:34:26.469] RX< [34m[AE] fid=2880,exp=10030,adg=288,Y=4675,mtg=180,shg=100,bgbv=1498,iso=288,cnv2,hdr0
[06:34:26.469] RX< [0m[34m[b_ae0 proc] perf=1024(us), max=1155(u
[06:34:26.853] RX< s)!
[06:34:26.853] RX< [0m[34m[awb0 proc] perf=3939(us), max=6528(us)!
[06:34:26.853] RX< [0m[34m[ME INTP]fid=2880, shutter=10030, perf=233(us), max=361(us)!
[06:34:26.853] RX< [0m[RTMP] f_index = 2880, f_len = 13421
[06:34:26.853] RX< [7] [cam] [567667][me0][me_core_thread:359]ME out fid 2880
[06:34:26.853] RX< [34m[awb0 proc] perf=6604(us),
[06:34:27.816] RX<  max=6604(us)!
[06:34:27.816] RX< [0m[4] [cam] [567744][qpc0][qpc_core_exception_check:405]discontinuous frame, now: 2893, last: 2891
[06:34:27.816] RX< [34m[AE] fid=2910,exp=10030,adg=288,Y=4675,mtg=180,shg=100,bgbv=1498,iso=288,cnv2,hdr0
[06:34:27.816] RX< [0m[7] [cam] [568666][me0][me_core_thread:359]ME ou
[06:34:28.817] RX< t fid 2910
[06:34:28.817] RX< [4] [cam] [568744][qpc0][qpc_core_exception_check:405]discontinuous frame, now: 2923, last: 2921
[06:34:28.817] RX< [34m[AE] fid=2940,exp=10030,adg=288,Y=4669,mtg=180,shg=100,bgbv=1495,iso=288,cnv2,hdr0
[06:34:28.817] RX< [0m[7] [cam] [569666][me0][me_core_thread:359]ME out fid 29
[06:34:29.470] RX< 40
[06:34:29.470] RX< [34m[awb0 proc] perf=6510(us), max=6604(us)!
[06:34:29.470] RX< [0m[4] [cam] [569744][qpc0][qpc_core_exception_check:405]discontinuous frame, now: 2953, last: 2951
[06:34:29.470] RX< [34m[AE] fid=2970,exp=10030,adg=288,Y=4677,mtg=180,shg=100,bgbv=1498,iso=288,cnv2,hdr0
[06:34:29.470] RX< [0m[34m[b_ae0 pr
[06:34:29.897] RX< oc] perf=1028(us), max=1157(us)!
[06:34:29.897] RX< [0m[34m[awb0 proc] perf=3947(us), max=6510(us)!
[06:34:29.897] RX< [0m[RTMP] f_index = 2970, f_len = 13937
[06:34:29.897] RX< [7] [cam] [570666][me0][me_core_thread:359]ME out fid 2970
[06:34:29.897] RX< [34m[awb0 proc] perf=6392(us), max=6392(us)!
[06:34:29.897] RX< [0m[4] [cam] [570744][qpc
[06:34:30.804] RX< 0][qpc_core_exception_check:405]discontinuous frame, now: 2983, last: 2981
[06:34:30.804] RX< [34m[AE] fid=3000,exp=10030,adg=288,Y=4662,mtg=180,shg=100,bgbv=1491,iso=288,cnv2,hdr0
[06:34:30.804] RX< [0m[34m[ME INTP]fid=3000, shutter=10030, perf=5(us), max=2002(us)!
[06:34:30.804] RX< [0m[7] [cam] [571666][m
[06:34:31.463] RX< e0][me_core_thread:359]ME out fid 3000
[06:34:31.463] RX< [34m[awb0 proc] perf=6636(us), max=6636(us)!
[06:34:31.463] RX< [0m[4] [cam] [571744][qpc0][qpc_core_exception_check:405]discontinuous frame, now: 3013, last: 3011
[06:34:31.463] RX< [34m[AE] fid=3030,exp=10030,adg=288,Y=4660,mtg=180,shg=100,bgbv=1491,
[06:34:32.468] RX< iso=288,cnv2,hdr0
[06:34:32.468] RX< [0m[7] [cam] [572666][me0][me_core_thread:359]ME out fid 3030
[06:34:32.468] RX< [4] [cam] [572743][qpc0][qpc_core_exception_check:405]discontinuous frame, now: 3043, last: 3041
[06:34:32.468] RX< [34m[AE] fid=3060,exp=10030,adg=288,Y=4662,mtg=180,shg=100,bgbv=1491,iso=288,
[06:34:32.897] RX< cnv2,hdr0
[06:34:32.897] RX< [0m[34m[b_ae0 proc] perf=1012(us), max=1650(us)!
[06:34:32.897] RX< [0m[34m[awb0 proc] perf=3820(us), max=6636(us)!
[06:34:32.897] RX< [0m[RTMP] f_index = 3060, f_len = 13379
[06:34:32.897] RX< [7] [cam] [573666][me0][me_core_thread:359]ME out fid 3060
[06:34:32.897] RX< [4] [cam] [573743][qpc0][qpc_core_exception_
[06:34:33.897] RX< check:405]discontinuous frame, now: 3073, last: 3071
[06:34:33.897] RX< [34m[AE] fid=3090,exp=10030,adg=288,Y=4658,mtg=180,shg=100,bgbv=1491,iso=288,cnv2,hdr0
[06:34:33.897] RX< [0m[7] [cam] [574666][me0][me_core_thread:359]ME out fid 3090
[06:34:33.897] RX< [34m[awb0 proc] perf=7430(us), max=7430(us)!
[06:34:33.897] RX< [0m[4
[06:34:34.564] RX< ] [cam] [574743][qpc0][qpc_core_exception_check:405]discontinuous frame, now: 3103, last: 3101
[06:34:34.564] RX< [34m[AE] fid=3120,exp=10030,adg=288,Y=4664,mtg=180,shg=100,bgbv=1495,iso=288,cnv2,hdr0
[06:34:34.564] RX< [0m[34m[ME INTP]fid=3120, shutter=10030, perf=6(us), max=1108(us)!
[06:34:34.564] RX< [0m
[06:34:35.469] RX< [7] [cam] [575665][me0][me_core_thread:359]ME out fid 3120
[06:34:35.469] RX< [34m[awb0 proc] perf=6528(us), max=7430(us)!
[06:34:35.469] RX< [0m[4] [cam] [575743][qpc0][qpc_core_exception_check:405]discontinuous frame, now: 3133, last: 3131
[06:34:35.469] RX< [34m[AE] fid=3150,exp=10030,adg=288,Y=4657,mtg=18
[06:34:35.898] RX< 0,shg=100,bgbv=1491,iso=288,cnv2,hdr0
[06:34:35.898] RX< [0m[34m[b_ae0 proc] perf=1028(us), max=2049(us)!
[06:34:35.898] RX< [0m[34m[awb0 proc] perf=3921(us), max=6528(us)!
[06:34:35.898] RX< [0m[RTMP] f_index = 3150, f_len = 13667
[06:34:35.898] RX< [7] [cam] [576665][me0][me_core_thread:359]ME out fid 3150
[06:34:35.898] RX< [4] [cam] [57674
[06:34:36.896] RX< 4][qpc0][qpc_core_exception_check:405]discontinuous frame, now: 3163, last: 3161
[06:34:36.896] RX< [34m[AE] fid=3180,exp=10030,adg=288,Y=4657,mtg=180,shg=100,bgbv=1491,iso=288,cnv2,hdr0
[06:34:36.896] RX< [0m[7] [cam] [577665][me0][me_core_thread:359]ME out fid 3180
[06:34:36.896] RX< [4] [cam] [577743][qpc0]
[06:34:38.468] RX< [qpc_core_exception_check:405]discontinuous frame, now: 3193, last: 3191
[06:34:38.468] RX< [34m[AE] fid=3210,exp=10030,adg=288,Y=4661,mtg=180,shg=100,bgbv=1491,iso=288,cnv2,hdr0
[06:34:38.468] RX< [0m[7] [cam] [578665][me0][me_core_thread:359]ME out fid 3210
[06:34:38.468] RX< [34m[AE] fid=3240,exp=10030,adg
[06:34:38.787] RX< =288,Y=4666,mtg=180,shg=100,bgbv=1495,iso=288,cnv2,hdr0
[06:34:38.787] RX< [0m[34m[b_ae0 proc] perf=1016(us), max=1638(us)!
[06:34:38.787] RX< [0m[34m[awb0 proc] perf=3962(us), max=5049(us)!
[06:34:38.787] RX< [0m[34m[ME INTP]fid=3240, shutter=10030, perf=5(us), max=1125(us)!
[06:34:38.787] RX< [0m[RTMP] f_index = 3240, f_
[06:34:39.463] RX< len = 13675
[06:34:39.463] RX< [7] [cam] [579665][me0][me_core_thread:359]ME out fid 3240
[06:34:39.463] RX< [34m[awb0 proc] perf=6877(us), max=6877(us)!
[06:34:39.463] RX< [0m[4] [cam] [579742][qpc0][qpc_core_exception_check:405]discontinuous frame, now: 3253, last: 3251
[06:34:39.463] RX< [34m[AE] fid=3270,exp=10030,adg=288,Y
[06:34:40.463] RX< =4685,mtg=180,shg=100,bgbv=1498,iso=288,cnv2,hdr0
[06:34:40.463] RX< [0m[7] [cam] [580665][me0][me_core_thread:359]ME out fid 3270
[06:34:40.463] RX< [4] [cam] [580742][qpc0][qpc_core_exception_check:405]discontinuous frame, now: 3283, last: 3281
[06:34:40.463] RX< [34m[AE] fid=3300,exp=10030,adg=288,Y=4687,mt
[06:34:41.466] RX< g=180,shg=100,bgbv=1498,iso=288,cnv2,hdr0
[06:34:41.466] RX< [0m[7] [cam] [581665][me0][me_core_thread:359]ME out fid 3300
[06:34:41.466] RX< [34m[awb0 proc] perf=7223(us), max=7223(us)!
[06:34:41.466] RX< [0m[4] [cam] [581742][qpc0][qpc_core_exception_check:405]discontinuous frame, now: 3313, last: 3311
[06:34:41.466] RX< [34
[06:34:41.802] RX< m[AE] fid=3330,exp=10030,adg=288,Y=4692,mtg=180,shg=100,bgbv=1502,iso=288,cnv2,hdr0
[06:34:41.802] RX< [0m[34m[b_ae0 proc] perf=1022(us), max=3596(us)!
[06:34:41.802] RX< [0m[34m[awb0 proc] perf=3860(us), max=7223(us)!
[06:34:41.802] RX< [0m[RTMP] f_index = 3330, f_len = 16954
[06:34:41.802] RX< [7] [cam] [582665][me0][me_co
[06:34:42.803] RX< re_thread:359]ME out fid 3330
[06:34:42.803] RX< [34m[awb0 proc] perf=6245(us), max=6245(us)!
[06:34:42.803] RX< [0m[34m[AE] fid=3360,exp=10030,adg=288,Y=4686,mtg=180,shg=100,bgbv=1498,iso=288,cnv2,hdr0
[06:34:42.803] RX< [0m[34m[ME INTP]fid=3360, shutter=10030, perf=5(us), max=304(us)!
[06:34:42.803] RX< [0m[7] [cam] [58366
[06:34:43.462] RX< 4][me0][me_core_thread:359]ME out fid 3360
[06:34:43.462] RX< [34m[awb0 proc] perf=6951(us), max=6951(us)!
[06:34:43.462] RX< [0m[4] [cam] [583742][qpc0][qpc_core_exception_check:405]discontinuous frame, now: 3373, last: 3371
[06:34:43.462] RX< [34m[AE] fid=3390,exp=10030,adg=288,Y=4696,mtg=180,shg=100,bgbv=1
[06:34:44.466] RX< 502,iso=288,cnv2,hdr0
[06:34:44.466] RX< [0m[7] [cam] [584664][me0][me_core_thread:359]ME out fid 3390
[06:34:44.466] RX< [34m[awb0 proc] perf=6596(us), max=6951(us)!
[06:34:44.466] RX< [0m[4] [cam] [584742][qpc0][qpc_core_exception_check:405]discontinuous frame, now: 3403, last: 3401
[06:34:44.466] RX< [34m[AE] fid=3420,exp=1
[06:34:44.803] RX< 0030,adg=288,Y=4675,mtg=180,shg=100,bgbv=1498,iso=288,cnv2,hdr0
[06:34:44.803] RX< [0m[34m[b_ae0 proc] perf=991(us), max=1140(us)!
[06:34:44.803] RX< [0m[34m[awb0 proc] perf=3934(us), max=6596(us)!
[06:34:44.803] RX< [0m[RTMP] f_index = 3420, f_len = 9745
[06:34:44.803] RX< [7] [cam] [585664][me0][me_core_thread:359]ME out f
[06:34:45.813] RX< id 3420
[06:34:45.813] RX< [4] [cam] [585742][qpc0][qpc_core_exception_check:405]discontinuous frame, now: 3433, last: 3431
[06:34:45.813] RX< [34m[AE] fid=3450,exp=10030,adg=288,Y=4673,mtg=180,shg=100,bgbv=1495,iso=288,cnv2,hdr0
[06:34:45.813] RX< [0m[7] [cam] [586664][me0][me_core_thread:359]ME out fid 3450
[06:34:46.562] RX< [34m[awb0 proc] perf=6337(us), max=6337(us)!
[06:34:46.562] RX< [0m[4] [cam] [586742][qpc0][qpc_core_exception_check:405]discontinuous frame, now: 3463, last: 3461
[06:34:46.562] RX< [34m[AE] fid=3480,exp=10030,adg=288,Y=4676,mtg=180,shg=100,bgbv=1498,iso=288,cnv2,hdr0
[06:34:46.562] RX< [0m[34m[ME INTP]fid
[06:34:46.895] RX< =3480, shutter=10030, perf=6(us), max=561(us)!
[06:34:46.895] RX< [0m[7] [cam] [587664][me0][me_core_thread:359]ME out fid 3480
[06:34:46.895] RX< [34m[awb0 proc] perf=6017(us), max=6337(us)!
[06:34:46.895] RX< [0m[4] [cam] [587741][qpc0][qpc_core_exception_check:405]discontinuous frame, now: 3493, last: 3491
[06:34:47.802] RX< 
[06:34:47.802] RX< [34m[AE] fid=3510,exp=10030,adg=288,Y=4673,mtg=180,shg=100,bgbv=1495,iso=288,cnv2,hdr0
[06:34:47.802] RX< [0m[34m[b_ae0 proc] perf=1023(us), max=2635(us)!
[06:34:47.802] RX< [0m[34m[awb0 proc] perf=3941(us), max=6017(us)!
[06:34:47.802] RX< [0m[RTMP] f_index = 3510, f_len = 13784
[06:34:47.802] RX< [7] [cam] [588664][me0][
[06:34:48.814] RX< me_core_thread:359]ME out fid 3510
[06:34:48.814] RX< [4] [cam] [588740][qpc0][qpc_core_exception_check:405]discontinuous frame, now: 3523, last: 3521
[06:34:48.814] RX< [34m[AE] fid=3540,exp=10030,adg=288,Y=4674,mtg=180,shg=100,bgbv=1495,iso=288,cnv2,hdr0
[06:34:48.814] RX< [0m[7] [cam] [589664][me0][me_core_
[06:34:49.461] RX< thread:359]ME out fid 3540
[06:34:49.461] RX< [34m[awb0 proc] perf=6679(us), max=6679(us)!
[06:34:49.461] RX< [0m[4] [cam] [589741][qpc0][qpc_core_exception_check:405]discontinuous frame, now: 3553, last: 3551
[06:34:49.461] RX< [34m[AE] fid=3570,exp=10030,adg=288,Y=4681,mtg=180,shg=100,bgbv=1498,iso=288,cnv2
[06:34:50.466] RX< ,hdr0
[06:34:50.466] RX< [0m[7] [cam] [590663][me0][me_core_thread:359]ME out fid 3570
[06:34:50.466] RX< [4] [cam] [590741][qpc0][qpc_core_exception_check:405]discontinuous frame, now: 3583, last: 3581
[06:34:50.466] RX< [34m[AE] fid=3600,exp=10030,adg=288,Y=4685,mtg=180,shg=100,bgbv=1498,iso=288,cnv2,hdr0
[06:34:50.466] RX< [
[06:34:50.817] RX< 0m[34m[b_ae0 proc] perf=944(us), max=1173(us)!
[06:34:50.817] RX< [0m[34m[awb0 proc] perf=3803(us), max=6679(us)!
[06:34:50.817] RX< [0m[34m[ME INTP]fid=3600, shutter=10030, perf=5(us), max=912(us)!
[06:34:50.817] RX< [0m[RTMP] f_index = 3600, f_len = 8984
[06:34:50.817] RX< [7] [cam] [591663][me0][me_core_thread:359]ME out
[06:34:51.797] RX<  fid 3600
[06:34:51.797] RX< [34m[awb0 proc] perf=8412(us), max=8412(us)!
[06:34:51.797] RX< [0m[4] [cam] [591741][qpc0][qpc_core_exception_check:405]discontinuous frame, now: 3613, last: 3611
[06:34:51.797] RX< [34m[AE] fid=3630,exp=10030,adg=288,Y=4687,mtg=180,shg=100,bgbv=1498,iso=288,cnv2,hdr0
[06:34:51.797] RX< [0m[4] [ca
[06:34:51.899] RX< m] [592644][qpc0][qpc_core_exception_check:405]discontinuous frame, now: 3640, last: 3638
[06:34:51.899] RX< [7] [cam] [592663][me0][me_core_thread:359]ME out fid 3630
[06:34:51.899] RX< [4] [cam] [592742][qpc0][qpc_core_exception_check:411]interp not finish in sof, fid: 3641
[06:34:51.899] RX< [4] [cam] [592746
[06:34:51.961] RX< ][qpc0][qpc_core_exception_check:411]interp not finish in sof, fid: 3641
[06:34:51.961] RX< [4] [cam] [592782][qpc0][qpc_core_exception_check:405]discontinuous frame, now: 3643, last: 3641
[06:34:51.961] RX< [4] [cam] [592807][qpc0][qpc_core_exception_check:405]discontinuous frame, now: 3645, 
[06:34:53.465] RX< last: 3643
[06:34:53.465] RX< [34m[AE] fid=3660,exp=10000,adg=294,Y=4840,mtg=179,shg=100,bgbv=1499,iso=294,cnv2,hdr0
[06:34:53.465] RX< [0m[7] [cam] [593663][me0][me_core_thread:359]ME out fid 3660
[06:34:53.465] RX< [34m[AE] fid=3690,exp=10000,adg=288,Y=4695,mtg=180,shg=100,bgbv=1506,iso=288,cnv2,hdr0
[06:34:53.465] RX< [0m[
[06:34:54.461] RX< 34m[b_ae0 proc] perf=939(us), max=1312(us)!
[06:34:54.461] RX< [0m[34m[awb0 proc] perf=3955(us), max=8412(us)!
[06:34:54.461] RX< [0m[RTMP] f_index = 3690, f_len = 14277
[06:34:54.461] RX< [7] [cam] [594663][me0][me_core_thread:359]ME out fid 3690
[06:34:54.461] RX< [34m[AE] fid=3720,exp=10000,adg=288,Y=4704,mtg=180,shg=100,b
[06:34:54.894] RX< gbv=1510,iso=288,cnv2,hdr0
[06:34:54.894] RX< [0m[34m[ME INTP]fid=3720, shutter=10000, perf=7(us), max=16762(us)!
[06:34:54.894] RX< [0m[7] [cam] [595663][me0][me_core_thread:359]ME out fid 3720
[06:34:54.894] RX< [34m[awb0 proc] perf=6549(us), max=6549(us)!
[06:34:54.894] RX< [0m[4] [cam] [595740][qpc0][qpc_core_exception_ch
[06:34:55.893] RX< eck:405]discontinuous frame, now: 3733, last: 3731
[06:34:55.893] RX< [34m[AE] fid=3750,exp=10000,adg=288,Y=4705,mtg=180,shg=100,bgbv=1510,iso=288,cnv2,hdr0
[06:34:55.893] RX< [0m[7] [cam] [596663][me0][me_core_thread:359]ME out fid 3750
[06:34:55.893] RX< [4] [cam] [596740][qpc0][qpc_core_exception_check:405]
[06:34:56.785] RX< discontinuous frame, now: 3763, last: 3761
[06:34:56.785] RX< [34m[AE] fid=3780,exp=10000,adg=288,Y=4687,mtg=180,shg=100,bgbv=1502,iso=288,cnv2,hdr0
[06:34:56.785] RX< [0m[34m[b_ae0 proc] perf=1024(us), max=2731(us)!
[06:34:56.785] RX< [0m[34m[awb0 proc] perf=3993(us), max=6549(us)!
[06:34:56.785] RX< [0m[RTMP] f_index = 37
[06:34:57.460] RX< 80, f_len = 14615
[06:34:57.460] RX< [7] [cam] [597662][me0][me_core_thread:359]ME out fid 3780
[06:34:57.460] RX< [34m[awb0 proc] perf=7781(us), max=7781(us)!
[06:34:57.460] RX< [0m[4] [cam] [597740][qpc0][qpc_core_exception_check:405]discontinuous frame, now: 3793, last: 3791
[06:34:57.460] RX< [34m[AE] fid=3810,exp=10000,adg
[06:34:58.460] RX< =288,Y=4703,mtg=180,shg=100,bgbv=1510,iso=288,cnv2,hdr0
[06:34:58.460] RX< [0m[7] [cam] [598662][me0][me_core_thread:359]ME out fid 3810
[06:34:58.460] RX< [4] [cam] [598740][qpc0][qpc_core_exception_check:405]discontinuous frame, now: 3823, last: 3821
[06:34:58.460] RX< [34m[AE] fid=3840,exp=10000,adg=288,Y=4
[06:34:58.893] RX< 691,mtg=180,shg=100,bgbv=1506,iso=288,cnv2,hdr0
[06:34:58.893] RX< [0m[34m[ME INTP]fid=3840, shutter=10000, perf=21(us), max=3503(us)!
[06:34:58.893] RX< [0m[7] [cam] [599662][me0][me_core_thread:359]ME out fid 3840
[06:34:58.893] RX< [4] [cam] [599740][qpc0][qpc_core_exception_check:405]discontinuous frame, 
[06:34:59.800] RX< now: 3853, last: 3851
[06:34:59.800] RX< [34m[AE] fid=3870,exp=10000,adg=288,Y=4688,mtg=180,shg=100,bgbv=1506,iso=288,cnv2,hdr0
[06:34:59.800] RX< [0m[34m[b_ae0 proc] perf=1022(us), max=4317(us)!
[06:34:59.800] RX< [0m[34m[awb0 proc] perf=3978(us), max=7781(us)!
[06:34:59.800] RX< [0m[RTMP] f_index = 3870, f_len = 14309
[06:34:59.800] RX< [7]
[06:35:00.812] RX<  [cam] [600662][me0][me_core_thread:359]ME out fid 3870
[06:35:00.812] RX< [4] [cam] [600739][qpc0][qpc_core_exception_check:405]discontinuous frame, now: 3883, last: 3881
[06:35:00.812] RX< [34m[AE] fid=3900,exp=10000,adg=288,Y=4681,mtg=180,shg=100,bgbv=1502,iso=288,cnv2,hdr0
[06:35:00.812] RX< [0m[7] [cam] [
[06:35:01.460] RX< 601662][me0][me_core_thread:359]ME out fid 3900
[06:35:01.460] RX< [34m[awb0 proc] perf=6575(us), max=6575(us)!
[06:35:01.460] RX< [0m[4] [cam] [601740][qpc0][qpc_core_exception_check:405]discontinuous frame, now: 3913, last: 3911
[06:35:01.460] RX< [34m[AE] fid=3930,exp=10000,adg=288,Y=4689,mtg=180,shg=100,b
[06:35:02.465] RX< gbv=1506,iso=288,cnv2,hdr0
[06:35:02.465] RX< [0m[7] [cam] [602662][me0][me_core_thread:359]ME out fid 3930
[06:35:02.465] RX< [34m[AE] fid=3960,exp=10000,adg=288,Y=4683,mtg=180,shg=100,bgbv=1502,iso=288,cnv2,hdr0
[06:35:02.465] RX< [0m[34m[b_ae0 proc] perf=1171(us), max=1193(us)!
[06:35:02.465] RX< [0m[34m[awb0 proc] perf=
[06:35:02.892] RX< 3941(us), max=6575(us)!
[06:35:02.892] RX< [0m[34m[ME INTP]fid=3960, shutter=10000, perf=6(us), max=1260(us)!
[06:35:02.892] RX< [0m[RTMP] f_index = 3960, f_len = 14739
[06:35:02.892] RX< [7] [cam] [603662][me0][me_core_thread:359]ME out fid 3960
[06:35:02.892] RX< [34m[awb0 proc] perf=6603(us), max=6603(us)!
[06:35:02.892] RX< [0m[4] [cam] [60
[06:35:03.844] RX< 3739][qpc0][qpc_core_exception_check:405]discontinuous frame, now: 3973, last: 3971
[06:35:03.844] RX< [34m[AE] fid=3990,exp=10000,adg=288,Y=4676,mtg=180,shg=100,bgbv=1502,iso=288,cnv2,hdr0
[06:35:03.844] RX< [0m[7] [cam] [604662][me0][me_core_thread:359]ME out fid 3990
[06:35:03.844] RX< [34m[awb0 proc] perf
[06:35:04.811] RX< =6109(us), max=6603(us)!
[06:35:04.811] RX< [0m[4] [cam] [604740][qpc0][qpc_core_exception_check:405]discontinuous frame, now: 4003, last: 4001
[06:35:04.811] RX< [34m[AE] fid=4020,exp=10000,adg=288,Y=4663,mtg=180,shg=100,bgbv=1499,iso=288,cnv2,hdr0
[06:35:04.811] RX< [0m[7] [cam] [605661][me0][me_core_thread
[06:35:05.464] RX< :359]ME out fid 4020
[06:35:05.464] RX< [34m[awb0 proc] perf=6600(us), max=6600(us)!
[06:35:05.464] RX< [0m[4] [cam] [605739][qpc0][qpc_core_exception_check:405]discontinuous frame, now: 4033, last: 4031
[06:35:05.464] RX< [34m[AE] fid=4050,exp=10000,adg=288,Y=4655,mtg=180,shg=100,bgbv=1495,iso=288,cnv2,hdr0
[06:35:05.892] RX< [0m[34m[b_ae0 proc] perf=1037(us), max=1417(us)!
[06:35:05.892] RX< [0m[34m[awb0 proc] perf=3945(us), max=6600(us)!
[06:35:05.892] RX< [0m[RTMP] f_index = 4050, f_len = 15103
[06:35:05.892] RX< [7] [cam] [606661][me0][me_core_thread:359]ME out fid 4050
[06:35:05.892] RX< [34m[awb0 proc] perf=6630(us), max=6630(us)!
[06:35:05.892] RX< [0m[4] 
[06:35:06.799] RX< [cam] [606739][qpc0][qpc_core_exception_check:405]discontinuous frame, now: 4063, last: 4061
[06:35:06.799] RX< [34m[AE] fid=4080,exp=10000,adg=288,Y=4668,mtg=180,shg=100,bgbv=1499,iso=288,cnv2,hdr0
[06:35:06.799] RX< [0m[34m[ME INTP]fid=4080, shutter=10000, perf=6(us), max=8898(us)!
[06:35:06.799] RX< [0m[7
[06:35:07.458] RX< ] [cam] [607661][me0][me_core_thread:359]ME out fid 4080
[06:35:07.458] RX< [34m[awb0 proc] perf=6714(us), max=6714(us)!
[06:35:07.458] RX< [0m[4] [cam] [607739][qpc0][qpc_core_exception_check:405]discontinuous frame, now: 4093, last: 4091
[06:35:07.458] RX< [34m[AE] fid=4110,exp=10000,adg=288,Y=4655,mtg=180,
[06:35:08.464] RX< shg=100,bgbv=1495,iso=288,cnv2,hdr0
[06:35:08.464] RX< [0m[7] [cam] [608661][me0][me_core_thread:359]ME out fid 4110
[06:35:08.464] RX< [4] [cam] [608739][qpc0][qpc_core_exception_check:405]discontinuous frame, now: 4123, last: 4121
[06:35:08.464] RX< [34m[AE] fid=4140,exp=10000,adg=288,Y=4653,mtg=180,shg=100,
[06:35:08.892] RX< bgbv=1495,iso=288,cnv2,hdr0
[06:35:08.892] RX< [0m[34m[b_ae0 proc] perf=1018(us), max=2514(us)!
[06:35:08.892] RX< [0m[34m[awb0 proc] perf=3973(us), max=6714(us)!
[06:35:08.892] RX< [0m[RTMP] f_index = 4140, f_len = 14551
[06:35:08.892] RX< [7] [cam] [609661][me0][me_core_thread:359]ME out fid 4140
[06:35:08.892] RX< [4] [cam] [609738][qpc0][q
[06:35:09.843] RX< pc_core_exception_check:405]discontinuous frame, now: 4153, last: 4151
[06:35:09.843] RX< [34m[AE] fid=4170,exp=10000,adg=288,Y=4658,mtg=180,shg=100,bgbv=1495,iso=288,cnv2,hdr0
[06:35:09.843] RX< [0m[7] [cam] [610661][me0][me_core_thread:359]ME out fid 4170
[06:35:09.843] RX< [34m[awb0 proc] perf=7952(us), ma
[06:35:10.558] RX< x=7952(us)!
[06:35:10.558] RX< [0m[4] [cam] [610739][qpc0][qpc_core_exception_check:405]discontinuous frame, now: 4183, last: 4181
[06:35:10.558] RX< [34m[AE] fid=4200,exp=10000,adg=288,Y=4658,mtg=180,shg=100,bgbv=1495,iso=288,cnv2,hdr0
[06:35:10.558] RX< [0m[34m[ME INTP]fid=4200, shutter=10000, perf=5(us), 
[06:35:11.463] RX< max=554(us)!
[06:35:11.463] RX< [0m[7] [cam] [611661][me0][me_core_thread:359]ME out fid 4200
[06:35:11.463] RX< [34m[awb0 proc] perf=6101(us), max=7952(us)!
[06:35:11.463] RX< [0m[4] [cam] [611738][qpc0][qpc_core_exception_check:405]discontinuous frame, now: 4213, last: 4211
[06:35:11.463] RX< [34m[AE] fid=4230,exp=10000,adg=
[06:35:11.799] RX< 288,Y=4658,mtg=180,shg=100,bgbv=1495,iso=288,cnv2,hdr0
[06:35:11.799] RX< [0m[34m[b_ae0 proc] perf=1021(us), max=3967(us)!
[06:35:11.799] RX< [0m[34m[awb0 proc] perf=3855(us), max=6101(us)!
[06:35:11.799] RX< [0m[RTMP] f_index = 4230, f_len = 14352
[06:35:11.799] RX< [7] [cam] [612660][me0][me_core_thread:359]ME out fid 4230
[06:35:12.810] RX< 
[06:35:12.810] RX< [34m[awb0 proc] perf=6592(us), max=6592(us)!
[06:35:12.810] RX< [0m[4] [cam] [612738][qpc0][qpc_core_exception_check:405]discontinuous frame, now: 4243, last: 4241
[06:35:12.810] RX< [34m[AE] fid=4260,exp=10000,adg=288,Y=4661,mtg=180,shg=100,bgbv=1495,iso=288,cnv2,hdr0
[06:35:12.810] RX< [0m[7] [cam] [61366
[06:35:13.458] RX< 0][me0][me_core_thread:359]ME out fid 4260
[06:35:13.458] RX< [34m[awb0 proc] perf=6592(us), max=6592(us)!
[06:35:13.458] RX< [0m[4] [cam] [613738][qpc0][qpc_core_exception_check:405]discontinuous frame, now: 4273, last: 4271
[06:35:13.458] RX< [34m[AE] fid=4290,exp=10000,adg=288,Y=4659,mtg=180,shg=100,bgbv=1
[06:35:14.462] RX< 495,iso=288,cnv2,hdr0
[06:35:14.462] RX< [0m[7] [cam] [614660][me0][me_core_thread:359]ME out fid 4290
[06:35:14.462] RX< [34m[awb0 proc] perf=7406(us), max=7406(us)!
[06:35:14.462] RX< [0m[4] [cam] [614738][qpc0][qpc_core_exception_check:405]discontinuous frame, now: 4303, last: 4301
[06:35:14.462] RX< [34m[AE] fid=4320,exp=1
[06:35:14.782] RX< 0000,adg=288,Y=4660,mtg=180,shg=100,bgbv=1495,iso=288,cnv2,hdr0
[06:35:14.782] RX< [0m[34m[b_ae0 proc] perf=1001(us), max=3824(us)!
[06:35:14.782] RX< [0m[34m[awb0 proc] perf=3949(us), max=7406(us)!
[06:35:14.782] RX< [0m[34m[ME INTP]fid=4320, shutter=10000, perf=6(us), max=252(us)!
[06:35:14.782] RX< [0m[RTMP] f_index = 4
[06:35:15.842] RX< 320, f_len = 14617
[06:35:15.842] RX< [7] [cam] [615660][me0][me_core_thread:359]ME out fid 4320
[06:35:15.842] RX< [34m[AE] fid=4350,exp=10000,adg=288,Y=4662,mtg=180,shg=100,bgbv=1495,iso=288,cnv2,hdr0
[06:35:15.842] RX< [0m[7] [cam] [616660][me0][me_core_thread:359]ME out fid 4350
[06:35:15.842] RX< [34m[awb0 proc] perf=6854(
[06:35:16.810] RX< us), max=6854(us)!
[06:35:16.810] RX< [0m[4] [cam] [616737][qpc0][qpc_core_exception_check:405]discontinuous frame, now: 4363, last: 4361
[06:35:16.810] RX< [34m[AE] fid=4380,exp=10000,adg=288,Y=4661,mtg=180,shg=100,bgbv=1495,iso=288,cnv2,hdr0
[06:35:16.810] RX< [0m[7] [cam] [617660][me0][me_core_thread:359]M
[06:35:17.463] RX< E out fid 4380
[06:35:17.463] RX< [4] [cam] [617737][qpc0][qpc_core_exception_check:405]discontinuous frame, now: 4393, last: 4391
[06:35:17.463] RX< [34m[AE] fid=4410,exp=10000,adg=288,Y=4664,mtg=180,shg=100,bgbv=1499,iso=288,cnv2,hdr0
[06:35:17.463] RX< [0m[34m[b_ae0 proc] perf=936(us), max=2512(us)!
[06:35:17.463] RX< [0m
[06:35:18.457] RX< [34m[awb0 proc] perf=3935(us), max=6854(us)!
[06:35:18.457] RX< [0m[RTMP] f_index = 4410, f_len = 14727
[06:35:18.457] RX< [7] [cam] [618660][me0][me_core_thread:359]ME out fid 4410
[06:35:18.457] RX< [4] [cam] [618737][qpc0][qpc_core_exception_check:405]discontinuous frame, now: 4423, last: 4421
[06:35:18.457] RX< [34m[AE] fid=
[06:35:18.845] RX< 4440,exp=10000,adg=288,Y=4664,mtg=180,shg=100,bgbv=1499,iso=288,cnv2,hdr0
[06:35:18.845] RX< [0m[34m[ME INTP]fid=4440, shutter=10000, perf=5(us), max=1366(us)!
[06:35:18.845] RX< [0m[7] [cam] [619659][me0][me_core_thread:359]ME out fid 4440
[06:35:18.845] RX< [34m[awb0 proc] perf=6761(us), max=6761(us)!
[06:35:18.845] RX< [0m
[06:35:19.841] RX< [4] [cam] [619737][qpc0][qpc_core_exception_check:405]discontinuous frame, now: 4453, last: 4451
[06:35:19.841] RX< [34m[AE] fid=4470,exp=10000,adg=288,Y=4667,mtg=180,shg=100,bgbv=1499,iso=288,cnv2,hdr0
[06:35:19.841] RX< [0m[7] [cam] [620659][me0][me_core_thread:359]ME out fid 4470
[06:35:19.841] RX< [34m[aw
[06:35:20.463] RX< b0 proc] perf=6056(us), max=6761(us)!
[06:35:20.463] RX< [0m[4] [cam] [620737][qpc0][qpc_core_exception_check:405]discontinuous frame, now: 4483, last: 4481
[06:35:20.463] RX< [34m[AE] fid=4500,exp=10000,adg=288,Y=4669,mtg=180,shg=100,bgbv=1499,iso=288,cnv2,hdr0
[06:35:20.463] RX< [0m[34m[b_ae0 proc] perf=10
[06:35:20.857] RX< 36(us), max=1688(us)!
[06:35:20.857] RX< [0m[34m[awb0 proc] perf=3954(us), max=6056(us)!
[06:35:20.857] RX< [0m[RTMP] f_index = 4500, f_len = 14721
[06:35:20.857] RX< [7] [cam] [621659][me0][me_core_thread:359]ME out fid 4500
[06:35:20.857] RX< [4] [cam] [621703][qpc0][qpc_core_exception_check:411]interp not finish in sof, fid
[06:35:21.841] RX< : 4511
[06:35:21.841] RX< [4] [cam] [621737][qpc0][qpc_core_exception_check:405]discontinuous frame, now: 4513, last: 4511
[06:35:21.841] RX< [34m[AE] fid=4530,exp=10000,adg=288,Y=4675,mtg=180,shg=100,bgbv=1502,iso=288,cnv2,hdr0
[06:35:21.841] RX< [0m[7] [cam] [622659][me0][me_core_thread:359]ME out fid 4530
[06:35:21.841] RX< 
[06:35:22.557] RX< [34m[awb0 proc] perf=6791(us), max=6791(us)!
[06:35:22.557] RX< [0m[4] [cam] [622736][qpc0][qpc_core_exception_check:405]discontinuous frame, now: 4543, last: 4541
[06:35:22.557] RX< [34m[AE] fid=4560,exp=10000,adg=288,Y=4672,mtg=180,shg=100,bgbv=1499,iso=288,cnv2,hdr0
[06:35:22.557] RX< [0m[34m[ME INTP]fid=
[06:35:23.462] RX< 4560, shutter=10000, perf=6(us), max=3841(us)!
[06:35:23.462] RX< [0m[7] [cam] [623659][me0][me_core_thread:359]ME out fid 4560
[06:35:23.462] RX< [4] [cam] [623737][qpc0][qpc_core_exception_check:405]discontinuous frame, now: 4573, last: 4571
[06:35:23.462] RX< [34m[AE] fid=4590,exp=10000,adg=288,Y=4669,mtg=1
[06:35:23.890] RX< 80,shg=100,bgbv=1499,iso=288,cnv2,hdr0
[06:35:23.890] RX< [0m[34m[b_ae0 proc] perf=1137(us), max=3923(us)!
[06:35:23.890] RX< [0m[34m[awb0 proc] perf=4000(us), max=6791(us)!
[06:35:23.890] RX< [0m[RTMP] f_index = 4590, f_len = 14656
[06:35:23.890] RX< [7] [cam] [624659][me0][me_core_thread:359]ME out fid 4590
[06:35:23.890] RX< [4] [cam] [6247
[06:35:24.840] RX< 36][qpc0][qpc_core_exception_check:405]discontinuous frame, now: 4603, last: 4601
[06:35:24.840] RX< [34m[AE] fid=4620,exp=10000,adg=288,Y=4672,mtg=180,shg=100,bgbv=1499,iso=288,cnv2,hdr0
[06:35:24.840] RX< [0m[7] [cam] [625659][me0][me_core_thread:359]ME out fid 4620
[06:35:24.840] RX< [34m[awb0 proc] perf=6
[06:35:25.808] RX< 581(us), max=6581(us)!
[06:35:25.808] RX< [0m[4] [cam] [625735][qpc0][qpc_core_exception_check:405]discontinuous frame, now: 4633, last: 4631
[06:35:25.808] RX< [34m[AE] fid=4650,exp=10000,adg=288,Y=4672,mtg=180,shg=100,bgbv=1499,iso=288,cnv2,hdr0
[06:35:25.808] RX< [0m[7] [cam] [626659][me0][me_core_thread:3
[06:35:26.460] RX< 59]ME out fid 4650
[06:35:26.460] RX< [34m[awb0 proc] perf=7306(us), max=7306(us)!
[06:35:26.460] RX< [0m[4] [cam] [626736][qpc0][qpc_core_exception_check:405]discontinuous frame, now: 4663, last: 4661
[06:35:26.460] RX< [34m[AE] fid=4680,exp=10000,adg=288,Y=4675,mtg=180,shg=100,bgbv=1502,iso=288,cnv2,hdr0
[06:35:26.460] RX< [
[06:35:26.812] RX< 0m[34m[b_ae0 proc] perf=1019(us), max=4785(us)!
[06:35:26.812] RX< [0m[34m[awb0 proc] perf=3934(us), max=7306(us)!
[06:35:26.812] RX< [0m[34m[ME INTP]fid=4680, shutter=10000, perf=234(us), max=252(us)!
[06:35:26.812] RX< [0m[RTMP] f_index = 4680, f_len = 14609
[06:35:26.812] RX< [7] [cam] [627658][me0][me_core_thread:359]ME
[06:35:27.809] RX<  out fid 4680
[06:35:27.809] RX< [4] [cam] [627736][qpc0][qpc_core_exception_check:405]discontinuous frame, now: 4693, last: 4691
[06:35:27.809] RX< [34m[AE] fid=4710,exp=10000,adg=288,Y=4674,mtg=180,shg=100,bgbv=1499,iso=288,cnv2,hdr0
[06:35:27.809] RX< [0m[7] [cam] [628658][me0][me_core_thread:359]ME out fid
[06:35:28.808] RX<  4710
[06:35:28.808] RX< [34m[awb0 proc] perf=6068(us), max=6068(us)!
[06:35:28.808] RX< [0m[4] [cam] [628736][qpc0][qpc_core_exception_check:405]discontinuous frame, now: 4723, last: 4721
[06:35:28.808] RX< [34m[AE] fid=4740,exp=10000,adg=288,Y=4674,mtg=180,shg=100,bgbv=1499,iso=288,cnv2,hdr0
[06:35:28.808] RX< [0m[7] [cam] [
[06:35:29.460] RX< 629658][me0][me_core_thread:359]ME out fid 4740
[06:35:29.460] RX< [34m[awb0 proc] perf=6566(us), max=6566(us)!
[06:35:29.460] RX< [0m[4] [cam] [629736][qpc0][qpc_core_exception_check:405]discontinuous frame, now: 4753, last: 4751
[06:35:29.460] RX< [34m[AE] fid=4770,exp=10000,adg=288,Y=4680,mtg=180,shg=100,b
[06:35:29.890] RX< gbv=1502,iso=288,cnv2,hdr0
[06:35:29.890] RX< [0m[34m[b_ae0 proc] perf=1025(us), max=2120(us)!
[06:35:29.890] RX< [0m[34m[awb0 proc] perf=3949(us), max=6566(us)!
[06:35:29.890] RX< [0m[RTMP] f_index = 4770, f_len = 14643
[06:35:29.890] RX< [7] [cam] [630658][me0][me_core_thread:359]ME out fid 4770
[06:35:29.890] RX< [4] [cam] [630736][qpc0][qp
[06:35:30.796] RX< c_core_exception_check:405]discontinuous frame, now: 4783, last: 4781
[06:35:30.796] RX< [34m[AE] fid=4800,exp=10000,adg=288,Y=4669,mtg=180,shg=100,bgbv=1499,iso=288,cnv2,hdr0
[06:35:30.796] RX< [0m[34m[ME INTP]fid=4800, shutter=10000, perf=5(us), max=1839(us)!
[06:35:30.796] RX< [0m[7] [cam] [631658][me0][m
[06:35:32.460] RX< e_core_thread:359]ME out fid 4800
[06:35:32.460] RX< [34m[AE] fid=4830,exp=10030,adg=288,Y=4657,mtg=180,shg=100,bgbv=1495,iso=288,cnv2,hdr0
[06:35:32.460] RX< [0m[7] [cam] [632658][me0][me_core_thread:359]ME out fid 4830
[06:35:32.460] RX< [34m[AE] fid=4860,exp=10030,adg=288,Y=4676,mtg=180,shg=100,bgbv=1498,i
[06:35:32.888] RX< so=288,cnv2,hdr0
[06:35:32.888] RX< [0m[34m[b_ae0 proc] perf=1105(us), max=3166(us)!
[06:35:32.888] RX< [0m[34m[awb0 proc] perf=3942(us), max=5042(us)!
[06:35:32.888] RX< [0m[RTMP] f_index = 4860, f_len = 22294
[06:35:32.888] RX< [7] [cam] [633658][me0][me_core_thread:359]ME out fid 4860
[06:35:32.888] RX< [4] [cam] [633735][qpc0][qpc_core_exc
[06:35:33.839] RX< eption_check:405]discontinuous frame, now: 4873, last: 4871
[06:35:33.839] RX< [34m[AE] fid=4890,exp=10030,adg=288,Y=4681,mtg=180,shg=100,bgbv=1498,iso=288,cnv2,hdr0
[06:35:33.839] RX< [0m[7] [cam] [634657][me0][me_core_thread:359]ME out fid 4890
[06:35:33.839] RX< [34m[awb0 proc] perf=8282(us), max=8282(us)!
[06:35:34.555] RX< 
[06:35:34.555] RX< [0m[4] [cam] [634736][qpc0][qpc_core_exception_check:405]discontinuous frame, now: 4903, last: 4901
[06:35:34.555] RX< [34m[AE] fid=4920,exp=10030,adg=288,Y=4686,mtg=180,shg=100,bgbv=1498,iso=288,cnv2,hdr0
[06:35:34.555] RX< [0m[34m[ME INTP]fid=4920, shutter=10030, perf=6(us), max=777(us)
[06:35:35.460] RX< !
[06:35:35.460] RX< [0m[7] [cam] [635657][me0][me_core_thread:359]ME out fid 4920
[06:35:35.460] RX< [4] [cam] [635735][qpc0][qpc_core_exception_check:405]discontinuous frame, now: 4933, last: 4931
[06:35:35.460] RX< [34m[AE] fid=4950,exp=10030,adg=288,Y=4688,mtg=180,shg=100,bgbv=1502,iso=288,cnv2,hdr0
[06:35:35.460] RX< [0m[
[06:35:36.455] RX< 34m[b_ae0 proc] perf=941(us), max=3526(us)!
[06:35:36.455] RX< [0m[34m[awb0 proc] perf=3944(us), max=8282(us)!
[06:35:36.455] RX< [0m[RTMP] f_index = 4950, f_len = 9506
[06:35:36.455] RX< [7] [cam] [636657][me0][me_core_thread:359]ME out fid 4950
[06:35:36.455] RX< [RTMP] slow send frame 4951 len=68855 dt=52ms (IDR)
[06:35:36.455] RX< [34m[AE] 
[06:35:36.888] RX< fid=4980,exp=10030,adg=288,Y=4692,mtg=180,shg=100,bgbv=1502,iso=288,cnv2,hdr0
[06:35:36.888] RX< [0m[7] [cam] [637657][me0][me_core_thread:359]ME out fid 4980
[06:35:36.888] RX< [34m[awb0 proc] perf=6883(us), max=6883(us)!
[06:35:36.888] RX< [0m[4] [cam] [637735][qpc0][qpc_core_exception_check:405]discontinuo
[06:35:37.888] RX< us frame, now: 4993, last: 4991
[06:35:37.888] RX< [34m[AE] fid=5010,exp=10030,adg=288,Y=4701,mtg=180,shg=100,bgbv=1506,iso=288,cnv2,hdr0
[06:35:37.888] RX< [0m[7] [cam] [638657][me0][me_core_thread:359]ME out fid 5010
[06:35:37.888] RX< [4] [cam] [638734][qpc0][qpc_core_exception_check:405]discontinuous frame
[06:35:38.539] RX< , now: 5023, last: 5021
[06:35:38.539] RX< [34m[AE] fid=5040,exp=10030,adg=288,Y=4694,mtg=180,shg=100,bgbv=1502,iso=288,cnv2,hdr0
[06:35:38.539] RX< [0m[34m[b_ae0 proc] perf=1022(us), max=1196(us)!
[06:35:38.539] RX< [0m[34m[awb0 proc] perf=3936(us), max=6883(us)!
[06:35:38.539] RX< [0m[34m[ME INTP]fid=5040, shutter=10030,
[06:35:38.888] RX<  perf=6(us), max=1440(us)!
[06:35:38.888] RX< [0m[RTMP] f_index = 5040, f_len = 14641
[06:35:38.888] RX< [7] [cam] [639657][me0][me_core_thread:359]ME out fid 5040
[06:35:38.888] RX< [34m[awb0 proc] perf=6544(us), max=6544(us)!
[06:35:38.888] RX< [0m[4] [cam] [639735][qpc0][qpc_core_exception_check:405]discontinuous frame, now:
[06:35:39.887] RX<  5053, last: 5051
[06:35:39.887] RX< [34m[AE] fid=5070,exp=10030,adg=288,Y=4704,mtg=180,shg=100,bgbv=1506,iso=288,cnv2,hdr0
[06:35:39.887] RX< [0m[7] [cam] [640657][me0][me_core_thread:359]ME out fid 5070
[06:35:39.887] RX< [4] [cam] [640734][qpc0][qpc_core_exception_check:405]discontinuous frame, now: 5083, l
[06:35:40.888] RX< ast: 5081
[06:35:40.888] RX< [34m[AE] fid=5100,exp=10030,adg=288,Y=4705,mtg=180,shg=100,bgbv=1506,iso=288,cnv2,hdr0
[06:35:40.888] RX< [0m[7] [cam] [641656][me0][me_core_thread:359]ME out fid 5100
[06:35:40.888] RX< [34m[awb0 proc] perf=6528(us), max=6544(us)!
[06:35:40.888] RX< [0m[4] [cam] [641734][qpc0][qpc_core_exception_c
[06:35:41.779] RX< heck:405]discontinuous frame, now: 5113, last: 5111
[06:35:41.779] RX< [34m[AE] fid=5130,exp=10030,adg=288,Y=4692,mtg=180,shg=100,bgbv=1502,iso=288,cnv2,hdr0
[06:35:41.779] RX< [0m[34m[b_ae0 proc] perf=1035(us), max=4680(us)!
[06:35:41.779] RX< [0m[34m[awb0 proc] perf=3949(us), max=6528(us)!
[06:35:41.779] RX< [0m[RTMP] f_i
[06:35:42.454] RX< ndex = 5130, f_len = 14242
[06:35:42.454] RX< [7] [cam] [642656][me0][me_core_thread:359]ME out fid 5130
[06:35:42.454] RX< [34m[awb0 proc] perf=6608(us), max=6608(us)!
[06:35:42.454] RX< [0m[4] [cam] [642734][qpc0][qpc_core_exception_check:405]discontinuous frame, now: 5143, last: 5141
[06:35:42.454] RX< [34m[AE] fid=5160,exp=
[06:35:42.887] RX< 10030,adg=288,Y=4696,mtg=180,shg=100,bgbv=1502,iso=288,cnv2,hdr0
[06:35:42.887] RX< [0m[34m[ME INTP]fid=5160, shutter=10030, perf=5(us), max=811(us)!
[06:35:42.887] RX< [0m[7] [cam] [643656][me0][me_core_thread:359]ME out fid 5160
[06:35:42.887] RX< [34m[awb0 proc] perf=6532(us), max=6608(us)!
[06:35:42.887] RX< [0m[4] [cam] 
[06:35:43.838] RX< [643734][qpc0][qpc_core_exception_check:405]discontinuous frame, now: 5173, last: 5171
[06:35:43.838] RX< [34m[AE] fid=5190,exp=10030,adg=288,Y=4699,mtg=180,shg=100,bgbv=1502,iso=288,cnv2,hdr0
[06:35:43.838] RX< [0m[7] [cam] [644656][me0][me_core_thread:359]ME out fid 5190
[06:35:43.838] RX< [34m[awb0 proc] p
[06:35:44.459] RX< erf=7918(us), max=7918(us)!
[06:35:44.459] RX< [0m[4] [cam] [644734][qpc0][qpc_core_exception_check:405]discontinuous frame, now: 5203, last: 5201
[06:35:44.459] RX< [34m[AE] fid=5220,exp=10030,adg=288,Y=4695,mtg=180,shg=100,bgbv=1502,iso=288,cnv2,hdr0
[06:35:44.459] RX< [0m[34m[b_ae0 proc] perf=1031(us), ma
[06:35:45.806] RX< x=4171(us)!
[06:35:45.806] RX< [0m[34m[awb0 proc] perf=3964(us), max=7918(us)!
[06:35:45.806] RX< [0m[RTMP] f_index = 5220, f_len = 14297
[06:35:45.806] RX< [7] [cam] [645656][me0][me_core_thread:359]ME out fid 5220
[06:35:45.806] RX< [34m[AE] fid=5250,exp=10030,adg=288,Y=4697,mtg=180,shg=100,bgbv=1502,iso=288,cnv2,hdr0
[06:35:45.806] RX< [0m[
[06:35:46.554] RX< 7] [cam] [646656][me0][me_core_thread:359]ME out fid 5250
[06:35:46.554] RX< [RTMP] slow send frame 5251 len=68885 dt=53ms (IDR)
[06:35:46.554] RX< [34m[AE] fid=5280,exp=10030,adg=288,Y=4699,mtg=180,shg=100,bgbv=1502,iso=288,cnv2,hdr0
[06:35:46.554] RX< [0m[34m[ME INTP]fid=5280, shutter=10030, perf=234(us), m
[06:35:47.458] RX< ax=2193(us)!
[06:35:47.458] RX< [0m[7] [cam] [647656][me0][me_core_thread:359]ME out fid 5280
[06:35:47.458] RX< [34m[awb0 proc] perf=6593(us), max=6593(us)!
[06:35:47.458] RX< [0m[4] [cam] [647733][qpc0][qpc_core_exception_check:405]discontinuous frame, now: 5293, last: 5291
[06:35:47.458] RX< [34m[AE] fid=5310,exp=10030,adg=
[06:35:47.795] RX< 288,Y=4688,mtg=180,shg=100,bgbv=1502,iso=288,cnv2,hdr0
[06:35:47.795] RX< [0m[34m[b_ae0 proc] perf=1021(us), max=1647(us)!
[06:35:47.795] RX< [0m[34m[awb0 proc] perf=3974(us), max=6593(us)!
[06:35:47.795] RX< [0m[RTMP] f_index = 5310, f_len = 14349
[06:35:47.795] RX< [7] [cam] [648656][me0][me_core_thread:359]ME out fid 5310
[06:35:48.805] RX< 
[06:35:48.805] RX< [34m[awb0 proc] perf=6554(us), max=6554(us)!
[06:35:48.805] RX< [0m[4] [cam] [648733][qpc0][qpc_core_exception_check:405]discontinuous frame, now: 5323, last: 5321
[06:35:48.805] RX< [34m[AE] fid=5340,exp=10030,adg=288,Y=4690,mtg=180,shg=100,bgbv=1502,iso=288,cnv2,hdr0
[06:35:48.805] RX< [0m[7] [cam] [64965
[06:35:49.453] RX< 5][me0][me_core_thread:359]ME out fid 5340
[06:35:49.453] RX< [34m[awb0 proc] perf=6501(us), max=6554(us)!
[06:35:49.453] RX< [0m[4] [cam] [649732][qpc0][qpc_core_exception_check:405]discontinuous frame, now: 5353, last: 5351
[06:35:49.453] RX< [34m[AE] fid=5370,exp=10030,adg=288,Y=4696,mtg=180,shg=100,bgbv=1
[06:35:50.458] RX< 502,iso=288,cnv2,hdr0
[06:35:50.458] RX< [0m[7] [cam] [650655][me0][me_core_thread:359]ME out fid 5370
[06:35:50.458] RX< [4] [cam] [650733][qpc0][qpc_core_exception_check:405]discontinuous frame, now: 5383, last: 5381
[06:35:50.458] RX< [34m[AE] fid=5400,exp=10030,adg=288,Y=4687,mtg=180,shg=100,bgbv=1498,iso=
[06:35:50.809] RX< 288,cnv2,hdr0
[06:35:50.809] RX< [0m[34m[b_ae0 proc] perf=1037(us), max=3471(us)!
[06:35:50.809] RX< [0m[34m[awb0 proc] perf=3945(us), max=6501(us)!
[06:35:50.809] RX< [0m[34m[ME INTP]fid=5400, shutter=10030, perf=303(us), max=1003(us)!
[06:35:50.809] RX< [0m[RTMP] f_index = 5400, f_len = 15044
[06:35:50.809] RX< [7] [cam] [651655][me0][me_c
[06:35:51.453] RX< ore_thread:359]ME out fid 5400
[06:35:51.453] RX< [34m[awb0 proc] perf=6604(us), max=6604(us)!
[06:35:51.453] RX< [0m[4] [cam] [651733][qpc0][qpc_core_exception_check:405]discontinuous frame, now: 5413, last: 5411
[06:35:51.453] RX< [34m[AE] fid=5430,exp=10030,adg=288,Y=4686,mtg=180,shg=100,bgbv=1498,iso=288,
[06:35:52.452] RX< cnv2,hdr0
[06:35:52.452] RX< [0m[7] [cam] [652655][me0][me_core_thread:359]ME out fid 5430
[06:35:52.452] RX< [34m[awb0 proc] perf=6540(us), max=6604(us)!
[06:35:52.452] RX< [0m[4] [cam] [652733][qpc0][qpc_core_exception_check:405]discontinuous frame, now: 5443, last: 5441
[06:35:52.452] RX< [34m[AE] fid=5460,exp=10030,adg=288
[06:35:52.886] RX< ,Y=4695,mtg=180,shg=100,bgbv=1502,iso=288,cnv2,hdr0
[06:35:52.886] RX< [0m[7] [cam] [653655][me0][me_core_thread:359]ME out fid 5460
[06:35:52.886] RX< [34m[awb0 proc] perf=7313(us), max=7313(us)!
[06:35:52.886] RX< [0m[4] [cam] [653733][qpc0][qpc_core_exception_check:405]discontinuous frame, now: 5473, last:
[06:35:53.793] RX<  5471
[06:35:53.793] RX< [34m[AE] fid=5490,exp=10030,adg=288,Y=4685,mtg=180,shg=100,bgbv=1498,iso=288,cnv2,hdr0
[06:35:53.793] RX< [0m[34m[b_ae0 proc] perf=1007(us), max=3198(us)!
[06:35:53.793] RX< [0m[34m[awb0 proc] perf=3983(us), max=7313(us)!
[06:35:53.793] RX< [0m[RTMP] f_index = 5490, f_len = 14626
[06:35:53.793] RX< [7] [cam] [654655][
[06:35:54.452] RX< me0][me_core_thread:359]ME out fid 5490
[06:35:54.452] RX< [34m[awb0 proc] perf=6487(us), max=6487(us)!
[06:35:54.452] RX< [0m[4] [cam] [654732][qpc0][qpc_core_exception_check:405]discontinuous frame, now: 5503, last: 5501
[06:35:54.452] RX< [34m[AE] fid=5520,exp=10030,adg=288,Y=4691,mtg=180,shg=100,bgbv=1502
[06:35:54.886] RX< ,iso=288,cnv2,hdr0
[06:35:54.886] RX< [0m[34m[ME INTP]fid=5520, shutter=10030, perf=6(us), max=304(us)!
[06:35:54.886] RX< [0m[7] [cam] [655655][me0][me_core_thread:359]ME out fid 5520
[06:35:54.886] RX< [34m[awb0 proc] perf=6678(us), max=6678(us)!
[06:35:54.886] RX< [0m[4] [cam] [655732][qpc0][qpc_core_exception_check:405]di
[06:35:55.885] RX< scontinuous frame, now: 5533, last: 5531
[06:35:55.885] RX< [34m[AE] fid=5550,exp=10030,adg=288,Y=4702,mtg=180,shg=100,bgbv=1506,iso=288,cnv2,hdr0
[06:35:55.885] RX< [0m[7] [cam] [656654][me0][me_core_thread:359]ME out fid 5550
[06:35:55.885] RX< [4] [cam] [656732][qpc0][qpc_core_exception_check:405]discontinu
[06:35:56.776] RX< ous frame, now: 5563, last: 5561
[06:35:56.776] RX< [34m[AE] fid=5580,exp=10030,adg=288,Y=4694,mtg=180,shg=100,bgbv=1502,iso=288,cnv2,hdr0
[06:35:56.776] RX< [0m[34m[b_ae0 proc] perf=1023(us), max=3239(us)!
[06:35:56.776] RX< [0m[34m[awb0 proc] perf=3929(us), max=6678(us)!
[06:35:56.776] RX< [0m[RTMP] f_index = 5580, f_len 
[06:35:57.452] RX< = 21944
[06:35:57.452] RX< [7] [cam] [657654][me0][me_core_thread:359]ME out fid 5580
[06:35:57.452] RX< [4] [cam] [657732][qpc0][qpc_core_exception_check:405]discontinuous frame, now: 5593, last: 5591
[06:35:57.452] RX< [34m[AE] fid=5610,exp=10030,adg=288,Y=4701,mtg=180,shg=100,bgbv=1506,iso=288,cnv2,hdr0
[06:35:57.452] RX< [0m
[06:35:58.551] RX< [7] [cam] [658654][me0][me_core_thread:359]ME out fid 5610
[06:35:58.551] RX< [4] [cam] [658731][qpc0][qpc_core_exception_check:405]discontinuous frame, now: 5623, last: 5621
[06:35:58.551] RX< [34m[AE] fid=5640,exp=10000,adg=288,Y=4684,mtg=180,shg=100,bgbv=1502,iso=288,cnv2,hdr0
[06:35:58.551] RX< [0m[34m[ME
[06:35:58.885] RX<  INTP]fid=5640, shutter=10000, perf=7(us), max=2195(us)!
[06:35:58.885] RX< [0m[7] [cam] [659654][me0][me_core_thread:359]ME out fid 5640
[06:35:58.885] RX< [34m[awb0 proc] perf=6715(us), max=6715(us)!
[06:35:58.885] RX< [0m[4] [cam] [659732][qpc0][qpc_core_exception_check:405]discontinuous frame, now: 5653, 
[06:35:59.793] RX< last: 5651
[06:35:59.793] RX< [34m[AE] fid=5670,exp=10000,adg=288,Y=4680,mtg=180,shg=100,bgbv=1502,iso=288,cnv2,hdr0
[06:35:59.793] RX< [0m[34m[b_ae0 proc] perf=1022(us), max=4537(us)!
[06:35:59.793] RX< [0m[34m[awb0 proc] perf=3943(us), max=6715(us)!
[06:35:59.793] RX< [0m[RTMP] f_index = 5670, f_len = 14421
[06:35:59.793] RX< [7] [cam] [660
[06:36:00.804] RX< 654][me0][me_core_thread:359]ME out fid 5670
[06:36:00.804] RX< [4] [cam] [660731][qpc0][qpc_core_exception_check:405]discontinuous frame, now: 5683, last: 5681
[06:36:00.804] RX< [34m[AE] fid=5700,exp=10000,adg=288,Y=4673,mtg=180,shg=100,bgbv=1499,iso=288,cnv2,hdr0
[06:36:00.804] RX< [0m[7] [cam] [661654][me0
[06:36:01.803] RX< ][me_core_thread:359]ME out fid 5700
[06:36:01.803] RX< [4] [cam] [661731][qpc0][qpc_core_exception_check:405]discontinuous frame, now: 5713, last: 5711
[06:36:01.803] RX< [34m[AE] fid=5730,exp=10000,adg=288,Y=4673,mtg=180,shg=100,bgbv=1499,iso=288,cnv2,hdr0
[06:36:01.803] RX< [0m[7] [cam] [662654][me0][me_cor
[06:36:02.456] RX< e_thread:359]ME out fid 5730
[06:36:02.456] RX< [4] [cam] [662731][qpc0][qpc_core_exception_check:405]discontinuous frame, now: 5743, last: 5741
[06:36:02.456] RX< [34m[AE] fid=5760,exp=10000,adg=288,Y=4672,mtg=180,shg=100,bgbv=1499,iso=288,cnv2,hdr0
[06:36:02.456] RX< [0m[34m[b_ae0 proc] perf=1140(us), max=3
[06:36:03.450] RX< 689(us)!
[06:36:03.450] RX< [0m[34m[awb0 proc] perf=3963(us), max=4195(us)!
[06:36:03.450] RX< [0m[34m[ME INTP]fid=5760, shutter=10000, perf=5(us), max=1060(us)!
[06:36:03.450] RX< [0m[RTMP] f_index = 5760, f_len = 14782
[06:36:03.450] RX< [7] [cam] [663654][me0][me_core_thread:359]ME out fid 5760
[06:36:03.450] RX< [34m[AE] fid=5790,exp=1000
[06:36:03.885] RX< 0,adg=288,Y=4676,mtg=180,shg=100,bgbv=1502,iso=288,cnv2,hdr0
[06:36:03.885] RX< [0m[7] [cam] [664653][me0][me_core_thread:359]ME out fid 5790
[06:36:03.885] RX< [34m[awb0 proc] perf=6540(us), max=6540(us)!
[06:36:03.885] RX< [0m[4] [cam] [664731][qpc0][qpc_core_exception_check:405]discontinuous frame, now: 58
[06:36:05.455] RX< 03, last: 5801
[06:36:05.455] RX< [34m[AE] fid=5820,exp=10000,adg=288,Y=4678,mtg=180,shg=100,bgbv=1502,iso=288,cnv2,hdr0
[06:36:05.455] RX< [0m[7] [cam] [665653][me0][me_core_thread:359]ME out fid 5820
[06:36:05.455] RX< [RTMP] slow send frame 5821 len=74933 dt=54ms (IDR)
[06:36:05.455] RX< [34m[AE] fid=5850,exp=10000,adg=288,Y
[06:36:06.450] RX< =4676,mtg=180,shg=100,bgbv=1502,iso=288,cnv2,hdr0
[06:36:06.450] RX< [0m[34m[b_ae0 proc] perf=1025(us), max=3695(us)!
[06:36:06.450] RX< [0m[34m[awb0 proc] perf=3932(us), max=6540(us)!
[06:36:06.450] RX< [0m[RTMP] f_index = 5850, f_len = 14275
[06:36:06.450] RX< [7] [cam] [666653][me0][me_core_thread:359]ME out fid 5850
[06:36:06.450] RX< [34
[06:36:06.838] RX< m[AE] fid=5880,exp=10000,adg=288,Y=4677,mtg=180,shg=100,bgbv=1502,iso=288,cnv2,hdr0
[06:36:06.838] RX< [0m[34m[ME INTP]fid=5880, shutter=10000, perf=6(us), max=953(us)!
[06:36:06.838] RX< [0m[7] [cam] [667653][me0][me_core_thread:359]ME out fid 5880
[06:36:06.838] RX< [34m[awb0 proc] perf=6631(us), max=6631(
[06:36:07.803] RX< us)!
[06:36:07.803] RX< [0m[4] [cam] [667731][qpc0][qpc_core_exception_check:405]discontinuous frame, now: 5893, last: 5891
[06:36:07.803] RX< [34m[AE] fid=5910,exp=10000,adg=288,Y=4676,mtg=180,shg=100,bgbv=1502,iso=288,cnv2,hdr0
[06:36:07.803] RX< [0m[7] [cam] [668653][me0][me_core_thread:359]ME out fid 5910
[06:36:08.775] RX< 
[06:36:08.775] RX< [RTMP] slow send frame 5912 len=20005 dt=64ms
[06:36:08.775] RX< [34m[AE] fid=5940,exp=10000,adg=288,Y=4672,mtg=180,shg=100,bgbv=1499,iso=288,cnv2,hdr0
[06:36:08.775] RX< [0m[34m[b_ae0 proc] perf=1023(us), max=1304(us)!
[06:36:08.775] RX< [0m[34m[awb0 proc] perf=3946(us), max=6631(us)!
[06:36:08.775] RX< [0m[RTMP] f_index 
[06:36:09.450] RX< = 5940, f_len = 14446
[06:36:09.450] RX< [7] [cam] [669653][me0][me_core_thread:359]ME out fid 5940
[06:36:09.450] RX< [34m[awb0 proc] perf=7282(us), max=7282(us)!
[06:36:09.450] RX< [0m[4] [cam] [669731][qpc0][qpc_core_exception_check:405]discontinuous frame, now: 5953, last: 5951
[06:36:09.450] RX< [34m[AE] fid=5970,exp=10000
[06:36:10.549] RX< ,adg=288,Y=4668,mtg=180,shg=100,bgbv=1499,iso=288,cnv2,hdr0
[06:36:10.549] RX< [0m[7] [cam] [670653][me0][me_core_thread:359]ME out fid 5970
[06:36:10.549] RX< [34m[AE] fid=6000,exp=10000,adg=288,Y=4654,mtg=180,shg=100,bgbv=1495,iso=288,cnv2,hdr0
[06:36:10.549] RX< [0m[34m[ME INTP]fid=6000, shutter=10000, pe
[06:36:11.455] RX< rf=6(us), max=1391(us)!
[06:36:11.455] RX< [0m[7] [cam] [671652][me0][me_core_thread:359]ME out fid 6000
[06:36:11.455] RX< [34m[awb0 proc] perf=6407(us), max=7282(us)!
[06:36:11.455] RX< [0m[34m[AE] fid=6030,exp=10000,adg=288,Y=4666,mtg=180,shg=100,bgbv=1499,iso=288,cnv2,hdr0
[06:36:11.455] RX< [0m[34m[b_ae0 proc] perf=1148
[06:36:11.884] RX< (us), max=4523(us)!
[06:36:11.884] RX< [0m[34m[awb0 proc] perf=3961(us), max=6407(us)!
[06:36:11.884] RX< [0m[RTMP] f_index = 6030, f_len = 15229
[06:36:11.884] RX< [7] [cam] [672652][me0][me_core_thread:359]ME out fid 6030
[06:36:11.884] RX< [34m[awb0 proc] perf=6145(us), max=6145(us)!
[06:36:11.884] RX< [0m[4] [cam] [672730][qpc0][qpc_core_e
[06:36:12.883] RX< xception_check:405]discontinuous frame, now: 6043, last: 6041
[06:36:12.883] RX< [34m[AE] fid=6060,exp=10000,adg=288,Y=4664,mtg=180,shg=100,bgbv=1499,iso=288,cnv2,hdr0
[06:36:12.883] RX< [0m[7] [cam] [673652][me0][me_core_thread:359]ME out fid 6060
[06:36:12.883] RX< [4] [cam] [673730][qpc0][qpc_core_exception
[06:36:14.455] RX< _check:405]discontinuous frame, now: 6073, last: 6071
[06:36:14.455] RX< [34m[AE] fid=6090,exp=10000,adg=288,Y=4668,mtg=180,shg=100,bgbv=1499,iso=288,cnv2,hdr0
[06:36:14.455] RX< [0m[7] [cam] [674652][me0][me_core_thread:359]ME out fid 6090
[06:36:14.455] RX< [34m[AE] fid=6120,exp=10070,adg=294,Y=4634,mtg=180
[06:36:14.793] RX< ,shg=100,bgbv=1454,iso=294,cnv2,hdr0
[06:36:14.793] RX< [0m[34m[b_ae0 proc] perf=1020(us), max=1459(us)!
[06:36:14.793] RX< [0m[34m[awb0 proc] perf=3973(us), max=6145(us)!
[06:36:14.793] RX< [0m[34m[ME INTP]fid=6120, shutter=10070, perf=2098(us), max=3822(us)!
[06:36:14.793] RX< [0m[RTMP] f_index = 6120, f_len = 12458
[06:36:14.793] RX< [7] 
[06:36:16.449] RX< [cam] [675652][me0][me_core_thread:359]ME out fid 6120
[06:36:16.449] RX< [34m[AE] fid=6150,exp=10030,adg=288,Y=4704,mtg=180,shg=100,bgbv=1506,iso=288,cnv2,hdr0
[06:36:16.449] RX< [0m[7] [cam] [676652][me0][me_core_thread:359]ME out fid 6150
[06:36:16.449] RX< [34m[AE] fid=6180,exp=10000,adg=288,Y=4706,mtg=18
[06:36:17.454] RX< 0,shg=100,bgbv=1510,iso=288,cnv2,hdr0
[06:36:17.454] RX< [0m[7] [cam] [677652][me0][me_core_thread:359]ME out fid 6180
[06:36:17.454] RX< [34m[awb0 proc] perf=6884(us), max=6884(us)!
[06:36:17.454] RX< [0m[4] [cam] [677729][qpc0][qpc_core_exception_check:405]discontinuous frame, now: 6193, last: 6191
[06:36:17.454] RX< [34m[AE
[06:36:17.790] RX< ] fid=6210,exp=10000,adg=288,Y=4716,mtg=180,shg=100,bgbv=1514,iso=288,cnv2,hdr0
[06:36:17.790] RX< [0m[34m[b_ae0 proc] perf=987(us), max=1128(us)!
[06:36:17.790] RX< [0m[34m[awb0 proc] perf=3964(us), max=6884(us)!
[06:36:17.790] RX< [0m[RTMP] f_index = 6210, f_len = 17761
[06:36:17.790] RX< [7] [cam] [678651][me0][me_core_th
[06:36:18.448] RX< read:359]ME out fid 6210
[06:36:18.448] RX< [34m[awb0 proc] perf=6366(us), max=6366(us)!
[06:36:18.448] RX< [0m[4] [cam] [678729][qpc0][qpc_core_exception_check:405]discontinuous frame, now: 6223, last: 6221
[06:36:18.448] RX< [34m[AE] fid=6240,exp=10070,adg=294,Y=4455,mtg=180,shg=100,bgbv=1427,iso=294,cnv2,h
[06:36:19.801] RX< dr0
[06:36:19.801] RX< [0m[34m[ME INTP]fid=6240, shutter=10070, perf=234(us), max=3876(us)!
[06:36:19.801] RX< [0m[7] [cam] [679651][me0][me_core_thread:359]ME out fid 6240
[06:36:19.801] RX< [34m[AE] fid=6270,exp=9930,adg=288,Y=4724,mtg=180,shg=100,bgbv=1514,iso=288,cnv2,hdr0
[06:36:19.801] RX< [0m[7] [cam] [680651][me0][me_
[06:36:20.454] RX< core_thread:359]ME out fid 6270
[06:36:20.454] RX< [4] [cam] [680729][qpc0][qpc_core_exception_check:405]discontinuous frame, now: 6283, last: 6281
[06:36:20.454] RX< [34m[AE] fid=6300,exp=10070,adg=282,Y=4661,mtg=180,shg=100,bgbv=1510,iso=282,cnv2,hdr0
[06:36:20.454] RX< [0m[34m[b_ae0 proc] perf=1021(us), ma
[06:36:20.882] RX< x=1129(us)!
[06:36:20.882] RX< [0m[34m[awb0 proc] perf=3954(us), max=6366(us)!
[06:36:20.882] RX< [0m[RTMP] f_index = 6300, f_len = 13038
[06:36:20.882] RX< [7] [cam] [681651][me0][me_core_thread:359]ME out fid 6300
[06:36:20.882] RX< [34m[awb0 proc] perf=7266(us), max=7266(us)!
[06:36:20.882] RX< [0m[4] [cam] [681729][qpc0][qpc_core_exception
[06:36:21.882] RX< _check:405]discontinuous frame, now: 6313, last: 6311
[06:36:21.882] RX< [34m[AE] fid=6330,exp=10070,adg=282,Y=4646,mtg=180,shg=100,bgbv=1506,iso=282,cnv2,hdr0
[06:36:21.882] RX< [0m[7] [cam] [682651][me0][me_core_thread:359]ME out fid 6330
[06:36:21.882] RX< [34m[awb0 proc] perf=6421(us), max=7266(us)!
[06:36:21.882] RX< [0m[
[06:36:22.548] RX< 4] [cam] [682729][qpc0][qpc_core_exception_check:405]discontinuous frame, now: 6343, last: 6341
[06:36:22.548] RX< [34m[AE] fid=6360,exp=10110,adg=282,Y=4665,mtg=180,shg=100,bgbv=1514,iso=282,cnv2,hdr0
[06:36:22.548] RX< [0m[34m[ME INTP]fid=6360, shutter=10110, perf=234(us), max=6234(us)!
[06:36:22.548] RX< 
[06:36:23.453] RX< [0m[7] [cam] [683651][me0][me_core_thread:359]ME out fid 6360
[06:36:23.453] RX< [34m[AE] fid=6390,exp=10110,adg=282,Y=4660,mtg=180,shg=100,bgbv=1510,iso=282,cnv2,hdr0
[06:36:23.453] RX< [0m[34m[b_ae0 proc] perf=1021(us), max=3710(us)!
[06:36:23.453] RX< [0m[34m[awb0 proc] perf=3924(us), max=6421(us)!
[06:36:23.453] RX< [0m
[06:36:24.448] RX< [RTMP] f_index = 6390, f_len = 13263
[06:36:24.448] RX< [7] [cam] [684651][me0][me_core_thread:359]ME out fid 6390
[06:36:24.448] RX< [34m[awb0 proc] perf=6550(us), max=6550(us)!
[06:36:24.448] RX< [0m[4] [cam] [684728][qpc0][qpc_core_exception_check:405]discontinuous frame, now: 6403, last: 6401
[06:36:24.448] RX< [34m[AE] fid
[06:36:24.880] RX< =6420,exp=10110,adg=282,Y=4654,mtg=180,shg=100,bgbv=1510,iso=282,cnv2,hdr0
[06:36:24.880] RX< [0m[7] [cam] [685651][me0][me_core_thread:359]ME out fid 6420
[06:36:24.880] RX< [34m[awb0 proc] perf=6455(us), max=6550(us)!
[06:36:24.880] RX< [0m[4] [cam] [685727][qpc0][qpc_core_exception_check:405]discontinuous 
[06:36:25.882] RX< frame, now: 6433, last: 6431
[06:36:25.882] RX< [34m[AE] fid=6450,exp=10110,adg=282,Y=4651,mtg=180,shg=100,bgbv=1510,iso=282,cnv2,hdr0
[06:36:25.882] RX< [0m[7] [cam] [686650][me0][me_core_thread:359]ME out fid 6450
[06:36:25.882] RX< [4] [cam] [686728][qpc0][qpc_core_exception_check:405]discontinuous frame, n
[06:36:26.551] RX< ow: 6463, last: 6461
[06:36:26.551] RX< [34m[AE] fid=6480,exp=10110,adg=282,Y=4655,mtg=180,shg=100,bgbv=1510,iso=282,cnv2,hdr0
[06:36:26.551] RX< [0m[34m[b_ae0 proc] perf=1021(us), max=1374(us)!
[06:36:26.551] RX< [0m[34m[awb0 proc] perf=3928(us), max=6455(us)!
[06:36:26.551] RX< [0m[34m[ME INTP]fid=6480, shutter=10110, pe
[06:36:27.448] RX< rf=2884(us), max=2884(us)!
[06:36:27.448] RX< [0m[RTMP] f_index = 6480, f_len = 8896
[06:36:27.448] RX< [7] [cam] [687650][me0][me_core_thread:359]ME out fid 6480
[06:36:27.448] RX< [4] [cam] [687728][qpc0][qpc_core_exception_check:405]discontinuous frame, now: 6493, last: 6491
[06:36:27.448] RX< [34m[AE] fid=6510,exp=10110,adg=
[06:36:27.881] RX< 282,Y=4654,mtg=180,shg=100,bgbv=1510,iso=282,cnv2,hdr0
[06:36:27.881] RX< [0m[7] [cam] [688650][me0][me_core_thread:359]ME out fid 6510
[06:36:27.881] RX< [34m[awb0 proc] perf=6600(us), max=6600(us)!
[06:36:27.881] RX< [0m[4] [cam] [688728][qpc0][qpc_core_exception_check:405]discontinuous frame, now: 6523, la
[06:36:28.881] RX< st: 6521
[06:36:28.881] RX< [34m[AE] fid=6540,exp=10110,adg=282,Y=4651,mtg=180,shg=100,bgbv=1510,iso=282,cnv2,hdr0
[06:36:28.881] RX< [0m[7] [cam] [689650][me0][me_core_thread:359]ME out fid 6540
[06:36:28.881] RX< [4] [cam] [689727][qpc0][qpc_core_exception_check:405]discontinuous frame, now: 6553, last: 6551
[06:36:29.788] RX< 
[06:36:29.788] RX< [34m[AE] fid=6570,exp=10110,adg=282,Y=4639,mtg=180,shg=100,bgbv=1506,iso=282,cnv2,hdr0
[06:36:29.788] RX< [0m[34m[b_ae0 proc] perf=1024(us), max=3484(us)!
[06:36:29.788] RX< [0m[34m[awb0 proc] perf=3838(us), max=6600(us)!
[06:36:29.788] RX< [0m[RTMP] f_index = 6570, f_len = 20157
[06:36:29.788] RX< [7] [cam] [690650][me0][
[06:36:31.447] RX< me_core_thread:359]ME out fid 6570
[06:36:31.447] RX< [34m[AE] fid=6600,exp=10110,adg=282,Y=4645,mtg=180,shg=100,bgbv=1506,iso=282,cnv2,hdr0
[06:36:31.447] RX< [0m[34m[ME INTP]fid=6600, shutter=10110, perf=6(us), max=2917(us)!
[06:36:31.447] RX< [0m[7] [cam] [691650][me0][me_core_thread:359]ME out fid 6600
[06:36:31.447] RX< 
[06:36:32.452] RX< [34m[AE] fid=6630,exp=10110,adg=282,Y=4644,mtg=180,shg=100,bgbv=1506,iso=282,cnv2,hdr0
[06:36:32.452] RX< [0m[7] [cam] [692650][me0][me_core_thread:359]ME out fid 6630
[06:36:32.452] RX< [34m[AE] fid=6660,exp=10110,adg=282,Y=4653,mtg=180,shg=100,bgbv=1510,iso=282,cnv2,hdr0
[06:36:32.452] RX< [0m[34m[b_ae0 pr
[06:36:33.447] RX< oc] perf=1085(us), max=4196(us)!
[06:36:33.447] RX< [0m[34m[awb0 proc] perf=3944(us), max=5988(us)!
[06:36:33.447] RX< [0m[RTMP] f_index = 6660, f_len = 20480
[06:36:33.447] RX< [7] [cam] [693649][me0][me_core_thread:359]ME out fid 6660
[06:36:33.447] RX< [34m[AE] fid=6690,exp=10110,adg=282,Y=4651,mtg=180,shg=100,bgbv=1510,is
[06:36:34.447] RX< o=282,cnv2,hdr0
[06:36:34.447] RX< [0m[7] [cam] [694649][me0][me_core_thread:359]ME out fid 6690
[06:36:34.447] RX< [34m[awb0 proc] perf=7204(us), max=7204(us)!
[06:36:34.447] RX< [0m[4] [cam] [694726][qpc0][qpc_core_exception_check:405]discontinuous frame, now: 6703, last: 6701
[06:36:34.447] RX< [34m[AE] fid=6720,exp=10110,a
[06:36:34.880] RX< dg=282,Y=4659,mtg=180,shg=100,bgbv=1510,iso=282,cnv2,hdr0
[06:36:34.880] RX< [0m[34m[ME INTP]fid=6720, shutter=10110, perf=6(us), max=2762(us)!
[06:36:34.880] RX< [0m[7] [cam] [695649][me0][me_core_thread:359]ME out fid 6720
[06:36:34.880] RX< [34m[awb0 proc] perf=7398(us), max=7398(us)!
[06:36:34.880] RX< [0m[4] [cam] [69572
[06:36:35.451] RX< 7][qpc0][qpc_core_exception_check:405]discontinuous frame, now: 6733, last: 6731
[06:36:35.451] RX< [34m[AE] fid=6750,exp=10110,adg=282,Y=4660,mtg=180,shg=100,bgbv=1510,iso=282,cnv2,hdr0
[06:36:35.451] RX< [0m[34m[b_ae0 proc] perf=1027(us), max=1384(us)!
[06:36:35.451] RX< [0m[34m[awb0 proc] perf=4023(us),
[06:36:35.880] RX<  max=7398(us)!
[06:36:35.880] RX< [0m[RTMP] f_index = 6750, f_len = 13403
[06:36:35.880] RX< [7] [cam] [696649][me0][me_core_thread:359]ME out fid 6750
[06:36:35.880] RX< [34m[awb0 proc] perf=6447(us), max=6447(us)!
[06:36:35.880] RX< [0m[4] [cam] [696727][qpc0][qpc_core_exception_check:405]discontinuous frame, now: 6763, last:
[06:36:37.799] RX<  6761
[06:36:37.799] RX< [34m[AE] fid=6780,exp=10110,adg=282,Y=4662,mtg=180,shg=100,bgbv=1510,iso=282,cnv2,hdr0
[06:36:37.799] RX< [0m[7] [cam] [697649][me0][me_core_thread:359]ME out fid 6780
[06:36:37.799] RX< [34m[AE] fid=6810,exp=10110,adg=282,Y=4668,mtg=180,shg=100,bgbv=1514,iso=282,cnv2,hdr0
[06:36:37.799] RX< [0m[7] [ca
[06:36:38.546] RX< m] [698649][me0][me_core_thread:359]ME out fid 6810
[06:36:38.546] RX< [34m[AE] fid=6840,exp=10110,adg=282,Y=4665,mtg=180,shg=100,bgbv=1514,iso=282,cnv2,hdr0
[06:36:38.546] RX< [0m[34m[b_ae0 proc] perf=940(us), max=1608(us)!
[06:36:38.546] RX< [0m[34m[awb0 proc] perf=3818(us), max=6447(us)!
[06:36:38.546] RX< [0m[34m[ME IN
[06:36:38.880] RX< TP]fid=6840, shutter=10110, perf=253(us), max=374(us)!
[06:36:38.880] RX< [0m[RTMP] f_index = 6840, f_len = 13579
[06:36:38.880] RX< [7] [cam] [699649][me0][me_core_thread:359]ME out fid 6840
[06:36:38.880] RX< [34m[awb0 proc] perf=6442(us), max=6442(us)!
[06:36:38.880] RX< [0m[4] [cam] [699726][qpc0][qpc_core_exception_check:4
[06:36:39.879] RX< 05]discontinuous frame, now: 6853, last: 6851
[06:36:39.879] RX< [34m[AE] fid=6870,exp=10110,adg=282,Y=4666,mtg=180,shg=100,bgbv=1514,iso=282,cnv2,hdr0
[06:36:39.879] RX< [0m[7] [cam] [700648][me0][me_core_thread:359]ME out fid 6870
[06:36:39.879] RX< [34m[awb0 proc] perf=6834(us), max=6834(us)!
[06:36:39.879] RX< [0m[4] [cam]
[06:36:40.830] RX<  [700726][qpc0][qpc_core_exception_check:405]discontinuous frame, now: 6883, last: 6881
[06:36:40.830] RX< [34m[AE] fid=6900,exp=10110,adg=282,Y=4663,mtg=180,shg=100,bgbv=1514,iso=282,cnv2,hdr0
[06:36:40.830] RX< [0m[7] [cam] [701648][me0][me_core_thread:359]ME out fid 6900
[06:36:40.830] RX< [34m[awb0 proc] 
[06:36:41.451] RX< perf=7233(us), max=7233(us)!
[06:36:41.451] RX< [0m[4] [cam] [701726][qpc0][qpc_core_exception_check:405]discontinuous frame, now: 6913, last: 6911
[06:36:41.451] RX< [34m[AE] fid=6930,exp=10110,adg=282,Y=4662,mtg=180,shg=100,bgbv=1510,iso=282,cnv2,hdr0
[06:36:41.451] RX< [0m[34m[b_ae0 proc] perf=1158(us), m
[06:36:42.446] RX< ax=3346(us)!
[06:36:42.446] RX< [0m[34m[awb0 proc] perf=3932(us), max=7233(us)!
[06:36:42.446] RX< [0m[RTMP] f_index = 6930, f_len = 13166
[06:36:42.446] RX< [7] [cam] [702648][me0][me_core_thread:359]ME out fid 6930
[06:36:42.446] RX< [34m[AE] fid=6960,exp=10110,adg=282,Y=4663,mtg=180,shg=100,bgbv=1514,iso=282,cnv2,hdr0
[06:36:42.446] RX< [0m
[06:36:42.879] RX< [34m[ME INTP]fid=6960, shutter=10110, perf=807(us), max=807(us)!
[06:36:42.879] RX< [0m[7] [cam] [703648][me0][me_core_thread:359]ME out fid 6960
[06:36:42.879] RX< [34m[awb0 proc] perf=8294(us), max=8294(us)!
[06:36:42.879] RX< [0m[4] [cam] [703726][qpc0][qpc_core_exception_check:405]discontinuous frame, no
[06:36:44.451] RX< w: 6973, last: 6971
[06:36:44.451] RX< [34m[AE] fid=6990,exp=10110,adg=282,Y=4663,mtg=180,shg=100,bgbv=1514,iso=282,cnv2,hdr0
[06:36:44.451] RX< [0m[7] [cam] [704648][me0][me_core_thread:359]ME out fid 6990
[06:36:44.451] RX< [34m[AE] fid=7020,exp=10110,adg=282,Y=4660,mtg=180,shg=100,bgbv=1510,iso=282,cnv2,hd
[06:36:44.879] RX< r0
[06:36:44.879] RX< [0m[34m[b_ae0 proc] perf=1036(us), max=4537(us)!
[06:36:44.879] RX< [0m[34m[awb0 proc] perf=3927(us), max=8294(us)!
[06:36:44.879] RX< [0m[RTMP] f_index = 7020, f_len = 13273
[06:36:44.879] RX< [7] [cam] [705648][me0][me_core_thread:359]ME out fid 7020
[06:36:44.879] RX< [34m[awb0 proc] perf=6721(us), max=6721(us)!
[06:36:44.879] RX< [0m[
[06:36:45.829] RX< 4] [cam] [705725][qpc0][qpc_core_exception_check:405]discontinuous frame, now: 7033, last: 7031
[06:36:45.829] RX< [34m[AE] fid=7050,exp=10110,adg=282,Y=4662,mtg=180,shg=100,bgbv=1510,iso=282,cnv2,hdr0
[06:36:45.829] RX< [0m[7] [cam] [706648][me0][me_core_thread:359]ME out fid 7050
[06:36:45.829] RX< [34m[awb
[06:36:46.546] RX< 0 proc] perf=6636(us), max=6721(us)!
[06:36:46.546] RX< [0m[4] [cam] [706726][qpc0][qpc_core_exception_check:405]discontinuous frame, now: 7063, last: 7061
[06:36:46.546] RX< [34m[AE] fid=7080,exp=10110,adg=282,Y=4660,mtg=180,shg=100,bgbv=1510,iso=282,cnv2,hdr0
[06:36:46.546] RX< [0m[34m[ME INTP]fid=7080, sh
[06:36:47.449] RX< utter=10110, perf=6(us), max=807(us)!
[06:36:47.449] RX< [0m[7] [cam] [707648][me0][me_core_thread:359]ME out fid 7080
[06:36:47.449] RX< [34m[AE] fid=7110,exp=10110,adg=282,Y=4663,mtg=180,shg=100,bgbv=1514,iso=282,cnv2,hdr0
[06:36:47.449] RX< [0m[34m[b_ae0 proc] perf=1024(us), max=4425(us)!
[06:36:47.449] RX< [0m[34m[awb0 
[06:36:47.879] RX< proc] perf=3931(us), max=6636(us)!
[06:36:47.879] RX< [0m[RTMP] f_index = 7110, f_len = 19873
[06:36:47.879] RX< [7] [cam] [708647][me0][me_core_thread:359]ME out fid 7110
[06:36:47.879] RX< [34m[awb0 proc] perf=6625(us), max=6625(us)!
[06:36:47.879] RX< [0m[4] [cam] [708725][qpc0][qpc_core_exception_check:405]discontinuous fra
[06:36:48.861] RX< me, now: 7123, last: 7121
[06:36:48.861] RX< [34m[AE] fid=7140,exp=10110,adg=282,Y=4660,mtg=180,shg=100,bgbv=1510,iso=282,cnv2,hdr0
[06:36:48.861] RX< [0m[7] [cam] [709647][me0][me_core_thread:359]ME out fid 7140
[06:36:48.861] RX< [34m[awb0 proc] perf=6346(us), max=6625(us)!
[06:36:48.861] RX< [0m[4] [cam] [709724][qpc0][qpc_
[06:36:49.829] RX< core_exception_check:405]discontinuous frame, now: 7153, last: 7151
[06:36:49.829] RX< [34m[AE] fid=7170,exp=10110,adg=282,Y=4663,mtg=180,shg=100,bgbv=1514,iso=282,cnv2,hdr0
[06:36:49.829] RX< [0m[7] [cam] [710647][me0][me_core_thread:359]ME out fid 7170
[06:36:49.829] RX< [34m[awb0 proc] perf=6119(us), max=6
[06:36:50.450] RX< 346(us)!
[06:36:50.450] RX< [0m[4] [cam] [710726][qpc0][qpc_core_exception_check:405]discontinuous frame, now: 7183, last: 7181
[06:36:50.450] RX< [34m[AE] fid=7200,exp=10110,adg=282,Y=4652,mtg=180,shg=100,bgbv=1510,iso=282,cnv2,hdr0
[06:36:50.450] RX< [0m[34m[b_ae0 proc] perf=1123(us), max=1525(us)!
[06:36:50.450] RX< [0m[
[06:36:51.444] RX< 34m[awb0 proc] perf=3929(us), max=6119(us)!
[06:36:51.444] RX< [0m[34m[ME INTP]fid=7200, shutter=10110, perf=5(us), max=1455(us)!
[06:36:51.444] RX< [0m[RTMP] f_index = 7200, f_len = 19969
[06:36:51.444] RX< [7] [cam] [711667][me0][me_core_thread:359]ME out fid 7200
[06:36:51.444] RX< [34m[AE] fid=7230,exp=10110,adg=282,Y=4654
[06:36:52.445] RX< ,mtg=180,shg=100,bgbv=1510,iso=282,cnv2,hdr0
[06:36:52.445] RX< [0m[7] [cam] [712647][me0][me_core_thread:359]ME out fid 7230
[06:36:52.445] RX< [4] [cam] [712724][qpc0][qpc_core_exception_check:405]discontinuous frame, now: 7243, last: 7241
[06:36:52.445] RX< [34m[AE] fid=7260,exp=10110,adg=282,Y=4656,mtg=180
[06:36:53.449] RX< ,shg=100,bgbv=1510,iso=282,cnv2,hdr0
[06:36:53.449] RX< [0m[7] [cam] [713647][me0][me_core_thread:359]ME out fid 7260
[06:36:53.449] RX< [34m[awb0 proc] perf=7251(us), max=7251(us)!
[06:36:53.449] RX< [0m[4] [cam] [713724][qpc0][qpc_core_exception_check:405]discontinuous frame, now: 7273, last: 7271
[06:36:53.449] RX< [34m[AE]
[06:36:53.785] RX<  fid=7290,exp=10110,adg=282,Y=4661,mtg=180,shg=100,bgbv=1510,iso=282,cnv2,hdr0
[06:36:53.785] RX< [0m[34m[b_ae0 proc] perf=996(us), max=3555(us)!
[06:36:53.785] RX< [0m[34m[awb0 proc] perf=3956(us), max=7251(us)!
[06:36:53.785] RX< [0m[RTMP] f_index = 7290, f_len = 20478
[06:36:53.785] RX< [7] [cam] [714647][me0][me_core_thr
[06:36:54.784] RX< ead:359]ME out fid 7290
[06:36:54.784] RX< [34m[awb0 proc] perf=6040(us), max=6040(us)!
[06:36:54.784] RX< [0m[34m[AE] fid=7320,exp=10110,adg=282,Y=4660,mtg=180,shg=100,bgbv=1510,iso=282,cnv2,hdr0
[06:36:54.784] RX< [0m[34m[ME INTP]fid=7320, shutter=10110, perf=5(us), max=375(us)!
[06:36:54.784] RX< [0m[7] [cam] [715646][me0
[06:36:56.451] RX< ][me_core_thread:359]ME out fid 7320
[06:36:56.451] RX< [34m[AE] fid=7350,exp=10110,adg=282,Y=4651,mtg=180,shg=100,bgbv=1510,iso=282,cnv2,hdr0
[06:36:56.451] RX< [0m[7] [cam] [716646][me0][me_core_thread:359]ME out fid 7350
[06:36:56.451] RX< [34m[AE] fid=7380,exp=10030,adg=288,Y=4651,mtg=180,shg=100,bgbv=149
[06:36:57.444] RX< 9,iso=288,cnv2,hdr0
[06:36:57.444] RX< [0m[34m[b_ae0 proc] perf=1022(us), max=3251(us)!
[06:36:57.444] RX< [0m[34m[awb0 proc] perf=3947(us), max=6040(us)!
[06:36:57.444] RX< [0m[RTMP] f_index = 7380, f_len = 11135
[06:36:57.444] RX< [7] [cam] [717646][me0][me_core_thread:359]ME out fid 7380
[06:36:57.444] RX< [34m[AE] fid=7410,exp=10030,adg=2
[06:36:57.877] RX< 88,Y=4705,mtg=180,shg=100,bgbv=1506,iso=288,cnv2,hdr0
[06:36:57.877] RX< [0m[7] [cam] [718646][me0][me_core_thread:359]ME out fid 7410
[06:36:57.877] RX< [34m[awb0 proc] perf=7370(us), max=7370(us)!
[06:36:57.877] RX< [0m[4] [cam] [718724][qpc0][qpc_core_exception_check:405]discontinuous frame, now: 7423, las
[06:36:58.831] RX< t: 7421
[06:36:58.831] RX< [34m[AE] fid=7440,exp=10030,adg=288,Y=4709,mtg=180,shg=100,bgbv=1506,iso=288,cnv2,hdr0
[06:36:58.831] RX< [0m[34m[ME INTP]fid=7440, shutter=10030, perf=6(us), max=5933(us)!
[06:36:58.831] RX< [0m[7] [cam] [719646][me0][me_core_thread:359]ME out fid 7440
[06:36:58.831] RX< [34m[awb0 proc] perf=6023(u
[06:36:59.784] RX< s), max=7370(us)!
[06:36:59.784] RX< [0m[34m[AE] fid=7470,exp=10030,adg=288,Y=4702,mtg=180,shg=100,bgbv=1506,iso=288,cnv2,hdr0
[06:36:59.784] RX< [0m[34m[b_ae0 proc] perf=1136(us), max=1854(us)!
[06:36:59.784] RX< [0m[34m[awb0 proc] perf=3826(us), max=6023(us)!
[06:36:59.784] RX< [0m[RTMP] f_index = 7470, f_len = 8821
[06:36:59.784] RX< [7] 
[06:37:00.796] RX< [cam] [720646][me0][me_core_thread:359]ME out fid 7470
[06:37:00.796] RX< [4] [cam] [720723][qpc0][qpc_core_exception_check:405]discontinuous frame, now: 7483, last: 7481
[06:37:00.796] RX< [34m[AE] fid=7500,exp=10000,adg=288,Y=4713,mtg=180,shg=100,bgbv=1510,iso=288,cnv2,hdr0
[06:37:00.796] RX< [0m[7] [cam] [7
[06:37:01.795] RX< 21646][me0][me_core_thread:359]ME out fid 7500
[06:37:01.795] RX< [4] [cam] [721723][qpc0][qpc_core_exception_check:405]discontinuous frame, now: 7513, last: 7511
[06:37:01.795] RX< [34m[AE] fid=7530,exp=10000,adg=288,Y=4697,mtg=180,shg=100,bgbv=1506,iso=288,cnv2,hdr0
[06:37:01.795] RX< [0m[7] [cam] [722645][m
[06:37:02.447] RX< e0][me_core_thread:359]ME out fid 7530
[06:37:02.447] RX< [34m[awb0 proc] perf=6020(us), max=6020(us)!
[06:37:02.447] RX< [0m[4] [cam] [722722][qpc0][qpc_core_exception_check:405]discontinuous frame, now: 7543, last: 7541
[06:37:02.447] RX< [34m[AE] fid=7560,exp=10000,adg=288,Y=4685,mtg=180,shg=100,bgbv=1502,
[06:37:02.783] RX< iso=288,cnv2,hdr0
[06:37:02.783] RX< [0m[34m[b_ae0 proc] perf=1017(us), max=4325(us)!
[06:37:02.783] RX< [0m[34m[awb0 proc] perf=3930(us), max=6020(us)!
[06:37:02.783] RX< [0m[34m[ME INTP]fid=7560, shutter=10000, perf=5(us), max=1430(us)!
[06:37:02.783] RX< [0m[RTMP] f_index = 7560, f_len = 20596
[06:37:02.783] RX< [7] [cam] [723645][me0][me
[06:37:04.442] RX< _core_thread:359]ME out fid 7560
[06:37:04.442] RX< [34m[awb0 proc] perf=6004(us), max=6004(us)!
[06:37:04.442] RX< [0m[34m[AE] fid=7590,exp=10000,adg=288,Y=4688,mtg=180,shg=100,bgbv=1506,iso=288,cnv2,hdr0
[06:37:04.442] RX< [0m[7] [cam] [724645][me0][me_core_thread:359]ME out fid 7590
[06:37:04.442] RX< [34m[AE] fid=7620,exp
[06:37:05.448] RX< =10000,adg=288,Y=4686,mtg=180,shg=100,bgbv=1502,iso=288,cnv2,hdr0
[06:37:05.448] RX< [0m[7] [cam] [725645][me0][me_core_thread:359]ME out fid 7620
[06:37:05.448] RX< [4] [cam] [725723][qpc0][qpc_core_exception_check:405]discontinuous frame, now: 7633, last: 7631
[06:37:05.448] RX< [34m[AE] fid=7650,exp=10000,a
[06:37:05.784] RX< dg=288,Y=4698,mtg=180,shg=100,bgbv=1506,iso=288,cnv2,hdr0
[06:37:05.784] RX< [0m[34m[b_ae0 proc] perf=1017(us), max=1793(us)!
[06:37:05.784] RX< [0m[34m[awb0 proc] perf=3964(us), max=6004(us)!
[06:37:05.784] RX< [0m[RTMP] f_index = 7650, f_len = 20410
[06:37:05.784] RX< [7] [cam] [726645][me0][me_core_thread:359]ME out fid 7
[06:37:06.542] RX< 650
[06:37:06.542] RX< [34m[awb0 proc] perf=6352(us), max=6352(us)!
[06:37:06.542] RX< [0m[4] [cam] [726722][qpc0][qpc_core_exception_check:405]discontinuous frame, now: 7663, last: 7661
[06:37:06.542] RX< [34m[AE] fid=7680,exp=10000,adg=288,Y=4695,mtg=180,shg=100,bgbv=1506,iso=288,cnv2,hdr0
[06:37:06.542] RX< [0m[34m[ME INTP
[06:37:07.442] RX< ]fid=7680, shutter=10000, perf=5(us), max=358(us)!
[06:37:07.442] RX< [0m[7] [cam] [727645][me0][me_core_thread:359]ME out fid 7680
[06:37:07.442] RX< [4] [cam] [727722][qpc0][qpc_core_exception_check:405]discontinuous frame, now: 7693, last: 7691
[06:37:07.442] RX< [34m[AE] fid=7710,exp=10000,adg=288,Y=4680,m
[06:37:08.447] RX< tg=180,shg=100,bgbv=1502,iso=288,cnv2,hdr0
[06:37:08.447] RX< [0m[7] [cam] [728645][me0][me_core_thread:359]ME out fid 7710
[06:37:08.447] RX< [34m[AE] fid=7740,exp=10000,adg=288,Y=4691,mtg=180,shg=100,bgbv=1506,iso=288,cnv2,hdr0
[06:37:08.447] RX< [0m[34m[b_ae0 proc] perf=1020(us), max=2345(us)!
[06:37:08.447] RX< [0m[34m[
[06:37:09.442] RX< awb0 proc] perf=3829(us), max=6352(us)!
[06:37:09.442] RX< [0m[RTMP] f_index = 7740, f_len = 9157
[06:37:09.442] RX< [7] [cam] [729645][me0][me_core_thread:359]ME out fid 7740
[06:37:09.442] RX< [4] [cam] [729722][qpc0][qpc_core_exception_check:405]discontinuous frame, now: 7753, last: 7751
[06:37:09.442] RX< [34m[AE] fid=7770,e
[06:37:10.541] RX< xp=10000,adg=288,Y=4687,mtg=180,shg=100,bgbv=1502,iso=288,cnv2,hdr0
[06:37:10.541] RX< [0m[7] [cam] [730644][me0][me_core_thread:359]ME out fid 7770
[06:37:10.541] RX< [34m[AE] fid=7800,exp=10000,adg=288,Y=4688,mtg=180,shg=100,bgbv=1506,iso=288,cnv2,hdr0
[06:37:10.541] RX< [0m[34m[ME INTP]fid=7800, shutter=1
[06:37:11.446] RX< 0000, perf=6(us), max=5413(us)!
[06:37:11.446] RX< [0m[7] [cam] [731644][me0][me_core_thread:359]ME out fid 7800
[06:37:11.446] RX< [4] [cam] [731722][qpc0][qpc_core_exception_check:405]discontinuous frame, now: 7813, last: 7811
[06:37:11.446] RX< [34m[AE] fid=7830,exp=10000,adg=288,Y=4687,mtg=180,shg=100,bgbv
[06:37:11.875] RX< =1502,iso=288,cnv2,hdr0
[06:37:11.875] RX< [0m[34m[b_ae0 proc] perf=1125(us), max=1125(us)!
[06:37:11.875] RX< [0m[34m[awb0 proc] perf=3944(us), max=5624(us)!
[06:37:11.875] RX< [0m[RTMP] f_index = 7830, f_len = 21134
[06:37:11.875] RX< [7] [cam] [732644][me0][me_core_thread:359]ME out fid 7830
[06:37:11.875] RX< [4] [cam] [732722][qpc0][qpc_c
[06:37:12.825] RX< ore_exception_check:405]discontinuous frame, now: 7843, last: 7841
[06:37:12.825] RX< [34m[AE] fid=7860,exp=10000,adg=288,Y=4677,mtg=180,shg=100,bgbv=1502,iso=288,cnv2,hdr0
[06:37:12.825] RX< [0m[7] [cam] [733644][me0][me_core_thread:359]ME out fid 7860
[06:37:12.825] RX< [34m[awb0 proc] perf=7239(us), max=72
[06:37:13.793] RX< 39(us)!
[06:37:13.793] RX< [0m[4] [cam] [733722][qpc0][qpc_core_exception_check:405]discontinuous frame, now: 7873, last: 7871
[06:37:13.793] RX< [34m[AE] fid=7890,exp=10000,adg=288,Y=4680,mtg=180,shg=100,bgbv=1502,iso=288,cnv2,hdr0
[06:37:13.793] RX< [0m[7] [cam] [734644][me0][me_core_thread:359]ME out fid 7
[06:37:14.446] RX< 890
[06:37:14.446] RX< [34m[awb0 proc] perf=7310(us), max=7310(us)!
[06:37:14.446] RX< [0m[4] [cam] [734721][qpc0][qpc_core_exception_check:405]discontinuous frame, now: 7903, last: 7901
[06:37:14.446] RX< [34m[AE] fid=7920,exp=10000,adg=288,Y=4675,mtg=180,shg=100,bgbv=1502,iso=288,cnv2,hdr0
[06:37:14.446] RX< [0m[34m[b_ae0 p
[06:37:14.782] RX< roc] perf=1014(us), max=3747(us)!
[06:37:14.782] RX< [0m[34m[awb0 proc] perf=3944(us), max=7310(us)!
[06:37:14.782] RX< [0m[34m[ME INTP]fid=7920, shutter=10000, perf=234(us), max=1636(us)!
[06:37:14.782] RX< [0m[RTMP] f_index = 7920, f_len = 21170
[06:37:14.782] RX< [7] [cam] [735644][me0][me_core_thread:359]ME out fid 7920
[06:37:16.783] RX< [34m[AE] fid=7950,exp=10000,adg=288,Y=4681,mtg=180,shg=100,bgbv=1502,iso=288,cnv2,hdr0
[06:37:16.783] RX< [0m[7] [cam] [736644][me0][me_core_thread:359]ME out fid 7950
[06:37:16.783] RX< [34m[AE] fid=7980,exp=10000,adg=288,Y=4689,mtg=180,shg=100,bgbv=1506,iso=288,cnv2,hdr0
[06:37:16.783] RX< [0m
[06:37:17.765] RX< [7] [cam] [737644][me0][me_core_thread:359]ME out fid 7980
[06:37:17.765] RX< [34m[AE] fid=8010,exp=10000,adg=288,Y=4686,mtg=180,shg=100,bgbv=1502,iso=288,cnv2,hdr0
[06:37:17.765] RX< [0m[34m[b_ae0 proc] perf=1015(us), max=3488(us)!
[06:37:17.765] RX< [0m[34m[awb0 proc] perf=3947(us), max=5972(us)!
[06:37:17.765] RX< [0m[RT
[06:37:18.540] RX< MP] f_index = 8010, f_len = 21067
[06:37:18.540] RX< [7] [cam] [738643][me0][me_core_thread:359]ME out fid 8010
[06:37:18.540] RX< [34m[awb0 proc] perf=6369(us), max=6369(us)!
[06:37:18.540] RX< [0m[34m[AE] fid=8040,exp=10000,adg=288,Y=4679,mtg=180,shg=100,bgbv=1502,iso=288,cnv2,hdr0
[06:37:18.540] RX< [0m[34m[ME INTP]fid=804
[06:37:19.440] RX< 0, shutter=10000, perf=5(us), max=1163(us)!
[06:37:19.440] RX< [0m[7] [cam] [739643][me0][me_core_thread:359]ME out fid 8040
[06:37:19.440] RX< [4] [cam] [739721][qpc0][qpc_core_exception_check:405]discontinuous frame, now: 8053, last: 8051
[06:37:19.440] RX< [34m[AE] fid=8070,exp=10000,adg=288,Y=4678,mtg=180,
[06:37:20.446] RX< shg=100,bgbv=1502,iso=288,cnv2,hdr0
[06:37:20.446] RX< [0m[7] [cam] [740674][me0][me_core_thread:359]ME out fid 8070
[06:37:20.446] RX< [4] [cam] [740721][qpc0][qpc_core_exception_check:405]discontinuous frame, now: 8083, last: 8081
[06:37:20.446] RX< [34m[AE] fid=8100,exp=10000,adg=288,Y=4680,mtg=180,shg=100,
[06:37:20.874] RX< bgbv=1502,iso=288,cnv2,hdr0
[06:37:20.874] RX< [0m[34m[b_ae0 proc] perf=1140(us), max=2155(us)!
[06:37:20.874] RX< [0m[34m[awb0 proc] perf=3962(us), max=6369(us)!
[06:37:20.874] RX< [0m[RTMP] f_index = 8100, f_len = 21262
[06:37:20.874] RX< [7] [cam] [741643][me0][me_core_thread:359]ME out fid 8100
[06:37:20.874] RX< [4] [cam] [741720][qpc0][q
[06:37:21.873] RX< pc_core_exception_check:405]discontinuous frame, now: 8113, last: 8111
[06:37:21.873] RX< [34m[AE] fid=8130,exp=10000,adg=288,Y=4687,mtg=180,shg=100,bgbv=1502,iso=288,cnv2,hdr0
[06:37:21.873] RX< [0m[7] [cam] [742643][me0][me_core_thread:359]ME out fid 8130
[06:37:21.873] RX< [4] [cam] [742720][qpc0][qpc_core_
[06:37:22.781] RX< exception_check:405]discontinuous frame, now: 8143, last: 8141
[06:37:22.781] RX< [34m[AE] fid=8160,exp=10000,adg=288,Y=4689,mtg=180,shg=100,bgbv=1506,iso=288,cnv2,hdr0
[06:37:22.781] RX< [0m[34m[ME INTP]fid=8160, shutter=10000, perf=6(us), max=2967(us)!
[06:37:22.781] RX< [0m[7] [cam] [743643][me0][me_core_
[06:37:23.445] RX< thread:359]ME out fid 8160
[06:37:23.445] RX< [4] [cam] [743721][qpc0][qpc_core_exception_check:405]discontinuous frame, now: 8173, last: 8171
[06:37:23.445] RX< [34m[AE] fid=8190,exp=10000,adg=288,Y=4689,mtg=180,shg=100,bgbv=1506,iso=288,cnv2,hdr0
[06:37:23.445] RX< [0m[34m[b_ae0 proc] perf=1021(us), max=197
[06:37:23.874] RX< 5(us)!
[06:37:23.874] RX< [0m[34m[awb0 proc] perf=4000(us), max=5939(us)!
[06:37:23.874] RX< [0m[RTMP] f_index = 8190, f_len = 8910
[06:37:23.874] RX< [7] [cam] [744642][me0][me_core_thread:359]ME out fid 8190
[06:37:23.874] RX< [34m[awb0 proc] perf=7292(us), max=7292(us)!
[06:37:23.874] RX< [0m[4] [cam] [744720][qpc0][qpc_core_exception_check
[06:37:25.439] RX< :405]discontinuous frame, now: 8203, last: 8201
[06:37:25.439] RX< [34m[AE] fid=8220,exp=10000,adg=288,Y=4686,mtg=180,shg=100,bgbv=1502,iso=288,cnv2,hdr0
[06:37:25.439] RX< [0m[7] [cam] [745642][me0][me_core_thread:359]ME out fid 8220
[06:37:25.439] RX< [34m[awb0 proc] perf=6110(us), max=7292(us)!
[06:37:25.439] RX< [0m[34m[A
[06:37:26.444] RX< E] fid=8250,exp=10000,adg=288,Y=4684,mtg=180,shg=100,bgbv=1502,iso=288,cnv2,hdr0
[06:37:26.444] RX< [0m[7] [cam] [746642][me0][me_core_thread:359]ME out fid 8250
[06:37:26.444] RX< [34m[AE] fid=8280,exp=10000,adg=288,Y=4689,mtg=180,shg=100,bgbv=1506,iso=288,cnv2,hdr0
[06:37:26.444] RX< [0m[34m[b_ae0 proc] pe
[06:37:26.828] RX< rf=1013(us), max=3634(us)!
[06:37:26.828] RX< [0m[34m[awb0 proc] perf=3956(us), max=6110(us)!
[06:37:26.828] RX< [0m[34m[ME INTP]fid=8280, shutter=10000, perf=5(us), max=4612(us)!
[06:37:26.828] RX< [0m[RTMP] f_index = 8280, f_len = 21178
[06:37:26.828] RX< [7] [cam] [747642][me0][me_core_thread:359]ME out fid 8280
[06:37:26.828] RX< [34m[awb
[06:37:27.791] RX< 0 proc] perf=6199(us), max=6199(us)!
[06:37:27.791] RX< [0m[4] [cam] [747719][qpc0][qpc_core_exception_check:405]discontinuous frame, now: 8293, last: 8291
[06:37:27.791] RX< [34m[AE] fid=8310,exp=10000,adg=288,Y=4691,mtg=180,shg=100,bgbv=1506,iso=288,cnv2,hdr0
[06:37:27.791] RX< [0m[7] [cam] [748642][me0][me
[06:37:28.873] RX< _core_thread:359]ME out fid 8310
[06:37:28.873] RX< [34m[AE] fid=8340,exp=10000,adg=288,Y=4691,mtg=180,shg=100,bgbv=1506,iso=288,cnv2,hdr0
[06:37:28.873] RX< [0m[7] [cam] [749642][me0][me_core_thread:359]ME out fid 8340
[06:37:28.873] RX< [34m[awb0 proc] perf=6923(us), max=6923(us)!
[06:37:28.873] RX< [0m[4] [cam] [749719][qpc
[06:37:29.444] RX< 0][qpc_core_exception_check:405]discontinuous frame, now: 8353, last: 8351
[06:37:29.444] RX< [34m[AE] fid=8370,exp=10000,adg=288,Y=4688,mtg=180,shg=100,bgbv=1506,iso=288,cnv2,hdr0
[06:37:29.444] RX< [0m[34m[b_ae0 proc] perf=1128(us), max=2314(us)!
[06:37:29.444] RX< [0m[34m[awb0 proc] perf=3973(us), max=6
[06:37:30.439] RX< 923(us)!
[06:37:30.439] RX< [0m[RTMP] f_index = 8370, f_len = 20586
[06:37:30.439] RX< [7] [cam] [750642][me0][me_core_thread:359]ME out fid 8370
[06:37:30.439] RX< [4] [cam] [750719][qpc0][qpc_core_exception_check:405]discontinuous frame, now: 8383, last: 8381
[06:37:30.439] RX< [34m[AE] fid=8400,exp=10000,adg=288,Y=4686,mtg=18
[06:37:31.439] RX< 0,shg=100,bgbv=1502,iso=288,cnv2,hdr0
[06:37:31.439] RX< [0m[34m[ME INTP]fid=8400, shutter=10000, perf=234(us), max=7384(us)!
[06:37:31.439] RX< [0m[7] [cam] [751642][me0][me_core_thread:359]ME out fid 8400
[06:37:31.439] RX< [34m[AE] fid=8430,exp=10030,adg=300,Y=4142,mtg=180,shg=100,bgbv=1326,iso=300,cnv2,h
[06:37:32.447] RX< dr0
[06:37:32.447] RX< [0m[7] [cam] [752641][me0][me_core_thread:359]ME out fid 8430
[06:37:32.447] RX< [34m[AE] fid=8460,exp=10030,adg=288,Y=4667,mtg=180,shg=100,bgbv=1488,iso=288,cnv2,hdr0
[06:37:32.447] RX< [0m[34m[b_ae0 proc] perf=946(us), max=2572(us)!
[06:37:32.447] RX< [0m[34m[awb0 proc] perf=3967(us), max=5976(us)!
[06:37:33.823] RX< [0m[RTMP] f_index = 8460, f_len = 14433
[06:37:33.823] RX< [7] [cam] [753641][me0][me_core_thread:359]ME out fid 8460
[06:37:33.823] RX< [34m[AE] fid=8490,exp=10030,adg=288,Y=4687,mtg=180,shg=100,bgbv=1498,iso=288,cnv2,hdr0
[06:37:33.823] RX< [0m[7] [cam] [754641][me0][me_core_thread:359]ME out fid 8490
[06:37:33.823] RX< [34m
[06:37:34.538] RX< [awb0 proc] perf=6493(us), max=6493(us)!
[06:37:34.538] RX< [0m[4] [cam] [754719][qpc0][qpc_core_exception_check:405]discontinuous frame, now: 8503, last: 8501
[06:37:34.538] RX< [34m[AE] fid=8520,exp=10030,adg=288,Y=4680,mtg=180,shg=100,bgbv=1498,iso=288,cnv2,hdr0
[06:37:34.538] RX< [0m[34m[ME INTP]fid=8520
[06:37:35.443] RX< , shutter=10030, perf=6(us), max=4794(us)!
[06:37:35.443] RX< [0m[7] [cam] [755641][me0][me_core_thread:359]ME out fid 8520
[06:37:35.443] RX< [34m[awb0 proc] perf=6504(us), max=6504(us)!
[06:37:35.443] RX< [0m[4] [cam] [755719][qpc0][qpc_core_exception_check:405]discontinuous frame, now: 8533, last: 8531
[06:37:35.443] RX< [3
[06:37:35.779] RX< 4m[AE] fid=8550,exp=10030,adg=288,Y=4684,mtg=180,shg=100,bgbv=1498,iso=288,cnv2,hdr0
[06:37:35.779] RX< [0m[34m[b_ae0 proc] perf=1036(us), max=3930(us)!
[06:37:35.779] RX< [0m[34m[awb0 proc] perf=3963(us), max=6504(us)!
[06:37:35.779] RX< [0m[RTMP] f_index = 8550, f_len = 13348
[06:37:35.779] RX< [7] [cam] [756641][me0][me_c
[06:37:36.438] RX< ore_thread:359]ME out fid 8550
[06:37:36.438] RX< [34m[awb0 proc] perf=6516(us), max=6516(us)!
[06:37:36.438] RX< [0m[4] [cam] [756718][qpc0][qpc_core_exception_check:405]discontinuous frame, now: 8563, last: 8561
[06:37:36.438] RX< [34m[AE] fid=8580,exp=10030,adg=288,Y=4693,mtg=180,shg=100,bgbv=1502,iso=288,
[06:37:37.438] RX< cnv2,hdr0
[06:37:37.438] RX< [0m[7] [cam] [757641][me0][me_core_thread:359]ME out fid 8580
[06:37:37.438] RX< [4] [cam] [757718][qpc0][qpc_core_exception_check:405]discontinuous frame, now: 8593, last: 8591
[06:37:37.438] RX< [34m[AE] fid=8610,exp=10030,adg=288,Y=4690,mtg=180,shg=100,bgbv=1502,iso=288,cnv2,hdr
[06:37:38.442] RX< 0
[06:37:38.442] RX< [0m[7] [cam] [758641][me0][me_core_thread:359]ME out fid 8610
[06:37:38.442] RX< [34m[awb0 proc] perf=6714(us), max=6714(us)!
[06:37:38.442] RX< [0m[4] [cam] [758718][qpc0][qpc_core_exception_check:405]discontinuous frame, now: 8623, last: 8621
[06:37:38.442] RX< [34m[AE] fid=8640,exp=10030,adg=288,Y=4700,
[06:37:38.762] RX< mtg=180,shg=100,bgbv=1506,iso=288,cnv2,hdr0
[06:37:38.762] RX< [0m[34m[b_ae0 proc] perf=1019(us), max=4460(us)!
[06:37:38.762] RX< [0m[34m[awb0 proc] perf=3830(us), max=6714(us)!
[06:37:38.762] RX< [0m[34m[ME INTP]fid=8640, shutter=10030, perf=251(us), max=251(us)!
[06:37:38.762] RX< [0m[RTMP] f_index = 8640, f_len = 13474
[06:37:39.437] RX< 
[06:37:39.437] RX< [7] [cam] [759640][me0][me_core_thread:359]ME out fid 8640
[06:37:39.437] RX< [34m[awb0 proc] perf=6348(us), max=6348(us)!
[06:37:39.437] RX< [0m[4] [cam] [759718][qpc0][qpc_core_exception_check:405]discontinuous frame, now: 8653, last: 8651
[06:37:39.437] RX< [34m[AE] fid=8670,exp=10030,adg=288,Y=4699,mtg=1
[06:37:40.438] RX< 80,shg=100,bgbv=1502,iso=288,cnv2,hdr0
[06:37:40.438] RX< [0m[7] [cam] [760640][me0][me_core_thread:359]ME out fid 8670
[06:37:40.438] RX< [34m[awb0 proc] perf=6596(us), max=6596(us)!
[06:37:40.438] RX< [0m[4] [cam] [760718][qpc0][qpc_core_exception_check:405]discontinuous frame, now: 8683, last: 8681
[06:37:40.438] RX< [34m[A
[06:37:40.871] RX< E] fid=8700,exp=10030,adg=288,Y=4694,mtg=180,shg=100,bgbv=1502,iso=288,cnv2,hdr0
[06:37:40.871] RX< [0m[7] [cam] [761640][me0][me_core_thread:359]ME out fid 8700
[06:37:40.871] RX< [34m[awb0 proc] perf=6794(us), max=6794(us)!
[06:37:40.871] RX< [0m[4] [cam] [761718][qpc0][qpc_core_exception_check:405]disconti
[06:37:41.764] RX< nuous frame, now: 8713, last: 8711
[06:37:41.764] RX< [34m[AE] fid=8730,exp=13270,adg=300,Y=3422,mtg=180,shg=100,bgbv=826,iso=300,cnv2,hdr0
[06:37:41.764] RX< [0m[34m[b_ae0 proc] perf=916(us), max=2560(us)!
[06:37:41.764] RX< [0m[34m[awb0 proc] perf=3998(us), max=6794(us)!
[06:37:41.764] RX< [0m[RTMP] f_index = 8730, f_len 
[06:37:42.778] RX< = 16425
[06:37:42.778] RX< [7] [cam] [762640][me0][me_core_thread:359]ME out fid 8730
[06:37:42.778] RX< [34m[AE] fid=8760,exp=10670,adg=300,Y=4889,mtg=180,shg=100,bgbv=1392,iso=300,cnv2,hdr0
[06:37:42.778] RX< [0m[34m[ME INTP]fid=8760, shutter=10670, perf=2132(us), max=3879(us)!
[06:37:42.778] RX< [0m[7] [cam] [763640][me0][m
[06:37:43.871] RX< e_core_thread:359]ME out fid 8760
[06:37:43.871] RX< [34m[AE] fid=8790,exp=10030,adg=288,Y=4700,mtg=180,shg=100,bgbv=1506,iso=288,cnv2,hdr0
[06:37:43.871] RX< [0m[7] [cam] [764640][me0][me_core_thread:359]ME out fid 8790
[06:37:43.871] RX< [34m[awb0 proc] perf=7029(us), max=7029(us)!
[06:37:43.871] RX< [0m[4] [cam] [764717][qp
[06:37:44.442] RX< c0][qpc_core_exception_check:405]discontinuous frame, now: 8803, last: 8801
[06:37:44.442] RX< [34m[AE] fid=8820,exp=10030,adg=288,Y=4702,mtg=180,shg=100,bgbv=1506,iso=288,cnv2,hdr0
[06:37:44.442] RX< [0m[34m[b_ae0 proc] perf=1023(us), max=2106(us)!
[06:37:44.442] RX< [0m[34m[awb0 proc] perf=3936(us), max=
[06:37:44.870] RX< 7029(us)!
[06:37:44.870] RX< [0m[RTMP] f_index = 8820, f_len = 13375
[06:37:44.870] RX< [7] [cam] [765640][me0][me_core_thread:359]ME out fid 8820
[06:37:44.870] RX< [34m[awb0 proc] perf=6685(us), max=6685(us)!
[06:37:44.870] RX< [0m[4] [cam] [765717][qpc0][qpc_core_exception_check:405]discontinuous frame, now: 8833, last: 8831
[06:37:46.537] RX< 
[06:37:46.537] RX< [34m[AE] fid=8850,exp=9900,adg=300,Y=4425,mtg=180,shg=100,bgbv=1397,iso=300,cnv2,hdr0
[06:37:46.537] RX< [0m[7] [cam] [766639][me0][me_core_thread:359]ME out fid 8850
[06:37:46.537] RX< [34m[AE] fid=8880,exp=9970,adg=294,Y=4727,mtg=180,shg=100,bgbv=1496,iso=294,cnv2,hdr0
[06:37:46.537] RX< [0m[34m[ME INTP]
[06:37:47.442] RX< fid=8880, shutter=9970, perf=2148(us), max=4432(us)!
[06:37:47.442] RX< [0m[7] [cam] [767639][me0][me_core_thread:359]ME out fid 8880
[06:37:47.442] RX< [4] [cam] [767717][qpc0][qpc_core_exception_check:405]discontinuous frame, now: 8893, last: 8891
[06:37:47.442] RX< [34m[AE] fid=8910,exp=10030,adg=288,Y=4692
[06:37:47.826] RX< ,mtg=180,shg=100,bgbv=1502,iso=288,cnv2,hdr0
[06:37:47.826] RX< [0m[34m[b_ae0 proc] perf=1042(us), max=2735(us)!
[06:37:47.826] RX< [0m[34m[awb0 proc] perf=3961(us), max=6685(us)!
[06:37:47.826] RX< [0m[RTMP] f_index = 8910, f_len = 13716
[06:37:47.826] RX< [7] [cam] [768639][me0][me_core_thread:359]ME out fid 8910
[06:37:47.826] RX< [34m[awb
[06:37:48.788] RX< 0 proc] perf=6422(us), max=6422(us)!
[06:37:48.788] RX< [0m[4] [cam] [768717][qpc0][qpc_core_exception_check:405]discontinuous frame, now: 8923, last: 8921
[06:37:48.788] RX< [34m[AE] fid=8940,exp=10030,adg=288,Y=4699,mtg=180,shg=100,bgbv=1502,iso=288,cnv2,hdr0
[06:37:48.788] RX< [0m[7] [cam] [769639][me0][me
[06:37:49.436] RX< _core_thread:359]ME out fid 8940
[06:37:49.436] RX< [34m[awb0 proc] perf=6648(us), max=6648(us)!
[06:37:49.436] RX< [0m[4] [cam] [769717][qpc0][qpc_core_exception_check:405]discontinuous frame, now: 8953, last: 8951
[06:37:49.436] RX< [34m[AE] fid=8970,exp=10030,adg=288,Y=4694,mtg=180,shg=100,bgbv=1502,iso=28
[06:37:50.445] RX< 8,cnv2,hdr0
[06:37:50.445] RX< [0m[7] [cam] [770639][me0][me_core_thread:359]ME out fid 8970
[06:37:50.445] RX< [34m[awb0 proc] perf=6618(us), max=6648(us)!
[06:37:50.445] RX< [0m[4] [cam] [770717][qpc0][qpc_core_exception_check:405]discontinuous frame, now: 8983, last: 8981
[06:37:50.445] RX< [34m[AE] fid=9000,exp=10500,adg=3
[06:37:50.763] RX< 00,Y=4454,mtg=180,shg=100,bgbv=1358,iso=300,cnv2,hdr0
[06:37:50.763] RX< [0m[34m[b_ae0 proc] perf=945(us), max=2166(us)!
[06:37:50.763] RX< [0m[34m[awb0 proc] perf=3887(us), max=6618(us)!
[06:37:50.763] RX< [0m[34m[ME INTP]fid=9000, shutter=10500, perf=2200(us), max=5249(us)!
[06:37:50.763] RX< [0m[RTMP] f_index = 9000, f_
[06:37:51.869] RX< len = 21987
[06:37:51.869] RX< [7] [cam] [771639][me0][me_core_thread:359]ME out fid 9000
[06:37:51.869] RX< [34m[AE] fid=9030,exp=10070,adg=288,Y=4744,mtg=180,shg=100,bgbv=1500,iso=288,cnv2,hdr0
[06:37:51.869] RX< [0m[7] [cam] [772639][me0][me_core_thread:359]ME out fid 9030
[06:37:51.869] RX< [4] [cam] [772716][qpc0][qpc_core_
[06:37:52.820] RX< exception_check:405]discontinuous frame, now: 9043, last: 9041
[06:37:52.820] RX< [34m[AE] fid=9060,exp=10030,adg=288,Y=4689,mtg=180,shg=100,bgbv=1502,iso=288,cnv2,hdr0
[06:37:52.820] RX< [0m[7] [cam] [773639][me0][me_core_thread:359]ME out fid 9060
[06:37:52.820] RX< [34m[awb0 proc] perf=6470(us), max=6470(u
[06:37:53.441] RX< s)!
[06:37:53.441] RX< [0m[4] [cam] [773716][qpc0][qpc_core_exception_check:405]discontinuous frame, now: 9073, last: 9071
[06:37:53.441] RX< [34m[AE] fid=9090,exp=10030,adg=288,Y=4698,mtg=180,shg=100,bgbv=1502,iso=288,cnv2,hdr0
[06:37:53.441] RX< [0m[34m[b_ae0 proc] perf=1031(us), max=1884(us)!
[06:37:53.441] RX< [0m[34m[a
[06:37:54.436] RX< wb0 proc] perf=3956(us), max=6470(us)!
[06:37:54.436] RX< [0m[RTMP] f_index = 9090, f_len = 13472
[06:37:54.436] RX< [7] [cam] [774638][me0][me_core_thread:359]ME out fid 9090
[06:37:54.436] RX< [4] [cam] [774716][qpc0][qpc_core_exception_check:405]discontinuous frame, now: 9103, last: 9101
[06:37:54.436] RX< [34m[AE] fid=9120,e
[06:37:55.435] RX< xp=10030,adg=288,Y=4698,mtg=180,shg=100,bgbv=1502,iso=288,cnv2,hdr0
[06:37:55.435] RX< [0m[34m[ME INTP]fid=9120, shutter=10030, perf=234(us), max=5469(us)!
[06:37:55.435] RX< [0m[7] [cam] [775638][me0][me_core_thread:359]ME out fid 9120
[06:37:55.435] RX< [34m[AE] fid=9150,exp=10030,adg=288,Y=4702,mtg=180,sh
[06:37:56.440] RX< g=100,bgbv=1506,iso=288,cnv2,hdr0
[06:37:56.440] RX< [0m[7] [cam] [776638][me0][me_core_thread:359]ME out fid 9150
[06:37:56.440] RX< [34m[awb0 proc] perf=8045(us), max=8045(us)!
[06:37:56.440] RX< [0m[4] [cam] [776716][qpc0][qpc_core_exception_check:405]discontinuous frame, now: 9163, last: 9161
[06:37:56.440] RX< [34m[AE] fi
[06:37:56.776] RX< d=9180,exp=10030,adg=288,Y=4700,mtg=180,shg=100,bgbv=1506,iso=288,cnv2,hdr0
[06:37:56.776] RX< [0m[34m[b_ae0 proc] perf=1021(us), max=3528(us)!
[06:37:56.776] RX< [0m[34m[awb0 proc] perf=3970(us), max=8045(us)!
[06:37:56.776] RX< [0m[RTMP] f_index = 9180, f_len = 13106
[06:37:56.776] RX< [7] [cam] [777638][me0][me_core_threa
[06:37:57.868] RX< d:359]ME out fid 9180
[06:37:57.868] RX< [34m[AE] fid=9210,exp=10030,adg=288,Y=4700,mtg=180,shg=100,bgbv=1506,iso=288,cnv2,hdr0
[06:37:57.868] RX< [0m[7] [cam] [778638][me0][me_core_thread:359]ME out fid 9210
[06:37:57.868] RX< [34m[awb0 proc] perf=6585(us), max=6585(us)!
[06:37:57.868] RX< [0m[4] [cam] [778715][qpc0][qpc_core
[06:37:58.775] RX< _exception_check:405]discontinuous frame, now: 9223, last: 9221
[06:37:58.775] RX< [34m[AE] fid=9240,exp=10030,adg=288,Y=4699,mtg=180,shg=100,bgbv=1502,iso=288,cnv2,hdr0
[06:37:58.775] RX< [0m[34m[ME INTP]fid=9240, shutter=10030, perf=6(us), max=1183(us)!
[06:37:58.775] RX< [0m[7] [cam] [779638][me0][me_core
[06:37:59.439] RX< _thread:359]ME out fid 9240
[06:37:59.439] RX< [34m[awb0 proc] perf=6574(us), max=6585(us)!
[06:37:59.439] RX< [0m[4] [cam] [779715][qpc0][qpc_core_exception_check:405]discontinuous frame, now: 9253, last: 9251
[06:37:59.439] RX< [34m[AE] fid=9270,exp=10030,adg=288,Y=4685,mtg=180,shg=100,bgbv=1498,iso=288,cnv
[06:38:00.434] RX< 2,hdr0
[06:38:00.434] RX< [0m[34m[b_ae0 proc] perf=1144(us), max=3650(us)!
[06:38:00.434] RX< [0m[34m[awb0 proc] perf=3947(us), max=6574(us)!
[06:38:00.434] RX< [0m[RTMP] f_index = 9270, f_len = 13415
[06:38:00.434] RX< [7] [cam] [780638][me0][me_core_thread:359]ME out fid 9270
[06:38:00.434] RX< [34m[AE] fid=9300,exp=10030,adg=288,Y=4693,mtg
[06:38:01.435] RX< =180,shg=100,bgbv=1502,iso=288,cnv2,hdr0
[06:38:01.435] RX< [0m[7] [cam] [781637][me0][me_core_thread:359]ME out fid 9300
[06:38:01.435] RX< [34m[awb0 proc] perf=6339(us), max=6339(us)!
[06:38:01.435] RX< [0m[4] [cam] [781715][qpc0][qpc_core_exception_check:405]discontinuous frame, now: 9313, last: 9311
[06:38:01.435] RX< [34m
[06:38:02.439] RX< [AE] fid=9330,exp=10030,adg=288,Y=4699,mtg=180,shg=100,bgbv=1502,iso=288,cnv2,hdr0
[06:38:02.439] RX< [0m[7] [cam] [782637][me0][me_core_thread:359]ME out fid 9330
[06:38:02.439] RX< [34m[AE] fid=9360,exp=10030,adg=288,Y=4698,mtg=180,shg=100,bgbv=1502,iso=288,cnv2,hdr0
[06:38:02.439] RX< [0m[34m[b_ae0 proc] 
[06:38:02.868] RX< perf=1019(us), max=1144(us)!
[06:38:02.868] RX< [0m[34m[awb0 proc] perf=3962(us), max=6339(us)!
[06:38:02.868] RX< [0m[34m[ME INTP]fid=9360, shutter=10030, perf=6(us), max=1456(us)!
[06:38:02.868] RX< [0m[RTMP] f_index = 9360, f_len = 13488
[06:38:02.868] RX< [7] [cam] [783637][me0][me_core_thread:359]ME out fid 9360
[06:38:02.868] RX< [4] [ca
[06:38:03.867] RX< m] [783715][qpc0][qpc_core_exception_check:405]discontinuous frame, now: 9373, last: 9371
[06:38:03.867] RX< [34m[AE] fid=9390,exp=10030,adg=288,Y=4694,mtg=180,shg=100,bgbv=1502,iso=288,cnv2,hdr0
[06:38:03.867] RX< [0m[7] [cam] [784637][me0][me_core_thread:359]ME out fid 9390
[06:38:03.867] RX< [4] [cam] [7847
[06:38:04.882] RX< 15][qpc0][qpc_core_exception_check:405]discontinuous frame, now: 9403, last: 9401
[06:38:04.882] RX< [34m[AE] fid=9420,exp=10030,adg=288,Y=4699,mtg=180,shg=100,bgbv=1502,iso=288,cnv2,hdr0
[06:38:04.882] RX< [0m[7] [cam] [785637][me0][me_core_thread:359]ME out fid 9420
[06:38:04.882] RX< [RTMP] slow send frame 
[06:38:05.775] RX< 9422 len=18976 dt=64ms
[06:38:05.775] RX< [34m[AE] fid=9450,exp=10000,adg=288,Y=4683,mtg=180,shg=100,bgbv=1502,iso=288,cnv2,hdr0
[06:38:05.775] RX< [0m[34m[b_ae0 proc] perf=1020(us), max=3528(us)!
[06:38:05.775] RX< [0m[34m[awb0 proc] perf=3983(us), max=4267(us)!
[06:38:05.775] RX< [0m[RTMP] f_index = 9450, f_len = 22709
[06:38:05.775] RX< [7
[06:38:06.434] RX< ] [cam] [786637][me0][me_core_thread:359]ME out fid 9450
[06:38:06.434] RX< [34m[awb0 proc] perf=6398(us), max=6398(us)!
[06:38:06.434] RX< [0m[4] [cam] [786714][qpc0][qpc_core_exception_check:405]discontinuous frame, now: 9463, last: 9461
[06:38:06.434] RX< [34m[AE] fid=9480,exp=10000,adg=288,Y=4682,mtg=180,
[06:38:07.434] RX< shg=100,bgbv=1502,iso=288,cnv2,hdr0
[06:38:07.434] RX< [0m[34m[ME INTP]fid=9480, shutter=10000, perf=6(us), max=1282(us)!
[06:38:07.434] RX< [0m[7] [cam] [787637][me0][me_core_thread:359]ME out fid 9480
[06:38:07.434] RX< [34m[AE] fid=9510,exp=10000,adg=288,Y=4682,mtg=180,shg=100,bgbv=1502,iso=288,cnv2,hdr0
[06:38:08.440] RX< [0m[7] [cam] [788637][me0][me_core_thread:359]ME out fid 9510
[06:38:08.440] RX< [34m[awb0 proc] perf=6599(us), max=6599(us)!
[06:38:08.440] RX< [0m[4] [cam] [788714][qpc0][qpc_core_exception_check:405]discontinuous frame, now: 9523, last: 9521
[06:38:08.440] RX< [34m[AE] fid=9540,exp=10000,adg=288,Y=4679,mt
[06:38:08.824] RX< g=180,shg=100,bgbv=1502,iso=288,cnv2,hdr0
[06:38:08.824] RX< [0m[34m[b_ae0 proc] perf=1048(us), max=1384(us)!
[06:38:08.824] RX< [0m[34m[awb0 proc] perf=3940(us), max=6599(us)!
[06:38:08.824] RX< [0m[RTMP] f_index = 9540, f_len = 13178
[06:38:08.824] RX< [7] [cam] [789636][me0][me_core_thread:359]ME out fid 9540
[06:38:08.824] RX< [34m[awb0 p
[06:38:09.786] RX< roc] perf=6467(us), max=6467(us)!
[06:38:09.786] RX< [0m[4] [cam] [789714][qpc0][qpc_core_exception_check:405]discontinuous frame, now: 9553, last: 9551
[06:38:09.786] RX< [34m[AE] fid=9570,exp=10000,adg=288,Y=4679,mtg=180,shg=100,bgbv=1502,iso=288,cnv2,hdr0
[06:38:09.786] RX< [0m[7] [cam] [790636][me0][me_co
[06:38:11.438] RX< re_thread:359]ME out fid 9570
[06:38:11.438] RX< [34m[AE] fid=9600,exp=9930,adg=288,Y=4734,mtg=180,shg=100,bgbv=1518,iso=288,cnv2,hdr0
[06:38:11.438] RX< [0m[34m[ME INTP]fid=9600, shutter=9930, perf=234(us), max=1416(us)!
[06:38:11.438] RX< [0m[7] [cam] [791636][me0][me_core_thread:359]ME out fid 9600
[06:38:11.438] RX< [34m[
[06:38:11.774] RX< AE] fid=9630,exp=9930,adg=288,Y=4673,mtg=180,shg=100,bgbv=1507,iso=288,cnv2,hdr0
[06:38:11.774] RX< [0m[34m[b_ae0 proc] perf=1019(us), max=2427(us)!
[06:38:11.774] RX< [0m[34m[awb0 proc] perf=3982(us), max=6467(us)!
[06:38:11.774] RX< [0m[RTMP] f_index = 9630, f_len = 13900
[06:38:11.774] RX< [7] [cam] [792636][me0][me_core_
[06:38:12.434] RX< thread:359]ME out fid 9630
[06:38:12.434] RX< [34m[awb0 proc] perf=6449(us), max=6449(us)!
[06:38:12.434] RX< [0m[4] [cam] [792714][qpc0][qpc_core_exception_check:405]discontinuous frame, now: 9643, last: 9641
[06:38:12.434] RX< [34m[AE] fid=9660,exp=9930,adg=288,Y=4675,mtg=180,shg=100,bgbv=1510,iso=288,cnv2,
[06:38:13.433] RX< hdr0
[06:38:13.433] RX< [0m[7] [cam] [793636][me0][me_core_thread:359]ME out fid 9660
[06:38:13.433] RX< [4] [cam] [793713][qpc0][qpc_core_exception_check:405]discontinuous frame, now: 9673, last: 9671
[06:38:13.433] RX< [34m[AE] fid=9690,exp=9930,adg=288,Y=4680,mtg=180,shg=100,bgbv=1510,iso=288,cnv2,hdr0
[06:38:13.433] RX< [0m
[06:38:14.437] RX< [7] [cam] [794636][me0][me_core_thread:359]ME out fid 9690
[06:38:14.437] RX< [34m[awb0 proc] perf=6821(us), max=6821(us)!
[06:38:14.437] RX< [0m[4] [cam] [794713][qpc0][qpc_core_exception_check:405]discontinuous frame, now: 9703, last: 9701
[06:38:14.437] RX< [34m[AE] fid=9720,exp=9930,adg=288,Y=4680,mtg=180
[06:38:14.773] RX< ,shg=100,bgbv=1510,iso=288,cnv2,hdr0
[06:38:14.773] RX< [0m[34m[b_ae0 proc] perf=1018(us), max=3734(us)!
[06:38:14.773] RX< [0m[34m[awb0 proc] perf=3936(us), max=6821(us)!
[06:38:14.773] RX< [0m[34m[ME INTP]fid=9720, shutter=9930, perf=6(us), max=994(us)!
[06:38:14.773] RX< [0m[RTMP] f_index = 9720, f_len = 13456
[06:38:14.773] RX< [7] [cam]
[06:38:15.433] RX<  [795636][me0][me_core_thread:359]ME out fid 9720
[06:38:15.433] RX< [34m[awb0 proc] perf=6430(us), max=6430(us)!
[06:38:15.433] RX< [0m[4] [cam] [795713][qpc0][qpc_core_exception_check:405]discontinuous frame, now: 9733, last: 9731
[06:38:15.433] RX< [34m[AE] fid=9750,exp=9930,adg=288,Y=4678,mtg=180,shg=100,
[06:38:16.432] RX< bgbv=1510,iso=288,cnv2,hdr0
[06:38:16.432] RX< [0m[7] [cam] [796635][me0][me_core_thread:359]ME out fid 9750
[06:38:16.432] RX< [34m[awb0 proc] perf=7672(us), max=7672(us)!
[06:38:16.432] RX< [0m[4] [cam] [796714][qpc0][qpc_core_exception_check:405]discontinuous frame, now: 9763, last: 9761
[06:38:16.432] RX< [34m[AE] fid=9780
[06:38:16.865] RX< ,exp=9930,adg=288,Y=4674,mtg=180,shg=100,bgbv=1507,iso=288,cnv2,hdr0
[06:38:16.865] RX< [0m[7] [cam] [797635][me0][me_core_thread:359]ME out fid 9780
[06:38:16.865] RX< [34m[awb0 proc] perf=6840(us), max=7672(us)!
[06:38:16.865] RX< [0m[4] [cam] [797713][qpc0][qpc_core_exception_check:405]discontinuous frame,
[06:38:17.774] RX<  now: 9793, last: 9791
[06:38:17.774] RX< [34m[AE] fid=9810,exp=9930,adg=288,Y=4683,mtg=180,shg=100,bgbv=1510,iso=288,cnv2,hdr0
[06:38:17.774] RX< [0m[34m[b_ae0 proc] perf=1056(us), max=4077(us)!
[06:38:17.774] RX< [0m[34m[awb0 proc] perf=3962(us), max=6840(us)!
[06:38:17.774] RX< [0m[RTMP] f_index = 9810, f_len = 13487
[06:38:17.774] RX< [7]
[06:38:18.432] RX<  [cam] [798635][me0][me_core_thread:359]ME out fid 9810
[06:38:18.432] RX< [34m[awb0 proc] perf=6470(us), max=6470(us)!
[06:38:18.432] RX< [0m[4] [cam] [798713][qpc0][qpc_core_exception_check:405]discontinuous frame, now: 9823, last: 9821
[06:38:18.432] RX< [34m[AE] fid=9840,exp=9930,adg=288,Y=4679,mtg=180,sh
[06:38:18.865] RX< g=100,bgbv=1510,iso=288,cnv2,hdr0
[06:38:18.865] RX< [0m[34m[ME INTP]fid=9840, shutter=9930, perf=5(us), max=790(us)!
[06:38:18.865] RX< [0m[7] [cam] [799635][me0][me_core_thread:359]ME out fid 9840
[06:38:18.865] RX< [4] [cam] [799712][qpc0][qpc_core_exception_check:405]discontinuous frame, now: 9853, last: 
[06:38:19.866] RX< 9851
[06:38:19.866] RX< [34m[AE] fid=9870,exp=9930,adg=288,Y=4676,mtg=180,shg=100,bgbv=1510,iso=288,cnv2,hdr0
[06:38:19.866] RX< [0m[7] [cam] [800635][me0][me_core_thread:359]ME out fid 9870
[06:38:19.866] RX< [34m[awb0 proc] perf=6578(us), max=6578(us)!
[06:38:19.866] RX< [0m[4] [cam] [800713][qpc0][qpc_core_exception_check:4
[06:38:20.757] RX< 05]discontinuous frame, now: 9883, last: 9881
[06:38:20.757] RX< [34m[AE] fid=9900,exp=9930,adg=288,Y=4686,mtg=180,shg=100,bgbv=1510,iso=288,cnv2,hdr0
[06:38:20.757] RX< [0m[34m[b_ae0 proc] perf=1004(us), max=3060(us)!
[06:38:20.757] RX< [0m[34m[awb0 proc] perf=3978(us), max=6578(us)!
[06:38:20.757] RX< [0m[RTMP] f_index = 
[06:38:21.431] RX< 9900, f_len = 13385
[06:38:21.431] RX< [7] [cam] [801635][me0][me_core_thread:359]ME out fid 9900
[06:38:21.431] RX< [4] [cam] [801712][qpc0][qpc_core_exception_check:405]discontinuous frame, now: 9913, last: 9911
[06:38:21.431] RX< [34m[AE] fid=9930,exp=9930,adg=288,Y=4690,mtg=180,shg=100,bgbv=1514,iso=288,cnv
[06:38:22.787] RX< 2,hdr0
[06:38:22.787] RX< [0m[7] [cam] [802635][me0][me_core_thread:359]ME out fid 9930
[06:38:22.787] RX< [34m[AE] fid=9960,exp=9930,adg=288,Y=4694,mtg=180,shg=100,bgbv=1514,iso=288,cnv2,hdr0
[06:38:22.787] RX< [0m[34m[ME INTP]fid=9960, shutter=9930, perf=5(us), max=251(us)!
[06:38:22.787] RX< [0m[7] [cam] [803634][me0][me_c
[06:38:23.436] RX< ore_thread:359]ME out fid 9960
[06:38:23.436] RX< [34m[awb0 proc] perf=6753(us), max=6753(us)!
[06:38:23.436] RX< [0m[4] [cam] [803712][qpc0][qpc_core_exception_check:405]discontinuous frame, now: 9973, last: 9971
[06:38:23.436] RX< [34m[AE] fid=9990,exp=9930,adg=288,Y=4695,mtg=180,shg=100,bgbv=1514,iso=288,c
[06:38:23.820] RX< nv2,hdr0
[06:38:23.820] RX< [0m[34m[b_ae0 proc] perf=1030(us), max=4125(us)!
[06:38:23.820] RX< [0m[34m[awb0 proc] perf=3968(us), max=6753(us)!
[06:38:23.820] RX< [0m[RTMP] f_index = 9990, f_len = 16178
[06:38:23.820] RX< [7] [cam] [804634][me0][me_core_thread:359]ME out fid 9990
[06:38:23.820] RX< [34m[awb0 proc] perf=6430(us), max=6430(us)!
[06:38:24.783] RX< 
[06:38:24.783] RX< [0m[4] [cam] [804712][qpc0][qpc_core_exception_check:405]discontinuous frame, now: 10003, last: 10001
[06:38:24.783] RX< [34m[AE] fid=10020,exp=9930,adg=288,Y=4694,mtg=180,shg=100,bgbv=1514,iso=288,cnv2,hdr0
[06:38:24.783] RX< [0m[7] [cam] [805634][me0][me_core_thread:359]ME out fid 10020
[06:38:26.436] RX< [34m[AE] fid=10050,exp=9930,adg=288,Y=4695,mtg=180,shg=100,bgbv=1514,iso=288,cnv2,hdr0
[06:38:26.436] RX< [0m[7] [cam] [806634][me0][me_core_thread:359]ME out fid 10050
[06:38:26.436] RX< [34m[AE] fid=10080,exp=9930,adg=288,Y=4693,mtg=180,shg=100,bgbv=1514,iso=288,cnv2,hdr0
[06:38:26.436] RX< [0m[34m[b_ae0 
[06:38:26.787] RX< proc] perf=1022(us), max=3618(us)!
[06:38:26.787] RX< [0m[34m[awb0 proc] perf=3931(us), max=6430(us)!
[06:38:26.787] RX< [0m[34m[ME INTP]fid=10080, shutter=9930, perf=6(us), max=250(us)!
[06:38:26.787] RX< [0m[RTMP] f_index = 10080, f_len = 21298
[06:38:26.787] RX< [7] [cam] [807634][me0][me_core_thread:359]ME out fid 10080
[06:38:27.864] RX< [4] [cam] [807712][qpc0][qpc_core_exception_check:405]discontinuous frame, now: 10093, last: 10091
[06:38:27.864] RX< [34m[AE] fid=10110,exp=9930,adg=288,Y=4683,mtg=180,shg=100,bgbv=1510,iso=288,cnv2,hdr0
[06:38:27.864] RX< [0m[7] [cam] [808634][me0][me_core_thread:359]ME out fid 10110
[06:38:27.864] RX< [4] [
[06:38:28.814] RX< cam] [808711][qpc0][qpc_core_exception_check:405]discontinuous frame, now: 10123, last: 10121
[06:38:28.814] RX< [34m[AE] fid=10140,exp=9930,adg=288,Y=4682,mtg=180,shg=100,bgbv=1510,iso=288,cnv2,hdr0
[06:38:28.814] RX< [0m[7] [cam] [809634][me0][me_core_thread:359]ME out fid 10140
[06:38:28.814] RX< [34m[awb0
[06:38:29.436] RX<  proc] perf=8698(us), max=8698(us)!
[06:38:29.436] RX< [0m[4] [cam] [809711][qpc0][qpc_core_exception_check:405]discontinuous frame, now: 10153, last: 10151
[06:38:29.436] RX< [34m[AE] fid=10170,exp=9930,adg=288,Y=4684,mtg=180,shg=100,bgbv=1510,iso=288,cnv2,hdr0
[06:38:29.436] RX< [0m[34m[b_ae0 proc] perf=11
[06:38:29.864] RX< 40(us), max=3451(us)!
[06:38:29.864] RX< [0m[34m[awb0 proc] perf=3941(us), max=8698(us)!
[06:38:29.864] RX< [0m[RTMP] f_index = 10170, f_len = 13187
[06:38:29.864] RX< [7] [cam] [810634][me0][me_core_thread:359]ME out fid 10170
[06:38:29.864] RX< [34m[awb0 proc] perf=6671(us), max=6671(us)!
[06:38:29.864] RX< [0m[4] [cam] [810711][qpc0][qpc_co
[06:38:30.771] RX< re_exception_check:405]discontinuous frame, now: 10183, last: 10181
[06:38:30.771] RX< [34m[AE] fid=10200,exp=9930,adg=288,Y=4685,mtg=180,shg=100,bgbv=1510,iso=288,cnv2,hdr0
[06:38:30.771] RX< [0m[34m[ME INTP]fid=10200, shutter=9930, perf=6(us), max=1881(us)!
[06:38:30.771] RX< [0m[7] [cam] [811633][me0][me_
[06:38:32.435] RX< core_thread:359]ME out fid 10200
[06:38:32.435] RX< [34m[AE] fid=10230,exp=9930,adg=288,Y=4680,mtg=180,shg=100,bgbv=1510,iso=288,cnv2,hdr0
[06:38:32.435] RX< [0m[7] [cam] [812633][me0][me_core_thread:359]ME out fid 10230
[06:38:32.435] RX< [34m[AE] fid=10260,exp=9930,adg=288,Y=4677,mtg=180,shg=100,bgbv=1510,i
[06:38:32.818] RX< so=288,cnv2,hdr0
[06:38:32.818] RX< [0m[34m[b_ae0 proc] perf=1011(us), max=1698(us)!
[06:38:32.818] RX< [0m[34m[awb0 proc] perf=3941(us), max=6671(us)!
[06:38:32.818] RX< [0m[RTMP] f_index = 10260, f_len = 8935
[06:38:32.818] RX< [7] [cam] [813633][me0][me_core_thread:359]ME out fid 10260
[06:38:32.818] RX< [34m[awb0 proc] perf=7137(us), max=
[06:38:33.784] RX< 7137(us)!
[06:38:33.784] RX< [0m[4] [cam] [813711][qpc0][qpc_core_exception_check:405]discontinuous frame, now: 10273, last: 10271
[06:38:33.784] RX< [34m[AE] fid=10290,exp=9930,adg=288,Y=4682,mtg=180,shg=100,bgbv=1510,iso=288,cnv2,hdr0
[06:38:33.784] RX< [0m[7] [cam] [814633][me0][me_core_thread:359]ME out f
[06:38:34.863] RX< id 10290
[06:38:34.863] RX< [34m[AE] fid=10320,exp=9930,adg=288,Y=4675,mtg=180,shg=100,bgbv=1510,iso=288,cnv2,hdr0
[06:38:34.863] RX< [0m[34m[ME INTP]fid=10320, shutter=9930, perf=6(us), max=715(us)!
[06:38:34.863] RX< [0m[7] [cam] [815633][me0][me_core_thread:359]ME out fid 10320
[06:38:34.863] RX< [4] [cam] [815710][qpc0][qp
[06:38:35.435] RX< c_core_exception_check:405]discontinuous frame, now: 10333, last: 10331
[06:38:35.435] RX< [34m[AE] fid=10350,exp=9930,adg=288,Y=4682,mtg=180,shg=100,bgbv=1510,iso=288,cnv2,hdr0
[06:38:35.435] RX< [0m[34m[b_ae0 proc] perf=1021(us), max=1760(us)!
[06:38:35.435] RX< [0m[34m[awb0 proc] perf=3828(us), max=7137
[06:38:36.430] RX< (us)!
[06:38:36.430] RX< [0m[RTMP] f_index = 10350, f_len = 20688
[06:38:36.430] RX< [7] [cam] [816633][me0][me_core_thread:359]ME out fid 10350
[06:38:36.430] RX< [4] [cam] [816711][qpc0][qpc_core_exception_check:405]discontinuous frame, now: 10363, last: 10361
[06:38:36.430] RX< [34m[AE] fid=10380,exp=9930,adg=288,Y=4674,mtg=1
[06:38:37.430] RX< 80,shg=100,bgbv=1507,iso=288,cnv2,hdr0
[06:38:37.430] RX< [0m[7] [cam] [817633][me0][me_core_thread:359]ME out fid 10380
[06:38:37.430] RX< [4] [cam] [817710][qpc0][qpc_core_exception_check:405]discontinuous frame, now: 10393, last: 10391
[06:38:37.430] RX< [34m[AE] fid=10410,exp=9930,adg=288,Y=4676,mtg=180,sh
[06:38:38.434] RX< g=100,bgbv=1510,iso=288,cnv2,hdr0
[06:38:38.434] RX< [0m[7] [cam] [818632][me0][me_core_thread:359]ME out fid 10410
[06:38:38.434] RX< [34m[awb0 proc] perf=6084(us), max=6084(us)!
[06:38:38.434] RX< [0m[4] [cam] [818710][qpc0][qpc_core_exception_check:405]discontinuous frame, now: 10423, last: 10421
[06:38:38.434] RX< [34m[AE]
[06:38:38.753] RX<  fid=10440,exp=9930,adg=288,Y=4678,mtg=180,shg=100,bgbv=1510,iso=288,cnv2,hdr0
[06:38:38.753] RX< [0m[34m[b_ae0 proc] perf=1154(us), max=4342(us)!
[06:38:38.753] RX< [0m[34m[awb0 proc] perf=3928(us), max=6084(us)!
[06:38:38.753] RX< [0m[34m[ME INTP]fid=10440, shutter=9930, perf=5(us), max=376(us)!
[06:38:38.753] RX< [0m[RT
[06:38:39.862] RX< MP] f_index = 10440, f_len = 20464
[06:38:39.862] RX< [7] [cam] [819632][me0][me_core_thread:359]ME out fid 10440
[06:38:39.862] RX< [34m[AE] fid=10470,exp=9930,adg=288,Y=4673,mtg=180,shg=100,bgbv=1507,iso=288,cnv2,hdr0
[06:38:39.862] RX< [0m[7] [cam] [820632][me0][me_core_thread:359]ME out fid 10470
[06:38:39.862] RX< [4] [cam]
[06:38:40.863] RX<  [820710][qpc0][qpc_core_exception_check:405]discontinuous frame, now: 10483, last: 10481
[06:38:40.863] RX< [34m[AE] fid=10500,exp=9930,adg=288,Y=4661,mtg=180,shg=100,bgbv=1503,iso=288,cnv2,hdr0
[06:38:40.863] RX< [0m[7] [cam] [821632][me0][me_core_thread:359]ME out fid 10500
[06:38:40.863] RX< [4] [cam] [821
[06:38:41.434] RX< 710][qpc0][qpc_core_exception_check:405]discontinuous frame, now: 10513, last: 10511
[06:38:41.434] RX< [34m[AE] fid=10530,exp=9930,adg=288,Y=4664,mtg=180,shg=100,bgbv=1507,iso=288,cnv2,hdr0
[06:38:41.434] RX< [0m[34m[b_ae0 proc] perf=1016(us), max=2335(us)!
[06:38:41.434] RX< [0m[34m[awb0 proc] perf=3974(
[06:38:42.429] RX< us), max=5967(us)!
[06:38:42.429] RX< [0m[RTMP] f_index = 10530, f_len = 8775
[06:38:42.429] RX< [7] [cam] [822632][me0][me_core_thread:359]ME out fid 10530
[06:38:42.429] RX< [4] [cam] [822710][qpc0][qpc_core_exception_check:405]discontinuous frame, now: 10543, last: 10541
[06:38:42.429] RX< [34m[AE] fid=10560,exp=9930,adg=288,
[06:38:42.862] RX< Y=4662,mtg=180,shg=100,bgbv=1503,iso=288,cnv2,hdr0
[06:38:42.862] RX< [0m[34m[ME INTP]fid=10560, shutter=9930, perf=7(us), max=969(us)!
[06:38:42.862] RX< [0m[7] [cam] [823632][me0][me_core_thread:359]ME out fid 10560
[06:38:42.862] RX< [34m[awb0 proc] perf=6614(us), max=6614(us)!
[06:38:42.862] RX< [0m[4] [cam] [823709][qpc0
[06:38:43.862] RX< ][qpc_core_exception_check:405]discontinuous frame, now: 10573, last: 10571
[06:38:43.862] RX< [34m[AE] fid=10590,exp=9930,adg=288,Y=4670,mtg=180,shg=100,bgbv=1507,iso=288,cnv2,hdr0
[06:38:43.862] RX< [0m[7] [cam] [824632][me0][me_core_thread:359]ME out fid 10590
[06:38:43.862] RX< [4] [cam] [824710][qpc0][qpc
[06:38:44.433] RX< _core_exception_check:405]discontinuous frame, now: 10603, last: 10601
[06:38:44.433] RX< [34m[AE] fid=10620,exp=9930,adg=288,Y=4681,mtg=180,shg=100,bgbv=1510,iso=288,cnv2,hdr0
[06:38:44.433] RX< [0m[34m[b_ae0 proc] perf=1025(us), max=3709(us)!
[06:38:44.433] RX< [0m[34m[awb0 proc] perf=4012(us), max=6614(
[06:38:45.780] RX< us)!
[06:38:45.780] RX< [0m[RTMP] f_index = 10620, f_len = 8918
[06:38:45.780] RX< [7] [cam] [825632][me0][me_core_thread:359]ME out fid 10620
[06:38:45.780] RX< [34m[AE] fid=10650,exp=9930,adg=288,Y=4686,mtg=180,shg=100,bgbv=1510,iso=288,cnv2,hdr0
[06:38:45.780] RX< [0m[7] [cam] [826631][me0][me_core_thread:359]ME out fid 1065
[06:38:46.528] RX< 0
[06:38:46.528] RX< [34m[awb0 proc] perf=7043(us), max=7043(us)!
[06:38:46.528] RX< [0m[4] [cam] [826708][qpc0][qpc_core_exception_check:405]discontinuous frame, now: 10663, last: 10661
[06:38:46.528] RX< [34m[AE] fid=10680,exp=9930,adg=288,Y=4686,mtg=180,shg=100,bgbv=1510,iso=288,cnv2,hdr0
[06:38:46.528] RX< [0m[34m[ME INTP
[06:38:47.433] RX< ]fid=10680, shutter=9930, perf=6(us), max=847(us)!
[06:38:47.433] RX< [0m[7] [cam] [827631][me0][me_core_thread:359]ME out fid 10680
[06:38:47.433] RX< [4] [cam] [827709][qpc0][qpc_core_exception_check:405]discontinuous frame, now: 10693, last: 10691
[06:38:47.433] RX< [34m[AE] fid=10710,exp=9930,adg=288,Y=467
[06:38:47.861] RX< 7,mtg=180,shg=100,bgbv=1510,iso=288,cnv2,hdr0
[06:38:47.861] RX< [0m[34m[b_ae0 proc] perf=1022(us), max=3673(us)!
[06:38:47.861] RX< [0m[34m[awb0 proc] perf=3839(us), max=7043(us)!
[06:38:47.861] RX< [0m[RTMP] f_index = 10710, f_len = 21325
[06:38:47.861] RX< [7] [cam] [828631][me0][me_core_thread:359]ME out fid 10710
[06:38:47.861] RX< [4] [c
[06:38:48.861] RX< am] [828709][qpc0][qpc_core_exception_check:405]discontinuous frame, now: 10723, last: 10721
[06:38:48.861] RX< [34m[AE] fid=10740,exp=9930,adg=288,Y=4678,mtg=180,shg=100,bgbv=1510,iso=288,cnv2,hdr0
[06:38:48.861] RX< [0m[7] [cam] [829631][me0][me_core_thread:359]ME out fid 10740
[06:38:48.861] RX< [4] [cam] [
[06:38:50.433] RX< 829708][qpc0][qpc_core_exception_check:405]discontinuous frame, now: 10753, last: 10751
[06:38:50.433] RX< [34m[AE] fid=10770,exp=9930,adg=288,Y=4676,mtg=180,shg=100,bgbv=1510,iso=288,cnv2,hdr0
[06:38:50.433] RX< [0m[7] [cam] [830631][me0][me_core_thread:359]ME out fid 10770
[06:38:50.433] RX< [34m[AE] fid=10
[06:38:50.752] RX< 800,exp=9930,adg=288,Y=4676,mtg=180,shg=100,bgbv=1510,iso=288,cnv2,hdr0
[06:38:50.752] RX< [0m[34m[b_ae0 proc] perf=933(us), max=2346(us)!
[06:38:50.752] RX< [0m[34m[awb0 proc] perf=3943(us), max=5983(us)!
[06:38:50.752] RX< [0m[34m[ME INTP]fid=10800, shutter=9930, perf=6(us), max=2333(us)!
[06:38:50.752] RX< [0m[RTMP] f_i
[06:38:52.427] RX< ndex = 10800, f_len = 9112
[06:38:52.427] RX< [7] [cam] [831631][me0][me_core_thread:359]ME out fid 10800
[06:38:52.427] RX< [34m[AE] fid=10830,exp=9930,adg=288,Y=4673,mtg=180,shg=100,bgbv=1507,iso=288,cnv2,hdr0
[06:38:52.427] RX< [0m[7] [cam] [832631][me0][me_core_thread:359]ME out fid 10830
[06:38:52.427] RX< [34m[AE] fid=108
[06:38:53.433] RX< 60,exp=9930,adg=288,Y=4668,mtg=180,shg=100,bgbv=1507,iso=288,cnv2,hdr0
[06:38:53.433] RX< [0m[7] [cam] [833630][me0][me_core_thread:359]ME out fid 10860
[06:38:53.433] RX< [4] [cam] [833708][qpc0][qpc_core_exception_check:405]discontinuous frame, now: 10873, last: 10871
[06:38:53.433] RX< [34m[AE] fid=10890,ex
[06:38:53.769] RX< p=9930,adg=288,Y=4669,mtg=180,shg=100,bgbv=1507,iso=288,cnv2,hdr0
[06:38:53.769] RX< [0m[34m[b_ae0 proc] perf=995(us), max=1626(us)!
[06:38:53.769] RX< [0m[34m[awb0 proc] perf=3949(us), max=5968(us)!
[06:38:53.769] RX< [0m[RTMP] f_index = 10890, f_len = 21010
[06:38:53.769] RX< [7] [cam] [834630][me0][me_core_thread:359]ME o
[06:38:54.529] RX< ut fid 10890
[06:38:54.529] RX< [4] [cam] [834708][qpc0][qpc_core_exception_check:405]discontinuous frame, now: 10903, last: 10901
[06:38:54.529] RX< [34m[AE] fid=10920,exp=9930,adg=288,Y=4666,mtg=180,shg=100,bgbv=1507,iso=288,cnv2,hdr0
[06:38:54.529] RX< [0m[34m[ME INTP]fid=10920, shutter=9930, perf=6(us), m
[06:38:56.432] RX< ax=498(us)!
[06:38:56.432] RX< [0m[7] [cam] [835630][me0][me_core_thread:359]ME out fid 10920
[06:38:56.432] RX< [34m[AE] fid=10950,exp=9930,adg=288,Y=4671,mtg=180,shg=100,bgbv=1507,iso=288,cnv2,hdr0
[06:38:56.432] RX< [0m[7] [cam] [836630][me0][me_core_thread:359]ME out fid 10950
[06:38:56.432] RX< [34m[AE] fid=10980,exp=9930
[06:38:56.768] RX< ,adg=288,Y=4671,mtg=180,shg=100,bgbv=1507,iso=288,cnv2,hdr0
[06:38:56.768] RX< [0m[34m[b_ae0 proc] perf=1043(us), max=3372(us)!
[06:38:56.768] RX< [0m[34m[awb0 proc] perf=3960(us), max=5996(us)!
[06:38:56.768] RX< [0m[RTMP] f_index = 10980, f_len = 8862
[06:38:56.768] RX< [7] [cam] [837630][me0][me_core_thread:359]ME out fid
[06:38:57.779] RX<  10980
[06:38:57.779] RX< [4] [cam] [837707][qpc0][qpc_core_exception_check:405]discontinuous frame, now: 10993, last: 10991
[06:38:57.779] RX< [34m[AE] fid=11010,exp=9930,adg=288,Y=4662,mtg=180,shg=100,bgbv=1503,iso=288,cnv2,hdr0
[06:38:57.779] RX< [0m[7] [cam] [838630][me0][me_core_thread:359]ME out fid 1101
[06:38:58.526] RX< 0
[06:38:58.526] RX< [4] [cam] [838707][qpc0][qpc_core_exception_check:405]discontinuous frame, now: 11023, last: 11021
[06:38:58.526] RX< [34m[AE] fid=11040,exp=9930,adg=288,Y=4663,mtg=180,shg=100,bgbv=1507,iso=288,cnv2,hdr0
[06:38:58.526] RX< [0m[34m[ME INTP]fid=11040, shutter=9930, perf=7(us), max=234(us)!
[06:38:59.431] RX< 
[06:38:59.431] RX< [0m[7] [cam] [839630][me0][me_core_thread:359]ME out fid 11040
[06:38:59.431] RX< [34m[awb0 proc] perf=7250(us), max=7250(us)!
[06:38:59.431] RX< [0m[4] [cam] [839707][qpc0][qpc_core_exception_check:405]discontinuous frame, now: 11053, last: 11051
[06:38:59.431] RX< [34m[AE] fid=11070,exp=9930,adg=288,Y=466
[06:39:00.426] RX< 0,mtg=180,shg=100,bgbv=1503,iso=288,cnv2,hdr0
[06:39:00.426] RX< [0m[34m[b_ae0 proc] perf=1127(us), max=4012(us)!
[06:39:00.426] RX< [0m[34m[awb0 proc] perf=3957(us), max=7250(us)!
[06:39:00.426] RX< [0m[RTMP] f_index = 11070, f_len = 9169
[06:39:00.426] RX< [7] [cam] [840629][me0][me_core_thread:359]ME out fid 11070
[06:39:00.426] RX< [34m[A
[06:39:00.859] RX< E] fid=11100,exp=9930,adg=288,Y=4661,mtg=180,shg=100,bgbv=1503,iso=288,cnv2,hdr0
[06:39:00.859] RX< [0m[7] [cam] [841629][me0][me_core_thread:359]ME out fid 11100
[06:39:00.859] RX< [34m[awb0 proc] perf=7174(us), max=7174(us)!
[06:39:00.859] RX< [0m[4] [cam] [841706][qpc0][qpc_core_exception_check:405]discont
[06:39:02.431] RX< inuous frame, now: 11113, last: 11111
[06:39:02.431] RX< [34m[AE] fid=11130,exp=9930,adg=288,Y=4662,mtg=180,shg=100,bgbv=1503,iso=288,cnv2,hdr0
[06:39:02.431] RX< [0m[7] [cam] [842629][me0][me_core_thread:359]ME out fid 11130
[06:39:02.431] RX< [34m[AE] fid=11160,exp=9930,adg=288,Y=4665,mtg=180,shg=100,bgbv=1
[06:39:02.766] RX< 507,iso=288,cnv2,hdr0
[06:39:02.766] RX< [0m[34m[b_ae0 proc] perf=1012(us), max=1306(us)!
[06:39:02.766] RX< [0m[34m[awb0 proc] perf=3948(us), max=7174(us)!
[06:39:02.766] RX< [0m[34m[ME INTP]fid=11160, shutter=9930, perf=373(us), max=2242(us)!
[06:39:02.766] RX< [0m[RTMP] f_index = 11160, f_len = 20597
[06:39:02.766] RX< [7] [cam] [843629][
[06:39:04.426] RX< me0][me_core_thread:359]ME out fid 11160
[06:39:04.426] RX< [34m[AE] fid=11190,exp=9930,adg=288,Y=4662,mtg=180,shg=100,bgbv=1503,iso=288,cnv2,hdr0
[06:39:04.426] RX< [0m[7] [cam] [844629][me0][me_core_thread:359]ME out fid 11190
[06:39:04.426] RX< [34m[AE] fid=11220,exp=9930,adg=288,Y=4663,mtg=180,shg=100,bgb
[06:39:05.430] RX< v=1507,iso=288,cnv2,hdr0
[06:39:05.430] RX< [0m[7] [cam] [845629][me0][me_core_thread:359]ME out fid 11220
[06:39:05.430] RX< [4] [cam] [845706][qpc0][qpc_core_exception_check:405]discontinuous frame, now: 11233, last: 11231
[06:39:05.430] RX< [34m[AE] fid=11250,exp=9930,adg=288,Y=4669,mtg=180,shg=100,bgbv=150
[06:39:05.814] RX< 7,iso=288,cnv2,hdr0
[06:39:05.814] RX< [0m[34m[b_ae0 proc] perf=1022(us), max=1385(us)!
[06:39:05.814] RX< [0m[34m[awb0 proc] perf=3944(us), max=4160(us)!
[06:39:05.814] RX< [0m[RTMP] f_index = 11250, f_len = 8894
[06:39:05.814] RX< [7] [cam] [846629][me0][me_core_thread:359]ME out fid 11250
[06:39:05.814] RX< [34m[awb0 proc] perf=7329(us), m
[06:39:06.525] RX< ax=7329(us)!
[06:39:06.525] RX< [0m[4] [cam] [846706][qpc0][qpc_core_exception_check:405]discontinuous frame, now: 11263, last: 11261
[06:39:06.525] RX< [34m[AE] fid=11280,exp=9930,adg=288,Y=4664,mtg=180,shg=100,bgbv=1507,iso=288,cnv2,hdr0
[06:39:06.525] RX< [0m[34m[ME INTP]fid=11280, shutter=9930, perf=6(us
[06:39:07.858] RX< ), max=2289(us)!
[06:39:07.858] RX< [0m[7] [cam] [847628][me0][me_core_thread:359]ME out fid 11280
[06:39:07.858] RX< [34m[AE] fid=11310,exp=9930,adg=288,Y=4665,mtg=180,shg=100,bgbv=1507,iso=288,cnv2,hdr0
[06:39:07.858] RX< [0m[7] [cam] [848628][me0][me_core_thread:359]ME out fid 11310
[06:39:07.858] RX< [4] [cam] [848706][qpc0
[06:39:08.429] RX< ][qpc_core_exception_check:405]discontinuous frame, now: 11323, last: 11321
[06:39:08.429] RX< [34m[AE] fid=11340,exp=9930,adg=288,Y=4669,mtg=180,shg=100,bgbv=1507,iso=288,cnv2,hdr0
[06:39:08.429] RX< [0m[34m[b_ae0 proc] perf=1140(us), max=1905(us)!
[06:39:08.429] RX< [0m[34m[awb0 proc] perf=4017(us), max=
[06:39:08.858] RX< 7329(us)!
[06:39:08.858] RX< [0m[RTMP] f_index = 11340, f_len = 14042
[06:39:08.858] RX< [7] [cam] [849628][me0][me_core_thread:359]ME out fid 11340
[06:39:08.858] RX< [34m[awb0 proc] perf=6828(us), max=6828(us)!
[06:39:08.858] RX< [0m[4] [cam] [849706][qpc0][qpc_core_exception_check:405]discontinuous frame, now: 11353, last: 1
[06:39:09.859] RX< 1351
[06:39:09.859] RX< [34m[AE] fid=11370,exp=9930,adg=288,Y=4664,mtg=180,shg=100,bgbv=1507,iso=288,cnv2,hdr0
[06:39:09.859] RX< [0m[7] [cam] [850628][me0][me_core_thread:359]ME out fid 11370
[06:39:09.859] RX< [4] [cam] [850706][qpc0][qpc_core_exception_check:405]discontinuous frame, now: 11383, last: 11381
[06:39:10.858] RX< [34m[AE] fid=11400,exp=9930,adg=288,Y=4666,mtg=180,shg=100,bgbv=1507,iso=288,cnv2,hdr0
[06:39:10.858] RX< [0m[34m[ME INTP]fid=11400, shutter=9930, perf=6(us), max=2576(us)!
[06:39:10.858] RX< [0m[7] [cam] [851628][me0][me_core_thread:359]ME out fid 11400
[06:39:10.858] RX< [4] [cam] [851705][qpc0][qpc_core_e
[06:39:11.432] RX< xception_check:405]discontinuous frame, now: 11413, last: 11411
[06:39:11.432] RX< [34m[AE] fid=11430,exp=9930,adg=288,Y=4662,mtg=180,shg=100,bgbv=1503,iso=288,cnv2,hdr0
[06:39:11.432] RX< [0m[34m[b_ae0 proc] perf=1087(us), max=4119(us)!
[06:39:11.432] RX< [0m[34m[awb0 proc] perf=3852(us), max=6828(us)!
[06:39:11.432] RX< [
[06:39:12.808] RX< 0m[RTMP] f_index = 11430, f_len = 21528
[06:39:12.808] RX< [7] [cam] [852628][me0][me_core_thread:359]ME out fid 11430
[06:39:12.808] RX< [34m[AE] fid=11460,exp=9930,adg=288,Y=4665,mtg=180,shg=100,bgbv=1507,iso=288,cnv2,hdr0
[06:39:12.808] RX< [0m[7] [cam] [853628][me0][me_core_thread:359]ME out fid 11460
[06:39:12.808] RX< [34
[06:39:13.778] RX< m[awb0 proc] perf=7159(us), max=7159(us)!
[06:39:13.778] RX< [0m[4] [cam] [853705][qpc0][qpc_core_exception_check:405]discontinuous frame, now: 11473, last: 11471
[06:39:13.778] RX< [34m[AE] fid=11490,exp=9930,adg=288,Y=4670,mtg=180,shg=100,bgbv=1507,iso=288,cnv2,hdr0
[06:39:13.778] RX< [0m[7] [cam] [854628][
[06:39:14.429] RX< me0][me_core_thread:359]ME out fid 11490
[06:39:14.429] RX< [4] [cam] [854705][qpc0][qpc_core_exception_check:405]discontinuous frame, now: 11503, last: 11501
[06:39:14.429] RX< [34m[AE] fid=11520,exp=9930,adg=288,Y=4662,mtg=180,shg=100,bgbv=1503,iso=288,cnv2,hdr0
[06:39:14.429] RX< [0m[34m[b_ae0 proc] perf=1
[06:39:14.813] RX< 022(us), max=1923(us)!
[06:39:14.813] RX< [0m[34m[awb0 proc] perf=3929(us), max=7159(us)!
[06:39:14.813] RX< [0m[34m[ME INTP]fid=11520, shutter=9930, perf=234(us), max=1314(us)!
[06:39:14.813] RX< [0m[RTMP] f_index = 11520, f_len = 9537
[06:39:14.813] RX< [7] [cam] [855627][me0][me_core_thread:359]ME out fid 11520
[06:39:14.813] RX< [34m[awb0
[06:39:15.776] RX<  proc] perf=8409(us), max=8409(us)!
[06:39:15.776] RX< [0m[4] [cam] [855705][qpc0][qpc_core_exception_check:405]discontinuous frame, now: 11533, last: 11531
[06:39:15.776] RX< [34m[AE] fid=11550,exp=9930,adg=288,Y=4665,mtg=180,shg=100,bgbv=1507,iso=288,cnv2,hdr0
[06:39:15.776] RX< [0m[7] [cam] [856627][me0][m
[06:39:16.423] RX< e_core_thread:359]ME out fid 11550
[06:39:16.423] RX< [34m[awb0 proc] perf=7685(us), max=8409(us)!
[06:39:16.423] RX< [0m[4] [cam] [856704][qpc0][qpc_core_exception_check:405]discontinuous frame, now: 11563, last: 11561
[06:39:16.423] RX< [34m[AE] fid=11580,exp=9930,adg=288,Y=4662,mtg=180,shg=100,bgbv=1503,is
[06:39:17.429] RX< o=288,cnv2,hdr0
[06:39:17.429] RX< [0m[7] [cam] [857627][me0][me_core_thread:359]ME out fid 11580
[06:39:17.429] RX< [4] [cam] [857705][qpc0][qpc_core_exception_check:405]discontinuous frame, now: 11593, last: 11591
[06:39:17.429] RX< [34m[AE] fid=11610,exp=9930,adg=288,Y=4666,mtg=180,shg=100,bgbv=1507,iso=288
[06:39:17.857] RX< ,cnv2,hdr0
[06:39:17.857] RX< [0m[34m[b_ae0 proc] perf=1140(us), max=3726(us)!
[06:39:17.857] RX< [0m[34m[awb0 proc] perf=4032(us), max=7685(us)!
[06:39:17.857] RX< [0m[RTMP] f_index = 11610, f_len = 9231
[06:39:17.857] RX< [7] [cam] [858627][me0][me_core_thread:359]ME out fid 11610
[06:39:17.857] RX< [4] [cam] [858705][qpc0][qpc_core_exceptio
[06:39:18.764] RX< n_check:405]discontinuous frame, now: 11623, last: 11621
[06:39:18.764] RX< [34m[AE] fid=11640,exp=9930,adg=288,Y=4667,mtg=180,shg=100,bgbv=1507,iso=288,cnv2,hdr0
[06:39:18.764] RX< [0m[34m[ME INTP]fid=11640, shutter=9930, perf=6(us), max=2301(us)!
[06:39:18.764] RX< [0m[7] [cam] [859627][me0][me_core_thread
[06:39:19.775] RX< :359]ME out fid 11640
[06:39:19.775] RX< [4] [cam] [859704][qpc0][qpc_core_exception_check:405]discontinuous frame, now: 11653, last: 11651
[06:39:19.775] RX< [34m[AE] fid=11670,exp=9930,adg=288,Y=4670,mtg=180,shg=100,bgbv=1507,iso=288,cnv2,hdr0
[06:39:19.775] RX< [0m[7] [cam] [860627][me0][me_core_thread:359]
[06:39:20.427] RX< ME out fid 11670
[06:39:20.427] RX< [4] [cam] [860704][qpc0][qpc_core_exception_check:405]discontinuous frame, now: 11683, last: 11681
[06:39:20.427] RX< [34m[AE] fid=11700,exp=9930,adg=288,Y=4667,mtg=180,shg=100,bgbv=1507,iso=288,cnv2,hdr0
[06:39:20.427] RX< [0m[34m[b_ae0 proc] perf=1020(us), max=2009(us)!
[06:39:21.423] RX< [0m[34m[awb0 proc] perf=4036(us), max=5969(us)!
[06:39:21.423] RX< [0m[RTMP] f_index = 11700, f_len = 9209
[06:39:21.423] RX< [7] [cam] [861627][me0][me_core_thread:359]ME out fid 11700
[06:39:21.423] RX< [4] [cam] [861704][qpc0][qpc_core_exception_check:405]discontinuous frame, now: 11713, last: 11711
[06:39:21.423] RX< [34m[
[06:39:22.523] RX< AE] fid=11730,exp=9930,adg=288,Y=4668,mtg=180,shg=100,bgbv=1507,iso=288,cnv2,hdr0
[06:39:22.523] RX< [0m[7] [cam] [862626][me0][me_core_thread:359]ME out fid 11730
[06:39:22.523] RX< [34m[AE] fid=11760,exp=9930,adg=288,Y=4665,mtg=180,shg=100,bgbv=1507,iso=288,cnv2,hdr0
[06:39:22.523] RX< [0m[34m[ME INTP]fid=
[06:39:23.428] RX< 11760, shutter=9930, perf=6(us), max=580(us)!
[06:39:23.428] RX< [0m[7] [cam] [863626][me0][me_core_thread:359]ME out fid 11760
[06:39:23.428] RX< [34m[AE] fid=11790,exp=9930,adg=288,Y=4669,mtg=180,shg=100,bgbv=1507,iso=288,cnv2,hdr0
[06:39:23.428] RX< [0m[34m[b_ae0 proc] perf=1029(us), max=4381(us)!
[06:39:23.428] RX< [0m[
[06:39:24.775] RX< 34m[awb0 proc] perf=3938(us), max=5936(us)!
[06:39:24.775] RX< [0m[RTMP] f_index = 11790, f_len = 20612
[06:39:24.775] RX< [7] [cam] [864626][me0][me_core_thread:359]ME out fid 11790
[06:39:24.775] RX< [34m[AE] fid=11820,exp=9930,adg=288,Y=4665,mtg=180,shg=100,bgbv=1507,iso=288,cnv2,hdr0
[06:39:24.775] RX< [0m[7] [cam] [865626]
[06:39:25.775] RX< [me0][me_core_thread:359]ME out fid 11820
[06:39:25.775] RX< [4] [cam] [865704][qpc0][qpc_core_exception_check:405]discontinuous frame, now: 11833, last: 11831
[06:39:25.775] RX< [34m[AE] fid=11850,exp=9930,adg=288,Y=4664,mtg=180,shg=100,bgbv=1507,iso=288,cnv2,hdr0
[06:39:25.775] RX< [0m[7] [cam] [866626][me0]
[06:39:26.523] RX< [me_core_thread:359]ME out fid 11850
[06:39:26.523] RX< [34m[AE] fid=11880,exp=9930,adg=288,Y=4657,mtg=180,shg=100,bgbv=1503,iso=288,cnv2,hdr0
[06:39:26.523] RX< [0m[34m[b_ae0 proc] perf=1019(us), max=4591(us)!
[06:39:26.523] RX< [0m[34m[awb0 proc] perf=3842(us), max=5984(us)!
[06:39:26.523] RX< [0m[34m[ME INTP]fid=11880, 
[06:39:27.422] RX< shutter=9930, perf=6(us), max=801(us)!
[06:39:27.422] RX< [0m[RTMP] f_index = 11880, f_len = 9052
[06:39:27.422] RX< [7] [cam] [867626][me0][me_core_thread:359]ME out fid 11880
[06:39:27.422] RX< [4] [cam] [867703][qpc0][qpc_core_exception_check:405]discontinuous frame, now: 11893, last: 11891
[06:39:27.422] RX< [34m[AE] fid=119
[06:39:28.775] RX< 10,exp=9930,adg=288,Y=4658,mtg=180,shg=100,bgbv=1503,iso=288,cnv2,hdr0
[06:39:28.775] RX< [0m[7] [cam] [868626][me0][me_core_thread:359]ME out fid 11910
[06:39:28.775] RX< [34m[AE] fid=11940,exp=9930,adg=288,Y=4659,mtg=180,shg=100,bgbv=1503,iso=288,cnv2,hdr0
[06:39:28.775] RX< [0m[7] [cam] [869625][me0][me_co
[06:39:29.747] RX< re_thread:359]ME out fid 11940
[06:39:29.747] RX< [34m[AE] fid=11970,exp=9930,adg=288,Y=4660,mtg=180,shg=100,bgbv=1503,iso=288,cnv2,hdr0
[06:39:29.747] RX< [0m[34m[b_ae0 proc] perf=1018(us), max=2305(us)!
[06:39:29.747] RX< [0m[34m[awb0 proc] perf=3933(us), max=5995(us)!
[06:39:29.747] RX< [0m[RTMP] f_index = 11970, f_len =
[06:39:30.422] RX<  16462
[06:39:30.422] RX< [7] [cam] [870625][me0][me_core_thread:359]ME out fid 11970
[06:39:30.422] RX< [34m[awb0 proc] perf=6325(us), max=6325(us)!
[06:39:30.422] RX< [0m[4] [cam] [870704][qpc0][qpc_core_exception_check:405]discontinuous frame, now: 11983, last: 11981
[06:39:30.422] RX< [34m[AE] fid=12000,exp=10070,adg=294,Y=
[06:39:31.422] RX< 4990,mtg=180,shg=100,bgbv=1502,iso=294,cnv2,hdr0
[06:39:31.422] RX< [0m[34m[ME INTP]fid=12000, shutter=10070, perf=3200(us), max=7384(us)!
[06:39:31.422] RX< [0m[7] [cam] [871625][me0][me_core_thread:359]ME out fid 12000
[06:39:31.422] RX< [34m[AE] fid=12030,exp=10030,adg=288,Y=4694,mtg=180,shg=100,bgbv=1502
[06:39:32.427] RX< ,iso=288,cnv2,hdr0
[06:39:32.427] RX< [0m[7] [cam] [872625][me0][me_core_thread:359]ME out fid 12030
[06:39:32.427] RX< [4] [cam] [872702][qpc0][qpc_core_exception_check:405]discontinuous frame, now: 12043, last: 12041
[06:39:32.427] RX< [34m[AE] fid=12060,exp=10030,adg=288,Y=4700,mtg=180,shg=100,bgbv=1506,iso
[06:39:33.422] RX< =288,cnv2,hdr0
[06:39:33.422] RX< [0m[34m[b_ae0 proc] perf=1037(us), max=1149(us)!
[06:39:33.422] RX< [0m[34m[awb0 proc] perf=3958(us), max=6325(us)!
[06:39:33.422] RX< [0m[RTMP] f_index = 12060, f_len = 9161
[06:39:33.422] RX< [7] [cam] [873625][me0][me_core_thread:359]ME out fid 12060
[06:39:33.422] RX< [34m[AE] fid=12090,exp=10030,adg=288,
[06:39:33.854] RX< Y=4704,mtg=180,shg=100,bgbv=1506,iso=288,cnv2,hdr0
[06:39:33.854] RX< [0m[7] [cam] [874625][me0][me_core_thread:359]ME out fid 12090
[06:39:33.854] RX< [34m[awb0 proc] perf=6933(us), max=6933(us)!
[06:39:33.854] RX< [0m[4] [cam] [874701][qpc0][qpc_core_exception_check:405]discontinuous frame, now: 12103, last
[06:39:34.855] RX< : 12101
[06:39:34.855] RX< [34m[AE] fid=12120,exp=10030,adg=288,Y=4705,mtg=180,shg=100,bgbv=1506,iso=288,cnv2,hdr0
[06:39:34.855] RX< [0m[34m[ME INTP]fid=12120, shutter=10030, perf=5(us), max=3417(us)!
[06:39:34.855] RX< [0m[7] [cam] [875625][me0][me_core_thread:359]ME out fid 12120
[06:39:34.855] RX< [4] [cam] [875702][qpc0][
[06:39:35.426] RX< qpc_core_exception_check:405]discontinuous frame, now: 12133, last: 12131
[06:39:35.426] RX< [34m[AE] fid=12150,exp=10030,adg=288,Y=4710,mtg=180,shg=100,bgbv=1506,iso=288,cnv2,hdr0
[06:39:35.426] RX< [0m[34m[b_ae0 proc] perf=1008(us), max=3669(us)!
[06:39:35.426] RX< [0m[34m[awb0 proc] perf=3835(us), max=6
[06:39:36.421] RX< 933(us)!
[06:39:36.421] RX< [0m[RTMP] f_index = 12150, f_len = 20737
[06:39:36.421] RX< [7] [cam] [876625][me0][me_core_thread:359]ME out fid 12150
[06:39:36.421] RX< [4] [cam] [876702][qpc0][qpc_core_exception_check:405]discontinuous frame, now: 12163, last: 12161
[06:39:36.421] RX< [34m[AE] fid=12180,exp=10000,adg=288,Y=4699,m
[06:39:37.421] RX< tg=180,shg=100,bgbv=1506,iso=288,cnv2,hdr0
[06:39:37.421] RX< [0m[7] [cam] [877624][me0][me_core_thread:359]ME out fid 12180
[06:39:37.421] RX< [4] [cam] [877702][qpc0][qpc_core_exception_check:405]discontinuous frame, now: 12193, last: 12191
[06:39:37.421] RX< [34m[AE] fid=12210,exp=10000,adg=288,Y=4698,mtg=1
[06:39:38.426] RX< 80,shg=100,bgbv=1506,iso=288,cnv2,hdr0
[06:39:38.426] RX< [0m[7] [cam] [878624][me0][me_core_thread:359]ME out fid 12210
[06:39:38.426] RX< [34m[AE] fid=12240,exp=10000,adg=288,Y=4696,mtg=180,shg=100,bgbv=1506,iso=288,cnv2,hdr0
[06:39:38.426] RX< [0m[34m[b_ae0 proc] perf=1134(us), max=1758(us)!
[06:39:38.426] RX< [0m[34m[aw
[06:39:39.420] RX< b0 proc] perf=3939(us), max=5967(us)!
[06:39:39.420] RX< [0m[34m[ME INTP]fid=12240, shutter=10000, perf=6(us), max=2609(us)!
[06:39:39.420] RX< [0m[RTMP] f_index = 12240, f_len = 20509
[06:39:39.420] RX< [7] [cam] [879624][me0][me_core_thread:359]ME out fid 12240
[06:39:39.420] RX< [34m[AE] fid=12270,exp=10000,adg=288,Y=4698,m
[06:39:40.420] RX< tg=180,shg=100,bgbv=1506,iso=288,cnv2,hdr0
[06:39:40.420] RX< [0m[7] [cam] [880624][me0][me_core_thread:359]ME out fid 12270
[06:39:40.420] RX< [4] [cam] [880702][qpc0][qpc_core_exception_check:405]discontinuous frame, now: 12283, last: 12281
[06:39:40.420] RX< [34m[AE] fid=12300,exp=10000,adg=288,Y=4698,mtg=1
[06:39:41.425] RX< 80,shg=100,bgbv=1506,iso=288,cnv2,hdr0
[06:39:41.425] RX< [0m[7] [cam] [881624][me0][me_core_thread:359]ME out fid 12300
[06:39:41.425] RX< [34m[awb0 proc] perf=8217(us), max=8217(us)!
[06:39:41.425] RX< [0m[4] [cam] [881701][qpc0][qpc_core_exception_check:405]discontinuous frame, now: 12313, last: 12311
[06:39:41.425] RX< [34
[06:39:41.761] RX< m[AE] fid=12330,exp=10000,adg=288,Y=4698,mtg=180,shg=100,bgbv=1506,iso=288,cnv2,hdr0
[06:39:41.761] RX< [0m[34m[b_ae0 proc] perf=1023(us), max=3683(us)!
[06:39:41.761] RX< [0m[34m[awb0 proc] perf=3955(us), max=8217(us)!
[06:39:41.761] RX< [0m[RTMP] f_index = 12330, f_len = 8773
[06:39:41.761] RX< [7] [cam] [882624][me0][me_c
[06:39:43.420] RX< ore_thread:359]ME out fid 12330
[06:39:43.420] RX< [34m[AE] fid=12360,exp=10000,adg=288,Y=4696,mtg=180,shg=100,bgbv=1506,iso=288,cnv2,hdr0
[06:39:43.420] RX< [0m[34m[ME INTP]fid=12360, shutter=10000, perf=5(us), max=795(us)!
[06:39:43.420] RX< [0m[7] [cam] [883624][me0][me_core_thread:359]ME out fid 12360
[06:39:43.420] RX< [
[06:39:44.425] RX< 34m[AE] fid=12390,exp=10000,adg=288,Y=4696,mtg=180,shg=100,bgbv=1506,iso=288,cnv2,hdr0
[06:39:44.425] RX< [0m[7] [cam] [884623][me0][me_core_thread:359]ME out fid 12390
[06:39:44.425] RX< [4] [cam] [884701][qpc0][qpc_core_exception_check:405]discontinuous frame, now: 12403, last: 12401
[06:39:44.425] RX< [34m[
[06:39:44.761] RX< AE] fid=12420,exp=10000,adg=288,Y=4699,mtg=180,shg=100,bgbv=1506,iso=288,cnv2,hdr0
[06:39:44.761] RX< [0m[34m[b_ae0 proc] perf=1020(us), max=3816(us)!
[06:39:44.761] RX< [0m[34m[awb0 proc] perf=3971(us), max=4748(us)!
[06:39:44.761] RX< [0m[RTMP] f_index = 12420, f_len = 20115
[06:39:44.761] RX< [7] [cam] [885623][me0][me_co
[06:39:45.775] RX< re_thread:359]ME out fid 12420
[06:39:45.775] RX< [4] [cam] [885701][qpc0][qpc_core_exception_check:405]discontinuous frame, now: 12433, last: 12431
[06:39:45.775] RX< [34m[AE] fid=12450,exp=10140,adg=300,Y=4229,mtg=180,shg=100,bgbv=1323,iso=300,cnv2,hdr0
[06:39:45.775] RX< [0m[7] [cam] [886623][me0][me_core_t
[06:39:47.404] RX< hread:359]ME out fid 12450
[06:39:47.404] RX< [34m[AE] fid=12480,exp=10100,adg=288,Y=4723,mtg=180,shg=100,bgbv=1506,iso=288,cnv2,hdr0
[06:39:47.404] RX< [0m[34m[ME INTP]fid=12480, shutter=10100, perf=3987(us), max=3987(us)!
[06:39:47.404] RX< [0m[7] [cam] [887623][me0][me_core_thread:359]ME out fid 12480
[06:39:47.404] RX< [3
[06:39:47.761] RX< 4m[AE] fid=12510,exp=10000,adg=288,Y=4716,mtg=180,shg=100,bgbv=1510,iso=288,cnv2,hdr0
[06:39:47.761] RX< [0m[34m[b_ae0 proc] perf=1145(us), max=1817(us)!
[06:39:47.761] RX< [0m[34m[awb0 proc] perf=3959(us), max=4830(us)!
[06:39:47.761] RX< [0m[RTMP] f_index = 12510, f_len = 13794
[06:39:47.761] RX< [7] [cam] [888623][me0][me
[06:39:48.419] RX< _core_thread:359]ME out fid 12510
[06:39:48.419] RX< [34m[awb0 proc] perf=7218(us), max=7218(us)!
[06:39:48.419] RX< [0m[4] [cam] [888700][qpc0][qpc_core_exception_check:405]discontinuous frame, now: 12523, last: 12521
[06:39:48.419] RX< [34m[AE] fid=12540,exp=10000,adg=288,Y=4699,mtg=180,shg=100,bgbv=1506,is
[06:39:49.803] RX< o=288,cnv2,hdr0
[06:39:49.803] RX< [0m[7] [cam] [889623][me0][me_core_thread:359]ME out fid 12540
[06:39:49.803] RX< [34m[AE] fid=12570,exp=10000,adg=288,Y=4695,mtg=180,shg=100,bgbv=1506,iso=288,cnv2,hdr0
[06:39:49.803] RX< [0m[7] [cam] [890623][me0][me_core_thread:359]ME out fid 12570
[06:39:49.803] RX< [34m[awb0 proc] perf=7
[06:39:50.424] RX< 322(us), max=7322(us)!
[06:39:50.424] RX< [0m[4] [cam] [890700][qpc0][qpc_core_exception_check:405]discontinuous frame, now: 12583, last: 12581
[06:39:50.424] RX< [34m[AE] fid=12600,exp=10000,adg=288,Y=4692,mtg=180,shg=100,bgbv=1506,iso=288,cnv2,hdr0
[06:39:50.424] RX< [0m[34m[b_ae0 proc] perf=1027(us), max=
[06:39:51.419] RX< 3425(us)!
[06:39:51.419] RX< [0m[34m[awb0 proc] perf=3948(us), max=7322(us)!
[06:39:51.419] RX< [0m[34m[ME INTP]fid=12600, shutter=10000, perf=6(us), max=5326(us)!
[06:39:51.419] RX< [0m[RTMP] f_index = 12600, f_len = 21164
[06:39:51.419] RX< [7] [cam] [891622][me0][me_core_thread:359]ME out fid 12600
[06:39:51.419] RX< [34m[AE] fid=12630,exp
[06:39:52.418] RX< =10000,adg=288,Y=4691,mtg=180,shg=100,bgbv=1506,iso=288,cnv2,hdr0
[06:39:52.418] RX< [0m[7] [cam] [892622][me0][me_core_thread:359]ME out fid 12630
[06:39:52.418] RX< [4] [cam] [892700][qpc0][qpc_core_exception_check:405]discontinuous frame, now: 12643, last: 12641
[06:39:52.418] RX< [34m[AE] fid=12660,exp=100
[06:39:53.424] RX< 00,adg=288,Y=4687,mtg=180,shg=100,bgbv=1502,iso=288,cnv2,hdr0
[06:39:53.424] RX< [0m[7] [cam] [893622][me0][me_core_thread:359]ME out fid 12660
[06:39:53.424] RX< [4] [cam] [893700][qpc0][qpc_core_exception_check:405]discontinuous frame, now: 12673, last: 12671
[06:39:53.424] RX< [34m[AE] fid=12690,exp=10000,a
[06:39:53.760] RX< dg=288,Y=4693,mtg=180,shg=100,bgbv=1506,iso=288,cnv2,hdr0
[06:39:53.760] RX< [0m[34m[b_ae0 proc] perf=1013(us), max=2352(us)!
[06:39:53.760] RX< [0m[34m[awb0 proc] perf=3941(us), max=4086(us)!
[06:39:53.760] RX< [0m[RTMP] f_index = 12690, f_len = 9057
[06:39:53.760] RX< [7] [cam] [894622][me0][me_core_thread:359]ME out fid 1
[06:39:54.519] RX< 2690
[06:39:54.519] RX< [4] [cam] [894700][qpc0][qpc_core_exception_check:405]discontinuous frame, now: 12703, last: 12701
[06:39:54.519] RX< [34m[AE] fid=12720,exp=10000,adg=288,Y=4692,mtg=180,shg=100,bgbv=1506,iso=288,cnv2,hdr0
[06:39:54.519] RX< [0m[34m[ME INTP]fid=12720, shutter=10000, perf=6(us), max=580
[06:39:55.419] RX< (us)!
[06:39:55.419] RX< [0m[7] [cam] [895622][me0][me_core_thread:359]ME out fid 12720
[06:39:55.419] RX< [4] [cam] [895700][qpc0][qpc_core_exception_check:405]discontinuous frame, now: 12733, last: 12731
[06:39:55.419] RX< [34m[AE] fid=12750,exp=10000,adg=288,Y=4693,mtg=180,shg=100,bgbv=1506,iso=288,cnv2,hdr
[06:39:56.423] RX< 0
[06:39:56.423] RX< [0m[7] [cam] [896622][me0][me_core_thread:359]ME out fid 12750
[06:39:56.423] RX< [4] [cam] [896699][qpc0][qpc_core_exception_check:405]discontinuous frame, now: 12763, last: 12761
[06:39:56.423] RX< [34m[AE] fid=12780,exp=10000,adg=288,Y=4697,mtg=180,shg=100,bgbv=1506,iso=288,cnv2,hdr0
[06:39:56.423] RX< [
[06:39:57.419] RX< 0m[34m[b_ae0 proc] perf=1130(us), max=4330(us)!
[06:39:57.419] RX< [0m[34m[awb0 proc] perf=3940(us), max=4665(us)!
[06:39:57.419] RX< [0m[RTMP] f_index = 12780, f_len = 20755
[06:39:57.419] RX< [7] [cam] [897622][me0][me_core_thread:359]ME out fid 12780
[06:39:57.419] RX< [34m[awb0 proc] perf=6005(us), max=6005(us)!
[06:39:57.419] RX< [0m[34
[06:39:58.518] RX< m[AE] fid=12810,exp=10000,adg=288,Y=4706,mtg=180,shg=100,bgbv=1510,iso=288,cnv2,hdr0
[06:39:58.518] RX< [0m[7] [cam] [898622][me0][me_core_thread:359]ME out fid 12810
[06:39:58.518] RX< [34m[AE] fid=12840,exp=10000,adg=288,Y=4704,mtg=180,shg=100,bgbv=1510,iso=288,cnv2,hdr0
[06:39:58.518] RX< [0m[34m[ME INTP]
[06:39:59.422] RX< fid=12840, shutter=10000, perf=7(us), max=1152(us)!
[06:39:59.422] RX< [0m[7] [cam] [899621][me0][me_core_thread:359]ME out fid 12840
[06:39:59.422] RX< [34m[AE] fid=12870,exp=10000,adg=288,Y=4709,mtg=180,shg=100,bgbv=1510,iso=288,cnv2,hdr0
[06:39:59.422] RX< [0m[34m[b_ae0 proc] perf=1018(us), max=1134(us)!
[06:39:59.852] RX< 
[06:39:59.852] RX< [0m[34m[awb0 proc] perf=3926(us), max=6005(us)!
[06:39:59.852] RX< [0m[RTMP] f_index = 12870, f_len = 20676
[06:39:59.852] RX< [7] [cam] [900621][me0][me_core_thread:359]ME out fid 12870
[06:39:59.852] RX< [34m[awb0 proc] perf=6105(us), max=6105(us)!
[06:39:59.852] RX< [0m[4] [cam] [900699][qpc0][qpc_core_exception_check:405
[06:40:01.418] RX< ]discontinuous frame, now: 12883, last: 12881
[06:40:01.418] RX< [34m[AE] fid=12900,exp=10000,adg=288,Y=4704,mtg=180,shg=100,bgbv=1510,iso=288,cnv2,hdr0
[06:40:01.418] RX< [0m[7] [cam] [901621][me0][me_core_thread:359]ME out fid 12900
[06:40:01.418] RX< [34m[AE] fid=12930,exp=10000,adg=288,Y=4708,mtg=180,shg=
[06:40:02.422] RX< 100,bgbv=1510,iso=288,cnv2,hdr0
[06:40:02.422] RX< [0m[7] [cam] [902621][me0][me_core_thread:359]ME out fid 12930
[06:40:02.422] RX< [34m[AE] fid=12960,exp=10000,adg=288,Y=4702,mtg=180,shg=100,bgbv=1510,iso=288,cnv2,hdr0
[06:40:02.422] RX< [0m[34m[b_ae0 proc] perf=1022(us), max=1171(us)!
[06:40:02.422] RX< [0m[34m[awb0 proc
[06:40:03.417] RX< ] perf=3929(us), max=6105(us)!
[06:40:03.417] RX< [0m[34m[ME INTP]fid=12960, shutter=10000, perf=6(us), max=7(us)!
[06:40:03.417] RX< [0m[RTMP] f_index = 12960, f_len = 20424
[06:40:03.417] RX< [7] [cam] [903621][me0][me_core_thread:359]ME out fid 12960
[06:40:03.417] RX< [34m[AE] fid=12990,exp=10000,adg=288,Y=4706,mtg=180,shg
[06:40:04.417] RX< =100,bgbv=1510,iso=288,cnv2,hdr0
[06:40:04.417] RX< [0m[7] [cam] [904621][me0][me_core_thread:359]ME out fid 12990
[06:40:04.417] RX< [34m[awb0 proc] perf=6397(us), max=6397(us)!
[06:40:04.417] RX< [0m[4] [cam] [904698][qpc0][qpc_core_exception_check:405]discontinuous frame, now: 13003, last: 13001
[06:40:04.417] RX< [34m[AE] 
[06:40:05.421] RX< fid=13020,exp=10000,adg=288,Y=4713,mtg=180,shg=100,bgbv=1514,iso=288,cnv2,hdr0
[06:40:05.421] RX< [0m[7] [cam] [905621][me0][me_core_thread:359]ME out fid 13020
[06:40:05.421] RX< [34m[AE] fid=13050,exp=10000,adg=288,Y=4711,mtg=180,shg=100,bgbv=1510,iso=288,cnv2,hdr0
[06:40:05.421] RX< [0m[34m[b_ae0 proc] pe
[06:40:05.851] RX< rf=1017(us), max=3549(us)!
[06:40:05.851] RX< [0m[34m[awb0 proc] perf=3817(us), max=6397(us)!
[06:40:05.851] RX< [0m[RTMP] f_index = 13050, f_len = 8777
[06:40:05.851] RX< [7] [cam] [906620][me0][me_core_thread:359]ME out fid 13050
[06:40:05.851] RX< [4] [cam] [906698][qpc0][qpc_core_exception_check:405]discontinuous frame, no
[06:40:06.805] RX< w: 13063, last: 13061
[06:40:06.805] RX< [34m[AE] fid=13080,exp=10000,adg=288,Y=4717,mtg=180,shg=100,bgbv=1514,iso=288,cnv2,hdr0
[06:40:06.805] RX< [0m[34m[ME INTP]fid=13080, shutter=10000, perf=5(us), max=4459(us)!
[06:40:06.805] RX< [0m[7] [cam] [907620][me0][me_core_thread:359]ME out fid 13080
[06:40:06.805] RX< [34m[awb0 
[06:40:07.769] RX< proc] perf=6026(us), max=6026(us)!
[06:40:07.769] RX< [0m[4] [cam] [907698][qpc0][qpc_core_exception_check:405]discontinuous frame, now: 13093, last: 13091
[06:40:07.769] RX< [34m[AE] fid=13110,exp=10000,adg=288,Y=4713,mtg=180,shg=100,bgbv=1514,iso=288,cnv2,hdr0
[06:40:07.769] RX< [0m[7] [cam] [908620][me0][m
[06:40:08.421] RX< e_core_thread:359]ME out fid 13110
[06:40:08.421] RX< [4] [cam] [908698][qpc0][qpc_core_exception_check:405]discontinuous frame, now: 13123, last: 13121
[06:40:08.421] RX< [34m[AE] fid=13140,exp=9970,adg=288,Y=4722,mtg=180,shg=100,bgbv=1514,iso=288,cnv2,hdr0
[06:40:08.421] RX< [0m[34m[b_ae0 proc] perf=996(us)
[06:40:08.850] RX< , max=1920(us)!
[06:40:08.850] RX< [0m[34m[awb0 proc] perf=3956(us), max=6026(us)!
[06:40:08.850] RX< [0m[RTMP] f_index = 13140, f_len = 13730
[06:40:08.850] RX< [7] [cam] [909620][me0][me_core_thread:359]ME out fid 13140
[06:40:08.850] RX< [34m[awb0 proc] perf=6950(us), max=6950(us)!
[06:40:08.850] RX< [0m[4] [cam] [909698][qpc0][qpc_core_exc
[06:40:09.849] RX< eption_check:405]discontinuous frame, now: 13153, last: 13151
[06:40:09.849] RX< [34m[AE] fid=13170,exp=9930,adg=288,Y=4687,mtg=180,shg=100,bgbv=1510,iso=288,cnv2,hdr0
[06:40:09.849] RX< [0m[7] [cam] [910620][me0][me_core_thread:359]ME out fid 13170
[06:40:09.849] RX< [4] [cam] [910697][qpc0][qpc_core_exceptio
[06:40:10.756] RX< n_check:405]discontinuous frame, now: 13183, last: 13181
[06:40:10.756] RX< [34m[AE] fid=13200,exp=9930,adg=288,Y=4691,mtg=180,shg=100,bgbv=1514,iso=288,cnv2,hdr0
[06:40:10.756] RX< [0m[34m[ME INTP]fid=13200, shutter=9930, perf=234(us), max=1451(us)!
[06:40:10.756] RX< [0m[7] [cam] [911620][me0][me_core_thre
[06:40:11.421] RX< ad:359]ME out fid 13200
[06:40:11.421] RX< [34m[awb0 proc] perf=6257(us), max=6950(us)!
[06:40:11.421] RX< [0m[4] [cam] [911698][qpc0][qpc_core_exception_check:405]discontinuous frame, now: 13213, last: 13211
[06:40:11.421] RX< [34m[AE] fid=13230,exp=9930,adg=288,Y=4683,mtg=180,shg=100,bgbv=1510,iso=288,cnv2,
[06:40:11.850] RX< hdr0
[06:40:11.850] RX< [0m[34m[b_ae0 proc] perf=1033(us), max=4137(us)!
[06:40:11.850] RX< [0m[34m[awb0 proc] perf=3963(us), max=6257(us)!
[06:40:11.850] RX< [0m[RTMP] f_index = 13230, f_len = 8878
[06:40:11.850] RX< [7] [cam] [912620][me0][me_core_thread:359]ME out fid 13230
[06:40:11.850] RX< [4] [cam] [912697][qpc0][qpc_core_exception_chec
[06:40:12.849] RX< k:405]discontinuous frame, now: 13243, last: 13241
[06:40:12.849] RX< [34m[AE] fid=13260,exp=9930,adg=288,Y=4681,mtg=180,shg=100,bgbv=1510,iso=288,cnv2,hdr0
[06:40:12.849] RX< [0m[7] [cam] [913620][me0][me_core_thread:359]ME out fid 13260
[06:40:12.849] RX< [34m[awb0 proc] perf=6061(us), max=6061(us)!
[06:40:12.849] RX< [0m[4]
[06:40:14.420] RX<  [cam] [913697][qpc0][qpc_core_exception_check:405]discontinuous frame, now: 13273, last: 13271
[06:40:14.420] RX< [34m[AE] fid=13290,exp=9930,adg=288,Y=4673,mtg=180,shg=100,bgbv=1507,iso=288,cnv2,hdr0
[06:40:14.420] RX< [0m[7] [cam] [914619][me0][me_core_thread:359]ME out fid 13290
[06:40:14.420] RX< [34m[AE
[06:40:14.739] RX< ] fid=13320,exp=9930,adg=288,Y=4674,mtg=180,shg=100,bgbv=1507,iso=288,cnv2,hdr0
[06:40:14.739] RX< [0m[34m[b_ae0 proc] perf=1021(us), max=1370(us)!
[06:40:14.739] RX< [0m[34m[awb0 proc] perf=3826(us), max=6061(us)!
[06:40:14.739] RX< [0m[34m[ME INTP]fid=13320, shutter=9930, perf=6(us), max=731(us)!
[06:40:14.739] RX< [0m[R
[06:40:16.415] RX< TMP] f_index = 13320, f_len = 21340
[06:40:16.415] RX< [7] [cam] [915619][me0][me_core_thread:359]ME out fid 13320
[06:40:16.415] RX< [34m[AE] fid=13350,exp=9900,adg=300,Y=4246,mtg=180,shg=100,bgbv=1369,iso=300,cnv2,hdr0
[06:40:16.415] RX< [0m[7] [cam] [916619][me0][me_core_thread:359]ME out fid 13350
[06:40:16.415] RX< [34m[AE
[06:40:17.419] RX< ] fid=13380,exp=9930,adg=288,Y=4742,mtg=180,shg=100,bgbv=1518,iso=288,cnv2,hdr0
[06:40:17.419] RX< [0m[7] [cam] [917619][me0][me_core_thread:359]ME out fid 13380
[06:40:17.419] RX< [34m[AE] fid=13410,exp=9930,adg=288,Y=4667,mtg=180,shg=100,bgbv=1507,iso=288,cnv2,hdr0
[06:40:17.419] RX< [0m[34m[b_ae0 proc] pe
[06:40:17.848] RX< rf=1084(us), max=2316(us)!
[06:40:17.848] RX< [0m[34m[awb0 proc] perf=3937(us), max=4284(us)!
[06:40:17.848] RX< [0m[RTMP] f_index = 13410, f_len = 20903
[06:40:17.848] RX< [7] [cam] [918619][me0][me_core_thread:359]ME out fid 13410
[06:40:17.848] RX< [4] [cam] [918696][qpc0][qpc_core_exception_check:405]discontinuous frame, n
[06:40:18.849] RX< ow: 13423, last: 13421
[06:40:18.849] RX< [34m[AE] fid=13440,exp=9930,adg=288,Y=4669,mtg=180,shg=100,bgbv=1507,iso=288,cnv2,hdr0
[06:40:18.849] RX< [0m[34m[ME INTP]fid=13440, shutter=9930, perf=6(us), max=4647(us)!
[06:40:18.849] RX< [0m[7] [cam] [919619][me0][me_core_thread:359]ME out fid 13440
[06:40:18.849] RX< [4] [cam] [9
[06:40:20.419] RX< 19696][qpc0][qpc_core_exception_check:405]discontinuous frame, now: 13453, last: 13451
[06:40:20.419] RX< [34m[AE] fid=13470,exp=9930,adg=288,Y=4669,mtg=180,shg=100,bgbv=1507,iso=288,cnv2,hdr0
[06:40:20.419] RX< [0m[7] [cam] [920619][me0][me_core_thread:359]ME out fid 13470
[06:40:20.419] RX< [34m[AE] fid=135
[06:40:20.755] RX< 00,exp=9930,adg=288,Y=4663,mtg=180,shg=100,bgbv=1507,iso=288,cnv2,hdr0
[06:40:20.755] RX< [0m[34m[b_ae0 proc] perf=1026(us), max=3741(us)!
[06:40:20.755] RX< [0m[34m[awb0 proc] perf=3950(us), max=4044(us)!
[06:40:20.755] RX< [0m[RTMP] f_index = 13500, f_len = 20836
[06:40:20.755] RX< [7] [cam] [921618][me0][me_core_thread:35
[06:40:22.415] RX< 9]ME out fid 13500
[06:40:22.415] RX< [34m[AE] fid=13530,exp=9930,adg=288,Y=4661,mtg=180,shg=100,bgbv=1503,iso=288,cnv2,hdr0
[06:40:22.415] RX< [0m[7] [cam] [922618][me0][me_core_thread:359]ME out fid 13530
[06:40:22.415] RX< [34m[AE] fid=13560,exp=9930,adg=288,Y=4656,mtg=180,shg=100,bgbv=1503,iso=288,cnv2,hd
[06:40:23.419] RX< r0
[06:40:23.419] RX< [0m[34m[ME INTP]fid=13560, shutter=9930, perf=6(us), max=1229(us)!
[06:40:23.419] RX< [0m[7] [cam] [923618][me0][me_core_thread:359]ME out fid 13560
[06:40:23.419] RX< [RTMP] slow send frame 13561 len=73808 dt=106ms (IDR)
[06:40:23.419] RX< [34m[AE] fid=13590,exp=9930,adg=288,Y=4651,mtg=180,shg=100,bgbv=1
[06:40:24.414] RX< 503,iso=288,cnv2,hdr0
[06:40:24.414] RX< [0m[34m[b_ae0 proc] perf=1023(us), max=2241(us)!
[06:40:24.414] RX< [0m[34m[awb0 proc] perf=4018(us), max=5986(us)!
[06:40:24.414] RX< [0m[RTMP] f_index = 13590, f_len = 9161
[06:40:24.414] RX< [7] [cam] [924618][me0][me_core_thread:359]ME out fid 13590
[06:40:24.414] RX< [34m[AE] fid=13620,exp=9930,ad
[06:40:24.847] RX< g=288,Y=4639,mtg=180,shg=100,bgbv=1499,iso=288,cnv2,hdr0
[06:40:24.847] RX< [0m[7] [cam] [925618][me0][me_core_thread:359]ME out fid 13620
[06:40:24.847] RX< [34m[awb0 proc] perf=6178(us), max=6178(us)!
[06:40:24.847] RX< [0m[4] [cam] [925695][qpc0][qpc_core_exception_check:405]discontinuous frame, now: 13633
[06:40:26.419] RX< , last: 13631
[06:40:26.419] RX< [34m[AE] fid=13650,exp=9970,adg=288,Y=4653,mtg=180,shg=100,bgbv=1499,iso=288,cnv2,hdr0
[06:40:26.419] RX< [0m[7] [cam] [926618][me0][me_core_thread:359]ME out fid 13650
[06:40:26.419] RX< [34m[AE] fid=13680,exp=9970,adg=288,Y=4661,mtg=180,shg=100,bgbv=1499,iso=288,cnv2,hdr0
[06:40:26.419] RX< [
[06:40:26.770] RX< 0m[34m[b_ae0 proc] perf=1167(us), max=2350(us)!
[06:40:26.770] RX< [0m[34m[awb0 proc] perf=3943(us), max=6178(us)!
[06:40:26.770] RX< [0m[34m[ME INTP]fid=13680, shutter=9970, perf=6(us), max=878(us)!
[06:40:26.770] RX< [0m[RTMP] f_index = 13680, f_len = 9193
[06:40:26.770] RX< [7] [cam] [927618][me0][me_core_thread:359]ME o
[06:40:27.766] RX< ut fid 13680
[06:40:27.766] RX< [34m[awb0 proc] perf=7160(us), max=7160(us)!
[06:40:27.766] RX< [0m[4] [cam] [927695][qpc0][qpc_core_exception_check:405]discontinuous frame, now: 13693, last: 13691
[06:40:27.766] RX< [34m[AE] fid=13710,exp=9970,adg=288,Y=4664,mtg=180,shg=100,bgbv=1503,iso=288,cnv2,hdr0
[06:40:27.766] RX< [0m[7
[06:40:28.766] RX< ] [cam] [928617][me0][me_core_thread:359]ME out fid 13710
[06:40:28.766] RX< [4] [cam] [928695][qpc0][qpc_core_exception_check:405]discontinuous frame, now: 13723, last: 13721
[06:40:28.766] RX< [34m[AE] fid=13740,exp=9970,adg=288,Y=4672,mtg=180,shg=100,bgbv=1503,iso=288,cnv2,hdr0
[06:40:28.766] RX< [0m[7] [ca
[06:40:29.739] RX< m] [929617][me0][me_core_thread:359]ME out fid 13740
[06:40:29.739] RX< [34m[AE] fid=13770,exp=9970,adg=288,Y=4668,mtg=180,shg=100,bgbv=1503,iso=288,cnv2,hdr0
[06:40:29.739] RX< [0m[34m[b_ae0 proc] perf=1024(us), max=1167(us)!
[06:40:29.739] RX< [0m[34m[awb0 proc] perf=3943(us), max=7160(us)!
[06:40:29.739] RX< [0m[RTMP] f_
[06:40:30.512] RX< index = 13770, f_len = 9131
[06:40:30.512] RX< [7] [cam] [930617][me0][me_core_thread:359]ME out fid 13770
[06:40:30.512] RX< [RTMP] slow send frame 13771 len=67126 dt=61ms (IDR)
[06:40:30.512] RX< [34m[AE] fid=13800,exp=9970,adg=288,Y=4666,mtg=180,shg=100,bgbv=1503,iso=288,cnv2,hdr0
[06:40:30.512] RX< [0m[34m[ME INTP]fid=13800
[06:40:31.413] RX< , shutter=9970, perf=6(us), max=2266(us)!
[06:40:31.413] RX< [0m[7] [cam] [931617][me0][me_core_thread:359]ME out fid 13800
[06:40:31.413] RX< [4] [cam] [931695][qpc0][qpc_core_exception_check:405]discontinuous frame, now: 13813, last: 13811
[06:40:31.413] RX< [34m[AE] fid=13830,exp=9970,adg=288,Y=4668,mtg=180
[06:40:32.420] RX< ,shg=100,bgbv=1503,iso=288,cnv2,hdr0
[06:40:32.420] RX< [0m[7] [cam] [932617][me0][me_core_thread:359]ME out fid 13830
[06:40:32.420] RX< [34m[AE] fid=13860,exp=10000,adg=294,Y=4732,mtg=179,shg=100,bgbv=1481,iso=294,cnv2,hdr0
[06:40:32.420] RX< [0m[34m[b_ae0 proc] perf=1023(us), max=2226(us)!
[06:40:32.420] RX< [0m[34m[awb0
[06:40:33.769] RX<  proc] perf=4096(us), max=4353(us)!
[06:40:33.769] RX< [0m[RTMP] f_index = 13860, f_len = 23763
[06:40:33.769] RX< [7] [cam] [933617][me0][me_core_thread:359]ME out fid 13860
[06:40:33.769] RX< [34m[AE] fid=13890,exp=10070,adg=294,Y=4513,mtg=180,shg=100,bgbv=1451,iso=294,cnv2,hdr0
[06:40:33.769] RX< [0m[7] [cam] [934617][me0][m
[06:40:34.754] RX< e_core_thread:359]ME out fid 13890
[06:40:34.754] RX< [34m[AE] fid=13920,exp=9930,adg=300,Y=4450,mtg=180,shg=100,bgbv=1398,iso=300,cnv2,hdr0
[06:40:34.754] RX< [0m[34m[ME INTP]fid=13920, shutter=9930, perf=1796(us), max=6251(us)!
[06:40:34.754] RX< [0m[7] [cam] [935617][me0][me_core_thread:359]ME out fid 139
[06:40:35.755] RX< 20
[06:40:35.755] RX< [34m[AE] fid=13950,exp=10030,adg=288,Y=4692,mtg=180,shg=100,bgbv=1502,iso=288,cnv2,hdr0
[06:40:35.755] RX< [0m[34m[b_ae0 proc] perf=1025(us), max=1235(us)!
[06:40:35.755] RX< [0m[34m[awb0 proc] perf=3947(us), max=4303(us)!
[06:40:35.755] RX< [0m[RTMP] f_index = 13950, f_len = 13917
[06:40:35.755] RX< [7] [cam] [936616][m
[06:40:36.413] RX< e0][me_core_thread:359]ME out fid 13950
[06:40:36.413] RX< [34m[awb0 proc] perf=6542(us), max=6542(us)!
[06:40:36.413] RX< [0m[4] [cam] [936693][qpc0][qpc_core_exception_check:405]discontinuous frame, now: 13963, last: 13961
[06:40:36.413] RX< [34m[AE] fid=13980,exp=10030,adg=288,Y=4705,mtg=180,shg=100,bgbv=1
[06:40:37.764] RX< 506,iso=288,cnv2,hdr0
[06:40:37.764] RX< [0m[7] [cam] [937616][me0][me_core_thread:359]ME out fid 13980
[06:40:37.764] RX< [34m[awb0 proc] perf=6802(us), max=6802(us)!
[06:40:37.764] RX< [0m[34m[AE] fid=14010,exp=10000,adg=288,Y=4704,mtg=180,shg=100,bgbv=1510,iso=288,cnv2,hdr0
[06:40:37.764] RX< [0m[7] [cam] [938616][me0][me_
[06:40:38.417] RX< core_thread:359]ME out fid 14010
[06:40:38.417] RX< [34m[awb0 proc] perf=6096(us), max=6802(us)!
[06:40:38.417] RX< [0m[4] [cam] [938694][qpc0][qpc_core_exception_check:405]discontinuous frame, now: 14023, last: 14021
[06:40:38.417] RX< [34m[AE] fid=14040,exp=10000,adg=288,Y=4712,mtg=180,shg=100,bgbv=1510,iso
[06:40:38.752] RX< =288,cnv2,hdr0
[06:40:38.752] RX< [0m[34m[b_ae0 proc] perf=1021(us), max=4757(us)!
[06:40:38.752] RX< [0m[34m[awb0 proc] perf=3985(us), max=6096(us)!
[06:40:38.752] RX< [0m[34m[ME INTP]fid=14040, shutter=10000, perf=233(us), max=6394(us)!
[06:40:38.752] RX< [0m[RTMP] f_index = 14040, f_len = 13956
[06:40:38.752] RX< [7] [cam] [939616][me0][m
[06:40:39.412] RX< e_core_thread:359]ME out fid 14040
[06:40:39.412] RX< [34m[awb0 proc] perf=6559(us), max=6559(us)!
[06:40:39.412] RX< [0m[4] [cam] [939694][qpc0][qpc_core_exception_check:405]discontinuous frame, now: 14053, last: 14051
[06:40:39.412] RX< [34m[AE] fid=14070,exp=10000,adg=288,Y=4711,mtg=180,shg=100,bgbv=1510,i
[06:40:40.412] RX< so=288,cnv2,hdr0
[06:40:40.412] RX< [0m[7] [cam] [940616][me0][me_core_thread:359]ME out fid 14070
[06:40:40.412] RX< [34m[awb0 proc] perf=6441(us), max=6559(us)!
[06:40:40.412] RX< [0m[4] [cam] [940693][qpc0][qpc_core_exception_check:405]discontinuous frame, now: 14083, last: 14081
[06:40:40.412] RX< [34m[AE] fid=14100,exp=10
[06:40:40.845] RX< 000,adg=288,Y=4721,mtg=180,shg=100,bgbv=1514,iso=288,cnv2,hdr0
[06:40:40.845] RX< [0m[7] [cam] [941616][me0][me_core_thread:359]ME out fid 14100
[06:40:40.845] RX< [34m[awb0 proc] perf=6278(us), max=6441(us)!
[06:40:40.845] RX< [0m[4] [cam] [941693][qpc0][qpc_core_exception_check:405]discontinuous frame, now:
[06:40:41.752] RX<  14113, last: 14111
[06:40:41.752] RX< [34m[AE] fid=14130,exp=9930,adg=288,Y=4685,mtg=180,shg=100,bgbv=1510,iso=288,cnv2,hdr0
[06:40:41.752] RX< [0m[34m[b_ae0 proc] perf=1018(us), max=1148(us)!
[06:40:41.752] RX< [0m[34m[awb0 proc] perf=3998(us), max=6278(us)!
[06:40:41.752] RX< [0m[RTMP] f_index = 14130, f_len = 13659
[06:40:41.752] RX< [7] 
[06:40:42.411] RX< [cam] [942616][me0][me_core_thread:359]ME out fid 14130
[06:40:42.411] RX< [34m[awb0 proc] perf=6592(us), max=6592(us)!
[06:40:42.411] RX< [0m[4] [cam] [942693][qpc0][qpc_core_exception_check:405]discontinuous frame, now: 14143, last: 14141
[06:40:42.411] RX< [34m[AE] fid=14160,exp=9930,adg=288,Y=4687,mtg=180
[06:40:42.844] RX< ,shg=100,bgbv=1510,iso=288,cnv2,hdr0
[06:40:42.844] RX< [0m[34m[ME INTP]fid=14160, shutter=9930, perf=6(us), max=1576(us)!
[06:40:42.844] RX< [0m[7] [cam] [943615][me0][me_core_thread:359]ME out fid 14160
[06:40:42.844] RX< [4] [cam] [943692][qpc0][qpc_core_exception_check:405]discontinuous frame, now: 14173,
[06:40:43.845] RX<  last: 14171
[06:40:43.845] RX< [34m[AE] fid=14190,exp=9930,adg=288,Y=4677,mtg=180,shg=100,bgbv=1510,iso=288,cnv2,hdr0
[06:40:43.845] RX< [0m[7] [cam] [944615][me0][me_core_thread:359]ME out fid 14190
[06:40:43.845] RX< [34m[awb0 proc] perf=6479(us), max=6592(us)!
[06:40:43.845] RX< [0m[4] [cam] [944693][qpc0][qpc_core_excepti
[06:40:44.736] RX< on_check:405]discontinuous frame, now: 14203, last: 14201
[06:40:44.736] RX< [34m[AE] fid=14220,exp=9930,adg=288,Y=4674,mtg=180,shg=100,bgbv=1507,iso=288,cnv2,hdr0
[06:40:44.736] RX< [0m[34m[b_ae0 proc] perf=1014(us), max=4021(us)!
[06:40:44.736] RX< [0m[34m[awb0 proc] perf=3830(us), max=6479(us)!
[06:40:44.736] RX< [0m[RTM
[06:40:45.411] RX< P] f_index = 14220, f_len = 13050
[06:40:45.411] RX< [7] [cam] [945615][me0][me_core_thread:359]ME out fid 14220
[06:40:45.411] RX< [34m[awb0 proc] perf=6920(us), max=6920(us)!
[06:40:45.411] RX< [0m[4] [cam] [945693][qpc0][qpc_core_exception_check:405]discontinuous frame, now: 14233, last: 14231
[06:40:45.411] RX< [34m[AE] fid
[06:40:45.844] RX< =14250,exp=9930,adg=288,Y=4670,mtg=180,shg=100,bgbv=1507,iso=288,cnv2,hdr0
[06:40:45.844] RX< [0m[7] [cam] [946615][me0][me_core_thread:359]ME out fid 14250
[06:40:45.844] RX< [34m[awb0 proc] perf=6469(us), max=6920(us)!
[06:40:45.844] RX< [0m[4] [cam] [946693][qpc0][qpc_core_exception_check:405]discontinuous
[06:40:46.799] RX<  frame, now: 14263, last: 14261
[06:40:46.799] RX< [34m[AE] fid=14280,exp=9930,adg=288,Y=4667,mtg=180,shg=100,bgbv=1507,iso=288,cnv2,hdr0
[06:40:46.799] RX< [0m[34m[ME INTP]fid=14280, shutter=9930, perf=6(us), max=764(us)!
[06:40:46.799] RX< [0m[7] [cam] [947615][me0][me_core_thread:359]ME out fid 14280
[06:40:46.799] RX< [34
[06:40:47.417] RX< m[awb0 proc] perf=7955(us), max=7955(us)!
[06:40:47.417] RX< [0m[4] [cam] [947691][qpc0][qpc_core_exception_check:405]discontinuous frame, now: 14293, last: 14291
[06:40:47.417] RX< [34m[AE] fid=14310,exp=9930,adg=288,Y=4672,mtg=180,shg=100,bgbv=1507,iso=288,cnv2,hdr0
[06:40:47.417] RX< [0m[34m[b_ae0 proc] p
[06:40:47.843] RX< erf=1000(us), max=3950(us)!
[06:40:47.843] RX< [0m[34m[awb0 proc] perf=3943(us), max=7955(us)!
[06:40:47.843] RX< [0m[RTMP] f_index = 14310, f_len = 13054
[06:40:47.843] RX< [7] [cam] [948615][me0][me_core_thread:359]ME out fid 14310
[06:40:47.843] RX< [4] [cam] [948692][qpc0][qpc_core_exception_check:405]discontinuous frame, 
[06:40:48.843] RX< now: 14323, last: 14321
[06:40:48.843] RX< [34m[AE] fid=14340,exp=9930,adg=288,Y=4682,mtg=180,shg=100,bgbv=1510,iso=288,cnv2,hdr0
[06:40:48.843] RX< [0m[7] [cam] [949615][me0][me_core_thread:359]ME out fid 14340
[06:40:48.843] RX< [34m[awb0 proc] perf=7151(us), max=7151(us)!
[06:40:48.843] RX< [0m[4] [cam] [949692][qpc0][qpc_c
[06:40:49.795] RX< ore_exception_check:405]discontinuous frame, now: 14353, last: 14351
[06:40:49.795] RX< [34m[AE] fid=14370,exp=9930,adg=288,Y=4689,mtg=180,shg=100,bgbv=1514,iso=288,cnv2,hdr0
[06:40:49.795] RX< [0m[7] [cam] [950614][me0][me_core_thread:359]ME out fid 14370
[06:40:49.795] RX< [34m[awb0 proc] perf=6854(us), max
[06:40:50.415] RX< =7151(us)!
[06:40:50.415] RX< [0m[4] [cam] [950692][qpc0][qpc_core_exception_check:405]discontinuous frame, now: 14383, last: 14381
[06:40:50.415] RX< [34m[AE] fid=14400,exp=9930,adg=288,Y=4690,mtg=180,shg=100,bgbv=1514,iso=288,cnv2,hdr0
[06:40:50.415] RX< [0m[34m[b_ae0 proc] perf=1019(us), max=4085(us)!
[06:40:50.415] RX< [
[06:40:50.798] RX< 0m[34m[awb0 proc] perf=3912(us), max=6854(us)!
[06:40:50.798] RX< [0m[34m[ME INTP]fid=14400, shutter=9930, perf=5(us), max=805(us)!
[06:40:50.798] RX< [0m[RTMP] f_index = 14400, f_len = 17032
[06:40:50.798] RX< [7] [cam] [951614][me0][me_core_thread:359]ME out fid 14400
[06:40:50.798] RX< [34m[awb0 proc] perf=6479(us), max=64
[06:40:51.763] RX< 79(us)!
[06:40:51.763] RX< [0m[4] [cam] [951692][qpc0][qpc_core_exception_check:405]discontinuous frame, now: 14413, last: 14411
[06:40:51.763] RX< [34m[AE] fid=14430,exp=9930,adg=288,Y=4687,mtg=180,shg=100,bgbv=1510,iso=288,cnv2,hdr0
[06:40:51.763] RX< [0m[7] [cam] [952614][me0][me_core_thread:359]ME out fid
[06:40:52.762] RX<  14430
[06:40:52.762] RX< [34m[awb0 proc] perf=6926(us), max=6926(us)!
[06:40:52.762] RX< [0m[4] [cam] [952692][qpc0][qpc_core_exception_check:405]discontinuous frame, now: 14443, last: 14441
[06:40:52.762] RX< [34m[AE] fid=14460,exp=9930,adg=288,Y=4682,mtg=180,shg=100,bgbv=1510,iso=288,cnv2,hdr0
[06:40:52.762] RX< [0m[7] [cam
[06:40:53.414] RX< ] [953614][me0][me_core_thread:359]ME out fid 14460
[06:40:53.414] RX< [34m[awb0 proc] perf=6704(us), max=6926(us)!
[06:40:53.414] RX< [0m[4] [cam] [953692][qpc0][qpc_core_exception_check:405]discontinuous frame, now: 14473, last: 14471
[06:40:53.414] RX< [34m[AE] fid=14490,exp=9930,adg=288,Y=4686,mtg=180,shg
[06:40:53.798] RX< =100,bgbv=1510,iso=288,cnv2,hdr0
[06:40:53.798] RX< [0m[34m[b_ae0 proc] perf=1019(us), max=3616(us)!
[06:40:53.798] RX< [0m[34m[awb0 proc] perf=3933(us), max=6704(us)!
[06:40:53.798] RX< [0m[RTMP] f_index = 14490, f_len = 13152
[06:40:53.798] RX< [7] [cam] [954614][me0][me_core_thread:359]ME out fid 14490
[06:40:53.798] RX< [34m[awb0 proc] pe
[06:40:54.509] RX< rf=6076(us), max=6076(us)!
[06:40:54.509] RX< [0m[4] [cam] [954691][qpc0][qpc_core_exception_check:405]discontinuous frame, now: 14503, last: 14501
[06:40:54.509] RX< [34m[AE] fid=14520,exp=9930,adg=288,Y=4688,mtg=180,shg=100,bgbv=1514,iso=288,cnv2,hdr0
[06:40:54.509] RX< [0m[34m[ME INTP]fid=14520, shutter=9
[06:40:55.410] RX< 930, perf=5(us), max=2619(us)!
[06:40:55.410] RX< [0m[7] [cam] [955614][me0][me_core_thread:359]ME out fid 14520
[06:40:55.410] RX< [34m[awb0 proc] perf=6590(us), max=6590(us)!
[06:40:55.410] RX< [0m[4] [cam] [955691][qpc0][qpc_core_exception_check:405]discontinuous frame, now: 14533, last: 14531
[06:40:55.410] RX< [34m[AE] fi
[06:40:56.414] RX< d=14550,exp=9930,adg=288,Y=4689,mtg=180,shg=100,bgbv=1514,iso=288,cnv2,hdr0
[06:40:56.414] RX< [0m[7] [cam] [956614][me0][me_core_thread:359]ME out fid 14550
[06:40:56.414] RX< [34m[awb0 proc] perf=6175(us), max=6590(us)!
[06:40:56.414] RX< [0m[34m[AE] fid=14580,exp=9930,adg=288,Y=4681,mtg=180,shg=100,bgbv=1
[06:40:56.798] RX< 510,iso=288,cnv2,hdr0
[06:40:56.798] RX< [0m[34m[b_ae0 proc] perf=1090(us), max=1592(us)!
[06:40:56.798] RX< [0m[34m[awb0 proc] perf=3934(us), max=6175(us)!
[06:40:56.798] RX< [0m[RTMP] f_index = 14580, f_len = 16540
[06:40:56.798] RX< [7] [cam] [957614][me0][me_core_thread:359]ME out fid 14580
[06:40:56.798] RX< [34m[awb0 proc] perf=6580(us)
[06:40:57.762] RX< , max=6580(us)!
[06:40:57.762] RX< [0m[4] [cam] [957691][qpc0][qpc_core_exception_check:405]discontinuous frame, now: 14593, last: 14591
[06:40:57.762] RX< [34m[AE] fid=14610,exp=9930,adg=288,Y=4675,mtg=180,shg=100,bgbv=1510,iso=288,cnv2,hdr0
[06:40:57.762] RX< [0m[7] [cam] [958613][me0][me_core_thread:359]ME
[06:40:58.410] RX<  out fid 14610
[06:40:58.410] RX< [34m[awb0 proc] perf=6789(us), max=6789(us)!
[06:40:58.410] RX< [0m[4] [cam] [958691][qpc0][qpc_core_exception_check:405]discontinuous frame, now: 14623, last: 14621
[06:40:58.410] RX< [34m[AE] fid=14640,exp=9930,adg=288,Y=4680,mtg=180,shg=100,bgbv=1510,iso=288,cnv2,hdr0
[06:40:58.410] RX< [0m
[06:40:58.843] RX< [34m[ME INTP]fid=14640, shutter=9930, perf=6(us), max=1882(us)!
[06:40:58.843] RX< [0m[7] [cam] [959613][me0][me_core_thread:359]ME out fid 14640
[06:40:58.843] RX< [34m[awb0 proc] perf=6928(us), max=6928(us)!
[06:40:58.843] RX< [0m[4] [cam] [959691][qpc0][qpc_core_exception_check:405]discontinuous frame, no
[06:40:59.751] RX< w: 14653, last: 14651
[06:40:59.751] RX< [34m[AE] fid=14670,exp=9930,adg=288,Y=4681,mtg=180,shg=100,bgbv=1510,iso=288,cnv2,hdr0
[06:40:59.751] RX< [0m[34m[b_ae0 proc] perf=1020(us), max=3201(us)!
[06:40:59.751] RX< [0m[34m[awb0 proc] perf=3942(us), max=6928(us)!
[06:40:59.751] RX< [0m[RTMP] f_index = 14670, f_len = 13259
[06:40:59.751] RX< [7
[06:41:00.409] RX< ] [cam] [960613][me0][me_core_thread:359]ME out fid 14670
[06:41:00.409] RX< [34m[awb0 proc] perf=6548(us), max=6548(us)!
[06:41:00.409] RX< [0m[4] [cam] [960691][qpc0][qpc_core_exception_check:405]discontinuous frame, now: 14683, last: 14681
[06:41:00.409] RX< [34m[AE] fid=14700,exp=9930,adg=288,Y=4680,mtg=1
[06:41:01.793] RX< 80,shg=100,bgbv=1510,iso=288,cnv2,hdr0
[06:41:01.793] RX< [0m[7] [cam] [961613][me0][me_core_thread:359]ME out fid 14700
[06:41:01.793] RX< [34m[AE] fid=14730,exp=9930,adg=288,Y=4674,mtg=180,shg=100,bgbv=1507,iso=288,cnv2,hdr0
[06:41:01.793] RX< [0m[7] [cam] [962613][me0][me_core_thread:359]ME out fid 14730
[06:41:01.793] RX< 
[06:41:02.413] RX< [34m[awb0 proc] perf=7166(us), max=7166(us)!
[06:41:02.413] RX< [0m[4] [cam] [962690][qpc0][qpc_core_exception_check:405]discontinuous frame, now: 14743, last: 14741
[06:41:02.413] RX< [34m[AE] fid=14760,exp=9930,adg=288,Y=4667,mtg=180,shg=100,bgbv=1507,iso=288,cnv2,hdr0
[06:41:02.413] RX< [0m[34m[b_ae0 proc
[06:41:02.816] RX< ] perf=1034(us), max=3840(us)!
[06:41:02.816] RX< [0m[34m[awb0 proc] perf=3980(us), max=7166(us)!
[06:41:02.816] RX< [0m[34m[ME INTP]fid=14760, shutter=9930, perf=6(us), max=306(us)!
[06:41:02.816] RX< [0m[RTMP] f_index = 14760, f_len = 30482
[06:41:02.816] RX< [7] [cam] [963613][me0][me_core_thread:359]ME out fid 14760
[06:41:02.816] RX< [4] 
[06:41:03.411] RX< [cam] [963664][qpc0][qpc_core_exception_check:411]interp not finish in sof, fid: 14771
[06:41:03.411] RX< [34m[awb0 proc] perf=7882(us), max=7882(us)!
[06:41:03.411] RX< [0m[4] [cam] [963725][qpc0][qpc_core_exception_check:405]discontinuous frame, now: 14774, last: 14772
[06:41:03.411] RX< [34m[AE] fid=14790,
[06:41:03.843] RX< exp=10070,adg=288,Y=4744,mtg=180,shg=100,bgbv=1496,iso=288,cnv2,hdr0
[06:41:03.843] RX< [0m[7] [cam] [964613][me0][me_core_thread:359]ME out fid 14790
[06:41:03.843] RX< [34m[awb0 proc] perf=8430(us), max=8430(us)!
[06:41:03.843] RX< [0m[4] [cam] [964691][qpc0][qpc_core_exception_check:405]discontinuous frame
[06:41:04.843] RX< , now: 14803, last: 14801
[06:41:04.843] RX< [34m[AE] fid=14820,exp=10030,adg=288,Y=4703,mtg=180,shg=100,bgbv=1506,iso=288,cnv2,hdr0
[06:41:04.843] RX< [0m[7] [cam] [965612][me0][me_core_thread:359]ME out fid 14820
[06:41:04.843] RX< [4] [cam] [965691][qpc0][qpc_core_exception_check:405]discontinuous frame, no
[06:41:05.749] RX< w: 14833, last: 14831
[06:41:05.749] RX< [34m[AE] fid=14850,exp=10000,adg=288,Y=4696,mtg=180,shg=100,bgbv=1506,iso=288,cnv2,hdr0
[06:41:05.749] RX< [0m[34m[b_ae0 proc] perf=1148(us), max=2840(us)!
[06:41:05.749] RX< [0m[34m[awb0 proc] perf=3963(us), max=8430(us)!
[06:41:05.749] RX< [0m[RTMP] f_index = 14850, f_len = 13843
[06:41:05.749] RX< [
[06:41:06.408] RX< 7] [cam] [966612][me0][me_core_thread:359]ME out fid 14850
[06:41:06.408] RX< [34m[awb0 proc] perf=6557(us), max=6557(us)!
[06:41:06.408] RX< [0m[4] [cam] [966690][qpc0][qpc_core_exception_check:405]discontinuous frame, now: 14863, last: 14861
[06:41:06.408] RX< [34m[AE] fid=14880,exp=10000,adg=288,Y=4689,mtg
[06:41:06.841] RX< =180,shg=100,bgbv=1506,iso=288,cnv2,hdr0
[06:41:06.841] RX< [0m[34m[ME INTP]fid=14880, shutter=10000, perf=5(us), max=23373(us)!
[06:41:06.841] RX< [0m[7] [cam] [967612][me0][me_core_thread:359]ME out fid 14880
[06:41:06.841] RX< [34m[awb0 proc] perf=7263(us), max=7263(us)!
[06:41:06.841] RX< [0m[4] [cam] [967690][qpc0][qpc_c
[06:41:07.842] RX< ore_exception_check:405]discontinuous frame, now: 14893, last: 14891
[06:41:07.842] RX< [34m[AE] fid=14910,exp=10000,adg=288,Y=4694,mtg=180,shg=100,bgbv=1506,iso=288,cnv2,hdr0
[06:41:07.842] RX< [0m[7] [cam] [968612][me0][me_core_thread:359]ME out fid 14910
[06:41:07.842] RX< [4] [cam] [968690][qpc0][qpc_core_
[06:41:08.413] RX< exception_check:405]discontinuous frame, now: 14923, last: 14921
[06:41:08.413] RX< [34m[AE] fid=14940,exp=10000,adg=288,Y=4686,mtg=180,shg=100,bgbv=1502,iso=288,cnv2,hdr0
[06:41:08.413] RX< [0m[34m[b_ae0 proc] perf=1022(us), max=4456(us)!
[06:41:08.413] RX< [0m[34m[awb0 proc] perf=3954(us), max=7263(us)!
[06:41:09.408] RX< [0m[RTMP] f_index = 14940, f_len = 14244
[06:41:09.408] RX< [7] [cam] [969612][me0][me_core_thread:359]ME out fid 14940
[06:41:09.408] RX< [4] [cam] [969690][qpc0][qpc_core_exception_check:405]discontinuous frame, now: 14953, last: 14951
[06:41:09.408] RX< [34m[AE] fid=14970,exp=10000,adg=288,Y=4688,mtg=180,sh
[06:41:10.407] RX< g=100,bgbv=1506,iso=288,cnv2,hdr0
[06:41:10.407] RX< [0m[7] [cam] [970612][me0][me_core_thread:359]ME out fid 14970
[06:41:10.407] RX< [34m[awb0 proc] perf=6656(us), max=6656(us)!
[06:41:10.407] RX< [0m[4] [cam] [970689][qpc0][qpc_core_exception_check:405]discontinuous frame, now: 14983, last: 14981
[06:41:10.407] RX< [34m[AE]
[06:41:10.795] RX<  fid=15000,exp=10000,adg=288,Y=4692,mtg=180,shg=100,bgbv=1506,iso=288,cnv2,hdr0
[06:41:10.795] RX< [0m[34m[ME INTP]fid=15000, shutter=10000, perf=5(us), max=1738(us)!
[06:41:10.795] RX< [0m[7] [cam] [971612][me0][me_core_thread:359]ME out fid 15000
[06:41:10.795] RX< [34m[awb0 proc] perf=6222(us), max=6656(u
[06:41:11.415] RX< s)!
[06:41:11.415] RX< [0m[4] [cam] [971689][qpc0][qpc_core_exception_check:405]discontinuous frame, now: 15013, last: 15011
[06:41:11.415] RX< [34m[AE] fid=15030,exp=10110,adg=282,Y=4836,mtg=180,shg=100,bgbv=1544,iso=282,cnv2,hdr0
[06:41:11.415] RX< [0m[34m[b_ae0 proc] perf=1016(us), max=4161(us)!
[06:41:11.415] RX< [0m[34
[06:41:12.759] RX< m[awb0 proc] perf=4032(us), max=6222(us)!
[06:41:12.759] RX< [0m[RTMP] f_index = 15030, f_len = 17237
[06:41:12.759] RX< [7] [cam] [972611][me0][me_core_thread:359]ME out fid 15030
[06:41:12.759] RX< [34m[AE] fid=15060,exp=10490,adg=300,Y=4735,mtg=180,shg=100,bgbv=1395,iso=300,cnv2,hdr0
[06:41:12.759] RX< [0m[7] [cam] [973611][
[06:41:13.840] RX< me0][me_core_thread:359]ME out fid 15060
[06:41:13.840] RX< [34m[AE] fid=15090,exp=10030,adg=288,Y=4729,mtg=180,shg=100,bgbv=1503,iso=288,cnv2,hdr0
[06:41:13.840] RX< [0m[7] [cam] [974611][me0][me_core_thread:359]ME out fid 15090
[06:41:13.840] RX< [4] [cam] [974689][qpc0][qpc_core_exception_check:405]disconti
[06:41:14.507] RX< nuous frame, now: 15103, last: 15101
[06:41:14.507] RX< [34m[AE] fid=15120,exp=10000,adg=288,Y=4697,mtg=180,shg=100,bgbv=1506,iso=288,cnv2,hdr0
[06:41:14.507] RX< [0m[34m[b_ae0 proc] perf=1023(us), max=1150(us)!
[06:41:14.507] RX< [0m[34m[awb0 proc] perf=3954(us), max=5949(us)!
[06:41:14.507] RX< [0m[34m[ME INTP]fid=15120,
[06:41:14.840] RX<  shutter=10000, perf=6(us), max=7861(us)!
[06:41:14.840] RX< [0m[RTMP] f_index = 15120, f_len = 17162
[06:41:14.840] RX< [7] [cam] [975611][me0][me_core_thread:359]ME out fid 15120
[06:41:14.840] RX< [34m[awb0 proc] perf=6472(us), max=6472(us)!
[06:41:14.840] RX< [0m[4] [cam] [975689][qpc0][qpc_core_exception_check:405]disconti
[06:41:15.840] RX< nuous frame, now: 15133, last: 15131
[06:41:15.840] RX< [34m[AE] fid=15150,exp=10000,adg=288,Y=4698,mtg=180,shg=100,bgbv=1506,iso=288,cnv2,hdr0
[06:41:15.840] RX< [0m[7] [cam] [976611][me0][me_core_thread:359]ME out fid 15150
[06:41:15.840] RX< [34m[awb0 proc] perf=6499(us), max=6499(us)!
[06:41:15.840] RX< [0m[4] [cam] [97668
[06:41:17.411] RX< 8][qpc0][qpc_core_exception_check:405]discontinuous frame, now: 15163, last: 15161
[06:41:17.411] RX< [34m[AE] fid=15180,exp=9970,adg=288,Y=4690,mtg=180,shg=100,bgbv=1510,iso=288,cnv2,hdr0
[06:41:17.411] RX< [0m[7] [cam] [977611][me0][me_core_thread:359]ME out fid 15180
[06:41:17.411] RX< [34m[AE] fid=15210,e
[06:41:17.747] RX< xp=9930,adg=288,Y=4666,mtg=180,shg=100,bgbv=1507,iso=288,cnv2,hdr0
[06:41:17.747] RX< [0m[34m[b_ae0 proc] perf=1024(us), max=2325(us)!
[06:41:17.747] RX< [0m[34m[awb0 proc] perf=3948(us), max=6499(us)!
[06:41:17.747] RX< [0m[RTMP] f_index = 15210, f_len = 14135
[06:41:17.747] RX< [7] [cam] [978611][me0][me_core_thread:359]ME
[06:41:18.794] RX<  out fid 15210
[06:41:18.794] RX< [34m[AE] fid=15240,exp=9930,adg=288,Y=4675,mtg=180,shg=100,bgbv=1510,iso=288,cnv2,hdr0
[06:41:18.794] RX< [0m[34m[ME INTP]fid=15240, shutter=9930, perf=233(us), max=1279(us)!
[06:41:18.794] RX< [0m[7] [cam] [979611][me0][me_core_thread:359]ME out fid 15240
[06:41:18.794] RX< [34m[awb0 proc] p
[06:41:19.758] RX< erf=6729(us), max=6729(us)!
[06:41:19.758] RX< [0m[4] [cam] [979689][qpc0][qpc_core_exception_check:405]discontinuous frame, now: 15253, last: 15251
[06:41:19.758] RX< [34m[AE] fid=15270,exp=9930,adg=288,Y=4675,mtg=180,shg=100,bgbv=1510,iso=288,cnv2,hdr0
[06:41:19.758] RX< [0m[7] [cam] [980610][me0][me_core_t
[06:41:20.411] RX< hread:359]ME out fid 15270
[06:41:20.411] RX< [34m[awb0 proc] perf=6531(us), max=6729(us)!
[06:41:20.411] RX< [0m[4] [cam] [980688][qpc0][qpc_core_exception_check:405]discontinuous frame, now: 15283, last: 15281
[06:41:20.411] RX< [34m[AE] fid=15300,exp=9930,adg=288,Y=4674,mtg=180,shg=100,bgbv=1507,iso=288,cn
[06:41:20.795] RX< v2,hdr0
[06:41:20.795] RX< [0m[34m[b_ae0 proc] perf=1014(us), max=3522(us)!
[06:41:20.795] RX< [0m[34m[awb0 proc] perf=3976(us), max=6531(us)!
[06:41:20.795] RX< [0m[RTMP] f_index = 15300, f_len = 13251
[06:41:20.795] RX< [7] [cam] [981610][me0][me_core_thread:359]ME out fid 15300
[06:41:20.795] RX< [34m[awb0 proc] perf=7063(us), max=7063(us)
[06:41:21.758] RX< !
[06:41:21.758] RX< [0m[4] [cam] [981689][qpc0][qpc_core_exception_check:405]discontinuous frame, now: 15313, last: 15311
[06:41:21.758] RX< [34m[AE] fid=15330,exp=9930,adg=288,Y=4676,mtg=180,shg=100,bgbv=1510,iso=288,cnv2,hdr0
[06:41:21.758] RX< [0m[7] [cam] [982610][me0][me_core_thread:359]ME out fid 15330
[06:41:22.506] RX< 
[06:41:22.506] RX< [34m[awb0 proc] perf=6644(us), max=7063(us)!
[06:41:22.506] RX< [0m[4] [cam] [982688][qpc0][qpc_core_exception_check:405]discontinuous frame, now: 15343, last: 15341
[06:41:22.506] RX< [34m[AE] fid=15360,exp=9930,adg=288,Y=4674,mtg=180,shg=100,bgbv=1507,iso=288,cnv2,hdr0
[06:41:22.506] RX< [0m[34m[ME INTP]
[06:41:23.412] RX< fid=15360, shutter=9930, perf=6(us), max=840(us)!
[06:41:23.412] RX< [0m[7] [cam] [983610][me0][me_core_thread:359]ME out fid 15360
[06:41:23.412] RX< [4] [cam] [983721][qpc0][qpc_core_exception_check:405]discontinuous frame, now: 15374, last: 15371
[06:41:23.412] RX< [34m[AE] fid=15390,exp=10000,adg=282,Y=455
[06:41:23.796] RX< 0,mtg=180,shg=100,bgbv=1497,iso=282,cnv2,hdr0
[06:41:23.796] RX< [0m[34m[b_ae0 proc] perf=1021(us), max=3476(us)!
[06:41:23.796] RX< [0m[34m[awb0 proc] perf=4010(us), max=6644(us)!
[06:41:23.796] RX< [0m[RTMP] f_index = 15390, f_len = 15366
[06:41:23.796] RX< [7] [cam] [984610][me0][me_core_thread:359]ME out fid 15390
[06:41:23.796] RX< [34m[
[06:41:25.405] RX< awb0 proc] perf=6622(us), max=6622(us)!
[06:41:25.405] RX< [0m[34m[AE] fid=15420,exp=9930,adg=282,Y=4624,mtg=180,shg=100,bgbv=1517,iso=282,cnv2,hdr0
[06:41:25.405] RX< [0m[7] [cam] [985610][me0][me_core_thread:359]ME out fid 15420
[06:41:25.405] RX< [34m[AE] fid=15450,exp=10000,adg=288,Y=4696,mtg=180,shg=100
[06:41:26.410] RX< ,bgbv=1506,iso=288,cnv2,hdr0
[06:41:26.410] RX< [0m[7] [cam] [986610][me0][me_core_thread:359]ME out fid 15450
[06:41:26.410] RX< [34m[awb0 proc] perf=6651(us), max=6651(us)!
[06:41:26.410] RX< [0m[4] [cam] [986688][qpc0][qpc_core_exception_check:405]discontinuous frame, now: 15463, last: 15461
[06:41:26.410] RX< [34m[AE] fid=
[06:41:26.730] RX< 15480,exp=9970,adg=288,Y=4728,mtg=180,shg=100,bgbv=1518,iso=288,cnv2,hdr0
[06:41:26.730] RX< [0m[34m[b_ae0 proc] perf=940(us), max=1179(us)!
[06:41:26.730] RX< [0m[34m[awb0 proc] perf=3933(us), max=6651(us)!
[06:41:26.730] RX< [0m[34m[ME INTP]fid=15480, shutter=9970, perf=233(us), max=7540(us)!
[06:41:26.730] RX< [0m[RTMP]
[06:41:27.406] RX<  f_index = 15480, f_len = 13506
[06:41:27.406] RX< [7] [cam] [987609][me0][me_core_thread:359]ME out fid 15480
[06:41:27.406] RX< [34m[awb0 proc] perf=7409(us), max=7409(us)!
[06:41:27.406] RX< [0m[4] [cam] [987687][qpc0][qpc_core_exception_check:405]discontinuous frame, now: 15493, last: 15491
[06:41:27.406] RX< [34m[AE] fid=1
[06:41:27.838] RX< 5510,exp=9930,adg=288,Y=4700,mtg=180,shg=100,bgbv=1518,iso=288,cnv2,hdr0
[06:41:27.838] RX< [0m[7] [cam] [988609][me0][me_core_thread:359]ME out fid 15510
[06:41:27.838] RX< [34m[awb0 proc] perf=6555(us), max=7409(us)!
[06:41:27.838] RX< [0m[4] [cam] [988687][qpc0][qpc_core_exception_check:405]discontinuous f
[06:41:28.838] RX< rame, now: 15523, last: 15521
[06:41:28.838] RX< [34m[AE] fid=15540,exp=9930,adg=288,Y=4663,mtg=180,shg=100,bgbv=1507,iso=288,cnv2,hdr0
[06:41:28.838] RX< [0m[7] [cam] [989609][me0][me_core_thread:359]ME out fid 15540
[06:41:28.838] RX< [34m[awb0 proc] perf=6780(us), max=6780(us)!
[06:41:28.838] RX< [0m[4] [cam] [989687][qpc0]
[06:41:29.410] RX< [qpc_core_exception_check:405]discontinuous frame, now: 15553, last: 15551
[06:41:29.410] RX< [34m[AE] fid=15570,exp=9930,adg=288,Y=4662,mtg=180,shg=100,bgbv=1503,iso=288,cnv2,hdr0
[06:41:29.410] RX< [0m[34m[b_ae0 proc] perf=1006(us), max=4354(us)!
[06:41:29.410] RX< [0m[34m[awb0 proc] perf=3974(us), max=6
[06:41:29.837] RX< 780(us)!
[06:41:29.837] RX< [0m[RTMP] f_index = 15570, f_len = 13520
[06:41:29.837] RX< [7] [cam] [990609][me0][me_core_thread:359]ME out fid 15570
[06:41:29.837] RX< [34m[awb0 proc] perf=6572(us), max=6572(us)!
[06:41:29.837] RX< [0m[4] [cam] [990686][qpc0][qpc_core_exception_check:405]discontinuous frame, now: 15583, last: 15
[06:41:30.838] RX< 581
[06:41:30.838] RX< [34m[AE] fid=15600,exp=9930,adg=288,Y=4663,mtg=180,shg=100,bgbv=1507,iso=288,cnv2,hdr0
[06:41:30.838] RX< [0m[34m[ME INTP]fid=15600, shutter=9930, perf=233(us), max=1014(us)!
[06:41:30.838] RX< [0m[7] [cam] [991609][me0][me_core_thread:359]ME out fid 15600
[06:41:30.838] RX< [4] [cam] [991687][qpc0][qpc_
[06:41:31.820] RX< core_exception_check:405]discontinuous frame, now: 15613, last: 15611
[06:41:31.820] RX< [34m[AE] fid=15630,exp=9930,adg=288,Y=4657,mtg=180,shg=100,bgbv=1503,iso=288,cnv2,hdr0
[06:41:31.820] RX< [0m[7] [cam] [992609][me0][me_core_thread:359]ME out fid 15630
[06:41:31.820] RX< [RTMP] slow send frame 15631 len=7
[06:41:32.748] RX< 2913 dt=63ms (IDR)
[06:41:32.748] RX< [34m[AE] fid=15660,exp=10110,adg=282,Y=4741,mtg=180,shg=100,bgbv=1530,iso=282,cnv2,hdr0
[06:41:32.748] RX< [0m[34m[b_ae0 proc] perf=1024(us), max=3005(us)!
[06:41:32.748] RX< [0m[34m[awb0 proc] perf=4003(us), max=6572(us)!
[06:41:32.748] RX< [0m[RTMP] f_index = 15660, f_len = 16666
[06:41:32.748] RX< [7] 
[06:41:33.756] RX< [cam] [993609][me0][me_core_thread:359]ME out fid 15660
[06:41:33.756] RX< [4] [cam] [993686][qpc0][qpc_core_exception_check:405]discontinuous frame, now: 15673, last: 15671
[06:41:33.756] RX< [34m[AE] fid=15690,exp=10040,adg=282,Y=4780,mtg=180,shg=100,bgbv=1537,iso=282,cnv2,hdr0
[06:41:33.756] RX< [0m[7] [cam
[06:41:34.746] RX< ] [994608][me0][me_core_thread:359]ME out fid 15690
[06:41:34.746] RX< [34m[AE] fid=15720,exp=10070,adg=288,Y=4695,mtg=180,shg=100,bgbv=1498,iso=288,cnv2,hdr0
[06:41:34.746] RX< [0m[34m[ME INTP]fid=15720, shutter=10070, perf=2213(us), max=10079(us)!
[06:41:34.746] RX< [0m[7] [cam] [995608][me0][me_core_threa
[06:41:35.731] RX< d:359]ME out fid 15720
[06:41:35.731] RX< [34m[AE] fid=15750,exp=10000,adg=282,Y=4822,mtg=180,shg=100,bgbv=1544,iso=282,cnv2,hdr0
[06:41:35.731] RX< [0m[34m[b_ae0 proc] perf=1131(us), max=3821(us)!
[06:41:35.731] RX< [0m[34m[awb0 proc] perf=3970(us), max=4334(us)!
[06:41:35.731] RX< [0m[RTMP] f_index = 15750, f_len = 13377
[06:41:37.403] RX< [7] [cam] [996608][me0][me_core_thread:359]ME out fid 15750
[06:41:37.403] RX< [34m[AE] fid=15780,exp=9970,adg=288,Y=4656,mtg=180,shg=100,bgbv=1491,iso=288,cnv2,hdr0
[06:41:37.403] RX< [0m[7] [cam] [997608][me0][me_core_thread:359]ME out fid 15780
[06:41:37.403] RX< [34m[AE] fid=15810,exp=10030,adg=288,Y=4542
[06:41:38.410] RX< ,mtg=180,shg=100,bgbv=1474,iso=288,cnv2,hdr0
[06:41:38.410] RX< [0m[7] [cam] [998608][me0][me_core_thread:359]ME out fid 15810
[06:41:38.410] RX< [34m[AE] fid=15840,exp=10030,adg=288,Y=4683,mtg=180,shg=100,bgbv=1498,iso=288,cnv2,hdr0
[06:41:38.410] RX< [0m[34m[b_ae0 proc] perf=1020(us), max=1731(us)!
[06:41:38.410] RX< [0m[
[06:41:38.794] RX< 34m[awb0 proc] perf=3903(us), max=4071(us)!
[06:41:38.794] RX< [0m[34m[ME INTP]fid=15840, shutter=10030, perf=2089(us), max=7185(us)!
[06:41:38.794] RX< [0m[RTMP] f_index = 15840, f_len = 14345
[06:41:38.794] RX< [7] [cam] [999608][me0][me_core_thread:359]ME out fid 15840
[06:41:38.794] RX< [34m[awb0 proc] perf=6446(us), max=6
[06:41:39.757] RX< 446(us)!
[06:41:39.757] RX< [0m[4] [cam] [999685][qpc0][qpc_core_exception_check:405]discontinuous frame, now: 15853, last: 15851
[06:41:39.757] RX< [34m[AE] fid=15870,exp=10000,adg=288,Y=4697,mtg=180,shg=100,bgbv=1506,iso=288,cnv2,hdr0
[06:41:39.757] RX< [0m[7] [cam] [1000608][me0][me_core_thread:359]ME out 
[06:41:40.756] RX< fid 15870
[06:41:40.756] RX< [34m[awb0 proc] perf=6630(us), max=6630(us)!
[06:41:40.756] RX< [0m[4] [cam] [1000685][qpc0][qpc_core_exception_check:405]discontinuous frame, now: 15883, last: 15881
[06:41:40.756] RX< [34m[AE] fid=15900,exp=10000,adg=288,Y=4673,mtg=180,shg=100,bgbv=1499,iso=288,cnv2,hdr0
[06:41:40.756] RX< [0m[7]
[06:41:41.408] RX<  [cam] [1001608][me0][me_core_thread:359]ME out fid 15900
[06:41:41.408] RX< [4] [cam] [1001685][qpc0][qpc_core_exception_check:405]discontinuous frame, now: 15913, last: 15911
[06:41:41.408] RX< [34m[AE] fid=15930,exp=10000,adg=288,Y=4682,mtg=180,shg=100,bgbv=1502,iso=288,cnv2,hdr0
[06:41:41.408] RX< [0m[34m
[06:41:42.403] RX< [b_ae0 proc] perf=1022(us), max=3343(us)!
[06:41:42.403] RX< [0m[34m[awb0 proc] perf=3937(us), max=6630(us)!
[06:41:42.403] RX< [0m[RTMP] f_index = 15930, f_len = 10123
[06:41:42.403] RX< [7] [cam] [1002607][me0][me_core_thread:359]ME out fid 15930
[06:41:42.403] RX< [34m[AE] fid=15960,exp=10000,adg=288,Y=4672,mtg=180,shg=100
[06:41:42.835] RX< ,bgbv=1499,iso=288,cnv2,hdr0
[06:41:42.835] RX< [0m[34m[ME INTP]fid=15960, shutter=10000, perf=6(us), max=5331(us)!
[06:41:42.835] RX< [0m[7] [cam] [1003607][me0][me_core_thread:359]ME out fid 15960
[06:41:42.835] RX< [4] [cam] [1003684][qpc0][qpc_core_exception_check:405]discontinuous frame, now: 15973, last
[06:41:43.836] RX< : 15971
[06:41:43.836] RX< [34m[AE] fid=15990,exp=10000,adg=288,Y=4673,mtg=180,shg=100,bgbv=1499,iso=288,cnv2,hdr0
[06:41:43.836] RX< [0m[7] [cam] [1004607][me0][me_core_thread:359]ME out fid 15990
[06:41:43.836] RX< [4] [cam] [1004685][qpc0][qpc_core_exception_check:405]discontinuous frame, now: 16003, last: 
[06:41:44.744] RX< 16001
[06:41:44.744] RX< [34m[AE] fid=16020,exp=10000,adg=288,Y=4669,mtg=180,shg=100,bgbv=1499,iso=288,cnv2,hdr0
[06:41:44.744] RX< [0m[34m[b_ae0 proc] perf=1170(us), max=2933(us)!
[06:41:44.744] RX< [0m[34m[awb0 proc] perf=3933(us), max=4045(us)!
[06:41:44.744] RX< [0m[RTMP] f_index = 16020, f_len = 13443
[06:41:44.744] RX< [7] [cam] [100560
[06:41:45.836] RX< 7][me0][me_core_thread:359]ME out fid 16020
[06:41:45.836] RX< [34m[AE] fid=16050,exp=10000,adg=288,Y=4661,mtg=180,shg=100,bgbv=1495,iso=288,cnv2,hdr0
[06:41:45.836] RX< [0m[7] [cam] [1006607][me0][me_core_thread:359]ME out fid 16050
[06:41:45.836] RX< [34m[awb0 proc] perf=6475(us), max=6475(us)!
[06:41:45.836] RX< [0m[4] [cam
[06:41:46.758] RX< ] [1006684][qpc0][qpc_core_exception_check:405]discontinuous frame, now: 16063, last: 16061
[06:41:46.758] RX< [34m[AE] fid=16080,exp=10000,adg=288,Y=4661,mtg=180,shg=100,bgbv=1495,iso=288,cnv2,hdr0
[06:41:46.758] RX< [0m[34m[ME INTP]fid=16080, shutter=10000, perf=5(us), max=2377(us)!
[06:41:46.758] RX< [0m[
[06:41:47.406] RX< 7] [cam] [1007607][me0][me_core_thread:359]ME out fid 16080
[06:41:47.406] RX< [4] [cam] [1007684][qpc0][qpc_core_exception_check:405]discontinuous frame, now: 16093, last: 16091
[06:41:47.406] RX< [34m[AE] fid=16110,exp=10000,adg=288,Y=4668,mtg=180,shg=100,bgbv=1499,iso=288,cnv2,hdr0
[06:41:47.406] RX< [0m[3
[06:41:47.834] RX< 4m[b_ae0 proc] perf=994(us), max=1726(us)!
[06:41:47.834] RX< [0m[34m[awb0 proc] perf=3923(us), max=6475(us)!
[06:41:47.834] RX< [0m[RTMP] f_index = 16110, f_len = 13692
[06:41:47.834] RX< [7] [cam] [1008607][me0][me_core_thread:359]ME out fid 16110
[06:41:47.834] RX< [34m[awb0 proc] perf=6408(us), max=6408(us)!
[06:41:47.834] RX< [0m[4] [cam]
[06:41:49.402] RX<  [1008683][qpc0][qpc_core_exception_check:405]discontinuous frame, now: 16123, last: 16121
[06:41:49.402] RX< [34m[AE] fid=16140,exp=10000,adg=288,Y=4673,mtg=180,shg=100,bgbv=1499,iso=288,cnv2,hdr0
[06:41:49.402] RX< [0m[7] [cam] [1009606][me0][me_core_thread:359]ME out fid 16140
[06:41:49.402] RX< [34m[AE] f
[06:41:49.835] RX< id=16170,exp=10030,adg=288,Y=4665,mtg=180,shg=100,bgbv=1495,iso=288,cnv2,hdr0
[06:41:49.835] RX< [0m[7] [cam] [1010606][me0][me_core_thread:359]ME out fid 16170
[06:41:49.835] RX< [34m[awb0 proc] perf=6470(us), max=6470(us)!
[06:41:49.835] RX< [0m[4] [cam] [1010684][qpc0][qpc_core_exception_check:405]disconti
[06:41:50.502] RX< nuous frame, now: 16183, last: 16181
[06:41:50.502] RX< [34m[AE] fid=16200,exp=10030,adg=288,Y=4671,mtg=180,shg=100,bgbv=1495,iso=288,cnv2,hdr0
[06:41:50.502] RX< [0m[34m[b_ae0 proc] perf=1020(us), max=2204(us)!
[06:41:50.502] RX< [0m[34m[awb0 proc] perf=3936(us), max=6470(us)!
[06:41:50.502] RX< [0m[34m[ME INTP]fid=16200,
[06:41:51.402] RX<  shutter=10030, perf=6(us), max=834(us)!
[06:41:51.402] RX< [0m[RTMP] f_index = 16200, f_len = 13885
[06:41:51.402] RX< [7] [cam] [1011606][me0][me_core_thread:359]ME out fid 16200
[06:41:51.402] RX< [RTMP] slow send frame 16201 len=73747 dt=53ms (IDR)
[06:41:51.402] RX< [34m[AE] fid=16230,exp=10030,adg=288,Y=4666,mtg=180,shg=10
[06:41:52.401] RX< 0,bgbv=1495,iso=288,cnv2,hdr0
[06:41:52.401] RX< [0m[7] [cam] [1012606][me0][me_core_thread:359]ME out fid 16230
[06:41:52.401] RX< [34m[awb0 proc] perf=6646(us), max=6646(us)!
[06:41:52.401] RX< [0m[4] [cam] [1012684][qpc0][qpc_core_exception_check:405]discontinuous frame, now: 16243, last: 16241
[06:41:52.401] RX< [34m[AE] f
[06:41:52.835] RX< id=16260,exp=10030,adg=288,Y=4665,mtg=180,shg=100,bgbv=1495,iso=288,cnv2,hdr0
[06:41:52.835] RX< [0m[7] [cam] [1013606][me0][me_core_thread:359]ME out fid 16260
[06:41:52.835] RX< [34m[awb0 proc] perf=8144(us), max=8144(us)!
[06:41:52.835] RX< [0m[4] [cam] [1013683][qpc0][qpc_core_exception_check:405]disconti
[06:41:53.726] RX< nuous frame, now: 16273, last: 16271
[06:41:53.726] RX< [34m[AE] fid=16290,exp=10030,adg=288,Y=4661,mtg=180,shg=100,bgbv=1491,iso=288,cnv2,hdr0
[06:41:53.726] RX< [0m[34m[b_ae0 proc] perf=1027(us), max=3364(us)!
[06:41:53.726] RX< [0m[34m[awb0 proc] perf=3878(us), max=8144(us)!
[06:41:53.726] RX< [0m[RTMP] f_index = 16290, 
[06:41:54.401] RX< f_len = 14289
[06:41:54.401] RX< [7] [cam] [1014606][me0][me_core_thread:359]ME out fid 16290
[06:41:54.401] RX< [34m[awb0 proc] perf=7097(us), max=7097(us)!
[06:41:54.401] RX< [0m[4] [cam] [1014683][qpc0][qpc_core_exception_check:405]discontinuous frame, now: 16303, last: 16301
[06:41:54.401] RX< [34m[AE] fid=16320,exp=10030,a
[06:41:54.834] RX< dg=288,Y=4652,mtg=180,shg=100,bgbv=1491,iso=288,cnv2,hdr0
[06:41:54.834] RX< [0m[34m[ME INTP]fid=16320, shutter=10030, perf=5(us), max=861(us)!
[06:41:54.834] RX< [0m[7] [cam] [1015606][me0][me_core_thread:359]ME out fid 16320
[06:41:54.834] RX< [34m[awb0 proc] perf=6544(us), max=7097(us)!
[06:41:54.834] RX< [0m[4] [cam] [101
[06:41:55.834] RX< 5683][qpc0][qpc_core_exception_check:405]discontinuous frame, now: 16333, last: 16331
[06:41:55.834] RX< [34m[AE] fid=16350,exp=10030,adg=288,Y=4648,mtg=180,shg=100,bgbv=1487,iso=288,cnv2,hdr0
[06:41:55.834] RX< [0m[7] [cam] [1016605][me0][me_core_thread:359]ME out fid 16350
[06:41:55.834] RX< [4] [cam] [10166
[06:41:56.406] RX< 83][qpc0][qpc_core_exception_check:405]discontinuous frame, now: 16363, last: 16361
[06:41:56.406] RX< [34m[AE] fid=16380,exp=10030,adg=288,Y=4646,mtg=180,shg=100,bgbv=1487,iso=288,cnv2,hdr0
[06:41:56.406] RX< [0m[34m[b_ae0 proc] perf=1022(us), max=1512(us)!
[06:41:56.406] RX< [0m[34m[awb0 proc] perf=3945(
[06:41:57.401] RX< us), max=6544(us)!
[06:41:57.401] RX< [0m[RTMP] f_index = 16380, f_len = 14105
[06:41:57.401] RX< [7] [cam] [1017605][me0][me_core_thread:359]ME out fid 16380
[06:41:57.401] RX< [4] [cam] [1017683][qpc0][qpc_core_exception_check:405]discontinuous frame, now: 16393, last: 16391
[06:41:57.401] RX< [34m[AE] fid=16410,exp=10070,adg=
[06:41:57.834] RX< 288,Y=4674,mtg=180,shg=100,bgbv=1491,iso=288,cnv2,hdr0
[06:41:57.834] RX< [0m[7] [cam] [1018605][me0][me_core_thread:359]ME out fid 16410
[06:41:57.834] RX< [34m[awb0 proc] perf=7006(us), max=7006(us)!
[06:41:57.834] RX< [0m[4] [cam] [1018683][qpc0][qpc_core_exception_check:405]discontinuous frame, now: 16423
[06:41:58.804] RX< , last: 16421
[06:41:58.804] RX< [34m[AE] fid=16440,exp=10070,adg=288,Y=4681,mtg=180,shg=100,bgbv=1494,iso=288,cnv2,hdr0
[06:41:58.804] RX< [0m[34m[ME INTP]fid=16440, shutter=10070, perf=6(us), max=1982(us)!
[06:41:58.804] RX< [0m[7] [cam] [1019605][me0][me_core_thread:359]ME out fid 16440
[06:41:58.804] RX< [RTMP] slow send f
[06:41:59.726] RX< rame 16441 len=73730 dt=58ms (IDR)
[06:41:59.726] RX< [34m[AE] fid=16470,exp=10070,adg=288,Y=4675,mtg=180,shg=100,bgbv=1494,iso=288,cnv2,hdr0
[06:41:59.726] RX< [0m[34m[b_ae0 proc] perf=935(us), max=4067(us)!
[06:41:59.726] RX< [0m[34m[awb0 proc] perf=3953(us), max=7006(us)!
[06:41:59.726] RX< [0m[RTMP] f_index = 16470, f_l
[06:42:00.400] RX< en = 13687
[06:42:00.400] RX< [7] [cam] [1020605][me0][me_core_thread:359]ME out fid 16470
[06:42:00.400] RX< [34m[awb0 proc] perf=6571(us), max=6571(us)!
[06:42:00.400] RX< [0m[4] [cam] [1020682][qpc0][qpc_core_exception_check:405]discontinuous frame, now: 16483, last: 16481
[06:42:00.400] RX< [34m[AE] fid=16500,exp=10070,adg=
[06:42:00.833] RX< 288,Y=4689,mtg=180,shg=100,bgbv=1498,iso=288,cnv2,hdr0
[06:42:00.833] RX< [0m[7] [cam] [1021605][me0][me_core_thread:359]ME out fid 16500
[06:42:00.833] RX< [34m[awb0 proc] perf=8468(us), max=8468(us)!
[06:42:00.833] RX< [0m[4] [cam] [1021682][qpc0][qpc_core_exception_check:405]discontinuous frame, now: 16513
[06:42:01.834] RX< , last: 16511
[06:42:01.834] RX< [34m[AE] fid=16530,exp=10030,adg=288,Y=4650,mtg=180,shg=100,bgbv=1491,iso=288,cnv2,hdr0
[06:42:01.834] RX< [0m[7] [cam] [1022605][me0][me_core_thread:359]ME out fid 16530
[06:42:01.834] RX< [34m[awb0 proc] perf=6106(us), max=8468(us)!
[06:42:01.834] RX< [0m[4] [cam] [1022682][qpc0][qpc_core_exc
[06:42:02.200] RX< eption_check:405]discontinuous frame, now: 16543, last: 16541
[06:42:02.200] RX< [4] [cam] [1022983][qpc0][qpc_core_exception_check:411]interp not finish in sof, fid: 16551
[06:42:02.200] RX< [34m[awb0 proc] perf=7325(us), max=7325(us)!
[06:42:02.200] RX< [0m[4] [cam] [1023049][qpc0][qpc_core_exception_check:4
[06:42:02.502] RX< 05]discontinuous frame, now: 16554, last: 16552
[06:42:02.502] RX< [34m[AE] fid=16560,exp=10030,adg=288,Y=4630,mtg=180,shg=100,bgbv=1505,iso=288,cnv2,hdr0
[06:42:02.502] RX< [0m[34m[b_ae0 proc] perf=1009(us), max=1375(us)!
[06:42:02.502] RX< [0m[34m[awb0 proc] perf=3981(us), max=7325(us)!
[06:42:02.502] RX< [0m[34m[ME INTP
[06:42:02.967] RX< ]fid=16560, shutter=10030, perf=2097(us), max=4507(us)!
[06:42:02.967] RX< [0m[RTMP] f_index = 16560, f_len = 18710
[06:42:02.967] RX< [7] [cam] [1023605][me0][me_core_thread:359]ME out fid 16560
[06:42:02.967] RX< [RTMP] slow send frame 16561 len=70310 dt=124ms (IDR)
[06:42:02.967] RX< [4] [cam] [1023815][qpc0][qpc_core_exceptio
[06:42:03.784] RX< n_check:405]discontinuous frame, now: 16577, last: 16575
[06:42:03.784] RX< [34m[AE] fid=16590,exp=10070,adg=288,Y=4688,mtg=180,shg=100,bgbv=1498,iso=288,cnv2,hdr0
[06:42:03.784] RX< [0m[7] [cam] [1024604][me0][me_core_thread:359]ME out fid 16590
[06:42:03.784] RX< [34m[awb0 proc] perf=6901(us), max=6901(us)!
[06:42:04.752] RX< 
[06:42:04.752] RX< [0m[4] [cam] [1024682][qpc0][qpc_core_exception_check:405]discontinuous frame, now: 16603, last: 16601
[06:42:04.752] RX< [34m[AE] fid=16620,exp=10030,adg=288,Y=4689,mtg=180,shg=100,bgbv=1502,iso=288,cnv2,hdr0
[06:42:04.752] RX< [0m[7] [cam] [1025604][me0][me_core_thread:359]ME out fid 166
[06:42:05.404] RX< 20
[06:42:05.404] RX< [34m[awb0 proc] perf=6641(us), max=6901(us)!
[06:42:05.404] RX< [0m[4] [cam] [1025682][qpc0][qpc_core_exception_check:405]discontinuous frame, now: 16633, last: 16631
[06:42:05.404] RX< [34m[AE] fid=16650,exp=10030,adg=288,Y=4674,mtg=180,shg=100,bgbv=1495,iso=288,cnv2,hdr0
[06:42:05.404] RX< [0m[34m[b_ae
[06:42:05.833] RX< 0 proc] perf=1141(us), max=1879(us)!
[06:42:05.833] RX< [0m[34m[awb0 proc] perf=3945(us), max=6641(us)!
[06:42:05.833] RX< [0m[RTMP] f_index = 16650, f_len = 13742
[06:42:05.833] RX< [7] [cam] [1026604][me0][me_core_thread:359]ME out fid 16650
[06:42:05.833] RX< [4] [cam] [1026682][qpc0][qpc_core_exception_check:405]discontinu
[06:42:06.755] RX< ous frame, now: 16663, last: 16661
[06:42:06.755] RX< [34m[AE] fid=16680,exp=10030,adg=288,Y=4698,mtg=180,shg=100,bgbv=1502,iso=288,cnv2,hdr0
[06:42:06.755] RX< [0m[34m[ME INTP]fid=16680, shutter=10030, perf=6(us), max=14519(us)!
[06:42:06.755] RX< [0m[7] [cam] [1027604][me0][me_core_thread:359]ME out fid 16
[06:42:07.832] RX< 680
[06:42:07.832] RX< [34m[AE] fid=16710,exp=10030,adg=288,Y=4677,mtg=180,shg=100,bgbv=1498,iso=288,cnv2,hdr0
[06:42:07.832] RX< [0m[7] [cam] [1028604][me0][me_core_thread:359]ME out fid 16710
[06:42:07.832] RX< [4] [cam] [1028681][qpc0][qpc_core_exception_check:405]discontinuous frame, now: 16723, last: 1672
[06:42:08.740] RX< 1
[06:42:08.740] RX< [34m[AE] fid=16740,exp=10000,adg=288,Y=4718,mtg=180,shg=100,bgbv=1514,iso=288,cnv2,hdr0
[06:42:08.740] RX< [0m[34m[b_ae0 proc] perf=1029(us), max=1273(us)!
[06:42:08.740] RX< [0m[34m[awb0 proc] perf=3935(us), max=5546(us)!
[06:42:08.740] RX< [0m[RTMP] f_index = 16740, f_len = 14037
[06:42:08.740] RX< [7] [cam] [1029604][m
[06:42:09.399] RX< e0][me_core_thread:359]ME out fid 16740
[06:42:09.399] RX< [34m[awb0 proc] perf=6622(us), max=6622(us)!
[06:42:09.399] RX< [0m[4] [cam] [1029681][qpc0][qpc_core_exception_check:405]discontinuous frame, now: 16753, last: 16751
[06:42:09.399] RX< [34m[AE] fid=16770,exp=10000,adg=288,Y=4666,mtg=180,shg=100,bgbv=
[06:42:10.399] RX< 1499,iso=288,cnv2,hdr0
[06:42:10.399] RX< [0m[7] [cam] [1030604][me0][me_core_thread:359]ME out fid 16770
[06:42:10.399] RX< [4] [cam] [1030681][qpc0][qpc_core_exception_check:405]discontinuous frame, now: 16783, last: 16781
[06:42:10.399] RX< [34m[AE] fid=16800,exp=10000,adg=288,Y=4679,mtg=180,shg=100,bgbv=15
[06:42:10.832] RX< 02,iso=288,cnv2,hdr0
[06:42:10.832] RX< [0m[34m[ME INTP]fid=16800, shutter=10000, perf=6(us), max=8181(us)!
[06:42:10.832] RX< [0m[7] [cam] [1031603][me0][me_core_thread:359]ME out fid 16800
[06:42:10.832] RX< [4] [cam] [1031681][qpc0][qpc_core_exception_check:405]discontinuous frame, now: 16813, last: 16811
[06:42:11.739] RX< [34m[AE] fid=16830,exp=10000,adg=288,Y=4675,mtg=180,shg=100,bgbv=1502,iso=288,cnv2,hdr0
[06:42:11.739] RX< [0m[34m[b_ae0 proc] perf=1023(us), max=3688(us)!
[06:42:11.739] RX< [0m[34m[awb0 proc] perf=3971(us), max=6622(us)!
[06:42:11.739] RX< [0m[RTMP] f_index = 16830, f_len = 13347
[06:42:11.739] RX< [7] [cam] [1032603][me0
[06:42:12.399] RX< ][me_core_thread:359]ME out fid 16830
[06:42:12.399] RX< [34m[awb0 proc] perf=6298(us), max=6298(us)!
[06:42:12.399] RX< [0m[4] [cam] [1032681][qpc0][qpc_core_exception_check:405]discontinuous frame, now: 16843, last: 16841
[06:42:12.399] RX< [34m[AE] fid=16860,exp=10000,adg=288,Y=4679,mtg=180,shg=100,bgbv=15
[06:42:13.398] RX< 02,iso=288,cnv2,hdr0
[06:42:13.398] RX< [0m[7] [cam] [1033603][me0][me_core_thread:359]ME out fid 16860
[06:42:13.398] RX< [34m[awb0 proc] perf=8001(us), max=8001(us)!
[06:42:13.398] RX< [0m[4] [cam] [1033681][qpc0][qpc_core_exception_check:405]discontinuous frame, now: 16873, last: 16871
[06:42:13.398] RX< [34m[AE] fid=16890,
[06:42:13.832] RX< exp=10000,adg=288,Y=4679,mtg=180,shg=100,bgbv=1502,iso=288,cnv2,hdr0
[06:42:13.832] RX< [0m[7] [cam] [1034603][me0][me_core_thread:359]ME out fid 16890
[06:42:13.832] RX< [34m[awb0 proc] perf=6903(us), max=8001(us)!
[06:42:13.832] RX< [0m[4] [cam] [1034681][qpc0][qpc_core_exception_check:405]discontinuous fra
[06:42:14.497] RX< me, now: 16903, last: 16901
[06:42:14.497] RX< [34m[AE] fid=16920,exp=10000,adg=288,Y=4656,mtg=180,shg=100,bgbv=1495,iso=288,cnv2,hdr0
[06:42:14.497] RX< [0m[34m[b_ae0 proc] perf=1077(us), max=3423(us)!
[06:42:14.497] RX< [0m[34m[awb0 proc] perf=3934(us), max=6903(us)!
[06:42:14.497] RX< [0m[34m[ME INTP]fid=16920, shutter=
[06:42:15.397] RX< 10000, perf=6(us), max=1643(us)!
[06:42:15.397] RX< [0m[RTMP] f_index = 16920, f_len = 13546
[06:42:15.397] RX< [7] [cam] [1035603][me0][me_core_thread:359]ME out fid 16920
[06:42:15.397] RX< [4] [cam] [1035680][qpc0][qpc_core_exception_check:405]discontinuous frame, now: 16933, last: 16931
[06:42:15.397] RX< [34m[AE] fid=16950,
[06:42:15.830] RX< exp=10000,adg=288,Y=4672,mtg=180,shg=100,bgbv=1499,iso=288,cnv2,hdr0
[06:42:15.830] RX< [0m[7] [cam] [1036603][me0][me_core_thread:359]ME out fid 16950
[06:42:15.830] RX< [34m[awb0 proc] perf=6470(us), max=6470(us)!
[06:42:15.830] RX< [0m[4] [cam] [1036679][qpc0][qpc_core_exception_check:405]discontinuous fra
[06:42:17.402] RX< me, now: 16963, last: 16961
[06:42:17.402] RX< [34m[AE] fid=16980,exp=10000,adg=288,Y=4659,mtg=180,shg=100,bgbv=1495,iso=288,cnv2,hdr0
[06:42:17.402] RX< [0m[7] [cam] [1037603][me0][me_core_thread:359]ME out fid 16980
[06:42:17.402] RX< [RTMP] slow send frame 16981 len=73203 dt=73ms (IDR)
[06:42:17.402] RX< [34m[AE] fid=17010,e
[06:42:17.738] RX< xp=10000,adg=288,Y=4687,mtg=180,shg=100,bgbv=1502,iso=288,cnv2,hdr0
[06:42:17.738] RX< [0m[34m[b_ae0 proc] perf=1035(us), max=1911(us)!
[06:42:17.738] RX< [0m[34m[awb0 proc] perf=3924(us), max=6470(us)!
[06:42:17.738] RX< [0m[RTMP] f_index = 17010, f_len = 13515
[06:42:17.738] RX< [7] [cam] [1038603][me0][me_core_thread:359]
[06:42:18.754] RX< ME out fid 17010
[06:42:18.754] RX< [RTMP] slow send frame 17011 len=72148 dt=71ms (IDR)
[06:42:18.754] RX< [34m[AE] fid=17040,exp=10000,adg=288,Y=4660,mtg=180,shg=100,bgbv=1495,iso=288,cnv2,hdr0
[06:42:18.754] RX< [0m[34m[ME INTP]fid=17040, shutter=10000, perf=6(us), max=362(us)!
[06:42:18.754] RX< [0m[7] [cam] [1039602][me0]
[06:42:19.398] RX< [me_core_thread:359]ME out fid 17040
[06:42:19.398] RX< [34m[awb0 proc] perf=7040(us), max=7040(us)!
[06:42:19.398] RX< [0m[4] [cam] [1039680][qpc0][qpc_core_exception_check:405]discontinuous frame, now: 17053, last: 17051
[06:42:19.398] RX< [34m[AE] fid=17070,exp=10000,adg=288,Y=4676,mtg=180,shg=100,bgbv=150
[06:42:20.401] RX< 2,iso=288,cnv2,hdr0
[06:42:20.401] RX< [0m[7] [cam] [1040602][me0][me_core_thread:359]ME out fid 17070
[06:42:20.401] RX< [34m[awb0 proc] perf=6592(us), max=7040(us)!
[06:42:20.401] RX< [0m[4] [cam] [1040680][qpc0][qpc_core_exception_check:405]discontinuous frame, now: 17083, last: 17081
[06:42:20.401] RX< [34m[AE] fid=17100,e
[06:42:20.738] RX< xp=10000,adg=288,Y=4665,mtg=180,shg=100,bgbv=1499,iso=288,cnv2,hdr0
[06:42:20.738] RX< [0m[34m[b_ae0 proc] perf=1020(us), max=3627(us)!
[06:42:20.738] RX< [0m[34m[awb0 proc] perf=3966(us), max=6592(us)!
[06:42:20.738] RX< [0m[RTMP] f_index = 17100, f_len = 9300
[06:42:20.738] RX< [7] [cam] [1041602][me0][me_core_thread:359]M
[06:42:21.749] RX< E out fid 17100
[06:42:21.749] RX< [4] [cam] [1041680][qpc0][qpc_core_exception_check:405]discontinuous frame, now: 17113, last: 17111
[06:42:21.749] RX< [34m[AE] fid=17130,exp=10000,adg=288,Y=4668,mtg=180,shg=100,bgbv=1499,iso=288,cnv2,hdr0
[06:42:21.749] RX< [0m[7] [cam] [1042602][me0][me_core_thread:359]ME 
[06:42:22.496] RX< out fid 17130
[06:42:22.496] RX< [4] [cam] [1042680][qpc0][qpc_core_exception_check:405]discontinuous frame, now: 17143, last: 17141
[06:42:22.496] RX< [34m[AE] fid=17160,exp=10000,adg=288,Y=4654,mtg=180,shg=100,bgbv=1495,iso=288,cnv2,hdr0
[06:42:22.496] RX< [0m[34m[ME INTP]fid=17160, shutter=10000, perf=6(us
[06:42:23.401] RX< ), max=877(us)!
[06:42:23.401] RX< [0m[7] [cam] [1043602][me0][me_core_thread:359]ME out fid 17160
[06:42:23.401] RX< [34m[AE] fid=17190,exp=10000,adg=288,Y=4666,mtg=180,shg=100,bgbv=1499,iso=288,cnv2,hdr0
[06:42:23.401] RX< [0m[34m[b_ae0 proc] perf=1151(us), max=3859(us)!
[06:42:23.401] RX< [0m[34m[awb0 proc] perf=3913(us)
[06:42:24.749] RX< , max=5403(us)!
[06:42:24.749] RX< [0m[RTMP] f_index = 17190, f_len = 9058
[06:42:24.749] RX< [7] [cam] [1044602][me0][me_core_thread:359]ME out fid 17190
[06:42:24.749] RX< [34m[AE] fid=17220,exp=10000,adg=288,Y=4687,mtg=180,shg=100,bgbv=1502,iso=288,cnv2,hdr0
[06:42:24.749] RX< [0m[7] [cam] [1045602][me0][me_core_thread:359]M
[06:42:25.750] RX< E out fid 17220
[06:42:25.750] RX< [4] [cam] [1045679][qpc0][qpc_core_exception_check:405]discontinuous frame, now: 17233, last: 17231
[06:42:25.750] RX< [34m[AE] fid=17250,exp=10000,adg=288,Y=4687,mtg=180,shg=100,bgbv=1502,iso=288,cnv2,hdr0
[06:42:25.750] RX< [0m[7] [cam] [1046601][me0][me_core_thread:359]ME 
[06:42:26.401] RX< out fid 17250
[06:42:26.401] RX< [34m[awb0 proc] perf=6141(us), max=6141(us)!
[06:42:26.401] RX< [0m[4] [cam] [1046679][qpc0][qpc_core_exception_check:405]discontinuous frame, now: 17263, last: 17261
[06:42:26.401] RX< [34m[AE] fid=17280,exp=10000,adg=288,Y=4682,mtg=180,shg=100,bgbv=1502,iso=288,cnv2,hdr0
[06:42:26.401] RX< [0
[06:42:26.738] RX< m[34m[b_ae0 proc] perf=1023(us), max=3544(us)!
[06:42:26.738] RX< [0m[34m[awb0 proc] perf=3927(us), max=6141(us)!
[06:42:26.738] RX< [0m[34m[ME INTP]fid=17280, shutter=10000, perf=6(us), max=1183(us)!
[06:42:26.738] RX< [0m[RTMP] f_index = 17280, f_len = 20717
[06:42:26.738] RX< [7] [cam] [1047601][me0][me_core_thread:359]M
[06:42:27.780] RX< E out fid 17280
[06:42:27.780] RX< [RTMP] slow send frame 17281 len=74034 dt=67ms (IDR)
[06:42:27.780] RX< [34m[AE] fid=17310,exp=10000,adg=288,Y=4672,mtg=180,shg=100,bgbv=1499,iso=288,cnv2,hdr0
[06:42:27.780] RX< [0m[7] [cam] [1048601][me0][me_core_thread:359]ME out fid 17310
[06:42:27.780] RX< [34m[awb0 proc] perf=6015(us), m
[06:42:28.829] RX< ax=6015(us)!
[06:42:28.829] RX< [0m[34m[AE] fid=17340,exp=10000,adg=288,Y=4672,mtg=180,shg=100,bgbv=1499,iso=288,cnv2,hdr0
[06:42:28.829] RX< [0m[7] [cam] [1049601][me0][me_core_thread:359]ME out fid 17340
[06:42:28.829] RX< [34m[awb0 proc] perf=6040(us), max=6040(us)!
[06:42:28.829] RX< [0m[4] [cam] [1049679][qpc0][qpc_core_
[06:42:29.400] RX< exception_check:405]discontinuous frame, now: 17353, last: 17351
[06:42:29.400] RX< [34m[AE] fid=17370,exp=10000,adg=288,Y=4684,mtg=180,shg=100,bgbv=1502,iso=288,cnv2,hdr0
[06:42:29.400] RX< [0m[34m[b_ae0 proc] perf=1021(us), max=2331(us)!
[06:42:29.400] RX< [0m[34m[awb0 proc] perf=3933(us), max=6040(us)!
[06:42:30.395] RX< [0m[RTMP] f_index = 17370, f_len = 9229
[06:42:30.395] RX< [7] [cam] [1050601][me0][me_core_thread:359]ME out fid 17370
[06:42:30.395] RX< [4] [cam] [1050678][qpc0][qpc_core_exception_check:405]discontinuous frame, now: 17383, last: 17381
[06:42:30.395] RX< [34m[AE] fid=17400,exp=10000,adg=288,Y=4686,mtg=180,s
[06:42:30.829] RX< hg=100,bgbv=1502,iso=288,cnv2,hdr0
[06:42:30.829] RX< [0m[34m[ME INTP]fid=17400, shutter=10000, perf=5(us), max=2128(us)!
[06:42:30.829] RX< [0m[7] [cam] [1051601][me0][me_core_thread:359]ME out fid 17400
[06:42:30.829] RX< [4] [cam] [1051678][qpc0][qpc_core_exception_check:405]discontinuous frame, now: 17413
[06:42:31.829] RX< , last: 17411
[06:42:31.829] RX< [34m[AE] fid=17430,exp=10000,adg=288,Y=4685,mtg=180,shg=100,bgbv=1502,iso=288,cnv2,hdr0
[06:42:31.829] RX< [0m[7] [cam] [1052601][me0][me_core_thread:359]ME out fid 17430
[06:42:31.829] RX< [34m[awb0 proc] perf=8197(us), max=8197(us)!
[06:42:31.829] RX< [0m[4] [cam] [1052678][qpc0][qpc_core_exc
[06:42:32.401] RX< eption_check:405]discontinuous frame, now: 17443, last: 17441
[06:42:32.401] RX< [34m[AE] fid=17460,exp=9930,adg=288,Y=4696,mtg=180,shg=100,bgbv=1506,iso=288,cnv2,hdr0
[06:42:32.401] RX< [0m[34m[b_ae0 proc] perf=1039(us), max=3569(us)!
[06:42:32.401] RX< [0m[34m[awb0 proc] perf=3951(us), max=8197(us)!
[06:42:32.401] RX< [0m
[06:42:33.395] RX< [RTMP] f_index = 17460, f_len = 13385
[06:42:33.395] RX< [7] [cam] [1053600][me0][me_core_thread:359]ME out fid 17460
[06:42:33.395] RX< [4] [cam] [1053679][qpc0][qpc_core_exception_check:405]discontinuous frame, now: 17473, last: 17471
[06:42:33.395] RX< [34m[AE] fid=17490,exp=9930,adg=288,Y=4667,mtg=180,shg=1
[06:42:34.496] RX< 00,bgbv=1507,iso=288,cnv2,hdr0
[06:42:34.496] RX< [0m[7] [cam] [1054600][me0][me_core_thread:359]ME out fid 17490
[06:42:34.496] RX< [34m[AE] fid=17520,exp=9930,adg=288,Y=4667,mtg=180,shg=100,bgbv=1507,iso=288,cnv2,hdr0
[06:42:34.496] RX< [0m[34m[ME INTP]fid=17520, shutter=9930, perf=5(us), max=805(us)!
[06:42:34.496] RX< [0m
[06:42:35.400] RX< [7] [cam] [1055600][me0][me_core_thread:359]ME out fid 17520
[06:42:35.400] RX< [34m[awb0 proc] perf=6771(us), max=6771(us)!
[06:42:35.400] RX< [0m[4] [cam] [1055678][qpc0][qpc_core_exception_check:405]discontinuous frame, now: 17533, last: 17531
[06:42:35.400] RX< [34m[AE] fid=17550,exp=9930,adg=288,Y=4682,m
[06:42:35.784] RX< tg=180,shg=100,bgbv=1510,iso=288,cnv2,hdr0
[06:42:35.784] RX< [0m[34m[b_ae0 proc] perf=1011(us), max=3950(us)!
[06:42:35.784] RX< [0m[34m[awb0 proc] perf=3965(us), max=6771(us)!
[06:42:35.784] RX< [0m[RTMP] f_index = 17550, f_len = 20993
[06:42:35.784] RX< [7] [cam] [1056600][me0][me_core_thread:359]ME out fid 17550
[06:42:35.784] RX< [34m[aw
[06:42:37.394] RX< b0 proc] perf=6004(us), max=6004(us)!
[06:42:37.394] RX< [0m[34m[AE] fid=17580,exp=9930,adg=288,Y=4718,mtg=180,shg=100,bgbv=1522,iso=288,cnv2,hdr0
[06:42:37.394] RX< [0m[7] [cam] [1057600][me0][me_core_thread:359]ME out fid 17580
[06:42:37.394] RX< [34m[awb0 proc] perf=6029(us), max=6029(us)!
[06:42:37.394] RX< [0m[34m[AE] f
[06:42:38.399] RX< id=17610,exp=9930,adg=288,Y=4672,mtg=180,shg=100,bgbv=1507,iso=288,cnv2,hdr0
[06:42:38.399] RX< [0m[7] [cam] [1058600][me0][me_core_thread:359]ME out fid 17610
[06:42:38.399] RX< [4] [cam] [1058677][qpc0][qpc_core_exception_check:405]discontinuous frame, now: 17623, last: 17621
[06:42:38.399] RX< [34m[AE] fid=
[06:42:38.719] RX< 17640,exp=9930,adg=288,Y=4666,mtg=180,shg=100,bgbv=1507,iso=288,cnv2,hdr0
[06:42:38.719] RX< [0m[34m[b_ae0 proc] perf=1022(us), max=2001(us)!
[06:42:38.719] RX< [0m[34m[awb0 proc] perf=4004(us), max=6029(us)!
[06:42:38.719] RX< [0m[34m[ME INTP]fid=17640, shutter=9930, perf=5(us), max=1120(us)!
[06:42:38.719] RX< [0m[RTMP] 
[06:42:39.394] RX< f_index = 17640, f_len = 8896
[06:42:39.394] RX< [7] [cam] [1059600][me0][me_core_thread:359]ME out fid 17640
[06:42:39.394] RX< [34m[awb0 proc] perf=7346(us), max=7346(us)!
[06:42:39.394] RX< [0m[4] [cam] [1059677][qpc0][qpc_core_exception_check:405]discontinuous frame, now: 17653, last: 17651
[06:42:39.394] RX< [34m[AE] fid=1
[06:42:39.828] RX< 7670,exp=9930,adg=288,Y=4657,mtg=180,shg=100,bgbv=1503,iso=288,cnv2,hdr0
[06:42:39.828] RX< [0m[7] [cam] [1060600][me0][me_core_thread:359]ME out fid 17670
[06:42:39.828] RX< [34m[awb0 proc] perf=6440(us), max=7346(us)!
[06:42:39.828] RX< [0m[4] [cam] [1060677][qpc0][qpc_core_exception_check:405]discontinuous
[06:42:41.399] RX<  frame, now: 17683, last: 17681
[06:42:41.399] RX< [34m[AE] fid=17700,exp=9930,adg=288,Y=4672,mtg=180,shg=100,bgbv=1507,iso=288,cnv2,hdr0
[06:42:41.399] RX< [0m[7] [cam] [1061599][me0][me_core_thread:359]ME out fid 17700
[06:42:41.399] RX< [34m[AE] fid=17730,exp=9930,adg=288,Y=4671,mtg=180,shg=100,bgbv=1507,i
[06:42:41.828] RX< so=288,cnv2,hdr0
[06:42:41.828] RX< [0m[34m[b_ae0 proc] perf=1022(us), max=4607(us)!
[06:42:41.828] RX< [0m[34m[awb0 proc] perf=3977(us), max=6440(us)!
[06:42:41.828] RX< [0m[RTMP] f_index = 17730, f_len = 20911
[06:42:41.828] RX< [7] [cam] [1062599][me0][me_core_thread:359]ME out fid 17730
[06:42:41.828] RX< [4] [cam] [1062677][qpc0][qpc_core
[06:42:42.750] RX< _exception_check:405]discontinuous frame, now: 17743, last: 17741
[06:42:42.750] RX< [34m[AE] fid=17760,exp=9930,adg=288,Y=4666,mtg=180,shg=100,bgbv=1507,iso=288,cnv2,hdr0
[06:42:42.750] RX< [0m[34m[ME INTP]fid=17760, shutter=9930, perf=6(us), max=1680(us)!
[06:42:42.750] RX< [0m[7] [cam] [1063599][me0][me_c
[06:42:43.777] RX< ore_thread:359]ME out fid 17760
[06:42:43.777] RX< [34m[awb0 proc] perf=6012(us), max=6012(us)!
[06:42:43.777] RX< [0m[34m[AE] fid=17790,exp=9930,adg=288,Y=4678,mtg=180,shg=100,bgbv=1510,iso=288,cnv2,hdr0
[06:42:43.777] RX< [0m[7] [cam] [1064599][me0][me_core_thread:359]ME out fid 17790
[06:42:43.777] RX< [34m[awb0 proc] perf
[06:42:44.399] RX< =6450(us), max=6450(us)!
[06:42:44.399] RX< [0m[4] [cam] [1064677][qpc0][qpc_core_exception_check:405]discontinuous frame, now: 17803, last: 17801
[06:42:44.399] RX< [34m[AE] fid=17820,exp=9930,adg=288,Y=4677,mtg=180,shg=100,bgbv=1510,iso=288,cnv2,hdr0
[06:42:44.399] RX< [0m[34m[b_ae0 proc] perf=1134(us), ma
[06:42:45.394] RX< x=1154(us)!
[06:42:45.394] RX< [0m[34m[awb0 proc] perf=3965(us), max=6450(us)!
[06:42:45.394] RX< [0m[RTMP] f_index = 17820, f_len = 8976
[06:42:45.394] RX< [7] [cam] [1065599][me0][me_core_thread:359]ME out fid 17820
[06:42:45.394] RX< [34m[AE] fid=17850,exp=9930,adg=288,Y=4683,mtg=180,shg=100,bgbv=1510,iso=288,cnv2,hdr0
[06:42:45.394] RX< [0
[06:42:46.493] RX< m[7] [cam] [1066599][me0][me_core_thread:359]ME out fid 17850
[06:42:46.493] RX< [4] [cam] [1066676][qpc0][qpc_core_exception_check:405]discontinuous frame, now: 17863, last: 17861
[06:42:46.493] RX< [34m[AE] fid=17880,exp=9930,adg=288,Y=4685,mtg=180,shg=100,bgbv=1510,iso=288,cnv2,hdr0
[06:42:46.493] RX< [0m[
[06:42:47.399] RX< 34m[ME INTP]fid=17880, shutter=9930, perf=6(us), max=494(us)!
[06:42:47.399] RX< [0m[7] [cam] [1067599][me0][me_core_thread:359]ME out fid 17880
[06:42:47.399] RX< [34m[AE] fid=17910,exp=9930,adg=288,Y=4679,mtg=180,shg=100,bgbv=1510,iso=288,cnv2,hdr0
[06:42:47.399] RX< [0m[34m[b_ae0 proc] perf=1035(us), max=
[06:42:48.746] RX< 4563(us)!
[06:42:48.746] RX< [0m[34m[awb0 proc] perf=3956(us), max=4329(us)!
[06:42:48.746] RX< [0m[RTMP] f_index = 17910, f_len = 8677
[06:42:48.746] RX< [7] [cam] [1068598][me0][me_core_thread:359]ME out fid 17910
[06:42:48.746] RX< [34m[AE] fid=17940,exp=9930,adg=288,Y=4671,mtg=180,shg=100,bgbv=1507,iso=288,cnv2,hdr0
[06:42:48.746] RX< [0m[
[06:42:49.826] RX< 7] [cam] [1069598][me0][me_core_thread:359]ME out fid 17940
[06:42:49.826] RX< [34m[AE] fid=17970,exp=9930,adg=288,Y=4673,mtg=180,shg=100,bgbv=1507,iso=288,cnv2,hdr0
[06:42:49.826] RX< [0m[7] [cam] [1070598][me0][me_core_thread:359]ME out fid 17970
[06:42:49.826] RX< [4] [cam] [1070676][qpc0][qpc_core_exceptio
[06:42:50.493] RX< n_check:405]discontinuous frame, now: 17983, last: 17981
[06:42:50.493] RX< [34m[AE] fid=18000,exp=9930,adg=288,Y=4662,mtg=180,shg=100,bgbv=1503,iso=288,cnv2,hdr0
[06:42:50.493] RX< [0m[34m[b_ae0 proc] perf=1274(us), max=3459(us)!
[06:42:50.493] RX< [0m[34m[awb0 proc] perf=3831(us), max=4601(us)!
[06:42:50.493] RX< [0m[34m
[06:42:50.827] RX< [ME INTP]fid=18000, shutter=9930, perf=5(us), max=1854(us)!
[06:42:50.827] RX< [0m[RTMP] f_index = 18000, f_len = 20726
[06:42:50.827] RX< [7] [cam] [1071598][me0][me_core_thread:359]ME out fid 18000
[06:42:50.827] RX< [4] [cam] [1071676][qpc0][qpc_core_exception_check:405]discontinuous frame, now: 18013, last:
[06:42:51.826] RX<  18011
[06:42:51.826] RX< [34m[AE] fid=18030,exp=9930,adg=288,Y=4681,mtg=180,shg=100,bgbv=1510,iso=288,cnv2,hdr0
[06:42:51.826] RX< [0m[7] [cam] [1072598][me0][me_core_thread:359]ME out fid 18030
[06:42:51.826] RX< [4] [cam] [1072675][qpc0][qpc_core_exception_check:405]discontinuous frame, now: 18043, last: 18
[06:42:53.398] RX< 041
[06:42:53.398] RX< [34m[AE] fid=18060,exp=9930,adg=288,Y=4675,mtg=180,shg=100,bgbv=1510,iso=288,cnv2,hdr0
[06:42:53.398] RX< [0m[7] [cam] [1073598][me0][me_core_thread:359]ME out fid 18060
[06:42:53.398] RX< [34m[AE] fid=18090,exp=9930,adg=288,Y=4686,mtg=180,shg=100,bgbv=1510,iso=288,cnv2,hdr0
[06:42:53.398] RX< [0m[34m[b
[06:42:53.825] RX< _ae0 proc] perf=941(us), max=3822(us)!
[06:42:53.825] RX< [0m[34m[awb0 proc] perf=3936(us), max=5961(us)!
[06:42:53.825] RX< [0m[RTMP] f_index = 18090, f_len = 20782
[06:42:53.825] RX< [7] [cam] [1074598][me0][me_core_thread:359]ME out fid 18090
[06:42:53.825] RX< [34m[awb0 proc] perf=6226(us), max=6226(us)!
[06:42:53.825] RX< [0m[4] [cam] [10
[06:42:54.396] RX< 74675][qpc0][qpc_core_exception_check:405]discontinuous frame, now: 18103, last: 18101
[06:42:54.396] RX< [34m[awb0 proc] perf=9239(us), max=9239(us)!
[06:42:54.396] RX< [0m[4] [cam] [1075042][qpc0][qpc_core_exception_check:405]discontinuous frame, now: 18114, last: 18112
[06:42:54.396] RX< [34m[AE] fid=18120
[06:42:54.826] RX< ,exp=9930,adg=282,Y=4645,mtg=180,shg=100,bgbv=1517,iso=282,cnv2,hdr0
[06:42:54.826] RX< [0m[34m[ME INTP]fid=18120, shutter=9930, perf=290(us), max=1006(us)!
[06:42:54.826] RX< [0m[7] [cam] [1075597][me0][me_core_thread:359]ME out fid 18120
[06:42:54.826] RX< [34m[awb0 proc] perf=7113(us), max=9239(us)!
[06:42:54.826] RX< [0m[
[06:42:56.396] RX< 4] [cam] [1075675][qpc0][qpc_core_exception_check:405]discontinuous frame, now: 18133, last: 18131
[06:42:56.396] RX< [34m[AE] fid=18150,exp=10110,adg=282,Y=4650,mtg=180,shg=100,bgbv=1510,iso=282,cnv2,hdr0
[06:42:56.396] RX< [0m[7] [cam] [1076597][me0][me_core_thread:359]ME out fid 18150
[06:42:56.396] RX< [3
[06:42:56.732] RX< 4m[AE] fid=18180,exp=10110,adg=282,Y=4637,mtg=180,shg=100,bgbv=1502,iso=282,cnv2,hdr0
[06:42:56.732] RX< [0m[34m[b_ae0 proc] perf=1021(us), max=3481(us)!
[06:42:56.732] RX< [0m[34m[awb0 proc] perf=3931(us), max=7113(us)!
[06:42:56.732] RX< [0m[RTMP] f_index = 18180, f_len = 13690
[06:42:56.732] RX< [7] [cam] [1077597][me0][m
[06:42:57.391] RX< e_core_thread:359]ME out fid 18180
[06:42:57.391] RX< [34m[awb0 proc] perf=6228(us), max=6228(us)!
[06:42:57.391] RX< [0m[4] [cam] [1077675][qpc0][qpc_core_exception_check:405]discontinuous frame, now: 18193, last: 18191
[06:42:57.391] RX< [34m[AE] fid=18210,exp=10110,adg=282,Y=4636,mtg=180,shg=100,bgbv=1502,
[06:42:58.493] RX< iso=282,cnv2,hdr0
[06:42:58.493] RX< [0m[7] [cam] [1078597][me0][me_core_thread:359]ME out fid 18210
[06:42:58.493] RX< [RTMP] slow send frame 18212 len=26821 dt=60ms
[06:42:58.493] RX< [34m[AE] fid=18240,exp=10110,adg=282,Y=4668,mtg=180,shg=100,bgbv=1514,iso=282,cnv2,hdr0
[06:42:58.493] RX< [0m[34m[ME INTP]fid=18240, shutter=
[06:42:59.399] RX< 10110, perf=6(us), max=3123(us)!
[06:42:59.399] RX< [0m[7] [cam] [1079597][me0][me_core_thread:359]ME out fid 18240
[06:42:59.399] RX< [4] [cam] [1079674][qpc0][qpc_core_exception_check:405]discontinuous frame, now: 18253, last: 18251
[06:42:59.399] RX< [34m[AE] fid=18270,exp=10070,adg=288,Y=4661,mtg=180,shg=1
[06:42:59.783] RX< 00,bgbv=1487,iso=288,cnv2,hdr0
[06:42:59.783] RX< [0m[34m[b_ae0 proc] perf=945(us), max=4819(us)!
[06:42:59.783] RX< [0m[34m[awb0 proc] perf=3949(us), max=6228(us)!
[06:42:59.783] RX< [0m[RTMP] f_index = 18270, f_len = 17757
[06:42:59.783] RX< [7] [cam] [1080597][me0][me_core_thread:359]ME out fid 18270
[06:42:59.783] RX< [34m[awb0 proc] perf
[06:43:00.430] TX> rtmp_video_stop
[06:43:00.449] RX< =6205(us), max=6205(us)!
[06:43:00.449] RX< [0m[34m[AE] fid=18300,exp=10000,adg=288,Y=4667,mtg=180,shg=100,bgbv=1499,iso=288,cnv2,hdr0
[06:43:00.449] RX< [0mrtmp_video_stop
[06:43:00.449] RX< [RTMP] Stop requested
[06:43:00.449] RX< msh /emmc>[RTMP] Push Stop: total frames = 18292
[06:43:00.449] RX< [6] [cam] [1081298][RtmpSend][sensor_stream_off
[06:43:00.474] RX< :1188]sensor [1]: stream_off
[06:43:00.474] RX< [6] [cam] [1081299][RtmpSend][sensor_stream_off:1217]sensor [1]: REG: 0x100, W:0x0.
[06:43:00.474] RX< [6] [cam] [1081299][RtmpSend][sensor_stream_off:1219]sensor [1]: REG: 0x100, R:0x0.
[06:43:00.474] RX< [6] [cam] [1081333][RtmpSend][csc_prv_stop:983]ok! phys_i
[06:43:00.474] RX< d[1], phys_num[1], stop_type = 0
[06:43:00.474] RX< [6] [cam] [1081334][RtmpSend][cam_stop:1058]preview stop ok! logic_id[0]
[06:43:00.474] RX< [34m[cam stop] perf=36249(us)!
[06:43:00.474] RX< [0m[6] [App Cam] cam stop success
[06:43:00.474] RX< Total of 18293 frames encoded, 305703660 bytes, max_workbuffer_used: 4960256 byte
[06:43:00.478] RX< s
[06:43:00.478] RX< [6] [App Cam] hevc_encoder_deinit success
[06:43:00.478] RX< [7] [cam] [1081339][RtmpSend][cam_cpm_core_power_off:467]id,0 type,1 ret 0
[06:43:00.478] RX< [6] [cam] [1081339][sif0][sif_irq_proc:174]thread release cid,0
[06:43:00.478] RX< [6] [cam] [1081339][RtmpSend][cam_sif_mgr_deinit:316]X
[06:43:00.478] RX< [6] [cam] [10813
[06:43:00.478] RX< 40][RtmpSend][cam_deinit:887]deinit ok! logic_id[0]
[06:43:00.478] RX< [34m[cam deinit] perf=1325(us)!
[06:43:00.478] RX< [0m[6] [App Cam] cam deinit success
[06:43:00.478] RX< [6] [cam] [1081341][RtmpSend][sensor_close:1292]sensor [1]: close!
[06:43:00.478] RX< [6] [cam] [1081341][RtmpSend][cam_bm_core_deinit:136]X
[06:43:00.478] RX< [6] [cam] 
[06:43:00.481] RX< [1081342][me0][me_core_thread:404]thread release cid,0
[06:43:00.481] RX< [6] [cam] [1081343][RtmpSend][cam_me_core_deinit:1551]X
[06:43:00.481] RX< [6] [cam] [1081343][fe0][fe_core_irq_proc:121]thread release cid,0
[06:43:00.481] RX< [6] [cam] [1081343][RtmpSend][cam_fe_core_deinit:536]X
[06:43:00.481] RX< [6] [cam] [1081343][b
[06:43:00.481] RX< _3a_sts][bayer_stats_core_irq_proc:193]thread release cid,0
[06:43:00.481] RX< [6] [cam] [1081344][RtmpSend][cam_bayer_stats_core_deinit:512]X
[06:43:00.481] RX< [6] [cam] [1081344][b_ae0][a5_core_wrapper_task:315]thread release cid,0,algo,0
[06:43:00.481] RX< [6] [cam] [1081345][RtmpSend][bayer_ae_wrapper_dei
[06:43:00.483] RX< nit:204]X
[06:43:00.483] RX< [6] [cam] [1081345][atf0][a5_core_wrapper_task:315]thread release cid,0,algo,1
[06:43:00.483] RX< [6] [cam] [1081346][RtmpSend][atf_wrapper_deinit:153]X
[06:43:00.483] RX< [6] [cam] [1081346][awb0][a5_core_wrapper_task:315]thread release cid,0,algo,2
[06:43:00.483] RX< [6] [cam] [1081346][RtmpSend][a
[06:43:00.484] RX< wb_wrapper_deinit:153]X
[06:43:00.484] RX< [6] [cam] [1081346][RtmpSend][cam_5a_core_deinit:555]X
[06:43:00.484] RX< [6] [cam] [1081347][RtmpSend][cam_5a_inf_deinit:149]X
[06:43:00.484] RX< [6] [cam] [1081347][qpc0][qpc_core_msg_proc:705]thread release cid,0
[06:43:00.484] RX< [6] [cam] [1081348][RtmpSend][qpc_core_deinit:1413]X
[06:43:00.486] RX< 
[06:43:00.486] RX< [6] [cam] [1081348][RtmpSend][cam_cpm_core_deinit:1248]X
[06:43:00.486] RX< [6] [cam] [1081348][RtmpSend][csc_close:656]ok! phys_id[1], phys_num[1]
[06:43:00.486] RX< [7] [cam] [1081348][cer0][cer_recovery_proc:352]msg type = 254
[06:43:00.486] RX< [6] [cam] [1081349][cer0][cer_recovery_proc:454]thread releas
[06:43:00.486] RX< e cid,0
[06:43:00.486] RX< [6] [cam] [1081349][RtmpSend][cer_deinit:560]X
[06:43:00.486] RX< [6] [cam] [1081350][RtmpSend][cam_close:789]close ok! logic_id[0]
[06:43:00.486] RX< [34m[cam close] perf=9226(us)!
[06:43:00.486] RX< [0m[6] [App Cam] cam close success
[06:43:00.486] RX< [6] [cam] [1081350][cpl0][cam_prelude_proc_routine:136]thread rel
[06:43:02.489] RX< ease
[06:43:02.489] RX< [6] [cam] [1081351][RtmpSend][cam_exit:571]exit ok!
[06:43:02.489] RX< [34m[cam exit] perf=574(us)!
[06:43:02.489] RX< [0m[6] [App Cam] cam exit success
[06:43:02.489] RX< [RTMP] disconnected
[06:43:02.489] RX< [RTMP] disconnected
