[06:08:00.757] TX> 
[06:08:01.759] TX> 
[06:08:02.758] RX< 
[06:08:02.758] RX< msh />
[06:08:02.758] RX< msh />
[06:08:02.759] TX> echo "EVBTEST_HELLO"
[06:08:02.759] TX> echo "__EVBTEST_END_28660e5c__"
[06:08:04.761] RX< echo "EVBTEST_HELLO"
[06:08:04.761] RX< EVBTEST_HELLO
[06:08:04.761] RX< msh />echo "__EVBTEST_END_28660e5c__"
[06:08:04.761] RX< __EVBTEST_END_28660e5c__
[06:08:04.761] RX< msh />
[06:08:04.762] TX> cd /
[06:08:04.762] TX> echo "__EVBTEST_END_be480cf8__"
[06:08:06.763] RX< cd /
[06:08:06.763] RX< msh />echo "__EVBTEST_END_be480cf8__"
[06:08:06.763] RX< __EVBTEST_END_be480cf8__
[06:08:06.763] RX< msh />
[06:08:06.764] TX> dfs_video_stop
[06:08:08.766] RX< dfs_video_stop
[06:08:08.766] RX< [6] [App Dfs] Please start recording the video first.
[06:08:08.766] RX< msh />
[06:08:11.943] TX> wifi join SW-test-2.4G tuf@3600
[06:08:12.770] RX< wifi join SW-test-2.4G tuf@3600
[06:08:18.777] RX< [32m[I/WLAN.mgnt] wifi connect success ssid:SW-test-2.4G[0m
[06:08:18.777] RX< msh />
[06:08:20.778] RX< [32m[I/WLAN.lwip] Got IP address : 192.168.1.101[0m
[06:08:25.785] TX> ifconfig
[06:08:25.785] TX> echo "__EVBTEST_END_3267d4ae__"
[06:08:25.790] RX< ifconfig
[06:08:25.790] RX< network interface device: w0 (Default)
[06:08:25.790] RX< MTU: 1500
[06:08:25.790] RX< MAC: 8c ea 12 ba a8 2c 
[06:08:25.790] RX< FLAGS: UP LINK_UP INTERNET_DOWN DHCP_ENABLE ETHARP BROADCAST IGMP
[06:08:25.790] RX< ip address: 192.168.1.101
[06:08:25.790] RX< gw address: 192.168.1.3
[06:08:25.790] RX< net mask  : 255.255.255.0
[06:08:25.790] RX< dns server #0: 192.168.1.3
[06:08:25.804] RX< dns server #1: 0.0.0.0
[06:08:25.804] RX< 
[06:08:25.804] RX< network interface device: w1
[06:08:25.804] RX< MTU: 1500
[06:08:25.804] RX< MAC: 8e ea 12 ba a8 2c 
[06:08:25.804] RX< FLAGS: UP LINK_DOWN INTERNET_DOWN DHCP_ENABLE ETHARP BROADCAST IGMP
[06:08:25.804] RX< ip address: 0.0.0.0
[06:08:25.804] RX< gw address: 0.0.0.0
[06:08:25.804] RX< net mask  : 0.0.0.0
[06:08:25.804] RX< dns server #0: 192.168.1.3
[06:08:25.804] RX< dns serv
[06:08:27.807] RX< er #1: 0.0.0.0
[06:08:27.807] RX< msh />echo "__EVBTEST_END_3267d4ae__"
[06:08:27.807] RX< __EVBTEST_END_3267d4ae__
[06:08:27.807] RX< msh />
[06:08:27.809] TX> cd /emmc
[06:08:27.809] TX> echo "__EVBTEST_END_7eaf905a__"
[06:08:29.810] RX< cd /emmc
[06:08:29.810] RX< msh /emmc>echo "__EVBTEST_END_7eaf905a__"
[06:08:29.810] RX< __EVBTEST_END_7eaf905a__
[06:08:29.810] RX< msh /emmc>
[06:08:29.811] TX> ftp_server
[06:08:31.812] RX< ftp_server
[06:08:31.812] RX< 
[06:08:31.812] RX< [FTP] Ftp server init success!!!
[06:08:31.812] RX< msh /emmc>
[06:08:35.816] RX< [32m[I/ftp] service launched success.[0m
[06:08:36.342] TX> cam_set photo auto
[06:08:36.342] TX> echo "__EVBTEST_END_cf13922c__"
[06:08:37.818] RX< cam_set photo auto
[06:08:37.818] RX< [6] [App Dfs] auto mode
[06:08:37.818] RX< msh /emmc>echo "__EVBTEST_END_cf13922c__"
[06:08:37.818] RX< __EVBTEST_END_cf13922c__
[06:08:37.818] RX< msh /emmc>
[06:08:38.820] TX> dfs_capture_start
[06:08:38.834] RX< dfs_capture_start
[06:08:38.834] RX< [7] [cam] [41016][tshell][cgm_parse_bin:104]total logical camera num: 1
[06:08:38.834] RX< [6] [cam] [41016][tshell][cam_prelude_create:187]E id, 0
[06:08:38.834] RX< [7] [cam] [41017][cpl0][cam_prelude_proc_routine:101]thread start
[06:08:38.834] RX< [6] [cam] [41017][tshell][cam_prelude_crea
[06:08:38.834] RX< te:214]X ctx size 132 addr 0x884b93d8
[06:08:38.834] RX< [6] [cam] [41021][tshell][sensor_probe:418]sensor [1]: identifing 0 success.
[06:08:38.834] RX< [6] [cam] [41021][tshell][sensor_probe:441]sensor [1]: probe exit!
[06:08:38.834] RX< [6] [cam] [41022][tshell][cam_prelude_fast_probe:251]cam: 0 probe result
[06:08:38.836] RX< : 0
[06:08:38.836] RX< [6] [cam] [41022][tshell][cgm_parse_bin:218]cam(0) probe success
[06:08:38.836] RX< [6] [cam] [41022][tshell][cam_entry:455]entry ok
[06:08:38.836] RX< [34m[cam entry] perf=6413(us)!
[06:08:38.836] RX< [0m[6] [App Cam] cam entry success
[06:08:38.836] RX< [7] [cam] [41023][tshell][cam_solve_layout:350][mLayout] param OK, s
[06:08:38.839] RX< cen1 iw4032 ih3024 ow4032 oh3024 gdc 0x0
[06:08:38.839] RX< [36m[mLayout] scen01 in=4032x3024,out=3024x4032 meRot1 stripe1 gdcOn0
[06:08:38.839] RX< [0m[36m[mLayout] scen00 20entries solved status=OK retry=0 rtmp=enabled (cursor0=0x8a02d090 cursor1=0x89417400, ch0/1/2 cnt=7/2/1)
[06:08:38.839] RX< [0m[7] [
[06:08:38.839] RX< cam] [41025][tshell][cam_solve_layout:377]
[06:08:38.839] RX< [mLayout] out vol 0x8c000000 rBuf 0x8ab00000 sz 0x1500000 wBuf 0x8a03da80 sz 0x100000
[06:08:38.839] RX< [7] [cam] [41025][tshell][cam_solve_layout:394]Solve scen1 capType4 layout Done!
[06:08:38.839] RX< [6] [cam] [41026][tshell][cgm_parse_media_par
[06:08:38.842] RX< a:274]phy cam num: 1
[06:08:38.842] RX< [7] [cam] [41026][cer0][cer_recovery_proc:343]thread start cid, 0
[06:08:38.842] RX< [6] [cam] [41027][tshell][csc_open:499]SENSOR MCLK cal: 24MHz
[06:08:38.842] RX< [6] [cam] [41027][tshell][csc_isp_clk_cal:344]MIPI CLK cal: 346MHz
[06:08:38.842] RX< [6] [cam] [41028][tshell][csc_isp_clk_
[06:08:38.842] RX< cal:374]LITE CLK cal: 28MHz
[06:08:38.842] RX< [7] [cam] [41028][tshell][cpc_csi_rx_power_on:633]E id: 2
[06:08:38.842] RX< [4] [cam] [41028][tshell][cpc_csi_rx_power_on:644]csi_2 has already power on, STATUS: 1
[06:08:38.842] RX< [6] [cam] [41028][tshell][cpc_update_clock:603]actual SNS mclk: 24MHz
[06:08:38.842] RX< [6] [cam] 
[06:08:38.848] RX< [41029][tshell][cpc_update_clock:608]actual MIPI0: 500MHz
[06:08:38.848] RX< [6] [cam] [41029][tshell][cpc_update_clock:598]actual LITE clk: 50MHz
[06:08:38.848] RX< [7] [cam] [41030][tshell][cam_prelude_open:297][34msnsOpen camID1 csiID0 phyIdx0[0m
[06:08:38.848] RX< [6] [cam] [41034][tshell][sensor_expo_gai
[06:08:38.848] RX< n_match:48]sensor get sensor expo gain of imx681_vst
[06:08:38.848] RX< [6] [cam] [41034][tshell][sensor_open:684]sensor [1] open OK.
[06:08:38.848] RX< [6] [cam] [41034][tshell][cam_cpm_parse_media:275]photo scenario, media para[mfnr:0, hdr:0, capture_num:0]
[06:08:38.848] RX< [6] [cam] [41035][tshell][cam_cpm
[06:08:38.851] RX< _parse_media:278]photo scenario, media para[iso:0, gain:0, wb_mode:0]
[06:08:38.851] RX< [6] [cam] [41035][tshell][csc_isp_clk_cal:355]FE CLK cal: 426MHz, ME CLK cal: 462MHz, FE/ME CLK cal: 508MHz
[06:08:38.851] RX< [6] [cam] [41036][tshell][csc_isp_clk_cal:364]BE CLK cal: 401MHz
[06:08:38.851] RX< [4] [cam] [
[06:08:38.851] RX< 41036][tshell][cam_fe_core_power_on:269]fe pipe has already power on, STATUS: 1
[06:08:38.851] RX< [6] [cam] [41037][tshell][cpc_update_clock:588]actual FE/ME clk: 550MHz
[06:08:38.851] RX< [4] [cam] [41037][tshell][cam_be_core_power_on:1028]be pipe has already power on, STATUS: 1
[06:08:38.851] RX< [6] [cam] [
[06:08:38.854] RX< 41038][tshell][cpc_update_clock:593]actual BE clk: 500MHz
[06:08:38.854] RX< [7] [cam] [41038][tshell][cam_cpm_core_power_on:435]id,0 type,1 ret 0
[06:08:38.854] RX< [6] [cam] [41038][tshell][cam_cpm_core_init:1017]E id,0 sensor type,1
[06:08:38.854] RX< [6] [cam] [41040][tshell][cpm_core_check_tuningbin:957]T
[06:08:38.854] RX< uning bin crc check PASS! sum 0xfa5abf97, xor 0x6a6c89c1
[06:08:38.854] RX< [6] [cam] [41040][tshell][qpc_tuning_check_iqbin_validness:396]IQ bin addr: 0x8869de60, project_name: capture_12M
[06:08:38.854] RX< [6] [cam] [41041][tshell][qpc_tuning_check_iqbin_validness:397]total_size: 108928
[06:08:38.854] RX< [6
[06:08:38.857] RX< ] [cam] [41041][tshell][qpc_tuning_check_iqbin_validness:398]id_count: 93. ID_TOTAL: 94
[06:08:38.857] RX< [6] [cam] [41042][tshell][qpc_tuning_check_iqbin_validness:399]spinel tuning data ver: V1.30
[06:08:38.857] RX< [6] [cam] [41042][tshell][cpm_core_check_tuningbin:971]IQ bin check succes
[06:08:38.857] RX< s!
[06:08:38.857] RX< [6] [cam] [41043][tshell][cam_bm_core_init:94]E
[06:08:38.857] RX< [6] [cam] [41043][tshell][bm_lab_init:174]X ctx size 4 addr 0x884a9338
[06:08:38.857] RX< [6] [cam] [41043][tshell][cam_bm_core_init:114]X ctx size 180 addr 0x884db5b0
[06:08:38.857] RX< [6] [cam] [41044][tshell][qpc_core_init:1299]E id,0
[06:08:38.857] RX< [
[06:08:38.864] RX< 6] [cam] [41044][tshell][qpc_queue_init:65]QPC init qnodes 8, size 508, pool 0x884dbb90
[06:08:38.864] RX< [6] [cam] [41044][tshell][_qpc_get_cap_cfg_para:900]preset capCfg 200 3 5
[06:08:38.864] RX< [7] [cam] [41045][tshell][_qpc_cfg_hdr_frms:848]hdr preset - gainThres 1600
[06:08:38.864] RX< FrmNB:	TNR	|EV-	|
[06:08:38.864] RX< EV0	|EV+
[06:08:38.864] RX< LDR:	 0	| 1	| -	| 5
[06:08:38.864] RX< LLLDR:	 0	| 1	| -	| 5
[06:08:38.864] RX< HDR:	 0	| 1	| 5	| 3
[06:08:38.864] RX< LLHDR:	 0	| 1	| 5	| 3
[06:08:38.864] RX< 
[06:08:38.864] RX< [6] [cam] [41051][tshell][qpc_core_init:1347]X ctx size 1288 addr 0x884db678
[06:08:38.864] RX< [6] [cam] [41051][tshell][cpm_core_get_param:764]cpm para chk: tunBin-w 4000 h 3000 i
[06:08:38.868] RX< mg-w 4032 h 3024
[06:08:38.868] RX< [6] [cam] [41051][tshell][cam_fe_core_init:436]E id,0
[06:08:38.868] RX< [6] [cam] [41052][tshell][cam_fe_core_init:490]X ctx size 96 addr 0x884ec8d0
[06:08:38.868] RX< [7] [cam] [41052][tshell][qpc_core_fe_chords_init:1763][34mqpc fe init snsOut w 4032 h 3024, tbl w 28 h 2
[06:08:38.869] RX< 0[0m
[06:08:38.869] RX< [6] [cam] [41052][tshell][cam_me_core_init:1523]X ctx size 1352 addr 0x884eec80
[06:08:38.869] RX< [34m[ME SLICE CFG] perf=1550(us)!
[06:08:38.869] RX< [0m[6] [cam] [41056][tshell][cam_bayer_fe_3a_stats_core_init:445]fe 3a id,0
[06:08:38.869] RX< [6] [cam] [41056][tshell][cam_bayer_fe_3a_stats_core_init
[06:08:38.871] RX< :490]X ctx size 132 addr 0x884f76a0
[06:08:38.871] RX< [6] [cam] [41056][tshell][cam_be_core_init:621]E id,0
[06:08:38.871] RX< [7] [cam] [41057][be0][be_core_irq_proc:270]thread start cid,0
[06:08:38.871] RX< [6] [cam] [41057][tshell][cam_be_core_init:716]X ctx size 472 addr 0x884f7a30
[06:08:38.871] RX< [6] [cam] [41057][tshel
[06:08:38.871] RX< l][cam_lite_core_init:433]E id,0
[06:08:38.871] RX< [7] [cam] [41058][lite0][lite_core_irq_proc:152]thread start cid,0
[06:08:38.871] RX< [6] [cam] [41058][tshell][cam_lite_core_init:497]X ctx size 164 addr 0x884fa480
[06:08:38.871] RX< [6] [cam] [41059][tshell][awb_wrapper_init:66]xxx awb_bin=0x884de27c, awb_
[06:08:38.876] RX< bin_length=8068
[06:08:38.876] RX< [6] [cam] [41059][tshell][awb_wrapper_init:86]X algo_handle 0x885024c8
[06:08:38.876] RX< [7] [cam] [41060][awb0][a5_core_wrapper_task:252]thread start cid,0 algo type,2
[06:08:38.876] RX< [6] [cam] [41060][tshell][a5_core_init_task:426]thread created: awb0 mq=0x88504588 threa
[06:08:38.876] RX< d=0x885046a0 sem=0x88504518 ret=0
[06:08:38.876] RX< [6] [cam] [41061][tshell][bayer_ae_wrapper_init:68]E id,0 proc mode 1 
[06:08:38.876] RX< 
[06:08:38.876] RX< [AEC Proc] @[allib_ae_set_debug_log_flag] Line:129:[DEBUG] debug level/to_file/to_terminal: 22/1/1
[06:08:38.876] RX< [AEC Proc] @[AeInit] Line:377:[INFO] AE ver: 2026_
[06:08:38.878] RX< V2.269
[06:08:38.878] RX< 
[06:08:38.878] RX< [AEC Proc] @[allib_ae_loadfunc] Line:193:[INFO] camera ID: 0
[06:08:38.878] RX< [AEC Proc] @[AeInit] Line:404:[DEBUG] init imu detector sucessed!
[06:08:38.878] RX< [AEC Proc] @[AeInit] Line:406:[DEBUG] imu init errcode:0
[06:08:38.878] RX< [AEC Proc] @[alAE_set_param] Line:576:[DEBUG] sw_maxtime 33044
[06:08:38.879] RX<  ,pertline 9444, after check sensor step sw_max_time 33039.00
[06:08:38.879] RX< [AEC Proc] @[alAE_set_param] Line:581:[DEBUG] sw_mintime 37 ,pertline 9444, after check sensor step sw_min_time 36.00
[06:08:38.879] RX< [AEC Proc] @[alAE_set_param] Line:514:[DEBUG] DEBUG minbv exptime 9 gain 10
[06:08:38.881] RX< 0, minExpBV 14098
[06:08:38.881] RX< [AEC Proc] @[AeTuningParseSet] Line:167:[DEBUG] aeparam version 2.268 60818
[06:08:38.881] RX< [AEC Proc] @[alAE_set_param] Line:341:[DEBUG] INITEXP gain 100, shutter 8000, midtonegain 100, bv 4303
[06:08:38.881] RX< [6] [cam] [41067][tshell][bayer_ae_wrapper_init:119]X tli
[06:08:38.881] RX< ne 9444 max_exp 33044 alg_hdl 0x88506e50 
[06:08:38.881] RX< [7] [cam] [41068][b_ae0][a5_core_wrapper_task:252]thread start cid,0 algo type,0
[06:08:38.881] RX< [6] [cam] [41068][tshell][a5_core_init_task:426]thread created: b_ae0 mq=0x8850dd70 thread=0x8850de88 sem=0x8850dd00 ret=0
[06:08:38.881] RX< [6] [cam]
[06:08:38.884] RX<  [41069][tshell][atf_wrapper_init:67]E id,0
[06:08:38.884] RX< [6] [cam] [41069][tshell][atf_wrapper_init:107]X alg_ctx addr 0x88510348
[06:08:38.884] RX< [7] [cam] [41070][atf0][a5_core_wrapper_task:252]thread start cid,0 algo type,1
[06:08:38.884] RX< [6] [cam] [41070][tshell][a5_core_init_task:426]thread cr
[06:08:38.884] RX< eated: atf0 mq=0x885126a0 thread=0x885127b8 sem=0x88512630 ret=0
[06:08:38.884] RX< [6] [cam] [41070][tshell][cam_cpm_core_init:1149]X ctx size 1096 addr 0x884db158
[06:08:38.884] RX< [6] [cam] [41071][tshell][csc_open:599]ok! phys_id[1], phys_num[1] 
[06:08:38.884] RX< [6] [cam] [41072][tshell][cam_open:738]op
[06:08:38.892] RX< en ok! camera_id[0]
[06:08:38.892] RX< [34m[cam open] perf=48946(us)!
[06:08:38.892] RX< [0m[6] [App Cam] cam open success
[06:08:38.892] RX< [6] [cam] [41078][tshell][csc_init:722]sensor info:size:4032x3024, formt: 0x2b, bps: 2496, tline: 9444
[06:08:38.892] RX< [6] [cam] [41078][tshell][cam_sif_mgr_init:261]E id,0
[06:08:38.892] RX< [7] [cam]
[06:08:38.892] RX<  [41079][sif0][sif_irq_proc:151]thread start cid,0
[06:08:38.892] RX< [6] [cam] [41079][tshell][cam_sif_mgr_init:293]X ctx size 52 addr 0x8852b8a0
[06:08:38.892] RX< [7] [cam] [41079][tshell][sif_btm_paramSet:102]btm lite w4032 h3024 binEn1 binRatio2
[06:08:38.892] RX< [7] [cam] [41080][tshell][sif_btm_paramSet
[06:08:38.897] RX< :106]cropSlct2 x0 y0 w4032 h4032
[06:08:38.897] RX< [6] [cam] [41080][tshell][cam_prelude_init_cfg:368]CSI ID is 0,  phy lanes is 2.
[06:08:38.897] RX< [7] [cam] [41080][tshell][check_phy_ready:96]MIPI_PHY[0] is ready
[06:08:38.897] RX< [6] [cam] [41081][tshell][sensor_init:348]sensor [1]: register ok
[06:08:38.897] RX< [6] [cam
[06:08:38.897] RX< ] [41081][tshell][sensor_set_mode:887]sensor [1]: SetMode -> mode = 0.
[06:08:38.897] RX< [6] [cam] [41082][tshell][sensor_send_reg_tab_to_sensor:705]sensor [1]: send_reg_tab_to_sensor E.
[06:08:38.897] RX< [6] [cam] [41085][tshell][sensor_send_reg_tab_to_sensor:751]sensor [1]: reg_count = 77
[06:08:38.903] RX< .
[06:08:38.903] RX< [6] [cam] [41086][tshell][sensor_init:361]sensor [1]: init success.
[06:08:38.903] RX< [6] [cam] [41086][tshell][sensor_set_mode:887]sensor [1]: SetMode -> mode = 1.
[06:08:38.903] RX< [6] [cam] [41086][tshell][sensor_send_reg_tab_to_sensor:705]sensor [1]: send_reg_tab_to_sensor E.
[06:08:38.903] RX< [6] [cam
[06:08:38.906] RX< ] [41090][tshell][sensor_send_reg_tab_to_sensor:751]sensor [1]: reg_count = 84.
[06:08:38.906] RX< [6] [cam] [41090][tshell][csc_init:731]ok! phys_id[1], phys_num[1]
[06:08:38.906] RX< [6] [cam] [41091][tshell][csc_get_bayer_single_buffer:1148]scenario_type: 1
[06:08:38.906] RX< [6] [cam] [41091][tshell][csc_se
[06:08:38.906] RX< t_stats_fmt:98]index 0 w 1 h 1 bw 8 wcmp 255
[06:08:38.906] RX< [7] [cam] [41092][tshell][bm_ioctl:201]BMIOC_STATS_FMT
[06:08:38.906] RX< [6] [cam] [41092][tshell][csc_set_fe_fmt:47]index 1 w 4032 h 3024 bw 10 wcmp 0
[06:08:38.906] RX< [7] [cam] [41093][tshell][bm_ioctl:201]BMIOC_FE_FMT
[06:08:38.906] RX< [6] [cam] [41093][tshel
[06:08:38.909] RX< l][csc_set_lite_fmt:115]index 2 w 1008 h 720 bw 8 wcmp 255
[06:08:38.909] RX< [7] [cam] [41093][tshell][bm_ioctl:201]BMIOC_LITE_FMT
[06:08:38.909] RX< [6] [cam] [41094][tshell][csc_set_lite_fmt:115]index 21 w 1008 h 720 bw 8 wcmp 255
[06:08:38.909] RX< [7] [cam] [41094][tshell][bm_ioctl:201]BMIOC_LITE_FMT
[06:08:38.909] RX< [6] 
[06:08:38.909] RX< [cam] [41094][tshell][csc_set_be_fmt:81]index 25 w 0 h 0 bw 8 wcmp 255
[06:08:38.909] RX< [7] [cam] [41095][tshell][bm_ioctl:201]BMIOC_BE_FMT
[06:08:38.909] RX< [6] [cam] [41095][tshell][csc_set_be_fmt:81]index 22 w 480 h 360 bw 8 wcmp 255
[06:08:38.909] RX< [7] [cam] [41096][tshell][bm_ioctl:201]BMIOC_BE_FMT
[06:08:38.911] RX< [6] [cam] [41096][tshell][csc_set_me_fmt:64]index 5 w 3024 h 4032 bw 10 wcmp 0, rdma_addr 0x8945f400, wdma_addr 0x8945f400
[06:08:38.911] RX< [7] [cam] [41097][tshell][bm_ioctl:201]BMIOC_ME_FMT
[06:08:38.911] RX< [6] [cam] [41097][tshell][csc_set_me_fmt:64]index 6 w 3024 h 4032 bw 8 wcmp 255,
[06:08:38.912] RX<  rdma_addr 0x8a247700, wdma_addr 0x8c000000
[06:08:38.912] RX< [6] [cam] [41098][tshell][cam_me_core_buffer_cfg:1416]
[06:08:38.912] RX< ----ME PIPE INFO---
[06:08:38.912] RX<  wdma_buf_num:1, rotation_en: 1
[06:08:38.912] RX< [7] [cam] [41098][tshell][cam_me_core_buffer_cfg:1424]yuv wdma_addr 0:0x8c000000, meta_en: 0, 0x00000000
[06:08:38.914] RX< 
[06:08:38.914] RX< [7] [cam] [41099][tshell][bm_ioctl:201]BMIOC_ME_FMT
[06:08:38.914] RX< [6] [cam] [41099][tshell][csc_init:739]get otp ok! phys_id[1], phys_num[1]
[06:08:38.914] RX< [6] [cam] [41099][tshell][cam_init:828]init ok! logic_id[0]
[06:08:38.914] RX< [34m[cam init] perf=21804(us)!
[06:08:38.914] RX< [0m[6] [App Cam] cam init succes
[06:08:38.915] RX< s
[06:08:38.915] RX< [7] [cam] [41100][tshell][cam_cpm_core_stream_on:560]id 0 sensor type 1
[06:08:38.915] RX< [6] [cam] [41101][tshell][sensor_stream_on:1024]sensor [1]: stream_on
[06:08:38.915] RX< [6] [cam] [41101][tshell][sensor_stream_on:1052]sensor [1]: REG: 0x100, W:0x1.
[06:08:38.915] RX< [6] [cam] [41102][tshell][senso
[06:08:38.932] RX< r_stream_on:1054]sensor [1]: REG: 0x100, R:0x1.
[06:08:38.932] RX< [6] [cam] [41102][tshell][csc_prv_start:873]ok! phys_id[1], phys_num[1], cam_ids[1]
[06:08:38.932] RX< [6] [cam] [41102][tshell][cam_start:938]preview start ok! logic_id[0]
[06:08:38.932] RX< [34m[cam start] perf=2330(us)!
[06:08:38.932] RX< [0m[6] [App Cam] ca
[06:08:38.972] RX< m start success
[06:08:38.972] RX< [6] [App Dfs] Gravity_XR Capture Start
[06:08:38.972] RX< msh /emmc>[7] [cam] [41104][b_3a_sts][bayer_stats_core_irq_proc:164]thread start cid,0
[06:08:38.972] RX< [7] [cam] [41104][fe0][fe_core_irq_proc:98]thread start cid,0
[06:08:38.972] RX< [34m[AE] fid=0,exp=10089,adg=325,Y=1618,mtg=100,sh
[06:08:39.440] RX< g=100,bgbv=2332,iso=325,cnv0,hdr0
[06:08:39.440] RX< [0m[34m[b_ae0 proc] perf=2768(us), max=2768(us)!
[06:08:39.440] RX< [0m[34m[awb0 proc] perf=1355(us), max=1355(us)!
[06:08:39.440] RX< [0m[34m[AE conv] fid=14,exp=14553,adg=400,Y=5808,mtg=513,shg=100,bgbv=1508,iso=400,cnv1,hdr1
[06:08:39.440] RX< [0m[7] [cam] [41609][fe0
[06:08:39.440] RX< ][_qpc_hdr_rslt_chk:1668]
[06:08:39.440] RX< ALG: EV0 t14553 g400 | EV+ t14553 g400 | EV- t10287 g107
[06:08:39.440] RX< [6] [cam] [41609][fe0][qpc_core_hdr_mapExp_cfg:1736]evMapExp set OK, typ:2 1 FF num:5 1 0
[06:08:39.440] RX< [34m[cap] FE sync ME @fid14 as mod2 cfg0x01, cap 6frms @fid+2
[06:08:39.440] RX< [0m[7] [cam] [41
[06:08:39.519] RX< 612][qpc0][qpc_core_hdr_upd_sensor:559][HDRupd]: Sns cap-0 EV:0->2 st-14553 ag-400
[06:08:39.519] RX< [7] [cam] [41658][qpc0][qpc_core_hdr_upd_me:613][HDRupd] ME cap-0 EV:0->2, dg-100
[06:08:39.519] RX< [7] [JPEG] frame num=6, pre frame=1106830 Bytes
[06:08:39.519] RX< [exif] oFrm 0 evP 0 evM -235 bv 1519 exp 14
[06:08:39.552] RX< 553 iso 400 time 41663
[06:08:39.552] RX< [6] [cam] [41679][fe0][_cpm_cb_jpegInfo_proc:618]SnapStream E @ frm17!
[06:08:39.552] RX< [6] [cam] [41692][me0][cpm_cb_fe2me_tikChk:152]frm_length 33329us, fe2me delta 15
[06:08:39.552] RX< [32m[BE] fid=0, perf=5525(us), max=5525(us)!
[06:08:39.552] RX< [0m[34m[cap] fid: me0 fe18, per
[06:08:39.706] RX< f=621572(us)!
[06:08:39.706] RX< [0m[7] [cam] [41724][me0][me_core_thread:359]ME out fid 0
[06:08:39.706] RX< [7] [cam] [41781][qpc0][qpc_core_hdr_upd_sensor:559][HDRupd]: Sns cap-5 EV:2->1 st-10287 ag-107
[06:08:39.706] RX< [exif] oFrm 5 evP 0 evM -235 bv 1519 exp 10287 iso 107 time 41834
[06:08:39.706] RX< [6] [cam] [41878][fe
[06:08:40.169] RX< 0][_cpm_cb_jpegInfo_proc:626]SnapStream X @ frm23!
[06:08:40.169] RX< [34m[cap] fid: me5 fe23, perf=34805(us)!
[06:08:40.169] RX< [0m[34m[AE] fid=30,exp=33039,adg=1600,Y=6791,mtg=350,shg=100,bgbv=-2878,iso=3682,cnv1,hdr1
[06:08:40.169] RX< [0m[6] [App Dfs] Gravity_XR Capture Stop Success: total frames = 6
[06:08:40.169] RX< [6
[06:08:40.169] RX< ] [cam] [42354][DfsSend][sensor_stream_off:1188]sensor [1]: stream_off
[06:08:40.169] RX< [6] [cam] [42355][DfsSend][sensor_stream_off:1217]sensor [1]: REG: 0x100, W:0x0.
[06:08:40.169] RX< [6] [cam] [42355][DfsSend][sensor_stream_off:1219]sensor [1]: REG: 0x100, R:0x0.
[06:08:40.169] RX< [6] [cam] [42356][Dfs
[06:08:40.171] RX< Send][csc_prv_stop:983]ok! phys_id[1], phys_num[1], stop_type = 0
[06:08:40.171] RX< [6] [cam] [42356][DfsSend][cam_stop:1058]preview stop ok! logic_id[0]
[06:08:40.171] RX< [34m[cam stop] perf=2370(us)!
[06:08:40.171] RX< [0m[6] [App Cam] cam stop success
[06:08:40.171] RX< [7] [cam] [42357][DfsSend][cam_cpm_core_power_off:46
[06:08:40.172] RX< 7]id,0 type,1 ret 0
[06:08:40.172] RX< [6] [cam] [42357][sif0][sif_irq_proc:174]thread release cid,0
[06:08:40.172] RX< [6] [cam] [42358][DfsSend][cam_sif_mgr_deinit:316]X
[06:08:40.172] RX< [6] [cam] [42358][DfsSend][cam_deinit:887]deinit ok! logic_id[0]
[06:08:40.172] RX< [34m[cam deinit] perf=1397(us)!
[06:08:40.172] RX< [0m[6] [App Cam] cam 
[06:08:40.174] RX< deinit success
[06:08:40.174] RX< [6] [cam] [42359][DfsSend][sensor_close:1292]sensor [1]: close!
[06:08:40.174] RX< [6] [cam] [42359][DfsSend][cam_bm_core_deinit:136]X
[06:08:40.174] RX< [INFO]	cpm[0] snsType1 capMod2 cfg0x01 6frms
[06:08:40.174] RX< [6] [cam] [42360][be0][be_core_irq_proc:329]thread release cid,0
[06:08:40.174] RX< [6] [cam] [42
[06:08:40.175] RX< 360][DfsSend][cam_be_core_deinit:793]X
[06:08:40.175] RX< [6] [cam] [42361][me0][me_core_thread:404]thread release cid,0
[06:08:40.175] RX< [6] [cam] [42361][DfsSend][cam_me_core_deinit:1551]X
[06:08:40.175] RX< [6] [cam] [42361][fe0][fe_core_irq_proc:121]thread release cid,0
[06:08:40.175] RX< [6] [cam] [42361][DfsSend][cam_fe_
[06:08:40.177] RX< core_deinit:536]X
[06:08:40.177] RX< [6] [cam] [42362][b_3a_sts][bayer_stats_core_irq_proc:193]thread release cid,0
[06:08:40.177] RX< [6] [cam] [42362][DfsSend][cam_bayer_stats_core_deinit:512]X
[06:08:40.177] RX< [6] [cam] [42363][lite0][lite_core_irq_proc:190]thread release cid,0
[06:08:40.177] RX< [6] [cam] [42363][DfsSend][
[06:08:40.177] RX< cam_lite_core_deinit:556]X
[06:08:40.177] RX< [6] [cam] [42363][b_ae0][a5_core_wrapper_task:315]thread release cid,0,algo,0
[06:08:40.177] RX< [6] [cam] [42363][DfsSend][bayer_ae_wrapper_deinit:204]X
[06:08:40.177] RX< [6] [cam] [42364][atf0][a5_core_wrapper_task:315]thread release cid,0,algo,1
[06:08:40.177] RX< [6] [cam] [4236
[06:08:40.180] RX< 4][DfsSend][atf_wrapper_deinit:153]X
[06:08:40.180] RX< [6] [cam] [42365][awb0][a5_core_wrapper_task:315]thread release cid,0,algo,2
[06:08:40.180] RX< [6] [cam] [42365][DfsSend][awb_wrapper_deinit:153]X
[06:08:40.180] RX< [6] [cam] [42365][DfsSend][cam_5a_core_deinit:555]X
[06:08:40.180] RX< [6] [cam] [42366][DfsSend][cam_5a_in
[06:08:40.180] RX< f_deinit:149]X
[06:08:40.180] RX< [6] [cam] [42366][qpc0][qpc_core_msg_proc:705]thread release cid,0
[06:08:40.180] RX< [6] [cam] [42366][DfsSend][qpc_core_deinit:1413]X
[06:08:40.180] RX< [6] [cam] [42367][DfsSend][cam_cpm_core_deinit:1248]X
[06:08:40.180] RX< [6] [cam] [42367][DfsSend][csc_close:656]ok! phys_id[1], phys_num[1]
[06:08:40.188] RX< 
[06:08:40.188] RX< [7] [cam] [42367][cer0][cer_recovery_proc:352]msg type = 254
[06:08:40.188] RX< [6] [cam] [42368][cer0][cer_recovery_proc:454]thread release cid,0
[06:08:40.188] RX< [6] [cam] [42368][DfsSend][cer_deinit:560]X
[06:08:40.188] RX< [6] [cam] [42368][DfsSend][cam_close:789]close ok! logic_id[0]
[06:08:40.188] RX< [34m[cam close] 
[06:08:40.188] RX< perf=9858(us)!
[06:08:40.188] RX< [0m[6] [App Cam] cam close success
[06:08:40.188] RX< [6] [cam] [42369][cpl0][cam_prelude_proc_routine:136]thread release
[06:08:40.188] RX< [6] [cam] [42369][DfsSend][cam_exit:571]exit ok!
[06:08:40.188] RX< [34m[cam exit] perf=652(us)!
[06:08:40.188] RX< [0m[6] [App Cam] cam exit success
[06:08:40.188] RX< [6] [App Cam] jpeg d
[06:08:42.191] RX< einit success
[06:08:42.191] RX< [6] [App Dfs] Save Photo Successful: /emmc/PIC/20260101_000041_1103/
[06:08:42.191] RX< [6] [App Dfs] Capture completed successfully.
[06:08:46.044] TX> cam_set video 1080p
[06:08:46.044] TX> echo "__EVBTEST_END_cd287113__"
[06:08:46.195] RX< cam_set video 1080p
[06:08:46.195] RX< [6] [App Dfs] w(1920) * h(1080) is 1080p, eis 1
[06:08:46.195] RX< msh /emmc>echo "__EVBTEST_END_cd287113__"
[06:08:46.195] RX< __EVBTEST_END_cd287113__
[06:08:46.195] RX< msh /emmc>
[06:08:46.248] TX> dfs_video_start
[06:08:46.413] RX< dfs_video_start
[06:08:46.413] RX< [7] [cam] [48596][tshell][cgm_parse_bin:104]total logical camera num: 1
[06:08:46.413] RX< [6] [cam] [48596][tshell][cam_prelude_create:187]E id, 0
[06:08:46.413] RX< [7] [cam] [48596][cpl0][cam_prelude_proc_routine:101]thread start
[06:08:46.413] RX< [6] [cam] [48596][tshell][cam_prelude_create
[06:08:46.414] RX< :214]X ctx size 132 addr 0x884de490
[06:08:46.414] RX< [6] [cam] [48600][tshell][sensor_probe:418]sensor [1]: identifing 0 success.
[06:08:46.414] RX< [6] [cam] [48601][tshell][sensor_probe:441]sensor [1]: probe exit!
[06:08:46.414] RX< [6] [cam] [48601][tshell][cam_prelude_fast_probe:251]cam: 0 probe result: 0
[06:08:46.416] RX< 
[06:08:46.416] RX< [6] [cam] [48601][tshell][cgm_parse_bin:218]cam(0) probe success
[06:08:46.416] RX< [6] [cam] [48601][tshell][cam_entry:455]entry ok
[06:08:46.416] RX< [34m[cam entry] perf=6349(us)!
[06:08:46.416] RX< [0m[6] [App Cam] cam entry success
[06:08:46.416] RX< [7] [cam] [48602][tshell][cam_solve_layout:350][mLayout] param OK, sce
[06:08:46.419] RX< n3 iw4032 ih2268 ow1920 oh1080 gdc 0x1
[06:08:46.419] RX< [36m[mLayout] scen03 in=4032x2268,out=1920x1080 meRot1 stripe0 gdcOn1
[06:08:46.419] RX< [0m[36m[mLayout] scen03 14entries solved status=OK retry=0 rtmp=enabled (cursor0=0x8a00f210 cursor1=0x88e20aa0, ch0/1/2 cnt=5/3/1)
[06:08:46.419] RX< [0m[7] [cam
[06:08:46.419] RX< ] [48604][tshell][cam_solve_layout:377]
[06:08:46.419] RX< [mLayout] out vol 0x8c000000 rBuf 0x8a5e5400 sz 0xd00000 wBuf 0x89700000 sz 0x900000
[06:08:46.419] RX<           rtmp tBuf 0x8a10f210 sz 0x80000 aBuf 0x8a08f210 sz 0x80000
[06:08:46.419] RX<        alg EIS buf 0x8a00f210
[06:08:46.419] RX< [7] [cam] [48605][tshell][cam
[06:08:46.421] RX< _solve_layout:397]Solve Scen3 layout Done!
[06:08:46.421] RX< [6] [cam] [48606][tshell][cgm_parse_media_para:274]phy cam num: 1
[06:08:46.421] RX< [7] [cam] [48606][cer0][cer_recovery_proc:343]thread start cid, 0
[06:08:46.421] RX< [6] [cam] [48606][tshell][csc_open:499]SENSOR MCLK cal: 24MHz
[06:08:46.421] RX< [6] [cam] [48607]
[06:08:46.422] RX< [tshell][csc_isp_clk_cal:344]MIPI CLK cal: 277MHz
[06:08:46.422] RX< [6] [cam] [48607][tshell][csc_isp_clk_cal:374]LITE CLK cal: 25MHz
[06:08:46.422] RX< [7] [cam] [48608][tshell][cpc_csi_rx_power_on:633]E id: 2
[06:08:46.422] RX< [4] [cam] [48608][tshell][cpc_csi_rx_power_on:644]csi_2 has already power on, STA
[06:08:46.427] RX< TUS: 1
[06:08:46.427] RX< [6] [cam] [48608][tshell][cpc_update_clock:603]actual SNS mclk: 24MHz
[06:08:46.427] RX< [6] [cam] [48609][tshell][cpc_update_clock:608]actual MIPI0: 300MHz
[06:08:46.427] RX< [6] [cam] [48609][tshell][cpc_update_clock:598]actual LITE clk: 25MHz
[06:08:46.427] RX< [7] [cam] [48609][tshell][cam_prelude_o
[06:08:46.427] RX< pen:297][34msnsOpen camID1 csiID0 phyIdx0[0m
[06:08:46.427] RX< [6] [cam] [48613][tshell][sensor_expo_gain_match:48]sensor get sensor expo gain of imx681_vst
[06:08:46.427] RX< [6] [cam] [48613][tshell][sensor_open:684]sensor [1] open OK.
[06:08:46.427] RX< [6] [cam] [48613][tshell][cam_cpm_parse_media:295]v
[06:08:46.429] RX< ideo scenario:3, media para[fps:0, mirror_en:0, flip_en:0]
[06:08:46.429] RX< [6] [cam] [48614][tshell][cam_cpm_parse_media:298]video scenario, media para[iso:0, gain:0, wb_mode:0]
[06:08:46.429] RX< [6] [cam] [48615][tshell][csc_isp_clk_cal:355]FE CLK cal: 373MHz, ME CLK cal: 371MHz, FE/ME C
[06:08:46.429] RX< LK cal: 410MHz
[06:08:46.429] RX< [6] [cam] [48615][tshell][csc_isp_clk_cal:364]BE CLK cal: 301MHz
[06:08:46.429] RX< [4] [cam] [48616][tshell][cam_fe_core_power_on:269]fe pipe has already power on, STATUS: 1
[06:08:46.429] RX< [6] [cam] [48616][tshell][cpc_update_clock:588]actual FE/ME clk: 500MHz
[06:08:46.429] RX< [4] [cam] [
[06:08:46.432] RX< 48617][tshell][cam_be_core_power_on:1028]be pipe has already power on, STATUS: 1
[06:08:46.432] RX< [6] [cam] [48617][tshell][cpc_update_clock:593]actual BE clk: 500MHz
[06:08:46.432] RX< [7] [cam] [48617][tshell][cam_cpm_core_power_on:435]id,0 type,1 ret 0
[06:08:46.432] RX< [6] [cam] [48618][tshell][cam_cpm_c
[06:08:46.433] RX< ore_init:1017]E id,0 sensor type,1
[06:08:46.433] RX< [6] [cam] [48619][tshell][cpm_core_check_tuningbin:957]Tuning bin crc check PASS! sum 0x17a5964, xor 0x87e82682
[06:08:46.433] RX< [6] [cam] [48619][tshell][qpc_tuning_check_iqbin_validness:396]IQ bin addr: 0x88646660, project_name: video_
[06:08:46.435] RX< 3M
[06:08:46.435] RX< [6] [cam] [48620][tshell][qpc_tuning_check_iqbin_validness:397]total_size: 94400
[06:08:46.435] RX< [6] [cam] [48620][tshell][qpc_tuning_check_iqbin_validness:398]id_count: 93. ID_TOTAL: 94
[06:08:46.435] RX< [6] [cam] [48621][tshell][qpc_tuning_check_iqbin_validness:399]spinel tuning dat
[06:08:46.436] RX< a ver: V1.30
[06:08:46.436] RX< [6] [cam] [48621][tshell][cpm_core_check_tuningbin:971]IQ bin check success!
[06:08:46.436] RX< [6] [cam] [48622][tshell][cam_bm_core_init:94]E
[06:08:46.436] RX< [6] [cam] [48622][tshell][bm_lab_init:174]X ctx size 4 addr 0x884b95d8
[06:08:46.436] RX< [6] [cam] [48623][tshell][cam_bm_core_init:11
[06:08:46.450] RX< 4]X ctx size 180 addr 0x884c1768
[06:08:46.450] RX< [6] [cam] [48623][tshell][qpc_core_init:1299]E id,0
[06:08:46.450] RX< [6] [cam] [48623][tshell][qpc_queue_init:65]QPC init qnodes 8, size 508, pool 0x884c1d80
[06:08:46.450] RX< [7] [cam] [48624][tshell][_qpc_get_cap_cfg_para:896][fallback]preset capCfg 200 0
[06:08:46.450] RX<  0 invalid, use default
[06:08:46.450] RX< [7] [cam] [48624][tshell][_qpc_cfg_hdr_frms:840][fallback]preset hdrCfg 0 0 0 0 0 invalid, use default
[06:08:46.450] RX< [6] [cam] [48636][tshell][qpc_core_init:1347]X ctx size 1288 addr 0x884c1830
[06:08:46.450] RX< [6] [cam] [48636][tshell][cpm_core_get_param:764]cp
[06:08:46.453] RX< m para chk: tunBin-w 4032 h 2266 img-w 4032 h 2268
[06:08:46.453] RX< [6] [cam] [48637][tshell][cam_fe_core_init:436]E id,0
[06:08:46.453] RX< [6] [cam] [48637][tshell][cam_fe_core_init:490]X ctx size 96 addr 0x884c3198
[06:08:46.453] RX< [7] [cam] [48638][tshell][qpc_core_fe_chords_init:1763][34mqpc fe init 
[06:08:46.453] RX< snsOut w 4032 h 2268, tbl w 28 h 20[0m
[06:08:46.453] RX< [6] [cam] [48638][tshell][cam_me_core_init:1523]X ctx size 1352 addr 0x884f1760
[06:08:46.453] RX< [34m[ME SLICE CFG] perf=485(us)!
[06:08:46.453] RX< [0m[6] [cam] [48640][tshell][cam_bayer_fe_3a_stats_core_init:445]fe 3a id,0
[06:08:46.453] RX< [6] [cam] [48640][tshel
[06:08:46.455] RX< l][cam_bayer_fe_3a_stats_core_init:490]X ctx size 132 addr 0x884fa180
[06:08:46.455] RX< [6] [cam] [48641][tshell][cam_be_core_init:621]E id,0
[06:08:46.455] RX< [7] [cam] [48641][be0][be_core_irq_proc:270]thread start cid,0
[06:08:46.455] RX< [6] [cam] [48641][tshell][cam_be_core_init:716]X ctx size 472 addr 0
[06:08:46.456] RX< x884fa510
[06:08:46.456] RX< [6] [cam] [48642][tshell][awb_wrapper_init:66]xxx awb_bin=0x884e1244, awb_bin_length=8068
[06:08:46.456] RX< [6] [cam] [48642][tshell][awb_wrapper_init:86]X algo_handle 0x88501438
[06:08:46.456] RX< [7] [cam] [48643][awb0][a5_core_wrapper_task:252]thread start cid,0 algo type,2
[06:08:46.456] RX< [6]
[06:08:46.460] RX<  [cam] [48643][tshell][a5_core_init_task:426]thread created: awb0 mq=0x885034f8 thread=0x88503610 sem=0x88503488 ret=0
[06:08:46.460] RX< [6] [cam] [48644][tshell][bayer_ae_wrapper_init:68]E id,0 proc mode 0 
[06:08:46.460] RX< 
[06:08:46.460] RX< [AEC Proc] @[allib_ae_set_debug_log_flag] Line:129:[DEBUG] debug
[06:08:46.460] RX<  level/to_file/to_terminal: 22/1/1
[06:08:46.460] RX< [AEC Proc] @[AeInit] Line:377:[INFO] AE ver: 2026_V2.269
[06:08:46.460] RX< 
[06:08:46.460] RX< [AEC Proc] @[allib_ae_loadfunc] Line:193:[INFO] camera ID: 0
[06:08:46.460] RX< [AEC Proc] @[alAE_set_param] Line:576:[DEBUG] sw_maxtime 33004 ,pertline 10800, after check sensor st
[06:08:46.463] RX< ep sw_max_time 33000.00
[06:08:46.463] RX< [AEC Proc] @[alAE_set_param] Line:581:[DEBUG] sw_mintime 43 ,pertline 10800, after check sensor step sw_min_time 40.00
[06:08:46.463] RX< [AEC Proc] @[alAE_set_param] Line:514:[DEBUG] DEBUG minbv exptime 11 gain 100, minExpBV 13810
[06:08:46.463] RX< [AEC Proc] @[AeTu
[06:08:46.463] RX< ningParseSet] Line:167:[DEBUG] aeparam version 2.268 60803
[06:08:46.463] RX< [AEC Proc] @[alAE_set_param] Line:341:[DEBUG] INITEXP gain 100, shutter 33242, midtonegain 100, bv 2247
[06:08:46.463] RX< [6] [cam] [48650][tshell][bayer_ae_wrapper_init:119]X tline 10800 max_exp 33004 alg_hdl 0x88
[06:08:46.465] RX< 505dc0 
[06:08:46.465] RX< [7] [cam] [48650][b_ae0][a5_core_wrapper_task:252]thread start cid,0 algo type,0
[06:08:46.465] RX< [6] [cam] [48651][tshell][a5_core_init_task:426]thread created: b_ae0 mq=0x88506e70 thread=0x88506f88 sem=0x88506e00 ret=0
[06:08:46.465] RX< [6] [cam] [48651][tshell][atf_wrapper_init:
[06:08:46.466] RX< 67]E id,0
[06:08:46.466] RX< [6] [cam] [48652][tshell][atf_wrapper_init:107]X alg_ctx addr 0x88507360
[06:08:46.466] RX< [7] [cam] [48652][atf0][a5_core_wrapper_task:252]thread start cid,0 algo type,1
[06:08:46.466] RX< [6] [cam] [48653][tshell][a5_core_init_task:426]thread created: atf0 mq=0x88507498 thread=0
[06:08:46.476] RX< x885075b0 sem=0x88507428 ret=0
[06:08:46.476] RX< [6] [cam] [48653][tshell][cam_cpm_core_init:1101]GDC enabled: video_eis=1, photo_warp=0
[06:08:46.476] RX< [6] [cam] [48662][tshell][cam_dewarp_init:333]table reg: enable:1, blockw:5, inw:1296, inh:2304, mapw:61, maph:35, outw:1920, outh:1080
[06:08:46.476] RX< [6] [cam] [48662][tshell][cam_dewarp_init:354]dewarp init: real-IMU consumer registered, reader=0x885078b0
[06:08:46.476] RX< [6] [cam] [48663][dwp0][dewarp_thread_entry:164]dewarp thread start, id=0
[06:08:46.476] RX< [6] [cam] [48663][tshell][cam_dewarp_init:379]EIS: dewarp init ok: dwp0 ei
[06:08:46.483] RX< s_ctx=0x8a00f210 table_size=12810 reg=61x35x5
[06:08:46.483] RX< [6] [cam] [48664][tshell][cam_cpm_core_init:1131]EIS: dewarp enabled, eis_ctx=0x8a00f210, eis_cfg=0x884c16b4
[06:08:46.483] RX< [6] [cam] [48665][tshell][cam_cpm_core_init:1149]X ctx size 1096 addr 0x884c1310
[06:08:46.483] RX< [6] [cam] [48665][
[06:08:46.484] RX< tshell][csc_open:599]ok! phys_id[1], phys_num[1] 
[06:08:46.484] RX< [6] [cam] [48666][tshell][cam_open:738]open ok! camera_id[0]
[06:08:46.484] RX< [34m[cam open] perf=63891(us)!
[06:08:46.484] RX< [0m[6] [App Cam] cam open success
[06:08:46.484] RX< [6] [cam] [48671][tshell][csc_init:722]sensor info:size:4032x2268, formt: 0x
[06:08:46.486] RX< 2b, bps: 1968, tline: 10800
[06:08:46.486] RX< [6] [cam] [48671][tshell][cam_sif_mgr_init:261]E id,0
[06:08:46.486] RX< [7] [cam] [48672][sif0][sif_irq_proc:151]thread start cid,0
[06:08:46.486] RX< [6] [cam] [48672][tshell][cam_sif_mgr_init:293]X ctx size 52 addr 0x885442c0
[06:08:46.486] RX< [6] [cam] [48673][tshell][cam_prelu
[06:08:46.487] RX< de_init_cfg:368]CSI ID is 0,  phy lanes is 2.
[06:08:46.487] RX< [7] [cam] [48673][tshell][check_phy_ready:96]MIPI_PHY[0] is ready
[06:08:46.487] RX< [6] [cam] [48674][tshell][sensor_init:348]sensor [1]: register ok
[06:08:46.487] RX< [6] [cam] [48674][tshell][sensor_set_mode:887]sensor [1]: SetMode -> mode = 0
[06:08:46.495] RX< .
[06:08:46.495] RX< [6] [cam] [48675][tshell][sensor_send_reg_tab_to_sensor:705]sensor [1]: send_reg_tab_to_sensor E.
[06:08:46.495] RX< [6] [cam] [48678][tshell][sensor_send_reg_tab_to_sensor:751]sensor [1]: reg_count = 77.
[06:08:46.495] RX< [6] [cam] [48678][tshell][sensor_init:361]sensor [1]: init success.
[06:08:46.498] RX< 
[06:08:46.498] RX< [6] [cam] [48678][tshell][sensor_set_mode:887]sensor [1]: SetMode -> mode = 3.
[06:08:46.498] RX< [6] [cam] [48679][tshell][sensor_send_reg_tab_to_sensor:705]sensor [1]: send_reg_tab_to_sensor E.
[06:08:46.498] RX< [6] [cam] [48683][tshell][sensor_send_reg_tab_to_sensor:751]sensor [1]: reg_c
[06:08:46.498] RX< ount = 83.
[06:08:46.498] RX< [6] [cam] [48683][tshell][csc_init:731]ok! phys_id[1], phys_num[1]
[06:08:46.498] RX< [6] [cam] [48684][tshell][csc_get_bayer_single_buffer:1148]scenario_type: 3
[06:08:46.498] RX< [6] [cam] [48684][tshell][csc_set_stats_fmt:98]index 0 w 1 h 1 bw 8 wcmp 255
[06:08:46.498] RX< [7] [cam] [48684][tshel
[06:08:46.500] RX< l][bm_ioctl:201]BMIOC_STATS_FMT
[06:08:46.500] RX< [6] [cam] [48685][tshell][csc_set_fe_fmt:47]index 1 w 4032 h 2268 bw 10 wcmp 0
[06:08:46.500] RX< [7] [cam] [48685][tshell][bm_ioctl:201]BMIOC_FE_FMT
[06:08:46.500] RX< [6] [cam] [48685][tshell][csc_set_me_fmt:64]index 5 w 2268 h 4032 bw 10 wcmp 0, rdma_addr 0x
[06:08:46.501] RX< 88e43800, wdma_addr 0x88e43800
[06:08:46.501] RX< [7] [cam] [48686][tshell][bm_ioctl:201]BMIOC_ME_FMT
[06:08:46.501] RX< [6] [cam] [48686][tshell][csc_set_video_fmt:1076]meta_addr: 0x8a18f240
[06:08:46.501] RX< [6] [cam] [48687][tshell][csc_set_me_fmt:64]index 6 w 1296 h 2304 bw 8 wcmp 0, rdma_addr 0x8b2e5400,
[06:08:46.503] RX<  wdma_addr 0x8a19fc00
[06:08:46.503] RX< [6] [cam] [48687][tshell][cam_me_core_buffer_cfg:1416]
[06:08:46.503] RX< ----ME PIPE INFO---
[06:08:46.503] RX<  wdma_buf_num:2, rotation_en: 1
[06:08:46.503] RX< [7] [cam] [48688][tshell][cam_me_core_buffer_cfg:1424]yuv wdma_addr 0:0x8a19fc00, meta_en: 1, 0x8a18f240
[06:08:46.503] RX< [7] [cam] [48688][t
[06:08:46.503] RX< shell][cam_me_core_buffer_cfg:1424]yuv wdma_addr 1:0x8a3c2800, meta_en: 1, 0x8a18f240
[06:08:46.503] RX< [7] [cam] [48689][tshell][bm_ioctl:201]BMIOC_ME_FMT
[06:08:46.503] RX< [6] [cam] [48689][tshell][csc_set_lite_fmt:115]index 13 w 400 h 400 bw 10 wcmp 255
[06:08:46.503] RX< [7] [cam] [48690][tshell][bm_ioct
[06:08:46.506] RX< l:201]BMIOC_LITE_FMT
[06:08:46.506] RX< [6] [cam] [48690][tshell][csc_set_lite_fmt:115]index 14 w 400 h 400 bw 10 wcmp 255
[06:08:46.506] RX< [7] [cam] [48691][tshell][bm_ioctl:201]BMIOC_LITE_FMT
[06:08:46.506] RX< [6] [cam] [48691][tshell][csc_set_be_fmt:81]index 7 w 1920 h 1080 bw 6 wcmp 0
[06:08:46.506] RX< [7] [cam] [48692][
[06:08:46.506] RX< tshell][bm_ioctl:201]BMIOC_BE_FMT
[06:08:46.506] RX< [6] [cam] [48692][tshell][csc_set_be_fmt:81]index 8 w 1920 h 1080 bw 8 wcmp 255
[06:08:46.506] RX< [7] [cam] [48692][tshell][bm_ioctl:201]BMIOC_BE_FMT
[06:08:46.506] RX< [6] [cam] [48692][tshell][cam_dewarp_set_table_base:480]dewarp table base updated: [0]=0x
[06:08:46.508] RX< 88e20aa0 [1]=0x88e32150
[06:08:46.508] RX< [6] [cam] [48693][tshell][cam_cpm_core_set_dewarp_table_base:1611]dewarp table base updated: [0]=0x88e20aa0 [1]=0x88e32150
[06:08:46.508] RX< [6] [cam] [48693][tshell][csc_init:739]get otp ok! phys_id[1], phys_num[1]
[06:08:46.508] RX< [6] [cam] [48694][tshell][cam_in
[06:08:46.509] RX< it:828]init ok! logic_id[0]
[06:08:46.509] RX< [34m[cam init] perf=23292(us)!
[06:08:46.509] RX< [0m[6] [App Cam] cam init success
[06:08:46.509] RX< [7] [cam] [48695][tshell][cam_cpm_core_stream_on:560]id 0 sensor type 1
[06:08:46.509] RX< [6] [cam] [48695][tshell][sensor_stream_on:1024]sensor [1]: stream_on
[06:08:46.509] RX< [6] [cam] [48696]
[06:08:46.526] RX< [tshell][sensor_stream_on:1052]sensor [1]: REG: 0x100, W:0x1.
[06:08:46.526] RX< [6] [cam] [48696][tshell][sensor_stream_on:1054]sensor [1]: REG: 0x100, R:0x1.
[06:08:46.526] RX< [6] [cam] [48696][tshell][csc_prv_start:873]ok! phys_id[1], phys_num[1], cam_ids[1]
[06:08:46.526] RX< [6] [cam] [48697][tshell][cam
[06:08:46.526] RX< _start:938]preview start ok! logic_id[0]
[06:08:46.526] RX< [34m[cam start] perf=2325(us)!
[06:08:46.526] RX< [0m[6] [App Cam] cam start success
[06:08:46.526] RX< [6] [App Dfs] Gravity_XR Record Start
[06:08:46.526] RX< msh /emmc>[7] [cam] [48698][b_3a_sts][bayer_stats_core_irq_proc:164]thread start cid,0
[06:08:46.526] RX< [7] [cam] [48699][f
[06:08:46.645] RX< e0][fe_core_irq_proc:98]thread start cid,0
[06:08:46.645] RX< [34m[AE] fid=0,exp=7130,adg=100,Y=5804,mtg=100,shg=100,bgbv=4443,iso=100,cnv0,hdr0
[06:08:46.645] RX< [0m[34m[b_ae0 proc] perf=2811(us), max=2811(us)!
[06:08:46.645] RX< [0m[34m[awb0 proc] perf=1314(us), max=1314(us)!
[06:08:46.645] RX< [0m[7] [cam] [48831][me0][
[06:08:46.907] RX< me_core_thread:359]ME out fid 0
[06:08:46.907] RX< [6] [cam] [48878][dwp0][cpm_cb_dewarp_handle:1411]EIS: dewarp done frm=0, buf_idx=0
[06:08:46.907] RX< [6] [cam] [48990][me0][cpm_cb_fe2me_tikChk:152]frm_length 88560us, fe2me delta 0
[06:08:46.907] RX< [34m[ME INTP]fid=0, shutter=7130, perf=842(us), max=842(us
[06:08:47.823] RX< )!
[06:08:47.823] RX< [0m[32m[BE] fid=0, perf=6769(us), max=6769(us)!
[06:08:47.823] RX< [0m[6] [App Dfs] f_index = 0, f_len = 58405, cur_total_len = 58493
[06:08:47.823] RX< [34m[AE] fid=30,exp=10110,adg=282,Y=4664,mtg=180,shg=100,bgbv=1514,iso=282,cnv2,hdr0
[06:08:47.823] RX< [0m[7] [cam] [49997][me0][me_core_thread:359]ME 
[06:08:49.808] RX< out fid 30
[06:08:49.808] RX< [34m[AE] fid=60,exp=10040,adg=282,Y=4726,mtg=180,shg=100,bgbv=1533,iso=282,cnv2,hdr0
[06:08:49.808] RX< [0m[7] [cam] [50997][me0][me_core_thread:359]ME out fid 60
[06:08:49.808] RX< [34m[AE] fid=90,exp=10040,adg=282,Y=4726,mtg=180,shg=100,bgbv=1533,iso=282,cnv2,hdr0
[06:08:49.808] RX< [0m[34m[b_a
[06:08:50.184] RX< e0 proc] perf=402(us), max=2811(us)!
[06:08:50.184] RX< [0m[34m[awb0 proc] perf=1340(us), max=1603(us)!
[06:08:50.184] RX< [0m[7] [cam] [51997][me0][me_core_thread:359]ME out fid 90
[06:08:50.184] RX< [32m[BE] fid=90, perf=8557(us), max=8998(us)!
[06:08:50.184] RX< [0m[6] [App Dfs] f_index = 90, f_len = 158165, cur_total_len
[06:08:51.806] RX<  = 6773434
[06:08:51.806] RX< [34m[AE] fid=120,exp=10040,adg=282,Y=4731,mtg=180,shg=100,bgbv=1536,iso=282,cnv2,hdr0
[06:08:51.806] RX< [0m[7] [cam] [52997][me0][me_core_thread:359]ME out fid 120
[06:08:51.806] RX< [34m[ME INTP]fid=120, shutter=10040, perf=3(us), max=4762(us)!
[06:08:51.806] RX< [0m[34m[AE] fid=150,exp=10040,a
[06:08:52.807] RX< dg=282,Y=4734,mtg=180,shg=100,bgbv=1536,iso=282,cnv2,hdr0
[06:08:52.807] RX< [0m[7] [cam] [53996][me0][me_core_thread:359]ME out fid 150
[06:08:52.807] RX< [34m[AE] fid=180,exp=10040,adg=282,Y=4719,mtg=180,shg=100,bgbv=1532,iso=282,cnv2,hdr0
[06:08:52.807] RX< [0m[34m[b_ae0 proc] perf=600(us), max=656(us)!
[06:08:53.806] RX< [0m[34m[awb0 proc] perf=1346(us), max=1662(us)!
[06:08:53.806] RX< [0m[7] [cam] [54996][me0][me_core_thread:359]ME out fid 180
[06:08:53.806] RX< [32m[BE] fid=180, perf=8603(us), max=8683(us)!
[06:08:53.806] RX< [0m[6] [App Dfs] f_index = 180, f_len = 164494, cur_total_len = 6602042
[06:08:53.806] RX< [34m[AE] fid=210,exp=10
[06:08:54.823] RX< 040,adg=282,Y=4736,mtg=180,shg=100,bgbv=1536,iso=282,cnv2,hdr0
[06:08:54.823] RX< [0m[7] [cam] [55996][me0][me_core_thread:359]ME out fid 210
[06:08:54.823] RX< [34m[AE] fid=240,exp=10040,adg=282,Y=4737,mtg=180,shg=100,bgbv=1536,iso=282,cnv2,hdr0
[06:08:54.823] RX< [0m[6] [cam] [56988][dwp0][cpm_cb_dewarp_han
[06:08:55.807] RX< dle:1411]EIS: dewarp done frm=240, buf_idx=0
[06:08:55.807] RX< [7] [cam] [56996][me0][me_core_thread:359]ME out fid 240
[06:08:55.807] RX< [34m[ME INTP]fid=240, shutter=10040, perf=4(us), max=491(us)!
[06:08:55.807] RX< [0m[34m[AE] fid=270,exp=10040,adg=282,Y=4736,mtg=180,shg=100,bgbv=1536,iso=282,cnv2,hdr0
[06:08:56.183] RX< [0m[34m[b_ae0 proc] perf=642(us), max=642(us)!
[06:08:56.183] RX< [0m[34m[awb0 proc] perf=1394(us), max=1769(us)!
[06:08:56.183] RX< [0m[7] [cam] [57996][me0][me_core_thread:359]ME out fid 270
[06:08:56.183] RX< [32m[BE] fid=270, perf=8622(us), max=8652(us)!
[06:08:56.183] RX< [0m[6] [App Dfs] f_index = 270, f_len = 164224
[06:08:57.804] RX< , cur_total_len = 6579483
[06:08:57.804] RX< [34m[AE] fid=300,exp=10040,adg=282,Y=4734,mtg=180,shg=100,bgbv=1536,iso=282,cnv2,hdr0
[06:08:57.804] RX< [0m[7] [cam] [58996][me0][me_core_thread:359]ME out fid 300
[06:08:57.804] RX< [34m[AE] fid=330,exp=10040,adg=282,Y=4735,mtg=180,shg=100,bgbv=1536,iso=282,cnv2,
[06:08:58.807] RX< hdr0
[06:08:58.807] RX< [0m[7] [cam] [59996][me0][me_core_thread:359]ME out fid 330
[06:08:58.807] RX< [34m[AE] fid=360,exp=10040,adg=282,Y=4726,mtg=180,shg=100,bgbv=1536,iso=282,cnv2,hdr0
[06:08:58.807] RX< [0m[34m[b_ae0 proc] perf=404(us), max=648(us)!
[06:08:58.807] RX< [0m[34m[awb0 proc] perf=1386(us), max=1728(us)!
[06:08:58.807] RX< [0
[06:08:59.804] RX< m[7] [cam] [60995][me0][me_core_thread:359]ME out fid 360
[06:08:59.804] RX< [34m[ME INTP]fid=360, shutter=10040, perf=3(us), max=525(us)!
[06:08:59.804] RX< [0m[32m[BE] fid=360, perf=8558(us), max=8629(us)!
[06:08:59.804] RX< [0m[6] [App Dfs] f_index = 360, f_len = 157688, cur_total_len = 6580747
[06:08:59.804] RX< [34m[AE] 
[06:09:00.820] RX< fid=390,exp=10040,adg=282,Y=4715,mtg=180,shg=100,bgbv=1532,iso=282,cnv2,hdr0
[06:09:00.820] RX< [0m[7] [cam] [61995][me0][me_core_thread:359]ME out fid 390
[06:09:00.820] RX< [34m[AE] fid=420,exp=10040,adg=282,Y=4693,mtg=180,shg=100,bgbv=1524,iso=282,cnv2,hdr0
[06:09:00.820] RX< [0m[7] [cam] [62995][me0][me_c
[06:09:01.822] RX< ore_thread:359]ME out fid 420
[06:09:01.822] RX< [34m[AE] fid=450,exp=10070,adg=282,Y=4702,mtg=180,shg=100,bgbv=1525,iso=282,cnv2,hdr0
[06:09:01.822] RX< [0m[34m[b_ae0 proc] perf=485(us), max=623(us)!
[06:09:01.822] RX< [0m[34m[awb0 proc] perf=1337(us), max=1593(us)!
[06:09:01.822] RX< [0m[7] [cam] [63995][me0][me_core_thre
[06:09:02.822] RX< ad:359]ME out fid 450
[06:09:02.822] RX< [32m[BE] fid=450, perf=8617(us), max=8662(us)!
[06:09:02.822] RX< [0m[6] [App Dfs] f_index = 450, f_len = 164916, cur_total_len = 6618819
[06:09:02.822] RX< [34m[AE] fid=480,exp=10070,adg=282,Y=4703,mtg=180,shg=100,bgbv=1525,iso=282,cnv2,hdr0
[06:09:02.822] RX< [0m[6] [cam] [64991][dwp0
[06:09:03.804] RX< ][cpm_cb_dewarp_handle:1411]EIS: dewarp done frm=480, buf_idx=0
[06:09:03.804] RX< [7] [cam] [64995][me0][me_core_thread:359]ME out fid 480
[06:09:03.804] RX< [34m[ME INTP]fid=480, shutter=10070, perf=4(us), max=321(us)!
[06:09:03.804] RX< [0m[34m[AE] fid=510,exp=10070,adg=282,Y=4674,mtg=180,shg=100,bgbv=1514
[06:09:04.805] RX< ,iso=282,cnv2,hdr0
[06:09:04.805] RX< [0m[7] [cam] [65995][me0][me_core_thread:359]ME out fid 510
[06:09:04.805] RX< [34m[AE] fid=540,exp=10070,adg=282,Y=4675,mtg=180,shg=100,bgbv=1517,iso=282,cnv2,hdr0
[06:09:04.805] RX< [0m[34m[b_ae0 proc] perf=403(us), max=613(us)!
[06:09:04.805] RX< [0m[34m[awb0 proc] perf=1319(us), max
[06:09:05.804] RX< =1832(us)!
[06:09:05.804] RX< [0m[7] [cam] [66995][me0][me_core_thread:359]ME out fid 540
[06:09:05.804] RX< [32m[BE] fid=540, perf=8650(us), max=8650(us)!
[06:09:05.804] RX< [0m[6] [App Dfs] f_index = 540, f_len = 167493, cur_total_len = 6614895
[06:09:05.804] RX< [34m[AE] fid=570,exp=10070,adg=282,Y=4671,mtg=180,shg=100,bgbv
[06:09:06.903] RX< =1514,iso=282,cnv2,hdr0
[06:09:06.903] RX< [0m[7] [cam] [67994][me0][me_core_thread:359]ME out fid 570
[06:09:06.903] RX< [34m[AE] fid=600,exp=10070,adg=282,Y=4669,mtg=180,shg=100,bgbv=1514,iso=282,cnv2,hdr0
[06:09:06.903] RX< [0m[7] [cam] [68994][me0][me_core_thread:359]ME out fid 600
[06:09:06.903] RX< [34m[ME INTP]fid=600, 
[06:09:07.821] RX< shutter=10070, perf=3(us), max=277(us)!
[06:09:07.821] RX< [0m[34m[AE] fid=630,exp=10070,adg=282,Y=4665,mtg=180,shg=100,bgbv=1514,iso=282,cnv2,hdr0
[06:09:07.821] RX< [0m[34m[b_ae0 proc] perf=429(us), max=694(us)!
[06:09:07.821] RX< [0m[34m[awb0 proc] perf=1383(us), max=1524(us)!
[06:09:07.821] RX< [0m[7] [cam] [69994][me0
[06:09:08.820] RX< ][me_core_thread:359]ME out fid 630
[06:09:08.820] RX< [32m[BE] fid=630, perf=8698(us), max=8698(us)!
[06:09:08.820] RX< [0m[6] [App Dfs] f_index = 630, f_len = 172099, cur_total_len = 6642345
[06:09:08.820] RX< [34m[AE] fid=660,exp=10070,adg=282,Y=4664,mtg=180,shg=100,bgbv=1514,iso=282,cnv2,hdr0
[06:09:08.820] RX< [0m[7] [cam
[06:09:10.821] RX< ] [70994][me0][me_core_thread:359]ME out fid 660
[06:09:10.821] RX< [34m[AE] fid=690,exp=10070,adg=282,Y=4663,mtg=180,shg=100,bgbv=1514,iso=282,cnv2,hdr0
[06:09:10.821] RX< [0m[7] [cam] [71994][me0][me_core_thread:359]ME out fid 690
[06:09:10.821] RX< [34m[AE] fid=720,exp=10070,adg=282,Y=4667,mtg=180,shg=100,
[06:09:10.821] RX< bgbv=1514,iso=282,cnv2,hdr0
[06:09:10.821] RX< [0m[34m[b_ae0 proc] perf=403(us), max=629(us)!
[06:09:10.821] RX< [0m[34m[awb0 proc] perf=1324(us), max=1594(us)!
[06:09:10.821] RX< [0m[6] [cam] [72986][dwp0][cpm_cb_dewarp_handle:1411]EIS: dewarp done frm=720, buf_idx=0
[06:09:10.821] RX< [7] [cam] [72994][me0][me_core_thread:
[06:09:11.803] RX< 359]ME out fid 720
[06:09:11.803] RX< [34m[ME INTP]fid=720, shutter=10070, perf=4(us), max=283(us)!
[06:09:11.803] RX< [0m[32m[BE] fid=720, perf=8582(us), max=8698(us)!
[06:09:11.803] RX< [0m[6] [App Dfs] f_index = 720, f_len = 160744, cur_total_len = 6791165
[06:09:11.803] RX< [34m[AE] fid=750,exp=10070,adg=282,Y=4665,mtg=18
[06:09:13.804] RX< 0,shg=100,bgbv=1514,iso=282,cnv2,hdr0
[06:09:13.804] RX< [0m[7] [cam] [73994][me0][me_core_thread:359]ME out fid 750
[06:09:13.804] RX< [34m[AE] fid=780,exp=10070,adg=282,Y=4664,mtg=180,shg=100,bgbv=1514,iso=282,cnv2,hdr0
[06:09:13.804] RX< [0m[7] [cam] [74994][me0][me_core_thread:359]ME out fid 780
[06:09:13.804] RX< [34m[AE]
[06:09:14.156] RX<  fid=810,exp=10070,adg=282,Y=4686,mtg=180,shg=100,bgbv=1517,iso=282,cnv2,hdr0
[06:09:14.156] RX< [0m[34m[b_ae0 proc] perf=396(us), max=587(us)!
[06:09:14.156] RX< [0m[34m[awb0 proc] perf=1320(us), max=1669(us)!
[06:09:14.156] RX< [0m[7] [cam] [75993][me0][me_core_thread:359]ME out fid 810
[06:09:14.156] RX< [32m[BE] fid=810
[06:09:14.903] RX< , perf=8704(us), max=8704(us)!
[06:09:14.903] RX< [0m[6] [App Dfs] f_index = 810, f_len = 173393, cur_total_len = 6855580
[06:09:14.903] RX< [34m[AE] fid=840,exp=10070,adg=282,Y=4668,mtg=180,shg=100,bgbv=1514,iso=282,cnv2,hdr0
[06:09:14.903] RX< [0m[7] [cam] [76993][me0][me_core_thread:359]ME out fid 840
[06:09:14.903] RX< [34
[06:09:16.804] RX< m[ME INTP]fid=840, shutter=10070, perf=3(us), max=284(us)!
[06:09:16.804] RX< [0m[34m[AE] fid=870,exp=10070,adg=282,Y=4673,mtg=180,shg=100,bgbv=1514,iso=282,cnv2,hdr0
[06:09:16.804] RX< [0m[7] [cam] [77993][me0][me_core_thread:359]ME out fid 870
[06:09:16.804] RX< [34m[AE] fid=900,exp=10070,adg=282,Y=4646,mt
[06:09:17.176] RX< g=180,shg=100,bgbv=1506,iso=282,cnv2,hdr0
[06:09:17.176] RX< [0m[34m[b_ae0 proc] perf=434(us), max=629(us)!
[06:09:17.176] RX< [0m[34m[awb0 proc] perf=1338(us), max=1616(us)!
[06:09:17.176] RX< [0m[7] [cam] [78993][me0][me_core_thread:359]ME out fid 900
[06:09:17.176] RX< [32m[BE] fid=900, perf=8568(us), max=8704(us)!
[06:09:17.176] RX< [0m[
[06:09:18.820] RX< 6] [App Dfs] f_index = 900, f_len = 160059, cur_total_len = 6806921
[06:09:18.820] RX< [34m[AE] fid=930,exp=10070,adg=282,Y=4639,mtg=180,shg=100,bgbv=1506,iso=282,cnv2,hdr0
[06:09:18.820] RX< [0m[7] [cam] [79993][me0][me_core_thread:359]ME out fid 930
[06:09:18.820] RX< [34m[AE] fid=960,exp=10110,adg=282,Y=46
[06:09:18.901] RX< 59,mtg=180,shg=100,bgbv=1510,iso=282,cnv2,hdr0
[06:09:18.901] RX< [0m[6] [cam] [80985][dwp0][cpm_cb_dewarp_handle:1411]EIS: dewarp done frm=960, buf_idx=0
[06:09:18.901] RX< [7] [cam] [80993][me0][me_core_thread:359]ME out fid 960
[06:09:18.901] RX< [34m[ME INTP]fid=960, shutter=10110, perf=3(us), max=888(us)!
[06:09:20.156] RX< 
[06:09:20.156] RX< [0m[34m[AE] fid=990,exp=10110,adg=282,Y=4652,mtg=180,shg=100,bgbv=1510,iso=282,cnv2,hdr0
[06:09:20.156] RX< [0m[34m[b_ae0 proc] perf=409(us), max=682(us)!
[06:09:20.156] RX< [0m[34m[awb0 proc] perf=1325(us), max=1636(us)!
[06:09:20.156] RX< [0m[7] [cam] [81993][me0][me_core_thread:359]ME out fid 990
[06:09:20.156] RX< [3
[06:09:20.817] RX< 2m[BE] fid=990, perf=8688(us), max=8696(us)!
[06:09:20.817] RX< [0m[6] [App Dfs] f_index = 990, f_len = 172414, cur_total_len = 6840954
[06:09:20.817] RX< [34m[AE] fid=1020,exp=10110,adg=282,Y=4640,mtg=180,shg=100,bgbv=1506,iso=282,cnv2,hdr0
[06:09:20.817] RX< [0m[7] [cam] [82992][me0][me_core_thread:359]ME o
[06:09:22.803] RX< ut fid 1020
[06:09:22.803] RX< [34m[AE] fid=1050,exp=10110,adg=282,Y=4637,mtg=180,shg=100,bgbv=1502,iso=282,cnv2,hdr0
[06:09:22.803] RX< [0m[7] [cam] [83992][me0][me_core_thread:359]ME out fid 1050
[06:09:22.803] RX< [34m[AE] fid=1080,exp=10110,adg=282,Y=4645,mtg=180,shg=100,bgbv=1506,iso=282,cnv2,hdr0
[06:09:22.803] RX< [0m[
[06:09:23.157] RX< 34m[b_ae0 proc] perf=404(us), max=640(us)!
[06:09:23.157] RX< [0m[34m[awb0 proc] perf=1336(us), max=1622(us)!
[06:09:23.157] RX< [0m[7] [cam] [84992][me0][me_core_thread:359]ME out fid 1080
[06:09:23.157] RX< [34m[ME INTP]fid=1080, shutter=10110, perf=3(us), max=2332(us)!
[06:09:23.157] RX< [0m[32m[BE] fid=1080, perf=8558(u
[06:09:24.801] RX< s), max=8694(us)!
[06:09:24.801] RX< [0m[6] [App Dfs] f_index = 1080, f_len = 160620, cur_total_len = 6790242
[06:09:24.801] RX< [34m[AE] fid=1110,exp=10110,adg=282,Y=4633,mtg=180,shg=100,bgbv=1502,iso=282,cnv2,hdr0
[06:09:24.801] RX< [0m[7] [cam] [85992][me0][me_core_thread:359]ME out fid 1110
[06:09:24.801] RX< [34m[AE] fid=
[06:09:25.803] RX< 1140,exp=10110,adg=282,Y=4649,mtg=180,shg=100,bgbv=1506,iso=282,cnv2,hdr0
[06:09:25.803] RX< [0m[7] [cam] [86992][me0][me_core_thread:359]ME out fid 1140
[06:09:25.803] RX< [34m[AE] fid=1170,exp=10110,adg=282,Y=4643,mtg=180,shg=100,bgbv=1506,iso=282,cnv2,hdr0
[06:09:25.803] RX< [0m[34m[b_ae0 proc] perf=574(u
[06:09:26.785] RX< s), max=653(us)!
[06:09:26.785] RX< [0m[34m[awb0 proc] perf=1394(us), max=1619(us)!
[06:09:26.785] RX< [0m[7] [cam] [87992][me0][me_core_thread:359]ME out fid 1170
[06:09:26.785] RX< [32m[BE] fid=1170, perf=8557(us), max=8665(us)!
[06:09:26.785] RX< [0m[6] [App Dfs] f_index = 1170, f_len = 161287, cur_total_len = 6831568
[06:09:26.785] RX< [3
[06:09:26.901] RX< 4m[AE] fid=1200,exp=10110,adg=282,Y=4657,mtg=180,shg=100,bgbv=1510,iso=282,cnv2,hdr0
[06:09:26.901] RX< [0m[6] [cam] [88983][dwp0][cpm_cb_dewarp_handle:1411]EIS: dewarp done frm=1200, buf_idx=0
[06:09:26.901] RX< [7] [cam] [88992][me0][me_core_thread:359]ME out fid 1200
[06:09:26.901] RX< [34m[ME INTP]fid=1200
[06:09:28.802] RX< , shutter=10110, perf=4(us), max=1587(us)!
[06:09:28.802] RX< [0m[34m[AE] fid=1230,exp=10110,adg=282,Y=4644,mtg=180,shg=100,bgbv=1506,iso=282,cnv2,hdr0
[06:09:28.802] RX< [0m[7] [cam] [89991][me0][me_core_thread:359]ME out fid 1230
[06:09:28.802] RX< [34m[AE] fid=1260,exp=10110,adg=282,Y=4635,mtg=180,shg=100
[06:09:29.176] RX< ,bgbv=1502,iso=282,cnv2,hdr0
[06:09:29.176] RX< [0m[34m[b_ae0 proc] perf=401(us), max=648(us)!
[06:09:29.176] RX< [0m[34m[awb0 proc] perf=1376(us), max=1607(us)!
[06:09:29.176] RX< [0m[7] [cam] [90991][me0][me_core_thread:359]ME out fid 1260
[06:09:29.176] RX< [32m[BE] fid=1260, perf=8698(us), max=8698(us)!
[06:09:29.176] RX< [0m[6] [App Dfs
[06:09:30.800] RX< ] f_index = 1260, f_len = 173294, cur_total_len = 6850201
[06:09:30.800] RX< [34m[AE] fid=1290,exp=10110,adg=282,Y=4656,mtg=180,shg=100,bgbv=1510,iso=282,cnv2,hdr0
[06:09:30.800] RX< [0m[7] [cam] [91991][me0][me_core_thread:359]ME out fid 1290
[06:09:30.800] RX< [34m[AE] fid=1320,exp=10110,adg=282,Y=4654,mtg=
[06:09:31.802] RX< 180,shg=100,bgbv=1510,iso=282,cnv2,hdr0
[06:09:31.802] RX< [0m[7] [cam] [92991][me0][me_core_thread:359]ME out fid 1320
[06:09:31.802] RX< [34m[ME INTP]fid=1320, shutter=10110, perf=4(us), max=1197(us)!
[06:09:31.802] RX< [0m[34m[AE] fid=1350,exp=10110,adg=282,Y=4652,mtg=180,shg=100,bgbv=1510,iso=282,cnv2,hd
[06:09:32.175] RX< r0
[06:09:32.175] RX< [0m[34m[b_ae0 proc] perf=429(us), max=657(us)!
[06:09:32.175] RX< [0m[34m[awb0 proc] perf=1336(us), max=1526(us)!
[06:09:32.175] RX< [0m[7] [cam] [93991][me0][me_core_thread:359]ME out fid 1350
[06:09:32.175] RX< [32m[BE] fid=1350, perf=8680(us), max=8698(us)!
[06:09:32.175] RX< [0m[6] [App Dfs] f_index = 1350, f_len = 
[06:09:33.800] RX< 173219, cur_total_len = 6834734
[06:09:33.800] RX< [34m[AE] fid=1380,exp=10110,adg=282,Y=4644,mtg=180,shg=100,bgbv=1506,iso=282,cnv2,hdr0
[06:09:33.800] RX< [0m[7] [cam] [94991][me0][me_core_thread:359]ME out fid 1380
[06:09:33.800] RX< [34m[AE] fid=1410,exp=10110,adg=282,Y=4638,mtg=180,shg=100,bgbv=1506,iso=
[06:09:34.818] RX< 282,cnv2,hdr0
[06:09:34.818] RX< [0m[7] [cam] [95991][me0][me_core_thread:359]ME out fid 1410
[06:09:34.818] RX< [34m[AE] fid=1440,exp=10110,adg=282,Y=4652,mtg=180,shg=100,bgbv=1510,iso=282,cnv2,hdr0
[06:09:34.818] RX< [0m[34m[b_ae0 proc] perf=409(us), max=632(us)!
[06:09:34.818] RX< [0m[34m[awb0 proc] perf=1341(us), max=16
[06:09:35.156] RX< 26(us)!
[06:09:35.156] RX< [0m[6] [cam] [96982][dwp0][cpm_cb_dewarp_handle:1411]EIS: dewarp done frm=1440, buf_idx=0
[06:09:35.156] RX< [7] [cam] [96991][me0][me_core_thread:359]ME out fid 1440
[06:09:35.156] RX< [34m[ME INTP]fid=1440, shutter=10110, perf=760(us), max=2777(us)!
[06:09:35.156] RX< [0m[32m[BE] fid=1440, perf=854
[06:09:36.799] RX< 1(us), max=8680(us)!
[06:09:36.799] RX< [0m[6] [App Dfs] f_index = 1440, f_len = 161279, cur_total_len = 6791605
[06:09:36.799] RX< [34m[AE] fid=1470,exp=10110,adg=282,Y=4627,mtg=180,shg=100,bgbv=1502,iso=282,cnv2,hdr0
[06:09:36.799] RX< [0m[7] [cam] [97990][me0][me_core_thread:359]ME out fid 1470
[06:09:36.799] RX< [34m[AE] f
[06:09:37.800] RX< id=1500,exp=10110,adg=282,Y=4636,mtg=180,shg=100,bgbv=1502,iso=282,cnv2,hdr0
[06:09:37.800] RX< [0m[7] [cam] [98990][me0][me_core_thread:359]ME out fid 1500
[06:09:37.800] RX< [34m[AE] fid=1530,exp=10110,adg=282,Y=4647,mtg=180,shg=100,bgbv=1506,iso=282,cnv2,hdr0
[06:09:37.800] RX< [0m[34m[b_ae0 proc] perf=40
[06:09:38.176] RX< 4(us), max=669(us)!
[06:09:38.176] RX< [0m[34m[awb0 proc] perf=1370(us), max=1613(us)!
[06:09:38.176] RX< [0m[7] [cam] [99990][me0][me_core_thread:359]ME out fid 1530
[06:09:38.176] RX< [32m[BE] fid=1530, perf=8688(us), max=8697(us)!
[06:09:38.176] RX< [0m[6] [App Dfs] f_index = 1530, f_len = 172385, cur_total_len = 6849694
[06:09:39.798] RX< [34m[AE] fid=1560,exp=10110,adg=282,Y=4630,mtg=180,shg=100,bgbv=1502,iso=282,cnv2,hdr0
[06:09:39.798] RX< [0m[7] [cam] [100990][me0][me_core_thread:359]ME out fid 1560
[06:09:39.798] RX< [34m[ME INTP]fid=1560, shutter=10110, perf=3(us), max=2718(us)!
[06:09:39.798] RX< [0m[34m[AE] fid=1590,exp=10110,adg=282
[06:09:40.800] RX< ,Y=4636,mtg=180,shg=100,bgbv=1502,iso=282,cnv2,hdr0
[06:09:40.800] RX< [0m[7] [cam] [101990][me0][me_core_thread:359]ME out fid 1590
[06:09:40.800] RX< [34m[AE] fid=1620,exp=10110,adg=282,Y=4638,mtg=180,shg=100,bgbv=1506,iso=282,cnv2,hdr0
[06:09:40.800] RX< [0m[34m[b_ae0 proc] perf=481(us), max=631(us)!
[06:09:40.800] RX< [0
[06:09:41.782] RX< m[34m[awb0 proc] perf=1337(us), max=1556(us)!
[06:09:41.782] RX< [0m[7] [cam] [102990][me0][me_core_thread:359]ME out fid 1620
[06:09:41.782] RX< [32m[BE] fid=1620, perf=8721(us), max=8721(us)!
[06:09:41.782] RX< [0m[6] [App Dfs] f_index = 1620, f_len = 175041, cur_total_len = 6978859
[06:09:41.782] RX< [34m[AE] fid=1650,exp=
[06:09:42.817] RX< 10110,adg=282,Y=4632,mtg=180,shg=100,bgbv=1502,iso=282,cnv2,hdr0
[06:09:42.817] RX< [0m[7] [cam] [103990][me0][me_core_thread:359]ME out fid 1650
[06:09:42.817] RX< [34m[AE] fid=1680,exp=10110,adg=282,Y=4628,mtg=180,shg=100,bgbv=1502,iso=282,cnv2,hdr0
[06:09:42.817] RX< [0m[6] [cam] [104981][dwp0][cpm_cb_dewa
[06:09:43.800] RX< rp_handle:1411]EIS: dewarp done frm=1680, buf_idx=0
[06:09:43.800] RX< [7] [cam] [104989][me0][me_core_thread:359]ME out fid 1680
[06:09:43.800] RX< [34m[ME INTP]fid=1680, shutter=10110, perf=4(us), max=3053(us)!
[06:09:43.800] RX< [0m[34m[AE] fid=1710,exp=10110,adg=282,Y=4636,mtg=180,shg=100,bgbv=1502,iso=28
[06:09:44.176] RX< 2,cnv2,hdr0
[06:09:44.176] RX< [0m[34m[b_ae0 proc] perf=410(us), max=638(us)!
[06:09:44.176] RX< [0m[34m[awb0 proc] perf=1341(us), max=1571(us)!
[06:09:44.176] RX< [0m[7] [cam] [105989][me0][me_core_thread:359]ME out fid 1710
[06:09:44.176] RX< [32m[BE] fid=1710, perf=8949(us), max=8949(us)!
[06:09:44.176] RX< [0m[6] [App Dfs] f_index = 1710
[06:09:45.797] RX< , f_len = 204902, cur_total_len = 7266630
[06:09:45.797] RX< [34m[AE] fid=1740,exp=10110,adg=282,Y=4642,mtg=180,shg=100,bgbv=1506,iso=282,cnv2,hdr0
[06:09:45.797] RX< [0m[7] [cam] [106989][me0][me_core_thread:359]ME out fid 1740
[06:09:45.797] RX< [34m[AE] fid=1770,exp=10110,adg=282,Y=4633,mtg=180,shg=100,bgb
[06:09:46.800] RX< v=1502,iso=282,cnv2,hdr0
[06:09:46.800] RX< [0m[7] [cam] [107989][me0][me_core_thread:359]ME out fid 1770
[06:09:46.800] RX< [34m[AE] fid=1800,exp=10110,adg=282,Y=4636,mtg=180,shg=100,bgbv=1502,iso=282,cnv2,hdr0
[06:09:46.800] RX< [0m[34m[b_ae0 proc] perf=420(us), max=648(us)!
[06:09:46.800] RX< [0m[34m[awb0 proc] perf=1371
[06:09:47.173] RX< (us), max=1612(us)!
[06:09:47.173] RX< [0m[7] [cam] [108989][me0][me_core_thread:359]ME out fid 1800
[06:09:47.173] RX< [34m[ME INTP]fid=1800, shutter=10110, perf=3(us), max=1026(us)!
[06:09:47.173] RX< [0m[32m[BE] fid=1800, perf=8712(us), max=8949(us)!
[06:09:47.173] RX< [0m[6] [App Dfs] f_index = 1800, f_len = 173704, cur_t
[06:09:48.797] RX< otal_len = 7430413
[06:09:48.797] RX< [34m[AE] fid=1830,exp=10110,adg=282,Y=4634,mtg=180,shg=100,bgbv=1502,iso=282,cnv2,hdr0
[06:09:48.797] RX< [0m[7] [cam] [109989][me0][me_core_thread:359]ME out fid 1830
[06:09:48.797] RX< [34m[AE] fid=1860,exp=10110,adg=282,Y=4633,mtg=180,shg=100,bgbv=1502,iso=282,cnv2,hdr
[06:09:49.799] RX< 0
[06:09:49.799] RX< [0m[7] [cam] [110989][me0][me_core_thread:359]ME out fid 1860
[06:09:49.799] RX< [34m[AE] fid=1890,exp=10110,adg=282,Y=4629,mtg=180,shg=100,bgbv=1502,iso=282,cnv2,hdr0
[06:09:49.799] RX< [0m[34m[b_ae0 proc] perf=403(us), max=621(us)!
[06:09:49.799] RX< [0m[34m[awb0 proc] perf=1321(us), max=1580(us)!
[06:09:49.799] RX< [0
[06:09:50.815] RX< m[7] [cam] [111989][me0][me_core_thread:359]ME out fid 1890
[06:09:50.815] RX< [32m[BE] fid=1890, perf=8598(us), max=8712(us)!
[06:09:50.815] RX< [0m[6] [App Dfs] f_index = 1890, f_len = 163380, cur_total_len = 6990430
[06:09:50.815] RX< [34m[AE] fid=1920,exp=10110,adg=282,Y=4630,mtg=180,shg=100,bgbv=1502,iso
[06:09:51.799] RX< =282,cnv2,hdr0
[06:09:51.799] RX< [0m[6] [cam] [112980][dwp0][cpm_cb_dewarp_handle:1411]EIS: dewarp done frm=1920, buf_idx=0
[06:09:51.799] RX< [7] [cam] [112988][me0][me_core_thread:359]ME out fid 1920
[06:09:51.799] RX< [34m[ME INTP]fid=1920, shutter=10110, perf=3(us), max=289(us)!
[06:09:51.799] RX< [0m[34m[AE] fid=1950,exp
[06:09:52.798] RX< =10110,adg=282,Y=4636,mtg=180,shg=100,bgbv=1502,iso=282,cnv2,hdr0
[06:09:52.798] RX< [0m[7] [cam] [113988][me0][me_core_thread:359]ME out fid 1950
[06:09:52.798] RX< [34m[AE] fid=1980,exp=10110,adg=282,Y=4630,mtg=180,shg=100,bgbv=1502,iso=282,cnv2,hdr0
[06:09:52.798] RX< [0m[34m[b_ae0 proc] perf=398(us), max
[06:09:53.797] RX< =708(us)!
[06:09:53.797] RX< [0m[34m[awb0 proc] perf=1339(us), max=1686(us)!
[06:09:53.797] RX< [0m[7] [cam] [114988][me0][me_core_thread:359]ME out fid 1980
[06:09:53.797] RX< [32m[BE] fid=1980, perf=8697(us), max=8702(us)!
[06:09:53.797] RX< [0m[6] [App Dfs] f_index = 1980, f_len = 172664, cur_total_len = 6879902
[06:09:53.797] RX< [34m[AE]
[06:09:54.813] RX<  fid=2010,exp=10110,adg=282,Y=4632,mtg=180,shg=100,bgbv=1502,iso=282,cnv2,hdr0
[06:09:54.813] RX< [0m[7] [cam] [115988][me0][me_core_thread:359]ME out fid 2010
[06:09:54.813] RX< [34m[AE] fid=2040,exp=10110,adg=282,Y=4634,mtg=180,shg=100,bgbv=1502,iso=282,cnv2,hdr0
[06:09:54.813] RX< [0m[7] [cam] [116988][me0
[06:09:55.798] RX< ][me_core_thread:359]ME out fid 2040
[06:09:55.798] RX< [34m[ME INTP]fid=2040, shutter=10110, perf=3(us), max=308(us)!
[06:09:55.798] RX< [0m[34m[AE] fid=2070,exp=10110,adg=282,Y=4633,mtg=180,shg=100,bgbv=1502,iso=282,cnv2,hdr0
[06:09:55.798] RX< [0m[34m[b_ae0 proc] perf=594(us), max=674(us)!
[06:09:55.798] RX< [0m[34m[awb
[06:09:56.796] RX< 0 proc] perf=1377(us), max=1613(us)!
[06:09:56.796] RX< [0m[7] [cam] [117988][me0][me_core_thread:359]ME out fid 2070
[06:09:56.796] RX< [32m[BE] fid=2070, perf=8686(us), max=8697(us)!
[06:09:56.796] RX< [0m[6] [App Dfs] f_index = 2070, f_len = 173074, cur_total_len = 6809353
[06:09:56.796] RX< [34m[AE] fid=2100,exp=10110,adg=
[06:09:57.812] RX< 282,Y=4627,mtg=180,shg=100,bgbv=1502,iso=282,cnv2,hdr0
[06:09:57.812] RX< [0m[7] [cam] [118988][me0][me_core_thread:359]ME out fid 2100
[06:09:57.812] RX< [34m[AE] fid=2130,exp=10110,adg=282,Y=4630,mtg=180,shg=100,bgbv=1502,iso=282,cnv2,hdr0
[06:09:57.812] RX< [0m[7] [cam] [119987][me0][me_core_thread:359]ME 
[06:09:58.814] RX< out fid 2130
[06:09:58.814] RX< [34m[AE] fid=2160,exp=10110,adg=282,Y=4632,mtg=180,shg=100,bgbv=1502,iso=282,cnv2,hdr0
[06:09:58.814] RX< [0m[34m[b_ae0 proc] perf=406(us), max=610(us)!
[06:09:58.814] RX< [0m[34m[awb0 proc] perf=1363(us), max=1886(us)!
[06:09:58.814] RX< [0m[6] [cam] [120979][dwp0][cpm_cb_dewarp_handle:1411]
[06:09:59.171] RX< EIS: dewarp done frm=2160, buf_idx=0
[06:09:59.171] RX< [7] [cam] [120987][me0][me_core_thread:359]ME out fid 2160
[06:09:59.171] RX< [34m[ME INTP]fid=2160, shutter=10110, perf=4(us), max=267(us)!
[06:09:59.171] RX< [0m[32m[BE] fid=2160, perf=8560(us), max=14663(us)!
[06:09:59.171] RX< [0m[6] [App Dfs] f_index = 2160, f_len = 
[06:10:00.795] RX< 161315, cur_total_len = 6962191
[06:10:00.795] RX< [34m[AE] fid=2190,exp=10110,adg=282,Y=4626,mtg=180,shg=100,bgbv=1502,iso=282,cnv2,hdr0
[06:10:00.795] RX< [0m[7] [cam] [121987][me0][me_core_thread:359]ME out fid 2190
[06:10:00.795] RX< [34m[AE] fid=2220,exp=10110,adg=282,Y=4621,mtg=180,shg=100,bgbv=1498,iso
[06:10:01.798] RX< =282,cnv2,hdr0
[06:10:01.798] RX< [0m[7] [cam] [122987][me0][me_core_thread:359]ME out fid 2220
[06:10:01.798] RX< [34m[AE] fid=2250,exp=10110,adg=282,Y=4613,mtg=180,shg=100,bgbv=1498,iso=282,cnv2,hdr0
[06:10:01.798] RX< [0m[34m[b_ae0 proc] perf=403(us), max=590(us)!
[06:10:01.798] RX< [0m[34m[awb0 proc] perf=1341(us), max=
[06:10:02.795] RX< 1610(us)!
[06:10:02.795] RX< [0m[7] [cam] [123987][me0][me_core_thread:359]ME out fid 2250
[06:10:02.795] RX< [32m[BE] fid=2250, perf=8717(us), max=8717(us)!
[06:10:02.795] RX< [0m[6] [App Dfs] f_index = 2250, f_len = 174719, cur_total_len = 6831134
[06:10:02.795] RX< [34m[AE] fid=2280,exp=10030,adg=288,Y=4624,mtg=180,shg=100,
[06:10:03.811] RX< bgbv=1487,iso=288,cnv2,hdr0
[06:10:03.811] RX< [0m[7] [cam] [124987][me0][me_core_thread:359]ME out fid 2280
[06:10:03.811] RX< [34m[ME INTP]fid=2280, shutter=10030, perf=3(us), max=2531(us)!
[06:10:03.811] RX< [0m[34m[AE] fid=2310,exp=10030,adg=288,Y=4663,mtg=180,shg=100,bgbv=1495,iso=288,cnv2,hdr0
[06:10:03.811] RX< [0m[7] 
[06:10:04.813] RX< [cam] [125987][me0][me_core_thread:359]ME out fid 2310
[06:10:04.813] RX< [34m[AE] fid=2340,exp=10030,adg=288,Y=4666,mtg=180,shg=100,bgbv=1495,iso=288,cnv2,hdr0
[06:10:04.813] RX< [0m[34m[b_ae0 proc] perf=434(us), max=635(us)!
[06:10:04.813] RX< [0m[34m[awb0 proc] perf=1339(us), max=1642(us)!
[06:10:04.813] RX< [0m[7] [cam]
[06:10:05.795] RX<  [126986][me0][me_core_thread:359]ME out fid 2340
[06:10:05.795] RX< [32m[BE] fid=2340, perf=8555(us), max=8717(us)!
[06:10:05.795] RX< [0m[6] [App Dfs] f_index = 2340, f_len = 160337, cur_total_len = 6816578
[06:10:05.795] RX< [34m[AE] fid=2370,exp=10030,adg=288,Y=4663,mtg=180,shg=100,bgbv=1495,iso=288,cnv2,
[06:10:06.813] RX< hdr0
[06:10:06.813] RX< [0m[7] [cam] [127986][me0][me_core_thread:359]ME out fid 2370
[06:10:06.813] RX< [34m[AE] fid=2400,exp=10030,adg=288,Y=4651,mtg=180,shg=100,bgbv=1491,iso=288,cnv2,hdr0
[06:10:06.813] RX< [0m[6] [cam] [128978][dwp0][cpm_cb_dewarp_handle:1411]EIS: dewarp done frm=2400, buf_idx=0
[06:10:06.813] RX< [7] [cam
[06:10:07.796] RX< ] [128986][me0][me_core_thread:359]ME out fid 2400
[06:10:07.796] RX< [34m[ME INTP]fid=2400, shutter=10030, perf=95(us), max=2408(us)!
[06:10:07.796] RX< [0m[34m[AE] fid=2430,exp=10030,adg=288,Y=4644,mtg=180,shg=100,bgbv=1487,iso=288,cnv2,hdr0
[06:10:07.796] RX< [0m[34m[b_ae0 proc] perf=404(us), max=694(us)
[06:10:08.794] RX< !
[06:10:08.794] RX< [0m[34m[awb0 proc] perf=1370(us), max=1892(us)!
[06:10:08.794] RX< [0m[7] [cam] [129986][me0][me_core_thread:359]ME out fid 2430
[06:10:08.794] RX< [32m[BE] fid=2430, perf=8578(us), max=8692(us)!
[06:10:08.794] RX< [0m[6] [App Dfs] f_index = 2430, f_len = 161374, cur_total_len = 6834049
[06:10:08.794] RX< [34m[AE] fid=246
[06:10:09.810] RX< 0,exp=10030,adg=288,Y=4659,mtg=180,shg=100,bgbv=1491,iso=288,cnv2,hdr0
[06:10:09.810] RX< [0m[7] [cam] [130986][me0][me_core_thread:359]ME out fid 2460
[06:10:09.810] RX< [34m[AE] fid=2490,exp=10030,adg=288,Y=4656,mtg=180,shg=100,bgbv=1491,iso=288,cnv2,hdr0
[06:10:09.810] RX< [0m[7] [cam] [131986][me0][me_cor
[06:10:10.812] RX< e_thread:359]ME out fid 2490
[06:10:10.812] RX< [34m[AE] fid=2520,exp=10030,adg=288,Y=4660,mtg=180,shg=100,bgbv=1491,iso=288,cnv2,hdr0
[06:10:10.812] RX< [0m[34m[b_ae0 proc] perf=420(us), max=616(us)!
[06:10:10.812] RX< [0m[34m[awb0 proc] perf=1316(us), max=1593(us)!
[06:10:10.812] RX< [0m[7] [cam] [132986][me0][me_core_thr
[06:10:11.794] RX< ead:359]ME out fid 2520
[06:10:11.794] RX< [34m[ME INTP]fid=2520, shutter=10030, perf=4(us), max=290(us)!
[06:10:11.794] RX< [0m[32m[BE] fid=2520, perf=8567(us), max=8713(us)!
[06:10:11.794] RX< [0m[6] [App Dfs] f_index = 2520, f_len = 161416, cur_total_len = 6808281
[06:10:11.794] RX< [34m[AE] fid=2550,exp=10030,adg=288,Y=46
[06:10:12.809] RX< 58,mtg=180,shg=100,bgbv=1491,iso=288,cnv2,hdr0
[06:10:12.809] RX< [0m[7] [cam] [133986][me0][me_core_thread:359]ME out fid 2550
[06:10:12.809] RX< [34m[AE] fid=2580,exp=10030,adg=288,Y=4652,mtg=180,shg=100,bgbv=1491,iso=288,cnv2,hdr0
[06:10:12.809] RX< [0m[7] [cam] [134985][me0][me_core_thread:359]ME out fid 
[06:10:13.812] RX< 2580
[06:10:13.812] RX< [34m[AE] fid=2610,exp=10030,adg=288,Y=4653,mtg=180,shg=100,bgbv=1491,iso=288,cnv2,hdr0
[06:10:13.812] RX< [0m[34m[b_ae0 proc] perf=404(us), max=629(us)!
[06:10:13.812] RX< [0m[34m[awb0 proc] perf=1322(us), max=1573(us)!
[06:10:13.812] RX< [0m[7] [cam] [135985][me0][me_core_thread:359]ME out fid 2610
[06:10:14.811] RX< [32m[BE] fid=2610, perf=8561(us), max=8586(us)!
[06:10:14.811] RX< [0m[6] [App Dfs] f_index = 2610, f_len = 161595, cur_total_len = 6832520
[06:10:14.811] RX< [34m[AE] fid=2640,exp=10030,adg=288,Y=4653,mtg=180,shg=100,bgbv=1491,iso=288,cnv2,hdr0
[06:10:14.811] RX< [0m[6] [cam] [136977][dwp0][cpm_cb_dewarp_ha
[06:10:15.793] RX< ndle:1411]EIS: dewarp done frm=2640, buf_idx=0
[06:10:15.793] RX< [7] [cam] [136985][me0][me_core_thread:359]ME out fid 2640
[06:10:15.793] RX< [34m[ME INTP]fid=2640, shutter=10030, perf=4(us), max=709(us)!
[06:10:15.793] RX< [0m[34m[AE] fid=2670,exp=10030,adg=288,Y=4657,mtg=180,shg=100,bgbv=1491,iso=288,cnv2
[06:10:16.795] RX< ,hdr0
[06:10:16.795] RX< [0m[7] [cam] [137985][me0][me_core_thread:359]ME out fid 2670
[06:10:16.795] RX< [34m[AE] fid=2700,exp=10030,adg=288,Y=4657,mtg=180,shg=100,bgbv=1491,iso=288,cnv2,hdr0
[06:10:16.795] RX< [0m[34m[b_ae0 proc] perf=403(us), max=664(us)!
[06:10:16.795] RX< [0m[34m[awb0 proc] perf=1371(us), max=1722(us)!
[06:10:17.793] RX< 
[06:10:17.793] RX< [0m[7] [cam] [138985][me0][me_core_thread:359]ME out fid 2700
[06:10:17.793] RX< [32m[BE] fid=2700, perf=8532(us), max=8689(us)!
[06:10:17.793] RX< [0m[6] [App Dfs] f_index = 2700, f_len = 159090, cur_total_len = 6848981
[06:10:17.793] RX< [34m[AE] fid=2730,exp=10030,adg=288,Y=4652,mtg=180,shg=100,bgbv=1491
[06:10:18.893] RX< ,iso=288,cnv2,hdr0
[06:10:18.893] RX< [0m[7] [cam] [139985][me0][me_core_thread:359]ME out fid 2730
[06:10:18.893] RX< [34m[AE] fid=2760,exp=10070,adg=288,Y=4666,mtg=180,shg=100,bgbv=1491,iso=288,cnv2,hdr0
[06:10:18.893] RX< [0m[7] [cam] [140985][me0][me_core_thread:359]ME out fid 2760
[06:10:18.893] RX< [34m[ME INTP]fid=2760,
[06:10:19.810] RX<  shutter=10070, perf=4(us), max=2153(us)!
[06:10:19.810] RX< [0m[34m[AE] fid=2790,exp=10070,adg=288,Y=4668,mtg=180,shg=100,bgbv=1491,iso=288,cnv2,hdr0
[06:10:19.810] RX< [0m[34m[b_ae0 proc] perf=524(us), max=687(us)!
[06:10:19.810] RX< [0m[34m[awb0 proc] perf=1322(us), max=1534(us)!
[06:10:19.810] RX< [0m[7] [cam] [141984]
[06:10:20.793] RX< [me0][me_core_thread:359]ME out fid 2790
[06:10:20.793] RX< [32m[BE] fid=2790, perf=8673(us), max=8720(us)!
[06:10:20.793] RX< [0m[6] [App Dfs] f_index = 2790, f_len = 172180, cur_total_len = 6862882
[06:10:20.793] RX< [34m[AE] fid=2820,exp=10070,adg=288,Y=4657,mtg=180,shg=100,bgbv=1487,iso=288,cnv2,hdr0
[06:10:20.793] RX< [0m
[06:10:22.794] RX< [7] [cam] [142984][me0][me_core_thread:359]ME out fid 2820
[06:10:22.794] RX< [34m[AE] fid=2850,exp=10070,adg=288,Y=4652,mtg=180,shg=100,bgbv=1487,iso=288,cnv2,hdr0
[06:10:22.794] RX< [0m[7] [cam] [143984][me0][me_core_thread:359]ME out fid 2850
[06:10:22.810] RX< [34m[AE] fid=2880,exp=10070,adg=288,Y=4657,mtg=180,shg=100,bgbv=1487,iso=288,cnv2,hdr0
[06:10:22.810] RX< [0m[34m[b_ae0 proc] perf=403(us), max=641(us)!
[06:10:22.810] RX< [0m[34m[awb0 proc] perf=1319(us), max=1670(us)!
[06:10:22.810] RX< [0m[6] [cam] [144976][dwp0][cpm_cb_dewarp_handle:1411]EIS: dewarp d
[06:10:23.168] RX< one frm=2880, buf_idx=0
[06:10:23.168] RX< [7] [cam] [144984][me0][me_core_thread:359]ME out fid 2880
[06:10:23.168] RX< [34m[ME INTP]fid=2880, shutter=10070, perf=3(us), max=265(us)!
[06:10:23.168] RX< [0m[32m[BE] fid=2880, perf=8687(us), max=8711(us)!
[06:10:23.168] RX< [0m[6] [App Dfs] f_index = 2880, f_len = 173109, cur_to
[06:10:24.792] RX< tal_len = 6819109
[06:10:24.792] RX< [34m[AE] fid=2910,exp=10070,adg=288,Y=4670,mtg=180,shg=100,bgbv=1491,iso=288,cnv2,hdr0
[06:10:24.792] RX< [0m[7] [cam] [145984][me0][me_core_thread:359]ME out fid 2910
[06:10:24.792] RX< [34m[AE] fid=2940,exp=10070,adg=288,Y=4666,mtg=180,shg=100,bgbv=1491,iso=288,cnv2,hdr0
[06:10:25.793] RX< 
[06:10:25.793] RX< [0m[7] [cam] [146984][me0][me_core_thread:359]ME out fid 2940
[06:10:25.793] RX< [34m[AE] fid=2970,exp=10070,adg=288,Y=4674,mtg=180,shg=100,bgbv=1491,iso=288,cnv2,hdr0
[06:10:25.793] RX< [0m[34m[b_ae0 proc] perf=417(us), max=631(us)!
[06:10:25.793] RX< [0m[34m[awb0 proc] perf=1372(us), max=1597(us)!
[06:10:25.793] RX< [0m
[06:10:26.791] RX< [7] [cam] [147984][me0][me_core_thread:359]ME out fid 2970
[06:10:26.791] RX< [32m[BE] fid=2970, perf=8537(us), max=8687(us)!
[06:10:26.791] RX< [0m[6] [App Dfs] f_index = 2970, f_len = 158829, cur_total_len = 6564773
[06:10:26.791] RX< [34m[AE] fid=3000,exp=10070,adg=288,Y=4680,mtg=180,shg=100,bgbv=1494,iso=
[06:10:27.808] RX< 288,cnv2,hdr0
[06:10:27.808] RX< [0m[7] [cam] [148983][me0][me_core_thread:359]ME out fid 3000
[06:10:27.808] RX< [34m[ME INTP]fid=3000, shutter=10070, perf=4(us), max=242(us)!
[06:10:27.808] RX< [0m[34m[AE] fid=3030,exp=10070,adg=288,Y=4676,mtg=180,shg=100,bgbv=1494,iso=288,cnv2,hdr0
[06:10:27.808] RX< [0m[7] [cam] [149983][
[06:10:28.794] RX< me0][me_core_thread:359]ME out fid 3030
[06:10:28.794] RX< [34m[AE] fid=3060,exp=10070,adg=288,Y=4680,mtg=180,shg=100,bgbv=1494,iso=288,cnv2,hdr0
[06:10:28.794] RX< [0m[34m[b_ae0 proc] perf=579(us), max=772(us)!
[06:10:28.794] RX< [0m[34m[awb0 proc] perf=1509(us), max=1534(us)!
[06:10:28.794] RX< [0m[7] [cam] [150983][me0][
[06:10:29.807] RX< me_core_thread:359]ME out fid 3060
[06:10:29.807] RX< [32m[BE] fid=3060, perf=8669(us), max=8669(us)!
[06:10:29.807] RX< [0m[6] [App Dfs] f_index = 3060, f_len = 173188, cur_total_len = 6706699
[06:10:29.807] RX< [34m[AE] fid=3090,exp=10070,adg=288,Y=4682,mtg=180,shg=100,bgbv=1494,iso=288,cnv2,hdr0
[06:10:29.807] RX< [0m[7] [c
[06:10:30.809] RX< am] [151983][me0][me_core_thread:359]ME out fid 3090
[06:10:30.809] RX< [34m[AE] fid=3120,exp=10070,adg=288,Y=4667,mtg=180,shg=100,bgbv=1491,iso=288,cnv2,hdr0
[06:10:30.809] RX< [0m[6] [cam] [152975][dwp0][cpm_cb_dewarp_handle:1411]EIS: dewarp done frm=3120, buf_idx=0
[06:10:30.809] RX< [7] [cam] [152983][me0]
[06:10:31.793] RX< [me_core_thread:359]ME out fid 3120
[06:10:31.793] RX< [34m[ME INTP]fid=3120, shutter=10070, perf=3(us), max=680(us)!
[06:10:31.793] RX< [0m[34m[AE] fid=3150,exp=10070,adg=288,Y=4665,mtg=180,shg=100,bgbv=1491,iso=288,cnv2,hdr0
[06:10:31.793] RX< [0m[34m[b_ae0 proc] perf=403(us), max=583(us)!
[06:10:31.793] RX< [0m[34m[awb0
[06:10:32.791] RX<  proc] perf=1325(us), max=1635(us)!
[06:10:32.791] RX< [0m[7] [cam] [153983][me0][me_core_thread:359]ME out fid 3150
[06:10:32.791] RX< [32m[BE] fid=3150, perf=8567(us), max=8700(us)!
[06:10:32.791] RX< [0m[6] [App Dfs] f_index = 3150, f_len = 160523, cur_total_len = 6784784
[06:10:32.791] RX< [34m[AE] fid=3180,exp=10070,adg=2
[06:10:33.806] RX< 88,Y=4665,mtg=180,shg=100,bgbv=1491,iso=288,cnv2,hdr0
[06:10:33.806] RX< [0m[7] [cam] [154983][me0][me_core_thread:359]ME out fid 3180
[06:10:33.806] RX< [34m[AE] fid=3210,exp=10070,adg=288,Y=4692,mtg=180,shg=100,bgbv=1498,iso=288,cnv2,hdr0
[06:10:33.806] RX< [0m[7] [cam] [155983][me0][me_core_thread:359]ME o
[06:10:34.808] RX< ut fid 3210
[06:10:34.808] RX< [34m[AE] fid=3240,exp=10070,adg=288,Y=4682,mtg=180,shg=100,bgbv=1494,iso=288,cnv2,hdr0
[06:10:34.808] RX< [0m[34m[b_ae0 proc] perf=405(us), max=636(us)!
[06:10:34.808] RX< [0m[34m[awb0 proc] perf=1398(us), max=1609(us)!
[06:10:34.808] RX< [0m[7] [cam] [156982][me0][me_core_thread:359]ME out fi
[06:10:35.790] RX< d 3240
[06:10:35.790] RX< [34m[ME INTP]fid=3240, shutter=10070, perf=4(us), max=2408(us)!
[06:10:35.790] RX< [0m[32m[BE] fid=3240, perf=8567(us), max=8674(us)!
[06:10:35.790] RX< [0m[6] [App Dfs] f_index = 3240, f_len = 161099, cur_total_len = 6801135
[06:10:35.790] RX< [34m[AE] fid=3270,exp=10070,adg=288,Y=4695,mtg=180,shg=1
[06:10:37.792] RX< 00,bgbv=1498,iso=288,cnv2,hdr0
[06:10:37.792] RX< [0m[7] [cam] [157982][me0][me_core_thread:359]ME out fid 3270
[06:10:37.792] RX< [34m[AE] fid=3300,exp=10030,adg=288,Y=4684,mtg=180,shg=100,bgbv=1498,iso=288,cnv2,hdr0
[06:10:37.792] RX< [0m[7] [cam] [158982][me0][me_core_thread:359]ME out fid 3300
[06:10:38.144] RX< [34m[AE] fid=3330,exp=10030,adg=288,Y=4694,mtg=180,shg=100,bgbv=1502,iso=288,cnv2,hdr0
[06:10:38.144] RX< [0m[34m[b_ae0 proc] perf=596(us), max=736(us)!
[06:10:38.144] RX< [0m[34m[awb0 proc] perf=1339(us), max=1664(us)!
[06:10:38.144] RX< [0m[7] [cam] [159982][me0][me_core_thread:359]ME out fid 3330
[06:10:38.144] RX< [32m
[06:10:38.807] RX< [BE] fid=3330, perf=8563(us), max=8683(us)!
[06:10:38.807] RX< [0m[6] [App Dfs] f_index = 3330, f_len = 161024, cur_total_len = 6826814
[06:10:38.807] RX< [34m[AE] fid=3360,exp=10030,adg=288,Y=4680,mtg=180,shg=100,bgbv=1498,iso=288,cnv2,hdr0
[06:10:38.807] RX< [0m[6] [cam] [160974][dwp0][cpm_cb_dewarp_handle:
[06:10:39.790] RX< 1411]EIS: dewarp done frm=3360, buf_idx=0
[06:10:39.790] RX< [7] [cam] [160982][me0][me_core_thread:359]ME out fid 3360
[06:10:39.790] RX< [34m[ME INTP]fid=3360, shutter=10030, perf=4(us), max=2597(us)!
[06:10:39.790] RX< [0m[34m[AE] fid=3390,exp=10030,adg=288,Y=4661,mtg=180,shg=100,bgbv=1491,iso=288,cnv2,hdr
[06:10:40.792] RX< 0
[06:10:40.792] RX< [0m[7] [cam] [161982][me0][me_core_thread:359]ME out fid 3390
[06:10:40.792] RX< [34m[AE] fid=3420,exp=10030,adg=288,Y=4652,mtg=180,shg=100,bgbv=1491,iso=288,cnv2,hdr0
[06:10:40.792] RX< [0m[34m[b_ae0 proc] perf=403(us), max=643(us)!
[06:10:40.792] RX< [0m[34m[awb0 proc] perf=1323(us), max=1725(us)!
[06:10:40.792] RX< [0
[06:10:41.790] RX< m[7] [cam] [162982][me0][me_core_thread:359]ME out fid 3420
[06:10:41.790] RX< [32m[BE] fid=3420, perf=8576(us), max=8688(us)!
[06:10:41.790] RX< [0m[6] [App Dfs] f_index = 3420, f_len = 160367, cur_total_len = 6826664
[06:10:41.790] RX< [34m[AE] fid=3450,exp=10030,adg=288,Y=4654,mtg=180,shg=100,bgbv=1491,iso
[06:10:42.889] RX< =288,cnv2,hdr0
[06:10:42.889] RX< [0m[7] [cam] [163981][me0][me_core_thread:359]ME out fid 3450
[06:10:42.889] RX< [34m[AE] fid=3480,exp=10030,adg=288,Y=4662,mtg=180,shg=100,bgbv=1491,iso=288,cnv2,hdr0
[06:10:42.889] RX< [0m[7] [cam] [164981][me0][me_core_thread:359]ME out fid 3480
[06:10:42.889] RX< [34m[ME INTP]fid=3480, shu
[06:10:43.807] RX< tter=10030, perf=4(us), max=518(us)!
[06:10:43.807] RX< [0m[34m[AE] fid=3510,exp=10030,adg=288,Y=4651,mtg=180,shg=100,bgbv=1491,iso=288,cnv2,hdr0
[06:10:43.807] RX< [0m[34m[b_ae0 proc] perf=637(us), max=637(us)!
[06:10:43.807] RX< [0m[34m[awb0 proc] perf=1341(us), max=1603(us)!
[06:10:43.807] RX< [0m[7] [cam] [165981][me0]
[06:10:44.805] RX< [me_core_thread:359]ME out fid 3510
[06:10:44.805] RX< [32m[BE] fid=3510, perf=8708(us), max=8725(us)!
[06:10:44.805] RX< [0m[6] [App Dfs] f_index = 3510, f_len = 173441, cur_total_len = 6852572
[06:10:44.805] RX< [34m[AE] fid=3540,exp=10030,adg=288,Y=4655,mtg=180,shg=100,bgbv=1491,iso=288,cnv2,hdr0
[06:10:44.805] RX< [0m[7] [
[06:10:46.807] RX< cam] [166981][me0][me_core_thread:359]ME out fid 3540
[06:10:46.807] RX< [34m[AE] fid=3570,exp=10030,adg=288,Y=4662,mtg=180,shg=100,bgbv=1491,iso=288,cnv2,hdr0
[06:10:46.807] RX< [0m[7] [cam] [167981][me0][me_core_thread:359]ME out fid 3570
[06:10:46.807] RX< [34m[AE] fid=3600,exp=10070,adg=288,Y=4633,mtg=180
[06:10:46.807] RX< ,shg=100,bgbv=1483,iso=288,cnv2,hdr0
[06:10:46.807] RX< [0m[34m[b_ae0 proc] perf=396(us), max=659(us)!
[06:10:46.807] RX< [0m[34m[awb0 proc] perf=1317(us), max=1582(us)!
[06:10:46.807] RX< [0m[6] [cam] [168973][dwp0][cpm_cb_dewarp_handle:1411]EIS: dewarp done frm=3600, buf_idx=0
[06:10:46.807] RX< [7] [cam] [168981][me0][me_
[06:10:47.788] RX< core_thread:359]ME out fid 3600
[06:10:47.788] RX< [34m[ME INTP]fid=3600, shutter=10070, perf=4(us), max=2745(us)!
[06:10:47.788] RX< [0m[32m[BE] fid=3600, perf=8570(us), max=8708(us)!
[06:10:47.788] RX< [0m[6] [App Dfs] f_index = 3600, f_len = 162081, cur_total_len = 6810580
[06:10:47.788] RX< [34m[AE] fid=3630,exp=10070,adg
[06:10:48.804] RX< =288,Y=4645,mtg=180,shg=100,bgbv=1483,iso=288,cnv2,hdr0
[06:10:48.804] RX< [0m[7] [cam] [169981][me0][me_core_thread:359]ME out fid 3630
[06:10:48.804] RX< [34m[AE] fid=3660,exp=10070,adg=288,Y=4634,mtg=180,shg=100,bgbv=1479,iso=288,cnv2,hdr0
[06:10:48.804] RX< [0m[7] [cam] [170980][me0][me_core_thread:359]ME
[06:10:49.806] RX<  out fid 3660
[06:10:49.806] RX< [34m[AE] fid=3690,exp=10070,adg=288,Y=4632,mtg=180,shg=100,bgbv=1479,iso=288,cnv2,hdr0
[06:10:49.806] RX< [0m[34m[b_ae0 proc] perf=403(us), max=677(us)!
[06:10:49.806] RX< [0m[34m[awb0 proc] perf=1339(us), max=1741(us)!
[06:10:49.806] RX< [0m[7] [cam] [171980][me0][me_core_thread:359]ME out 
[06:10:50.804] RX< fid 3690
[06:10:50.804] RX< [32m[BE] fid=3690, perf=8710(us), max=8710(us)!
[06:10:50.804] RX< [0m[6] [App Dfs] f_index = 3690, f_len = 175156, cur_total_len = 6861121
[06:10:50.804] RX< [34m[AE] fid=3720,exp=10070,adg=288,Y=4627,mtg=180,shg=100,bgbv=1479,iso=288,cnv2,hdr0
[06:10:50.804] RX< [0m[7] [cam] [172980][me0][me_core_
[06:10:52.790] RX< thread:359]ME out fid 3720
[06:10:52.790] RX< [34m[ME INTP]fid=3720, shutter=10070, perf=3(us), max=2615(us)!
[06:10:52.790] RX< [0m[34m[AE] fid=3750,exp=10070,adg=288,Y=4635,mtg=180,shg=100,bgbv=1479,iso=288,cnv2,hdr0
[06:10:52.790] RX< [0m[7] [cam] [173980][me0][me_core_thread:359]ME out fid 3750
[06:10:52.790] RX< [34m[AE]
[06:10:53.142] RX<  fid=3780,exp=10070,adg=288,Y=4637,mtg=180,shg=100,bgbv=1479,iso=288,cnv2,hdr0
[06:10:53.142] RX< [0m[34m[b_ae0 proc] perf=577(us), max=743(us)!
[06:10:53.142] RX< [0m[34m[awb0 proc] perf=1341(us), max=1630(us)!
[06:10:53.142] RX< [0m[7] [cam] [174980][me0][me_core_thread:359]ME out fid 3780
[06:10:53.142] RX< [32m[BE] fid=
[06:10:53.804] RX< 3780, perf=8690(us), max=8710(us)!
[06:10:53.804] RX< [0m[6] [App Dfs] f_index = 3780, f_len = 174976, cur_total_len = 6824220
[06:10:53.804] RX< [34m[AE] fid=3810,exp=10070,adg=288,Y=4632,mtg=180,shg=100,bgbv=1479,iso=288,cnv2,hdr0
[06:10:53.804] RX< [0m[7] [cam] [175980][me0][me_core_thread:359]ME out fid 3
[06:10:54.887] RX< 810
[06:10:54.887] RX< [34m[AE] fid=3840,exp=10070,adg=288,Y=4633,mtg=180,shg=100,bgbv=1479,iso=288,cnv2,hdr0
[06:10:54.887] RX< [0m[6] [cam] [176971][dwp0][cpm_cb_dewarp_handle:1411]EIS: dewarp done frm=3840, buf_idx=0
[06:10:54.887] RX< [7] [cam] [176980][me0][me_core_thread:359]ME out fid 3840
[06:10:54.887] RX< [34m[ME INTP
[06:10:55.790] RX< ]fid=3840, shutter=10070, perf=4(us), max=2465(us)!
[06:10:55.790] RX< [0m[34m[AE] fid=3870,exp=10070,adg=288,Y=4641,mtg=180,shg=100,bgbv=1483,iso=288,cnv2,hdr0
[06:10:55.790] RX< [0m[34m[b_ae0 proc] perf=404(us), max=657(us)!
[06:10:55.790] RX< [0m[34m[awb0 proc] perf=1475(us), max=1788(us)!
[06:10:55.790] RX< [0m[7] [cam
[06:10:56.787] RX< ] [177980][me0][me_core_thread:359]ME out fid 3870
[06:10:56.787] RX< [32m[BE] fid=3870, perf=8684(us), max=8690(us)!
[06:10:56.787] RX< [0m[6] [App Dfs] f_index = 3870, f_len = 174578, cur_total_len = 6849524
[06:10:56.787] RX< [34m[AE] fid=3900,exp=10070,adg=288,Y=4635,mtg=180,shg=100,bgbv=1479,iso=288,cnv2
[06:10:58.788] RX< ,hdr0
[06:10:58.788] RX< [0m[7] [cam] [178979][me0][me_core_thread:359]ME out fid 3900
[06:10:58.788] RX< [34m[AE] fid=3930,exp=10070,adg=288,Y=4647,mtg=180,shg=100,bgbv=1483,iso=288,cnv2,hdr0
[06:10:58.788] RX< [0m[7] [cam] [179979][me0][me_core_thread:359]ME out fid 3930
[06:10:58.886] RX< [34m[AE] fid=3960,exp=10070,adg=288,Y=4648,mtg=180,shg=100,bgbv=1483,iso=288,cnv2,hdr0
[06:10:58.886] RX< [0m[34m[b_ae0 proc] perf=668(us), max=684(us)!
[06:10:58.886] RX< [0m[34m[awb0 proc] perf=1340(us), max=1577(us)!
[06:10:58.886] RX< [0m[7] [cam] [180979][me0][me_core_thread:359]ME out fid 3960
[06:10:58.886] RX< [34m
[06:10:59.787] RX< [ME INTP]fid=3960, shutter=10070, perf=4(us), max=2082(us)!
[06:10:59.787] RX< [0m[32m[BE] fid=3960, perf=8698(us), max=8698(us)!
[06:10:59.787] RX< [0m[6] [App Dfs] f_index = 3960, f_len = 175680, cur_total_len = 6952068
[06:10:59.787] RX< [34m[AE] fid=3990,exp=10070,adg=288,Y=4645,mtg=180,shg=100,bgbv=1483
[06:11:01.788] RX< ,iso=288,cnv2,hdr0
[06:11:01.788] RX< [0m[7] [cam] [181979][me0][me_core_thread:359]ME out fid 3990
[06:11:01.788] RX< [34m[AE] fid=4020,exp=10070,adg=288,Y=4647,mtg=180,shg=100,bgbv=1483,iso=288,cnv2,hdr0
[06:11:01.788] RX< [0m[7] [cam] [182979][me0][me_core_thread:359]ME out fid 4020
[06:11:01.788] RX< [34m[AE] fid=4050,exp=
[06:11:02.141] RX< 10070,adg=288,Y=4662,mtg=180,shg=100,bgbv=1487,iso=288,cnv2,hdr0
[06:11:02.141] RX< [0m[34m[b_ae0 proc] perf=412(us), max=668(us)!
[06:11:02.141] RX< [0m[34m[awb0 proc] perf=1340(us), max=1767(us)!
[06:11:02.141] RX< [0m[7] [cam] [183979][me0][me_core_thread:359]ME out fid 4050
[06:11:02.141] RX< [32m[BE] fid=4050, perf=868
[06:11:02.804] RX< 5(us), max=8705(us)!
[06:11:02.804] RX< [0m[6] [App Dfs] f_index = 4050, f_len = 173893, cur_total_len = 6915884
[06:11:02.804] RX< [34m[AE] fid=4080,exp=10070,adg=288,Y=4650,mtg=180,shg=100,bgbv=1487,iso=288,cnv2,hdr0
[06:11:02.804] RX< [0m[6] [cam] [184970][dwp0][cpm_cb_dewarp_handle:1411]EIS: dewarp done f
[06:11:03.802] RX< rm=4080, buf_idx=0
[06:11:03.802] RX< [7] [cam] [184979][me0][me_core_thread:359]ME out fid 4080
[06:11:03.802] RX< [34m[ME INTP]fid=4080, shutter=10070, perf=2521(us), max=2948(us)!
[06:11:03.802] RX< [0m[34m[AE] fid=4110,exp=10070,adg=288,Y=4671,mtg=180,shg=100,bgbv=1491,iso=288,cnv2,hdr0
[06:11:03.802] RX< [0m[7] [cam] [185
[06:11:04.804] RX< 978][me0][me_core_thread:359]ME out fid 4110
[06:11:04.804] RX< [34m[AE] fid=4140,exp=10070,adg=288,Y=4695,mtg=180,shg=100,bgbv=1498,iso=288,cnv2,hdr0
[06:11:04.804] RX< [0m[34m[b_ae0 proc] perf=405(us), max=697(us)!
[06:11:04.804] RX< [0m[34m[awb0 proc] perf=1388(us), max=1620(us)!
[06:11:04.804] RX< [0m[7] [cam] [186978][
[06:11:05.802] RX< me0][me_core_thread:359]ME out fid 4140
[06:11:05.802] RX< [32m[BE] fid=4140, perf=8551(us), max=8685(us)!
[06:11:05.802] RX< [0m[6] [App Dfs] f_index = 4140, f_len = 161668, cur_total_len = 6821499
[06:11:05.802] RX< [34m[AE] fid=4170,exp=10070,adg=288,Y=4681,mtg=180,shg=100,bgbv=1494,iso=288,cnv2,hdr0
[06:11:05.802] RX< [0m[
[06:11:06.885] RX< 7] [cam] [187978][me0][me_core_thread:359]ME out fid 4170
[06:11:06.885] RX< [34m[AE] fid=4200,exp=10070,adg=288,Y=4680,mtg=180,shg=100,bgbv=1494,iso=288,cnv2,hdr0
[06:11:06.885] RX< [0m[7] [cam] [188978][me0][me_core_thread:359]ME out fid 4200
[06:11:06.885] RX< [34m[ME INTP]fid=4200, shutter=10070, perf=4(u
[06:11:07.803] RX< s), max=2844(us)!
[06:11:07.803] RX< [0m[34m[AE] fid=4230,exp=10070,adg=288,Y=4684,mtg=180,shg=100,bgbv=1494,iso=288,cnv2,hdr0
[06:11:07.803] RX< [0m[34m[b_ae0 proc] perf=403(us), max=643(us)!
[06:11:07.803] RX< [0m[34m[awb0 proc] perf=1338(us), max=1593(us)!
[06:11:07.803] RX< [0m[7] [cam] [189978][me0][me_core_thread:359
[06:11:08.801] RX< ]ME out fid 4230
[06:11:08.801] RX< [32m[BE] fid=4230, perf=8546(us), max=8682(us)!
[06:11:08.801] RX< [0m[6] [App Dfs] f_index = 4230, f_len = 160963, cur_total_len = 6815694
[06:11:08.801] RX< [34m[AE] fid=4260,exp=10070,adg=288,Y=4682,mtg=180,shg=100,bgbv=1494,iso=288,cnv2,hdr0
[06:11:08.801] RX< [0m[7] [cam] [190978][me0][
[06:11:10.802] RX< me_core_thread:359]ME out fid 4260
[06:11:10.802] RX< [34m[AE] fid=4290,exp=10070,adg=288,Y=4684,mtg=180,shg=100,bgbv=1494,iso=288,cnv2,hdr0
[06:11:10.802] RX< [0m[7] [cam] [191978][me0][me_core_thread:359]ME out fid 4290
[06:11:10.803] RX< [34m[AE] fid=4320,exp=10070,adg=288,Y=4675,mtg=180,shg=100,bgbv=1494,iso=288,cnv2,hdr0
[06:11:10.803] RX< [0m[34m[b_ae0 proc] perf=411(us), max=659(us)!
[06:11:10.803] RX< [0m[34m[awb0 proc] perf=1412(us), max=1658(us)!
[06:11:10.803] RX< [0m[6] [cam] [192969][dwp0][cpm_cb_dewarp_handle:1411]EIS: dewarp d
[06:11:11.164] RX< one frm=4320, buf_idx=0
[06:11:11.164] RX< [7] [cam] [192977][me0][me_core_thread:359]ME out fid 4320
[06:11:11.164] RX< [34m[ME INTP]fid=4320, shutter=10070, perf=3(us), max=513(us)!
[06:11:11.164] RX< [0m[32m[BE] fid=4320, perf=8694(us), max=8694(us)!
[06:11:11.164] RX< [0m[6] [App Dfs] f_index = 4320, f_len = 174267, cur_to
[06:11:12.784] RX< tal_len = 6931244
[06:11:12.784] RX< [34m[AE] fid=4350,exp=10070,adg=288,Y=4680,mtg=180,shg=100,bgbv=1494,iso=288,cnv2,hdr0
[06:11:12.784] RX< [0m[7] [cam] [193977][me0][me_core_thread:359]ME out fid 4350
[06:11:12.784] RX< [34m[AE] fid=4380,exp=10070,adg=288,Y=4671,mtg=180,shg=100,bgbv=1491,iso=288,cnv2,hdr0
[06:11:13.787] RX< 
[06:11:13.787] RX< [0m[7] [cam] [194977][me0][me_core_thread:359]ME out fid 4380
[06:11:13.787] RX< [34m[AE] fid=4410,exp=10070,adg=288,Y=4675,mtg=180,shg=100,bgbv=1494,iso=288,cnv2,hdr0
[06:11:13.787] RX< [0m[34m[b_ae0 proc] perf=417(us), max=638(us)!
[06:11:13.787] RX< [0m[34m[awb0 proc] perf=1320(us), max=1613(us)!
[06:11:13.787] RX< [0m
[06:11:14.785] RX< [7] [cam] [195977][me0][me_core_thread:359]ME out fid 4410
[06:11:14.785] RX< [32m[BE] fid=4410, perf=8685(us), max=8694(us)!
[06:11:14.785] RX< [0m[6] [App Dfs] f_index = 4410, f_len = 174290, cur_total_len = 6827995
[06:11:14.785] RX< [34m[AE] fid=4440,exp=10070,adg=288,Y=4671,mtg=180,shg=100,bgbv=1491,iso=
[06:11:15.800] RX< 288,cnv2,hdr0
[06:11:15.800] RX< [0m[7] [cam] [196977][me0][me_core_thread:359]ME out fid 4440
[06:11:15.800] RX< [34m[ME INTP]fid=4440, shutter=10070, perf=4(us), max=661(us)!
[06:11:15.800] RX< [0m[34m[AE] fid=4470,exp=10070,adg=288,Y=4666,mtg=180,shg=100,bgbv=1491,iso=288,cnv2,hdr0
[06:11:15.800] RX< [0m[7] [cam] [197977][
[06:11:16.802] RX< me0][me_core_thread:359]ME out fid 4470
[06:11:16.802] RX< [34m[AE] fid=4500,exp=10070,adg=288,Y=4662,mtg=180,shg=100,bgbv=1487,iso=288,cnv2,hdr0
[06:11:16.802] RX< [0m[34m[b_ae0 proc] perf=633(us), max=695(us)!
[06:11:16.802] RX< [0m[34m[awb0 proc] perf=1345(us), max=1826(us)!
[06:11:16.802] RX< [0m[7] [cam] [198977][me0][
[06:11:17.800] RX< me_core_thread:359]ME out fid 4500
[06:11:17.800] RX< [32m[BE] fid=4500, perf=8584(us), max=8685(us)!
[06:11:17.800] RX< [0m[6] [App Dfs] f_index = 4500, f_len = 162159, cur_total_len = 6832461
[06:11:17.800] RX< [34m[AE] fid=4530,exp=10070,adg=288,Y=4664,mtg=180,shg=100,bgbv=1491,iso=288,cnv2,hdr0
[06:11:17.800] RX< [0m[7] [c
[06:11:18.801] RX< am] [199977][me0][me_core_thread:359]ME out fid 4530
[06:11:18.801] RX< [34m[AE] fid=4560,exp=10070,adg=288,Y=4656,mtg=180,shg=100,bgbv=1487,iso=288,cnv2,hdr0
[06:11:18.801] RX< [0m[6] [cam] [200968][dwp0][cpm_cb_dewarp_handle:1411]EIS: dewarp done frm=4560, buf_idx=0
[06:11:18.801] RX< [7] [cam] [200976][me0]
[06:11:19.786] RX< [me_core_thread:359]ME out fid 4560
[06:11:19.786] RX< [34m[ME INTP]fid=4560, shutter=10070, perf=3(us), max=621(us)!
[06:11:19.786] RX< [0m[34m[AE] fid=4590,exp=10070,adg=288,Y=4662,mtg=180,shg=100,bgbv=1487,iso=288,cnv2,hdr0
[06:11:19.786] RX< [0m[34m[b_ae0 proc] perf=404(us), max=643(us)!
[06:11:19.786] RX< [0m[34m[awb0
[06:11:20.783] RX<  proc] perf=1531(us), max=1604(us)!
[06:11:20.783] RX< [0m[7] [cam] [201976][me0][me_core_thread:359]ME out fid 4590
[06:11:20.783] RX< [32m[BE] fid=4590, perf=8688(us), max=8725(us)!
[06:11:20.783] RX< [0m[6] [App Dfs] f_index = 4590, f_len = 173365, cur_total_len = 6872197
[06:11:20.783] RX< [34m[AE] fid=4620,exp=10070,adg=2
[06:11:21.799] RX< 88,Y=4667,mtg=180,shg=100,bgbv=1491,iso=288,cnv2,hdr0
[06:11:21.799] RX< [0m[7] [cam] [202976][me0][me_core_thread:359]ME out fid 4620
[06:11:21.799] RX< [34m[AE] fid=4650,exp=10070,adg=288,Y=4674,mtg=180,shg=100,bgbv=1491,iso=288,cnv2,hdr0
[06:11:21.799] RX< [0m[7] [cam] [203976][me0][me_core_thread:359]ME o
[06:11:22.802] RX< ut fid 4650
[06:11:22.802] RX< [34m[AE] fid=4680,exp=10070,adg=288,Y=4664,mtg=180,shg=100,bgbv=1491,iso=288,cnv2,hdr0
[06:11:22.802] RX< [0m[34m[b_ae0 proc] perf=404(us), max=1029(us)!
[06:11:22.802] RX< [0m[34m[awb0 proc] perf=1341(us), max=1744(us)!
[06:11:22.802] RX< [0m[7] [cam] [204976][me0][me_core_thread:359]ME out f
[06:11:23.783] RX< id 4680
[06:11:23.783] RX< [34m[ME INTP]fid=4680, shutter=10070, perf=4(us), max=463(us)!
[06:11:23.783] RX< [0m[32m[BE] fid=4680, perf=8724(us), max=8724(us)!
[06:11:23.783] RX< [0m[6] [App Dfs] f_index = 4680, f_len = 174605, cur_total_len = 6832453
[06:11:23.783] RX< [34m[AE] fid=4710,exp=10070,adg=288,Y=4674,mtg=180,shg=1
[06:11:25.784] RX< 00,bgbv=1491,iso=288,cnv2,hdr0
[06:11:25.784] RX< [0m[7] [cam] [205976][me0][me_core_thread:359]ME out fid 4710
[06:11:25.784] RX< [34m[AE] fid=4740,exp=10070,adg=288,Y=4665,mtg=180,shg=100,bgbv=1491,iso=288,cnv2,hdr0
[06:11:25.784] RX< [0m[7] [cam] [206976][me0][me_core_thread:359]ME out fid 4740
[06:11:25.784] RX< [34m[AE] f
[06:11:26.137] RX< id=4770,exp=10070,adg=288,Y=4667,mtg=180,shg=100,bgbv=1491,iso=288,cnv2,hdr0
[06:11:26.137] RX< [0m[34m[b_ae0 proc] perf=413(us), max=643(us)!
[06:11:26.137] RX< [0m[34m[awb0 proc] perf=1389(us), max=1593(us)!
[06:11:26.137] RX< [0m[7] [cam] [207975][me0][me_core_thread:359]ME out fid 4770
[06:11:26.137] RX< [32m[BE] fid=47
[06:11:26.801] RX< 70, perf=8707(us), max=8724(us)!
[06:11:26.801] RX< [0m[6] [App Dfs] f_index = 4770, f_len = 174389, cur_total_len = 6855344
[06:11:26.801] RX< [34m[AE] fid=4800,exp=10070,adg=288,Y=4657,mtg=180,shg=100,bgbv=1487,iso=288,cnv2,hdr0
[06:11:26.801] RX< [0m[6] [cam] [208967][dwp0][cpm_cb_dewarp_handle:1411]EIS: d
[06:11:27.798] RX< ewarp done frm=4800, buf_idx=0
[06:11:27.798] RX< [7] [cam] [208975][me0][me_core_thread:359]ME out fid 4800
[06:11:27.798] RX< [34m[ME INTP]fid=4800, shutter=10070, perf=3(us), max=1358(us)!
[06:11:27.798] RX< [0m[34m[AE] fid=4830,exp=10070,adg=288,Y=4654,mtg=180,shg=100,bgbv=1487,iso=288,cnv2,hdr0
[06:11:27.798] RX< [0m[7] [
[06:11:28.800] RX< cam] [209975][me0][me_core_thread:359]ME out fid 4830
[06:11:28.800] RX< [34m[AE] fid=4860,exp=10070,adg=288,Y=4639,mtg=180,shg=100,bgbv=1483,iso=288,cnv2,hdr0
[06:11:28.800] RX< [0m[34m[b_ae0 proc] perf=463(us), max=719(us)!
[06:11:28.800] RX< [0m[34m[awb0 proc] perf=1333(us), max=1676(us)!
[06:11:28.800] RX< [0m[7] [cam] 
[06:11:29.782] RX< [210975][me0][me_core_thread:359]ME out fid 4860
[06:11:29.782] RX< [32m[BE] fid=4860, perf=8701(us), max=8707(us)!
[06:11:29.782] RX< [0m[6] [App Dfs] f_index = 4860, f_len = 174323, cur_total_len = 6818435
[06:11:29.782] RX< [34m[AE] fid=4890,exp=10070,adg=288,Y=4630,mtg=180,shg=100,bgbv=1479,iso=288,cnv2,h
[06:11:30.882] RX< dr0
[06:11:30.882] RX< [0m[7] [cam] [211975][me0][me_core_thread:359]ME out fid 4890
[06:11:30.882] RX< [34m[AE] fid=4920,exp=10070,adg=288,Y=4642,mtg=180,shg=100,bgbv=1483,iso=288,cnv2,hdr0
[06:11:30.882] RX< [0m[7] [cam] [212975][me0][me_core_thread:359]ME out fid 4920
[06:11:30.882] RX< [34m[ME INTP]fid=4920, shutter=10070,
[06:11:31.800] RX<  perf=3(us), max=2671(us)!
[06:11:31.800] RX< [0m[34m[AE] fid=4950,exp=10070,adg=288,Y=4657,mtg=180,shg=100,bgbv=1487,iso=288,cnv2,hdr0
[06:11:31.800] RX< [0m[34m[b_ae0 proc] perf=585(us), max=643(us)!
[06:11:31.800] RX< [0m[34m[awb0 proc] perf=1516(us), max=1671(us)!
[06:11:31.800] RX< [0m[7] [cam] [213975][me0][me_core_t
[06:11:32.798] RX< hread:359]ME out fid 4950
[06:11:32.798] RX< [32m[BE] fid=4950, perf=8702(us), max=8702(us)!
[06:11:32.798] RX< [0m[6] [App Dfs] f_index = 4950, f_len = 174335, cur_total_len = 6816486
[06:11:32.798] RX< [34m[AE] fid=4980,exp=10070,adg=288,Y=4657,mtg=180,shg=100,bgbv=1487,iso=288,cnv2,hdr0
[06:11:32.798] RX< [0m[7] [cam] [2149
[06:11:34.799] RX< 74][me0][me_core_thread:359]ME out fid 4980
[06:11:34.799] RX< [34m[AE] fid=5010,exp=10070,adg=288,Y=4655,mtg=180,shg=100,bgbv=1487,iso=288,cnv2,hdr0
[06:11:34.799] RX< [0m[7] [cam] [215974][me0][me_core_thread:359]ME out fid 5010
[06:11:34.799] RX< [34m[AE] fid=5040,exp=10070,adg=288,Y=4639,mtg=180,shg=100,b
[06:11:34.800] RX< gbv=1483,iso=288,cnv2,hdr0
[06:11:34.800] RX< [0m[34m[b_ae0 proc] perf=410(us), max=642(us)!
[06:11:34.800] RX< [0m[34m[awb0 proc] perf=1390(us), max=1686(us)!
[06:11:34.800] RX< [0m[6] [cam] [216966][dwp0][cpm_cb_dewarp_handle:1411]EIS: dewarp done frm=5040, buf_idx=0
[06:11:34.800] RX< [7] [cam] [216974][me0][me_core_threa
[06:11:35.782] RX< d:359]ME out fid 5040
[06:11:35.782] RX< [34m[ME INTP]fid=5040, shutter=10070, perf=4(us), max=2702(us)!
[06:11:35.782] RX< [0m[32m[BE] fid=5040, perf=8554(us), max=8702(us)!
[06:11:35.782] RX< [0m[6] [App Dfs] f_index = 5040, f_len = 160777, cur_total_len = 6804871
[06:11:35.782] RX< [34m[AE] fid=5070,exp=10070,adg=288,Y=464
[06:11:36.797] RX< 9,mtg=180,shg=100,bgbv=1483,iso=288,cnv2,hdr0
[06:11:36.797] RX< [0m[7] [cam] [217974][me0][me_core_thread:359]ME out fid 5070
[06:11:36.797] RX< [34m[AE] fid=5100,exp=10070,adg=288,Y=4655,mtg=180,shg=100,bgbv=1487,iso=288,cnv2,hdr0
[06:11:36.797] RX< [0m[7] [cam] [218974][me0][me_core_thread:359]ME out fid 5
[06:11:38.135] RX< 100
[06:11:38.135] RX< [34m[AE] fid=5130,exp=10070,adg=288,Y=4670,mtg=180,shg=100,bgbv=1491,iso=288,cnv2,hdr0
[06:11:38.135] RX< [0m[34m[b_ae0 proc] perf=441(us), max=636(us)!
[06:11:38.135] RX< [0m[34m[awb0 proc] perf=1346(us), max=1732(us)!
[06:11:38.135] RX< [0m[7] [cam] [219974][me0][me_core_thread:359]ME out fid 5130
[06:11:38.135] RX< 
[06:11:38.796] RX< [32m[BE] fid=5130, perf=8701(us), max=8701(us)!
[06:11:38.796] RX< [0m[6] [App Dfs] f_index = 5130, f_len = 174006, cur_total_len = 6855919
[06:11:38.796] RX< [34m[AE] fid=5160,exp=10070,adg=288,Y=4672,mtg=180,shg=100,bgbv=1491,iso=288,cnv2,hdr0
[06:11:38.796] RX< [0m[7] [cam] [220974][me0][me_core_thread:359
[06:11:40.782] RX< ]ME out fid 5160
[06:11:40.782] RX< [34m[ME INTP]fid=5160, shutter=10070, perf=4(us), max=484(us)!
[06:11:40.782] RX< [0m[34m[AE] fid=5190,exp=10070,adg=288,Y=4666,mtg=180,shg=100,bgbv=1491,iso=288,cnv2,hdr0
[06:11:40.782] RX< [0m[7] [cam] [221974][me0][me_core_thread:359]ME out fid 5190
[06:11:40.782] RX< [34m[AE] fid=5220,e
[06:11:41.134] RX< xp=10070,adg=288,Y=4673,mtg=180,shg=100,bgbv=1491,iso=288,cnv2,hdr0
[06:11:41.134] RX< [0m[34m[b_ae0 proc] perf=404(us), max=644(us)!
[06:11:41.134] RX< [0m[34m[awb0 proc] perf=1324(us), max=1716(us)!
[06:11:41.134] RX< [0m[7] [cam] [222973][me0][me_core_thread:359]ME out fid 5220
[06:11:41.134] RX< [32m[BE] fid=5220, perf=
[06:11:42.798] RX< 8540(us), max=8702(us)!
[06:11:42.798] RX< [0m[6] [App Dfs] f_index = 5220, f_len = 161665, cur_total_len = 6812340
[06:11:42.798] RX< [34m[AE] fid=5250,exp=10070,adg=288,Y=4675,mtg=180,shg=100,bgbv=1494,iso=288,cnv2,hdr0
[06:11:42.798] RX< [0m[7] [cam] [223973][me0][me_core_thread:359]ME out fid 5250
[06:11:42.798] RX< [34m[A
[06:11:42.880] RX< E] fid=5280,exp=10070,adg=288,Y=4670,mtg=180,shg=100,bgbv=1491,iso=288,cnv2,hdr0
[06:11:42.880] RX< [0m[6] [cam] [224965][dwp0][cpm_cb_dewarp_handle:1411]EIS: dewarp done frm=5280, buf_idx=0
[06:11:42.880] RX< [7] [cam] [224973][me0][me_core_thread:359]ME out fid 5280
[06:11:42.880] RX< [34m[ME INTP]fid=5280, 
[06:11:43.798] RX< shutter=10070, perf=3(us), max=1193(us)!
[06:11:43.798] RX< [0m[34m[AE] fid=5310,exp=10070,adg=288,Y=4670,mtg=180,shg=100,bgbv=1491,iso=288,cnv2,hdr0
[06:11:43.798] RX< [0m[34m[b_ae0 proc] perf=404(us), max=688(us)!
[06:11:43.798] RX< [0m[34m[awb0 proc] perf=1387(us), max=1935(us)!
[06:11:43.798] RX< [0m[7] [cam] [225973][
[06:11:44.796] RX< me0][me_core_thread:359]ME out fid 5310
[06:11:44.796] RX< [32m[BE] fid=5310, perf=8601(us), max=8697(us)!
[06:11:44.796] RX< [0m[6] [App Dfs] f_index = 5310, f_len = 161735, cur_total_len = 6814854
[06:11:44.796] RX< [34m[AE] fid=5340,exp=10070,adg=288,Y=4665,mtg=180,shg=100,bgbv=1491,iso=288,cnv2,hdr0
[06:11:44.796] RX< [0m[
[06:11:46.627] TX> dfs_video_stop
[06:11:46.649] RX< 7] [cam] [226973][me0][me_core_thread:359]ME out fid 5340
[06:11:46.649] RX< [34m[AE] fid=5370,exp=10070,adg=288,Y=4667,mtg=180,shg=100,bgbv=1491,iso=288,cnv2,hdr0
[06:11:46.649] RX< [0m[7] [cam] [227973][me0][me_core_thread:359]ME out fid 5370
[06:11:46.649] RX< dfs_video_stop
[06:11:46.649] RX< msh /emmc>[6] [App Dfs]  Gravity
[06:11:46.650] RX< _XR Record Stop Success: total frames = 5386
[06:11:46.650] RX< [6] [cam] [228823][DfsSend][sensor_stream_off:1188]sensor [1]: stream_off
[06:11:46.650] RX< [6] [cam] [228823][DfsSend][sensor_stream_off:1217]sensor [1]: REG: 0x100, W:0x0.
[06:11:46.650] RX< [6] [cam] [228824][DfsSend][sensor_stream_off:1219]sen
[06:11:46.661] RX< sor [1]: REG: 0x100, R:0x0.
[06:11:46.661] RX< [6] [cam] [228848][DfsSend][csc_prv_stop:983]ok! phys_id[1], phys_num[1], stop_type = 0
[06:11:46.661] RX< [6] [cam] [228848][DfsSend][cam_stop:1058]preview stop ok! logic_id[0]
[06:11:46.661] RX< [34m[cam stop] perf=25819(us)!
[06:11:46.661] RX< [0m[6] [App Cam] cam stop success
[06:11:46.662] RX< Total of 5387 frames encoded, 408704179 bytes, max_workbuffer_used: 3493888 bytes
[06:11:46.662] RX< [6] [App Cam] hevc_encoder_deinit success
[06:11:46.662] RX< [7] [cam] [228851][DfsSend][cam_cpm_core_power_off:467]id,0 type,1 ret 0
[06:11:46.662] RX< [6] [cam] [228851][sif0][sif_irq_proc:174]thread release c
[06:11:46.664] RX< id,0
[06:11:46.664] RX< [6] [cam] [228852][DfsSend][cam_sif_mgr_deinit:316]X
[06:11:46.664] RX< [6] [cam] [228852][DfsSend][cam_deinit:887]deinit ok! logic_id[0]
[06:11:46.664] RX< [34m[cam deinit] perf=1320(us)!
[06:11:46.664] RX< [0m[6] [App Cam] cam deinit success
[06:11:46.664] RX< [6] [cam] [228853][DfsSend][sensor_close:1292]sensor [1]: cl
[06:11:46.667] RX< ose!
[06:11:46.667] RX< [6] [cam] [228854][DfsSend][cam_dewarp_deinit:438]dewarp deinit, id=0
[06:11:46.667] RX< [6] [cam] [228854][dwp0][dewarp_thread_entry:174]dewarp thread exit signal, id=0
[06:11:46.667] RX< [6] [cam] [228854][dwp0][dewarp_thread_entry:276]dewarp thread exit, id=0
[06:11:46.667] RX< [6] [cam] [228854][DfsSe
[06:11:46.667] RX< nd][cam_bm_core_deinit:136]X
[06:11:46.667] RX< [6] [cam] [228855][be0][be_core_irq_proc:329]thread release cid,0
[06:11:46.667] RX< [6] [cam] [228855][DfsSend][cam_be_core_deinit:793]X
[06:11:46.667] RX< [6] [cam] [228856][me0][me_core_thread:404]thread release cid,0
[06:11:46.667] RX< [6] [cam] [228856][DfsSend][cam_me_core_de
[06:11:46.670] RX< init:1551]X
[06:11:46.670] RX< [6] [cam] [228856][fe0][fe_core_irq_proc:121]thread release cid,0
[06:11:46.670] RX< [6] [cam] [228856][DfsSend][cam_fe_core_deinit:536]X
[06:11:46.670] RX< [6] [cam] [228857][b_3a_sts][bayer_stats_core_irq_proc:193]thread release cid,0
[06:11:46.670] RX< [6] [cam] [228857][DfsSend][cam_bayer_stats
[06:11:46.670] RX< _core_deinit:512]X
[06:11:46.670] RX< [6] [cam] [228858][b_ae0][a5_core_wrapper_task:315]thread release cid,0,algo,0
[06:11:46.670] RX< [6] [cam] [228858][DfsSend][bayer_ae_wrapper_deinit:204]X
[06:11:46.670] RX< [6] [cam] [228859][atf0][a5_core_wrapper_task:315]thread release cid,0,algo,1
[06:11:46.670] RX< [6] [cam] [228859][D
[06:11:46.672] RX< fsSend][atf_wrapper_deinit:153]X
[06:11:46.672] RX< [6] [cam] [228859][awb0][a5_core_wrapper_task:315]thread release cid,0,algo,2
[06:11:46.672] RX< [6] [cam] [228859][DfsSend][awb_wrapper_deinit:153]X
[06:11:46.672] RX< [6] [cam] [228860][DfsSend][cam_5a_core_deinit:555]X
[06:11:46.672] RX< [6] [cam] [228860][DfsSend][cam_5a_in
[06:11:46.673] RX< f_deinit:149]X
[06:11:46.673] RX< [6] [cam] [228861][qpc0][qpc_core_msg_proc:705]thread release cid,0
[06:11:46.673] RX< [6] [cam] [228861][DfsSend][qpc_core_deinit:1413]X
[06:11:46.673] RX< [6] [cam] [228861][DfsSend][cam_cpm_core_deinit:1248]X
[06:11:46.673] RX< [6] [cam] [228861][DfsSend][csc_close:656]ok! phys_id[1], phys_nu
[06:11:46.682] RX< m[1]
[06:11:46.682] RX< [7] [cam] [228862][cer0][cer_recovery_proc:352]msg type = 254
[06:11:46.682] RX< [6] [cam] [228862][cer0][cer_recovery_proc:454]thread release cid,0
[06:11:46.682] RX< [6] [cam] [228863][DfsSend][cer_deinit:560]X
[06:11:46.682] RX< [6] [cam] [228863][DfsSend][cam_close:789]close ok! logic_id[0]
[06:11:46.682] RX< [34m[cam
[06:11:46.683] RX<  close] perf=10494(us)!
[06:11:46.683] RX< [0m[6] [App Cam] cam close success
[06:11:46.683] RX< [6] [cam] [228864][cpl0][cam_prelude_proc_routine:136]thread release
[06:11:46.683] RX< [6] [cam] [228864][DfsSend][cam_exit:571]exit ok!
[06:11:46.683] RX< [34m[cam exit] perf=663(us)!
[06:11:46.683] RX< [0m[6] [App Cam] cam exit success
[06:11:46.683] RX< [6] [App 
[06:11:48.685] RX< Dfs] Save Video Successful: /emmc/VIDEO/20260101_000048_8438/Video_8438_0.h265
[06:11:48.685] RX< [6] [App Dfs] Save Imu Successful: /emmc/VIDEO/20260101_000048_8438/Imu_8438.bin
[06:11:48.685] RX< [6] [App Dfs] Video recording completed successfully.
[06:14:55.762] TX> rtmp_video_start rtmp://192.168.1.89/live/cam
[06:14:55.978] RX< rtmp_video_start rtmp://192.168.1.89/live/cam
[06:14:55.978] RX< [7] [cam] [418165][tshell][cgm_parse_bin:104]total logical camera num: 1
[06:14:55.978] RX< [6] [cam] [418165][tshell][cam_prelude_create:187]E id, 0
[06:14:55.978] RX< [7] [cam] [418166][cpl0][cam_prelude_proc_routine:101]thread start
[06:14:55.978] RX< [6] [cam] [
[06:14:55.978] RX< 418166][tshell][cam_prelude_create:214]X ctx size 132 addr 0x884de500
[06:14:55.978] RX< [6] [cam] [418170][tshell][sensor_probe:418]sensor [1]: identifing 0 success.
[06:14:55.978] RX< [6] [cam] [418171][tshell][sensor_probe:441]sensor [1]: probe exit!
[06:14:55.978] RX< [6] [cam] [418171][tshell][cam_prelude_
[06:14:55.981] RX< fast_probe:251]cam: 0 probe result: 0
[06:14:55.981] RX< [6] [cam] [418172][tshell][cgm_parse_bin:218]cam(0) probe success
[06:14:55.981] RX< [6] [cam] [418172][tshell][cam_entry:455]entry ok
[06:14:55.981] RX< [34m[cam entry] perf=7520(us)!
[06:14:55.981] RX< [0m[6] [App Cam] cam entry success
[06:14:55.981] RX< [7] [cam] [418173][tshell][cam_
[06:14:55.981] RX< solve_layout:350][mLayout] param OK, scen3 iw4032 ih2268 ow2304 oh1296 gdc 0x2
[06:14:55.981] RX< [36m[mLayout] scen03 in=4032x2268,out=1296x2304 meRot1 stripe0 gdcOn0
[06:14:55.981] RX< [0m[36m[mLayout] scen03 14entries solved status=OK retry=0 rtmp=enabled (cursor0=0x8a018210 cursor1=0x8
[06:14:55.984] RX< 9300000, ch0/1/2 cnt=5/1/1)
[06:14:55.984] RX< [0m[7] [cam] [418174][tshell][cam_solve_layout:377]
[06:14:55.984] RX< [mLayout] out vol 0x8c000000 rBuf 0x89300000 sz 0xd00000 wBuf 0x8a9e5400 sz 0x900000
[06:14:55.984] RX<           rtmp tBuf 0x8a098210 sz 0x80000 aBuf 0x8a018210 sz 0x80000
[06:14:55.984] RX< [7] [cam] [418176][
[06:14:55.987] RX< tshell][cam_solve_layout:397]Solve Scen3 layout Done!
[06:14:55.987] RX< [6] [cam] [418177][tshell][cgm_parse_media_para:274]phy cam num: 1
[06:14:55.987] RX< [7] [cam] [418177][cer0][cer_recovery_proc:343]thread start cid, 0
[06:14:55.987] RX< [6] [cam] [418178][tshell][csc_open:499]SENSOR MCLK cal: 24MHz
[06:14:55.987] RX< [6]
[06:14:55.987] RX<  [cam] [418178][tshell][csc_isp_clk_cal:344]MIPI CLK cal: 277MHz
[06:14:55.987] RX< [6] [cam] [418178][tshell][csc_isp_clk_cal:374]LITE CLK cal: 25MHz
[06:14:55.987] RX< [7] [cam] [418179][tshell][cpc_csi_rx_power_on:633]E id: 2
[06:14:55.987] RX< [4] [cam] [418179][tshell][cpc_csi_rx_power_on:644]csi_2 has al
[06:14:55.993] RX< ready power on, STATUS: 1
[06:14:55.993] RX< [6] [cam] [418179][tshell][cpc_update_clock:603]actual SNS mclk: 24MHz
[06:14:55.993] RX< [6] [cam] [418180][tshell][cpc_update_clock:608]actual MIPI0: 300MHz
[06:14:55.993] RX< [6] [cam] [418180][tshell][cpc_update_clock:598]actual LITE clk: 25MHz
[06:14:55.993] RX< [7] [cam] [418181
[06:14:55.993] RX< ][tshell][cam_prelude_open:297][34msnsOpen camID1 csiID0 phyIdx0[0m
[06:14:55.993] RX< [6] [cam] [418185][tshell][sensor_expo_gain_match:48]sensor get sensor expo gain of imx681_vst
[06:14:55.993] RX< [6] [cam] [418185][tshell][sensor_open:684]sensor [1] open OK.
[06:14:55.993] RX< [6] [cam] [418185][tshell][
[06:14:55.998] RX< cam_cpm_parse_media:295]video scenario:3, media para[fps:0, mirror_en:0, flip_en:0]
[06:14:55.998] RX< [6] [cam] [418186][tshell][cam_cpm_parse_media:298]video scenario, media para[iso:0, gain:0, wb_mode:0]
[06:14:55.998] RX< [6] [cam] [418187][tshell][csc_isp_clk_cal:355]FE CLK cal: 373MHz, 
[06:14:55.998] RX< ME CLK cal: 371MHz, FE/ME CLK cal: 410MHz
[06:14:55.998] RX< [6] [cam] [418187][tshell][csc_isp_clk_cal:364]BE CLK cal: 301MHz
[06:14:55.998] RX< [4] [cam] [418188][tshell][cam_fe_core_power_on:269]fe pipe has already power on, STATUS: 1
[06:14:55.998] RX< [6] [cam] [418188][tshell][cpc_update_clock:588]actual 
[06:14:56.000] RX< FE/ME clk: 500MHz
[06:14:56.000] RX< [7] [cam] [418189][tshell][cam_cpm_core_power_on:435]id,0 type,1 ret 0
[06:14:56.000] RX< [6] [cam] [418189][tshell][cam_cpm_core_init:1017]E id,0 sensor type,1
[06:14:56.000] RX< [6] [cam] [418191][tshell][cpm_core_check_tuningbin:957]Tuning bin crc check PASS! sum 0x17a59
[06:14:56.001] RX< 64, xor 0x87e82682
[06:14:56.001] RX< [6] [cam] [418192][tshell][qpc_tuning_check_iqbin_validness:396]IQ bin addr: 0x88646660, project_name: video_3M
[06:14:56.001] RX< [6] [cam] [418193][tshell][qpc_tuning_check_iqbin_validness:397]total_size: 94400
[06:14:56.001] RX< [6] [cam] [418193][tshell][qpc_tuning_chec
[06:14:56.003] RX< k_iqbin_validness:398]id_count: 93. ID_TOTAL: 94
[06:14:56.003] RX< [6] [cam] [418194][tshell][qpc_tuning_check_iqbin_validness:399]spinel tuning data ver: V1.30
[06:14:56.003] RX< [6] [cam] [418194][tshell][cpm_core_check_tuningbin:971]IQ bin check success!
[06:14:56.003] RX< [6] [cam] [418195][tshell][cam_bm
[06:14:56.003] RX< _core_init:94]E
[06:14:56.003] RX< [6] [cam] [418195][tshell][bm_lab_init:174]X ctx size 4 addr 0x884b95e0
[06:14:56.003] RX< [6] [cam] [418195][tshell][cam_bm_core_init:114]X ctx size 180 addr 0x884c0620
[06:14:56.003] RX< [6] [cam] [418195][tshell][qpc_core_init:1299]E id,0
[06:14:56.003] RX< [6] [cam] [418196][tshell][qpc_que
[06:14:56.021] RX< ue_init:65]QPC init qnodes 8, size 508, pool 0x884c0c38
[06:14:56.021] RX< [7] [cam] [418196][tshell][_qpc_get_cap_cfg_para:896][fallback]preset capCfg 200 0 0 invalid, use default
[06:14:56.021] RX< [7] [cam] [418197][tshell][_qpc_cfg_hdr_frms:840][fallback]preset hdrCfg 0 0 0 0 0 invalid, u
[06:14:56.022] RX< se default
[06:14:56.022] RX< [6] [cam] [418213][tshell][qpc_core_init:1347]X ctx size 1288 addr 0x884c06e8
[06:14:56.022] RX< [6] [cam] [418213][tshell][cpm_core_get_param:764]cpm para chk: tunBin-w 4032 h 2266 img-w 4032 h 2268
[06:14:56.022] RX< [6] [cam] [418213][tshell][cam_fe_core_init:436]E id,0
[06:14:56.022] RX< [6] [cam
[06:14:56.027] RX< ] [418214][tshell][cam_fe_core_init:490]X ctx size 96 addr 0x884c2b98
[06:14:56.027] RX< [7] [cam] [418215][tshell][qpc_core_fe_chords_init:1763][34mqpc fe init snsOut w 4032 h 2268, tbl w 28 h 20[0m
[06:14:56.027] RX< [6] [cam] [418215][tshell][cam_me_core_init:1523]X ctx size 1352 addr 0x
[06:14:56.027] RX< 884f1898
[06:14:56.027] RX< [34m[ME SLICE CFG] perf=1280(us)!
[06:14:56.027] RX< [0m[6] [cam] [418219][tshell][cam_bayer_fe_3a_stats_core_init:445]fe 3a id,0
[06:14:56.027] RX< [6] [cam] [418219][tshell][cam_bayer_fe_3a_stats_core_init:490]X ctx size 132 addr 0x884fa1a0
[06:14:56.027] RX< [6] [cam] [418219][tshell][awb_wrapper
[06:14:56.035] RX< _init:66]xxx awb_bin=0x884e19ec, awb_bin_length=8068
[06:14:56.035] RX< [6] [cam] [418220][tshell][awb_wrapper_init:86]X algo_handle 0x884ffe00
[06:14:56.035] RX< [7] [cam] [418220][awb0][a5_core_wrapper_task:252]thread start cid,0 algo type,2
[06:14:56.035] RX< [6] [cam] [418221][tshell][a5_core_init_task:426]
[06:14:56.035] RX< thread created: awb0 mq=0x88501e90 thread=0x88501fa8 sem=0x88501e20 ret=0
[06:14:56.035] RX< [6] [cam] [418221][tshell][bayer_ae_wrapper_init:68]E id,0 proc mode 0 
[06:14:56.035] RX< 
[06:14:56.035] RX< [AEC Proc] @[allib_ae_set_debug_log_flag] Line:129:[DEBUG] debug level/to_file/to_terminal: 22/1/1
[06:14:56.035] RX< [AEC Proc
[06:14:56.037] RX< ] @[AeInit] Line:377:[INFO] AE ver: 2026_V2.269
[06:14:56.037] RX< 
[06:14:56.037] RX< [AEC Proc] @[allib_ae_loadfunc] Line:193:[INFO] camera ID: 0
[06:14:56.037] RX< [AEC Proc] @[alAE_set_param] Line:576:[DEBUG] sw_maxtime 33004 ,pertline 10800, after check sensor step sw_max_time 33000.00
[06:14:56.037] RX< [AEC Proc] @[alAE_s
[06:14:56.037] RX< et_param] Line:581:[DEBUG] sw_mintime 43 ,pertline 10800, after check sensor step sw_min_time 40.00
[06:14:56.037] RX< [AEC Proc] @[alAE_set_param] Line:514:[DEBUG] DEBUG minbv exptime 11 gain 100, minExpBV 13810
[06:14:56.037] RX< [AEC Proc] @[AeTuningParseSet] Line:167:[DEBUG] aeparam versi
[06:14:56.040] RX< on 2.268 60803
[06:14:56.040] RX< [AEC Proc] @[alAE_set_param] Line:341:[DEBUG] INITEXP gain 100, shutter 33242, midtonegain 100, bv 2247
[06:14:56.040] RX< [6] [cam] [418231][tshell][bayer_ae_wrapper_init:119]X tline 10800 max_exp 33004 alg_hdl 0x88504758 
[06:14:56.040] RX< [7] [cam] [418232][b_ae0][a5_core_w
[06:14:56.040] RX< rapper_task:252]thread start cid,0 algo type,0
[06:14:56.040] RX< [6] [cam] [418233][tshell][a5_core_init_task:426]thread created: b_ae0 mq=0x88505808 thread=0x88505920 sem=0x88505798 ret=0
[06:14:56.040] RX< [6] [cam] [418233][tshell][atf_wrapper_init:67]E id,0
[06:14:56.040] RX< [6] [cam] [418234][tshell][at
[06:14:56.056] RX< f_wrapper_init:107]X alg_ctx addr 0x88506d08
[06:14:56.056] RX< [7] [cam] [418234][atf0][a5_core_wrapper_task:252]thread start cid,0 algo type,1
[06:14:56.056] RX< [6] [cam] [418234][tshell][a5_core_init_task:426]thread created: atf0 mq=0x88506e40 thread=0x88506f58 sem=0x88506dd0 ret=0
[06:14:56.056] RX< [6] [c
[06:14:56.056] RX< am] [418235][tshell][cam_cpm_core_init:1149]X ctx size 1096 addr 0x884c01c8
[06:14:56.056] RX< [6] [cam] [418236][tshell][csc_open:599]ok! phys_id[1], phys_num[1] 
[06:14:56.056] RX< [6] [cam] [418236][tshell][cam_open:738]open ok! camera_id[0]
[06:14:56.056] RX< [34m[cam open] perf=63131(us)!
[06:14:56.056] RX< [0m[6] [App Ca
[06:14:56.059] RX< m] cam open success
[06:14:56.059] RX< [6] [cam] [418250][tshell][csc_init:722]sensor info:size:4032x2268, formt: 0x2b, bps: 1968, tline: 10800
[06:14:56.059] RX< [6] [cam] [418250][tshell][cam_sif_mgr_init:261]E id,0
[06:14:56.059] RX< [7] [cam] [418251][sif0][sif_irq_proc:151]thread start cid,0
[06:14:56.059] RX< [6] [cam] [41
[06:14:56.060] RX< 8251][tshell][cam_sif_mgr_init:293]X ctx size 52 addr 0x88541620
[06:14:56.060] RX< [6] [cam] [418252][tshell][cam_prelude_init_cfg:368]CSI ID is 0,  phy lanes is 2.
[06:14:56.060] RX< [7] [cam] [418252][tshell][check_phy_ready:96]MIPI_PHY[0] is ready
[06:14:56.060] RX< [6] [cam] [418253][tshell][sensor_init:3
[06:14:56.068] RX< 48]sensor [1]: register ok
[06:14:56.068] RX< [6] [cam] [418253][tshell][sensor_set_mode:887]sensor [1]: SetMode -> mode = 0.
[06:14:56.068] RX< [6] [cam] [418254][tshell][sensor_send_reg_tab_to_sensor:705]sensor [1]: send_reg_tab_to_sensor E.
[06:14:56.068] RX< [6] [cam] [418257][tshell][sensor_send_reg_tab_to
[06:14:56.068] RX< _sensor:751]sensor [1]: reg_count = 77.
[06:14:56.068] RX< [6] [cam] [418257][tshell][sensor_init:361]sensor [1]: init success.
[06:14:56.068] RX< [6] [cam] [418257][tshell][sensor_set_mode:887]sensor [1]: SetMode -> mode = 3.
[06:14:56.068] RX< [6] [cam] [418258][tshell][sensor_send_reg_tab_to_sensor:705]senso
[06:14:56.071] RX< r [1]: send_reg_tab_to_sensor E.
[06:14:56.071] RX< [6] [cam] [418262][tshell][sensor_send_reg_tab_to_sensor:751]sensor [1]: reg_count = 83.
[06:14:56.071] RX< [6] [cam] [418262][tshell][csc_init:731]ok! phys_id[1], phys_num[1]
[06:14:56.071] RX< [6] [cam] [418263][tshell][csc_get_bayer_single_buffer:1148]scena
[06:14:56.071] RX< rio_type: 3
[06:14:56.071] RX< [6] [cam] [418263][tshell][csc_set_stats_fmt:98]index 0 w 1 h 1 bw 8 wcmp 255
[06:14:56.071] RX< [7] [cam] [418264][tshell][bm_ioctl:201]BMIOC_STATS_FMT
[06:14:56.071] RX< [6] [cam] [418264][tshell][csc_set_fe_fmt:47]index 1 w 4032 h 2268 bw 10 wcmp 0
[06:14:56.071] RX< [7] [cam] [418265][tshell][b
[06:14:56.073] RX< m_ioctl:201]BMIOC_FE_FMT
[06:14:56.073] RX< [6] [cam] [418265][tshell][csc_set_me_fmt:64]index 5 w 2268 h 4032 bw 10 wcmp 0, rdma_addr 0x8a128c00, wdma_addr 0x8a128c00
[06:14:56.073] RX< [7] [cam] [418266][tshell][bm_ioctl:201]BMIOC_ME_FMT
[06:14:56.073] RX< [6] [cam] [418266][tshell][csc_set_video_fmt:1076]met
[06:14:56.074] RX< a_addr: 0x8a118240
[06:14:56.074] RX< [6] [cam] [418266][tshell][csc_set_me_fmt:64]index 6 w 1296 h 2304 bw 8 wcmp 255, rdma_addr 0x8b2e5400, wdma_addr 0x8c000000
[06:14:56.074] RX< [6] [cam] [418266][tshell][cam_me_core_buffer_cfg:1416]
[06:14:56.074] RX< ----ME PIPE INFO---
[06:14:56.074] RX<  wdma_buf_num:1, rotation_en: 1
[06:14:56.076] RX< [7] [cam] [418268][tshell][cam_me_core_buffer_cfg:1424]yuv wdma_addr 0:0x8c000000, meta_en: 1, 0x8a118240
[06:14:56.076] RX< [7] [cam] [418268][tshell][bm_ioctl:201]BMIOC_ME_FMT
[06:14:56.076] RX< [6] [cam] [418268][tshell][csc_set_lite_fmt:115]index 13 w 400 h 400 bw 10 wcmp 255
[06:14:56.076] RX< [7] [cam] [4
[06:14:56.079] RX< 18269][tshell][bm_ioctl:201]BMIOC_LITE_FMT
[06:14:56.079] RX< [6] [cam] [418269][tshell][csc_set_lite_fmt:115]index 14 w 400 h 400 bw 10 wcmp 255
[06:14:56.079] RX< [7] [cam] [418269][tshell][bm_ioctl:201]BMIOC_LITE_FMT
[06:14:56.079] RX< [6] [cam] [418270][tshell][csc_init:739]get otp ok! phys_id[1], phys_num
[06:14:56.079] RX< [1]
[06:14:56.079] RX< [6] [cam] [418270][tshell][cam_init:828]init ok! logic_id[0]
[06:14:56.079] RX< [34m[cam init] perf=20921(us)!
[06:14:56.079] RX< [0m[6] [App Cam] cam init success
[06:14:56.079] RX< [7] [cam] [418271][tshell][cam_cpm_core_stream_on:560]id 0 sensor type 1
[06:14:56.079] RX< [6] [cam] [418271][tshell][sensor_stream_on:1024]
[06:14:56.105] RX< sensor [1]: stream_on
[06:14:56.105] RX< [6] [cam] [418272][tshell][sensor_stream_on:1052]sensor [1]: REG: 0x100, W:0x1.
[06:14:56.105] RX< [6] [cam] [418272][tshell][sensor_stream_on:1054]sensor [1]: REG: 0x100, R:0x1.
[06:14:56.105] RX< [6] [cam] [418273][tshell][csc_prv_start:873]ok! phys_id[1], phys_num[1]
[06:14:56.106] RX< , cam_ids[1]
[06:14:56.106] RX< [6] [cam] [418273][tshell][cam_start:938]preview start ok! logic_id[0]
[06:14:56.106] RX< [34m[cam start] perf=2553(us)!
[06:14:56.106] RX< [0m[6] [App Cam] cam start success
[06:14:56.106] RX< [RTMP] connecting rtmp://192.168.1.89/live/cam ...
[06:14:56.106] RX< [7] [cam] [418275][b_3a_sts][bayer_stats_core_irq_p
[06:14:56.224] RX< roc:164]thread start cid,0
[06:14:56.224] RX< [7] [cam] [418275][fe0][fe_core_irq_proc:98]thread start cid,0
[06:14:56.224] RX< [RTMP] connected to 192.168.1.89:1935 (sock=6)
[06:14:56.224] RX< [RTMP] handshake (simple) ok
[06:14:56.224] RX< [34m[AE] fid=0,exp=7070,adg=100,Y=5856,mtg=100,shg=100,bgbv=4456,iso=100,cnv0,hdr0
[06:14:56.224] RX< [0m
[06:14:56.269] RX< [34m[b_ae0 proc] perf=8277(us), max=8277(us)!
[06:14:56.269] RX< [0m[34m[awb0 proc] perf=4024(us), max=4024(us)!
[06:14:56.269] RX< [0m[RTMP] connect _result ok
[06:14:56.269] RX< [RTMP] createStream -> msid=1
[06:14:56.269] RX< [RTMP] publish ready on rtmp://192.168.1.89:1935/live
[06:14:56.269] RX< [RTMP] config sent (42 bytes)
[06:14:56.269] RX< [RTMP] f_index 
[06:14:56.720] RX< = 0, f_len = 39
[06:14:56.720] RX< [RTMP] Push Start -> rtmp://192.168.1.89/live/cam
[06:14:56.720] RX< msh /emmc>[6] [cam] [418567][me0][cpm_cb_fe2me_tikChk:152]frm_length 88560us, fe2me delta 0
[06:14:56.720] RX< [34m[ME INTP]fid=0, shutter=7070, perf=2157(us), max=2157(us)!
[06:14:56.720] RX< [0m[7] [cam] [418911][me0][me_co
[06:14:58.377] RX< re_thread:359]ME out fid 0
[06:14:58.377] RX< [34m[AE] fid=30,exp=10070,adg=275,Y=4582,mtg=180,shg=100,bgbv=1525,iso=275,cnv2,hdr0
[06:14:58.377] RX< [0m[7] [cam] [419911][me0][me_core_thread:359]ME out fid 30
[06:14:58.377] RX< [34m[AE] fid=60,exp=10070,adg=275,Y=4634,mtg=180,shg=100,bgbv=1531,iso=275,cnv2,h
[06:14:59.382] RX< dr0
[06:14:59.382] RX< [0m[7] [cam] [420911][me0][me_core_thread:359]ME out fid 60
[06:14:59.382] RX< [34m[AE] fid=90,exp=10110,adg=275,Y=4628,mtg=180,shg=100,bgbv=1528,iso=275,cnv2,hdr0
[06:14:59.382] RX< [0m[34m[b_ae0 proc] perf=1134(us), max=8277(us)!
[06:14:59.382] RX< [0m[34m[awb0 proc] perf=3931(us), max=4048(us)!
[06:14:59.382] RX< [0
[06:15:00.378] RX< m[RTMP] f_index = 90, f_len = 16038
[06:15:00.378] RX< [7] [cam] [421911][me0][me_core_thread:359]ME out fid 90
[06:15:00.378] RX< [34m[awb0 proc] perf=6469(us), max=6469(us)!
[06:15:00.378] RX< [0m[4] [cam] [421989][qpc0][qpc_core_exception_check:405]discontinuous frame, now: 103, last: 101
[06:15:00.378] RX< [34m[AE] fid=120,
[06:15:01.377] RX< exp=10110,adg=275,Y=4626,mtg=180,shg=100,bgbv=1528,iso=275,cnv2,hdr0
[06:15:01.377] RX< [0m[34m[ME INTP]fid=120, shutter=10110, perf=234(us), max=5300(us)!
[06:15:01.377] RX< [0m[7] [cam] [422911][me0][me_core_thread:359]ME out fid 120
[06:15:01.377] RX< [RTMP] slow send frame 121 len=70912 dt=63ms (IDR)
[06:15:01.377] RX< [34
[06:15:01.810] RX< m[AE] fid=150,exp=10110,adg=275,Y=4630,mtg=180,shg=100,bgbv=1528,iso=275,cnv2,hdr0
[06:15:01.810] RX< [0m[7] [cam] [423911][me0][me_core_thread:359]ME out fid 150
[06:15:01.810] RX< [34m[awb0 proc] perf=6830(us), max=6830(us)!
[06:15:01.810] RX< [0m[4] [cam] [423988][qpc0][qpc_core_exception_check:405]discont
[06:15:02.701] RX< inuous frame, now: 163, last: 161
[06:15:02.701] RX< [34m[AE] fid=180,exp=10110,adg=275,Y=4629,mtg=180,shg=100,bgbv=1528,iso=275,cnv2,hdr0
[06:15:02.701] RX< [0m[34m[b_ae0 proc] perf=1005(us), max=2532(us)!
[06:15:02.701] RX< [0m[34m[awb0 proc] perf=3927(us), max=6830(us)!
[06:15:02.701] RX< [0m[RTMP] f_index = 180, f_len =
[06:15:03.376] RX<  12677
[06:15:03.376] RX< [7] [cam] [424911][me0][me_core_thread:359]ME out fid 180
[06:15:03.376] RX< [34m[awb0 proc] perf=6821(us), max=6821(us)!
[06:15:03.376] RX< [0m[4] [cam] [424988][qpc0][qpc_core_exception_check:405]discontinuous frame, now: 193, last: 191
[06:15:03.376] RX< [34m[AE] fid=210,exp=10110,adg=275,Y=4637,mtg
[06:15:04.376] RX< =180,shg=100,bgbv=1528,iso=275,cnv2,hdr0
[06:15:04.376] RX< [0m[7] [cam] [425910][me0][me_core_thread:359]ME out fid 210
[06:15:04.376] RX< [34m[awb0 proc] perf=6392(us), max=6821(us)!
[06:15:04.376] RX< [0m[4] [cam] [425988][qpc0][qpc_core_exception_check:405]discontinuous frame, now: 223, last: 221
[06:15:04.376] RX< [34m[AE
[06:15:04.765] RX< ] fid=240,exp=9960,adg=282,Y=4639,mtg=180,shg=100,bgbv=1525,iso=282,cnv2,hdr0
[06:15:04.765] RX< [0m[34m[ME INTP]fid=240, shutter=9960, perf=251(us), max=1735(us)!
[06:15:04.765] RX< [0m[7] [cam] [426910][me0][me_core_thread:359]ME out fid 240
[06:15:04.765] RX< [34m[awb0 proc] perf=6836(us), max=6836(us)!
[06:15:04.765] RX< 
[06:15:05.380] RX< [0m[4] [cam] [426988][qpc0][qpc_core_exception_check:405]discontinuous frame, now: 253, last: 251
[06:15:05.380] RX< [34m[AE] fid=270,exp=9960,adg=282,Y=4658,mtg=180,shg=100,bgbv=1525,iso=282,cnv2,hdr0
[06:15:05.380] RX< [0m[34m[b_ae0 proc] perf=1031(us), max=1906(us)!
[06:15:05.380] RX< [0m[34m[awb0 proc]
[06:15:06.728] RX<  perf=3941(us), max=6836(us)!
[06:15:06.728] RX< [0m[RTMP] f_index = 270, f_len = 12881
[06:15:06.728] RX< [7] [cam] [427910][me0][me_core_thread:359]ME out fid 270
[06:15:06.728] RX< [34m[AE] fid=300,exp=10110,adg=275,Y=4638,mtg=180,shg=100,bgbv=1525,iso=275,cnv2,hdr0
[06:15:06.728] RX< [0m[7] [cam] [428910][me0][me_core_threa
[06:15:07.375] RX< d:359]ME out fid 300
[06:15:07.375] RX< [34m[awb0 proc] perf=7010(us), max=7010(us)!
[06:15:07.375] RX< [0m[4] [cam] [428988][qpc0][qpc_core_exception_check:405]discontinuous frame, now: 313, last: 311
[06:15:07.375] RX< [34m[AE] fid=330,exp=9970,adg=294,Y=4783,mtg=180,shg=100,bgbv=1496,iso=294,cnv2,hdr0
[06:15:07.375] RX< [0m
[06:15:08.475] RX< [7] [cam] [429910][me0][me_core_thread:359]ME out fid 330
[06:15:08.475] RX< [34m[AE] fid=360,exp=9930,adg=282,Y=4725,mtg=180,shg=100,bgbv=1536,iso=282,cnv2,hdr0
[06:15:08.475] RX< [0m[34m[b_ae0 proc] perf=1082(us), max=1121(us)!
[06:15:08.475] RX< [0m[34m[awb0 proc] perf=3924(us), max=7010(us)!
[06:15:08.475] RX< [0m[34m[
[06:15:09.727] RX< ME INTP]fid=360, shutter=9930, perf=5(us), max=6113(us)!
[06:15:09.727] RX< [0m[RTMP] f_index = 360, f_len = 10647
[06:15:09.727] RX< [7] [cam] [430910][me0][me_core_thread:359]ME out fid 360
[06:15:09.727] RX< [34m[AE] fid=390,exp=10040,adg=275,Y=4659,mtg=180,shg=100,bgbv=1542,iso=275,cnv2,hdr0
[06:15:09.727] RX< [0m[7] [cam] 
[06:15:10.808] RX< [431910][me0][me_core_thread:359]ME out fid 390
[06:15:10.808] RX< [34m[AE] fid=420,exp=10040,adg=275,Y=4671,mtg=180,shg=100,bgbv=1546,iso=275,cnv2,hdr0
[06:15:10.808] RX< [0m[7] [cam] [432910][me0][me_core_thread:359]ME out fid 420
[06:15:10.808] RX< [4] [cam] [432987][qpc0][qpc_core_exception_check:405]disco
[06:15:11.701] RX< ntinuous frame, now: 433, last: 431
[06:15:11.701] RX< [34m[AE] fid=450,exp=10040,adg=275,Y=4689,mtg=180,shg=100,bgbv=1553,iso=275,cnv2,hdr0
[06:15:11.701] RX< [0m[34m[b_ae0 proc] perf=1014(us), max=3718(us)!
[06:15:11.701] RX< [0m[34m[awb0 proc] perf=3939(us), max=4026(us)!
[06:15:11.701] RX< [0m[RTMP] f_index = 450, f_len
[06:15:12.374] RX<  = 16264
[06:15:12.374] RX< [7] [cam] [433909][me0][me_core_thread:359]ME out fid 450
[06:15:12.374] RX< [34m[awb0 proc] perf=6377(us), max=6377(us)!
[06:15:12.374] RX< [0m[4] [cam] [433987][qpc0][qpc_core_exception_check:405]discontinuous frame, now: 463, last: 461
[06:15:12.374] RX< [34m[AE] fid=480,exp=10040,adg=275,Y=4687,m
[06:15:12.807] RX< tg=180,shg=100,bgbv=1549,iso=275,cnv2,hdr0
[06:15:12.807] RX< [0m[34m[ME INTP]fid=480, shutter=10040, perf=234(us), max=2226(us)!
[06:15:12.807] RX< [0m[7] [cam] [434909][me0][me_core_thread:359]ME out fid 480
[06:15:12.807] RX< [4] [cam] [434987][qpc0][qpc_core_exception_check:405]discontinuous frame, now: 4
[06:15:13.808] RX< 93, last: 491
[06:15:13.808] RX< [34m[AE] fid=510,exp=10040,adg=275,Y=4675,mtg=180,shg=100,bgbv=1549,iso=275,cnv2,hdr0
[06:15:13.808] RX< [0m[7] [cam] [435909][me0][me_core_thread:359]ME out fid 510
[06:15:13.808] RX< [4] [cam] [435987][qpc0][qpc_core_exception_check:405]discontinuous frame, now: 523, last: 52
[06:15:14.716] RX< 1
[06:15:14.716] RX< [34m[AE] fid=540,exp=10040,adg=275,Y=4681,mtg=180,shg=100,bgbv=1549,iso=275,cnv2,hdr0
[06:15:14.716] RX< [0m[34m[b_ae0 proc] perf=1028(us), max=3528(us)!
[06:15:14.716] RX< [0m[34m[awb0 proc] perf=3818(us), max=6377(us)!
[06:15:14.716] RX< [0m[RTMP] f_index = 540, f_len = 13443
[06:15:14.716] RX< [7] [cam] [436909][me0][m
[06:15:15.374] RX< e_core_thread:359]ME out fid 540
[06:15:15.374] RX< [34m[awb0 proc] perf=6483(us), max=6483(us)!
[06:15:15.374] RX< [0m[4] [cam] [436987][qpc0][qpc_core_exception_check:405]discontinuous frame, now: 553, last: 551
[06:15:15.374] RX< [34m[AE] fid=570,exp=10040,adg=275,Y=4661,mtg=180,shg=100,bgbv=1542,iso=275,c
[06:15:16.715] RX< nv2,hdr0
[06:15:16.715] RX< [0m[7] [cam] [437909][me0][me_core_thread:359]ME out fid 570
[06:15:16.715] RX< [34m[AE] fid=600,exp=10040,adg=275,Y=4666,mtg=180,shg=100,bgbv=1546,iso=275,cnv2,hdr0
[06:15:16.715] RX< [0m[34m[ME INTP]fid=600, shutter=10040, perf=5(us), max=3247(us)!
[06:15:16.715] RX< [0m[7] [cam] [438909][me0][me
[06:15:17.378] RX< _core_thread:359]ME out fid 600
[06:15:17.378] RX< [4] [cam] [438986][qpc0][qpc_core_exception_check:405]discontinuous frame, now: 613, last: 611
[06:15:17.378] RX< [34m[AE] fid=630,exp=10040,adg=275,Y=4671,mtg=180,shg=100,bgbv=1546,iso=275,cnv2,hdr0
[06:15:17.378] RX< [0m[34m[b_ae0 proc] perf=1157(us), max=1
[06:15:18.374] RX< 157(us)!
[06:15:18.374] RX< [0m[34m[awb0 proc] perf=3936(us), max=6483(us)!
[06:15:18.374] RX< [0m[RTMP] f_index = 630, f_len = 15782
[06:15:18.374] RX< [7] [cam] [439909][me0][me_core_thread:359]ME out fid 630
[06:15:18.374] RX< [RTMP] slow send frame 631 len=70803 dt=55ms (IDR)
[06:15:18.374] RX< [34m[AE] fid=660,exp=10040,adg=275,Y=4664,mtg=
[06:15:19.373] RX< 180,shg=100,bgbv=1546,iso=275,cnv2,hdr0
[06:15:19.373] RX< [0m[7] [cam] [440908][me0][me_core_thread:359]ME out fid 660
[06:15:19.373] RX< [34m[awb0 proc] perf=6026(us), max=6026(us)!
[06:15:19.373] RX< [0m[4] [cam] [440986][qpc0][qpc_core_exception_check:405]discontinuous frame, now: 673, last: 671
[06:15:19.373] RX< [34m[AE]
[06:15:19.807] RX<  fid=690,exp=10040,adg=275,Y=4673,mtg=180,shg=100,bgbv=1546,iso=275,cnv2,hdr0
[06:15:19.807] RX< [0m[7] [cam] [441908][me0][me_core_thread:359]ME out fid 690
[06:15:19.807] RX< [34m[awb0 proc] perf=6809(us), max=6809(us)!
[06:15:19.807] RX< [0m[4] [cam] [441986][qpc0][qpc_core_exception_check:405]discontinuou
[06:15:20.474] RX< s frame, now: 703, last: 701
[06:15:20.474] RX< [34m[AE] fid=720,exp=10040,adg=275,Y=4662,mtg=180,shg=100,bgbv=1542,iso=275,cnv2,hdr0
[06:15:20.474] RX< [0m[34m[b_ae0 proc] perf=1014(us), max=3023(us)!
[06:15:20.474] RX< [0m[34m[awb0 proc] perf=3953(us), max=6809(us)!
[06:15:20.474] RX< [0m[34m[ME INTP]fid=720, shutter=100
[06:15:21.726] RX< 40, perf=6(us), max=3909(us)!
[06:15:21.726] RX< [0m[RTMP] f_index = 720, f_len = 12712
[06:15:21.726] RX< [7] [cam] [442908][me0][me_core_thread:359]ME out fid 720
[06:15:21.726] RX< [34m[AE] fid=750,exp=10040,adg=275,Y=4666,mtg=180,shg=100,bgbv=1546,iso=275,cnv2,hdr0
[06:15:21.726] RX< [0m[7] [cam] [443908][me0][me_core_threa
[06:15:23.377] RX< d:359]ME out fid 750
[06:15:23.377] RX< [34m[AE] fid=780,exp=10040,adg=275,Y=4674,mtg=180,shg=100,bgbv=1546,iso=275,cnv2,hdr0
[06:15:23.377] RX< [0m[7] [cam] [444908][me0][me_core_thread:359]ME out fid 780
[06:15:23.377] RX< [34m[AE] fid=810,exp=10040,adg=275,Y=4653,mtg=180,shg=100,bgbv=1542,iso=275,cnv2,hdr0
[06:15:24.372] RX< 
[06:15:24.372] RX< [0m[34m[b_ae0 proc] perf=1012(us), max=1453(us)!
[06:15:24.372] RX< [0m[34m[awb0 proc] perf=3962(us), max=5027(us)!
[06:15:24.372] RX< [0m[RTMP] f_index = 810, f_len = 12744
[06:15:24.372] RX< [7] [cam] [445908][me0][me_core_thread:359]ME out fid 810
[06:15:24.372] RX< [34m[AE] fid=840,exp=10040,adg=275,Y=4655,mtg=180,shg=
[06:15:25.725] RX< 100,bgbv=1542,iso=275,cnv2,hdr0
[06:15:25.725] RX< [0m[34m[ME INTP]fid=840, shutter=10040, perf=6(us), max=2982(us)!
[06:15:25.725] RX< [0m[7] [cam] [446908][me0][me_core_thread:359]ME out fid 840
[06:15:25.725] RX< [34m[AE] fid=870,exp=10040,adg=275,Y=4660,mtg=180,shg=100,bgbv=1542,iso=275,cnv2,hdr0
[06:15:25.725] RX< [0m[7]
[06:15:26.698] RX<  [cam] [447907][me0][me_core_thread:359]ME out fid 870
[06:15:26.698] RX< [34m[AE] fid=900,exp=10040,adg=275,Y=4652,mtg=180,shg=100,bgbv=1542,iso=275,cnv2,hdr0
[06:15:26.698] RX< [0m[34m[b_ae0 proc] perf=1029(us), max=1932(us)!
[06:15:26.698] RX< [0m[34m[awb0 proc] perf=3951(us), max=4757(us)!
[06:15:26.698] RX< [0m[RTMP] f
[06:15:27.806] RX< _index = 900, f_len = 12586
[06:15:27.806] RX< [7] [cam] [448907][me0][me_core_thread:359]ME out fid 900
[06:15:27.806] RX< [34m[AE] fid=930,exp=10070,adg=275,Y=4659,mtg=180,shg=100,bgbv=1539,iso=275,cnv2,hdr0
[06:15:27.806] RX< [0m[7] [cam] [449907][me0][me_core_thread:359]ME out fid 930
[06:15:27.806] RX< [4] [cam] [449985][qp
[06:15:28.728] RX< c0][qpc_core_exception_check:405]discontinuous frame, now: 943, last: 941
[06:15:28.728] RX< [34m[AE] fid=960,exp=10070,adg=275,Y=4661,mtg=180,shg=100,bgbv=1539,iso=275,cnv2,hdr0
[06:15:28.728] RX< [0m[34m[ME INTP]fid=960, shutter=10070, perf=5(us), max=3922(us)!
[06:15:28.728] RX< [0m[7] [cam] [450907][me0]
[06:15:29.377] RX< [me_core_thread:359]ME out fid 960
[06:15:29.377] RX< [34m[awb0 proc] perf=6377(us), max=6377(us)!
[06:15:29.377] RX< [0m[4] [cam] [450984][qpc0][qpc_core_exception_check:405]discontinuous frame, now: 973, last: 971
[06:15:29.377] RX< [34m[AE] fid=990,exp=10040,adg=275,Y=4645,mtg=180,shg=100,bgbv=1538,iso=275
[06:15:29.761] RX< ,cnv2,hdr0
[06:15:29.761] RX< [0m[34m[b_ae0 proc] perf=1014(us), max=3494(us)!
[06:15:29.761] RX< [0m[34m[awb0 proc] perf=3948(us), max=6377(us)!
[06:15:29.761] RX< [0m[RTMP] f_index = 990, f_len = 19589
[06:15:29.761] RX< [7] [cam] [451907][me0][me_core_thread:359]ME out fid 990
[06:15:29.761] RX< [34m[awb0 proc] perf=6951(us), max=6951(us)!
[06:15:31.371] RX< 
[06:15:31.371] RX< [0m[4] [cam] [451984][qpc0][qpc_core_exception_check:405]discontinuous frame, now: 1003, last: 1001
[06:15:31.371] RX< [34m[AE] fid=1020,exp=10040,adg=275,Y=4637,mtg=180,shg=100,bgbv=1534,iso=275,cnv2,hdr0
[06:15:31.371] RX< [0m[7] [cam] [452907][me0][me_core_thread:359]ME out fid 1020
[06:15:31.371] RX< [3
[06:15:32.377] RX< 4m[AE] fid=1050,exp=10070,adg=275,Y=4656,mtg=180,shg=100,bgbv=1539,iso=275,cnv2,hdr0
[06:15:32.377] RX< [0m[7] [cam] [453907][me0][me_core_thread:359]ME out fid 1050
[06:15:32.377] RX< [34m[awb0 proc] perf=6480(us), max=6951(us)!
[06:15:32.377] RX< [0m[34m[AE] fid=1080,exp=10070,adg=275,Y=4621,mtg=180,shg=10
[06:15:32.712] RX< 0,bgbv=1527,iso=275,cnv2,hdr0
[06:15:32.712] RX< [0m[34m[b_ae0 proc] perf=1030(us), max=4287(us)!
[06:15:32.712] RX< [0m[34m[awb0 proc] perf=3939(us), max=6480(us)!
[06:15:32.712] RX< [0m[34m[ME INTP]fid=1080, shutter=10070, perf=6(us), max=11182(us)!
[06:15:32.712] RX< [0m[RTMP] f_index = 1080, f_len = 13219
[06:15:32.712] RX< [7] [cam] [45
[06:15:33.371] RX< 4907][me0][me_core_thread:359]ME out fid 1080
[06:15:33.371] RX< [34m[awb0 proc] perf=6710(us), max=6710(us)!
[06:15:33.371] RX< [0m[4] [cam] [454984][qpc0][qpc_core_exception_check:405]discontinuous frame, now: 1093, last: 1091
[06:15:33.371] RX< [34m[AE] fid=1110,exp=10070,adg=275,Y=4655,mtg=180,shg=100,bgb
[06:15:34.372] RX< v=1539,iso=275,cnv2,hdr0
[06:15:34.372] RX< [0m[7] [cam] [455906][me0][me_core_thread:359]ME out fid 1110
[06:15:34.372] RX< [34m[awb0 proc] perf=6342(us), max=6710(us)!
[06:15:34.372] RX< [0m[4] [cam] [455984][qpc0][qpc_core_exception_check:405]discontinuous frame, now: 1123, last: 1121
[06:15:34.372] RX< [34m[AE] fid=1140,ex
[06:15:34.805] RX< p=10070,adg=275,Y=4612,mtg=180,shg=100,bgbv=1523,iso=275,cnv2,hdr0
[06:15:34.805] RX< [0m[7] [cam] [456906][me0][me_core_thread:359]ME out fid 1140
[06:15:34.805] RX< [34m[awb0 proc] perf=6380(us), max=6380(us)!
[06:15:34.805] RX< [0m[4] [cam] [456984][qpc0][qpc_core_exception_check:405]discontinuous frame, n
[06:15:35.712] RX< ow: 1153, last: 1151
[06:15:35.712] RX< [34m[AE] fid=1170,exp=10070,adg=275,Y=4598,mtg=180,shg=100,bgbv=1519,iso=275,cnv2,hdr0
[06:15:35.712] RX< [0m[34m[b_ae0 proc] perf=1039(us), max=3947(us)!
[06:15:35.712] RX< [0m[34m[awb0 proc] perf=3846(us), max=6380(us)!
[06:15:35.712] RX< [0m[RTMP] f_index = 1170, f_len = 12792
[06:15:35.712] RX< [7] 
[06:15:36.376] RX< [cam] [457906][me0][me_core_thread:359]ME out fid 1170
[06:15:36.376] RX< [34m[awb0 proc] perf=7181(us), max=7181(us)!
[06:15:36.376] RX< [0m[4] [cam] [457984][qpc0][qpc_core_exception_check:405]discontinuous frame, now: 1183, last: 1181
[06:15:36.376] RX< [34m[AE] fid=1200,exp=10110,adg=275,Y=4599,mtg=180,sh
[06:15:36.510] RX< g=100,bgbv=1519,iso=275,cnv2,hdr0
[06:15:36.510] RX< [0m[RTMP] slow send frame 1190 len=44633 dt=72ms
[06:15:36.510] RX< [4] [cam] [458654][qpc0][qpc_core_exception_check:411]interp not finish in sof, fid: 1202
[06:15:36.510] RX< [4] [cam] [458690][qpc0][qpc_core_exception_check:405]discontinuous frame, now: 12
[06:15:37.723] RX< 04, last: 1202
[06:15:37.723] RX< [7] [cam] [458906][me0][me_core_thread:359]ME out fid 1200
[06:15:37.723] RX< [34m[awb0 proc] perf=6484(us), max=7181(us)!
[06:15:37.723] RX< [0m[34m[AE] fid=1230,exp=10110,adg=275,Y=4606,mtg=180,shg=100,bgbv=1520,iso=275,cnv2,hdr0
[06:15:37.723] RX< [0m[7] [cam] [459906][me0][me_core_thread:3
[06:15:38.375] RX< 59]ME out fid 1230
[06:15:38.375] RX< [34m[awb0 proc] perf=6427(us), max=6484(us)!
[06:15:38.375] RX< [0m[4] [cam] [459983][qpc0][qpc_core_exception_check:405]discontinuous frame, now: 1243, last: 1241
[06:15:38.375] RX< [34m[AE] fid=1260,exp=10110,adg=275,Y=4620,mtg=180,shg=100,bgbv=1524,iso=275,cnv2,hdr0
[06:15:38.375] RX< [
[06:15:39.370] RX< 0m[34m[b_ae0 proc] perf=1138(us), max=2863(us)!
[06:15:39.370] RX< [0m[34m[awb0 proc] perf=3921(us), max=6427(us)!
[06:15:39.370] RX< [0m[RTMP] f_index = 1260, f_len = 12835
[06:15:39.370] RX< [7] [cam] [460906][me0][me_core_thread:359]ME out fid 1260
[06:15:39.370] RX< [34m[awb0 proc] perf=7375(us), max=7375(us)!
[06:15:39.370] RX< [0m[34m[
[06:15:39.804] RX< AE] fid=1290,exp=10110,adg=275,Y=4629,mtg=180,shg=100,bgbv=1528,iso=275,cnv2,hdr0
[06:15:39.804] RX< [0m[7] [cam] [461906][me0][me_core_thread:359]ME out fid 1290
[06:15:39.804] RX< [34m[awb0 proc] perf=7082(us), max=7375(us)!
[06:15:39.804] RX< [0m[4] [cam] [461983][qpc0][qpc_core_exception_check:405]discont
[06:15:40.712] RX< inuous frame, now: 1303, last: 1301
[06:15:40.712] RX< [34m[AE] fid=1320,exp=10040,adg=275,Y=4765,mtg=180,shg=100,bgbv=1559,iso=275,cnv2,hdr0
[06:15:40.712] RX< [0m[34m[ME INTP]fid=1320, shutter=10040, perf=2351(us), max=4813(us)!
[06:15:40.712] RX< [0m[7] [cam] [462905][me0][me_core_thread:359]ME out fid 13
[06:15:41.383] RX< 20
[06:15:41.383] RX< [34m[awb0 proc] perf=6876(us), max=7082(us)!
[06:15:41.383] RX< [0m[4] [cam] [462983][qpc0][qpc_core_exception_check:405]discontinuous frame, now: 1333, last: 1331
[06:15:41.383] RX< [34m[AE] fid=1350,exp=9930,adg=288,Y=4715,mtg=180,shg=100,bgbv=1522,iso=288,cnv2,hdr0
[06:15:41.383] RX< [0m[34m[b_ae0 pro
[06:15:41.803] RX< c] perf=956(us), max=3794(us)!
[06:15:41.803] RX< [0m[34m[awb0 proc] perf=3950(us), max=6876(us)!
[06:15:41.803] RX< [0m[RTMP] f_index = 1350, f_len = 23313
[06:15:41.803] RX< [7] [cam] [463905][me0][me_core_thread:359]ME out fid 1350
[06:15:41.803] RX< [4] [cam] [463982][qpc0][qpc_core_exception_check:405]discontinuous frame,
[06:15:42.803] RX<  now: 1363, last: 1361
[06:15:42.803] RX< [34m[AE] fid=1380,exp=10040,adg=282,Y=4697,mtg=180,shg=100,bgbv=1524,iso=282,cnv2,hdr0
[06:15:42.803] RX< [0m[7] [cam] [464905][me0][me_core_thread:359]ME out fid 1380
[06:15:42.803] RX< [34m[awb0 proc] perf=6294(us), max=6294(us)!
[06:15:42.803] RX< [0m[4] [cam] [464983][qpc0][qpc_cor
[06:15:44.374] RX< e_exception_check:405]discontinuous frame, now: 1393, last: 1391
[06:15:44.374] RX< [34m[AE] fid=1410,exp=10040,adg=282,Y=4715,mtg=180,shg=100,bgbv=1532,iso=282,cnv2,hdr0
[06:15:44.374] RX< [0m[7] [cam] [465905][me0][me_core_thread:359]ME out fid 1410
[06:15:44.374] RX< [34m[AE] fid=1440,exp=9930,adg=282,Y=46
[06:15:44.693] RX< 67,mtg=180,shg=100,bgbv=1533,iso=282,cnv2,hdr0
[06:15:44.693] RX< [0m[34m[b_ae0 proc] perf=1017(us), max=2966(us)!
[06:15:44.693] RX< [0m[34m[awb0 proc] perf=3980(us), max=6294(us)!
[06:15:44.693] RX< [0m[34m[ME INTP]fid=1440, shutter=9930, perf=6(us), max=4509(us)!
[06:15:44.693] RX< [0m[RTMP] f_index = 1440, f_len = 8388
[06:15:45.786] RX< 
[06:15:45.786] RX< [7] [cam] [466905][me0][me_core_thread:359]ME out fid 1440
[06:15:45.786] RX< [34m[AE] fid=1470,exp=9930,adg=282,Y=4657,mtg=180,shg=100,bgbv=1529,iso=282,cnv2,hdr0
[06:15:45.786] RX< [0m[7] [cam] [467905][me0][me_core_thread:359]ME out fid 1470
[06:15:45.786] RX< [RTMP] slow send frame 1471 len=72269 dt=61ms 
[06:15:47.374] RX< (IDR)
[06:15:47.374] RX< [34m[AE] fid=1500,exp=9930,adg=282,Y=4662,mtg=180,shg=100,bgbv=1529,iso=282,cnv2,hdr0
[06:15:47.374] RX< [0m[7] [cam] [468905][me0][me_core_thread:359]ME out fid 1500
[06:15:47.374] RX< [34m[AE] fid=1530,exp=9930,adg=282,Y=4667,mtg=180,shg=100,bgbv=1533,iso=282,cnv2,hdr0
[06:15:47.374] RX< [0m[34m[b_a
[06:15:48.368] RX< e0 proc] perf=1132(us), max=1517(us)!
[06:15:48.368] RX< [0m[34m[awb0 proc] perf=3968(us), max=4475(us)!
[06:15:48.368] RX< [0m[RTMP] f_index = 1530, f_len = 12811
[06:15:48.368] RX< [7] [cam] [469905][me0][me_core_thread:359]ME out fid 1530
[06:15:48.368] RX< [34m[AE] fid=1560,exp=9930,adg=282,Y=4659,mtg=180,shg=100,bgbv=152
[06:15:49.369] RX< 9,iso=282,cnv2,hdr0
[06:15:49.369] RX< [0m[34m[ME INTP]fid=1560, shutter=9930, perf=6(us), max=2715(us)!
[06:15:49.369] RX< [0m[7] [cam] [470904][me0][me_core_thread:359]ME out fid 1560
[06:15:49.369] RX< [4] [cam] [470981][qpc0][qpc_core_exception_check:405]discontinuous frame, now: 1573, last: 1571
[06:15:49.369] RX< [34m[AE
[06:15:49.802] RX< ] fid=1590,exp=9930,adg=282,Y=4642,mtg=180,shg=100,bgbv=1525,iso=282,cnv2,hdr0
[06:15:49.802] RX< [0m[7] [cam] [471904][me0][me_core_thread:359]ME out fid 1590
[06:15:49.802] RX< [34m[awb0 proc] perf=6576(us), max=6576(us)!
[06:15:49.802] RX< [0m[4] [cam] [471982][qpc0][qpc_core_exception_check:405]discontinu
[06:15:50.693] RX< ous frame, now: 1603, last: 1601
[06:15:50.693] RX< [34m[AE] fid=1620,exp=9930,adg=282,Y=4658,mtg=180,shg=100,bgbv=1529,iso=282,cnv2,hdr0
[06:15:50.693] RX< [0m[34m[b_ae0 proc] perf=1018(us), max=3591(us)!
[06:15:50.693] RX< [0m[34m[awb0 proc] perf=3949(us), max=6576(us)!
[06:15:50.693] RX< [0m[RTMP] f_index = 1620, f_len =
[06:15:50.836] RX<  19719
[06:15:50.836] RX< [7] [cam] [472904][me0][me_core_thread:359]ME out fid 1620
[06:15:50.836] RX< [RTMP] slow send frame 1621 len=71869 dt=52ms (IDR)
[06:15:50.836] RX< [34m[awb0 proc] perf=6274(us), max=6274(us)!
[06:15:50.836] RX< [0m[4] [cam] [473016][qpc0][qpc_core_exception_check:405]discontinuous frame, now: 1634, la
[06:15:52.470] RX< st: 1632
[06:15:52.470] RX< [34m[AE] fid=1650,exp=9930,adg=282,Y=4657,mtg=180,shg=100,bgbv=1529,iso=282,cnv2,hdr0
[06:15:52.470] RX< [0m[7] [cam] [473904][me0][me_core_thread:359]ME out fid 1650
[06:15:52.470] RX< [34m[AE] fid=1680,exp=9930,adg=282,Y=4658,mtg=180,shg=100,bgbv=1529,iso=282,cnv2,hdr0
[06:15:52.470] RX< [0m[34m[
[06:15:52.802] RX< ME INTP]fid=1680, shutter=9930, perf=6(us), max=2529(us)!
[06:15:52.802] RX< [0m[7] [cam] [474904][me0][me_core_thread:359]ME out fid 1680
[06:15:52.802] RX< [34m[awb0 proc] perf=7021(us), max=7021(us)!
[06:15:52.802] RX< [0m[4] [cam] [474981][qpc0][qpc_core_exception_check:405]discontinuous frame, now: 1693,
[06:15:53.709] RX<  last: 1691
[06:15:53.709] RX< [34m[AE] fid=1710,exp=9930,adg=282,Y=4650,mtg=180,shg=100,bgbv=1529,iso=282,cnv2,hdr0
[06:15:53.709] RX< [0m[34m[b_ae0 proc] perf=1021(us), max=4222(us)!
[06:15:53.709] RX< [0m[34m[awb0 proc] perf=3937(us), max=7021(us)!
[06:15:53.709] RX< [0m[RTMP] f_index = 1710, f_len = 8906
[06:15:53.709] RX< [7] [cam] [4759
[06:15:54.801] RX< 04][me0][me_core_thread:359]ME out fid 1710
[06:15:54.801] RX< [34m[AE] fid=1740,exp=9930,adg=282,Y=4644,mtg=180,shg=100,bgbv=1525,iso=282,cnv2,hdr0
[06:15:54.801] RX< [0m[7] [cam] [476904][me0][me_core_thread:359]ME out fid 1740
[06:15:54.801] RX< [34m[awb0 proc] perf=6569(us), max=6569(us)!
[06:15:54.801] RX< [0m[4] [cam] [4
[06:15:56.373] RX< 76981][qpc0][qpc_core_exception_check:405]discontinuous frame, now: 1753, last: 1751
[06:15:56.373] RX< [34m[AE] fid=1770,exp=9930,adg=282,Y=4651,mtg=180,shg=100,bgbv=1529,iso=282,cnv2,hdr0
[06:15:56.373] RX< [0m[7] [cam] [477903][me0][me_core_thread:359]ME out fid 1770
[06:15:56.373] RX< [34m[AE] fid=1800,ex
[06:15:56.692] RX< p=9930,adg=282,Y=4642,mtg=180,shg=100,bgbv=1525,iso=282,cnv2,hdr0
[06:15:56.692] RX< [0m[34m[b_ae0 proc] perf=1152(us), max=4291(us)!
[06:15:56.692] RX< [0m[34m[awb0 proc] perf=4022(us), max=6569(us)!
[06:15:56.692] RX< [0m[34m[ME INTP]fid=1800, shutter=9930, perf=6(us), max=3681(us)!
[06:15:56.692] RX< [0m[RTMP] f_index =
[06:15:57.752] RX<  1800, f_len = 8787
[06:15:57.752] RX< [7] [cam] [478903][me0][me_core_thread:359]ME out fid 1800
[06:15:57.752] RX< [34m[AE] fid=1830,exp=9930,adg=282,Y=4643,mtg=180,shg=100,bgbv=1525,iso=282,cnv2,hdr0
[06:15:57.752] RX< [0m[7] [cam] [479903][me0][me_core_thread:359]ME out fid 1830
[06:15:57.752] RX< [34m[awb0 proc] perf=7108(
[06:15:58.719] RX< us), max=7108(us)!
[06:15:58.719] RX< [0m[4] [cam] [479981][qpc0][qpc_core_exception_check:405]discontinuous frame, now: 1843, last: 1841
[06:15:58.719] RX< [34m[AE] fid=1860,exp=9930,adg=282,Y=4645,mtg=180,shg=100,bgbv=1525,iso=282,cnv2,hdr0
[06:15:58.719] RX< [0m[7] [cam] [480903][me0][me_core_thread:359]ME
[06:15:59.709] RX<  out fid 1860
[06:15:59.709] RX< [34m[AE] fid=1890,exp=9930,adg=282,Y=4639,mtg=180,shg=100,bgbv=1525,iso=282,cnv2,hdr0
[06:15:59.709] RX< [0m[34m[b_ae0 proc] perf=932(us), max=2329(us)!
[06:15:59.709] RX< [0m[34m[awb0 proc] perf=3955(us), max=7108(us)!
[06:15:59.709] RX< [0m[RTMP] f_index = 1890, f_len = 20808
[06:15:59.709] RX< [7] [cam] [48
[06:16:00.466] RX< 1903][me0][me_core_thread:359]ME out fid 1890
[06:16:00.466] RX< [4] [cam] [481981][qpc0][qpc_core_exception_check:405]discontinuous frame, now: 1903, last: 1901
[06:16:00.466] RX< [34m[AE] fid=1920,exp=9930,adg=282,Y=4634,mtg=180,shg=100,bgbv=1521,iso=282,cnv2,hdr0
[06:16:00.466] RX< [0m[34m[ME INTP]fid=1920
[06:16:01.751] RX< , shutter=9930, perf=6(us), max=3505(us)!
[06:16:01.751] RX< [0m[7] [cam] [482903][me0][me_core_thread:359]ME out fid 1920
[06:16:01.751] RX< [34m[AE] fid=1950,exp=9930,adg=282,Y=4643,mtg=180,shg=100,bgbv=1525,iso=282,cnv2,hdr0
[06:16:01.751] RX< [0m[7] [cam] [483903][me0][me_core_thread:359]ME out fid 1950
[06:16:01.751] RX< 
[06:16:02.373] RX< [34m[awb0 proc] perf=7386(us), max=7386(us)!
[06:16:02.373] RX< [0m[4] [cam] [483980][qpc0][qpc_core_exception_check:405]discontinuous frame, now: 1963, last: 1961
[06:16:02.373] RX< [34m[AE] fid=1980,exp=9930,adg=282,Y=4644,mtg=180,shg=100,bgbv=1525,iso=282,cnv2,hdr0
[06:16:02.373] RX< [0m[34m[b_ae0 proc] p
[06:16:03.367] RX< erf=1028(us), max=3133(us)!
[06:16:03.367] RX< [0m[34m[awb0 proc] perf=3931(us), max=7386(us)!
[06:16:03.367] RX< [0m[RTMP] f_index = 1980, f_len = 13689
[06:16:03.367] RX< [7] [cam] [484902][me0][me_core_thread:359]ME out fid 1980
[06:16:03.367] RX< [34m[AE] fid=2010,exp=9930,adg=282,Y=4649,mtg=180,shg=100,bgbv=1525,iso=282,
[06:16:04.366] RX< cnv2,hdr0
[06:16:04.366] RX< [0m[7] [cam] [485902][me0][me_core_thread:359]ME out fid 2010
[06:16:04.366] RX< [34m[awb0 proc] perf=6181(us), max=6181(us)!
[06:16:04.366] RX< [0m[4] [cam] [485980][qpc0][qpc_core_exception_check:405]discontinuous frame, now: 2023, last: 2021
[06:16:04.366] RX< [34m[AE] fid=2040,exp=9930,adg=282,
[06:16:04.800] RX< Y=4639,mtg=180,shg=100,bgbv=1525,iso=282,cnv2,hdr0
[06:16:04.800] RX< [0m[34m[ME INTP]fid=2040, shutter=9930, perf=2004(us), max=10228(us)!
[06:16:04.800] RX< [0m[7] [cam] [486902][me0][me_core_thread:359]ME out fid 2040
[06:16:04.800] RX< [4] [cam] [486980][qpc0][qpc_core_exception_check:405]discontinuous fr
[06:16:05.691] RX< ame, now: 2053, last: 2051
[06:16:05.691] RX< [34m[AE] fid=2070,exp=9930,adg=282,Y=4638,mtg=180,shg=100,bgbv=1525,iso=282,cnv2,hdr0
[06:16:05.691] RX< [0m[34m[b_ae0 proc] perf=1022(us), max=2561(us)!
[06:16:05.691] RX< [0m[34m[awb0 proc] perf=3899(us), max=6181(us)!
[06:16:05.691] RX< [0m[RTMP] f_index = 2070, f_len = 13666
[06:16:06.366] RX< 
[06:16:06.366] RX< [7] [cam] [487902][me0][me_core_thread:359]ME out fid 2070
[06:16:06.366] RX< [34m[awb0 proc] perf=6454(us), max=6454(us)!
[06:16:06.366] RX< [0m[4] [cam] [487979][qpc0][qpc_core_exception_check:405]discontinuous frame, now: 2083, last: 2081
[06:16:06.366] RX< [34m[AE] fid=2100,exp=9930,adg=282,Y=4640,mtg=18
[06:16:08.367] RX< 0,shg=100,bgbv=1525,iso=282,cnv2,hdr0
[06:16:08.367] RX< [0m[7] [cam] [488902][me0][me_core_thread:359]ME out fid 2100
[06:16:08.367] RX< [34m[AE] fid=2130,exp=9930,adg=282,Y=4637,mtg=180,shg=100,bgbv=1521,iso=282,cnv2,hdr0
[06:16:08.367] RX< [0m[7] [cam] [489902][me0][me_core_thread:359]ME out fid 2130
[06:16:08.468] RX< [34m[AE] fid=2160,exp=9930,adg=282,Y=4633,mtg=180,shg=100,bgbv=1521,iso=282,cnv2,hdr0
[06:16:08.468] RX< [0m[34m[b_ae0 proc] perf=1025(us), max=2148(us)!
[06:16:08.468] RX< [0m[34m[awb0 proc] perf=3934(us), max=6454(us)!
[06:16:08.468] RX< [0m[34m[ME INTP]fid=2160, shutter=9930, perf=2003(us), max=17753(
[06:16:10.366] RX< us)!
[06:16:10.366] RX< [0m[RTMP] f_index = 2160, f_len = 8420
[06:16:10.366] RX< [7] [cam] [490902][me0][me_core_thread:359]ME out fid 2160
[06:16:10.366] RX< [34m[AE] fid=2190,exp=9930,adg=282,Y=4645,mtg=180,shg=100,bgbv=1525,iso=282,cnv2,hdr0
[06:16:10.366] RX< [0m[7] [cam] [491902][me0][me_core_thread:359]ME out fid 2190
[06:16:10.366] RX< [
[06:16:11.372] RX< 34m[AE] fid=2220,exp=9930,adg=282,Y=4642,mtg=180,shg=100,bgbv=1525,iso=282,cnv2,hdr0
[06:16:11.372] RX< [0m[7] [cam] [492901][me0][me_core_thread:359]ME out fid 2220
[06:16:11.372] RX< [34m[AE] fid=2250,exp=9930,adg=282,Y=4628,mtg=180,shg=100,bgbv=1521,iso=282,cnv2,hdr0
[06:16:11.372] RX< [0m[34m[b_ae0 proc]
[06:16:11.799] RX<  perf=1017(us), max=3629(us)!
[06:16:11.799] RX< [0m[34m[awb0 proc] perf=3876(us), max=5969(us)!
[06:16:11.799] RX< [0m[RTMP] f_index = 2250, f_len = 13254
[06:16:11.799] RX< [7] [cam] [493901][me0][me_core_thread:359]ME out fid 2250
[06:16:11.799] RX< [34m[awb0 proc] perf=6411(us), max=6411(us)!
[06:16:11.799] RX< [0m[4] [cam] [493979][qpc0][
[06:16:12.705] RX< qpc_core_exception_check:405]discontinuous frame, now: 2263, last: 2261
[06:16:12.705] RX< [34m[AE] fid=2280,exp=9930,adg=282,Y=4624,mtg=180,shg=100,bgbv=1517,iso=282,cnv2,hdr0
[06:16:12.705] RX< [0m[34m[ME INTP]fid=2280, shutter=9930, perf=7(us), max=3022(us)!
[06:16:12.705] RX< [0m[7] [cam] [494901][me0][m
[06:16:13.365] RX< e_core_thread:359]ME out fid 2280
[06:16:13.365] RX< [34m[awb0 proc] perf=7244(us), max=7244(us)!
[06:16:13.365] RX< [0m[4] [cam] [494979][qpc0][qpc_core_exception_check:405]discontinuous frame, now: 2293, last: 2291
[06:16:13.365] RX< [34m[AE] fid=2310,exp=9930,adg=282,Y=4627,mtg=180,shg=100,bgbv=1521,iso=28
[06:16:14.370] RX< 2,cnv2,hdr0
[06:16:14.370] RX< [0m[7] [cam] [495901][me0][me_core_thread:359]ME out fid 2310
[06:16:14.370] RX< [34m[AE] fid=2340,exp=9930,adg=282,Y=4626,mtg=180,shg=100,bgbv=1521,iso=282,cnv2,hdr0
[06:16:14.370] RX< [0m[34m[b_ae0 proc] perf=1016(us), max=4094(us)!
[06:16:14.370] RX< [0m[34m[awb0 proc] perf=3892(us), max=72
[06:16:15.364] RX< 44(us)!
[06:16:15.364] RX< [0m[RTMP] f_index = 2340, f_len = 13834
[06:16:15.364] RX< [7] [cam] [496901][me0][me_core_thread:359]ME out fid 2340
[06:16:15.364] RX< [4] [cam] [496978][qpc0][qpc_core_exception_check:405]discontinuous frame, now: 2353, last: 2351
[06:16:15.364] RX< [34m[AE] fid=2370,exp=9960,adg=282,Y=4640,mtg=180,
[06:16:16.464] RX< shg=100,bgbv=1521,iso=282,cnv2,hdr0
[06:16:16.464] RX< [0m[7] [cam] [497901][me0][me_core_thread:359]ME out fid 2370
[06:16:16.464] RX< [34m[awb0 proc] perf=6047(us), max=6047(us)!
[06:16:16.464] RX< [0m[34m[AE] fid=2400,exp=9960,adg=282,Y=4614,mtg=180,shg=100,bgbv=1513,iso=282,cnv2,hdr0
[06:16:16.464] RX< [0m[34m[ME INTP]fi
[06:16:16.798] RX< d=2400, shutter=9960, perf=234(us), max=3338(us)!
[06:16:16.798] RX< [0m[7] [cam] [498901][me0][me_core_thread:359]ME out fid 2400
[06:16:16.798] RX< [34m[awb0 proc] perf=6387(us), max=6387(us)!
[06:16:16.798] RX< [0m[4] [cam] [498978][qpc0][qpc_core_exception_check:405]discontinuous frame, now: 2413, last: 2
[06:16:17.706] RX< 411
[06:16:17.706] RX< [34m[AE] fid=2430,exp=9960,adg=282,Y=4608,mtg=180,shg=100,bgbv=1509,iso=282,cnv2,hdr0
[06:16:17.706] RX< [0m[34m[b_ae0 proc] perf=1133(us), max=1135(us)!
[06:16:17.706] RX< [0m[34m[awb0 proc] perf=3942(us), max=6387(us)!
[06:16:17.706] RX< [0m[RTMP] f_index = 2430, f_len = 8784
[06:16:17.706] RX< [7] [cam] [499900][me0]
[06:16:18.716] RX< [me_core_thread:359]ME out fid 2430
[06:16:18.716] RX< [4] [cam] [499978][qpc0][qpc_core_exception_check:405]discontinuous frame, now: 2443, last: 2441
[06:16:18.716] RX< [34m[AE] fid=2460,exp=9960,adg=282,Y=4613,mtg=180,shg=100,bgbv=1513,iso=282,cnv2,hdr0
[06:16:18.716] RX< [0m[7] [cam] [500900][me0][me_core_
[06:16:19.364] RX< thread:359]ME out fid 2460
[06:16:19.364] RX< [34m[awb0 proc] perf=6411(us), max=6411(us)!
[06:16:19.364] RX< [0m[4] [cam] [500978][qpc0][qpc_core_exception_check:405]discontinuous frame, now: 2473, last: 2471
[06:16:19.364] RX< [34m[AE] fid=2490,exp=10000,adg=282,Y=4599,mtg=180,shg=100,bgbv=1505,iso=282,cnv2
[06:16:20.368] RX< ,hdr0
[06:16:20.368] RX< [0m[7] [cam] [501900][me0][me_core_thread:359]ME out fid 2490
[06:16:20.368] RX< [34m[AE] fid=2520,exp=10110,adg=282,Y=4650,mtg=180,shg=100,bgbv=1510,iso=282,cnv2,hdr0
[06:16:20.368] RX< [0m[34m[b_ae0 proc] perf=1014(us), max=1624(us)!
[06:16:20.368] RX< [0m[34m[awb0 proc] perf=3940(us), max=6411(us
[06:16:20.796] RX< )!
[06:16:20.796] RX< [0m[34m[ME INTP]fid=2520, shutter=10110, perf=6(us), max=2004(us)!
[06:16:20.796] RX< [0m[RTMP] f_index = 2520, f_len = 13179
[06:16:20.796] RX< [7] [cam] [502900][me0][me_core_thread:359]ME out fid 2520
[06:16:20.796] RX< [4] [cam] [502977][qpc0][qpc_core_exception_check:405]discontinuous frame, now: 2533
[06:16:22.364] RX< , last: 2531
[06:16:22.364] RX< [34m[AE] fid=2550,exp=10110,adg=282,Y=4658,mtg=180,shg=100,bgbv=1510,iso=282,cnv2,hdr0
[06:16:22.364] RX< [0m[7] [cam] [503900][me0][me_core_thread:359]ME out fid 2550
[06:16:22.364] RX< [34m[AE] fid=2580,exp=10110,adg=282,Y=4655,mtg=180,shg=100,bgbv=1510,iso=282,cnv2,hdr0
[06:16:22.364] RX< [0m
[06:16:23.371] RX< [7] [cam] [504900][me0][me_core_thread:359]ME out fid 2580
[06:16:23.371] RX< [34m[awb0 proc] perf=7107(us), max=7107(us)!
[06:16:23.371] RX< [0m[4] [cam] [504977][qpc0][qpc_core_exception_check:405]discontinuous frame, now: 2593, last: 2591
[06:16:23.371] RX< [34m[AE] fid=2610,exp=10110,adg=282,Y=4651,mtg=18
[06:16:23.755] RX< 0,shg=100,bgbv=1510,iso=282,cnv2,hdr0
[06:16:23.755] RX< [0m[34m[b_ae0 proc] perf=941(us), max=2347(us)!
[06:16:23.755] RX< [0m[34m[awb0 proc] perf=3978(us), max=7107(us)!
[06:16:23.755] RX< [0m[RTMP] f_index = 2610, f_len = 13109
[06:16:23.755] RX< [7] [cam] [505900][me0][me_core_thread:359]ME out fid 2610
[06:16:23.755] RX< [34m[awb0 proc] 
[06:16:24.464] RX< perf=7108(us), max=7108(us)!
[06:16:24.464] RX< [0m[4] [cam] [505977][qpc0][qpc_core_exception_check:405]discontinuous frame, now: 2623, last: 2621
[06:16:24.464] RX< [34m[AE] fid=2640,exp=10070,adg=282,Y=4640,mtg=180,shg=100,bgbv=1506,iso=282,cnv2,hdr0
[06:16:24.464] RX< [0m[34m[ME INTP]fid=2640, shutter=10
[06:16:25.715] RX< 070, perf=6(us), max=3013(us)!
[06:16:25.715] RX< [0m[7] [cam] [506899][me0][me_core_thread:359]ME out fid 2640
[06:16:25.715] RX< [34m[awb0 proc] perf=6319(us), max=7108(us)!
[06:16:25.715] RX< [0m[34m[AE] fid=2670,exp=10110,adg=282,Y=4643,mtg=180,shg=100,bgbv=1506,iso=282,cnv2,hdr0
[06:16:25.715] RX< [0m[7] [cam] [507899][m
[06:16:26.687] RX< e0][me_core_thread:359]ME out fid 2670
[06:16:26.687] RX< [34m[AE] fid=2700,exp=10110,adg=282,Y=4630,mtg=180,shg=100,bgbv=1502,iso=282,cnv2,hdr0
[06:16:26.687] RX< [0m[34m[b_ae0 proc] perf=1083(us), max=2440(us)!
[06:16:26.687] RX< [0m[34m[awb0 proc] perf=3947(us), max=6319(us)!
[06:16:26.687] RX< [0m[RTMP] f_index = 2700, 
[06:16:27.748] RX< f_len = 20266
[06:16:27.748] RX< [7] [cam] [508899][me0][me_core_thread:359]ME out fid 2700
[06:16:27.748] RX< [34m[AE] fid=2730,exp=10110,adg=282,Y=4655,mtg=180,shg=100,bgbv=1510,iso=282,cnv2,hdr0
[06:16:27.748] RX< [0m[7] [cam] [509899][me0][me_core_thread:359]ME out fid 2730
[06:16:27.748] RX< [34m[awb0 proc] perf=6040(us), 
[06:16:28.464] RX< max=6040(us)!
[06:16:28.464] RX< [0m[4] [cam] [509977][qpc0][qpc_core_exception_check:405]discontinuous frame, now: 2743, last: 2741
[06:16:28.464] RX< [34m[AE] fid=2760,exp=10110,adg=282,Y=4653,mtg=180,shg=100,bgbv=1510,iso=282,cnv2,hdr0
[06:16:28.464] RX< [0m[34m[ME INTP]fid=2760, shutter=10110, perf=6(us)
[06:16:29.367] RX< , max=2615(us)!
[06:16:29.367] RX< [0m[7] [cam] [510899][me0][me_core_thread:359]ME out fid 2760
[06:16:29.367] RX< [4] [cam] [510976][qpc0][qpc_core_exception_check:405]discontinuous frame, now: 2773, last: 2771
[06:16:29.367] RX< [34m[AE] fid=2790,exp=10110,adg=282,Y=4652,mtg=180,shg=100,bgbv=1510,iso=282,cn
[06:16:29.751] RX< v2,hdr0
[06:16:29.751] RX< [0m[34m[b_ae0 proc] perf=937(us), max=1132(us)!
[06:16:29.751] RX< [0m[34m[awb0 proc] perf=3951(us), max=6040(us)!
[06:16:29.751] RX< [0m[RTMP] f_index = 2790, f_len = 13098
[06:16:29.751] RX< [7] [cam] [511899][me0][me_core_thread:359]ME out fid 2790
[06:16:29.751] RX< [34m[awb0 proc] perf=6571(us), max=6571(us)!
[06:16:29.751] RX< 
[06:16:31.362] RX< [0m[4] [cam] [511976][qpc0][qpc_core_exception_check:405]discontinuous frame, now: 2803, last: 2801
[06:16:31.362] RX< [34m[AE] fid=2820,exp=10110,adg=282,Y=4649,mtg=180,shg=100,bgbv=1506,iso=282,cnv2,hdr0
[06:16:31.362] RX< [0m[7] [cam] [512899][me0][me_core_thread:359]ME out fid 2820
[06:16:31.362] RX< [34m
[06:16:32.367] RX< [AE] fid=2850,exp=10110,adg=282,Y=4655,mtg=180,shg=100,bgbv=1510,iso=282,cnv2,hdr0
[06:16:32.367] RX< [0m[7] [cam] [513899][me0][me_core_thread:359]ME out fid 2850
[06:16:32.367] RX< [34m[AE] fid=2880,exp=10110,adg=282,Y=4655,mtg=180,shg=100,bgbv=1510,iso=282,cnv2,hdr0
[06:16:32.367] RX< [0m[34m[b_ae0 proc] 
[06:16:32.795] RX< perf=1018(us), max=1699(us)!
[06:16:32.795] RX< [0m[34m[awb0 proc] perf=3942(us), max=6571(us)!
[06:16:32.795] RX< [0m[34m[ME INTP]fid=2880, shutter=10110, perf=7(us), max=775(us)!
[06:16:32.795] RX< [0m[RTMP] f_index = 2880, f_len = 8682
[06:16:32.795] RX< [7] [cam] [514898][me0][me_core_thread:359]ME out fid 2880
[06:16:32.795] RX< [4] [cam]
[06:16:33.796] RX<  [514976][qpc0][qpc_core_exception_check:405]discontinuous frame, now: 2893, last: 2891
[06:16:33.796] RX< [34m[AE] fid=2910,exp=10110,adg=282,Y=4653,mtg=180,shg=100,bgbv=1510,iso=282,cnv2,hdr0
[06:16:33.796] RX< [0m[7] [cam] [515898][me0][me_core_thread:359]ME out fid 2910
[06:16:33.796] RX< [4] [cam] [515977
[06:16:35.366] RX< ][qpc0][qpc_core_exception_check:405]discontinuous frame, now: 2923, last: 2921
[06:16:35.366] RX< [34m[AE] fid=2940,exp=10110,adg=282,Y=4656,mtg=180,shg=100,bgbv=1510,iso=282,cnv2,hdr0
[06:16:35.366] RX< [0m[7] [cam] [516898][me0][me_core_thread:359]ME out fid 2940
[06:16:35.366] RX< [34m[AE] fid=2970,exp=10
[06:16:35.703] RX< 110,adg=282,Y=4670,mtg=180,shg=100,bgbv=1514,iso=282,cnv2,hdr0
[06:16:35.703] RX< [0m[34m[b_ae0 proc] perf=1154(us), max=1404(us)!
[06:16:35.703] RX< [0m[34m[awb0 proc] perf=3945(us), max=4945(us)!
[06:16:35.703] RX< [0m[RTMP] f_index = 2970, f_len = 12678
[06:16:35.703] RX< [7] [cam] [517898][me0][me_core_thread:359]ME out 
[06:16:36.795] RX< fid 2970
[06:16:36.795] RX< [34m[AE] fid=3000,exp=10110,adg=282,Y=4666,mtg=180,shg=100,bgbv=1514,iso=282,cnv2,hdr0
[06:16:36.795] RX< [0m[34m[ME INTP]fid=3000, shutter=10110, perf=5(us), max=2091(us)!
[06:16:36.795] RX< [0m[7] [cam] [518898][me0][me_core_thread:359]ME out fid 3000
[06:16:36.795] RX< [4] [cam] [518975][qpc0][qp
[06:16:37.745] RX< c_core_exception_check:405]discontinuous frame, now: 3013, last: 3011
[06:16:37.745] RX< [34m[AE] fid=3030,exp=10110,adg=282,Y=4668,mtg=180,shg=100,bgbv=1514,iso=282,cnv2,hdr0
[06:16:37.745] RX< [0m[7] [cam] [519898][me0][me_core_thread:359]ME out fid 3030
[06:16:37.745] RX< [34m[awb0 proc] perf=6143(us), max
[06:16:38.368] RX< =6143(us)!
[06:16:38.368] RX< [0m[4] [cam] [519975][qpc0][qpc_core_exception_check:405]discontinuous frame, now: 3043, last: 3041
[06:16:38.368] RX< [34m[AE] fid=3060,exp=9930,adg=300,Y=5126,mtg=180,shg=100,bgbv=1512,iso=300,cnv2,hdr0
[06:16:38.368] RX< [0m[34m[b_ae0 proc] perf=937(us), max=3453(us)!
[06:16:38.368] RX< [0m[
[06:16:39.713] RX< 34m[awb0 proc] perf=3831(us), max=6143(us)!
[06:16:39.713] RX< [0m[RTMP] f_index = 3060, f_len = 14622
[06:16:39.713] RX< [7] [cam] [520898][me0][me_core_thread:359]ME out fid 3060
[06:16:39.713] RX< [34m[AE] fid=3090,exp=9930,adg=288,Y=4726,mtg=180,shg=100,bgbv=1518,iso=288,cnv2,hdr0
[06:16:39.713] RX< [0m[7] [cam] [521897][me
[06:16:40.461] RX< 0][me_core_thread:359]ME out fid 3090
[06:16:40.461] RX< [4] [cam] [521975][qpc0][qpc_core_exception_check:405]discontinuous frame, now: 3103, last: 3101
[06:16:40.461] RX< [34m[AE] fid=3120,exp=9930,adg=288,Y=4681,mtg=180,shg=100,bgbv=1510,iso=288,cnv2,hdr0
[06:16:40.461] RX< [0m[34m[ME INTP]fid=3120, shutte
[06:16:41.366] RX< r=9930, perf=6(us), max=4420(us)!
[06:16:41.366] RX< [0m[7] [cam] [522897][me0][me_core_thread:359]ME out fid 3120
[06:16:41.366] RX< [34m[awb0 proc] perf=7141(us), max=7141(us)!
[06:16:41.366] RX< [0m[4] [cam] [522975][qpc0][qpc_core_exception_check:405]discontinuous frame, now: 3133, last: 3131
[06:16:41.366] RX< [34m[AE] fi
[06:16:41.702] RX< d=3150,exp=9930,adg=288,Y=4675,mtg=180,shg=100,bgbv=1510,iso=288,cnv2,hdr0
[06:16:41.702] RX< [0m[34m[b_ae0 proc] perf=935(us), max=1791(us)!
[06:16:41.702] RX< [0m[34m[awb0 proc] perf=3940(us), max=7141(us)!
[06:16:41.702] RX< [0m[RTMP] f_index = 3150, f_len = 20337
[06:16:41.702] RX< [7] [cam] [523897][me0][me_core_thread:
[06:16:42.361] RX< 359]ME out fid 3150
[06:16:42.361] RX< [34m[awb0 proc] perf=6210(us), max=6210(us)!
[06:16:42.361] RX< [0m[4] [cam] [523975][qpc0][qpc_core_exception_check:405]discontinuous frame, now: 3163, last: 3161
[06:16:42.361] RX< [34m[AE] fid=3180,exp=9930,adg=288,Y=4671,mtg=180,shg=100,bgbv=1507,iso=288,cnv2,hdr0
[06:16:42.361] RX< [
[06:16:43.713] RX< 0m[7] [cam] [524897][me0][me_core_thread:359]ME out fid 3180
[06:16:43.713] RX< [4] [cam] [524975][qpc0][qpc_core_exception_check:405]discontinuous frame, now: 3193, last: 3191
[06:16:43.713] RX< [34m[AE] fid=3210,exp=9930,adg=288,Y=4675,mtg=180,shg=100,bgbv=1510,iso=288,cnv2,hdr0
[06:16:43.713] RX< [0m[7] [ca
[06:16:44.365] RX< m] [525897][me0][me_core_thread:359]ME out fid 3210
[06:16:44.365] RX< [4] [cam] [525974][qpc0][qpc_core_exception_check:405]discontinuous frame, now: 3223, last: 3221
[06:16:44.365] RX< [34m[AE] fid=3240,exp=9930,adg=288,Y=4655,mtg=180,shg=100,bgbv=1503,iso=288,cnv2,hdr0
[06:16:44.365] RX< [0m[34m[b_ae0 proc
[06:16:44.748] RX< ] perf=1016(us), max=4398(us)!
[06:16:44.748] RX< [0m[34m[awb0 proc] perf=3816(us), max=6210(us)!
[06:16:44.748] RX< [0m[34m[ME INTP]fid=3240, shutter=9930, perf=6(us), max=18855(us)!
[06:16:44.748] RX< [0m[RTMP] f_index = 3240, f_len = 8738
[06:16:44.748] RX< [7] [cam] [526897][me0][me_core_thread:359]ME out fid 3240
[06:16:44.748] RX< [34m[
[06:16:45.712] RX< awb0 proc] perf=7187(us), max=7187(us)!
[06:16:45.712] RX< [0m[4] [cam] [526974][qpc0][qpc_core_exception_check:405]discontinuous frame, now: 3253, last: 3251
[06:16:45.712] RX< [34m[AE] fid=3270,exp=9930,adg=288,Y=4662,mtg=180,shg=100,bgbv=1503,iso=288,cnv2,hdr0
[06:16:45.712] RX< [0m[7] [cam] [527897][me0][
[06:16:46.360] RX< me_core_thread:359]ME out fid 3270
[06:16:46.360] RX< [34m[awb0 proc] perf=7824(us), max=7824(us)!
[06:16:46.360] RX< [0m[4] [cam] [527974][qpc0][qpc_core_exception_check:405]discontinuous frame, now: 3283, last: 3281
[06:16:46.360] RX< [34m[AE] fid=3300,exp=9930,adg=288,Y=4664,mtg=180,shg=100,bgbv=1507,iso=2
[06:16:47.365] RX< 88,cnv2,hdr0
[06:16:47.365] RX< [0m[7] [cam] [528897][me0][me_core_thread:359]ME out fid 3300
[06:16:47.365] RX< [4] [cam] [528974][qpc0][qpc_core_exception_check:405]discontinuous frame, now: 3313, last: 3311
[06:16:47.365] RX< [34m[AE] fid=3330,exp=9930,adg=288,Y=4666,mtg=180,shg=100,bgbv=1507,iso=288,cnv2,h
[06:16:48.360] RX< dr0
[06:16:48.360] RX< [0m[34m[b_ae0 proc] perf=913(us), max=4614(us)!
[06:16:48.360] RX< [0m[34m[awb0 proc] perf=3938(us), max=7824(us)!
[06:16:48.360] RX< [0m[RTMP] f_index = 3330, f_len = 21791
[06:16:48.360] RX< [7] [cam] [529896][me0][me_core_thread:359]ME out fid 3330
[06:16:48.360] RX< [34m[awb0 proc] perf=6090(us), max=6090(us)!
[06:16:48.360] RX< [0m
[06:16:48.793] RX< [34m[AE] fid=3360,exp=9930,adg=288,Y=4680,mtg=180,shg=100,bgbv=1510,iso=288,cnv2,hdr0
[06:16:48.793] RX< [0m[34m[ME INTP]fid=3360, shutter=9930, perf=6(us), max=2236(us)!
[06:16:48.793] RX< [0m[7] [cam] [530896][me0][me_core_thread:359]ME out fid 3360
[06:16:48.793] RX< [4] [cam] [530974][qpc0][qpc_core_excep
[06:16:49.792] RX< tion_check:405]discontinuous frame, now: 3373, last: 3371
[06:16:49.792] RX< [34m[AE] fid=3390,exp=9930,adg=288,Y=4677,mtg=180,shg=100,bgbv=1510,iso=288,cnv2,hdr0
[06:16:49.792] RX< [0m[7] [cam] [531896][me0][me_core_thread:359]ME out fid 3390
[06:16:49.792] RX< [4] [cam] [531974][qpc0][qpc_core_exception_chec
[06:16:50.685] RX< k:405]discontinuous frame, now: 3403, last: 3401
[06:16:50.685] RX< [34m[AE] fid=3420,exp=9930,adg=288,Y=4678,mtg=180,shg=100,bgbv=1510,iso=288,cnv2,hdr0
[06:16:50.685] RX< [0m[34m[b_ae0 proc] perf=1012(us), max=1971(us)!
[06:16:50.685] RX< [0m[34m[awb0 proc] perf=3950(us), max=6090(us)!
[06:16:50.685] RX< [0m[RTMP] f_index
[06:16:51.358] RX<  = 3420, f_len = 20574
[06:16:51.358] RX< [7] [cam] [532896][me0][me_core_thread:359]ME out fid 3420
[06:16:51.358] RX< [34m[awb0 proc] perf=6129(us), max=6129(us)!
[06:16:51.358] RX< [0m[4] [cam] [532973][qpc0][qpc_core_exception_check:405]discontinuous frame, now: 3433, last: 3431
[06:16:51.358] RX< [34m[AE] fid=3450,exp=9930
[06:16:52.459] RX< ,adg=288,Y=4684,mtg=180,shg=100,bgbv=1510,iso=288,cnv2,hdr0
[06:16:52.459] RX< [0m[7] [cam] [533896][me0][me_core_thread:359]ME out fid 3450
[06:16:52.459] RX< [34m[AE] fid=3480,exp=9930,adg=288,Y=4672,mtg=180,shg=100,bgbv=1507,iso=288,cnv2,hdr0
[06:16:52.459] RX< [0m[34m[ME INTP]fid=3480, shutter=9930, perf
[06:16:53.363] RX< =5(us), max=7143(us)!
[06:16:53.363] RX< [0m[7] [cam] [534896][me0][me_core_thread:359]ME out fid 3480
[06:16:53.363] RX< [34m[AE] fid=3510,exp=9930,adg=288,Y=4670,mtg=180,shg=100,bgbv=1507,iso=288,cnv2,hdr0
[06:16:53.363] RX< [0m[34m[b_ae0 proc] perf=1012(us), max=1136(us)!
[06:16:53.363] RX< [0m[34m[awb0 proc] perf=3944(u
[06:16:54.358] RX< s), max=6129(us)!
[06:16:54.358] RX< [0m[RTMP] f_index = 3510, f_len = 20995
[06:16:54.358] RX< [7] [cam] [535896][me0][me_core_thread:359]ME out fid 3510
[06:16:54.358] RX< [34m[awb0 proc] perf=6950(us), max=6950(us)!
[06:16:54.358] RX< [0m[34m[AE] fid=3540,exp=9930,adg=288,Y=4666,mtg=180,shg=100,bgbv=1507,iso=288,cnv2,hdr0
[06:16:54.358] RX< 
[06:16:56.359] RX< [0m[7] [cam] [536895][me0][me_core_thread:359]ME out fid 3540
[06:16:56.359] RX< [34m[AE] fid=3570,exp=9930,adg=288,Y=4662,mtg=180,shg=100,bgbv=1503,iso=288,cnv2,hdr0
[06:16:56.359] RX< [0m[7] [cam] [537895][me0][me_core_thread:359]ME out fid 3570
[06:16:56.461] RX< [34m[AE] fid=3600,exp=10230,adg=300,Y=4566,mtg=180,shg=100,bgbv=1414,iso=300,cnv2,hdr0
[06:16:56.461] RX< [0m[34m[b_ae0 proc] perf=1119(us), max=4671(us)!
[06:16:56.461] RX< [0m[34m[awb0 proc] perf=4003(us), max=6950(us)!
[06:16:56.461] RX< [0m[34m[ME INTP]fid=3600, shutter=10230, perf=2992(us), max=4534
[06:16:57.710] RX< (us)!
[06:16:57.710] RX< [0m[RTMP] f_index = 3600, f_len = 12612
[06:16:57.710] RX< [7] [cam] [538895][me0][me_core_thread:359]ME out fid 3600
[06:16:57.710] RX< [34m[AE] fid=3630,exp=10070,adg=288,Y=4665,mtg=180,shg=100,bgbv=1491,iso=288,cnv2,hdr0
[06:16:57.710] RX< [0m[7] [cam] [539895][me0][me_core_thread:359]ME out fid 3630
[06:16:58.710] RX< 
[06:16:58.710] RX< [34m[awb0 proc] perf=6743(us), max=6743(us)!
[06:16:58.710] RX< [0m[4] [cam] [539972][qpc0][qpc_core_exception_check:405]discontinuous frame, now: 3643, last: 3641
[06:16:58.710] RX< [34m[AE] fid=3660,exp=10030,adg=288,Y=4698,mtg=180,shg=100,bgbv=1502,iso=288,cnv2,hdr0
[06:16:58.710] RX< [0m[7] [cam] [54089
[06:16:59.363] RX< 5][me0][me_core_thread:359]ME out fid 3660
[06:16:59.363] RX< [4] [cam] [540972][qpc0][qpc_core_exception_check:405]discontinuous frame, now: 3673, last: 3671
[06:16:59.363] RX< [34m[AE] fid=3690,exp=10030,adg=288,Y=4693,mtg=180,shg=100,bgbv=1502,iso=288,cnv2,hdr0
[06:16:59.363] RX< [0m[34m[b_ae0 proc] perf=1
[06:16:59.958] RX< 018(us), max=1583(us)!
[06:16:59.958] RX< [0m[34m[awb0 proc] perf=3934(us), max=6743(us)!
[06:16:59.958] RX< [0m[RTMP] f_index = 3690, f_len = 20246
[06:16:59.958] RX< [7] [cam] [541895][me0][me_core_thread:359]ME out fid 3690
[06:16:59.958] RX< [RTMP] slow send frame 3691 len=72996 dt=162ms (IDR)
[06:16:59.958] RX< [4] [cam] [542139][qpc0][qpc_
[06:17:00.698] RX< core_exception_check:405]discontinuous frame, now: 3708, last: 3706
[06:17:00.698] RX< [34m[AE] fid=3720,exp=10030,adg=288,Y=4697,mtg=180,shg=100,bgbv=1502,iso=288,cnv2,hdr0
[06:17:00.698] RX< [0m[34m[ME INTP]fid=3720, shutter=10030, perf=345(us), max=14507(us)!
[06:17:00.698] RX< [0m[7] [cam] [542895][me0][
[06:17:01.357] RX< me_core_thread:359]ME out fid 3720
[06:17:01.357] RX< [34m[awb0 proc] perf=6595(us), max=6595(us)!
[06:17:01.357] RX< [0m[4] [cam] [542972][qpc0][qpc_core_exception_check:405]discontinuous frame, now: 3733, last: 3731
[06:17:01.357] RX< [34m[AE] fid=3750,exp=10030,adg=288,Y=4689,mtg=180,shg=100,bgbv=1502,iso=
[06:17:02.363] RX< 288,cnv2,hdr0
[06:17:02.363] RX< [0m[7] [cam] [543894][me0][me_core_thread:359]ME out fid 3750
[06:17:02.363] RX< [4] [cam] [543972][qpc0][qpc_core_exception_check:405]discontinuous frame, now: 3763, last: 3761
[06:17:02.363] RX< [34m[AE] fid=3780,exp=10030,adg=288,Y=4681,mtg=180,shg=100,bgbv=1498,iso=288,cnv2
[06:17:02.790] RX< ,hdr0
[06:17:02.790] RX< [0m[34m[b_ae0 proc] perf=1017(us), max=2119(us)!
[06:17:02.790] RX< [0m[34m[awb0 proc] perf=3824(us), max=6595(us)!
[06:17:02.790] RX< [0m[RTMP] f_index = 3780, f_len = 8821
[06:17:02.790] RX< [7] [cam] [544894][me0][me_core_thread:359]ME out fid 3780
[06:17:02.790] RX< [4] [cam] [544972][qpc0][qpc_core_exception_check
[06:17:04.357] RX< :405]discontinuous frame, now: 3793, last: 3791
[06:17:04.357] RX< [34m[AE] fid=3810,exp=10030,adg=288,Y=4687,mtg=180,shg=100,bgbv=1498,iso=288,cnv2,hdr0
[06:17:04.357] RX< [0m[7] [cam] [545894][me0][me_core_thread:359]ME out fid 3810
[06:17:04.357] RX< [34m[awb0 proc] perf=6770(us), max=6770(us)!
[06:17:04.357] RX< [0m[34m[A
[06:17:04.745] RX< E] fid=3840,exp=10030,adg=288,Y=4680,mtg=180,shg=100,bgbv=1498,iso=288,cnv2,hdr0
[06:17:04.745] RX< [0m[34m[ME INTP]fid=3840, shutter=10030, perf=6(us), max=891(us)!
[06:17:04.745] RX< [0m[7] [cam] [546894][me0][me_core_thread:359]ME out fid 3840
[06:17:04.745] RX< [34m[awb0 proc] perf=6096(us), max=6770(us)
[06:17:05.697] RX< !
[06:17:05.697] RX< [0m[34m[AE] fid=3870,exp=10030,adg=288,Y=4685,mtg=180,shg=100,bgbv=1498,iso=288,cnv2,hdr0
[06:17:05.697] RX< [0m[34m[b_ae0 proc] perf=1093(us), max=4061(us)!
[06:17:05.697] RX< [0m[34m[awb0 proc] perf=3913(us), max=6096(us)!
[06:17:05.697] RX< [0m[RTMP] f_index = 3870, f_len = 8880
[06:17:05.697] RX< [7] [cam] [547894][m
[06:17:06.709] RX< e0][me_core_thread:359]ME out fid 3870
[06:17:06.709] RX< [4] [cam] [547971][qpc0][qpc_core_exception_check:405]discontinuous frame, now: 3883, last: 3881
[06:17:06.709] RX< [34m[AE] fid=3900,exp=10030,adg=288,Y=4681,mtg=180,shg=100,bgbv=1498,iso=288,cnv2,hdr0
[06:17:06.709] RX< [0m[7] [cam] [548894][me0][me_c
[06:17:07.709] RX< ore_thread:359]ME out fid 3900
[06:17:07.709] RX< [4] [cam] [548971][qpc0][qpc_core_exception_check:405]discontinuous frame, now: 3913, last: 3911
[06:17:07.709] RX< [34m[AE] fid=3930,exp=10030,adg=288,Y=4698,mtg=180,shg=100,bgbv=1502,iso=288,cnv2,hdr0
[06:17:07.709] RX< [0m[7] [cam] [549894][me0][me_core_thre
[06:17:08.361] RX< ad:359]ME out fid 3930
[06:17:08.361] RX< [RTMP] slow send frame 3931 len=72720 dt=55ms (IDR)
[06:17:08.361] RX< [34m[AE] fid=3960,exp=10030,adg=288,Y=4688,mtg=180,shg=100,bgbv=1502,iso=288,cnv2,hdr0
[06:17:08.361] RX< [0m[34m[b_ae0 proc] perf=1018(us), max=3145(us)!
[06:17:08.361] RX< [0m[34m[awb0 proc] perf=3954(us), max=4
[06:17:09.356] RX< 263(us)!
[06:17:09.356] RX< [0m[34m[ME INTP]fid=3960, shutter=10030, perf=5(us), max=940(us)!
[06:17:09.356] RX< [0m[RTMP] f_index = 3960, f_len = 20547
[06:17:09.356] RX< [7] [cam] [550893][me0][me_core_thread:359]ME out fid 3960
[06:17:09.356] RX< [34m[AE] fid=3990,exp=10030,adg=288,Y=4695,mtg=180,shg=100,bgbv=1502,iso=288,c
[06:17:10.356] RX< nv2,hdr0
[06:17:10.356] RX< [0m[7] [cam] [551893][me0][me_core_thread:359]ME out fid 3990
[06:17:10.356] RX< [4] [cam] [551971][qpc0][qpc_core_exception_check:405]discontinuous frame, now: 4003, last: 4001
[06:17:10.356] RX< [34m[AE] fid=4020,exp=10030,adg=288,Y=4692,mtg=180,shg=100,bgbv=1502,iso=288,cnv2,hdr0
[06:17:11.361] RX< 
[06:17:11.361] RX< [0m[7] [cam] [552893][me0][me_core_thread:359]ME out fid 4020
[06:17:11.361] RX< [4] [cam] [552971][qpc0][qpc_core_exception_check:405]discontinuous frame, now: 4033, last: 4031
[06:17:11.361] RX< [34m[AE] fid=4050,exp=10030,adg=288,Y=4688,mtg=180,shg=100,bgbv=1502,iso=288,cnv2,hdr0
[06:17:11.361] RX< [0m[3
[06:17:11.789] RX< 4m[b_ae0 proc] perf=1021(us), max=1594(us)!
[06:17:11.789] RX< [0m[34m[awb0 proc] perf=3932(us), max=5908(us)!
[06:17:11.789] RX< [0m[RTMP] f_index = 4050, f_len = 8724
[06:17:11.789] RX< [7] [cam] [553893][me0][me_core_thread:359]ME out fid 4050
[06:17:11.789] RX< [4] [cam] [553971][qpc0][qpc_core_exception_check:405]disconti
[06:17:12.696] RX< nuous frame, now: 4063, last: 4061
[06:17:12.696] RX< [34m[AE] fid=4080,exp=10030,adg=288,Y=4691,mtg=180,shg=100,bgbv=1502,iso=288,cnv2,hdr0
[06:17:12.696] RX< [0m[34m[ME INTP]fid=4080, shutter=10030, perf=233(us), max=761(us)!
[06:17:12.696] RX< [0m[7] [cam] [554893][me0][me_core_thread:359]ME out fid 4080
[06:17:13.788] RX< [34m[AE] fid=4110,exp=10030,adg=288,Y=4684,mtg=180,shg=100,bgbv=1498,iso=288,cnv2,hdr0
[06:17:13.788] RX< [0m[7] [cam] [555893][me0][me_core_thread:359]ME out fid 4110
[06:17:13.788] RX< [34m[awb0 proc] perf=6589(us), max=6589(us)!
[06:17:13.788] RX< [0m[4] [cam] [555969][qpc0][qpc_core_exception_check:405]d
[06:17:14.680] RX< iscontinuous frame, now: 4123, last: 4121
[06:17:14.680] RX< [34m[AE] fid=4140,exp=10030,adg=288,Y=4681,mtg=180,shg=100,bgbv=1498,iso=288,cnv2,hdr0
[06:17:14.680] RX< [0m[34m[b_ae0 proc] perf=1017(us), max=3848(us)!
[06:17:14.680] RX< [0m[34m[awb0 proc] perf=3821(us), max=6589(us)!
[06:17:14.680] RX< [0m[RTMP] f_index = 414
[06:17:15.356] RX< 0, f_len = 13750
[06:17:15.356] RX< [7] [cam] [556893][me0][me_core_thread:359]ME out fid 4140
[06:17:15.356] RX< [34m[awb0 proc] perf=6564(us), max=6564(us)!
[06:17:15.356] RX< [0m[4] [cam] [556970][qpc0][qpc_core_exception_check:405]discontinuous frame, now: 4153, last: 4151
[06:17:15.356] RX< [34m[AE] fid=4170,exp=10030,adg=
[06:17:16.355] RX< 288,Y=4682,mtg=180,shg=100,bgbv=1498,iso=288,cnv2,hdr0
[06:17:16.355] RX< [0m[7] [cam] [557893][me0][me_core_thread:359]ME out fid 4170
[06:17:16.355] RX< [RTMP] slow send frame 4171 len=73650 dt=83ms (IDR)
[06:17:16.355] RX< [34m[AE] fid=4200,exp=10030,adg=288,Y=4678,mtg=180,shg=100,bgbv=1498,iso=288,cnv2,hdr
[06:17:17.360] RX< 0
[06:17:17.360] RX< [0m[34m[ME INTP]fid=4200, shutter=10030, perf=5(us), max=700(us)!
[06:17:17.360] RX< [0m[7] [cam] [558892][me0][me_core_thread:359]ME out fid 4200
[06:17:17.360] RX< [34m[AE] fid=4230,exp=10030,adg=288,Y=4666,mtg=180,shg=100,bgbv=1495,iso=288,cnv2,hdr0
[06:17:17.360] RX< [0m[34m[b_ae0 proc] perf=1016(us)
[06:17:18.355] RX< , max=2272(us)!
[06:17:18.355] RX< [0m[34m[awb0 proc] perf=3946(us), max=6564(us)!
[06:17:18.355] RX< [0m[RTMP] f_index = 4230, f_len = 20584
[06:17:18.355] RX< [7] [cam] [559892][me0][me_core_thread:359]ME out fid 4230
[06:17:18.355] RX< [34m[awb0 proc] perf=6092(us), max=6092(us)!
[06:17:18.355] RX< [0m[34m[AE] fid=4260,exp=10030,adg=288,Y=
[06:17:18.788] RX< 4668,mtg=180,shg=100,bgbv=1495,iso=288,cnv2,hdr0
[06:17:18.788] RX< [0m[7] [cam] [560892][me0][me_core_thread:359]ME out fid 4260
[06:17:18.788] RX< [34m[awb0 proc] perf=7039(us), max=7039(us)!
[06:17:18.788] RX< [0m[4] [cam] [560970][qpc0][qpc_core_exception_check:405]discontinuous frame, now: 4273, last: 42
[06:17:20.359] RX< 71
[06:17:20.359] RX< [34m[AE] fid=4290,exp=10030,adg=288,Y=4664,mtg=180,shg=100,bgbv=1495,iso=288,cnv2,hdr0
[06:17:20.359] RX< [0m[7] [cam] [561892][me0][me_core_thread:359]ME out fid 4290
[06:17:20.359] RX< [4] [cam] [561970][qpc0][qpc_core_exception_check:405]discontinuous frame, now: 4303, last: 4301
[06:17:20.359] RX< [34m
[06:17:20.455] RX< [AE] fid=4320,exp=10030,adg=288,Y=4672,mtg=180,shg=100,bgbv=1495,iso=288,cnv2,hdr0
[06:17:20.455] RX< [0m[34m[b_ae0 proc] perf=1034(us), max=2348(us)!
[06:17:20.455] RX< [0m[34m[awb0 proc] perf=3945(us), max=7039(us)!
[06:17:20.455] RX< [0m[34m[ME INTP]fid=4320, shutter=10030, perf=7(us), max=887(us)!
[06:17:20.455] RX< [0
[06:17:22.354] RX< m[RTMP] f_index = 4320, f_len = 8841
[06:17:22.354] RX< [7] [cam] [562892][me0][me_core_thread:359]ME out fid 4320
[06:17:22.354] RX< [34m[AE] fid=4350,exp=10030,adg=288,Y=4673,mtg=180,shg=100,bgbv=1495,iso=288,cnv2,hdr0
[06:17:22.354] RX< [0m[7] [cam] [563892][me0][me_core_thread:359]ME out fid 4350
[06:17:22.354] RX< [34m[AE]
[06:17:23.359] RX<  fid=4380,exp=10030,adg=288,Y=4671,mtg=180,shg=100,bgbv=1495,iso=288,cnv2,hdr0
[06:17:23.359] RX< [0m[7] [cam] [564892][me0][me_core_thread:359]ME out fid 4380
[06:17:23.359] RX< [4] [cam] [564969][qpc0][qpc_core_exception_check:405]discontinuous frame, now: 4393, last: 4391
[06:17:23.359] RX< [34m[AE] fid=441
[06:17:23.728] RX< 0,exp=10030,adg=288,Y=4670,mtg=180,shg=100,bgbv=1495,iso=288,cnv2,hdr0
[06:17:23.728] RX< [0m[34m[b_ae0 proc] perf=1003(us), max=3572(us)!
[06:17:23.728] RX< [0m[34m[awb0 proc] perf=3823(us), max=4395(us)!
[06:17:23.728] RX< [0m[RTMP] f_index = 4410, f_len = 21360
[06:17:23.728] RX< [7] [cam] [565922][me0][me_core_thread:359
[06:17:24.354] RX< ]ME out fid 4410
[06:17:24.354] RX< [34m[awb0 proc] perf=6038(us), max=6038(us)!
[06:17:24.354] RX< [0m[4] [cam] [565969][qpc0][qpc_core_exception_check:405]discontinuous frame, now: 4423, last: 4421
[06:17:24.354] RX< [34m[AE] fid=4440,exp=10030,adg=288,Y=4673,mtg=180,shg=100,bgbv=1495,iso=288,cnv2,hdr0
[06:17:24.354] RX< [0m
[06:17:25.706] RX< [34m[ME INTP]fid=4440, shutter=10030, perf=6(us), max=1092(us)!
[06:17:25.706] RX< [0m[7] [cam] [566891][me0][me_core_thread:359]ME out fid 4440
[06:17:25.706] RX< [34m[AE] fid=4470,exp=10030,adg=288,Y=4678,mtg=180,shg=100,bgbv=1498,iso=288,cnv2,hdr0
[06:17:25.706] RX< [0m[7] [cam] [567891][me0][me_core_thre
[06:17:26.358] RX< ad:359]ME out fid 4470
[06:17:26.358] RX< [34m[awb0 proc] perf=6075(us), max=6075(us)!
[06:17:26.358] RX< [0m[34m[AE] fid=4500,exp=10030,adg=288,Y=4675,mtg=180,shg=100,bgbv=1498,iso=288,cnv2,hdr0
[06:17:26.358] RX< [0m[34m[b_ae0 proc] perf=1061(us), max=3361(us)!
[06:17:26.358] RX< [0m[34m[awb0 proc] perf=3997(us), max=607
[06:17:27.353] RX< 5(us)!
[06:17:27.353] RX< [0m[RTMP] f_index = 4500, f_len = 8899
[06:17:27.353] RX< [7] [cam] [568891][me0][me_core_thread:359]ME out fid 4500
[06:17:27.353] RX< [4] [cam] [568969][qpc0][qpc_core_exception_check:405]discontinuous frame, now: 4513, last: 4511
[06:17:27.353] RX< [34m[AE] fid=4530,exp=10030,adg=288,Y=4673,mtg=180,s
[06:17:28.453] RX< hg=100,bgbv=1495,iso=288,cnv2,hdr0
[06:17:28.453] RX< [0m[7] [cam] [569891][me0][me_core_thread:359]ME out fid 4530
[06:17:28.453] RX< [34m[awb0 proc] perf=6280(us), max=6280(us)!
[06:17:28.453] RX< [0m[34m[AE] fid=4560,exp=10030,adg=288,Y=4678,mtg=180,shg=100,bgbv=1498,iso=288,cnv2,hdr0
[06:17:28.453] RX< [0m[34m[ME INTP]fi
[06:17:29.358] RX< d=4560, shutter=10030, perf=6(us), max=2553(us)!
[06:17:29.358] RX< [0m[7] [cam] [570891][me0][me_core_thread:359]ME out fid 4560
[06:17:29.358] RX< [4] [cam] [570968][qpc0][qpc_core_exception_check:405]discontinuous frame, now: 4573, last: 4571
[06:17:29.358] RX< [34m[AE] fid=4590,exp=10030,adg=288,Y=4674,mtg
[06:17:30.352] RX< =180,shg=100,bgbv=1495,iso=288,cnv2,hdr0
[06:17:30.352] RX< [0m[34m[b_ae0 proc] perf=1020(us), max=1700(us)!
[06:17:30.352] RX< [0m[34m[awb0 proc] perf=3936(us), max=6280(us)!
[06:17:30.352] RX< [0m[RTMP] f_index = 4590, f_len = 21626
[06:17:30.352] RX< [7] [cam] [571891][me0][me_core_thread:359]ME out fid 4590
[06:17:30.352] RX< [34m[AE] fid
[06:17:31.353] RX< =4620,exp=10030,adg=288,Y=4675,mtg=180,shg=100,bgbv=1498,iso=288,cnv2,hdr0
[06:17:31.353] RX< [0m[7] [cam] [572890][me0][me_core_thread:359]ME out fid 4620
[06:17:31.353] RX< [4] [cam] [572967][qpc0][qpc_core_exception_check:405]discontinuous frame, now: 4633, last: 4631
[06:17:31.353] RX< [34m[AE] fid=4650,ex
[06:17:32.357] RX< p=10030,adg=288,Y=4679,mtg=180,shg=100,bgbv=1498,iso=288,cnv2,hdr0
[06:17:32.357] RX< [0m[7] [cam] [573890][me0][me_core_thread:359]ME out fid 4650
[06:17:32.357] RX< [4] [cam] [573968][qpc0][qpc_core_exception_check:405]discontinuous frame, now: 4663, last: 4661
[06:17:32.357] RX< [34m[AE] fid=4680,exp=10030,
[06:17:32.676] RX< adg=288,Y=4683,mtg=180,shg=100,bgbv=1498,iso=288,cnv2,hdr0
[06:17:32.676] RX< [0m[34m[b_ae0 proc] perf=1015(us), max=1241(us)!
[06:17:32.676] RX< [0m[34m[awb0 proc] perf=3917(us), max=5934(us)!
[06:17:32.676] RX< [0m[34m[ME INTP]fid=4680, shutter=10030, perf=6(us), max=919(us)!
[06:17:32.676] RX< [0m[RTMP] f_index = 4680, 
[06:17:33.352] RX< f_len = 14744
[06:17:33.352] RX< [7] [cam] [574890][me0][me_core_thread:359]ME out fid 4680
[06:17:33.352] RX< [34m[awb0 proc] perf=6609(us), max=6609(us)!
[06:17:33.352] RX< [0m[4] [cam] [574967][qpc0][qpc_core_exception_check:405]discontinuous frame, now: 4693, last: 4691
[06:17:33.352] RX< [34m[AE] fid=4710,exp=10030,adg=288
[06:17:34.704] RX< ,Y=4681,mtg=180,shg=100,bgbv=1498,iso=288,cnv2,hdr0
[06:17:34.704] RX< [0m[7] [cam] [575890][me0][me_core_thread:359]ME out fid 4710
[06:17:34.704] RX< [34m[AE] fid=4740,exp=10030,adg=288,Y=4670,mtg=180,shg=100,bgbv=1495,iso=288,cnv2,hdr0
[06:17:34.704] RX< [0m[7] [cam] [576890][me0][me_core_thread:359]ME out
[06:17:35.357] RX<  fid 4740
[06:17:35.357] RX< [34m[awb0 proc] perf=6549(us), max=6609(us)!
[06:17:35.357] RX< [0m[4] [cam] [576968][qpc0][qpc_core_exception_check:405]discontinuous frame, now: 4753, last: 4751
[06:17:35.357] RX< [34m[AE] fid=4770,exp=10030,adg=288,Y=4676,mtg=180,shg=100,bgbv=1498,iso=288,cnv2,hdr0
[06:17:35.357] RX< [0m[34m[b
[06:17:36.352] RX< _ae0 proc] perf=927(us), max=3960(us)!
[06:17:36.352] RX< [0m[34m[awb0 proc] perf=3952(us), max=6549(us)!
[06:17:36.352] RX< [0m[RTMP] f_index = 4770, f_len = 20657
[06:17:36.352] RX< [7] [cam] [577890][me0][me_core_thread:359]ME out fid 4770
[06:17:36.352] RX< [34m[AE] fid=4800,exp=10030,adg=288,Y=4681,mtg=180,shg=100,bgbv=1
[06:17:36.785] RX< 498,iso=288,cnv2,hdr0
[06:17:36.785] RX< [0m[34m[ME INTP]fid=4800, shutter=10030, perf=5(us), max=1948(us)!
[06:17:36.785] RX< [0m[7] [cam] [578890][me0][me_core_thread:359]ME out fid 4800
[06:17:36.785] RX< [34m[awb0 proc] perf=6387(us), max=6387(us)!
[06:17:36.785] RX< [0m[4] [cam] [578967][qpc0][qpc_core_exception_check:40
[06:17:38.357] RX< 5]discontinuous frame, now: 4813, last: 4811
[06:17:38.357] RX< [34m[AE] fid=4830,exp=10030,adg=288,Y=4681,mtg=180,shg=100,bgbv=1498,iso=288,cnv2,hdr0
[06:17:38.357] RX< [0m[7] [cam] [579890][me0][me_core_thread:359]ME out fid 4830
[06:17:38.357] RX< [34m[AE] fid=4860,exp=10030,adg=288,Y=4679,mtg=180,shg=100,
[06:17:38.741] RX< bgbv=1498,iso=288,cnv2,hdr0
[06:17:38.741] RX< [0m[34m[b_ae0 proc] perf=1031(us), max=3573(us)!
[06:17:38.741] RX< [0m[34m[awb0 proc] perf=3932(us), max=6387(us)!
[06:17:38.741] RX< [0m[RTMP] f_index = 4860, f_len = 20418
[06:17:38.741] RX< [7] [cam] [580889][me0][me_core_thread:359]ME out fid 4860
[06:17:38.741] RX< [34m[awb0 proc] perf=6055
[06:17:40.152] RX< (us), max=6055(us)!
[06:17:40.152] RX< [0m[34m[AE] fid=4890,exp=10030,adg=288,Y=4678,mtg=180,shg=100,bgbv=1498,iso=288,cnv2,hdr0
[06:17:40.152] RX< [0m[7] [cam] [581889][me0][me_core_thread:359]ME out fid 4890
[06:17:40.152] RX< [RTMP] slow send frame 4892 len=27940 dt=95ms
[06:17:40.152] RX< [RTMP] slow send frame 4899 len=100
[06:17:40.451] RX< 09 dt=183ms
[06:17:40.451] RX< [RTMP] slow send frame 4900 len=22932 dt=120ms
[06:17:40.451] RX< [34m[AE] fid=4920,exp=10030,adg=288,Y=4674,mtg=180,shg=100,bgbv=1495,iso=288,cnv2,hdr0
[06:17:40.451] RX< [0m[RTMP] slow send frame 4903 len=9440 dt=60ms
[06:17:40.451] RX< [34m[ME INTP]fid=4920, shutter=10030, perf=6(us), max=344(u
[06:17:41.357] RX< s)!
[06:17:41.357] RX< [0m[RTMP] slow send frame 4904 len=22938 dt=108ms
[06:17:41.357] RX< [RTMP] slow send frame 4906 len=21659 dt=138ms
[06:17:41.357] RX< [7] [cam] [582889][me0][me_core_thread:359]ME out fid 4920
[06:17:41.357] RX< [34m[AE] fid=4950,exp=10030,adg=288,Y=4670,mtg=180,shg=100,bgbv=1495,iso=288,cnv2,hdr0
[06:17:41.357] RX< [0m[3
[06:17:42.286] RX< 4m[b_ae0 proc] perf=1139(us), max=2207(us)!
[06:17:42.286] RX< [0m[34m[awb0 proc] perf=4240(us), max=6055(us)!
[06:17:42.286] RX< [0m[RTMP] slow send frame 4910 len=21490 dt=753ms
[06:17:42.286] RX< [RTMP] slow send frame 4911 len=9502 dt=201ms
[06:17:42.286] RX< [7] [cam] [583889][me0][me_core_thread:359]ME out fid 4950
[06:17:42.286] RX< [RTMP
[06:17:42.591] RX< ] slow send frame 4915 len=13768 dt=608ms
[06:17:42.591] RX< [34m[AE] fid=4980,exp=10030,adg=288,Y=4670,mtg=180,shg=100,bgbv=1495,iso=288,cnv2,hdr0
[06:17:42.591] RX< [0m[RTMP] slow send frame 4916 len=13269 dt=131ms
[06:17:42.591] RX< [RTMP] slow send frame 4917 len=20944 dt=87ms
[06:17:42.591] RX< [RTMP] slow send frame 4918 l
[06:17:43.351] RX< en=9101 dt=82ms
[06:17:43.351] RX< [7] [cam] [584889][me0][me_core_thread:359]ME out fid 4980
[06:17:43.351] RX< [RTMP] slow send frame 4919 len=20846 dt=519ms
[06:17:43.351] RX< [RTMP] slow send frame 4920 len=8812 dt=220ms
[06:17:43.351] RX< [34m[AE] fid=5010,exp=10030,adg=288,Y=4665,mtg=180,shg=100,bgbv=1495,iso=288,cnv2,hdr0
[06:17:44.356] RX< [0m[7] [cam] [585889][me0][me_core_thread:359]ME out fid 5010
[06:17:44.356] RX< [34m[AE] fid=5040,exp=10030,adg=288,Y=4672,mtg=180,shg=100,bgbv=1495,iso=288,cnv2,hdr0
[06:17:44.356] RX< [0m[34m[b_ae0 proc] perf=1345(us), max=1345(us)!
[06:17:44.356] RX< [0m[34m[awb0 proc] perf=4232(us), max=4366(us)!
[06:17:44.356] RX< [0
[06:17:45.479] RX< m[34m[ME INTP]fid=5040, shutter=10030, perf=6(us), max=360(us)!
[06:17:45.479] RX< [0m[7] [cam] [586889][me0][me_core_thread:359]ME out fid 5040
[06:17:45.479] RX< [34m[AE] fid=5070,exp=10030,adg=288,Y=4669,mtg=180,shg=100,bgbv=1495,iso=288,cnv2,hdr0
[06:17:45.479] RX< [0m[RTMP] slow send frame 4921 len=6652
[06:17:46.702] RX< 7 dt=2155ms (IDR)
[06:17:46.702] RX< [7] [cam] [587888][me0][me_core_thread:359]ME out fid 5070
[06:17:46.702] RX< [34m[AE] fid=5100,exp=10030,adg=288,Y=4671,mtg=180,shg=100,bgbv=1495,iso=288,cnv2,hdr0
[06:17:46.702] RX< [0m[RTMP] slow send frame 4922 len=26998 dt=1016ms
[06:17:46.702] RX< [7] [cam] [588888][me0][me_core_thread:
[06:17:47.356] RX< 359]ME out fid 5100
[06:17:47.356] RX< [RTMP] slow send frame 4923 len=7088 dt=494ms
[06:17:47.356] RX< [RTMP] slow send frame 4924 len=14780 dt=131ms
[06:17:47.356] RX< [34m[AE] fid=5130,exp=10030,adg=288,Y=4666,mtg=180,shg=100,bgbv=1495,iso=288,cnv2,hdr0
[06:17:47.356] RX< [0m[34m[b_ae0 proc] perf=1086(us), max=1345(us)!
[06:17:47.356] RX< [0
[06:17:48.140] RX< m[34m[awb0 proc] perf=4228(us), max=4847(us)!
[06:17:48.140] RX< [0m[7] [cam] [589888][me0][me_core_thread:359]ME out fid 5130
[06:17:48.140] RX< [RTMP] slow send frame 4925 len=14094 dt=623ms
[06:17:48.140] RX< [RTMP] slow send frame 4930 len=15496 dt=56ms
[06:17:48.140] RX< [RTMP] slow send frame 4931 len=15872 dt=152ms
[06:17:48.140] RX< [RTMP]
[06:17:48.514] RX<  slow send frame 4932 len=9963 dt=88ms
[06:17:48.514] RX< [RTMP] slow send frame 4933 len=22899 dt=103ms
[06:17:48.514] RX< [34m[AE] fid=5160,exp=10030,adg=288,Y=4666,mtg=180,shg=100,bgbv=1495,iso=288,cnv2,hdr0
[06:17:48.514] RX< [0m[34m[ME INTP]fid=5160, shutter=10030, perf=5(us), max=336(us)!
[06:17:48.514] RX< [0m[RTMP] slo
[06:17:48.946] RX< w send frame 4936 len=14287 dt=257ms
[06:17:48.946] RX< [RTMP] slow send frame 4938 len=13941 dt=119ms
[06:17:48.946] RX< [7] [cam] [590891][me0][me_core_thread:359]ME out fid 5160
[06:17:48.946] RX< [RTMP] slow send frame 4941 len=13109 dt=75ms
[06:17:48.946] RX< [RTMP] slow send frame 4942 len=20925 dt=105ms
[06:17:48.946] RX< [RTMP] slow send fra
[06:17:49.430] RX< me 4944 len=20859 dt=67ms
[06:17:49.430] RX< [RTMP] slow send frame 4946 len=21102 dt=204ms
[06:17:49.430] RX< [RTMP] f_index = 4950, f_len = 20584
[06:17:49.430] RX< [34m[AE] fid=5190,exp=10030,adg=288,Y=4664,mtg=180,shg=100,bgbv=1495,iso=288,cnv2,hdr0
[06:17:49.430] RX< [0m[RTMP] slow send frame 4951 len=73786 dt=201ms (IDR)
[06:17:49.430] RX< [
[06:17:49.849] RX< RTMP] slow send frame 4952 len=12735 dt=70ms
[06:17:49.849] RX< [RTMP] slow send frame 4953 len=16115 dt=110ms
[06:17:49.849] RX< [RTMP] slow send frame 4955 len=21442 dt=116ms
[06:17:49.849] RX< [7] [cam] [591888][me0][me_core_thread:359]ME out fid 5190
[06:17:49.849] RX< [RTMP] slow send frame 4959 len=20997 dt=52ms
[06:17:49.849] RX< [4] [cam] [5
[06:17:50.316] RX< 92032][qpc0][qpc_core_exception_check:405]discontinuous frame, now: 5205, last: 5203
[06:17:50.316] RX< [RTMP] slow send frame 4978 len=13228 dt=54ms
[06:17:50.316] RX< [RTMP] slow send frame 4981 len=67906 dt=100ms (IDR)
[06:17:50.316] RX< [4] [cam] [592499][qpc0][qpc_core_exception_check:405]discontinuous fram
[06:17:50.386] RX< e, now: 5219, last: 5217
[06:17:50.386] RX< [34m[AE] fid=5220,exp=10030,adg=288,Y=4670,mtg=180,shg=100,bgbv=1495,iso=288,cnv2,hdr0
[06:17:50.386] RX< [0m[34m[b_ae0 proc] perf=1136(us), max=1819(us)!
[06:17:50.386] RX< [0m[34m[awb0 proc] perf=4229(us), max=5500(us)!
[06:17:50.386] RX< [0m[RTMP] slow send frame 4990 len=9184 
[06:17:50.936] RX< dt=97ms
[06:17:50.936] RX< [RTMP] slow send frame 4991 len=20926 dt=88ms
[06:17:50.936] RX< [RTMP] slow send frame 4995 len=20689 dt=127ms
[06:17:50.936] RX< [RTMP] slow send frame 4998 len=9064 dt=62ms
[06:17:50.936] RX< [7] [cam] [592888][me0][me_core_thread:359]ME out fid 5220
[06:17:50.936] RX< [4] [cam] [593118][qpc0][qpc_core_exception_check:4
[06:17:51.051] RX< 11]interp not finish in sof, fid: 5236
[06:17:51.051] RX< [4] [cam] [593216][qpc0][qpc_core_exception_check:411]interp not finish in sof, fid: 5236
[06:17:51.051] RX< [4] [cam] [593217][qpc0][qpc_core_exception_check:411]interp not finish in sof, fid: 5236
[06:17:51.051] RX< [4] [cam] [593233][qpc0][qpc_core_exc
[06:17:51.198] RX< eption_check:405]discontinuous frame, now: 5238, last: 5236
[06:17:51.198] RX< [4] [cam] [593267][qpc0][qpc_core_exception_check:405]discontinuous frame, now: 5242, last: 5238
[06:17:51.198] RX< [4] [cam] [593332][qpc0][qpc_core_exception_check:411]interp not finish in sof, fid: 5243
[06:17:51.198] RX< [RTMP] f_
[06:17:51.354] RX< index = 5040, f_len = 14349
[06:17:51.354] RX< [4] [cam] [593412][qpc0][qpc_core_exception_check:411]interp not finish in sof, fid: 5243
[06:17:51.354] RX< [4] [cam] [593465][qpc0][qpc_core_exception_check:405]discontinuous frame, now: 5248, last: 5244
[06:17:51.354] RX< [34m[AE] fid=5250,exp=10030,adg=288,Y=46
[06:17:52.350] RX< 68,mtg=180,shg=100,bgbv=1495,iso=288,cnv2,hdr0
[06:17:52.350] RX< [0m[RTMP] slow send frame 5041 len=73184 dt=158ms (IDR)
[06:17:52.350] RX< [7] [cam] [593888][me0][me_core_thread:359]ME out fid 5250
[06:17:52.350] RX< [RTMP] slow send frame 5042 len=19412 dt=811ms
[06:17:52.350] RX< [34m[AE] fid=5280,exp=10030,adg=288,Y=4673,mt
[06:17:52.722] RX< g=180,shg=100,bgbv=1495,iso=288,cnv2,hdr0
[06:17:52.722] RX< [0m[RTMP] slow send frame 5043 len=10864 dt=195ms
[06:17:52.722] RX< [34m[ME INTP]fid=5280, shutter=10030, perf=5(us), max=997(us)!
[06:17:52.722] RX< [0m[7] [cam] [594888][me0][me_core_thread:359]ME out fid 5280
[06:17:52.722] RX< [RTMP] slow send frame 5044 len=1485
[06:17:53.691] RX< 7 dt=352ms
[06:17:53.691] RX< [RTMP] slow send frame 5046 len=14802 dt=333ms
[06:17:53.691] RX< [34m[AE] fid=5310,exp=10030,adg=288,Y=4674,mtg=180,shg=100,bgbv=1495,iso=288,cnv2,hdr0
[06:17:53.691] RX< [0m[34m[b_ae0 proc] perf=1121(us), max=2358(us)!
[06:17:53.691] RX< [0m[34m[awb0 proc] perf=4240(us), max=5234(us)!
[06:17:53.691] RX< [0m[7] 
[06:17:55.348] RX< [cam] [595887][me0][me_core_thread:359]ME out fid 5310
[06:17:55.348] RX< [34m[AE] fid=5340,exp=10030,adg=288,Y=4675,mtg=180,shg=100,bgbv=1498,iso=288,cnv2,hdr0
[06:17:55.348] RX< [0m[7] [cam] [596887][me0][me_core_thread:359]ME out fid 5340
[06:17:55.348] RX< [34m[AE] fid=5370,exp=10030,adg=288,Y=4672,mtg=18
[06:17:56.354] RX< 0,shg=100,bgbv=1495,iso=288,cnv2,hdr0
[06:17:56.354] RX< [0m[7] [cam] [597887][me0][me_core_thread:359]ME out fid 5370
[06:17:56.354] RX< [34m[AE] fid=5400,exp=10030,adg=288,Y=4676,mtg=180,shg=100,bgbv=1498,iso=288,cnv2,hdr0
[06:17:56.354] RX< [0m[34m[b_ae0 proc] perf=1019(us), max=1196(us)!
[06:17:56.354] RX< [0m[34m[awb0 
[06:17:57.349] RX< proc] perf=4016(us), max=4360(us)!
[06:17:57.349] RX< [0m[34m[ME INTP]fid=5400, shutter=10030, perf=6(us), max=361(us)!
[06:17:57.349] RX< [0m[7] [cam] [598887][me0][me_core_thread:359]ME out fid 5400
[06:17:57.349] RX< [34m[AE] fid=5430,exp=10030,adg=288,Y=4671,mtg=180,shg=100,bgbv=1495,iso=288,cnv2,hdr0
[06:17:57.349] RX< [
[06:17:58.700] RX< 0m[RTMP] slow send frame 5047 len=14137 dt=4343ms
[06:17:58.700] RX< [RTMP] slow send frame 5051 len=14816 dt=240ms
[06:17:58.700] RX< [7] [cam] [599887][me0][me_core_thread:359]ME out fid 5430
[06:17:58.700] RX< [34m[AE] fid=5460,exp=10030,adg=288,Y=4671,mtg=180,shg=100,bgbv=1495,iso=288,cnv2,hdr0
[06:17:58.700] RX< [0m[7] [cam
[06:17:59.545] RX< ] [600887][me0][me_core_thread:359]ME out fid 5460
[06:17:59.545] RX< [34m[AE] fid=5490,exp=10030,adg=288,Y=4669,mtg=180,shg=100,bgbv=1495,iso=288,cnv2,hdr0
[06:17:59.545] RX< [0m[34m[b_ae0 proc] perf=1070(us), max=1168(us)!
[06:17:59.545] RX< [0m[34m[awb0 proc] perf=4025(us), max=4073(us)!
[06:17:59.545] RX< [0m[RTMP] slow
[06:18:00.448] RX<  send frame 5052 len=15074 dt=1856ms
[06:18:00.448] RX< [7] [cam] [601887][me0][me_core_thread:359]ME out fid 5490
[06:18:00.448] RX< [34m[AE] fid=5520,exp=10030,adg=288,Y=4666,mtg=180,shg=100,bgbv=1495,iso=288,cnv2,hdr0
[06:18:00.448] RX< [0m[34m[ME INTP]fid=5520, shutter=10030, perf=5(us), max=401(us)!
[06:18:00.448] RX< [0m
[06:18:02.353] RX< [7] [cam] [602886][me0][me_core_thread:359]ME out fid 5520
[06:18:02.353] RX< [34m[AE] fid=5550,exp=10030,adg=288,Y=4676,mtg=180,shg=100,bgbv=1498,iso=288,cnv2,hdr0
[06:18:02.353] RX< [0m[7] [cam] [603886][me0][me_core_thread:359]ME out fid 5550
[06:18:02.353] RX< [34m[AE] fid=5580,exp=10030,adg=288,Y=4671,mt
[06:18:02.985] RX< g=180,shg=100,bgbv=1495,iso=288,cnv2,hdr0
[06:18:02.985] RX< [0m[34m[b_ae0 proc] perf=1054(us), max=1192(us)!
[06:18:02.985] RX< [0m[34m[awb0 proc] perf=3908(us), max=4071(us)!
[06:18:02.985] RX< [0m[7] [cam] [604886][me0][me_core_thread:359]ME out fid 5580
[06:18:02.985] RX< [RTMP] slow send frame 5071 len=67636 dt=3430ms (
[06:18:04.348] RX< IDR)
[06:18:04.348] RX< [RTMP] dropped 30 p-frames (backlog 86%)
[06:18:04.348] RX< [34m[AE] fid=5610,exp=10030,adg=288,Y=4656,mtg=180,shg=100,bgbv=1491,iso=288,cnv2,hdr0
[06:18:04.348] RX< [0m[7] [cam] [605886][me0][me_core_thread:359]ME out fid 5610
[06:18:04.348] RX< [34m[AE] fid=5640,exp=10030,adg=288,Y=4664,mtg=180,shg=100
[06:18:04.688] RX< ,bgbv=1495,iso=288,cnv2,hdr0
[06:18:04.688] RX< [0m[34m[ME INTP]fid=5640, shutter=10030, perf=250(us), max=359(us)!
[06:18:04.688] RX< [0m[RTMP] slow send frame 5101 len=74022 dt=1651ms (IDR)
[06:18:04.688] RX< [RTMP] dropped 60 p-frames (backlog 88%)
[06:18:04.688] RX< [RTMP] f_index = 5130, f_len = 8819
[06:18:04.688] RX< [7] [cam] [606886][me0
[06:18:05.688] RX< ][me_core_thread:359]ME out fid 5640
[06:18:05.688] RX< [34m[AE] fid=5670,exp=10030,adg=288,Y=4665,mtg=180,shg=100,bgbv=1495,iso=288,cnv2,hdr0
[06:18:05.688] RX< [0m[34m[b_ae0 proc] perf=1108(us), max=1183(us)!
[06:18:05.688] RX< [0m[34m[awb0 proc] perf=4011(us), max=4054(us)!
[06:18:05.688] RX< [0m[7] [cam] [607886][me0][m
[06:18:06.594] RX< e_core_thread:359]ME out fid 5670
[06:18:06.594] RX< [RTMP] slow send frame 5131 len=66750 dt=1164ms (IDR)
[06:18:06.594] RX< [RTMP] dropped 90 p-frames (backlog 89%)
[06:18:06.594] RX< [34m[AE] fid=5700,exp=10030,adg=288,Y=4669,mtg=180,shg=100,bgbv=1495,iso=288,cnv2,hdr0
[06:18:06.594] RX< [0m[RTMP] slow send frame 5161 len=736
[06:18:07.699] RX< 41 dt=758ms (IDR)
[06:18:07.699] RX< [RTMP] dropped 120 p-frames (backlog 88%)
[06:18:07.699] RX< [7] [cam] [608886][me0][me_core_thread:359]ME out fid 5700
[06:18:07.699] RX< [34m[AE] fid=5730,exp=10030,adg=288,Y=4675,mtg=180,shg=100,bgbv=1498,iso=288,cnv2,hdr0
[06:18:07.699] RX< [0m[7] [cam] [609885][me0][me_core_thread:359]ME
[06:18:08.352] RX<  out fid 5730
[06:18:08.352] RX< [RTMP] slow send frame 5191 len=66796 dt=1483ms (IDR)
[06:18:08.352] RX< [RTMP] dropped 150 p-frames (backlog 90%)
[06:18:08.352] RX< [RTMP] f_index = 5220, f_len = 20766
[06:18:08.352] RX< [34m[AE] fid=5760,exp=10030,adg=288,Y=4676,mtg=180,shg=100,bgbv=1498,iso=288,cnv2,hdr0
[06:18:08.352] RX< [0m[34m[b_ae0 proc]
[06:18:08.903] RX<  perf=1062(us), max=1189(us)!
[06:18:08.903] RX< [0m[34m[awb0 proc] perf=4039(us), max=4096(us)!
[06:18:08.903] RX< [0m[34m[ME INTP]fid=5760, shutter=10030, perf=361(us), max=361(us)!
[06:18:08.903] RX< [0m[7] [cam] [610885][me0][me_core_thread:359]ME out fid 5760
[06:18:08.903] RX< [RTMP] slow send frame 5221 len=73602 dt=8
[06:18:09.747] RX< 01ms (IDR)
[06:18:09.747] RX< [RTMP] dropped 180 p-frames (backlog 89%)
[06:18:09.747] RX< [34m[AE] fid=5790,exp=10030,adg=288,Y=4675,mtg=180,shg=100,bgbv=1498,iso=288,cnv2,hdr0
[06:18:09.747] RX< [0m[7] [cam] [611885][me0][me_core_thread:359]ME out fid 5790
[06:18:09.747] RX< [RTMP] slow send frame 5251 len=67256 dt=831ms (IDR)
[06:18:10.804] RX< 
[06:18:10.804] RX< [RTMP] dropped 210 p-frames (backlog 89%)
[06:18:10.804] RX< [34m[AE] fid=5820,exp=10030,adg=288,Y=4674,mtg=180,shg=100,bgbv=1495,iso=288,cnv2,hdr0
[06:18:10.804] RX< [0m[7] [cam] [612885][me0][me_core_thread:359]ME out fid 5820
[06:18:10.804] RX< [RTMP] slow send frame 5281 len=72997 dt=1039ms (IDR)
[06:18:10.804] RX< [RTMP] d
[06:18:11.363] RX< ropped 240 p-frames (backlog 89%)
[06:18:11.363] RX< [RTMP] f_index = 5310, f_len = 20279
[06:18:11.363] RX< [34m[AE] fid=5850,exp=10030,adg=288,Y=4677,mtg=180,shg=100,bgbv=1498,iso=288,cnv2,hdr0
[06:18:11.363] RX< [0m[34m[b_ae0 proc] perf=1058(us), max=1200(us)!
[06:18:11.363] RX< [0m[34m[awb0 proc] perf=4022(us), max=4072(
[06:18:12.353] RX< us)!
[06:18:12.353] RX< [0m[RTMP] slow send frame 5311 len=72897 dt=552ms (IDR)
[06:18:12.353] RX< [RTMP] dropped 270 p-frames (backlog 87%)
[06:18:12.353] RX< [7] [cam] [613885][me0][me_core_thread:359]ME out fid 5850
[06:18:12.353] RX< [34m[AE] fid=5880,exp=10030,adg=288,Y=4674,mtg=180,shg=100,bgbv=1495,iso=288,cnv2,hdr0
[06:18:12.353] RX< [0m[
[06:18:12.943] RX< RTMP] slow send frame 5341 len=73215 dt=976ms (IDR)
[06:18:12.943] RX< [RTMP] dropped 300 p-frames (backlog 87%)
[06:18:12.943] RX< [34m[ME INTP]fid=5880, shutter=10030, perf=6(us), max=4948(us)!
[06:18:12.943] RX< [0m[7] [cam] [614885][me0][me_core_thread:359]ME out fid 5880
[06:18:12.943] RX< [RTMP] slow send frame 5371 len=72
[06:18:13.458] RX< 906 dt=597ms (IDR)
[06:18:13.458] RX< [RTMP] dropped 330 p-frames (backlog 85%)
[06:18:13.458] RX< [RTMP] f_index = 5400, f_len = 13447
[06:18:13.458] RX< [34m[AE] fid=5910,exp=10030,adg=288,Y=4672,mtg=180,shg=100,bgbv=1495,iso=288,cnv2,hdr0
[06:18:13.458] RX< [0m[RTMP] slow send frame 5401 len=73398 dt=489ms (IDR)
[06:18:13.458] RX< [RTMP] droppe
[06:18:14.352] RX< d 360 p-frames (backlog 83%)
[06:18:14.352] RX< [7] [cam] [615885][me0][me_core_thread:359]ME out fid 5910
[06:18:14.352] RX< [RTMP] slow send frame 5431 len=73389 dt=393ms (IDR)
[06:18:14.352] RX< [RTMP] dropped 390 p-frames (backlog 81%)
[06:18:14.352] RX< [34m[AE] fid=5940,exp=10030,adg=288,Y=4674,mtg=180,shg=100,bgbv=1495,iso
[06:18:14.695] RX< =288,cnv2,hdr0
[06:18:14.695] RX< [0m[34m[b_ae0 proc] perf=1335(us), max=1335(us)!
[06:18:14.695] RX< [0m[34m[awb0 proc] perf=4224(us), max=4356(us)!
[06:18:14.695] RX< [0m[RTMP] slow send frame 5461 len=73219 dt=600ms (IDR)
[06:18:14.695] RX< [RTMP] dropped 420 p-frames (backlog 79%)
[06:18:14.695] RX< [RTMP] f_index = 5490, f_len = 8879
[06:18:14.695] RX< [7] 
[06:18:15.551] RX< [cam] [616885][me0][me_core_thread:359]ME out fid 5940
[06:18:15.551] RX< [RTMP] slow send frame 5491 len=67168 dt=683ms (IDR)
[06:18:15.551] RX< [RTMP] dropped 450 p-frames (backlog 78%)
[06:18:15.551] RX< [34m[AE] fid=5970,exp=10030,adg=288,Y=4673,mtg=180,shg=100,bgbv=1495,iso=288,cnv2,hdr0
[06:18:15.551] RX< [0m[RTMP] slow se
[06:18:16.200] RX< nd frame 5521 len=72712 dt=360ms (IDR)
[06:18:16.200] RX< [RTMP] dropped 480 p-frames (backlog 75%)
[06:18:16.200] RX< [7] [cam] [617884][me0][me_core_thread:359]ME out fid 5970
[06:18:16.200] RX< [RTMP] slow send frame 5551 len=73228 dt=540ms (IDR)
[06:18:16.200] RX< [RTMP] dropped 510 p-frames (backlog 51%)
[06:18:16.200] RX< [RTMP] slow send fram
[06:18:17.351] RX< e 5576 len=13261 dt=107ms
[06:18:17.351] RX< [34m[AE] fid=6000,exp=10030,adg=288,Y=4671,mtg=180,shg=100,bgbv=1495,iso=288,cnv2,hdr0
[06:18:17.351] RX< [0m[34m[ME INTP]fid=6000, shutter=10030, perf=6(us), max=575(us)!
[06:18:17.351] RX< [0m[7] [cam] [618884][me0][me_core_thread:359]ME out fid 6000
[06:18:17.351] RX< [34m[AE] f
[06:18:18.346] RX< id=6030,exp=10030,adg=288,Y=4672,mtg=180,shg=100,bgbv=1495,iso=288,cnv2,hdr0
[06:18:18.346] RX< [0m[34m[b_ae0 proc] perf=1069(us), max=1759(us)!
[06:18:18.346] RX< [0m[34m[awb0 proc] perf=4017(us), max=4367(us)!
[06:18:18.346] RX< [0m[7] [cam] [619884][me0][me_core_thread:359]ME out fid 6030
[06:18:18.346] RX< [34m[AE] fid=
[06:18:19.345] RX< 6060,exp=10030,adg=288,Y=4673,mtg=180,shg=100,bgbv=1495,iso=288,cnv2,hdr0
[06:18:19.345] RX< [0m[RTMP] slow send frame 5579 len=9022 dt=2238ms
[06:18:19.345] RX< [RTMP] f_index = 5580, f_len = 20391
[06:18:19.345] RX< [7] [cam] [620884][me0][me_core_thread:359]ME out fid 6060
[06:18:19.345] RX< [34m[AE] fid=6090,exp=10030,adg=28
[06:18:20.349] RX< 8,Y=4676,mtg=180,shg=100,bgbv=1498,iso=288,cnv2,hdr0
[06:18:20.349] RX< [0m[7] [cam] [621884][me0][me_core_thread:359]ME out fid 6090
[06:18:20.349] RX< [34m[AE] fid=6120,exp=10030,adg=288,Y=4671,mtg=180,shg=100,bgbv=1495,iso=288,cnv2,hdr0
[06:18:20.349] RX< [0m[34m[b_ae0 proc] perf=1067(us), max=1193(us)!
[06:18:20.974] RX< [0m[34m[awb0 proc] perf=4017(us), max=4050(us)!
[06:18:20.974] RX< [0m[34m[ME INTP]fid=6120, shutter=10030, perf=233(us), max=397(us)!
[06:18:20.974] RX< [0m[7] [cam] [622884][me0][me_core_thread:359]ME out fid 6120
[06:18:20.974] RX< [RTMP] slow send frame 5581 len=73109 dt=2512ms (IDR)
[06:18:20.974] RX< [RTMP] dropped 540 
[06:18:22.344] RX< p-frames (backlog 65%)
[06:18:22.344] RX< [34m[AE] fid=6150,exp=10030,adg=288,Y=4672,mtg=180,shg=100,bgbv=1495,iso=288,cnv2,hdr0
[06:18:22.344] RX< [0m[7] [cam] [623884][me0][me_core_thread:359]ME out fid 6150
[06:18:22.344] RX< [34m[AE] fid=6180,exp=10030,adg=288,Y=4674,mtg=180,shg=100,bgbv=1495,iso=288,cnv2
[06:18:23.350] RX< ,hdr0
[06:18:23.350] RX< [0m[7] [cam] [624883][me0][me_core_thread:359]ME out fid 6180
[06:18:23.350] RX< [34m[AE] fid=6210,exp=10030,adg=288,Y=4674,mtg=180,shg=100,bgbv=1495,iso=288,cnv2,hdr0
[06:18:23.350] RX< [0m[34m[b_ae0 proc] perf=1125(us), max=1190(us)!
[06:18:23.350] RX< [0m[34m[awb0 proc] perf=3910(us), max=4085(us
[06:18:24.268] RX< )!
[06:18:24.268] RX< [0m[7] [cam] [625883][me0][me_core_thread:359]ME out fid 6210
[06:18:24.268] RX< [ringbuf] no space data_len=9728
[06:18:24.268] RX< [3] [App Vpu] RINGBUF: write fail, size = 9685 space is not enough
[06:18:24.268] RX< [ringbuf] no space data_len=14336
[06:18:24.268] RX< [3] [App Vpu] RINGBUF: write fail, size = 13825 space i
[06:18:24.344] RX< s not enough
[06:18:24.344] RX< [ringbuf] no space data_len=13824
[06:18:24.344] RX< [3] [App Vpu] RINGBUF: write fail, size = 13552 space is not enough
[06:18:24.344] RX< [ringbuf] no space data_len=21504
[06:18:24.344] RX< [3] [App Vpu] RINGBUF: write fail, size = 21371 space is not enough
[06:18:24.344] RX< [34m[AE] fid=6240,exp=10030,adg=288
[06:18:24.401] RX< ,Y=4669,mtg=180,shg=100,bgbv=1495,iso=288,cnv2,hdr0
[06:18:24.401] RX< [0m[ringbuf] no space data_len=9216
[06:18:24.401] RX< [3] [App Vpu] RINGBUF: write fail, size = 9062 space is not enough
[06:18:24.401] RX< [ringbuf] no space data_len=20992
[06:18:24.401] RX< [3] [App Vpu] RINGBUF: write fail, size = 20931 space is not enou
[06:18:24.467] RX< gh
[06:18:24.467] RX< [ringbuf] no space data_len=8704
[06:18:24.467] RX< [3] [App Vpu] RINGBUF: write fail, size = 8689 space is not enough
[06:18:24.467] RX< [34m[ME INTP]fid=6240, shutter=10030, perf=6(us), max=283(us)!
[06:18:24.467] RX< [0m[ringbuf] no space data_len=20992
[06:18:24.467] RX< [3] [App Vpu] RINGBUF: write fail, size = 20786 s
[06:18:24.567] RX< pace is not enough
[06:18:24.567] RX< [ringbuf] no space data_len=9216
[06:18:24.567] RX< [3] [App Vpu] RINGBUF: write fail, size = 8762 space is not enough
[06:18:24.567] RX< [ringbuf] no space data_len=20992
[06:18:24.567] RX< [3] [App Vpu] RINGBUF: write fail, size = 20538 space is not enough
[06:18:24.567] RX< [ringbuf] no space data_len=9216
[06:18:24.646] RX< 
[06:18:24.646] RX< [3] [App Vpu] RINGBUF: write fail, size = 8797 space is not enough
[06:18:24.646] RX< [ringbuf] no space data_len=20992
[06:18:24.646] RX< [3] [App Vpu] RINGBUF: write fail, size = 20616 space is not enough
[06:18:24.646] RX< [ringbuf] no space data_len=9216
[06:18:24.646] RX< [3] [App Vpu] RINGBUF: write fail, size = 8896 spac
[06:18:25.344] RX< e is not enough
[06:18:25.344] RX< [RTMP] slow send frame 5611 len=67411 dt=3660ms (IDR)
[06:18:25.344] RX< [RTMP] dropped 570 p-frames (backlog 96%)
[06:18:25.344] RX< [7] [cam] [626883][me0][me_core_thread:359]ME out fid 6240
[06:18:25.344] RX< [34m[AE] fid=6270,exp=10030,adg=288,Y=4682,mtg=180,shg=100,bgbv=1498,iso=288,cnv2,h
[06:18:25.733] RX< dr0
[06:18:25.733] RX< [0m[7] [cam] [627883][me0][me_core_thread:359]ME out fid 6270
[06:18:25.733] RX< [ringbuf] no space data_len=67072
[06:18:25.733] RX< [3] [App Vpu] RINGBUF: write fail, size = 66900 space is not enough
[06:18:25.733] RX< [ringbuf] no space data_len=27136
[06:18:25.733] RX< [3] [App Vpu] RINGBUF: write fail, size = 26952 spac
[06:18:25.833] RX< e is not enough
[06:18:25.833] RX< [ringbuf] no space data_len=7680
[06:18:25.833] RX< [3] [App Vpu] RINGBUF: write fail, size = 7379 space is not enough
[06:18:25.833] RX< [ringbuf] no space data_len=15360
[06:18:25.833] RX< [3] [App Vpu] RINGBUF: write fail, size = 14867 space is not enough
[06:18:25.833] RX< [ringbuf] no space data_len=14848
[06:18:25.833] RX< [
[06:18:25.900] RX< 3] [App Vpu] RINGBUF: write fail, size = 14763 space is not enough
[06:18:25.900] RX< [ringbuf] no space data_len=15360
[06:18:25.900] RX< [3] [App Vpu] RINGBUF: write fail, size = 15300 space is not enough
[06:18:25.900] RX< [ringbuf] no space data_len=15872
[06:18:25.900] RX< [3] [App Vpu] RINGBUF: write fail, size = 15808 spa
[06:18:26.001] RX< ce is not enough
[06:18:26.001] RX< [ringbuf] no space data_len=11264
[06:18:26.001] RX< [3] [App Vpu] RINGBUF: write fail, size = 10811 space is not enough
[06:18:26.001] RX< [ringbuf] no space data_len=16384
[06:18:26.001] RX< [3] [App Vpu] RINGBUF: write fail, size = 15905 space is not enough
[06:18:26.001] RX< [ringbuf] no space data_len=1638
[06:18:26.067] RX< 4
[06:18:26.067] RX< [3] [App Vpu] RINGBUF: write fail, size = 16131 space is not enough
[06:18:26.067] RX< [ringbuf] no space data_len=11264
[06:18:26.067] RX< [3] [App Vpu] RINGBUF: write fail, size = 11135 space is not enough
[06:18:26.067] RX< [ringbuf] no space data_len=16384
[06:18:26.067] RX< [3] [App Vpu] RINGBUF: write fail, size = 15931 
[06:18:26.187] RX< space is not enough
[06:18:26.187] RX< [ringbuf] no space data_len=16384
[06:18:26.187] RX< [3] [App Vpu] RINGBUF: write fail, size = 16111 space is not enough
[06:18:26.187] RX< [ringbuf] no space data_len=11264
[06:18:26.187] RX< [3] [App Vpu] RINGBUF: write fail, size = 11032 space is not enough
[06:18:26.187] RX< [ringbuf] no space data_len=1
[06:18:26.349] RX< 5872
[06:18:26.349] RX< [3] [App Vpu] RINGBUF: write fail, size = 15852 space is not enough
[06:18:26.349] RX< [RTMP] slow send frame 5641 len=73509 dt=1528ms (IDR)
[06:18:26.349] RX< [RTMP] dropped 600 p-frames (backlog 96%)
[06:18:26.349] RX< [RTMP] f_index = 5670, f_len = 8647
[06:18:26.349] RX< [34m[AE] fid=6300,exp=10030,adg=288,Y=4661,mtg=18
[06:18:27.021] RX< 0,shg=100,bgbv=1491,iso=288,cnv2,hdr0
[06:18:27.021] RX< [0m[34m[b_ae0 proc] perf=1025(us), max=1165(us)!
[06:18:27.021] RX< [0m[34m[awb0 proc] perf=3941(us), max=4066(us)!
[06:18:27.021] RX< [0m[7] [cam] [628883][me0][me_core_thread:359]ME out fid 6300
[06:18:27.021] RX< [RTMP] slow send frame 5671 len=66884 dt=841ms (IDR)
[06:18:27.904] RX< [RTMP] dropped 630 p-frames (backlog 96%)
[06:18:27.904] RX< [34m[AE] fid=6330,exp=10710,adg=300,Y=4162,mtg=180,shg=100,bgbv=1258,iso=300,cnv2,hdr0
[06:18:27.904] RX< [0m[7] [cam] [629883][me0][me_core_thread:359]ME out fid 6330
[06:18:27.904] RX< [RTMP] slow send frame 5701 len=67176 dt=861ms (IDR)
[06:18:27.904] RX< [RTMP] dro
[06:18:28.781] RX< pped 660 p-frames (backlog 95%)
[06:18:28.781] RX< [34m[AE] fid=6360,exp=12020,adg=300,Y=4418,mtg=180,shg=100,bgbv=1159,iso=300,cnv2,hdr0
[06:18:28.781] RX< [0m[34m[ME INTP]fid=6360, shutter=12020, perf=234(us), max=7232(us)!
[06:18:28.781] RX< [0m[7] [cam] [630883][me0][me_core_thread:359]ME out fid 6360
[06:18:28.781] RX< [R
[06:18:29.349] RX< TMP] slow send frame 5731 len=73573 dt=874ms (IDR)
[06:18:29.349] RX< [RTMP] f_index = 5760, f_len = 8836
[06:18:29.349] RX< [RTMP] slow send frame 5761 len=66861 dt=127ms (IDR)
[06:18:29.349] RX< [RTMP] dropped 690 p-frames (backlog 94%)
[06:18:29.349] RX< [34m[AE] fid=6390,exp=10640,adg=300,Y=4667,mtg=180,shg=100,bgbv=1328,iso=
[06:18:30.343] RX< 300,cnv2,hdr0
[06:18:30.343] RX< [0m[34m[b_ae0 proc] perf=1078(us), max=1189(us)!
[06:18:30.343] RX< [0m[34m[awb0 proc] perf=4060(us), max=4126(us)!
[06:18:30.343] RX< [0m[7] [cam] [631883][me0][me_core_thread:359]ME out fid 6390
[06:18:30.343] RX< [34m[AE] fid=6420,exp=11130,adg=300,Y=4571,mtg=180,shg=100,bgbv=1283,iso=300
[06:18:31.266] RX< ,cnv2,hdr0
[06:18:31.266] RX< [0m[7] [cam] [632882][me0][me_core_thread:359]ME out fid 6420
[06:18:31.266] RX< [ringbuf] no space data_len=18944
[06:18:31.266] RX< [3] [App Vpu] RINGBUF: write fail, size = 18943 space is not enough
[06:18:31.266] RX< [ringbuf] no space data_len=14336
[06:18:31.266] RX< [3] [App Vpu] RINGBUF: write fail, size = 143
[06:18:31.343] RX< 10 space is not enough
[06:18:31.343] RX< [ringbuf] no space data_len=14848
[06:18:31.343] RX< [3] [App Vpu] RINGBUF: write fail, size = 14466 space is not enough
[06:18:31.343] RX< [ringbuf] no space data_len=16896
[06:18:31.343] RX< [3] [App Vpu] RINGBUF: write fail, size = 16554 space is not enough
[06:18:31.343] RX< [34m[AE] fid=6450,exp=120
[06:18:31.399] RX< 40,adg=300,Y=4895,mtg=176,shg=100,bgbv=1307,iso=300,cnv2,hdr0
[06:18:31.399] RX< [0m[ringbuf] no space data_len=14336
[06:18:31.399] RX< [3] [App Vpu] RINGBUF: write fail, size = 14105 space is not enough
[06:18:31.399] RX< [ringbuf] no space data_len=11264
[06:18:31.399] RX< [3] [App Vpu] RINGBUF: write fail, size = 11214 space
[06:18:31.499] RX<  is not enough
[06:18:31.499] RX< [ringbuf] no space data_len=11264
[06:18:31.499] RX< [3] [App Vpu] RINGBUF: write fail, size = 10907 space is not enough
[06:18:31.499] RX< [ringbuf] no space data_len=19968
[06:18:31.499] RX< [3] [App Vpu] RINGBUF: write fail, size = 19829 space is not enough
[06:18:31.499] RX< [ringbuf] no space data_len=17920
[06:18:31.566] RX< [3] [App Vpu] RINGBUF: write fail, size = 17786 space is not enough
[06:18:31.566] RX< [ringbuf] no space data_len=19968
[06:18:31.566] RX< [3] [App Vpu] RINGBUF: write fail, size = 19748 space is not enough
[06:18:31.566] RX< [ringbuf] no space data_len=14336
[06:18:31.566] RX< [3] [App Vpu] RINGBUF: write fail, size = 13866 sp
[06:18:31.666] RX< ace is not enough
[06:18:31.666] RX< [ringbuf] no space data_len=17920
[06:18:31.666] RX< [3] [App Vpu] RINGBUF: write fail, size = 17540 space is not enough
[06:18:31.666] RX< [ringbuf] no space data_len=15360
[06:18:31.666] RX< [3] [App Vpu] RINGBUF: write fail, size = 15079 space is not enough
[06:18:31.666] RX< [ringbuf] no space data_len=138
[06:18:31.734] RX< 24
[06:18:31.734] RX< [3] [App Vpu] RINGBUF: write fail, size = 13399 space is not enough
[06:18:31.734] RX< [7] [cam] [633882][me0][me_core_thread:359]ME out fid 6450
[06:18:31.734] RX< [ringbuf] no space data_len=26624
[06:18:31.734] RX< [3] [App Vpu] RINGBUF: write fail, size = 26355 space is not enough
[06:18:31.734] RX< [ringbuf] no space dat
[06:18:31.799] RX< a_len=18432
[06:18:31.799] RX< [3] [App Vpu] RINGBUF: write fail, size = 18070 space is not enough
[06:18:31.799] RX< [ringbuf] no space data_len=19456
[06:18:31.799] RX< [3] [App Vpu] RINGBUF: write fail, size = 19182 space is not enough
[06:18:31.799] RX< [ringbuf] no space data_len=14336
[06:18:31.799] RX< [3] [App Vpu] RINGBUF: write fail, siz
[06:18:31.899] RX< e = 14319 space is not enough
[06:18:31.899] RX< [ringbuf] no space data_len=16896
[06:18:31.899] RX< [3] [App Vpu] RINGBUF: write fail, size = 16694 space is not enough
[06:18:31.899] RX< [ringbuf] no space data_len=18944
[06:18:31.899] RX< [3] [App Vpu] RINGBUF: write fail, size = 18672 space is not enough
[06:18:31.899] RX< [ringbuf] no space 
[06:18:31.967] RX< data_len=13824
[06:18:31.967] RX< [3] [App Vpu] RINGBUF: write fail, size = 13491 space is not enough
[06:18:31.967] RX< [ringbuf] no space data_len=14848
[06:18:31.967] RX< [3] [App Vpu] RINGBUF: write fail, size = 14536 space is not enough
[06:18:31.967] RX< [ringbuf] no space data_len=16384
[06:18:31.967] RX< [3] [App Vpu] RINGBUF: write fail, 
[06:18:32.067] RX< size = 16199 space is not enough
[06:18:32.067] RX< [ringbuf] no space data_len=12288
[06:18:32.067] RX< [3] [App Vpu] RINGBUF: write fail, size = 12278 space is not enough
[06:18:32.067] RX< [ringbuf] no space data_len=11776
[06:18:32.067] RX< [3] [App Vpu] RINGBUF: write fail, size = 11709 space is not enough
[06:18:32.067] RX< [ringbuf] no spa
[06:18:32.133] RX< ce data_len=20480
[06:18:32.133] RX< [3] [App Vpu] RINGBUF: write fail, size = 20190 space is not enough
[06:18:32.133] RX< [ringbuf] no space data_len=13824
[06:18:32.133] RX< [3] [App Vpu] RINGBUF: write fail, size = 13728 space is not enough
[06:18:32.133] RX< [ringbuf] no space data_len=23552
[06:18:32.133] RX< [3] [App Vpu] RINGBUF: write fai
[06:18:32.233] RX< l, size = 23092 space is not enough
[06:18:32.233] RX< [ringbuf] no space data_len=16896
[06:18:32.233] RX< [3] [App Vpu] RINGBUF: write fail, size = 16676 space is not enough
[06:18:32.233] RX< [ringbuf] no space data_len=16384
[06:18:32.233] RX< [3] [App Vpu] RINGBUF: write fail, size = 16064 space is not enough
[06:18:32.233] RX< [ringbuf] no 
[06:18:32.299] RX< space data_len=17408
[06:18:32.299] RX< [3] [App Vpu] RINGBUF: write fail, size = 17028 space is not enough
[06:18:32.299] RX< [ringbuf] no space data_len=15872
[06:18:32.299] RX< [3] [App Vpu] RINGBUF: write fail, size = 15502 space is not enough
[06:18:32.299] RX< [ringbuf] no space data_len=15360
[06:18:32.299] RX< [3] [App Vpu] RINGBUF: write 
[06:18:32.350] RX< fail, size = 14956 space is not enough
[06:18:32.350] RX< [ringbuf] no space data_len=13312
[06:18:32.350] RX< [3] [App Vpu] RINGBUF: write fail, size = 13198 space is not enough
[06:18:32.350] RX< [34m[AE] fid=6480,exp=10000,adg=288,Y=4787,mtg=179,shg=100,bgbv=1522,iso=288,cnv2,hdr0
[06:18:32.350] RX< [0m[34m[b_ae0 proc] per
[06:18:32.400] RX< f=1002(us), max=1193(us)!
[06:18:32.400] RX< [0m[34m[awb0 proc] perf=4025(us), max=4129(us)!
[06:18:32.400] RX< [0m[ringbuf] no space data_len=16896
[06:18:32.400] RX< [3] [App Vpu] RINGBUF: write fail, size = 16762 space is not enough
[06:18:32.400] RX< [ringbuf] no space data_len=12800
[06:18:32.400] RX< [3] [App Vpu] RINGBUF: write fail, siz
[06:18:32.466] RX< e = 12725 space is not enough
[06:18:32.466] RX< [ringbuf] no space data_len=18432
[06:18:32.466] RX< [3] [App Vpu] RINGBUF: write fail, size = 18357 space is not enough
[06:18:32.466] RX< [34m[ME INTP]fid=6480, shutter=10000, perf=2338(us), max=3538(us)!
[06:18:32.466] RX< [0m[ringbuf] no space data_len=10752
[06:18:32.466] RX< [3] [App Vpu] RI
[06:18:32.533] RX< NGBUF: write fail, size = 10385 space is not enough
[06:18:32.533] RX< [ringbuf] no space data_len=20992
[06:18:32.533] RX< [3] [App Vpu] RINGBUF: write fail, size = 20523 space is not enough
[06:18:32.533] RX< [ringbuf] no space data_len=11264
[06:18:32.533] RX< [3] [App Vpu] RINGBUF: write fail, size = 10787 space is not enoug
[06:18:32.633] RX< h
[06:18:32.633] RX< [ringbuf] no space data_len=23552
[06:18:32.633] RX< [3] [App Vpu] RINGBUF: write fail, size = 23506 space is not enough
[06:18:32.633] RX< [ringbuf] no space data_len=10240
[06:18:32.633] RX< [3] [App Vpu] RINGBUF: write fail, size = 10057 space is not enough
[06:18:32.633] RX< [ringbuf] no space data_len=18944
[06:18:32.633] RX< [3] [App Vpu]
[06:18:32.700] RX<  RINGBUF: write fail, size = 18498 space is not enough
[06:18:32.700] RX< [ringbuf] no space data_len=11264
[06:18:32.700] RX< [3] [App Vpu] RINGBUF: write fail, size = 11050 space is not enough
[06:18:32.700] RX< [7] [cam] [634882][me0][me_core_thread:359]ME out fid 6480
[06:18:32.700] RX< [ringbuf] no space data_len=58880
[06:18:32.700] RX< [3] 
[06:18:32.766] RX< [App Vpu] RINGBUF: write fail, size = 58782 space is not enough
[06:18:32.766] RX< [ringbuf] no space data_len=16384
[06:18:32.766] RX< [3] [App Vpu] RINGBUF: write fail, size = 16305 space is not enough
[06:18:32.766] RX< [ringbuf] no space data_len=16896
[06:18:32.766] RX< [3] [App Vpu] RINGBUF: write fail, size = 16496 space 
[06:18:32.867] RX< is not enough
[06:18:32.867] RX< [ringbuf] no space data_len=12288
[06:18:32.867] RX< [3] [App Vpu] RINGBUF: write fail, size = 12209 space is not enough
[06:18:32.867] RX< [ringbuf] no space data_len=16384
[06:18:32.867] RX< [3] [App Vpu] RINGBUF: write fail, size = 15959 space is not enough
[06:18:32.867] RX< [ringbuf] no space data_len=17408
[06:18:32.867] RX< [
[06:18:32.933] RX< 3] [App Vpu] RINGBUF: write fail, size = 17022 space is not enough
[06:18:32.933] RX< [ringbuf] no space data_len=16384
[06:18:32.933] RX< [3] [App Vpu] RINGBUF: write fail, size = 16235 space is not enough
[06:18:32.933] RX< [ringbuf] no space data_len=15872
[06:18:32.933] RX< [3] [App Vpu] RINGBUF: write fail, size = 15704 spa
[06:18:33.033] RX< ce is not enough
[06:18:33.033] RX< [ringbuf] no space data_len=15872
[06:18:33.033] RX< [3] [App Vpu] RINGBUF: write fail, size = 15470 space is not enough
[06:18:33.033] RX< [ringbuf] no space data_len=15872
[06:18:33.033] RX< [3] [App Vpu] RINGBUF: write fail, size = 15416 space is not enough
[06:18:33.033] RX< [ringbuf] no space data_len=1536
[06:18:33.100] RX< 0
[06:18:33.100] RX< [3] [App Vpu] RINGBUF: write fail, size = 15324 space is not enough
[06:18:33.100] RX< [ringbuf] no space data_len=16384
[06:18:33.100] RX< [3] [App Vpu] RINGBUF: write fail, size = 16363 space is not enough
[06:18:33.100] RX< [ringbuf] no space data_len=15872
[06:18:33.100] RX< [3] [App Vpu] RINGBUF: write fail, size = 15573 
[06:18:33.200] RX< space is not enough
[06:18:33.200] RX< [ringbuf] no space data_len=15360
[06:18:33.200] RX< [3] [App Vpu] RINGBUF: write fail, size = 15215 space is not enough
[06:18:33.200] RX< [ringbuf] no space data_len=15360
[06:18:33.200] RX< [3] [App Vpu] RINGBUF: write fail, size = 14863 space is not enough
[06:18:33.200] RX< [ringbuf] no space data_len=1
[06:18:33.266] RX< 6384
[06:18:33.266] RX< [3] [App Vpu] RINGBUF: write fail, size = 16323 space is not enough
[06:18:33.266] RX< [ringbuf] no space data_len=15360
[06:18:33.266] RX< [3] [App Vpu] RINGBUF: write fail, size = 15345 space is not enough
[06:18:33.266] RX< [ringbuf] no space data_len=15872
[06:18:33.266] RX< [3] [App Vpu] RINGBUF: write fail, size = 154
[06:18:33.343] RX< 79 space is not enough
[06:18:33.343] RX< [ringbuf] no space data_len=15872
[06:18:33.343] RX< [3] [App Vpu] RINGBUF: write fail, size = 15561 space is not enough
[06:18:33.343] RX< [ringbuf] no space data_len=15360
[06:18:33.343] RX< [3] [App Vpu] RINGBUF: write fail, size = 14893 space is not enough
[06:18:33.343] RX< [34m[AE] fid=6510,exp=100
[06:18:33.400] RX< 70,adg=282,Y=4687,mtg=180,shg=100,bgbv=1517,iso=282,cnv2,hdr0
[06:18:33.400] RX< [0m[ringbuf] no space data_len=15360
[06:18:33.400] RX< [3] [App Vpu] RINGBUF: write fail, size = 15223 space is not enough
[06:18:33.400] RX< [ringbuf] no space data_len=15360
[06:18:33.400] RX< [3] [App Vpu] RINGBUF: write fail, size = 15248 space
[06:18:33.500] RX<  is not enough
[06:18:33.500] RX< [ringbuf] no space data_len=15360
[06:18:33.500] RX< [3] [App Vpu] RINGBUF: write fail, size = 14868 space is not enough
[06:18:33.500] RX< [ringbuf] no space data_len=14848
[06:18:33.500] RX< [3] [App Vpu] RINGBUF: write fail, size = 14696 space is not enough
[06:18:33.500] RX< [ringbuf] no space data_len=14848
[06:18:33.566] RX< [3] [App Vpu] RINGBUF: write fail, size = 14426 space is not enough
[06:18:33.566] RX< [ringbuf] no space data_len=14336
[06:18:33.566] RX< [3] [App Vpu] RINGBUF: write fail, size = 14218 space is not enough
[06:18:33.566] RX< [ringbuf] no space data_len=18432
[06:18:33.566] RX< [3] [App Vpu] RINGBUF: write fail, size = 18315 sp
[06:18:33.666] RX< ace is not enough
[06:18:33.666] RX< [ringbuf] no space data_len=14848
[06:18:33.666] RX< [3] [App Vpu] RINGBUF: write fail, size = 14581 space is not enough
[06:18:33.666] RX< [ringbuf] no space data_len=14848
[06:18:33.666] RX< [3] [App Vpu] RINGBUF: write fail, size = 14635 space is not enough
[06:18:33.666] RX< [ringbuf] no space data_len=143
[06:18:33.733] RX< 36
[06:18:33.733] RX< [3] [App Vpu] RINGBUF: write fail, size = 14297 space is not enough
[06:18:33.733] RX< [7] [cam] [635882][me0][me_core_thread:359]ME out fid 6510
[06:18:33.733] RX< [ringbuf] no space data_len=79360
[06:18:33.733] RX< [3] [App Vpu] RINGBUF: write fail, size = 79358 space is not enough
[06:18:33.733] RX< [ringbuf] no space dat
[06:18:33.799] RX< a_len=19968
[06:18:33.799] RX< [3] [App Vpu] RINGBUF: write fail, size = 19648 space is not enough
[06:18:33.799] RX< [ringbuf] no space data_len=11776
[06:18:33.799] RX< [3] [App Vpu] RINGBUF: write fail, size = 11354 space is not enough
[06:18:33.799] RX< [ringbuf] no space data_len=13312
[06:18:33.799] RX< [3] [App Vpu] RINGBUF: write fail, siz
[06:18:33.899] RX< e = 12874 space is not enough
[06:18:33.899] RX< [ringbuf] no space data_len=13312
[06:18:33.899] RX< [3] [App Vpu] RINGBUF: write fail, size = 13263 space is not enough
[06:18:33.899] RX< [ringbuf] no space data_len=14336
[06:18:33.899] RX< [3] [App Vpu] RINGBUF: write fail, size = 13933 space is not enough
[06:18:33.899] RX< [ringbuf] no space 
[06:18:33.966] RX< data_len=14336
[06:18:33.966] RX< [3] [App Vpu] RINGBUF: write fail, size = 14335 space is not enough
[06:18:33.966] RX< [ringbuf] no space data_len=14336
[06:18:33.966] RX< [3] [App Vpu] RINGBUF: write fail, size = 14107 space is not enough
[06:18:33.966] RX< [ringbuf] no space data_len=14336
[06:18:33.966] RX< [3] [App Vpu] RINGBUF: write fail, 
[06:18:34.066] RX< size = 14066 space is not enough
[06:18:34.066] RX< [ringbuf] no space data_len=14848
[06:18:34.066] RX< [3] [App Vpu] RINGBUF: write fail, size = 14483 space is not enough
[06:18:34.066] RX< [ringbuf] no space data_len=14336
[06:18:34.066] RX< [3] [App Vpu] RINGBUF: write fail, size = 14025 space is not enough
[06:18:34.066] RX< [ringbuf] no spa
[06:18:34.133] RX< ce data_len=14848
[06:18:34.133] RX< [3] [App Vpu] RINGBUF: write fail, size = 14718 space is not enough
[06:18:34.133] RX< [ringbuf] no space data_len=14848
[06:18:34.133] RX< [3] [App Vpu] RINGBUF: write fail, size = 14343 space is not enough
[06:18:34.133] RX< [ringbuf] no space data_len=14848
[06:18:34.133] RX< [3] [App Vpu] RINGBUF: write fai
[06:18:34.233] RX< l, size = 14392 space is not enough
[06:18:34.233] RX< [ringbuf] no space data_len=14848
[06:18:34.233] RX< [3] [App Vpu] RINGBUF: write fail, size = 14804 space is not enough
[06:18:34.233] RX< [ringbuf] no space data_len=14848
[06:18:34.233] RX< [3] [App Vpu] RINGBUF: write fail, size = 14778 space is not enough
[06:18:34.233] RX< [ringbuf] no 
[06:18:34.299] RX< space data_len=15360
[06:18:34.299] RX< [3] [App Vpu] RINGBUF: write fail, size = 14987 space is not enough
[06:18:34.299] RX< [ringbuf] no space data_len=15360
[06:18:34.299] RX< [3] [App Vpu] RINGBUF: write fail, size = 14880 space is not enough
[06:18:34.299] RX< [ringbuf] no space data_len=14848
[06:18:34.299] RX< [3] [App Vpu] RINGBUF: write 
[06:18:34.366] RX< fail, size = 14566 space is not enough
[06:18:34.366] RX< [ringbuf] no space data_len=15360
[06:18:34.366] RX< [3] [App Vpu] RINGBUF: write fail, size = 15145 space is not enough
[06:18:34.366] RX< [34m[AE] fid=6540,exp=10070,adg=282,Y=4645,mtg=180,shg=100,bgbv=1506,iso=282,cnv2,hdr0
[06:18:34.366] RX< [0m[ringbuf] no space da
[06:18:34.435] RX< ta_len=15360
[06:18:34.435] RX< [3] [App Vpu] RINGBUF: write fail, size = 15313 space is not enough
[06:18:34.435] RX< [ringbuf] no space data_len=15872
[06:18:34.435] RX< [3] [App Vpu] RINGBUF: write fail, size = 15499 space is not enough
[06:18:34.435] RX< [ringbuf] no space data_len=15872
[06:18:34.435] RX< [3] [App Vpu] RINGBUF: write fail, si
[06:18:34.654] RX< ze = 15678 space is not enough
[06:18:34.654] RX< [RTMP] slow send frame 5791 len=73156 dt=5492ms (IDR)
[06:18:34.654] RX< [RTMP] dropped 720 p-frames (backlog 99%)
[06:18:34.654] RX< [RTMP] slow send frame 5821 len=73412 dt=197ms (IDR)
[06:18:34.654] RX< [RTMP] dropped 750 p-frames (backlog 96%)
[06:18:34.654] RX< [RTMP] f_index = 5850, f_len = 20
[06:18:35.351] RX< 350
[06:18:35.351] RX< [7] [cam] [636882][me0][me_core_thread:359]ME out fid 6540
[06:18:35.351] RX< [RTMP] slow send frame 5851 len=72876 dt=297ms (IDR)
[06:18:35.351] RX< [RTMP] dropped 780 p-frames (backlog 93%)
[06:18:35.351] RX< [34m[AE] fid=6570,exp=9970,adg=288,Y=4625,mtg=180,shg=100,bgbv=1495,iso=288,cnv2,hdr0
[06:18:35.351] RX< [0m[34m[b
[06:18:36.342] RX< _ae0 proc] perf=996(us), max=1187(us)!
[06:18:36.342] RX< [0m[34m[awb0 proc] perf=3972(us), max=4099(us)!
[06:18:36.342] RX< [0m[7] [cam] [637882][me0][me_core_thread:359]ME out fid 6570
[06:18:36.342] RX< [RTMP] slow send frame 5881 len=73192 dt=1306ms (IDR)
[06:18:36.342] RX< [RTMP] dropped 810 p-frames (backlog 94%)
[06:18:36.342] RX< [34m[A
[06:18:36.603] RX< E] fid=6600,exp=9970,adg=288,Y=4639,mtg=180,shg=100,bgbv=1495,iso=288,cnv2,hdr0
[06:18:36.603] RX< [0m[34m[ME INTP]fid=6600, shutter=9970, perf=5(us), max=4114(us)!
[06:18:36.603] RX< [0m[RTMP] slow send frame 5911 len=73159 dt=310ms (IDR)
[06:18:36.603] RX< [RTMP] dropped 840 p-frames (backlog 91%)
[06:18:36.603] RX< [RTMP] f_
[06:18:36.929] RX< index = 5940, f_len = 8485
[06:18:36.929] RX< [RTMP] slow send frame 5941 len=67083 dt=92ms (IDR)
[06:18:36.929] RX< [RTMP] dropped 870 p-frames (backlog 88%)
[06:18:36.929] RX< [7] [cam] [638895][me0][me_core_thread:359]ME out fid 6600
[06:18:36.929] RX< [RTMP] slow send frame 5971 len=66918 dt=216ms (IDR)
[06:18:36.929] RX< [RTMP] dropped 900 p-fr
[06:18:37.276] RX< ames (backlog 85%)
[06:18:37.276] RX< [RTMP] slow send frame 6001 len=73046 dt=203ms (IDR)
[06:18:37.276] RX< [RTMP] dropped 930 p-frames (backlog 82%)
[06:18:37.276] RX< [RTMP] f_index = 6030, f_len = 8863
[06:18:37.276] RX< [RTMP] slow send frame 6031 len=66672 dt=64ms (IDR)
[06:18:37.276] RX< [RTMP] dropped 960 p-frames (backlog 78%)
[06:18:37.276] RX< [4] [cam] [6
[06:18:37.381] RX< 39459][qpc0][qpc_core_exception_check:405]discontinuous frame, now: 6628, last: 6626
[06:18:37.381] RX< [34m[AE] fid=6630,exp=9970,adg=300,Y=4473,mtg=180,shg=100,bgbv=1424,iso=300,cnv2,hdr0
[06:18:37.381] RX< [0m[RTMP] slow send frame 6061 len=73190 dt=146ms (IDR)
[06:18:37.381] RX< [RTMP] dropped 990 p-frames
[06:18:37.655] RX<  (backlog 75%)
[06:18:37.655] RX< [RTMP] slow send frame 6091 len=66762 dt=76ms (IDR)
[06:18:37.655] RX< [RTMP] dropped 1020 p-frames (backlog 72%)
[06:18:37.655] RX< [RTMP] f_index = 6120, f_len = 8778
[06:18:37.655] RX< [RTMP] slow send frame 6121 len=66841 dt=65ms (IDR)
[06:18:37.655] RX< [RTMP] dropped 1050 p-frames (backlog 68%)
[06:18:37.655] RX< [RTMP] slow sen
[06:18:37.714] RX< d frame 6151 len=72683 dt=97ms (IDR)
[06:18:37.714] RX< [RTMP] dropped 1080 p-frames (backlog 65%)
[06:18:37.714] RX< [4] [cam] [639860][qpc0][qpc_core_exception_check:411]interp not finish in sof, fid: 6639
[06:18:37.714] RX< [7] [cam] [639889][me0][me_core_thread:359]ME out fid 6630
[06:18:37.714] RX< [4] [cam] [639897][qpc0][qp
[06:18:38.347] RX< c_core_exception_check:405]discontinuous frame, now: 6641, last: 6639
[06:18:38.347] RX< [RTMP] slow send frame 6201 len=13595 dt=87ms
[06:18:38.347] RX< [RTMP] f_index = 6210, f_len = 20911
[06:18:38.347] RX< [RTMP] slow send frame 6211 len=73307 dt=92ms (IDR)
[06:18:38.347] RX< [34m[AE] fid=6660,exp=9930,adg=294,Y=4685,mtg=180,
[06:18:38.683] RX< shg=100,bgbv=1487,iso=294,cnv2,hdr0
[06:18:38.683] RX< [0m[34m[b_ae0 proc] perf=1131(us), max=1182(us)!
[06:18:38.683] RX< [0m[34m[awb0 proc] perf=4279(us), max=4833(us)!
[06:18:38.683] RX< [0m[RTMP] slow send frame 6213 len=10819 dt=124ms
[06:18:38.683] RX< [RTMP] slow send frame 6216 len=14814 dt=90ms
[06:18:38.683] RX< [7] [cam] [640881][me
[06:18:39.348] RX< 0][me_core_thread:359]ME out fid 6660
[06:18:39.348] RX< [RTMP] slow send frame 6228 len=73229 dt=154ms (IDR)
[06:18:39.348] RX< [RTMP] slow send frame 6229 len=12381 dt=99ms
[06:18:39.348] RX< [RTMP] slow send frame 6230 len=15742 dt=149ms
[06:18:39.348] RX< [RTMP] slow send frame 6232 len=21830 dt=224ms
[06:18:39.348] RX< [34m[AE] fid=6690,exp=10
[06:18:40.068] RX< 070,adg=288,Y=4685,mtg=180,shg=100,bgbv=1494,iso=288,cnv2,hdr0
[06:18:40.068] RX< [0m[RTMP] slow send frame 6234 len=21728 dt=98ms
[06:18:40.068] RX< [RTMP] slow send frame 6235 len=9374 dt=210ms
[06:18:40.068] RX< [7] [cam] [641881][me0][me_core_thread:359]ME out fid 6690
[06:18:40.068] RX< [RTMP] slow send frame 6236 len=21318 
[06:18:40.682] RX< dt=420ms
[06:18:40.682] RX< [34m[AE] fid=6720,exp=10070,adg=288,Y=4684,mtg=180,shg=100,bgbv=1494,iso=288,cnv2,hdr0
[06:18:40.682] RX< [0m[34m[ME INTP]fid=6720, shutter=10070, perf=6(us), max=31991(us)!
[06:18:40.682] RX< [0m[RTMP] slow send frame 6238 len=20828 dt=535ms
[06:18:40.682] RX< [7] [cam] [642881][me0][me_core_thread
[06:18:41.346] RX< :359]ME out fid 6720
[06:18:41.346] RX< [RTMP] slow send frame 6239 len=8831 dt=132ms
[06:18:41.346] RX< [RTMP] slow send frame 6240 len=20775 dt=72ms
[06:18:41.346] RX< [RTMP] slow send frame 6244 len=20362 dt=101ms
[06:18:41.346] RX< [RTMP] slow send frame 6246 len=20296 dt=132ms
[06:18:41.346] RX< [34m[AE] fid=6750,exp=10070,adg=288,Y=4692,mtg=1
[06:18:42.003] RX< 80,shg=100,bgbv=1498,iso=288,cnv2,hdr0
[06:18:42.003] RX< [0m[34m[b_ae0 proc] perf=1065(us), max=1323(us)!
[06:18:42.003] RX< [0m[34m[awb0 proc] perf=4130(us), max=4740(us)!
[06:18:42.003] RX< [0m[RTMP] slow send frame 6248 len=20391 dt=272ms
[06:18:42.003] RX< [7] [cam] [643881][me0][me_core_thread:359]ME out fid 6750
[06:18:42.003] RX< [RTMP
[06:18:42.694] RX< ] slow send frame 6250 len=20333 dt=598ms
[06:18:42.694] RX< [RTMP] slow send frame 6252 len=20623 dt=240ms
[06:18:42.694] RX< [RTMP] slow send frame 6253 len=8901 dt=56ms
[06:18:42.694] RX< [34m[AE] fid=6780,exp=10070,adg=288,Y=4688,mtg=180,shg=100,bgbv=1498,iso=288,cnv2,hdr0
[06:18:42.694] RX< [0m[7] [cam] [644881][me0][me_cor
[06:18:43.421] RX< e_thread:359]ME out fid 6780
[06:18:43.421] RX< [RTMP] slow send frame 6254 len=20202 dt=559ms
[06:18:43.421] RX< [RTMP] slow send frame 6258 len=15813 dt=71ms
[06:18:43.421] RX< [34m[AE] fid=6810,exp=10030,adg=288,Y=4688,mtg=180,shg=100,bgbv=1502,iso=288,cnv2,hdr0
[06:18:43.421] RX< [0m[RTMP] slow send frame 6259 len=16212 dt=4
[06:18:44.347] RX< 01ms
[06:18:44.347] RX< [RTMP] slow send frame 6260 len=10995 dt=109ms
[06:18:44.347] RX< [7] [cam] [645881][me0][me_core_thread:359]ME out fid 6810
[06:18:44.347] RX< [RTMP] slow send frame 6265 len=15399 dt=251ms
[06:18:44.347] RX< [34m[AE] fid=6840,exp=10030,adg=288,Y=4684,mtg=180,shg=100,bgbv=1498,iso=288,cnv2,hdr0
[06:18:44.347] RX< [0m[34m[
[06:18:45.008] RX< b_ae0 proc] perf=1194(us), max=1324(us)!
[06:18:45.008] RX< [0m[34m[awb0 proc] perf=4246(us), max=4523(us)!
[06:18:45.008] RX< [0m[34m[ME INTP]fid=6840, shutter=10030, perf=342(us), max=2491(us)!
[06:18:45.008] RX< [0m[7] [cam] [646880][me0][me_core_thread:359]ME out fid 6840
[06:18:45.008] RX< [RTMP] slow send frame 6273 le
[06:18:45.459] RX< n=70916 dt=1161ms (IDR)
[06:18:45.459] RX< [RTMP] dropped 1110 p-frames (backlog 55%)
[06:18:45.459] RX< [RTMP] f_index = 6300, f_len = 11437
[06:18:45.459] RX< [34m[AE] fid=6870,exp=10030,adg=288,Y=4683,mtg=180,shg=100,bgbv=1498,iso=288,cnv2,hdr0
[06:18:45.459] RX< [0m[RTMP] slow send frame 6303 len=49842 dt=449ms (IDR)
[06:18:45.459] RX< [RTMP] 
[06:18:46.693] RX< dropped 1140 p-frames (backlog 52%)
[06:18:46.693] RX< [7] [cam] [647880][me0][me_core_thread:359]ME out fid 6870
[06:18:46.693] RX< [RTMP] slow send frame 6321 len=11719 dt=304ms
[06:18:46.693] RX< [34m[AE] fid=6900,exp=10000,adg=288,Y=4716,mtg=180,shg=100,bgbv=1510,iso=288,cnv2,hdr0
[06:18:46.693] RX< [0m[7] [cam] [648880][me0
[06:18:47.346] RX< ][me_core_thread:359]ME out fid 6900
[06:18:47.346] RX< [RTMP] slow send frame 6333 len=50548 dt=1264ms (IDR)
[06:18:47.346] RX< [RTMP] dropped 1170 p-frames (backlog 54%)
[06:18:47.346] RX< [34m[AE] fid=6930,exp=9930,adg=288,Y=4690,mtg=180,shg=100,bgbv=1514,iso=288,cnv2,hdr0
[06:18:47.346] RX< [0m[34m[b_ae0 proc] perf=1130(us)
[06:18:47.773] RX< , max=1310(us)!
[06:18:47.773] RX< [0m[34m[awb0 proc] perf=4256(us), max=4593(us)!
[06:18:47.773] RX< [0m[RTMP] slow send frame 6363 len=47648 dt=473ms (IDR)
[06:18:47.773] RX< [RTMP] dropped 1200 p-frames (backlog 52%)
[06:18:47.773] RX< [7] [cam] [649880][me0][me_core_thread:359]ME out fid 6930
[06:18:47.773] RX< [RTMP] slow send frame 6384 le
[06:18:48.441] RX< n=14170 dt=201ms
[06:18:48.441] RX< [RTMP] f_index = 6390, f_len = 16566
[06:18:48.441] RX< [34m[AE] fid=6960,exp=9930,adg=288,Y=4655,mtg=180,shg=100,bgbv=1503,iso=288,cnv2,hdr0
[06:18:48.441] RX< [0m[RTMP] slow send frame 6392 len=15501 dt=594ms
[06:18:48.441] RX< [34m[ME INTP]fid=6960, shutter=9930, perf=6(us), max=3152(us)!
[06:18:49.693] RX< [0m[7] [cam] [650880][me0][me_core_thread:359]ME out fid 6960
[06:18:49.693] RX< [RTMP] slow send frame 6393 len=31202 dt=333ms (IDR)
[06:18:49.693] RX< [RTMP] dropped 1230 p-frames (backlog 76%)
[06:18:49.693] RX< [34m[AE] fid=6990,exp=9930,adg=288,Y=4664,mtg=180,shg=100,bgbv=1507,iso=288,cnv2,hdr0
[06:18:49.693] RX< [0m[7] [c
[06:18:50.345] RX< am] [651880][me0][me_core_thread:359]ME out fid 6990
[06:18:50.345] RX< [RTMP] slow send frame 6416 len=77710 dt=1104ms (IDR)
[06:18:50.345] RX< [RTMP] dropped 1260 p-frames (backlog 76%)
[06:18:50.345] RX< [34m[AE] fid=7020,exp=9930,adg=288,Y=4663,mtg=180,shg=100,bgbv=1507,iso=288,cnv2,hdr0
[06:18:50.345] RX< [0m[34m[b_ae0 pro
[06:18:51.341] RX< c] perf=1064(us), max=1313(us)!
[06:18:51.341] RX< [0m[34m[awb0 proc] perf=4245(us), max=4400(us)!
[06:18:51.341] RX< [0m[7] [cam] [652880][me0][me_core_thread:359]ME out fid 7020
[06:18:51.341] RX< [RTMP] slow send frame 6446 len=72792 dt=1007ms (IDR)
[06:18:51.341] RX< [RTMP] dropped 1290 p-frames (backlog 76%)
[06:18:51.341] RX< [34m[AE] fid
[06:18:51.691] RX< =7050,exp=9930,adg=288,Y=4680,mtg=180,shg=100,bgbv=1510,iso=288,cnv2,hdr0
[06:18:51.691] RX< [0m[RTMP] slow send frame 6476 len=77225 dt=630ms (IDR)
[06:18:51.691] RX< [RTMP] f_index = 6480, f_len = 15149
[06:18:51.691] RX< [RTMP] dropped 1320 p-frames (backlog 74%)
[06:18:51.691] RX< [RTMP] dropped 1350 p-frames (backlog 70%)
[06:18:51.691] RX< [7
[06:18:52.002] RX< ] [cam] [653879][me0][me_core_thread:359]ME out fid 7050
[06:18:52.002] RX< [RTMP] slow send frame 6536 len=75721 dt=223ms (IDR)
[06:18:52.002] RX< [RTMP] dropped 1380 p-frames (backlog 68%)
[06:18:52.002] RX< [RTMP] slow send frame 6566 len=77806 dt=217ms (IDR)
[06:18:52.002] RX< [RTMP] f_index = 6570, f_len = 16051
[06:18:52.002] RX< [RTMP] droppe
[06:18:52.157] RX< d 1410 p-frames (backlog 65%)
[06:18:52.157] RX< [RTMP] slow send frame 6596 len=77976 dt=82ms (IDR)
[06:18:52.157] RX< [RTMP] dropped 1440 p-frames (backlog 61%)
[06:18:52.157] RX< [4] [cam] [654325][qpc0][qpc_core_exception_check:405]discontinuous frame, now: 7074, last: 7072
[06:18:52.157] RX< [RTMP] dropped 1470 p-frames (back
[06:18:52.343] RX< log 58%)
[06:18:52.343] RX< [RTMP] f_index = 6660, f_len = 14986
[06:18:52.343] RX< [RTMP] dropped 1500 p-frames (backlog 54%)
[06:18:52.343] RX< [RTMP] dropped 1530 p-frames (backlog 51%)
[06:18:52.343] RX< [4] [cam] [654490][qpc0][qpc_core_exception_check:405]discontinuous frame, now: 7079, last: 7076
[06:18:52.343] RX< [34m[AE] fid=7080,exp=9930
[06:18:52.440] RX< ,adg=288,Y=4691,mtg=180,shg=100,bgbv=1514,iso=288,cnv2,hdr0
[06:18:52.440] RX< [0m[RTMP] slow send frame 6716 len=73159 dt=64ms (IDR)
[06:18:52.440] RX< [4] [cam] [654589][qpc0][qpc_core_exception_check:405]discontinuous frame, now: 7082, last: 7080
[06:18:52.440] RX< [34m[ME INTP]fid=7080, shutter=9930, perf=
[06:18:53.344] RX< 6(us), max=772(us)!
[06:18:53.344] RX< [0m[RTMP] slow send frame 6723 len=15543 dt=108ms
[06:18:53.344] RX< [7] [cam] [654888][me0][me_core_thread:359]ME out fid 7080
[06:18:53.344] RX< [RTMP] slow send frame 6738 len=16030 dt=184ms
[06:18:53.344] RX< [34m[AE] fid=7110,exp=9930,adg=288,Y=4680,mtg=180,shg=100,bgbv=1510,iso=288,cn
[06:18:54.339] RX< v2,hdr0
[06:18:54.339] RX< [0m[34m[b_ae0 proc] perf=1157(us), max=1522(us)!
[06:18:54.339] RX< [0m[34m[awb0 proc] perf=3951(us), max=4688(us)!
[06:18:54.339] RX< [0m[RTMP] slow send frame 6740 len=15054 dt=635ms
[06:18:54.339] RX< [7] [cam] [655879][me0][me_core_thread:359]ME out fid 7110
[06:18:54.339] RX< [34m[AE] fid=7140,exp=9930,adg=288,
[06:18:55.692] RX< Y=4687,mtg=180,shg=100,bgbv=1510,iso=288,cnv2,hdr0
[06:18:55.692] RX< [0m[7] [cam] [656879][me0][me_core_thread:359]ME out fid 7140
[06:18:55.692] RX< [34m[AE] fid=7170,exp=9930,adg=288,Y=4696,mtg=180,shg=100,bgbv=1514,iso=288,cnv2,hdr0
[06:18:55.692] RX< [0m[7] [cam] [657879][me0][me_core_thread:359]ME out f
[06:18:56.345] RX< id 7170
[06:18:56.345] RX< [RTMP] slow send frame 6746 len=78213 dt=2513ms (IDR)
[06:18:56.345] RX< [RTMP] f_index = 6750, f_len = 12946
[06:18:56.345] RX< [RTMP] dropped 1560 p-frames (backlog 57%)
[06:18:56.345] RX< [34m[AE] fid=7200,exp=9930,adg=288,Y=4710,mtg=180,shg=100,bgbv=1518,iso=288,cnv2,hdr0
[06:18:56.345] RX< [0m[34m[b_ae0 proc] perf=
[06:18:57.339] RX< 1133(us), max=1316(us)!
[06:18:57.339] RX< [0m[34m[awb0 proc] perf=4255(us), max=4369(us)!
[06:18:57.339] RX< [0m[34m[ME INTP]fid=7200, shutter=9930, perf=5(us), max=360(us)!
[06:18:57.339] RX< [0m[7] [cam] [658879][me0][me_core_thread:359]ME out fid 7200
[06:18:57.339] RX< [34m[AE] fid=7230,exp=10030,adg=288,Y=4648,mtg=180
[06:18:58.886] RX< ,shg=100,bgbv=1491,iso=288,cnv2,hdr0
[06:18:58.886] RX< [0m[7] [cam] [659879][me0][me_core_thread:359]ME out fid 7230
[06:18:58.886] RX< [34m[AE] fid=7260,exp=10000,adg=288,Y=4716,mtg=180,shg=100,bgbv=1514,iso=288,cnv2,hdr0
[06:18:58.886] RX< [0m[7] [cam] [660879][me0][me_core_thread:359]ME out fid 7260
[06:18:58.886] RX< [RTMP
[06:18:59.185] RX< ] slow send frame 6776 len=78546 dt=2852ms (IDR)
[06:18:59.185] RX< [RTMP] dropped 1590 p-frames (backlog 66%)
[06:18:59.185] RX< [RTMP] slow send frame 6806 len=78892 dt=61ms (IDR)
[06:18:59.185] RX< [4] [cam] [661304][qpc0][qpc_core_exception_check:411]interp not finish in sof, fid: 7282
[06:18:59.185] RX< [4] [cam] [661356][qpc
[06:18:59.344] RX< 0][qpc_core_exception_check:405]discontinuous frame, now: 7285, last: 7283
[06:18:59.344] RX< [RTMP] slow send frame 6831 len=14024 dt=53ms
[06:18:59.344] RX< [34m[AE] fid=7290,exp=9930,adg=288,Y=4702,mtg=180,shg=100,bgbv=1518,iso=288,cnv2,hdr0
[06:18:59.344] RX< [0m[34m[b_ae0 proc] perf=1217(us), max=1317(us
[06:18:59.744] RX< )!
[06:18:59.744] RX< [0m[34m[awb0 proc] perf=4370(us), max=4386(us)!
[06:18:59.744] RX< [0m[RTMP] slow send frame 6836 len=78576 dt=102ms (IDR)
[06:18:59.744] RX< [RTMP] f_index = 6840, f_len = 15042
[06:18:59.744] RX< [4] [cam] [661755][qpc0][qpc_core_exception_check:405]discontinuous frame, now: 7297, last: 7295
[06:18:59.744] RX< [4] [cam] [
[06:18:59.744] RX< 661926][qpc0][qpc_core_exception_check:405]discontinuous frame, now: 7300, last: 7298
[06:18:59.744] RX< [4] [cam] [661926][qpc0][qpc_core_exception_check:411]interp not finish in sof, fid: 7300
[06:18:59.744] RX< [4] [cam] [661927][qpc0][qpc_core_exception_check:411]interp not finish in sof,
[06:19:00.011] RX<  fid: 7300
[06:19:00.011] RX< [4] [cam] [661956][qpc0][qpc_core_exception_check:405]discontinuous frame, now: 7303, last: 7300
[06:19:00.011] RX< [RTMP] slow send frame 6866 len=79520 dt=95ms (IDR)
[06:19:00.011] RX< [4] [cam] [662137][qpc0][qpc_core_exception_check:411]interp not finish in sof, fid: 7306
[06:19:00.011] RX< [4] [c
[06:19:00.295] RX< am] [662195][qpc0][qpc_core_exception_check:411]interp not finish in sof, fid: 7307
[06:19:00.295] RX< [4] [cam] [662223][qpc0][qpc_core_exception_check:405]discontinuous frame, now: 7311, last: 7307
[06:19:00.295] RX< [RTMP] slow send frame 6890 len=14517 dt=87ms
[06:19:00.295] RX< [RTMP] slow send frame 6891 l
[06:19:00.503] RX< en=14304 dt=150ms
[06:19:00.503] RX< [34m[AE] fid=7320,exp=9930,adg=288,Y=4700,mtg=180,shg=100,bgbv=1518,iso=288,cnv2,hdr0
[06:19:00.503] RX< [0m[RTMP] slow send frame 6892 len=14374 dt=103ms
[06:19:00.503] RX< [34m[ME INTP]fid=7320, shutter=9930, perf=6(us), max=3426(us)!
[06:19:00.503] RX< [0m[RTMP] slow send frame 6895 len=
[06:19:00.686] RX< 13987 dt=56ms
[06:19:00.686] RX< [4] [cam] [662758][qpc0][qpc_core_exception_check:411]interp not finish in sof, fid: 7326
[06:19:00.686] RX< [4] [cam] [662790][qpc0][qpc_core_exception_check:405]discontinuous frame, now: 7328, last: 7326
[06:19:00.686] RX< [7] [cam] [662881][me0][me_core_thread:359]ME out fid 7
[06:19:00.805] RX< 320
[06:19:00.805] RX< [4] [cam] [662911][qpc0][qpc_core_exception_check:405]discontinuous frame, now: 7331, last: 7329
[06:19:00.805] RX< [4] [cam] [662965][qpc0][qpc_core_exception_check:411]interp not finish in sof, fid: 7331
[06:19:00.805] RX< [4] [cam] [662989][qpc0][qpc_core_exception_check:405]discontinuo
[06:19:01.042] RX< us frame, now: 7334, last: 7331
[06:19:01.042] RX< [4] [cam] [663061][qpc0][qpc_core_exception_check:411]interp not finish in sof, fid: 7335
[06:19:01.042] RX< [RTMP] slow send frame 6926 len=79666 dt=63ms (IDR)
[06:19:01.042] RX< [RTMP] f_index = 6930, f_len = 15425
[06:19:01.042] RX< [4] [cam] [663219][qpc0][qpc_core_exception_c
[06:19:01.043] RX< heck:405]discontinuous frame, now: 7337, last: 7335
[06:19:01.043] RX< [4] [cam] [663220][qpc0][qpc_core_exception_check:411]interp not finish in sof, fid: 7337
[06:19:01.043] RX< [4] [cam] [663225][qpc0][qpc_core_exception_check:411]interp not finish in sof, fid: 7337
[06:19:01.043] RX< [4] [cam] [663226][qpc0
[06:19:01.201] RX< ][qpc_core_exception_check:411]interp not finish in sof, fid: 7337
[06:19:01.201] RX< [4] [cam] [663371][qpc0][qpc_core_exception_check:411]interp not finish in sof, fid: 7337
[06:19:01.201] RX< [4] [cam] [663372][qpc0][qpc_core_exception_check:411]interp not finish in sof, fid: 7337
[06:19:01.201] RX< [4] [ca
[06:19:01.202] RX< m] [663372][qpc0][qpc_core_exception_check:411]interp not finish in sof, fid: 7337
[06:19:01.202] RX< [4] [cam] [663373][qpc0][qpc_core_exception_check:411]interp not finish in sof, fid: 7337
[06:19:01.202] RX< [4] [cam] [663385][qpc0][qpc_core_exception_check:411]interp not finish in sof, fi
[06:19:03.204] RX< d: 7337
[06:19:31.261] TX> rtmp_video_stop
