[23:12:47.779] TX> 
[23:12:48.780] TX> 
[23:12:49.780] RX< 
[23:12:49.780] RX< msh />
[23:12:49.780] RX< msh />
[23:12:49.997] TX> echo "EVBTEST_HELLO"
[23:12:49.997] TX> echo "__EVBTEST_END_3a32df59__"
[23:12:51.782] RX< echo "EVBTEST_HELLO"
[23:12:51.782] RX< EVBTEST_HELLO
[23:12:51.782] RX< msh />echo "__EVBTEST_END_3a32df59__"
[23:12:51.782] RX< __EVBTEST_END_3a32df59__
[23:12:51.782] RX< msh />
[23:12:51.989] TX> cd /
[23:12:51.989] TX> echo "__EVBTEST_END_1d57aa02__"
[23:12:53.784] RX< cd /
[23:12:53.784] RX< msh />echo "__EVBTEST_END_1d57aa02__"
[23:12:53.784] RX< __EVBTEST_END_1d57aa02__
[23:12:53.784] RX< msh />
[23:12:53.986] TX> dfs_video_stop
[23:12:53.986] TX> echo "__EVBTEST_END_f7d27f3f__"
[23:12:55.786] RX< dfs_video_stop
[23:12:55.786] RX< [6] [App Dfs] Please start recording the video first.
[23:12:55.786] RX< msh />echo "__EVBTEST_END_f7d27f3f__"
[23:12:55.786] RX< __EVBTEST_END_f7d27f3f__
[23:12:55.786] RX< msh />
[23:13:07.364] TX> wifi scan
[23:13:07.364] TX> echo "__EVBTEST_END_ef6bfd32__"
[23:13:07.663] RX< wifi scan
[23:13:07.663] RX<              SSID                      MAC            security    rssi chn Mbps
[23:13:07.663] RX< ------------------------------- -----------------  -------------- ---- --- ----
[23:13:07.663] RX< ftp_hw_2_4g                     e2:19:01:17:87:d1  WPA2_AES_PSK   -37    1  144
[23:13:07.663] RX< alk_
[23:13:07.746] RX< guest                       2c:97:b1:17:2e:a1  WPA2_MIXED_PSK -53   11   72
[23:13:07.746] RX<  Gwireless                      f4:e4:51:83:d5:81  WPA2_AES_PSK   -59   11  144
[23:13:07.746] RX< G-Demo                          f4:e4:51:83:d5:82  WPA2_AES_PSK   -61   11  144
[23:13:07.746] RX< MTK_CHEETAH_AP_2.
[23:13:09.014] RX< 4G             e0:ef:02:71:f5:71  OPEN           -42   13  300
[23:13:09.014] RX< SW-test-2.4G                    f8:ce:21:8b:a6:fc  WPA2_AES_PSK   -45   13  600
[23:13:09.014] RX< TP-LINK_5G_756B                 c2:45:86:39:8c:5f  WPA2_AES_PSK   -54    1  300
[23:13:09.014] RX< alk                           
[23:13:11.016] RX<   2c:97:b1:17:2e:a0  WPA2_AES_PSK   -52   11   72
[23:13:11.016] RX< gravityXR                       f4:e4:51:83:d5:80  WPA2_AES_PSK   -59   11  144
[23:13:11.016] RX< msh />echo "__EVBTEST_END_ef6bfd32__"
[23:13:11.016] RX< __EVBTEST_END_ef6bfd32__
[23:13:11.016] RX< msh />
[23:13:23.553] TX> wifi join G-Demo Gdemo@123
[23:13:23.553] TX> echo "__EVBTEST_END_b9520c6c__"
[23:13:25.031] RX< wifi join G-Demo Gdemo@123
[23:13:27.032] RX< [33m[W/WLAN.mgnt] F:rt_wlan_connect L:935 not find ap! ssid:G-Demo,info.ssid.len=6[0m
[23:13:27.032] RX< msh />echo "__EVBTEST_END_b9520c6c__"
[23:13:27.032] RX< __EVBTEST_END_b9520c6c__
[23:13:27.032] RX< msh />
[23:13:53.558] RX< ifconfig
[23:13:53.558] RX< network interface device: w0 (Default)
[23:13:53.558] RX< MTU: 1500
[23:13:53.558] RX< MAC: 8c ea 12 ba a8 2c 
[23:13:53.558] RX< FLAGS: UP LINK_DOWN INTERNET_DOWN DHCP_ENABLE ETHARP BROADCAST IGMP
[23:13:53.558] RX< ip address: 0.0.0.0
[23:13:53.558] RX< gw address: 0.0.0.0
[23:13:53.558] RX< net mask  : 0.0.0.0
[23:13:53.558] RX< dns server #0: 0.0.0.0
[23:13:53.558] RX< dns server #1: 0.0
[23:13:53.573] RX< .0.0
[23:13:53.573] RX< 
[23:13:53.573] RX< network interface device: w1
[23:13:53.573] RX< MTU: 1500
[23:13:53.573] RX< MAC: 8e ea 12 ba a8 2c 
[23:13:53.573] RX< FLAGS: UP LINK_DOWN INTERNET_DOWN DHCP_ENABLE ETHARP BROADCAST IGMP
[23:13:53.573] RX< ip address: 0.0.0.0
[23:13:53.573] RX< gw address: 0.0.0.0
[23:13:53.573] RX< net mask  : 0.0.0.0
[23:13:53.573] RX< dns server #0: 0.0.0.0
[23:13:53.573] RX< dns server #1: 0.0.0.0
[23:13:53.573] RX< msh />e
[23:13:53.755] TX> ifconfig
[23:13:53.755] TX> echo "__EVBTEST_END_d2578400__"
[23:13:55.575] RX< cho "__EVBTEST_END_d2578400__"
[23:13:55.575] RX< __EVBTEST_END_d2578400__
[23:13:55.575] RX< msh />
[23:13:55.781] TX> wifi scan
[23:13:55.781] TX> echo "__EVBTEST_END_379b4717__"
[23:13:56.094] RX< wifi scan
[23:13:56.094] RX<              SSID                      MAC            security    rssi chn Mbps
[23:13:56.094] RX< ------------------------------- -----------------  -------------- ---- --- ----
[23:13:56.094] RX< realme GT Neo5 SE               6e:de:3b:69:a5:79  WPA2_AES_PSK   -52    4  144
[23:13:56.094] RX< alk 
[23:13:56.094] RX<                             2c:97:b1:17:2e:a0  WPA2_AES_PSK   -50   11   72
[23:13:56.094] RX< alk_guest                       2c:97:b1:17:2e:a1  WPA2_MIXED_PSK -51   11   72
[23:13:56.094] RX< gravityXR                       f4:e4:51:83:d5:80  WPA2_AES_PSK   -55   11  144
[23:13:56.094] RX<  Gwireless       
[23:13:56.349] RX<                f4:e4:51:83:d5:81  WPA2_AES_PSK   -51   11  144
[23:13:56.349] RX< MTK_CHEETAH_AP_2.4G             e0:ef:02:71:f5:71  OPEN           -39   13  300
[23:13:56.349] RX< ftp_hw_2_4g                     e2:19:01:17:87:d1  WPA2_AES_PSK   -38    1  144
[23:13:56.349] RX< HUAWEI-X1E3WU                 
[23:13:57.370] RX<   42:17:a3:f1:cf:49  WPA2_AES_PSK   -60    1  144
[23:13:57.370] RX<  Gwireless                      f4:e4:51:83:e3:01  WPA2_AES_PSK   -64    6  144
[23:13:57.370] RX< 204                             cc:20:8c:ad:21:e0  OPEN           -70    6  144
[23:13:57.370] RX< G-Demo                          f4:e4:51:83
[23:13:59.372] RX< :d5:82  WPA2_AES_PSK   -51   11  144
[23:13:59.372] RX< SW-test-2.4G                    f8:ce:21:8b:a6:fc  WPA2_AES_PSK   -42   13  600
[23:13:59.372] RX< msh />echo "__EVBTEST_END_379b4717__"
[23:13:59.372] RX< __EVBTEST_END_379b4717__
[23:13:59.372] RX< msh />
[23:13:59.589] TX> wifi join G-Demo Gdemo@123
[23:13:59.589] TX> echo "__EVBTEST_END_a73167af__"
[23:14:01.374] RX< wifi join G-Demo Gdemo@123
[23:14:05.378] RX< [32m[I/WLAN.mgnt] wifi connect success ssid:G-Demo[0m
[23:14:05.378] RX< msh />echo "__EVBTEST_END_a73167af__"
[23:14:05.378] RX< __EVBTEST_END_a73167af__
[23:14:05.378] RX< msh />
[23:14:07.378] RX< [32m[I/WLAN.lwip] Got IP address : 10.1.90.71[0m
[23:14:09.380] RX< [6] [SNTP] rtc synced: 2026-08-18 02:14:07 (tick=633396704)
[23:14:12.585] TX> cd /emmc
[23:14:12.585] TX> echo "__EVBTEST_END_140938c5__"
[23:14:13.384] RX< cd /emmc
[23:14:13.384] RX< msh /emmc>echo "__EVBTEST_END_140938c5__"
[23:14:13.384] RX< __EVBTEST_END_140938c5__
[23:14:13.384] RX< msh /emmc>
[23:14:13.593] TX> ftp_server
[23:14:13.593] TX> echo "__EVBTEST_END_d0d6c87c__"
[23:14:15.386] RX< ftp_server
[23:14:15.386] RX< 
[23:14:15.386] RX< [FTP] Ftp server init success!!!
[23:14:15.386] RX< msh /emmc>echo "__EVBTEST_END_d0d6c87c__"
[23:14:15.386] RX< __EVBTEST_END_d0d6c87c__
[23:14:15.386] RX< msh /emmc>
[23:14:19.389] RX< [32m[I/ftp] service launched success.[0m
[23:14:20.362] TX> cam_set photo auto
[23:14:20.362] TX> echo "__EVBTEST_END_6bfd9aa3__"
[23:14:21.391] RX< cam_set photo auto
[23:14:21.391] RX< [6] [App Dfs] auto mode
[23:14:21.391] RX< msh /emmc>echo "__EVBTEST_END_6bfd9aa3__"
[23:14:21.391] RX< __EVBTEST_END_6bfd9aa3__
[23:14:21.391] RX< msh /emmc>
[23:14:22.408] RX< dfs_capture_start
[23:14:22.408] RX< [7] [cam] [98624][tshell][cgm_parse_bin:105]total logical camera num: 1
[23:14:22.408] RX< [6] [cam] [98624][tshell][cam_prelude_create:187]E id, 0
[23:14:22.408] RX< [7] [cam] [98624][cpl0][cam_prelude_proc_routine:101]thread start
[23:14:22.408] RX< [6] [cam] [98624][tshell][cam_prelude_crea
[23:14:22.411] RX< te:214]X ctx size 124 addr 0x88480c98
[23:14:22.411] RX< [6] [cam] [98631][tshell][sensor_probe:418]sensor [1]: identifing 0 success.
[23:14:22.411] RX< [6] [cam] [98632][tshell][sensor_probe:441]sensor [1]: probe exit!
[23:14:22.411] RX< [6] [cam] [98632][tshell][cam_prelude_fast_probe:251]cam: 0 probe result:
[23:14:22.411] RX<  0
[23:14:22.411] RX< [6] [cam] [98633][tshell][cgm_parse_bin:215]cam(0) probe success
[23:14:22.411] RX< [6] [cam] [98633][tshell][cam_entry:435]entry ok
[23:14:22.411] RX< [34m[cam entry] perf=9626(us)!
[23:14:22.411] RX< [0m[6] [App Cam] cam entry success
[23:14:22.411] RX< [36mmem_laySolv: scenario=01 in=4032x3024, me_rotate=1 me_stripe=1 
[23:14:22.413] RX< 
[23:14:22.413] RX< [0m[36mmem_laySolv: me_rot 1, me_stripe 1, eis 0, be_rot 0
[23:14:22.413] RX< [0mscen1 type26 bufAdr 0x89d40b70 sz 0x1400000 reCfg for bound!
[23:14:22.413] RX< [36mmem_laySolv: scen01 20 entries solved OK!
[23:14:22.413] RX< [0m[7] [cam] [98635][tshell][cam_solve_whole_layout:355]
[23:14:22.413] RX< scen1: vol 0x8c000000 
[23:14:22.413] RX< rbuf 0x8a000000 sz 0x1400000 wbuf 0x8b400000 sz 0x200000
[23:14:22.413] RX< [36mmem_laySolv: scenario=02 in=2016x1512, me_rotate=0 me_stripe=0 
[23:14:22.413] RX< [0m[36mmem_laySolv: me_rot 0, me_stripe 0, eis 0, be_rot 0
[23:14:22.413] RX< [0mscen2 type15 bufAdr 0x89ce3ef0 sz 0xd00000 reCfg for bound!
[23:14:22.413] RX< [3
[23:14:22.416] RX< 6mmem_laySolv: scen02 14 entries solved OK!
[23:14:22.416] RX< [0m[36mmem_laySolv: scenario=03 in=4032x2268, me_rotate=1 me_stripe=0 
[23:14:22.416] RX< [0m[36mmem_laySolv: me_rot 1, me_stripe 0, eis 0, be_rot 0
[23:14:22.416] RX< [0m[36mmem_laySolv: scen03 14 entries solved OK!
[23:14:22.416] RX< [0m[36mmem_laySolv: sce
[23:14:22.416] RX< nario=04 in=4032x3024, me_rotate=1 me_stripe=1 
[23:14:22.416] RX< [0m[36mmem_laySolv: me_rot 1, me_stripe 1, eis 0, be_rot 0
[23:14:22.416] RX< [0m[36mmem_laySolv: scen04 14 entries solved OK!
[23:14:22.416] RX< [0m[36mmem_laySolv: scenario=05 in=1008x0756, me_rotate=0 me_stripe=0 
[23:14:22.416] RX< [0m[36mmem_laySolv:
[23:14:22.419] RX<  me_rot 0, me_stripe 0, eis 0, be_rot 0
[23:14:22.419] RX< [0m[36mmem_laySolv: scen05 17 entries solved OK!
[23:14:22.419] RX< [0m[36mmem_laySolv: scenario=06 in=1008x0720, me_rotate=0 me_stripe=0 
[23:14:22.419] RX< [0m[36mmem_laySolv: me_rot 0, me_stripe 0, eis 0, be_rot 0
[23:14:22.419] RX< [0m[36mmem_laySolv: scen06 
[23:14:22.419] RX< 12 entries solved OK!
[23:14:22.419] RX< [0m[36mmem_laySolv: scenario=01 in=4032x3024, me_rotate=1 me_stripe=1 
[23:14:22.419] RX< [0mscen1 type26 bufAdr 0x89d40b70 sz 0x1400000 reCfg for bound!
[23:14:22.419] RX< [36mmem_laySolv: scen01 20 entries solved OK!
[23:14:22.419] RX< [0m[7] [cam] [98642][tshell][cam_solve_whole_l
[23:14:22.422] RX< ayout:383]Solve Whole-layout Done!
[23:14:22.422] RX< [6] [cam] [98643][tshell][cgm_parse_media_para:271]phy cam num: 1
[23:14:22.422] RX< [7] [cam] [98643][cer0][cer_recovery_proc:343]thread start cid, 0
[23:14:22.422] RX< [6] [cam] [98643][tshell][csc_open:443]SENSOR MCLK cal: 24MHz
[23:14:22.422] RX< [6] [cam] [98644][tshell]
[23:14:22.422] RX< [csc_isp_clk_cal:344]MIPI CLK cal: 346MHz
[23:14:22.422] RX< [6] [cam] [98644][tshell][csc_isp_clk_cal:371]LITE CLK cal: 28MHz
[23:14:22.422] RX< [7] [cam] [98645][tshell][cpc_csi_rx_power_on:633]E id: 2
[23:14:22.422] RX< [4] [cam] [98645][tshell][cpc_csi_rx_power_on:644]csi_2 has already power on, STATUS: 1
[23:14:22.428] RX< [6] [cam] [98645][tshell][cpc_update_clock:603]actual SNS mclk: 24MHz
[23:14:22.428] RX< [6] [cam] [98646][tshell][cpc_update_clock:608]actual MIPI0: 500MHz
[23:14:22.428] RX< [6] [cam] [98646][tshell][cpc_update_clock:598]actual LITE clk: 50MHz
[23:14:22.428] RX< [7] [cam] [98646][tshell][cam_prelude_open:297]
[23:14:22.428] RX< [34msnsOpen camID1 csiID0 phyIdx0[0m
[23:14:22.428] RX< [6] [cam] [98651][tshell][sensor_expo_gain_match:48]sensor get sensor expo gain of imx681_vst
[23:14:22.428] RX< [6] [cam] [98651][tshell][sensor_open:684]sensor [1] open OK.
[23:14:22.428] RX< [6] [cam] [98652][tshell][cam_cpm_parse_media:280]photo sce
[23:14:22.431] RX< nario, media para[mfnr:0, hdr:0, capture_num:0]
[23:14:22.431] RX< [6] [cam] [98652][tshell][cam_cpm_parse_media:283]photo scenario, media para[iso:0, gain:0, wb_mode:0]
[23:14:22.431] RX< [6] [cam] [98653][tshell][csc_isp_clk_cal:353]FE CLK cal: 426MHz, ME CLK cal: 462MHz, FE/ME CLK cal: 508
[23:14:22.431] RX< MHz
[23:14:22.431] RX< [6] [cam] [98653][tshell][csc_isp_clk_cal:360]BE CLK cal: 401MHz
[23:14:22.431] RX< [4] [cam] [98654][tshell][cam_fe_core_power_on:269]fe pipe has already power on, STATUS: 1
[23:14:22.431] RX< [6] [cam] [98654][tshell][cpc_update_clock:588]actual FE/ME clk: 550MHz
[23:14:22.431] RX< [4] [cam] [98655][tshe
[23:14:22.434] RX< ll][cam_be_core_power_on:964]be pipe has already power on, STATUS: 1
[23:14:22.434] RX< [6] [cam] [98655][tshell][cpc_update_clock:593]actual BE clk: 500MHz
[23:14:22.434] RX< [7] [cam] [98656][tshell][cam_cpm_core_power_on:425]id,0 type,1 ret 0
[23:14:22.434] RX< [6] [cam] [98656][tshell][cam_cpm_core_init:914
[23:14:22.435] RX< ]E id,0 sensor type,1
[23:14:22.435] RX< [6] [cam] [98657][tshell][cpm_core_check_tuningbin:854]Tuning bin crc check PASS! sum 0xc9b121ad, xor 0x29d57d51
[23:14:22.435] RX< [6] [cam] [98657][tshell][qpc_tuning_check_iqbin_validness:396]IQ bin addr: 0x8869de60, project_name: capture_12M
[23:14:22.435] RX< [6] [
[23:14:22.437] RX< cam] [98658][tshell][qpc_tuning_check_iqbin_validness:397]total_size: 107856
[23:14:22.437] RX< [6] [cam] [98659][tshell][qpc_tuning_check_iqbin_validness:398]id_count: 93. ID_TOTAL: 94
[23:14:22.437] RX< [6] [cam] [98659][tshell][qpc_tuning_check_iqbin_validness:399]spinel tuning data ver: V
[23:14:22.437] RX< 1.30
[23:14:22.437] RX< [6] [cam] [98660][tshell][cpm_core_check_tuningbin:868]IQ bin check success!
[23:14:22.437] RX< [6] [cam] [98660][tshell][cam_bm_core_init:94]E
[23:14:22.437] RX< [6] [cam] [98661][tshell][bm_lab_init:174]X ctx size 4 addr 0x88451650
[23:14:22.437] RX< [6] [cam] [98661][tshell][cam_bm_core_init:114]X ctx 
[23:14:22.444] RX< size 180 addr 0x884837f8
[23:14:22.444] RX< [6] [cam] [98661][tshell][qpc_core_init:1218]E id,0
[23:14:22.444] RX< [6] [cam] [98662][tshell][qpc_queue_init:65]QPC init qnodes 8, size 508, pool 0x884847a8
[23:14:22.444] RX< [6] [cam] [98662][tshell][_qpc_get_cap_cfg_para:892]preset capCfg 200 3 4
[23:14:22.444] RX< [7] [cam] [986
[23:14:22.444] RX< 63][tshell][_qpc_cfg_hdr_frms:840]hdr preset - gainThres 1600
[23:14:22.444] RX< FrmNB:	TNR	|EV-	|EV0	|EV+
[23:14:22.444] RX< LDR:	 3	| 5	| -	| 3
[23:14:22.444] RX< LLLDR:	 3	| 5	| -	| 3
[23:14:22.444] RX< HDR:	 3	| 5	| 3	| 1
[23:14:22.444] RX< LLHDR:	 3	| 5	| 3	| 1
[23:14:22.444] RX< 
[23:14:22.444] RX< [6] [cam] [98668][tshell][qpc_core_init:1264]X ctx size 3800 addr 0x884838c0
[23:14:22.444] RX< [6] [c
[23:14:22.449] RX< am] [98668][tshell][cpm_core_get_param:666]cpm para chk: tunBin-w 4000 h 3000 img-w 4032 h 3024
[23:14:22.449] RX< [6] [cam] [98669][tshell][cam_fe_core_init:436]E id,0
[23:14:22.449] RX< [6] [cam] [98669][tshell][cam_fe_core_init:490]X ctx size 100 addr 0x88495338
[23:14:22.449] RX< [7] [cam] [98670][tshell][
[23:14:22.449] RX< qpc_core_fe_chords_init:1659][34mqpc fe init snsOut w 4032 h 3024, tbl w 28 h 20[0m
[23:14:22.449] RX< [6] [cam] [98670][tshell][cam_me_core_init:1474]X ctx size 1352 addr 0x88497650
[23:14:22.449] RX< [34m[ME SLICE CFG] perf=1559(us)!
[23:14:22.449] RX< [0m[6] [cam] [98673][tshell][cam_bayer_fe_3a_stats_co
[23:14:22.452] RX< re_init:445]fe 3a id,0
[23:14:22.452] RX< [6] [cam] [98673][tshell][cam_bayer_fe_3a_stats_core_init:490]X ctx size 132 addr 0x884a0070
[23:14:22.452] RX< [6] [cam] [98674][tshell][cam_be_core_init:618]E id,0
[23:14:22.452] RX< [7] [cam] [98674][be0][be_core_irq_proc:267]thread start cid,0
[23:14:22.452] RX< [6] [cam] [98675][tsh
[23:14:22.452] RX< ell][cam_be_core_init:710]X ctx size 464 addr 0x884a0400
[23:14:22.452] RX< [6] [cam] [98675][tshell][cam_lite_core_init:433]E id,0
[23:14:22.452] RX< [7] [cam] [98675][lite0][lite_core_irq_proc:152]thread start cid,0
[23:14:22.452] RX< [6] [cam] [98676][tshell][cam_lite_core_init:497]X ctx size 164 addr 0x884a
[23:14:22.456] RX< 2e50
[23:14:22.456] RX< [6] [cam] [98676][tshell][awb_wrapper_init:66]xxx awb_bin=0x88486e94, awb_bin_length=8068
[23:14:22.456] RX< [6] [cam] [98676][tshell][awb_wrapper_init:86]X algo_handle 0x884aae88
[23:14:22.456] RX< [7] [cam] [98677][awb0][a5_core_wrapper_task:252]thread start cid,0 algo type,2
[23:14:22.456] RX< [6] [cam
[23:14:22.456] RX< ] [98677][tshell][a5_core_init_task:426]thread created: awb0 mq=0x884ad180 thread=0x884ad298 sem=0x884ad110 ret=0
[23:14:22.456] RX< [6] [cam] [98678][tshell][bayer_ae_wrapper_init:68]E id,0 proc mode 1 
[23:14:22.456] RX< 
[23:14:22.456] RX< [AEC Proc] @[allib_ae_set_debug_log_flag] Line:129:[DEBUG] debug leve
[23:14:22.459] RX< l/to_file/to_terminal: 22/1/1
[23:14:22.459] RX< [AEC Proc] @[AeInit] Line:377:[INFO] AE ver: 2026_V2.269
[23:14:22.459] RX< 
[23:14:22.459] RX< [AEC Proc] @[allib_ae_loadfunc] Line:193:[INFO] camera ID: 0
[23:14:22.459] RX< [AEC Proc] @[AeInit] Line:404:[DEBUG] init imu detector sucessed!
[23:14:22.459] RX< [AEC Proc] @[AeInit] Line:406:[DEBUG] i
[23:14:22.459] RX< mu init errcode:0
[23:14:22.459] RX< [AEC Proc] @[alAE_set_param] Line:575:[DEBUG] sw_maxtime 66381 ,pertline 9444, after check sensor step sw_max_time 66375.00
[23:14:22.459] RX< [AEC Proc] @[alAE_set_param] Line:580:[DEBUG] sw_mintime 37 ,pertline 9444, after check sensor step sw_min_time 3
[23:14:22.462] RX< 6.00
[23:14:22.462] RX< [AEC Proc] @[alAE_set_param] Line:513:[DEBUG] DEBUG minbv exptime 9 gain 100, minExpBV 14098
[23:14:22.462] RX< [AEC Proc] @[AeTuningParseSet] Line:167:[DEBUG] aeparam version 2.268 60704
[23:14:22.462] RX< [AEC Proc] @[alAE_set_param] Line:340:[DEBUG] INITEXP gain 100, shutter 8000, mid
[23:14:22.462] RX< tonegain 100, bv 4303
[23:14:22.462] RX< [6] [cam] [98685][tshell][bayer_ae_wrapper_init:119]X tline 9444 max_exp 66381 alg_hdl 0x884afa48 
[23:14:22.462] RX< [7] [cam] [98685][b_ae0][a5_core_wrapper_task:252]thread start cid,0 algo type,0
[23:14:22.462] RX< [6] [cam] [98686][tshell][a5_core_init_task:426]thre
[23:14:22.464] RX< ad created: b_ae0 mq=0x884b6320 thread=0x884b6438 sem=0x884b62b0 ret=0
[23:14:22.464] RX< [6] [cam] [98686][tshell][atf_wrapper_init:67]E id,0
[23:14:22.464] RX< [6] [cam] [98687][tshell][atf_wrapper_init:107]X alg_ctx addr 0x884b88f8
[23:14:22.464] RX< [7] [cam] [98687][atf0][a5_core_wrapper_task:252]thread st
[23:14:22.472] RX< art cid,0 algo type,1
[23:14:22.472] RX< [6] [cam] [98688][tshell][a5_core_init_task:426]thread created: atf0 mq=0x884bac50 thread=0x884bad68 sem=0x884babe0 ret=0
[23:14:22.472] RX< [6] [cam] [98688][tshell][cam_cpm_core_init:1030]X ctx size 1064 addr 0x884833c0
[23:14:22.472] RX< [6] [cam] [98689][tshell][csc
[23:14:22.473] RX< _open:527]ok! phys_id[1], phys_num[1] 
[23:14:22.473] RX< [6] [cam] [98689][tshell][cam_open:699]open ok! camera_id[0]
[23:14:22.473] RX< [34m[cam open] perf=56040(us)!
[23:14:22.473] RX< [0m[6] [App Cam] cam open success
[23:14:22.473] RX< [6] [cam] [98696][tshell][csc_init:637]sensor info:size:4032x3024, formt: 0x2b, bps: 24
[23:14:22.475] RX< 96, tline: 9444
[23:14:22.475] RX< [6] [cam] [98696][tshell][cam_sif_mgr_init:261]E id,0
[23:14:22.475] RX< [7] [cam] [98696][sif0][sif_irq_proc:151]thread start cid,0
[23:14:22.475] RX< [6] [cam] [98696][tshell][cam_sif_mgr_init:293]X ctx size 52 addr 0x884d3de0
[23:14:22.475] RX< [7] [cam] [98697][tshell][sif_btm_paramSet:102]
[23:14:22.475] RX< btm lite w4032 h4032 binEn1 binRatio2
[23:14:22.475] RX< [7] [cam] [98697][tshell][sif_btm_paramSet:106]cropSlct2 x0 y0 w4032 h4032
[23:14:22.475] RX< [6] [cam] [98698][tshell][cam_prelude_init_cfg:368]CSI ID is 0,  phy lanes is 2.
[23:14:22.475] RX< [7] [cam] [98698][tshell][check_phy_ready:96]MIPI_PHY[0] is r
[23:14:22.503] RX< eady
[23:14:22.503] RX< [6] [cam] [98699][tshell][sensor_init:348]sensor [1]: register ok
[23:14:22.503] RX< [6] [cam] [98699][tshell][sensor_set_mode:852]sensor [1]: SetMode -> mode = 0.
[23:14:22.503] RX< [6] [cam] [98700][tshell][sensor_send_reg_tab_to_sensor:704]sensor [1]: send_reg_tab_to_sensor E.
[23:14:22.503] RX< [6] [c
[23:14:22.504] RX< am] [98710][tshell][sensor_send_reg_tab_to_sensor:726]sensor [1]: reg_count = 77.
[23:14:22.504] RX< [6] [cam] [98712][tshell][sensor_init:361]sensor [1]: init success.
[23:14:22.504] RX< [6] [cam] [98712][tshell][sensor_set_mode:852]sensor [1]: SetMode -> mode = 1.
[23:14:22.504] RX< [6] [cam] [98713][tshell][
[23:14:22.506] RX< sensor_send_reg_tab_to_sensor:704]sensor [1]: send_reg_tab_to_sensor E.
[23:14:22.506] RX< [6] [cam] [98728][tshell][sensor_send_reg_tab_to_sensor:726]sensor [1]: reg_count = 84.
[23:14:22.506] RX< [6] [cam] [98728][tshell][csc_init:646]ok! phys_id[1], phys_num[1]
[23:14:22.506] RX< [6] [cam] [98728][tshell][cs
[23:14:22.506] RX< c_get_bayer_single_buffer:1038]scenario_type: 1
[23:14:22.506] RX< [6] [cam] [98729][tshell][csc_set_stats_fmt:98]index 0 w 1 h 1 bw 8 wcmp 255
[23:14:22.506] RX< [7] [cam] [98729][tshell][bm_ioctl:201]BMIOC_STATS_FMT
[23:14:22.506] RX< [6] [cam] [98729][tshell][csc_set_fe_fmt:47]index 1 w 4032 h 3024 bw 10 wcm
[23:14:22.509] RX< p 0
[23:14:22.509] RX< [7] [cam] [98730][tshell][bm_ioctl:201]BMIOC_FE_FMT
[23:14:22.509] RX< [6] [cam] [98730][tshell][csc_set_lite_fmt:115]index 2 w 1008 h 720 bw 8 wcmp 255
[23:14:22.509] RX< [7] [cam] [98731][tshell][bm_ioctl:201]BMIOC_LITE_FMT
[23:14:22.509] RX< [6] [cam] [98731][tshell][csc_set_lite_fmt:115]index 21 w 1008
[23:14:22.509] RX<  h 720 bw 8 wcmp 255
[23:14:22.509] RX< [7] [cam] [98732][tshell][bm_ioctl:201]BMIOC_LITE_FMT
[23:14:22.509] RX< [6] [cam] [98732][tshell][csc_set_be_fmt:81]index 25 w 0 h 0 bw 8 wcmp 255
[23:14:22.509] RX< [7] [cam] [98732][tshell][bm_ioctl:201]BMIOC_BE_FMT
[23:14:22.509] RX< [6] [cam] [98732][tshell][csc_set_be_fmt:81]index 22
[23:14:22.512] RX<  w 480 h 360 bw 8 wcmp 255
[23:14:22.512] RX< [7] [cam] [98733][tshell][bm_ioctl:201]BMIOC_BE_FMT
[23:14:22.512] RX< [6] [cam] [98733][tshell][csc_set_me_fmt:64]index 5 w 3024 h 4032 bw 10 wcmp 0, rdma_addr 0x8919f780, wdma_addr 0x8919f780
[23:14:22.512] RX< [7] [cam] [98734][tshell][bm_ioctl:201]BMIOC_ME_FMT
[23:14:22.512] RX< [6] [cam] [98734][tshell][csc_set_me_fmt:64]index 6 w 3024 h 4032 bw 8 wcmp 255, rdma_addr 0x88795200, wdma_addr 0x8c000000
[23:14:22.512] RX< [6] [cam] [98735][tshell][cam_me_core_buffer_cfg:1367]
[23:14:22.512] RX< ----ME PIPE INFO---
[23:14:22.512] RX<  wdma_buf_num:1, rotation_en: 1
[23:14:22.512] RX< [7] [cam] [98735][tshell
[23:14:22.515] RX< ][cam_me_core_buffer_cfg:1375]yuv wdma_addr 0:0x8c000000, meta_en: 0, 0x00000000
[23:14:22.515] RX< [7] [cam] [98736][tshell][bm_ioctl:201]BMIOC_ME_FMT
[23:14:22.515] RX< [6] [cam] [98736][tshell][csc_init:654]get otp ok! phys_id[1], phys_num[1]
[23:14:22.515] RX< [6] [cam] [98737][tshell][cam_init:789]init ok
[23:14:22.515] RX< ! logic_id[0]
[23:14:22.515] RX< [34m[cam init] perf=41469(us)!
[23:14:22.515] RX< [0m[6] [App Cam] cam init success
[23:14:22.515] RX< [7] [cam] [98738][tshell][cam_cpm_core_stream_on:541]id 0 sensor type 1
[23:14:22.515] RX< [6] [cam] [98738][tshell][sensor_stream_on:979]sensor [1]: stream_on
[23:14:22.515] RX< [6] [cam] [98739][tshell][sensor
[23:14:22.532] RX< _stream_on:1007]sensor [1]: REG: 0x100, W:0x1.
[23:14:22.532] RX< [6] [cam] [98739][tshell][sensor_stream_on:1009]sensor [1]: REG: 0x100, R:0x1.
[23:14:22.532] RX< [6] [cam] [98739][tshell][csc_prv_start:783]ok! phys_id[1], phys_num[1], cam_ids[1]
[23:14:22.532] RX< [6] [cam] [98740][tshell][cam_start:897]previ
[23:14:22.533] RX< ew start ok! logic_id[0]
[23:14:22.533] RX< [34m[cam start] perf=2395(us)!
[23:14:22.533] RX< [0m[6] [App Cam] cam start success
[23:14:22.533] RX< [6] [App Dfs] Gravity_XR Capture Start
[23:14:22.533] RX< msh /emmc>echo "__EVBTEST_END_a482f469__"
[23:14:22.533] RX< __EVBTEST_END_a482f469__
[23:14:22.533] RX< msh /emmc>[7] [cam] [98741][b_3a_sts][bayer_stats_core_i
[23:14:22.574] RX< rq_proc:164]thread start cid,0
[23:14:22.574] RX< [7] [cam] [98741][fe0][fe_core_irq_proc:98]thread start cid,0
[23:14:22.574] RX< [34m[AE] fid=0,exp=10224,adg=225,Y=1860,mtg=100,shg=100,bgbv=2848,iso=225,cnv0,hdr0
[23:14:22.574] RX< [0m[34m[b_ae0 proc] perf=2691(us), max=2691(us)!
[23:14:22.574] RX< [0m[34m[awb0 proc] perf
[23:14:22.594] TX> dfs_capture_start
[23:14:22.594] TX> echo "__EVBTEST_END_a482f469__"
[23:14:22.939] RX< =1469(us), max=1469(us)!
[23:14:22.939] RX< [0m[34m[AE conv] fid=11,exp=10458,adg=400,Y=4705,mtg=352,shg=100,bgbv=1985,iso=400,cnv1,hdr1
[23:14:22.939] RX< [0m[7] [cam] [99146][fe0][_qpc_hdr_rslt_chk:1564]
[23:14:22.939] RX< ALG: EV0 t10458 g400 | EV+ t10458 g400 | EV- t10269 g113
[23:14:22.939] RX< [6] [cam] [99147][fe0][qpc
[23:14:23.021] RX< _core_hdr_mapExp_cfg:1632]evMapExp set OK, typ:2 1 FF num:3 5 0
[23:14:23.021] RX< [34m[cap] FE sync ME @fid11 as mod2 cfg0x01, cap 8frms @fid+3
[23:14:23.021] RX< [0m[7] [cam] [99184][qpc0][qpc_core_hdr_upd_sensor:558][HDRupd]: Sns cap-0 EV:0->2 st-10458 ag-400
[23:14:23.021] RX< [6] [cam] [99229][me0][cpm_c
[23:14:23.041] RX< b_fe2me_tikChk:152]frm_length 33330us, fe2me delta 12
[23:14:23.041] RX< [7] [cam] [99229][qpc0][qpc_core_hdr_upd_me:605][HDRupd] ME cap-0 EV:0->2, dg-100
[23:14:23.041] RX< [7] [JPEG] frame num=8, pre frame=873813 Bytes
[23:14:23.041] RX< [exif] cap 0, bv 1986 exp 10458 iso 400 time 99239
[23:14:23.041] RX< [6] [cam] [99249][fe
[23:14:23.103] RX< 0][_cpm_cb_jpegInfo_proc:602]SnapStream E @ frm15!
[23:14:23.103] RX< [cap] oFrm15 Ym15473 bv1692 lux258
[23:14:23.103] RX< [32m[BE] fid=0, perf=1449(us), max=1449(us)!
[23:14:23.103] RX< [0m[7] [cam] [99286][qpc0][qpc_core_hdr_upd_sensor:558][HDRupd]: Sns cap-3 EV:2->1 st-10269 ag-113
[23:14:23.103] RX< [34m[cap] fid: me0 fe1
[23:14:23.188] RX< 6, perf=556411(us)!
[23:14:23.188] RX< [0m[7] [cam] [99296][me0][me_core_thread:322]ME out fid 0
[23:14:23.188] RX< [cap] oFrm16 Ym16153 bv1538 lux232
[23:14:23.188] RX< [cap] oFrm17 Ym16055 bv1596 lux242
[23:14:23.188] RX< [exif] cap 3, bv 1986 exp 10269 iso 113 time 99339
[23:14:23.188] RX< [cap] oFrm18 Ym6691 bv307 lux99
[23:14:23.188] RX< [cap] oFrm19 Ym7329 bv3
[23:14:23.445] RX< 25 lux100
[23:14:23.445] RX< [cap] oFrm20 Ym7315 bv164 lux89
[23:14:23.445] RX< [cap] oFrm21 Ym7328 bv243 lux94
[23:14:23.445] RX< [cap] oFrm22 Ym8791 bv-1172 lux35
[23:14:23.445] RX< [6] [cam] [99516][fe0][_cpm_cb_jpegInfo_proc:610]SnapStream X @ frm23!
[23:14:23.445] RX< [34m[cap] fid: me7 fe23, perf=33078(us)!
[23:14:23.445] RX< [0m[6] [App Dfs] Gravity_XR Captur
[23:14:23.445] RX< e Stop Success: total frames = 8
[23:14:23.445] RX< [6] [cam] [99666][DfsSend][sensor_stream_off:1143]sensor [1]: stream_off
[23:14:23.445] RX< [6] [cam] [99667][DfsSend][sensor_stream_off:1172]sensor [1]: REG: 0x100, W:0x0.
[23:14:23.445] RX< [6] [cam] [99668][DfsSend][sensor_stream_off:1174]sensor [1]: REG: 0
[23:14:23.448] RX< x100, R:0x0.
[23:14:23.448] RX< [6] [cam] [99668][DfsSend][csc_prv_stop:893]ok! phys_id[1], phys_num[1], stop_type = 0
[23:14:23.448] RX< [6] [cam] [99669][DfsSend][cam_stop:1017]preview stop ok! logic_id[0]
[23:14:23.448] RX< [34m[cam stop] perf=2428(us)!
[23:14:23.448] RX< [0m[6] [App Cam] cam stop success
[23:14:23.448] RX< [7] [cam] [99669][
[23:14:23.449] RX< DfsSend][cam_cpm_core_power_off:457]id,0 type,1 ret 0
[23:14:23.449] RX< [6] [cam] [99670][sif0][sif_irq_proc:174]thread release cid,0
[23:14:23.449] RX< [6] [cam] [99670][DfsSend][cam_sif_mgr_deinit:316]X
[23:14:23.449] RX< [6] [cam] [99670][DfsSend][cam_deinit:846]deinit ok! logic_id[0]
[23:14:23.449] RX< [34m[cam deinit] per
[23:14:23.451] RX< f=1220(us)!
[23:14:23.451] RX< [0m[6] [App Cam] cam deinit success
[23:14:23.451] RX< [6] [cam] [99671][DfsSend][sensor_close:1247]sensor [1]: close!
[23:14:23.451] RX< [6] [cam] [99673][DfsSend][cam_bm_core_deinit:136]X
[23:14:23.451] RX< [INFO]	cpm[0] snsType1 capMod2 cfg0x01 8frms
[23:14:23.451] RX< [head]  frmID ref 11 eff 15 sns 13 cdma 14 
[23:14:23.451] RX< 
[23:14:23.451] RX< [AErlt] flags fid 11 isWdr 1 isConv 1 sport 0 scen 1
[23:14:23.451] RX<         info  Lux 316 Ymean 4705 nxtBV 103 bgBV 1985
[23:14:23.451] RX< [exp]   norm  st10458 adg00400 ispg00100
[23:14:23.451] RX<         short st10269 adg00113 ispg00100
[23:14:23.451] RX<         long  st10458 adg00400 ispg00100
[23:14:23.451] RX< [head]  frmID ref 10 ef
[23:14:23.454] RX< f 14 sns 12 cdma 13 
[23:14:23.454] RX< [AErlt] flags fid 10 isWdr 0 isConv 2 sport 0 scen 0
[23:14:23.454] RX<         info  Lux 315 Ymean 4713 nxtBV 1915 bgBV 1982
[23:14:23.454] RX< [exp]   norm  st10476 adg00400 ispg00100
[23:14:23.454] RX<         short st00000 adg00000 ispg00100
[23:14:23.454] RX<         long  st00000 adg00000 ispg00100
[23:14:23.454] RX< [h
[23:14:23.454] RX< ead]  frmID ref 9 eff 13 sns 11 cdma 12 
[23:14:23.454] RX< [AErlt] flags fid 9 isWdr 0 isConv 0 sport 0 scen 0
[23:14:23.454] RX<         info  Lux 316 Ymean 4641 nxtBV 1918 bgBV 1986
[23:14:23.454] RX< [exp]   norm  st10449 adg00400 ispg00100
[23:14:23.454] RX<         short st00000 adg00000 ispg00100
[23:14:23.454] RX<         long  st00000 adg
[23:14:23.457] RX< 00000 ispg00100
[23:14:23.457] RX< [head]  frmID ref 8 eff 12 sns 10 cdma 11 
[23:14:23.457] RX< [AErlt] flags fid 8 isWdr 0 isConv 0 sport 0 scen 0
[23:14:23.457] RX<         info  Lux 312 Ymean 5214 nxtBV 1894 bgBV 1963
[23:14:23.457] RX< [exp]   norm  st10620 adg00400 ispg00100
[23:14:23.457] RX<         short st00000 adg00000 ispg00100
[23:14:23.457] RX<       
[23:14:23.457] RX<   long  st00000 adg00000 ispg00100
[23:14:23.457] RX< [head]  frmID ref 7 eff 11 sns 9 cdma 10 
[23:14:23.457] RX< [AErlt] flags fid 7 isWdr 0 isConv 0 sport 0 scen 0
[23:14:23.457] RX<         info  Lux 332 Ymean 2598 nxtBV 1985 bgBV 2054
[23:14:23.457] RX< [exp]   norm  st10125 adg00394 ispg00100
[23:14:23.457] RX<         short st00000 adg0000
[23:14:23.460] RX< 0 ispg00100
[23:14:23.460] RX<         long  st00000 adg00000 ispg00100
[23:14:23.460] RX< [6] [cam] [99681][be0][be_core_irq_proc:326]thread release cid,0
[23:14:23.460] RX< [6] [cam] [99681][DfsSend][cam_be_core_deinit:787]X
[23:14:23.460] RX< [6] [cam] [99682][me0][me_core_thread:367]thread release cid,0
[23:14:23.460] RX< [6] [cam] [99682][Dfs
[23:14:23.460] RX< Send][cam_me_core_deinit:1502]X
[23:14:23.460] RX< [6] [cam] [99682][fe0][fe_core_irq_proc:121]thread release cid,0
[23:14:23.460] RX< [6] [cam] [99682][DfsSend][cam_fe_core_deinit:536]X
[23:14:23.460] RX< [6] [cam] [99683][b_3a_sts][bayer_stats_core_irq_proc:193]thread release cid,0
[23:14:23.460] RX< [6] [cam] [99683][DfsSend]
[23:14:23.462] RX< [cam_bayer_stats_core_deinit:512]X
[23:14:23.462] RX< [6] [cam] [99684][lite0][lite_core_irq_proc:190]thread release cid,0
[23:14:23.462] RX< [6] [cam] [99684][DfsSend][cam_lite_core_deinit:556]X
[23:14:23.462] RX< [6] [cam] [99684][b_ae0][a5_core_wrapper_task:315]thread release cid,0,algo,0
[23:14:23.462] RX< [6] [cam] [99685][
[23:14:23.462] RX< DfsSend][bayer_ae_wrapper_deinit:204]X
[23:14:23.462] RX< [6] [cam] [99685][atf0][a5_core_wrapper_task:315]thread release cid,0,algo,1
[23:14:23.462] RX< [6] [cam] [99685][DfsSend][atf_wrapper_deinit:153]X
[23:14:23.462] RX< [6] [cam] [99686][awb0][a5_core_wrapper_task:315]thread release cid,0,algo,2
[23:14:23.462] RX< [6] [cam]
[23:14:23.465] RX<  [99686][DfsSend][awb_wrapper_deinit:153]X
[23:14:23.465] RX< [6] [cam] [99687][DfsSend][cam_5a_core_deinit:555]X
[23:14:23.465] RX< [6] [cam] [99687][DfsSend][cam_5a_inf_deinit:149]X
[23:14:23.465] RX< [6] [cam] [99687][qpc0][qpc_core_msg_proc:697]thread release cid,0
[23:14:23.465] RX< [6] [cam] [99687][DfsSend][qpc_core_deini
[23:14:23.465] RX< t:1330]X
[23:14:23.465] RX< [6] [cam] [99688][DfsSend][cam_cpm_core_deinit:1107]X
[23:14:23.465] RX< [6] [cam] [99688][DfsSend][csc_close:584]ok! phys_id[1], phys_num[1]
[23:14:23.465] RX< [7] [cam] [99689][cer0][cer_recovery_proc:352]msg type = 254
[23:14:23.465] RX< [6] [cam] [99689][cer0][cer_recovery_proc:454]thread release 
[23:14:23.489] RX< cid,0
[23:14:23.489] RX< [6] [cam] [99689][DfsSend][cer_deinit:560]X
[23:14:23.489] RX< [6] [cam] [99689][DfsSend][cam_close:750]close ok! logic_id[0]
[23:14:23.489] RX< [34m[cam close] perf=18724(us)!
[23:14:23.489] RX< [0m[6] [App Cam] cam close success
[23:14:23.489] RX< [6] [cam] [99690][cpl0][cam_prelude_proc_routine:136]thread release
[23:14:23.489] RX< [6]
[23:14:23.489] RX<  [cam] [99690][DfsSend][cam_exit:551]exit ok!
[23:14:23.489] RX< [34m[cam exit] perf=652(us)!
[23:14:23.489] RX< [0m[6] [App Cam] cam exit success
[23:14:23.489] RX< [6] [App Cam] jpeg deinit success
[23:14:23.489] RX< [6] [App Dfs] Save Photo Successful: /emmc/PIC/20260818_021422_8741/
[23:14:23.489] RX< [6] [App Dfs] Capture completed successf
[23:14:25.491] RX< ully.
[23:14:38.730] TX> cam_set video 1080p
[23:14:38.730] TX> echo "__EVBTEST_END_4d3e9767__"
[23:14:39.505] RX< cam_set video 1080p
[23:14:39.505] RX< [6] [App Dfs] w(1296) * h(2304) is 1080p, eis 0
[23:14:39.505] RX< msh /emmc>echo "__EVBTEST_END_4d3e9767__"
[23:14:39.505] RX< __EVBTEST_END_4d3e9767__
[23:14:39.505] RX< msh /emmc>
[23:14:39.656] RX< dfs_video_start
[23:14:39.656] RX< [7] [cam] [115870][tshell][cgm_parse_bin:105]total logical camera num: 1
[23:14:39.656] RX< [6] [cam] [115870][tshell][cam_prelude_create:187]E id, 0
[23:14:39.656] RX< [7] [cam] [115871][cpl0][cam_prelude_proc_routine:101]thread start
[23:14:39.656] RX< [6] [cam] [115871][tshell][cam_prelude_cr
[23:14:39.656] RX< eate:214]X ctx size 124 addr 0x8846d580
[23:14:39.656] RX< [6] [cam] [115878][tshell][sensor_probe:418]sensor [1]: identifing 0 success.
[23:14:39.656] RX< [6] [cam] [115880][tshell][sensor_probe:441]sensor [1]: probe exit!
[23:14:39.656] RX< [6] [cam] [115880][tshell][cam_prelude_fast_probe:251]cam: 0 probe re
[23:14:39.659] RX< sult: 0
[23:14:39.659] RX< [6] [cam] [115881][tshell][cgm_parse_bin:215]cam(0) probe success
[23:14:39.659] RX< [6] [cam] [115881][tshell][cam_entry:435]entry ok
[23:14:39.659] RX< [34m[cam entry] perf=11263(us)!
[23:14:39.659] RX< [0m[6] [App Cam] cam entry success
[23:14:39.659] RX< [36mmem_laySolv: scenario=01 in=4032x3024, me_rotate=1 me_s
[23:14:39.662] RX< tripe=1 
[23:14:39.662] RX< [0m[36mmem_laySolv: me_rot 1, me_stripe 1, eis 0, be_rot 0
[23:14:39.662] RX< [0mscen1 type26 bufAdr 0x89d40b70 sz 0x1400000 reCfg for bound!
[23:14:39.662] RX< [36mmem_laySolv: scen01 20 entries solved OK!
[23:14:39.662] RX< [0m[36mmem_laySolv: scenario=02 in=2016x1512, me_rotate=0 me_stripe=0 
[23:14:39.662] RX< 
[23:14:39.662] RX< [0m[36mmem_laySolv: me_rot 0, me_stripe 0, eis 0, be_rot 0
[23:14:39.662] RX< [0mscen2 type15 bufAdr 0x89ce3ef0 sz 0xd00000 reCfg for bound!
[23:14:39.662] RX< [36mmem_laySolv: scen02 14 entries solved OK!
[23:14:39.662] RX< [0m[36mmem_laySolv: scenario=03 in=4032x2268, me_rotate=1 me_stripe=0 
[23:14:39.662] RX< [0m[36
[23:14:39.665] RX< mmem_laySolv: me_rot 1, me_stripe 0, eis 0, be_rot 0
[23:14:39.665] RX< [0m[36mmem_laySolv: scen03 14 entries solved OK!
[23:14:39.665] RX< [0m[7] [cam] [115885][tshell][cam_solve_whole_layout:355]
[23:14:39.665] RX< scen3: vol 0x8c000000 rbuf 0x89d6cdf0 sz 0xd00000 wbuf 0x8aa6cdf0 sz 0xd00000
[23:14:39.665] RX<        rtmp 
[23:14:39.665] RX< txbuf 0x8bf80000 sz 0x80000 avcBuf 0x8bf00000 sz 0x80000
[23:14:39.665] RX< [36mmem_laySolv: scenario=04 in=4032x3024, me_rotate=1 me_stripe=1 
[23:14:39.665] RX< [0m[36mmem_laySolv: me_rot 1, me_stripe 1, eis 0, be_rot 0
[23:14:39.665] RX< [0m[36mmem_laySolv: scen04 14 entries solved OK!
[23:14:39.665] RX< [0m[36mmem_lay
[23:14:39.667] RX< Solv: scenario=05 in=1008x0756, me_rotate=0 me_stripe=0 
[23:14:39.667] RX< [0m[36mmem_laySolv: me_rot 0, me_stripe 0, eis 0, be_rot 0
[23:14:39.667] RX< [0m[36mmem_laySolv: scen05 17 entries solved OK!
[23:14:39.667] RX< [0m[36mmem_laySolv: scenario=06 in=1008x0720, me_rotate=0 me_stripe=0 
[23:14:39.667] RX< [0m[36mmem
[23:14:39.667] RX< _laySolv: me_rot 0, me_stripe 0, eis 0, be_rot 0
[23:14:39.667] RX< [0m[36mmem_laySolv: scen06 12 entries solved OK!
[23:14:39.667] RX< [0m[36mmem_laySolv: scenario=01 in=4032x3024, me_rotate=1 me_stripe=1 
[23:14:39.667] RX< [0mscen1 type26 bufAdr 0x89d40b70 sz 0x1400000 reCfg for bound!
[23:14:39.667] RX< [36mmem_laySolv
[23:14:39.670] RX< : scen01 20 entries solved OK!
[23:14:39.670] RX< [0m[7] [cam] [115891][tshell][cam_solve_whole_layout:383]Solve Whole-layout Done!
[23:14:39.670] RX< [6] [cam] [115891][tshell][cgm_parse_media_para:271]phy cam num: 1
[23:14:39.670] RX< [7] [cam] [115891][cer0][cer_recovery_proc:343]thread start cid, 0
[23:14:39.670] RX< [6] [c
[23:14:39.670] RX< am] [115892][tshell][csc_open:443]SENSOR MCLK cal: 24MHz
[23:14:39.670] RX< [6] [cam] [115892][tshell][csc_isp_clk_cal:344]MIPI CLK cal: 277MHz
[23:14:39.670] RX< [6] [cam] [115893][tshell][csc_isp_clk_cal:371]LITE CLK cal: 25MHz
[23:14:39.670] RX< [7] [cam] [115893][tshell][cpc_csi_rx_power_on:633]E id: 2
[23:14:39.670] RX< [4]
[23:14:39.676] RX<  [cam] [115893][tshell][cpc_csi_rx_power_on:644]csi_2 has already power on, STATUS: 1
[23:14:39.676] RX< [6] [cam] [115893][tshell][cpc_update_clock:603]actual SNS mclk: 24MHz
[23:14:39.676] RX< [6] [cam] [115894][tshell][cpc_update_clock:608]actual MIPI0: 300MHz
[23:14:39.676] RX< [6] [cam] [115894][tshell][cp
[23:14:39.676] RX< c_update_clock:598]actual LITE clk: 25MHz
[23:14:39.676] RX< [7] [cam] [115895][tshell][cam_prelude_open:297][34msnsOpen camID1 csiID0 phyIdx0[0m
[23:14:39.676] RX< [6] [cam] [115899][tshell][sensor_expo_gain_match:48]sensor get sensor expo gain of imx681_vst
[23:14:39.676] RX< [6] [cam] [115899][tshell][sens
[23:14:39.679] RX< or_open:684]sensor [1] open OK.
[23:14:39.679] RX< [6] [cam] [115900][tshell][cam_cpm_parse_media:298]video scenario:3, media para[fps:0, mirror_en:0, flip_en:0]
[23:14:39.679] RX< [6] [cam] [115900][tshell][cam_cpm_parse_media:301]video scenario, media para[iso:0, gain:0, wb_mode:0]
[23:14:39.679] RX< [6] [ca
[23:14:39.679] RX< m] [115901][tshell][csc_isp_clk_cal:353]FE CLK cal: 373MHz, ME CLK cal: 371MHz, FE/ME CLK cal: 410MHz
[23:14:39.679] RX< [6] [cam] [115901][tshell][csc_isp_clk_cal:360]BE CLK cal: 301MHz
[23:14:39.679] RX< [4] [cam] [115902][tshell][cam_fe_core_power_on:269]fe pipe has already power on, STATU
[23:14:39.684] RX< S: 1
[23:14:39.684] RX< [6] [cam] [115902][tshell][cpc_update_clock:588]actual FE/ME clk: 500MHz
[23:14:39.684] RX< [7] [cam] [115903][tshell][cam_cpm_core_power_on:425]id,0 type,1 ret 0
[23:14:39.684] RX< [6] [cam] [115903][tshell][cam_cpm_core_init:914]E id,0 sensor type,1
[23:14:39.684] RX< [6] [cam] [115906][tshell][cpm_core
[23:14:39.684] RX< _check_tuningbin:854]Tuning bin crc check PASS! sum 0x7fb15f, xor 0x4e593f47
[23:14:39.684] RX< [6] [cam] [115906][tshell][qpc_tuning_check_iqbin_validness:396]IQ bin addr: 0x88646660, project_name: video_3M
[23:14:39.684] RX< [6] [cam] [115907][tshell][qpc_tuning_check_iqbin_validness:397]to
[23:14:39.687] RX< tal_size: 94208
[23:14:39.687] RX< [6] [cam] [115907][tshell][qpc_tuning_check_iqbin_validness:398]id_count: 93. ID_TOTAL: 94
[23:14:39.687] RX< [6] [cam] [115908][tshell][qpc_tuning_check_iqbin_validness:399]spinel tuning data ver: V1.30
[23:14:39.687] RX< [6] [cam] [115908][tshell][cpm_core_check_tuningbin:86
[23:14:39.687] RX< 8]IQ bin check success!
[23:14:39.687] RX< [6] [cam] [115909][tshell][cam_bm_core_init:94]E
[23:14:39.687] RX< [6] [cam] [115909][tshell][bm_lab_init:174]X ctx size 4 addr 0x88461d78
[23:14:39.687] RX< [6] [cam] [115910][tshell][cam_bm_core_init:114]X ctx size 180 addr 0x8846a3e8
[23:14:39.687] RX< [6] [cam] [115910][tshell][qpc
[23:14:39.704] RX< _core_init:1218]E id,0
[23:14:39.704] RX< [6] [cam] [115911][tshell][qpc_queue_init:65]QPC init qnodes 8, size 508, pool 0x8846e318
[23:14:39.704] RX< [7] [cam] [115911][tshell][_qpc_get_cap_cfg_para:888][fallback]preset capCfg 0 0 0 invalid, use default
[23:14:39.704] RX< [7] [cam] [115912][tshell][_qpc_cfg_h
[23:14:39.705] RX< dr_frms:832][fallback]preset hdrCfg 0 32 7 25600 148508608 invalid, use default
[23:14:39.705] RX< [6] [cam] [115927][tshell][qpc_core_init:1264]X ctx size 3800 addr 0x8846a4b0
[23:14:39.705] RX< [6] [cam] [115927][tshell][cpm_core_get_param:666]cpm para chk: tunBin-w 4032 h 2266 img-w 4032 h 
[23:14:39.707] TX> dfs_video_start
[23:14:39.707] TX> echo "__EVBTEST_END_591e4604__"
[23:14:39.710] RX< 2268
[23:14:39.710] RX< [6] [cam] [115928][tshell][cam_fe_core_init:436]E id,0
[23:14:39.710] RX< [6] [cam] [115929][tshell][cam_fe_core_init:490]X ctx size 100 addr 0x8847ec98
[23:14:39.710] RX< [7] [cam] [115930][tshell][qpc_core_fe_chords_init:1659][34mqpc fe init snsOut w 4032 h 2268, tbl w 28 h 20[0m
[23:14:39.710] RX< [6
[23:14:39.710] RX< ] [cam] [115930][tshell][cam_me_core_init:1474]X ctx size 1352 addr 0x88480040
[23:14:39.710] RX< [34m[ME SLICE CFG] perf=1308(us)!
[23:14:39.710] RX< [0m[6] [cam] [115933][tshell][cam_bayer_fe_3a_stats_core_init:445]fe 3a id,0
[23:14:39.710] RX< [6] [cam] [115934][tshell][cam_bayer_fe_3a_stats_core_init:490]
[23:14:39.718] RX< X ctx size 132 addr 0x884a2b00
[23:14:39.718] RX< [6] [cam] [115934][tshell][awb_wrapper_init:66]xxx awb_bin=0x884707f4, awb_bin_length=8068
[23:14:39.718] RX< [6] [cam] [115934][tshell][awb_wrapper_init:86]X algo_handle 0x884a8760
[23:14:39.718] RX< [7] [cam] [115935][awb0][a5_core_wrapper_task:252]thread sta
[23:14:39.718] RX< rt cid,0 algo type,2
[23:14:39.718] RX< [6] [cam] [115935][tshell][a5_core_init_task:426]thread created: awb0 mq=0x884aaa28 thread=0x884aab40 sem=0x884aa9b8 ret=0
[23:14:39.718] RX< [6] [cam] [115936][tshell][bayer_ae_wrapper_init:68]E id,0 proc mode 0 
[23:14:39.718] RX< 
[23:14:39.718] RX< [AEC Proc] @[allib_ae_set_debug_log_fl
[23:14:39.721] RX< ag] Line:129:[DEBUG] debug level/to_file/to_terminal: 22/1/1
[23:14:39.721] RX< [AEC Proc] @[AeInit] Line:377:[INFO] AE ver: 2026_V2.269
[23:14:39.721] RX< 
[23:14:39.721] RX< [AEC Proc] @[allib_ae_loadfunc] Line:193:[INFO] camera ID: 0
[23:14:39.721] RX< [AEC Proc] @[alAE_set_param] Line:575:[DEBUG] sw_maxtime 33004 ,pertline 10
[23:14:39.721] RX< 800, after check sensor step sw_max_time 33000.00
[23:14:39.721] RX< [AEC Proc] @[alAE_set_param] Line:580:[DEBUG] sw_mintime 43 ,pertline 10800, after check sensor step sw_min_time 40.00
[23:14:39.721] RX< [AEC Proc] @[alAE_set_param] Line:513:[DEBUG] DEBUG minbv exptime 11 gain 100, minExpB
[23:14:39.724] RX< V 13810
[23:14:39.724] RX< [AEC Proc] @[AeTuningParseSet] Line:167:[DEBUG] aeparam version 2.268 60530
[23:14:39.724] RX< [AEC Proc] @[alAE_set_param] Line:340:[DEBUG] INITEXP gain 100, shutter 33242, midtonegain 100, bv 2247
[23:14:39.724] RX< [6] [cam] [115946][tshell][bayer_ae_wrapper_init:119]X tline 10800
[23:14:39.724] RX<  max_exp 33004 alg_hdl 0x884ad2f0 
[23:14:39.724] RX< [7] [cam] [115946][b_ae0][a5_core_wrapper_task:252]thread start cid,0 algo type,0
[23:14:39.724] RX< [6] [cam] [115947][tshell][a5_core_init_task:426]thread created: b_ae0 mq=0x884ae3a0 thread=0x884ae4b8 sem=0x884ae330 ret=0
[23:14:39.724] RX< [6] [cam] [115
[23:14:39.726] RX< 947][tshell][atf_wrapper_init:67]E id,0
[23:14:39.726] RX< [6] [cam] [115948][tshell][atf_wrapper_init:107]X alg_ctx addr 0x884af8a0
[23:14:39.726] RX< [7] [cam] [115948][atf0][a5_core_wrapper_task:252]thread start cid,0 algo type,1
[23:14:39.726] RX< [6] [cam] [115949][tshell][a5_core_init_task:426]thread cre
[23:14:39.727] RX< ated: atf0 mq=0x884af9d8 thread=0x884afaf0 sem=0x884af968 ret=0
[23:14:39.727] RX< [6] [cam] [115949][tshell][cam_cpm_core_init:1030]X ctx size 1064 addr 0x88469fb0
[23:14:39.727] RX< [6] [cam] [115950][tshell][csc_open:527]ok! phys_id[1], phys_num[1] 
[23:14:39.727] RX< [6] [cam] [115950][tshell][cam_open:699]
[23:14:39.743] RX< open ok! camera_id[0]
[23:14:39.743] RX< [34m[cam open] perf=69051(us)!
[23:14:39.743] RX< [0m[6] [App Cam] cam open success
[23:14:39.743] RX< [6] [App Cam] hevc init success
[23:14:39.743] RX< [6] [cam] [115964][tshell][csc_init:637]sensor info:size:4032x2268, formt: 0x2b, bps: 1968, tline: 10800
[23:14:39.743] RX< [6] [cam] [115965][tshell][
[23:14:39.743] RX< cam_sif_mgr_init:261]E id,0
[23:14:39.743] RX< [7] [cam] [115966][sif0][sif_irq_proc:151]thread start cid,0
[23:14:39.743] RX< [6] [cam] [115966][tshell][cam_sif_mgr_init:293]X ctx size 52 addr 0x884e9c88
[23:14:39.743] RX< [6] [cam] [115966][tshell][cam_prelude_init_cfg:368]CSI ID is 0,  phy lanes is 2.
[23:14:39.743] RX< [7] [
[23:14:39.757] RX< cam] [115967][tshell][check_phy_ready:96]MIPI_PHY[0] is ready
[23:14:39.757] RX< [6] [cam] [115967][tshell][sensor_init:348]sensor [1]: register ok
[23:14:39.757] RX< [6] [cam] [115968][tshell][sensor_set_mode:852]sensor [1]: SetMode -> mode = 0.
[23:14:39.757] RX< [6] [cam] [115968][tshell][sensor_send_reg_tab
[23:14:39.774] RX< _to_sensor:704]sensor [1]: send_reg_tab_to_sensor E.
[23:14:39.774] RX< [6] [cam] [115979][tshell][sensor_send_reg_tab_to_sensor:726]sensor [1]: reg_count = 77.
[23:14:39.774] RX< [6] [cam] [115981][tshell][sensor_init:361]sensor [1]: init success.
[23:14:39.774] RX< [6] [cam] [115981][tshell][sensor_set_mode:8
[23:14:39.774] RX< 52]sensor [1]: SetMode -> mode = 3.
[23:14:39.774] RX< [6] [cam] [115982][tshell][sensor_send_reg_tab_to_sensor:704]sensor [1]: send_reg_tab_to_sensor E.
[23:14:39.774] RX< [6] [cam] [115997][tshell][sensor_send_reg_tab_to_sensor:726]sensor [1]: reg_count = 83.
[23:14:39.774] RX< [6] [cam] [115997][tshell][csc_
[23:14:39.777] RX< init:646]ok! phys_id[1], phys_num[1]
[23:14:39.777] RX< [6] [cam] [115997][tshell][csc_get_bayer_single_buffer:1038]scenario_type: 3
[23:14:39.777] RX< [6] [cam] [115998][tshell][csc_set_stats_fmt:98]index 0 w 1 h 1 bw 8 wcmp 255
[23:14:39.777] RX< [7] [cam] [115998][tshell][bm_ioctl:201]BMIOC_STATS_FMT
[23:14:39.777] RX< [6] [c
[23:14:39.777] RX< am] [115998][tshell][csc_set_fe_fmt:47]index 1 w 4032 h 2268 bw 10 wcmp 0
[23:14:39.777] RX< [7] [cam] [115999][tshell][bm_ioctl:201]BMIOC_FE_FMT
[23:14:39.777] RX< [6] [cam] [115999][tshell][csc_set_me_fmt:64]index 5 w 2268 h 4032 bw 10 wcmp 0, rdma_addr 0x894afe00, wdma_addr 0x894afe00
[23:14:39.777] RX< [7]
[23:14:39.780] RX<  [cam] [116000][tshell][bm_ioctl:201]BMIOC_ME_FMT
[23:14:39.780] RX< [6] [cam] [116000][tshell][csc_set_video_fmt:966]meta_addr: 0x89d6c600
[23:14:39.780] RX< [6] [cam] [116001][tshell][csc_set_me_fmt:64]index 6 w 1296 h 2304 bw 8 wcmp 255, rdma_addr 0x88795200, wdma_addr 0x8c000000
[23:14:39.780] RX< [6] [cam]
[23:14:39.780] RX<  [116001][tshell][cam_me_core_buffer_cfg:1367]
[23:14:39.780] RX< ----ME PIPE INFO---
[23:14:39.780] RX<  wdma_buf_num:1, rotation_en: 1
[23:14:39.780] RX< [7] [cam] [116002][tshell][cam_me_core_buffer_cfg:1375]yuv wdma_addr 0:0x8c000000, meta_en: 1, 0x89d6c600
[23:14:39.780] RX< [7] [cam] [116002][tshell][bm_ioctl:201]BMIOC_ME
[23:14:39.783] RX< _FMT
[23:14:39.783] RX< [6] [cam] [116003][tshell][csc_set_lite_fmt:115]index 13 w 400 h 400 bw 10 wcmp 255
[23:14:39.783] RX< [7] [cam] [116003][tshell][bm_ioctl:201]BMIOC_LITE_FMT
[23:14:39.783] RX< [6] [cam] [116004][tshell][csc_set_lite_fmt:115]index 14 w 400 h 400 bw 10 wcmp 255
[23:14:39.783] RX< [7] [cam] [116004][tshell]
[23:14:39.783] RX< [bm_ioctl:201]BMIOC_LITE_FMT
[23:14:39.783] RX< [6] [cam] [116005][tshell][csc_init:654]get otp ok! phys_id[1], phys_num[1]
[23:14:39.783] RX< [6] [cam] [116005][tshell][cam_init:789]init ok! logic_id[0]
[23:14:39.783] RX< [34m[cam init] perf=40990(us)!
[23:14:39.783] RX< [0m[6] [App Cam] cam init success
[23:14:39.783] RX< [7] [cam] [116006][t
[23:14:39.786] RX< shell][cam_cpm_core_stream_on:541]id 0 sensor type 1
[23:14:39.786] RX< [6] [cam] [116006][tshell][sensor_stream_on:979]sensor [1]: stream_on
[23:14:39.786] RX< [6] [cam] [116007][tshell][sensor_stream_on:1007]sensor [1]: REG: 0x100, W:0x1.
[23:14:39.786] RX< [6] [cam] [116007][tshell][sensor_stream_on:1009]sen
[23:14:39.786] RX< sor [1]: REG: 0x100, R:0x1.
[23:14:39.786] RX< [6] [cam] [116007][tshell][csc_prv_start:783]ok! phys_id[1], phys_num[1], cam_ids[1]
[23:14:39.786] RX< [6] [cam] [116008][tshell][cam_start:897]preview start ok! logic_id[0]
[23:14:39.786] RX< [34m[cam start] perf=2640(us)!
[23:14:39.786] RX< [0m[6] [App Cam] cam start success
[23:14:39.786] RX< [6
[23:14:39.929] RX< ] [App Dfs] Gravity_XR Record Start
[23:14:39.929] RX< msh /emmc>echo "__EVBTEST_END_591e4604__"
[23:14:39.929] RX< __EVBTEST_END_591e4604__
[23:14:39.929] RX< msh /emmc>[7] [cam] [116010][b_3a_sts][bayer_stats_core_irq_proc:164]thread start cid,0
[23:14:39.929] RX< [7] [cam] [116010][fe0][fe_core_irq_proc:98]thread start cid,0
[23:14:39.929] RX< 
[23:14:40.093] RX< [34m[AE] fid=0,exp=10210,adg=282,Y=6261,mtg=100,shg=100,bgbv=4551,iso=282,cnv0,hdr0
[23:14:40.093] RX< [0m[34m[b_ae0 proc] perf=8062(us), max=8062(us)!
[23:14:40.093] RX< [0m[34m[awb0 proc] perf=4349(us), max=4349(us)!
[23:14:40.093] RX< [0m[6] [cam] [116301][me0][cpm_cb_fe2me_tikChk:152]frm_length 88565us
[23:14:40.591] RX< , fe2me delta 0
[23:14:40.591] RX< [34m[ME INTP]fid=0, shutter=10210, perf=2843(us), max=2843(us)!
[23:14:40.591] RX< [0m[7] [cam] [116480][me0][me_core_thread:322]ME out fid 0
[23:14:40.591] RX< [6] [App Dfs] f_index = 0, f_len = 127965, cur_total_len = 128053
[23:14:40.591] RX< [34m[awb0 proc] perf=6073(us), max=6073(us)!
[23:14:40.591] RX< [0
[23:14:42.082] RX< m[34m[awb0 proc] perf=14450(us), max=14450(us)!
[23:14:42.082] RX< [0m[34m[awb0 proc] perf=6951(us), max=14450(us)!
[23:14:42.082] RX< [0m[34m[AE] fid=30,exp=10310,adg=163,Y=3799,mtg=199,shg=100,bgbv=1752,iso=163,cnv2,hdr0
[23:14:42.082] RX< [0m[7] [cam] [117479][me0][me_core_thread:322]ME out fid 30
[23:14:42.082] RX< [34m
[23:14:43.087] RX< [AE] fid=60,exp=10000,adg=225,Y=4197,mtg=180,shg=100,bgbv=1636,iso=225,cnv2,hdr0
[23:14:43.087] RX< [0m[7] [cam] [118480][me0][me_core_thread:322]ME out fid 60
[23:14:43.087] RX< [34m[awb0 proc] perf=6362(us), max=6951(us)!
[23:14:43.087] RX< [0m[34m[awb0 proc] perf=6000(us), max=6362(us)!
[23:14:43.087] RX< [0m[34m[AE] fid=
[23:14:43.279] RX< 90,exp=10000,adg=225,Y=4200,mtg=180,shg=100,bgbv=1640,iso=225,cnv2,hdr0
[23:14:43.279] RX< [0m[34m[b_ae0 proc] perf=1301(us), max=8062(us)!
[23:14:43.279] RX< [0m[34m[awb0 proc] perf=4469(us), max=6000(us)!
[23:14:43.279] RX< [0m[7] [cam] [119479][me0][me_core_thread:322]ME out fid 90
[23:14:43.279] RX< [34m[awb0 proc] perf
[23:14:44.183] RX< =6171(us), max=6171(us)!
[23:14:44.183] RX< [0m[6] [App Dfs] f_index = 90, f_len = 211401, cur_total_len = 6715418
[23:14:44.183] RX< [34m[AE] fid=120,exp=10000,adg=225,Y=4194,mtg=180,shg=100,bgbv=1636,iso=225,cnv2,hdr0
[23:14:44.183] RX< [0m[34m[ME INTP]fid=120, shutter=10000, perf=45(us), max=13139(us)!
[23:14:44.183] RX< [
[23:14:45.258] RX< 0m[7] [cam] [120479][me0][me_core_thread:322]ME out fid 120
[23:14:45.258] RX< [34m[awb0 proc] perf=6356(us), max=6356(us)!
[23:14:45.258] RX< [0m[34m[AE] fid=150,exp=10000,adg=225,Y=4193,mtg=180,shg=100,bgbv=1636,iso=225,cnv2,hdr0
[23:14:45.258] RX< [0m[7] [cam] [121479][me0][me_core_thread:322]ME out fid 1
[23:14:46.262] RX< 50
[23:14:46.262] RX< [34m[awb0 proc] perf=6234(us), max=6356(us)!
[23:14:46.262] RX< [0m[34m[AE] fid=180,exp=10000,adg=225,Y=4202,mtg=180,shg=100,bgbv=1640,iso=225,cnv2,hdr0
[23:14:46.262] RX< [0m[34m[b_ae0 proc] perf=928(us), max=1779(us)!
[23:14:46.262] RX< [0m[34m[awb0 proc] perf=4375(us), max=6234(us)!
[23:14:46.262] RX< [0m[7] [cam] [
[23:14:47.081] RX< 122479][me0][me_core_thread:322]ME out fid 180
[23:14:47.081] RX< [34m[awb0 proc] perf=6288(us), max=6288(us)!
[23:14:47.081] RX< [0m[6] [App Dfs] f_index = 180, f_len = 213020, cur_total_len = 6494904
[23:14:47.081] RX< [34m[AE] fid=210,exp=10000,adg=225,Y=4203,mtg=180,shg=100,bgbv=1640,iso=225,cnv2,hdr0
[23:14:47.081] RX< [0
[23:14:48.182] RX< m[7] [cam] [123479][me0][me_core_thread:322]ME out fid 210
[23:14:48.182] RX< [34m[awb0 proc] perf=6288(us), max=6288(us)!
[23:14:48.182] RX< [0m[34m[AE] fid=240,exp=10000,adg=225,Y=4208,mtg=180,shg=100,bgbv=1640,iso=225,cnv2,hdr0
[23:14:48.182] RX< [0m[34m[ME INTP]fid=240, shutter=10000, perf=6(us), max=27
[23:14:49.086] RX< 79(us)!
[23:14:49.086] RX< [0m[7] [cam] [124479][me0][me_core_thread:322]ME out fid 240
[23:14:49.086] RX< [34m[awb0 proc] perf=6592(us), max=6592(us)!
[23:14:49.086] RX< [0m[34m[AE] fid=270,exp=10000,adg=225,Y=4214,mtg=180,shg=100,bgbv=1644,iso=225,cnv2,hdr0
[23:14:49.086] RX< [0m[34m[b_ae0 proc] perf=996(us), max=1384(us)!
[23:14:49.986] RX< 
[23:14:49.986] RX< [0m[34m[awb0 proc] perf=4256(us), max=6592(us)!
[23:14:49.986] RX< [0m[7] [cam] [125478][me0][me_core_thread:322]ME out fid 270
[23:14:49.986] RX< [6] [App Dfs] f_index = 270, f_len = 212799, cur_total_len = 6548611
[23:14:49.986] RX< dfs_video_stop
[23:14:49.986] RX< msh /emmc>echo "__EVBTEST_E[6] [App Dfs]  Gravity_XR Recor
[23:14:49.986] RX< d Stop Success: total frames = 292
[23:14:49.986] RX< [6] [cam] [126193][DfsSend][sensor_stream_off:1143]sensor [1]: stream_off
[23:14:49.986] RX< [6] [cam] [126194][DfsSend][sensor_stream_off:1172]sensor [1]: REG: 0x100, W:0x0.
[23:14:49.986] RX< [6] [cam] [126195][DfsSend][sensor_stream_off:1174]sensor [1]: RE
[23:14:49.998] RX< G: 0x100, R:0x0.
[23:14:49.998] RX< [6] [cam] [126215][DfsSend][csc_prv_stop:893]ok! phys_id[1], phys_num[1], stop_type = 0
[23:14:49.998] RX< [6] [cam] [126215][DfsSend][cam_stop:1017]preview stop ok! logic_id[0]
[23:14:49.998] RX< [34m[cam stop] perf=22405(us)!
[23:14:49.998] RX< [0m[6] [App Cam] cam stop success
[23:14:49.998] RX< Total of 29
[23:14:49.998] RX< 3 frames encoded, 21374989 bytes, max_workbuffer_used: 4911104 bytes
[23:14:49.998] RX< [6] [App Cam] hevc_encoder_deinit success
[23:14:49.998] RX< [7] [cam] [126221][DfsSend][cam_cpm_core_power_off:457]id,0 type,1 ret 0
[23:14:49.998] RX< [6] [cam] [126222][sif0][sif_irq_proc:174]thread release cid,0
[23:14:49.998] RX< [6] [cam
[23:14:50.002] RX< ] [126222][DfsSend][cam_sif_mgr_deinit:316]X
[23:14:50.002] RX< [6] [cam] [126222][DfsSend][cam_deinit:846]deinit ok! logic_id[0]
[23:14:50.002] RX< [34m[cam deinit] perf=1309(us)!
[23:14:50.002] RX< [0m[6] [App Cam] cam deinit success
[23:14:50.002] RX< [6] [cam] [126223][DfsSend][sensor_close:1247]sensor [1]: close!
[23:14:50.002] RX< [6] [ca
[23:14:50.005] RX< m] [126225][DfsSend][cam_bm_core_deinit:136]X
[23:14:50.005] RX< [6] [cam] [126225][me0][me_core_thread:367]thread release cid,0
[23:14:50.005] RX< [6] [cam] [126226][DfsSend][cam_me_core_deinit:1502]X
[23:14:50.005] RX< [6] [cam] [126226][fe0][fe_core_irq_proc:121]thread release cid,0
[23:14:50.005] RX< [6] [cam] [126226][DfsSe
[23:14:50.005] RX< nd][cam_fe_core_deinit:536]X
[23:14:50.005] RX< [6] [cam] [126227][b_3a_sts][bayer_stats_core_irq_proc:193]thread release cid,0
[23:14:50.005] RX< [6] [cam] [126227][DfsSend][cam_bayer_stats_core_deinit:512]X
[23:14:50.005] RX< [6] [cam] [126227][b_ae0][a5_core_wrapper_task:315]thread release cid,0,algo,0
[23:14:50.005] RX< [6] 
[23:14:50.008] RX< [cam] [126228][DfsSend][bayer_ae_wrapper_deinit:204]X
[23:14:50.008] RX< [6] [cam] [126228][atf0][a5_core_wrapper_task:315]thread release cid,0,algo,1
[23:14:50.008] RX< [6] [cam] [126229][DfsSend][atf_wrapper_deinit:153]X
[23:14:50.008] RX< [6] [cam] [126229][awb0][a5_core_wrapper_task:315]thread release cid,0
[23:14:50.008] RX< ,algo,2
[23:14:50.008] RX< [6] [cam] [126229][DfsSend][awb_wrapper_deinit:153]X
[23:14:50.008] RX< [6] [cam] [126230][DfsSend][cam_5a_core_deinit:555]X
[23:14:50.008] RX< [6] [cam] [126230][DfsSend][cam_5a_inf_deinit:149]X
[23:14:50.008] RX< [6] [cam] [126230][qpc0][qpc_core_msg_proc:697]thread release cid,0
[23:14:50.008] RX< [6] [cam] [126231][
[23:14:50.013] RX< DfsSend][qpc_core_deinit:1330]X
[23:14:50.013] RX< [6] [cam] [126231][DfsSend][cam_cpm_core_deinit:1107]X
[23:14:50.013] RX< [6] [cam] [126231][DfsSend][csc_close:584]ok! phys_id[1], phys_num[1]
[23:14:50.013] RX< [7] [cam] [126231][cer0][cer_recovery_proc:352]msg type = 254
[23:14:50.013] RX< [6] [cam] [126232][cer0][cer_recove
[23:14:50.013] RX< ry_proc:454]thread release cid,0
[23:14:50.013] RX< [6] [cam] [126232][DfsSend][cer_deinit:560]X
[23:14:50.013] RX< [6] [cam] [126233][DfsSend][cam_close:750]close ok! logic_id[0]
[23:14:50.013] RX< [34m[cam close] perf=9884(us)!
[23:14:50.013] RX< [0m[6] [App Cam] cam close success
[23:14:50.013] RX< [6] [cam] [126233][cpl0][cam_prelude_proc_ro
[23:14:50.029] RX< utine:136]thread release
[23:14:50.029] RX< [6] [cam] [126234][DfsSend][cam_exit:551]exit ok!
[23:14:50.029] RX< [34m[cam exit] perf=568(us)!
[23:14:50.029] RX< [0m[6] [App Cam] cam exit success
[23:14:50.029] RX< [6] [App Dfs] Save Video Successful: /emmc/VIDEO/20260818_021439_5731/Video_5731_0.h265
[23:14:50.029] RX< [6] [App Dfs] Save Imu Suc
[23:14:50.140] TX> dfs_video_stop
[23:14:50.140] TX> echo "__EVBTEST_END_d996d742__"
[23:14:52.031] RX< cessful: /emmc/VIDEO/20260818_021439_5731/Imu_5731.bin
[23:14:52.031] RX< [6] [App Dfs] Video recording completed successfully.
[23:14:52.031] RX< ND_d996d742__"
[23:14:52.031] RX< __EVBTEST_END_d996d742__
[23:14:52.031] RX< msh /emmc>
[23:22:00.403] RX< rtmp_video_start rtmp://10.1.90.128/live/cam
[23:22:00.403] RX< [7] [cam] [556610][tshell][cgm_parse_bin:105]total logical camera num: 1
[23:22:00.403] RX< [6] [cam] [556610][tshell][cam_prelude_create:187]E id, 0
[23:22:00.403] RX< [7] [cam] [556611][cpl0][cam_prelude_proc_routine:101]thread start
[23:22:00.403] RX< [6] [cam] [5
[23:22:00.404] RX< 56611][tshell][cam_prelude_create:214]X ctx size 124 addr 0x8846d660
[23:22:00.404] RX< [6] [cam] [556617][tshell][sensor_probe:418]sensor [1]: identifing 0 success.
[23:22:00.404] RX< [6] [cam] [556619][tshell][sensor_probe:441]sensor [1]: probe exit!
[23:22:00.404] RX< [6] [cam] [556619][tshell][cam_prelude_f
[23:22:00.407] RX< ast_probe:251]cam: 0 probe result: 0
[23:22:00.407] RX< [6] [cam] [556620][tshell][cgm_parse_bin:215]cam(0) probe success
[23:22:00.407] RX< [6] [cam] [556620][tshell][cam_entry:435]entry ok
[23:22:00.407] RX< [34m[cam entry] perf=10978(us)!
[23:22:00.407] RX< [0m[6] [App Cam] cam entry success
[23:22:00.407] RX< [36mmem_laySolv: scenario=01 i
[23:22:00.407] RX< n=4032x3024, me_rotate=1 me_stripe=1 
[23:22:00.407] RX< [0m[36mmem_laySolv: me_rot 1, me_stripe 1, eis 0, be_rot 0
[23:22:00.407] RX< [0mscen1 type26 bufAdr 0x89d40b70 sz 0x1400000 reCfg for bound!
[23:22:00.407] RX< [36mmem_laySolv: scen01 20 entries solved OK!
[23:22:00.407] RX< [0m[36mmem_laySolv: scenario=02 in=2016x1
[23:22:00.409] RX< 512, me_rotate=0 me_stripe=0 
[23:22:00.409] RX< [0m[36mmem_laySolv: me_rot 0, me_stripe 0, eis 0, be_rot 0
[23:22:00.409] RX< [0mscen2 type15 bufAdr 0x89ce3ef0 sz 0xd00000 reCfg for bound!
[23:22:00.409] RX< [36mmem_laySolv: scen02 14 entries solved OK!
[23:22:00.409] RX< [0m[36mmem_laySolv: scenario=03 in=4032x2268, me_r
[23:22:00.412] RX< otate=1 me_stripe=0 
[23:22:00.412] RX< [0m[36mmem_laySolv: me_rot 1, me_stripe 0, eis 0, be_rot 0
[23:22:00.412] RX< [0m[36mmem_laySolv: scen03 14 entries solved OK!
[23:22:00.412] RX< [0m[7] [cam] [556625][tshell][cam_solve_whole_layout:355]
[23:22:00.412] RX< scen3: vol 0x8c000000 rbuf 0x89d6cdf0 sz 0xd00000 wbuf 0x8aa6c
[23:22:00.412] RX< df0 sz 0xd00000
[23:22:00.412] RX<        rtmp txbuf 0x8bf80000 sz 0x80000 avcBuf 0x8bf00000 sz 0x80000
[23:22:00.412] RX< [36mmem_laySolv: scenario=04 in=4032x3024, me_rotate=1 me_stripe=1 
[23:22:00.412] RX< [0m[36mmem_laySolv: me_rot 1, me_stripe 1, eis 0, be_rot 0
[23:22:00.412] RX< [0m[36mmem_laySolv: scen04 14 entries
[23:22:00.415] RX<  solved OK!
[23:22:00.415] RX< [0m[36mmem_laySolv: scenario=05 in=1008x0756, me_rotate=0 me_stripe=0 
[23:22:00.415] RX< [0m[36mmem_laySolv: me_rot 0, me_stripe 0, eis 0, be_rot 0
[23:22:00.415] RX< [0m[36mmem_laySolv: scen05 17 entries solved OK!
[23:22:00.415] RX< [0m[36mmem_laySolv: scenario=06 in=1008x0720, me_rotate
[23:22:00.415] RX< =0 me_stripe=0 
[23:22:00.415] RX< [0m[36mmem_laySolv: me_rot 0, me_stripe 0, eis 0, be_rot 0
[23:22:00.415] RX< [0m[36mmem_laySolv: scen06 12 entries solved OK!
[23:22:00.415] RX< [0m[36mmem_laySolv: scenario=01 in=4032x3024, me_rotate=1 me_stripe=1 
[23:22:00.415] RX< [0mscen1 type26 bufAdr 0x89d40b70 sz 0x1400000 reCfg
[23:22:00.418] RX<  for bound!
[23:22:00.418] RX< [36mmem_laySolv: scen01 20 entries solved OK!
[23:22:00.418] RX< [0m[7] [cam] [556631][tshell][cam_solve_whole_layout:383]Solve Whole-layout Done!
[23:22:00.418] RX< [6] [cam] [556631][tshell][cgm_parse_media_para:271]phy cam num: 1
[23:22:00.418] RX< [7] [cam] [556631][cer0][cer_recovery_proc:34
[23:22:00.418] RX< 3]thread start cid, 0
[23:22:00.418] RX< [6] [cam] [556632][tshell][csc_open:443]SENSOR MCLK cal: 24MHz
[23:22:00.418] RX< [6] [cam] [556632][tshell][csc_isp_clk_cal:344]MIPI CLK cal: 277MHz
[23:22:00.418] RX< [6] [cam] [556633][tshell][csc_isp_clk_cal:371]LITE CLK cal: 25MHz
[23:22:00.418] RX< [7] [cam] [556633][tshell][cpc_csi
[23:22:00.424] RX< _rx_power_on:633]E id: 2
[23:22:00.424] RX< [6] [cam] [556633][tshell][cpc_update_clock:603]actual SNS mclk: 24MHz
[23:22:00.424] RX< [6] [cam] [556633][tshell][cpc_update_clock:608]actual MIPI0: 300MHz
[23:22:00.424] RX< [6] [cam] [556634][tshell][cpc_update_clock:598]actual LITE clk: 25MHz
[23:22:00.424] RX< [7] [cam] [556634]
[23:22:00.424] RX< [tshell][cam_prelude_open:297][34msnsOpen camID1 csiID0 phyIdx0[0m
[23:22:00.424] RX< [6] [cam] [556638][tshell][sensor_expo_gain_match:48]sensor get sensor expo gain of imx681_vst
[23:22:00.424] RX< [6] [cam] [556638][tshell][sensor_open:684]sensor [1] open OK.
[23:22:00.424] RX< [6] [cam] [556639][tshell][
[23:22:00.428] RX< cam_cpm_parse_media:298]video scenario:3, media para[fps:0, mirror_en:0, flip_en:0]
[23:22:00.428] RX< [6] [cam] [556639][tshell][cam_cpm_parse_media:301]video scenario, media para[iso:0, gain:0, wb_mode:0]
[23:22:00.428] RX< [6] [cam] [556640][tshell][csc_isp_clk_cal:353]FE CLK cal: 373MHz, 
[23:22:00.429] RX< ME CLK cal: 371MHz, FE/ME CLK cal: 410MHz
[23:22:00.429] RX< [6] [cam] [556640][tshell][csc_isp_clk_cal:360]BE CLK cal: 301MHz
[23:22:00.429] RX< [6] [cam] [556641][tshell][cpc_update_clock:588]actual FE/ME clk: 500MHz
[23:22:00.429] RX< [7] [cam] [556641][tshell][cam_cpm_core_power_on:425]id,0 type,1 ret 0
[23:22:00.429] RX< [6
[23:22:00.431] RX< ] [cam] [556642][tshell][cam_cpm_core_init:914]E id,0 sensor type,1
[23:22:00.431] RX< [6] [cam] [556645][tshell][cpm_core_check_tuningbin:854]Tuning bin crc check PASS! sum 0x7fb15f, xor 0x4e593f47
[23:22:00.431] RX< [6] [cam] [556645][tshell][qpc_tuning_check_iqbin_validness:396]IQ bin addr:
[23:22:00.431] RX<  0x88646660, project_name: video_3M
[23:22:00.431] RX< [6] [cam] [556646][tshell][qpc_tuning_check_iqbin_validness:397]total_size: 94208
[23:22:00.431] RX< [6] [cam] [556646][tshell][qpc_tuning_check_iqbin_validness:398]id_count: 93. ID_TOTAL: 94
[23:22:00.431] RX< [6] [cam] [556647][tshell][qpc_tuning_check_i
[23:22:00.434] RX< qbin_validness:399]spinel tuning data ver: V1.30
[23:22:00.434] RX< [6] [cam] [556647][tshell][cpm_core_check_tuningbin:868]IQ bin check success!
[23:22:00.434] RX< [6] [cam] [556648][tshell][cam_bm_core_init:94]E
[23:22:00.434] RX< [6] [cam] [556648][tshell][bm_lab_init:174]X ctx size 4 addr 0x884518b0
[23:22:00.434] RX< [6] [c
[23:22:00.434] RX< am] [556648][tshell][cam_bm_core_init:114]X ctx size 180 addr 0x8846a458
[23:22:00.434] RX< [6] [cam] [556648][tshell][qpc_core_init:1218]E id,0
[23:22:00.434] RX< [6] [cam] [556649][tshell][qpc_queue_init:65]QPC init qnodes 8, size 508, pool 0x8846e3f8
[23:22:00.434] RX< [7] [cam] [556649][tshell][_qpc_get_cap
[23:22:00.452] RX< _cfg_para:888][fallback]preset capCfg 0 0 0 invalid, use default
[23:22:00.452] RX< [7] [cam] [556650][tshell][_qpc_cfg_hdr_frms:832][fallback]preset hdrCfg 0 32 7 25600 148508608 invalid, use default
[23:22:00.452] RX< [6] [cam] [556666][tshell][qpc_core_init:1264]X ctx size 3800 addr 0x8846
[23:22:00.452] RX< a520
[23:22:00.452] RX< [6] [cam] [556666][tshell][cpm_core_get_param:666]cpm para chk: tunBin-w 4032 h 2266 img-w 4032 h 2268
[23:22:00.452] RX< [6] [cam] [556667][tshell][cam_fe_core_init:436]E id,0
[23:22:00.452] RX< [6] [cam] [556667][tshell][cam_fe_core_init:490]X ctx size 100 addr 0x8847ed78
[23:22:00.452] RX< [7] [cam] [5
[23:22:00.457] RX< 56668][tshell][qpc_core_fe_chords_init:1659][34mqpc fe init snsOut w 4032 h 2268, tbl w 28 h 20[0m
[23:22:00.457] RX< [6] [cam] [556668][tshell][cam_me_core_init:1474]X ctx size 1352 addr 0x884800d0
[23:22:00.457] RX< [34m[ME SLICE CFG] perf=1380(us)!
[23:22:00.457] RX< [0m[6] [cam] [556672][tshell][cam_bay
[23:22:00.458] RX< er_fe_3a_stats_core_init:445]fe 3a id,0
[23:22:00.458] RX< [6] [cam] [556672][tshell][cam_bayer_fe_3a_stats_core_init:490]X ctx size 132 addr 0x884a2b80
[23:22:00.458] RX< [6] [cam] [556673][tshell][awb_wrapper_init:66]xxx awb_bin=0x884708d4, awb_bin_length=8068
[23:22:00.458] RX< [6] [cam] [556673][tshell][awb
[23:22:00.465] RX< _wrapper_init:86]X algo_handle 0x884a87e0
[23:22:00.465] RX< [7] [cam] [556674][awb0][a5_core_wrapper_task:252]thread start cid,0 algo type,2
[23:22:00.465] RX< [6] [cam] [556674][tshell][a5_core_init_task:426]thread created: awb0 mq=0x884aaaa8 thread=0x884aabc0 sem=0x884aaa38 ret=0
[23:22:00.465] RX< [6] [cam
[23:22:00.465] RX< ] [556675][tshell][bayer_ae_wrapper_init:68]E id,0 proc mode 0 
[23:22:00.465] RX< 
[23:22:00.465] RX< [AEC Proc] @[allib_ae_set_debug_log_flag] Line:129:[DEBUG] debug level/to_file/to_terminal: 22/1/1
[23:22:00.465] RX< [AEC Proc] @[AeInit] Line:377:[INFO] AE ver: 2026_V2.269
[23:22:00.465] RX< 
[23:22:00.465] RX< [AEC Proc] @[allib_ae_loadfunc] L
[23:22:00.468] RX< ine:193:[INFO] camera ID: 0
[23:22:00.468] RX< [AEC Proc] @[alAE_set_param] Line:575:[DEBUG] sw_maxtime 33004 ,pertline 10800, after check sensor step sw_max_time 33000.00
[23:22:00.468] RX< [AEC Proc] @[alAE_set_param] Line:580:[DEBUG] sw_mintime 43 ,pertline 10800, after check sensor step s
[23:22:00.468] RX< w_min_time 40.00
[23:22:00.468] RX< [AEC Proc] @[alAE_set_param] Line:513:[DEBUG] DEBUG minbv exptime 11 gain 100, minExpBV 13810
[23:22:00.468] RX< [AEC Proc] @[AeTuningParseSet] Line:167:[DEBUG] aeparam version 2.268 60530
[23:22:00.468] RX< [AEC Proc] @[alAE_set_param] Line:340:[DEBUG] INITEXP gain 100, shut
[23:22:00.471] RX< ter 33242, midtonegain 100, bv 2247
[23:22:00.471] RX< [6] [cam] [556684][tshell][bayer_ae_wrapper_init:119]X tline 10800 max_exp 33004 alg_hdl 0x884ad370 
[23:22:00.471] RX< [7] [cam] [556685][b_ae0][a5_core_wrapper_task:252]thread start cid,0 algo type,0
[23:22:00.471] RX< [6] [cam] [556685][tshell][a5_core_
[23:22:00.471] RX< init_task:426]thread created: b_ae0 mq=0x884ae420 thread=0x884ae538 sem=0x884ae3b0 ret=0
[23:22:00.471] RX< [6] [cam] [556686][tshell][atf_wrapper_init:67]E id,0
[23:22:00.471] RX< [6] [cam] [556686][tshell][atf_wrapper_init:107]X alg_ctx addr 0x884af920
[23:22:00.471] RX< [7] [cam] [556687][atf0][a5_core_wrapp
[23:22:00.487] RX< er_task:252]thread start cid,0 algo type,1
[23:22:00.487] RX< [6] [cam] [556687][tshell][a5_core_init_task:426]thread created: atf0 mq=0x884afa58 thread=0x884afb70 sem=0x884af9e8 ret=0
[23:22:00.487] RX< [6] [cam] [556687][tshell][cam_cpm_core_init:1030]X ctx size 1064 addr 0x8846a020
[23:22:00.487] RX< [6] [c
[23:22:00.487] RX< am] [556688][tshell][csc_open:527]ok! phys_id[1], phys_num[1] 
[23:22:00.487] RX< [6] [cam] [556689][tshell][cam_open:699]open ok! camera_id[0]
[23:22:00.487] RX< [34m[cam open] perf=67573(us)!
[23:22:00.487] RX< [0m[6] [App Cam] cam open success
[23:22:00.487] RX< [6] [App Cam] hevc init success
[23:22:00.487] RX< [6] [cam] [556703][tshell][csc
[23:22:00.490] RX< _init:637]sensor info:size:4032x2268, formt: 0x2b, bps: 1968, tline: 10800
[23:22:00.490] RX< [6] [cam] [556704][tshell][cam_sif_mgr_init:261]E id,0
[23:22:00.490] RX< [7] [cam] [556704][sif0][sif_irq_proc:151]thread start cid,0
[23:22:00.490] RX< [6] [cam] [556704][tshell][cam_sif_mgr_init:293]X ctx size 52 a
[23:22:00.490] RX< ddr 0x884e9d08
[23:22:00.490] RX< [6] [cam] [556705][tshell][cam_prelude_init_cfg:368]CSI ID is 0,  phy lanes is 2.
[23:22:00.490] RX< [7] [cam] [556705][tshell][check_phy_ready:96]MIPI_PHY[0] is ready
[23:22:00.490] RX< [6] [cam] [556705][tshell][sensor_init:348]sensor [1]: register ok
[23:22:00.490] RX< [6] [cam] [556706][tshe
[23:22:00.501] TX> rtmp_video_start rtmp://10.1.90.128/live/cam
[23:22:00.501] TX> echo "__EVBTEST_END_9620bee1__"
[23:22:00.518] RX< ll][sensor_set_mode:852]sensor [1]: SetMode -> mode = 0.
[23:22:00.518] RX< [6] [cam] [556706][tshell][sensor_send_reg_tab_to_sensor:704]sensor [1]: send_reg_tab_to_sensor E.
[23:22:00.518] RX< [6] [cam] [556718][tshell][sensor_send_reg_tab_to_sensor:726]sensor [1]: reg_count = 77.
[23:22:00.518] RX< [6] [cam] 
[23:22:00.518] RX< [556720][tshell][sensor_init:361]sensor [1]: init success.
[23:22:00.518] RX< [6] [cam] [556720][tshell][sensor_set_mode:852]sensor [1]: SetMode -> mode = 3.
[23:22:00.518] RX< [6] [cam] [556720][tshell][sensor_send_reg_tab_to_sensor:704]sensor [1]: send_reg_tab_to_sensor E.
[23:22:00.518] RX< [6] [cam] [556735
[23:22:00.521] RX< ][tshell][sensor_send_reg_tab_to_sensor:726]sensor [1]: reg_count = 83.
[23:22:00.521] RX< [6] [cam] [556735][tshell][csc_init:646]ok! phys_id[1], phys_num[1]
[23:22:00.521] RX< [6] [cam] [556736][tshell][csc_get_bayer_single_buffer:1038]scenario_type: 3
[23:22:00.521] RX< [6] [cam] [556736][tshell][csc_set_sta
[23:22:00.524] RX< ts_fmt:98]index 0 w 1 h 1 bw 8 wcmp 255
[23:22:00.524] RX< [7] [cam] [556736][tshell][bm_ioctl:201]BMIOC_STATS_FMT
[23:22:00.524] RX< [6] [cam] [556737][tshell][csc_set_fe_fmt:47]index 1 w 4032 h 2268 bw 10 wcmp 0
[23:22:00.524] RX< [7] [cam] [556737][tshell][bm_ioctl:201]BMIOC_FE_FMT
[23:22:00.524] RX< [6] [cam] [556737][tshell
[23:22:00.524] RX< ][csc_set_me_fmt:64]index 5 w 2268 h 4032 bw 10 wcmp 0, rdma_addr 0x894afe00, wdma_addr 0x894afe00
[23:22:00.524] RX< [7] [cam] [556738][tshell][bm_ioctl:201]BMIOC_ME_FMT
[23:22:00.524] RX< [6] [cam] [556738][tshell][csc_set_video_fmt:966]meta_addr: 0x89d6c600
[23:22:00.524] RX< [6] [cam] [556739][tshell][csc_
[23:22:00.527] RX< set_me_fmt:64]index 6 w 1296 h 2304 bw 8 wcmp 255, rdma_addr 0x88795200, wdma_addr 0x8c000000
[23:22:00.527] RX< [6] [cam] [556739][tshell][cam_me_core_buffer_cfg:1367]
[23:22:00.527] RX< ----ME PIPE INFO---
[23:22:00.527] RX<  wdma_buf_num:1, rotation_en: 1
[23:22:00.527] RX< [7] [cam] [556740][tshell][cam_me_core_buffer_cfg:1
[23:22:00.527] RX< 375]yuv wdma_addr 0:0x8c000000, meta_en: 1, 0x89d6c600
[23:22:00.527] RX< [7] [cam] [556740][tshell][bm_ioctl:201]BMIOC_ME_FMT
[23:22:00.527] RX< [6] [cam] [556741][tshell][csc_set_lite_fmt:115]index 13 w 400 h 400 bw 10 wcmp 255
[23:22:00.527] RX< [7] [cam] [556741][tshell][bm_ioctl:201]BMIOC_LITE_FMT
[23:22:00.527] RX< [6] [ca
[23:22:00.530] RX< m] [556742][tshell][csc_set_lite_fmt:115]index 14 w 400 h 400 bw 10 wcmp 255
[23:22:00.530] RX< [7] [cam] [556742][tshell][bm_ioctl:201]BMIOC_LITE_FMT
[23:22:00.530] RX< [6] [cam] [556743][tshell][csc_init:654]get otp ok! phys_id[1], phys_num[1]
[23:22:00.530] RX< [6] [cam] [556743][tshell][cam_init:789]init ok
[23:22:00.530] RX< ! logic_id[0]
[23:22:00.530] RX< [34m[cam init] perf=40774(us)!
[23:22:00.530] RX< [0m[6] [App Cam] cam init success
[23:22:00.530] RX< [7] [cam] [556744][tshell][cam_cpm_core_stream_on:541]id 0 sensor type 1
[23:22:00.530] RX< [6] [cam] [556744][tshell][sensor_stream_on:979]sensor [1]: stream_on
[23:22:00.530] RX< [6] [cam] [556745][tshell][se
[23:22:00.547] RX< nsor_stream_on:1007]sensor [1]: REG: 0x100, W:0x1.
[23:22:00.547] RX< [6] [cam] [556746][tshell][sensor_stream_on:1009]sensor [1]: REG: 0x100, R:0x1.
[23:22:00.547] RX< [6] [cam] [556746][tshell][csc_prv_start:783]ok! phys_id[1], phys_num[1], cam_ids[1]
[23:22:00.547] RX< [6] [cam] [556746][tshell][cam_start:89
[23:22:00.548] RX< 7]preview start ok! logic_id[0]
[23:22:00.548] RX< [34m[cam start] perf=2640(us)!
[23:22:00.548] RX< [0m[6] [App Cam] cam start success
[23:22:00.548] RX< [RTMP] connecting rtmp://10.1.90.128/live/cam ...
[23:22:00.548] RX< [7] [cam] [556748][b_3a_sts][bayer_stats_core_irq_proc:164]thread start cid,0
[23:22:00.548] RX< [7] [cam] [556748][fe0][fe
[23:22:00.675] RX< _core_irq_proc:98]thread start cid,0
[23:22:00.675] RX< [34m[AE] fid=0,exp=10210,adg=282,Y=6338,mtg=100,shg=100,bgbv=4571,iso=282,cnv0,hdr0
[23:22:00.675] RX< [0m[34m[b_ae0 proc] perf=8071(us), max=8071(us)!
[23:22:00.675] RX< [0m[34m[awb0 proc] perf=4338(us), max=4338(us)!
[23:22:00.675] RX< [0m[RTMP] connected to 10.1.90
[23:22:01.091] RX< .128:1935 (sock=6)
[23:22:01.091] RX< [6] [cam] [557040][me0][cpm_cb_fe2me_tikChk:152]frm_length 88561us, fe2me delta 0
[23:22:01.091] RX< [RTMP] handshake (simple) ok
[23:22:01.091] RX< [34m[ME INTP]fid=0, shutter=10210, perf=2805(us), max=2805(us)!
[23:22:01.091] RX< [0m[7] [cam] [557218][me0][me_core_thread:322]ME out fid 0
[23:22:01.091] RX< [
[23:22:01.126] RX< RTMP] connect _result ok
[23:22:01.126] RX< [RTMP] createStream -> msid=1
[23:22:01.126] RX< [RTMP] publish ready on rtmp://10.1.90.128:1935/live
[23:22:01.126] RX< [RTMP] config sent (42 bytes)
[23:22:01.126] RX< [RTMP] f_index = 0, f_len = 39
[23:22:01.126] RX< [RTMP] Push Start -> rtmp://10.1.90.128/live/cam
[23:22:01.126] RX< msh /emmc>echo "__EVBTEST_END_9620bee
[23:22:02.828] RX< 1__"
[23:22:02.828] RX< __EVBTEST_END_9620bee1__
[23:22:02.828] RX< msh /emmc>[34m[AE] fid=30,exp=10200,adg=200,Y=3993,mtg=189,shg=100,bgbv=1652,iso=200,cnv2,hdr0
[23:22:02.828] RX< [0m[7] [cam] [558218][me0][me_core_thread:322]ME out fid 30
[23:22:02.828] RX< [34m[AE] fid=60,exp=10000,adg=225,Y=4234,mtg=180,shg=100,bgbv=1648,i
[23:22:03.832] RX< so=225,cnv2,hdr0
[23:22:03.832] RX< [0m[7] [cam] [559217][me0][me_core_thread:322]ME out fid 60
[23:22:03.832] RX< [34m[AE] fid=90,exp=10000,adg=225,Y=4238,mtg=180,shg=100,bgbv=1653,iso=225,cnv2,hdr0
[23:22:03.832] RX< [0m[34m[b_ae0 proc] perf=935(us), max=8071(us)!
[23:22:03.832] RX< [0m[34m[awb0 proc] perf=4287(us), max=4
[23:22:05.007] RX< 431(us)!
[23:22:05.007] RX< [0m[7] [cam] [560217][me0][me_core_thread:322]ME out fid 90
[23:22:05.007] RX< [34m[AE] fid=120,exp=10000,adg=225,Y=4241,mtg=180,shg=100,bgbv=1653,iso=225,cnv2,hdr0
[23:22:05.007] RX< [0m[34m[ME INTP]fid=120, shutter=10000, perf=6(us), max=2911(us)!
[23:22:05.007] RX< [0m[7] [cam] [561217][me0][me_
[23:22:06.832] RX< core_thread:322]ME out fid 120
[23:22:06.832] RX< [34m[AE] fid=150,exp=10000,adg=225,Y=4242,mtg=180,shg=100,bgbv=1653,iso=225,cnv2,hdr0
[23:22:06.832] RX< [0m[7] [cam] [562217][me0][me_core_thread:322]ME out fid 150
[23:22:06.832] RX< [34m[AE] fid=180,exp=10000,adg=225,Y=4244,mtg=180,shg=100,bgbv=1653,iso=225
[23:22:07.827] RX< ,cnv2,hdr0
[23:22:07.827] RX< [0m[34m[b_ae0 proc] perf=927(us), max=1091(us)!
[23:22:07.827] RX< [0m[34m[awb0 proc] perf=4376(us), max=4432(us)!
[23:22:07.827] RX< [0m[7] [cam] [563217][me0][me_core_thread:322]ME out fid 180
[23:22:07.827] RX< [34m[AE] fid=210,exp=10000,adg=225,Y=4246,mtg=180,shg=100,bgbv=1653,iso=225,cnv2,
[23:22:09.007] RX< hdr0
[23:22:09.007] RX< [0m[7] [cam] [564217][me0][me_core_thread:322]ME out fid 210
[23:22:09.007] RX< [34m[AE] fid=240,exp=10000,adg=225,Y=4249,mtg=180,shg=100,bgbv=1653,iso=225,cnv2,hdr0
[23:22:09.007] RX< [0m[34m[ME INTP]fid=240, shutter=10000, perf=7(us), max=357(us)!
[23:22:09.007] RX< [0m[7] [cam] [565217][me0][me_core
[23:22:10.008] RX< _thread:322]ME out fid 240
[23:22:10.008] RX< [34m[AE] fid=270,exp=10000,adg=225,Y=4251,mtg=180,shg=100,bgbv=1657,iso=225,cnv2,hdr0
[23:22:10.008] RX< [0m[34m[b_ae0 proc] perf=1003(us), max=1087(us)!
[23:22:10.008] RX< [0m[34m[awb0 proc] perf=4385(us), max=4434(us)!
[23:22:10.008] RX< [0m[7] [cam] [566217][me0][me_core_thre
[23:22:11.826] RX< ad:322]ME out fid 270
[23:22:11.826] RX< [34m[AE] fid=300,exp=10000,adg=225,Y=4250,mtg=180,shg=100,bgbv=1657,iso=225,cnv2,hdr0
[23:22:11.826] RX< [0m[7] [cam] [567216][me0][me_core_thread:322]ME out fid 300
[23:22:11.826] RX< [34m[AE] fid=330,exp=10000,adg=225,Y=4247,mtg=180,shg=100,bgbv=1653,iso=225,cnv2,hdr
[23:22:12.831] RX< 0
[23:22:12.831] RX< [0m[7] [cam] [568216][me0][me_core_thread:322]ME out fid 330
[23:22:12.831] RX< [RTMP] slow send frame 1 len=85763 dt=11058ms (IDR)
[23:22:12.831] RX< [RTMP] slow send frame 2 len=35951 dt=389ms
[23:22:12.831] RX< [34m[AE] fid=360,exp=10000,adg=225,Y=4242,mtg=180,shg=100,bgbv=1653,iso=225,cnv2,hdr0
[23:22:12.831] RX< [0m[34m
[23:22:13.007] RX< [b_ae0 proc] perf=905(us), max=1110(us)!
[23:22:13.007] RX< [0m[34m[awb0 proc] perf=4397(us), max=4423(us)!
[23:22:13.007] RX< [0m[34m[ME INTP]fid=360, shutter=10000, perf=6(us), max=401(us)!
[23:22:13.007] RX< [0m[RTMP] slow send frame 3 len=13952 dt=377ms
[23:22:13.007] RX< [7] [cam] [569216][me0][me_core_thread:322]ME out
[23:22:13.826] RX<  fid 360
[23:22:13.826] RX< [RTMP] slow send frame 4 len=10593 dt=179ms
[23:22:13.826] RX< [RTMP] slow send frame 5 len=11740 dt=239ms
[23:22:13.826] RX< [RTMP] slow send frame 7 len=13435 dt=172ms
[23:22:13.826] RX< [RTMP] slow send frame 8 len=14224 dt=199ms
[23:22:13.826] RX< [34m[AE] fid=390,exp=10000,adg=225,Y=4232,mtg=180,shg=100,bgbv=1648,is
[23:22:14.352] RX< o=225,cnv2,hdr0
[23:22:14.352] RX< [0m[RTMP] slow send frame 9 len=14050 dt=130ms
[23:22:14.352] RX< [RTMP] slow send frame 10 len=11959 dt=90ms
[23:22:14.352] RX< [7] [cam] [570217][me0][me_core_thread:322]ME out fid 390
[23:22:14.352] RX< [RTMP] slow send frame 11 len=16139 dt=82ms
[23:22:14.352] RX< [RTMP] slow send frame 12 len=9791 dt=80ms
[23:22:14.352] RX< [RT
[23:22:15.002] RX< MP] slow send frame 14 len=12412 dt=155ms
[23:22:15.002] RX< [RTMP] slow send frame 15 len=14034 dt=242ms
[23:22:15.002] RX< [34m[AE] fid=420,exp=10000,adg=225,Y=4214,mtg=180,shg=100,bgbv=1644,iso=225,cnv2,hdr0
[23:22:15.002] RX< [0m[RTMP] slow send frame 16 len=12686 dt=273ms
[23:22:15.002] RX< [7] [cam] [571216][me0][me_core_t
[23:22:15.832] RX< hread:322]ME out fid 420
[23:22:15.832] RX< [RTMP] slow send frame 17 len=15178 dt=165ms
[23:22:15.832] RX< [RTMP] slow send frame 18 len=13629 dt=88ms
[23:22:15.832] RX< [RTMP] slow send frame 19 len=16496 dt=216ms
[23:22:15.832] RX< [RTMP] slow send frame 20 len=14685 dt=186ms
[23:22:15.832] RX< [RTMP] slow send frame 21 len=11290 dt=270ms
[23:22:15.832] RX< [34m[A
[23:22:16.014] RX< E] fid=450,exp=10000,adg=225,Y=4182,mtg=180,shg=100,bgbv=1631,iso=225,cnv2,hdr0
[23:22:16.014] RX< [0m[34m[b_ae0 proc] perf=1039(us), max=1088(us)!
[23:22:16.014] RX< [0m[34m[awb0 proc] perf=4305(us), max=4458(us)!
[23:22:16.014] RX< [0m[RTMP] slow send frame 29 len=17339 dt=199ms
[23:22:16.014] RX< [7] [cam] [572216][me0][m
[23:22:16.926] RX< e_core_thread:322]ME out fid 450
[23:22:16.926] RX< [RTMP] slow send frame 31 len=62184 dt=774ms (IDR)
[23:22:16.926] RX< [RTMP] dropped 30 p-frames (backlog 52%)
[23:22:16.926] RX< [34m[AE] fid=480,exp=10000,adg=225,Y=4180,mtg=180,shg=100,bgbv=1631,iso=225,cnv2,hdr0
[23:22:16.926] RX< [0m[34m[ME INTP]fid=480, shutter=10000, pe
[23:22:17.485] RX< rf=7(us), max=399(us)!
[23:22:17.485] RX< [0m[7] [cam] [573217][me0][me_core_thread:322]ME out fid 480
[23:22:17.485] RX< [RTMP] slow send frame 61 len=72776 dt=569ms (IDR)
[23:22:17.485] RX< [RTMP] dropped 60 p-frames (backlog 51%)
[23:22:17.485] RX< [RTMP] slow send frame 88 len=14863 dt=111ms
[23:22:17.485] RX< [RTMP] f_index = 90, f_len = 14819
[23:22:18.269] RX< 
[23:22:18.269] RX< [34m[AE] fid=510,exp=10000,adg=225,Y=4200,mtg=180,shg=100,bgbv=1640,iso=225,cnv2,hdr0
[23:22:18.269] RX< [0m[7] [cam] [574215][me0][me_core_thread:322]ME out fid 510
[23:22:18.269] RX< [RTMP] slow send frame 91 len=79211 dt=699ms (IDR)
[23:22:18.269] RX< [RTMP] slow send frame 116 len=11755 dt=75ms
[23:22:18.269] RX< [RTMP] dro
[23:22:18.832] RX< pped 90 p-frames (backlog 51%)
[23:22:18.832] RX< [RTMP] slow send frame 120 len=16047 dt=109ms
[23:22:18.832] RX< [34m[AE] fid=540,exp=10000,adg=225,Y=4201,mtg=180,shg=100,bgbv=1640,iso=225,cnv2,hdr0
[23:22:18.832] RX< [0m[34m[b_ae0 proc] perf=1009(us), max=1084(us)!
[23:22:18.832] RX< [0m[34m[awb0 proc] perf=4282(us), max=
[23:22:19.825] RX< 4432(us)!
[23:22:19.825] RX< [0m[7] [cam] [575215][me0][me_core_thread:322]ME out fid 540
[23:22:19.825] RX< [RTMP] slow send frame 121 len=81792 dt=768ms (IDR)
[23:22:19.825] RX< [RTMP] slow send frame 149 len=12007 dt=110ms
[23:22:19.825] RX< [34m[AE] fid=570,exp=10000,adg=225,Y=4222,mtg=180,shg=100,bgbv=1644,iso=225,cnv2,hdr0
[23:22:20.398] RX< 
[23:22:20.398] RX< [0m[7] [cam] [576215][me0][me_core_thread:322]ME out fid 570
[23:22:20.398] RX< [RTMP] slow send frame 151 len=74682 dt=718ms (IDR)
[23:22:20.398] RX< [RTMP] dropped 120 p-frames (backlog 53%)
[23:22:20.398] RX< [RTMP] slow send frame 176 len=12044 dt=120ms
[23:22:20.398] RX< [RTMP] slow send frame 180 len=16508 dt=233ms
[23:22:20.398] RX< [RTMP] 
[23:22:21.172] RX< f_index = 180, f_len = 16508
[23:22:21.172] RX< [34m[AE] fid=600,exp=10000,adg=225,Y=4226,mtg=180,shg=100,bgbv=1648,iso=225,cnv2,hdr0
[23:22:21.172] RX< [0m[34m[ME INTP]fid=600, shutter=10000, perf=6(us), max=395(us)!
[23:22:21.172] RX< [0m[7] [cam] [577215][me0][me_core_thread:322]ME out fid 600
[23:22:21.172] RX< [RTMP] slo
[23:22:21.832] RX< w send frame 181 len=81746 dt=770ms (IDR)
[23:22:21.832] RX< [RTMP] dropped 150 p-frames (backlog 53%)
[23:22:21.832] RX< [34m[AE] fid=630,exp=10000,adg=225,Y=4239,mtg=180,shg=100,bgbv=1650,iso=225,cnv2,hdr0
[23:22:21.832] RX< [0m[34m[b_ae0 proc] perf=998(us), max=1091(us)!
[23:22:21.832] RX< [0m[34m[awb0 proc] perf=4383(us)
[23:22:22.825] RX< , max=4435(us)!
[23:22:22.825] RX< [0m[7] [cam] [578215][me0][me_core_thread:322]ME out fid 630
[23:22:22.825] RX< [RTMP] slow send frame 211 len=67686 dt=1165ms (IDR)
[23:22:22.825] RX< [RTMP] dropped 180 p-frames (backlog 77%)
[23:22:22.825] RX< [34m[AE] fid=660,exp=10000,adg=225,Y=4179,mtg=180,shg=100,bgbv=1631,iso=225,cnv2,h
[23:22:24.033] RX< dr0
[23:22:24.033] RX< [0m[7] [cam] [579215][me0][me_core_thread:322]ME out fid 660
[23:22:24.033] RX< [34m[AE] fid=690,exp=10000,adg=225,Y=4163,mtg=180,shg=100,bgbv=1627,iso=225,cnv2,hdr0
[23:22:24.033] RX< [0m[7] [cam] [580215][me0][me_core_thread:322]ME out fid 690
[23:22:24.033] RX< [RTMP] slow send frame 241 len=67271 dt=1
[23:22:24.829] RX< 666ms (IDR)
[23:22:24.829] RX< [RTMP] dropped 210 p-frames (backlog 80%)
[23:22:24.829] RX< [RTMP] f_index = 270, f_len = 17806
[23:22:24.829] RX< [34m[AE] fid=720,exp=10000,adg=225,Y=4117,mtg=180,shg=100,bgbv=1609,iso=225,cnv2,hdr0
[23:22:24.829] RX< [0m[34m[b_ae0 proc] perf=1082(us), max=1116(us)!
[23:22:24.829] RX< [0m[34m[awb0 proc] perf=4
[23:22:25.825] RX< 390(us), max=4439(us)!
[23:22:25.825] RX< [0m[34m[ME INTP]fid=720, shutter=10000, perf=6(us), max=1534(us)!
[23:22:25.825] RX< [0m[7] [cam] [581214][me0][me_core_thread:322]ME out fid 720
[23:22:25.825] RX< [RTMP] slow send frame 271 len=82970 dt=1462ms (IDR)
[23:22:25.825] RX< [RTMP] dropped 240 p-frames (backlog 81%)
[23:22:25.825] RX< [34m[AE
[23:22:26.947] RX< ] fid=750,exp=10000,adg=225,Y=4137,mtg=180,shg=100,bgbv=1614,iso=225,cnv2,hdr0
[23:22:26.947] RX< [0m[7] [cam] [582214][me0][me_core_thread:322]ME out fid 750
[23:22:26.947] RX< [34m[AE] fid=780,exp=10000,adg=225,Y=4151,mtg=180,shg=100,bgbv=1623,iso=225,cnv2,hdr0
[23:22:26.947] RX< [0m[RTMP] slow send frame 3
[23:22:27.533] RX< 01 len=75038 dt=1435ms (IDR)
[23:22:27.533] RX< [RTMP] dropped 270 p-frames (backlog 83%)
[23:22:27.533] RX< [7] [cam] [583214][me0][me_core_thread:322]ME out fid 780
[23:22:27.533] RX< [RTMP] slow send frame 331 len=75036 dt=566ms (IDR)
[23:22:27.533] RX< [RTMP] dropped 300 p-frames (backlog 81%)
[23:22:27.533] RX< [RTMP] f_index = 360, f_len = 181
[23:22:28.235] RX< 46
[23:22:28.235] RX< [34m[AE] fid=810,exp=10000,adg=225,Y=4152,mtg=180,shg=100,bgbv=1623,iso=225,cnv2,hdr0
[23:22:28.235] RX< [0m[34m[b_ae0 proc] perf=997(us), max=1082(us)!
[23:22:28.235] RX< [0m[34m[awb0 proc] perf=4393(us), max=4438(us)!
[23:22:28.235] RX< [0m[7] [cam] [584214][me0][me_core_thread:322]ME out fid 810
[23:22:28.235] RX< [RT
[23:22:28.933] RX< MP] slow send frame 361 len=82849 dt=697ms (IDR)
[23:22:28.933] RX< [RTMP] dropped 330 p-frames (backlog 80%)
[23:22:28.933] RX< [34m[AE] fid=840,exp=10000,adg=225,Y=4143,mtg=180,shg=100,bgbv=1618,iso=225,cnv2,hdr0
[23:22:28.933] RX< [0m[RTMP] slow send frame 391 len=83238 dt=676ms (IDR)
[23:22:28.933] RX< [RTMP] dropped 360 p-f
[23:22:29.298] RX< rames (backlog 79%)
[23:22:29.298] RX< [34m[ME INTP]fid=840, shutter=10000, perf=7(us), max=1591(us)!
[23:22:29.298] RX< [0m[7] [cam] [585214][me0][me_core_thread:322]ME out fid 840
[23:22:29.298] RX< [RTMP] slow send frame 421 len=61431 dt=352ms (IDR)
[23:22:29.298] RX< [RTMP] dropped 390 p-frames (backlog 76%)
[23:22:29.298] RX< [RTMP] f_index =
[23:22:30.013] RX<  450, f_len = 21325
[23:22:30.013] RX< [34m[AE] fid=870,exp=10000,adg=225,Y=4161,mtg=180,shg=100,bgbv=1623,iso=225,cnv2,hdr0
[23:22:30.013] RX< [0m[RTMP] slow send frame 451 len=84785 dt=564ms (IDR)
[23:22:30.013] RX< [RTMP] dropped 420 p-frames (backlog 73%)
[23:22:30.013] RX< [7] [cam] [586214][me0][me_core_thread:322]ME out f
[23:22:30.829] RX< id 870
[23:22:30.829] RX< [RTMP] slow send frame 481 len=77286 dt=925ms (IDR)
[23:22:30.829] RX< [RTMP] dropped 450 p-frames (backlog 72%)
[23:22:30.829] RX< [34m[AE] fid=900,exp=10000,adg=225,Y=4199,mtg=180,shg=100,bgbv=1636,iso=225,cnv2,hdr0
[23:22:30.829] RX< [0m[34m[b_ae0 proc] perf=966(us), max=1119(us)!
[23:22:30.829] RX< [0m[34m[awb0 pr
[23:22:32.824] RX< oc] perf=4357(us), max=4441(us)!
[23:22:32.824] RX< [0m[7] [cam] [587214][me0][me_core_thread:322]ME out fid 900
[23:22:32.824] RX< [34m[AE] fid=930,exp=10000,adg=225,Y=4202,mtg=180,shg=100,bgbv=1640,iso=225,cnv2,hdr0
[23:22:32.824] RX< [0m[7] [cam] [588214][me0][me_core_thread:322]ME out fid 930
[23:22:32.824] RX< [34m[AE] fi
[23:22:32.924] RX< d=960,exp=10000,adg=225,Y=4210,mtg=180,shg=100,bgbv=1640,iso=225,cnv2,hdr0
[23:22:32.924] RX< [0m[RTMP] slow send frame 511 len=75529 dt=2027ms (IDR)
[23:22:32.924] RX< [RTMP] dropped 480 p-frames (backlog 76%)
[23:22:32.924] RX< [RTMP] f_index = 540, f_len = 19782
[23:22:32.924] RX< [34m[ME INTP]fid=960, shutter=10000, perf=6(u
[23:22:33.828] RX< s), max=288(us)!
[23:22:33.828] RX< [0m[7] [cam] [589213][me0][me_core_thread:322]ME out fid 960
[23:22:33.828] RX< [34m[AE] fid=990,exp=10000,adg=225,Y=4217,mtg=180,shg=100,bgbv=1644,iso=225,cnv2,hdr0
[23:22:33.828] RX< [0m[34m[b_ae0 proc] perf=954(us), max=1088(us)!
[23:22:33.828] RX< [0m[34m[awb0 proc] perf=4379(us), max
[23:22:34.348] RX< =4442(us)!
[23:22:34.348] RX< [0m[RTMP] slow send frame 541 len=82040 dt=986ms (IDR)
[23:22:34.348] RX< [RTMP] dropped 510 p-frames (backlog 76%)
[23:22:34.348] RX< [7] [cam] [590213][me0][me_core_thread:322]ME out fid 990
[23:22:34.348] RX< [RTMP] slow send frame 571 len=68004 dt=490ms (IDR)
[23:22:34.348] RX< [RTMP] dropped 540 p-frames (backlog 
[23:22:35.255] RX< 74%)
[23:22:35.255] RX< [34m[AE] fid=1020,exp=10000,adg=225,Y=4216,mtg=180,shg=100,bgbv=1644,iso=225,cnv2,hdr0
[23:22:35.255] RX< [0m[7] [cam] [591213][me0][me_core_thread:322]ME out fid 1020
[23:22:35.255] RX< [RTMP] slow send frame 601 len=82759 dt=673ms (IDR)
[23:22:35.255] RX< [RTMP] slow send frame 618 len=13099 dt=115ms
[23:22:35.255] RX< [R
[23:22:35.823] RX< TMP] slow send frame 619 len=14157 dt=112ms
[23:22:35.823] RX< [RTMP] slow send frame 621 len=15513 dt=118ms
[23:22:35.823] RX< [RTMP] dropped 570 p-frames (backlog 51%)
[23:22:35.823] RX< [RTMP] slow send frame 626 len=26255 dt=241ms
[23:22:35.823] RX< [RTMP] f_index = 630, f_len = 12815
[23:22:35.823] RX< [34m[AE] fid=1050,exp=10000,adg=225,Y=421
[23:22:36.450] RX< 7,mtg=180,shg=100,bgbv=1644,iso=225,cnv2,hdr0
[23:22:36.450] RX< [0m[7] [cam] [592213][me0][me_core_thread:322]ME out fid 1050
[23:22:36.450] RX< [RTMP] slow send frame 631 len=72687 dt=614ms (IDR)
[23:22:36.450] RX< [RTMP] slow send frame 652 len=12560 dt=54ms
[23:22:36.450] RX< [RTMP] slow send frame 653 len=19338 dt=145ms
[23:22:36.450] RX< [RTM
[23:22:36.829] RX< P] dropped 600 p-frames (backlog 51%)
[23:22:36.829] RX< [RTMP] slow send frame 658 len=18650 dt=212ms
[23:22:36.829] RX< [34m[AE] fid=1080,exp=10000,adg=225,Y=4212,mtg=180,shg=100,bgbv=1640,iso=225,cnv2,hdr0
[23:22:36.829] RX< [0m[34m[b_ae0 proc] perf=995(us), max=1087(us)!
[23:22:36.829] RX< [0m[34m[awb0 proc] perf=4391(us
[23:22:37.521] RX< ), max=4440(us)!
[23:22:37.521] RX< [0m[34m[ME INTP]fid=1080, shutter=10000, perf=6(us), max=256(us)!
[23:22:37.521] RX< [0m[7] [cam] [593213][me0][me_core_thread:322]ME out fid 1080
[23:22:37.521] RX< [RTMP] slow send frame 661 len=75948 dt=784ms (IDR)
[23:22:37.521] RX< [RTMP] slow send frame 688 len=15475 dt=62ms
[23:22:37.521] RX< [RTMP] drop
[23:22:38.550] RX< ped 630 p-frames (backlog 51%)
[23:22:38.550] RX< [34m[AE] fid=1110,exp=10000,adg=225,Y=4200,mtg=180,shg=100,bgbv=1640,iso=225,cnv2,hdr0
[23:22:38.550] RX< [0m[7] [cam] [594213][me0][me_core_thread:322]ME out fid 1110
[23:22:38.550] RX< [RTMP] slow send frame 691 len=73503 dt=839ms (IDR)
[23:22:38.550] RX< [RTMP] slow send frame
[23:22:39.403] RX<  714 len=13861 dt=178ms
[23:22:39.403] RX< [RTMP] f_index = 720, f_len = 14011
[23:22:39.403] RX< [34m[AE] fid=1140,exp=10000,adg=225,Y=4183,mtg=180,shg=100,bgbv=1631,iso=225,cnv2,hdr0
[23:22:39.403] RX< [0m[7] [cam] [595213][me0][me_core_thread:322]ME out fid 1140
[23:22:39.403] RX< [RTMP] slow send frame 721 len=74063 dt=851ms
[23:22:39.829] RX<  (IDR)
[23:22:39.829] RX< [RTMP] dropped 660 p-frames (backlog 53%)
[23:22:39.829] RX< [RTMP] slow send frame 746 len=13545 dt=387ms
[23:22:39.829] RX< [34m[AE] fid=1170,exp=10000,adg=225,Y=4158,mtg=180,shg=100,bgbv=1623,iso=225,cnv2,hdr0
[23:22:39.829] RX< [0m[34m[b_ae0 proc] perf=1009(us), max=1108(us)!
[23:22:39.829] RX< [0m[34m[awb0 proc] 
[23:22:40.823] RX< perf=4284(us), max=4438(us)!
[23:22:40.823] RX< [0m[7] [cam] [596212][me0][me_core_thread:322]ME out fid 1170
[23:22:40.823] RX< [RTMP] slow send frame 751 len=82793 dt=737ms (IDR)
[23:22:40.823] RX< [RTMP] dropped 690 p-frames (backlog 53%)
[23:22:40.823] RX< [RTMP] slow send frame 780 len=20849 dt=171ms
[23:22:40.823] RX< [34m[AE] fid=1200,exp=1
[23:22:41.723] RX< 0000,adg=225,Y=4129,mtg=180,shg=100,bgbv=1614,iso=225,cnv2,hdr0
[23:22:41.723] RX< [0m[34m[ME INTP]fid=1200, shutter=10000, perf=6(us), max=289(us)!
[23:22:41.723] RX< [0m[7] [cam] [597212][me0][me_core_thread:322]ME out fid 1200
[23:22:41.723] RX< [RTMP] slow send frame 781 len=83066 dt=1014ms (IDR)
[23:22:41.723] RX< [RTMP] d
[23:22:42.382] RX< ropped 720 p-frames (backlog 54%)
[23:22:42.382] RX< [RTMP] f_index = 810, f_len = 10914
[23:22:42.382] RX< [34m[AE] fid=1230,exp=10000,adg=225,Y=4152,mtg=180,shg=100,bgbv=1623,iso=225,cnv2,hdr0
[23:22:42.382] RX< [0m[7] [cam] [598212][me0][me_core_thread:322]ME out fid 1230
[23:22:42.382] RX< [RTMP] slow send frame 811 len=6561
[23:22:43.003] RX< 3 dt=631ms (IDR)
[23:22:43.003] RX< [RTMP] dropped 750 p-frames (backlog 76%)
[23:22:43.003] RX< [34m[AE] fid=1260,exp=10000,adg=225,Y=4189,mtg=180,shg=100,bgbv=1636,iso=225,cnv2,hdr0
[23:22:43.003] RX< [0m[34m[b_ae0 proc] perf=945(us), max=1107(us)!
[23:22:43.003] RX< [0m[34m[awb0 proc] perf=4266(us), max=4438(us)!
[23:22:43.003] RX< [0m[7] 
[23:22:43.999] RX< [cam] [599212][me0][me_core_thread:322]ME out fid 1260
[23:22:43.999] RX< [RTMP] slow send frame 841 len=61708 dt=1231ms (IDR)
[23:22:43.999] RX< [RTMP] dropped 780 p-frames (backlog 76%)
[23:22:43.999] RX< [34m[AE] fid=1290,exp=10000,adg=225,Y=4210,mtg=180,shg=100,bgbv=1640,iso=225,cnv2,hdr0
[23:22:43.999] RX< [0m[7] [cam] [600
[23:22:45.003] RX< 212][me0][me_core_thread:322]ME out fid 1290
[23:22:45.003] RX< [34m[AE] fid=1320,exp=10000,adg=225,Y=4214,mtg=180,shg=100,bgbv=1644,iso=225,cnv2,hdr0
[23:22:45.003] RX< [0m[34m[ME INTP]fid=1320, shutter=10000, perf=6(us), max=289(us)!
[23:22:45.003] RX< [0m[7] [cam] [601212][me0][me_core_thread:322]ME out f
[23:22:46.003] RX< id 1320
[23:22:46.003] RX< [34m[AE] fid=1350,exp=10000,adg=225,Y=4213,mtg=180,shg=100,bgbv=1644,iso=225,cnv2,hdr0
[23:22:46.003] RX< [0m[34m[b_ae0 proc] perf=934(us), max=1086(us)!
[23:22:46.003] RX< [0m[34m[awb0 proc] perf=4381(us), max=4438(us)!
[23:22:46.003] RX< [0m[7] [cam] [602212][me0][me_core_thread:322]ME out fid 1
[23:22:47.011] RX< 350
[23:22:47.011] RX< [34m[AE] fid=1380,exp=10000,adg=225,Y=4213,mtg=180,shg=100,bgbv=1644,iso=225,cnv2,hdr0
[23:22:47.011] RX< [0m[RTMP] slow send frame 871 len=76375 dt=3206ms (IDR)
[23:22:47.011] RX< [RTMP] dropped 810 p-frames (backlog 84%)
[23:22:47.011] RX< [RTMP] f_index = 900, f_len = 19427
[23:22:47.011] RX< [7] [cam] [603211][me0][me_co
[23:22:48.302] RX< re_thread:322]ME out fid 1380
[23:22:48.302] RX< [34m[AE] fid=1410,exp=10000,adg=225,Y=4212,mtg=180,shg=100,bgbv=1640,iso=225,cnv2,hdr0
[23:22:48.302] RX< [0m[7] [cam] [604211][me0][me_core_thread:322]ME out fid 1410
[23:22:48.302] RX< [RTMP] slow send frame 901 len=83955 dt=1447ms (IDR)
[23:22:48.302] RX< [RTMP] dropped 840 p-f
[23:22:48.921] RX< rames (backlog 86%)
[23:22:48.921] RX< [34m[AE] fid=1440,exp=10000,adg=225,Y=4214,mtg=180,shg=100,bgbv=1644,iso=225,cnv2,hdr0
[23:22:48.921] RX< [0m[34m[b_ae0 proc] perf=973(us), max=1101(us)!
[23:22:48.921] RX< [0m[34m[awb0 proc] perf=4420(us), max=4442(us)!
[23:22:48.921] RX< [0m[34m[ME INTP]fid=1440, shutter=10000, perf
[23:22:49.822] RX< =123(us), max=407(us)!
[23:22:49.822] RX< [0m[7] [cam] [605211][me0][me_core_thread:322]ME out fid 1440
[23:22:49.822] RX< [RTMP] slow send frame 931 len=82970 dt=1060ms (IDR)
[23:22:49.822] RX< [RTMP] dropped 870 p-frames (backlog 86%)
[23:22:49.822] RX< [34m[AE] fid=1470,exp=10000,adg=225,Y=4214,mtg=180,shg=100,bgbv=1644,iso=2
[23:22:50.822] RX< 25,cnv2,hdr0
[23:22:50.822] RX< [0m[7] [cam] [606211][me0][me_core_thread:322]ME out fid 1470
[23:22:50.822] RX< [RTMP] slow send frame 961 len=74326 dt=1350ms (IDR)
[23:22:50.822] RX< [RTMP] dropped 900 p-frames (backlog 87%)
[23:22:50.822] RX< [RTMP] f_index = 990, f_len = 17505
[23:22:50.822] RX< [34m[AE] fid=1500,exp=10000,adg=225,Y=4213,mtg=1
[23:22:51.826] RX< 80,shg=100,bgbv=1644,iso=225,cnv2,hdr0
[23:22:51.826] RX< [0m[7] [cam] [607211][me0][me_core_thread:322]ME out fid 1500
[23:22:51.826] RX< [RTMP] slow send frame 991 len=84230 dt=749ms (IDR)
[23:22:51.826] RX< [RTMP] dropped 930 p-frames (backlog 86%)
[23:22:51.826] RX< [34m[AE] fid=1530,exp=10000,adg=225,Y=4211,mtg=180,shg=100,
[23:22:52.001] RX< bgbv=1640,iso=225,cnv2,hdr0
[23:22:52.001] RX< [0m[34m[b_ae0 proc] perf=949(us), max=1104(us)!
[23:22:52.001] RX< [0m[34m[awb0 proc] perf=4380(us), max=4438(us)!
[23:22:52.001] RX< [0m[RTMP] slow send frame 1021 len=68282 dt=473ms (IDR)
[23:22:52.001] RX< [RTMP] dropped 960 p-frames (backlog 84%)
[23:22:52.001] RX< [7] [cam] [608211][me0][me_c
[23:22:52.921] RX< ore_thread:322]ME out fid 1530
[23:22:52.921] RX< [RTMP] slow send frame 1051 len=84186 dt=709ms (IDR)
[23:22:52.921] RX< [RTMP] dropped 990 p-frames (backlog 83%)
[23:22:52.921] RX< [RTMP] f_index = 1080, f_len = 18314
[23:22:52.921] RX< [34m[AE] fid=1560,exp=10000,adg=225,Y=4210,mtg=180,shg=100,bgbv=1640,iso=225,cnv2,hdr0
[23:22:52.921] RX< [0m
[23:22:53.998] RX< [34m[ME INTP]fid=1560, shutter=10000, perf=6(us), max=289(us)!
[23:22:53.998] RX< [0m[7] [cam] [609211][me0][me_core_thread:322]ME out fid 1560
[23:22:53.998] RX< [34m[AE] fid=1590,exp=10000,adg=225,Y=4210,mtg=180,shg=100,bgbv=1640,iso=225,cnv2,hdr0
[23:22:53.998] RX< [0m[7] [cam] [610211][me0][me_core_thread
[23:22:54.826] RX< :322]ME out fid 1590
[23:22:54.826] RX< [RTMP] slow send frame 1081 len=84177 dt=1307ms (IDR)
[23:22:54.826] RX< [RTMP] dropped 1020 p-frames (backlog 85%)
[23:22:54.826] RX< [RTMP] slow send frame 1111 len=75552 dt=642ms (IDR)
[23:22:54.826] RX< [RTMP] dropped 1050 p-frames (backlog 83%)
[23:22:54.826] RX< [34m[AE] fid=1620,exp=10000,adg=225,Y=421
[23:22:55.482] RX< 2,mtg=180,shg=100,bgbv=1640,iso=225,cnv2,hdr0
[23:22:55.482] RX< [0m[34m[b_ae0 proc] perf=1059(us), max=1100(us)!
[23:22:55.482] RX< [0m[34m[awb0 proc] perf=4382(us), max=4443(us)!
[23:22:55.482] RX< [0m[7] [cam] [611210][me0][me_core_thread:322]ME out fid 1620
[23:22:55.482] RX< [RTMP] slow send frame 1141 len=76134 dt=808m
[23:22:56.484] RX< s (IDR)
[23:22:56.484] RX< [RTMP] dropped 1080 p-frames (backlog 82%)
[23:22:56.484] RX< [RTMP] f_index = 1170, f_len = 18668
[23:22:56.484] RX< [34m[AE] fid=1650,exp=10000,adg=225,Y=4212,mtg=180,shg=100,bgbv=1640,iso=225,cnv2,hdr0
[23:22:56.484] RX< [0m[7] [cam] [612210][me0][me_core_thread:322]ME out fid 1650
[23:22:56.484] RX< [RTMP] slow send 
[23:22:57.001] RX< frame 1171 len=82622 dt=973ms (IDR)
[23:22:57.001] RX< [RTMP] dropped 1110 p-frames (backlog 82%)
[23:22:57.001] RX< [34m[AE] fid=1680,exp=10000,adg=225,Y=4212,mtg=180,shg=100,bgbv=1640,iso=225,cnv2,hdr0
[23:22:57.001] RX< [0m[34m[ME INTP]fid=1680, shutter=10000, perf=7(us), max=356(us)!
[23:22:57.001] RX< [0m[7] [cam] [613210
[23:22:57.825] RX< ][me0][me_core_thread:322]ME out fid 1680
[23:22:57.825] RX< [RTMP] slow send frame 1201 len=84712 dt=870ms (IDR)
[23:22:57.825] RX< [RTMP] dropped 1140 p-frames (backlog 81%)
[23:22:57.825] RX< [34m[AE] fid=1710,exp=10000,adg=225,Y=4214,mtg=180,shg=100,bgbv=1644,iso=225,cnv2,hdr0
[23:22:57.825] RX< [0m[34m[b_ae0 proc] perf=100
[23:22:58.030] RX< 8(us), max=1088(us)!
[23:22:58.030] RX< [0m[34m[awb0 proc] perf=4366(us), max=4444(us)!
[23:22:58.030] RX< [0m[7] [cam] [614210][me0][me_core_thread:322]ME out fid 1710
[23:22:58.030] RX< [RTMP] slow send frame 1231 len=74968 dt=648ms (IDR)
[23:22:58.030] RX< [RTMP] dropped 1170 p-frames (backlog 57%)
[23:22:58.030] RX< [RTMP] f_index = 1260, f_
[23:22:58.997] RX< len = 5581
[23:22:58.997] RX< [RTMP] slow send frame 1261 len=61798 dt=564ms (IDR)
[23:22:58.997] RX< [RTMP] dropped 1200 p-frames (backlog 55%)
[23:22:58.997] RX< [34m[AE] fid=1740,exp=10000,adg=225,Y=4214,mtg=180,shg=100,bgbv=1644,iso=225,cnv2,hdr0
[23:22:58.997] RX< [0m[7] [cam] [615210][me0][me_core_thread:322]ME out fid 174
[23:23:00.029] RX< 0
[23:23:00.029] RX< [RTMP] slow send frame 1291 len=84450 dt=805ms (IDR)
[23:23:00.029] RX< [RTMP] dropped 1230 p-frames (backlog 55%)
[23:23:00.029] RX< [34m[AE] fid=1770,exp=10000,adg=225,Y=4217,mtg=180,shg=100,bgbv=1644,iso=225,cnv2,hdr0
[23:23:00.029] RX< [0m[7] [cam] [616210][me0][me_core_thread:322]ME out fid 1770
[23:23:00.029] RX< [RTMP] 
[23:23:00.825] RX< slow send frame 1321 len=76193 dt=614ms (IDR)
[23:23:00.825] RX< [RTMP] dropped 1260 p-frames (backlog 53%)
[23:23:00.825] RX< [RTMP] f_index = 1350, f_len = 11637
[23:23:00.825] RX< [34m[AE] fid=1800,exp=10000,adg=225,Y=4220,mtg=180,shg=100,bgbv=1644,iso=225,cnv2,hdr0
[23:23:00.825] RX< [0m[34m[b_ae0 proc] perf=946(us), max=11
[23:23:01.095] RX< 08(us)!
[23:23:01.095] RX< [0m[34m[awb0 proc] perf=4381(us), max=4443(us)!
[23:23:01.095] RX< [0m[34m[ME INTP]fid=1800, shutter=10000, perf=5(us), max=238(us)!
[23:23:01.095] RX< [0m[7] [cam] [617210][me0][me_core_thread:322]ME out fid 1800
[23:23:01.095] RX< [RTMP] slow send frame 1351 len=76853 dt=1041ms (IDR)
[23:23:01.095] RX< [RTMP] dropp
[23:23:01.996] RX< ed 1290 p-frames (backlog 53%)
[23:23:01.996] RX< [34m[AE] fid=1830,exp=10000,adg=225,Y=4215,mtg=180,shg=100,bgbv=1644,iso=225,cnv2,hdr0
[23:23:01.996] RX< [0m[RTMP] slow send frame 1381 len=76249 dt=770ms (IDR)
[23:23:01.996] RX< [RTMP] dropped 1320 p-frames (backlog 52%)
[23:23:01.996] RX< [7] [cam] [618209][me0][me_core_threa
[23:23:02.996] RX< d:322]ME out fid 1830
[23:23:02.996] RX< [RTMP] slow send frame 1411 len=75937 dt=831ms (IDR)
[23:23:02.996] RX< [RTMP] dropped 1350 p-frames (backlog 51%)
[23:23:02.996] RX< [RTMP] f_index = 1440, f_len = 17980
[23:23:02.996] RX< [34m[AE] fid=1860,exp=10000,adg=225,Y=4216,mtg=180,shg=100,bgbv=1644,iso=225,cnv2,hdr0
[23:23:02.996] RX< [0m[7] [cam]
[23:23:04.001] RX<  [619209][me0][me_core_thread:322]ME out fid 1860
[23:23:04.001] RX< [34m[AE] fid=1890,exp=10000,adg=225,Y=4218,mtg=180,shg=100,bgbv=1644,iso=225,cnv2,hdr0
[23:23:04.001] RX< [0m[34m[b_ae0 proc] perf=1084(us), max=1115(us)!
[23:23:04.001] RX< [0m[34m[awb0 proc] perf=4297(us), max=4443(us)!
[23:23:04.001] RX< [0m[7] [cam] [6
[23:23:04.920] RX< 20209][me0][me_core_thread:322]ME out fid 1890
[23:23:04.920] RX< [RTMP] slow send frame 1441 len=84877 dt=2060ms (IDR)
[23:23:04.920] RX< [RTMP] dropped 1380 p-frames (backlog 78%)
[23:23:04.920] RX< [34m[AE] fid=1920,exp=10000,adg=225,Y=4218,mtg=180,shg=100,bgbv=1644,iso=225,cnv2,hdr0
[23:23:04.920] RX< [0m[34m[ME INTP]fid=19
[23:23:05.996] RX< 20, shutter=10000, perf=7(us), max=7(us)!
[23:23:05.996] RX< [0m[7] [cam] [621209][me0][me_core_thread:322]ME out fid 1920
[23:23:05.996] RX< [34m[AE] fid=1950,exp=10000,adg=225,Y=4218,mtg=180,shg=100,bgbv=1644,iso=225,cnv2,hdr0
[23:23:05.996] RX< [0m[7] [cam] [622209][me0][me_core_thread:322]ME out fid 1950
[23:23:07.349] RX< [34m[AE] fid=1980,exp=10000,adg=225,Y=4217,mtg=180,shg=100,bgbv=1644,iso=225,cnv2,hdr0
[23:23:07.349] RX< [0m[34m[b_ae0 proc] perf=1011(us), max=1105(us)!
[23:23:07.349] RX< [0m[34m[awb0 proc] perf=4377(us), max=4447(us)!
[23:23:07.349] RX< [0m[7] [cam] [623209][me0][me_core_thread:322]ME out fid 1980
[23:23:07.349] RX< [RT
[23:23:08.819] RX< MP] slow send frame 1471 len=84170 dt=2535ms (IDR)
[23:23:08.819] RX< [RTMP] dropped 1410 p-frames (backlog 84%)
[23:23:08.819] RX< [34m[AE] fid=2010,exp=10000,adg=225,Y=4218,mtg=180,shg=100,bgbv=1644,iso=225,cnv2,hdr0
[23:23:08.819] RX< [0m[7] [cam] [624209][me0][me_core_thread:322]ME out fid 2010
[23:23:08.819] RX< [34m[AE] f
[23:23:09.824] RX< id=2040,exp=10000,adg=225,Y=4216,mtg=180,shg=100,bgbv=1644,iso=225,cnv2,hdr0
[23:23:09.824] RX< [0m[34m[ME INTP]fid=2040, shutter=10000, perf=7(us), max=117(us)!
[23:23:09.824] RX< [0m[7] [cam] [625208][me0][me_core_thread:322]ME out fid 2040
[23:23:09.824] RX< [34m[AE] fid=2070,exp=10000,adg=225,Y=4217,mtg=
[23:23:10.108] RX< 180,shg=100,bgbv=1644,iso=225,cnv2,hdr0
[23:23:10.108] RX< [0m[34m[b_ae0 proc] perf=948(us), max=1118(us)!
[23:23:10.108] RX< [0m[34m[awb0 proc] perf=4416(us), max=4450(us)!
[23:23:10.108] RX< [0m[7] [cam] [626208][me0][me_core_thread:322]ME out fid 2070
[23:23:10.108] RX< [RTMP] slow send frame 1501 len=84912 dt=2747ms (IDR
[23:23:11.139] RX< )
[23:23:11.139] RX< [RTMP] dropped 1440 p-frames (backlog 91%)
[23:23:11.139] RX< [RTMP] f_index = 1530, f_len = 7203
[23:23:11.139] RX< [34m[AE] fid=2100,exp=10000,adg=225,Y=4223,mtg=180,shg=100,bgbv=1644,iso=225,cnv2,hdr0
[23:23:11.139] RX< [0m[7] [cam] [627208][me0][me_core_thread:322]ME out fid 2100
[23:23:11.139] RX< [RTMP] slow send frame 
[23:23:12.035] RX< 1531 len=68295 dt=1043ms (IDR)
[23:23:12.035] RX< [34m[AE] fid=2130,exp=10000,adg=225,Y=4228,mtg=180,shg=100,bgbv=1648,iso=225,cnv2,hdr0
[23:23:12.035] RX< [0m[7] [cam] [628208][me0][me_core_thread:322]ME out fid 2130
[23:23:12.035] RX< [RTMP] slow send frame 1561 len=77020 dt=870ms (IDR)
[23:23:12.035] RX< [RTMP] dropped 1470 p
[23:23:12.919] RX< -frames (backlog 94%)
[23:23:12.919] RX< [34m[AE] fid=2160,exp=10000,adg=225,Y=4236,mtg=180,shg=100,bgbv=1648,iso=225,cnv2,hdr0
[23:23:12.919] RX< [0m[34m[b_ae0 proc] perf=954(us), max=1092(us)!
[23:23:12.919] RX< [0m[34m[awb0 proc] perf=4261(us), max=4438(us)!
[23:23:12.919] RX< [0m[34m[ME INTP]fid=2160, shutter=10000, pe
[23:23:13.825] RX< rf=6(us), max=14570(us)!
[23:23:13.825] RX< [0m[7] [cam] [629208][me0][me_core_thread:322]ME out fid 2160
[23:23:13.825] RX< [34m[AE] fid=2190,exp=10000,adg=225,Y=4250,mtg=180,shg=100,bgbv=1657,iso=225,cnv2,hdr0
[23:23:13.825] RX< [0m[RTMP] slow send frame 1591 len=85048 dt=1776ms (IDR)
[23:23:13.825] RX< [RTMP] dropped 1500 p-
[23:23:14.818] RX< frames (backlog 96%)
[23:23:14.818] RX< [RTMP] f_index = 1620, f_len = 17638
[23:23:14.818] RX< [7] [cam] [630208][me0][me_core_thread:322]ME out fid 2190
[23:23:14.818] RX< [RTMP] slow send frame 1621 len=84379 dt=747ms (IDR)
[23:23:14.818] RX< [RTMP] dropped 1530 p-frames (backlog 95%)
[23:23:14.818] RX< [34m[AE] fid=2220,exp=10000,adg=225,Y=4254
[23:23:15.823] RX< ,mtg=180,shg=100,bgbv=1657,iso=225,cnv2,hdr0
[23:23:15.823] RX< [0m[7] [cam] [631208][me0][me_core_thread:322]ME out fid 2220
[23:23:15.823] RX< [RTMP] slow send frame 1651 len=84557 dt=586ms (IDR)
[23:23:15.823] RX< [RTMP] dropped 1560 p-frames (backlog 94%)
[23:23:15.823] RX< [34m[AE] fid=2250,exp=10000,adg=225,Y=4261,mtg=180,
[23:23:16.151] RX< shg=100,bgbv=1657,iso=225,cnv2,hdr0
[23:23:16.151] RX< [0m[34m[b_ae0 proc] perf=1010(us), max=1098(us)!
[23:23:16.151] RX< [0m[34m[awb0 proc] perf=4372(us), max=4441(us)!
[23:23:16.151] RX< [0m[7] [cam] [632208][me0][me_core_thread:322]ME out fid 2250
[23:23:16.151] RX< [RTMP] slow send frame 1681 len=75484 dt=947ms (IDR)
[23:23:16.151] RX< [R
[23:23:16.882] RX< TMP] dropped 1590 p-frames (backlog 93%)
[23:23:16.882] RX< [RTMP] f_index = 1710, f_len = 11772
[23:23:16.882] RX< [34m[AE] fid=2280,exp=10000,adg=225,Y=4270,mtg=180,shg=100,bgbv=1661,iso=225,cnv2,hdr0
[23:23:16.882] RX< [0m[RTMP] slow send frame 1711 len=76962 dt=727ms (IDR)
[23:23:16.882] RX< [RTMP] dropped 1620 p-frames (bac
[23:23:17.850] RX< klog 92%)
[23:23:17.850] RX< [34m[ME INTP]fid=2280, shutter=10000, perf=6(us), max=397(us)!
[23:23:17.850] RX< [0m[7] [cam] [633207][me0][me_core_thread:322]ME out fid 2280
[23:23:17.850] RX< [34m[AE] fid=2310,exp=10280,adg=219,Y=4314,mtg=180,shg=100,bgbv=1675,iso=219,cnv2,hdr0
[23:23:17.850] RX< [0m[RTMP] slow send frame 1741
[23:23:18.735] RX<  len=84678 dt=971ms (IDR)
[23:23:18.735] RX< [RTMP] dropped 1650 p-frames (backlog 92%)
[23:23:18.735] RX< [7] [cam] [634207][me0][me_core_thread:322]ME out fid 2310
[23:23:18.735] RX< [RTMP] slow send frame 1771 len=84419 dt=850ms (IDR)
[23:23:18.735] RX< [RTMP] dropped 1680 p-frames (backlog 91%)
[23:23:18.735] RX< [RTMP] f_index = 1800, f_len = 1
[23:23:19.000] RX< 1186
[23:23:19.000] RX< [34m[AE] fid=2340,exp=10280,adg=219,Y=4316,mtg=180,shg=100,bgbv=1675,iso=219,cnv2,hdr0
[23:23:19.000] RX< [0m[34m[b_ae0 proc] perf=941(us), max=1118(us)!
[23:23:19.000] RX< [0m[34m[awb0 proc] perf=4262(us), max=4437(us)!
[23:23:19.000] RX< [0m[7] [cam] [635207][me0][me_core_thread:322]ME out fid 2340
[23:23:20.920] RX< 
[23:23:20.920] RX< [34m[AE] fid=2370,exp=10280,adg=219,Y=4316,mtg=180,shg=100,bgbv=1675,iso=219,cnv2,hdr0
[23:23:20.920] RX< [0m[7] [cam] [636207][me0][me_core_thread:322]ME out fid 2370
[23:23:20.920] RX< [34m[AE] fid=2400,exp=10280,adg=219,Y=4317,mtg=180,shg=100,bgbv=1675,iso=219,cnv2,hdr0
[23:23:20.920] RX< [0m[34m[ME INT
[23:23:21.675] RX< P]fid=2400, shutter=10280, perf=1423(us), max=1555(us)!
[23:23:21.675] RX< [0m[7] [cam] [637207][me0][me_core_thread:322]ME out fid 2400
[23:23:21.675] RX< [ringbuf] no space data_len=14848
[23:23:21.675] RX< [3] [App Vpu] RINGBUF: write fail, size = 14659 space is not enough
[23:23:21.675] RX< [ringbuf] no space data_len=15872
[23:23:21.741] RX< [3] [App Vpu] RINGBUF: write fail, size = 15741 space is not enough
[23:23:21.741] RX< [ringbuf] no space data_len=14848
[23:23:21.741] RX< [3] [App Vpu] RINGBUF: write fail, size = 14783 space is not enough
[23:23:21.741] RX< [ringbuf] no space data_len=14848
[23:23:21.741] RX< [3] [App Vpu] RINGBUF: write fail, size = 14828 sp
[23:23:21.824] RX< ace is not enough
[23:23:21.824] RX< [ringbuf] no space data_len=14848
[23:23:21.824] RX< [3] [App Vpu] RINGBUF: write fail, size = 14706 space is not enough
[23:23:21.824] RX< [ringbuf] no space data_len=15872
[23:23:21.824] RX< [3] [App Vpu] RINGBUF: write fail, size = 15749 space is not enough
[23:23:21.824] RX< [34m[AE] fid=2430,exp=10280,ad
[23:23:21.841] RX< g=219,Y=4320,mtg=180,shg=100,bgbv=1675,iso=219,cnv2,hdr0
[23:23:21.841] RX< [0m[34m[b_ae0 proc] perf=960(us), max=1121(us)!
[23:23:21.841] RX< [0m[34m[awb0 proc] perf=4414(us), max=4435(us)!
[23:23:21.841] RX< [0m[ringbuf] no space data_len=14848
[23:23:21.841] RX< [3] [App Vpu] RINGBUF: write fail, size = 14620 space is not
[23:23:21.942] RX<  enough
[23:23:21.942] RX< [ringbuf] no space data_len=14848
[23:23:21.942] RX< [3] [App Vpu] RINGBUF: write fail, size = 14642 space is not enough
[23:23:21.942] RX< [ringbuf] no space data_len=14848
[23:23:21.942] RX< [3] [App Vpu] RINGBUF: write fail, size = 14530 space is not enough
[23:23:21.942] RX< [ringbuf] no space data_len=15360
[23:23:21.942] RX< [3] [Ap
[23:23:22.008] RX< p Vpu] RINGBUF: write fail, size = 14860 space is not enough
[23:23:22.008] RX< [ringbuf] no space data_len=14848
[23:23:22.008] RX< [3] [App Vpu] RINGBUF: write fail, size = 14507 space is not enough
[23:23:22.008] RX< [7] [cam] [638207][me0][me_core_thread:322]ME out fid 2430
[23:23:22.008] RX< [ringbuf] no space data_len=5990
[23:23:22.074] RX< 4
[23:23:22.074] RX< [3] [App Vpu] RINGBUF: write fail, size = 59783 space is not enough
[23:23:22.074] RX< [ringbuf] no space data_len=23552
[23:23:22.074] RX< [3] [App Vpu] RINGBUF: write fail, size = 23446 space is not enough
[23:23:22.074] RX< [ringbuf] no space data_len=12800
[23:23:22.074] RX< [3] [App Vpu] RINGBUF: write fail, size = 12754 
[23:23:22.174] RX< space is not enough
[23:23:22.174] RX< [ringbuf] no space data_len=15360
[23:23:22.174] RX< [3] [App Vpu] RINGBUF: write fail, size = 15159 space is not enough
[23:23:22.174] RX< [ringbuf] no space data_len=16384
[23:23:22.174] RX< [3] [App Vpu] RINGBUF: write fail, size = 16078 space is not enough
[23:23:22.174] RX< [ringbuf] no space data_len=1
[23:23:22.241] RX< 5360
[23:23:22.241] RX< [3] [App Vpu] RINGBUF: write fail, size = 15204 space is not enough
[23:23:22.241] RX< [ringbuf] no space data_len=15360
[23:23:22.241] RX< [3] [App Vpu] RINGBUF: write fail, size = 15026 space is not enough
[23:23:22.241] RX< [ringbuf] no space data_len=14336
[23:23:22.241] RX< [3] [App Vpu] RINGBUF: write fail, size = 140
[23:23:22.354] RX< 08 space is not enough
[23:23:22.354] RX< [ringbuf] no space data_len=15872
[23:23:22.354] RX< [3] [App Vpu] RINGBUF: write fail, size = 15378 space is not enough
[23:23:22.354] RX< [ringbuf] no space data_len=15360
[23:23:22.354] RX< [3] [App Vpu] RINGBUF: write fail, size = 15352 space is not enough
[23:23:22.354] RX< [ringbuf] no space data_le
[23:23:22.818] RX< n=16896
[23:23:22.818] RX< [3] [App Vpu] RINGBUF: write fail, size = 16503 space is not enough
[23:23:22.818] RX< [RTMP] slow send frame 1801 len=76566 dt=3614ms (IDR)
[23:23:22.818] RX< [RTMP] dropped 1710 p-frames (backlog 98%)
[23:23:22.818] RX< [34m[AE] fid=2460,exp=10280,adg=219,Y=4320,mtg=180,shg=100,bgbv=1675,iso=219,cnv2
[23:23:23.407] RX< ,hdr0
[23:23:23.407] RX< [0m[7] [cam] [639207][me0][me_core_thread:322]ME out fid 2460
[23:23:23.407] RX< [ringbuf] no space data_len=14848
[23:23:23.407] RX< [3] [App Vpu] RINGBUF: write fail, size = 14643 space is not enough
[23:23:23.407] RX< [ringbuf] no space data_len=16384
[23:23:23.407] RX< [3] [App Vpu] RINGBUF: write fail, size = 15938 sp
[23:23:23.507] RX< ace is not enough
[23:23:23.507] RX< [ringbuf] no space data_len=15360
[23:23:23.507] RX< [3] [App Vpu] RINGBUF: write fail, size = 15190 space is not enough
[23:23:23.507] RX< [ringbuf] no space data_len=15360
[23:23:23.507] RX< [3] [App Vpu] RINGBUF: write fail, size = 14976 space is not enough
[23:23:23.507] RX< [ringbuf] no space data_len=148
[23:23:23.574] RX< 48
[23:23:23.574] RX< [3] [App Vpu] RINGBUF: write fail, size = 14803 space is not enough
[23:23:23.574] RX< [ringbuf] no space data_len=14336
[23:23:23.574] RX< [3] [App Vpu] RINGBUF: write fail, size = 14117 space is not enough
[23:23:23.574] RX< [ringbuf] no space data_len=15360
[23:23:23.574] RX< [3] [App Vpu] RINGBUF: write fail, size = 15194
[23:23:23.674] RX<  space is not enough
[23:23:23.674] RX< [ringbuf] no space data_len=16384
[23:23:23.674] RX< [3] [App Vpu] RINGBUF: write fail, size = 16298 space is not enough
[23:23:23.674] RX< [ringbuf] no space data_len=14848
[23:23:23.674] RX< [3] [App Vpu] RINGBUF: write fail, size = 14599 space is not enough
[23:23:23.674] RX< [ringbuf] no space data_len=
[23:23:23.740] RX< 15360
[23:23:23.740] RX< [3] [App Vpu] RINGBUF: write fail, size = 14869 space is not enough
[23:23:23.740] RX< [ringbuf] no space data_len=15360
[23:23:23.740] RX< [3] [App Vpu] RINGBUF: write fail, size = 14946 space is not enough
[23:23:23.740] RX< [ringbuf] no space data_len=16384
[23:23:23.740] RX< [3] [App Vpu] RINGBUF: write fail, size = 16
[23:23:23.817] RX< 299 space is not enough
[23:23:23.817] RX< [ringbuf] no space data_len=15872
[23:23:23.817] RX< [3] [App Vpu] RINGBUF: write fail, size = 15411 space is not enough
[23:23:23.817] RX< [ringbuf] no space data_len=16384
[23:23:23.817] RX< [3] [App Vpu] RINGBUF: write fail, size = 15943 space is not enough
[23:23:23.817] RX< [34m[AE] fid=2490,exp=10
[23:23:23.874] RX< 280,adg=219,Y=4317,mtg=180,shg=100,bgbv=1675,iso=219,cnv2,hdr0
[23:23:23.874] RX< [0m[ringbuf] no space data_len=14848
[23:23:23.874] RX< [3] [App Vpu] RINGBUF: write fail, size = 14710 space is not enough
[23:23:23.874] RX< [ringbuf] no space data_len=16896
[23:23:23.874] RX< [3] [App Vpu] RINGBUF: write fail, size = 16868 spac
[23:23:23.974] RX< e is not enough
[23:23:23.974] RX< [ringbuf] no space data_len=11776
[23:23:23.974] RX< [3] [App Vpu] RINGBUF: write fail, size = 11764 space is not enough
[23:23:23.974] RX< [ringbuf] no space data_len=14336
[23:23:23.974] RX< [3] [App Vpu] RINGBUF: write fail, size = 14247 space is not enough
[23:23:23.974] RX< [ringbuf] no space data_len=14848
[23:23:24.040] RX< 
[23:23:24.040] RX< [3] [App Vpu] RINGBUF: write fail, size = 14587 space is not enough
[23:23:24.040] RX< [7] [cam] [640206][me0][me_core_thread:322]ME out fid 2490
[23:23:24.040] RX< [ringbuf] no space data_len=59392
[23:23:24.040] RX< [3] [App Vpu] RINGBUF: write fail, size = 59251 space is not enough
[23:23:24.040] RX< [ringbuf] no space data_
[23:23:24.107] RX< len=23552
[23:23:24.107] RX< [3] [App Vpu] RINGBUF: write fail, size = 23397 space is not enough
[23:23:24.107] RX< [ringbuf] no space data_len=12800
[23:23:24.107] RX< [3] [App Vpu] RINGBUF: write fail, size = 12687 space is not enough
[23:23:24.107] RX< [ringbuf] no space data_len=15872
[23:23:24.107] RX< [3] [App Vpu] RINGBUF: write fail, size 
[23:23:24.207] RX< = 15585 space is not enough
[23:23:24.207] RX< [ringbuf] no space data_len=15872
[23:23:24.207] RX< [3] [App Vpu] RINGBUF: write fail, size = 15518 space is not enough
[23:23:24.207] RX< [ringbuf] no space data_len=15360
[23:23:24.207] RX< [3] [App Vpu] RINGBUF: write fail, size = 14849 space is not enough
[23:23:24.207] RX< [ringbuf] no space da
[23:23:24.274] RX< ta_len=15872
[23:23:24.274] RX< [3] [App Vpu] RINGBUF: write fail, size = 15740 space is not enough
[23:23:24.274] RX< [ringbuf] no space data_len=14848
[23:23:24.274] RX< [3] [App Vpu] RINGBUF: write fail, size = 14786 space is not enough
[23:23:24.274] RX< [ringbuf] no space data_len=15872
[23:23:24.274] RX< [3] [App Vpu] RINGBUF: write fail, si
[23:23:24.374] RX< ze = 15795 space is not enough
[23:23:24.374] RX< [ringbuf] no space data_len=15360
[23:23:24.374] RX< [3] [App Vpu] RINGBUF: write fail, size = 15124 space is not enough
[23:23:24.374] RX< [ringbuf] no space data_len=15872
[23:23:24.374] RX< [3] [App Vpu] RINGBUF: write fail, size = 15634 space is not enough
[23:23:24.374] RX< [ringbuf] no space
[23:23:24.440] RX<  data_len=14848
[23:23:24.440] RX< [3] [App Vpu] RINGBUF: write fail, size = 14759 space is not enough
[23:23:24.440] RX< [ringbuf] no space data_len=16384
[23:23:24.440] RX< [3] [App Vpu] RINGBUF: write fail, size = 15914 space is not enough
[23:23:24.440] RX< [ringbuf] no space data_len=14848
[23:23:24.440] RX< [3] [App Vpu] RINGBUF: write fail,
[23:23:24.540] RX<  size = 14444 space is not enough
[23:23:24.540] RX< [ringbuf] no space data_len=15872
[23:23:24.540] RX< [3] [App Vpu] RINGBUF: write fail, size = 15749 space is not enough
[23:23:24.540] RX< [ringbuf] no space data_len=15360
[23:23:24.540] RX< [3] [App Vpu] RINGBUF: write fail, size = 15355 space is not enough
[23:23:24.540] RX< [ringbuf] no sp
[23:23:24.607] RX< ace data_len=15872
[23:23:24.607] RX< [3] [App Vpu] RINGBUF: write fail, size = 15744 space is not enough
[23:23:24.607] RX< [ringbuf] no space data_len=14848
[23:23:24.607] RX< [3] [App Vpu] RINGBUF: write fail, size = 14622 space is not enough
[23:23:24.607] RX< [ringbuf] no space data_len=15360
[23:23:24.607] RX< [3] [App Vpu] RINGBUF: write fa
[23:23:24.707] RX< il, size = 15272 space is not enough
[23:23:24.707] RX< [ringbuf] no space data_len=14848
[23:23:24.707] RX< [3] [App Vpu] RINGBUF: write fail, size = 14757 space is not enough
[23:23:24.707] RX< [ringbuf] no space data_len=15872
[23:23:24.707] RX< [3] [App Vpu] RINGBUF: write fail, size = 15852 space is not enough
[23:23:24.707] RX< [ringbuf] no
[23:23:24.773] RX<  space data_len=15360
[23:23:24.773] RX< [3] [App Vpu] RINGBUF: write fail, size = 15021 space is not enough
[23:23:24.773] RX< [ringbuf] no space data_len=16384
[23:23:24.773] RX< [3] [App Vpu] RINGBUF: write fail, size = 16301 space is not enough
[23:23:24.773] RX< [ringbuf] no space data_len=16384
[23:23:24.773] RX< [3] [App Vpu] RINGBUF: write
[23:23:24.823] RX<  fail, size = 15931 space is not enough
[23:23:24.823] RX< [ringbuf] no space data_len=16384
[23:23:24.823] RX< [3] [App Vpu] RINGBUF: write fail, size = 15971 space is not enough
[23:23:24.823] RX< [34m[AE] fid=2520,exp=10280,adg=219,Y=4312,mtg=180,shg=100,bgbv=1671,iso=219,cnv2,hdr0
[23:23:24.823] RX< [0m[34m[b_ae0 proc] pe
[23:23:24.874] RX< rf=1090(us), max=1107(us)!
[23:23:24.874] RX< [0m[34m[awb0 proc] perf=4377(us), max=4432(us)!
[23:23:24.874] RX< [0m[ringbuf] no space data_len=11264
[23:23:24.874] RX< [3] [App Vpu] RINGBUF: write fail, size = 11068 space is not enough
[23:23:24.874] RX< [ringbuf] no space data_len=20992
[23:23:24.874] RX< [3] [App Vpu] RINGBUF: write fail, si
[23:23:24.940] RX< ze = 20669 space is not enough
[23:23:24.940] RX< [ringbuf] no space data_len=11264
[23:23:24.940] RX< [3] [App Vpu] RINGBUF: write fail, size = 11107 space is not enough
[23:23:24.940] RX< [34m[ME INTP]fid=2520, shutter=10280, perf=1377(us), max=2740(us)!
[23:23:24.940] RX< [0m[ringbuf] no space data_len=15360
[23:23:24.940] RX< [3] [App Vpu] R
[23:23:25.008] RX< INGBUF: write fail, size = 15328 space is not enough
[23:23:25.008] RX< [ringbuf] no space data_len=15872
[23:23:25.008] RX< [3] [App Vpu] RINGBUF: write fail, size = 15418 space is not enough
[23:23:25.008] RX< [7] [cam] [641206][me0][me_core_thread:322]ME out fid 2520
[23:23:25.008] RX< [ringbuf] no space data_len=59904
[23:23:25.008] RX< [3] [A
[23:23:25.074] RX< pp Vpu] RINGBUF: write fail, size = 59665 space is not enough
[23:23:25.074] RX< [ringbuf] no space data_len=17920
[23:23:25.074] RX< [3] [App Vpu] RINGBUF: write fail, size = 17793 space is not enough
[23:23:25.074] RX< [ringbuf] no space data_len=12288
[23:23:25.074] RX< [3] [App Vpu] RINGBUF: write fail, size = 12051 space is
[23:23:25.174] RX<  not enough
[23:23:25.174] RX< [ringbuf] no space data_len=15360
[23:23:25.174] RX< [3] [App Vpu] RINGBUF: write fail, size = 14987 space is not enough
[23:23:25.174] RX< [ringbuf] no space data_len=16384
[23:23:25.174] RX< [3] [App Vpu] RINGBUF: write fail, size = 16061 space is not enough
[23:23:25.174] RX< [ringbuf] no space data_len=15360
[23:23:25.174] RX< [3]
[23:23:25.240] RX<  [App Vpu] RINGBUF: write fail, size = 15269 space is not enough
[23:23:25.240] RX< [ringbuf] no space data_len=16384
[23:23:25.240] RX< [3] [App Vpu] RINGBUF: write fail, size = 16320 space is not enough
[23:23:25.240] RX< [ringbuf] no space data_len=15872
[23:23:25.240] RX< [3] [App Vpu] RINGBUF: write fail, size = 15868 space
[23:23:25.340] RX<  is not enough
[23:23:25.340] RX< [ringbuf] no space data_len=15872
[23:23:25.340] RX< [3] [App Vpu] RINGBUF: write fail, size = 15701 space is not enough
[23:23:25.340] RX< [ringbuf] no space data_len=14848
[23:23:25.340] RX< [3] [App Vpu] RINGBUF: write fail, size = 14512 space is not enough
[23:23:25.340] RX< [ringbuf] no space data_len=15872
[23:23:25.408] RX< [3] [App Vpu] RINGBUF: write fail, size = 15590 space is not enough
[23:23:25.408] RX< [ringbuf] no space data_len=14848
[23:23:25.408] RX< [3] [App Vpu] RINGBUF: write fail, size = 14713 space is not enough
[23:23:25.408] RX< [ringbuf] no space data_len=15360
[23:23:25.408] RX< [3] [App Vpu] RINGBUF: write fail, size = 15171 sp
[23:23:25.507] RX< ace is not enough
[23:23:25.507] RX< [ringbuf] no space data_len=15360
[23:23:25.507] RX< [3] [App Vpu] RINGBUF: write fail, size = 15136 space is not enough
[23:23:25.507] RX< [ringbuf] no space data_len=15872
[23:23:25.507] RX< [3] [App Vpu] RINGBUF: write fail, size = 15505 space is not enough
[23:23:25.507] RX< [ringbuf] no space data_len=148
[23:23:25.574] RX< 48
[23:23:25.574] RX< [3] [App Vpu] RINGBUF: write fail, size = 14770 space is not enough
[23:23:25.574] RX< [ringbuf] no space data_len=15360
[23:23:25.574] RX< [3] [App Vpu] RINGBUF: write fail, size = 15254 space is not enough
[23:23:25.574] RX< [ringbuf] no space data_len=14848
[23:23:25.574] RX< [3] [App Vpu] RINGBUF: write fail, size = 14669
[23:23:25.674] RX<  space is not enough
[23:23:25.674] RX< [ringbuf] no space data_len=16384
[23:23:25.674] RX< [3] [App Vpu] RINGBUF: write fail, size = 15963 space is not enough
[23:23:25.674] RX< [ringbuf] no space data_len=15360
[23:23:25.674] RX< [3] [App Vpu] RINGBUF: write fail, size = 15102 space is not enough
[23:23:25.674] RX< [ringbuf] no space data_len=
[23:23:25.741] RX< 16384
[23:23:25.741] RX< [3] [App Vpu] RINGBUF: write fail, size = 16103 space is not enough
[23:23:25.741] RX< [ringbuf] no space data_len=15360
[23:23:25.741] RX< [3] [App Vpu] RINGBUF: write fail, size = 14882 space is not enough
[23:23:25.741] RX< [ringbuf] no space data_len=15360
[23:23:25.741] RX< [3] [App Vpu] RINGBUF: write fail, size = 14
[23:23:25.818] RX< 991 space is not enough
[23:23:25.818] RX< [ringbuf] no space data_len=14848
[23:23:25.818] RX< [3] [App Vpu] RINGBUF: write fail, size = 14484 space is not enough
[23:23:25.818] RX< [ringbuf] no space data_len=15360
[23:23:25.818] RX< [3] [App Vpu] RINGBUF: write fail, size = 15301 space is not enough
[23:23:25.818] RX< [34m[AE] fid=2550,exp=10
[23:23:25.874] RX< 280,adg=219,Y=4310,mtg=180,shg=100,bgbv=1671,iso=219,cnv2,hdr0
[23:23:25.874] RX< [0m[ringbuf] no space data_len=15360
[23:23:25.874] RX< [3] [App Vpu] RINGBUF: write fail, size = 15104 space is not enough
[23:23:25.874] RX< [ringbuf] no space data_len=16384
[23:23:25.874] RX< [3] [App Vpu] RINGBUF: write fail, size = 15892 spac
[23:23:25.974] RX< e is not enough
[23:23:25.974] RX< [ringbuf] no space data_len=14848
[23:23:25.974] RX< [3] [App Vpu] RINGBUF: write fail, size = 14817 space is not enough
[23:23:25.974] RX< [ringbuf] no space data_len=16384
[23:23:25.974] RX< [3] [App Vpu] RINGBUF: write fail, size = 16020 space is not enough
[23:23:25.974] RX< [ringbuf] no space data_len=15872
[23:23:26.041] RX< 
[23:23:26.041] RX< [3] [App Vpu] RINGBUF: write fail, size = 15474 space is not enough
[23:23:26.041] RX< [7] [cam] [642206][me0][me_core_thread:322]ME out fid 2550
[23:23:26.041] RX< [ringbuf] no space data_len=59904
[23:23:26.041] RX< [3] [App Vpu] RINGBUF: write fail, size = 59412 space is not enough
[23:23:26.041] RX< [ringbuf] no space data_
[23:23:26.107] RX< len=17408
[23:23:26.107] RX< [3] [App Vpu] RINGBUF: write fail, size = 17069 space is not enough
[23:23:26.107] RX< [ringbuf] no space data_len=12800
[23:23:26.107] RX< [3] [App Vpu] RINGBUF: write fail, size = 12553 space is not enough
[23:23:26.107] RX< [ringbuf] no space data_len=16896
[23:23:26.107] RX< [3] [App Vpu] RINGBUF: write fail, size 
[23:23:26.207] RX< = 16489 space is not enough
[23:23:26.207] RX< [ringbuf] no space data_len=16896
[23:23:26.207] RX< [3] [App Vpu] RINGBUF: write fail, size = 16758 space is not enough
[23:23:26.207] RX< [ringbuf] no space data_len=11264
[23:23:26.207] RX< [3] [App Vpu] RINGBUF: write fail, size = 11248 space is not enough
[23:23:26.207] RX< [ringbuf] no space da
[23:23:26.274] RX< ta_len=22528
[23:23:26.274] RX< [3] [App Vpu] RINGBUF: write fail, size = 22134 space is not enough
[23:23:26.274] RX< [ringbuf] no space data_len=12288
[23:23:26.274] RX< [3] [App Vpu] RINGBUF: write fail, size = 12164 space is not enough
[23:23:26.274] RX< [ringbuf] no space data_len=15360
[23:23:26.274] RX< [3] [App Vpu] RINGBUF: write fail, si
[23:23:26.374] RX< ze = 15355 space is not enough
[23:23:26.374] RX< [ringbuf] no space data_len=14848
[23:23:26.374] RX< [3] [App Vpu] RINGBUF: write fail, size = 14800 space is not enough
[23:23:26.374] RX< [ringbuf] no space data_len=15360
[23:23:26.374] RX< [3] [App Vpu] RINGBUF: write fail, size = 14929 space is not enough
[23:23:26.374] RX< [ringbuf] no space
[23:23:26.440] RX<  data_len=14336
[23:23:26.440] RX< [3] [App Vpu] RINGBUF: write fail, size = 14152 space is not enough
[23:23:26.440] RX< [ringbuf] no space data_len=15872
[23:23:26.440] RX< [3] [App Vpu] RINGBUF: write fail, size = 15713 space is not enough
[23:23:26.440] RX< [ringbuf] no space data_len=14336
[23:23:26.440] RX< [3] [App Vpu] RINGBUF: write fail,
[23:23:26.541] RX<  size = 14236 space is not enough
[23:23:26.541] RX< [ringbuf] no space data_len=15360
[23:23:26.541] RX< [3] [App Vpu] RINGBUF: write fail, size = 15165 space is not enough
[23:23:26.541] RX< [ringbuf] no space data_len=15360
[23:23:26.541] RX< [3] [App Vpu] RINGBUF: write fail, size = 15050 space is not enough
[23:23:26.541] RX< [ringbuf] no sp
[23:23:26.607] RX< ace data_len=15360
[23:23:26.607] RX< [3] [App Vpu] RINGBUF: write fail, size = 15174 space is not enough
[23:23:26.607] RX< [ringbuf] no space data_len=15360
[23:23:26.607] RX< [3] [App Vpu] RINGBUF: write fail, size = 14876 space is not enough
[23:23:26.607] RX< [ringbuf] no space data_len=15872
[23:23:26.607] RX< [3] [App Vpu] RINGBUF: write fa
[23:23:26.707] RX< il, size = 15643 space is not enough
[23:23:26.707] RX< [ringbuf] no space data_len=15360
[23:23:26.707] RX< [3] [App Vpu] RINGBUF: write fail, size = 14914 space is not enough
[23:23:26.707] RX< [ringbuf] no space data_len=15872
[23:23:26.707] RX< [3] [App Vpu] RINGBUF: write fail, size = 15474 space is not enough
[23:23:26.707] RX< [ringbuf] no
[23:23:26.774] RX<  space data_len=15360
[23:23:26.774] RX< [3] [App Vpu] RINGBUF: write fail, size = 15001 space is not enough
[23:23:26.774] RX< [ringbuf] no space data_len=15872
[23:23:26.774] RX< [3] [App Vpu] RINGBUF: write fail, size = 15556 space is not enough
[23:23:26.774] RX< [ringbuf] no space data_len=14848
[23:23:26.774] RX< [3] [App Vpu] RINGBUF: write
[23:23:26.840] RX<  fail, size = 14589 space is not enough
[23:23:26.840] RX< [ringbuf] no space data_len=15360
[23:23:26.840] RX< [3] [App Vpu] RINGBUF: write fail, size = 14998 space is not enough
[23:23:26.840] RX< [34m[AE] fid=2580,exp=10280,adg=219,Y=4303,mtg=180,shg=100,bgbv=1671,iso=219,cnv2,hdr0
[23:23:26.840] RX< [0m[ringbuf] no space d
[23:23:26.907] RX< ata_len=14848
[23:23:26.907] RX< [3] [App Vpu] RINGBUF: write fail, size = 14476 space is not enough
[23:23:26.907] RX< [ringbuf] no space data_len=15872
[23:23:26.907] RX< [3] [App Vpu] RINGBUF: write fail, size = 15494 space is not enough
[23:23:26.907] RX< [ringbuf] no space data_len=14848
[23:23:26.907] RX< [3] [App Vpu] RINGBUF: write fail, s
[23:23:27.007] RX< ize = 14618 space is not enough
[23:23:27.007] RX< [ringbuf] no space data_len=15872
[23:23:27.007] RX< [3] [App Vpu] RINGBUF: write fail, size = 15705 space is not enough
[23:23:27.007] RX< [ringbuf] no space data_len=15872
[23:23:27.007] RX< [3] [App Vpu] RINGBUF: write fail, size = 15471 space is not enough
[23:23:27.007] RX< [7] [cam] [643206
[23:23:27.074] RX< ][me0][me_core_thread:322]ME out fid 2580
[23:23:27.074] RX< [ringbuf] no space data_len=59904
[23:23:27.074] RX< [3] [App Vpu] RINGBUF: write fail, size = 59454 space is not enough
[23:23:27.074] RX< [ringbuf] no space data_len=17408
[23:23:27.074] RX< [3] [App Vpu] RINGBUF: write fail, size = 17210 space is not enough
[23:23:27.074] RX< [ringbuf
[23:23:27.140] RX< ] no space data_len=12288
[23:23:27.140] RX< [3] [App Vpu] RINGBUF: write fail, size = 12010 space is not enough
[23:23:27.140] RX< [ringbuf] no space data_len=15872
[23:23:27.140] RX< [3] [App Vpu] RINGBUF: write fail, size = 15805 space is not enough
[23:23:27.140] RX< [ringbuf] no space data_len=17408
[23:23:27.140] RX< [3] [App Vpu] RINGBUF: w
[23:23:27.240] RX< rite fail, size = 17290 space is not enough
[23:23:27.240] RX< [ringbuf] no space data_len=12800
[23:23:27.240] RX< [3] [App Vpu] RINGBUF: write fail, size = 12672 space is not enough
[23:23:27.240] RX< [ringbuf] no space data_len=17408
[23:23:27.240] RX< [3] [App Vpu] RINGBUF: write fail, size = 16926 space is not enough
[23:23:27.240] RX< [ring
[23:23:27.307] RX< buf] no space data_len=16896
[23:23:27.307] RX< [3] [App Vpu] RINGBUF: write fail, size = 16768 space is not enough
[23:23:27.307] RX< [ringbuf] no space data_len=13824
[23:23:27.307] RX< [3] [App Vpu] RINGBUF: write fail, size = 13452 space is not enough
[23:23:27.307] RX< [ringbuf] no space data_len=16896
[23:23:27.307] RX< [3] [App Vpu] RINGBUF
[23:23:27.407] RX< : write fail, size = 16739 space is not enough
[23:23:27.407] RX< [ringbuf] no space data_len=13312
[23:23:27.407] RX< [3] [App Vpu] RINGBUF: write fail, size = 12857 space is not enough
[23:23:27.407] RX< [ringbuf] no space data_len=15360
[23:23:27.407] RX< [3] [App Vpu] RINGBUF: write fail, size = 15255 space is not enough
[23:23:27.407] RX< [r
[23:23:27.473] RX< ingbuf] no space data_len=16896
[23:23:27.473] RX< [3] [App Vpu] RINGBUF: write fail, size = 16413 space is not enough
[23:23:27.473] RX< [ringbuf] no space data_len=15360
[23:23:27.473] RX< [3] [App Vpu] RINGBUF: write fail, size = 15229 space is not enough
[23:23:27.473] RX< [ringbuf] no space data_len=15360
[23:23:27.473] RX< [3] [App Vpu] RING
[23:23:27.540] RX< BUF: write fail, size = 14921 space is not enough
[23:23:27.540] RX< [ringbuf] no space data_len=14336
[23:23:27.540] RX< [3] [App Vpu] RINGBUF: write fail, size = 13920 space is not enough
[23:23:27.540] RX< [ringbuf] no space data_len=15360
[23:23:27.540] RX< [3] [App Vpu] RINGBUF: write fail, size = 15203 space is not enough
[23:23:27.640] RX< 
[23:23:27.640] RX< [ringbuf] no space data_len=14848
[23:23:27.640] RX< [3] [App Vpu] RINGBUF: write fail, size = 14769 space is not enough
[23:23:27.640] RX< [ringbuf] no space data_len=15872
[23:23:27.640] RX< [3] [App Vpu] RINGBUF: write fail, size = 15858 space is not enough
[23:23:27.640] RX< [ringbuf] no space data_len=15360
[23:23:27.640] RX< [3] [App Vpu] R
[23:23:27.707] RX< INGBUF: write fail, size = 15139 space is not enough
[23:23:27.707] RX< [ringbuf] no space data_len=16384
[23:23:27.707] RX< [3] [App Vpu] RINGBUF: write fail, size = 16177 space is not enough
[23:23:27.707] RX< [ringbuf] no space data_len=15360
[23:23:27.707] RX< [3] [App Vpu] RINGBUF: write fail, size = 14879 space is not enou
[23:23:27.823] RX< gh
[23:23:27.823] RX< [ringbuf] no space data_len=16384
[23:23:27.823] RX< [3] [App Vpu] RINGBUF: write fail, size = 15888 space is not enough
[23:23:27.823] RX< [ringbuf] no space data_len=15360
[23:23:27.823] RX< [3] [App Vpu] RINGBUF: write fail, size = 14972 space is not enough
[23:23:27.823] RX< [ringbuf] no space data_len=16384
[23:23:27.823] RX< [3] [App Vpu
[23:23:27.840] RX< ] RINGBUF: write fail, size = 16324 space is not enough
[23:23:27.840] RX< [34m[AE] fid=2610,exp=10000,adg=225,Y=4284,mtg=180,shg=100,bgbv=1662,iso=225,cnv2,hdr0
[23:23:27.840] RX< [0m[34m[b_ae0 proc] perf=907(us), max=1103(us)!
[23:23:27.840] RX< [0m[34m[awb0 proc] perf=4376(us), max=4437(us)!
[23:23:27.840] RX< [0m[ringb
[23:23:27.907] RX< uf] no space data_len=15872
[23:23:27.907] RX< [3] [App Vpu] RINGBUF: write fail, size = 15483 space is not enough
[23:23:27.907] RX< [ringbuf] no space data_len=15360
[23:23:27.907] RX< [3] [App Vpu] RINGBUF: write fail, size = 14923 space is not enough
[23:23:27.907] RX< [ringbuf] no space data_len=14848
[23:23:27.907] RX< [3] [App Vpu] RINGBUF:
[23:23:28.006] RX<  write fail, size = 14467 space is not enough
[23:23:28.006] RX< [ringbuf] no space data_len=15360
[23:23:28.006] RX< [3] [App Vpu] RINGBUF: write fail, size = 14952 space is not enough
[23:23:28.006] RX< [ringbuf] no space data_len=8192
[23:23:28.006] RX< [3] [App Vpu] RINGBUF: write fail, size = 7945 space is not enough
[23:23:28.006] RX< [7] [
[23:23:28.040] RX< cam] [644206][me0][me_core_thread:322]ME out fid 2610
[23:23:28.040] RX< [ringbuf] no space data_len=57856
[23:23:28.040] RX< [3] [App Vpu] RINGBUF: write fail, size = 57358 space is not enough
[23:23:28.040] RX< [ringbuf] no space data_len=41472
[23:23:28.040] RX< [3] [App Vpu] RINGBUF: write fail, size = 41196 space is not enou
[23:23:28.140] RX< gh
[23:23:28.140] RX< [ringbuf] no space data_len=12288
[23:23:28.140] RX< [3] [App Vpu] RINGBUF: write fail, size = 12113 space is not enough
[23:23:28.140] RX< [ringbuf] no space data_len=11776
[23:23:28.140] RX< [3] [App Vpu] RINGBUF: write fail, size = 11671 space is not enough
[23:23:28.140] RX< [ringbuf] no space data_len=16384
[23:23:28.140] RX< [3] [App Vpu
[23:23:28.206] RX< ] RINGBUF: write fail, size = 16223 space is not enough
[23:23:28.206] RX< [ringbuf] no space data_len=17408
[23:23:28.206] RX< [3] [App Vpu] RINGBUF: write fail, size = 17246 space is not enough
[23:23:28.206] RX< [ringbuf] no space data_len=5632
[23:23:28.206] RX< [3] [App Vpu] RINGBUF: write fail, size = 5165 space is not eno
[23:23:28.817] RX< ugh
[23:23:28.817] RX< [ringbuf] no space data_len=29696
[23:23:28.817] RX< [3] [App Vpu] RINGBUF: write fail, size = 29583 space is not enough
[23:23:28.817] RX< [RTMP] slow send frame 1831 len=76731 dt=5884ms (IDR)
[23:23:28.817] RX< [RTMP] dropped 1740 p-frames (backlog 98%)
[23:23:28.817] RX< [34m[AE] fid=2640,exp=10000,adg=225,Y=4267,mtg=180
[23:23:29.240] RX< ,shg=100,bgbv=1661,iso=225,cnv2,hdr0
[23:23:29.240] RX< [0m[34m[ME INTP]fid=2640, shutter=10000, perf=289(us), max=3809(us)!
[23:23:29.240] RX< [0m[7] [cam] [645206][me0][me_core_thread:322]ME out fid 2640
[23:23:29.240] RX< [ringbuf] no space data_len=12288
[23:23:29.240] RX< [3] [App Vpu] RINGBUF: write fail, size = 11856 spa
[23:23:29.340] RX< ce is not enough
[23:23:29.340] RX< [ringbuf] no space data_len=18432
[23:23:29.340] RX< [3] [App Vpu] RINGBUF: write fail, size = 18422 space is not enough
[23:23:29.340] RX< [ringbuf] no space data_len=12288
[23:23:29.340] RX< [3] [App Vpu] RINGBUF: write fail, size = 12062 space is not enough
[23:23:29.340] RX< [ringbuf] no space data_len=1894
[23:23:29.407] RX< 4
[23:23:29.407] RX< [3] [App Vpu] RINGBUF: write fail, size = 18778 space is not enough
[23:23:29.407] RX< [ringbuf] no space data_len=11776
[23:23:29.407] RX< [3] [App Vpu] RINGBUF: write fail, size = 11746 space is not enough
[23:23:29.407] RX< [ringbuf] no space data_len=18432
[23:23:29.407] RX< [3] [App Vpu] RINGBUF: write fail, size = 18022 
[23:23:29.507] RX< space is not enough
[23:23:29.507] RX< [ringbuf] no space data_len=11776
[23:23:29.507] RX< [3] [App Vpu] RINGBUF: write fail, size = 11656 space is not enough
[23:23:29.507] RX< [ringbuf] no space data_len=18432
[23:23:29.507] RX< [3] [App Vpu] RINGBUF: write fail, size = 18122 space is not enough
[23:23:29.507] RX< [ringbuf] no space data_len=1
[23:23:29.574] RX< 2288
[23:23:29.574] RX< [3] [App Vpu] RINGBUF: write fail, size = 11818 space is not enough
[23:23:29.574] RX< [ringbuf] no space data_len=18944
[23:23:29.574] RX< [3] [App Vpu] RINGBUF: write fail, size = 18666 space is not enough
[23:23:29.574] RX< [ringbuf] no space data_len=12288
[23:23:29.574] RX< [3] [App Vpu] RINGBUF: write fail, size = 118
[23:23:29.674] RX< 42 space is not enough
[23:23:29.674] RX< [ringbuf] no space data_len=17920
[23:23:29.674] RX< [3] [App Vpu] RINGBUF: write fail, size = 17756 space is not enough
[23:23:29.674] RX< [ringbuf] no space data_len=11776
[23:23:29.674] RX< [3] [App Vpu] RINGBUF: write fail, size = 11660 space is not enough
[23:23:29.674] RX< [ringbuf] no space data_le
[23:23:29.740] RX< n=18432
[23:23:29.740] RX< [3] [App Vpu] RINGBUF: write fail, size = 18226 space is not enough
[23:23:29.740] RX< [ringbuf] no space data_len=11776
[23:23:29.740] RX< [3] [App Vpu] RINGBUF: write fail, size = 11646 space is not enough
[23:23:29.740] RX< [ringbuf] no space data_len=17920
[23:23:29.740] RX< [3] [App Vpu] RINGBUF: write fail, size = 
[23:23:29.817] RX< 17888 space is not enough
[23:23:29.817] RX< [ringbuf] no space data_len=11776
[23:23:29.817] RX< [3] [App Vpu] RINGBUF: write fail, size = 11563 space is not enough
[23:23:29.817] RX< [ringbuf] no space data_len=18432
[23:23:29.817] RX< [3] [App Vpu] RINGBUF: write fail, size = 17940 space is not enough
[23:23:29.817] RX< [34m[AE] fid=2670,exp=
[23:23:29.874] RX< 10000,adg=225,Y=4228,mtg=180,shg=100,bgbv=1648,iso=225,cnv2,hdr0
[23:23:29.874] RX< [0m[ringbuf] no space data_len=12288
[23:23:29.874] RX< [3] [App Vpu] RINGBUF: write fail, size = 11912 space is not enough
[23:23:29.874] RX< [ringbuf] no space data_len=18944
[23:23:29.874] RX< [3] [App Vpu] RINGBUF: write fail, size = 18466 sp
[23:23:29.974] RX< ace is not enough
[23:23:29.974] RX< [ringbuf] no space data_len=12288
[23:23:29.974] RX< [3] [App Vpu] RINGBUF: write fail, size = 12120 space is not enough
[23:23:29.974] RX< [ringbuf] no space data_len=18432
[23:23:29.974] RX< [3] [App Vpu] RINGBUF: write fail, size = 18130 space is not enough
[23:23:29.974] RX< [ringbuf] no space data_len=117
[23:23:30.040] RX< 76
[23:23:30.040] RX< [3] [App Vpu] RINGBUF: write fail, size = 11753 space is not enough
[23:23:30.040] RX< [7] [cam] [646206][me0][me_core_thread:322]ME out fid 2670
[23:23:30.040] RX< [ringbuf] no space data_len=77824
[23:23:30.040] RX< [3] [App Vpu] RINGBUF: write fail, size = 77621 space is not enough
[23:23:30.040] RX< [ringbuf] no space dat
[23:23:30.107] RX< a_len=16896
[23:23:30.107] RX< [3] [App Vpu] RINGBUF: write fail, size = 16874 space is not enough
[23:23:30.107] RX< [ringbuf] no space data_len=9216
[23:23:30.107] RX< [3] [App Vpu] RINGBUF: write fail, size = 8884 space is not enough
[23:23:30.107] RX< [ringbuf] no space data_len=19968
[23:23:30.107] RX< [3] [App Vpu] RINGBUF: write fail, size 
[23:23:30.207] RX< = 19739 space is not enough
[23:23:30.207] RX< [ringbuf] no space data_len=7680
[23:23:30.207] RX< [3] [App Vpu] RINGBUF: write fail, size = 7573 space is not enough
[23:23:30.207] RX< [ringbuf] no space data_len=27648
[23:23:30.207] RX< [3] [App Vpu] RINGBUF: write fail, size = 27253 space is not enough
[23:23:30.207] RX< [ringbuf] no space data
[23:23:30.273] RX< _len=5632
[23:23:30.273] RX< [3] [App Vpu] RINGBUF: write fail, size = 5440 space is not enough
[23:23:30.273] RX< [ringbuf] no space data_len=18944
[23:23:30.273] RX< [3] [App Vpu] RINGBUF: write fail, size = 18457 space is not enough
[23:23:30.273] RX< [ringbuf] no space data_len=12288
[23:23:30.273] RX< [3] [App Vpu] RINGBUF: write fail, size =
[23:23:30.373] RX<  11861 space is not enough
[23:23:30.373] RX< [ringbuf] no space data_len=18432
[23:23:30.373] RX< [3] [App Vpu] RINGBUF: write fail, size = 18047 space is not enough
[23:23:30.373] RX< [ringbuf] no space data_len=11776
[23:23:30.373] RX< [3] [App Vpu] RINGBUF: write fail, size = 11705 space is not enough
[23:23:30.373] RX< [ringbuf] no space dat
[23:23:30.440] RX< a_len=18432
[23:23:30.440] RX< [3] [App Vpu] RINGBUF: write fail, size = 18151 space is not enough
[23:23:30.440] RX< [ringbuf] no space data_len=12288
[23:23:30.440] RX< [3] [App Vpu] RINGBUF: write fail, size = 11817 space is not enough
[23:23:30.440] RX< [ringbuf] no space data_len=18432
[23:23:30.440] RX< [3] [App Vpu] RINGBUF: write fail, siz
[23:23:30.540] RX< e = 18292 space is not enough
[23:23:30.540] RX< [ringbuf] no space data_len=12288
[23:23:30.540] RX< [3] [App Vpu] RINGBUF: write fail, size = 11880 space is not enough
[23:23:30.540] RX< [ringbuf] no space data_len=18432
[23:23:30.540] RX< [3] [App Vpu] RINGBUF: write fail, size = 18392 space is not enough
[23:23:30.540] RX< [ringbuf] no space 
[23:23:30.607] RX< data_len=12288
[23:23:30.607] RX< [3] [App Vpu] RINGBUF: write fail, size = 11923 space is not enough
[23:23:30.607] RX< [ringbuf] no space data_len=18944
[23:23:30.607] RX< [3] [App Vpu] RINGBUF: write fail, size = 18441 space is not enough
[23:23:30.607] RX< [ringbuf] no space data_len=11776
[23:23:30.607] RX< [3] [App Vpu] RINGBUF: write fail, 
[23:23:30.707] RX< size = 11637 space is not enough
[23:23:30.707] RX< [ringbuf] no space data_len=17920
[23:23:30.707] RX< [3] [App Vpu] RINGBUF: write fail, size = 17907 space is not enough
[23:23:30.707] RX< [ringbuf] no space data_len=11776
[23:23:30.707] RX< [3] [App Vpu] RINGBUF: write fail, size = 11473 space is not enough
[23:23:30.707] RX< [ringbuf] no spa
[23:23:30.773] RX< ce data_len=17920
[23:23:30.773] RX< [3] [App Vpu] RINGBUF: write fail, size = 17864 space is not enough
[23:23:30.773] RX< [ringbuf] no space data_len=11776
[23:23:30.773] RX< [3] [App Vpu] RINGBUF: write fail, size = 11510 space is not enough
[23:23:30.773] RX< [ringbuf] no space data_len=18432
[23:23:30.773] RX< [3] [App Vpu] RINGBUF: write fai
[23:23:30.821] RX< l, size = 18157 space is not enough
[23:23:30.821] RX< [ringbuf] no space data_len=12288
[23:23:30.821] RX< [3] [App Vpu] RINGBUF: write fail, size = 11992 space is not enough
[23:23:30.821] RX< [34m[AE] fid=2700,exp=10000,adg=225,Y=4223,mtg=180,shg=100,bgbv=1644,iso=225,cnv2,hdr0
[23:23:30.821] RX< [0m[34m[b_ae0 proc] perf=9
[23:23:30.873] RX< 52(us), max=1104(us)!
[23:23:30.873] RX< [0m[34m[awb0 proc] perf=4383(us), max=4443(us)!
[23:23:30.873] RX< [0m[ringbuf] no space data_len=17920
[23:23:30.873] RX< [3] [App Vpu] RINGBUF: write fail, size = 17920 space is not enough
[23:23:30.873] RX< [ringbuf] no space data_len=11776
[23:23:30.873] RX< [3] [App Vpu] RINGBUF: write fail, size = 
[23:23:30.973] RX< 11555 space is not enough
[23:23:30.973] RX< [ringbuf] no space data_len=17920
[23:23:30.973] RX< [3] [App Vpu] RINGBUF: write fail, size = 17910 space is not enough
[23:23:30.973] RX< [ringbuf] no space data_len=12288
[23:23:30.973] RX< [3] [App Vpu] RINGBUF: write fail, size = 11808 space is not enough
[23:23:30.973] RX< [ringbuf] no space data
[23:23:31.040] RX< _len=17920
[23:23:31.040] RX< [3] [App Vpu] RINGBUF: write fail, size = 17897 space is not enough
[23:23:31.040] RX< [7] [cam] [647205][me0][me_core_thread:322]ME out fid 2700
[23:23:31.040] RX< [ringbuf] no space data_len=84992
[23:23:31.040] RX< [3] [App Vpu] RINGBUF: write fail, size = 84822 space is not enough
[23:23:31.040] RX< [ringbuf] no s
[23:23:31.106] RX< pace data_len=11776
[23:23:31.106] RX< [3] [App Vpu] RINGBUF: write fail, size = 11688 space is not enough
[23:23:31.106] RX< [ringbuf] no space data_len=14336
[23:23:31.106] RX< [3] [App Vpu] RINGBUF: write fail, size = 13999 space is not enough
[23:23:31.106] RX< [ringbuf] no space data_len=12800
[23:23:31.106] RX< [3] [App Vpu] RINGBUF: write f
[23:23:31.206] RX< ail, size = 12361 space is not enough
[23:23:31.206] RX< [ringbuf] no space data_len=12288
[23:23:31.206] RX< [3] [App Vpu] RINGBUF: write fail, size = 12052 space is not enough
[23:23:31.206] RX< [ringbuf] no space data_len=18944
[23:23:31.206] RX< [3] [App Vpu] RINGBUF: write fail, size = 18589 space is not enough
[23:23:31.206] RX< [ringbuf] n
[23:23:31.273] RX< o space data_len=8192
[23:23:31.273] RX< [3] [App Vpu] RINGBUF: write fail, size = 7743 space is not enough
[23:23:31.273] RX< [ringbuf] no space data_len=27136
[23:23:31.273] RX< [3] [App Vpu] RINGBUF: write fail, size = 26860 space is not enough
[23:23:31.273] RX< [ringbuf] no space data_len=5632
[23:23:31.273] RX< [3] [App Vpu] RINGBUF: write f
[23:23:31.373] RX< ail, size = 5488 space is not enough
[23:23:31.373] RX< [ringbuf] no space data_len=18432
[23:23:31.373] RX< [3] [App Vpu] RINGBUF: write fail, size = 18219 space is not enough
[23:23:31.373] RX< [ringbuf] no space data_len=12288
[23:23:31.373] RX< [3] [App Vpu] RINGBUF: write fail, size = 11817 space is not enough
[23:23:31.373] RX< [ringbuf] no
[23:23:31.440] RX<  space data_len=17920
[23:23:31.440] RX< [3] [App Vpu] RINGBUF: write fail, size = 17805 space is not enough
[23:23:31.440] RX< [ringbuf] no space data_len=11776
[23:23:31.440] RX< [3] [App Vpu] RINGBUF: write fail, size = 11774 space is not enough
[23:23:31.440] RX< [ringbuf] no space data_len=11776
[23:23:31.440] RX< [3] [App Vpu] RINGBUF: write
[23:23:31.499] RX<  fail, size = 11518 space is not enough
[23:23:31.499] RX< [ringbuf] no space data_len=17920
[23:23:31.499] RX< [3] [App Vpu] RINGBUF: write fail, size = 17798 space is not enough
[23:23:31.499] RX< [RTMP] slow send frame 1861 len=77041 dt=3232ms (IDR)
[23:23:31.499] RX< [RTMP] dropped 1770 p-frames (backlog 98%)
[23:23:31.499] RX< [RTMP] f_index 
[23:23:32.506] RX< = 1890, f_len = 17917
[23:23:32.506] RX< [34m[AE] fid=2730,exp=10000,adg=225,Y=4249,mtg=180,shg=100,bgbv=1653,iso=225,cnv2,hdr0
[23:23:32.506] RX< [0m[7] [cam] [648205][me0][me_core_thread:322]ME out fid 2730
[23:23:32.506] RX< [ringbuf] no space data_len=17920
[23:23:32.506] RX< [3] [App Vpu] RINGBUF: write fail, size = 17584 s
[23:23:32.606] RX< pace is not enough
[23:23:32.606] RX< [ringbuf] no space data_len=11776
[23:23:32.606] RX< [3] [App Vpu] RINGBUF: write fail, size = 11360 space is not enough
[23:23:32.606] RX< [ringbuf] no space data_len=17920
[23:23:32.606] RX< [3] [App Vpu] RINGBUF: write fail, size = 17570 space is not enough
[23:23:32.606] RX< [ringbuf] no space data_len=11
[23:23:32.672] RX< 776
[23:23:32.672] RX< [3] [App Vpu] RINGBUF: write fail, size = 11502 space is not enough
[23:23:32.672] RX< [ringbuf] no space data_len=17920
[23:23:32.672] RX< [3] [App Vpu] RINGBUF: write fail, size = 17815 space is not enough
[23:23:32.672] RX< [ringbuf] no space data_len=11776
[23:23:32.672] RX< [3] [App Vpu] RINGBUF: write fail, size = 1139
[23:23:32.772] RX< 6 space is not enough
[23:23:32.772] RX< [ringbuf] no space data_len=17920
[23:23:32.772] RX< [3] [App Vpu] RINGBUF: write fail, size = 17703 space is not enough
[23:23:32.772] RX< [ringbuf] no space data_len=11776
[23:23:32.772] RX< [3] [App Vpu] RINGBUF: write fail, size = 11332 space is not enough
[23:23:32.772] RX< [ringbuf] no space data_len
[23:23:32.816] RX< =17920
[23:23:32.816] RX< [3] [App Vpu] RINGBUF: write fail, size = 17718 space is not enough
[23:23:32.816] RX< [ringbuf] no space data_len=11264
[23:23:32.816] RX< [3] [App Vpu] RINGBUF: write fail, size = 11071 space is not enough
[23:23:32.816] RX< [34m[AE] fid=2760,exp=10000,adg=225,Y=4265,mtg=180,shg=100,bgbv=1661,iso=225
[23:23:32.916] RX< ,cnv2,hdr0
[23:23:32.916] RX< [0m[ringbuf] no space data_len=17408
[23:23:32.916] RX< [3] [App Vpu] RINGBUF: write fail, size = 17294 space is not enough
[23:23:32.916] RX< [ringbuf] no space data_len=11776
[23:23:32.916] RX< [3] [App Vpu] RINGBUF: write fail, size = 11409 space is not enough
[23:23:32.916] RX< [ringbuf] no space data_len=17408
[23:23:32.916] RX< [
[23:23:32.972] RX< 3] [App Vpu] RINGBUF: write fail, size = 17406 space is not enough
[23:23:32.972] RX< [34m[ME INTP]fid=2760, shutter=10000, perf=6(us), max=398(us)!
[23:23:32.972] RX< [0m[ringbuf] no space data_len=11776
[23:23:32.972] RX< [3] [App Vpu] RINGBUF: write fail, size = 11369 space is not enough
[23:23:32.972] RX< [ringbuf] no spac
[23:23:33.039] RX< e data_len=17920
[23:23:33.039] RX< [3] [App Vpu] RINGBUF: write fail, size = 17544 space is not enough
[23:23:33.039] RX< [7] [cam] [649205][me0][me_core_thread:322]ME out fid 2760
[23:23:33.039] RX< [ringbuf] no space data_len=84480
[23:23:33.039] RX< [3] [App Vpu] RINGBUF: write fail, size = 83997 space is not enough
[23:23:33.039] RX< [ringbuf
[23:23:33.106] RX< ] no space data_len=16896
[23:23:33.106] RX< [3] [App Vpu] RINGBUF: write fail, size = 16764 space is not enough
[23:23:33.106] RX< [ringbuf] no space data_len=9216
[23:23:33.106] RX< [3] [App Vpu] RINGBUF: write fail, size = 8944 space is not enough
[23:23:33.106] RX< [ringbuf] no space data_len=18944
[23:23:33.106] RX< [3] [App Vpu] RINGBUF: wri
[23:23:33.240] RX< te fail, size = 18734 space is not enough
[23:23:33.240] RX< [ringbuf] no space data_len=7168
[23:23:33.240] RX< [3] [App Vpu] RINGBUF: write fail, size = 6981 space is not enough
[23:23:33.240] RX< [ringbuf] no space data_len=26624
[23:23:33.240] RX< [3] [App Vpu] RINGBUF: write fail, size = 26259 space is not enough
[23:23:33.240] RX< [ringbuf]
[23:23:33.306] RX<  no space data_len=18432
[23:23:33.306] RX< [3] [App Vpu] RINGBUF: write fail, size = 18071 space is not enough
[23:23:33.306] RX< [ringbuf] no space data_len=11264
[23:23:33.306] RX< [3] [App Vpu] RINGBUF: write fail, size = 11205 space is not enough
[23:23:33.306] RX< [ringbuf] no space data_len=18432
[23:23:33.306] RX< [3] [App Vpu] RINGBUF: wr
[23:23:33.407] RX< ite fail, size = 18095 space is not enough
[23:23:33.407] RX< [ringbuf] no space data_len=11776
[23:23:33.407] RX< [3] [App Vpu] RINGBUF: write fail, size = 11694 space is not enough
[23:23:33.407] RX< [ringbuf] no space data_len=17920
[23:23:33.407] RX< [3] [App Vpu] RINGBUF: write fail, size = 17887 space is not enough
[23:23:33.407] RX< [ringb
[23:23:33.472] RX< uf] no space data_len=11776
[23:23:33.472] RX< [3] [App Vpu] RINGBUF: write fail, size = 11319 space is not enough
[23:23:33.472] RX< [ringbuf] no space data_len=18432
[23:23:33.472] RX< [3] [App Vpu] RINGBUF: write fail, size = 18020 space is not enough
[23:23:33.472] RX< [ringbuf] no space data_len=11776
[23:23:33.472] RX< [3] [App Vpu] RINGBUF:
[23:23:33.572] RX<  write fail, size = 11533 space is not enough
[23:23:33.572] RX< [ringbuf] no space data_len=17408
[23:23:33.572] RX< [3] [App Vpu] RINGBUF: write fail, size = 17315 space is not enough
[23:23:33.572] RX< [ringbuf] no space data_len=11264
[23:23:33.572] RX< [3] [App Vpu] RINGBUF: write fail, size = 11061 space is not enough
[23:23:33.572] RX< [ri
[23:23:33.640] RX< ngbuf] no space data_len=17408
[23:23:33.640] RX< [3] [App Vpu] RINGBUF: write fail, size = 17292 space is not enough
[23:23:33.640] RX< [ringbuf] no space data_len=11776
[23:23:33.640] RX< [3] [App Vpu] RINGBUF: write fail, size = 11325 space is not enough
[23:23:33.640] RX< [ringbuf] no space data_len=17408
[23:23:33.640] RX< [3] [App Vpu] RINGB
[23:23:33.707] RX< UF: write fail, size = 17147 space is not enough
[23:23:33.707] RX< [ringbuf] no space data_len=11776
[23:23:33.707] RX< [3] [App Vpu] RINGBUF: write fail, size = 11380 space is not enough
[23:23:33.707] RX< [ringbuf] no space data_len=17920
[23:23:33.707] RX< [3] [App Vpu] RINGBUF: write fail, size = 17415 space is not enough
[23:23:33.822] RX< [ringbuf] no space data_len=11776
[23:23:33.822] RX< [3] [App Vpu] RINGBUF: write fail, size = 11505 space is not enough
[23:23:33.822] RX< [ringbuf] no space data_len=17920
[23:23:33.822] RX< [3] [App Vpu] RINGBUF: write fail, size = 17435 space is not enough
[23:23:33.822] RX< [ringbuf] no space data_len=11264
[23:23:33.822] RX< [3] [App Vpu] RI
[23:23:33.840] RX< NGBUF: write fail, size = 11190 space is not enough
[23:23:33.840] RX< [34m[AE] fid=2790,exp=10000,adg=225,Y=4250,mtg=180,shg=100,bgbv=1657,iso=225,cnv2,hdr0
[23:23:33.840] RX< [0m[34m[b_ae0 proc] perf=1106(us), max=1106(us)!
[23:23:33.840] RX< [0m[34m[awb0 proc] perf=4381(us), max=4441(us)!
[23:23:33.840] RX< [0m[ringbuf]
[23:23:33.906] RX<  no space data_len=17920
[23:23:33.906] RX< [3] [App Vpu] RINGBUF: write fail, size = 17825 space is not enough
[23:23:33.906] RX< [ringbuf] no space data_len=11776
[23:23:33.906] RX< [3] [App Vpu] RINGBUF: write fail, size = 11659 space is not enough
[23:23:33.906] RX< [ringbuf] no space data_len=17920
[23:23:33.906] RX< [3] [App Vpu] RINGBUF: wr
[23:23:34.006] RX< ite fail, size = 17767 space is not enough
[23:23:34.006] RX< [ringbuf] no space data_len=11776
[23:23:34.006] RX< [3] [App Vpu] RINGBUF: write fail, size = 11663 space is not enough
[23:23:34.006] RX< [ringbuf] no space data_len=17920
[23:23:34.006] RX< [3] [App Vpu] RINGBUF: write fail, size = 17907 space is not enough
[23:23:34.006] RX< [7] [c
[23:23:34.040] RX< am] [650205][me0][me_core_thread:322]ME out fid 2790
[23:23:34.040] RX< [ringbuf] no space data_len=84480
[23:23:34.040] RX< [3] [App Vpu] RINGBUF: write fail, size = 84083 space is not enough
[23:23:34.040] RX< [ringbuf] no space data_len=11776
[23:23:34.040] RX< [3] [App Vpu] RINGBUF: write fail, size = 11630 space is not enoug
[23:23:34.140] RX< h
[23:23:34.140] RX< [ringbuf] no space data_len=14336
[23:23:34.140] RX< [3] [App Vpu] RINGBUF: write fail, size = 14227 space is not enough
[23:23:34.140] RX< [ringbuf] no space data_len=12800
[23:23:34.140] RX< [3] [App Vpu] RINGBUF: write fail, size = 12566 space is not enough
[23:23:34.140] RX< [ringbuf] no space data_len=12288
[23:23:34.140] RX< [3] [App Vpu]
[23:23:34.206] RX<  RINGBUF: write fail, size = 11852 space is not enough
[23:23:34.206] RX< [ringbuf] no space data_len=18432
[23:23:34.206] RX< [3] [App Vpu] RINGBUF: write fail, size = 18227 space is not enough
[23:23:34.206] RX< [ringbuf] no space data_len=11776
[23:23:34.206] RX< [3] [App Vpu] RINGBUF: write fail, size = 11673 space is not en
[23:23:34.306] RX< ough
[23:23:34.306] RX< [ringbuf] no space data_len=18432
[23:23:34.306] RX< [3] [App Vpu] RINGBUF: write fail, size = 18241 space is not enough
[23:23:34.306] RX< [ringbuf] no space data_len=7680
[23:23:34.306] RX< [3] [App Vpu] RINGBUF: write fail, size = 7539 space is not enough
[23:23:34.306] RX< [ringbuf] no space data_len=26624
[23:23:34.306] RX< [3] [App Vpu
[23:23:34.373] RX< ] RINGBUF: write fail, size = 26356 space is not enough
[23:23:34.373] RX< [ringbuf] no space data_len=5632
[23:23:34.373] RX< [3] [App Vpu] RINGBUF: write fail, size = 5242 space is not enough
[23:23:34.373] RX< [ringbuf] no space data_len=18432
[23:23:34.373] RX< [3] [App Vpu] RINGBUF: write fail, size = 18135 space is not eno
[23:23:34.473] RX< ugh
[23:23:34.473] RX< [ringbuf] no space data_len=12288
[23:23:34.473] RX< [3] [App Vpu] RINGBUF: write fail, size = 11817 space is not enough
[23:23:34.473] RX< [ringbuf] no space data_len=17920
[23:23:34.473] RX< [3] [App Vpu] RINGBUF: write fail, size = 17643 space is not enough
[23:23:34.473] RX< [ringbuf] no space data_len=11776
[23:23:34.473] RX< [3] [App Vp
[23:23:34.540] RX< u] RINGBUF: write fail, size = 11595 space is not enough
[23:23:34.540] RX< [ringbuf] no space data_len=17920
[23:23:34.540] RX< [3] [App Vpu] RINGBUF: write fail, size = 17815 space is not enough
[23:23:34.540] RX< [ringbuf] no space data_len=12288
[23:23:34.540] RX< [3] [App Vpu] RINGBUF: write fail, size = 11912 space is not 
[23:23:34.639] RX< enough
[23:23:34.639] RX< [ringbuf] no space data_len=11264
[23:23:34.639] RX< [3] [App Vpu] RINGBUF: write fail, size = 11122 space is not enough
[23:23:34.639] RX< [ringbuf] no space data_len=17408
[23:23:34.639] RX< [3] [App Vpu] RINGBUF: write fail, size = 17384 space is not enough
[23:23:34.639] RX< [ringbuf] no space data_len=11776
[23:23:34.639] RX< [3] [App
[23:23:34.706] RX<  Vpu] RINGBUF: write fail, size = 11295 space is not enough
[23:23:34.706] RX< [ringbuf] no space data_len=17920
[23:23:34.706] RX< [3] [App Vpu] RINGBUF: write fail, size = 17568 space is not enough
[23:23:34.706] RX< [ringbuf] no space data_len=11776
[23:23:34.706] RX< [3] [App Vpu] RINGBUF: write fail, size = 11477 space is n
[23:23:34.816] RX< ot enough
[23:23:34.816] RX< [ringbuf] no space data_len=17408
[23:23:34.816] RX< [3] [App Vpu] RINGBUF: write fail, size = 17353 space is not enough
[23:23:34.816] RX< [ringbuf] no space data_len=11776
[23:23:34.816] RX< [3] [App Vpu] RINGBUF: write fail, size = 11613 space is not enough
[23:23:34.816] RX< [ringbuf] no space data_len=17920
[23:23:34.816] RX< [3] [
[23:23:34.839] RX< App Vpu] RINGBUF: write fail, size = 17479 space is not enough
[23:23:34.839] RX< [34m[AE] fid=2820,exp=10000,adg=225,Y=4242,mtg=180,shg=100,bgbv=1653,iso=225,cnv2,hdr0
[23:23:34.839] RX< [0m[ringbuf] no space data_len=11776
[23:23:34.839] RX< [3] [App Vpu] RINGBUF: write fail, size = 11308 space is not enoug
[23:23:34.939] RX< h
[23:23:34.939] RX< [ringbuf] no space data_len=17920
[23:23:34.939] RX< [3] [App Vpu] RINGBUF: write fail, size = 17757 space is not enough
[23:23:34.939] RX< [ringbuf] no space data_len=11264
[23:23:34.939] RX< [3] [App Vpu] RINGBUF: write fail, size = 11220 space is not enough
[23:23:34.939] RX< [ringbuf] no space data_len=17920
[23:23:34.939] RX< [3] [App Vpu]
[23:23:35.006] RX<  RINGBUF: write fail, size = 17428 space is not enough
[23:23:35.006] RX< [ringbuf] no space data_len=11776
[23:23:35.006] RX< [3] [App Vpu] RINGBUF: write fail, size = 11652 space is not enough
[23:23:35.006] RX< [7] [cam] [651205][me0][me_core_thread:322]ME out fid 2820
[23:23:35.006] RX< [ringbuf] no space data_len=76800
[23:23:35.006] RX< [3] 
[23:23:35.073] RX< [App Vpu] RINGBUF: write fail, size = 76444 space is not enough
[23:23:35.073] RX< [ringbuf] no space data_len=24576
[23:23:35.073] RX< [3] [App Vpu] RINGBUF: write fail, size = 24133 space is not enough
[23:23:35.073] RX< [ringbuf] no space data_len=6656
[23:23:35.073] RX< [3] [App Vpu] RINGBUF: write fail, size = 6155 space is
[23:23:35.173] RX<  not enough
[23:23:35.173] RX< [ringbuf] no space data_len=19456
[23:23:35.173] RX< [3] [App Vpu] RINGBUF: write fail, size = 19359 space is not enough
[23:23:35.173] RX< [ringbuf] no space data_len=7680
[23:23:35.173] RX< [3] [App Vpu] RINGBUF: write fail, size = 7604 space is not enough
[23:23:35.173] RX< [ringbuf] no space data_len=18432
[23:23:35.173] RX< [3] [
[23:23:35.239] RX< App Vpu] RINGBUF: write fail, size = 18200 space is not enough
[23:23:35.239] RX< [ringbuf] no space data_len=12288
[23:23:35.239] RX< [3] [App Vpu] RINGBUF: write fail, size = 11884 space is not enough
[23:23:35.239] RX< [ringbuf] no space data_len=17920
[23:23:35.239] RX< [3] [App Vpu] RINGBUF: write fail, size = 17740 space i
[23:23:35.339] RX< s not enough
[23:23:35.339] RX< [ringbuf] no space data_len=11776
[23:23:35.339] RX< [3] [App Vpu] RINGBUF: write fail, size = 11757 space is not enough
[23:23:35.339] RX< [ringbuf] no space data_len=18432
[23:23:35.339] RX< [3] [App Vpu] RINGBUF: write fail, size = 18247 space is not enough
[23:23:35.339] RX< [ringbuf] no space data_len=11776
[23:23:35.339] RX< [3
[23:23:35.406] RX< ] [App Vpu] RINGBUF: write fail, size = 11577 space is not enough
[23:23:35.406] RX< [ringbuf] no space data_len=17920
[23:23:35.406] RX< [3] [App Vpu] RINGBUF: write fail, size = 17519 space is not enough
[23:23:35.406] RX< [ringbuf] no space data_len=12288
[23:23:35.406] RX< [3] [App Vpu] RINGBUF: write fail, size = 11813 spac
[23:23:35.506] RX< e is not enough
[23:23:35.506] RX< [ringbuf] no space data_len=17920
[23:23:35.506] RX< [3] [App Vpu] RINGBUF: write fail, size = 17753 space is not enough
[23:23:35.506] RX< [ringbuf] no space data_len=11776
[23:23:35.506] RX< [3] [App Vpu] RINGBUF: write fail, size = 11515 space is not enough
[23:23:35.506] RX< [ringbuf] no space data_len=18432
[23:23:35.572] RX< 
[23:23:35.572] RX< [3] [App Vpu] RINGBUF: write fail, size = 17930 space is not enough
[23:23:35.572] RX< [ringbuf] no space data_len=11264
[23:23:35.572] RX< [3] [App Vpu] RINGBUF: write fail, size = 11211 space is not enough
[23:23:35.572] RX< [ringbuf] no space data_len=17920
[23:23:35.572] RX< [3] [App Vpu] RINGBUF: write fail, size = 17895 s
[23:23:35.672] RX< pace is not enough
[23:23:35.672] RX< [ringbuf] no space data_len=11776
[23:23:35.672] RX< [3] [App Vpu] RINGBUF: write fail, size = 11739 space is not enough
[23:23:35.672] RX< [ringbuf] no space data_len=18432
[23:23:35.672] RX< [3] [App Vpu] RINGBUF: write fail, size = 17988 space is not enough
[23:23:35.672] RX< [ringbuf] no space data_len=11
[23:23:35.739] RX< 776
[23:23:35.739] RX< [3] [App Vpu] RINGBUF: write fail, size = 11572 space is not enough
[23:23:35.739] RX< [ringbuf] no space data_len=17920
[23:23:35.739] RX< [3] [App Vpu] RINGBUF: write fail, size = 17641 space is not enough
[23:23:35.739] RX< [ringbuf] no space data_len=11776
[23:23:35.739] RX< [3] [App Vpu] RINGBUF: write fail, size = 1140
[23:23:35.816] RX< 6 space is not enough
[23:23:35.816] RX< [ringbuf] no space data_len=29696
[23:23:35.816] RX< [3] [App Vpu] RINGBUF: write fail, size = 29602 space is not enough
[23:23:35.816] RX< [ringbuf] no space data_len=9216
[23:23:35.816] RX< [3] [App Vpu] RINGBUF: write fail, size = 8964 space is not enough
[23:23:35.816] RX< [34m[AE] fid=2850,exp=10280,
[23:23:35.872] RX< adg=219,Y=4292,mtg=180,shg=100,bgbv=1667,iso=219,cnv2,hdr0
[23:23:35.872] RX< [0m[ringbuf] no space data_len=14336
[23:23:35.872] RX< [3] [App Vpu] RINGBUF: write fail, size = 14203 space is not enough
[23:23:35.872] RX< [ringbuf] no space data_len=15872
[23:23:35.872] RX< [3] [App Vpu] RINGBUF: write fail, size = 15800 space is
[23:23:35.972] RX<  not enough
[23:23:35.972] RX< [ringbuf] no space data_len=11264
[23:23:35.972] RX< [3] [App Vpu] RINGBUF: write fail, size = 10953 space is not enough
[23:23:35.972] RX< [ringbuf] no space data_len=16384
[23:23:35.972] RX< [3] [App Vpu] RINGBUF: write fail, size = 15925 space is not enough
[23:23:35.972] RX< [ringbuf] no space data_len=15872
[23:23:35.972] RX< [3]
[23:23:36.039] RX<  [App Vpu] RINGBUF: write fail, size = 15412 space is not enough
[23:23:36.039] RX< [7] [cam] [652205][me0][me_core_thread:322]ME out fid 2850
[23:23:36.039] RX< [ringbuf] no space data_len=66560
[23:23:36.039] RX< [3] [App Vpu] RINGBUF: write fail, size = 66142 space is not enough
[23:23:36.039] RX< [ringbuf] no space data_len=
[23:23:36.106] RX< 13312
[23:23:36.106] RX< [3] [App Vpu] RINGBUF: write fail, size = 13166 space is not enough
[23:23:36.106] RX< [ringbuf] no space data_len=15872
[23:23:36.106] RX< [3] [App Vpu] RINGBUF: write fail, size = 15818 space is not enough
[23:23:36.106] RX< [ringbuf] no space data_len=11776
[23:23:36.106] RX< [3] [App Vpu] RINGBUF: write fail, size = 11
[23:23:36.206] RX< 765 space is not enough
[23:23:36.206] RX< [ringbuf] no space data_len=15872
[23:23:36.206] RX< [3] [App Vpu] RINGBUF: write fail, size = 15849 space is not enough
[23:23:36.206] RX< [ringbuf] no space data_len=12288
[23:23:36.206] RX< [3] [App Vpu] RINGBUF: write fail, size = 11948 space is not enough
[23:23:36.206] RX< [ringbuf] no space data_l
[23:23:36.272] RX< en=15360
[23:23:36.272] RX< [3] [App Vpu] RINGBUF: write fail, size = 15022 space is not enough
[23:23:36.272] RX< [ringbuf] no space data_len=15360
[23:23:36.272] RX< [3] [App Vpu] RINGBUF: write fail, size = 15093 space is not enough
[23:23:36.272] RX< [ringbuf] no space data_len=15360
[23:23:36.272] RX< [3] [App Vpu] RINGBUF: write fail, size =
[23:23:36.372] RX<  15043 space is not enough
[23:23:36.372] RX< [ringbuf] no space data_len=15872
[23:23:36.372] RX< [3] [App Vpu] RINGBUF: write fail, size = 15397 space is not enough
[23:23:36.372] RX< [ringbuf] no space data_len=12288
[23:23:36.372] RX< [3] [App Vpu] RINGBUF: write fail, size = 12236 space is not enough
[23:23:36.372] RX< [ringbuf] no space dat
[23:23:36.439] RX< a_len=15360
[23:23:36.439] RX< [3] [App Vpu] RINGBUF: write fail, size = 14998 space is not enough
[23:23:36.439] RX< [ringbuf] no space data_len=15872
[23:23:36.439] RX< [3] [App Vpu] RINGBUF: write fail, size = 15756 space is not enough
[23:23:36.439] RX< [ringbuf] no space data_len=11264
[23:23:36.439] RX< [3] [App Vpu] RINGBUF: write fail, siz
[23:23:36.539] RX< e = 11262 space is not enough
[23:23:36.539] RX< [ringbuf] no space data_len=15360
[23:23:36.539] RX< [3] [App Vpu] RINGBUF: write fail, size = 15052 space is not enough
[23:23:36.539] RX< [ringbuf] no space data_len=15360
[23:23:36.539] RX< [3] [App Vpu] RINGBUF: write fail, size = 15105 space is not enough
[23:23:36.539] RX< [ringbuf] no space 
[23:23:36.605] RX< data_len=15360
[23:23:36.605] RX< [3] [App Vpu] RINGBUF: write fail, size = 15269 space is not enough
[23:23:36.605] RX< [ringbuf] no space data_len=15872
[23:23:36.605] RX< [3] [App Vpu] RINGBUF: write fail, size = 15397 space is not enough
[23:23:36.605] RX< [ringbuf] no space data_len=11776
[23:23:36.605] RX< [3] [App Vpu] RINGBUF: write fail, 
[23:23:36.705] RX< size = 11541 space is not enough
[23:23:36.705] RX< [ringbuf] no space data_len=14848
[23:23:36.705] RX< [3] [App Vpu] RINGBUF: write fail, size = 14668 space is not enough
[23:23:36.705] RX< [ringbuf] no space data_len=15872
[23:23:36.705] RX< [3] [App Vpu] RINGBUF: write fail, size = 15418 space is not enough
[23:23:36.705] RX< [ringbuf] no spa
[23:23:36.772] RX< ce data_len=15360
[23:23:36.772] RX< [3] [App Vpu] RINGBUF: write fail, size = 15003 space is not enough
[23:23:36.772] RX< [ringbuf] no space data_len=15360
[23:23:36.772] RX< [3] [App Vpu] RINGBUF: write fail, size = 15252 space is not enough
[23:23:36.772] RX< [ringbuf] no space data_len=14336
[23:23:36.772] RX< [3] [App Vpu] RINGBUF: write fai
[23:23:36.822] RX< l, size = 14321 space is not enough
[23:23:36.822] RX< [ringbuf] no space data_len=15872
[23:23:36.822] RX< [3] [App Vpu] RINGBUF: write fail, size = 15376 space is not enough
[23:23:36.822] RX< [34m[AE] fid=2880,exp=10280,adg=219,Y=4355,mtg=180,shg=100,bgbv=1687,iso=219,cnv2,hdr0
[23:23:36.822] RX< [0m[34m[b_ae0 proc] perf=9
[23:23:36.872] RX< 04(us), max=1108(us)!
[23:23:36.872] RX< [0m[34m[awb0 proc] perf=4376(us), max=4426(us)!
[23:23:36.872] RX< [0m[ringbuf] no space data_len=15360
[23:23:36.872] RX< [3] [App Vpu] RINGBUF: write fail, size = 15110 space is not enough
[23:23:36.872] RX< [ringbuf] no space data_len=15360
[23:23:36.872] RX< [3] [App Vpu] RINGBUF: write fail, size = 
[23:23:36.939] RX< 15268 space is not enough
[23:23:36.939] RX< [ringbuf] no space data_len=11264
[23:23:36.939] RX< [3] [App Vpu] RINGBUF: write fail, size = 10919 space is not enough
[23:23:36.939] RX< [34m[ME INTP]fid=2880, shutter=10280, perf=1495(us), max=1545(us)!
[23:23:36.939] RX< [0m[ringbuf] no space data_len=15360
[23:23:36.939] RX< [3] [App Vpu] RINGBU
[23:23:37.006] RX< F: write fail, size = 15149 space is not enough
[23:23:37.006] RX< [ringbuf] no space data_len=14848
[23:23:37.006] RX< [3] [App Vpu] RINGBUF: write fail, size = 14711 space is not enough
[23:23:37.006] RX< [7] [cam] [653205][me0][me_core_thread:322]ME out fid 2880
[23:23:37.006] RX< [ringbuf] no space data_len=57856
[23:23:37.006] RX< [3] [App Vp
[23:23:37.072] RX< u] RINGBUF: write fail, size = 57793 space is not enough
[23:23:37.072] RX< [ringbuf] no space data_len=16896
[23:23:37.072] RX< [3] [App Vpu] RINGBUF: write fail, size = 16730 space is not enough
[23:23:37.072] RX< [ringbuf] no space data_len=15360
[23:23:37.072] RX< [3] [App Vpu] RINGBUF: write fail, size = 15259 space is not 
[23:23:37.172] RX< enough
[23:23:37.172] RX< [ringbuf] no space data_len=15360
[23:23:37.172] RX< [3] [App Vpu] RINGBUF: write fail, size = 14902 space is not enough
[23:23:37.172] RX< [ringbuf] no space data_len=15872
[23:23:37.172] RX< [3] [App Vpu] RINGBUF: write fail, size = 15583 space is not enough
[23:23:37.172] RX< [ringbuf] no space data_len=15360
[23:23:37.172] RX< [3] [App
[23:23:37.240] RX<  Vpu] RINGBUF: write fail, size = 14891 space is not enough
[23:23:37.240] RX< [ringbuf] no space data_len=14848
[23:23:37.240] RX< [3] [App Vpu] RINGBUF: write fail, size = 14643 space is not enough
[23:23:37.240] RX< [ringbuf] no space data_len=14848
[23:23:37.240] RX< [3] [App Vpu] RINGBUF: write fail, size = 14525 space is n
[23:23:37.339] RX< ot enough
[23:23:37.339] RX< [ringbuf] no space data_len=15872
[23:23:37.339] RX< [3] [App Vpu] RINGBUF: write fail, size = 15446 space is not enough
[23:23:37.339] RX< [ringbuf] no space data_len=14848
[23:23:37.339] RX< [3] [App Vpu] RINGBUF: write fail, size = 14456 space is not enough
[23:23:37.339] RX< [ringbuf] no space data_len=14848
[23:23:37.339] RX< [3] [
[23:23:37.406] RX< App Vpu] RINGBUF: write fail, size = 14521 space is not enough
[23:23:37.406] RX< [ringbuf] no space data_len=14848
[23:23:37.406] RX< [3] [App Vpu] RINGBUF: write fail, size = 14620 space is not enough
[23:23:37.406] RX< [ringbuf] no space data_len=14336
[23:23:37.406] RX< [3] [App Vpu] RINGBUF: write fail, size = 13836 space i
[23:23:37.506] RX< s not enough
[23:23:37.506] RX< [ringbuf] no space data_len=14848
[23:23:37.506] RX< [3] [App Vpu] RINGBUF: write fail, size = 14440 space is not enough
[23:23:37.506] RX< [ringbuf] no space data_len=15360
[23:23:37.506] RX< [3] [App Vpu] RINGBUF: write fail, size = 15070 space is not enough
[23:23:37.506] RX< [ringbuf] no space data_len=14848
[23:23:37.506] RX< [3
[23:23:37.573] RX< ] [App Vpu] RINGBUF: write fail, size = 14422 space is not enough
[23:23:37.573] RX< [ringbuf] no space data_len=6656
[23:23:37.573] RX< [3] [App Vpu] RINGBUF: write fail, size = 6368 space is not enough
[23:23:37.573] RX< [ringbuf] no space data_len=23552
[23:23:37.573] RX< [3] [App Vpu] RINGBUF: write fail, size = 23434 space 
[23:23:37.673] RX< is not enough
[23:23:37.673] RX< [ringbuf] no space data_len=9728
[23:23:37.673] RX< [3] [App Vpu] RINGBUF: write fail, size = 9542 space is not enough
[23:23:37.673] RX< [ringbuf] no space data_len=23552
[23:23:37.673] RX< [3] [App Vpu] RINGBUF: write fail, size = 23240 space is not enough
[23:23:37.673] RX< [ringbuf] no space data_len=10240
[23:23:37.673] RX< [3]
[23:23:37.739] RX<  [App Vpu] RINGBUF: write fail, size = 10060 space is not enough
[23:23:37.739] RX< [ringbuf] no space data_len=15360
[23:23:37.739] RX< [3] [App Vpu] RINGBUF: write fail, size = 15262 space is not enough
[23:23:37.739] RX< [ringbuf] no space data_len=15360
[23:23:37.739] RX< [3] [App Vpu] RINGBUF: write fail, size = 15210 space
[23:23:37.816] RX<  is not enough
[23:23:37.816] RX< [ringbuf] no space data_len=15360
[23:23:37.816] RX< [3] [App Vpu] RINGBUF: write fail, size = 14938 space is not enough
[23:23:37.816] RX< [ringbuf] no space data_len=14848
[23:23:37.816] RX< [3] [App Vpu] RINGBUF: write fail, size = 14722 space is not enough
[23:23:37.816] RX< [34m[AE] fid=2910,exp=10280,adg=2
[23:23:37.873] RX< 19,Y=4403,mtg=180,shg=100,bgbv=1704,iso=219,cnv2,hdr0
[23:23:37.873] RX< [0m[ringbuf] no space data_len=14848
[23:23:37.873] RX< [3] [App Vpu] RINGBUF: write fail, size = 14456 space is not enough
[23:23:37.873] RX< [ringbuf] no space data_len=15360
[23:23:37.873] RX< [3] [App Vpu] RINGBUF: write fail, size = 14951 space is not 
[23:23:37.993] RX< enough
[23:23:37.993] RX< [ringbuf] no space data_len=15360
[23:23:37.993] RX< [3] [App Vpu] RINGBUF: write fail, size = 15077 space is not enough
[23:23:37.993] RX< [RTMP] slow send frame 1891 len=84437 dt=6423ms (IDR)
[23:23:37.993] RX< [RTMP] dropped 1800 p-frames (backlog 98%)
[23:23:37.993] RX< [7] [cam] [654205][me0][me_core_thread:322]ME ou
[23:23:38.939] RX< t fid 2910
[23:23:38.939] RX< [34m[AE] fid=2940,exp=10280,adg=219,Y=4436,mtg=180,shg=100,bgbv=1712,iso=219,cnv2,hdr0
[23:23:38.939] RX< [0m[ringbuf] no space data_len=14336
[23:23:38.939] RX< [3] [App Vpu] RINGBUF: write fail, size = 14281 space is not enough
[23:23:38.939] RX< [ringbuf] no space data_len=14336
[23:23:38.939] RX< [3] [App Vpu] RI
[23:23:39.005] RX< NGBUF: write fail, size = 14240 space is not enough
[23:23:39.005] RX< [ringbuf] no space data_len=14848
[23:23:39.005] RX< [3] [App Vpu] RINGBUF: write fail, size = 14483 space is not enough
[23:23:39.005] RX< [7] [cam] [655204][me0][me_core_thread:322]ME out fid 2940
[23:23:39.005] RX< [ringbuf] no space data_len=83456
[23:23:39.005] RX< [3] [Ap
[23:23:39.105] RX< p Vpu] RINGBUF: write fail, size = 83012 space is not enough
[23:23:39.105] RX< [ringbuf] no space data_len=21504
[23:23:39.105] RX< [3] [App Vpu] RINGBUF: write fail, size = 21493 space is not enough
[23:23:39.105] RX< [ringbuf] no space data_len=16384
[23:23:39.105] RX< [3] [App Vpu] RINGBUF: write fail, size = 15947 space is 
[23:23:39.205] RX< not enough
[23:23:39.205] RX< [ringbuf] no space data_len=15360
[23:23:39.205] RX< [3] [App Vpu] RINGBUF: write fail, size = 14886 space is not enough
[23:23:39.205] RX< [ringbuf] no space data_len=14848
[23:23:39.205] RX< [3] [App Vpu] RINGBUF: write fail, size = 14733 space is not enough
[23:23:39.205] RX< [ringbuf] no space data_len=15360
[23:23:39.205] RX< [3] 
[23:23:39.272] RX< [App Vpu] RINGBUF: write fail, size = 15046 space is not enough
[23:23:39.272] RX< [ringbuf] no space data_len=14848
[23:23:39.272] RX< [3] [App Vpu] RINGBUF: write fail, size = 14515 space is not enough
[23:23:39.272] RX< [ringbuf] no space data_len=15360
[23:23:39.272] RX< [3] [App Vpu] RINGBUF: write fail, size = 14970 space 
[23:23:39.372] RX< is not enough
[23:23:39.372] RX< [ringbuf] no space data_len=14848
[23:23:39.372] RX< [3] [App Vpu] RINGBUF: write fail, size = 14551 space is not enough
[23:23:39.372] RX< [ringbuf] no space data_len=14848
[23:23:39.372] RX< [3] [App Vpu] RINGBUF: write fail, size = 14673 space is not enough
[23:23:39.372] RX< [ringbuf] no space data_len=14848
[23:23:39.372] RX< [
[23:23:39.439] RX< 3] [App Vpu] RINGBUF: write fail, size = 14765 space is not enough
[23:23:39.439] RX< [ringbuf] no space data_len=14848
[23:23:39.439] RX< [3] [App Vpu] RINGBUF: write fail, size = 14624 space is not enough
[23:23:39.439] RX< [ringbuf] no space data_len=14848
[23:23:39.439] RX< [3] [App Vpu] RINGBUF: write fail, size = 14535 spa
[23:23:39.539] RX< ce is not enough
[23:23:39.539] RX< [ringbuf] no space data_len=14848
[23:23:39.539] RX< [3] [App Vpu] RINGBUF: write fail, size = 14411 space is not enough
[23:23:39.539] RX< [ringbuf] no space data_len=14848
[23:23:39.539] RX< [3] [App Vpu] RINGBUF: write fail, size = 14745 space is not enough
[23:23:39.539] RX< [ringbuf] no space data_len=1484
[23:23:39.606] RX< 8
[23:23:39.606] RX< [3] [App Vpu] RINGBUF: write fail, size = 14532 space is not enough
[23:23:39.606] RX< [ringbuf] no space data_len=14336
[23:23:39.606] RX< [3] [App Vpu] RINGBUF: write fail, size = 14285 space is not enough
[23:23:39.606] RX< [ringbuf] no space data_len=14336
[23:23:39.606] RX< [3] [App Vpu] RINGBUF: write fail, size = 14334 
[23:23:39.705] RX< space is not enough
[23:23:39.705] RX< [ringbuf] no space data_len=14336
[23:23:39.705] RX< [3] [App Vpu] RINGBUF: write fail, size = 14029 space is not enough
[23:23:39.705] RX< [ringbuf] no space data_len=14336
[23:23:39.705] RX< [3] [App Vpu] RINGBUF: write fail, size = 14159 space is not enough
[23:23:39.705] RX< [ringbuf] no space data_len=1
[23:23:39.772] RX< 4848
[23:23:39.772] RX< [3] [App Vpu] RINGBUF: write fail, size = 14447 space is not enough
[23:23:39.772] RX< [ringbuf] no space data_len=14336
[23:23:39.772] RX< [3] [App Vpu] RINGBUF: write fail, size = 14330 space is not enough
[23:23:39.772] RX< [ringbuf] no space data_len=14336
[23:23:39.772] RX< [3] [App Vpu] RINGBUF: write fail, size = 141
[23:23:39.820] RX< 87 space is not enough
[23:23:39.820] RX< [ringbuf] no space data_len=14336
[23:23:39.820] RX< [3] [App Vpu] RINGBUF: write fail, size = 14060 space is not enough
[23:23:39.820] RX< [34m[AE] fid=2970,exp=10280,adg=219,Y=4448,mtg=180,shg=100,bgbv=1716,iso=219,cnv2,hdr0
[23:23:39.820] RX< [0m[34m[b_ae0 proc] perf=946(us), max=1
[23:23:39.872] RX< 102(us)!
[23:23:39.872] RX< [0m[34m[awb0 proc] perf=4374(us), max=4445(us)!
[23:23:39.872] RX< [0m[ringbuf] no space data_len=14848
[23:23:39.872] RX< [3] [App Vpu] RINGBUF: write fail, size = 14430 space is not enough
[23:23:39.872] RX< [ringbuf] no space data_len=14336
[23:23:39.872] RX< [3] [App Vpu] RINGBUF: write fail, size = 13921 space i
[23:23:39.972] RX< s not enough
[23:23:39.972] RX< [ringbuf] no space data_len=14848
[23:23:39.972] RX< [3] [App Vpu] RINGBUF: write fail, size = 14366 space is not enough
[23:23:39.972] RX< [ringbuf] no space data_len=14336
[23:23:39.972] RX< [3] [App Vpu] RINGBUF: write fail, size = 13914 space is not enough
[23:23:39.972] RX< [ringbuf] no space data_len=14336
[23:23:39.972] RX< [3
[23:23:40.038] RX< ] [App Vpu] RINGBUF: write fail, size = 14041 space is not enough
[23:23:40.038] RX< [7] [cam] [656204][me0][me_core_thread:322]ME out fid 2970
[23:23:40.038] RX< [ringbuf] no space data_len=83456
[23:23:40.038] RX< [3] [App Vpu] RINGBUF: write fail, size = 83180 space is not enough
[23:23:40.038] RX< [ringbuf] no space data_len
[23:23:40.105] RX< =20992
[23:23:40.105] RX< [3] [App Vpu] RINGBUF: write fail, size = 20953 space is not enough
[23:23:40.105] RX< [ringbuf] no space data_len=7168
[23:23:40.105] RX< [3] [App Vpu] RINGBUF: write fail, size = 7006 space is not enough
[23:23:40.105] RX< [ringbuf] no space data_len=15872
[23:23:40.105] RX< [3] [App Vpu] RINGBUF: write fail, size = 158
[23:23:40.815] RX< 21 space is not enough
[23:23:40.815] RX< [ringbuf] no space data_len=15360
[23:23:40.815] RX< [3] [App Vpu] RINGBUF: write fail, size = 14942 space is not enough
[23:23:40.815] RX< [RTMP] slow send frame 1921 len=62386 dt=2205ms (IDR)
[23:23:40.815] RX< [RTMP] dropped 1830 p-frames (backlog 97%)
[23:23:40.815] RX< [34m[AE] fid=3000,exp=10280,adg
[23:23:41.171] RX< =219,Y=4450,mtg=180,shg=100,bgbv=1720,iso=219,cnv2,hdr0
[23:23:41.171] RX< [0m[34m[ME INTP]fid=3000, shutter=10280, perf=396(us), max=1539(us)!
[23:23:41.171] RX< [0m[7] [cam] [657204][me0][me_core_thread:322]ME out fid 3000
[23:23:41.171] RX< [ringbuf] no space data_len=14848
[23:23:41.171] RX< [3] [App Vpu] RINGBUF: write fai
[23:23:41.272] RX< l, size = 14593 space is not enough
[23:23:41.272] RX< [ringbuf] no space data_len=14848
[23:23:41.272] RX< [3] [App Vpu] RINGBUF: write fail, size = 14729 space is not enough
[23:23:41.272] RX< [ringbuf] no space data_len=14848
[23:23:41.272] RX< [3] [App Vpu] RINGBUF: write fail, size = 14682 space is not enough
[23:23:41.272] RX< [ringbuf] no 
[23:23:41.339] RX< space data_len=14848
[23:23:41.339] RX< [3] [App Vpu] RINGBUF: write fail, size = 14572 space is not enough
[23:23:41.339] RX< [ringbuf] no space data_len=14848
[23:23:41.339] RX< [3] [App Vpu] RINGBUF: write fail, size = 14568 space is not enough
[23:23:41.339] RX< [ringbuf] no space data_len=14848
[23:23:41.339] RX< [3] [App Vpu] RINGBUF: write 
[23:23:41.439] RX< fail, size = 14380 space is not enough
[23:23:41.439] RX< [ringbuf] no space data_len=14848
[23:23:41.439] RX< [3] [App Vpu] RINGBUF: write fail, size = 14430 space is not enough
[23:23:41.439] RX< [ringbuf] no space data_len=14336
[23:23:41.439] RX< [3] [App Vpu] RINGBUF: write fail, size = 14200 space is not enough
[23:23:41.439] RX< [ringbuf] 
[23:23:41.505] RX< no space data_len=15360
[23:23:41.505] RX< [3] [App Vpu] RINGBUF: write fail, size = 14949 space is not enough
[23:23:41.505] RX< [ringbuf] no space data_len=14336
[23:23:41.505] RX< [3] [App Vpu] RINGBUF: write fail, size = 14259 space is not enough
[23:23:41.505] RX< [ringbuf] no space data_len=14336
[23:23:41.505] RX< [3] [App Vpu] RINGBUF: wri
[23:23:41.605] RX< te fail, size = 14136 space is not enough
[23:23:41.605] RX< [ringbuf] no space data_len=14336
[23:23:41.605] RX< [3] [App Vpu] RINGBUF: write fail, size = 14285 space is not enough
[23:23:41.605] RX< [ringbuf] no space data_len=14848
[23:23:41.605] RX< [3] [App Vpu] RINGBUF: write fail, size = 14716 space is not enough
[23:23:41.605] RX< [ringbu
[23:23:41.672] RX< f] no space data_len=14336
[23:23:41.672] RX< [3] [App Vpu] RINGBUF: write fail, size = 14270 space is not enough
[23:23:41.672] RX< [ringbuf] no space data_len=14848
[23:23:41.672] RX< [3] [App Vpu] RINGBUF: write fail, size = 14400 space is not enough
[23:23:41.672] RX< [ringbuf] no space data_len=14848
[23:23:41.672] RX< [3] [App Vpu] RINGBUF: 
[23:23:41.772] RX< write fail, size = 14442 space is not enough
[23:23:41.772] RX< [ringbuf] no space data_len=14336
[23:23:41.772] RX< [3] [App Vpu] RINGBUF: write fail, size = 14212 space is not enough
[23:23:41.772] RX< [ringbuf] no space data_len=14336
[23:23:41.772] RX< [3] [App Vpu] RINGBUF: write fail, size = 14306 space is not enough
[23:23:41.772] RX< [rin
[23:23:41.816] RX< gbuf] no space data_len=14336
[23:23:41.816] RX< [3] [App Vpu] RINGBUF: write fail, size = 14072 space is not enough
[23:23:41.816] RX< [ringbuf] no space data_len=14336
[23:23:41.816] RX< [3] [App Vpu] RINGBUF: write fail, size = 14162 space is not enough
[23:23:41.816] RX< [34m[AE] fid=3030,exp=10280,adg=219,Y=4458,mtg=180,sh
[23:23:41.905] RX< g=100,bgbv=1720,iso=219,cnv2,hdr0
[23:23:41.905] RX< [0m[ringbuf] no space data_len=14336
[23:23:41.905] RX< [3] [App Vpu] RINGBUF: write fail, size = 13890 space is not enough
[23:23:41.905] RX< [ringbuf] no space data_len=14336
[23:23:41.905] RX< [3] [App Vpu] RINGBUF: write fail, size = 13921 space is not enough
[23:23:41.905] RX< [ringbuf] no
[23:23:41.972] RX<  space data_len=14336
[23:23:41.972] RX< [3] [App Vpu] RINGBUF: write fail, size = 14013 space is not enough
[23:23:41.972] RX< [ringbuf] no space data_len=14336
[23:23:41.972] RX< [3] [App Vpu] RINGBUF: write fail, size = 14228 space is not enough
[23:23:41.972] RX< [ringbuf] no space data_len=14336
[23:23:41.972] RX< [3] [App Vpu] RINGBUF: write
[23:23:42.039] RX<  fail, size = 14165 space is not enough
[23:23:42.039] RX< [7] [cam] [658204][me0][me_core_thread:322]ME out fid 3030
[23:23:42.039] RX< [ringbuf] no space data_len=83456
[23:23:42.039] RX< [3] [App Vpu] RINGBUF: write fail, size = 83007 space is not enough
[23:23:42.039] RX< [ringbuf] no space data_len=21504
[23:23:42.039] RX< [3] [App Vpu] RINGB
[23:23:42.139] RX< UF: write fail, size = 20996 space is not enough
[23:23:42.139] RX< [ringbuf] no space data_len=7168
[23:23:42.139] RX< [3] [App Vpu] RINGBUF: write fail, size = 7146 space is not enough
[23:23:42.139] RX< [ringbuf] no space data_len=15872
[23:23:42.139] RX< [3] [App Vpu] RINGBUF: write fail, size = 15556 space is not enough
[23:23:42.139] RX< [r
[23:23:42.205] RX< ingbuf] no space data_len=15360
[23:23:42.205] RX< [3] [App Vpu] RINGBUF: write fail, size = 15134 space is not enough
[23:23:42.205] RX< [ringbuf] no space data_len=14848
[23:23:42.205] RX< [3] [App Vpu] RINGBUF: write fail, size = 14647 space is not enough
[23:23:42.205] RX< [ringbuf] no space data_len=14848
[23:23:42.205] RX< [3] [App Vpu] RING
[23:23:42.272] RX< BUF: write fail, size = 14661 space is not enough
[23:23:42.272] RX< [ringbuf] no space data_len=14848
[23:23:42.272] RX< [3] [App Vpu] RINGBUF: write fail, size = 14416 space is not enough
[23:23:42.272] RX< [ringbuf] no space data_len=14848
[23:23:42.272] RX< [3] [App Vpu] RINGBUF: write fail, size = 14575 space is not enough
[23:23:42.372] RX< 
[23:23:42.372] RX< [ringbuf] no space data_len=14336
[23:23:42.372] RX< [3] [App Vpu] RINGBUF: write fail, size = 14225 space is not enough
[23:23:42.372] RX< [ringbuf] no space data_len=14848
[23:23:42.372] RX< [3] [App Vpu] RINGBUF: write fail, size = 14583 space is not enough
[23:23:42.372] RX< [ringbuf] no space data_len=14848
[23:23:42.372] RX< [3] [App Vpu] R
[23:23:42.438] RX< INGBUF: write fail, size = 14527 space is not enough
[23:23:42.438] RX< [ringbuf] no space data_len=14848
[23:23:42.438] RX< [3] [App Vpu] RINGBUF: write fail, size = 14489 space is not enough
[23:23:42.438] RX< [ringbuf] no space data_len=14848
[23:23:42.438] RX< [3] [App Vpu] RINGBUF: write fail, size = 14796 space is not enou
[23:23:42.538] RX< gh
[23:23:42.538] RX< [ringbuf] no space data_len=14848
[23:23:42.538] RX< [3] [App Vpu] RINGBUF: write fail, size = 14702 space is not enough
[23:23:42.538] RX< [ringbuf] no space data_len=15360
[23:23:42.538] RX< [3] [App Vpu] RINGBUF: write fail, size = 15004 space is not enough
[23:23:42.538] RX< [ringbuf] no space data_len=14848
[23:23:42.538] RX< [3] [App Vpu
[23:23:42.605] RX< ] RINGBUF: write fail, size = 14736 space is not enough
[23:23:42.605] RX< [ringbuf] no space data_len=14848
[23:23:42.605] RX< [3] [App Vpu] RINGBUF: write fail, size = 14488 space is not enough
[23:23:42.605] RX< [ringbuf] no space data_len=14848
[23:23:42.605] RX< [3] [App Vpu] RINGBUF: write fail, size = 14562 space is not e
[23:23:42.705] RX< nough
[23:23:42.705] RX< [ringbuf] no space data_len=14848
[23:23:42.705] RX< [3] [App Vpu] RINGBUF: write fail, size = 14538 space is not enough
[23:23:42.705] RX< [ringbuf] no space data_len=14336
[23:23:42.705] RX< [3] [App Vpu] RINGBUF: write fail, size = 14319 space is not enough
[23:23:42.705] RX< [ringbuf] no space data_len=14848
[23:23:42.705] RX< [3] [App 
[23:23:42.772] RX< Vpu] RINGBUF: write fail, size = 14509 space is not enough
[23:23:42.772] RX< [ringbuf] no space data_len=14848
[23:23:42.772] RX< [3] [App Vpu] RINGBUF: write fail, size = 14580 space is not enough
[23:23:42.772] RX< [ringbuf] no space data_len=14848
[23:23:42.772] RX< [3] [App Vpu] RINGBUF: write fail, size = 14752 space is no
[23:23:42.820] RX< t enough
[23:23:42.820] RX< [ringbuf] no space data_len=14848
[23:23:42.820] RX< [3] [App Vpu] RINGBUF: write fail, size = 14447 space is not enough
[23:23:42.820] RX< [34m[AE] fid=3060,exp=10280,adg=219,Y=4433,mtg=180,shg=100,bgbv=1712,iso=219,cnv2,hdr0
[23:23:42.820] RX< [0m[34m[b_ae0 proc] perf=1113(us), max=1113(us)!
[23:23:42.820] RX< [0
[23:23:42.872] RX< m[34m[awb0 proc] perf=4391(us), max=4441(us)!
[23:23:42.872] RX< [0m[ringbuf] no space data_len=14848
[23:23:42.872] RX< [3] [App Vpu] RINGBUF: write fail, size = 14671 space is not enough
[23:23:42.872] RX< [ringbuf] no space data_len=14848
[23:23:42.872] RX< [3] [App Vpu] RINGBUF: write fail, size = 14616 space is not enough
[23:23:42.972] RX< 
[23:23:42.972] RX< [ringbuf] no space data_len=15360
[23:23:42.972] RX< [3] [App Vpu] RINGBUF: write fail, size = 14987 space is not enough
[23:23:42.972] RX< [ringbuf] no space data_len=14848
[23:23:42.972] RX< [3] [App Vpu] RINGBUF: write fail, size = 14679 space is not enough
[23:23:42.972] RX< [ringbuf] no space data_len=14848
[23:23:42.972] RX< [3] [App Vpu] R
[23:23:43.038] RX< INGBUF: write fail, size = 14351 space is not enough
[23:23:43.038] RX< [ringbuf] no space data_len=83456
[23:23:43.038] RX< [3] [App Vpu] RINGBUF: write fail, size = 83340 space is not enough
[23:23:43.038] RX< [7] [cam] [659206][me0][me_core_thread:322]ME out fid 3060
[23:23:43.038] RX< [ringbuf] no space data_len=22016
[23:23:43.038] RX< [3] [A
[23:23:43.105] RX< pp Vpu] RINGBUF: write fail, size = 21801 space is not enough
[23:23:43.105] RX< [ringbuf] no space data_len=7680
[23:23:43.105] RX< [3] [App Vpu] RINGBUF: write fail, size = 7417 space is not enough
[23:23:43.105] RX< [ringbuf] no space data_len=16384
[23:23:43.105] RX< [3] [App Vpu] RINGBUF: write fail, size = 16131 space is n
[23:23:43.205] RX< ot enough
[23:23:43.205] RX< [ringbuf] no space data_len=9216
[23:23:43.205] RX< [3] [App Vpu] RINGBUF: write fail, size = 9098 space is not enough
[23:23:43.205] RX< [ringbuf] no space data_len=23040
[23:23:43.205] RX< [3] [App Vpu] RINGBUF: write fail, size = 22533 space is not enough
[23:23:43.205] RX< [ringbuf] no space data_len=10240
[23:23:43.205] RX< [3] [Ap
[23:23:43.284] RX< p Vpu] RINGBUF: write fail, size = 9899 space is not enough
[23:23:43.284] RX< [ringbuf] no space data_len=15360
[23:23:43.284] RX< [3] [App Vpu] RINGBUF: write fail, size = 15005 space is not enough
[23:23:43.284] RX< [ringbuf] no space data_len=15360
[23:23:43.284] RX< [3] [App Vpu] RINGBUF: write fail, size = 14956 space is n
[23:23:43.991] RX< ot enough
[23:23:43.991] RX< [RTMP] slow send frame 1951 len=85006 dt=3126ms (IDR)
[23:23:43.991] RX< [RTMP] dropped 1860 p-frames (backlog 97%)
[23:23:43.991] RX< [RTMP] f_index = 1980, f_len = 17815
[23:23:43.991] RX< [34m[AE] fid=3090,exp=10280,adg=219,Y=4413,mtg=180,shg=100,bgbv=1708,iso=219,cnv2,hdr0
[23:23:43.991] RX< [0m[7] [cam] [660204][
[23:23:44.371] RX< me0][me_core_thread:322]ME out fid 3090
[23:23:44.371] RX< [ringbuf] no space data_len=14848
[23:23:44.371] RX< [3] [App Vpu] RINGBUF: write fail, size = 14650 space is not enough
[23:23:44.371] RX< [ringbuf] no space data_len=14848
[23:23:44.371] RX< [3] [App Vpu] RINGBUF: write fail, size = 14626 space is not enough
[23:23:44.371] RX< [ringbuf] 
[23:23:44.438] RX< no space data_len=14848
[23:23:44.438] RX< [3] [App Vpu] RINGBUF: write fail, size = 14606 space is not enough
[23:23:44.438] RX< [ringbuf] no space data_len=14848
[23:23:44.438] RX< [3] [App Vpu] RINGBUF: write fail, size = 14658 space is not enough
[23:23:44.438] RX< [ringbuf] no space data_len=14336
[23:23:44.438] RX< [3] [App Vpu] RINGBUF: wri
[23:23:44.538] RX< te fail, size = 14299 space is not enough
[23:23:44.538] RX< [ringbuf] no space data_len=14848
[23:23:44.538] RX< [3] [App Vpu] RINGBUF: write fail, size = 14519 space is not enough
[23:23:44.538] RX< [ringbuf] no space data_len=14336
[23:23:44.538] RX< [3] [App Vpu] RINGBUF: write fail, size = 14297 space is not enough
[23:23:44.538] RX< [ringbu
[23:23:44.604] RX< f] no space data_len=14336
[23:23:44.604] RX< [3] [App Vpu] RINGBUF: write fail, size = 14296 space is not enough
[23:23:44.604] RX< [ringbuf] no space data_len=14336
[23:23:44.604] RX< [3] [App Vpu] RINGBUF: write fail, size = 14158 space is not enough
[23:23:44.604] RX< [ringbuf] no space data_len=14848
[23:23:44.604] RX< [3] [App Vpu] RINGBUF: 
[23:23:44.704] RX< write fail, size = 14535 space is not enough
[23:23:44.704] RX< [ringbuf] no space data_len=14848
[23:23:44.704] RX< [3] [App Vpu] RINGBUF: write fail, size = 14629 space is not enough
[23:23:44.704] RX< [ringbuf] no space data_len=14336
[23:23:44.704] RX< [3] [App Vpu] RINGBUF: write fail, size = 14307 space is not enough
[23:23:44.704] RX< [rin
[23:23:44.788] RX< gbuf] no space data_len=14848
[23:23:44.788] RX< [3] [App Vpu] RINGBUF: write fail, size = 14680 space is not enough
[23:23:44.788] RX< [ringbuf] no space data_len=14848
[23:23:44.788] RX< [3] [App Vpu] RINGBUF: write fail, size = 14437 space is not enough
[23:23:44.788] RX< [ringbuf] no space data_len=14336
[23:23:44.788] RX< [3] [App Vpu] RINGBU
[23:23:44.915] RX< F: write fail, size = 14296 space is not enough
[23:23:44.915] RX< [RTMP] slow send frame 1981 len=84288 dt=1492ms (IDR)
[23:23:44.915] RX< [RTMP] dropped 1890 p-frames (backlog 97%)
[23:23:44.915] RX< [34m[AE] fid=3120,exp=10280,adg=219,Y=4432,mtg=180,shg=100,bgbv=1712,iso=219,cnv2,hdr0
[23:23:44.915] RX< [0m[34m[ME INTP]fid=
[23:23:45.820] RX< 3120, shutter=10280, perf=6(us), max=396(us)!
[23:23:45.820] RX< [0m[7] [cam] [661204][me0][me_core_thread:322]ME out fid 3120
[23:23:45.820] RX< [ringbuf] no space data_len=14848
[23:23:45.820] RX< [3] [App Vpu] RINGBUF: write fail, size = 14723 space is not enough
[23:23:45.820] RX< [34m[AE] fid=3150,exp=10280,adg=219,Y=4450,
[23:23:45.871] RX< mtg=180,shg=100,bgbv=1720,iso=219,cnv2,hdr0
[23:23:45.871] RX< [0m[34m[b_ae0 proc] perf=998(us), max=1113(us)!
[23:23:45.871] RX< [0m[34m[awb0 proc] perf=4380(us), max=4447(us)!
[23:23:45.871] RX< [0m[ringbuf] no space data_len=14848
[23:23:45.871] RX< [3] [App Vpu] RINGBUF: write fail, size = 14367 space is not enough
[23:23:45.871] RX< [rin
[23:23:45.938] RX< gbuf] no space data_len=14336
[23:23:45.938] RX< [3] [App Vpu] RINGBUF: write fail, size = 14303 space is not enough
[23:23:45.938] RX< [ringbuf] no space data_len=14336
[23:23:45.938] RX< [3] [App Vpu] RINGBUF: write fail, size = 14238 space is not enough
[23:23:45.938] RX< [ringbuf] no space data_len=14848
[23:23:45.938] RX< [3] [App Vpu] RINGBU
[23:23:46.038] RX< F: write fail, size = 14403 space is not enough
[23:23:46.038] RX< [7] [cam] [662203][me0][me_core_thread:322]ME out fid 3150
[23:23:46.038] RX< [ringbuf] no space data_len=82432
[23:23:46.038] RX< [3] [App Vpu] RINGBUF: write fail, size = 82220 space is not enough
[23:23:46.038] RX< [ringbuf] no space data_len=21504
[23:23:46.038] RX< [3] [App Vp
[23:23:46.104] RX< u] RINGBUF: write fail, size = 21190 space is not enough
[23:23:46.104] RX< [ringbuf] no space data_len=7680
[23:23:46.104] RX< [3] [App Vpu] RINGBUF: write fail, size = 7551 space is not enough
[23:23:46.104] RX< [ringbuf] no space data_len=17408
[23:23:46.104] RX< [3] [App Vpu] RINGBUF: write fail, size = 17229 space is not en
[23:23:46.204] RX< ough
[23:23:46.204] RX< [ringbuf] no space data_len=11264
[23:23:46.204] RX< [3] [App Vpu] RINGBUF: write fail, size = 11063 space is not enough
[23:23:46.204] RX< [ringbuf] no space data_len=17408
[23:23:46.204] RX< [3] [App Vpu] RINGBUF: write fail, size = 17079 space is not enough
[23:23:46.204] RX< [ringbuf] no space data_len=12288
[23:23:46.204] RX< [3] [App V
[23:23:46.271] RX< pu] RINGBUF: write fail, size = 11899 space is not enough
[23:23:46.271] RX< [ringbuf] no space data_len=17408
[23:23:46.271] RX< [3] [App Vpu] RINGBUF: write fail, size = 17290 space is not enough
[23:23:46.271] RX< [ringbuf] no space data_len=11776
[23:23:46.271] RX< [3] [App Vpu] RINGBUF: write fail, size = 11605 space is not
[23:23:46.372] RX<  enough
[23:23:46.372] RX< [ringbuf] no space data_len=16896
[23:23:46.372] RX< [3] [App Vpu] RINGBUF: write fail, size = 16896 space is not enough
[23:23:46.372] RX< [ringbuf] no space data_len=11776
[23:23:46.372] RX< [3] [App Vpu] RINGBUF: write fail, size = 11499 space is not enough
[23:23:46.372] RX< [ringbuf] no space data_len=16384
[23:23:46.372] RX< [3] [Ap
[23:23:46.438] RX< p Vpu] RINGBUF: write fail, size = 16187 space is not enough
[23:23:46.438] RX< [ringbuf] no space data_len=9728
[23:23:46.438] RX< [3] [App Vpu] RINGBUF: write fail, size = 9591 space is not enough
[23:23:46.438] RX< [ringbuf] no space data_len=22528
[23:23:46.438] RX< [3] [App Vpu] RINGBUF: write fail, size = 22178 space is no
[23:23:46.537] RX< t enough
[23:23:46.537] RX< [ringbuf] no space data_len=10240
[23:23:46.537] RX< [3] [App Vpu] RINGBUF: write fail, size = 9907 space is not enough
[23:23:46.537] RX< [ringbuf] no space data_len=15872
[23:23:46.537] RX< [3] [App Vpu] RINGBUF: write fail, size = 15584 space is not enough
[23:23:46.537] RX< [ringbuf] no space data_len=14848
[23:23:46.537] RX< [3] [Ap
[23:23:46.604] RX< p Vpu] RINGBUF: write fail, size = 14818 space is not enough
[23:23:46.604] RX< [ringbuf] no space data_len=15872
[23:23:46.604] RX< [3] [App Vpu] RINGBUF: write fail, size = 15592 space is not enough
[23:23:46.604] RX< [ringbuf] no space data_len=9728
[23:23:46.604] RX< [3] [App Vpu] RINGBUF: write fail, size = 9576 space is no
[23:23:46.705] RX< t enough
[23:23:46.705] RX< [ringbuf] no space data_len=22016
[23:23:46.705] RX< [3] [App Vpu] RINGBUF: write fail, size = 21567 space is not enough
[23:23:46.705] RX< [ringbuf] no space data_len=9728
[23:23:46.705] RX< [3] [App Vpu] RINGBUF: write fail, size = 9716 space is not enough
[23:23:46.705] RX< [ringbuf] no space data_len=22016
[23:23:46.705] RX< [3] [App
[23:23:46.772] RX<  Vpu] RINGBUF: write fail, size = 22004 space is not enough
[23:23:46.772] RX< [ringbuf] no space data_len=9728
[23:23:46.772] RX< [3] [App Vpu] RINGBUF: write fail, size = 9568 space is not enough
[23:23:46.772] RX< [ringbuf] no space data_len=14848
[23:23:46.772] RX< [3] [App Vpu] RINGBUF: write fail, size = 14703 space is not
[23:23:46.838] RX<  enough
[23:23:46.838] RX< [ringbuf] no space data_len=14336
[23:23:46.838] RX< [3] [App Vpu] RINGBUF: write fail, size = 14304 space is not enough
[23:23:46.838] RX< [34m[AE] fid=3180,exp=10280,adg=219,Y=4450,mtg=180,shg=100,bgbv=1720,iso=219,cnv2,hdr0
[23:23:46.838] RX< [0m[ringbuf] no space data_len=14336
[23:23:46.838] RX< [3] [App Vpu] RING
[23:23:46.904] RX< BUF: write fail, size = 14277 space is not enough
[23:23:46.904] RX< [ringbuf] no space data_len=14336
[23:23:46.904] RX< [3] [App Vpu] RINGBUF: write fail, size = 14277 space is not enough
[23:23:46.904] RX< [ringbuf] no space data_len=14848
[23:23:46.904] RX< [3] [App Vpu] RINGBUF: write fail, size = 14425 space is not enough
[23:23:47.004] RX< 
[23:23:47.004] RX< [ringbuf] no space data_len=14336
[23:23:47.004] RX< [3] [App Vpu] RINGBUF: write fail, size = 14151 space is not enough
[23:23:47.004] RX< [ringbuf] no space data_len=14336
[23:23:47.004] RX< [3] [App Vpu] RINGBUF: write fail, size = 14127 space is not enough
[23:23:47.004] RX< [7] [cam] [663203][me0][me_core_thread:322]ME out
[23:23:47.072] RX<  fid 3180
[23:23:47.072] RX< [ringbuf] no space data_len=81408
[23:23:47.072] RX< [3] [App Vpu] RINGBUF: write fail, size = 81267 space is not enough
[23:23:47.072] RX< [ringbuf] no space data_len=21504
[23:23:47.072] RX< [3] [App Vpu] RINGBUF: write fail, size = 21156 space is not enough
[23:23:47.072] RX< [ringbuf] no space data_len=7168
[23:23:47.072] RX< [3] [Ap
[23:23:47.138] RX< p Vpu] RINGBUF: write fail, size = 6968 space is not enough
[23:23:47.138] RX< [ringbuf] no space data_len=15872
[23:23:47.138] RX< [3] [App Vpu] RINGBUF: write fail, size = 15762 space is not enough
[23:23:47.138] RX< [ringbuf] no space data_len=15360
[23:23:47.138] RX< [3] [App Vpu] RINGBUF: write fail, size = 14934 space is n
[23:23:47.238] RX< ot enough
[23:23:47.238] RX< [ringbuf] no space data_len=15360
[23:23:47.238] RX< [3] [App Vpu] RINGBUF: write fail, size = 15061 space is not enough
[23:23:47.238] RX< [ringbuf] no space data_len=15360
[23:23:47.238] RX< [3] [App Vpu] RINGBUF: write fail, size = 14924 space is not enough
[23:23:47.238] RX< [ringbuf] no space data_len=14848
[23:23:47.238] RX< [3] [
[23:23:47.305] RX< App Vpu] RINGBUF: write fail, size = 14699 space is not enough
[23:23:47.305] RX< [ringbuf] no space data_len=14848
[23:23:47.305] RX< [3] [App Vpu] RINGBUF: write fail, size = 14819 space is not enough
[23:23:47.305] RX< [ringbuf] no space data_len=14848
[23:23:47.305] RX< [3] [App Vpu] RINGBUF: write fail, size = 14623 space i
[23:23:47.405] RX< s not enough
[23:23:47.405] RX< [ringbuf] no space data_len=14336
[23:23:47.405] RX< [3] [App Vpu] RINGBUF: write fail, size = 14327 space is not enough
[23:23:47.405] RX< [ringbuf] no space data_len=14848
[23:23:47.405] RX< [3] [App Vpu] RINGBUF: write fail, size = 14477 space is not enough
[23:23:47.405] RX< [ringbuf] no space data_len=14848
[23:23:47.405] RX< [3
[23:23:47.471] RX< ] [App Vpu] RINGBUF: write fail, size = 14408 space is not enough
[23:23:47.471] RX< [ringbuf] no space data_len=14336
[23:23:47.471] RX< [3] [App Vpu] RINGBUF: write fail, size = 14238 space is not enough
[23:23:47.471] RX< [ringbuf] no space data_len=14848
[23:23:47.471] RX< [3] [App Vpu] RINGBUF: write fail, size = 14337 spac
[23:23:47.571] RX< e is not enough
[23:23:47.571] RX< [ringbuf] no space data_len=14336
[23:23:47.571] RX< [3] [App Vpu] RINGBUF: write fail, size = 14279 space is not enough
[23:23:47.571] RX< [ringbuf] no space data_len=14336
[23:23:47.571] RX< [3] [App Vpu] RINGBUF: write fail, size = 14324 space is not enough
[23:23:47.571] RX< [ringbuf] no space data_len=14336
[23:23:47.638] RX< 
[23:23:47.638] RX< [3] [App Vpu] RINGBUF: write fail, size = 14250 space is not enough
[23:23:47.638] RX< [ringbuf] no space data_len=14336
[23:23:47.638] RX< [3] [App Vpu] RINGBUF: write fail, size = 14237 space is not enough
[23:23:47.638] RX< [ringbuf] no space data_len=14848
[23:23:47.638] RX< [3] [App Vpu] RINGBUF: write fail, size = 14496 s
[23:23:47.991] RX< pace is not enough
[23:23:47.991] RX< [RTMP] slow send frame 2011 len=84840 dt=2868ms (IDR)
[23:23:47.991] RX< [RTMP] dropped 1920 p-frames (backlog 97%)
[23:23:47.991] RX< [34m[AE] fid=3210,exp=10280,adg=219,Y=4448,mtg=180,shg=100,bgbv=1716,iso=219,cnv2,hdr0
[23:23:47.991] RX< [0m[7] [cam] [664203][me0][me_core_thread:322]ME o
[23:23:48.704] RX< ut fid 3210
[23:23:48.704] RX< [ringbuf] no space data_len=13824
[23:23:48.704] RX< [3] [App Vpu] RINGBUF: write fail, size = 13730 space is not enough
[23:23:48.704] RX< [ringbuf] no space data_len=14336
[23:23:48.704] RX< [3] [App Vpu] RINGBUF: write fail, size = 14216 space is not enough
[23:23:48.704] RX< [ringbuf] no space data_len=14336
[23:23:48.704] RX< [3] 
[23:23:48.771] RX< [App Vpu] RINGBUF: write fail, size = 14271 space is not enough
[23:23:48.771] RX< [ringbuf] no space data_len=14848
[23:23:48.771] RX< [3] [App Vpu] RINGBUF: write fail, size = 14400 space is not enough
[23:23:48.771] RX< [ringbuf] no space data_len=15360
[23:23:48.771] RX< [3] [App Vpu] RINGBUF: write fail, size = 15155 space 
[23:23:48.819] RX< is not enough
[23:23:48.819] RX< [ringbuf] no space data_len=15872
[23:23:48.819] RX< [3] [App Vpu] RINGBUF: write fail, size = 15379 space is not enough
[23:23:48.819] RX< [34m[AE] fid=3240,exp=10280,adg=219,Y=4454,mtg=180,shg=100,bgbv=1720,iso=219,cnv2,hdr0
[23:23:48.819] RX< [0m[34m[b_ae0 proc] perf=948(us), max=1136(us)!
[23:23:48.871] RX< 
[23:23:48.871] RX< [0m[34m[awb0 proc] perf=4384(us), max=4447(us)!
[23:23:48.871] RX< [0m[ringbuf] no space data_len=15360
[23:23:48.871] RX< [3] [App Vpu] RINGBUF: write fail, size = 15335 space is not enough
[23:23:48.871] RX< [ringbuf] no space data_len=9728
[23:23:48.871] RX< [3] [App Vpu] RINGBUF: write fail, size = 9655 space is not enoug
[23:23:48.938] RX< h
[23:23:48.938] RX< [ringbuf] no space data_len=22016
[23:23:48.938] RX< [3] [App Vpu] RINGBUF: write fail, size = 21592 space is not enough
[23:23:48.938] RX< [34m[ME INTP]fid=3240, shutter=10280, perf=7(us), max=290(us)!
[23:23:48.938] RX< [0m[ringbuf] no space data_len=10240
[23:23:48.938] RX< [3] [App Vpu] RINGBUF: write fail, size = 9824 s
[23:23:49.004] RX< pace is not enough
[23:23:49.004] RX< [ringbuf] no space data_len=14848
[23:23:49.004] RX< [3] [App Vpu] RINGBUF: write fail, size = 14673 space is not enough
[23:23:49.004] RX< [7] [cam] [665203][me0][me_core_thread:322]ME out fid 3240
[23:23:49.004] RX< [ringbuf] no space data_len=82432
[23:23:49.004] RX< [3] [App Vpu] RINGBUF: write fail, size 
[23:23:49.138] RX< = 82140 space is not enough
[23:23:49.138] RX< [ringbuf] no space data_len=22016
[23:23:49.138] RX< [3] [App Vpu] RINGBUF: write fail, size = 21606 space is not enough
[23:23:49.138] RX< [ringbuf] no space data_len=16384
[23:23:49.138] RX< [3] [App Vpu] RINGBUF: write fail, size = 16304 space is not enough
[23:23:49.138] RX< [ringbuf] no space da
[23:23:49.204] RX< ta_len=9216
[23:23:49.204] RX< [3] [App Vpu] RINGBUF: write fail, size = 9201 space is not enough
[23:23:49.204] RX< [ringbuf] no space data_len=22528
[23:23:49.204] RX< [3] [App Vpu] RINGBUF: write fail, size = 22107 space is not enough
[23:23:49.204] RX< [ringbuf] no space data_len=10240
[23:23:49.204] RX< [3] [App Vpu] RINGBUF: write fail, size
[23:23:49.304] RX<  = 9788 space is not enough
[23:23:49.304] RX< [ringbuf] no space data_len=14848
[23:23:49.304] RX< [3] [App Vpu] RINGBUF: write fail, size = 14740 space is not enough
[23:23:49.304] RX< [ringbuf] no space data_len=15360
[23:23:49.304] RX< [3] [App Vpu] RINGBUF: write fail, size = 14859 space is not enough
[23:23:49.304] RX< [ringbuf] no space da
[23:23:49.371] RX< ta_len=14848
[23:23:49.371] RX< [3] [App Vpu] RINGBUF: write fail, size = 14650 space is not enough
[23:23:49.371] RX< [ringbuf] no space data_len=15360
[23:23:49.371] RX< [3] [App Vpu] RINGBUF: write fail, size = 15005 space is not enough
[23:23:49.371] RX< [ringbuf] no space data_len=14848
[23:23:49.371] RX< [3] [App Vpu] RINGBUF: write fail, si
[23:23:49.471] RX< ze = 14813 space is not enough
[23:23:49.471] RX< [ringbuf] no space data_len=15360
[23:23:49.471] RX< [3] [App Vpu] RINGBUF: write fail, size = 14883 space is not enough
[23:23:49.471] RX< [ringbuf] no space data_len=15360
[23:23:49.471] RX< [3] [App Vpu] RINGBUF: write fail, size = 15127 space is not enough
[23:23:49.471] RX< [ringbuf] no space
[23:23:49.537] RX<  data_len=9728
[23:23:49.537] RX< [3] [App Vpu] RINGBUF: write fail, size = 9266 space is not enough
[23:23:49.537] RX< [ringbuf] no space data_len=22016
[23:23:49.537] RX< [3] [App Vpu] RINGBUF: write fail, size = 21958 space is not enough
[23:23:49.537] RX< [ringbuf] no space data_len=10240
[23:23:49.537] RX< [3] [App Vpu] RINGBUF: write fail, s
[23:23:49.637] RX< ize = 9961 space is not enough
[23:23:49.637] RX< [ringbuf] no space data_len=14848
[23:23:49.637] RX< [3] [App Vpu] RINGBUF: write fail, size = 14469 space is not enough
[23:23:49.637] RX< [ringbuf] no space data_len=14848
[23:23:49.637] RX< [3] [App Vpu] RINGBUF: write fail, size = 14489 space is not enough
[23:23:49.637] RX< [ringbuf] no space
[23:23:49.704] RX<  data_len=14848
[23:23:49.704] RX< [3] [App Vpu] RINGBUF: write fail, size = 14389 space is not enough
[23:23:49.704] RX< [ringbuf] no space data_len=14336
[23:23:49.704] RX< [3] [App Vpu] RINGBUF: write fail, size = 14194 space is not enough
[23:23:49.704] RX< [ringbuf] no space data_len=14848
[23:23:49.704] RX< [3] [App Vpu] RINGBUF: write fail,
[23:23:49.814] RX<  size = 14420 space is not enough
[23:23:49.814] RX< [ringbuf] no space data_len=14848
[23:23:49.814] RX< [3] [App Vpu] RINGBUF: write fail, size = 14535 space is not enough
[23:23:49.814] RX< [ringbuf] no space data_len=14336
[23:23:49.814] RX< [3] [App Vpu] RINGBUF: write fail, size = 14303 space is not enough
[23:23:49.814] RX< [ringbuf] no sp
[23:23:49.837] RX< ace data_len=14848
[23:23:49.837] RX< [3] [App Vpu] RINGBUF: write fail, size = 14624 space is not enough
[23:23:49.837] RX< [34m[AE] fid=3270,exp=10280,adg=219,Y=4448,mtg=180,shg=100,bgbv=1716,iso=219,cnv2,hdr0
[23:23:49.837] RX< [0m[ringbuf] no space data_len=14336
[23:23:49.837] RX< [3] [App Vpu] RINGBUF: write fail, size = 
[23:23:49.937] RX< 13987 space is not enough
[23:23:49.937] RX< [ringbuf] no space data_len=14848
[23:23:49.937] RX< [3] [App Vpu] RINGBUF: write fail, size = 14586 space is not enough
[23:23:49.937] RX< [ringbuf] no space data_len=14848
[23:23:49.937] RX< [3] [App Vpu] RINGBUF: write fail, size = 14637 space is not enough
[23:23:49.937] RX< [ringbuf] no space data
[23:23:50.004] RX< _len=15360
[23:23:50.004] RX< [3] [App Vpu] RINGBUF: write fail, size = 15220 space is not enough
[23:23:50.004] RX< [ringbuf] no space data_len=14848
[23:23:50.004] RX< [3] [App Vpu] RINGBUF: write fail, size = 14569 space is not enough
[23:23:50.004] RX< [7] [cam] [666203][me0][me_core_thread:322]ME out fid 3270
[23:23:50.004] RX< [ringbuf] no s
[23:23:50.071] RX< pace data_len=82944
[23:23:50.071] RX< [3] [App Vpu] RINGBUF: write fail, size = 82548 space is not enough
[23:23:50.071] RX< [ringbuf] no space data_len=21504
[23:23:50.071] RX< [3] [App Vpu] RINGBUF: write fail, size = 21234 space is not enough
[23:23:50.071] RX< [ringbuf] no space data_len=7680
[23:23:50.071] RX< [3] [App Vpu] RINGBUF: write fa
[23:23:50.171] RX< il, size = 7236 space is not enough
[23:23:50.171] RX< [ringbuf] no space data_len=15872
[23:23:50.171] RX< [3] [App Vpu] RINGBUF: write fail, size = 15741 space is not enough
[23:23:50.171] RX< [ringbuf] no space data_len=15360
[23:23:50.171] RX< [3] [App Vpu] RINGBUF: write fail, size = 15251 space is not enough
[23:23:50.171] RX< [ringbuf] no 
[23:23:50.237] RX< space data_len=9728
[23:23:50.237] RX< [3] [App Vpu] RINGBUF: write fail, size = 9367 space is not enough
[23:23:50.237] RX< [ringbuf] no space data_len=22016
[23:23:50.237] RX< [3] [App Vpu] RINGBUF: write fail, size = 21665 space is not enough
[23:23:50.237] RX< [ringbuf] no space data_len=10240
[23:23:50.237] RX< [3] [App Vpu] RINGBUF: write fa
[23:23:50.337] RX< il, size = 9749 space is not enough
[23:23:50.337] RX< [ringbuf] no space data_len=14848
[23:23:50.337] RX< [3] [App Vpu] RINGBUF: write fail, size = 14700 space is not enough
[23:23:50.337] RX< [ringbuf] no space data_len=14848
[23:23:50.337] RX< [3] [App Vpu] RINGBUF: write fail, size = 14516 space is not enough
[23:23:50.337] RX< [ringbuf] no 
[23:23:50.404] RX< space data_len=14848
[23:23:50.404] RX< [3] [App Vpu] RINGBUF: write fail, size = 14706 space is not enough
[23:23:50.404] RX< [ringbuf] no space data_len=14848
[23:23:50.404] RX< [3] [App Vpu] RINGBUF: write fail, size = 14645 space is not enough
[23:23:50.404] RX< [ringbuf] no space data_len=14336
[23:23:50.404] RX< [3] [App Vpu] RINGBUF: write 
[23:23:50.504] RX< fail, size = 14201 space is not enough
[23:23:50.504] RX< [ringbuf] no space data_len=14848
[23:23:50.504] RX< [3] [App Vpu] RINGBUF: write fail, size = 14608 space is not enough
[23:23:50.504] RX< [ringbuf] no space data_len=14848
[23:23:50.504] RX< [3] [App Vpu] RINGBUF: write fail, size = 14400 space is not enough
[23:23:50.504] RX< [ringbuf] 
[23:23:50.570] RX< no space data_len=14336
[23:23:50.570] RX< [3] [App Vpu] RINGBUF: write fail, size = 14257 space is not enough
[23:23:50.570] RX< [ringbuf] no space data_len=15360
[23:23:50.570] RX< [3] [App Vpu] RINGBUF: write fail, size = 15200 space is not enough
[23:23:50.570] RX< [ringbuf] no space data_len=15872
[23:23:50.570] RX< [3] [App Vpu] RINGBUF: wri
[23:23:50.670] RX< te fail, size = 15676 space is not enough
[23:23:50.670] RX< [ringbuf] no space data_len=11776
[23:23:50.670] RX< [3] [App Vpu] RINGBUF: write fail, size = 11350 space is not enough
[23:23:50.670] RX< [ringbuf] no space data_len=16896
[23:23:50.670] RX< [3] [App Vpu] RINGBUF: write fail, size = 16469 space is not enough
[23:23:50.670] RX< [ringbu
[23:23:50.737] RX< f] no space data_len=11776
[23:23:50.737] RX< [3] [App Vpu] RINGBUF: write fail, size = 11458 space is not enough
[23:23:50.737] RX< [ringbuf] no space data_len=15872
[23:23:50.737] RX< [3] [App Vpu] RINGBUF: write fail, size = 15776 space is not enough
[23:23:50.737] RX< [ringbuf] no space data_len=16384
[23:23:50.737] RX< [3] [App Vpu] RINGBUF: 
[23:23:50.814] RX< write fail, size = 16051 space is not enough
[23:23:50.814] RX< [ringbuf] no space data_len=9728
[23:23:50.814] RX< [3] [App Vpu] RINGBUF: write fail, size = 9460 space is not enough
[23:23:50.814] RX< [ringbuf] no space data_len=22528
[23:23:50.814] RX< [3] [App Vpu] RINGBUF: write fail, size = 22459 space is not enough
[23:23:50.814] RX< [34m[
[23:23:50.870] RX< AE] fid=3300,exp=10280,adg=219,Y=4432,mtg=180,shg=100,bgbv=1712,iso=219,cnv2,hdr0
[23:23:50.870] RX< [0m[ringbuf] no space data_len=9728
[23:23:50.870] RX< [3] [App Vpu] RINGBUF: write fail, size = 9708 space is not enough
[23:23:50.870] RX< [ringbuf] no space data_len=14848
[23:23:50.870] RX< [3] [App Vpu] RINGBUF: write fail, 
[23:23:50.970] RX< size = 14638 space is not enough
[23:23:50.970] RX< [ringbuf] no space data_len=14848
[23:23:50.970] RX< [3] [App Vpu] RINGBUF: write fail, size = 14505 space is not enough
[23:23:50.970] RX< [ringbuf] no space data_len=15360
[23:23:50.970] RX< [3] [App Vpu] RINGBUF: write fail, size = 14925 space is not enough
[23:23:50.970] RX< [ringbuf] no spa
[23:23:51.037] RX< ce data_len=15360
[23:23:51.037] RX< [3] [App Vpu] RINGBUF: write fail, size = 14885 space is not enough
[23:23:51.037] RX< [7] [cam] [667203][me0][me_core_thread:322]ME out fid 3300
[23:23:51.037] RX< [ringbuf] no space data_len=81920
[23:23:51.037] RX< [3] [App Vpu] RINGBUF: write fail, size = 81874 space is not enough
[23:23:51.037] RX< [ringbu
[23:23:51.103] RX< f] no space data_len=21504
[23:23:51.103] RX< [3] [App Vpu] RINGBUF: write fail, size = 21441 space is not enough
[23:23:51.103] RX< [ringbuf] no space data_len=7680
[23:23:51.103] RX< [3] [App Vpu] RINGBUF: write fail, size = 7176 space is not enough
[23:23:51.103] RX< [ringbuf] no space data_len=16896
[23:23:51.103] RX< [3] [App Vpu] RINGBUF: wr
[23:23:51.203] RX< ite fail, size = 16473 space is not enough
[23:23:51.203] RX< [ringbuf] no space data_len=10240
[23:23:51.203] RX< [3] [App Vpu] RINGBUF: write fail, size = 9780 space is not enough
[23:23:51.203] RX< [ringbuf] no space data_len=23552
[23:23:51.203] RX< [3] [App Vpu] RINGBUF: write fail, size = 23390 space is not enough
[23:23:51.203] RX< [ringbu
[23:23:51.270] RX< f] no space data_len=7168
[23:23:51.270] RX< [3] [App Vpu] RINGBUF: write fail, size = 6736 space is not enough
[23:23:51.270] RX< [ringbuf] no space data_len=23040
[23:23:51.270] RX< [3] [App Vpu] RINGBUF: write fail, size = 22888 space is not enough
[23:23:51.270] RX< [ringbuf] no space data_len=6144
[23:23:51.270] RX< [3] [App Vpu] RINGBUF: wri
[23:23:51.371] RX< te fail, size = 5957 space is not enough
[23:23:51.371] RX< [ringbuf] no space data_len=22528
[23:23:51.371] RX< [3] [App Vpu] RINGBUF: write fail, size = 22258 space is not enough
[23:23:51.371] RX< [ringbuf] no space data_len=9728
[23:23:51.371] RX< [3] [App Vpu] RINGBUF: write fail, size = 9498 space is not enough
[23:23:51.371] RX< [ringbuf] 
[23:23:51.438] RX< no space data_len=14848
[23:23:51.438] RX< [3] [App Vpu] RINGBUF: write fail, size = 14529 space is not enough
[23:23:51.438] RX< [ringbuf] no space data_len=14848
[23:23:51.438] RX< [3] [App Vpu] RINGBUF: write fail, size = 14424 space is not enough
[23:23:51.438] RX< [ringbuf] no space data_len=14848
[23:23:51.438] RX< [3] [App Vpu] RINGBUF: wri
[23:23:51.538] RX< te fail, size = 14398 space is not enough
[23:23:51.538] RX< [ringbuf] no space data_len=14848
[23:23:51.538] RX< [3] [App Vpu] RINGBUF: write fail, size = 14420 space is not enough
[23:23:51.538] RX< [ringbuf] no space data_len=14848
[23:23:51.538] RX< [3] [App Vpu] RINGBUF: write fail, size = 14501 space is not enough
[23:23:51.538] RX< [ringbu
[23:23:51.604] RX< f] no space data_len=14848
[23:23:51.604] RX< [3] [App Vpu] RINGBUF: write fail, size = 14398 space is not enough
[23:23:51.604] RX< [ringbuf] no space data_len=14848
[23:23:51.604] RX< [3] [App Vpu] RINGBUF: write fail, size = 14502 space is not enough
[23:23:51.604] RX< [ringbuf] no space data_len=14848
[23:23:51.604] RX< [3] [App Vpu] RINGBUF: 
[23:23:51.704] RX< write fail, size = 14836 space is not enough
[23:23:51.704] RX< [ringbuf] no space data_len=14848
[23:23:51.704] RX< [3] [App Vpu] RINGBUF: write fail, size = 14473 space is not enough
[23:23:51.704] RX< [ringbuf] no space data_len=14848
[23:23:51.704] RX< [3] [App Vpu] RINGBUF: write fail, size = 14342 space is not enough
[23:23:51.704] RX< [rin
[23:23:51.771] RX< gbuf] no space data_len=14336
[23:23:51.771] RX< [3] [App Vpu] RINGBUF: write fail, size = 14016 space is not enough
[23:23:51.771] RX< [ringbuf] no space data_len=14336
[23:23:51.771] RX< [3] [App Vpu] RINGBUF: write fail, size = 14167 space is not enough
[23:23:51.771] RX< [ringbuf] no space data_len=14336
[23:23:51.771] RX< [3] [App Vpu] RINGBU
[23:23:51.819] RX< F: write fail, size = 14311 space is not enough
[23:23:51.819] RX< [ringbuf] no space data_len=14848
[23:23:51.819] RX< [3] [App Vpu] RINGBUF: write fail, size = 14624 space is not enough
[23:23:51.819] RX< [34m[AE] fid=3330,exp=10280,adg=219,Y=4432,mtg=180,shg=100,bgbv=1712,iso=219,cnv2,hdr0
[23:23:51.819] RX< [0m[34m[b_ae0 
[23:23:51.871] RX< proc] perf=996(us), max=1104(us)!
[23:23:51.871] RX< [0m[34m[awb0 proc] perf=4263(us), max=4438(us)!
[23:23:51.871] RX< [0m[ringbuf] no space data_len=14848
[23:23:51.871] RX< [3] [App Vpu] RINGBUF: write fail, size = 14564 space is not enough
[23:23:51.871] RX< [ringbuf] no space data_len=14336
[23:23:51.871] RX< [3] [App Vpu] RINGBUF: write f
[23:23:51.971] RX< ail, size = 14325 space is not enough
[23:23:51.971] RX< [ringbuf] no space data_len=14848
[23:23:51.971] RX< [3] [App Vpu] RINGBUF: write fail, size = 14374 space is not enough
[23:23:51.971] RX< [ringbuf] no space data_len=14848
[23:23:51.971] RX< [3] [App Vpu] RINGBUF: write fail, size = 14460 space is not enough
[23:23:51.971] RX< [ringbuf] n
[23:23:52.037] RX< o space data_len=14336
[23:23:52.037] RX< [3] [App Vpu] RINGBUF: write fail, size = 14316 space is not enough
[23:23:52.037] RX< [7] [cam] [668203][me0][me_core_thread:322]ME out fid 3330
[23:23:52.037] RX< [ringbuf] no space data_len=82432
[23:23:52.037] RX< [3] [App Vpu] RINGBUF: write fail, size = 82252 space is not enough
[23:23:52.037] RX< [r
[23:23:52.104] RX< ingbuf] no space data_len=21504
[23:23:52.104] RX< [3] [App Vpu] RINGBUF: write fail, size = 20996 space is not enough
[23:23:52.104] RX< [ringbuf] no space data_len=7680
[23:23:52.104] RX< [3] [App Vpu] RINGBUF: write fail, size = 7547 space is not enough
[23:23:52.104] RX< [ringbuf] no space data_len=16384
[23:23:52.104] RX< [3] [App Vpu] RINGBU
[23:23:52.204] RX< F: write fail, size = 15999 space is not enough
[23:23:52.204] RX< [ringbuf] no space data_len=15360
[23:23:52.204] RX< [3] [App Vpu] RINGBUF: write fail, size = 15198 space is not enough
[23:23:52.204] RX< [ringbuf] no space data_len=9728
[23:23:52.204] RX< [3] [App Vpu] RINGBUF: write fail, size = 9346 space is not enough
[23:23:52.204] RX< [ri
[23:23:52.271] RX< ngbuf] no space data_len=22528
[23:23:52.271] RX< [3] [App Vpu] RINGBUF: write fail, size = 22151 space is not enough
[23:23:52.271] RX< [ringbuf] no space data_len=9728
[23:23:52.271] RX< [3] [App Vpu] RINGBUF: write fail, size = 9686 space is not enough
[23:23:52.271] RX< [ringbuf] no space data_len=15360
[23:23:52.271] RX< [3] [App Vpu] RINGBUF
[23:23:52.371] RX< : write fail, size = 15194 space is not enough
[23:23:52.371] RX< [ringbuf] no space data_len=15360
[23:23:52.371] RX< [3] [App Vpu] RINGBUF: write fail, size = 15316 space is not enough
[23:23:52.371] RX< [ringbuf] no space data_len=15360
[23:23:52.371] RX< [3] [App Vpu] RINGBUF: write fail, size = 14967 space is not enough
[23:23:52.371] RX< [r
[23:23:52.437] RX< ingbuf] no space data_len=14848
[23:23:52.437] RX< [3] [App Vpu] RINGBUF: write fail, size = 14598 space is not enough
[23:23:52.437] RX< [ringbuf] no space data_len=14848
[23:23:52.437] RX< [3] [App Vpu] RINGBUF: write fail, size = 14768 space is not enough
[23:23:52.437] RX< [ringbuf] no space data_len=14848
[23:23:52.437] RX< [3] [App Vpu] RING
[23:23:52.504] RX< BUF: write fail, size = 14373 space is not enough
[23:23:52.504] RX< [ringbuf] no space data_len=14848
[23:23:52.504] RX< [3] [App Vpu] RINGBUF: write fail, size = 14464 space is not enough
[23:23:52.504] RX< [ringbuf] no space data_len=14848
[23:23:52.504] RX< [3] [App Vpu] RINGBUF: write fail, size = 14469 space is not enough
[23:23:52.604] RX< 
[23:23:52.604] RX< [ringbuf] no space data_len=14848
[23:23:52.604] RX< [3] [App Vpu] RINGBUF: write fail, size = 14436 space is not enough
[23:23:52.604] RX< [ringbuf] no space data_len=14848
[23:23:52.604] RX< [3] [App Vpu] RINGBUF: write fail, size = 14654 space is not enough
[23:23:52.604] RX< [ringbuf] no space data_len=14336
[23:23:52.604] RX< [3] [App Vpu] R
[23:23:52.671] RX< INGBUF: write fail, size = 14155 space is not enough
[23:23:52.671] RX< [ringbuf] no space data_len=14336
[23:23:52.671] RX< [3] [App Vpu] RINGBUF: write fail, size = 14318 space is not enough
[23:23:52.671] RX< [ringbuf] no space data_len=14848
[23:23:52.671] RX< [3] [App Vpu] RINGBUF: write fail, size = 14400 space is not enou
[23:23:52.771] RX< gh
[23:23:52.771] RX< [ringbuf] no space data_len=14848
[23:23:52.771] RX< [3] [App Vpu] RINGBUF: write fail, size = 14368 space is not enough
[23:23:52.771] RX< [ringbuf] no space data_len=14336
[23:23:52.771] RX< [3] [App Vpu] RINGBUF: write fail, size = 14093 space is not enough
[23:23:52.771] RX< [ringbuf] no space data_len=14848
[23:23:52.771] RX< [3] [App Vpu
[23:23:52.825] RX< ] RINGBUF: write fail, size = 14538 space is not enough
[23:23:52.825] RX< [ringbuf] no space data_len=15360
[23:23:52.825] RX< [3] [App Vpu] RINGBUF: write fail, size = 14906 space is not enough
[23:23:52.825] RX< [RTMP] slow send frame 2041 len=75849 dt=5135ms (IDR)
[23:23:52.825] RX< [RTMP] dropped 1950 p-frames (backlog 97%)
[23:23:52.994] RX< 
[23:23:52.994] RX< [RTMP] f_index = 2070, f_len = 17534
[23:23:52.994] RX< [34m[AE] fid=3360,exp=10280,adg=219,Y=4440,mtg=180,shg=100,bgbv=1716,iso=219,cnv2,hdr0
[23:23:52.994] RX< [0m[34m[ME INTP]fid=3360, shutter=10280, perf=7(us), max=351(us)!
[23:23:52.994] RX< [0m[7] [cam] [669202][me0][me_core_thread:322]ME out fid 3360
[23:23:53.870] RX< 
[23:23:53.870] RX< [34m[AE] fid=3390,exp=10280,adg=219,Y=4446,mtg=180,shg=100,bgbv=1716,iso=219,cnv2,hdr0
[23:23:53.870] RX< [0m[ringbuf] no space data_len=14848
[23:23:53.870] RX< [3] [App Vpu] RINGBUF: write fail, size = 14817 space is not enough
[23:23:53.870] RX< [ringbuf] no space data_len=15360
[23:23:53.870] RX< [3] [App Vpu] RINGBUF: wri
[23:23:53.970] RX< te fail, size = 15097 space is not enough
[23:23:53.970] RX< [ringbuf] no space data_len=15872
[23:23:53.970] RX< [3] [App Vpu] RINGBUF: write fail, size = 15418 space is not enough
[23:23:53.970] RX< [ringbuf] no space data_len=9216
[23:23:53.970] RX< [3] [App Vpu] RINGBUF: write fail, size = 9208 space is not enough
[23:23:53.970] RX< [ringbuf]
[23:23:54.003] RX<  no space data_len=22528
[23:23:54.003] RX< [3] [App Vpu] RINGBUF: write fail, size = 22078 space is not enough
[23:23:54.003] RX< [7] [cam] [670202][me0][me_core_thread:322]ME out fid 3390
[23:23:54.003] RX< [ringbuf] no space data_len=90112
[23:23:54.003] RX< [3] [App Vpu] RINGBUF: write fail, size = 89637 space is not enough
[23:23:54.103] RX< [ringbuf] no space data_len=15872
[23:23:54.103] RX< [3] [App Vpu] RINGBUF: write fail, size = 15539 space is not enough
[23:23:54.103] RX< [ringbuf] no space data_len=9728
[23:23:54.103] RX< [3] [App Vpu] RINGBUF: write fail, size = 9373 space is not enough
[23:23:54.103] RX< [ringbuf] no space data_len=18944
[23:23:54.103] RX< [3] [App Vpu] RING
[23:23:54.203] RX< BUF: write fail, size = 18640 space is not enough
[23:23:54.203] RX< [ringbuf] no space data_len=8704
[23:23:54.203] RX< [3] [App Vpu] RINGBUF: write fail, size = 8539 space is not enough
[23:23:54.203] RX< [ringbuf] no space data_len=17408
[23:23:54.203] RX< [3] [App Vpu] RINGBUF: write fail, size = 17346 space is not enough
[23:23:54.203] RX< [
[23:23:54.270] RX< ringbuf] no space data_len=12800
[23:23:54.270] RX< [3] [App Vpu] RINGBUF: write fail, size = 12333 space is not enough
[23:23:54.270] RX< [ringbuf] no space data_len=17408
[23:23:54.270] RX< [3] [App Vpu] RINGBUF: write fail, size = 17031 space is not enough
[23:23:54.270] RX< [ringbuf] no space data_len=11264
[23:23:54.270] RX< [3] [App Vpu] RIN
[23:23:54.337] RX< GBUF: write fail, size = 11029 space is not enough
[23:23:54.337] RX< [ringbuf] no space data_len=16384
[23:23:54.337] RX< [3] [App Vpu] RINGBUF: write fail, size = 16062 space is not enough
[23:23:54.337] RX< [ringbuf] no space data_len=9728
[23:23:54.337] RX< [3] [App Vpu] RINGBUF: write fail, size = 9241 space is not enough
[23:23:54.437] RX< [ringbuf] no space data_len=22016
[23:23:54.437] RX< [3] [App Vpu] RINGBUF: write fail, size = 22010 space is not enough
[23:23:54.437] RX< [ringbuf] no space data_len=9728
[23:23:54.437] RX< [3] [App Vpu] RINGBUF: write fail, size = 9689 space is not enough
[23:23:54.437] RX< [ringbuf] no space data_len=15360
[23:23:54.437] RX< [3] [App Vpu] RING
[23:23:54.503] RX< BUF: write fail, size = 14979 space is not enough
[23:23:54.503] RX< [ringbuf] no space data_len=14848
[23:23:54.503] RX< [3] [App Vpu] RINGBUF: write fail, size = 14583 space is not enough
[23:23:54.503] RX< [ringbuf] no space data_len=14848
[23:23:54.503] RX< [3] [App Vpu] RINGBUF: write fail, size = 14535 space is not enough
[23:23:54.603] RX< 
[23:23:54.603] RX< [ringbuf] no space data_len=14848
[23:23:54.603] RX< [3] [App Vpu] RINGBUF: write fail, size = 14592 space is not enough
[23:23:54.603] RX< [ringbuf] no space data_len=14336
[23:23:54.603] RX< [3] [App Vpu] RINGBUF: write fail, size = 14123 space is not enough
[23:23:54.603] RX< [ringbuf] no space data_len=14336
[23:23:54.603] RX< [3] [App Vpu] R
[23:23:54.671] RX< INGBUF: write fail, size = 14196 space is not enough
[23:23:54.671] RX< [ringbuf] no space data_len=14336
[23:23:54.671] RX< [3] [App Vpu] RINGBUF: write fail, size = 14153 space is not enough
[23:23:54.671] RX< [ringbuf] no space data_len=14848
[23:23:54.671] RX< [3] [App Vpu] RINGBUF: write fail, size = 14606 space is not enou
[23:23:54.770] RX< gh
[23:23:54.770] RX< [ringbuf] no space data_len=14848
[23:23:54.770] RX< [3] [App Vpu] RINGBUF: write fail, size = 14337 space is not enough
[23:23:54.770] RX< [ringbuf] no space data_len=14848
[23:23:54.770] RX< [3] [App Vpu] RINGBUF: write fail, size = 14749 space is not enough
[23:23:54.770] RX< [ringbuf] no space data_len=14848
[23:23:54.770] RX< [3] [App Vpu
[23:23:54.818] RX< ] RINGBUF: write fail, size = 14640 space is not enough
[23:23:54.818] RX< [ringbuf] no space data_len=14848
[23:23:54.818] RX< [3] [App Vpu] RINGBUF: write fail, size = 14395 space is not enough
[23:23:54.818] RX< [34m[AE] fid=3420,exp=10280,adg=219,Y=4465,mtg=180,shg=100,bgbv=1724,iso=219,cnv2,hdr0
[23:23:54.818] RX< [0m[34
[23:23:54.870] RX< m[b_ae0 proc] perf=1001(us), max=1084(us)!
[23:23:54.870] RX< [0m[34m[awb0 proc] perf=4423(us), max=4441(us)!
[23:23:54.870] RX< [0m[ringbuf] no space data_len=14848
[23:23:54.870] RX< [3] [App Vpu] RINGBUF: write fail, size = 14349 space is not enough
[23:23:54.870] RX< [ringbuf] no space data_len=14848
[23:23:54.870] RX< [3] [App Vpu] RINGBUF
[23:23:54.970] RX< : write fail, size = 14477 space is not enough
[23:23:54.970] RX< [ringbuf] no space data_len=14848
[23:23:54.970] RX< [3] [App Vpu] RINGBUF: write fail, size = 14548 space is not enough
[23:23:54.970] RX< [ringbuf] no space data_len=14848
[23:23:54.970] RX< [3] [App Vpu] RINGBUF: write fail, size = 14438 space is not enough
[23:23:54.970] RX< [r
[23:23:55.003] RX< ingbuf] no space data_len=14848
[23:23:55.003] RX< [3] [App Vpu] RINGBUF: write fail, size = 14429 space is not enough
[23:23:55.003] RX< [7] [cam] [671202][me0][me_core_thread:322]ME out fid 3420
[23:23:55.003] RX< [ringbuf] no space data_len=81408
[23:23:55.003] RX< [3] [App Vpu] RINGBUF: write fail, size = 81093 space is not e
[23:23:55.104] RX< nough
[23:23:55.104] RX< [ringbuf] no space data_len=20992
[23:23:55.104] RX< [3] [App Vpu] RINGBUF: write fail, size = 20536 space is not enough
[23:23:55.104] RX< [ringbuf] no space data_len=7168
[23:23:55.104] RX< [3] [App Vpu] RINGBUF: write fail, size = 7027 space is not enough
[23:23:55.104] RX< [ringbuf] no space data_len=16384
[23:23:55.104] RX< [3] [App Vp
[23:23:55.171] RX< u] RINGBUF: write fail, size = 15960 space is not enough
[23:23:55.171] RX< [ringbuf] no space data_len=9216
[23:23:55.171] RX< [3] [App Vpu] RINGBUF: write fail, size = 8993 space is not enough
[23:23:55.171] RX< [ringbuf] no space data_len=22016
[23:23:55.171] RX< [3] [App Vpu] RINGBUF: write fail, size = 21699 space is not en
[23:23:55.271] RX< ough
[23:23:55.271] RX< [ringbuf] no space data_len=10240
[23:23:55.271] RX< [3] [App Vpu] RINGBUF: write fail, size = 9749 space is not enough
[23:23:55.271] RX< [ringbuf] no space data_len=14848
[23:23:55.271] RX< [3] [App Vpu] RINGBUF: write fail, size = 14420 space is not enough
[23:23:55.271] RX< [ringbuf] no space data_len=14848
[23:23:55.271] RX< [3] [App Vp
[23:23:55.337] RX< u] RINGBUF: write fail, size = 14388 space is not enough
[23:23:55.337] RX< [ringbuf] no space data_len=14336
[23:23:55.337] RX< [3] [App Vpu] RINGBUF: write fail, size = 14247 space is not enough
[23:23:55.337] RX< [ringbuf] no space data_len=14336
[23:23:55.337] RX< [3] [App Vpu] RINGBUF: write fail, size = 14124 space is not 
[23:23:55.437] RX< enough
[23:23:55.437] RX< [ringbuf] no space data_len=14336
[23:23:55.437] RX< [3] [App Vpu] RINGBUF: write fail, size = 14227 space is not enough
[23:23:55.437] RX< [ringbuf] no space data_len=14336
[23:23:55.437] RX< [3] [App Vpu] RINGBUF: write fail, size = 13887 space is not enough
[23:23:55.437] RX< [ringbuf] no space data_len=14336
[23:23:55.437] RX< [3] [App
[23:23:55.504] RX<  Vpu] RINGBUF: write fail, size = 14081 space is not enough
[23:23:55.504] RX< [ringbuf] no space data_len=14336
[23:23:55.504] RX< [3] [App Vpu] RINGBUF: write fail, size = 14304 space is not enough
[23:23:55.504] RX< [ringbuf] no space data_len=14336
[23:23:55.504] RX< [3] [App Vpu] RINGBUF: write fail, size = 14306 space is n
[23:23:55.604] RX< ot enough
[23:23:55.604] RX< [ringbuf] no space data_len=14336
[23:23:55.604] RX< [3] [App Vpu] RINGBUF: write fail, size = 14202 space is not enough
[23:23:55.604] RX< [ringbuf] no space data_len=14336
[23:23:55.604] RX< [3] [App Vpu] RINGBUF: write fail, size = 14326 space is not enough
[23:23:55.604] RX< [ringbuf] no space data_len=14848
[23:23:55.604] RX< [3] [
[23:23:55.670] RX< App Vpu] RINGBUF: write fail, size = 14473 space is not enough
[23:23:55.670] RX< [ringbuf] no space data_len=14848
[23:23:55.670] RX< [3] [App Vpu] RINGBUF: write fail, size = 14400 space is not enough
[23:23:55.670] RX< [ringbuf] no space data_len=14336
[23:23:55.670] RX< [3] [App Vpu] RINGBUF: write fail, size = 14277 space i
[23:23:55.770] RX< s not enough
[23:23:55.770] RX< [ringbuf] no space data_len=14336
[23:23:55.770] RX< [3] [App Vpu] RINGBUF: write fail, size = 13999 space is not enough
[23:23:55.770] RX< [ringbuf] no space data_len=14336
[23:23:55.770] RX< [3] [App Vpu] RINGBUF: write fail, size = 14211 space is not enough
[23:23:55.770] RX< [ringbuf] no space data_len=14336
[23:23:55.770] RX< [3
[23:23:55.814] RX< ] [App Vpu] RINGBUF: write fail, size = 14204 space is not enough
[23:23:55.814] RX< [ringbuf] no space data_len=14336
[23:23:55.814] RX< [3] [App Vpu] RINGBUF: write fail, size = 14188 space is not enough
[23:23:55.814] RX< [34m[AE] fid=3450,exp=10280,adg=219,Y=4488,mtg=180,shg=100,bgbv=1732,iso=219,cnv2,hdr
[23:23:55.904] RX< 0
[23:23:55.904] RX< [0m[ringbuf] no space data_len=14336
[23:23:55.904] RX< [3] [App Vpu] RINGBUF: write fail, size = 14212 space is not enough
[23:23:55.904] RX< [ringbuf] no space data_len=13824
[23:23:55.904] RX< [3] [App Vpu] RINGBUF: write fail, size = 13727 space is not enough
[23:23:55.904] RX< [ringbuf] no space data_len=14336
[23:23:55.904] RX< [3] [App V
[23:23:55.970] RX< pu] RINGBUF: write fail, size = 14028 space is not enough
[23:23:55.970] RX< [ringbuf] no space data_len=14336
[23:23:55.970] RX< [3] [App Vpu] RINGBUF: write fail, size = 13843 space is not enough
[23:23:55.970] RX< [ringbuf] no space data_len=14336
[23:23:55.970] RX< [3] [App Vpu] RINGBUF: write fail, size = 14191 space is not
[23:23:56.037] RX<  enough
[23:23:56.037] RX< [7] [cam] [672202][me0][me_core_thread:322]ME out fid 3450
[23:23:56.037] RX< [ringbuf] no space data_len=82432
[23:23:56.037] RX< [3] [App Vpu] RINGBUF: write fail, size = 82388 space is not enough
[23:23:56.037] RX< [ringbuf] no space data_len=20992
[23:23:56.037] RX< [3] [App Vpu] RINGBUF: write fail, size = 20784 spa
[23:23:56.137] RX< ce is not enough
[23:23:56.137] RX< [ringbuf] no space data_len=7168
[23:23:56.137] RX< [3] [App Vpu] RINGBUF: write fail, size = 7117 space is not enough
[23:23:56.137] RX< [ringbuf] no space data_len=15872
[23:23:56.137] RX< [3] [App Vpu] RINGBUF: write fail, size = 15645 space is not enough
[23:23:56.137] RX< [ringbuf] no space data_len=14848
[23:23:56.204] RX< [3] [App Vpu] RINGBUF: write fail, size = 14848 space is not enough
[23:23:56.204] RX< [ringbuf] no space data_len=15360
[23:23:56.204] RX< [3] [App Vpu] RINGBUF: write fail, size = 15032 space is not enough
[23:23:56.204] RX< [ringbuf] no space data_len=14336
[23:23:56.204] RX< [3] [App Vpu] RINGBUF: write fail, size = 14295 sp
[23:23:56.303] RX< ace is not enough
[23:23:56.303] RX< [ringbuf] no space data_len=15360
[23:23:56.303] RX< [3] [App Vpu] RINGBUF: write fail, size = 15184 space is not enough
[23:23:56.303] RX< [ringbuf] no space data_len=15360
[23:23:56.303] RX< [3] [App Vpu] RINGBUF: write fail, size = 14921 space is not enough
[23:23:56.303] RX< [ringbuf] no space data_len=148
[23:23:56.371] RX< 48
[23:23:56.371] RX< [3] [App Vpu] RINGBUF: write fail, size = 14707 space is not enough
[23:23:56.371] RX< [ringbuf] no space data_len=14848
[23:23:56.371] RX< [3] [App Vpu] RINGBUF: write fail, size = 14688 space is not enough
[23:23:56.371] RX< [ringbuf] no space data_len=14336
[23:23:56.371] RX< [3] [App Vpu] RINGBUF: write fail, size = 14116
[23:23:56.470] RX<  space is not enough
[23:23:56.470] RX< [ringbuf] no space data_len=14848
[23:23:56.470] RX< [3] [App Vpu] RINGBUF: write fail, size = 14339 space is not enough
[23:23:56.470] RX< [ringbuf] no space data_len=14336
[23:23:56.470] RX< [3] [App Vpu] RINGBUF: write fail, size = 14209 space is not enough
[23:23:56.470] RX< [ringbuf] no space data_len=
[23:23:56.537] RX< 14848
[23:23:56.537] RX< [3] [App Vpu] RINGBUF: write fail, size = 14434 space is not enough
[23:23:56.537] RX< [ringbuf] no space data_len=14336
[23:23:56.537] RX< [3] [App Vpu] RINGBUF: write fail, size = 14217 space is not enough
[23:23:56.537] RX< [ringbuf] no space data_len=14336
[23:23:56.537] RX< [3] [App Vpu] RINGBUF: write fail, size = 13
[23:23:56.637] RX< 900 space is not enough
[23:23:56.637] RX< [ringbuf] no space data_len=14336
[23:23:56.637] RX< [3] [App Vpu] RINGBUF: write fail, size = 14135 space is not enough
[23:23:56.637] RX< [ringbuf] no space data_len=14336
[23:23:56.637] RX< [3] [App Vpu] RINGBUF: write fail, size = 14272 space is not enough
[23:23:56.637] RX< [ringbuf] no space data_l
[23:23:56.703] RX< en=14336
[23:23:56.703] RX< [3] [App Vpu] RINGBUF: write fail, size = 14260 space is not enough
[23:23:56.703] RX< [ringbuf] no space data_len=14848
[23:23:56.703] RX< [3] [App Vpu] RINGBUF: write fail, size = 14379 space is not enough
[23:23:56.703] RX< [ringbuf] no space data_len=14336
[23:23:56.703] RX< [3] [App Vpu] RINGBUF: write fail, size =
[23:23:56.814] RX<  14281 space is not enough
[23:23:56.814] RX< [ringbuf] no space data_len=14336
[23:23:56.814] RX< [3] [App Vpu] RINGBUF: write fail, size = 14255 space is not enough
[23:23:56.814] RX< [ringbuf] no space data_len=14336
[23:23:56.814] RX< [3] [App Vpu] RINGBUF: write fail, size = 13868 space is not enough
[23:23:56.814] RX< [ringbuf] no space dat
[23:23:56.837] RX< a_len=14336
[23:23:56.837] RX< [3] [App Vpu] RINGBUF: write fail, size = 13862 space is not enough
[23:23:56.837] RX< [34m[AE] fid=3480,exp=10280,adg=219,Y=4500,mtg=180,shg=100,bgbv=1736,iso=219,cnv2,hdr0
[23:23:56.837] RX< [0m[ringbuf] no space data_len=14336
[23:23:56.837] RX< [3] [App Vpu] RINGBUF: write fail, size = 14179 s
[23:23:56.914] RX< pace is not enough
[23:23:56.914] RX< [ringbuf] no space data_len=14336
[23:23:56.914] RX< [3] [App Vpu] RINGBUF: write fail, size = 14158 space is not enough
[23:23:56.914] RX< [ringbuf] no space data_len=14336
[23:23:56.914] RX< [3] [App Vpu] RINGBUF: write fail, size = 14199 space is not enough
[23:23:56.914] RX< [34m[ME INTP]fid=3480, shutte
[23:23:57.003] RX< r=10280, perf=286(us), max=358(us)!
[23:23:57.003] RX< [0m[ringbuf] no space data_len=14336
[23:23:57.003] RX< [3] [App Vpu] RINGBUF: write fail, size = 13855 space is not enough
[23:23:57.003] RX< [ringbuf] no space data_len=14336
[23:23:57.003] RX< [3] [App Vpu] RINGBUF: write fail, size = 13913 space is not enough
[23:23:57.003] RX< [7] [cam] 
[23:23:57.070] RX< [673202][me0][me_core_thread:322]ME out fid 3480
[23:23:57.070] RX< [ringbuf] no space data_len=82432
[23:23:57.070] RX< [3] [App Vpu] RINGBUF: write fail, size = 82367 space is not enough
[23:23:57.070] RX< [ringbuf] no space data_len=20992
[23:23:57.070] RX< [3] [App Vpu] RINGBUF: write fail, size = 20773 space is not enough
[23:23:57.070] RX< [
[23:23:57.136] RX< ringbuf] no space data_len=7168
[23:23:57.136] RX< [3] [App Vpu] RINGBUF: write fail, size = 6881 space is not enough
[23:23:57.136] RX< [ringbuf] no space data_len=24064
[23:23:57.136] RX< [3] [App Vpu] RINGBUF: write fail, size = 23710 space is not enough
[23:23:57.136] RX< [ringbuf] no space data_len=6144
[23:23:57.136] RX< [3] [App Vpu] RINGBU
[23:23:57.236] RX< F: write fail, size = 6096 space is not enough
[23:23:57.236] RX< [ringbuf] no space data_len=14848
[23:23:57.236] RX< [3] [App Vpu] RINGBUF: write fail, size = 14603 space is not enough
[23:23:57.236] RX< [ringbuf] no space data_len=14848
[23:23:57.236] RX< [3] [App Vpu] RINGBUF: write fail, size = 14382 space is not enough
[23:23:57.236] RX< [r
[23:23:57.303] RX< ingbuf] no space data_len=14336
[23:23:57.303] RX< [3] [App Vpu] RINGBUF: write fail, size = 14117 space is not enough
[23:23:57.303] RX< [ringbuf] no space data_len=14336
[23:23:57.303] RX< [3] [App Vpu] RINGBUF: write fail, size = 14283 space is not enough
[23:23:57.303] RX< [ringbuf] no space data_len=14336
[23:23:57.303] RX< [3] [App Vpu] RING
[23:23:57.370] RX< BUF: write fail, size = 14218 space is not enough
[23:23:57.370] RX< [ringbuf] no space data_len=14336
[23:23:57.370] RX< [3] [App Vpu] RINGBUF: write fail, size = 14198 space is not enough
[23:23:57.370] RX< [ringbuf] no space data_len=14336
[23:23:57.370] RX< [3] [App Vpu] RINGBUF: write fail, size = 13856 space is not enough
[23:23:57.470] RX< 
[23:23:57.470] RX< [ringbuf] no space data_len=14336
[23:23:57.470] RX< [3] [App Vpu] RINGBUF: write fail, size = 13825 space is not enough
[23:23:57.470] RX< [ringbuf] no space data_len=14336
[23:23:57.470] RX< [3] [App Vpu] RINGBUF: write fail, size = 13833 space is not enough
[23:23:57.470] RX< [ringbuf] no space data_len=14336
[23:23:57.470] RX< [3] [App Vpu] R
[23:23:57.536] RX< INGBUF: write fail, size = 14173 space is not enough
[23:23:57.536] RX< [ringbuf] no space data_len=14336
[23:23:57.536] RX< [3] [App Vpu] RINGBUF: write fail, size = 14085 space is not enough
[23:23:57.536] RX< [ringbuf] no space data_len=14336
[23:23:57.536] RX< [3] [App Vpu] RINGBUF: write fail, size = 14180 space is not enou
[23:23:57.818] RX< gh
[23:23:57.818] RX< [RTMP] slow send frame 2071 len=83929 dt=4734ms (IDR)
[23:23:57.818] RX< [RTMP] dropped 1980 p-frames (backlog 97%)
[23:23:57.818] RX< [34m[AE] fid=3510,exp=10280,adg=219,Y=4505,mtg=180,shg=100,bgbv=1736,iso=219,cnv2,hdr0
[23:23:57.818] RX< [0m[34m[b_ae0 proc] perf=946(us), max=1094(us)!
[23:23:57.818] RX< [0m[34m[awb0 p
[23:23:58.603] RX< roc] perf=4381(us), max=4429(us)!
[23:23:58.603] RX< [0m[7] [cam] [674202][me0][me_core_thread:322]ME out fid 3510
[23:23:58.603] RX< [ringbuf] no space data_len=14336
[23:23:58.603] RX< [3] [App Vpu] RINGBUF: write fail, size = 14170 space is not enough
[23:23:58.603] RX< [ringbuf] no space data_len=14336
[23:23:58.603] RX< [3] [App Vpu] RINGBUF:
[23:23:58.703] RX<  write fail, size = 13827 space is not enough
[23:23:58.703] RX< [ringbuf] no space data_len=13824
[23:23:58.703] RX< [3] [App Vpu] RINGBUF: write fail, size = 13762 space is not enough
[23:23:58.703] RX< [ringbuf] no space data_len=13824
[23:23:58.703] RX< [3] [App Vpu] RINGBUF: write fail, size = 13417 space is not enough
[23:23:58.703] RX< [ri
[23:23:58.769] RX< ngbuf] no space data_len=21504
[23:23:58.769] RX< [3] [App Vpu] RINGBUF: write fail, size = 21092 space is not enough
[23:23:58.769] RX< [ringbuf] no space data_len=9728
[23:23:58.769] RX< [3] [App Vpu] RINGBUF: write fail, size = 9596 space is not enough
[23:23:58.769] RX< [ringbuf] no space data_len=22016
[23:23:58.769] RX< [3] [App Vpu] RINGBUF
[23:23:58.836] RX< : write fail, size = 21572 space is not enough
[23:23:58.836] RX< [ringbuf] no space data_len=9216
[23:23:58.836] RX< [3] [App Vpu] RINGBUF: write fail, size = 9064 space is not enough
[23:23:58.836] RX< [34m[AE] fid=3540,exp=10280,adg=219,Y=4513,mtg=180,shg=100,bgbv=1740,iso=219,cnv2,hdr0
[23:23:58.836] RX< [0m[ringbuf] no sp
[23:23:58.903] RX< ace data_len=22016
[23:23:58.903] RX< [3] [App Vpu] RINGBUF: write fail, size = 21710 space is not enough
[23:23:58.903] RX< [ringbuf] no space data_len=9728
[23:23:58.903] RX< [3] [App Vpu] RINGBUF: write fail, size = 9670 space is not enough
[23:23:58.903] RX< [ringbuf] no space data_len=21504
[23:23:58.903] RX< [3] [App Vpu] RINGBUF: write fail
[23:23:59.002] RX< , size = 21480 space is not enough
[23:23:59.002] RX< [ringbuf] no space data_len=9728
[23:23:59.002] RX< [3] [App Vpu] RINGBUF: write fail, size = 9246 space is not enough
[23:23:59.002] RX< [ringbuf] no space data_len=21504
[23:23:59.002] RX< [3] [App Vpu] RINGBUF: write fail, size = 21004 space is not enough
[23:23:59.002] RX< [7] [cam] [67520
[23:23:59.069] RX< 2][me0][me_core_thread:322]ME out fid 3540
[23:23:59.069] RX< [ringbuf] no space data_len=90112
[23:23:59.069] RX< [3] [App Vpu] RINGBUF: write fail, size = 90046 space is not enough
[23:23:59.069] RX< [ringbuf] no space data_len=14848
[23:23:59.069] RX< [3] [App Vpu] RINGBUF: write fail, size = 14585 space is not enough
[23:23:59.069] RX< [ringbu
[23:23:59.136] RX< f] no space data_len=11264
[23:23:59.136] RX< [3] [App Vpu] RINGBUF: write fail, size = 11100 space is not enough
[23:23:59.136] RX< [ringbuf] no space data_len=15360
[23:23:59.136] RX< [3] [App Vpu] RINGBUF: write fail, size = 14945 space is not enough
[23:23:59.136] RX< [ringbuf] no space data_len=14848
[23:23:59.136] RX< [3] [App Vpu] RINGBUF: 
[23:23:59.236] RX< write fail, size = 14635 space is not enough
[23:23:59.236] RX< [ringbuf] no space data_len=14336
[23:23:59.236] RX< [3] [App Vpu] RINGBUF: write fail, size = 14201 space is not enough
[23:23:59.236] RX< [ringbuf] no space data_len=14848
[23:23:59.236] RX< [3] [App Vpu] RINGBUF: write fail, size = 14425 space is not enough
[23:23:59.236] RX< [rin
[23:23:59.302] RX< gbuf] no space data_len=14336
[23:23:59.302] RX< [3] [App Vpu] RINGBUF: write fail, size = 14122 space is not enough
[23:23:59.302] RX< [ringbuf] no space data_len=14336
[23:23:59.302] RX< [3] [App Vpu] RINGBUF: write fail, size = 13981 space is not enough
[23:23:59.302] RX< [ringbuf] no space data_len=14336
[23:23:59.302] RX< [3] [App Vpu] RINGBU
[23:23:59.403] RX< F: write fail, size = 14076 space is not enough
[23:23:59.403] RX< [ringbuf] no space data_len=14336
[23:23:59.403] RX< [3] [App Vpu] RINGBUF: write fail, size = 13957 space is not enough
[23:23:59.403] RX< [ringbuf] no space data_len=13824
[23:23:59.403] RX< [3] [App Vpu] RINGBUF: write fail, size = 13639 space is not enough
[23:23:59.403] RX< [
[23:23:59.470] RX< ringbuf] no space data_len=14336
[23:23:59.470] RX< [3] [App Vpu] RINGBUF: write fail, size = 13827 space is not enough
[23:23:59.470] RX< [ringbuf] no space data_len=14336
[23:23:59.470] RX< [3] [App Vpu] RINGBUF: write fail, size = 13830 space is not enough
[23:23:59.470] RX< [ringbuf] no space data_len=14336
[23:23:59.470] RX< [3] [App Vpu] RIN
[23:23:59.536] RX< GBUF: write fail, size = 13847 space is not enough
[23:23:59.536] RX< [ringbuf] no space data_len=14336
[23:23:59.536] RX< [3] [App Vpu] RINGBUF: write fail, size = 13825 space is not enough
[23:23:59.536] RX< [ringbuf] no space data_len=13824
[23:23:59.536] RX< [3] [App Vpu] RINGBUF: write fail, size = 13753 space is not enough
[23:23:59.637] RX< 
[23:23:59.637] RX< [ringbuf] no space data_len=14336
[23:23:59.637] RX< [3] [App Vpu] RINGBUF: write fail, size = 13901 space is not enough
[23:23:59.637] RX< [ringbuf] no space data_len=13824
[23:23:59.637] RX< [3] [App Vpu] RINGBUF: write fail, size = 13796 space is not enough
[23:23:59.637] RX< [ringbuf] no space data_len=13824
[23:23:59.637] RX< [3] [App Vpu] 
[23:23:59.703] RX< RINGBUF: write fail, size = 13650 space is not enough
[23:23:59.703] RX< [ringbuf] no space data_len=14336
[23:23:59.703] RX< [3] [App Vpu] RINGBUF: write fail, size = 13838 space is not enough
[23:23:59.703] RX< [ringbuf] no space data_len=14336
[23:23:59.703] RX< [3] [App Vpu] RINGBUF: write fail, size = 13880 space is not eno
[23:23:59.814] RX< ugh
[23:23:59.814] RX< [ringbuf] no space data_len=13824
[23:23:59.814] RX< [3] [App Vpu] RINGBUF: write fail, size = 13571 space is not enough
[23:23:59.814] RX< [ringbuf] no space data_len=14336
[23:23:59.814] RX< [3] [App Vpu] RINGBUF: write fail, size = 14047 space is not enough
[23:23:59.814] RX< [ringbuf] no space data_len=13824
[23:23:59.814] RX< [3] [App Vp
[23:23:59.870] RX< u] RINGBUF: write fail, size = 13756 space is not enough
[23:23:59.870] RX< [34m[AE] fid=3570,exp=10280,adg=219,Y=4525,mtg=180,shg=100,bgbv=1744,iso=219,cnv2,hdr0
[23:23:59.870] RX< [0m[ringbuf] no space data_len=14336
[23:23:59.870] RX< [3] [App Vpu] RINGBUF: write fail, size = 13846 space is not enough
[23:23:59.870] RX< [ri
[23:23:59.937] RX< ngbuf] no space data_len=13824
[23:23:59.937] RX< [3] [App Vpu] RINGBUF: write fail, size = 13742 space is not enough
[23:23:59.937] RX< [ringbuf] no space data_len=14336
[23:23:59.937] RX< [3] [App Vpu] RINGBUF: write fail, size = 13897 space is not enough
[23:23:59.937] RX< [ringbuf] no space data_len=14336
[23:23:59.937] RX< [3] [App Vpu] RINGB
[23:24:00.003] RX< UF: write fail, size = 13828 space is not enough
[23:24:00.003] RX< [ringbuf] no space data_len=13824
[23:24:00.003] RX< [3] [App Vpu] RINGBUF: write fail, size = 13737 space is not enough
[23:24:00.003] RX< [7] [cam] [676202][me0][me_core_thread:322]ME out fid 3570
[23:24:00.003] RX< [ringbuf] no space data_len=82432
[23:24:00.003] RX< [3] [App V
[23:24:00.070] RX< pu] RINGBUF: write fail, size = 82034 space is not enough
[23:24:00.070] RX< [ringbuf] no space data_len=20480
[23:24:00.070] RX< [3] [App Vpu] RINGBUF: write fail, size = 20346 space is not enough
[23:24:00.070] RX< [ringbuf] no space data_len=10752
[23:24:00.070] RX< [3] [App Vpu] RINGBUF: write fail, size = 10650 space is not
[23:24:00.170] RX<  enough
[23:24:00.170] RX< [ringbuf] no space data_len=15872
[23:24:00.170] RX< [3] [App Vpu] RINGBUF: write fail, size = 15495 space is not enough
[23:24:00.170] RX< [ringbuf] no space data_len=14848
[23:24:00.170] RX< [3] [App Vpu] RINGBUF: write fail, size = 14701 space is not enough
[23:24:00.170] RX< [ringbuf] no space data_len=14848
[23:24:00.170] RX< [3] [Ap
[23:24:00.236] RX< p Vpu] RINGBUF: write fail, size = 14345 space is not enough
[23:24:00.236] RX< [ringbuf] no space data_len=14336
[23:24:00.236] RX< [3] [App Vpu] RINGBUF: write fail, size = 13869 space is not enough
[23:24:00.236] RX< [ringbuf] no space data_len=14336
[23:24:00.236] RX< [3] [App Vpu] RINGBUF: write fail, size = 13920 space is 
[23:24:00.336] RX< not enough
[23:24:00.336] RX< [ringbuf] no space data_len=14336
[23:24:00.336] RX< [3] [App Vpu] RINGBUF: write fail, size = 14036 space is not enough
[23:24:00.336] RX< [ringbuf] no space data_len=13824
[23:24:00.336] RX< [3] [App Vpu] RINGBUF: write fail, size = 13658 space is not enough
[23:24:00.336] RX< [ringbuf] no space data_len=14848
[23:24:00.336] RX< [3] 
[23:24:00.403] RX< [App Vpu] RINGBUF: write fail, size = 14351 space is not enough
[23:24:00.403] RX< [ringbuf] no space data_len=14336
[23:24:00.403] RX< [3] [App Vpu] RINGBUF: write fail, size = 14255 space is not enough
[23:24:00.403] RX< [ringbuf] no space data_len=14848
[23:24:00.403] RX< [3] [App Vpu] RINGBUF: write fail, size = 14709 space 
[23:24:00.503] RX< is not enough
[23:24:00.503] RX< [ringbuf] no space data_len=15360
[23:24:00.503] RX< [3] [App Vpu] RINGBUF: write fail, size = 15034 space is not enough
[23:24:00.503] RX< [ringbuf] no space data_len=14848
[23:24:00.503] RX< [3] [App Vpu] RINGBUF: write fail, size = 14562 space is not enough
[23:24:00.503] RX< [ringbuf] no space data_len=14848
[23:24:00.503] RX< [
[23:24:00.570] RX< 3] [App Vpu] RINGBUF: write fail, size = 14689 space is not enough
[23:24:00.570] RX< [ringbuf] no space data_len=14336
[23:24:00.570] RX< [3] [App Vpu] RINGBUF: write fail, size = 14117 space is not enough
[23:24:00.570] RX< [ringbuf] no space data_len=14336
[23:24:00.570] RX< [3] [App Vpu] RINGBUF: write fail, size = 14199 spa
[23:24:00.670] RX< ce is not enough
[23:24:00.670] RX< [ringbuf] no space data_len=13824
[23:24:00.670] RX< [3] [App Vpu] RINGBUF: write fail, size = 13751 space is not enough
[23:24:00.670] RX< [ringbuf] no space data_len=14336
[23:24:00.670] RX< [3] [App Vpu] RINGBUF: write fail, size = 14123 space is not enough
[23:24:00.670] RX< [ringbuf] no space data_len=1433
[23:24:00.736] RX< 6
[23:24:00.736] RX< [3] [App Vpu] RINGBUF: write fail, size = 13890 space is not enough
[23:24:00.736] RX< [ringbuf] no space data_len=14336
[23:24:00.736] RX< [3] [App Vpu] RINGBUF: write fail, size = 13875 space is not enough
[23:24:00.736] RX< [ringbuf] no space data_len=13824
[23:24:00.736] RX< [3] [App Vpu] RINGBUF: write fail, size = 13426 
[23:24:00.818] RX< space is not enough
[23:24:00.818] RX< [ringbuf] no space data_len=21504
[23:24:00.818] RX< [3] [App Vpu] RINGBUF: write fail, size = 21138 space is not enough
[23:24:00.818] RX< [ringbuf] no space data_len=9728
[23:24:00.818] RX< [3] [App Vpu] RINGBUF: write fail, size = 9287 space is not enough
[23:24:00.818] RX< [34m[AE] fid=3600,exp=10280,ad
[23:24:00.836] RX< g=219,Y=4538,mtg=180,shg=100,bgbv=1748,iso=219,cnv2,hdr0
[23:24:00.836] RX< [0m[34m[b_ae0 proc] perf=995(us), max=1112(us)!
[23:24:00.836] RX< [0m[34m[awb0 proc] perf=4264(us), max=4442(us)!
[23:24:00.836] RX< [0m[ringbuf] no space data_len=20992
[23:24:00.836] RX< [3] [App Vpu] RINGBUF: write fail, size = 20926 space is not
[23:24:00.913] RX<  enough
[23:24:00.913] RX< [ringbuf] no space data_len=9728
[23:24:00.913] RX< [3] [App Vpu] RINGBUF: write fail, size = 9387 space is not enough
[23:24:00.913] RX< [ringbuf] no space data_len=21504
[23:24:00.913] RX< [3] [App Vpu] RINGBUF: write fail, size = 21177 space is not enough
[23:24:00.913] RX< [34m[ME INTP]fid=3600, shutter=10280, perf
[23:24:01.003] RX< =6(us), max=417(us)!
[23:24:01.003] RX< [0m[ringbuf] no space data_len=9728
[23:24:01.003] RX< [3] [App Vpu] RINGBUF: write fail, size = 9324 space is not enough
[23:24:01.003] RX< [ringbuf] no space data_len=21504
[23:24:01.003] RX< [3] [App Vpu] RINGBUF: write fail, size = 21237 space is not enough
[23:24:01.003] RX< [7] [cam] [677201][me0][me_
[23:24:01.069] RX< core_thread:322]ME out fid 3600
[23:24:01.069] RX< [ringbuf] no space data_len=90624
[23:24:01.069] RX< [3] [App Vpu] RINGBUF: write fail, size = 90189 space is not enough
[23:24:01.069] RX< [ringbuf] no space data_len=14848
[23:24:01.069] RX< [3] [App Vpu] RINGBUF: write fail, size = 14488 space is not enough
[23:24:01.069] RX< [ringbuf] no space
[23:24:01.136] RX<  data_len=11264
[23:24:01.136] RX< [3] [App Vpu] RINGBUF: write fail, size = 11177 space is not enough
[23:24:01.136] RX< [ringbuf] no space data_len=15360
[23:24:01.136] RX< [3] [App Vpu] RINGBUF: write fail, size = 15221 space is not enough
[23:24:01.136] RX< [ringbuf] no space data_len=15360
[23:24:01.136] RX< [3] [App Vpu] RINGBUF: write fail,
[23:24:01.236] RX<  size = 14906 space is not enough
[23:24:01.236] RX< [ringbuf] no space data_len=14848
[23:24:01.236] RX< [3] [App Vpu] RINGBUF: write fail, size = 14387 space is not enough
[23:24:01.236] RX< [ringbuf] no space data_len=14336
[23:24:01.236] RX< [3] [App Vpu] RINGBUF: write fail, size = 14301 space is not enough
[23:24:01.236] RX< [ringbuf] no sp
[23:24:01.303] RX< ace data_len=14336
[23:24:01.303] RX< [3] [App Vpu] RINGBUF: write fail, size = 13925 space is not enough
[23:24:01.303] RX< [ringbuf] no space data_len=13824
[23:24:01.303] RX< [3] [App Vpu] RINGBUF: write fail, size = 13801 space is not enough
[23:24:01.303] RX< [ringbuf] no space data_len=13824
[23:24:01.303] RX< [3] [App Vpu] RINGBUF: write fa
[23:24:01.403] RX< il, size = 13730 space is not enough
[23:24:01.403] RX< [ringbuf] no space data_len=13824
[23:24:01.403] RX< [3] [App Vpu] RINGBUF: write fail, size = 13759 space is not enough
[23:24:01.403] RX< [ringbuf] no space data_len=13824
[23:24:01.403] RX< [3] [App Vpu] RINGBUF: write fail, size = 13688 space is not enough
[23:24:01.403] RX< [ringbuf] no
[23:24:01.469] RX<  space data_len=13824
[23:24:01.469] RX< [3] [App Vpu] RINGBUF: write fail, size = 13701 space is not enough
[23:24:01.469] RX< [ringbuf] no space data_len=13824
[23:24:01.469] RX< [3] [App Vpu] RINGBUF: write fail, size = 13405 space is not enough
[23:24:01.469] RX< [ringbuf] no space data_len=13824
[23:24:01.469] RX< [3] [App Vpu] RINGBUF: write
[23:24:01.569] RX<  fail, size = 13680 space is not enough
[23:24:01.569] RX< [ringbuf] no space data_len=13824
[23:24:01.569] RX< [3] [App Vpu] RINGBUF: write fail, size = 13682 space is not enough
[23:24:01.569] RX< [ringbuf] no space data_len=13824
[23:24:01.569] RX< [3] [App Vpu] RINGBUF: write fail, size = 13713 space is not enough
[23:24:01.569] RX< [ringbuf]
[23:24:01.613] RX<  no space data_len=13824
[23:24:01.613] RX< [3] [App Vpu] RINGBUF: write fail, size = 13486 space is not enough
[23:24:01.613] RX< [ringbuf] no space data_len=13824
[23:24:01.613] RX< [3] [App Vpu] RINGBUF: write fail, size = 13731 space is not enough
[23:24:01.613] RX< [RTMP] slow send frame 2101 len=83613 dt=4037ms (IDR)
[23:24:01.613] RX< [RTMP
[23:24:02.556] RX< ] dropped 2010 p-frames (backlog 96%)
[23:24:02.556] RX< [34m[AE] fid=3630,exp=10280,adg=219,Y=4556,mtg=180,shg=100,bgbv=1752,iso=219,cnv2,hdr0
[23:24:02.556] RX< [0m[7] [cam] [678201][me0][me_core_thread:322]ME out fid 3630
[23:24:02.556] RX< [RTMP] slow send frame 2131 len=84250 dt=930ms (IDR)
[23:24:02.556] RX< [RTMP] dropped
[23:24:03.603] RX<  2040 p-frames (backlog 96%)
[23:24:03.603] RX< [RTMP] f_index = 2160, f_len = 17225
[23:24:03.603] RX< [34m[AE] fid=3660,exp=10280,adg=219,Y=4573,mtg=180,shg=100,bgbv=1756,iso=219,cnv2,hdr0
[23:24:03.603] RX< [0m[7] [cam] [679201][me0][me_core_thread:322]ME out fid 3660
[23:24:03.603] RX< [ringbuf] no space data_len=21504
[23:24:03.603] RX< [3] [
[23:24:03.694] RX< App Vpu] RINGBUF: write fail, size = 21222 space is not enough
[23:24:03.694] RX< [ringbuf] no space data_len=14336
[23:24:03.694] RX< [3] [App Vpu] RINGBUF: write fail, size = 14054 space is not enough
[23:24:03.694] RX< [RTMP] slow send frame 2161 len=84197 dt=1127ms (IDR)
[23:24:03.694] RX< [RTMP] dropped 2070 p-frames (backl
[23:24:03.994] RX< og 96%)
[23:24:03.994] RX< [34m[AE] fid=3690,exp=10280,adg=219,Y=4578,mtg=180,shg=100,bgbv=1760,iso=219,cnv2,hdr0
[23:24:03.994] RX< [0m[34m[b_ae0 proc] perf=1112(us), max=1118(us)!
[23:24:03.994] RX< [0m[34m[awb0 proc] perf=4366(us), max=4451(us)!
[23:24:03.994] RX< [0m[7] [cam] [680201][me0][me_core_thread:322]ME out fid 
[23:24:04.813] RX< 3690
[23:24:04.813] RX< [ringbuf] no space data_len=13824
[23:24:04.813] RX< [3] [App Vpu] RINGBUF: write fail, size = 13771 space is not enough
[23:24:04.813] RX< [RTMP] slow send frame 2191 len=83997 dt=1013ms (IDR)
[23:24:04.813] RX< [RTMP] dropped 2100 p-frames (backlog 96%)
[23:24:04.813] RX< [34m[AE] fid=3720,exp=10280,adg=219,Y=4574,mtg=180
[23:24:05.514] RX< ,shg=100,bgbv=1756,iso=219,cnv2,hdr0
[23:24:05.514] RX< [0m[34m[ME INTP]fid=3720, shutter=10280, perf=6(us), max=286(us)!
[23:24:05.514] RX< [0m[7] [cam] [681201][me0][me_core_thread:322]ME out fid 3720
[23:24:05.514] RX< [RTMP] slow send frame 2221 len=83712 dt=781ms (IDR)
[23:24:05.514] RX< [RTMP] dropped 2130 p-frames (backl
[23:24:06.415] RX< og 95%)
[23:24:06.415] RX< [RTMP] f_index = 2250, f_len = 17260
[23:24:06.415] RX< [34m[AE] fid=3750,exp=10280,adg=219,Y=4571,mtg=180,shg=100,bgbv=1756,iso=219,cnv2,hdr0
[23:24:06.415] RX< [0m[7] [cam] [682201][me0][me_core_thread:322]ME out fid 3750
[23:24:06.415] RX< [RTMP] slow send frame 2251 len=83451 dt=889ms (IDR)
[23:24:06.415] RX< [RTMP] 
[23:24:06.993] RX< dropped 2160 p-frames (backlog 95%)
[23:24:06.993] RX< [34m[AE] fid=3780,exp=10280,adg=219,Y=4600,mtg=180,shg=100,bgbv=1768,iso=219,cnv2,hdr0
[23:24:06.993] RX< [0m[34m[b_ae0 proc] perf=948(us), max=1112(us)!
[23:24:06.993] RX< [0m[34m[awb0 proc] perf=4408(us), max=4433(us)!
[23:24:06.993] RX< [0m[7] [cam] [683201][me0][me_
[23:24:07.812] RX< core_thread:322]ME out fid 3780
[23:24:07.812] RX< [RTMP] slow send frame 2281 len=83210 dt=668ms (IDR)
[23:24:07.812] RX< [RTMP] slow send frame 2311 len=58652 dt=571ms (IDR)
[23:24:07.812] RX< [RTMP] dropped 2190 p-frames (backlog 95%)
[23:24:07.812] RX< [RTMP] f_index = 2340, f_len = 14760
[23:24:07.812] RX< [34m[AE] fid=3810,exp=10280,adg=219,Y
[23:24:08.812] RX< =4568,mtg=180,shg=100,bgbv=1756,iso=219,cnv2,hdr0
[23:24:08.812] RX< [0m[7] [cam] [684202][me0][me_core_thread:322]ME out fid 3810
[23:24:08.812] RX< [RTMP] slow send frame 2341 len=58606 dt=472ms (IDR)
[23:24:08.812] RX< [RTMP] dropped 2220 p-frames (backlog 93%)
[23:24:08.812] RX< [34m[AE] fid=3840,exp=10280,adg=219,Y=4567,mtg
[23:24:09.027] RX< =180,shg=100,bgbv=1756,iso=219,cnv2,hdr0
[23:24:09.027] RX< [0m[34m[ME INTP]fid=3840, shutter=10280, perf=6(us), max=415(us)!
[23:24:09.027] RX< [0m[7] [cam] [685200][me0][me_core_thread:322]ME out fid 3840
[23:24:09.027] RX< [RTMP] slow send frame 2371 len=59358 dt=863ms (IDR)
[23:24:09.027] RX< [RTMP] dropped 2250 p-frames (b
[23:24:09.993] RX< acklog 93%)
[23:24:09.993] RX< [34m[AE] fid=3870,exp=10280,adg=219,Y=4558,mtg=180,shg=100,bgbv=1752,iso=219,cnv2,hdr0
[23:24:09.993] RX< [0m[34m[b_ae0 proc] perf=953(us), max=1093(us)!
[23:24:09.993] RX< [0m[34m[awb0 proc] perf=4378(us), max=4434(us)!
[23:24:09.993] RX< [0m[7] [cam] [686200][me0][me_core_thread:322]ME out f
[23:24:10.812] RX< id 3870
[23:24:10.812] RX< [RTMP] slow send frame 2401 len=59538 dt=1107ms (IDR)
[23:24:10.812] RX< [RTMP] dropped 2280 p-frames (backlog 93%)
[23:24:10.812] RX< [RTMP] f_index = 2430, f_len = 14976
[23:24:10.812] RX< [RTMP] dropped 2310 p-frames (backlog 90%)
[23:24:10.812] RX< [34m[AE] fid=3900,exp=10280,adg=219,Y=4560,mtg=180,shg=100,bgbv=1752,i
[23:24:11.812] RX< so=219,cnv2,hdr0
[23:24:11.812] RX< [0m[RTMP] slow send frame 2439 len=59629 dt=780ms (IDR)
[23:24:11.812] RX< [RTMP] dropped 2340 p-frames (backlog 89%)
[23:24:11.812] RX< [7] [cam] [687200][me0][me_core_thread:322]ME out fid 3900
[23:24:11.812] RX< [34m[AE] fid=3930,exp=10280,adg=219,Y=4565,mtg=180,shg=100,bgbv=1756,iso=219,cn
[23:24:12.816] RX< v2,hdr0
[23:24:12.816] RX< [0m[RTMP] slow send frame 2472 len=77154 dt=931ms (IDR)
[23:24:12.816] RX< [7] [cam] [688200][me0][me_core_thread:322]ME out fid 3930
[23:24:12.816] RX< [RTMP] slow send frame 2494 len=75515 dt=534ms (IDR)
[23:24:12.816] RX< [RTMP] dropped 2370 p-frames (backlog 67%)
[23:24:12.816] RX< [34m[AE] fid=3960,exp=10280,adg=219
[23:24:12.991] RX< ,Y=4577,mtg=180,shg=100,bgbv=1760,iso=219,cnv2,hdr0
[23:24:12.991] RX< [0m[34m[b_ae0 proc] perf=1097(us), max=1099(us)!
[23:24:12.991] RX< [0m[34m[awb0 proc] perf=4301(us), max=4433(us)!
[23:24:12.991] RX< [0m[34m[ME INTP]fid=3960, shutter=10280, perf=6(us), max=358(us)!
[23:24:12.991] RX< [0m[7] [cam] [689200][me0][me_cor
[23:24:13.812] RX< e_thread:322]ME out fid 3960
[23:24:13.812] RX< [RTMP] slow send frame 2512 len=76201 dt=748ms (IDR)
[23:24:13.812] RX< [RTMP] f_index = 2520, f_len = 14593
[23:24:13.812] RX< [RTMP] dropped 2400 p-frames (backlog 66%)
[23:24:13.812] RX< [RTMP] dropped 2430 p-frames (backlog 63%)
[23:24:13.812] RX< [34m[AE] fid=3990,exp=10280,adg=219,Y=4586,mtg=180
[23:24:14.811] RX< ,shg=100,bgbv=1760,iso=219,cnv2,hdr0
[23:24:14.811] RX< [0m[7] [cam] [690200][me0][me_core_thread:322]ME out fid 3990
[23:24:14.811] RX< [RTMP] slow send frame 2565 len=82891 dt=883ms (IDR)
[23:24:14.811] RX< [RTMP] dropped 2460 p-frames (backlog 86%)
[23:24:14.811] RX< [RTMP] slow send frame 2591 len=83276 dt=625ms (IDR)
[23:24:14.811] RX< [34m[A
[23:24:15.225] RX< E] fid=4020,exp=10280,adg=219,Y=4588,mtg=180,shg=100,bgbv=1764,iso=219,cnv2,hdr0
[23:24:15.225] RX< [0m[7] [cam] [691200][me0][me_core_thread:322]ME out fid 4020
[23:24:15.225] RX< [RTMP] slow send frame 2606 len=82540 dt=491ms (IDR)
[23:24:15.225] RX< [RTMP] f_index = 2610, f_len = 10656
[23:24:15.225] RX< [RTMP] dropped 2490 p-
[23:24:15.846] RX< frames (backlog 85%)
[23:24:15.846] RX< [34m[AE] fid=4050,exp=10280,adg=219,Y=4587,mtg=180,shg=100,bgbv=1760,iso=219,cnv2,hdr0
[23:24:15.846] RX< [0m[34m[b_ae0 proc] perf=946(us), max=1097(us)!
[23:24:15.846] RX< [0m[34m[awb0 proc] perf=4384(us), max=4434(us)!
[23:24:15.846] RX< [0m[RTMP] slow send frame 2641 len=83573 dt=6
[23:24:16.811] RX< 10ms (IDR)
[23:24:16.811] RX< [RTMP] dropped 2520 p-frames (backlog 84%)
[23:24:16.811] RX< [7] [cam] [692199][me0][me_core_thread:322]ME out fid 4050
[23:24:16.811] RX< [RTMP] slow send frame 2666 len=82773 dt=724ms (IDR)
[23:24:16.811] RX< [RTMP] dropped 2550 p-frames (backlog 83%)
[23:24:16.811] RX< [RTMP] f_index = 2700, f_len = 21148
[23:24:16.811] RX< [34m[AE] 
[23:24:17.141] RX< fid=4080,exp=10280,adg=219,Y=4580,mtg=180,shg=100,bgbv=1760,iso=219,cnv2,hdr0
[23:24:17.141] RX< [0m[34m[ME INTP]fid=4080, shutter=10280, perf=6(us), max=311(us)!
[23:24:17.141] RX< [0m[7] [cam] [693199][me0][me_core_thread:322]ME out fid 4080
[23:24:17.141] RX< [RTMP] slow send frame 2704 len=74768 dt=546ms 
[23:24:17.999] RX< (IDR)
[23:24:17.999] RX< [RTMP] dropped 2580 p-frames (backlog 81%)
[23:24:17.999] RX< [34m[AE] fid=4110,exp=10280,adg=219,Y=4572,mtg=180,shg=100,bgbv=1756,iso=219,cnv2,hdr0
[23:24:17.999] RX< [0m[RTMP] slow send frame 2732 len=74387 dt=748ms (IDR)
[23:24:17.999] RX< [RTMP] dropped 2610 p-frames (backlog 80%)
[23:24:17.999] RX< [7] [cam] [694199][
[23:24:18.816] RX< me0][me_core_thread:322]ME out fid 4110
[23:24:18.816] RX< [RTMP] slow send frame 2762 len=89484 dt=729ms (IDR)
[23:24:18.816] RX< [RTMP] dropped 2640 p-frames (backlog 79%)
[23:24:18.816] RX< [34m[AE] fid=4140,exp=10280,adg=219,Y=4560,mtg=180,shg=100,bgbv=1752,iso=219,cnv2,hdr0
[23:24:18.816] RX< [0m[34m[b_ae0 proc] perf=960(u
[23:24:19.307] RX< s), max=1087(us)!
[23:24:19.307] RX< [0m[34m[awb0 proc] perf=4362(us), max=4436(us)!
[23:24:19.307] RX< [0m[7] [cam] [695199][me0][me_core_thread:322]ME out fid 4140
[23:24:19.307] RX< [RTMP] slow send frame 2790 len=74412 dt=650ms (IDR)
[23:24:19.307] RX< [RTMP] f_index = 2790, f_len = 74412
[23:24:19.307] RX< [RTMP] dropped 2670 p-frames (bac
[23:24:20.067] RX< klog 78%)
[23:24:20.067] RX< [34m[AE] fid=4170,exp=10280,adg=219,Y=4553,mtg=180,shg=100,bgbv=1752,iso=219,cnv2,hdr0
[23:24:20.067] RX< [0m[7] [cam] [696199][me0][me_core_thread:322]ME out fid 4170
[23:24:20.067] RX< [RTMP] slow send frame 2819 len=88503 dt=754ms (IDR)
[23:24:20.067] RX< [RTMP] dropped 2700 p-frames (backlog 77%)
[23:24:20.911] RX< 
[23:24:20.911] RX< [RTMP] slow send frame 2849 len=74460 dt=442ms (IDR)
[23:24:20.911] RX< [RTMP] dropped 2730 p-frames (backlog 74%)
[23:24:20.911] RX< [34m[AE] fid=4200,exp=10280,adg=219,Y=4546,mtg=180,shg=100,bgbv=1748,iso=219,cnv2,hdr0
[23:24:20.911] RX< [0m[34m[ME INTP]fid=4200, shutter=10280, perf=7(us), max=1245(us)!
[23:24:20.911] RX< [
[23:24:21.727] RX< 0m[7] [cam] [697199][me0][me_core_thread:322]ME out fid 4200
[23:24:21.727] RX< [RTMP] slow send frame 2879 len=72091 dt=536ms (IDR)
[23:24:21.727] RX< [RTMP] f_index = 2880, f_len = 28403
[23:24:21.727] RX< [RTMP] dropped 2760 p-frames (backlog 73%)
[23:24:21.727] RX< [RTMP] slow send frame 2909 len=81622 dt=638ms (IDR)
[23:24:21.727] RX< [RTMP] dr
[23:24:21.991] RX< opped 2790 p-frames (backlog 71%)
[23:24:21.991] RX< [34m[AE] fid=4230,exp=10280,adg=219,Y=4542,mtg=180,shg=100,bgbv=1748,iso=219,cnv2,hdr0
[23:24:21.991] RX< [0m[34m[b_ae0 proc] perf=971(us), max=1088(us)!
[23:24:21.991] RX< [0m[34m[awb0 proc] perf=4387(us), max=4456(us)!
[23:24:21.991] RX< [0m[7] [cam] [698199][me0][me_co
[23:24:22.821] RX< re_thread:322]ME out fid 4230
[23:24:22.821] RX< [RTMP] slow send frame 2939 len=89592 dt=658ms (IDR)
[23:24:22.821] RX< [RTMP] dropped 2820 p-frames (backlog 70%)
[23:24:22.821] RX< [RTMP] slow send frame 2969 len=74595 dt=406ms (IDR)
[23:24:22.821] RX< [RTMP] f_index = 2970, f_len = 27927
[23:24:22.821] RX< [RTMP] dropped 2850 p-frames (backlog 67
[23:24:23.810] RX< %)
[23:24:23.810] RX< [34m[AE] fid=4260,exp=10280,adg=219,Y=4517,mtg=180,shg=100,bgbv=1740,iso=219,cnv2,hdr0
[23:24:23.810] RX< [0m[7] [cam] [699198][me0][me_core_thread:322]ME out fid 4260
[23:24:23.810] RX< [RTMP] slow send frame 2999 len=72669 dt=627ms (IDR)
[23:24:23.810] RX< [RTMP] dropped 2880 p-frames (backlog 66%)
[23:24:23.810] RX< [34m[
[23:24:24.815] RX< AE] fid=4290,exp=10280,adg=219,Y=4521,mtg=180,shg=100,bgbv=1740,iso=219,cnv2,hdr0
[23:24:24.815] RX< [0m[7] [cam] [700198][me0][me_core_thread:322]ME out fid 4290
[23:24:24.815] RX< [RTMP] slow send frame 3029 len=73561 dt=883ms (IDR)
[23:24:24.815] RX< [RTMP] dropped 2910 p-frames (backlog 66%)
[23:24:24.815] RX< [34m[AE] fid=4
[23:24:24.990] RX< 320,exp=10280,adg=219,Y=4462,mtg=180,shg=100,bgbv=1720,iso=219,cnv2,hdr0
[23:24:24.990] RX< [0m[34m[b_ae0 proc] perf=944(us), max=1084(us)!
[23:24:24.990] RX< [0m[34m[awb0 proc] perf=4419(us), max=4463(us)!
[23:24:24.990] RX< [0m[34m[ME INTP]fid=4320, shutter=10280, perf=285(us), max=1581(us)!
[23:24:24.990] RX< [0m[7] [ca
[23:24:25.810] RX< m] [701198][me0][me_core_thread:322]ME out fid 4320
[23:24:25.810] RX< [RTMP] slow send frame 3059 len=74474 dt=749ms (IDR)
[23:24:25.810] RX< [RTMP] f_index = 3060, f_len = 27971
[23:24:25.810] RX< [RTMP] dropped 2940 p-frames (backlog 65%)
[23:24:25.810] RX< [34m[AE] fid=4350,exp=10280,adg=219,Y=4435,mtg=180,shg=100,bgbv=1712,i
[23:24:26.402] RX< so=219,cnv2,hdr0
[23:24:26.402] RX< [0m[RTMP] slow send frame 3089 len=81650 dt=776ms (IDR)
[23:24:26.402] RX< [7] [cam] [702198][me0][me_core_thread:322]ME out fid 4350
[23:24:26.402] RX< [RTMP] slow send frame 3092 len=22909 dt=179ms
[23:24:26.402] RX< [RTMP] slow send frame 3093 len=5918 dt=90ms
[23:24:26.402] RX< [RTMP] slow send frame 3094 len
[23:24:26.985] RX< =21843 dt=242ms
[23:24:26.985] RX< [RTMP] slow send frame 3095 len=9437 dt=158ms
[23:24:26.985] RX< [RTMP] slow send frame 3096 len=13678 dt=180ms
[23:24:26.985] RX< [34m[AE] fid=4380,exp=10280,adg=219,Y=4408,mtg=180,shg=100,bgbv=1704,iso=219,cnv2,hdr0
[23:24:26.985] RX< [0m[RTMP] slow send frame 3097 len=13912 dt=242ms
[23:24:26.985] RX< [7] [cam
[23:24:27.642] RX< ] [703198][me0][me_core_thread:322]ME out fid 4380
[23:24:27.642] RX< [RTMP] slow send frame 3098 len=13763 dt=59ms
[23:24:27.642] RX< [RTMP] slow send frame 3099 len=13681 dt=104ms
[23:24:27.642] RX< [RTMP] slow send frame 3100 len=13432 dt=158ms
[23:24:27.642] RX< [RTMP] slow send frame 3102 len=13624 dt=118ms
[23:24:27.642] RX< [RTMP] slow send f
[23:24:27.864] RX< rame 3103 len=13292 dt=180ms
[23:24:27.864] RX< [34m[AE] fid=4410,exp=10280,adg=219,Y=4438,mtg=180,shg=100,bgbv=1716,iso=219,cnv2,hdr0
[23:24:27.864] RX< [0m[34m[b_ae0 proc] perf=959(us), max=1111(us)!
[23:24:27.864] RX< [0m[34m[awb0 proc] perf=4289(us), max=4447(us)!
[23:24:27.864] RX< [0m[RTMP] slow send frame 3104 len=20
[23:24:28.810] RX< 472 dt=214ms
[23:24:28.810] RX< [7] [cam] [704198][me0][me_core_thread:322]ME out fid 4410
[23:24:28.810] RX< [RTMP] slow send frame 3105 len=8968 dt=144ms
[23:24:28.810] RX< [RTMP] slow send frame 3106 len=21048 dt=401ms
[23:24:28.810] RX< [RTMP] slow send frame 3115 len=9303 dt=137ms
[23:24:28.810] RX< [34m[AE] fid=4440,exp=10280,adg=219,Y=4485,m
[23:24:29.810] RX< tg=180,shg=100,bgbv=1728,iso=219,cnv2,hdr0
[23:24:29.810] RX< [0m[34m[ME INTP]fid=4440, shutter=10280, perf=6(us), max=386(us)!
[23:24:29.810] RX< [0m[7] [cam] [705198][me0][me_core_thread:322]ME out fid 4440
[23:24:29.810] RX< [34m[AE] fid=4470,exp=10280,adg=219,Y=4511,mtg=180,shg=100,bgbv=1736,iso=219,cnv2
[23:24:30.535] RX< ,hdr0
[23:24:30.535] RX< [0m[RTMP] slow send frame 3119 len=88905 dt=1317ms (IDR)
[23:24:30.535] RX< [RTMP] dropped 2970 p-frames (backlog 53%)
[23:24:30.535] RX< [7] [cam] [706197][me0][me_core_thread:322]ME out fid 4470
[23:24:30.535] RX< [RTMP] slow send frame 3149 len=80988 dt=648ms (IDR)
[23:24:30.535] RX< [RTMP] f_index = 3150, f_len = 19970
[23:24:30.815] RX< [RTMP] dropped 3000 p-frames (backlog 52%)
[23:24:30.815] RX< [RTMP] slow send frame 3178 len=9180 dt=75ms
[23:24:30.815] RX< [34m[AE] fid=4500,exp=10280,adg=219,Y=4519,mtg=180,shg=100,bgbv=1740,iso=219,cnv2,hdr0
[23:24:30.815] RX< [0m[34m[b_ae0 proc] perf=1026(us), max=1104(us)!
[23:24:30.815] RX< [0m[34m[awb0 proc] perf=42
[23:24:31.627] RX< 94(us), max=4446(us)!
[23:24:31.627] RX< [0m[7] [cam] [707197][me0][me_core_thread:322]ME out fid 4500
[23:24:31.627] RX< [RTMP] slow send frame 3179 len=74377 dt=651ms (IDR)
[23:24:31.627] RX< [RTMP] dropped 3030 p-frames (backlog 51%)
[23:24:31.627] RX< [RTMP] slow send frame 3200 len=20584 dt=140ms
[23:24:31.627] RX< [RTMP] slow send frame 3204 
[23:24:32.809] RX< len=20914 dt=213ms
[23:24:32.809] RX< [34m[AE] fid=4530,exp=10280,adg=219,Y=4519,mtg=180,shg=100,bgbv=1740,iso=219,cnv2,hdr0
[23:24:32.809] RX< [0m[7] [cam] [708197][me0][me_core_thread:322]ME out fid 4530
[23:24:32.809] RX< [34m[AE] fid=4560,exp=10280,adg=219,Y=4504,mtg=180,shg=100,bgbv=1736,iso=219,cnv2,hdr
[23:24:33.814] RX< 0
[23:24:33.814] RX< [0m[34m[ME INTP]fid=4560, shutter=10280, perf=6(us), max=285(us)!
[23:24:33.814] RX< [0m[7] [cam] [709197][me0][me_core_thread:322]ME out fid 4560
[23:24:33.814] RX< [34m[AE] fid=4590,exp=10280,adg=219,Y=4501,mtg=180,shg=100,bgbv=1736,iso=219,cnv2,hdr0
[23:24:33.814] RX< [0m[34m[b_ae0 proc] perf=987(us),
[23:24:34.808] RX<  max=1084(us)!
[23:24:34.808] RX< [0m[34m[awb0 proc] perf=4408(us), max=4447(us)!
[23:24:34.808] RX< [0m[7] [cam] [710197][me0][me_core_thread:322]ME out fid 4590
[23:24:34.808] RX< [RTMP] slow send frame 3209 len=89254 dt=3137ms (IDR)
[23:24:34.808] RX< [RTMP] dropped 3060 p-frames (backlog 59%)
[23:24:34.808] RX< [34m[AE] fid=4620,exp=10280,a
[23:24:35.808] RX< dg=219,Y=4528,mtg=180,shg=100,bgbv=1744,iso=219,cnv2,hdr0
[23:24:35.808] RX< [0m[7] [cam] [711197][me0][me_core_thread:322]ME out fid 4620
[23:24:35.808] RX< [RTMP] slow send frame 3239 len=81101 dt=948ms (IDR)
[23:24:35.808] RX< [RTMP] f_index = 3240, f_len = 20174
[23:24:35.808] RX< [RTMP] dropped 3090 p-frames (backlog 82%)
[23:24:35.808] RX< [
[23:24:36.814] RX< 34m[AE] fid=4650,exp=10280,adg=219,Y=4592,mtg=180,shg=100,bgbv=1764,iso=219,cnv2,hdr0
[23:24:36.814] RX< [0m[7] [cam] [712197][me0][me_core_thread:322]ME out fid 4650
[23:24:36.814] RX< [RTMP] slow send frame 3269 len=89582 dt=728ms (IDR)
[23:24:36.814] RX< [RTMP] dropped 3120 p-frames (backlog 81%)
[23:24:36.814] RX< [34m[AE] f
[23:24:36.989] RX< id=4680,exp=10280,adg=219,Y=4569,mtg=180,shg=100,bgbv=1756,iso=219,cnv2,hdr0
[23:24:36.989] RX< [0m[34m[b_ae0 proc] perf=954(us), max=1100(us)!
[23:24:36.989] RX< [0m[34m[awb0 proc] perf=4373(us), max=4445(us)!
[23:24:36.989] RX< [0m[34m[ME INTP]fid=4680, shutter=10280, perf=7(us), max=357(us)!
[23:24:36.989] RX< [0m[7] [c
[23:24:37.604] RX< am] [713197][me0][me_core_thread:322]ME out fid 4680
[23:24:37.604] RX< [RTMP] slow send frame 3299 len=81658 dt=668ms (IDR)
[23:24:37.604] RX< [RTMP] dropped 3150 p-frames (backlog 80%)
[23:24:37.604] RX< [RTMP] slow send frame 3329 len=72662 dt=433ms (IDR)
[23:24:37.604] RX< [RTMP] f_index = 3330, f_len = 28945
[23:24:37.604] RX< [RTMP] dropped 31
[23:24:38.080] RX< 80 p-frames (backlog 78%)
[23:24:38.080] RX< [34m[AE] fid=4710,exp=10280,adg=219,Y=4572,mtg=180,shg=100,bgbv=1756,iso=219,cnv2,hdr0
[23:24:38.080] RX< [0m[7] [cam] [714196][me0][me_core_thread:322]ME out fid 4710
[23:24:38.080] RX< [RTMP] slow send frame 3359 len=79742 dt=469ms (IDR)
[23:24:38.080] RX< [RTMP] dropped 3210 p-fram
[23:24:39.080] RX< es (backlog 76%)
[23:24:39.080] RX< [34m[AE] fid=4740,exp=10280,adg=219,Y=4583,mtg=180,shg=100,bgbv=1760,iso=219,cnv2,hdr0
[23:24:39.080] RX< [0m[7] [cam] [715196][me0][me_core_thread:322]ME out fid 4740
[23:24:39.080] RX< [RTMP] slow send frame 3389 len=79379 dt=985ms (IDR)
[23:24:39.080] RX< [RTMP] dropped 3240 p-frames (backl
[23:24:39.990] RX< og 76%)
[23:24:39.990] RX< [34m[AE] fid=4770,exp=10280,adg=219,Y=4585,mtg=180,shg=100,bgbv=1760,iso=219,cnv2,hdr0
[23:24:39.990] RX< [0m[34m[b_ae0 proc] perf=1009(us), max=1104(us)!
[23:24:39.990] RX< [0m[34m[awb0 proc] perf=4275(us), max=4445(us)!
[23:24:39.990] RX< [0m[7] [cam] [716196][me0][me_core_thread:322]ME out fid 
[23:24:40.909] RX< 4770
[23:24:40.909] RX< [RTMP] slow send frame 3419 len=82504 dt=1010ms (IDR)
[23:24:40.909] RX< [RTMP] f_index = 3420, f_len = 20809
[23:24:40.909] RX< [RTMP] dropped 3270 p-frames (backlog 76%)
[23:24:40.909] RX< [34m[AE] fid=4800,exp=10280,adg=219,Y=4577,mtg=180,shg=100,bgbv=1760,iso=219,cnv2,hdr0
[23:24:40.909] RX< [0m[34m[ME INTP]fid=4800, s
[23:24:42.813] RX< hutter=10280, perf=6(us), max=396(us)!
[23:24:42.813] RX< [0m[7] [cam] [717196][me0][me_core_thread:322]ME out fid 4800
[23:24:42.813] RX< [34m[AE] fid=4830,exp=10280,adg=219,Y=4588,mtg=180,shg=100,bgbv=1764,iso=219,cnv2,hdr0
[23:24:42.813] RX< [0m[7] [cam] [718196][me0][me_core_thread:322]ME out fid 4830
[23:24:42.813] RX< [3
[23:24:43.117] RX< 4m[AE] fid=4860,exp=10140,adg=219,Y=4520,mtg=180,shg=100,bgbv=1756,iso=219,cnv2,hdr0
[23:24:43.117] RX< [0m[34m[b_ae0 proc] perf=1137(us), max=1137(us)!
[23:24:43.117] RX< [0m[34m[awb0 proc] perf=4380(us), max=4427(us)!
[23:24:43.117] RX< [0m[7] [cam] [719196][me0][me_core_thread:322]ME out fid 4860
[23:24:43.117] RX< [RTMP]
[23:24:44.080] RX<  slow send frame 3449 len=82274 dt=3013ms (IDR)
[23:24:44.080] RX< [34m[AE] fid=4890,exp=10140,adg=219,Y=4515,mtg=180,shg=100,bgbv=1756,iso=219,cnv2,hdr0
[23:24:44.080] RX< [0m[7] [cam] [720196][me0][me_core_thread:322]ME out fid 4890
[23:24:44.080] RX< [RTMP] slow send frame 3479 len=80791 dt=949ms (IDR)
[23:24:44.080] RX< [RTM
[23:24:44.988] RX< P] dropped 3300 p-frames (backlog 86%)
[23:24:44.988] RX< [34m[AE] fid=4920,exp=10140,adg=219,Y=4524,mtg=180,shg=100,bgbv=1756,iso=219,cnv2,hdr0
[23:24:44.988] RX< [0m[34m[ME INTP]fid=4920, shutter=10140, perf=7(us), max=412(us)!
[23:24:44.988] RX< [0m[7] [cam] [721195][me0][me_core_thread:322]ME out fid 492
[23:24:45.813] RX< 0
[23:24:45.813] RX< [RTMP] slow send frame 3509 len=90135 dt=1028ms (IDR)
[23:24:45.813] RX< [RTMP] f_index = 3510, f_len = 14811
[23:24:45.813] RX< [RTMP] dropped 3330 p-frames (backlog 86%)
[23:24:45.813] RX< [RTMP] slow send frame 3539 len=80436 dt=486ms (IDR)
[23:24:45.813] RX< [RTMP] dropped 3360 p-frames (backlog 84%)
[23:24:45.813] RX< [34m[AE] fid=4950,exp=
[23:24:46.236] RX< 10140,adg=219,Y=4541,mtg=180,shg=100,bgbv=1764,iso=219,cnv2,hdr0
[23:24:46.236] RX< [0m[34m[b_ae0 proc] perf=952(us), max=1137(us)!
[23:24:46.236] RX< [0m[34m[awb0 proc] perf=4414(us), max=4451(us)!
[23:24:46.236] RX< [0m[7] [cam] [722195][me0][me_core_thread:322]ME out fid 4950
[23:24:46.236] RX< [RTMP] slow send frame 3569
[23:24:46.906] RX<  len=90182 dt=603ms (IDR)
[23:24:46.906] RX< [RTMP] dropped 3390 p-frames (backlog 83%)
[23:24:46.906] RX< [34m[AE] fid=4980,exp=10140,adg=219,Y=4549,mtg=180,shg=100,bgbv=1764,iso=219,cnv2,hdr0
[23:24:46.906] RX< [0m[RTMP] slow send frame 3599 len=89979 dt=658ms (IDR)
[23:24:46.906] RX< [RTMP] f_index = 3600, f_len = 14483
[23:24:46.906] RX< [RTMP
[23:24:47.807] RX< ] dropped 3420 p-frames (backlog 81%)
[23:24:47.807] RX< [7] [cam] [723195][me0][me_core_thread:322]ME out fid 4980
[23:24:47.807] RX< [RTMP] slow send frame 3629 len=81727 dt=678ms (IDR)
[23:24:47.807] RX< [RTMP] dropped 3450 p-frames (backlog 80%)
[23:24:47.807] RX< [34m[AE] fid=5010,exp=10140,adg=219,Y=4550,mtg=180,shg=100,bgb
[23:24:48.812] RX< v=1768,iso=219,cnv2,hdr0
[23:24:48.812] RX< [0m[7] [cam] [724195][me0][me_core_thread:322]ME out fid 5010
[23:24:48.812] RX< [RTMP] slow send frame 3659 len=82245 dt=611ms (IDR)
[23:24:48.812] RX< [RTMP] dropped 3480 p-frames (backlog 79%)
[23:24:48.812] RX< [34m[AE] fid=5040,exp=10140,adg=219,Y=4539,mtg=180,shg=100,bgbv=1764,is
[23:24:49.807] RX< o=219,cnv2,hdr0
[23:24:49.807] RX< [0m[34m[b_ae0 proc] perf=1003(us), max=1083(us)!
[23:24:49.807] RX< [0m[34m[awb0 proc] perf=4382(us), max=4429(us)!
[23:24:49.807] RX< [0m[34m[ME INTP]fid=5040, shutter=10140, perf=6(us), max=398(us)!
[23:24:49.807] RX< [0m[7] [cam] [725195][me0][me_core_thread:322]ME out fid 5040
[23:24:49.807] RX< [34m[A
[23:24:50.704] RX< E] fid=5070,exp=10140,adg=219,Y=4527,mtg=180,shg=100,bgbv=1760,iso=219,cnv2,hdr0
[23:24:50.704] RX< [0m[7] [cam] [726195][me0][me_core_thread:322]ME out fid 5070
[23:24:50.704] RX< [RTMP] slow send frame 3689 len=82253 dt=2471ms (IDR)
[23:24:50.704] RX< [RTMP] f_index = 3690, f_len = 20503
[23:24:50.704] RX< [RTMP] dropped 3510 p
[23:24:51.701] RX< -frames (backlog 84%)
[23:24:51.701] RX< [34m[AE] fid=5100,exp=10140,adg=219,Y=4518,mtg=180,shg=100,bgbv=1756,iso=219,cnv2,hdr0
[23:24:51.701] RX< [0m[7] [cam] [727195][me0][me_core_thread:322]ME out fid 5100
[23:24:51.701] RX< [RTMP] slow send frame 3719 len=89340 dt=985ms (IDR)
[23:24:51.701] RX< [RTMP] dropped 3540 p-frames (
[23:24:51.988] RX< backlog 61%)
[23:24:51.988] RX< [34m[AE] fid=5130,exp=10140,adg=219,Y=4500,mtg=180,shg=100,bgbv=1752,iso=219,cnv2,hdr0
[23:24:51.988] RX< [0m[34m[b_ae0 proc] perf=1066(us), max=1089(us)!
[23:24:51.988] RX< [0m[34m[awb0 proc] perf=4383(us), max=4444(us)!
[23:24:51.988] RX< [0m[7] [cam] [728194][me0][me_core_thread:322]ME out
[23:24:52.906] RX<  fid 5130
[23:24:52.906] RX< [RTMP] slow send frame 3749 len=73137 dt=529ms (IDR)
[23:24:52.906] RX< [RTMP] dropped 3570 p-frames (backlog 59%)
[23:24:52.906] RX< [34m[AE] fid=5160,exp=10140,adg=219,Y=4485,mtg=180,shg=100,bgbv=1744,iso=219,cnv2,hdr0
[23:24:52.906] RX< [0m[34m[ME INTP]fid=5160, shutter=10140, perf=7(us), max=290
[23:24:53.807] RX< (us)!
[23:24:53.807] RX< [0m[RTMP] slow send frame 3779 len=80072 dt=675ms (IDR)
[23:24:53.807] RX< [RTMP] f_index = 3780, f_len = 18453
[23:24:53.807] RX< [RTMP] dropped 3600 p-frames (backlog 57%)
[23:24:53.807] RX< [7] [cam] [729194][me0][me_core_thread:322]ME out fid 5160
[23:24:53.807] RX< [34m[AE] fid=5190,exp=10140,adg=219,Y=4514,mtg=180,sh
[23:24:54.812] RX< g=100,bgbv=1756,iso=219,cnv2,hdr0
[23:24:54.812] RX< [0m[7] [cam] [730194][me0][me_core_thread:322]ME out fid 5190
[23:24:54.812] RX< [RTMP] slow send frame 3809 len=74054 dt=1376ms (IDR)
[23:24:54.812] RX< [RTMP] dropped 3630 p-frames (backlog 59%)
[23:24:54.812] RX< [34m[AE] fid=5220,exp=10140,adg=219,Y=4505,mtg=180,shg=100,bg
[23:24:55.686] RX< bv=1752,iso=219,cnv2,hdr0
[23:24:55.686] RX< [0m[34m[b_ae0 proc] perf=954(us), max=1081(us)!
[23:24:55.686] RX< [0m[34m[awb0 proc] perf=4418(us), max=4454(us)!
[23:24:55.686] RX< [0m[7] [cam] [731194][me0][me_core_thread:322]ME out fid 5220
[23:24:55.686] RX< [RTMP] slow send frame 3839 len=74252 dt=1354ms (IDR)
[23:24:55.686] RX< [RTMP] dropp
[23:24:56.806] RX< ed 3660 p-frames (backlog 83%)
[23:24:56.806] RX< [34m[AE] fid=5250,exp=10140,adg=219,Y=4478,mtg=180,shg=100,bgbv=1744,iso=219,cnv2,hdr0
[23:24:56.806] RX< [0m[7] [cam] [732194][me0][me_core_thread:322]ME out fid 5250
[23:24:56.806] RX< [34m[AE] fid=5280,exp=10140,adg=219,Y=4445,mtg=180,shg=100,bgbv=1732,iso=
[23:24:57.117] RX< 219,cnv2,hdr0
[23:24:57.117] RX< [0m[34m[ME INTP]fid=5280, shutter=10140, perf=6(us), max=400(us)!
[23:24:57.117] RX< [0m[7] [cam] [733194][me0][me_core_thread:322]ME out fid 5280
[23:24:57.117] RX< [RTMP] slow send frame 3869 len=89223 dt=1419ms (IDR)
[23:24:57.117] RX< [RTMP] f_index = 3870, f_len = 14230
[23:24:57.117] RX< [RTMP] dropped 3690 
[23:24:57.988] RX< p-frames (backlog 85%)
[23:24:57.988] RX< [34m[AE] fid=5310,exp=10140,adg=219,Y=4401,mtg=180,shg=100,bgbv=1720,iso=219,cnv2,hdr0
[23:24:57.988] RX< [0m[34m[b_ae0 proc] perf=997(us), max=1114(us)!
[23:24:57.988] RX< [0m[34m[awb0 proc] perf=4376(us), max=4447(us)!
[23:24:57.988] RX< [0m[7] [cam] [734194][me0][me_core_thread:3
[23:24:58.825] RX< 22]ME out fid 5310
[23:24:58.825] RX< [RTMP] slow send frame 3899 len=89303 dt=1009ms (IDR)
[23:24:58.825] RX< [RTMP] dropped 3720 p-frames (backlog 85%)
[23:24:58.825] RX< [34m[AE] fid=5340,exp=10140,adg=219,Y=4385,mtg=180,shg=100,bgbv=1712,iso=219,cnv2,hdr0
[23:24:58.825] RX< [0m[RTMP] slow send frame 3929 len=72981 dt=675ms (
[23:24:59.806] RX< IDR)
[23:24:59.806] RX< [RTMP] dropped 3750 p-frames (backlog 83%)
[23:24:59.806] RX< [7] [cam] [735194][me0][me_core_thread:322]ME out fid 5340
[23:24:59.806] RX< [RTMP] slow send frame 3959 len=79246 dt=948ms (IDR)
[23:24:59.806] RX< [RTMP] f_index = 3960, f_len = 21172
[23:24:59.806] RX< [RTMP] dropped 3780 p-frames (backlog 83%)
[23:24:59.806] RX< [34m[AE] fid=53
[23:25:00.810] RX< 70,exp=10140,adg=219,Y=4433,mtg=180,shg=100,bgbv=1728,iso=219,cnv2,hdr0
[23:25:00.810] RX< [0m[7] [cam] [736193][me0][me_core_thread:322]ME out fid 5370
[23:25:00.810] RX< [34m[AE] fid=5400,exp=10140,adg=219,Y=4476,mtg=180,shg=100,bgbv=1744,iso=219,cnv2,hdr0
[23:25:00.810] RX< [0m[34m[b_ae0 proc] perf=899(us
[23:25:00.993] RX< ), max=1103(us)!
[23:25:00.993] RX< [0m[34m[awb0 proc] perf=4249(us), max=4443(us)!
[23:25:00.993] RX< [0m[34m[ME INTP]fid=5400, shutter=10140, perf=238(us), max=290(us)!
[23:25:00.993] RX< [0m[RTMP] slow send frame 3989 len=75390 dt=1180ms (IDR)
[23:25:00.993] RX< [RTMP] dropped 3810 p-frames (backlog 84%)
[23:25:00.993] RX< [7] [cam] [737193
[23:25:01.982] RX< ][me0][me_core_thread:322]ME out fid 5400
[23:25:01.982] RX< [RTMP] slow send frame 4019 len=89754 dt=550ms (IDR)
[23:25:01.982] RX< [RTMP] dropped 3840 p-frames (backlog 82%)
[23:25:01.982] RX< [34m[AE] fid=5430,exp=10140,adg=219,Y=4503,mtg=180,shg=100,bgbv=1752,iso=219,cnv2,hdr0
[23:25:01.982] RX< [0m[7] [cam] [738193][me0][me
[23:25:02.806] RX< _core_thread:322]ME out fid 5430
[23:25:02.806] RX< [RTMP] slow send frame 4049 len=74803 dt=512ms (IDR)
[23:25:02.806] RX< [RTMP] f_index = 4050, f_len = 27688
[23:25:02.806] RX< [RTMP] dropped 3870 p-frames (backlog 80%)
[23:25:02.806] RX< [34m[AE] fid=5460,exp=10140,adg=219,Y=4519,mtg=180,shg=100,bgbv=1756,iso=219,cnv2,hdr0
[23:25:02.806] RX< [
[23:25:03.986] RX< 0m[7] [cam] [739193][me0][me_core_thread:322]ME out fid 5460
[23:25:03.986] RX< [34m[AE] fid=5490,exp=10140,adg=219,Y=4526,mtg=180,shg=100,bgbv=1760,iso=219,cnv2,hdr0
[23:25:03.986] RX< [0m[34m[b_ae0 proc] perf=947(us), max=1089(us)!
[23:25:03.986] RX< [0m[34m[awb0 proc] perf=4381(us), max=4446(us)!
[23:25:03.986] RX< [0m[7
[23:25:04.905] RX< ] [cam] [740193][me0][me_core_thread:322]ME out fid 5490
[23:25:04.905] RX< [RTMP] slow send frame 4079 len=74110 dt=2020ms (IDR)
[23:25:04.905] RX< [RTMP] dropped 3900 p-frames (backlog 84%)
[23:25:04.905] RX< [34m[AE] fid=5520,exp=10140,adg=219,Y=4519,mtg=180,shg=100,bgbv=1756,iso=219,cnv2,hdr0
[23:25:04.905] RX< [0m[34m[ME I
[23:25:05.982] RX< NTP]fid=5520, shutter=10140, perf=7(us), max=287(us)!
[23:25:05.982] RX< [0m[7] [cam] [741193][me0][me_core_thread:322]ME out fid 5520
[23:25:05.982] RX< [34m[AE] fid=5550,exp=10140,adg=219,Y=4520,mtg=180,shg=100,bgbv=1756,iso=219,cnv2,hdr0
[23:25:05.982] RX< [0m[7] [cam] [742193][me0][me_core_thread:322]ME o
[23:25:06.810] RX< ut fid 5550
[23:25:06.810] RX< [RTMP] slow send frame 4109 len=74677 dt=2202ms (IDR)
[23:25:06.810] RX< [RTMP] dropped 3930 p-frames (backlog 88%)
[23:25:06.810] RX< [34m[AE] fid=5580,exp=10140,adg=219,Y=4517,mtg=180,shg=100,bgbv=1756,iso=219,cnv2,hdr0
[23:25:06.810] RX< [0m[34m[b_ae0 proc] perf=994(us), max=1089(us)!
[23:25:06.810] RX< [0m[34
[23:25:07.981] RX< m[awb0 proc] perf=4382(us), max=4446(us)!
[23:25:07.981] RX< [0m[7] [cam] [743192][me0][me_core_thread:322]ME out fid 5580
[23:25:07.981] RX< [34m[AE] fid=5610,exp=10140,adg=219,Y=4513,mtg=180,shg=100,bgbv=1756,iso=219,cnv2,hdr0
[23:25:07.981] RX< [0m[7] [cam] [744192][me0][me_core_thread:322]ME out fid 5610
[23:25:08.904] RX< [RTMP] slow send frame 4139 len=74908 dt=2201ms (IDR)
[23:25:08.904] RX< [RTMP] f_index = 4140, f_len = 28572
[23:25:08.904] RX< [RTMP] dropped 3960 p-frames (backlog 93%)
[23:25:08.904] RX< [34m[AE] fid=5640,exp=10140,adg=219,Y=4518,mtg=180,shg=100,bgbv=1756,iso=219,cnv2,hdr0
[23:25:08.904] RX< [0m[34m[ME INTP]fid=5640, shutte
[23:25:09.809] RX< r=10140, perf=7(us), max=287(us)!
[23:25:09.809] RX< [0m[7] [cam] [745192][me0][me_core_thread:322]ME out fid 5640
[23:25:09.809] RX< [34m[AE] fid=5670,exp=10140,adg=219,Y=4523,mtg=180,shg=100,bgbv=1756,iso=219,cnv2,hdr0
[23:25:09.809] RX< [0m[34m[b_ae0 proc] perf=997(us), max=1114(us)!
[23:25:09.809] RX< [0m[34m[awb0 proc]
[23:25:10.561] RX<  perf=4305(us), max=4433(us)!
[23:25:10.561] RX< [0m[7] [cam] [746192][me0][me_core_thread:322]ME out fid 5670
[23:25:10.561] RX< [ringbuf] no space data_len=14336
[23:25:10.561] RX< [3] [App Vpu] RINGBUF: write fail, size = 13950 space is not enough
[23:25:10.561] RX< [ringbuf] no space data_len=13824
[23:25:10.561] RX< [3] [App Vpu] RINGBUF: wri
[23:25:10.661] RX< te fail, size = 13803 space is not enough
[23:25:10.661] RX< [ringbuf] no space data_len=14336
[23:25:10.661] RX< [3] [App Vpu] RINGBUF: write fail, size = 13884 space is not enough
[23:25:10.661] RX< [ringbuf] no space data_len=14336
[23:25:10.661] RX< [3] [App Vpu] RINGBUF: write fail, size = 13996 space is not enough
[23:25:10.661] RX< [ringbu
[23:25:10.728] RX< f] no space data_len=14336
[23:25:10.728] RX< [3] [App Vpu] RINGBUF: write fail, size = 13929 space is not enough
[23:25:10.728] RX< [ringbuf] no space data_len=14848
[23:25:10.728] RX< [3] [App Vpu] RINGBUF: write fail, size = 14554 space is not enough
[23:25:10.728] RX< [ringbuf] no space data_len=14848
[23:25:10.728] RX< [3] [App Vpu] RINGBUF: 
[23:25:10.805] RX< write fail, size = 14621 space is not enough
[23:25:10.805] RX< [ringbuf] no space data_len=14848
[23:25:10.805] RX< [3] [App Vpu] RINGBUF: write fail, size = 14561 space is not enough
[23:25:10.805] RX< [ringbuf] no space data_len=13824
[23:25:10.805] RX< [3] [App Vpu] RINGBUF: write fail, size = 13811 space is not enough
[23:25:10.805] RX< [34
[23:25:10.861] RX< m[AE] fid=5700,exp=10140,adg=219,Y=4528,mtg=180,shg=100,bgbv=1760,iso=219,cnv2,hdr0
[23:25:10.861] RX< [0m[ringbuf] no space data_len=13824
[23:25:10.861] RX< [3] [App Vpu] RINGBUF: write fail, size = 13705 space is not enough
[23:25:10.861] RX< [ringbuf] no space data_len=14336
[23:25:10.861] RX< [3] [App Vpu] RINGBUF: write fa
[23:25:10.961] RX< il, size = 13995 space is not enough
[23:25:10.961] RX< [ringbuf] no space data_len=13824
[23:25:10.961] RX< [3] [App Vpu] RINGBUF: write fail, size = 13821 space is not enough
[23:25:10.961] RX< [ringbuf] no space data_len=14336
[23:25:10.961] RX< [3] [App Vpu] RINGBUF: write fail, size = 14234 space is not enough
[23:25:10.961] RX< [ringbuf] no
[23:25:11.028] RX<  space data_len=14336
[23:25:11.028] RX< [3] [App Vpu] RINGBUF: write fail, size = 13921 space is not enough
[23:25:11.028] RX< [7] [cam] [747192][me0][me_core_thread:322]ME out fid 5700
[23:25:11.028] RX< [ringbuf] no space data_len=81920
[23:25:11.028] RX< [3] [App Vpu] RINGBUF: write fail, size = 81879 space is not enough
[23:25:11.028] RX< [ri
[23:25:11.095] RX< ngbuf] no space data_len=21504
[23:25:11.095] RX< [3] [App Vpu] RINGBUF: write fail, size = 21249 space is not enough
[23:25:11.095] RX< [ringbuf] no space data_len=8192
[23:25:11.095] RX< [3] [App Vpu] RINGBUF: write fail, size = 7778 space is not enough
[23:25:11.095] RX< [ringbuf] no space data_len=16896
[23:25:11.095] RX< [3] [App Vpu] RINGBUF
[23:25:11.194] RX< : write fail, size = 16569 space is not enough
[23:25:11.194] RX< [ringbuf] no space data_len=15872
[23:25:11.194] RX< [3] [App Vpu] RINGBUF: write fail, size = 15737 space is not enough
[23:25:11.194] RX< [ringbuf] no space data_len=10752
[23:25:11.194] RX< [3] [App Vpu] RINGBUF: write fail, size = 10478 space is not enough
[23:25:11.194] RX< [r
[23:25:11.261] RX< ingbuf] no space data_len=23040
[23:25:11.261] RX< [3] [App Vpu] RINGBUF: write fail, size = 22561 space is not enough
[23:25:11.261] RX< [ringbuf] no space data_len=7168
[23:25:11.261] RX< [3] [App Vpu] RINGBUF: write fail, size = 6915 space is not enough
[23:25:11.261] RX< [ringbuf] no space data_len=22528
[23:25:11.261] RX< [3] [App Vpu] RINGBU
[23:25:11.361] RX< F: write fail, size = 22477 space is not enough
[23:25:11.361] RX< [ringbuf] no space data_len=10240
[23:25:11.361] RX< [3] [App Vpu] RINGBUF: write fail, size = 10112 space is not enough
[23:25:11.361] RX< [ringbuf] no space data_len=14848
[23:25:11.361] RX< [3] [App Vpu] RINGBUF: write fail, size = 14623 space is not enough
[23:25:11.361] RX< [
[23:25:11.428] RX< ringbuf] no space data_len=14336
[23:25:11.428] RX< [3] [App Vpu] RINGBUF: write fail, size = 14301 space is not enough
[23:25:11.428] RX< [ringbuf] no space data_len=14848
[23:25:11.428] RX< [3] [App Vpu] RINGBUF: write fail, size = 14475 space is not enough
[23:25:11.428] RX< [ringbuf] no space data_len=14848
[23:25:11.428] RX< [3] [App Vpu] RIN
[23:25:11.494] RX< GBUF: write fail, size = 14547 space is not enough
[23:25:11.494] RX< [ringbuf] no space data_len=14848
[23:25:11.494] RX< [3] [App Vpu] RINGBUF: write fail, size = 14725 space is not enough
[23:25:11.494] RX< [ringbuf] no space data_len=15360
[23:25:11.494] RX< [3] [App Vpu] RINGBUF: write fail, size = 15001 space is not enough
[23:25:11.594] RX< 
[23:25:11.594] RX< [ringbuf] no space data_len=15360
[23:25:11.594] RX< [3] [App Vpu] RINGBUF: write fail, size = 15267 space is not enough
[23:25:11.594] RX< [ringbuf] no space data_len=14848
[23:25:11.594] RX< [3] [App Vpu] RINGBUF: write fail, size = 14626 space is not enough
[23:25:11.594] RX< [ringbuf] no space data_len=14336
[23:25:11.594] RX< [3] [App Vpu] 
[23:25:11.661] RX< RINGBUF: write fail, size = 14309 space is not enough
[23:25:11.661] RX< [ringbuf] no space data_len=14848
[23:25:11.661] RX< [3] [App Vpu] RINGBUF: write fail, size = 14338 space is not enough
[23:25:11.661] RX< [ringbuf] no space data_len=14336
[23:25:11.661] RX< [3] [App Vpu] RINGBUF: write fail, size = 14172 space is not eno
[23:25:11.772] RX< ugh
[23:25:11.772] RX< [ringbuf] no space data_len=14336
[23:25:11.772] RX< [3] [App Vpu] RINGBUF: write fail, size = 14028 space is not enough
[23:25:11.772] RX< [ringbuf] no space data_len=14336
[23:25:11.772] RX< [3] [App Vpu] RINGBUF: write fail, size = 13935 space is not enough
[23:25:11.772] RX< [ringbuf] no space data_len=14336
[23:25:11.772] RX< [3] [App Vp
[23:25:11.828] RX< u] RINGBUF: write fail, size = 13950 space is not enough
[23:25:11.828] RX< [ringbuf] no space data_len=13824
[23:25:11.828] RX< [3] [App Vpu] RINGBUF: write fail, size = 13732 space is not enough
[23:25:11.828] RX< [34m[AE] fid=5730,exp=10140,adg=219,Y=4531,mtg=180,shg=100,bgbv=1760,iso=219,cnv2,hdr0
[23:25:11.828] RX< [0m[ri
[23:25:11.894] RX< ngbuf] no space data_len=14336
[23:25:11.894] RX< [3] [App Vpu] RINGBUF: write fail, size = 13876 space is not enough
[23:25:11.894] RX< [ringbuf] no space data_len=13824
[23:25:11.894] RX< [3] [App Vpu] RINGBUF: write fail, size = 13737 space is not enough
[23:25:11.894] RX< [ringbuf] no space data_len=13824
[23:25:11.894] RX< [3] [App Vpu] RINGB
[23:25:11.994] RX< UF: write fail, size = 13422 space is not enough
[23:25:11.994] RX< [ringbuf] no space data_len=21504
[23:25:11.994] RX< [3] [App Vpu] RINGBUF: write fail, size = 21253 space is not enough
[23:25:11.994] RX< [ringbuf] no space data_len=9728
[23:25:11.994] RX< [3] [App Vpu] RINGBUF: write fail, size = 9288 space is not enough
[23:25:11.994] RX< [7
[23:25:12.028] RX< ] [cam] [748192][me0][me_core_thread:322]ME out fid 5730
[23:25:12.028] RX< [ringbuf] no space data_len=74752
[23:25:12.028] RX< [3] [App Vpu] RINGBUF: write fail, size = 74345 space is not enough
[23:25:12.028] RX< [ringbuf] no space data_len=28672
[23:25:12.028] RX< [3] [App Vpu] RINGBUF: write fail, size = 28202 space is not e
[23:25:12.161] RX< nough
[23:25:12.161] RX< [ringbuf] no space data_len=15872
[23:25:12.161] RX< [3] [App Vpu] RINGBUF: write fail, size = 15852 space is not enough
[23:25:12.161] RX< [ringbuf] no space data_len=15360
[23:25:12.161] RX< [3] [App Vpu] RINGBUF: write fail, size = 14949 space is not enough
[23:25:12.161] RX< [ringbuf] no space data_len=14848
[23:25:12.161] RX< [3] [App 
[23:25:12.227] RX< Vpu] RINGBUF: write fail, size = 14439 space is not enough
[23:25:12.227] RX< [ringbuf] no space data_len=14336
[23:25:12.227] RX< [3] [App Vpu] RINGBUF: write fail, size = 13936 space is not enough
[23:25:12.227] RX< [ringbuf] no space data_len=14336
[23:25:12.227] RX< [3] [App Vpu] RINGBUF: write fail, size = 14282 space is no
[23:25:12.327] RX< t enough
[23:25:12.327] RX< [ringbuf] no space data_len=14336
[23:25:12.327] RX< [3] [App Vpu] RINGBUF: write fail, size = 14084 space is not enough
[23:25:12.327] RX< [ringbuf] no space data_len=14336
[23:25:12.327] RX< [3] [App Vpu] RINGBUF: write fail, size = 14121 space is not enough
[23:25:12.327] RX< [ringbuf] no space data_len=14848
[23:25:12.327] RX< [3] [A
[23:25:12.394] RX< pp Vpu] RINGBUF: write fail, size = 14398 space is not enough
[23:25:12.394] RX< [ringbuf] no space data_len=14336
[23:25:12.394] RX< [3] [App Vpu] RINGBUF: write fail, size = 13864 space is not enough
[23:25:12.394] RX< [ringbuf] no space data_len=14336
[23:25:12.394] RX< [3] [App Vpu] RINGBUF: write fail, size = 14124 space is
[23:25:12.494] RX<  not enough
[23:25:12.494] RX< [ringbuf] no space data_len=13824
[23:25:12.494] RX< [3] [App Vpu] RINGBUF: write fail, size = 13674 space is not enough
[23:25:12.494] RX< [ringbuf] no space data_len=13824
[23:25:12.494] RX< [3] [App Vpu] RINGBUF: write fail, size = 13749 space is not enough
[23:25:12.494] RX< [ringbuf] no space data_len=13824
[23:25:12.494] RX< [3]
[23:25:12.561] RX<  [App Vpu] RINGBUF: write fail, size = 13670 space is not enough
[23:25:12.561] RX< [ringbuf] no space data_len=13824
[23:25:12.561] RX< [3] [App Vpu] RINGBUF: write fail, size = 13358 space is not enough
[23:25:12.561] RX< [ringbuf] no space data_len=21504
[23:25:12.561] RX< [3] [App Vpu] RINGBUF: write fail, size = 21084 space
[23:25:12.661] RX<  is not enough
[23:25:12.661] RX< [ringbuf] no space data_len=9728
[23:25:12.661] RX< [3] [App Vpu] RINGBUF: write fail, size = 9308 space is not enough
[23:25:12.661] RX< [ringbuf] no space data_len=21504
[23:25:12.661] RX< [3] [App Vpu] RINGBUF: write fail, size = 21314 space is not enough
[23:25:12.661] RX< [ringbuf] no space data_len=9728
[23:25:12.661] RX< [3]
[23:25:12.727] RX<  [App Vpu] RINGBUF: write fail, size = 9224 space is not enough
[23:25:12.727] RX< [ringbuf] no space data_len=21504
[23:25:12.727] RX< [3] [App Vpu] RINGBUF: write fail, size = 21115 space is not enough
[23:25:12.727] RX< [ringbuf] no space data_len=9216
[23:25:12.727] RX< [3] [App Vpu] RINGBUF: write fail, size = 9207 space is
[23:25:12.809] RX<  not enough
[23:25:12.809] RX< [ringbuf] no space data_len=20992
[23:25:12.809] RX< [3] [App Vpu] RINGBUF: write fail, size = 20952 space is not enough
[23:25:12.809] RX< [ringbuf] no space data_len=9216
[23:25:12.809] RX< [3] [App Vpu] RINGBUF: write fail, size = 9101 space is not enough
[23:25:12.809] RX< [34m[AE] fid=5760,exp=10140,adg=219,Y=
[23:25:12.827] RX< 4532,mtg=180,shg=100,bgbv=1760,iso=219,cnv2,hdr0
[23:25:12.827] RX< [0m[34m[b_ae0 proc] perf=925(us), max=1108(us)!
[23:25:12.827] RX< [0m[34m[awb0 proc] perf=4393(us), max=4434(us)!
[23:25:12.827] RX< [0m[ringbuf] no space data_len=20992
[23:25:12.827] RX< [3] [App Vpu] RINGBUF: write fail, size = 20785 space is not enough
[23:25:12.906] RX< 
[23:25:12.906] RX< [ringbuf] no space data_len=9216
[23:25:12.906] RX< [3] [App Vpu] RINGBUF: write fail, size = 9120 space is not enough
[23:25:12.906] RX< [ringbuf] no space data_len=21504
[23:25:12.906] RX< [3] [App Vpu] RINGBUF: write fail, size = 21237 space is not enough
[23:25:12.906] RX< [34m[ME INTP]fid=5760, shutter=10140, perf=7(us), 
[23:25:13.008] RX< max=390(us)!
[23:25:13.008] RX< [0m[ringbuf] no space data_len=9216
[23:25:13.008] RX< [3] [App Vpu] RINGBUF: write fail, size = 8974 space is not enough
[23:25:13.008] RX< [ringbuf] no space data_len=21504
[23:25:13.008] RX< [3] [App Vpu] RINGBUF: write fail, size = 21133 space is not enough
[23:25:13.008] RX< [RTMP] slow send frame 4169 len=816
[23:25:13.804] RX< 36 dt=4464ms (IDR)
[23:25:13.804] RX< [ringbuf] no space data_len=90624
[23:25:13.804] RX< [3] [App Vpu] RINGBUF: write fail, size = 90562 space is not enough
[23:25:13.804] RX< [RTMP] dropped 3990 p-frames (backlog 96%)
[23:25:13.804] RX< [7] [cam] [749206][me0][me_core_thread:322]ME out fid 5760
[23:25:13.804] RX< [34m[AE] fid=5790,exp=10140,adg
[23:25:14.803] RX< =219,Y=4533,mtg=180,shg=100,bgbv=1760,iso=219,cnv2,hdr0
[23:25:14.803] RX< [0m[7] [cam] [750191][me0][me_core_thread:322]ME out fid 5790
[23:25:14.803] RX< [RTMP] slow send frame 4199 len=89626 dt=1021ms (IDR)
[23:25:14.803] RX< [RTMP] dropped 4020 p-frames (backlog 96%)
[23:25:14.803] RX< [34m[AE] fid=5820,exp=10140,adg=219,Y=4
[23:25:15.809] RX< 534,mtg=180,shg=100,bgbv=1760,iso=219,cnv2,hdr0
[23:25:15.809] RX< [0m[RTMP] slow send frame 4229 len=82110 dt=903ms (IDR)
[23:25:15.809] RX< [RTMP] f_index = 4230, f_len = 20752
[23:25:15.809] RX< [RTMP] dropped 4050 p-frames (backlog 95%)
[23:25:15.809] RX< [7] [cam] [751191][me0][me_core_thread:322]ME out fid 5820
[23:25:15.809] RX< [34m[AE] fi
[23:25:16.027] RX< d=5850,exp=10140,adg=219,Y=4535,mtg=180,shg=100,bgbv=1760,iso=219,cnv2,hdr0
[23:25:16.027] RX< [0m[34m[b_ae0 proc] perf=995(us), max=1089(us)!
[23:25:16.027] RX< [0m[34m[awb0 proc] perf=4379(us), max=4436(us)!
[23:25:16.027] RX< [0m[7] [cam] [752191][me0][me_core_thread:322]ME out fid 5850
[23:25:16.027] RX< [ringbuf] no spa
[23:25:16.160] RX< ce data_len=28672
[23:25:16.160] RX< [3] [App Vpu] RINGBUF: write fail, size = 28268 space is not enough
[23:25:16.160] RX< [ringbuf] no space data_len=15872
[23:25:16.160] RX< [3] [App Vpu] RINGBUF: write fail, size = 15711 space is not enough
[23:25:16.160] RX< [ringbuf] no space data_len=14848
[23:25:16.160] RX< [3] [App Vpu] RINGBUF: write fai
[23:25:16.260] RX< l, size = 14445 space is not enough
[23:25:16.260] RX< [ringbuf] no space data_len=14336
[23:25:16.260] RX< [3] [App Vpu] RINGBUF: write fail, size = 14129 space is not enough
[23:25:16.260] RX< [ringbuf] no space data_len=14336
[23:25:16.260] RX< [3] [App Vpu] RINGBUF: write fail, size = 13950 space is not enough
[23:25:16.260] RX< [ringbuf] no 
[23:25:16.327] RX< space data_len=14336
[23:25:16.327] RX< [3] [App Vpu] RINGBUF: write fail, size = 13869 space is not enough
[23:25:16.327] RX< [ringbuf] no space data_len=14336
[23:25:16.327] RX< [3] [App Vpu] RINGBUF: write fail, size = 13943 space is not enough
[23:25:16.327] RX< [ringbuf] no space data_len=14336
[23:25:16.327] RX< [3] [App Vpu] RINGBUF: write 
[23:25:16.427] RX< fail, size = 13903 space is not enough
[23:25:16.427] RX< [ringbuf] no space data_len=13824
[23:25:16.427] RX< [3] [App Vpu] RINGBUF: write fail, size = 13398 space is not enough
[23:25:16.427] RX< [ringbuf] no space data_len=13824
[23:25:16.427] RX< [3] [App Vpu] RINGBUF: write fail, size = 13554 space is not enough
[23:25:16.427] RX< [ringbuf] 
[23:25:16.494] RX< no space data_len=20992
[23:25:16.494] RX< [3] [App Vpu] RINGBUF: write fail, size = 20755 space is not enough
[23:25:16.494] RX< [ringbuf] no space data_len=9216
[23:25:16.494] RX< [3] [App Vpu] RINGBUF: write fail, size = 9047 space is not enough
[23:25:16.494] RX< [ringbuf] no space data_len=21504
[23:25:16.494] RX< [3] [App Vpu] RINGBUF: write
[23:25:16.594] RX<  fail, size = 20995 space is not enough
[23:25:16.594] RX< [ringbuf] no space data_len=9728
[23:25:16.594] RX< [3] [App Vpu] RINGBUF: write fail, size = 9354 space is not enough
[23:25:16.594] RX< [ringbuf] no space data_len=20992
[23:25:16.594] RX< [3] [App Vpu] RINGBUF: write fail, size = 20877 space is not enough
[23:25:16.594] RX< [ringbuf] n
[23:25:16.804] RX< o space data_len=9216
[23:25:16.804] RX< [3] [App Vpu] RINGBUF: write fail, size = 9079 space is not enough
[23:25:16.804] RX< [RTMP] slow send frame 4259 len=82621 dt=1671ms (IDR)
[23:25:16.804] RX< [RTMP] dropped 4080 p-frames (backlog 96%)
[23:25:16.804] RX< [34m[AE] fid=5880,exp=10140,adg=219,Y=4544,mtg=180,shg=100,bgbv=1764
[23:25:17.660] RX< ,iso=219,cnv2,hdr0
[23:25:17.660] RX< [0m[34m[ME INTP]fid=5880, shutter=10140, perf=6(us), max=361(us)!
[23:25:17.660] RX< [0m[7] [cam] [753191][me0][me_core_thread:322]ME out fid 5880
[23:25:17.660] RX< [ringbuf] no space data_len=13824
[23:25:17.660] RX< [3] [App Vpu] RINGBUF: write fail, size = 13495 space is not enough
[23:25:17.660] RX< [ri
[23:25:17.727] RX< ngbuf] no space data_len=13824
[23:25:17.727] RX< [3] [App Vpu] RINGBUF: write fail, size = 13505 space is not enough
[23:25:17.727] RX< [ringbuf] no space data_len=13824
[23:25:17.727] RX< [3] [App Vpu] RINGBUF: write fail, size = 13369 space is not enough
[23:25:17.727] RX< [ringbuf] no space data_len=21504
[23:25:17.727] RX< [3] [App Vpu] RINGB
[23:25:17.804] RX< UF: write fail, size = 21005 space is not enough
[23:25:17.804] RX< [ringbuf] no space data_len=9728
[23:25:17.804] RX< [3] [App Vpu] RINGBUF: write fail, size = 9303 space is not enough
[23:25:17.804] RX< [ringbuf] no space data_len=21504
[23:25:17.804] RX< [3] [App Vpu] RINGBUF: write fail, size = 21059 space is not enough
[23:25:17.804] RX< [
[23:25:17.860] RX< 34m[AE] fid=5910,exp=10140,adg=219,Y=4549,mtg=180,shg=100,bgbv=1764,iso=219,cnv2,hdr0
[23:25:17.860] RX< [0m[ringbuf] no space data_len=9216
[23:25:17.860] RX< [3] [App Vpu] RINGBUF: write fail, size = 9131 space is not enough
[23:25:17.860] RX< [ringbuf] no space data_len=20992
[23:25:17.860] RX< [3] [App Vpu] RINGBUF: write fa
[23:25:17.960] RX< il, size = 20695 space is not enough
[23:25:17.960] RX< [ringbuf] no space data_len=9728
[23:25:17.960] RX< [3] [App Vpu] RINGBUF: write fail, size = 9347 space is not enough
[23:25:17.960] RX< [ringbuf] no space data_len=20992
[23:25:17.960] RX< [3] [App Vpu] RINGBUF: write fail, size = 20794 space is not enough
[23:25:17.960] RX< [ringbuf] no s
[23:25:18.026] RX< pace data_len=9728
[23:25:18.026] RX< [3] [App Vpu] RINGBUF: write fail, size = 9224 space is not enough
[23:25:18.026] RX< [7] [cam] [754191][me0][me_core_thread:322]ME out fid 5910
[23:25:18.026] RX< [ringbuf] no space data_len=74752
[23:25:18.026] RX< [3] [App Vpu] RINGBUF: write fail, size = 74516 space is not enough
[23:25:18.026] RX< [ringbu
[23:25:18.110] RX< f] no space data_len=28672
[23:25:18.110] RX< [3] [App Vpu] RINGBUF: write fail, size = 28198 space is not enough
[23:25:18.110] RX< [ringbuf] no space data_len=5120
[23:25:18.110] RX< [3] [App Vpu] RINGBUF: write fail, size = 4911 space is not enough
[23:25:18.110] RX< [ringbuf] no space data_len=15872
[23:25:18.110] RX< [3] [App Vpu] RINGBUF: wr
[23:25:18.808] RX< ite fail, size = 15743 space is not enough
[23:25:18.808] RX< [RTMP] slow send frame 4289 len=73103 dt=1462ms (IDR)
[23:25:18.808] RX< [RTMP] dropped 4110 p-frames (backlog 96%)
[23:25:18.808] RX< [34m[AE] fid=5940,exp=10140,adg=219,Y=4548,mtg=180,shg=100,bgbv=1764,iso=219,cnv2,hdr0
[23:25:18.808] RX< [0m[34m[b_ae0 proc] perf=
[23:25:19.159] RX< 1001(us), max=1126(us)!
[23:25:19.159] RX< [0m[34m[awb0 proc] perf=4421(us), max=4439(us)!
[23:25:19.159] RX< [0m[7] [cam] [755191][me0][me_core_thread:322]ME out fid 5940
[23:25:19.159] RX< [ringbuf] no space data_len=14848
[23:25:19.159] RX< [3] [App Vpu] RINGBUF: write fail, size = 14369 space is not enough
[23:25:19.159] RX< [ringbuf] no sp
[23:25:19.227] RX< ace data_len=14336
[23:25:19.227] RX< [3] [App Vpu] RINGBUF: write fail, size = 14031 space is not enough
[23:25:19.227] RX< [ringbuf] no space data_len=14336
[23:25:19.227] RX< [3] [App Vpu] RINGBUF: write fail, size = 13859 space is not enough
[23:25:19.227] RX< [ringbuf] no space data_len=14336
[23:25:19.227] RX< [3] [App Vpu] RINGBUF: write fa
[23:25:19.327] RX< il, size = 13847 space is not enough
[23:25:19.327] RX< [ringbuf] no space data_len=13824
[23:25:19.327] RX< [3] [App Vpu] RINGBUF: write fail, size = 13687 space is not enough
[23:25:19.327] RX< [ringbuf] no space data_len=14336
[23:25:19.327] RX< [3] [App Vpu] RINGBUF: write fail, size = 14069 space is not enough
[23:25:19.327] RX< [ringbuf] no
[23:25:19.393] RX<  space data_len=13824
[23:25:19.393] RX< [3] [App Vpu] RINGBUF: write fail, size = 13690 space is not enough
[23:25:19.393] RX< [ringbuf] no space data_len=13824
[23:25:19.393] RX< [3] [App Vpu] RINGBUF: write fail, size = 13640 space is not enough
[23:25:19.393] RX< [ringbuf] no space data_len=20992
[23:25:19.393] RX< [3] [App Vpu] RINGBUF: write
[23:25:19.493] RX<  fail, size = 20757 space is not enough
[23:25:19.493] RX< [ringbuf] no space data_len=9728
[23:25:19.493] RX< [3] [App Vpu] RINGBUF: write fail, size = 9218 space is not enough
[23:25:19.493] RX< [ringbuf] no space data_len=21504
[23:25:19.493] RX< [3] [App Vpu] RINGBUF: write fail, size = 21233 space is not enough
[23:25:19.493] RX< [ringbuf] n
[23:25:19.547] RX< o space data_len=9216
[23:25:19.547] RX< [3] [App Vpu] RINGBUF: write fail, size = 9013 space is not enough
[23:25:19.547] RX< [ringbuf] no space data_len=20992
[23:25:19.547] RX< [3] [App Vpu] RINGBUF: write fail, size = 20849 space is not enough
[23:25:19.547] RX< [RTMP] slow send frame 4319 len=80679 dt=1435ms (IDR)
[23:25:19.547] RX< [RTMP] f_
[23:25:20.611] RX< index = 4320, f_len = 17011
[23:25:20.611] RX< [34m[AE] fid=5970,exp=10140,adg=219,Y=4551,mtg=180,shg=100,bgbv=1768,iso=219,cnv2,hdr0
[23:25:20.611] RX< [0m[7] [cam] [756191][me0][me_core_thread:322]ME out fid 5970
[23:25:20.611] RX< [RTMP] slow send frame 4349 len=80694 dt=1051ms (IDR)
[23:25:20.611] RX< [RTMP] dropped 4140 p-f
[23:25:21.660] RX< rames (backlog 99%)
[23:25:21.660] RX< [34m[AE] fid=6000,exp=10140,adg=219,Y=4547,mtg=180,shg=100,bgbv=1764,iso=219,cnv2,hdr0
[23:25:21.660] RX< [0m[34m[ME INTP]fid=6000, shutter=10140, perf=6(us), max=354(us)!
[23:25:21.660] RX< [0m[7] [cam] [757191][me0][me_core_thread:322]ME out fid 6000
[23:25:21.660] RX< [ringbuf] no spac
[23:25:21.726] RX< e data_len=13824
[23:25:21.726] RX< [3] [App Vpu] RINGBUF: write fail, size = 13665 space is not enough
[23:25:21.726] RX< [ringbuf] no space data_len=13824
[23:25:21.726] RX< [3] [App Vpu] RINGBUF: write fail, size = 13749 space is not enough
[23:25:21.726] RX< [ringbuf] no space data_len=13312
[23:25:21.726] RX< [3] [App Vpu] RINGBUF: write fail
[23:25:21.808] RX< , size = 13240 space is not enough
[23:25:21.808] RX< [ringbuf] no space data_len=20992
[23:25:21.808] RX< [3] [App Vpu] RINGBUF: write fail, size = 20558 space is not enough
[23:25:21.808] RX< [ringbuf] no space data_len=9216
[23:25:21.808] RX< [3] [App Vpu] RINGBUF: write fail, size = 9028 space is not enough
[23:25:21.808] RX< [34m[AE] fid=60
[23:25:21.826] RX< 30,exp=10140,adg=219,Y=4546,mtg=180,shg=100,bgbv=1764,iso=219,cnv2,hdr0
[23:25:21.826] RX< [0m[34m[b_ae0 proc] perf=1065(us), max=1098(us)!
[23:25:21.826] RX< [0m[34m[awb0 proc] perf=4422(us), max=4442(us)!
[23:25:21.826] RX< [0m[ringbuf] no space data_len=20992
[23:25:21.826] RX< [3] [App Vpu] RINGBUF: write fail, size = 20
[23:25:21.926] RX< 662 space is not enough
[23:25:21.926] RX< [ringbuf] no space data_len=9216
[23:25:21.926] RX< [3] [App Vpu] RINGBUF: write fail, size = 9171 space is not enough
[23:25:21.926] RX< [ringbuf] no space data_len=20992
[23:25:21.926] RX< [3] [App Vpu] RINGBUF: write fail, size = 20541 space is not enough
[23:25:21.926] RX< [ringbuf] no space data_len
[23:25:21.993] RX< =9216
[23:25:21.993] RX< [3] [App Vpu] RINGBUF: write fail, size = 9173 space is not enough
[23:25:21.993] RX< [ringbuf] no space data_len=20992
[23:25:21.993] RX< [3] [App Vpu] RINGBUF: write fail, size = 20944 space is not enough
[23:25:21.993] RX< [7] [cam] [758190][me0][me_core_thread:322]ME out fid 6030
[23:25:21.993] RX< [ringbuf] no space d
[23:25:22.059] RX< ata_len=90112
[23:25:22.059] RX< [3] [App Vpu] RINGBUF: write fail, size = 89731 space is not enough
[23:25:22.059] RX< [ringbuf] no space data_len=14336
[23:25:22.059] RX< [3] [App Vpu] RINGBUF: write fail, size = 14289 space is not enough
[23:25:22.059] RX< [ringbuf] no space data_len=11264
[23:25:22.059] RX< [3] [App Vpu] RINGBUF: write fail, s
[23:25:22.159] RX< ize = 10886 space is not enough
[23:25:22.159] RX< [ringbuf] no space data_len=15360
[23:25:22.159] RX< [3] [App Vpu] RINGBUF: write fail, size = 15255 space is not enough
[23:25:22.159] RX< [ringbuf] no space data_len=14848
[23:25:22.159] RX< [3] [App Vpu] RINGBUF: write fail, size = 14507 space is not enough
[23:25:22.159] RX< [ringbuf] no spac
[23:25:22.205] RX< e data_len=14848
[23:25:22.205] RX< [3] [App Vpu] RINGBUF: write fail, size = 14611 space is not enough
[23:25:22.205] RX< [ringbuf] no space data_len=14848
[23:25:22.205] RX< [3] [App Vpu] RINGBUF: write fail, size = 14354 space is not enough
[23:25:22.205] RX< [RTMP] slow send frame 4379 len=83582 dt=1583ms (IDR)
[23:25:22.205] RX< [RTMP] droppe
[23:25:23.226] RX< d 4170 p-frames (backlog 99%)
[23:25:23.226] RX< [34m[AE] fid=6060,exp=10140,adg=219,Y=4546,mtg=180,shg=100,bgbv=1764,iso=219,cnv2,hdr0
[23:25:23.226] RX< [0m[7] [cam] [759190][me0][me_core_thread:322]ME out fid 6060
[23:25:23.226] RX< [ringbuf] no space data_len=9216
[23:25:23.226] RX< [3] [App Vpu] RINGBUF: write fail, size = 
[23:25:23.326] RX< 9008 space is not enough
[23:25:23.326] RX< [ringbuf] no space data_len=22016
[23:25:23.326] RX< [3] [App Vpu] RINGBUF: write fail, size = 21734 space is not enough
[23:25:23.326] RX< [ringbuf] no space data_len=9728
[23:25:23.326] RX< [3] [App Vpu] RINGBUF: write fail, size = 9385 space is not enough
[23:25:23.326] RX< [ringbuf] no space data_le
[23:25:23.392] RX< n=14336
[23:25:23.392] RX< [3] [App Vpu] RINGBUF: write fail, size = 14139 space is not enough
[23:25:23.392] RX< [ringbuf] no space data_len=13824
[23:25:23.392] RX< [3] [App Vpu] RINGBUF: write fail, size = 13773 space is not enough
[23:25:23.392] RX< [ringbuf] no space data_len=13824
[23:25:23.392] RX< [3] [App Vpu] RINGBUF: write fail, size = 
[23:25:23.492] RX< 13594 space is not enough
[23:25:23.492] RX< [ringbuf] no space data_len=13824
[23:25:23.492] RX< [3] [App Vpu] RINGBUF: write fail, size = 13640 space is not enough
[23:25:23.492] RX< [ringbuf] no space data_len=13824
[23:25:23.492] RX< [3] [App Vpu] RINGBUF: write fail, size = 13693 space is not enough
[23:25:23.492] RX< [ringbuf] no space data
[23:25:23.559] RX< _len=13824
[23:25:23.559] RX< [3] [App Vpu] RINGBUF: write fail, size = 13687 space is not enough
[23:25:23.559] RX< [ringbuf] no space data_len=14336
[23:25:23.559] RX< [3] [App Vpu] RINGBUF: write fail, size = 13933 space is not enough
[23:25:23.559] RX< [ringbuf] no space data_len=14336
[23:25:23.559] RX< [3] [App Vpu] RINGBUF: write fail, size
[23:25:23.659] RX<  = 14108 space is not enough
[23:25:23.659] RX< [ringbuf] no space data_len=13824
[23:25:23.659] RX< [3] [App Vpu] RINGBUF: write fail, size = 13754 space is not enough
[23:25:23.659] RX< [ringbuf] no space data_len=13824
[23:25:23.659] RX< [3] [App Vpu] RINGBUF: write fail, size = 13376 space is not enough
[23:25:23.659] RX< [ringbuf] no space d
[23:25:23.709] RX< ata_len=13824
[23:25:23.709] RX< [3] [App Vpu] RINGBUF: write fail, size = 13589 space is not enough
[23:25:23.709] RX< [ringbuf] no space data_len=13824
[23:25:23.709] RX< [3] [App Vpu] RINGBUF: write fail, size = 13558 space is not enough
[23:25:23.709] RX< [RTMP] slow send frame 4409 len=83170 dt=1491ms (IDR)
[23:25:23.709] RX< [RTMP] f_index =
[23:25:24.726] RX<  4410, f_len = 15145
[23:25:24.726] RX< [RTMP] dropped 4200 p-frames (backlog 99%)
[23:25:24.726] RX< [34m[AE] fid=6090,exp=10140,adg=219,Y=4548,mtg=180,shg=100,bgbv=1764,iso=219,cnv2,hdr0
[23:25:24.726] RX< [0m[7] [cam] [760190][me0][me_core_thread:322]ME out fid 6090
[23:25:24.726] RX< [ringbuf] no space data_len=13824
[23:25:24.726] RX< [3] [Ap
[23:25:24.808] RX< p Vpu] RINGBUF: write fail, size = 13725 space is not enough
[23:25:24.808] RX< [ringbuf] no space data_len=13824
[23:25:24.808] RX< [3] [App Vpu] RINGBUF: write fail, size = 13728 space is not enough
[23:25:24.808] RX< [ringbuf] no space data_len=14336
[23:25:24.808] RX< [3] [App Vpu] RINGBUF: write fail, size = 13925 space is 
[23:25:24.826] RX< not enough
[23:25:24.826] RX< [34m[AE] fid=6120,exp=10140,adg=219,Y=4548,mtg=180,shg=100,bgbv=1764,iso=219,cnv2,hdr0
[23:25:24.826] RX< [0m[34m[b_ae0 proc] perf=951(us), max=1112(us)!
[23:25:24.826] RX< [0m[34m[awb0 proc] perf=4379(us), max=4449(us)!
[23:25:24.826] RX< [0m[ringbuf] no space data_len=13824
[23:25:24.826] RX< [3] [App Vpu] RIN
[23:25:24.903] RX< GBUF: write fail, size = 13401 space is not enough
[23:25:24.903] RX< [ringbuf] no space data_len=13824
[23:25:24.903] RX< [3] [App Vpu] RINGBUF: write fail, size = 13403 space is not enough
[23:25:24.903] RX< [ringbuf] no space data_len=13824
[23:25:24.903] RX< [3] [App Vpu] RINGBUF: write fail, size = 13433 space is not enough
[23:25:24.959] RX< 
[23:25:24.959] RX< [34m[ME INTP]fid=6120, shutter=10140, perf=7(us), max=370(us)!
[23:25:24.959] RX< [0m[ringbuf] no space data_len=13824
[23:25:24.959] RX< [3] [App Vpu] RINGBUF: write fail, size = 13665 space is not enough
[23:25:24.959] RX< [ringbuf] no space data_len=13824
[23:25:24.959] RX< [3] [App Vpu] RINGBUF: write fail, size = 13493 s
[23:25:25.026] RX< pace is not enough
[23:25:25.026] RX< [7] [cam] [761190][me0][me_core_thread:322]ME out fid 6120
[23:25:25.026] RX< [ringbuf] no space data_len=81408
[23:25:25.026] RX< [3] [App Vpu] RINGBUF: write fail, size = 81238 space is not enough
[23:25:25.026] RX< [ringbuf] no space data_len=20480
[23:25:25.026] RX< [3] [App Vpu] RINGBUF: write fail, size 
[23:25:25.126] RX< = 20025 space is not enough
[23:25:25.126] RX< [ringbuf] no space data_len=7168
[23:25:25.126] RX< [3] [App Vpu] RINGBUF: write fail, size = 6776 space is not enough
[23:25:25.126] RX< [ringbuf] no space data_len=23552
[23:25:25.126] RX< [3] [App Vpu] RINGBUF: write fail, size = 23078 space is not enough
[23:25:25.126] RX< [ringbuf] no space data
[23:25:25.193] RX< _len=6144
[23:25:25.193] RX< [3] [App Vpu] RINGBUF: write fail, size = 5973 space is not enough
[23:25:25.193] RX< [ringbuf] no space data_len=22016
[23:25:25.193] RX< [3] [App Vpu] RINGBUF: write fail, size = 21698 space is not enough
[23:25:25.193] RX< [ringbuf] no space data_len=9728
[23:25:25.193] RX< [3] [App Vpu] RINGBUF: write fail, size = 
[23:25:25.293] RX< 9384 space is not enough
[23:25:25.293] RX< [ringbuf] no space data_len=14336
[23:25:25.293] RX< [3] [App Vpu] RINGBUF: write fail, size = 14209 space is not enough
[23:25:25.293] RX< [ringbuf] no space data_len=14336
[23:25:25.293] RX< [3] [App Vpu] RINGBUF: write fail, size = 13828 space is not enough
[23:25:25.293] RX< [ringbuf] no space data_
[23:25:25.359] RX< len=14336
[23:25:25.359] RX< [3] [App Vpu] RINGBUF: write fail, size = 14103 space is not enough
[23:25:25.359] RX< [ringbuf] no space data_len=13824
[23:25:25.359] RX< [3] [App Vpu] RINGBUF: write fail, size = 13813 space is not enough
[23:25:25.359] RX< [ringbuf] no space data_len=14336
[23:25:25.359] RX< [3] [App Vpu] RINGBUF: write fail, size 
[23:25:25.459] RX< = 14050 space is not enough
[23:25:25.459] RX< [ringbuf] no space data_len=14336
[23:25:25.459] RX< [3] [App Vpu] RINGBUF: write fail, size = 13981 space is not enough
[23:25:25.459] RX< [ringbuf] no space data_len=13824
[23:25:25.459] RX< [3] [App Vpu] RINGBUF: write fail, size = 13750 space is not enough
[23:25:25.459] RX< [ringbuf] no space da
[23:25:25.526] RX< ta_len=13824
[23:25:25.526] RX< [3] [App Vpu] RINGBUF: write fail, size = 13723 space is not enough
[23:25:25.526] RX< [ringbuf] no space data_len=13312
[23:25:25.526] RX< [3] [App Vpu] RINGBUF: write fail, size = 13191 space is not enough
[23:25:25.526] RX< [ringbuf] no space data_len=20992
[23:25:25.526] RX< [3] [App Vpu] RINGBUF: write fail, si
[23:25:25.626] RX< ze = 20750 space is not enough
[23:25:25.626] RX< [ringbuf] no space data_len=9728
[23:25:25.626] RX< [3] [App Vpu] RINGBUF: write fail, size = 9306 space is not enough
[23:25:25.626] RX< [ringbuf] no space data_len=21504
[23:25:25.626] RX< [3] [App Vpu] RINGBUF: write fail, size = 21296 space is not enough
[23:25:25.626] RX< [ringbuf] no space d
[23:25:25.707] RX< ata_len=9216
[23:25:25.707] RX< [3] [App Vpu] RINGBUF: write fail, size = 9080 space is not enough
[23:25:25.707] RX< [ringbuf] no space data_len=20992
[23:25:25.707] RX< [3] [App Vpu] RINGBUF: write fail, size = 20528 space is not enough
[23:25:25.707] RX< [ringbuf] no space data_len=9728
[23:25:25.707] RX< [3] [App Vpu] RINGBUF: write fail, size
[23:25:25.979] RX<  = 9250 space is not enough
[23:25:25.979] RX< [RTMP] slow send frame 4439 len=74916 dt=1985ms (IDR)
[23:25:25.979] RX< [RTMP] dropped 4230 p-frames (backlog 98%)
[23:25:25.979] RX< [34m[AE] fid=6150,exp=10140,adg=219,Y=4543,mtg=180,shg=100,bgbv=1764,iso=219,cnv2,hdr0
[23:25:25.979] RX< [0m[7] [cam] [762190][me0][me_core_thread
[23:25:26.802] RX< :322]ME out fid 6150
[23:25:26.802] RX< [ringbuf] no space data_len=9728
[23:25:26.802] RX< [3] [App Vpu] RINGBUF: write fail, size = 9419 space is not enough
[23:25:26.802] RX< [ringbuf] no space data_len=21504
[23:25:26.802] RX< [3] [App Vpu] RINGBUF: write fail, size = 21139 space is not enough
[23:25:26.802] RX< [ringbuf] no space data_len=972
[23:25:26.825] RX< 8
[23:25:26.825] RX< [3] [App Vpu] RINGBUF: write fail, size = 9308 space is not enough
[23:25:26.825] RX< [34m[AE] fid=6180,exp=10140,adg=219,Y=4541,mtg=180,shg=100,bgbv=1764,iso=219,cnv2,hdr0
[23:25:26.825] RX< [0m[ringbuf] no space data_len=21504
[23:25:26.825] RX< [3] [App Vpu] RINGBUF: write fail, size = 20995 space is not
[23:25:26.925] RX<  enough
[23:25:26.925] RX< [ringbuf] no space data_len=9728
[23:25:26.925] RX< [3] [App Vpu] RINGBUF: write fail, size = 9222 space is not enough
[23:25:26.925] RX< [ringbuf] no space data_len=20992
[23:25:26.925] RX< [3] [App Vpu] RINGBUF: write fail, size = 20918 space is not enough
[23:25:26.925] RX< [ringbuf] no space data_len=9216
[23:25:26.925] RX< [3] [App V
[23:25:26.992] RX< pu] RINGBUF: write fail, size = 9163 space is not enough
[23:25:26.992] RX< [ringbuf] no space data_len=20992
[23:25:26.992] RX< [3] [App Vpu] RINGBUF: write fail, size = 20832 space is not enough
[23:25:26.992] RX< [7] [cam] [763190][me0][me_core_thread:322]ME out fid 6180
[23:25:26.992] RX< [ringbuf] no space data_len=90112
[23:25:26.992] RX< [3
[23:25:27.059] RX< ] [App Vpu] RINGBUF: write fail, size = 89697 space is not enough
[23:25:27.059] RX< [ringbuf] no space data_len=14336
[23:25:27.059] RX< [3] [App Vpu] RINGBUF: write fail, size = 14148 space is not enough
[23:25:27.059] RX< [ringbuf] no space data_len=11264
[23:25:27.059] RX< [3] [App Vpu] RINGBUF: write fail, size = 10780 spac
[23:25:27.159] RX< e is not enough
[23:25:27.159] RX< [ringbuf] no space data_len=14848
[23:25:27.159] RX< [3] [App Vpu] RINGBUF: write fail, size = 14725 space is not enough
[23:25:27.159] RX< [ringbuf] no space data_len=14336
[23:25:27.159] RX< [3] [App Vpu] RINGBUF: write fail, size = 14109 space is not enough
[23:25:27.159] RX< [ringbuf] no space data_len=14336
[23:25:27.225] RX< 
[23:25:27.225] RX< [3] [App Vpu] RINGBUF: write fail, size = 14289 space is not enough
[23:25:27.225] RX< [ringbuf] no space data_len=14336
[23:25:27.225] RX< [3] [App Vpu] RINGBUF: write fail, size = 14123 space is not enough
[23:25:27.225] RX< [ringbuf] no space data_len=13824
[23:25:27.225] RX< [3] [App Vpu] RINGBUF: write fail, size = 13785 s
[23:25:27.325] RX< pace is not enough
[23:25:27.325] RX< [ringbuf] no space data_len=13824
[23:25:27.325] RX< [3] [App Vpu] RINGBUF: write fail, size = 13633 space is not enough
[23:25:27.325] RX< [ringbuf] no space data_len=14336
[23:25:27.325] RX< [3] [App Vpu] RINGBUF: write fail, size = 14279 space is not enough
[23:25:27.325] RX< [ringbuf] no space data_len=13
[23:25:27.392] RX< 824
[23:25:27.392] RX< [3] [App Vpu] RINGBUF: write fail, size = 13791 space is not enough
[23:25:27.392] RX< [ringbuf] no space data_len=13824
[23:25:27.392] RX< [3] [App Vpu] RINGBUF: write fail, size = 13540 space is not enough
[23:25:27.392] RX< [ringbuf] no space data_len=13824
[23:25:27.392] RX< [3] [App Vpu] RINGBUF: write fail, size = 1379
[23:25:27.492] RX< 4 space is not enough
[23:25:27.492] RX< [ringbuf] no space data_len=13824
[23:25:27.492] RX< [3] [App Vpu] RINGBUF: write fail, size = 13803 space is not enough
[23:25:27.492] RX< [ringbuf] no space data_len=14336
[23:25:27.492] RX< [3] [App Vpu] RINGBUF: write fail, size = 14009 space is not enough
[23:25:27.492] RX< [ringbuf] no space data_len
[23:25:27.565] RX< =13824
[23:25:27.565] RX< [3] [App Vpu] RINGBUF: write fail, size = 13743 space is not enough
[23:25:27.565] RX< [ringbuf] no space data_len=13824
[23:25:27.565] RX< [3] [App Vpu] RINGBUF: write fail, size = 13470 space is not enough
[23:25:27.565] RX< [ringbuf] no space data_len=13824
[23:25:27.565] RX< [3] [App Vpu] RINGBUF: write fail, size = 1
[23:25:27.807] RX< 3604 space is not enough
[23:25:27.807] RX< [RTMP] slow send frame 4469 len=82028 dt=1847ms (IDR)
[23:25:27.807] RX< [RTMP] dropped 4260 p-frames (backlog 98%)
[23:25:27.807] RX< [34m[AE] fid=6210,exp=10140,adg=219,Y=4542,mtg=180,shg=100,bgbv=1764,iso=219,cnv2,hdr0
[23:25:27.807] RX< [0m[34m[b_ae0 proc] perf=1007(us), max=1120
[23:25:28.592] RX< (us)!
[23:25:28.592] RX< [0m[34m[awb0 proc] perf=4412(us), max=4444(us)!
[23:25:28.592] RX< [0m[7] [cam] [764190][me0][me_core_thread:322]ME out fid 6210
[23:25:28.592] RX< [ringbuf] no space data_len=13824
[23:25:28.592] RX< [3] [App Vpu] RINGBUF: write fail, size = 13676 space is not enough
[23:25:28.592] RX< [ringbuf] no space data_len=13824
[23:25:28.659] RX< 
[23:25:28.659] RX< [3] [App Vpu] RINGBUF: write fail, size = 13816 space is not enough
[23:25:28.659] RX< [ringbuf] no space data_len=13824
[23:25:28.659] RX< [3] [App Vpu] RINGBUF: write fail, size = 13790 space is not enough
[23:25:28.659] RX< [ringbuf] no space data_len=13824
[23:25:28.659] RX< [3] [App Vpu] RINGBUF: write fail, size = 13644 s
[23:25:28.698] RX< pace is not enough
[23:25:28.698] RX< [ringbuf] no space data_len=13824
[23:25:28.698] RX< [3] [App Vpu] RINGBUF: write fail, size = 13761 space is not enough
[23:25:28.698] RX< [RTMP] slow send frame 4499 len=82476 dt=1122ms (IDR)
[23:25:28.698] RX< [RTMP] f_index = 4500, f_len = 20846
[23:25:28.698] RX< [RTMP] dropped 4290 p-frames (backlog 98%)
[23:25:29.588] RX< 
[23:25:29.588] RX< [34m[AE] fid=6240,exp=10140,adg=219,Y=4538,mtg=180,shg=100,bgbv=1764,iso=219,cnv2,hdr0
[23:25:29.588] RX< [0m[34m[ME INTP]fid=6240, shutter=10140, perf=239(us), max=287(us)!
[23:25:29.588] RX< [0m[7] [cam] [765189][me0][me_core_thread:322]ME out fid 6240
[23:25:29.588] RX< [RTMP] slow send frame 4529 len=82
[23:25:30.614] RX< 377 dt=876ms (IDR)
[23:25:30.614] RX< [RTMP] dropped 4320 p-frames (backlog 97%)
[23:25:30.614] RX< [34m[AE] fid=6270,exp=10140,adg=219,Y=4534,mtg=180,shg=100,bgbv=1760,iso=219,cnv2,hdr0
[23:25:30.614] RX< [0m[7] [cam] [766189][me0][me_core_thread:322]ME out fid 6270
[23:25:30.614] RX< [RTMP] slow send frame 4559 len=74868 dt=10
[23:25:30.983] RX< 13ms (IDR)
[23:25:30.983] RX< [RTMP] dropped 4350 p-frames (backlog 98%)
[23:25:30.983] RX< [34m[AE] fid=6300,exp=10140,adg=219,Y=4532,mtg=180,shg=100,bgbv=1760,iso=219,cnv2,hdr0
[23:25:30.983] RX< [0m[34m[b_ae0 proc] perf=1080(us), max=1089(us)!
[23:25:30.983] RX< [0m[34m[awb0 proc] perf=4309(us), max=4427(us)!
[23:25:30.983] RX< [0m[7] [cam
[23:25:31.758] RX< ] [767189][me0][me_core_thread:322]ME out fid 6300
[23:25:31.758] RX< [ringbuf] no space data_len=14848
[23:25:31.758] RX< [3] [App Vpu] RINGBUF: write fail, size = 14432 space is not enough
[23:25:31.758] RX< [ringbuf] no space data_len=13824
[23:25:31.758] RX< [3] [App Vpu] RINGBUF: write fail, size = 13569 space is not enough
[23:25:31.813] RX< 
[23:25:31.813] RX< [ringbuf] no space data_len=13824
[23:25:31.813] RX< [3] [App Vpu] RINGBUF: write fail, size = 13689 space is not enough
[23:25:31.813] RX< [34m[AE] fid=6330,exp=10140,adg=219,Y=4528,mtg=180,shg=100,bgbv=1760,iso=219,cnv2,hdr0
[23:25:31.813] RX< [0m[RTMP] slow send frame 4589 len=75605 dt=1185ms (IDR)
[23:25:31.813] RX< [RTMP]
[23:25:32.825] RX<  f_index = 4590, f_len = 28141
[23:25:32.825] RX< [RTMP] dropped 4380 p-frames (backlog 98%)
[23:25:32.825] RX< [7] [cam] [768189][me0][me_core_thread:322]ME out fid 6330
[23:25:32.825] RX< [34m[AE] fid=6360,exp=10140,adg=219,Y=4525,mtg=180,shg=100,bgbv=1760,iso=219,cnv2,hdr0
[23:25:32.825] RX< [0m[ringbuf] no space data_len=209
[23:25:32.902] RX< 92
[23:25:32.902] RX< [3] [App Vpu] RINGBUF: write fail, size = 20860 space is not enough
[23:25:32.902] RX< [ringbuf] no space data_len=9728
[23:25:32.902] RX< [3] [App Vpu] RINGBUF: write fail, size = 9590 space is not enough
[23:25:32.902] RX< [ringbuf] no space data_len=20992
[23:25:32.902] RX< [3] [App Vpu] RINGBUF: write fail, size = 20946 s
[23:25:32.959] RX< pace is not enough
[23:25:32.959] RX< [34m[ME INTP]fid=6360, shutter=10140, perf=7(us), max=355(us)!
[23:25:32.959] RX< [0m[ringbuf] no space data_len=10240
[23:25:32.959] RX< [3] [App Vpu] RINGBUF: write fail, size = 9813 space is not enough
[23:25:32.959] RX< [ringbuf] no space data_len=14848
[23:25:32.959] RX< [3] [App Vpu] RINGBUF: write fai
[23:25:33.025] RX< l, size = 14453 space is not enough
[23:25:33.025] RX< [7] [cam] [769189][me0][me_core_thread:322]ME out fid 6360
[23:25:33.025] RX< [ringbuf] no space data_len=82432
[23:25:33.025] RX< [3] [App Vpu] RINGBUF: write fail, size = 82069 space is not enough
[23:25:33.025] RX< [ringbuf] no space data_len=21504
[23:25:33.025] RX< [3] [App Vpu] RINGBUF: 
[23:25:33.125] RX< write fail, size = 21285 space is not enough
[23:25:33.125] RX< [ringbuf] no space data_len=7680
[23:25:33.125] RX< [3] [App Vpu] RINGBUF: write fail, size = 7512 space is not enough
[23:25:33.125] RX< [ringbuf] no space data_len=15872
[23:25:33.125] RX< [3] [App Vpu] RINGBUF: write fail, size = 15756 space is not enough
[23:25:33.125] RX< [ringb
[23:25:33.192] RX< uf] no space data_len=15872
[23:25:33.192] RX< [3] [App Vpu] RINGBUF: write fail, size = 15434 space is not enough
[23:25:33.192] RX< [ringbuf] no space data_len=15360
[23:25:33.192] RX< [3] [App Vpu] RINGBUF: write fail, size = 15172 space is not enough
[23:25:33.192] RX< [ringbuf] no space data_len=10240
[23:25:33.192] RX< [3] [App Vpu] RINGBUF:
[23:25:33.292] RX<  write fail, size = 9904 space is not enough
[23:25:33.292] RX< [ringbuf] no space data_len=22016
[23:25:33.292] RX< [3] [App Vpu] RINGBUF: write fail, size = 21807 space is not enough
[23:25:33.292] RX< [ringbuf] no space data_len=10752
[23:25:33.292] RX< [3] [App Vpu] RINGBUF: write fail, size = 10313 space is not enough
[23:25:33.292] RX< [rin
[23:25:33.358] RX< gbuf] no space data_len=14848
[23:25:33.358] RX< [3] [App Vpu] RINGBUF: write fail, size = 14410 space is not enough
[23:25:33.358] RX< [ringbuf] no space data_len=15360
[23:25:33.358] RX< [3] [App Vpu] RINGBUF: write fail, size = 14965 space is not enough
[23:25:33.358] RX< [ringbuf] no space data_len=14848
[23:25:33.358] RX< [3] [App Vpu] RINGBU
[23:25:33.459] RX< F: write fail, size = 14748 space is not enough
[23:25:33.459] RX< [ringbuf] no space data_len=14848
[23:25:33.459] RX< [3] [App Vpu] RINGBUF: write fail, size = 14810 space is not enough
[23:25:33.459] RX< [ringbuf] no space data_len=14848
[23:25:33.459] RX< [3] [App Vpu] RINGBUF: write fail, size = 14644 space is not enough
[23:25:33.459] RX< [
[23:25:33.525] RX< ringbuf] no space data_len=14848
[23:25:33.525] RX< [3] [App Vpu] RINGBUF: write fail, size = 14687 space is not enough
[23:25:33.525] RX< [ringbuf] no space data_len=14336
[23:25:33.525] RX< [3] [App Vpu] RINGBUF: write fail, size = 14084 space is not enough
[23:25:33.525] RX< [ringbuf] no space data_len=14336
[23:25:33.525] RX< [3] [App Vpu] RIN
[23:25:33.592] RX< GBUF: write fail, size = 14280 space is not enough
[23:25:33.592] RX< [ringbuf] no space data_len=14336
[23:25:33.592] RX< [3] [App Vpu] RINGBUF: write fail, size = 14122 space is not enough
[23:25:33.592] RX< [ringbuf] no space data_len=14336
[23:25:33.592] RX< [3] [App Vpu] RINGBUF: write fail, size = 14212 space is not enough
[23:25:33.692] RX< 
[23:25:33.692] RX< [ringbuf] no space data_len=14848
[23:25:33.692] RX< [3] [App Vpu] RINGBUF: write fail, size = 14704 space is not enough
[23:25:33.692] RX< [ringbuf] no space data_len=14848
[23:25:33.692] RX< [3] [App Vpu] RINGBUF: write fail, size = 14650 space is not enough
[23:25:33.692] RX< [ringbuf] no space data_len=15360
[23:25:33.692] RX< [3] [App Vpu] 
[23:25:33.758] RX< RINGBUF: write fail, size = 15277 space is not enough
[23:25:33.758] RX< [ringbuf] no space data_len=14848
[23:25:33.758] RX< [3] [App Vpu] RINGBUF: write fail, size = 14799 space is not enough
[23:25:33.758] RX< [ringbuf] no space data_len=14848
[23:25:33.758] RX< [3] [App Vpu] RINGBUF: write fail, size = 14522 space is not eno
[23:25:33.807] RX< ugh
[23:25:33.807] RX< [ringbuf] no space data_len=14336
[23:25:33.807] RX< [3] [App Vpu] RINGBUF: write fail, size = 14305 space is not enough
[23:25:33.807] RX< [34m[AE] fid=6390,exp=10140,adg=219,Y=4520,mtg=180,shg=100,bgbv=1756,iso=219,cnv2,hdr0
[23:25:33.807] RX< [0m[34m[b_ae0 proc] perf=952(us), max=1093(us)!
[23:25:33.807] RX< [0m[34m
[23:25:33.892] RX< [awb0 proc] perf=4385(us), max=4449(us)!
[23:25:33.892] RX< [0m[ringbuf] no space data_len=14336
[23:25:33.892] RX< [3] [App Vpu] RINGBUF: write fail, size = 14306 space is not enough
[23:25:33.892] RX< [ringbuf] no space data_len=14336
[23:25:33.892] RX< [3] [App Vpu] RINGBUF: write fail, size = 14241 space is not enough
[23:25:33.892] RX< [ring
[23:25:33.958] RX< buf] no space data_len=13824
[23:25:33.958] RX< [3] [App Vpu] RINGBUF: write fail, size = 13574 space is not enough
[23:25:33.958] RX< [ringbuf] no space data_len=14336
[23:25:33.958] RX< [3] [App Vpu] RINGBUF: write fail, size = 14051 space is not enough
[23:25:33.958] RX< [ringbuf] no space data_len=14336
[23:25:33.958] RX< [3] [App Vpu] RINGBUF
[23:25:34.786] RX< : write fail, size = 13944 space is not enough
[23:25:34.786] RX< [RTMP] slow send frame 4619 len=89864 dt=2168ms (IDR)
[23:25:34.786] RX< [RTMP] dropped 4410 p-frames (backlog 98%)
[23:25:34.786] RX< [7] [cam] [770200][me0][me_core_thread:322]ME out fid 6390
[23:25:34.786] RX< [34m[AE] fid=6420,exp=10140,adg=219,Y=4515,mtg=180,
[23:25:35.025] RX< shg=100,bgbv=1756,iso=219,cnv2,hdr0
[23:25:35.025] RX< [0m[7] [cam] [771189][me0][me_core_thread:322]ME out fid 6420
[23:25:35.025] RX< [ringbuf] no space data_len=81408
[23:25:35.025] RX< [3] [App Vpu] RINGBUF: write fail, size = 80981 space is not enough
[23:25:35.025] RX< [ringbuf] no space data_len=20480
[23:25:35.025] RX< [3] [App Vpu] RINGBU
[23:25:35.124] RX< F: write fail, size = 20326 space is not enough
[23:25:35.124] RX< [ringbuf] no space data_len=7680
[23:25:35.124] RX< [3] [App Vpu] RINGBUF: write fail, size = 7258 space is not enough
[23:25:35.124] RX< [ringbuf] no space data_len=23552
[23:25:35.124] RX< [3] [App Vpu] RINGBUF: write fail, size = 23401 space is not enough
[23:25:35.124] RX< [ri
[23:25:35.191] RX< ngbuf] no space data_len=6656
[23:25:35.191] RX< [3] [App Vpu] RINGBUF: write fail, size = 6174 space is not enough
[23:25:35.191] RX< [ringbuf] no space data_len=22528
[23:25:35.191] RX< [3] [App Vpu] RINGBUF: write fail, size = 22352 space is not enough
[23:25:35.191] RX< [ringbuf] no space data_len=9728
[23:25:35.191] RX< [3] [App Vpu] RINGBUF:
[23:25:35.291] RX<  write fail, size = 9491 space is not enough
[23:25:35.291] RX< [ringbuf] no space data_len=14848
[23:25:35.291] RX< [3] [App Vpu] RINGBUF: write fail, size = 14363 space is not enough
[23:25:35.291] RX< [ringbuf] no space data_len=14336
[23:25:35.291] RX< [3] [App Vpu] RINGBUF: write fail, size = 14276 space is not enough
[23:25:35.291] RX< [rin
[23:25:35.358] RX< gbuf] no space data_len=15360
[23:25:35.358] RX< [3] [App Vpu] RINGBUF: write fail, size = 15163 space is not enough
[23:25:35.358] RX< [ringbuf] no space data_len=16896
[23:25:35.358] RX< [3] [App Vpu] RINGBUF: write fail, size = 16527 space is not enough
[23:25:35.358] RX< [ringbuf] no space data_len=10752
[23:25:35.358] RX< [3] [App Vpu] RINGBU
[23:25:35.458] RX< F: write fail, size = 10748 space is not enough
[23:25:35.458] RX< [ringbuf] no space data_len=16384
[23:25:35.458] RX< [3] [App Vpu] RINGBUF: write fail, size = 16085 space is not enough
[23:25:35.458] RX< [ringbuf] no space data_len=15872
[23:25:35.458] RX< [3] [App Vpu] RINGBUF: write fail, size = 15650 space is not enough
[23:25:35.458] RX< [
[23:25:35.524] RX< ringbuf] no space data_len=9728
[23:25:35.524] RX< [3] [App Vpu] RINGBUF: write fail, size = 9630 space is not enough
[23:25:35.524] RX< [ringbuf] no space data_len=22016
[23:25:35.524] RX< [3] [App Vpu] RINGBUF: write fail, size = 21929 space is not enough
[23:25:35.524] RX< [ringbuf] no space data_len=10240
[23:25:35.524] RX< [3] [App Vpu] RINGB
[23:25:35.624] RX< UF: write fail, size = 9794 space is not enough
[23:25:35.624] RX< [ringbuf] no space data_len=14848
[23:25:35.624] RX< [3] [App Vpu] RINGBUF: write fail, size = 14816 space is not enough
[23:25:35.624] RX< [ringbuf] no space data_len=14336
[23:25:35.624] RX< [3] [App Vpu] RINGBUF: write fail, size = 14123 space is not enough
[23:25:35.624] RX< [
[23:25:35.691] RX< ringbuf] no space data_len=13824
[23:25:35.691] RX< [3] [App Vpu] RINGBUF: write fail, size = 13815 space is not enough
[23:25:35.691] RX< [ringbuf] no space data_len=14336
[23:25:35.691] RX< [3] [App Vpu] RINGBUF: write fail, size = 14138 space is not enough
[23:25:35.691] RX< [ringbuf] no space data_len=14336
[23:25:35.691] RX< [3] [App Vpu] RIN
[23:25:35.758] RX< GBUF: write fail, size = 14043 space is not enough
[23:25:35.758] RX< [ringbuf] no space data_len=14336
[23:25:35.758] RX< [3] [App Vpu] RINGBUF: write fail, size = 13946 space is not enough
[23:25:35.758] RX< [ringbuf] no space data_len=14336
[23:25:35.758] RX< [3] [App Vpu] RINGBUF: write fail, size = 14041 space is not enough
[23:25:35.824] RX< 
[23:25:35.824] RX< [ringbuf] no space data_len=14336
[23:25:35.824] RX< [3] [App Vpu] RINGBUF: write fail, size = 14073 space is not enough
[23:25:35.824] RX< [34m[AE] fid=6450,exp=10140,adg=219,Y=4505,mtg=180,shg=100,bgbv=1752,iso=219,cnv2,hdr0
[23:25:35.824] RX< [0m[ringbuf] no space data_len=13824
[23:25:35.824] RX< [3] [App Vpu] RINGBUF: wr
[23:25:35.939] RX< ite fail, size = 13818 space is not enough
[23:25:35.939] RX< [ringbuf] no space data_len=14336
[23:25:35.939] RX< [3] [App Vpu] RINGBUF: write fail, size = 14031 space is not enough
[23:25:35.939] RX< [ringbuf] no space data_len=14336
[23:25:35.939] RX< [3] [App Vpu] RINGBUF: write fail, size = 13957 space is not enough
[23:25:35.939] RX< [ringb
[23:25:36.806] RX< uf] no space data_len=14336
[23:25:36.806] RX< [3] [App Vpu] RINGBUF: write fail, size = 13866 space is not enough
[23:25:36.806] RX< [RTMP] slow send frame 4649 len=75186 dt=1934ms (IDR)
[23:25:36.806] RX< [RTMP] dropped 4440 p-frames (backlog 97%)
[23:25:36.806] RX< [7] [cam] [772189][me0][me_core_thread:322]ME out fid 6450
[23:25:36.806] RX< [3
[23:25:36.862] RX< 4m[AE] fid=6480,exp=10140,adg=219,Y=4493,mtg=180,shg=100,bgbv=1748,iso=219,cnv2,hdr0
[23:25:36.862] RX< [0m[34m[b_ae0 proc] perf=1007(us), max=1106(us)!
[23:25:36.862] RX< [0m[34m[awb0 proc] perf=4369(us), max=4447(us)!
[23:25:36.862] RX< [0m[RTMP] slow send frame 4679 len=75152 dt=910ms (IDR)
[23:25:36.862] RX< [RTMP] f_ind
[23:25:37.801] RX< ex = 4680, f_len = 28578
[23:25:37.801] RX< [RTMP] dropped 4470 p-frames (backlog 97%)
[23:25:37.801] RX< [34m[ME INTP]fid=6480, shutter=10140, perf=7(us), max=396(us)!
[23:25:37.801] RX< [0m[7] [cam] [773188][me0][me_core_thread:322]ME out fid 6480
[23:25:37.801] RX< [34m[AE] fid=6510,exp=10140,adg=219,Y=4480,mtg=180,shg=100,b
[23:25:38.498] RX< gbv=1744,iso=219,cnv2,hdr0
[23:25:38.498] RX< [0m[RTMP] slow send frame 4709 len=75329 dt=982ms (IDR)
[23:25:38.498] RX< [RTMP] dropped 4500 p-frames (backlog 97%)
[23:25:38.498] RX< [7] [cam] [774188][me0][me_core_thread:322]ME out fid 6510
[23:25:38.498] RX< [RTMP] slow send frame 4739 len=82109 dt=630ms (IDR)
[23:25:38.498] RX< [RTMP] dropped 45
[23:25:39.538] RX< 30 p-frames (backlog 96%)
[23:25:39.538] RX< [34m[AE] fid=6540,exp=10140,adg=219,Y=4452,mtg=180,shg=100,bgbv=1736,iso=219,cnv2,hdr0
[23:25:39.538] RX< [0m[7] [cam] [775188][me0][me_core_thread:322]ME out fid 6540
[23:25:39.538] RX< [RTMP] slow send frame 4769 len=90484 dt=1025ms (IDR)
[23:25:39.538] RX< [RTMP] f_index = 4770, f_
[23:25:39.983] RX< len = 14447
[23:25:39.983] RX< [RTMP] dropped 4560 p-frames (backlog 96%)
[23:25:39.983] RX< [34m[AE] fid=6570,exp=10140,adg=219,Y=4419,mtg=180,shg=100,bgbv=1724,iso=219,cnv2,hdr0
[23:25:39.983] RX< [0m[34m[b_ae0 proc] perf=945(us), max=1103(us)!
[23:25:39.983] RX< [0m[34m[awb0 proc] perf=4411(us), max=4465(us)!
[23:25:39.983] RX< [0m[7] [cam
[23:25:40.901] RX< ] [776188][me0][me_core_thread:322]ME out fid 6570
[23:25:40.901] RX< [RTMP] slow send frame 4815 len=81997 dt=981ms (IDR)
[23:25:40.901] RX< [RTMP] dropped 4590 p-frames (backlog 96%)
[23:25:40.901] RX< [34m[AE] fid=6600,exp=10180,adg=219,Y=4357,mtg=180,shg=100,bgbv=1703,iso=219,cnv2,hdr0
[23:25:40.901] RX< [0m[34m[ME INTP]fid
[23:25:41.977] RX< =6600, shutter=10180, perf=6(us), max=288(us)!
[23:25:41.977] RX< [0m[7] [cam] [777188][me0][me_core_thread:322]ME out fid 6600
[23:25:41.977] RX< [34m[AE] fid=6630,exp=10180,adg=219,Y=4341,mtg=180,shg=100,bgbv=1694,iso=219,cnv2,hdr0
[23:25:41.977] RX< [0m[7] [cam] [778188][me0][me_core_thread:322]ME out fid 
[23:25:42.357] RX< 6630
[23:25:42.357] RX< [ringbuf] no space data_len=14848
[23:25:42.357] RX< [3] [App Vpu] RINGBUF: write fail, size = 14780 space is not enough
[23:25:42.357] RX< [ringbuf] no space data_len=15360
[23:25:42.357] RX< [3] [App Vpu] RINGBUF: write fail, size = 15086 space is not enough
[23:25:42.357] RX< [ringbuf] no space data_len=15360
[23:25:42.357] RX< [3] [App Vp
[23:25:42.457] RX< u] RINGBUF: write fail, size = 15271 space is not enough
[23:25:42.457] RX< [ringbuf] no space data_len=15872
[23:25:42.457] RX< [3] [App Vpu] RINGBUF: write fail, size = 15407 space is not enough
[23:25:42.457] RX< [ringbuf] no space data_len=22528
[23:25:42.457] RX< [3] [App Vpu] RINGBUF: write fail, size = 22399 space is not 
[23:25:42.557] RX< enough
[23:25:42.557] RX< [ringbuf] no space data_len=10240
[23:25:42.557] RX< [3] [App Vpu] RINGBUF: write fail, size = 9983 space is not enough
[23:25:42.557] RX< [ringbuf] no space data_len=15872
[23:25:42.557] RX< [3] [App Vpu] RINGBUF: write fail, size = 15519 space is not enough
[23:25:42.557] RX< [ringbuf] no space data_len=15872
[23:25:42.557] RX< [3] [App 
[23:25:42.602] RX< Vpu] RINGBUF: write fail, size = 15657 space is not enough
[23:25:42.602] RX< [ringbuf] no space data_len=9728
[23:25:42.602] RX< [3] [App Vpu] RINGBUF: write fail, size = 9365 space is not enough
[23:25:42.602] RX< [RTMP] slow send frame 4845 len=89392 dt=2058ms (IDR)
[23:25:42.602] RX< [RTMP] dropped 4620 p-frames (backlog 98%
[23:25:42.982] RX< )
[23:25:42.982] RX< [RTMP] f_index = 4860, f_len = 13763
[23:25:42.982] RX< [34m[AE] fid=6660,exp=10230,adg=219,Y=4325,mtg=180,shg=100,bgbv=1694,iso=219,cnv2,hdr0
[23:25:42.982] RX< [0m[34m[b_ae0 proc] perf=955(us), max=1098(us)!
[23:25:42.982] RX< [0m[34m[awb0 proc] perf=4291(us), max=4443(us)!
[23:25:42.982] RX< [0m[7] [cam] [779188][me0][
[23:25:43.976] RX< me_core_thread:322]ME out fid 6660
[23:25:43.976] RX< [RTMP] slow send frame 4875 len=74615 dt=729ms (IDR)
[23:25:43.976] RX< [RTMP] dropped 4650 p-frames (backlog 98%)
[23:25:43.976] RX< [34m[AE] fid=6690,exp=10230,adg=219,Y=4367,mtg=180,shg=100,bgbv=1701,iso=219,cnv2,hdr0
[23:25:43.976] RX< [0m[7] [cam] [780187][me0][me_core_t
[23:25:44.090] RX< hread:322]ME out fid 6690
[23:25:44.090] RX< [ringbuf] no space data_len=14848
[23:25:44.090] RX< [3] [App Vpu] RINGBUF: write fail, size = 14808 space is not enough
[23:25:44.090] RX< [ringbuf] no space data_len=12288
[23:25:44.090] RX< [3] [App Vpu] RINGBUF: write fail, size = 11798 space is not enough
[23:25:44.090] RX< [ringbuf] no space data_
[23:25:44.190] RX< len=16896
[23:25:44.190] RX< [3] [App Vpu] RINGBUF: write fail, size = 16434 space is not enough
[23:25:44.190] RX< [ringbuf] no space data_len=24064
[23:25:44.190] RX< [3] [App Vpu] RINGBUF: write fail, size = 23656 space is not enough
[23:25:44.190] RX< [ringbuf] no space data_len=6656
[23:25:44.190] RX< [3] [App Vpu] RINGBUF: write fail, size =
[23:25:44.290] RX<  6573 space is not enough
[23:25:44.290] RX< [ringbuf] no space data_len=15360
[23:25:44.290] RX< [3] [App Vpu] RINGBUF: write fail, size = 15235 space is not enough
[23:25:44.290] RX< [ringbuf] no space data_len=15360
[23:25:44.290] RX< [3] [App Vpu] RINGBUF: write fail, size = 15187 space is not enough
[23:25:44.290] RX< [ringbuf] no space data
[23:25:44.356] RX< _len=15872
[23:25:44.356] RX< [3] [App Vpu] RINGBUF: write fail, size = 15397 space is not enough
[23:25:44.356] RX< [ringbuf] no space data_len=9216
[23:25:44.356] RX< [3] [App Vpu] RINGBUF: write fail, size = 9196 space is not enough
[23:25:44.356] RX< [ringbuf] no space data_len=23040
[23:25:44.356] RX< [3] [App Vpu] RINGBUF: write fail, size =
[23:25:44.456] RX<  22608 space is not enough
[23:25:44.456] RX< [ringbuf] no space data_len=10240
[23:25:44.456] RX< [3] [App Vpu] RINGBUF: write fail, size = 9897 space is not enough
[23:25:44.456] RX< [ringbuf] no space data_len=14848
[23:25:44.456] RX< [3] [App Vpu] RINGBUF: write fail, size = 14845 space is not enough
[23:25:44.456] RX< [ringbuf] no space data
[23:25:44.523] RX< _len=14848
[23:25:44.523] RX< [3] [App Vpu] RINGBUF: write fail, size = 14725 space is not enough
[23:25:44.523] RX< [ringbuf] no space data_len=14848
[23:25:44.523] RX< [3] [App Vpu] RINGBUF: write fail, size = 14785 space is not enough
[23:25:44.523] RX< [ringbuf] no space data_len=15360
[23:25:44.523] RX< [3] [App Vpu] RINGBUF: write fail, size
[23:25:44.624] RX<  = 15303 space is not enough
[23:25:44.624] RX< [ringbuf] no space data_len=9728
[23:25:44.624] RX< [3] [App Vpu] RINGBUF: write fail, size = 9288 space is not enough
[23:25:44.624] RX< [ringbuf] no space data_len=23040
[23:25:44.624] RX< [3] [App Vpu] RINGBUF: write fail, size = 22735 space is not enough
[23:25:44.624] RX< [ringbuf] no space dat
[23:25:44.691] RX< a_len=10240
[23:25:44.691] RX< [3] [App Vpu] RINGBUF: write fail, size = 10181 space is not enough
[23:25:44.691] RX< [ringbuf] no space data_len=15360
[23:25:44.691] RX< [3] [App Vpu] RINGBUF: write fail, size = 15287 space is not enough
[23:25:44.691] RX< [ringbuf] no space data_len=15360
[23:25:44.691] RX< [3] [App Vpu] RINGBUF: write fail, siz
[23:25:44.800] RX< e = 15027 space is not enough
[23:25:44.800] RX< [ringbuf] no space data_len=15360
[23:25:44.800] RX< [3] [App Vpu] RINGBUF: write fail, size = 15152 space is not enough
[23:25:44.800] RX< [ringbuf] no space data_len=9728
[23:25:44.800] RX< [3] [App Vpu] RINGBUF: write fail, size = 9305 space is not enough
[23:25:44.800] RX< [ringbuf] no space da
[23:25:44.824] RX< ta_len=22528
[23:25:44.824] RX< [3] [App Vpu] RINGBUF: write fail, size = 22231 space is not enough
[23:25:44.824] RX< [34m[AE] fid=6720,exp=10230,adg=219,Y=4377,mtg=180,shg=100,bgbv=1705,iso=219,cnv2,hdr0
[23:25:44.824] RX< [0m[ringbuf] no space data_len=9728
[23:25:44.824] RX< [3] [App Vpu] RINGBUF: write fail, size = 9525 sp
[23:25:44.901] RX< ace is not enough
[23:25:44.901] RX< [ringbuf] no space data_len=14848
[23:25:44.901] RX< [3] [App Vpu] RINGBUF: write fail, size = 14721 space is not enough
[23:25:44.901] RX< [ringbuf] no space data_len=15360
[23:25:44.901] RX< [3] [App Vpu] RINGBUF: write fail, size = 14947 space is not enough
[23:25:44.901] RX< [34m[ME INTP]fid=6720, shutter
[23:25:44.990] RX< =10230, perf=7(us), max=400(us)!
[23:25:44.990] RX< [0m[ringbuf] no space data_len=15360
[23:25:44.990] RX< [3] [App Vpu] RINGBUF: write fail, size = 15092 space is not enough
[23:25:44.990] RX< [ringbuf] no space data_len=15360
[23:25:44.990] RX< [3] [App Vpu] RINGBUF: write fail, size = 14931 space is not enough
[23:25:44.990] RX< [7] [cam] [78
[23:25:45.806] RX< 1187][me0][me_core_thread:322]ME out fid 6720
[23:25:45.806] RX< [ringbuf] no space data_len=82944
[23:25:45.806] RX< [3] [App Vpu] RINGBUF: write fail, size = 82732 space is not enough
[23:25:45.806] RX< [RTMP] slow send frame 4889 len=89738 dt=1674ms (IDR)
[23:25:45.806] RX< [RTMP] dropped 4680 p-frames (backlog 97%)
[23:25:45.806] RX< [34m[AE] 
[23:25:46.498] RX< fid=6750,exp=10230,adg=219,Y=4434,mtg=180,shg=100,bgbv=1717,iso=219,cnv2,hdr0
[23:25:46.498] RX< [0m[34m[b_ae0 proc] perf=1009(us), max=1107(us)!
[23:25:46.498] RX< [0m[34m[awb0 proc] perf=4372(us), max=4442(us)!
[23:25:46.498] RX< [0m[7] [cam] [782187][me0][me_core_thread:322]ME out fid 6750
[23:25:46.498] RX< [ringbuf] no 
[23:25:46.800] RX< space data_len=14848
[23:25:46.800] RX< [3] [App Vpu] RINGBUF: write fail, size = 14337 space is not enough
[23:25:46.800] RX< [RTMP] slow send frame 4934 len=74501 dt=1456ms (IDR)
[23:25:46.800] RX< [RTMP] dropped 4710 p-frames (backlog 98%)
[23:25:46.800] RX< [RTMP] f_index = 4950, f_len = 9010
[23:25:46.800] RX< [34m[AE] fid=6780,exp=10230,adg=
[23:25:47.123] RX< 219,Y=4438,mtg=180,shg=100,bgbv=1721,iso=219,cnv2,hdr0
[23:25:47.123] RX< [0m[7] [cam] [783187][me0][me_core_thread:322]ME out fid 6780
[23:25:47.123] RX< [ringbuf] no space data_len=15872
[23:25:47.123] RX< [3] [App Vpu] RINGBUF: write fail, size = 15756 space is not enough
[23:25:47.123] RX< [ringbuf] no space data_len=15360
[23:25:47.123] RX< [
[23:25:47.190] RX< 3] [App Vpu] RINGBUF: write fail, size = 15105 space is not enough
[23:25:47.190] RX< [ringbuf] no space data_len=9728
[23:25:47.190] RX< [3] [App Vpu] RINGBUF: write fail, size = 9273 space is not enough
[23:25:47.190] RX< [ringbuf] no space data_len=22528
[23:25:47.190] RX< [3] [App Vpu] RINGBUF: write fail, size = 22097 space
[23:25:47.290] RX<  is not enough
[23:25:47.290] RX< [ringbuf] no space data_len=9728
[23:25:47.290] RX< [3] [App Vpu] RINGBUF: write fail, size = 9585 space is not enough
[23:25:47.290] RX< [ringbuf] no space data_len=14336
[23:25:47.290] RX< [3] [App Vpu] RINGBUF: write fail, size = 14321 space is not enough
[23:25:47.290] RX< [ringbuf] no space data_len=14848
[23:25:47.290] RX< [3
[23:25:47.356] RX< ] [App Vpu] RINGBUF: write fail, size = 14522 space is not enough
[23:25:47.356] RX< [ringbuf] no space data_len=15360
[23:25:47.356] RX< [3] [App Vpu] RINGBUF: write fail, size = 14999 space is not enough
[23:25:47.356] RX< [ringbuf] no space data_len=14848
[23:25:47.356] RX< [3] [App Vpu] RINGBUF: write fail, size = 14603 spac
[23:25:47.456] RX< e is not enough
[23:25:47.456] RX< [ringbuf] no space data_len=14336
[23:25:47.456] RX< [3] [App Vpu] RINGBUF: write fail, size = 14301 space is not enough
[23:25:47.456] RX< [ringbuf] no space data_len=14336
[23:25:47.456] RX< [3] [App Vpu] RINGBUF: write fail, size = 14277 space is not enough
[23:25:47.456] RX< [ringbuf] no space data_len=14848
[23:25:47.523] RX< 
[23:25:47.523] RX< [3] [App Vpu] RINGBUF: write fail, size = 14584 space is not enough
[23:25:47.523] RX< [ringbuf] no space data_len=14848
[23:25:47.523] RX< [3] [App Vpu] RINGBUF: write fail, size = 14556 space is not enough
[23:25:47.523] RX< [ringbuf] no space data_len=14848
[23:25:47.523] RX< [3] [App Vpu] RINGBUF: write fail, size = 14785 s
[23:25:47.623] RX< pace is not enough
[23:25:47.623] RX< [ringbuf] no space data_len=14848
[23:25:47.623] RX< [3] [App Vpu] RINGBUF: write fail, size = 14458 space is not enough
[23:25:47.623] RX< [ringbuf] no space data_len=14848
[23:25:47.623] RX< [3] [App Vpu] RINGBUF: write fail, size = 14461 space is not enough
[23:25:47.623] RX< [ringbuf] no space data_len=14
[23:25:47.690] RX< 336
[23:25:47.690] RX< [3] [App Vpu] RINGBUF: write fail, size = 14315 space is not enough
[23:25:47.690] RX< [ringbuf] no space data_len=14336
[23:25:47.690] RX< [3] [App Vpu] RINGBUF: write fail, size = 14308 space is not enough
[23:25:47.690] RX< [ringbuf] no space data_len=14848
[23:25:47.690] RX< [3] [App Vpu] RINGBUF: write fail, size = 1450
[23:25:47.800] RX< 1 space is not enough
[23:25:47.800] RX< [ringbuf] no space data_len=14848
[23:25:47.800] RX< [3] [App Vpu] RINGBUF: write fail, size = 14716 space is not enough
[23:25:47.800] RX< [ringbuf] no space data_len=14336
[23:25:47.800] RX< [3] [App Vpu] RINGBUF: write fail, size = 13900 space is not enough
[23:25:47.800] RX< [ringbuf] no space data_len
[23:25:47.823] RX< =14848
[23:25:47.823] RX< [3] [App Vpu] RINGBUF: write fail, size = 14339 space is not enough
[23:25:47.823] RX< [34m[AE] fid=6810,exp=10230,adg=219,Y=4444,mtg=180,shg=100,bgbv=1721,iso=219,cnv2,hdr0
[23:25:47.823] RX< [0m[ringbuf] no space data_len=14336
[23:25:47.823] RX< [3] [App Vpu] RINGBUF: write fail, size = 14286 space 
[23:25:47.923] RX< is not enough
[23:25:47.923] RX< [ringbuf] no space data_len=14336
[23:25:47.923] RX< [3] [App Vpu] RINGBUF: write fail, size = 14264 space is not enough
[23:25:47.923] RX< [ringbuf] no space data_len=14848
[23:25:47.923] RX< [3] [App Vpu] RINGBUF: write fail, size = 14574 space is not enough
[23:25:47.923] RX< [ringbuf] no space data_len=14848
[23:25:47.923] RX< [
[23:25:48.772] RX< 3] [App Vpu] RINGBUF: write fail, size = 14510 space is not enough
[23:25:48.772] RX< [RTMP] slow send frame 4951 len=74804 dt=1437ms (IDR)
[23:25:48.772] RX< [RTMP] dropped 4740 p-frames (backlog 74%)
[23:25:48.772] RX< [7] [cam] [784187][me0][me_core_thread:322]ME out fid 6810
[23:25:48.772] RX< [RTMP] slow send frame 4981 len=
[23:25:48.805] RX< 89677 dt=813ms (IDR)
[23:25:48.805] RX< [RTMP] dropped 4770 p-frames (backlog 96%)
[23:25:48.805] RX< [34m[AE] fid=6840,exp=10230,adg=219,Y=4472,mtg=180,shg=100,bgbv=1729,iso=219,cnv2,hdr0
[23:25:48.805] RX< [0m[34m[b_ae0 proc] perf=944(us), max=1115(us)!
[23:25:48.805] RX< [0m[34m[awb0 proc] perf=4301(us), max=4426(us)!
[23:25:48.805] RX< [0
[23:25:49.800] RX< m[34m[ME INTP]fid=6840, shutter=10230, perf=7(us), max=1481(us)!
[23:25:49.800] RX< [0m[7] [cam] [785187][me0][me_core_thread:322]ME out fid 6840
[23:25:49.800] RX< [RTMP] slow send frame 5024 len=90003 dt=999ms (IDR)
[23:25:49.800] RX< [RTMP] dropped 4800 p-frames (backlog 96%)
[23:25:49.800] RX< [34m[AE] fid=6870,exp=10230,ad
[23:25:50.801] RX< g=219,Y=4512,mtg=180,shg=100,bgbv=1741,iso=219,cnv2,hdr0
[23:25:50.801] RX< [0m[7] [cam] [786187][me0][me_core_thread:322]ME out fid 6870
[23:25:50.801] RX< [RTMP] slow send frame 5039 len=81462 dt=893ms (IDR)
[23:25:50.801] RX< [RTMP] f_index = 5040, f_len = 28453
[23:25:50.801] RX< [RTMP] dropped 4830 p-frames (backlog 95%)
[23:25:50.801] RX< [3
[23:25:51.804] RX< 4m[AE] fid=6900,exp=10230,adg=219,Y=4545,mtg=180,shg=100,bgbv=1753,iso=219,cnv2,hdr0
[23:25:51.804] RX< [0m[7] [cam] [787186][me0][me_core_thread:322]ME out fid 6900
[23:25:51.804] RX< [RTMP] slow send frame 5069 len=74544 dt=583ms (IDR)
[23:25:51.804] RX< [RTMP] dropped 4860 p-frames (backlog 94%)
[23:25:51.804] RX< [34m[AE] fi
[23:25:52.364] RX< d=6930,exp=10180,adg=219,Y=4535,mtg=180,shg=100,bgbv=1755,iso=219,cnv2,hdr0
[23:25:52.364] RX< [0m[34m[b_ae0 proc] perf=1049(us), max=1114(us)!
[23:25:52.364] RX< [0m[34m[awb0 proc] perf=4381(us), max=4457(us)!
[23:25:52.364] RX< [0m[7] [cam] [788186][me0][me_core_thread:322]ME out fid 6930
[23:25:52.364] RX< [RTMP] slow sen
[23:25:52.932] RX< d frame 5103 len=89889 dt=1088ms (IDR)
[23:25:52.932] RX< [34m[AE] fid=6960,exp=10180,adg=219,Y=4541,mtg=180,shg=100,bgbv=1759,iso=219,cnv2,hdr0
[23:25:52.932] RX< [0m[34m[ME INTP]fid=6960, shutter=10180, perf=6(us), max=361(us)!
[23:25:52.932] RX< [0m[RTMP] slow send frame 5128 len=81447 dt=548ms (IDR)
[23:25:52.932] RX< [RTM
[23:25:54.003] RX< P] dropped 4890 p-frames (backlog 95%)
[23:25:54.003] RX< [RTMP] f_index = 5130, f_len = 6940
[23:25:54.003] RX< [7] [cam] [789186][me0][me_core_thread:322]ME out fid 6960
[23:25:54.003] RX< [34m[AE] fid=6990,exp=10180,adg=219,Y=4543,mtg=180,shg=100,bgbv=1759,iso=219,cnv2,hdr0
[23:25:54.003] RX< [0m[RTMP] slow send frame 5158 l
[23:25:54.807] RX< en=89341 dt=1044ms (IDR)
[23:25:54.807] RX< [RTMP] dropped 4920 p-frames (backlog 95%)
[23:25:54.807] RX< [7] [cam] [790200][me0][me_core_thread:322]ME out fid 6990
[23:25:54.807] RX< [34m[AE] fid=7020,exp=10180,adg=219,Y=4541,mtg=180,shg=100,bgbv=1759,iso=219,cnv2,hdr0
[23:25:54.807] RX< [0m[34m[b_ae0 proc] perf=1008(us), max=
[23:25:55.550] RX< 1098(us)!
[23:25:55.550] RX< [0m[34m[awb0 proc] perf=4379(us), max=4439(us)!
[23:25:55.550] RX< [0m[RTMP] slow send frame 5188 len=74986 dt=806ms (IDR)
[23:25:55.550] RX< [RTMP] dropped 4950 p-frames (backlog 94%)
[23:25:55.550] RX< [7] [cam] [791186][me0][me_core_thread:322]ME out fid 7020
[23:25:55.550] RX< [RTMP] slow send frame 5215 len=8144
[23:25:56.446] RX< 3 dt=730ms (IDR)
[23:25:56.446] RX< [RTMP] f_index = 5220, f_len = 22086
[23:25:56.446] RX< [RTMP] dropped 4980 p-frames (backlog 93%)
[23:25:56.446] RX< [34m[AE] fid=7050,exp=10180,adg=219,Y=4541,mtg=180,shg=100,bgbv=1759,iso=219,cnv2,hdr0
[23:25:56.446] RX< [0m[7] [cam] [792186][me0][me_core_thread:322]ME out fid 7050
[23:25:56.446] RX< [RTMP] s
[23:25:56.979] RX< low send frame 5240 len=81710 dt=884ms (IDR)
[23:25:56.979] RX< [RTMP] dropped 5010 p-frames (backlog 93%)
[23:25:56.979] RX< [34m[AE] fid=7080,exp=10180,adg=219,Y=4544,mtg=180,shg=100,bgbv=1759,iso=219,cnv2,hdr0
[23:25:56.979] RX< [0m[34m[ME INTP]fid=7080, shutter=10180, perf=6(us), max=7(us)!
[23:25:56.979] RX< [0m[7] [cam] 
[23:25:57.803] RX< [793186][me0][me_core_thread:322]ME out fid 7080
[23:25:57.803] RX< [RTMP] slow send frame 5271 len=81523 dt=709ms (IDR)
[23:25:57.803] RX< [RTMP] dropped 5040 p-frames (backlog 92%)
[23:25:57.803] RX< [34m[AE] fid=7110,exp=10180,adg=219,Y=4541,mtg=180,shg=100,bgbv=1759,iso=219,cnv2,hdr0
[23:25:57.803] RX< [0m[34m[b_ae0 proc] p
[23:25:58.042] RX< erf=942(us), max=1088(us)!
[23:25:58.042] RX< [0m[34m[awb0 proc] perf=4423(us), max=4443(us)!
[23:25:58.042] RX< [0m[7] [cam] [794185][me0][me_core_thread:322]ME out fid 7110
[23:25:58.042] RX< [RTMP] slow send frame 5301 len=82140 dt=863ms (IDR)
[23:25:58.042] RX< [RTMP] f_index = 5310, f_len = 14350
[23:25:58.042] RX< [RTMP] dropped 5070 p-fra
[23:25:58.976] RX< mes (backlog 92%)
[23:25:58.976] RX< [RTMP] slow send frame 5331 len=82149 dt=723ms (IDR)
[23:25:58.976] RX< [RTMP] dropped 5100 p-frames (backlog 90%)
[23:25:58.976] RX< [34m[AE] fid=7140,exp=10180,adg=219,Y=4541,mtg=180,shg=100,bgbv=1759,iso=219,cnv2,hdr0
[23:25:58.976] RX< [0m[7] [cam] [795185][me0][me_core_thread:322]ME out 
[23:25:59.975] RX< fid 7140
[23:25:59.975] RX< [RTMP] slow send frame 5361 len=82825 dt=303ms (IDR)
[23:25:59.975] RX< [RTMP] dropped 5130 p-frames (backlog 88%)
[23:25:59.975] RX< [34m[AE] fid=7170,exp=10180,adg=219,Y=4544,mtg=180,shg=100,bgbv=1759,iso=219,cnv2,hdr0
[23:25:59.975] RX< [0m[7] [cam] [796185][me0][me_core_thread:322]ME out fid 7170
[23:26:00.803] RX< [RTMP] slow send frame 5391 len=83226 dt=1622ms (IDR)
[23:26:00.803] RX< [RTMP] f_index = 5400, f_len = 15204
[23:26:00.803] RX< [RTMP] dropped 5160 p-frames (backlog 90%)
[23:26:00.803] RX< [34m[AE] fid=7200,exp=10180,adg=219,Y=4544,mtg=180,shg=100,bgbv=1759,iso=219,cnv2,hdr0
[23:26:00.803] RX< [0m[34m[b_ae0 proc] perf=1105(us
[23:26:01.282] RX< ), max=1105(us)!
[23:26:01.282] RX< [0m[34m[awb0 proc] perf=4375(us), max=4441(us)!
[23:26:01.282] RX< [0m[34m[ME INTP]fid=7200, shutter=10180, perf=7(us), max=54(us)!
[23:26:01.282] RX< [0m[7] [cam] [797185][me0][me_core_thread:322]ME out fid 7200
[23:26:01.282] RX< [RTMP] slow send frame 5421 len=68279 dt=548ms (IDR)
[23:26:01.282] RX< [RTMP
[23:26:01.853] RX< ] dropped 5190 p-frames (backlog 88%)
[23:26:01.853] RX< [RTMP] slow send frame 5451 len=82646 dt=211ms (IDR)
[23:26:01.853] RX< [RTMP] dropped 5220 p-frames (backlog 85%)
[23:26:01.853] RX< [34m[AE] fid=7230,exp=10180,adg=219,Y=4542,mtg=180,shg=100,bgbv=1759,iso=219,cnv2,hdr0
[23:26:01.853] RX< [0m[RTMP] slow send frame 5472 le
[23:26:02.798] RX< n=74757 dt=333ms (IDR)
[23:26:02.798] RX< [RTMP] f_index = 5490, f_len = 22791
[23:26:02.798] RX< [7] [cam] [798185][me0][me_core_thread:322]ME out fid 7230
[23:26:02.798] RX< [RTMP] slow send frame 5502 len=82193 dt=589ms (IDR)
[23:26:02.798] RX< [RTMP] dropped 5250 p-frames (backlog 84%)
[23:26:02.798] RX< [34m[AE] fid=7260,exp=10180,adg=219,Y=4
[23:26:03.152] RX< 543,mtg=180,shg=100,bgbv=1759,iso=219,cnv2,hdr0
[23:26:03.152] RX< [0m[RTMP] slow send frame 5533 len=81939 dt=390ms (IDR)
[23:26:03.152] RX< [RTMP] dropped 5280 p-frames (backlog 82%)
[23:26:03.152] RX< [7] [cam] [799185][me0][me_core_thread:322]ME out fid 7260
[23:26:03.152] RX< [RTMP] slow send frame 5562 len=82563 dt=286ms (I
[23:26:03.803] RX< DR)
[23:26:03.803] RX< [RTMP] dropped 5310 p-frames (backlog 79%)
[23:26:03.803] RX< [RTMP] slow send frame 5566 len=82880 dt=518ms (IDR)
[23:26:03.803] RX< [RTMP] f_index = 5580, f_len = 14527
[23:26:03.803] RX< [34m[AE] fid=7290,exp=10180,adg=219,Y=4545,mtg=180,shg=100,bgbv=1759,iso=219,cnv2,hdr0
[23:26:03.803] RX< [0m[34m[b_ae0 proc] perf=1005
[23:26:04.898] RX< (us), max=1105(us)!
[23:26:04.898] RX< [0m[34m[awb0 proc] perf=4381(us), max=4440(us)!
[23:26:04.898] RX< [0m[7] [cam] [800185][me0][me_core_thread:322]ME out fid 7290
[23:26:04.898] RX< [34m[AE] fid=7320,exp=10180,adg=219,Y=4544,mtg=180,shg=100,bgbv=1759,iso=219,cnv2,hdr0
[23:26:04.898] RX< [0m[34m[ME INTP]fid=7320, shutte
[23:26:05.798] RX< r=10180, perf=6(us), max=1976(us)!
[23:26:05.798] RX< [0m[7] [cam] [801185][me0][me_core_thread:322]ME out fid 7320
[23:26:05.798] RX< [RTMP] slow send frame 5596 len=82442 dt=1543ms (IDR)
[23:26:05.798] RX< [RTMP] dropped 5340 p-frames (backlog 60%)
[23:26:05.798] RX< [34m[AE] fid=7350,exp=10180,adg=219,Y=4544,mtg=180,shg=100,b
[23:26:06.220] RX< gbv=1759,iso=219,cnv2,hdr0
[23:26:06.220] RX< [0m[RTMP] slow send frame 5626 len=81452 dt=587ms (IDR)
[23:26:06.220] RX< [RTMP] dropped 5370 p-frames (backlog 58%)
[23:26:06.220] RX< [7] [cam] [802184][me0][me_core_thread:322]ME out fid 7350
[23:26:06.220] RX< [RTMP] slow send frame 5656 len=89595 dt=380ms (IDR)
[23:26:06.220] RX< [RTMP] dropped 54
[23:26:06.802] RX< 00 p-frames (backlog 56%)
[23:26:06.802] RX< [RTMP] f_index = 5670, f_len = 13818
[23:26:06.802] RX< [34m[AE] fid=7380,exp=10180,adg=219,Y=4542,mtg=180,shg=100,bgbv=1759,iso=219,cnv2,hdr0
[23:26:06.802] RX< [0m[34m[b_ae0 proc] perf=906(us), max=1108(us)!
[23:26:06.802] RX< [0m[34m[awb0 proc] perf=4412(us), max=4443(us)!
[23:26:06.802] RX< [0m
[23:26:07.464] RX< [RTMP] slow send frame 5686 len=89198 dt=599ms (IDR)
[23:26:07.464] RX< [RTMP] dropped 5430 p-frames (backlog 54%)
[23:26:07.464] RX< [7] [cam] [803184][me0][me_core_thread:322]ME out fid 7380
[23:26:07.464] RX< [RTMP] slow send frame 5716 len=74886 dt=416ms (IDR)
[23:26:07.464] RX< [RTMP] dropped 5460 p-frames (backlog 52%)
[23:26:07.464] RX< [RTMP
[23:26:07.974] RX< ] slow send frame 5739 len=21051 dt=181ms
[23:26:07.974] RX< [RTMP] slow send frame 5743 len=20790 dt=101ms
[23:26:07.974] RX< [34m[AE] fid=7410,exp=10180,adg=219,Y=4543,mtg=180,shg=100,bgbv=1759,iso=219,cnv2,hdr0
[23:26:07.974] RX< [0m[RTMP] slow send frame 5746 len=89799 dt=386ms (IDR)
[23:26:07.974] RX< [7] [cam] [804184][me0
[23:26:08.261] RX< ][me_core_thread:322]ME out fid 7410
[23:26:08.261] RX< [RTMP] slow send frame 5753 len=21336 dt=102ms
[23:26:08.261] RX< [RTMP] dropped 5490 p-frames (backlog 51%)
[23:26:08.261] RX< [RTMP] f_index = 5760, f_len = 13861
[23:26:08.261] RX< [RTMP] slow send frame 5761 len=13657 dt=143ms
[23:26:08.261] RX< [RTMP] slow send frame 5766 len=13527 dt=53ms
[23:26:08.846] RX< 
[23:26:08.846] RX< [RTMP] slow send frame 5769 len=13585 dt=86ms
[23:26:08.846] RX< [RTMP] slow send frame 5773 len=13622 dt=86ms
[23:26:08.846] RX< rtmp_video_stop
[23:26:08.846] RX< [RTMP] Stop requested
[23:26:08.846] RX< msh /emmc>echo "__EVBTEST_[34m[AE] fid=7440,exp=10180,adg=219,Y=4541,mtg=180,shg=100,bgbv=1759,iso=219,cnv2,hdr0
[23:26:08.846] RX< [0m[RTMP] 
[23:26:08.864] RX< slow send frame 5776 len=81400 dt=349ms (IDR)
[23:26:08.864] RX< [RTMP] Push Stop: total frames = 5777
[23:26:08.864] RX< [RTMP] disconnected
[23:26:08.864] RX< [RTMP] disconnected
[23:26:08.864] RX< [6] [cam] [805060][RtmpSend][sensor_stream_off:1143]sensor [1]: stream_off
[23:26:08.864] RX< [6] [cam] [805061][RtmpSend][sensor_stream_off:1172]sen
[23:26:08.880] RX< sor [1]: REG: 0x100, W:0x0.
[23:26:08.880] RX< [6] [cam] [805061][RtmpSend][sensor_stream_off:1174]sensor [1]: REG: 0x100, R:0x0.
[23:26:08.880] RX< [6] [cam] [805086][RtmpSend][csc_prv_stop:893]ok! phys_id[1], phys_num[1], stop_type = 0
[23:26:08.880] RX< [6] [cam] [805086][RtmpSend][cam_stop:1017]preview stop 
[23:26:08.880] RX< ok! logic_id[0]
[23:26:08.880] RX< [34m[cam stop] perf=26666(us)!
[23:26:08.880] RX< [0m[6] [App Cam] cam stop success
[23:26:08.880] RX< Total of 7438 frames encoded, 124324739 bytes, max_workbuffer_used: 4960256 bytes
[23:26:08.880] RX< [6] [App Cam] hevc_encoder_deinit success
[23:26:08.880] RX< [7] [cam] [805092][RtmpSend][cam_cpm_core_power
[23:26:08.884] RX< _off:457]id,0 type,1 ret 0
[23:26:08.884] RX< [6] [cam] [805093][sif0][sif_irq_proc:174]thread release cid,0
[23:26:08.884] RX< [6] [cam] [805093][RtmpSend][cam_sif_mgr_deinit:316]X
[23:26:08.884] RX< [6] [cam] [805093][RtmpSend][cam_deinit:846]deinit ok! logic_id[0]
[23:26:08.884] RX< [34m[cam deinit] perf=1309(us)!
[23:26:08.884] RX< [0m[6] [
[23:26:08.885] RX< App Cam] cam deinit success
[23:26:08.885] RX< [6] [cam] [805094][RtmpSend][sensor_close:1247]sensor [1]: close!
[23:26:08.885] RX< [6] [cam] [805096][RtmpSend][cam_bm_core_deinit:136]X
[23:26:08.885] RX< [6] [cam] [805096][me0][me_core_thread:367]thread release cid,0
[23:26:08.885] RX< [6] [cam] [805097][RtmpSend][cam_me_core_d
[23:26:08.887] RX< einit:1502]X
[23:26:08.887] RX< [6] [cam] [805097][fe0][fe_core_irq_proc:121]thread release cid,0
[23:26:08.887] RX< [6] [cam] [805098][RtmpSend][cam_fe_core_deinit:536]X
[23:26:08.887] RX< [6] [cam] [805098][b_3a_sts][bayer_stats_core_irq_proc:193]thread release cid,0END_4cadae7e__"
[23:26:08.887] RX< __EVBTEST_END_4cadae7e__
[23:26:08.887] RX< ms
[23:26:08.887] RX< h /emmc>
[23:26:08.887] RX< [6] [cam] [805099][RtmpSend][cam_bayer_stats_core_deinit:512]X
[23:26:08.887] RX< [6] [cam] [805099][b_ae0][a5_core_wrapper_task:315]thread release cid,0,algo,0
[23:26:08.887] RX< [6] [cam] [805100][RtmpSend][bayer_ae_wrapper_deinit:204]X
[23:26:08.887] RX< [6] [cam] [805100][atf0][a5_core_wrapper_tas
[23:26:08.890] RX< k:315]thread release cid,0,algo,1
[23:26:08.890] RX< [6] [cam] [805100][RtmpSend][atf_wrapper_deinit:153]X
[23:26:08.890] RX< [6] [cam] [805101][awb0][a5_core_wrapper_task:315]thread release cid,0,algo,2
[23:26:08.890] RX< [6] [cam] [805101][RtmpSend][awb_wrapper_deinit:153]X
[23:26:08.890] RX< [6] [cam] [805101][RtmpSend][cam_5
[23:26:08.890] RX< a_core_deinit:555]X
[23:26:08.890] RX< [6] [cam] [805102][RtmpSend][cam_5a_inf_deinit:149]X
[23:26:08.890] RX< [6] [cam] [805102][qpc0][qpc_core_msg_proc:697]thread release cid,0
[23:26:08.890] RX< [6] [cam] [805103][RtmpSend][qpc_core_deinit:1330]X
[23:26:08.890] RX< [6] [cam] [805103][RtmpSend][cam_cpm_core_deinit:1107]X
[23:26:08.890] RX< [6] 
[23:26:08.893] RX< [cam] [805103][RtmpSend][csc_close:584]ok! phys_id[1], phys_num[1]
[23:26:08.893] RX< [7] [cam] [805103][cer0][cer_recovery_proc:352]msg type = 254
[23:26:08.893] RX< [6] [cam] [805104][cer0][cer_recovery_proc:454]thread release cid,0
[23:26:08.893] RX< [6] [cam] [805104][RtmpSend][cer_deinit:560]X
[23:26:08.893] RX< [6] [cam] [
[23:26:08.893] RX< 805104][RtmpSend][cam_close:750]close ok! logic_id[0]
[23:26:08.893] RX< [34m[cam close] perf=10423(us)!
[23:26:08.893] RX< [0m[6] [App Cam] cam close success
[23:26:08.893] RX< [6] [cam] [805105][cpl0][cam_prelude_proc_routine:136]thread release
[23:26:08.893] RX< [6] [cam] [805106][RtmpSend][cam_exit:551]exit ok!
[23:26:08.893] RX< [34m[cam e
[23:26:08.985] TX> rtmp_video_stop
[23:26:08.985] TX> echo "__EVBTEST_END_4cadae7e__"
[23:26:10.895] RX< xit] perf=568(us)!
[23:26:10.895] RX< [0m[6] [App Cam] cam exit success
