[22:48:59.762] TX> 
[22:49:00.763] TX> 
[22:49:01.763] RX< 
[22:49:01.763] RX< msh />
[22:49:01.763] RX< msh />
[22:49:01.966] TX> echo "EVBTEST_HELLO"
[22:49:01.966] TX> echo "__EVBTEST_END_c22aaf59__"
[22:49:03.765] RX< echo "EVBTEST_HELLO"
[22:49:03.765] RX< EVBTEST_HELLO
[22:49:03.765] RX< msh />echo "__EVBTEST_END_c22aaf59__"
[22:49:03.765] RX< __EVBTEST_END_c22aaf59__
[22:49:03.765] RX< msh />
[22:49:03.969] TX> cd /
[22:49:03.969] TX> echo "__EVBTEST_END_fe4f3446__"
[22:49:05.768] RX< cd /
[22:49:05.768] RX< msh />echo "__EVBTEST_END_fe4f3446__"
[22:49:05.768] RX< __EVBTEST_END_fe4f3446__
[22:49:05.768] RX< msh />
[22:49:05.971] TX> dfs_video_stop
[22:49:05.971] TX> echo "__EVBTEST_END_5188c194__"
[22:49:07.770] RX< dfs_video_stop
[22:49:07.770] RX< [6] [App Dfs] Please start recording the video first.
[22:49:07.770] RX< msh />echo "__EVBTEST_END_5188c194__"
[22:49:07.770] RX< __EVBTEST_END_5188c194__
[22:49:07.770] RX< msh />
[22:49:11.773] RX< wifi scan
[22:49:11.809] RX<              SSID                      MAC            security    rssi chn Mbps
[22:49:11.809] RX< ------------------------------- -----------------  -------------- ---- --- ----
[22:49:11.809] RX< gravityXR                       f4:e4:51:83:d3:10  WPA2_AES_PSK   -45    1  144
[22:49:11.809] RX<  Gwireless    
[22:49:11.952] TX> wifi scan
[22:49:11.952] TX> echo "__EVBTEST_END_5adbc043__"
[22:49:12.014] RX<                   f4:e4:51:83:d3:11  WPA2_AES_PSK   -46    1  144
[22:49:12.014] RX< G-Demo                          f4:e4:51:83:d3:12  WPA2_AES_PSK   -44    1  144
[22:49:12.014] RX< HUAWEI-X1E3WU                   42:17:a3:f1:cf:49  WPA2_AES_PSK   -52    1  144
[22:49:12.014] RX< gravityXR                  
[22:49:12.247] RX<      f4:e4:51:83:d5:b0  WPA2_AES_PSK   -59    6  144
[22:49:12.247] RX< ftp_test_2_4G                   62:ed:11:f2:02:a7  WPA2_AES_PSK   -47    8  144
[22:49:12.247] RX< DIRECT-9Q-客厅电视          66:6b:e7:66:5c:be  WPA2_AES_PSK   -46   11  144
[22:49:12.247] RX< GTS_24G                         a4:a9:30
[22:49:12.342] RX< :fb:94:34  WPA2_AES_PSK   -48   11  288
[22:49:12.342] RX< YundSoft                        48:5f:08:fd:af:2d  WPA2_AES_PSK   -55   11  300
[22:49:12.342] RX< SW-test-2.4G                    f8:ce:21:8b:a6:fc  WPA2_AES_PSK   -2    13  600
[22:49:12.342] RX< gravityXR                       f4:e4:51:83:d5:50  WP
[22:49:12.343] RX< A2_AES_PSK   -44   13  144
[22:49:12.343] RX<  Gwireless                      f4:e4:51:83:d5:51  WPA2_AES_PSK   -41   13  144
[22:49:12.343] RX< G-Demo                          f4:e4:51:83:d5:52  WPA2_AES_PSK   -41   13  144
[22:49:12.343] RX< MTK_CHEETAH_AP_2.4G             e0:ef:02:71:f5:71  OPEN           
[22:49:14.343] RX< -60   13  300
[22:49:14.343] RX< G-Demo                          f4:e4:51:83:d5:b2  WPA2_AES_PSK   -63    6  144
[22:49:14.343] RX< msh />echo "__EVBTEST_END_5adbc043__"
[22:49:14.343] RX< __EVBTEST_END_5adbc043__
[22:49:14.343] RX< msh />
[22:49:42.891] TX> wifi join SW-test-2.4G tuf@3600
[22:49:42.891] TX> echo "__EVBTEST_END_9c305c8a__"
[22:49:44.378] RX< wifi join SW-test-2.4G tuf@3600
[22:49:48.382] RX< [32m[I/WLAN.mgnt] wifi connect success ssid:SW-test-2.4G[0m
[22:49:48.382] RX< msh />echo "__EVBTEST_END_9c305c8a__"
[22:49:48.382] RX< __EVBTEST_END_9c305c8a__
[22:49:48.382] RX< msh />
[22:49:52.387] RX< [32m[I/WLAN.lwip] Got IP address : 192.168.1.101[0m
[22:49:57.398] RX< ifconfig
[22:49:57.398] RX< network interface device: w0 (Default)
[22:49:57.398] RX< MTU: 1500
[22:49:57.398] RX< MAC: 8c ea 12 ba a8 2c 
[22:49:57.398] RX< FLAGS: UP LINK_UP INTERNET_DOWN DHCP_ENABLE ETHARP BROADCAST IGMP
[22:49:57.398] RX< ip address: 192.168.1.101
[22:49:57.398] RX< gw address: 192.168.1.3
[22:49:57.398] RX< net mask  : 255.255.255.0
[22:49:57.398] RX< dns server #0: 192.168.1.3
[22:49:57.413] RX< dns server #1: 0.0.0.0
[22:49:57.413] RX< 
[22:49:57.413] RX< network interface device: w1
[22:49:57.413] RX< MTU: 1500
[22:49:57.413] RX< MAC: 8e ea 12 ba a8 2c 
[22:49:57.413] RX< FLAGS: UP LINK_DOWN INTERNET_DOWN DHCP_ENABLE ETHARP BROADCAST IGMP
[22:49:57.413] RX< ip address: 0.0.0.0
[22:49:57.413] RX< gw address: 0.0.0.0
[22:49:57.413] RX< net mask  : 0.0.0.0
[22:49:57.413] RX< dns server #0: 192.168.1.3
[22:49:57.413] RX< dns serv
[22:49:57.596] TX> ifconfig
[22:49:57.596] TX> echo "__EVBTEST_END_78fbb69a__"
[22:49:59.415] RX< er #1: 0.0.0.0
[22:49:59.415] RX< msh />echo "__EVBTEST_END_78fbb69a__"
[22:49:59.415] RX< __EVBTEST_END_78fbb69a__
[22:49:59.415] RX< msh />
[22:49:59.619] TX> cd /emmc
[22:49:59.619] TX> echo "__EVBTEST_END_05179e87__"
[22:50:01.418] RX< cd /emmc
[22:50:01.418] RX< msh /emmc>echo "__EVBTEST_END_05179e87__"
[22:50:01.418] RX< __EVBTEST_END_05179e87__
[22:50:01.418] RX< msh /emmc>
[22:50:01.621] TX> ftp_server
[22:50:01.621] TX> echo "__EVBTEST_END_8fa210d9__"
[22:50:03.420] RX< ftp_server
[22:50:03.420] RX< 
[22:50:03.420] RX< [FTP] Ftp server init success!!!
[22:50:03.420] RX< msh /emmc>echo "__EVBTEST_END_8fa210d9__"
[22:50:03.420] RX< __EVBTEST_END_8fa210d9__
[22:50:03.420] RX< msh /emmc>
[22:50:07.422] RX< [32m[I/ftp] service launched success.[0m
[22:50:08.108] TX> cam_set photo auto
[22:50:08.108] TX> echo "__EVBTEST_END_cac8c27d__"
[22:50:09.424] RX< cam_set photo auto
[22:50:09.424] RX< [6] [App Dfs] auto mode
[22:50:09.424] RX< msh /emmc>echo "__EVBTEST_END_cac8c27d__"
[22:50:09.424] RX< __EVBTEST_END_cac8c27d__
[22:50:09.424] RX< msh /emmc>
[22:50:10.439] RX< dfs_capture_start
[22:50:10.439] RX< [7] [cam] [73216][tshell][cgm_parse_bin:104]total logical camera num: 1
[22:50:10.439] RX< [6] [cam] [73216][tshell][cam_prelude_create:187]E id, 0
[22:50:10.439] RX< [7] [cam] [73216][cpl0][cam_prelude_proc_routine:101]thread start
[22:50:10.439] RX< [6] [cam] [73217][tshell][cam_prelude_crea
[22:50:10.441] RX< te:214]X ctx size 132 addr 0x884b96f0
[22:50:10.441] RX< [6] [cam] [73220][tshell][sensor_probe:418]sensor [1]: identifing 0 success.
[22:50:10.441] RX< [6] [cam] [73221][tshell][sensor_probe:441]sensor [1]: probe exit!
[22:50:10.441] RX< [6] [cam] [73221][tshell][cam_prelude_fast_probe:251]cam: 0 probe result
[22:50:10.442] RX< : 0
[22:50:10.442] RX< [6] [cam] [73221][tshell][cgm_parse_bin:218]cam(0) probe success
[22:50:10.442] RX< [6] [cam] [73222][tshell][cam_entry:455]entry ok
[22:50:10.442] RX< [34m[cam entry] perf=6274(us)!
[22:50:10.442] RX< [0m[6] [App Cam] cam entry success
[22:50:10.442] RX< [7] [cam] [73222][tshell][cam_solve_layout:350][mLayout] param OK, s
[22:50:10.444] RX< cen1 iw4032 ih3024 ow4032 oh3024 gdc 0x0
[22:50:10.444] RX< [36m[mLayout] scen01 in=4032x3024,out=3024x4032 meRot1 stripe1 gdcOn0
[22:50:10.444] RX< [0m[36m[mLayout] scen00 20entries solved status=OK retry=0 rtmp=enabled (cursor0=0x8a02d090 cursor1=0x89417400, ch0/1/2 cnt=7/2/1)
[22:50:10.444] RX< [0m[7] [
[22:50:10.444] RX< cam] [73224][tshell][cam_solve_layout:377]
[22:50:10.444] RX< [mLayout] out vol 0x8c000000 rBuf 0x8ab00000 sz 0x1500000 wBuf 0x8a03da80 sz 0x100000
[22:50:10.444] RX< [7] [cam] [73224][tshell][cam_solve_layout:394]Solve scen1 capType4 layout Done!
[22:50:10.444] RX< [6] [cam] [73225][tshell][cgm_parse_media_par
[22:50:10.447] RX< a:274]phy cam num: 1
[22:50:10.447] RX< [7] [cam] [73226][cer0][cer_recovery_proc:343]thread start cid, 0
[22:50:10.447] RX< [6] [cam] [73226][tshell][csc_open:499]SENSOR MCLK cal: 24MHz
[22:50:10.447] RX< [6] [cam] [73226][tshell][csc_isp_clk_cal:344]MIPI CLK cal: 346MHz
[22:50:10.447] RX< [6] [cam] [73227][tshell][csc_isp_clk_
[22:50:10.447] RX< cal:374]LITE CLK cal: 28MHz
[22:50:10.447] RX< [7] [cam] [73227][tshell][cpc_csi_rx_power_on:633]E id: 2
[22:50:10.447] RX< [4] [cam] [73228][tshell][cpc_csi_rx_power_on:644]csi_2 has already power on, STATUS: 1
[22:50:10.447] RX< [6] [cam] [73228][tshell][cpc_update_clock:603]actual SNS mclk: 24MHz
[22:50:10.447] RX< [6] [cam] 
[22:50:10.453] RX< [73228][tshell][cpc_update_clock:608]actual MIPI0: 500MHz
[22:50:10.453] RX< [6] [cam] [73229][tshell][cpc_update_clock:598]actual LITE clk: 50MHz
[22:50:10.453] RX< [7] [cam] [73229][tshell][cam_prelude_open:297][34msnsOpen camID1 csiID0 phyIdx0[0m
[22:50:10.453] RX< [6] [cam] [73233][tshell][sensor_expo_gai
[22:50:10.453] RX< n_match:48]sensor get sensor expo gain of imx681_vst
[22:50:10.453] RX< [6] [cam] [73233][tshell][sensor_open:684]sensor [1] open OK.
[22:50:10.453] RX< [6] [cam] [73234][tshell][cam_cpm_parse_media:275]photo scenario, media para[mfnr:0, hdr:0, capture_num:0]
[22:50:10.453] RX< [6] [cam] [73234][tshell][cam_cpm
[22:50:10.455] RX< _parse_media:278]photo scenario, media para[iso:0, gain:0, wb_mode:0]
[22:50:10.455] RX< [6] [cam] [73235][tshell][csc_isp_clk_cal:355]FE CLK cal: 426MHz, ME CLK cal: 462MHz, FE/ME CLK cal: 508MHz
[22:50:10.455] RX< [6] [cam] [73235][tshell][csc_isp_clk_cal:364]BE CLK cal: 401MHz
[22:50:10.455] RX< [4] [cam] [
[22:50:10.456] RX< 73236][tshell][cam_fe_core_power_on:269]fe pipe has already power on, STATUS: 1
[22:50:10.456] RX< [6] [cam] [73236][tshell][cpc_update_clock:588]actual FE/ME clk: 550MHz
[22:50:10.456] RX< [4] [cam] [73237][tshell][cam_be_core_power_on:1028]be pipe has already power on, STATUS: 1
[22:50:10.456] RX< [6] [cam] [
[22:50:10.459] RX< 73237][tshell][cpc_update_clock:593]actual BE clk: 500MHz
[22:50:10.459] RX< [7] [cam] [73238][tshell][cam_cpm_core_power_on:435]id,0 type,1 ret 0
[22:50:10.459] RX< [6] [cam] [73238][tshell][cam_cpm_core_init:1017]E id,0 sensor type,1
[22:50:10.459] RX< [6] [cam] [73239][tshell][cpm_core_check_tuningbin:957]T
[22:50:10.459] RX< uning bin crc check PASS! sum 0xfa5abf97, xor 0x6a6c89c1
[22:50:10.459] RX< [6] [cam] [73239][tshell][qpc_tuning_check_iqbin_validness:396]IQ bin addr: 0x8869de60, project_name: capture_12M
[22:50:10.459] RX< [6] [cam] [73240][tshell][qpc_tuning_check_iqbin_validness:397]total_size: 108928
[22:50:10.459] RX< [6
[22:50:10.462] RX< ] [cam] [73241][tshell][qpc_tuning_check_iqbin_validness:398]id_count: 93. ID_TOTAL: 94
[22:50:10.462] RX< [6] [cam] [73241][tshell][qpc_tuning_check_iqbin_validness:399]spinel tuning data ver: V1.30
[22:50:10.462] RX< [6] [cam] [73241][tshell][cpm_core_check_tuningbin:971]IQ bin check succes
[22:50:10.462] RX< s!
[22:50:10.462] RX< [6] [cam] [73242][tshell][cam_bm_core_init:94]E
[22:50:10.462] RX< [6] [cam] [73242][tshell][bm_lab_init:174]X ctx size 4 addr 0x884b9958
[22:50:10.462] RX< [6] [cam] [73243][tshell][cam_bm_core_init:114]X ctx size 180 addr 0x884db8f0
[22:50:10.462] RX< [6] [cam] [73243][tshell][qpc_core_init:1299]E id,0
[22:50:10.462] RX< [
[22:50:10.469] RX< 6] [cam] [73244][tshell][qpc_queue_init:65]QPC init qnodes 8, size 508, pool 0x884dbf08
[22:50:10.469] RX< [6] [cam] [73244][tshell][_qpc_get_cap_cfg_para:900]preset capCfg 200 3 5
[22:50:10.469] RX< [7] [cam] [73245][tshell][_qpc_cfg_hdr_frms:848]hdr preset - gainThres 1600
[22:50:10.469] RX< FrmNB:	TNR	|EV-	|
[22:50:10.469] RX< EV0	|EV+
[22:50:10.469] RX< LDR:	 0	| 1	| -	| 5
[22:50:10.469] RX< LLLDR:	 0	| 1	| -	| 5
[22:50:10.469] RX< HDR:	 0	| 1	| 5	| 3
[22:50:10.469] RX< LLHDR:	 0	| 1	| 5	| 3
[22:50:10.469] RX< 
[22:50:10.469] RX< [6] [cam] [73250][tshell][qpc_core_init:1347]X ctx size 1288 addr 0x884db9b8
[22:50:10.469] RX< [6] [cam] [73250][tshell][cpm_core_get_param:764]cpm para chk: tunBin-w 4000 h 3000 i
[22:50:10.473] RX< mg-w 4032 h 3024
[22:50:10.473] RX< [6] [cam] [73251][tshell][cam_fe_core_init:436]E id,0
[22:50:10.473] RX< [6] [cam] [73251][tshell][cam_fe_core_init:490]X ctx size 96 addr 0x884ecc48
[22:50:10.473] RX< [7] [cam] [73252][tshell][qpc_core_fe_chords_init:1763][34mqpc fe init snsOut w 4032 h 3024, tbl w 28 h 2
[22:50:10.473] RX< 0[0m
[22:50:10.473] RX< [6] [cam] [73252][tshell][cam_me_core_init:1523]X ctx size 1352 addr 0x884eeff8
[22:50:10.473] RX< [34m[ME SLICE CFG] perf=1425(us)!
[22:50:10.473] RX< [0m[6] [cam] [73255][tshell][cam_bayer_fe_3a_stats_core_init:445]fe 3a id,0
[22:50:10.473] RX< [6] [cam] [73255][tshell][cam_bayer_fe_3a_stats_core_ini
[22:50:10.476] RX< t:490]X ctx size 132 addr 0x884f7a18
[22:50:10.476] RX< [6] [cam] [73255][tshell][cam_be_core_init:621]E id,0
[22:50:10.476] RX< [7] [cam] [73256][be0][be_core_irq_proc:270]thread start cid,0
[22:50:10.476] RX< [6] [cam] [73256][tshell][cam_be_core_init:716]X ctx size 472 addr 0x884f7da8
[22:50:10.476] RX< [6] [cam] [73257][tshe
[22:50:10.476] RX< ll][cam_lite_core_init:433]E id,0
[22:50:10.476] RX< [7] [cam] [73257][lite0][lite_core_irq_proc:152]thread start cid,0
[22:50:10.476] RX< [6] [cam] [73257][tshell][cam_lite_core_init:497]X ctx size 164 addr 0x884fa7f8
[22:50:10.476] RX< [6] [cam] [73257][tshell][awb_wrapper_init:66]xxx awb_bin=0x884de5f4, awb_
[22:50:10.480] RX< bin_length=8068
[22:50:10.480] RX< [6] [cam] [73258][tshell][awb_wrapper_init:86]X algo_handle 0x88502840
[22:50:10.480] RX< [7] [cam] [73258][awb0][a5_core_wrapper_task:252]thread start cid,0 algo type,2
[22:50:10.480] RX< [6] [cam] [73259][tshell][a5_core_init_task:426]thread created: awb0 mq=0x88504900 thre
[22:50:10.481] RX< ad=0x88504a18 sem=0x88504890 ret=0
[22:50:10.481] RX< [6] [cam] [73259][tshell][bayer_ae_wrapper_init:68]E id,0 proc mode 1 
[22:50:10.481] RX< 
[22:50:10.481] RX< [AEC Proc] @[allib_ae_set_debug_log_flag] Line:129:[DEBUG] debug level/to_file/to_terminal: 22/1/1
[22:50:10.481] RX< [AEC Proc] @[AeInit] Line:377:[INFO] AE ver: 2026
[22:50:10.483] RX< _V2.269
[22:50:10.483] RX< 
[22:50:10.483] RX< [AEC Proc] @[allib_ae_loadfunc] Line:193:[INFO] camera ID: 0
[22:50:10.483] RX< [AEC Proc] @[AeInit] Line:404:[DEBUG] init imu detector sucessed!
[22:50:10.483] RX< [AEC Proc] @[AeInit] Line:406:[DEBUG] imu init errcode:0
[22:50:10.483] RX< [AEC Proc] @[alAE_set_param] Line:576:[DEBUG] sw_maxtime 3304
[22:50:10.483] RX< 4 ,pertline 9444, after check sensor step sw_max_time 33039.00
[22:50:10.483] RX< [AEC Proc] @[alAE_set_param] Line:581:[DEBUG] sw_mintime 37 ,pertline 9444, after check sensor step sw_min_time 36.00
[22:50:10.483] RX< [AEC Proc] @[alAE_set_param] Line:514:[DEBUG] DEBUG minbv exptime 9 gain 1
[22:50:10.486] RX< 00, minExpBV 14098
[22:50:10.486] RX< [AEC Proc] @[AeTuningParseSet] Line:167:[DEBUG] aeparam version 2.268 60818
[22:50:10.486] RX< [AEC Proc] @[alAE_set_param] Line:341:[DEBUG] INITEXP gain 100, shutter 8000, midtonegain 100, bv 4303
[22:50:10.486] RX< [6] [cam] [73267][tshell][bayer_ae_wrapper_init:119]X tl
[22:50:10.486] RX< ine 9444 max_exp 33044 alg_hdl 0x885071c8 
[22:50:10.486] RX< [7] [cam] [73267][b_ae0][a5_core_wrapper_task:252]thread start cid,0 algo type,0
[22:50:10.486] RX< [6] [cam] [73268][tshell][a5_core_init_task:426]thread created: b_ae0 mq=0x8850e0e8 thread=0x8850e200 sem=0x8850e078 ret=0
[22:50:10.486] RX< [6] [cam
[22:50:10.489] RX< ] [73268][tshell][atf_wrapper_init:67]E id,0
[22:50:10.489] RX< [6] [cam] [73269][tshell][atf_wrapper_init:107]X alg_ctx addr 0x885106c0
[22:50:10.489] RX< [7] [cam] [73269][atf0][a5_core_wrapper_task:252]thread start cid,0 algo type,1
[22:50:10.489] RX< [6] [cam] [73270][tshell][a5_core_init_task:426]thread c
[22:50:10.489] RX< reated: atf0 mq=0x88512a18 thread=0x88512b30 sem=0x885129a8 ret=0
[22:50:10.489] RX< [6] [cam] [73270][tshell][cam_cpm_core_init:1149]X ctx size 1096 addr 0x884db498
[22:50:10.489] RX< [6] [cam] [73271][tshell][csc_open:599]ok! phys_id[1], phys_num[1] 
[22:50:10.489] RX< [6] [cam] [73271][tshell][cam_open:738]o
[22:50:10.496] RX< pen ok! camera_id[0]
[22:50:10.496] RX< [34m[cam open] perf=48904(us)!
[22:50:10.496] RX< [0m[6] [App Cam] cam open success
[22:50:10.496] RX< [6] [cam] [73277][tshell][csc_init:722]sensor info:size:4032x3024, formt: 0x2b, bps: 2496, tline: 9444
[22:50:10.496] RX< [6] [cam] [73277][tshell][cam_sif_mgr_init:261]E id,0
[22:50:10.496] RX< [7] [cam
[22:50:10.497] RX< ] [73278][sif0][sif_irq_proc:151]thread start cid,0
[22:50:10.497] RX< [6] [cam] [73278][tshell][cam_sif_mgr_init:293]X ctx size 52 addr 0x8852bc38
[22:50:10.497] RX< [7] [cam] [73279][tshell][sif_btm_paramSet:102]btm lite w4032 h3024 binEn1 binRatio2
[22:50:10.497] RX< [7] [cam] [73279][tshell][sif_btm_paramSe
[22:50:10.502] RX< t:106]cropSlct2 x0 y0 w4032 h4032
[22:50:10.502] RX< [6] [cam] [73279][tshell][cam_prelude_init_cfg:368]CSI ID is 0,  phy lanes is 2.
[22:50:10.502] RX< [7] [cam] [73280][tshell][check_phy_ready:96]MIPI_PHY[0] is ready
[22:50:10.502] RX< [6] [cam] [73280][tshell][sensor_init:348]sensor [1]: register ok
[22:50:10.502] RX< [6] [ca
[22:50:10.508] RX< m] [73280][tshell][sensor_set_mode:887]sensor [1]: SetMode -> mode = 0.
[22:50:10.508] RX< [6] [cam] [73281][tshell][sensor_send_reg_tab_to_sensor:705]sensor [1]: send_reg_tab_to_sensor E.
[22:50:10.508] RX< [6] [cam] [73284][tshell][sensor_send_reg_tab_to_sensor:751]sensor [1]: reg_count = 7
[22:50:10.508] RX< 7.
[22:50:10.508] RX< [6] [cam] [73285][tshell][sensor_init:361]sensor [1]: init success.
[22:50:10.508] RX< [6] [cam] [73285][tshell][sensor_set_mode:887]sensor [1]: SetMode -> mode = 1.
[22:50:10.508] RX< [6] [cam] [73285][tshell][sensor_send_reg_tab_to_sensor:705]sensor [1]: send_reg_tab_to_sensor E.
[22:50:10.508] RX< [6] [ca
[22:50:10.511] RX< m] [73289][tshell][sensor_send_reg_tab_to_sensor:751]sensor [1]: reg_count = 84.
[22:50:10.511] RX< [6] [cam] [73290][tshell][csc_init:731]ok! phys_id[1], phys_num[1]
[22:50:10.511] RX< [6] [cam] [73290][tshell][csc_get_bayer_single_buffer:1148]scenario_type: 1
[22:50:10.511] RX< [6] [cam] [73290][tshell][csc_s
[22:50:10.511] RX< et_stats_fmt:98]index 0 w 1 h 1 bw 8 wcmp 255
[22:50:10.511] RX< [7] [cam] [73291][tshell][bm_ioctl:201]BMIOC_STATS_FMT
[22:50:10.511] RX< [6] [cam] [73291][tshell][csc_set_fe_fmt:47]index 1 w 4032 h 3024 bw 10 wcmp 0
[22:50:10.511] RX< [7] [cam] [73292][tshell][bm_ioctl:201]BMIOC_FE_FMT
[22:50:10.511] RX< [6] [cam] [73292][tshe
[22:50:10.513] RX< ll][csc_set_lite_fmt:115]index 2 w 1008 h 720 bw 8 wcmp 255
[22:50:10.513] RX< [7] [cam] [73293][tshell][bm_ioctl:201]BMIOC_LITE_FMT
[22:50:10.513] RX< [6] [cam] [73293][tshell][csc_set_lite_fmt:115]index 21 w 1008 h 720 bw 8 wcmp 255
[22:50:10.513] RX< [7] [cam] [73293][tshell][bm_ioctl:201]BMIOC_LITE_FMT
[22:50:10.513] RX< [6]
[22:50:10.514] RX<  [cam] [73294][tshell][csc_set_be_fmt:81]index 25 w 0 h 0 bw 8 wcmp 255
[22:50:10.514] RX< [7] [cam] [73294][tshell][bm_ioctl:201]BMIOC_BE_FMT
[22:50:10.514] RX< [6] [cam] [73294][tshell][csc_set_be_fmt:81]index 22 w 480 h 360 bw 8 wcmp 255
[22:50:10.514] RX< [7] [cam] [73295][tshell][bm_ioctl:201]BMIOC_BE_FMT
[22:50:10.516] RX< 
[22:50:10.516] RX< [6] [cam] [73295][tshell][csc_set_me_fmt:64]index 5 w 3024 h 4032 bw 10 wcmp 0, rdma_addr 0x8945f400, wdma_addr 0x8945f400
[22:50:10.516] RX< [7] [cam] [73296][tshell][bm_ioctl:201]BMIOC_ME_FMT
[22:50:10.516] RX< [6] [cam] [73296][tshell][csc_set_me_fmt:64]index 6 w 3024 h 4032 bw 8 wcmp 255
[22:50:10.516] RX< , rdma_addr 0x8a247700, wdma_addr 0x8c000000
[22:50:10.516] RX< [6] [cam] [73297][tshell][cam_me_core_buffer_cfg:1416]
[22:50:10.516] RX< ----ME PIPE INFO---
[22:50:10.516] RX<  wdma_buf_num:1, rotation_en: 1
[22:50:10.516] RX< [7] [cam] [73297][tshell][cam_me_core_buffer_cfg:1424]yuv wdma_addr 0:0x8c000000, meta_en: 0, 0x0000000
[22:50:10.519] RX< 0
[22:50:10.519] RX< [7] [cam] [73298][tshell][bm_ioctl:201]BMIOC_ME_FMT
[22:50:10.519] RX< [6] [cam] [73298][tshell][csc_init:739]get otp ok! phys_id[1], phys_num[1]
[22:50:10.519] RX< [6] [cam] [73299][tshell][cam_init:828]init ok! logic_id[0]
[22:50:10.519] RX< [34m[cam init] perf=21812(us)!
[22:50:10.519] RX< [0m[6] [App Cam] cam init succe
[22:50:10.519] RX< ss
[22:50:10.519] RX< [7] [cam] [73299][tshell][cam_cpm_core_stream_on:560]id 0 sensor type 1
[22:50:10.519] RX< [6] [cam] [73300][tshell][sensor_stream_on:1024]sensor [1]: stream_on
[22:50:10.519] RX< [6] [cam] [73300][tshell][sensor_stream_on:1052]sensor [1]: REG: 0x100, W:0x1.
[22:50:10.519] RX< [6] [cam] [73301][tshell][sens
[22:50:10.536] RX< or_stream_on:1054]sensor [1]: REG: 0x100, R:0x1.
[22:50:10.536] RX< [6] [cam] [73301][tshell][csc_prv_start:873]ok! phys_id[1], phys_num[1], cam_ids[1]
[22:50:10.536] RX< [6] [cam] [73302][tshell][cam_start:938]preview start ok! logic_id[0]
[22:50:10.536] RX< [34m[cam start] perf=2327(us)!
[22:50:10.536] RX< [0m[6] [App Cam] c
[22:50:10.536] RX< am start success
[22:50:10.536] RX< [6] [App Dfs] Gravity_XR Capture Start
[22:50:10.536] RX< msh /emmc>echo "__EVBTES[7] [cam] [73303][b_3a_sts][bayer_stats_core_irq_proc:164]thread start cid,0
[22:50:10.536] RX< [7] [cam] [73303][fe0][fe_core_irq_proc:98]thread start cid,0
[22:50:10.536] RX< T_END_a9bba643__"
[22:50:10.536] RX< __EVBTEST_END_a9bb
[22:50:10.628] TX> dfs_capture_start
[22:50:10.628] TX> echo "__EVBTEST_END_a9bba643__"
[22:50:11.044] RX< a643__
[22:50:11.044] RX< msh /emmc>[34m[AE] fid=0,exp=9999,adg=350,Y=1516,mtg=100,shg=100,bgbv=2242,iso=350,cnv0,hdr0
[22:50:11.044] RX< [0m[34m[b_ae0 proc] perf=2732(us), max=2732(us)!
[22:50:11.044] RX< [0m[34m[awb0 proc] perf=1304(us), max=1304(us)!
[22:50:11.044] RX< [0m[34m[AE conv] fid=14,exp=14121,adg=400,Y=5756,mt
[22:50:11.044] RX< g=480,shg=100,bgbv=1552,iso=400,cnv1,hdr1
[22:50:11.044] RX< [0m[7] [cam] [73808][fe0][_qpc_hdr_rslt_chk:1668]
[22:50:11.044] RX< ALG: EV0 t14121 g400 | EV+ t14121 g400 | EV- t10566 g107
[22:50:11.044] RX< [6] [cam] [73809][fe0][qpc_core_hdr_mapExp_cfg:1736]evMapExp set OK, typ:2 1 FF num:5 1 0
[22:50:11.044] RX< [34m[cap] FE 
[22:50:11.124] RX< sync ME @fid14 as mod2 cfg0x01, cap 6frms @fid+2
[22:50:11.124] RX< [0m[7] [cam] [73811][qpc0][qpc_core_hdr_upd_sensor:559][HDRupd]: Sns cap-0 EV:0->2 st-14121 ag-400
[22:50:11.124] RX< [7] [cam] [73857][qpc0][qpc_core_hdr_upd_me:613][HDRupd] ME cap-0 EV:0->2, dg-100
[22:50:11.124] RX< [7] [JPEG] frame num=6, 
[22:50:11.140] RX< pre frame=1106830 Bytes
[22:50:11.140] RX< [exif] oFrm 0 evP 0 evM -226 bv 1551 exp 14121 iso 400 time 73863
[22:50:11.140] RX< [6] [cam] [73878][fe0][_cpm_cb_jpegInfo_proc:618]SnapStream E @ frm17!
[22:50:11.140] RX< [6] [cam] [73891][me0][cpm_cb_fe2me_tikChk:152]frm_length 33329us, fe2me delta 15
[22:50:11.140] RX< [32m[BE] fi
[22:50:11.277] RX< d=0, perf=5525(us), max=5525(us)!
[22:50:11.277] RX< [0m[34m[cap] fid: me0 fe18, perf=621439(us)!
[22:50:11.277] RX< [0m[7] [cam] [73923][me0][me_core_thread:359]ME out fid 0
[22:50:11.277] RX< [7] [cam] [73980][qpc0][qpc_core_hdr_upd_sensor:559][HDRupd]: Sns cap-5 EV:2->1 st-10566 ag-107
[22:50:11.277] RX< [exif] oFrm 5 evP 0
[22:50:11.572] RX<  evM -226 bv 1551 exp 10566 iso 107 time 74033
[22:50:11.572] RX< [6] [cam] [74077][fe0][_cpm_cb_jpegInfo_proc:626]SnapStream X @ frm23!
[22:50:11.572] RX< [34m[cap] fid: me5 fe23, perf=33558(us)!
[22:50:11.572] RX< [0m[34m[AE] fid=30,exp=33039,adg=1600,Y=6836,mtg=385,shg=100,bgbv=-2578,iso=2988,cnv1,hdr1
[22:50:11.572] RX< [0
[22:50:11.744] RX< m[6] [App Dfs] Gravity_XR Capture Stop Success: total frames = 6
[22:50:11.744] RX< [6] [cam] [74524][DfsSend][sensor_stream_off:1188]sensor [1]: stream_off
[22:50:11.744] RX< [6] [cam] [74524][DfsSend][sensor_stream_off:1217]sensor [1]: REG: 0x100, W:0x0.
[22:50:11.744] RX< [6] [cam] [74524][DfsSend][sensor_st
[22:50:11.747] RX< ream_off:1219]sensor [1]: REG: 0x100, R:0x0.
[22:50:11.747] RX< [6] [cam] [74525][DfsSend][csc_prv_stop:983]ok! phys_id[1], phys_num[1], stop_type = 0
[22:50:11.747] RX< [6] [cam] [74525][DfsSend][cam_stop:1058]preview stop ok! logic_id[0]
[22:50:11.747] RX< [34m[cam stop] perf=2370(us)!
[22:50:11.747] RX< [0m[6] [App Cam] cam
[22:50:11.747] RX<  stop success
[22:50:11.747] RX< [7] [cam] [74526][DfsSend][cam_cpm_core_power_off:467]id,0 type,1 ret 0
[22:50:11.747] RX< [6] [cam] [74526][sif0][sif_irq_proc:174]thread release cid,0
[22:50:11.747] RX< [6] [cam] [74527][DfsSend][cam_sif_mgr_deinit:316]X
[22:50:11.747] RX< [6] [cam] [74527][DfsSend][cam_deinit:887]deinit ok! l
[22:50:11.749] RX< ogic_id[0]
[22:50:11.749] RX< [34m[cam deinit] perf=1398(us)!
[22:50:11.749] RX< [0m[6] [App Cam] cam deinit success
[22:50:11.749] RX< [6] [cam] [74528][DfsSend][sensor_close:1292]sensor [1]: close!
[22:50:11.749] RX< [6] [cam] [74529][DfsSend][cam_bm_core_deinit:136]X
[22:50:11.749] RX< [INFO]	cpm[0] snsType1 capMod2 cfg0x01 6frms
[22:50:11.749] RX< [6] [cam] [
[22:50:11.749] RX< 74529][be0][be_core_irq_proc:329]thread release cid,0
[22:50:11.749] RX< [6] [cam] [74529][DfsSend][cam_be_core_deinit:793]X
[22:50:11.749] RX< [6] [cam] [74530][me0][me_core_thread:404]thread release cid,0
[22:50:11.749] RX< [6] [cam] [74530][DfsSend][cam_me_core_deinit:1551]X
[22:50:11.749] RX< [6] [cam] [74530][fe0][fe_core_i
[22:50:11.752] RX< rq_proc:121]thread release cid,0
[22:50:11.752] RX< [6] [cam] [74531][DfsSend][cam_fe_core_deinit:536]X
[22:50:11.752] RX< [6] [cam] [74531][b_3a_sts][bayer_stats_core_irq_proc:193]thread release cid,0
[22:50:11.752] RX< [6] [cam] [74531][DfsSend][cam_bayer_stats_core_deinit:512]X
[22:50:11.752] RX< [6] [cam] [74532][lite0][lite
[22:50:11.752] RX< _core_irq_proc:190]thread release cid,0
[22:50:11.752] RX< [6] [cam] [74532][DfsSend][cam_lite_core_deinit:556]X
[22:50:11.752] RX< [6] [cam] [74533][b_ae0][a5_core_wrapper_task:315]thread release cid,0,algo,0
[22:50:11.752] RX< [6] [cam] [74533][DfsSend][bayer_ae_wrapper_deinit:204]X
[22:50:11.752] RX< [6] [cam] [74533][atf0][a
[22:50:11.755] RX< 5_core_wrapper_task:315]thread release cid,0,algo,1
[22:50:11.755] RX< [6] [cam] [74533][DfsSend][atf_wrapper_deinit:153]X
[22:50:11.755] RX< [6] [cam] [74534][awb0][a5_core_wrapper_task:315]thread release cid,0,algo,2
[22:50:11.755] RX< [6] [cam] [74534][DfsSend][awb_wrapper_deinit:153]X
[22:50:11.755] RX< [6] [cam] [74535][Dfs
[22:50:11.755] RX< Send][cam_5a_core_deinit:555]X
[22:50:11.755] RX< [6] [cam] [74535][DfsSend][cam_5a_inf_deinit:149]X
[22:50:11.755] RX< [6] [cam] [74535][qpc0][qpc_core_msg_proc:705]thread release cid,0
[22:50:11.755] RX< [6] [cam] [74536][DfsSend][qpc_core_deinit:1413]X
[22:50:11.755] RX< [6] [cam] [74536][DfsSend][cam_cpm_core_deinit:1248]X
[22:50:11.755] RX< [
[22:50:11.763] RX< 6] [cam] [74536][DfsSend][csc_close:656]ok! phys_id[1], phys_num[1]
[22:50:11.763] RX< [7] [cam] [74537][cer0][cer_recovery_proc:352]msg type = 254
[22:50:11.763] RX< [6] [cam] [74537][cer0][cer_recovery_proc:454]thread release cid,0
[22:50:11.763] RX< [6] [cam] [74537][DfsSend][cer_deinit:560]X
[22:50:11.763] RX< [6] [cam] [745
[22:50:11.764] RX< 38][DfsSend][cam_close:789]close ok! logic_id[0]
[22:50:11.764] RX< [34m[cam close] perf=9856(us)!
[22:50:11.764] RX< [0m[6] [App Cam] cam close success
[22:50:11.764] RX< [6] [cam] [74538][cpl0][cam_prelude_proc_routine:136]thread release
[22:50:11.764] RX< [6] [cam] [74539][DfsSend][cam_exit:571]exit ok!
[22:50:11.764] RX< [34m[cam exit] per
[22:50:13.767] RX< f=652(us)!
[22:50:13.767] RX< [0m[6] [App Cam] cam exit success
[22:50:13.767] RX< [6] [App Cam] jpeg deinit success
[22:50:13.767] RX< [6] [App Dfs] Save Photo Successful: /emmc/PIC/20260101_000113_3302/
[22:50:13.767] RX< [6] [App Dfs] Capture completed successfully.
[22:50:16.598] TX> cam_set video 1080p
[22:50:16.598] TX> echo "__EVBTEST_END_c7ba9c3f__"
[22:50:17.771] RX< cam_set video 1080p
[22:50:17.771] RX< [6] [App Dfs] w(1920) * h(1080) is 1080p, eis 1
[22:50:17.771] RX< msh /emmc>echo "__EVBTEST_END_c7ba9c3f__"
[22:50:17.771] RX< __EVBTEST_END_c7ba9c3f__
[22:50:17.771] RX< msh /emmc>
[22:50:17.900] RX< dfs_video_start
[22:50:17.900] RX< [7] [cam] [80676][tshell][cgm_parse_bin:104]total logical camera num: 1
[22:50:17.900] RX< [6] [cam] [80676][tshell][cam_prelude_create:187]E id, 0
[22:50:17.900] RX< [7] [cam] [80676][cpl0][cam_prelude_proc_routine:101]thread start
[22:50:17.900] RX< [6] [cam] [80676][tshell][cam_prelude_create
[22:50:17.900] RX< :214]X ctx size 132 addr 0x884de838
[22:50:17.900] RX< [6] [cam] [80681][tshell][sensor_probe:418]sensor [1]: identifing 0 success.
[22:50:17.900] RX< [6] [cam] [80681][tshell][sensor_probe:441]sensor [1]: probe exit!
[22:50:17.900] RX< [6] [cam] [80681][tshell][cam_prelude_fast_probe:251]cam: 0 probe result: 0
[22:50:17.903] RX< 
[22:50:17.903] RX< [6] [cam] [80682][tshell][cgm_parse_bin:218]cam(0) probe success
[22:50:17.903] RX< [6] [cam] [80682][tshell][cam_entry:455]entry ok
[22:50:17.903] RX< [34m[cam entry] perf=7218(us)!
[22:50:17.903] RX< [0m[6] [App Cam] cam entry success
[22:50:17.903] RX< [7] [cam] [80683][tshell][cam_solve_layout:350][mLayout] param OK, sce
[22:50:17.905] RX< n3 iw4032 ih2268 ow1920 oh1080 gdc 0x1
[22:50:17.905] RX< [36m[mLayout] scen03 in=4032x2268,out=1920x1080 meRot1 stripe0 gdcOn1
[22:50:17.905] RX< [0m[36m[mLayout] scen03 14entries solved status=OK retry=0 rtmp=enabled (cursor0=0x8a00f210 cursor1=0x88e20aa0, ch0/1/2 cnt=5/3/1)
[22:50:17.905] RX< [0m[7] [cam
[22:50:17.906] RX< ] [80684][tshell][cam_solve_layout:377]
[22:50:17.906] RX< [mLayout] out vol 0x8c000000 rBuf 0x8a5e5400 sz 0xd00000 wBuf 0x89700000 sz 0x900000
[22:50:17.906] RX<           rtmp tBuf 0x8a10f210 sz 0x80000 aBuf 0x8a08f210 sz 0x80000
[22:50:17.906] RX<        alg EIS buf 0x8a00f210
[22:50:17.906] RX< [7] [cam] [80686][tshell][cam
[22:50:17.908] RX< _solve_layout:397]Solve Scen3 layout Done!
[22:50:17.908] RX< [6] [cam] [80686][tshell][cgm_parse_media_para:274]phy cam num: 1
[22:50:17.908] RX< [7] [cam] [80687][cer0][cer_recovery_proc:343]thread start cid, 0
[22:50:17.908] RX< [6] [cam] [80687][tshell][csc_open:499]SENSOR MCLK cal: 24MHz
[22:50:17.908] RX< [6] [cam] [80688]
[22:50:17.908] RX< [tshell][csc_isp_clk_cal:344]MIPI CLK cal: 277MHz
[22:50:17.908] RX< [6] [cam] [80688][tshell][csc_isp_clk_cal:374]LITE CLK cal: 25MHz
[22:50:17.908] RX< [7] [cam] [80688][tshell][cpc_csi_rx_power_on:633]E id: 2
[22:50:17.908] RX< [4] [cam] [80689][tshell][cpc_csi_rx_power_on:644]csi_2 has already power on, STA
[22:50:17.913] RX< TUS: 1
[22:50:17.913] RX< [6] [cam] [80689][tshell][cpc_update_clock:603]actual SNS mclk: 24MHz
[22:50:17.913] RX< [6] [cam] [80689][tshell][cpc_update_clock:608]actual MIPI0: 300MHz
[22:50:17.913] RX< [6] [cam] [80690][tshell][cpc_update_clock:598]actual LITE clk: 25MHz
[22:50:17.913] RX< [7] [cam] [80690][tshell][cam_prelude_o
[22:50:17.914] RX< pen:297][34msnsOpen camID1 csiID0 phyIdx0[0m
[22:50:17.914] RX< [6] [cam] [80694][tshell][sensor_expo_gain_match:48]sensor get sensor expo gain of imx681_vst
[22:50:17.914] RX< [6] [cam] [80694][tshell][sensor_open:684]sensor [1] open OK.
[22:50:17.914] RX< [6] [cam] [80694][tshell][cam_cpm_parse_media:295]v
[22:50:17.916] RX< ideo scenario:3, media para[fps:0, mirror_en:0, flip_en:0]
[22:50:17.916] RX< [6] [cam] [80694][tshell][cam_cpm_parse_media:298]video scenario, media para[iso:0, gain:0, wb_mode:0]
[22:50:17.916] RX< [6] [cam] [80695][tshell][csc_isp_clk_cal:355]FE CLK cal: 373MHz, ME CLK cal: 371MHz, FE/ME C
[22:50:17.916] RX< LK cal: 410MHz
[22:50:17.916] RX< [6] [cam] [80696][tshell][csc_isp_clk_cal:364]BE CLK cal: 301MHz
[22:50:17.916] RX< [4] [cam] [80696][tshell][cam_fe_core_power_on:269]fe pipe has already power on, STATUS: 1
[22:50:17.916] RX< [6] [cam] [80697][tshell][cpc_update_clock:588]actual FE/ME clk: 500MHz
[22:50:17.916] RX< [4] [cam] [
[22:50:17.919] RX< 80697][tshell][cam_be_core_power_on:1028]be pipe has already power on, STATUS: 1
[22:50:17.919] RX< [6] [cam] [80697][tshell][cpc_update_clock:593]actual BE clk: 500MHz
[22:50:17.919] RX< [7] [cam] [80698][tshell][cam_cpm_core_power_on:435]id,0 type,1 ret 0
[22:50:17.919] RX< [6] [cam] [80698][tshell][cam_cpm_c
[22:50:17.920] RX< ore_init:1017]E id,0 sensor type,1
[22:50:17.920] RX< [6] [cam] [80700][tshell][cpm_core_check_tuningbin:957]Tuning bin crc check PASS! sum 0x17a5964, xor 0x87e82682
[22:50:17.920] RX< [6] [cam] [80700][tshell][qpc_tuning_check_iqbin_validness:396]IQ bin addr: 0x88646660, project_name: video_
[22:50:17.922] RX< 3M
[22:50:17.922] RX< [6] [cam] [80701][tshell][qpc_tuning_check_iqbin_validness:397]total_size: 94400
[22:50:17.922] RX< [6] [cam] [80701][tshell][qpc_tuning_check_iqbin_validness:398]id_count: 93. ID_TOTAL: 94
[22:50:17.922] RX< [6] [cam] [80702][tshell][qpc_tuning_check_iqbin_validness:399]spinel tuning dat
[22:50:17.922] RX< a ver: V1.30
[22:50:17.922] RX< [6] [cam] [80702][tshell][cpm_core_check_tuningbin:971]IQ bin check success!
[22:50:17.922] RX< [6] [cam] [80703][tshell][cam_bm_core_init:94]E
[22:50:17.922] RX< [6] [cam] [80703][tshell][bm_lab_init:174]X ctx size 4 addr 0x884b9950
[22:50:17.922] RX< [6] [cam] [80703][tshell][cam_bm_core_init:11
[22:50:17.936] RX< 4]X ctx size 180 addr 0x884c2678
[22:50:17.936] RX< [6] [cam] [80704][tshell][qpc_core_init:1299]E id,0
[22:50:17.936] RX< [6] [cam] [80704][tshell][qpc_queue_init:65]QPC init qnodes 8, size 508, pool 0x884df5d8
[22:50:17.936] RX< [7] [cam] [80704][tshell][_qpc_get_cap_cfg_para:896][fallback]preset capCfg 200 0
[22:50:17.937] RX<  0 invalid, use default
[22:50:17.937] RX< [7] [cam] [80705][tshell][_qpc_cfg_hdr_frms:840][fallback]preset hdrCfg 0 0 0 0 0 invalid, use default
[22:50:17.937] RX< [6] [cam] [80717][tshell][qpc_core_init:1347]X ctx size 1288 addr 0x884c2740
[22:50:17.937] RX< [6] [cam] [80717][tshell][cpm_core_get_param:764]cp
[22:50:17.940] RX< m para chk: tunBin-w 4032 h 2266 img-w 4032 h 2268
[22:50:17.940] RX< [6] [cam] [80718][tshell][cam_fe_core_init:436]E id,0
[22:50:17.940] RX< [6] [cam] [80718][tshell][cam_fe_core_init:490]X ctx size 96 addr 0x884c33f0
[22:50:17.940] RX< [7] [cam] [80719][tshell][qpc_core_fe_chords_init:1763][34mqpc fe init 
[22:50:17.940] RX< snsOut w 4032 h 2268, tbl w 28 h 20[0m
[22:50:17.940] RX< [6] [cam] [80719][tshell][cam_me_core_init:1523]X ctx size 1352 addr 0x884f1af0
[22:50:17.940] RX< [34m[ME SLICE CFG] perf=468(us)!
[22:50:17.940] RX< [0m[6] [cam] [80721][tshell][cam_bayer_fe_3a_stats_core_init:445]fe 3a id,0
[22:50:17.940] RX< [6] [cam] [80721][tshel
[22:50:17.942] RX< l][cam_bayer_fe_3a_stats_core_init:490]X ctx size 132 addr 0x884fa510
[22:50:17.942] RX< [6] [cam] [80721][tshell][cam_be_core_init:621]E id,0
[22:50:17.942] RX< [7] [cam] [80722][be0][be_core_irq_proc:270]thread start cid,0
[22:50:17.942] RX< [6] [cam] [80722][tshell][cam_be_core_init:716]X ctx size 472 addr 0
[22:50:17.943] RX< x884fa8a0
[22:50:17.943] RX< [6] [cam] [80723][tshell][awb_wrapper_init:66]xxx awb_bin=0x884e189c, awb_bin_length=8068
[22:50:17.943] RX< [6] [cam] [80723][tshell][awb_wrapper_init:86]X algo_handle 0x885017c8
[22:50:17.943] RX< [7] [cam] [80724][awb0][a5_core_wrapper_task:252]thread start cid,0 algo type,2
[22:50:17.943] RX< [6]
[22:50:17.947] RX<  [cam] [80724][tshell][a5_core_init_task:426]thread created: awb0 mq=0x88503888 thread=0x885039a0 sem=0x88503818 ret=0
[22:50:17.947] RX< [6] [cam] [80725][tshell][bayer_ae_wrapper_init:68]E id,0 proc mode 0 
[22:50:17.947] RX< 
[22:50:17.947] RX< [AEC Proc] @[allib_ae_set_debug_log_flag] Line:129:[DEBUG] debug
[22:50:17.947] RX<  level/to_file/to_terminal: 22/1/1
[22:50:17.947] RX< [AEC Proc] @[AeInit] Line:377:[INFO] AE ver: 2026_V2.269
[22:50:17.947] RX< 
[22:50:17.947] RX< [AEC Proc] @[allib_ae_loadfunc] Line:193:[INFO] camera ID: 0
[22:50:17.947] RX< [AEC Proc] @[alAE_set_param] Line:576:[DEBUG] sw_maxtime 33004 ,pertline 10800, after check sensor st
[22:50:17.950] RX< ep sw_max_time 33000.00
[22:50:17.950] RX< [AEC Proc] @[alAE_set_param] Line:581:[DEBUG] sw_mintime 43 ,pertline 10800, after check sensor step sw_min_time 40.00
[22:50:17.950] RX< [AEC Proc] @[alAE_set_param] Line:514:[DEBUG] DEBUG minbv exptime 11 gain 100, minExpBV 13810
[22:50:17.950] RX< [AEC Proc] @[AeTu
[22:50:17.950] RX< ningParseSet] Line:167:[DEBUG] aeparam version 2.268 60803
[22:50:17.950] RX< [AEC Proc] @[alAE_set_param] Line:341:[DEBUG] INITEXP gain 100, shutter 33242, midtonegain 100, bv 2247
[22:50:17.950] RX< [6] [cam] [80731][tshell][bayer_ae_wrapper_init:119]X tline 10800 max_exp 33004 alg_hdl 0x88
[22:50:17.952] RX< 506150 
[22:50:17.952] RX< [7] [cam] [80731][b_ae0][a5_core_wrapper_task:252]thread start cid,0 algo type,0
[22:50:17.952] RX< [6] [cam] [80732][tshell][a5_core_init_task:426]thread created: b_ae0 mq=0x88507200 thread=0x88507318 sem=0x88507190 ret=0
[22:50:17.952] RX< [6] [cam] [80732][tshell][atf_wrapper_init:
[22:50:17.953] RX< 67]E id,0
[22:50:17.953] RX< [6] [cam] [80733][tshell][atf_wrapper_init:107]X alg_ctx addr 0x885076f0
[22:50:17.953] RX< [7] [cam] [80733][atf0][a5_core_wrapper_task:252]thread start cid,0 algo type,1
[22:50:17.953] RX< [6] [cam] [80734][tshell][a5_core_init_task:426]thread created: atf0 mq=0x88507828 thread=0
[22:50:17.963] RX< x88507940 sem=0x885077b8 ret=0
[22:50:17.963] RX< [6] [cam] [80734][tshell][cam_cpm_core_init:1101]GDC enabled: video_eis=1, photo_warp=0
[22:50:17.963] RX< [6] [cam] [80743][tshell][cam_dewarp_init:333]table reg: enable:1, blockw:5, inw:1296, inh:2304, mapw:61, maph:35, outw:1920, outh:1080
[22:50:17.963] RX< [6] [cam] [80743][tshell][cam_dewarp_init:354]dewarp init: real-IMU consumer registered, reader=0x88507c40
[22:50:17.963] RX< [6] [cam] [80744][dwp0][dewarp_thread_entry:164]dewarp thread start, id=0
[22:50:17.963] RX< [6] [cam] [80744][tshell][cam_dewarp_init:379]EIS: dewarp init ok: dwp0 ei
[22:50:17.970] RX< s_ctx=0x8a00f210 table_size=12810 reg=61x35x5
[22:50:17.970] RX< [6] [cam] [80745][tshell][cam_cpm_core_init:1131]EIS: dewarp enabled, eis_ctx=0x8a00f210, eis_cfg=0x884c25c4
[22:50:17.970] RX< [6] [cam] [80745][tshell][cam_cpm_core_init:1149]X ctx size 1096 addr 0x884c2220
[22:50:17.970] RX< [6] [cam] [80746][
[22:50:17.970] RX< tshell][csc_open:599]ok! phys_id[1], phys_num[1] 
[22:50:17.970] RX< [6] [cam] [80746][tshell][cam_open:738]open ok! camera_id[0]
[22:50:17.970] RX< [34m[cam open] perf=63860(us)!
[22:50:17.970] RX< [0m[6] [App Cam] cam open success
[22:50:17.970] RX< [6] [cam] [80752][tshell][csc_init:722]sensor info:size:4032x2268, formt: 0x
[22:50:17.973] RX< 2b, bps: 1968, tline: 10800
[22:50:17.973] RX< [6] [cam] [80752][tshell][cam_sif_mgr_init:261]E id,0
[22:50:17.973] RX< [7] [cam] [80753][sif0][sif_irq_proc:151]thread start cid,0
[22:50:17.973] RX< [6] [cam] [80753][tshell][cam_sif_mgr_init:293]X ctx size 52 addr 0x88544660
[22:50:17.973] RX< [6] [cam] [80754][tshell][cam_prelu
[22:50:17.973] RX< de_init_cfg:368]CSI ID is 0,  phy lanes is 2.
[22:50:17.973] RX< [7] [cam] [80754][tshell][check_phy_ready:96]MIPI_PHY[0] is ready
[22:50:17.973] RX< [6] [cam] [80755][tshell][sensor_init:348]sensor [1]: register ok
[22:50:17.973] RX< [6] [cam] [80755][tshell][sensor_set_mode:887]sensor [1]: SetMode -> mode = 0
[22:50:17.974] TX> dfs_video_start
[22:50:17.974] TX> echo "__EVBTEST_END_0da7f2c6__"
[22:50:17.982] RX< .
[22:50:17.982] RX< [6] [cam] [80755][tshell][sensor_send_reg_tab_to_sensor:705]sensor [1]: send_reg_tab_to_sensor E.
[22:50:17.982] RX< [6] [cam] [80759][tshell][sensor_send_reg_tab_to_sensor:751]sensor [1]: reg_count = 77.
[22:50:17.982] RX< [6] [cam] [80759][tshell][sensor_init:361]sensor [1]: init success.
[22:50:17.984] RX< 
[22:50:17.984] RX< [6] [cam] [80759][tshell][sensor_set_mode:887]sensor [1]: SetMode -> mode = 3.
[22:50:17.984] RX< [6] [cam] [80760][tshell][sensor_send_reg_tab_to_sensor:705]sensor [1]: send_reg_tab_to_sensor E.
[22:50:17.984] RX< [6] [cam] [80764][tshell][sensor_send_reg_tab_to_sensor:751]sensor [1]: reg_c
[22:50:17.985] RX< ount = 83.
[22:50:17.985] RX< [6] [cam] [80764][tshell][csc_init:731]ok! phys_id[1], phys_num[1]
[22:50:17.985] RX< [6] [cam] [80764][tshell][csc_get_bayer_single_buffer:1148]scenario_type: 3
[22:50:17.985] RX< [6] [cam] [80765][tshell][csc_set_stats_fmt:98]index 0 w 1 h 1 bw 8 wcmp 255
[22:50:17.985] RX< [7] [cam] [80765][tshel
[22:50:17.987] RX< l][bm_ioctl:201]BMIOC_STATS_FMT
[22:50:17.987] RX< [6] [cam] [80765][tshell][csc_set_fe_fmt:47]index 1 w 4032 h 2268 bw 10 wcmp 0
[22:50:17.987] RX< [7] [cam] [80766][tshell][bm_ioctl:201]BMIOC_FE_FMT
[22:50:17.987] RX< [6] [cam] [80766][tshell][csc_set_me_fmt:64]index 5 w 2268 h 4032 bw 10 wcmp 0, rdma_addr 0x
[22:50:17.987] RX< 88e43800, wdma_addr 0x88e43800
[22:50:17.987] RX< [7] [cam] [80767][tshell][bm_ioctl:201]BMIOC_ME_FMT
[22:50:17.987] RX< [6] [cam] [80767][tshell][csc_set_video_fmt:1076]meta_addr: 0x8a18f240
[22:50:17.987] RX< [6] [cam] [80768][tshell][csc_set_me_fmt:64]index 6 w 1296 h 2304 bw 8 wcmp 0, rdma_addr 0x8b2e5400,
[22:50:17.990] RX<  wdma_addr 0x8a19fc00
[22:50:17.990] RX< [6] [cam] [80768][tshell][cam_me_core_buffer_cfg:1416]
[22:50:17.990] RX< ----ME PIPE INFO---
[22:50:17.990] RX<  wdma_buf_num:2, rotation_en: 1
[22:50:17.990] RX< [7] [cam] [80769][tshell][cam_me_core_buffer_cfg:1424]yuv wdma_addr 0:0x8a19fc00, meta_en: 1, 0x8a18f240
[22:50:17.990] RX< [7] [cam] [80769][t
[22:50:17.990] RX< shell][cam_me_core_buffer_cfg:1424]yuv wdma_addr 1:0x8a3c2800, meta_en: 1, 0x8a18f240
[22:50:17.990] RX< [7] [cam] [80770][tshell][bm_ioctl:201]BMIOC_ME_FMT
[22:50:17.990] RX< [6] [cam] [80770][tshell][csc_set_lite_fmt:115]index 13 w 400 h 400 bw 10 wcmp 255
[22:50:17.990] RX< [7] [cam] [80771][tshell][bm_ioct
[22:50:17.992] RX< l:201]BMIOC_LITE_FMT
[22:50:17.992] RX< [6] [cam] [80771][tshell][csc_set_lite_fmt:115]index 14 w 400 h 400 bw 10 wcmp 255
[22:50:17.992] RX< [7] [cam] [80772][tshell][bm_ioctl:201]BMIOC_LITE_FMT
[22:50:17.992] RX< [6] [cam] [80772][tshell][csc_set_be_fmt:81]index 7 w 1920 h 1080 bw 6 wcmp 0
[22:50:17.992] RX< [7] [cam] [80772][
[22:50:17.993] RX< tshell][bm_ioctl:201]BMIOC_BE_FMT
[22:50:17.993] RX< [6] [cam] [80773][tshell][csc_set_be_fmt:81]index 8 w 1920 h 1080 bw 8 wcmp 255
[22:50:17.993] RX< [7] [cam] [80773][tshell][bm_ioctl:201]BMIOC_BE_FMT
[22:50:17.993] RX< [6] [cam] [80773][tshell][cam_dewarp_set_table_base:480]dewarp table base updated: [0]=0x
[22:50:17.995] RX< 88e20aa0 [1]=0x88e32150
[22:50:17.995] RX< [6] [cam] [80774][tshell][cam_cpm_core_set_dewarp_table_base:1611]dewarp table base updated: [0]=0x88e20aa0 [1]=0x88e32150
[22:50:17.995] RX< [6] [cam] [80774][tshell][csc_init:739]get otp ok! phys_id[1], phys_num[1]
[22:50:17.995] RX< [6] [cam] [80775][tshell][cam_in
[22:50:17.996] RX< it:828]init ok! logic_id[0]
[22:50:17.996] RX< [34m[cam init] perf=23324(us)!
[22:50:17.996] RX< [0m[6] [App Cam] cam init success
[22:50:17.996] RX< [7] [cam] [80776][tshell][cam_cpm_core_stream_on:560]id 0 sensor type 1
[22:50:17.996] RX< [6] [cam] [80776][tshell][sensor_stream_on:1024]sensor [1]: stream_on
[22:50:17.996] RX< [6] [cam] [80777]
[22:50:18.014] RX< [tshell][sensor_stream_on:1052]sensor [1]: REG: 0x100, W:0x1.
[22:50:18.014] RX< [6] [cam] [80777][tshell][sensor_stream_on:1054]sensor [1]: REG: 0x100, R:0x1.
[22:50:18.014] RX< [6] [cam] [80777][tshell][csc_prv_start:873]ok! phys_id[1], phys_num[1], cam_ids[1]
[22:50:18.014] RX< [6] [cam] [80778][tshell][cam
[22:50:18.014] RX< _start:938]preview start ok! logic_id[0]
[22:50:18.014] RX< [34m[cam start] perf=2326(us)!
[22:50:18.014] RX< [0m[6] [App Cam] cam start success
[22:50:18.014] RX< [6] [App Dfs] Gravity_XR Record Start
[22:50:18.014] RX< msh /emmc>echo "__EVBTEST_END_0da7f2c6__"
[22:50:18.014] RX< __EVBTEST_END_0da7f2c6__
[22:50:18.014] RX< msh /emmc>[7] [cam] [80780][b_3a_sts][ba
[22:50:18.132] RX< yer_stats_core_irq_proc:164]thread start cid,0
[22:50:18.132] RX< [7] [cam] [80780][fe0][fe_core_irq_proc:98]thread start cid,0
[22:50:18.132] RX< [34m[AE] fid=0,exp=7290,adg=100,Y=5686,mtg=100,shg=100,bgbv=4412,iso=100,cnv0,hdr0
[22:50:18.132] RX< [0m[34m[b_ae0 proc] perf=2790(us), max=2790(us)!
[22:50:18.132] RX< [0m[34m[
[22:50:18.304] RX< awb0 proc] perf=1270(us), max=1270(us)!
[22:50:18.304] RX< [0m[7] [cam] [80912][me0][me_core_thread:359]ME out fid 0
[22:50:18.304] RX< [6] [cam] [80959][dwp0][cpm_cb_dewarp_handle:1411]EIS: dewarp done frm=0, buf_idx=0
[22:50:18.304] RX< [6] [cam] [81071][me0][cpm_cb_fe2me_tikChk:152]frm_length 88559us, fe2me 
[22:50:19.293] RX< delta 0
[22:50:19.293] RX< [34m[ME INTP]fid=0, shutter=7290, perf=790(us), max=790(us)!
[22:50:19.293] RX< [0m[32m[BE] fid=0, perf=7164(us), max=7164(us)!
[22:50:19.293] RX< [0m[6] [App Dfs] f_index = 0, f_len = 84592, cur_total_len = 84680
[22:50:19.293] RX< [34m[AE] fid=30,exp=10250,adg=300,Y=4607,mtg=180,shg=100,bgbv=1402,
[22:50:21.294] RX< iso=300,cnv2,hdr0
[22:50:21.294] RX< [0m[7] [cam] [82078][me0][me_core_thread:359]ME out fid 30
[22:50:21.294] RX< [34m[AE] fid=60,exp=10160,adg=300,Y=4578,mtg=180,shg=100,bgbv=1406,iso=300,cnv2,hdr0
[22:50:21.294] RX< [0m[7] [cam] [83078][me0][me_core_thread:359]ME out fid 60
[22:50:21.647] RX< [34m[AE] fid=90,exp=10160,adg=300,Y=4574,mtg=180,shg=100,bgbv=1402,iso=300,cnv2,hdr0
[22:50:21.647] RX< [0m[34m[b_ae0 proc] perf=391(us), max=2790(us)!
[22:50:21.647] RX< [0m[34m[awb0 proc] perf=1488(us), max=1588(us)!
[22:50:21.647] RX< [0m[7] [cam] [84077][me0][me_core_thread:359]ME out fid 90
[22:50:21.647] RX< [32m[BE]
[22:50:22.308] RX<  fid=90, perf=8782(us), max=8990(us)!
[22:50:22.308] RX< [0m[6] [App Dfs] f_index = 90, f_len = 162824, cur_total_len = 6808070
[22:50:22.308] RX< [34m[AE] fid=120,exp=10240,adg=300,Y=4554,mtg=180,shg=100,bgbv=1394,iso=300,cnv2,hdr0
[22:50:22.308] RX< [0m[7] [cam] [85077][me0][me_core_thread:359]ME out fid 12
[22:50:24.294] RX< 0
[22:50:24.294] RX< [34m[ME INTP]fid=120, shutter=10240, perf=3(us), max=3714(us)!
[22:50:24.294] RX< [0m[34m[AE] fid=150,exp=10230,adg=300,Y=4587,mtg=180,shg=100,bgbv=1398,iso=300,cnv2,hdr0
[22:50:24.294] RX< [0m[7] [cam] [86077][me0][me_core_thread:359]ME out fid 150
[22:50:24.294] RX< [34m[AE] fid=180,exp=10220,adg=300,Y=
[22:50:24.647] RX< 4600,mtg=180,shg=100,bgbv=1406,iso=300,cnv2,hdr0
[22:50:24.647] RX< [0m[34m[b_ae0 proc] perf=554(us), max=615(us)!
[22:50:24.647] RX< [0m[34m[awb0 proc] perf=1294(us), max=1761(us)!
[22:50:24.647] RX< [0m[7] [cam] [87077][me0][me_core_thread:359]ME out fid 180
[22:50:24.647] RX< [32m[BE] fid=180, perf=8744(us), max=8912(us)
[22:50:26.310] RX< !
[22:50:26.310] RX< [0m[6] [App Dfs] f_index = 180, f_len = 162024, cur_total_len = 6611499
[22:50:26.310] RX< [34m[AE] fid=210,exp=10220,adg=300,Y=4602,mtg=180,shg=100,bgbv=1406,iso=300,cnv2,hdr0
[22:50:26.310] RX< [0m[7] [cam] [88077][me0][me_core_thread:359]ME out fid 210
[22:50:26.310] RX< [34m[AE] fid=240,exp=10220,adg=3
[22:50:26.392] RX< 00,Y=4602,mtg=180,shg=100,bgbv=1406,iso=300,cnv2,hdr0
[22:50:26.392] RX< [0m[6] [cam] [89069][dwp0][cpm_cb_dewarp_handle:1411]EIS: dewarp done frm=240, buf_idx=0
[22:50:26.392] RX< [7] [cam] [89077][me0][me_core_thread:359]ME out fid 240
[22:50:26.392] RX< [34m[ME INTP]fid=240, shutter=10220, perf=4(us), max=5
[22:50:27.310] RX< 17(us)!
[22:50:27.310] RX< [0m[34m[AE] fid=270,exp=10220,adg=300,Y=4605,mtg=180,shg=100,bgbv=1406,iso=300,cnv2,hdr0
[22:50:27.310] RX< [0m[34m[b_ae0 proc] perf=378(us), max=706(us)!
[22:50:27.310] RX< [0m[34m[awb0 proc] perf=1428(us), max=1599(us)!
[22:50:27.310] RX< [0m[7] [cam] [90077][me0][me_core_thread:359]ME out fid 
[22:50:28.062] RX< 270
[22:50:28.062] RX< [32m[BE] fid=270, perf=8781(us), max=8979(us)!
[22:50:28.062] RX< [0m[6] [App Dfs] f_index = 270, f_len = 163381, cur_total_len = 6820416
[22:50:28.062] RX< dfs_video_stop
[22:50:28.062] RX< msh /emmc>echo "__EVBTEST_E[6] [App Dfs]  Gravity_XR Record Stop Success: total frames = 283
[22:50:28.062] RX< [6] [cam] [90829][DfsSe
[22:50:28.075] RX< nd][sensor_stream_off:1188]sensor [1]: stream_off
[22:50:28.075] RX< [6] [cam] [90829][DfsSend][sensor_stream_off:1217]sensor [1]: REG: 0x100, W:0x0.
[22:50:28.075] RX< [6] [cam] [90830][DfsSend][sensor_stream_off:1219]sensor [1]: REG: 0x100, R:0x0.
[22:50:28.075] RX< [6] [cam] [90854][DfsSend][csc_prv_stop:983
[22:50:28.076] RX< ]ok! phys_id[1], phys_num[1], stop_type = 0
[22:50:28.076] RX< [6] [cam] [90854][DfsSend][cam_stop:1058]preview stop ok! logic_id[0]
[22:50:28.076] RX< [34m[cam stop] perf=26186(us)!
[22:50:28.076] RX< [0m[6] [App Cam] cam stop success
[22:50:28.076] RX< Total of 284 frames encoded, 21280274 bytes, max_workbuffer_used: 3493888
[22:50:28.078] RX<  bytes
[22:50:28.078] RX< [6] [App Cam] hevc_encoder_deinit success
[22:50:28.078] RX< [7] [cam] [90857][DfsSend][cam_cpm_core_power_off:467]id,0 type,1 ret 0
[22:50:28.078] RX< [6] [cam] [90858][sif0][sif_irq_proc:174]thread release cid,0
[22:50:28.078] RX< [6] [cam] [90858][DfsSend][cam_sif_mgr_deinit:316]X
[22:50:28.078] RX< [6] [cam] [90858][D
[22:50:28.079] RX< fsSend][cam_deinit:887]deinit ok! logic_id[0]
[22:50:28.079] RX< [34m[cam deinit] perf=1280(us)!
[22:50:28.079] RX< [0m[6] [App Cam] cam deinit success
[22:50:28.079] RX< [6] [cam] [90859][DfsSend][sensor_close:1292]sensor [1]: close!
[22:50:28.079] RX< [6] [cam] [90860][DfsSend][cam_dewarp_deinit:438]dewarp deinit, id=0
[22:50:28.079] RX< [6] [
[22:50:28.081] RX< cam] [90860][dwp0][dewarp_thread_entry:174]dewarp thread exit signal, id=0
[22:50:28.081] RX< [6] [cam] [90861][dwp0][dewarp_thread_entry:276]dewarp thread exit, id=0
[22:50:28.081] RX< [6] [cam] [90861][DfsSend][cam_bm_core_deinit:136]X
[22:50:28.081] RX< [6] [cam] [90861][be0][be_core_irq_proc:329]thread rel
[22:50:28.081] RX< ease cid,0
[22:50:28.081] RX< [6] [cam] [90861][DfsSend][cam_be_core_deinit:793]X
[22:50:28.081] RX< [6] [cam] [90862][me0][me_core_thread:404]thread release cid,0
[22:50:28.081] RX< [6] [cam] [90862][DfsSend][cam_me_core_deinit:1551]X
[22:50:28.081] RX< [6] [cam] [90863][fe0][fe_core_irq_proc:121]thread release cid,0
[22:50:28.081] RX< [6] [cam] 
[22:50:28.084] RX< [90863][DfsSend][cam_fe_core_deinit:536]X
[22:50:28.084] RX< [6] [cam] [90863][b_3a_sts][bayer_stats_core_irq_proc:193]thread release cid,0
[22:50:28.084] RX< [6] [cam] [90863][DfsSend][cam_bayer_stats_core_deinit:512]X
[22:50:28.084] RX< [6] [cam] [90864][b_ae0][a5_core_wrapper_task:315]thread release cid,0,a
[22:50:28.084] RX< lgo,0
[22:50:28.084] RX< [6] [cam] [90864][DfsSend][bayer_ae_wrapper_deinit:204]X
[22:50:28.084] RX< [6] [cam] [90865][atf0][a5_core_wrapper_task:315]thread release cid,0,algo,1
[22:50:28.084] RX< [6] [cam] [90865][DfsSend][atf_wrapper_deinit:153]X
[22:50:28.084] RX< [6] [cam] [90865][awb0][a5_core_wrapper_task:315]thread releas
[22:50:28.087] RX< e cid,0,algo,2
[22:50:28.087] RX< [6] [cam] [90866][DfsSend][awb_wrapper_deinit:153]X
[22:50:28.087] RX< [6] [cam] [90866][DfsSend][cam_5a_core_deinit:555]X
[22:50:28.087] RX< [6] [cam] [90866][DfsSend][cam_5a_inf_deinit:149]X
[22:50:28.087] RX< [6] [cam] [90867][qpc0][qpc_core_msg_proc:705]thread release cid,0
[22:50:28.087] RX< [6] [cam] [90867]
[22:50:28.087] RX< [DfsSend][qpc_core_deinit:1413]X
[22:50:28.087] RX< [6] [cam] [90867][DfsSend][cam_cpm_core_deinit:1248]X
[22:50:28.087] RX< [6] [cam] [90868][DfsSend][csc_close:656]ok! phys_id[1], phys_num[1]
[22:50:28.087] RX< [7] [cam] [90868][cer0][cer_recovery_proc:352]msg type = 254
[22:50:28.087] RX< [6] [cam] [90868][cer0][cer_recovery_
[22:50:28.114] RX< proc:454]thread release cid,0
[22:50:28.114] RX< [6] [cam] [90869][DfsSend][cer_deinit:560]X
[22:50:28.114] RX< [6] [cam] [90869][DfsSend][cam_close:789]close ok! logic_id[0]
[22:50:28.114] RX< [34m[cam close] perf=10339(us)!
[22:50:28.114] RX< [0m[6] [App Cam] cam close success
[22:50:28.114] RX< [6] [cam] [90870][cpl0][cam_prelude_proc_routin
[22:50:28.115] RX< e:136]thread release
[22:50:28.115] RX< [6] [cam] [90870][DfsSend][cam_exit:571]exit ok!
[22:50:28.115] RX< [34m[cam exit] perf=652(us)!
[22:50:28.115] RX< [0m[6] [App Cam] cam exit success
[22:50:28.115] RX< [6] [App Dfs] Save Video Successful: /emmc/VIDEO/20260101_000120_0556/Video_0556_0.h265
[22:50:28.115] RX< [6] [App Dfs] Save Imu Successf
[22:50:28.227] TX> dfs_video_stop
[22:50:28.227] TX> echo "__EVBTEST_END_9670fade__"
[22:50:30.115] RX< ul: /emmc/VIDEO/20260101_000120_0556/Imu_0556.bin
[22:50:30.115] RX< [6] [App Dfs] Video recording completed successfully.
[22:50:30.115] RX< ND_9670fade__"
[22:50:30.115] RX< __EVBTEST_END_9670fade__
[22:50:30.115] RX< msh /emmc>
[22:50:38.984] RX< rtmp_video_start rtmp://192.168.1.89/live/cam
[22:50:38.984] RX< [7] [cam] [101760][tshell][cgm_parse_bin:104]total logical camera num: 1
[22:50:38.984] RX< [6] [cam] [101760][tshell][cam_prelude_create:187]E id, 0
[22:50:38.984] RX< [7] [cam] [101761][cpl0][cam_prelude_proc_routine:101]thread start
[22:50:38.984] RX< [6] [cam] [
[22:50:38.985] RX< 101761][tshell][cam_prelude_create:214]X ctx size 132 addr 0x884de8a8
[22:50:38.985] RX< [6] [cam] [101766][tshell][sensor_probe:418]sensor [1]: identifing 0 success.
[22:50:38.985] RX< [6] [cam] [101767][tshell][sensor_probe:441]sensor [1]: probe exit!
[22:50:38.985] RX< [6] [cam] [101767][tshell][cam_prelude_
[22:50:38.987] RX< fast_probe:251]cam: 0 probe result: 0
[22:50:38.987] RX< [6] [cam] [101767][tshell][cgm_parse_bin:218]cam(0) probe success
[22:50:38.987] RX< [6] [cam] [101767][tshell][cam_entry:455]entry ok
[22:50:38.987] RX< [34m[cam entry] perf=8017(us)!
[22:50:38.987] RX< [0m[6] [App Cam] cam entry success
[22:50:38.987] RX< [7] [cam] [101768][tshell][cam_
[22:50:38.987] RX< solve_layout:350][mLayout] param OK, scen3 iw4032 ih2268 ow2304 oh1296 gdc 0x2
[22:50:38.987] RX< [36m[mLayout] scen03 in=4032x2268,out=1296x2304 meRot1 stripe0 gdcOn0
[22:50:38.987] RX< [0m[36m[mLayout] scen03 14entries solved status=OK retry=0 rtmp=enabled (cursor0=0x8a018210 cursor1=0x8
[22:50:38.990] RX< 9300000, ch0/1/2 cnt=5/1/1)
[22:50:38.990] RX< [0m[7] [cam] [101770][tshell][cam_solve_layout:377]
[22:50:38.990] RX< [mLayout] out vol 0x8c000000 rBuf 0x89300000 sz 0xd00000 wBuf 0x8a9e5400 sz 0x900000
[22:50:38.990] RX<           rtmp tBuf 0x8a098210 sz 0x80000 aBuf 0x8a018210 sz 0x80000
[22:50:38.990] RX< [7] [cam] [101771][
[22:50:38.993] RX< tshell][cam_solve_layout:397]Solve Scen3 layout Done!
[22:50:38.993] RX< [6] [cam] [101772][tshell][cgm_parse_media_para:274]phy cam num: 1
[22:50:38.993] RX< [7] [cam] [101773][cer0][cer_recovery_proc:343]thread start cid, 0
[22:50:38.993] RX< [6] [cam] [101773][tshell][csc_open:499]SENSOR MCLK cal: 24MHz
[22:50:38.993] RX< [6]
[22:50:38.993] RX<  [cam] [101773][tshell][csc_isp_clk_cal:344]MIPI CLK cal: 277MHz
[22:50:38.993] RX< [6] [cam] [101773][tshell][csc_isp_clk_cal:374]LITE CLK cal: 25MHz
[22:50:38.993] RX< [7] [cam] [101774][tshell][cpc_csi_rx_power_on:633]E id: 2
[22:50:38.993] RX< [4] [cam] [101774][tshell][cpc_csi_rx_power_on:644]csi_2 has alr
[22:50:38.999] RX< eady power on, STATUS: 1
[22:50:38.999] RX< [6] [cam] [101775][tshell][cpc_update_clock:603]actual SNS mclk: 24MHz
[22:50:38.999] RX< [6] [cam] [101775][tshell][cpc_update_clock:608]actual MIPI0: 300MHz
[22:50:38.999] RX< [6] [cam] [101776][tshell][cpc_update_clock:598]actual LITE clk: 25MHz
[22:50:38.999] RX< [7] [cam] [101776]
[22:50:38.999] RX< [tshell][cam_prelude_open:297][34msnsOpen camID1 csiID0 phyIdx0[0m
[22:50:38.999] RX< [6] [cam] [101780][tshell][sensor_expo_gain_match:48]sensor get sensor expo gain of imx681_vst
[22:50:38.999] RX< [6] [cam] [101780][tshell][sensor_open:684]sensor [1] open OK.
[22:50:38.999] RX< [6] [cam] [101781][tshell][
[22:50:39.004] RX< cam_cpm_parse_media:295]video scenario:3, media para[fps:0, mirror_en:0, flip_en:0]
[22:50:39.004] RX< [6] [cam] [101781][tshell][cam_cpm_parse_media:298]video scenario, media para[iso:0, gain:0, wb_mode:0]
[22:50:39.004] RX< [6] [cam] [101782][tshell][csc_isp_clk_cal:355]FE CLK cal: 373MHz, 
[22:50:39.004] RX< ME CLK cal: 371MHz, FE/ME CLK cal: 410MHz
[22:50:39.004] RX< [6] [cam] [101782][tshell][csc_isp_clk_cal:364]BE CLK cal: 301MHz
[22:50:39.004] RX< [4] [cam] [101783][tshell][cam_fe_core_power_on:269]fe pipe has already power on, STATUS: 1
[22:50:39.004] RX< [6] [cam] [101783][tshell][cpc_update_clock:588]actual 
[22:50:39.007] RX< FE/ME clk: 500MHz
[22:50:39.007] RX< [7] [cam] [101784][tshell][cam_cpm_core_power_on:435]id,0 type,1 ret 0
[22:50:39.007] RX< [6] [cam] [101784][tshell][cam_cpm_core_init:1017]E id,0 sensor type,1
[22:50:39.007] RX< [6] [cam] [101787][tshell][cpm_core_check_tuningbin:957]Tuning bin crc check PASS! sum 0x17a59
[22:50:39.007] RX< 64, xor 0x87e82682
[22:50:39.007] RX< [6] [cam] [101787][tshell][qpc_tuning_check_iqbin_validness:396]IQ bin addr: 0x88646660, project_name: video_3M
[22:50:39.007] RX< [6] [cam] [101788][tshell][qpc_tuning_check_iqbin_validness:397]total_size: 94400
[22:50:39.007] RX< [6] [cam] [101788][tshell][qpc_tuning_chec
[22:50:39.010] RX< k_iqbin_validness:398]id_count: 93. ID_TOTAL: 94
[22:50:39.010] RX< [6] [cam] [101789][tshell][qpc_tuning_check_iqbin_validness:399]spinel tuning data ver: V1.30
[22:50:39.010] RX< [6] [cam] [101789][tshell][cpm_core_check_tuningbin:971]IQ bin check success!
[22:50:39.010] RX< [6] [cam] [101790][tshell][cam_bm
[22:50:39.010] RX< _core_init:94]E
[22:50:39.010] RX< [6] [cam] [101790][tshell][bm_lab_init:174]X ctx size 4 addr 0x884b9950
[22:50:39.010] RX< [6] [cam] [101791][tshell][cam_bm_core_init:114]X ctx size 180 addr 0x884c1b70
[22:50:39.010] RX< [6] [cam] [101791][tshell][qpc_core_init:1299]E id,0
[22:50:39.010] RX< [6] [cam] [101791][tshell][qpc_que
[22:50:39.025] RX< ue_init:65]QPC init qnodes 8, size 508, pool 0x884c2188
[22:50:39.025] RX< [7] [cam] [101792][tshell][_qpc_get_cap_cfg_para:896][fallback]preset capCfg 200 0 0 invalid, use default
[22:50:39.025] RX< [7] [cam] [101793][tshell][_qpc_cfg_hdr_frms:840][fallback]preset hdrCfg 0 0 0 0 0 invalid, u
[22:50:39.030] RX< se default
[22:50:39.030] RX< [6] [cam] [101808][tshell][qpc_core_init:1347]X ctx size 1288 addr 0x884c1c38
[22:50:39.030] RX< [6] [cam] [101808][tshell][cpm_core_get_param:764]cpm para chk: tunBin-w 4032 h 2266 img-w 4032 h 2268
[22:50:39.030] RX< [6] [cam] [101809][tshell][cam_fe_core_init:436]E id,0
[22:50:39.030] RX< [6] [cam
[22:50:39.031] RX< ] [101809][tshell][cam_fe_core_init:490]X ctx size 96 addr 0x884c35a0
[22:50:39.031] RX< [7] [cam] [101810][tshell][qpc_core_fe_chords_init:1763][34mqpc fe init snsOut w 4032 h 2268, tbl w 28 h 20[0m
[22:50:39.031] RX< [6] [cam] [101811][tshell][cam_me_core_init:1523]X ctx size 1352 addr 0x
[22:50:39.034] RX< 884f1b78
[22:50:39.034] RX< [34m[ME SLICE CFG] perf=1258(us)!
[22:50:39.034] RX< [0m[6] [cam] [101814][tshell][cam_bayer_fe_3a_stats_core_init:445]fe 3a id,0
[22:50:39.034] RX< [6] [cam] [101814][tshell][cam_bayer_fe_3a_stats_core_init:490]X ctx size 132 addr 0x884fa598
[22:50:39.034] RX< [6] [cam] [101815][tshell][awb_wrapper
[22:50:39.034] RX< _init:66]xxx awb_bin=0x884e14f4, awb_bin_length=8068
[22:50:39.034] RX< [6] [cam] [101816][tshell][awb_wrapper_init:86]X algo_handle 0x885001f8
[22:50:39.034] RX< [7] [cam] [101816][awb0][a5_core_wrapper_task:252]thread start cid,0 algo type,2
[22:50:39.034] RX< [6] [cam] [101816][tshell][a5_core_init_task:426]
[22:50:39.042] RX< thread created: awb0 mq=0x88502288 thread=0x885023a0 sem=0x88502218 ret=0
[22:50:39.042] RX< [6] [cam] [101817][tshell][bayer_ae_wrapper_init:68]E id,0 proc mode 0 
[22:50:39.042] RX< 
[22:50:39.042] RX< [AEC Proc] @[allib_ae_set_debug_log_flag] Line:129:[DEBUG] debug level/to_file/to_terminal: 22/1/1
[22:50:39.042] RX< [AEC Proc
[22:50:39.045] RX< ] @[AeInit] Line:377:[INFO] AE ver: 2026_V2.269
[22:50:39.045] RX< 
[22:50:39.045] RX< [AEC Proc] @[allib_ae_loadfunc] Line:193:[INFO] camera ID: 0
[22:50:39.045] RX< [AEC Proc] @[alAE_set_param] Line:576:[DEBUG] sw_maxtime 33004 ,pertline 10800, after check sensor step sw_max_time 33000.00
[22:50:39.045] RX< [AEC Proc] @[alAE_s
[22:50:39.045] RX< et_param] Line:581:[DEBUG] sw_mintime 43 ,pertline 10800, after check sensor step sw_min_time 40.00
[22:50:39.045] RX< [AEC Proc] @[alAE_set_param] Line:514:[DEBUG] DEBUG minbv exptime 11 gain 100, minExpBV 13810
[22:50:39.045] RX< [AEC Proc] @[AeTuningParseSet] Line:167:[DEBUG] aeparam versi
[22:50:39.047] RX< on 2.268 60803
[22:50:39.047] RX< [AEC Proc] @[alAE_set_param] Line:341:[DEBUG] INITEXP gain 100, shutter 33242, midtonegain 100, bv 2247
[22:50:39.047] RX< [6] [cam] [101827][tshell][bayer_ae_wrapper_init:119]X tline 10800 max_exp 33004 alg_hdl 0x88504b50 
[22:50:39.047] RX< [7] [cam] [101827][b_ae0][a5_core_w
[22:50:39.047] RX< rapper_task:252]thread start cid,0 algo type,0
[22:50:39.047] RX< [6] [cam] [101828][tshell][a5_core_init_task:426]thread created: b_ae0 mq=0x88505c00 thread=0x88505d18 sem=0x88505b90 ret=0
[22:50:39.047] RX< [6] [cam] [101828][tshell][atf_wrapper_init:67]E id,0
[22:50:39.047] RX< [6] [cam] [101829][tshell][at
[22:50:39.063] RX< f_wrapper_init:107]X alg_ctx addr 0x88507100
[22:50:39.063] RX< [7] [cam] [101829][atf0][a5_core_wrapper_task:252]thread start cid,0 algo type,1
[22:50:39.063] RX< [6] [cam] [101830][tshell][a5_core_init_task:426]thread created: atf0 mq=0x88507238 thread=0x88507350 sem=0x885071c8 ret=0
[22:50:39.063] RX< [6] [c
[22:50:39.064] RX< am] [101830][tshell][cam_cpm_core_init:1149]X ctx size 1096 addr 0x884c1718
[22:50:39.064] RX< [6] [cam] [101831][tshell][csc_open:599]ok! phys_id[1], phys_num[1] 
[22:50:39.064] RX< [6] [cam] [101831][tshell][cam_open:738]open ok! camera_id[0]
[22:50:39.064] RX< [34m[cam open] perf=63255(us)!
[22:50:39.064] RX< [0m[6] [App Ca
[22:50:39.066] RX< m] cam open success
[22:50:39.066] RX< [6] [cam] [101845][tshell][csc_init:722]sensor info:size:4032x2268, formt: 0x2b, bps: 1968, tline: 10800
[22:50:39.066] RX< [6] [cam] [101845][tshell][cam_sif_mgr_init:261]E id,0
[22:50:39.066] RX< [7] [cam] [101846][sif0][sif_irq_proc:151]thread start cid,0
[22:50:39.066] RX< [6] [cam] [10
[22:50:39.066] RX< 1847][tshell][cam_sif_mgr_init:293]X ctx size 52 addr 0x88541b78
[22:50:39.066] RX< [6] [cam] [101847][tshell][cam_prelude_init_cfg:368]CSI ID is 0,  phy lanes is 2.
[22:50:39.066] RX< [7] [cam] [101847][tshell][check_phy_ready:96]MIPI_PHY[0] is ready
[22:50:39.066] RX< [6] [cam] [101848][tshell][sensor_init:3
[22:50:39.070] TX> rtmp_video_start rtmp://192.168.1.89/live/cam
[22:50:39.070] TX> echo "__EVBTEST_END_b0a61003__"
[22:50:39.075] RX< 48]sensor [1]: register ok
[22:50:39.075] RX< [6] [cam] [101848][tshell][sensor_set_mode:887]sensor [1]: SetMode -> mode = 0.
[22:50:39.075] RX< [6] [cam] [101849][tshell][sensor_send_reg_tab_to_sensor:705]sensor [1]: send_reg_tab_to_sensor E.
[22:50:39.075] RX< [6] [cam] [101852][tshell][sensor_send_reg_tab_to
[22:50:39.075] RX< _sensor:751]sensor [1]: reg_count = 77.
[22:50:39.075] RX< [6] [cam] [101853][tshell][sensor_init:361]sensor [1]: init success.
[22:50:39.075] RX< [6] [cam] [101853][tshell][sensor_set_mode:887]sensor [1]: SetMode -> mode = 3.
[22:50:39.075] RX< [6] [cam] [101853][tshell][sensor_send_reg_tab_to_sensor:705]senso
[22:50:39.078] RX< r [1]: send_reg_tab_to_sensor E.
[22:50:39.078] RX< [6] [cam] [101857][tshell][sensor_send_reg_tab_to_sensor:751]sensor [1]: reg_count = 83.
[22:50:39.078] RX< [6] [cam] [101857][tshell][csc_init:731]ok! phys_id[1], phys_num[1]
[22:50:39.078] RX< [6] [cam] [101858][tshell][csc_get_bayer_single_buffer:1148]scena
[22:50:39.078] RX< rio_type: 3
[22:50:39.078] RX< [6] [cam] [101858][tshell][csc_set_stats_fmt:98]index 0 w 1 h 1 bw 8 wcmp 255
[22:50:39.078] RX< [7] [cam] [101859][tshell][bm_ioctl:201]BMIOC_STATS_FMT
[22:50:39.078] RX< [6] [cam] [101859][tshell][csc_set_fe_fmt:47]index 1 w 4032 h 2268 bw 10 wcmp 0
[22:50:39.078] RX< [7] [cam] [101860][tshell][b
[22:50:39.080] RX< m_ioctl:201]BMIOC_FE_FMT
[22:50:39.080] RX< [6] [cam] [101860][tshell][csc_set_me_fmt:64]index 5 w 2268 h 4032 bw 10 wcmp 0, rdma_addr 0x8a128c00, wdma_addr 0x8a128c00
[22:50:39.080] RX< [7] [cam] [101861][tshell][bm_ioctl:201]BMIOC_ME_FMT
[22:50:39.080] RX< [6] [cam] [101861][tshell][csc_set_video_fmt:1076]met
[22:50:39.081] RX< a_addr: 0x8a118240
[22:50:39.081] RX< [6] [cam] [101861][tshell][csc_set_me_fmt:64]index 6 w 1296 h 2304 bw 8 wcmp 255, rdma_addr 0x8b2e5400, wdma_addr 0x8c000000
[22:50:39.081] RX< [6] [cam] [101862][tshell][cam_me_core_buffer_cfg:1416]
[22:50:39.081] RX< ----ME PIPE INFO---
[22:50:39.081] RX<  wdma_buf_num:1, rotation_en: 1
[22:50:39.083] RX< [7] [cam] [101863][tshell][cam_me_core_buffer_cfg:1424]yuv wdma_addr 0:0x8c000000, meta_en: 1, 0x8a118240
[22:50:39.083] RX< [7] [cam] [101863][tshell][bm_ioctl:201]BMIOC_ME_FMT
[22:50:39.083] RX< [6] [cam] [101864][tshell][csc_set_lite_fmt:115]index 13 w 400 h 400 bw 10 wcmp 255
[22:50:39.083] RX< [7] [cam] [1
[22:50:39.083] RX< 01864][tshell][bm_ioctl:201]BMIOC_LITE_FMT
[22:50:39.083] RX< [6] [cam] [101864][tshell][csc_set_lite_fmt:115]index 14 w 400 h 400 bw 10 wcmp 255
[22:50:39.083] RX< [7] [cam] [101865][tshell][bm_ioctl:201]BMIOC_LITE_FMT
[22:50:39.083] RX< [6] [cam] [101865][tshell][csc_init:739]get otp ok! phys_id[1], phys_num
[22:50:39.086] RX< [1]
[22:50:39.086] RX< [6] [cam] [101865][tshell][cam_init:828]init ok! logic_id[0]
[22:50:39.086] RX< [34m[cam init] perf=20847(us)!
[22:50:39.086] RX< [0m[6] [App Cam] cam init success
[22:50:39.086] RX< [7] [cam] [101866][tshell][cam_cpm_core_stream_on:560]id 0 sensor type 1
[22:50:39.086] RX< [6] [cam] [101867][tshell][sensor_stream_on:1024]
[22:50:39.086] RX< sensor [1]: stream_on
[22:50:39.086] RX< [6] [cam] [101867][tshell][sensor_stream_on:1052]sensor [1]: REG: 0x100, W:0x1.
[22:50:39.086] RX< [6] [cam] [101867][tshell][sensor_stream_on:1054]sensor [1]: REG: 0x100, R:0x1.
[22:50:39.086] RX< [6] [cam] [101868][tshell][csc_prv_start:873]ok! phys_id[1], phys_num[1]
[22:50:39.103] RX< , cam_ids[1]
[22:50:39.103] RX< [6] [cam] [101868][tshell][cam_start:938]preview start ok! logic_id[0]
[22:50:39.103] RX< [34m[cam start] perf=2554(us)!
[22:50:39.103] RX< [0m[6] [App Cam] cam start success
[22:50:39.103] RX< [RTMP] connecting rtmp://192.168.1.89/live/cam ...
[22:50:39.103] RX< [7] [cam] [101870][b_3a_sts][bayer_stats_core_irq_p
[22:50:39.231] RX< roc:164]thread start cid,0
[22:50:39.231] RX< [7] [cam] [101870][fe0][fe_core_irq_proc:98]thread start cid,0
[22:50:39.231] RX< [RTMP] connected to 192.168.1.89:1935 (sock=6)
[22:50:39.231] RX< [RTMP] handshake (simple) ok
[22:50:39.231] RX< [34m[AE] fid=0,exp=7160,adg=100,Y=5777,mtg=100,shg=100,bgbv=4437,iso=100,cnv0,hdr0
[22:50:39.231] RX< [0m
[22:50:39.463] RX< [34m[b_ae0 proc] perf=8076(us), max=8076(us)!
[22:50:39.463] RX< [0m[34m[awb0 proc] perf=3787(us), max=3787(us)!
[22:50:39.463] RX< [0m[6] [cam] [102162][me0][cpm_cb_fe2me_tikChk:152]frm_length 88560us, fe2me delta 0
[22:50:39.463] RX< [RTMP] connect _result ok
[22:50:39.463] RX< [RTMP] createStream -> msid=1
[22:50:39.463] RX< [RTMP] publish re
[22:50:39.486] RX< ady on rtmp://192.168.1.89:1935/live
[22:50:39.486] RX< [RTMP] config sent (42 bytes)
[22:50:39.486] RX< [RTMP] f_index = 0, f_len = 39
[22:50:39.486] RX< [RTMP] Push Start -> rtmp://192.168.1.89/live/cam
[22:50:39.486] RX< msh /emmc>echo "__EVBTEST_END_b0a61003__"
[22:50:39.486] RX< __EVBTEST_END_b0a61003__
[22:50:39.486] RX< msh /emmc>[34m[ME INTP]fid=0, shutter=7
[22:50:41.383] RX< 160, perf=2185(us), max=2185(us)!
[22:50:41.383] RX< [0m[7] [cam] [102507][me0][me_core_thread:359]ME out fid 0
[22:50:41.383] RX< [34m[AE] fid=30,exp=10150,adg=300,Y=4597,mtg=180,shg=100,bgbv=1410,iso=300,cnv2,hdr0
[22:50:41.383] RX< [0m[7] [cam] [103507][me0][me_core_thread:359]ME out fid 30
[22:50:41.383] RX< [34m[AE] fid=6
[22:50:42.388] RX< 0,exp=10150,adg=300,Y=4592,mtg=180,shg=100,bgbv=1410,iso=300,cnv2,hdr0
[22:50:42.388] RX< [0m[7] [cam] [104506][me0][me_core_thread:359]ME out fid 60
[22:50:42.388] RX< [34m[AE] fid=90,exp=10150,adg=300,Y=4588,mtg=180,shg=100,bgbv=1410,iso=300,cnv2,hdr0
[22:50:42.388] RX< [0m[34m[b_ae0 proc] perf=953(us), ma
[22:50:43.483] RX< x=8076(us)!
[22:50:43.483] RX< [0m[34m[awb0 proc] perf=3793(us), max=3968(us)!
[22:50:43.483] RX< [0m[RTMP] f_index = 90, f_len = 11071
[22:50:43.483] RX< [7] [cam] [105506][me0][me_core_thread:359]ME out fid 90
[22:50:43.483] RX< [34m[AE] fid=120,exp=10160,adg=300,Y=4583,mtg=180,shg=100,bgbv=1406,iso=300,cnv2,hdr0
[22:50:43.483] RX< [0m[34m[
[22:50:44.735] RX< ME INTP]fid=120, shutter=10160, perf=6(us), max=4512(us)!
[22:50:44.735] RX< [0m[7] [cam] [106506][me0][me_core_thread:359]ME out fid 120
[22:50:44.735] RX< [34m[AE] fid=150,exp=10150,adg=300,Y=4592,mtg=180,shg=100,bgbv=1410,iso=300,cnv2,hdr0
[22:50:44.735] RX< [0m[7] [cam] [107506][me0][me_core_thread:359]ME
[22:50:45.724] RX<  out fid 150
[22:50:45.724] RX< [34m[AE] fid=180,exp=10160,adg=300,Y=4570,mtg=180,shg=100,bgbv=1402,iso=300,cnv2,hdr0
[22:50:45.724] RX< [0m[34m[b_ae0 proc] perf=967(us), max=4029(us)!
[22:50:45.724] RX< [0m[34m[awb0 proc] perf=3810(us), max=4632(us)!
[22:50:45.724] RX< [0m[RTMP] f_index = 180, f_len = 15924
[22:50:45.724] RX< [7] [cam] [1085
[22:50:47.383] RX< 06][me0][me_core_thread:359]ME out fid 180
[22:50:47.383] RX< [34m[awb0 proc] perf=6043(us), max=6043(us)!
[22:50:47.383] RX< [0m[34m[AE] fid=210,exp=10160,adg=300,Y=4551,mtg=180,shg=100,bgbv=1398,iso=300,cnv2,hdr0
[22:50:47.383] RX< [0m[7] [cam] [109506][me0][me_core_thread:359]ME out fid 210
[22:50:47.383] RX< [34m[AE] fid=
[22:50:48.387] RX< 240,exp=10190,adg=300,Y=4554,mtg=180,shg=100,bgbv=1394,iso=300,cnv2,hdr0
[22:50:48.387] RX< [0m[34m[ME INTP]fid=240, shutter=10190, perf=5(us), max=813(us)!
[22:50:48.387] RX< [0m[7] [cam] [110506][me0][me_core_thread:359]ME out fid 240
[22:50:48.387] RX< [34m[AE] fid=270,exp=10190,adg=300,Y=4568,mtg=180,shg
[22:50:49.382] RX< =100,bgbv=1398,iso=300,cnv2,hdr0
[22:50:49.382] RX< [0m[34m[b_ae0 proc] perf=944(us), max=4023(us)!
[22:50:49.382] RX< [0m[34m[awb0 proc] perf=3679(us), max=6043(us)!
[22:50:49.382] RX< [0m[RTMP] f_index = 270, f_len = 17717
[22:50:49.382] RX< [7] [cam] [111505][me0][me_core_thread:359]ME out fid 270
[22:50:49.382] RX< [34m[AE] fid=300,exp=10
[22:50:50.734] RX< 190,adg=300,Y=4570,mtg=180,shg=100,bgbv=1398,iso=300,cnv2,hdr0
[22:50:50.734] RX< [0m[7] [cam] [112505][me0][me_core_thread:359]ME out fid 300
[22:50:50.734] RX< [34m[AE] fid=330,exp=10180,adg=300,Y=4575,mtg=180,shg=100,bgbv=1402,iso=300,cnv2,hdr0
[22:50:50.734] RX< [0m[7] [cam] [113505][me0][me_core_thread:3
[22:50:51.486] RX< 59]ME out fid 330
[22:50:51.486] RX< [34m[AE] fid=360,exp=15050,adg=300,Y=6285,mtg=126,shg=100,bgbv=1541,iso=300,cnv2,hdr0
[22:50:51.486] RX< [0m[34m[b_ae0 proc] perf=892(us), max=3646(us)!
[22:50:51.486] RX< [0m[34m[awb0 proc] perf=3699(us), max=5902(us)!
[22:50:51.486] RX< [0m[34m[ME INTP]fid=360, shutter=15050, perf=315
[22:50:52.735] RX< 4(us), max=7091(us)!
[22:50:52.735] RX< [0m[RTMP] f_index = 360, f_len = 15649
[22:50:52.735] RX< [7] [cam] [114505][me0][me_core_thread:359]ME out fid 360
[22:50:52.735] RX< [34m[AE] fid=390,exp=11870,adg=300,Y=6719,mtg=180,shg=100,bgbv=1594,iso=300,cnv2,hdr0
[22:50:52.735] RX< [0m[7] [cam] [115505][me0][me_core_thread:359]ME 
[22:50:54.390] RX< out fid 390
[22:50:54.390] RX< [34m[AE] fid=420,exp=10460,adg=300,Y=4907,mtg=180,shg=100,bgbv=1403,iso=300,cnv2,hdr0
[22:50:54.390] RX< [0m[7] [cam] [116505][me0][me_core_thread:359]ME out fid 420
[22:50:54.390] RX< [34m[AE] fid=450,exp=12460,adg=300,Y=3794,mtg=180,shg=100,bgbv=1088,iso=300,cnv2,hdr0
[22:50:54.390] RX< [0m[34
[22:50:55.381] RX< m[b_ae0 proc] perf=986(us), max=1116(us)!
[22:50:55.381] RX< [0m[34m[awb0 proc] perf=3870(us), max=4123(us)!
[22:50:55.381] RX< [0m[RTMP] f_index = 450, f_len = 14742
[22:50:55.381] RX< [7] [cam] [117505][me0][me_core_thread:359]ME out fid 450
[22:50:55.381] RX< [34m[AE] fid=480,exp=10250,adg=300,Y=4619,mtg=180,shg=100,bgbv=1
[22:50:56.382] RX< 406,iso=300,cnv2,hdr0
[22:50:56.382] RX< [0m[34m[ME INTP]fid=480, shutter=10250, perf=1982(us), max=4207(us)!
[22:50:56.382] RX< [0m[7] [cam] [118504][me0][me_core_thread:359]ME out fid 480
[22:50:56.382] RX< [4] [cam] [118582][qpc0][qpc_core_exception_check:405]discontinuous frame, now: 493, last: 491
[22:50:56.382] RX< [34m[
[22:50:57.388] RX< AE] fid=510,exp=10590,adg=300,Y=4619,mtg=180,shg=100,bgbv=1330,iso=300,cnv2,hdr0
[22:50:57.388] RX< [0m[7] [cam] [119504][me0][me_core_thread:359]ME out fid 510
[22:50:57.388] RX< [34m[AE] fid=540,exp=13820,adg=300,Y=4388,mtg=180,shg=100,bgbv=1050,iso=300,cnv2,hdr0
[22:50:57.388] RX< [0m[34m[b_ae0 proc] perf
[22:50:58.381] RX< =1015(us), max=1560(us)!
[22:50:58.381] RX< [0m[34m[awb0 proc] perf=3821(us), max=3958(us)!
[22:50:58.381] RX< [0m[RTMP] f_index = 540, f_len = 15367
[22:50:58.381] RX< [7] [cam] [120504][me0][me_core_thread:359]ME out fid 540
[22:50:58.381] RX< [34m[AE] fid=570,exp=10220,adg=300,Y=4602,mtg=180,shg=100,bgbv=1406,iso=300,cnv2,
[22:50:59.721] RX< hdr0
[22:50:59.721] RX< [0m[7] [cam] [121504][me0][me_core_thread:359]ME out fid 570
[22:50:59.721] RX< [34m[AE] fid=600,exp=12770,adg=300,Y=4601,mtg=180,shg=100,bgbv=1188,iso=300,cnv2,hdr0
[22:50:59.721] RX< [0m[34m[ME INTP]fid=600, shutter=12770, perf=302(us), max=3930(us)!
[22:50:59.721] RX< [0m[7] [cam] [122504][me0][me_c
[22:51:00.708] RX< ore_thread:359]ME out fid 600
[22:51:00.708] RX< [34m[AE] fid=630,exp=10280,adg=300,Y=4639,mtg=180,shg=100,bgbv=1401,iso=300,cnv2,hdr0
[22:51:00.708] RX< [0m[34m[b_ae0 proc] perf=897(us), max=1123(us)!
[22:51:00.708] RX< [0m[34m[awb0 proc] perf=3802(us), max=3935(us)!
[22:51:00.708] RX< [0m[RTMP] f_index = 630, f_len = 2470
[22:51:02.380] RX< 1
[22:51:02.380] RX< [7] [cam] [123504][me0][me_core_thread:359]ME out fid 630
[22:51:02.380] RX< [34m[AE] fid=660,exp=12930,adg=300,Y=3314,mtg=180,shg=100,bgbv=861,iso=300,cnv2,hdr0
[22:51:02.380] RX< [0m[7] [cam] [124504][me0][me_core_thread:359]ME out fid 660
[22:51:02.380] RX< [34m[AE] fid=690,exp=10360,adg=300,Y=4605,mtg=1
[22:51:03.386] RX< 80,shg=100,bgbv=1389,iso=300,cnv2,hdr0
[22:51:03.386] RX< [0m[7] [cam] [125504][me0][me_core_thread:359]ME out fid 690
[22:51:03.386] RX< [34m[AE] fid=720,exp=10340,adg=300,Y=4531,mtg=180,shg=100,bgbv=1373,iso=300,cnv2,hdr0
[22:51:03.386] RX< [0m[34m[b_ae0 proc] perf=964(us), max=1892(us)!
[22:51:03.386] RX< [0m[34m[awb0 pr
[22:51:04.381] RX< oc] perf=3780(us), max=4160(us)!
[22:51:04.381] RX< [0m[34m[ME INTP]fid=720, shutter=10340, perf=237(us), max=6049(us)!
[22:51:04.381] RX< [0m[RTMP] f_index = 720, f_len = 15764
[22:51:04.381] RX< [7] [cam] [126503][me0][me_core_thread:359]ME out fid 720
[22:51:04.381] RX< [34m[AE] fid=750,exp=10880,adg=300,Y=4524,mtg=180,shg=
[22:51:06.382] RX< 100,bgbv=1307,iso=300,cnv2,hdr0
[22:51:06.382] RX< [0m[7] [cam] [127503][me0][me_core_thread:359]ME out fid 750
[22:51:06.382] RX< [34m[AE] fid=780,exp=10980,adg=300,Y=4604,mtg=180,shg=100,bgbv=1312,iso=300,cnv2,hdr0
[22:51:06.382] RX< [0m[7] [cam] [128503][me0][me_core_thread:359]ME out fid 780
[22:51:06.721] RX< [34m[AE] fid=810,exp=10250,adg=300,Y=4596,mtg=180,shg=100,bgbv=1398,iso=300,cnv2,hdr0
[22:51:06.721] RX< [0m[34m[b_ae0 proc] perf=960(us), max=3124(us)!
[22:51:06.721] RX< [0m[34m[awb0 proc] perf=3789(us), max=5907(us)!
[22:51:06.721] RX< [0m[RTMP] f_index = 810, f_len = 15186
[22:51:06.721] RX< [7] [cam] [129503][me0][me_c
[22:51:07.721] RX< ore_thread:359]ME out fid 810
[22:51:07.721] RX< [34m[awb0 proc] perf=6284(us), max=6284(us)!
[22:51:07.721] RX< [0m[34m[AE] fid=840,exp=10250,adg=300,Y=4595,mtg=180,shg=100,bgbv=1398,iso=300,cnv2,hdr0
[22:51:07.721] RX< [0m[34m[ME INTP]fid=840, shutter=10250, perf=7(us), max=3248(us)!
[22:51:07.721] RX< [0m[7] [cam] [130503
[22:51:09.385] RX< ][me0][me_core_thread:359]ME out fid 840
[22:51:09.385] RX< [34m[AE] fid=870,exp=10250,adg=300,Y=4607,mtg=180,shg=100,bgbv=1402,iso=300,cnv2,hdr0
[22:51:09.385] RX< [0m[7] [cam] [131503][me0][me_core_thread:359]ME out fid 870
[22:51:09.385] RX< [34m[AE] fid=900,exp=10250,adg=300,Y=4592,mtg=180,shg=100,bgbv=13
[22:51:10.379] RX< 98,iso=300,cnv2,hdr0
[22:51:10.379] RX< [0m[34m[b_ae0 proc] perf=973(us), max=2180(us)!
[22:51:10.379] RX< [0m[34m[awb0 proc] perf=3799(us), max=6284(us)!
[22:51:10.379] RX< [0m[RTMP] f_index = 900, f_len = 14972
[22:51:10.379] RX< [7] [cam] [132503][me0][me_core_thread:359]ME out fid 900
[22:51:10.379] RX< [34m[AE] fid=930,exp=10570,adg=300,
[22:51:11.479] RX< Y=4649,mtg=180,shg=100,bgbv=1372,iso=300,cnv2,hdr0
[22:51:11.479] RX< [0m[7] [cam] [133502][me0][me_core_thread:359]ME out fid 930
[22:51:11.479] RX< [34m[awb0 proc] perf=6244(us), max=6244(us)!
[22:51:11.479] RX< [0m[34m[AE] fid=960,exp=12560,adg=300,Y=4449,mtg=180,shg=100,bgbv=1122,iso=300,cnv2,hdr0
[22:51:11.479] RX< [0m[
[22:51:12.388] RX< 34m[ME INTP]fid=960, shutter=12560, perf=233(us), max=4567(us)!
[22:51:12.388] RX< [0m[7] [cam] [134502][me0][me_core_thread:359]ME out fid 960
[22:51:12.388] RX< [34m[AE] fid=990,exp=11880,adg=300,Y=4147,mtg=180,shg=100,bgbv=1137,iso=300,cnv2,hdr0
[22:51:12.388] RX< [0m[34m[b_ae0 proc] perf=1023(us), max=13
[22:51:13.731] RX< 11(us)!
[22:51:13.731] RX< [0m[34m[awb0 proc] perf=3856(us), max=6244(us)!
[22:51:13.731] RX< [0m[RTMP] f_index = 990, f_len = 17669
[22:51:13.731] RX< [7] [cam] [135502][me0][me_core_thread:359]ME out fid 990
[22:51:13.731] RX< [34m[AE] fid=1020,exp=12160,adg=300,Y=4490,mtg=180,shg=100,bgbv=1167,iso=300,cnv2,hdr0
[22:51:13.731] RX< [0m[7] [ca
[22:51:15.383] RX< m] [136502][me0][me_core_thread:359]ME out fid 1020
[22:51:15.383] RX< [34m[AE] fid=1050,exp=12070,adg=300,Y=5367,mtg=180,shg=100,bgbv=1394,iso=300,cnv2,hdr0
[22:51:15.383] RX< [0m[7] [cam] [137502][me0][me_core_thread:359]ME out fid 1050
[22:51:15.383] RX< [34m[AE] fid=1080,exp=10170,adg=300,Y=4621,mtg=180,s
[22:51:15.721] RX< hg=100,bgbv=1410,iso=300,cnv2,hdr0
[22:51:15.721] RX< [0m[34m[b_ae0 proc] perf=967(us), max=1249(us)!
[22:51:15.721] RX< [0m[34m[awb0 proc] perf=3805(us), max=3930(us)!
[22:51:15.721] RX< [0m[34m[ME INTP]fid=1080, shutter=10170, perf=1871(us), max=5000(us)!
[22:51:15.721] RX< [0m[RTMP] f_index = 1080, f_len = 19671
[22:51:15.721] RX< [7] [ca
[22:51:17.378] RX< m] [138502][me0][me_core_thread:359]ME out fid 1080
[22:51:17.378] RX< [34m[AE] fid=1110,exp=10680,adg=300,Y=4998,mtg=180,shg=100,bgbv=1412,iso=300,cnv2,hdr0
[22:51:17.378] RX< [0m[7] [cam] [139502][me0][me_core_thread:359]ME out fid 1110
[22:51:17.378] RX< [34m[AE] fid=1140,exp=13460,adg=300,Y=4983,mtg=180,s
[22:51:18.386] RX< hg=100,bgbv=1225,iso=300,cnv2,hdr0
[22:51:18.386] RX< [0m[7] [cam] [140502][me0][me_core_thread:359]ME out fid 1140
[22:51:18.386] RX< [34m[AE] fid=1170,exp=11510,adg=300,Y=4933,mtg=180,shg=100,bgbv=1365,iso=300,cnv2,hdr0
[22:51:18.386] RX< [0m[34m[b_ae0 proc] perf=1002(us), max=1127(us)!
[22:51:18.386] RX< [0m[34m[awb0 pro
[22:51:19.480] RX< c] perf=3827(us), max=5839(us)!
[22:51:19.480] RX< [0m[RTMP] f_index = 1170, f_len = 14760
[22:51:19.480] RX< [7] [cam] [141501][me0][me_core_thread:359]ME out fid 1170
[22:51:19.480] RX< [34m[AE] fid=1200,exp=11670,adg=300,Y=4750,mtg=180,shg=100,bgbv=1303,iso=300,cnv2,hdr0
[22:51:19.480] RX< [0m[34m[ME INTP]fid=1200, shutter=
[22:51:21.385] RX< 11670, perf=2684(us), max=8520(us)!
[22:51:21.385] RX< [0m[7] [cam] [142501][me0][me_core_thread:359]ME out fid 1200
[22:51:21.385] RX< [34m[AE] fid=1230,exp=14630,adg=300,Y=2891,mtg=180,shg=100,bgbv=640,iso=300,cnv2,hdr0
[22:51:21.385] RX< [0m[7] [cam] [143501][me0][me_core_thread:359]ME out fid 1230
[22:51:21.385] RX< [34m[A
[22:51:21.721] RX< E] fid=1260,exp=11140,adg=300,Y=5187,mtg=180,shg=100,bgbv=1364,iso=300,cnv2,hdr0
[22:51:21.721] RX< [0m[34m[b_ae0 proc] perf=918(us), max=1115(us)!
[22:51:21.721] RX< [0m[34m[awb0 proc] perf=3869(us), max=3936(us)!
[22:51:21.721] RX< [0m[RTMP] f_index = 1260, f_len = 16382
[22:51:21.721] RX< [7] [cam] [144501][me0][me_core_t
[22:51:23.377] RX< hread:359]ME out fid 1260
[22:51:23.377] RX< [34m[AE] fid=1290,exp=11060,adg=300,Y=5357,mtg=175,shg=100,bgbv=1367,iso=300,cnv2,hdr0
[22:51:23.377] RX< [0m[7] [cam] [145501][me0][me_core_thread:359]ME out fid 1290
[22:51:23.377] RX< [34m[AE] fid=1320,exp=12740,adg=300,Y=5193,mtg=180,shg=100,bgbv=1308,iso=300,c
[22:51:24.383] RX< nv2,hdr0
[22:51:24.383] RX< [0m[34m[ME INTP]fid=1320, shutter=12740, perf=2076(us), max=5263(us)!
[22:51:24.383] RX< [0m[7] [cam] [146501][me0][me_core_thread:359]ME out fid 1320
[22:51:24.383] RX< [34m[AE] fid=1350,exp=12100,adg=300,Y=5525,mtg=180,shg=100,bgbv=1396,iso=300,cnv2,hdr0
[22:51:24.383] RX< [0m[34m[b_ae0 proc] pe
[22:51:25.377] RX< rf=1017(us), max=1120(us)!
[22:51:25.377] RX< [0m[34m[awb0 proc] perf=3821(us), max=4080(us)!
[22:51:25.377] RX< [0m[RTMP] f_index = 1350, f_len = 13246
[22:51:25.377] RX< [7] [cam] [147501][me0][me_core_thread:359]ME out fid 1350
[22:51:25.377] RX< [34m[AE] fid=1380,exp=10190,adg=300,Y=4653,mtg=180,shg=100,bgbv=1414,iso=300,
[22:51:27.378] RX< cnv2,hdr0
[22:51:27.378] RX< [0m[7] [cam] [148500][me0][me_core_thread:359]ME out fid 1380
[22:51:27.378] RX< [34m[AE] fid=1410,exp=10140,adg=300,Y=4602,mtg=180,shg=100,bgbv=1414,iso=300,cnv2,hdr0
[22:51:27.378] RX< [0m[7] [cam] [149500][me0][me_core_thread:359]ME out fid 1410
[22:51:27.477] RX< [34m[AE] fid=1440,exp=10150,adg=300,Y=4599,mtg=180,shg=100,bgbv=1410,iso=300,cnv2,hdr0
[22:51:27.477] RX< [0m[34m[b_ae0 proc] perf=978(us), max=1098(us)!
[22:51:27.477] RX< [0m[34m[awb0 proc] perf=3845(us), max=4098(us)!
[22:51:27.477] RX< [0m[34m[ME INTP]fid=1440, shutter=10150, perf=6(us), max=5991(us)
[22:51:28.376] RX< !
[22:51:28.376] RX< [0m[RTMP] f_index = 1440, f_len = 13904
[22:51:28.376] RX< [7] [cam] [150500][me0][me_core_thread:359]ME out fid 1440
[22:51:28.376] RX< [34m[awb0 proc] perf=6598(us), max=6598(us)!
[22:51:28.376] RX< [0m[4] [cam] [150578][qpc0][qpc_core_exception_check:405]discontinuous frame, now: 1453, last: 1451
[22:51:28.376] RX< [34m[A
[22:51:28.810] RX< E] fid=1470,exp=10140,adg=300,Y=4602,mtg=180,shg=100,bgbv=1414,iso=300,cnv2,hdr0
[22:51:28.810] RX< [0m[7] [cam] [151500][me0][me_core_thread:359]ME out fid 1470
[22:51:28.810] RX< [4] [cam] [151544][qpc0][qpc_core_exception_check:411]interp not finish in sof, fid: 1481
[22:51:28.810] RX< [4] [cam] [151578][qpc
[22:51:30.383] RX< 0][qpc_core_exception_check:405]discontinuous frame, now: 1483, last: 1481
[22:51:30.383] RX< [34m[AE] fid=1500,exp=14920,adg=375,Y=3257,mtg=164,shg=100,bgbv=550,iso=375,cnv2,hdr0
[22:51:30.383] RX< [0m[7] [cam] [152500][me0][me_core_thread:359]ME out fid 1500
[22:51:30.383] RX< [34m[AE] fid=1530,exp=15050,ad
[22:51:30.719] RX< g=307,Y=3512,mtg=174,shg=100,bgbv=770,iso=307,cnv2,hdr0
[22:51:30.719] RX< [0m[34m[b_ae0 proc] perf=1070(us), max=3549(us)!
[22:51:30.719] RX< [0m[34m[awb0 proc] perf=3962(us), max=6598(us)!
[22:51:30.719] RX< [0m[RTMP] slow send frame 1518 len=17427 dt=93ms
[22:51:30.719] RX< [RTMP] f_index = 1530, f_len = 15816
[22:51:30.719] RX< [7] [cam] [
[22:51:31.478] RX< 153500][me0][me_core_thread:359]ME out fid 1530
[22:51:31.478] RX< [RTMP] slow send frame 1531 len=40068 dt=62ms (IDR)
[22:51:31.478] RX< [34m[AE] fid=1560,exp=15000,adg=300,Y=3625,mtg=180,shg=100,bgbv=782,iso=300,cnv2,hdr0
[22:51:31.478] RX< [0m[34m[ME INTP]fid=1560, shutter=15000, perf=2079(us), max=24225(u
[22:51:33.384] RX< s)!
[22:51:33.384] RX< [0m[7] [cam] [154500][me0][me_core_thread:359]ME out fid 1560
[22:51:33.384] RX< [34m[AE] fid=1590,exp=15040,adg=369,Y=4567,mtg=160,shg=100,bgbv=995,iso=369,cnv2,hdr0
[22:51:33.384] RX< [0m[7] [cam] [155499][me0][me_core_thread:359]ME out fid 1590
[22:51:33.384] RX< [34m[AE] fid=1620,exp=15050,adg=313,Y=
[22:51:33.912] RX< 4115,mtg=180,shg=100,bgbv=835,iso=313,cnv2,hdr0
[22:51:33.912] RX< [0m[34m[b_ae0 proc] perf=1002(us), max=1113(us)!
[22:51:33.912] RX< [0m[34m[awb0 proc] perf=3972(us), max=4183(us)!
[22:51:33.912] RX< [0m[RTMP] f_index = 1620, f_len = 16153
[22:51:33.912] RX< [7] [cam] [156499][me0][me_core_thread:359]ME out fid 1620
[22:51:33.912] RX< [RTMP]
[22:51:35.376] RX<  slow send frame 1623 len=16954 dt=114ms
[22:51:35.376] RX< [34m[AE] fid=1650,exp=13990,adg=300,Y=4048,mtg=180,shg=100,bgbv=917,iso=300,cnv2,hdr0
[22:51:35.376] RX< [0m[7] [cam] [157512][me0][me_core_thread:359]ME out fid 1650
[22:51:35.376] RX< [34m[AE] fid=1680,exp=10280,adg=300,Y=4628,mtg=180,shg=100,bgbv=
[22:51:35.875] RX< 1397,iso=300,cnv2,hdr0
[22:51:35.875] RX< [0m[34m[ME INTP]fid=1680, shutter=10280, perf=1856(us), max=11558(us)!
[22:51:35.875] RX< [0m[7] [cam] [158499][me0][me_core_thread:359]ME out fid 1680
[22:51:35.875] RX< [RTMP] slow send frame 1681 len=54852 dt=86ms (IDR)
[22:51:35.875] RX< [4] [cam] [158643][qpc0][qpc_core_exception_c
[22:51:36.383] RX< heck:405]discontinuous frame, now: 1695, last: 1693
[22:51:36.383] RX< [34m[AE] fid=1710,exp=14520,adg=300,Y=3872,mtg=180,shg=100,bgbv=871,iso=300,cnv2,hdr0
[22:51:36.383] RX< [0m[34m[b_ae0 proc] perf=1028(us), max=1320(us)!
[22:51:36.383] RX< [0m[34m[awb0 proc] perf=4155(us), max=4287(us)!
[22:51:36.383] RX< [0m[RTMP] slow
[22:51:37.728] RX<  send frame 1697 len=15529 dt=122ms
[22:51:37.728] RX< [RTMP] f_index = 1710, f_len = 13216
[22:51:37.728] RX< [7] [cam] [159499][me0][me_core_thread:359]ME out fid 1710
[22:51:37.728] RX< [34m[AE] fid=1740,exp=13320,adg=300,Y=4279,mtg=180,shg=100,bgbv=1043,iso=300,cnv2,hdr0
[22:51:37.728] RX< [0m[7] [cam] [160499][me0][me_core_
[22:51:39.380] RX< thread:359]ME out fid 1740
[22:51:39.380] RX< [RTMP] slow send frame 1741 len=30192 dt=68ms (IDR)
[22:51:39.380] RX< [34m[AE] fid=1770,exp=11160,adg=300,Y=5626,mtg=180,shg=100,bgbv=1463,iso=300,cnv2,hdr0
[22:51:39.380] RX< [0m[7] [cam] [161499][me0][me_core_thread:359]ME out fid 1770
[22:51:39.380] RX< [34m[AE] fid=1800,exp=100
[22:51:39.700] RX< 20,adg=300,Y=4610,mtg=180,shg=100,bgbv=1429,iso=300,cnv2,hdr0
[22:51:39.700] RX< [0m[34m[b_ae0 proc] perf=1074(us), max=1184(us)!
[22:51:39.700] RX< [0m[34m[awb0 proc] perf=3826(us), max=4235(us)!
[22:51:39.700] RX< [0m[34m[ME INTP]fid=1800, shutter=10020, perf=6(us), max=5779(us)!
[22:51:39.700] RX< [0m[RTMP] f_index = 18
[22:51:40.728] RX< 00, f_len = 14966
[22:51:40.728] RX< [7] [cam] [162498][me0][me_core_thread:359]ME out fid 1800
[22:51:40.728] RX< [RTMP] slow send frame 1801 len=69297 dt=135ms (IDR)
[22:51:40.728] RX< [34m[AE] fid=1830,exp=10020,adg=300,Y=4609,mtg=180,shg=100,bgbv=1429,iso=300,cnv2,hdr0
[22:51:40.728] RX< [0m[7] [cam] [163498][me0][me_core_th
[22:51:41.759] RX< read:359]ME out fid 1830
[22:51:41.759] RX< [RTMP] slow send frame 1832 len=17930 dt=69ms
[22:51:41.759] RX< [34m[AE] fid=1860,exp=10080,adg=300,Y=4564,mtg=180,shg=100,bgbv=1414,iso=300,cnv2,hdr0
[22:51:41.759] RX< [0m[7] [cam] [164498][me0][me_core_thread:359]ME out fid 1860
[22:51:41.759] RX< [34m[awb0 proc] perf=8651(us), ma
[22:51:42.715] RX< x=8651(us)!
[22:51:42.715] RX< [0m[34m[AE] fid=1890,exp=10070,adg=300,Y=4578,mtg=180,shg=100,bgbv=1418,iso=300,cnv2,hdr0
[22:51:42.715] RX< [0m[34m[b_ae0 proc] perf=985(us), max=3918(us)!
[22:51:42.715] RX< [0m[34m[awb0 proc] perf=3823(us), max=8651(us)!
[22:51:42.715] RX< [0m[RTMP] f_index = 1890, f_len = 13958
[22:51:42.715] RX< [7] [cam] 
[22:51:43.715] RX< [165498][me0][me_core_thread:359]ME out fid 1890
[22:51:43.715] RX< [34m[AE] fid=1920,exp=10070,adg=300,Y=4575,mtg=180,shg=100,bgbv=1418,iso=300,cnv2,hdr0
[22:51:43.715] RX< [0m[34m[ME INTP]fid=1920, shutter=10070, perf=6(us), max=2525(us)!
[22:51:43.715] RX< [0m[7] [cam] [166498][me0][me_core_thread:359]ME 
[22:51:45.381] RX< out fid 1920
[22:51:45.381] RX< [RTMP] slow send frame 1922 len=20137 dt=68ms
[22:51:45.381] RX< [34m[AE] fid=1950,exp=13160,adg=300,Y=4276,mtg=180,shg=100,bgbv=1045,iso=300,cnv2,hdr0
[22:51:45.381] RX< [0m[7] [cam] [167498][me0][me_core_thread:359]ME out fid 1950
[22:51:45.381] RX< [34m[AE] fid=1980,exp=13800,adg=300,Y=4168,mt
[22:51:46.374] RX< g=180,shg=100,bgbv=974,iso=300,cnv2,hdr0
[22:51:46.374] RX< [0m[34m[b_ae0 proc] perf=1012(us), max=2509(us)!
[22:51:46.374] RX< [0m[34m[awb0 proc] perf=3917(us), max=4139(us)!
[22:51:46.374] RX< [0m[RTMP] f_index = 1980, f_len = 12817
[22:51:46.374] RX< [7] [cam] [168498][me0][me_core_thread:359]ME out fid 1980
[22:51:46.374] RX< [34m[AE] fid
[22:51:47.476] RX< =2010,exp=10630,adg=300,Y=4942,mtg=180,shg=100,bgbv=1414,iso=300,cnv2,hdr0
[22:51:47.476] RX< [0m[7] [cam] [169498][me0][me_core_thread:359]ME out fid 2010
[22:51:47.476] RX< [34m[AE] fid=2040,exp=11490,adg=300,Y=4196,mtg=180,shg=103,bgbv=1177,iso=300,cnv2,hdr0
[22:51:47.476] RX< [0m[34m[ME INTP]fid=2040, sh
[22:51:48.380] RX< utter=11490, perf=2385(us), max=4793(us)!
[22:51:48.380] RX< [0m[7] [cam] [170497][me0][me_core_thread:359]ME out fid 2040
[22:51:48.380] RX< [34m[AE] fid=2070,exp=10010,adg=300,Y=4649,mtg=180,shg=100,bgbv=1434,iso=300,cnv2,hdr0
[22:51:48.380] RX< [0m[34m[b_ae0 proc] perf=970(us), max=1515(us)!
[22:51:48.380] RX< [0m[34m[aw
[22:51:49.726] RX< b0 proc] perf=3885(us), max=4153(us)!
[22:51:49.726] RX< [0m[RTMP] f_index = 2070, f_len = 16185
[22:51:49.726] RX< [7] [cam] [171497][me0][me_core_thread:359]ME out fid 2070
[22:51:49.726] RX< [34m[AE] fid=2100,exp=12670,adg=300,Y=4026,mtg=180,shg=100,bgbv=1041,iso=300,cnv2,hdr0
[22:51:49.726] RX< [0m[7] [cam] [172497][me0][me
[22:51:51.378] RX< _core_thread:359]ME out fid 2100
[22:51:51.378] RX< [34m[AE] fid=2130,exp=10330,adg=300,Y=4767,mtg=180,shg=100,bgbv=1410,iso=300,cnv2,hdr0
[22:51:51.378] RX< [0m[7] [cam] [173497][me0][me_core_thread:359]ME out fid 2130
[22:51:51.378] RX< [34m[AE] fid=2160,exp=10240,adg=300,Y=4569,mtg=180,shg=100,bgbv=1394,is
[22:51:51.715] RX< o=300,cnv2,hdr0
[22:51:51.715] RX< [0m[34m[b_ae0 proc] perf=992(us), max=1701(us)!
[22:51:51.715] RX< [0m[34m[awb0 proc] perf=3819(us), max=3907(us)!
[22:51:51.715] RX< [0m[34m[ME INTP]fid=2160, shutter=10240, perf=6(us), max=4025(us)!
[22:51:51.715] RX< [0m[RTMP] f_index = 2160, f_len = 14164
[22:51:51.715] RX< [7] [cam] [174497][me0][me_co
[22:51:52.725] RX< re_thread:359]ME out fid 2160
[22:51:52.725] RX< [RTMP] slow send frame 2161 len=72050 dt=81ms (IDR)
[22:51:52.725] RX< [RTMP] slow send frame 2162 len=18589 dt=54ms
[22:51:52.725] RX< [34m[AE] fid=2190,exp=10110,adg=300,Y=4627,mtg=180,shg=100,bgbv=1426,iso=300,cnv2,hdr0
[22:51:52.725] RX< [0m[7] [cam] [175497][me0][me_core_thre
[22:51:53.719] RX< ad:359]ME out fid 2190
[22:51:53.719] RX< [RTMP] slow send frame 2192 len=35831 dt=112ms
[22:51:53.719] RX< [RTMP] slow send frame 2195 len=16859 dt=51ms
[22:51:53.719] RX< [34m[AE] fid=2220,exp=12710,adg=300,Y=4380,mtg=180,shg=100,bgbv=1116,iso=300,cnv2,hdr0
[22:51:53.719] RX< [0m[RTMP] slow send frame 2209 len=13375 dt=53ms
[22:51:53.719] RX< [7
[22:51:54.698] RX< ] [cam] [176497][me0][me_core_thread:359]ME out fid 2220
[22:51:54.698] RX< [34m[AE] fid=2250,exp=10280,adg=300,Y=4635,mtg=180,shg=100,bgbv=1397,iso=300,cnv2,hdr0
[22:51:54.698] RX< [0m[34m[b_ae0 proc] perf=975(us), max=1205(us)!
[22:51:54.698] RX< [0m[34m[awb0 proc] perf=3846(us), max=4682(us)!
[22:51:54.698] RX< [0m[RTMP]
[22:51:55.714] RX<  f_index = 2250, f_len = 15389
[22:51:55.714] RX< [7] [cam] [177496][me0][me_core_thread:359]ME out fid 2250
[22:51:55.714] RX< [34m[AE] fid=2280,exp=10180,adg=300,Y=4639,mtg=180,shg=100,bgbv=1418,iso=300,cnv2,hdr0
[22:51:55.714] RX< [0m[34m[ME INTP]fid=2280, shutter=10180, perf=253(us), max=9601(us)!
[22:51:55.714] RX< [0m[7]
[22:51:57.377] RX<  [cam] [178496][me0][me_core_thread:359]ME out fid 2280
[22:51:57.377] RX< [34m[AE] fid=2310,exp=12030,adg=300,Y=4371,mtg=180,shg=100,bgbv=1132,iso=300,cnv2,hdr0
[22:51:57.377] RX< [0m[7] [cam] [179496][me0][me_core_thread:359]ME out fid 2310
[22:51:57.377] RX< [34m[AE] fid=2340,exp=10130,adg=300,Y=4654,mtg=1
[22:51:58.372] RX< 80,shg=100,bgbv=1422,iso=300,cnv2,hdr0
[22:51:58.372] RX< [0m[34m[b_ae0 proc] perf=973(us), max=2242(us)!
[22:51:58.372] RX< [0m[34m[awb0 proc] perf=3737(us), max=5545(us)!
[22:51:58.372] RX< [0m[RTMP] f_index = 2340, f_len = 13185
[22:51:58.372] RX< [7] [cam] [180496][me0][me_core_thread:359]ME out fid 2340
[22:51:58.372] RX< [34m[AE] fid=23
[22:51:58.939] RX< 70,exp=10110,adg=300,Y=4613,mtg=180,shg=100,bgbv=1422,iso=300,cnv2,hdr0
[22:51:58.939] RX< [0m[7] [cam] [181496][me0][me_core_thread:359]ME out fid 2370
[22:51:58.939] RX< [RTMP] slow send frame 2371 len=70657 dt=129ms (IDR)
[22:51:58.939] RX< [34m[awb0 proc] perf=6070(us), max=6070(us)!
[22:51:58.939] RX< [0m[4] [cam] [181707]
[22:51:59.728] RX< [qpc0][qpc_core_exception_check:405]discontinuous frame, now: 2387, last: 2385
[22:51:59.728] RX< [34m[AE] fid=2400,exp=10110,adg=300,Y=4608,mtg=180,shg=100,bgbv=1418,iso=300,cnv2,hdr0
[22:51:59.728] RX< [0m[34m[ME INTP]fid=2400, shutter=10110, perf=5(us), max=7075(us)!
[22:51:59.728] RX< [0m[7] [cam] [18249
[22:52:00.376] RX< 6][me0][me_core_thread:359]ME out fid 2400
[22:52:00.376] RX< [34m[awb0 proc] perf=6350(us), max=6350(us)!
[22:52:00.376] RX< [0m[4] [cam] [182573][qpc0][qpc_core_exception_check:405]discontinuous frame, now: 2413, last: 2411
[22:52:00.376] RX< [34m[AE] fid=2430,exp=10120,adg=300,Y=4592,mtg=180,shg=100,bgbv=1
[22:52:00.806] RX< 414,iso=300,cnv2,hdr0
[22:52:00.806] RX< [0m[34m[b_ae0 proc] perf=1071(us), max=4664(us)!
[22:52:00.806] RX< [0m[34m[awb0 proc] perf=3820(us), max=6350(us)!
[22:52:00.806] RX< [0m[RTMP] f_index = 2430, f_len = 15873
[22:52:00.806] RX< [7] [cam] [183496][me0][me_core_thread:359]ME out fid 2430
[22:52:00.806] RX< [4] [cam] [183573][qpc0][qpc_cor
[22:52:02.372] RX< e_exception_check:405]discontinuous frame, now: 2443, last: 2441
[22:52:02.372] RX< [34m[AE] fid=2460,exp=10110,adg=300,Y=4608,mtg=180,shg=100,bgbv=1418,iso=300,cnv2,hdr0
[22:52:02.372] RX< [0m[7] [cam] [184496][me0][me_core_thread:359]ME out fid 2460
[22:52:02.372] RX< [34m[AE] fid=2490,exp=10110,adg=300,Y=4
[22:52:03.376] RX< 601,mtg=180,shg=100,bgbv=1418,iso=300,cnv2,hdr0
[22:52:03.376] RX< [0m[7] [cam] [185495][me0][me_core_thread:359]ME out fid 2490
[22:52:03.376] RX< [34m[AE] fid=2520,exp=10110,adg=300,Y=4600,mtg=180,shg=100,bgbv=1418,iso=300,cnv2,hdr0
[22:52:03.376] RX< [0m[34m[b_ae0 proc] perf=961(us), max=4164(us)!
[22:52:03.376] RX< [0m[
[22:52:03.840] RX< 34m[awb0 proc] perf=3867(us), max=5627(us)!
[22:52:03.840] RX< [0m[34m[ME INTP]fid=2520, shutter=10110, perf=347(us), max=1143(us)!
[22:52:03.840] RX< [0m[RTMP] f_index = 2520, f_len = 12626
[22:52:03.840] RX< [7] [cam] [186495][me0][me_core_thread:359]ME out fid 2520
[22:52:03.840] RX< [RTMP] slow send frame 2521 len=70971 dt=
[22:52:05.724] RX< 110ms (IDR)
[22:52:05.724] RX< [34m[AE] fid=2550,exp=10680,adg=300,Y=3827,mtg=180,shg=100,bgbv=1152,iso=300,cnv2,hdr0
[22:52:05.724] RX< [0m[7] [cam] [187495][me0][me_core_thread:359]ME out fid 2550
[22:52:05.724] RX< [34m[AE] fid=2580,exp=11380,adg=300,Y=4349,mtg=180,shg=100,bgbv=1192,iso=300,cnv2,hdr0
[22:52:05.724] RX< [0m[
[22:52:06.696] RX< 7] [cam] [188495][me0][me_core_thread:359]ME out fid 2580
[22:52:06.696] RX< [34m[AE] fid=2610,exp=10110,adg=300,Y=4605,mtg=180,shg=100,bgbv=1418,iso=300,cnv2,hdr0
[22:52:06.696] RX< [0m[34m[b_ae0 proc] perf=967(us), max=3452(us)!
[22:52:06.696] RX< [0m[34m[awb0 proc] perf=3825(us), max=4056(us)!
[22:52:06.696] RX< [0m[RTMP
[22:52:07.712] RX< ] f_index = 2610, f_len = 16453
[22:52:07.712] RX< [7] [cam] [189514][me0][me_core_thread:359]ME out fid 2610
[22:52:07.712] RX< [34m[AE] fid=2640,exp=10130,adg=300,Y=4586,mtg=180,shg=100,bgbv=1410,iso=300,cnv2,hdr0
[22:52:07.712] RX< [0m[34m[ME INTP]fid=2640, shutter=10130, perf=237(us), max=5722(us)!
[22:52:07.712] RX< [0m[7
[22:52:09.376] RX< ] [cam] [190495][me0][me_core_thread:359]ME out fid 2640
[22:52:09.376] RX< [34m[AE] fid=2670,exp=10520,adg=300,Y=4539,mtg=180,shg=100,bgbv=1357,iso=300,cnv2,hdr0
[22:52:09.376] RX< [0m[7] [cam] [191495][me0][me_core_thread:359]ME out fid 2670
[22:52:09.376] RX< [34m[AE] fid=2700,exp=10130,adg=300,Y=4578,mtg=
[22:52:09.804] RX< 180,shg=100,bgbv=1410,iso=300,cnv2,hdr0
[22:52:09.804] RX< [0m[34m[b_ae0 proc] perf=1091(us), max=2559(us)!
[22:52:09.804] RX< [0m[34m[awb0 proc] perf=3835(us), max=4133(us)!
[22:52:09.804] RX< [0m[RTMP] f_index = 2700, f_len = 15103
[22:52:09.804] RX< [7] [cam] [192494][me0][me_core_thread:359]ME out fid 2700
[22:52:09.804] RX< [4] [cam] [192
[22:52:11.370] RX< 572][qpc0][qpc_core_exception_check:405]discontinuous frame, now: 2713, last: 2711
[22:52:11.370] RX< [34m[AE] fid=2730,exp=10370,adg=300,Y=4615,mtg=180,shg=100,bgbv=1385,iso=300,cnv2,hdr0
[22:52:11.370] RX< [0m[7] [cam] [193494][me0][me_core_thread:359]ME out fid 2730
[22:52:11.370] RX< [34m[AE] fid=2760,exp
[22:52:12.375] RX< =10310,adg=300,Y=4627,mtg=180,shg=100,bgbv=1393,iso=300,cnv2,hdr0
[22:52:12.375] RX< [0m[34m[ME INTP]fid=2760, shutter=10310, perf=237(us), max=889(us)!
[22:52:12.375] RX< [0m[7] [cam] [194494][me0][me_core_thread:359]ME out fid 2760
[22:52:12.375] RX< [34m[AE] fid=2790,exp=10530,adg=300,Y=4544,mtg=180,shg=1
[22:52:12.803] RX< 00,bgbv=1353,iso=300,cnv2,hdr0
[22:52:12.803] RX< [0m[34m[b_ae0 proc] perf=928(us), max=2357(us)!
[22:52:12.803] RX< [0m[34m[awb0 proc] perf=3807(us), max=4510(us)!
[22:52:12.803] RX< [0m[RTMP] f_index = 2790, f_len = 14460
[22:52:12.803] RX< [7] [cam] [195494][me0][me_core_thread:359]ME out fid 2790
[22:52:12.803] RX< [4] [cam] [195572][qpc0]
[22:52:13.770] RX< [qpc_core_exception_check:405]discontinuous frame, now: 2803, last: 2801
[22:52:13.770] RX< [34m[AE] fid=2820,exp=10450,adg=300,Y=4636,mtg=180,shg=100,bgbv=1377,iso=300,cnv2,hdr0
[22:52:13.770] RX< [0m[7] [cam] [196494][me0][me_core_thread:359]ME out fid 2820
[22:52:13.770] RX< [RTMP] slow send frame 2821 len=
[22:52:15.378] RX< 66796 dt=55ms (IDR)
[22:52:15.378] RX< [34m[AE] fid=2850,exp=11240,adg=300,Y=3986,mtg=180,shg=100,bgbv=1158,iso=300,cnv2,hdr0
[22:52:15.378] RX< [0m[7] [cam] [197494][me0][me_core_thread:359]ME out fid 2850
[22:52:15.378] RX< [34m[AE] fid=2880,exp=10160,adg=300,Y=4645,mtg=180,shg=100,bgbv=1414,iso=300,cnv2,hd
[22:52:15.713] RX< r0
[22:52:15.713] RX< [0m[34m[b_ae0 proc] perf=979(us), max=1264(us)!
[22:52:15.713] RX< [0m[34m[awb0 proc] perf=3834(us), max=4586(us)!
[22:52:15.713] RX< [0m[34m[ME INTP]fid=2880, shutter=10160, perf=2411(us), max=5023(us)!
[22:52:15.713] RX< [0m[RTMP] f_index = 2880, f_len = 18672
[22:52:15.713] RX< [7] [cam] [198494][me0][me_core_thread:
[22:52:17.369] RX< 359]ME out fid 2880
[22:52:17.369] RX< [34m[AE] fid=2910,exp=11390,adg=300,Y=3700,mtg=180,shg=100,bgbv=1084,iso=300,cnv2,hdr0
[22:52:17.369] RX< [0m[7] [cam] [199493][me0][me_core_thread:359]ME out fid 2910
[22:52:17.369] RX< [34m[AE] fid=2940,exp=10540,adg=300,Y=4487,mtg=180,shg=100,bgbv=1341,iso=300,cnv2,hd
[22:52:18.374] RX< r0
[22:52:18.374] RX< [0m[7] [cam] [200493][me0][me_core_thread:359]ME out fid 2940
[22:52:18.374] RX< [34m[AE] fid=2970,exp=10430,adg=300,Y=4655,mtg=180,shg=100,bgbv=1385,iso=300,cnv2,hdr0
[22:52:18.374] RX< [0m[34m[b_ae0 proc] perf=1104(us), max=1371(us)!
[22:52:18.374] RX< [0m[34m[awb0 proc] perf=3838(us), max=4561(us)!
[22:52:19.470] RX< [0m[RTMP] f_index = 2970, f_len = 14627
[22:52:19.470] RX< [7] [cam] [201493][me0][me_core_thread:359]ME out fid 2970
[22:52:19.470] RX< [34m[AE] fid=3000,exp=10110,adg=300,Y=4622,mtg=180,shg=100,bgbv=1422,iso=300,cnv2,hdr0
[22:52:19.470] RX< [0m[34m[ME INTP]fid=3000, shutter=10110, perf=237(us), max=5174(us
[22:52:20.721] RX< )!
[22:52:20.721] RX< [0m[7] [cam] [202493][me0][me_core_thread:359]ME out fid 3000
[22:52:20.721] RX< [RTMP] slow send frame 3001 len=70715 dt=55ms (IDR)
[22:52:20.721] RX< [34m[AE] fid=3030,exp=10110,adg=300,Y=4618,mtg=180,shg=100,bgbv=1422,iso=300,cnv2,hdr0
[22:52:20.721] RX< [0m[7] [cam] [203493][me0][me_core_thread:359]ME 
[22:52:21.375] RX< out fid 3030
[22:52:21.375] RX< [RTMP] slow send frame 3031 len=70796 dt=81ms (IDR)
[22:52:21.375] RX< [RTMP] slow send frame 3033 len=14523 dt=87ms
[22:52:21.375] RX< [RTMP] slow send frame 3038 len=17764 dt=67ms
[22:52:21.375] RX< [4] [cam] [203937][qpc0][qpc_core_exception_check:405]discontinuous frame, now: 3054, last: 3052
[22:52:21.375] RX< [
[22:52:21.712] RX< 34m[AE] fid=3060,exp=10730,adg=300,Y=5149,mtg=180,shg=100,bgbv=1416,iso=300,cnv2,hdr0
[22:52:21.712] RX< [0m[34m[b_ae0 proc] perf=1014(us), max=2855(us)!
[22:52:21.712] RX< [0m[34m[awb0 proc] perf=3733(us), max=5052(us)!
[22:52:21.712] RX< [0m[RTMP] f_index = 3060, f_len = 15120
[22:52:21.712] RX< [7] [cam] [204493][me0][me_
[22:52:22.802] RX< core_thread:359]ME out fid 3060
[22:52:22.802] RX< [34m[AE] fid=3090,exp=10110,adg=300,Y=4617,mtg=180,shg=100,bgbv=1422,iso=300,cnv2,hdr0
[22:52:22.802] RX< [0m[7] [cam] [205493][me0][me_core_thread:359]ME out fid 3090
[22:52:22.802] RX< [34m[awb0 proc] perf=6500(us), max=6500(us)!
[22:52:22.802] RX< [0m[4] [cam] [205570][qpc0
[22:52:23.724] RX< ][qpc_core_exception_check:405]discontinuous frame, now: 3103, last: 3101
[22:52:23.724] RX< [34m[AE] fid=3120,exp=10290,adg=300,Y=4586,mtg=180,shg=100,bgbv=1390,iso=300,cnv2,hdr0
[22:52:23.724] RX< [0m[34m[ME INTP]fid=3120, shutter=10290, perf=6(us), max=23062(us)!
[22:52:23.724] RX< [0m[7] [cam] [206493][m
[22:52:24.693] RX< e0][me_core_thread:359]ME out fid 3120
[22:52:24.693] RX< [34m[AE] fid=3150,exp=10870,adg=300,Y=4541,mtg=180,shg=100,bgbv=1319,iso=300,cnv2,hdr0
[22:52:24.693] RX< [0m[34m[b_ae0 proc] perf=994(us), max=2917(us)!
[22:52:24.693] RX< [0m[34m[awb0 proc] perf=3839(us), max=6500(us)!
[22:52:24.693] RX< [0m[RTMP] f_index = 3150, f
[22:52:25.817] RX< _len = 12867
[22:52:25.817] RX< [7] [cam] [207492][me0][me_core_thread:359]ME out fid 3150
[22:52:25.817] RX< [34m[AE] fid=3180,exp=10230,adg=300,Y=4587,mtg=180,shg=100,bgbv=1398,iso=300,cnv2,hdr0
[22:52:25.817] RX< [0m[7] [cam] [208492][me0][me_core_thread:359]ME out fid 3180
[22:52:25.817] RX< [RTMP] slow send frame 3181 len=6
[22:52:27.373] RX< 9824 dt=94ms (IDR)
[22:52:27.373] RX< [34m[AE] fid=3210,exp=10230,adg=300,Y=4581,mtg=180,shg=100,bgbv=1398,iso=300,cnv2,hdr0
[22:52:27.373] RX< [0m[7] [cam] [209492][me0][me_core_thread:359]ME out fid 3210
[22:52:27.373] RX< [34m[awb0 proc] perf=6726(us), max=6726(us)!
[22:52:27.373] RX< [0m[34m[AE] fid=3240,exp=10220,adg=300
[22:52:27.693] RX< ,Y=4609,mtg=180,shg=100,bgbv=1406,iso=300,cnv2,hdr0
[22:52:27.693] RX< [0m[34m[b_ae0 proc] perf=951(us), max=3115(us)!
[22:52:27.693] RX< [0m[34m[awb0 proc] perf=3675(us), max=6726(us)!
[22:52:27.693] RX< [0m[34m[ME INTP]fid=3240, shutter=10220, perf=6(us), max=2736(us)!
[22:52:27.693] RX< [0m[RTMP] f_index = 3240, f_len =
[22:52:28.721] RX<  14152
[22:52:28.721] RX< [7] [cam] [210492][me0][me_core_thread:359]ME out fid 3240
[22:52:28.721] RX< [4] [cam] [210569][qpc0][qpc_core_exception_check:405]discontinuous frame, now: 3253, last: 3251
[22:52:28.721] RX< [34m[AE] fid=3270,exp=10220,adg=300,Y=4620,mtg=180,shg=100,bgbv=1410,iso=300,cnv2,hdr0
[22:52:28.721] RX< [0m[
[22:52:29.714] RX< 7] [cam] [211492][me0][me_core_thread:359]ME out fid 3270
[22:52:29.714] RX< [RTMP] slow send frame 3285 len=14813 dt=160ms
[22:52:29.714] RX< [34m[AE] fid=3300,exp=10220,adg=300,Y=4620,mtg=180,shg=100,bgbv=1410,iso=300,cnv2,hdr0
[22:52:29.714] RX< [0m[34m[awb0 proc] perf=6006(us), max=6006(us)!
[22:52:29.714] RX< [0m[7] [cam]
[22:52:30.692] RX<  [212492][me0][me_core_thread:359]ME out fid 3300
[22:52:30.692] RX< [34m[AE] fid=3330,exp=10150,adg=300,Y=4593,mtg=180,shg=100,bgbv=1410,iso=300,cnv2,hdr0
[22:52:30.692] RX< [0m[34m[b_ae0 proc] perf=961(us), max=3340(us)!
[22:52:30.692] RX< [0m[34m[awb0 proc] perf=3817(us), max=6006(us)!
[22:52:30.692] RX< [0m[RTMP] f_inde
[22:52:31.708] RX< x = 3330, f_len = 16197
[22:52:31.708] RX< [7] [cam] [213492][me0][me_core_thread:359]ME out fid 3330
[22:52:31.708] RX< [34m[AE] fid=3360,exp=10270,adg=300,Y=4539,mtg=180,shg=100,bgbv=1390,iso=300,cnv2,hdr0
[22:52:31.708] RX< [0m[34m[ME INTP]fid=3360, shutter=10270, perf=6(us), max=2210(us)!
[22:52:31.708] RX< [0m[7] [cam] [2
[22:52:32.367] RX< 14491][me0][me_core_thread:359]ME out fid 3360
[22:52:32.367] RX< [34m[awb0 proc] perf=8117(us), max=8117(us)!
[22:52:32.367] RX< [0m[4] [cam] [214569][qpc0][qpc_core_exception_check:405]discontinuous frame, now: 3373, last: 3371
[22:52:32.367] RX< [34m[AE] fid=3390,exp=10250,adg=300,Y=4602,mtg=180,shg=100,bg
[22:52:33.372] RX< bv=1402,iso=300,cnv2,hdr0
[22:52:33.372] RX< [0m[7] [cam] [215491][me0][me_core_thread:359]ME out fid 3390
[22:52:33.372] RX< [34m[awb0 proc] perf=6350(us), max=8117(us)!
[22:52:33.372] RX< [0m[4] [cam] [215569][qpc0][qpc_core_exception_check:405]discontinuous frame, now: 3403, last: 3401
[22:52:33.372] RX< [34m[AE] fid=3420,e
[22:52:33.709] RX< xp=10160,adg=300,Y=4587,mtg=180,shg=100,bgbv=1406,iso=300,cnv2,hdr0
[22:52:33.709] RX< [0m[34m[b_ae0 proc] perf=952(us), max=3466(us)!
[22:52:33.709] RX< [0m[34m[awb0 proc] perf=3805(us), max=6350(us)!
[22:52:33.709] RX< [0m[RTMP] f_index = 3420, f_len = 13971
[22:52:33.709] RX< [7] [cam] [216491][me0][me_core_thread:359]ME 
[22:52:35.367] RX< out fid 3420
[22:52:35.367] RX< [34m[awb0 proc] perf=6464(us), max=6464(us)!
[22:52:35.367] RX< [0m[34m[AE] fid=3450,exp=10670,adg=300,Y=4518,mtg=180,shg=100,bgbv=1324,iso=300,cnv2,hdr0
[22:52:35.367] RX< [0m[7] [cam] [217491][me0][me_core_thread:359]ME out fid 3450
[22:52:35.367] RX< [34m[AE] fid=3480,exp=10230,adg=300,Y=465
[22:52:36.372] RX< 4,mtg=180,shg=100,bgbv=1413,iso=300,cnv2,hdr0
[22:52:36.372] RX< [0m[34m[ME INTP]fid=3480, shutter=10230, perf=237(us), max=5077(us)!
[22:52:36.372] RX< [0m[7] [cam] [218491][me0][me_core_thread:359]ME out fid 3480
[22:52:36.372] RX< [34m[AE] fid=3510,exp=10500,adg=300,Y=4574,mtg=180,shg=100,bgbv=1373,iso=30
[22:52:36.800] RX< 0,cnv2,hdr0
[22:52:36.800] RX< [0m[34m[b_ae0 proc] perf=959(us), max=4130(us)!
[22:52:36.800] RX< [0m[34m[awb0 proc] perf=3769(us), max=6464(us)!
[22:52:36.800] RX< [0m[RTMP] f_index = 3510, f_len = 37831
[22:52:36.800] RX< [7] [cam] [219491][me0][me_core_thread:359]ME out fid 3510
[22:52:36.800] RX< [4] [cam] [219568][qpc0][qpc_core_exception
[22:52:37.767] RX< _check:405]discontinuous frame, now: 3523, last: 3521
[22:52:37.767] RX< [34m[AE] fid=3540,exp=10160,adg=300,Y=4599,mtg=180,shg=100,bgbv=1406,iso=300,cnv2,hdr0
[22:52:37.767] RX< [0m[7] [cam] [220491][me0][me_core_thread:359]ME out fid 3540
[22:52:37.767] RX< [RTMP] slow send frame 3541 len=70872 dt=51ms (IDR)
[22:52:39.373] RX< 
[22:52:39.373] RX< [34m[AE] fid=3570,exp=10150,adg=300,Y=4591,mtg=180,shg=100,bgbv=1410,iso=300,cnv2,hdr0
[22:52:39.373] RX< [0m[7] [cam] [221490][me0][me_core_thread:359]ME out fid 3570
[22:52:39.373] RX< [34m[AE] fid=3600,exp=10160,adg=300,Y=4584,mtg=180,shg=100,bgbv=1406,iso=300,cnv2,hdr0
[22:52:39.373] RX< [0m[34m[b_ae0 
[22:52:39.754] RX< proc] perf=1085(us), max=3536(us)!
[22:52:39.754] RX< [0m[34m[awb0 proc] perf=3865(us), max=5832(us)!
[22:52:39.754] RX< [0m[34m[ME INTP]fid=3600, shutter=10160, perf=5(us), max=3184(us)!
[22:52:39.754] RX< [0m[RTMP] f_index = 3600, f_len = 11935
[22:52:39.754] RX< [7] [cam] [222490][me0][me_core_thread:359]ME out fid 3600
[22:52:39.754] RX< 
[22:52:40.799] RX< [34m[awb0 proc] perf=6448(us), max=6448(us)!
[22:52:40.799] RX< [0m[34m[AE] fid=3630,exp=10160,adg=300,Y=4586,mtg=180,shg=100,bgbv=1406,iso=300,cnv2,hdr0
[22:52:40.799] RX< [0m[7] [cam] [223490][me0][me_core_thread:359]ME out fid 3630
[22:52:40.799] RX< [34m[awb0 proc] perf=6227(us), max=6448(us)!
[22:52:40.799] RX< [0m[4] [c
[22:52:41.799] RX< am] [223568][qpc0][qpc_core_exception_check:405]discontinuous frame, now: 3643, last: 3641
[22:52:41.799] RX< [34m[AE] fid=3660,exp=10150,adg=300,Y=4590,mtg=180,shg=100,bgbv=1410,iso=300,cnv2,hdr0
[22:52:41.799] RX< [0m[7] [cam] [224490][me0][me_core_thread:359]ME out fid 3660
[22:52:41.799] RX< [4] [cam] [224
[22:52:42.372] RX< 568][qpc0][qpc_core_exception_check:405]discontinuous frame, now: 3673, last: 3671
[22:52:42.372] RX< [34m[AE] fid=3690,exp=10150,adg=300,Y=4588,mtg=180,shg=100,bgbv=1410,iso=300,cnv2,hdr0
[22:52:42.372] RX< [0m[34m[b_ae0 proc] perf=986(us), max=1085(us)!
[22:52:42.372] RX< [0m[34m[awb0 proc] perf=3796(us)
[22:52:43.366] RX< , max=6227(us)!
[22:52:43.366] RX< [0m[RTMP] f_index = 3690, f_len = 12841
[22:52:43.366] RX< [7] [cam] [225490][me0][me_core_thread:359]ME out fid 3690
[22:52:43.366] RX< [34m[awb0 proc] perf=6407(us), max=6407(us)!
[22:52:43.366] RX< [0m[34m[AE] fid=3720,exp=10160,adg=300,Y=4581,mtg=180,shg=100,bgbv=1406,iso=300,cnv2,hdr0
[22:52:43.366] RX< [
[22:52:44.719] RX< 0m[34m[ME INTP]fid=3720, shutter=10160, perf=1982(us), max=2811(us)!
[22:52:44.719] RX< [0m[7] [cam] [226490][me0][me_core_thread:359]ME out fid 3720
[22:52:44.719] RX< [34m[AE] fid=3750,exp=10220,adg=300,Y=4600,mtg=180,shg=100,bgbv=1406,iso=300,cnv2,hdr0
[22:52:44.719] RX< [0m[7] [cam] [227490][me0][me_core
[22:52:45.370] RX< _thread:359]ME out fid 3750
[22:52:45.370] RX< [34m[awb0 proc] perf=6025(us), max=6407(us)!
[22:52:45.370] RX< [0m[34m[AE] fid=3780,exp=10270,adg=300,Y=4484,mtg=180,shg=100,bgbv=1374,iso=300,cnv2,hdr0
[22:52:45.370] RX< [0m[34m[b_ae0 proc] perf=986(us), max=1980(us)!
[22:52:45.370] RX< [0m[34m[awb0 proc] perf=3686(us), max
[22:52:46.718] RX< =6025(us)!
[22:52:46.718] RX< [0m[RTMP] f_index = 3780, f_len = 6236
[22:52:46.718] RX< [7] [cam] [228490][me0][me_core_thread:359]ME out fid 3780
[22:52:46.718] RX< [34m[AE] fid=3810,exp=11280,adg=300,Y=4506,mtg=180,shg=112,bgbv=1258,iso=300,cnv2,hdr0
[22:52:46.718] RX< [0m[7] [cam] [229489][me0][me_core_thread:359]ME out fid 
[22:52:48.370] RX< 3810
[22:52:48.370] RX< [34m[AE] fid=3840,exp=10190,adg=300,Y=4657,mtg=180,shg=100,bgbv=1414,iso=300,cnv2,hdr0
[22:52:48.370] RX< [0m[34m[ME INTP]fid=3840, shutter=10190, perf=2209(us), max=4099(us)!
[22:52:48.370] RX< [0m[7] [cam] [230489][me0][me_core_thread:359]ME out fid 3840
[22:52:48.370] RX< [34m[AE] fid=3870,exp=10120
[22:52:48.706] RX< ,adg=300,Y=4595,mtg=180,shg=100,bgbv=1414,iso=300,cnv2,hdr0
[22:52:48.706] RX< [0m[34m[b_ae0 proc] perf=1069(us), max=2936(us)!
[22:52:48.706] RX< [0m[34m[awb0 proc] perf=3796(us), max=4112(us)!
[22:52:48.706] RX< [0m[RTMP] f_index = 3870, f_len = 15477
[22:52:48.706] RX< [7] [cam] [231489][me0][me_core_thread:359]ME out fid
[22:52:49.717] RX<  3870
[22:52:49.717] RX< [34m[awb0 proc] perf=6570(us), max=6570(us)!
[22:52:49.717] RX< [0m[4] [cam] [231567][qpc0][qpc_core_exception_check:405]discontinuous frame, now: 3883, last: 3881
[22:52:49.717] RX< [34m[AE] fid=3900,exp=10160,adg=300,Y=4572,mtg=180,shg=100,bgbv=1402,iso=300,cnv2,hdr0
[22:52:49.717] RX< [0m[7] [cam] [
[22:52:50.364] RX< 232489][me0][me_core_thread:359]ME out fid 3900
[22:52:50.364] RX< [34m[awb0 proc] perf=6445(us), max=6570(us)!
[22:52:50.364] RX< [0m[4] [cam] [232566][qpc0][qpc_core_exception_check:405]discontinuous frame, now: 3913, last: 3911
[22:52:50.364] RX< [34m[AE] fid=3930,exp=10140,adg=300,Y=4612,mtg=180,shg=100,b
[22:52:51.369] RX< gbv=1414,iso=300,cnv2,hdr0
[22:52:51.369] RX< [0m[7] [cam] [233489][me0][me_core_thread:359]ME out fid 3930
[22:52:51.369] RX< [34m[awb0 proc] perf=6679(us), max=6679(us)!
[22:52:51.369] RX< [0m[34m[AE] fid=3960,exp=10160,adg=300,Y=4541,mtg=180,shg=100,bgbv=1398,iso=300,cnv2,hdr0
[22:52:51.369] RX< [0m[34m[b_ae0 proc] perf=9
[22:52:51.752] RX< 55(us), max=1297(us)!
[22:52:51.752] RX< [0m[34m[awb0 proc] perf=3800(us), max=6679(us)!
[22:52:51.752] RX< [0m[34m[ME INTP]fid=3960, shutter=10160, perf=6(us), max=3206(us)!
[22:52:51.752] RX< [0m[RTMP] f_index = 3960, f_len = 15710
[22:52:51.752] RX< [7] [cam] [234489][me0][me_core_thread:359]ME out fid 3960
[22:52:51.752] RX< [34m[awb0 pro
[22:52:52.717] RX< c] perf=6085(us), max=6085(us)!
[22:52:52.717] RX< [0m[4] [cam] [234566][qpc0][qpc_core_exception_check:405]discontinuous frame, now: 3973, last: 3971
[22:52:52.717] RX< [34m[AE] fid=3990,exp=10280,adg=300,Y=4594,mtg=180,shg=100,bgbv=1394,iso=300,cnv2,hdr0
[22:52:52.717] RX< [0m[7] [cam] [235489][me0][me_core
[22:52:53.716] RX< _thread:359]ME out fid 3990
[22:52:53.716] RX< [4] [cam] [235566][qpc0][qpc_core_exception_check:405]discontinuous frame, now: 4003, last: 4001
[22:52:53.716] RX< [34m[AE] fid=4020,exp=10280,adg=300,Y=4613,mtg=180,shg=100,bgbv=1402,iso=300,cnv2,hdr0
[22:52:53.716] RX< [0m[7] [cam] [236488][me0][me_core_thread:
[22:52:54.370] RX< 359]ME out fid 4020
[22:52:54.370] RX< [34m[awb0 proc] perf=6963(us), max=6963(us)!
[22:52:54.370] RX< [0m[34m[AE] fid=4050,exp=10280,adg=300,Y=4602,mtg=180,shg=100,bgbv=1398,iso=300,cnv2,hdr0
[22:52:54.370] RX< [0m[34m[b_ae0 proc] perf=972(us), max=3729(us)!
[22:52:54.370] RX< [0m[34m[awb0 proc] perf=3672(us), max=6963(us
[22:52:55.464] RX< )!
[22:52:55.464] RX< [0m[RTMP] f_index = 4050, f_len = 14869
[22:52:55.464] RX< [7] [cam] [237488][me0][me_core_thread:359]ME out fid 4050
[22:52:55.464] RX< [34m[awb0 proc] perf=6173(us), max=6173(us)!
[22:52:55.464] RX< [0m[34m[AE] fid=4080,exp=10150,adg=300,Y=4596,mtg=180,shg=100,bgbv=1410,iso=300,cnv2,hdr0
[22:52:55.464] RX< [0m[34m[ME IN
[22:52:56.365] RX< TP]fid=4080, shutter=10150, perf=6(us), max=1274(us)!
[22:52:56.365] RX< [0m[7] [cam] [238488][me0][me_core_thread:359]ME out fid 4080
[22:52:56.365] RX< [4] [cam] [238565][qpc0][qpc_core_exception_check:405]discontinuous frame, now: 4093, last: 4091
[22:52:56.365] RX< [34m[AE] fid=4110,exp=10910,adg=300,Y=440
[22:52:57.369] RX< 6,mtg=180,shg=149,bgbv=1288,iso=300,cnv2,hdr0
[22:52:57.369] RX< [0m[7] [cam] [239488][me0][me_core_thread:359]ME out fid 4110
[22:52:57.369] RX< [4] [cam] [239566][qpc0][qpc_core_exception_check:405]discontinuous frame, now: 4123, last: 4121
[22:52:57.369] RX< [34m[AE] fid=4140,exp=11120,adg=300,Y=4529,mtg=18
[22:52:58.364] RX< 0,shg=100,bgbv=1288,iso=300,cnv2,hdr0
[22:52:58.364] RX< [0m[34m[b_ae0 proc] perf=1024(us), max=3163(us)!
[22:52:58.364] RX< [0m[34m[awb0 proc] perf=3813(us), max=6173(us)!
[22:52:58.364] RX< [0m[RTMP] f_index = 4140, f_len = 15024
[22:52:58.364] RX< [7] [cam] [240488][me0][me_core_thread:359]ME out fid 4140
[22:52:58.364] RX< [34m[AE] fid=41
[22:52:59.467] RX< 70,exp=11320,adg=300,Y=4477,mtg=180,shg=100,bgbv=1255,iso=300,cnv2,hdr0
[22:52:59.467] RX< [0m[7] [cam] [241488][me0][me_core_thread:359]ME out fid 4170
[22:52:59.467] RX< [34m[AE] fid=4200,exp=10730,adg=300,Y=4332,mtg=180,shg=100,bgbv=1292,iso=300,cnv2,hdr0
[22:52:59.467] RX< [0m[34m[ME INTP]fid=4200, shutt
[22:53:00.363] RX< er=10730, perf=2096(us), max=11019(us)!
[22:53:00.363] RX< [0m[7] [cam] [242488][me0][me_core_thread:359]ME out fid 4200
[22:53:00.363] RX< [34m[AE] fid=4230,exp=11980,adg=300,Y=4780,mtg=180,shg=100,bgbv=1279,iso=300,cnv2,hdr0
[22:53:00.363] RX< [0m[34m[b_ae0 proc] perf=984(us), max=2234(us)!
[22:53:00.363] RX< [0m[34m[awb0
[22:53:01.715] RX<  proc] perf=3881(us), max=3912(us)!
[22:53:01.715] RX< [0m[RTMP] f_index = 4230, f_len = 16819
[22:53:01.715] RX< [7] [cam] [243487][me0][me_core_thread:359]ME out fid 4230
[22:53:01.715] RX< [34m[AE] fid=4260,exp=12230,adg=300,Y=4303,mtg=180,shg=149,bgbv=1090,iso=300,cnv2,hdr0
[22:53:01.715] RX< [0m[7] [cam] [244487][me0][me_c
[22:53:03.370] RX< ore_thread:359]ME out fid 4260
[22:53:03.370] RX< [34m[AE] fid=4290,exp=12730,adg=300,Y=4555,mtg=180,shg=107,bgbv=1166,iso=300,cnv2,hdr0
[22:53:03.370] RX< [0m[7] [cam] [245487][me0][me_core_thread:359]ME out fid 4290
[22:53:03.370] RX< [34m[AE] fid=4320,exp=13390,adg=300,Y=4465,mtg=180,shg=108,bgbv=1108,iso=
[22:53:03.705] RX< 300,cnv2,hdr0
[22:53:03.705] RX< [0m[34m[b_ae0 proc] perf=1020(us), max=1123(us)!
[22:53:03.705] RX< [0m[34m[awb0 proc] perf=3818(us), max=3925(us)!
[22:53:03.705] RX< [0m[34m[ME INTP]fid=4320, shutter=13390, perf=2228(us), max=4715(us)!
[22:53:03.705] RX< [0m[RTMP] f_index = 4320, f_len = 18341
[22:53:03.705] RX< [7] [cam] [246487][me0][me_
[22:53:05.365] RX< core_thread:359]ME out fid 4320
[22:53:05.365] RX< [34m[AE] fid=4350,exp=13700,adg=300,Y=4152,mtg=180,shg=100,bgbv=986,iso=300,cnv2,hdr0
[22:53:05.365] RX< [0m[7] [cam] [247487][me0][me_core_thread:359]ME out fid 4350
[22:53:05.365] RX< [34m[AE] fid=4380,exp=10120,adg=300,Y=4596,mtg=180,shg=100,bgbv=1414,iso=
[22:53:06.367] RX< 300,cnv2,hdr0
[22:53:06.367] RX< [0m[7] [cam] [248487][me0][me_core_thread:359]ME out fid 4380
[22:53:06.367] RX< [RTMP] slow send frame 4381 len=69463 dt=52ms (IDR)
[22:53:06.367] RX< [34m[AE] fid=4410,exp=10590,adg=300,Y=4832,mtg=180,shg=111,bgbv=1395,iso=300,cnv2,hdr0
[22:53:06.367] RX< [0m[34m[b_ae0 proc] perf=989(us), max
[22:53:07.462] RX< =1118(us)!
[22:53:07.462] RX< [0m[34m[awb0 proc] perf=3685(us), max=4096(us)!
[22:53:07.462] RX< [0m[RTMP] f_index = 4410, f_len = 17850
[22:53:07.462] RX< [7] [cam] [249487][me0][me_core_thread:359]ME out fid 4410
[22:53:07.462] RX< [34m[AE] fid=4440,exp=10090,adg=300,Y=4706,mtg=180,shg=100,bgbv=1433,iso=300,cnv2,hdr0
[22:53:07.462] RX< [0m[
[22:53:08.714] RX< 34m[ME INTP]fid=4440, shutter=10090, perf=237(us), max=3737(us)!
[22:53:08.714] RX< [0m[7] [cam] [250487][me0][me_core_thread:359]ME out fid 4440
[22:53:08.714] RX< [34m[AE] fid=4470,exp=10040,adg=300,Y=4607,mtg=180,shg=100,bgbv=1426,iso=300,cnv2,hdr0
[22:53:08.714] RX< [0m[7] [cam] [251486][me0][me_core_thre
[22:53:09.703] RX< ad:359]ME out fid 4470
[22:53:09.703] RX< [34m[AE] fid=4500,exp=10030,adg=300,Y=4615,mtg=180,shg=100,bgbv=1430,iso=300,cnv2,hdr0
[22:53:09.703] RX< [0m[34m[b_ae0 proc] perf=944(us), max=4031(us)!
[22:53:09.703] RX< [0m[34m[awb0 proc] perf=3804(us), max=4143(us)!
[22:53:09.703] RX< [0m[RTMP] f_index = 4500, f_len = 13614
[22:53:09.703] RX< [7]
[22:53:10.362] RX<  [cam] [252486][me0][me_core_thread:359]ME out fid 4500
[22:53:10.362] RX< [34m[awb0 proc] perf=6558(us), max=6558(us)!
[22:53:10.362] RX< [0m[4] [cam] [252564][qpc0][qpc_core_exception_check:405]discontinuous frame, now: 4513, last: 4511
[22:53:10.362] RX< [34m[AE] fid=4530,exp=11780,adg=300,Y=3588,mtg=180,s
[22:53:11.462] RX< hg=100,bgbv=1067,iso=300,cnv2,hdr0
[22:53:11.462] RX< [0m[7] [cam] [253486][me0][me_core_thread:359]ME out fid 4530
[22:53:11.462] RX< [34m[AE] fid=4560,exp=10070,adg=294,Y=4706,mtg=180,shg=100,bgbv=1457,iso=294,cnv2,hdr0
[22:53:11.462] RX< [0m[34m[ME INTP]fid=4560, shutter=10070, perf=238(us), max=6034(us)!
[22:53:12.366] RX< 
[22:53:12.366] RX< [0m[7] [cam] [254486][me0][me_core_thread:359]ME out fid 4560
[22:53:12.366] RX< [34m[AE] fid=4590,exp=10730,adg=300,Y=4514,mtg=180,shg=100,bgbv=1324,iso=300,cnv2,hdr0
[22:53:12.366] RX< [0m[34m[b_ae0 proc] perf=999(us), max=1106(us)!
[22:53:12.366] RX< [0m[34m[awb0 proc] perf=3837(us), max=6558(us)!
[22:53:12.366] RX< [0
[22:53:14.361] RX< m[RTMP] f_index = 4590, f_len = 14049
[22:53:14.361] RX< [7] [cam] [255486][me0][me_core_thread:359]ME out fid 4590
[22:53:14.361] RX< [34m[AE] fid=4620,exp=10890,adg=300,Y=4265,mtg=180,shg=100,bgbv=1254,iso=300,cnv2,hdr0
[22:53:14.361] RX< [0m[7] [cam] [256486][me0][me_core_thread:359]ME out fid 4620
[22:53:14.361] RX< [34m[AE
[22:53:15.369] RX< ] fid=4650,exp=12560,adg=300,Y=4510,mtg=180,shg=149,bgbv=1142,iso=300,cnv2,hdr0
[22:53:15.369] RX< [0m[7] [cam] [257486][me0][me_core_thread:359]ME out fid 4650
[22:53:15.369] RX< [34m[AE] fid=4680,exp=15090,adg=319,Y=3425,mtg=180,shg=149,bgbv=654,iso=319,cnv2,hdr0
[22:53:15.369] RX< [0m[34m[b_ae0 proc] perf
[22:53:16.361] RX< =1036(us), max=1671(us)!
[22:53:16.361] RX< [0m[34m[awb0 proc] perf=3853(us), max=3894(us)!
[22:53:16.361] RX< [0m[34m[ME INTP]fid=4680, shutter=15090, perf=3086(us), max=4910(us)!
[22:53:16.361] RX< [0m[RTMP] f_index = 4680, f_len = 20020
[22:53:16.361] RX< [7] [cam] [258485][me0][me_core_thread:359]ME out fid 4680
[22:53:16.361] RX< [34m[AE
[22:53:17.714] RX< ] fid=4710,exp=16360,adg=400,Y=3052,mtg=180,shg=179,bgbv=279,iso=400,cnv2,hdr0
[22:53:17.714] RX< [0m[7] [cam] [259485][me0][me_core_thread:359]ME out fid 4710
[22:53:17.714] RX< [34m[AE] fid=4740,exp=16450,adg=400,Y=3133,mtg=180,shg=189,bgbv=289,iso=400,cnv2,hdr0
[22:53:17.714] RX< [0m[7] [cam] [260485][me0]
[22:53:18.688] RX< [me_core_thread:359]ME out fid 4740
[22:53:18.688] RX< [34m[AE] fid=4770,exp=15100,adg=307,Y=3803,mtg=180,shg=155,bgbv=772,iso=307,cnv2,hdr0
[22:53:18.688] RX< [0m[34m[b_ae0 proc] perf=1099(us), max=1109(us)!
[22:53:18.688] RX< [0m[34m[awb0 proc] perf=3867(us), max=3940(us)!
[22:53:18.688] RX< [0m[RTMP] f_index = 4770, f_le
[22:53:19.701] RX< n = 22718
[22:53:19.701] RX< [7] [cam] [261485][me0][me_core_thread:359]ME out fid 4770
[22:53:19.701] RX< [34m[AE] fid=4800,exp=14800,adg=300,Y=3963,mtg=180,shg=149,bgbv=868,iso=300,cnv2,hdr0
[22:53:19.701] RX< [0m[34m[ME INTP]fid=4800, shutter=14800, perf=254(us), max=5267(us)!
[22:53:19.701] RX< [0m[7] [cam] [262485][me0][m
[22:53:20.713] RX< e_core_thread:359]ME out fid 4800
[22:53:20.713] RX< [4] [cam] [262562][qpc0][qpc_core_exception_check:405]discontinuous frame, now: 4813, last: 4811
[22:53:20.713] RX< [34m[AE] fid=4830,exp=13850,adg=300,Y=4126,mtg=180,shg=149,bgbv=967,iso=300,cnv2,hdr0
[22:53:20.713] RX< [0m[7] [cam] [263485][me0][me_core_th
[22:53:21.364] RX< read:359]ME out fid 4830
[22:53:21.364] RX< [4] [cam] [263562][qpc0][qpc_core_exception_check:405]discontinuous frame, now: 4843, last: 4841
[22:53:21.364] RX< [34m[AE] fid=4860,exp=14250,adg=300,Y=4088,mtg=180,shg=149,bgbv=935,iso=300,cnv2,hdr0
[22:53:21.364] RX< [0m[34m[b_ae0 proc] perf=982(us), max=1814(us
[22:53:22.713] RX< )!
[22:53:22.713] RX< [0m[34m[awb0 proc] perf=3837(us), max=5942(us)!
[22:53:22.713] RX< [0m[RTMP] f_index = 4860, f_len = 13342
[22:53:22.713] RX< [7] [cam] [264485][me0][me_core_thread:359]ME out fid 4860
[22:53:22.713] RX< [34m[AE] fid=4890,exp=13550,adg=300,Y=4185,mtg=180,shg=149,bgbv=1000,iso=300,cnv2,hdr0
[22:53:22.713] RX< [0m[7] [cam] 
[22:53:23.700] RX< [265484][me0][me_core_thread:359]ME out fid 4890
[22:53:23.700] RX< [34m[AE] fid=4920,exp=13560,adg=300,Y=4171,mtg=180,shg=150,bgbv=996,iso=300,cnv2,hdr0
[22:53:23.700] RX< [0m[34m[ME INTP]fid=4920, shutter=13560, perf=238(us), max=10306(us)!
[22:53:23.700] RX< [0m[7] [cam] [266484][me0][me_core_thread:359]M
[22:53:24.365] RX< E out fid 4920
[22:53:24.365] RX< [RTMP] slow send frame 4921 len=84842 dt=86ms (IDR)
[22:53:24.365] RX< [34m[AE] fid=4950,exp=13460,adg=300,Y=4210,mtg=180,shg=149,bgbv=1011,iso=300,cnv2,hdr0
[22:53:24.365] RX< [0m[34m[b_ae0 proc] perf=988(us), max=3768(us)!
[22:53:24.365] RX< [0m[34m[awb0 proc] perf=3714(us), max=5944(us)!
[22:53:24.859] RX< [0m[RTMP] f_index = 4950, f_len = 12422
[22:53:24.859] RX< [7] [cam] [267484][me0][me_core_thread:359]ME out fid 4950
[22:53:24.859] RX< [RTMP] slow send frame 4951 len=85574 dt=80ms (IDR)
[22:53:24.859] RX< [4] [cam] [267596][qpc0][qpc_core_exception_check:411]interp not finish in sof, fid: 4963
[22:53:24.859] RX< [4] [cam] [267
[22:53:25.760] RX< 628][qpc0][qpc_core_exception_check:405]discontinuous frame, now: 4965, last: 4963
[22:53:25.760] RX< [34m[AE] fid=4980,exp=13570,adg=300,Y=4160,mtg=180,shg=149,bgbv=992,iso=300,cnv2,hdr0
[22:53:25.760] RX< [0m[7] [cam] [268484][me0][me_core_thread:359]ME out fid 4980
[22:53:25.760] RX< [RTMP] slow send frame 
[22:53:27.363] RX< 4981 len=87416 dt=53ms (IDR)
[22:53:27.363] RX< [34m[AE] fid=5010,exp=13800,adg=300,Y=4145,mtg=180,shg=150,bgbv=973,iso=300,cnv2,hdr0
[22:53:27.363] RX< [0m[7] [cam] [269484][me0][me_core_thread:359]ME out fid 5010
[22:53:27.363] RX< [RTMP] slow send frame 5011 len=89416 dt=71ms (IDR)
[22:53:27.363] RX< [34m[AE] fid=5040,exp=13
[22:53:27.683] RX< 590,adg=300,Y=4207,mtg=180,shg=149,bgbv=1003,iso=300,cnv2,hdr0
[22:53:27.683] RX< [0m[34m[b_ae0 proc] perf=1081(us), max=3279(us)!
[22:53:27.683] RX< [0m[34m[awb0 proc] perf=3832(us), max=4151(us)!
[22:53:27.683] RX< [0m[34m[ME INTP]fid=5040, shutter=13590, perf=237(us), max=15965(us)!
[22:53:27.683] RX< [0m[RTMP] f_index 
[22:53:27.793] RX< = 5040, f_len = 13566
[22:53:27.793] RX< [7] [cam] [270484][me0][me_core_thread:359]ME out fid 5040
[22:53:27.793] RX< [4] [cam] [270532][qpc0][qpc_core_exception_check:411]interp not finish in sof, fid: 5051
[22:53:27.793] RX< [4] [cam] [270561][qpc0][qpc_core_exception_check:405]discontinuous frame, now: 5053,
[22:53:28.793] RX<  last: 5051
[22:53:28.793] RX< [34m[AE] fid=5070,exp=13540,adg=300,Y=4190,mtg=180,shg=150,bgbv=1005,iso=300,cnv2,hdr0
[22:53:28.793] RX< [0m[7] [cam] [271484][me0][me_core_thread:359]ME out fid 5070
[22:53:28.793] RX< [4] [cam] [271561][qpc0][qpc_core_exception_check:405]discontinuous frame, now: 5083, last: 5
[22:53:30.363] RX< 081
[22:53:30.363] RX< [34m[AE] fid=5100,exp=13540,adg=300,Y=4188,mtg=180,shg=150,bgbv=1005,iso=300,cnv2,hdr0
[22:53:30.363] RX< [0m[7] [cam] [272484][me0][me_core_thread:359]ME out fid 5100
[22:53:30.363] RX< [34m[AE] fid=5130,exp=13550,adg=300,Y=4186,mtg=180,shg=150,bgbv=1000,iso=300,cnv2,hdr0
[22:53:30.363] RX< [0m[34m[b_a
[22:53:30.792] RX< e0 proc] perf=971(us), max=4109(us)!
[22:53:30.792] RX< [0m[34m[awb0 proc] perf=3876(us), max=5159(us)!
[22:53:30.792] RX< [0m[RTMP] f_index = 5130, f_len = 10814
[22:53:30.792] RX< [7] [cam] [273483][me0][me_core_thread:359]ME out fid 5130
[22:53:30.792] RX< [34m[awb0 proc] perf=6648(us), max=6648(us)!
[22:53:30.792] RX< [0m[4] [cam] [273561]
[22:53:31.699] RX< [qpc0][qpc_core_exception_check:405]discontinuous frame, now: 5143, last: 5141
[22:53:31.699] RX< [34m[AE] fid=5160,exp=13450,adg=300,Y=4214,mtg=180,shg=149,bgbv=1014,iso=300,cnv2,hdr0
[22:53:31.699] RX< [0m[34m[ME INTP]fid=5160, shutter=13450, perf=6(us), max=2495(us)!
[22:53:31.699] RX< [0m[7] [cam] [27448
[22:53:32.359] RX< 3][me0][me_core_thread:359]ME out fid 5160
[22:53:32.359] RX< [4] [cam] [274530][qpc0][qpc_core_exception_check:411]interp not finish in sof, fid: 5171
[22:53:32.359] RX< [4] [cam] [274561][qpc0][qpc_core_exception_check:405]discontinuous frame, now: 5173, last: 5171
[22:53:32.359] RX< [34m[AE] fid=5190,exp=133
[22:53:33.363] RX< 90,adg=300,Y=4155,mtg=180,shg=149,bgbv=1001,iso=300,cnv2,hdr0
[22:53:33.363] RX< [0m[7] [cam] [275483][me0][me_core_thread:359]ME out fid 5190
[22:53:33.363] RX< [4] [cam] [275561][qpc0][qpc_core_exception_check:405]discontinuous frame, now: 5203, last: 5201
[22:53:33.363] RX< [34m[AE] fid=5220,exp=13380,adg=3
[22:53:33.759] RX< 00,Y=4175,mtg=180,shg=149,bgbv=1009,iso=300,cnv2,hdr0
[22:53:33.759] RX< [0m[34m[b_ae0 proc] perf=976(us), max=3091(us)!
[22:53:33.759] RX< [0m[34m[awb0 proc] perf=3860(us), max=6648(us)!
[22:53:33.759] RX< [0m[RTMP] f_index = 5220, f_len = 15464
[22:53:33.759] RX< [7] [cam] [276483][me0][me_core_thread:359]ME out fid 5220
[22:53:33.759] RX< [
[22:53:34.358] RX< 4] [cam] [276528][qpc0][qpc_core_exception_check:411]interp not finish in sof, fid: 5231
[22:53:34.358] RX< [4] [cam] [276561][qpc0][qpc_core_exception_check:405]discontinuous frame, now: 5233, last: 5231
[22:53:34.358] RX< [34m[AE] fid=5250,exp=13380,adg=300,Y=4185,mtg=180,shg=149,bgbv=1009,
[22:53:34.792] RX< iso=300,cnv2,hdr0
[22:53:34.792] RX< [0m[7] [cam] [277483][me0][me_core_thread:359]ME out fid 5250
[22:53:34.792] RX< [4] [cam] [277530][qpc0][qpc_core_exception_check:411]interp not finish in sof, fid: 5261
[22:53:34.792] RX< [4] [cam] [277560][qpc0][qpc_core_exception_check:405]discontinuous frame, now: 5263,
[22:53:35.794] RX<  last: 5261
[22:53:35.794] RX< [34m[AE] fid=5280,exp=13360,adg=300,Y=4211,mtg=180,shg=149,bgbv=1018,iso=300,cnv2,hdr0
[22:53:35.794] RX< [0m[34m[ME INTP]fid=5280, shutter=13360, perf=6(us), max=1336(us)!
[22:53:35.794] RX< [0m[7] [cam] [278483][me0][me_core_thread:359]ME out fid 5280
[22:53:35.794] RX< [RTMP] slow send frame 5
[22:53:36.683] RX< 281 len=88788 dt=89ms (IDR)
[22:53:36.683] RX< [34m[AE] fid=5310,exp=13330,adg=300,Y=4191,mtg=180,shg=150,bgbv=1015,iso=300,cnv2,hdr0
[22:53:36.683] RX< [0m[34m[b_ae0 proc] perf=919(us), max=1359(us)!
[22:53:36.683] RX< [0m[34m[awb0 proc] perf=3749(us), max=4131(us)!
[22:53:36.683] RX< [0m[RTMP] f_index = 5310, f_len = 1452
[22:53:37.710] RX< 4
[22:53:37.710] RX< [7] [cam] [279483][me0][me_core_thread:359]ME out fid 5310
[22:53:37.710] RX< [4] [cam] [279560][qpc0][qpc_core_exception_check:405]discontinuous frame, now: 5323, last: 5321
[22:53:37.710] RX< [34m[AE] fid=5340,exp=13330,adg=300,Y=4195,mtg=180,shg=150,bgbv=1015,iso=300,cnv2,hdr0
[22:53:37.710] RX< [0m[7] [c
[22:53:38.710] RX< am] [280482][me0][me_core_thread:359]ME out fid 5340
[22:53:38.710] RX< [4] [cam] [280560][qpc0][qpc_core_exception_check:405]discontinuous frame, now: 5353, last: 5351
[22:53:38.710] RX< [34m[AE] fid=5370,exp=13330,adg=300,Y=4211,mtg=180,shg=150,bgbv=1019,iso=300,cnv2,hdr0
[22:53:38.710] RX< [0m[7] [cam] [281
[22:53:39.363] RX< 482][me0][me_core_thread:359]ME out fid 5370
[22:53:39.363] RX< [4] [cam] [281528][qpc0][qpc_core_exception_check:411]interp not finish in sof, fid: 5381
[22:53:39.363] RX< [4] [cam] [281560][qpc0][qpc_core_exception_check:405]discontinuous frame, now: 5383, last: 5381
[22:53:39.363] RX< [34m[AE] fid=5400,exp=1
[22:53:39.683] RX< 3340,adg=300,Y=4166,mtg=180,shg=150,bgbv=1006,iso=300,cnv2,hdr0
[22:53:39.683] RX< [0m[34m[b_ae0 proc] perf=897(us), max=3434(us)!
[22:53:39.683] RX< [0m[34m[awb0 proc] perf=3842(us), max=4092(us)!
[22:53:39.683] RX< [0m[34m[ME INTP]fid=5400, shutter=13340, perf=6(us), max=802(us)!
[22:53:39.683] RX< [0m[RTMP] f_index = 54
[22:53:39.791] RX< 00, f_len = 13298
[22:53:39.791] RX< [7] [cam] [282482][me0][me_core_thread:359]ME out fid 5400
[22:53:39.791] RX< [4] [cam] [282530][qpc0][qpc_core_exception_check:411]interp not finish in sof, fid: 5411
[22:53:39.791] RX< [4] [cam] [282560][qpc0][qpc_core_exception_check:405]discontinuous frame, now: 5413, las
[22:53:41.709] RX< t: 5411
[22:53:41.709] RX< [34m[AE] fid=5430,exp=13430,adg=300,Y=4167,mtg=180,shg=150,bgbv=1000,iso=300,cnv2,hdr0
[22:53:41.709] RX< [0m[7] [cam] [283482][me0][me_core_thread:359]ME out fid 5430
[22:53:41.709] RX< [34m[AE] fid=5460,exp=13520,adg=300,Y=4167,mtg=180,shg=149,bgbv=997,iso=300,cnv2,hdr0
[22:53:41.709] RX< [0m[7] [c
[22:53:42.362] RX< am] [284482][me0][me_core_thread:359]ME out fid 5460
[22:53:42.362] RX< [4] [cam] [284559][qpc0][qpc_core_exception_check:405]discontinuous frame, now: 5473, last: 5471
[22:53:42.362] RX< [34m[AE] fid=5490,exp=13500,adg=300,Y=4191,mtg=180,shg=149,bgbv=1006,iso=300,cnv2,hdr0
[22:53:42.362] RX< [0m[34m[b_ae0 pr
[22:53:42.757] RX< oc] perf=971(us), max=2453(us)!
[22:53:42.757] RX< [0m[34m[awb0 proc] perf=3886(us), max=4145(us)!
[22:53:42.757] RX< [0m[RTMP] f_index = 5490, f_len = 12607
[22:53:42.757] RX< [7] [cam] [285482][me0][me_core_thread:359]ME out fid 5490
[22:53:42.757] RX< [4] [cam] [285526][qpc0][qpc_core_exception_check:411]interp not finish i
[22:53:43.457] RX< n sof, fid: 5501
[22:53:43.457] RX< [4] [cam] [285559][qpc0][qpc_core_exception_check:405]discontinuous frame, now: 5503, last: 5501
[22:53:43.457] RX< [34m[AE] fid=5520,exp=13510,adg=300,Y=4175,mtg=180,shg=149,bgbv=1001,iso=300,cnv2,hdr0
[22:53:43.457] RX< [0m[34m[ME INTP]fid=5520, shutter=13510, perf=6(us),
[22:53:44.710] RX<  max=24122(us)!
[22:53:44.710] RX< [0m[7] [cam] [286482][me0][me_core_thread:359]ME out fid 5520
[22:53:44.710] RX< [RTMP] slow send frame 5521 len=93595 dt=96ms (IDR)
[22:53:44.710] RX< [34m[AE] fid=5550,exp=13580,adg=300,Y=4147,mtg=180,shg=149,bgbv=988,iso=300,cnv2,hdr0
[22:53:44.710] RX< [0m[7] [cam] [287482][me0][me_core_th
[22:53:45.361] RX< read:359]ME out fid 5550
[22:53:45.361] RX< [RTMP] slow send frame 5552 len=25888 dt=97ms
[22:53:45.361] RX< [34m[AE] fid=5580,exp=13510,adg=300,Y=4183,mtg=180,shg=149,bgbv=1001,iso=300,cnv2,hdr0
[22:53:45.361] RX< [0m[34m[b_ae0 proc] perf=976(us), max=2864(us)!
[22:53:45.361] RX< [0m[34m[awb0 proc] perf=3753(us), max=4562(u
[22:53:46.709] RX< s)!
[22:53:46.709] RX< [0m[RTMP] f_index = 5580, f_len = 9254
[22:53:46.709] RX< [7] [cam] [288481][me0][me_core_thread:359]ME out fid 5580
[22:53:46.709] RX< [RTMP] slow send frame 5582 len=40123 dt=93ms
[22:53:46.709] RX< [34m[AE] fid=5610,exp=13720,adg=300,Y=4135,mtg=180,shg=149,bgbv=975,iso=300,cnv2,hdr0
[22:53:46.709] RX< [0m[7] [cam] [28948
[22:53:47.356] RX< 1][me0][me_core_thread:359]ME out fid 5610
[22:53:47.356] RX< [RTMP] slow send frame 5610 len=15487 dt=95ms
[22:53:47.356] RX< [RTMP] slow send frame 5611 len=89777 dt=204ms (IDR)
[22:53:47.356] RX< [RTMP] slow send frame 5618 len=23533 dt=52ms
[22:53:47.356] RX< [RTMP] slow send frame 5624 len=13546 dt=141ms
[22:53:47.356] RX< [34m[AE] fid=5640,ex
[22:53:47.601] RX< p=13630,adg=300,Y=4188,mtg=180,shg=150,bgbv=997,iso=300,cnv2,hdr0
[22:53:47.601] RX< [0m[RTMP] slow send frame 5626 len=13461 dt=83ms
[22:53:47.601] RX< [34m[ME INTP]fid=5640, shutter=13630, perf=340(us), max=2489(us)!
[22:53:47.601] RX< [0m[RTMP] slow send frame 5628 len=12564 dt=107ms
[22:53:47.601] RX< [RTMP] slow send frame
[22:53:48.066] RX<  5629 len=15319 dt=84ms
[22:53:48.066] RX< [7] [cam] [290481][me0][me_core_thread:359]ME out fid 5640
[22:53:48.066] RX< [RTMP] slow send frame 5635 len=12879 dt=52ms
[22:53:48.066] RX< [RTMP] slow send frame 5639 len=12620 dt=60ms
[22:53:48.066] RX< [RTMP] slow send frame 5641 len=90109 dt=124ms (IDR)
[22:53:48.066] RX< [RTMP] slow send frame 5642 
[22:53:48.361] RX< len=18419 dt=58ms
[22:53:48.361] RX< [RTMP] slow send frame 5647 len=12810 dt=74ms
[22:53:48.361] RX< [34m[AE] fid=5670,exp=13620,adg=300,Y=4148,mtg=180,shg=149,bgbv=982,iso=300,cnv2,hdr0
[22:53:48.361] RX< [0m[34m[b_ae0 proc] perf=950(us), max=2637(us)!
[22:53:48.361] RX< [0m[34m[awb0 proc] perf=3910(us), max=4831(us)!
[22:53:48.361] RX< [0m
[22:53:48.764] RX< [RTMP] slow send frame 5655 len=14576 dt=122ms
[22:53:48.764] RX< [RTMP] slow send frame 5661 len=10526 dt=110ms
[22:53:48.764] RX< [4] [cam] [291466][qpc0][qpc_core_exception_check:405]discontinuous frame, now: 5680, last: 5678
[22:53:48.764] RX< [7] [cam] [291483][me0][me_core_thread:359]ME out fid 5670
[22:53:48.764] RX< [RTMP]
[22:53:49.330] RX<  slow send frame 5670 len=13484 dt=72ms
[22:53:49.330] RX< [RTMP] f_index = 5670, f_len = 13484
[22:53:49.330] RX< [RTMP] slow send frame 5671 len=89890 dt=268ms (IDR)
[22:53:49.330] RX< [4] [cam] [291891][qpc0][qpc_core_exception_check:405]discontinuous frame, now: 5693, last: 5691
[22:53:49.330] RX< [RTMP] slow send frame 5680 
[22:53:49.709] RX< len=13351 dt=237ms
[22:53:49.709] RX< [34m[AE] fid=5700,exp=14640,adg=300,Y=3681,mtg=180,shg=149,bgbv=811,iso=300,cnv2,hdr0
[22:53:49.709] RX< [0m[RTMP] slow send frame 5681 len=13753 dt=69ms
[22:53:49.709] RX< [RTMP] slow send frame 5687 len=13378 dt=79ms
[22:53:49.709] RX< [RTMP] slow send frame 5688 len=17195 dt=71ms
[22:53:49.709] RX< [7] [cam
[22:53:50.017] RX< ] [292481][me0][me_core_thread:359]ME out fid 5700
[22:53:50.017] RX< [RTMP] slow send frame 5689 len=60480 dt=77ms
[22:53:50.017] RX< [4] [cam] [292659][qpc0][qpc_core_exception_check:405]discontinuous frame, now: 5716, last: 5714
[22:53:50.017] RX< [RTMP] slow send frame 5697 len=13950 dt=75ms
[22:53:50.017] RX< [4] [cam] [29278
[22:53:50.090] RX< 5][qpc0][qpc_core_exception_check:411]interp not finish in sof, fid: 5718
[22:53:50.090] RX< [4] [cam] [292835][qpc0][qpc_core_exception_check:405]discontinuous frame, now: 5720, last: 5718
[22:53:50.090] RX< [4] [cam] [292859][qpc0][qpc_core_exception_check:405]discontinuous frame, now: 5722,
[22:53:50.758] RX<  last: 5720
[22:53:50.758] RX< [RTMP] slow send frame 5709 len=12867 dt=63ms
[22:53:50.758] RX< [34m[AE] fid=5730,exp=14800,adg=300,Y=3978,mtg=180,shg=150,bgbv=872,iso=300,cnv2,hdr0
[22:53:50.758] RX< [0m[7] [cam] [293481][me0][me_core_thread:359]ME out fid 5730
[22:53:50.758] RX< [4] [cam] [293526][qpc0][qpc_core_exception_chec
[22:53:51.361] RX< k:411]interp not finish in sof, fid: 5741
[22:53:51.361] RX< [4] [cam] [293558][qpc0][qpc_core_exception_check:405]discontinuous frame, now: 5743, last: 5741
[22:53:51.361] RX< [34m[AE] fid=5760,exp=14800,adg=300,Y=3971,mtg=180,shg=150,bgbv=868,iso=300,cnv2,hdr0
[22:53:51.361] RX< [0m[34m[b_ae0 proc] perf=969
[22:53:51.788] RX< (us), max=1601(us)!
[22:53:51.788] RX< [0m[34m[awb0 proc] perf=3835(us), max=4596(us)!
[22:53:51.788] RX< [0m[34m[ME INTP]fid=5760, shutter=14800, perf=237(us), max=2884(us)!
[22:53:51.788] RX< [0m[RTMP] f_index = 5760, f_len = 15300
[22:53:51.788] RX< [7] [cam] [294481][me0][me_core_thread:359]ME out fid 5760
[22:53:51.788] RX< [4] [cam] [294
[22:53:52.789] RX< 557][qpc0][qpc_core_exception_check:405]discontinuous frame, now: 5773, last: 5771
[22:53:52.789] RX< [34m[AE] fid=5790,exp=14800,adg=300,Y=3970,mtg=180,shg=150,bgbv=868,iso=300,cnv2,hdr0
[22:53:52.789] RX< [0m[7] [cam] [295480][me0][me_core_thread:359]ME out fid 5790
[22:53:52.789] RX< [4] [cam] [295558][qpc0
[22:53:54.359] RX< ][qpc_core_exception_check:405]discontinuous frame, now: 5803, last: 5801
[22:53:54.359] RX< [34m[AE] fid=5820,exp=14800,adg=300,Y=3974,mtg=180,shg=150,bgbv=868,iso=300,cnv2,hdr0
[22:53:54.359] RX< [0m[7] [cam] [296480][me0][me_core_thread:359]ME out fid 5820
[22:53:54.359] RX< [34m[AE] fid=5850,exp=14800,adg
[22:53:54.696] RX< =300,Y=3971,mtg=180,shg=150,bgbv=868,iso=300,cnv2,hdr0
[22:53:54.696] RX< [0m[34m[b_ae0 proc] perf=974(us), max=4466(us)!
[22:53:54.696] RX< [0m[34m[awb0 proc] perf=3845(us), max=4010(us)!
[22:53:54.696] RX< [0m[RTMP] f_index = 5850, f_len = 57207
[22:53:54.696] RX< [7] [cam] [297480][me0][me_core_thread:359]ME out fid 5850
[22:53:55.759] RX< [RTMP] slow send frame 5851 len=118611 dt=92ms (IDR)
[22:53:55.759] RX< [34m[AE] fid=5880,exp=14810,adg=300,Y=3960,mtg=180,shg=150,bgbv=863,iso=300,cnv2,hdr0
[22:53:55.759] RX< [0m[34m[ME INTP]fid=5880, shutter=14810, perf=233(us), max=1340(us)!
[22:53:55.759] RX< [0m[4] [cam] [298528][qpc0][qpc_core_excepti
[22:53:56.708] RX< on_check:411]interp not finish in sof, fid: 5891
[22:53:56.708] RX< [4] [cam] [298557][qpc0][qpc_core_exception_check:405]discontinuous frame, now: 5893, last: 5891
[22:53:56.708] RX< [34m[AE] fid=5910,exp=14810,adg=300,Y=3952,mtg=180,shg=149,bgbv=863,iso=300,cnv2,hdr0
[22:53:56.708] RX< [0m[7] [cam] [299480][
[22:53:57.362] RX< me0][me_core_thread:359]ME out fid 5910
[22:53:57.362] RX< [34m[awb0 proc] perf=6604(us), max=6604(us)!
[22:53:57.362] RX< [0m[4] [cam] [299557][qpc0][qpc_core_exception_check:405]discontinuous frame, now: 5923, last: 5921
[22:53:57.362] RX< [34m[AE] fid=5940,exp=14820,adg=300,Y=3940,mtg=180,shg=150,bgbv=859,
[22:53:57.788] RX< iso=300,cnv2,hdr0
[22:53:57.788] RX< [0m[34m[b_ae0 proc] perf=1049(us), max=3393(us)!
[22:53:57.788] RX< [0m[34m[awb0 proc] perf=3831(us), max=6604(us)!
[22:53:57.788] RX< [0m[RTMP] f_index = 5940, f_len = 6857
[22:53:57.788] RX< [7] [cam] [300480][me0][me_core_thread:359]ME out fid 5940
[22:53:57.788] RX< [4] [cam] [300557][qpc0][qpc_core_exc
[22:53:58.755] RX< eption_check:405]discontinuous frame, now: 5953, last: 5951
[22:53:58.755] RX< [34m[AE] fid=5970,exp=14850,adg=300,Y=3924,mtg=180,shg=150,bgbv=853,iso=300,cnv2,hdr0
[22:53:58.755] RX< [0m[7] [cam] [301480][me0][me_core_thread:359]ME out fid 5970
[22:53:58.755] RX< [4] [cam] [301524][qpc0][qpc_core_exception_ch
[22:53:59.455] RX< eck:411]interp not finish in sof, fid: 5981
[22:53:59.455] RX< [4] [cam] [301557][qpc0][qpc_core_exception_check:405]discontinuous frame, now: 5983, last: 5981
[22:53:59.455] RX< [34m[AE] fid=6000,exp=15000,adg=313,Y=3746,mtg=180,shg=149,bgbv=764,iso=313,cnv2,hdr0
[22:53:59.455] RX< [0m[34m[ME INTP]fid=6000, 
[22:54:00.360] RX< shutter=15000, perf=238(us), max=1691(us)!
[22:54:00.360] RX< [0m[7] [cam] [302479][me0][me_core_thread:359]ME out fid 6000
[22:54:00.360] RX< [4] [cam] [302557][qpc0][qpc_core_exception_check:405]discontinuous frame, now: 6013, last: 6011
[22:54:00.360] RX< [34m[AE] fid=6030,exp=15050,adg=332,Y=3625,mtg=180,s
[22:54:00.788] RX< hg=149,bgbv=685,iso=332,cnv2,hdr0
[22:54:00.788] RX< [0m[34m[b_ae0 proc] perf=976(us), max=3225(us)!
[22:54:00.788] RX< [0m[34m[awb0 proc] perf=3834(us), max=4741(us)!
[22:54:00.788] RX< [0m[RTMP] f_index = 6030, f_len = 22080
[22:54:00.788] RX< [7] [cam] [303510][me0][me_core_thread:359]ME out fid 6030
[22:54:00.788] RX< [4] [cam] [303557][qp
[22:54:02.354] RX< c0][qpc_core_exception_check:405]discontinuous frame, now: 6043, last: 6041
[22:54:02.354] RX< [34m[AE] fid=6060,exp=14950,adg=325,Y=3690,mtg=180,shg=149,bgbv=714,iso=325,cnv2,hdr0
[22:54:02.354] RX< [0m[7] [cam] [304479][me0][me_core_thread:359]ME out fid 6060
[22:54:02.354] RX< [34m[AE] fid=6090,exp=14860,a
[22:54:03.359] RX< dg=325,Y=3669,mtg=180,shg=149,bgbv=716,iso=325,cnv2,hdr0
[22:54:03.359] RX< [0m[7] [cam] [305479][me0][me_core_thread:359]ME out fid 6090
[22:54:03.359] RX< [34m[AE] fid=6120,exp=15000,adg=325,Y=3725,mtg=180,shg=149,bgbv=725,iso=325,cnv2,hdr0
[22:54:03.359] RX< [0m[34m[b_ae0 proc] perf=993(us), max=2716(us)!
[22:54:03.787] RX< 
[22:54:03.787] RX< [0m[34m[awb0 proc] perf=3821(us), max=4214(us)!
[22:54:03.787] RX< [0m[34m[ME INTP]fid=6120, shutter=15000, perf=237(us), max=7124(us)!
[22:54:03.787] RX< [0m[RTMP] f_index = 6120, f_len = 19058
[22:54:03.787] RX< [7] [cam] [306479][me0][me_core_thread:359]ME out fid 6120
[22:54:03.787] RX< [4] [cam] [306556][qpc0][qpc_core
[22:54:05.353] RX< _exception_check:405]discontinuous frame, now: 6133, last: 6131
[22:54:05.353] RX< [34m[AE] fid=6150,exp=15000,adg=300,Y=4577,mtg=180,shg=149,bgbv=1021,iso=300,cnv2,hdr0
[22:54:05.353] RX< [0m[7] [cam] [307479][me0][me_core_thread:359]ME out fid 6150
[22:54:05.353] RX< [34m[AE] fid=6180,exp=15050,adg=319,Y=30
[22:54:06.361] RX< 40,mtg=180,shg=149,bgbv=558,iso=319,cnv2,hdr0
[22:54:06.361] RX< [0m[7] [cam] [308479][me0][me_core_thread:359]ME out fid 6180
[22:54:06.361] RX< [34m[AE] fid=6210,exp=11990,adg=300,Y=4725,mtg=180,shg=143,bgbv=1227,iso=300,cnv2,hdr0
[22:54:06.361] RX< [0m[34m[b_ae0 proc] perf=1095(us), max=1400(us)!
[22:54:06.361] RX< [0m[3
[22:54:07.454] RX< 4m[awb0 proc] perf=3845(us), max=5894(us)!
[22:54:07.454] RX< [0m[RTMP] f_index = 6210, f_len = 14222
[22:54:07.454] RX< [7] [cam] [309479][me0][me_core_thread:359]ME out fid 6210
[22:54:07.454] RX< [34m[AE] fid=6240,exp=10040,adg=282,Y=4888,mtg=180,shg=100,bgbv=1556,iso=282,cnv2,hdr0
[22:54:07.454] RX< [0m[34m[ME INTP]fid=624
[22:54:08.705] RX< 0, shutter=10040, perf=237(us), max=4883(us)!
[22:54:08.705] RX< [0m[7] [cam] [310478][me0][me_core_thread:359]ME out fid 6240
[22:54:08.705] RX< [34m[AE] fid=6270,exp=10070,adg=294,Y=4637,mtg=180,shg=100,bgbv=1454,iso=294,cnv2,hdr0
[22:54:08.705] RX< [0m[7] [cam] [311478][me0][me_core_thread:359]ME out fid 6
[22:54:09.694] RX< 270
[22:54:09.694] RX< [34m[AE] fid=6300,exp=10070,adg=294,Y=4619,mtg=180,shg=100,bgbv=1453,iso=294,cnv2,hdr0
[22:54:09.694] RX< [0m[34m[b_ae0 proc] perf=993(us), max=2456(us)!
[22:54:09.694] RX< [0m[34m[awb0 proc] perf=3806(us), max=3895(us)!
[22:54:09.694] RX< [0m[RTMP] f_index = 6300, f_len = 12857
[22:54:09.694] RX< [7] [cam] [312478][me0
[22:54:10.706] RX< ][me_core_thread:359]ME out fid 6300
[22:54:10.706] RX< [4] [cam] [312556][qpc0][qpc_core_exception_check:405]discontinuous frame, now: 6313, last: 6311
[22:54:10.706] RX< [34m[AE] fid=6330,exp=10100,adg=294,Y=4579,mtg=180,shg=100,bgbv=1441,iso=294,cnv2,hdr0
[22:54:10.706] RX< [0m[7] [cam] [313478][me0][me_cor
[22:54:11.742] RX< e_thread:359]ME out fid 6330
[22:54:11.742] RX< [34m[AE] fid=6360,exp=10070,adg=294,Y=4631,mtg=180,shg=100,bgbv=1457,iso=294,cnv2,hdr0
[22:54:11.742] RX< [0m[34m[ME INTP]fid=6360, shutter=10070, perf=6(us), max=3871(us)!
[22:54:11.742] RX< [0m[7] [cam] [314478][me0][me_core_thread:359]ME out fid 6360
[22:54:11.742] RX< [34m[a
[22:54:12.358] RX< wb0 proc] perf=6072(us), max=6072(us)!
[22:54:12.358] RX< [0m[4] [cam] [314555][qpc0][qpc_core_exception_check:405]discontinuous frame, now: 6373, last: 6371
[22:54:12.358] RX< [34m[AE] fid=6390,exp=10070,adg=294,Y=4633,mtg=180,shg=100,bgbv=1457,iso=294,cnv2,hdr0
[22:54:12.358] RX< [0m[34m[b_ae0 proc] perf=1
[22:54:13.353] RX< 031(us), max=2514(us)!
[22:54:13.353] RX< [0m[34m[awb0 proc] perf=3672(us), max=6072(us)!
[22:54:13.353] RX< [0m[RTMP] f_index = 6390, f_len = 12608
[22:54:13.353] RX< [7] [cam] [315478][me0][me_core_thread:359]ME out fid 6390
[22:54:13.353] RX< [34m[AE] fid=6420,exp=10070,adg=294,Y=4626,mtg=180,shg=100,bgbv=1457,iso=294,cnv2
[22:54:14.353] RX< ,hdr0
[22:54:14.353] RX< [0m[7] [cam] [316478][me0][me_core_thread:359]ME out fid 6420
[22:54:14.353] RX< [4] [cam] [316555][qpc0][qpc_core_exception_check:405]discontinuous frame, now: 6433, last: 6431
[22:54:14.353] RX< [34m[AE] fid=6450,exp=10070,adg=294,Y=4620,mtg=180,shg=100,bgbv=1453,iso=294,cnv2,hdr0
[22:54:14.353] RX< [
[22:54:15.357] RX< 0m[7] [cam] [317477][me0][me_core_thread:359]ME out fid 6450
[22:54:15.357] RX< [34m[awb0 proc] perf=6310(us), max=6310(us)!
[22:54:15.357] RX< [0m[34m[AE] fid=6480,exp=10070,adg=294,Y=4607,mtg=180,shg=100,bgbv=1449,iso=294,cnv2,hdr0
[22:54:15.357] RX< [0m[34m[b_ae0 proc] perf=1001(us), max=2626(us)!
[22:54:15.357] RX< [0m
[22:54:15.786] RX< [34m[awb0 proc] perf=3691(us), max=6310(us)!
[22:54:15.786] RX< [0m[34m[ME INTP]fid=6480, shutter=10070, perf=6(us), max=255(us)!
[22:54:15.786] RX< [0m[RTMP] f_index = 6480, f_len = 14118
[22:54:15.786] RX< [7] [cam] [318477][me0][me_core_thread:359]ME out fid 6480
[22:54:15.786] RX< [4] [cam] [318555][qpc0][qpc_core_exception
[22:54:17.353] RX< _check:405]discontinuous frame, now: 6493, last: 6491
[22:54:17.353] RX< [34m[AE] fid=6510,exp=10070,adg=294,Y=4611,mtg=180,shg=100,bgbv=1449,iso=294,cnv2,hdr0
[22:54:17.353] RX< [0m[7] [cam] [319477][me0][me_core_thread:359]ME out fid 6510
[22:54:17.353] RX< [34m[awb0 proc] perf=6433(us), max=6433(us)!
[22:54:17.353] RX< [0m
[22:54:18.356] RX< [34m[AE] fid=6540,exp=10070,adg=294,Y=4621,mtg=180,shg=100,bgbv=1453,iso=294,cnv2,hdr0
[22:54:18.356] RX< [0m[7] [cam] [320477][me0][me_core_thread:359]ME out fid 6540
[22:54:18.356] RX< [34m[AE] fid=6570,exp=10070,adg=294,Y=4630,mtg=180,shg=100,bgbv=1457,iso=294,cnv2,hdr0
[22:54:18.356] RX< [0m[34m[b_ae0 pr
[22:54:19.352] RX< oc] perf=1008(us), max=4277(us)!
[22:54:19.352] RX< [0m[34m[awb0 proc] perf=3804(us), max=6433(us)!
[22:54:19.352] RX< [0m[RTMP] f_index = 6570, f_len = 15194
[22:54:19.352] RX< [7] [cam] [321477][me0][me_core_thread:359]ME out fid 6570
[22:54:19.352] RX< [34m[awb0 proc] perf=6212(us), max=6212(us)!
[22:54:19.352] RX< [0m[34m[AE] fid=6600,exp
[22:54:20.352] RX< =10070,adg=294,Y=4633,mtg=180,shg=100,bgbv=1457,iso=294,cnv2,hdr0
[22:54:20.352] RX< [0m[34m[ME INTP]fid=6600, shutter=10070, perf=6(us), max=1077(us)!
[22:54:20.352] RX< [0m[7] [cam] [322477][me0][me_core_thread:359]ME out fid 6600
[22:54:20.352] RX< [34m[AE] fid=6630,exp=10070,adg=294,Y=4636,mtg=180,shg=10
[22:54:21.357] RX< 0,bgbv=1457,iso=294,cnv2,hdr0
[22:54:21.357] RX< [0m[7] [cam] [323477][me0][me_core_thread:359]ME out fid 6630
[22:54:21.357] RX< [4] [cam] [323554][qpc0][qpc_core_exception_check:405]discontinuous frame, now: 6643, last: 6641
[22:54:21.357] RX< [34m[AE] fid=6660,exp=10070,adg=294,Y=4636,mtg=180,shg=100,bgbv=1
[22:54:21.785] RX< 457,iso=294,cnv2,hdr0
[22:54:21.785] RX< [0m[34m[b_ae0 proc] perf=1009(us), max=2137(us)!
[22:54:21.785] RX< [0m[34m[awb0 proc] perf=3797(us), max=6212(us)!
[22:54:21.785] RX< [0m[RTMP] f_index = 6660, f_len = 13103
[22:54:21.785] RX< [7] [cam] [324476][me0][me_core_thread:359]ME out fid 6660
[22:54:21.785] RX< [4] [cam] [324554][qpc0][qpc_cor
