[05:43:17.827] TX> 
[05:43:18.829] TX> 
[05:43:19.828] RX< 
[05:43:19.828] RX< msh />
[05:43:19.828] RX< msh />
[05:43:20.031] TX> echo "EVBTEST_HELLO"
[05:43:20.031] TX> echo "__EVBTEST_END_807ecce6__"
[05:43:21.831] RX< echo "EVBTEST_HELLO"
[05:43:21.831] RX< EVBTEST_HELLO
[05:43:21.831] RX< msh />echo "__EVBTEST_END_807ecce6__"
[05:43:21.831] RX< __EVBTEST_END_807ecce6__
[05:43:21.831] RX< msh />
[05:43:22.034] TX> cd /
[05:43:22.034] TX> echo "__EVBTEST_END_ae8e8a38__"
[05:43:23.833] RX< cd /
[05:43:23.833] RX< msh />echo "__EVBTEST_END_ae8e8a38__"
[05:43:23.833] RX< __EVBTEST_END_ae8e8a38__
[05:43:23.833] RX< msh />
[05:43:24.035] TX> dfs_video_stop
[05:43:24.035] TX> echo "__EVBTEST_END_8726aeea__"
[05:43:25.836] RX< dfs_video_stop
[05:43:25.836] RX< [6] [App Dfs] Please start recording the video first.
[05:43:25.836] RX< msh />echo "__EVBTEST_END_8726aeea__"
[05:43:25.836] RX< __EVBTEST_END_8726aeea__
[05:43:25.836] RX< msh />
[05:43:45.857] RX< wifi join SW-test-2.4G tuf@3600
[05:43:45.858] TX> wifi join SW-test-2.4G tuf@3600
[05:43:45.858] TX> echo "__EVBTEST_END_9054b325__"
[05:43:51.863] RX< [32m[I/WLAN.mgnt] wifi connect success ssid:SW-test-2.4G[0m
[05:43:51.863] RX< msh />echo "__EVBTEST_END_9054b325__"
[05:43:51.863] RX< __EVBTEST_END_9054b325__
[05:43:51.863] RX< msh />
[05:43:53.864] RX< [32m[I/WLAN.lwip] Got IP address : 192.168.1.101[0m
[05:43:58.876] RX< ifconfig
[05:43:58.876] RX< network interface device: w0 (Default)
[05:43:58.876] RX< MTU: 1500
[05:43:58.876] RX< MAC: 8c ea 12 ba a8 2c 
[05:43:58.876] RX< FLAGS: UP LINK_UP INTERNET_DOWN DHCP_ENABLE ETHARP BROADCAST IGMP
[05:43:58.876] RX< ip address: 192.168.1.101
[05:43:58.876] RX< gw address: 192.168.1.3
[05:43:58.876] RX< net mask  : 255.255.255.0
[05:43:58.876] RX< dns server #0: 192.168.1.3
[05:43:58.891] RX< dns server #1: 0.0.0.0
[05:43:58.891] RX< 
[05:43:58.891] RX< network interface device: w1
[05:43:58.891] RX< MTU: 1500
[05:43:58.891] RX< MAC: 8e ea 12 ba a8 2c 
[05:43:58.891] RX< FLAGS: UP LINK_DOWN INTERNET_DOWN DHCP_ENABLE ETHARP BROADCAST IGMP
[05:43:58.891] RX< ip address: 0.0.0.0
[05:43:58.891] RX< gw address: 0.0.0.0
[05:43:58.891] RX< net mask  : 0.0.0.0
[05:43:58.891] RX< dns server #0: 192.168.1.3
[05:43:58.891] RX< dns serv
[05:43:59.074] TX> ifconfig
[05:43:59.074] TX> echo "__EVBTEST_END_6e5f2651__"
[05:44:00.893] RX< er #1: 0.0.0.0
[05:44:00.893] RX< msh />echo "__EVBTEST_END_6e5f2651__"
[05:44:00.893] RX< __EVBTEST_END_6e5f2651__
[05:44:00.893] RX< msh />
[05:44:01.098] TX> cd /emmc
[05:44:01.098] TX> echo "__EVBTEST_END_c66ded48__"
[05:44:02.896] RX< cd /emmc
[05:44:02.896] RX< msh /emmc>echo "__EVBTEST_END_c66ded48__"
[05:44:02.896] RX< __EVBTEST_END_c66ded48__
[05:44:02.896] RX< msh /emmc>
[05:44:03.099] TX> ftp_server
[05:44:03.099] TX> echo "__EVBTEST_END_63142a29__"
[05:44:04.898] RX< ftp_server
[05:44:04.898] RX< 
[05:44:04.898] RX< [FTP] Ftp server init success!!!
[05:44:04.898] RX< msh /emmc>echo "__EVBTEST_END_63142a29__"
[05:44:04.898] RX< __EVBTEST_END_63142a29__
[05:44:04.898] RX< msh /emmc>
[05:44:08.902] RX< [32m[I/ftp] service launched success.[0m
[05:44:09.666] TX> cam_set photo auto
[05:44:09.666] TX> echo "__EVBTEST_END_24cf0fc8__"
[05:44:10.904] RX< cam_set photo auto
[05:44:10.904] RX< [6] [App Dfs] auto mode
[05:44:10.904] RX< msh /emmc>echo "__EVBTEST_END_24cf0fc8__"
[05:44:10.904] RX< __EVBTEST_END_24cf0fc8__
[05:44:10.904] RX< msh /emmc>
[05:44:11.920] RX< dfs_capture_start
[05:44:11.920] RX< [7] [cam] [61661][tshell][cgm_parse_bin:104]total logical camera num: 1
[05:44:11.920] RX< [6] [cam] [61661][tshell][cam_prelude_create:187]E id, 0
[05:44:11.920] RX< [7] [cam] [61661][cpl0][cam_prelude_proc_routine:101]thread start
[05:44:11.920] RX< [6] [cam] [61662][tshell][cam_prelude_crea
[05:44:11.922] RX< te:214]X ctx size 132 addr 0x884b96f0
[05:44:11.922] RX< [6] [cam] [61666][tshell][sensor_probe:418]sensor [1]: identifing 0 success.
[05:44:11.922] RX< [6] [cam] [61667][tshell][sensor_probe:441]sensor [1]: probe exit!
[05:44:11.922] RX< [6] [cam] [61667][tshell][cam_prelude_fast_probe:251]cam: 0 probe result
[05:44:11.923] RX< : 0
[05:44:11.923] RX< [6] [cam] [61667][tshell][cgm_parse_bin:218]cam(0) probe success
[05:44:11.923] RX< [6] [cam] [61668][tshell][cam_entry:455]entry ok
[05:44:11.923] RX< [34m[cam entry] perf=7152(us)!
[05:44:11.923] RX< [0m[6] [App Cam] cam entry success
[05:44:11.923] RX< [7] [cam] [61668][tshell][cam_solve_layout:350][mLayout] param OK, s
[05:44:11.925] RX< cen1 iw4032 ih3024 ow4032 oh3024 gdc 0x0
[05:44:11.925] RX< [36m[mLayout] scen01 in=4032x3024,out=3024x4032 meRot1 stripe1 gdcOn0
[05:44:11.925] RX< [0m[36m[mLayout] scen00 20entries solved status=OK retry=0 rtmp=enabled (cursor0=0x8a02d090 cursor1=0x89417400, ch0/1/2 cnt=7/2/1)
[05:44:11.925] RX< [0m[7] [
[05:44:11.926] RX< cam] [61670][tshell][cam_solve_layout:377]
[05:44:11.926] RX< [mLayout] out vol 0x8c000000 rBuf 0x8ab00000 sz 0x1500000 wBuf 0x8a03da80 sz 0x100000
[05:44:11.926] RX< [7] [cam] [61670][tshell][cam_solve_layout:394]Solve scen1 capType4 layout Done!
[05:44:11.926] RX< [6] [cam] [61671][tshell][cgm_parse_media_par
[05:44:11.928] RX< a:274]phy cam num: 1
[05:44:11.928] RX< [7] [cam] [61671][cer0][cer_recovery_proc:343]thread start cid, 0
[05:44:11.928] RX< [6] [cam] [61672][tshell][csc_open:499]SENSOR MCLK cal: 24MHz
[05:44:11.928] RX< [6] [cam] [61672][tshell][csc_isp_clk_cal:344]MIPI CLK cal: 346MHz
[05:44:11.928] RX< [6] [cam] [61673][tshell][csc_isp_clk_
[05:44:11.928] RX< cal:374]LITE CLK cal: 28MHz
[05:44:11.928] RX< [7] [cam] [61673][tshell][cpc_csi_rx_power_on:633]E id: 2
[05:44:11.928] RX< [4] [cam] [61673][tshell][cpc_csi_rx_power_on:644]csi_2 has already power on, STATUS: 1
[05:44:11.928] RX< [6] [cam] [61674][tshell][cpc_update_clock:603]actual SNS mclk: 24MHz
[05:44:11.928] RX< [6] [cam] 
[05:44:11.934] RX< [61674][tshell][cpc_update_clock:608]actual MIPI0: 500MHz
[05:44:11.934] RX< [6] [cam] [61674][tshell][cpc_update_clock:598]actual LITE clk: 50MHz
[05:44:11.934] RX< [7] [cam] [61675][tshell][cam_prelude_open:297][34msnsOpen camID1 csiID0 phyIdx0[0m
[05:44:11.934] RX< [6] [cam] [61679][tshell][sensor_expo_gai
[05:44:11.934] RX< n_match:48]sensor get sensor expo gain of imx681_vst
[05:44:11.934] RX< [6] [cam] [61679][tshell][sensor_open:684]sensor [1] open OK.
[05:44:11.934] RX< [6] [cam] [61679][tshell][cam_cpm_parse_media:275]photo scenario, media para[mfnr:0, hdr:0, capture_num:0]
[05:44:11.934] RX< [6] [cam] [61680][tshell][cam_cpm
[05:44:11.937] RX< _parse_media:278]photo scenario, media para[iso:0, gain:0, wb_mode:0]
[05:44:11.937] RX< [6] [cam] [61681][tshell][csc_isp_clk_cal:355]FE CLK cal: 426MHz, ME CLK cal: 462MHz, FE/ME CLK cal: 508MHz
[05:44:11.937] RX< [6] [cam] [61681][tshell][csc_isp_clk_cal:364]BE CLK cal: 401MHz
[05:44:11.937] RX< [4] [cam] [
[05:44:11.937] RX< 61682][tshell][cam_fe_core_power_on:269]fe pipe has already power on, STATUS: 1
[05:44:11.937] RX< [6] [cam] [61682][tshell][cpc_update_clock:588]actual FE/ME clk: 550MHz
[05:44:11.937] RX< [4] [cam] [61682][tshell][cam_be_core_power_on:1028]be pipe has already power on, STATUS: 1
[05:44:11.937] RX< [6] [cam] [
[05:44:11.940] RX< 61683][tshell][cpc_update_clock:593]actual BE clk: 500MHz
[05:44:11.940] RX< [7] [cam] [61683][tshell][cam_cpm_core_power_on:435]id,0 type,1 ret 0
[05:44:11.940] RX< [6] [cam] [61684][tshell][cam_cpm_core_init:1017]E id,0 sensor type,1
[05:44:11.940] RX< [6] [cam] [61685][tshell][cpm_core_check_tuningbin:957]T
[05:44:11.940] RX< uning bin crc check PASS! sum 0xfa5abf97, xor 0x6a6c89c1
[05:44:11.940] RX< [6] [cam] [61685][tshell][qpc_tuning_check_iqbin_validness:396]IQ bin addr: 0x8869de60, project_name: capture_12M
[05:44:11.940] RX< [6] [cam] [61686][tshell][qpc_tuning_check_iqbin_validness:397]total_size: 108928
[05:44:11.940] RX< [6
[05:44:11.943] RX< ] [cam] [61686][tshell][qpc_tuning_check_iqbin_validness:398]id_count: 93. ID_TOTAL: 94
[05:44:11.943] RX< [6] [cam] [61687][tshell][qpc_tuning_check_iqbin_validness:399]spinel tuning data ver: V1.30
[05:44:11.943] RX< [6] [cam] [61687][tshell][cpm_core_check_tuningbin:971]IQ bin check succes
[05:44:11.943] RX< s!
[05:44:11.943] RX< [6] [cam] [61688][tshell][cam_bm_core_init:94]E
[05:44:11.943] RX< [6] [cam] [61688][tshell][bm_lab_init:174]X ctx size 4 addr 0x884b9958
[05:44:11.943] RX< [6] [cam] [61689][tshell][cam_bm_core_init:114]X ctx size 180 addr 0x884db8f0
[05:44:11.943] RX< [6] [cam] [61689][tshell][qpc_core_init:1299]E id,0
[05:44:11.943] RX< [
[05:44:11.950] RX< 6] [cam] [61689][tshell][qpc_queue_init:65]QPC init qnodes 8, size 508, pool 0x884dbf08
[05:44:11.950] RX< [6] [cam] [61690][tshell][_qpc_get_cap_cfg_para:900]preset capCfg 200 3 5
[05:44:11.950] RX< [7] [cam] [61690][tshell][_qpc_cfg_hdr_frms:848]hdr preset - gainThres 1600
[05:44:11.950] RX< FrmNB:	TNR	|EV-	|
[05:44:11.950] RX< EV0	|EV+
[05:44:11.950] RX< LDR:	 0	| 1	| -	| 5
[05:44:11.950] RX< LLLDR:	 0	| 1	| -	| 5
[05:44:11.950] RX< HDR:	 0	| 1	| 5	| 3
[05:44:11.950] RX< LLHDR:	 0	| 1	| 5	| 3
[05:44:11.950] RX< 
[05:44:11.950] RX< [6] [cam] [61696][tshell][qpc_core_init:1347]X ctx size 1288 addr 0x884db9b8
[05:44:11.950] RX< [6] [cam] [61696][tshell][cpm_core_get_param:764]cpm para chk: tunBin-w 4000 h 3000 i
[05:44:11.954] RX< mg-w 4032 h 3024
[05:44:11.954] RX< [6] [cam] [61697][tshell][cam_fe_core_init:436]E id,0
[05:44:11.954] RX< [6] [cam] [61697][tshell][cam_fe_core_init:490]X ctx size 96 addr 0x884ecc48
[05:44:11.954] RX< [7] [cam] [61697][tshell][qpc_core_fe_chords_init:1763][34mqpc fe init snsOut w 4032 h 3024, tbl w 28 h 2
[05:44:11.955] RX< 0[0m
[05:44:11.955] RX< [6] [cam] [61698][tshell][cam_me_core_init:1523]X ctx size 1352 addr 0x884eeff8
[05:44:11.955] RX< [34m[ME SLICE CFG] perf=1415(us)!
[05:44:11.955] RX< [0m[6] [cam] [61700][tshell][cam_bayer_fe_3a_stats_core_init:445]fe 3a id,0
[05:44:11.955] RX< [6] [cam] [61701][tshell][cam_bayer_fe_3a_stats_core_ini
[05:44:11.957] RX< t:490]X ctx size 132 addr 0x884f7a18
[05:44:11.957] RX< [6] [cam] [61701][tshell][cam_be_core_init:621]E id,0
[05:44:11.957] RX< [7] [cam] [61701][be0][be_core_irq_proc:270]thread start cid,0
[05:44:11.957] RX< [6] [cam] [61702][tshell][cam_be_core_init:716]X ctx size 472 addr 0x884f7da8
[05:44:11.957] RX< [6] [cam] [61702][tshe
[05:44:11.957] RX< ll][cam_lite_core_init:433]E id,0
[05:44:11.957] RX< [7] [cam] [61702][lite0][lite_core_irq_proc:152]thread start cid,0
[05:44:11.957] RX< [6] [cam] [61703][tshell][cam_lite_core_init:497]X ctx size 164 addr 0x884fa7f8
[05:44:11.957] RX< [6] [cam] [61703][tshell][awb_wrapper_init:66]xxx awb_bin=0x884de5f4, awb_
[05:44:11.962] RX< bin_length=8068
[05:44:11.962] RX< [6] [cam] [61704][tshell][awb_wrapper_init:86]X algo_handle 0x88502840
[05:44:11.962] RX< [7] [cam] [61704][awb0][a5_core_wrapper_task:252]thread start cid,0 algo type,2
[05:44:11.962] RX< [6] [cam] [61705][tshell][a5_core_init_task:426]thread created: awb0 mq=0x88504900 thre
[05:44:11.962] RX< ad=0x88504a18 sem=0x88504890 ret=0
[05:44:11.962] RX< [6] [cam] [61705][tshell][bayer_ae_wrapper_init:68]E id,0 proc mode 1 
[05:44:11.962] RX< 
[05:44:11.962] RX< [AEC Proc] @[allib_ae_set_debug_log_flag] Line:129:[DEBUG] debug level/to_file/to_terminal: 22/1/1
[05:44:11.962] RX< [AEC Proc] @[AeInit] Line:377:[INFO] AE ver: 2026
[05:44:11.964] RX< _V2.269
[05:44:11.964] RX< 
[05:44:11.964] RX< [AEC Proc] @[allib_ae_loadfunc] Line:193:[INFO] camera ID: 0
[05:44:11.964] RX< [AEC Proc] @[AeInit] Line:404:[DEBUG] init imu detector sucessed!
[05:44:11.964] RX< [AEC Proc] @[AeInit] Line:406:[DEBUG] imu init errcode:0
[05:44:11.964] RX< [AEC Proc] @[alAE_set_param] Line:576:[DEBUG] sw_maxtime 3304
[05:44:11.965] RX< 4 ,pertline 9444, after check sensor step sw_max_time 33039.00
[05:44:11.965] RX< [AEC Proc] @[alAE_set_param] Line:581:[DEBUG] sw_mintime 37 ,pertline 9444, after check sensor step sw_min_time 36.00
[05:44:11.965] RX< [AEC Proc] @[alAE_set_param] Line:514:[DEBUG] DEBUG minbv exptime 9 gain 1
[05:44:11.967] RX< 00, minExpBV 14098
[05:44:11.967] RX< [AEC Proc] @[AeTuningParseSet] Line:167:[DEBUG] aeparam version 2.268 60818
[05:44:11.967] RX< [AEC Proc] @[alAE_set_param] Line:341:[DEBUG] INITEXP gain 100, shutter 8000, midtonegain 100, bv 4303
[05:44:11.967] RX< [6] [cam] [61712][tshell][bayer_ae_wrapper_init:119]X tl
[05:44:11.967] RX< ine 9444 max_exp 33044 alg_hdl 0x885071c8 
[05:44:11.967] RX< [7] [cam] [61713][b_ae0][a5_core_wrapper_task:252]thread start cid,0 algo type,0
[05:44:11.967] RX< [6] [cam] [61713][tshell][a5_core_init_task:426]thread created: b_ae0 mq=0x8850e0e8 thread=0x8850e200 sem=0x8850e078 ret=0
[05:44:11.967] RX< [6] [cam
[05:44:11.970] RX< ] [61714][tshell][atf_wrapper_init:67]E id,0
[05:44:11.970] RX< [6] [cam] [61714][tshell][atf_wrapper_init:107]X alg_ctx addr 0x885106c0
[05:44:11.970] RX< [7] [cam] [61715][atf0][a5_core_wrapper_task:252]thread start cid,0 algo type,1
[05:44:11.970] RX< [6] [cam] [61715][tshell][a5_core_init_task:426]thread c
[05:44:11.970] RX< reated: atf0 mq=0x88512a18 thread=0x88512b30 sem=0x885129a8 ret=0
[05:44:11.970] RX< [6] [cam] [61715][tshell][cam_cpm_core_init:1149]X ctx size 1096 addr 0x884db498
[05:44:11.970] RX< [6] [cam] [61716][tshell][csc_open:599]ok! phys_id[1], phys_num[1] 
[05:44:11.970] RX< [6] [cam] [61717][tshell][cam_open:738]o
[05:44:11.978] RX< pen ok! camera_id[0]
[05:44:11.978] RX< [34m[cam open] perf=48857(us)!
[05:44:11.978] RX< [0m[6] [App Cam] cam open success
[05:44:11.978] RX< [6] [cam] [61723][tshell][csc_init:722]sensor info:size:4032x3024, formt: 0x2b, bps: 2496, tline: 9444
[05:44:11.978] RX< [6] [cam] [61723][tshell][cam_sif_mgr_init:261]E id,0
[05:44:11.978] RX< [7] [cam
[05:44:11.978] RX< ] [61723][sif0][sif_irq_proc:151]thread start cid,0
[05:44:11.978] RX< [6] [cam] [61724][tshell][cam_sif_mgr_init:293]X ctx size 52 addr 0x8852bc38
[05:44:11.978] RX< [7] [cam] [61724][tshell][sif_btm_paramSet:102]btm lite w4032 h3024 binEn1 binRatio2
[05:44:11.978] RX< [7] [cam] [61724][tshell][sif_btm_paramSe
[05:44:11.983] RX< t:106]cropSlct2 x0 y0 w4032 h4032
[05:44:11.983] RX< [6] [cam] [61725][tshell][cam_prelude_init_cfg:368]CSI ID is 0,  phy lanes is 2.
[05:44:11.983] RX< [7] [cam] [61725][tshell][check_phy_ready:96]MIPI_PHY[0] is ready
[05:44:11.983] RX< [6] [cam] [61726][tshell][sensor_init:348]sensor [1]: register ok
[05:44:11.983] RX< [6] [ca
[05:44:11.989] RX< m] [61726][tshell][sensor_set_mode:887]sensor [1]: SetMode -> mode = 0.
[05:44:11.989] RX< [6] [cam] [61727][tshell][sensor_send_reg_tab_to_sensor:705]sensor [1]: send_reg_tab_to_sensor E.
[05:44:11.989] RX< [6] [cam] [61730][tshell][sensor_send_reg_tab_to_sensor:751]sensor [1]: reg_count = 7
[05:44:11.989] RX< 7.
[05:44:11.989] RX< [6] [cam] [61730][tshell][sensor_init:361]sensor [1]: init success.
[05:44:11.989] RX< [6] [cam] [61730][tshell][sensor_set_mode:887]sensor [1]: SetMode -> mode = 1.
[05:44:11.989] RX< [6] [cam] [61731][tshell][sensor_send_reg_tab_to_sensor:705]sensor [1]: send_reg_tab_to_sensor E.
[05:44:11.989] RX< [6] [ca
[05:44:11.992] RX< m] [61735][tshell][sensor_send_reg_tab_to_sensor:751]sensor [1]: reg_count = 84.
[05:44:11.992] RX< [6] [cam] [61735][tshell][csc_init:731]ok! phys_id[1], phys_num[1]
[05:44:11.992] RX< [6] [cam] [61736][tshell][csc_get_bayer_single_buffer:1148]scenario_type: 1
[05:44:11.992] RX< [6] [cam] [61736][tshell][csc_s
[05:44:11.992] RX< et_stats_fmt:98]index 0 w 1 h 1 bw 8 wcmp 255
[05:44:11.992] RX< [7] [cam] [61737][tshell][bm_ioctl:201]BMIOC_STATS_FMT
[05:44:11.992] RX< [6] [cam] [61737][tshell][csc_set_fe_fmt:47]index 1 w 4032 h 3024 bw 10 wcmp 0
[05:44:11.992] RX< [7] [cam] [61737][tshell][bm_ioctl:201]BMIOC_FE_FMT
[05:44:11.992] RX< [6] [cam] [61738][tshe
[05:44:11.994] RX< ll][csc_set_lite_fmt:115]index 2 w 1008 h 720 bw 8 wcmp 255
[05:44:11.994] RX< [7] [cam] [61738][tshell][bm_ioctl:201]BMIOC_LITE_FMT
[05:44:11.994] RX< [6] [cam] [61738][tshell][csc_set_lite_fmt:115]index 21 w 1008 h 720 bw 8 wcmp 255
[05:44:11.994] RX< [7] [cam] [61739][tshell][bm_ioctl:201]BMIOC_LITE_FMT
[05:44:11.994] RX< [6]
[05:44:11.994] RX<  [cam] [61739][tshell][csc_set_be_fmt:81]index 25 w 0 h 0 bw 8 wcmp 255
[05:44:11.994] RX< [7] [cam] [61740][tshell][bm_ioctl:201]BMIOC_BE_FMT
[05:44:11.994] RX< [6] [cam] [61740][tshell][csc_set_be_fmt:81]index 22 w 480 h 360 bw 8 wcmp 255
[05:44:11.994] RX< [7] [cam] [61740][tshell][bm_ioctl:201]BMIOC_BE_FMT
[05:44:11.997] RX< 
[05:44:11.997] RX< [6] [cam] [61741][tshell][csc_set_me_fmt:64]index 5 w 3024 h 4032 bw 10 wcmp 0, rdma_addr 0x8945f400, wdma_addr 0x8945f400
[05:44:11.997] RX< [7] [cam] [61741][tshell][bm_ioctl:201]BMIOC_ME_FMT
[05:44:11.997] RX< [6] [cam] [61742][tshell][csc_set_me_fmt:64]index 6 w 3024 h 4032 bw 8 wcmp 255
[05:44:11.997] RX< , rdma_addr 0x8a247700, wdma_addr 0x8c000000
[05:44:11.997] RX< [6] [cam] [61742][tshell][cam_me_core_buffer_cfg:1416]
[05:44:11.997] RX< ----ME PIPE INFO---
[05:44:11.997] RX<  wdma_buf_num:1, rotation_en: 1
[05:44:11.997] RX< [7] [cam] [61743][tshell][cam_me_core_buffer_cfg:1424]yuv wdma_addr 0:0x8c000000, meta_en: 0, 0x0000000
[05:44:12.000] RX< 0
[05:44:12.000] RX< [7] [cam] [61744][tshell][bm_ioctl:201]BMIOC_ME_FMT
[05:44:12.000] RX< [6] [cam] [61744][tshell][csc_init:739]get otp ok! phys_id[1], phys_num[1]
[05:44:12.000] RX< [6] [cam] [61744][tshell][cam_init:828]init ok! logic_id[0]
[05:44:12.000] RX< [34m[cam init] perf=21810(us)!
[05:44:12.000] RX< [0m[6] [App Cam] cam init succe
[05:44:12.000] RX< ss
[05:44:12.000] RX< [7] [cam] [61745][tshell][cam_cpm_core_stream_on:560]id 0 sensor type 1
[05:44:12.000] RX< [6] [cam] [61745][tshell][sensor_stream_on:1024]sensor [1]: stream_on
[05:44:12.000] RX< [6] [cam] [61746][tshell][sensor_stream_on:1052]sensor [1]: REG: 0x100, W:0x1.
[05:44:12.000] RX< [6] [cam] [61746][tshell][sens
[05:44:12.017] RX< or_stream_on:1054]sensor [1]: REG: 0x100, R:0x1.
[05:44:12.017] RX< [6] [cam] [61746][tshell][csc_prv_start:873]ok! phys_id[1], phys_num[1], cam_ids[1]
[05:44:12.017] RX< [6] [cam] [61747][tshell][cam_start:938]preview start ok! logic_id[0]
[05:44:12.017] RX< [34m[cam start] perf=2327(us)!
[05:44:12.017] RX< [0m[6] [App Cam] c
[05:44:12.018] RX< am start success
[05:44:12.018] RX< [6] [App Dfs] Gravity_XR Capture Start
[05:44:12.018] RX< msh /emmc>echo "__EVBTES[7] [cam] [61748][b_3a_sts][bayer_stats_core_irq_proc:164]thread start cid,0
[05:44:12.018] RX< [7] [cam] [61748][fe0][fe_core_irq_proc:98]thread start cid,0
[05:44:12.018] RX< T_END_6d9faa0d__"
[05:44:12.018] RX< __EVBTEST_END_6d9f
[05:44:12.108] TX> dfs_capture_start
[05:44:12.108] TX> echo "__EVBTEST_END_6d9faa0d__"
[05:44:12.391] RX< aa0d__
[05:44:12.391] RX< msh /emmc>[34m[AE] fid=0,exp=21537,adg=400,Y=616,mtg=100,shg=100,bgbv=943,iso=400,cnv0,hdr0
[05:44:12.391] RX< [0m[34m[b_ae0 proc] perf=2734(us), max=2734(us)!
[05:44:12.391] RX< [0m[34m[awb0 proc] perf=1142(us), max=1142(us)!
[05:44:12.391] RX< [0m[34m[AE conv] fid=10,exp=16344,adg=400,Y=5369,mtg
[05:44:12.392] RX< =636,shg=250,bgbv=1341,iso=400,cnv1,hdr1
[05:44:12.392] RX< [0m[7] [cam] [62120][fe0][_qpc_hdr_rslt_chk:1668]
[05:44:12.392] RX< ALG: EV0 t16344 g400 | EV+ t33039 g488 | EV- t9243 g100
[05:44:12.392] RX< [6] [cam] [62121][fe0][qpc_core_hdr_mapExp_cfg:1736]evMapExp set OK, typ:2 0 1 num:3 5 1
[05:44:12.392] RX< [34m[cap] FE syn
[05:44:12.472] RX< c ME @fid10 as mod4 cfg0x01, cap 9frms @fid+2
[05:44:12.472] RX< [0m[7] [cam] [62123][qpc0][qpc_core_hdr_upd_sensor:559][HDRupd]: Sns cap-0 EV:0->2 st-33039 ag-488
[05:44:12.472] RX< [7] [cam] [62170][qpc0][qpc_core_hdr_upd_me:613][HDRupd] ME cap-0 EV:0->2, dg-100
[05:44:12.472] RX< [7] [JPEG] frame num=9, pre
[05:44:12.505] RX<  frame=737886 Bytes
[05:44:12.505] RX< [exif] oFrm 0 evP 132 evM -266 bv 1345 exp 33039 iso 488 time 62156
[05:44:12.505] RX< [6] [cam] [62190][fe0][_cpm_cb_jpegInfo_proc:618]SnapStream E @ frm13!
[05:44:12.505] RX< [6] [cam] [62203][me0][cpm_cb_fe2me_tikChk:152]frm_length 33330us, fe2me delta 11
[05:44:12.505] RX< [32m[BE] fid=
[05:44:12.557] RX< 0, perf=5524(us), max=5524(us)!
[05:44:12.557] RX< [0m[7] [cam] [62223][qpc0][qpc_core_hdr_upd_sensor:559][HDRupd]: Sns cap-3 EV:2->0 st-16344 ag-400
[05:44:12.557] RX< [34m[cap] fid: me0 fe14, perf=488254(us)!
[05:44:12.557] RX< [0m[7] [cam] [62236][me0][me_core_thread:359]ME out fid 0
[05:44:12.557] RX< [exif] oFrm 3 evP 132
[05:44:12.758] RX<  evM -266 bv 1345 exp 16344 iso 400 time 62273
[05:44:12.758] RX< [7] [cam] [62393][qpc0][qpc_core_hdr_upd_sensor:559][HDRupd]: Sns cap-8 EV:0->1 st-9243 ag-100
[05:44:12.758] RX< [exif] oFrm 8 evP 132 evM -266 bv 1345 exp 9243 iso 100 time 62447
[05:44:12.758] RX< [6] [cam] [62490][fe0][_cpm_cb_jpegInfo_proc:62
[05:44:13.601] RX< 6]SnapStream X @ frm22!
[05:44:13.601] RX< [34m[cap] fid: me8 fe22, perf=33489(us)!
[05:44:13.601] RX< [0m[34m[AE] fid=30,exp=33039,adg=1600,Y=2462,mtg=139,shg=122,bgbv=-4605,iso=3400,cnv1,hdr0
[05:44:13.601] RX< [0m[6] [App Dfs] Gravity_XR Capture Stop Success: total frames = 9
[05:44:13.601] RX< [6] [cam] [63345][DfsSend][se
[05:44:13.601] RX< nsor_stream_off:1188]sensor [1]: stream_off
[05:44:13.601] RX< [6] [cam] [63346][DfsSend][sensor_stream_off:1217]sensor [1]: REG: 0x100, W:0x0.
[05:44:13.601] RX< [6] [cam] [63346][DfsSend][sensor_stream_off:1219]sensor [1]: REG: 0x100, R:0x0.
[05:44:13.601] RX< [6] [cam] [63347][DfsSend][csc_prv_stop:983]ok! 
[05:44:13.603] RX< phys_id[1], phys_num[1], stop_type = 0
[05:44:13.603] RX< [6] [cam] [63347][DfsSend][cam_stop:1058]preview stop ok! logic_id[0]
[05:44:13.603] RX< [34m[cam stop] perf=2369(us)!
[05:44:13.603] RX< [0m[6] [App Cam] cam stop success
[05:44:13.603] RX< [7] [cam] [63348][DfsSend][cam_cpm_core_power_off:467]id,0 type,1 ret 0
[05:44:13.603] RX< [6] [ca
[05:44:13.603] RX< m] [63348][sif0][sif_irq_proc:174]thread release cid,0
[05:44:13.603] RX< [6] [cam] [63349][DfsSend][cam_sif_mgr_deinit:316]X
[05:44:13.603] RX< [6] [cam] [63349][DfsSend][cam_deinit:887]deinit ok! logic_id[0]
[05:44:13.603] RX< [34m[cam deinit] perf=1397(us)!
[05:44:13.603] RX< [0m[6] [App Cam] cam deinit success
[05:44:13.603] RX< [6] [cam] [
[05:44:13.606] RX< 63350][DfsSend][sensor_close:1292]sensor [1]: close!
[05:44:13.606] RX< [6] [cam] [63350][DfsSend][cam_bm_core_deinit:136]X
[05:44:13.606] RX< [INFO]	cpm[0] snsType1 capMod4 cfg0x01 9frms
[05:44:13.606] RX< [6] [cam] [63351][be0][be_core_irq_proc:329]thread release cid,0
[05:44:13.606] RX< [6] [cam] [63351][DfsSend][cam_be_core_d
[05:44:13.606] RX< einit:793]X
[05:44:13.606] RX< [6] [cam] [63351][me0][me_core_thread:404]thread release cid,0
[05:44:13.606] RX< [6] [cam] [63352][DfsSend][cam_me_core_deinit:1551]X
[05:44:13.606] RX< [6] [cam] [63352][fe0][fe_core_irq_proc:121]thread release cid,0
[05:44:13.606] RX< [6] [cam] [63352][DfsSend][cam_fe_core_deinit:536]X
[05:44:13.606] RX< [6] [cam
[05:44:13.609] RX< ] [63353][b_3a_sts][bayer_stats_core_irq_proc:193]thread release cid,0
[05:44:13.609] RX< [6] [cam] [63353][DfsSend][cam_bayer_stats_core_deinit:512]X
[05:44:13.609] RX< [6] [cam] [63353][lite0][lite_core_irq_proc:190]thread release cid,0
[05:44:13.609] RX< [6] [cam] [63354][DfsSend][cam_lite_core_deinit:556]X
[05:44:13.609] RX< 
[05:44:13.609] RX< [6] [cam] [63354][b_ae0][a5_core_wrapper_task:315]thread release cid,0,algo,0
[05:44:13.609] RX< [6] [cam] [63354][DfsSend][bayer_ae_wrapper_deinit:204]X
[05:44:13.609] RX< [6] [cam] [63355][atf0][a5_core_wrapper_task:315]thread release cid,0,algo,1
[05:44:13.609] RX< [6] [cam] [63355][DfsSend][atf_wrapper_dei
[05:44:13.611] RX< nit:153]X
[05:44:13.611] RX< [6] [cam] [63356][awb0][a5_core_wrapper_task:315]thread release cid,0,algo,2
[05:44:13.611] RX< [6] [cam] [63356][DfsSend][awb_wrapper_deinit:153]X
[05:44:13.611] RX< [6] [cam] [63356][DfsSend][cam_5a_core_deinit:555]X
[05:44:13.611] RX< [6] [cam] [63357][DfsSend][cam_5a_inf_deinit:149]X
[05:44:13.611] RX< [6] [cam] [
[05:44:13.611] RX< 63357][qpc0][qpc_core_msg_proc:705]thread release cid,0
[05:44:13.611] RX< [6] [cam] [63357][DfsSend][qpc_core_deinit:1413]X
[05:44:13.611] RX< [6] [cam] [63358][DfsSend][cam_cpm_core_deinit:1248]X
[05:44:13.611] RX< [6] [cam] [63358][DfsSend][csc_close:656]ok! phys_id[1], phys_num[1]
[05:44:13.611] RX< [7] [cam] [63358][cer0][c
[05:44:13.620] RX< er_recovery_proc:352]msg type = 254
[05:44:13.620] RX< [6] [cam] [63358][cer0][cer_recovery_proc:454]thread release cid,0
[05:44:13.620] RX< [6] [cam] [63359][DfsSend][cer_deinit:560]X
[05:44:13.620] RX< [6] [cam] [63359][DfsSend][cam_close:789]close ok! logic_id[0]
[05:44:13.620] RX< [34m[cam close] perf=9852(us)!
[05:44:13.620] RX< [0m[6] [App
[05:44:13.620] RX<  Cam] cam close success
[05:44:13.620] RX< [6] [cam] [63360][cpl0][cam_prelude_proc_routine:136]thread release
[05:44:13.620] RX< [6] [cam] [63360][DfsSend][cam_exit:571]exit ok!
[05:44:13.620] RX< [34m[cam exit] perf=652(us)!
[05:44:13.620] RX< [0m[6] [App Cam] cam exit success
[05:44:13.620] RX< [6] [App Cam] jpeg deinit success
[05:44:13.620] RX< [6] [App Dfs]
[05:44:15.623] RX<  Save Photo Successful: /emmc/PIC/20260101_000101_1748/
[05:44:15.623] RX< [6] [App Dfs] Capture completed successfully.
[05:44:20.069] TX> cam_set video 1080p
[05:44:20.069] TX> echo "__EVBTEST_END_c1964e87__"
[05:44:21.630] RX< cam_set video 1080p
[05:44:21.630] RX< [6] [App Dfs] w(1920) * h(1080) is 1080p, eis 1
[05:44:21.630] RX< msh /emmc>echo "__EVBTEST_END_c1964e87__"
[05:44:21.630] RX< __EVBTEST_END_c1964e87__
[05:44:21.630] RX< msh /emmc>
[05:44:21.754] RX< dfs_video_start
[05:44:21.754] RX< [7] [cam] [71496][tshell][cgm_parse_bin:104]total logical camera num: 1
[05:44:21.754] RX< [6] [cam] [71496][tshell][cam_prelude_create:187]E id, 0
[05:44:21.754] RX< [7] [cam] [71496][cpl0][cam_prelude_proc_routine:101]thread start
[05:44:21.754] RX< [6] [cam] [71496][tshell][cam_prelude_create
[05:44:21.755] RX< :214]X ctx size 132 addr 0x884de868
[05:44:21.755] RX< [6] [cam] [71501][tshell][sensor_probe:418]sensor [1]: identifing 0 success.
[05:44:21.755] RX< [6] [cam] [71501][tshell][sensor_probe:441]sensor [1]: probe exit!
[05:44:21.755] RX< [6] [cam] [71501][tshell][cam_prelude_fast_probe:251]cam: 0 probe result: 0
[05:44:21.757] RX< 
[05:44:21.757] RX< [6] [cam] [71502][tshell][cgm_parse_bin:218]cam(0) probe success
[05:44:21.757] RX< [6] [cam] [71502][tshell][cam_entry:455]entry ok
[05:44:21.757] RX< [34m[cam entry] perf=7188(us)!
[05:44:21.757] RX< [0m[6] [App Cam] cam entry success
[05:44:21.757] RX< [7] [cam] [71503][tshell][cam_solve_layout:350][mLayout] param OK, sce
[05:44:21.760] RX< n3 iw4032 ih2268 ow1920 oh1080 gdc 0x1
[05:44:21.760] RX< [36m[mLayout] scen03 in=4032x2268,out=1920x1080 meRot1 stripe0 gdcOn1
[05:44:21.760] RX< [0m[36m[mLayout] scen03 14entries solved status=OK retry=0 rtmp=enabled (cursor0=0x8a00f210 cursor1=0x88e20aa0, ch0/1/2 cnt=5/3/1)
[05:44:21.760] RX< [0m[7] [cam
[05:44:21.760] RX< ] [71504][tshell][cam_solve_layout:377]
[05:44:21.760] RX< [mLayout] out vol 0x8c000000 rBuf 0x8a5e5400 sz 0xd00000 wBuf 0x89700000 sz 0x900000
[05:44:21.760] RX<           rtmp tBuf 0x8a10f210 sz 0x80000 aBuf 0x8a08f210 sz 0x80000
[05:44:21.760] RX<        alg EIS buf 0x8a00f210
[05:44:21.760] RX< [7] [cam] [71506][tshell][cam
[05:44:21.762] RX< _solve_layout:397]Solve Scen3 layout Done!
[05:44:21.762] RX< [6] [cam] [71506][tshell][cgm_parse_media_para:274]phy cam num: 1
[05:44:21.762] RX< [7] [cam] [71507][cer0][cer_recovery_proc:343]thread start cid, 0
[05:44:21.762] RX< [6] [cam] [71507][tshell][csc_open:499]SENSOR MCLK cal: 24MHz
[05:44:21.762] RX< [6] [cam] [71508]
[05:44:21.763] RX< [tshell][csc_isp_clk_cal:344]MIPI CLK cal: 277MHz
[05:44:21.763] RX< [6] [cam] [71508][tshell][csc_isp_clk_cal:374]LITE CLK cal: 25MHz
[05:44:21.763] RX< [7] [cam] [71508][tshell][cpc_csi_rx_power_on:633]E id: 2
[05:44:21.763] RX< [4] [cam] [71509][tshell][cpc_csi_rx_power_on:644]csi_2 has already power on, STA
[05:44:21.769] RX< TUS: 1
[05:44:21.769] RX< [6] [cam] [71509][tshell][cpc_update_clock:603]actual SNS mclk: 24MHz
[05:44:21.769] RX< [6] [cam] [71509][tshell][cpc_update_clock:608]actual MIPI0: 300MHz
[05:44:21.769] RX< [6] [cam] [71510][tshell][cpc_update_clock:598]actual LITE clk: 25MHz
[05:44:21.769] RX< [7] [cam] [71510][tshell][cam_prelude_o
[05:44:21.769] RX< pen:297][34msnsOpen camID1 csiID0 phyIdx0[0m
[05:44:21.769] RX< [6] [cam] [71514][tshell][sensor_expo_gain_match:48]sensor get sensor expo gain of imx681_vst
[05:44:21.769] RX< [6] [cam] [71515][tshell][sensor_open:684]sensor [1] open OK.
[05:44:21.769] RX< [6] [cam] [71515][tshell][cam_cpm_parse_media:295]v
[05:44:21.772] RX< ideo scenario:3, media para[fps:0, mirror_en:0, flip_en:0]
[05:44:21.772] RX< [6] [cam] [71515][tshell][cam_cpm_parse_media:298]video scenario, media para[iso:0, gain:0, wb_mode:0]
[05:44:21.772] RX< [6] [cam] [71516][tshell][csc_isp_clk_cal:355]FE CLK cal: 373MHz, ME CLK cal: 371MHz, FE/ME C
[05:44:21.772] RX< LK cal: 410MHz
[05:44:21.772] RX< [6] [cam] [71517][tshell][csc_isp_clk_cal:364]BE CLK cal: 301MHz
[05:44:21.772] RX< [4] [cam] [71517][tshell][cam_fe_core_power_on:269]fe pipe has already power on, STATUS: 1
[05:44:21.772] RX< [6] [cam] [71518][tshell][cpc_update_clock:588]actual FE/ME clk: 500MHz
[05:44:21.772] RX< [4] [cam] [
[05:44:21.775] RX< 71518][tshell][cam_be_core_power_on:1028]be pipe has already power on, STATUS: 1
[05:44:21.775] RX< [6] [cam] [71518][tshell][cpc_update_clock:593]actual BE clk: 500MHz
[05:44:21.775] RX< [7] [cam] [71519][tshell][cam_cpm_core_power_on:435]id,0 type,1 ret 0
[05:44:21.775] RX< [6] [cam] [71519][tshell][cam_cpm_c
[05:44:21.775] RX< ore_init:1017]E id,0 sensor type,1
[05:44:21.775] RX< [6] [cam] [71521][tshell][cpm_core_check_tuningbin:957]Tuning bin crc check PASS! sum 0x17a5964, xor 0x87e82682
[05:44:21.775] RX< [6] [cam] [71521][tshell][qpc_tuning_check_iqbin_validness:396]IQ bin addr: 0x88646660, project_name: video_
[05:44:21.777] RX< 3M
[05:44:21.777] RX< [6] [cam] [71522][tshell][qpc_tuning_check_iqbin_validness:397]total_size: 94400
[05:44:21.777] RX< [6] [cam] [71522][tshell][qpc_tuning_check_iqbin_validness:398]id_count: 93. ID_TOTAL: 94
[05:44:21.777] RX< [6] [cam] [71523][tshell][qpc_tuning_check_iqbin_validness:399]spinel tuning dat
[05:44:21.778] RX< a ver: V1.30
[05:44:21.778] RX< [6] [cam] [71523][tshell][cpm_core_check_tuningbin:971]IQ bin check success!
[05:44:21.778] RX< [6] [cam] [71524][tshell][cam_bm_core_init:94]E
[05:44:21.778] RX< [6] [cam] [71524][tshell][bm_lab_init:174]X ctx size 4 addr 0x884c2740
[05:44:21.778] RX< [6] [cam] [71524][tshell][cam_bm_core_init:11
[05:44:21.792] RX< 4]X ctx size 180 addr 0x884c2678
[05:44:21.792] RX< [6] [cam] [71525][tshell][qpc_core_init:1299]E id,0
[05:44:21.792] RX< [6] [cam] [71525][tshell][qpc_queue_init:65]QPC init qnodes 8, size 508, pool 0x884df608
[05:44:21.792] RX< [7] [cam] [71525][tshell][_qpc_get_cap_cfg_para:896][fallback]preset capCfg 200 0
[05:44:21.792] RX<  0 invalid, use default
[05:44:21.792] RX< [7] [cam] [71526][tshell][_qpc_cfg_hdr_frms:840][fallback]preset hdrCfg 0 0 0 0 0 invalid, use default
[05:44:21.792] RX< [6] [cam] [71538][tshell][qpc_core_init:1347]X ctx size 1288 addr 0x884c2760
[05:44:21.792] RX< [6] [cam] [71538][tshell][cpm_core_get_param:764]cp
[05:44:21.795] RX< m para chk: tunBin-w 4032 h 2266 img-w 4032 h 2268
[05:44:21.795] RX< [6] [cam] [71539][tshell][cam_fe_core_init:436]E id,0
[05:44:21.795] RX< [6] [cam] [71539][tshell][cam_fe_core_init:490]X ctx size 96 addr 0x884c3410
[05:44:21.795] RX< [7] [cam] [71540][tshell][qpc_core_fe_chords_init:1763][34mqpc fe init 
[05:44:21.795] RX< snsOut w 4032 h 2268, tbl w 28 h 20[0m
[05:44:21.795] RX< [6] [cam] [71540][tshell][cam_me_core_init:1523]X ctx size 1352 addr 0x884f1b20
[05:44:21.795] RX< [34m[ME SLICE CFG] perf=465(us)!
[05:44:21.795] RX< [0m[6] [cam] [71542][tshell][cam_bayer_fe_3a_stats_core_init:445]fe 3a id,0
[05:44:21.795] RX< [6] [cam] [71542][tshel
[05:44:21.798] RX< l][cam_bayer_fe_3a_stats_core_init:490]X ctx size 132 addr 0x884fa540
[05:44:21.798] RX< [6] [cam] [71542][tshell][cam_be_core_init:621]E id,0
[05:44:21.798] RX< [7] [cam] [71543][be0][be_core_irq_proc:270]thread start cid,0
[05:44:21.798] RX< [6] [cam] [71543][tshell][cam_be_core_init:716]X ctx size 472 addr 0
[05:44:21.798] RX< x884fa8d0
[05:44:21.798] RX< [6] [cam] [71544][tshell][awb_wrapper_init:66]xxx awb_bin=0x884e18cc, awb_bin_length=8068
[05:44:21.798] RX< [6] [cam] [71544][tshell][awb_wrapper_init:86]X algo_handle 0x885017f8
[05:44:21.798] RX< [7] [cam] [71545][awb0][a5_core_wrapper_task:252]thread start cid,0 algo type,2
[05:44:21.798] RX< [6]
[05:44:21.802] RX<  [cam] [71545][tshell][a5_core_init_task:426]thread created: awb0 mq=0x885038b8 thread=0x885039d0 sem=0x88503848 ret=0
[05:44:21.802] RX< [6] [cam] [71546][tshell][bayer_ae_wrapper_init:68]E id,0 proc mode 0 
[05:44:21.802] RX< 
[05:44:21.802] RX< [AEC Proc] @[allib_ae_set_debug_log_flag] Line:129:[DEBUG] debug
[05:44:21.802] RX<  level/to_file/to_terminal: 22/1/1
[05:44:21.802] RX< [AEC Proc] @[AeInit] Line:377:[INFO] AE ver: 2026_V2.269
[05:44:21.802] RX< 
[05:44:21.802] RX< [AEC Proc] @[allib_ae_loadfunc] Line:193:[INFO] camera ID: 0
[05:44:21.802] RX< [AEC Proc] @[alAE_set_param] Line:576:[DEBUG] sw_maxtime 33004 ,pertline 10800, after check sensor st
[05:44:21.805] RX< ep sw_max_time 33000.00
[05:44:21.805] RX< [AEC Proc] @[alAE_set_param] Line:581:[DEBUG] sw_mintime 43 ,pertline 10800, after check sensor step sw_min_time 40.00
[05:44:21.805] RX< [AEC Proc] @[alAE_set_param] Line:514:[DEBUG] DEBUG minbv exptime 11 gain 100, minExpBV 13810
[05:44:21.805] RX< [AEC Proc] @[AeTu
[05:44:21.805] RX< ningParseSet] Line:167:[DEBUG] aeparam version 2.268 60803
[05:44:21.805] RX< [AEC Proc] @[alAE_set_param] Line:341:[DEBUG] INITEXP gain 100, shutter 33242, midtonegain 100, bv 2247
[05:44:21.805] RX< [6] [cam] [71552][tshell][bayer_ae_wrapper_init:119]X tline 10800 max_exp 33004 alg_hdl 0x88
[05:44:21.808] RX< 506180 
[05:44:21.808] RX< [7] [cam] [71552][b_ae0][a5_core_wrapper_task:252]thread start cid,0 algo type,0
[05:44:21.808] RX< [6] [cam] [71553][tshell][a5_core_init_task:426]thread created: b_ae0 mq=0x88507230 thread=0x88507348 sem=0x885071c0 ret=0
[05:44:21.808] RX< [6] [cam] [71553][tshell][atf_wrapper_init:
[05:44:21.808] RX< 67]E id,0
[05:44:21.808] RX< [6] [cam] [71554][tshell][atf_wrapper_init:107]X alg_ctx addr 0x88507720
[05:44:21.808] RX< [7] [cam] [71554][atf0][a5_core_wrapper_task:252]thread start cid,0 algo type,1
[05:44:21.808] RX< [6] [cam] [71555][tshell][a5_core_init_task:426]thread created: atf0 mq=0x88507858 thread=0
[05:44:21.818] RX< x88507970 sem=0x885077e8 ret=0
[05:44:21.818] RX< [6] [cam] [71555][tshell][cam_cpm_core_init:1101]GDC enabled: video_eis=1, photo_warp=0
[05:44:21.818] RX< [6] [cam] [71564][tshell][cam_dewarp_init:333]table reg: enable:1, blockw:5, inw:1296, inh:2304, mapw:61, maph:35, outw:1920, outh:1080
[05:44:21.819] RX< [6] [cam] [71564][tshell][cam_dewarp_init:354]dewarp init: real-IMU consumer registered, reader=0x88507c70
[05:44:21.819] RX< [6] [cam] [71565][dwp0][dewarp_thread_entry:164]dewarp thread start, id=0
[05:44:21.819] RX< [6] [cam] [71565][tshell][cam_dewarp_init:379]EIS: dewarp init ok: dwp0 ei
[05:44:21.825] RX< s_ctx=0x8a00f210 table_size=12810 reg=61x35x5
[05:44:21.825] RX< [6] [cam] [71566][tshell][cam_cpm_core_init:1131]EIS: dewarp enabled, eis_ctx=0x8a00f210, eis_cfg=0x884c25c4
[05:44:21.825] RX< [6] [cam] [71566][tshell][cam_cpm_core_init:1149]X ctx size 1096 addr 0x884c2220
[05:44:21.825] RX< [6] [cam] [71567][
[05:44:21.826] RX< tshell][csc_open:599]ok! phys_id[1], phys_num[1] 
[05:44:21.826] RX< [6] [cam] [71567][tshell][cam_open:738]open ok! camera_id[0]
[05:44:21.826] RX< [34m[cam open] perf=64842(us)!
[05:44:21.826] RX< [0m[6] [App Cam] cam open success
[05:44:21.826] RX< [6] [cam] [71573][tshell][csc_init:722]sensor info:size:4032x2268, formt: 0x
[05:44:21.828] RX< 2b, bps: 1968, tline: 10800
[05:44:21.828] RX< [6] [cam] [71573][tshell][cam_sif_mgr_init:261]E id,0
[05:44:21.828] RX< [7] [cam] [71574][sif0][sif_irq_proc:151]thread start cid,0
[05:44:21.828] RX< [6] [cam] [71574][tshell][cam_sif_mgr_init:293]X ctx size 52 addr 0x885446a0
[05:44:21.828] RX< [6] [cam] [71575][tshell][cam_prelu
[05:44:21.829] RX< de_init_cfg:368]CSI ID is 0,  phy lanes is 2.
[05:44:21.829] RX< [7] [cam] [71575][tshell][check_phy_ready:96]MIPI_PHY[0] is ready
[05:44:21.829] RX< [6] [cam] [71575][tshell][sensor_init:348]sensor [1]: register ok
[05:44:21.829] RX< [6] [cam] [71576][tshell][sensor_set_mode:887]sensor [1]: SetMode -> mode = 0
[05:44:21.833] TX> dfs_video_start
[05:44:21.833] TX> echo "__EVBTEST_END_dd934e3f__"
[05:44:21.837] RX< .
[05:44:21.837] RX< [6] [cam] [71576][tshell][sensor_send_reg_tab_to_sensor:705]sensor [1]: send_reg_tab_to_sensor E.
[05:44:21.837] RX< [6] [cam] [71579][tshell][sensor_send_reg_tab_to_sensor:751]sensor [1]: reg_count = 77.
[05:44:21.837] RX< [6] [cam] [71580][tshell][sensor_init:361]sensor [1]: init success.
[05:44:21.840] RX< 
[05:44:21.840] RX< [6] [cam] [71580][tshell][sensor_set_mode:887]sensor [1]: SetMode -> mode = 3.
[05:44:21.840] RX< [6] [cam] [71581][tshell][sensor_send_reg_tab_to_sensor:705]sensor [1]: send_reg_tab_to_sensor E.
[05:44:21.840] RX< [6] [cam] [71585][tshell][sensor_send_reg_tab_to_sensor:751]sensor [1]: reg_c
[05:44:21.840] RX< ount = 83.
[05:44:21.840] RX< [6] [cam] [71585][tshell][csc_init:731]ok! phys_id[1], phys_num[1]
[05:44:21.840] RX< [6] [cam] [71585][tshell][csc_get_bayer_single_buffer:1148]scenario_type: 3
[05:44:21.840] RX< [6] [cam] [71585][tshell][csc_set_stats_fmt:98]index 0 w 1 h 1 bw 8 wcmp 255
[05:44:21.840] RX< [7] [cam] [71586][tshel
[05:44:21.842] RX< l][bm_ioctl:201]BMIOC_STATS_FMT
[05:44:21.842] RX< [6] [cam] [71586][tshell][csc_set_fe_fmt:47]index 1 w 4032 h 2268 bw 10 wcmp 0
[05:44:21.842] RX< [7] [cam] [71587][tshell][bm_ioctl:201]BMIOC_FE_FMT
[05:44:21.842] RX< [6] [cam] [71587][tshell][csc_set_me_fmt:64]index 5 w 2268 h 4032 bw 10 wcmp 0, rdma_addr 0x
[05:44:21.843] RX< 88e43800, wdma_addr 0x88e43800
[05:44:21.843] RX< [7] [cam] [71588][tshell][bm_ioctl:201]BMIOC_ME_FMT
[05:44:21.843] RX< [6] [cam] [71588][tshell][csc_set_video_fmt:1076]meta_addr: 0x8a18f240
[05:44:21.843] RX< [6] [cam] [71589][tshell][csc_set_me_fmt:64]index 6 w 1296 h 2304 bw 8 wcmp 0, rdma_addr 0x8b2e5400,
[05:44:21.845] RX<  wdma_addr 0x8a19fc00
[05:44:21.845] RX< [6] [cam] [71589][tshell][cam_me_core_buffer_cfg:1416]
[05:44:21.845] RX< ----ME PIPE INFO---
[05:44:21.845] RX<  wdma_buf_num:2, rotation_en: 1
[05:44:21.845] RX< [7] [cam] [71590][tshell][cam_me_core_buffer_cfg:1424]yuv wdma_addr 0:0x8a19fc00, meta_en: 1, 0x8a18f240
[05:44:21.845] RX< [7] [cam] [71590][t
[05:44:21.845] RX< shell][cam_me_core_buffer_cfg:1424]yuv wdma_addr 1:0x8a3c2800, meta_en: 1, 0x8a18f240
[05:44:21.845] RX< [7] [cam] [71591][tshell][bm_ioctl:201]BMIOC_ME_FMT
[05:44:21.845] RX< [6] [cam] [71591][tshell][csc_set_lite_fmt:115]index 13 w 400 h 400 bw 10 wcmp 255
[05:44:21.845] RX< [7] [cam] [71592][tshell][bm_ioct
[05:44:21.848] RX< l:201]BMIOC_LITE_FMT
[05:44:21.848] RX< [6] [cam] [71592][tshell][csc_set_lite_fmt:115]index 14 w 400 h 400 bw 10 wcmp 255
[05:44:21.848] RX< [7] [cam] [71593][tshell][bm_ioctl:201]BMIOC_LITE_FMT
[05:44:21.848] RX< [6] [cam] [71593][tshell][csc_set_be_fmt:81]index 7 w 1920 h 1080 bw 6 wcmp 0
[05:44:21.848] RX< [7] [cam] [71593][
[05:44:21.848] RX< tshell][bm_ioctl:201]BMIOC_BE_FMT
[05:44:21.848] RX< [6] [cam] [71593][tshell][csc_set_be_fmt:81]index 8 w 1920 h 1080 bw 8 wcmp 255
[05:44:21.848] RX< [7] [cam] [71594][tshell][bm_ioctl:201]BMIOC_BE_FMT
[05:44:21.848] RX< [6] [cam] [71594][tshell][cam_dewarp_set_table_base:480]dewarp table base updated: [0]=0x
[05:44:21.851] RX< 88e20aa0 [1]=0x88e32150
[05:44:21.851] RX< [6] [cam] [71595][tshell][cam_cpm_core_set_dewarp_table_base:1611]dewarp table base updated: [0]=0x88e20aa0 [1]=0x88e32150
[05:44:21.851] RX< [6] [cam] [71595][tshell][csc_init:739]get otp ok! phys_id[1], phys_num[1]
[05:44:21.851] RX< [6] [cam] [71596][tshell][cam_in
[05:44:21.851] RX< it:828]init ok! logic_id[0]
[05:44:21.851] RX< [34m[cam init] perf=23327(us)!
[05:44:21.851] RX< [0m[6] [App Cam] cam init success
[05:44:21.851] RX< [7] [cam] [71597][tshell][cam_cpm_core_stream_on:560]id 0 sensor type 1
[05:44:21.851] RX< [6] [cam] [71597][tshell][sensor_stream_on:1024]sensor [1]: stream_on
[05:44:21.851] RX< [6] [cam] [71597]
[05:44:21.869] RX< [tshell][sensor_stream_on:1052]sensor [1]: REG: 0x100, W:0x1.
[05:44:21.869] RX< [6] [cam] [71598][tshell][sensor_stream_on:1054]sensor [1]: REG: 0x100, R:0x1.
[05:44:21.869] RX< [6] [cam] [71598][tshell][csc_prv_start:873]ok! phys_id[1], phys_num[1], cam_ids[1]
[05:44:21.869] RX< [6] [cam] [71599][tshell][cam
[05:44:21.869] RX< _start:938]preview start ok! logic_id[0]
[05:44:21.869] RX< [34m[cam start] perf=2326(us)!
[05:44:21.869] RX< [0m[6] [App Cam] cam start success
[05:44:21.869] RX< [6] [App Dfs] Gravity_XR Record Start
[05:44:21.869] RX< msh /emmc>echo "__EVBTEST_END_dd934e3f__"
[05:44:21.869] RX< __EVBTEST_END_dd934e3f__
[05:44:21.869] RX< msh /emmc>[7] [cam] [71601][b_3a_sts][ba
[05:44:21.987] RX< yer_stats_core_irq_proc:164]thread start cid,0
[05:44:21.987] RX< [7] [cam] [71601][fe0][fe_core_irq_proc:98]thread start cid,0
[05:44:21.987] RX< [34m[AE] fid=0,exp=9810,adg=107,Y=3955,mtg=100,shg=100,bgbv=3889,iso=107,cnv0,hdr0
[05:44:21.987] RX< [0m[34m[b_ae0 proc] perf=2803(us), max=2803(us)!
[05:44:21.987] RX< [0m[34m[
[05:44:22.160] RX< awb0 proc] perf=1304(us), max=1304(us)!
[05:44:22.160] RX< [0m[7] [cam] [71733][me0][me_core_thread:359]ME out fid 0
[05:44:22.160] RX< [6] [cam] [71780][dwp0][cpm_cb_dewarp_handle:1411]EIS: dewarp done frm=0, buf_idx=0
[05:44:22.160] RX< [6] [cam] [71892][me0][cpm_cb_fe2me_tikChk:152]frm_length 88560us, fe2me 
[05:44:23.148] RX< delta 0
[05:44:23.148] RX< [34m[ME INTP]fid=0, shutter=9810, perf=1305(us), max=1305(us)!
[05:44:23.148] RX< [0m[32m[BE] fid=0, perf=7484(us), max=7484(us)!
[05:44:23.148] RX< [0m[6] [App Dfs] f_index = 0, f_len = 85934, cur_total_len = 86022
[05:44:23.148] RX< [34m[AE] fid=30,exp=13820,adg=300,Y=4120,mtg=180,shg=149,bgbv=964
[05:44:25.149] RX< ,iso=300,cnv2,hdr0
[05:44:25.149] RX< [0m[7] [cam] [72899][me0][me_core_thread:359]ME out fid 30
[05:44:25.149] RX< [34m[AE] fid=60,exp=13790,adg=300,Y=4157,mtg=180,shg=150,bgbv=978,iso=300,cnv2,hdr0
[05:44:25.149] RX< [0m[7] [cam] [73899][me0][me_core_thread:359]ME out fid 60
[05:44:25.503] RX< [34m[AE] fid=90,exp=13790,adg=300,Y=4152,mtg=180,shg=150,bgbv=978,iso=300,cnv2,hdr0
[05:44:25.503] RX< [0m[34m[b_ae0 proc] perf=395(us), max=2803(us)!
[05:44:25.503] RX< [0m[34m[awb0 proc] perf=1300(us), max=1517(us)!
[05:44:25.503] RX< [0m[7] [cam] [74898][me0][me_core_thread:359]ME out fid 90
[05:44:25.503] RX< [32m[BE] 
[05:44:26.164] RX< fid=90, perf=8640(us), max=8640(us)!
[05:44:26.164] RX< [0m[6] [App Dfs] f_index = 90, f_len = 164212, cur_total_len = 6835459
[05:44:26.164] RX< [34m[AE] fid=120,exp=13740,adg=300,Y=4167,mtg=180,shg=149,bgbv=983,iso=300,cnv2,hdr0
[05:44:26.164] RX< [0m[7] [cam] [75898][me0][me_core_thread:359]ME out fid 120
[05:44:28.149] RX< [34m[ME INTP]fid=120, shutter=13740, perf=3(us), max=3097(us)!
[05:44:28.149] RX< [0m[34m[AE] fid=150,exp=13760,adg=300,Y=4140,mtg=180,shg=149,bgbv=974,iso=300,cnv2,hdr0
[05:44:28.149] RX< [0m[7] [cam] [76898][me0][me_core_thread:359]ME out fid 150
[05:44:28.149] RX< [34m[AE] fid=180,exp=13760,adg=300,Y=414
[05:44:28.501] RX< 7,mtg=180,shg=149,bgbv=974,iso=300,cnv2,hdr0
[05:44:28.501] RX< [0m[34m[b_ae0 proc] perf=442(us), max=665(us)!
[05:44:28.501] RX< [0m[34m[awb0 proc] perf=1315(us), max=1553(us)!
[05:44:28.501] RX< [0m[7] [cam] [77898][me0][me_core_thread:359]ME out fid 180
[05:44:28.501] RX< [32m[BE] fid=180, perf=8664(us), max=8664(us)!
[05:44:28.501] RX< [
[05:44:30.164] RX< 0m[6] [App Dfs] f_index = 180, f_len = 165260, cur_total_len = 6864737
[05:44:30.164] RX< [34m[AE] fid=210,exp=13740,adg=300,Y=4174,mtg=180,shg=149,bgbv=983,iso=300,cnv2,hdr0
[05:44:30.164] RX< [0m[7] [cam] [78898][me0][me_core_thread:359]ME out fid 210
[05:44:30.164] RX< [34m[AE] fid=240,exp=13770,adg=300,Y=
[05:44:30.246] RX< 4135,mtg=180,shg=149,bgbv=970,iso=300,cnv2,hdr0
[05:44:30.246] RX< [0m[6] [cam] [79890][dwp0][cpm_cb_dewarp_handle:1411]EIS: dewarp done frm=240, buf_idx=0
[05:44:30.246] RX< [7] [cam] [79898][me0][me_core_thread:359]ME out fid 240
[05:44:30.246] RX< [34m[ME INTP]fid=240, shutter=13770, perf=3(us), max=166(us)
[05:44:31.500] RX< !
[05:44:31.500] RX< [0m[34m[AE] fid=270,exp=13760,adg=300,Y=4149,mtg=180,shg=149,bgbv=974,iso=300,cnv2,hdr0
[05:44:31.500] RX< [0m[34m[b_ae0 proc] perf=403(us), max=579(us)!
[05:44:31.500] RX< [0m[34m[awb0 proc] perf=1357(us), max=1451(us)!
[05:44:31.500] RX< [0m[7] [cam] [80898][me0][me_core_thread:359]ME out fid 270
[05:44:31.500] RX< [3
[05:44:32.162] RX< 2m[BE] fid=270, perf=8674(us), max=8674(us)!
[05:44:32.162] RX< [0m[6] [App Dfs] f_index = 270, f_len = 163899, cur_total_len = 6842035
[05:44:32.162] RX< [34m[AE] fid=300,exp=13760,adg=300,Y=4141,mtg=180,shg=149,bgbv=974,iso=300,cnv2,hdr0
[05:44:32.162] RX< [0m[7] [cam] [81898][me0][me_core_thread:359]ME out
[05:44:34.147] RX<  fid 300
[05:44:34.147] RX< [34m[AE] fid=330,exp=13760,adg=300,Y=4141,mtg=180,shg=149,bgbv=974,iso=300,cnv2,hdr0
[05:44:34.147] RX< [0m[7] [cam] [82897][me0][me_core_thread:359]ME out fid 330
[05:44:34.147] RX< [34m[AE] fid=360,exp=13760,adg=300,Y=4141,mtg=180,shg=149,bgbv=974,iso=300,cnv2,hdr0
[05:44:34.147] RX< [0m[34m[b_ae
[05:44:34.502] RX< 0 proc] perf=409(us), max=580(us)!
[05:44:34.502] RX< [0m[34m[awb0 proc] perf=1304(us), max=1410(us)!
[05:44:34.502] RX< [0m[7] [cam] [83897][me0][me_core_thread:359]ME out fid 360
[05:44:34.502] RX< [34m[ME INTP]fid=360, shutter=13760, perf=4(us), max=474(us)!
[05:44:34.502] RX< [0m[32m[BE] fid=360, perf=8671(us), max=8674
[05:44:36.146] RX< (us)!
[05:44:36.146] RX< [0m[6] [App Dfs] f_index = 360, f_len = 165280, cur_total_len = 6774195
[05:44:36.146] RX< [34m[AE] fid=390,exp=13760,adg=300,Y=4147,mtg=180,shg=149,bgbv=974,iso=300,cnv2,hdr0
[05:44:36.146] RX< [0m[7] [cam] [84897][me0][me_core_thread:359]ME out fid 390
[05:44:36.146] RX< [34m[AE] fid=420,exp=13760,ad
[05:44:37.147] RX< g=300,Y=4144,mtg=180,shg=149,bgbv=974,iso=300,cnv2,hdr0
[05:44:37.147] RX< [0m[7] [cam] [85897][me0][me_core_thread:359]ME out fid 420
[05:44:37.147] RX< [34m[AE] fid=450,exp=13750,adg=300,Y=4157,mtg=180,shg=149,bgbv=979,iso=300,cnv2,hdr0
[05:44:37.147] RX< [0m[34m[b_ae0 proc] perf=449(us), max=619(us)!
[05:44:37.147] RX< [0
[05:44:38.163] RX< m[34m[awb0 proc] perf=1341(us), max=1447(us)!
[05:44:38.163] RX< [0m[7] [cam] [86897][me0][me_core_thread:359]ME out fid 450
[05:44:38.163] RX< [32m[BE] fid=450, perf=8624(us), max=8673(us)!
[05:44:38.163] RX< [0m[6] [App Dfs] f_index = 450, f_len = 163943, cur_total_len = 6867527
[05:44:38.163] RX< [34m[AE] fid=480,exp=13750
[05:44:38.245] RX< ,adg=300,Y=4152,mtg=180,shg=149,bgbv=979,iso=300,cnv2,hdr0
[05:44:38.245] RX< [0m[6] [cam] [87888][dwp0][cpm_cb_dewarp_handle:1411]EIS: dewarp done frm=480, buf_idx=0
[05:44:38.245] RX< [7] [cam] [87897][me0][me_core_thread:359]ME out fid 480
[05:44:38.245] RX< [34m[ME INTP]fid=480, shutter=13750, perf=3(us), 
[05:44:40.146] RX< max=251(us)!
[05:44:40.146] RX< [0m[34m[AE] fid=510,exp=13750,adg=300,Y=4162,mtg=180,shg=149,bgbv=979,iso=300,cnv2,hdr0
[05:44:40.146] RX< [0m[7] [cam] [88897][me0][me_core_thread:359]ME out fid 510
[05:44:40.146] RX< [34m[AE] fid=540,exp=13750,adg=300,Y=4152,mtg=180,shg=149,bgbv=979,iso=300,cnv2,hdr0
[05:44:40.146] RX< [0m[
[05:44:40.520] RX< 34m[b_ae0 proc] perf=396(us), max=641(us)!
[05:44:40.520] RX< [0m[34m[awb0 proc] perf=1356(us), max=1602(us)!
[05:44:40.520] RX< [0m[7] [cam] [89896][me0][me_core_thread:359]ME out fid 540
[05:44:40.520] RX< [32m[BE] fid=540, perf=8679(us), max=8752(us)!
[05:44:40.520] RX< [0m[6] [App Dfs] f_index = 540, f_len = 166448, cur_
[05:44:42.144] RX< total_len = 6824644
[05:44:42.144] RX< [34m[AE] fid=570,exp=13740,adg=300,Y=4168,mtg=180,shg=149,bgbv=983,iso=300,cnv2,hdr0
[05:44:42.144] RX< [0m[7] [cam] [90896][me0][me_core_thread:359]ME out fid 570
[05:44:42.144] RX< [34m[AE] fid=600,exp=13750,adg=300,Y=4151,mtg=180,shg=149,bgbv=979,iso=300,cnv2,hdr0
[05:44:42.144] RX< [0
[05:44:43.145] RX< m[7] [cam] [91896][me0][me_core_thread:359]ME out fid 600
[05:44:43.145] RX< [34m[ME INTP]fid=600, shutter=13750, perf=3(us), max=521(us)!
[05:44:43.145] RX< [0m[34m[AE] fid=630,exp=13760,adg=300,Y=4143,mtg=180,shg=149,bgbv=974,iso=300,cnv2,hdr0
[05:44:43.145] RX< [0m[34m[b_ae0 proc] perf=615(us), max=621(u
[05:44:44.143] RX< s)!
[05:44:44.143] RX< [0m[34m[awb0 proc] perf=1305(us), max=1500(us)!
[05:44:44.143] RX< [0m[7] [cam] [92896][me0][me_core_thread:359]ME out fid 630
[05:44:44.143] RX< [32m[BE] fid=630, perf=8647(us), max=8679(us)!
[05:44:44.143] RX< [0m[6] [App Dfs] f_index = 630, f_len = 164535, cur_total_len = 6928370
[05:44:44.143] RX< [34m[AE] fid=660,e
[05:44:45.160] RX< xp=13770,adg=300,Y=4130,mtg=180,shg=149,bgbv=970,iso=300,cnv2,hdr0
[05:44:45.160] RX< [0m[7] [cam] [93896][me0][me_core_thread:359]ME out fid 660
[05:44:45.160] RX< [34m[AE] fid=690,exp=13770,adg=300,Y=4127,mtg=180,shg=149,bgbv=970,iso=300,cnv2,hdr0
[05:44:45.160] RX< [0m[7] [cam] [94896][me0][me_core_thread:
[05:44:46.161] RX< 359]ME out fid 690
[05:44:46.161] RX< [34m[AE] fid=720,exp=13770,adg=300,Y=4133,mtg=180,shg=149,bgbv=970,iso=300,cnv2,hdr0
[05:44:46.161] RX< [0m[34m[b_ae0 proc] perf=460(us), max=615(us)!
[05:44:46.161] RX< [0m[34m[awb0 proc] perf=1317(us), max=1469(us)!
[05:44:46.161] RX< [0m[6] [cam] [95887][dwp0][cpm_cb_dewarp_handle:14
[05:44:46.519] RX< 11]EIS: dewarp done frm=720, buf_idx=0
[05:44:46.519] RX< [7] [cam] [95896][me0][me_core_thread:359]ME out fid 720
[05:44:46.519] RX< [34m[ME INTP]fid=720, shutter=13770, perf=3(us), max=792(us)!
[05:44:46.519] RX< [0m[32m[BE] fid=720, perf=8695(us), max=8695(us)!
[05:44:46.519] RX< [0m[6] [App Dfs] f_index = 720, f_len = 1666
[05:44:48.143] RX< 34, cur_total_len = 6827910
[05:44:48.143] RX< [34m[AE] fid=750,exp=13770,adg=300,Y=4131,mtg=180,shg=149,bgbv=970,iso=300,cnv2,hdr0
[05:44:48.143] RX< [0m[7] [cam] [96895][me0][me_core_thread:359]ME out fid 750
[05:44:48.143] RX< [34m[AE] fid=780,exp=13770,adg=300,Y=4137,mtg=180,shg=149,bgbv=970,iso=300,cnv2,
[05:44:49.145] RX< hdr0
[05:44:49.145] RX< [0m[7] [cam] [97895][me0][me_core_thread:359]ME out fid 780
[05:44:49.145] RX< [34m[AE] fid=810,exp=13760,adg=300,Y=4149,mtg=180,shg=149,bgbv=974,iso=300,cnv2,hdr0
[05:44:49.145] RX< [0m[34m[b_ae0 proc] perf=390(us), max=617(us)!
[05:44:49.145] RX< [0m[34m[awb0 proc] perf=1301(us), max=1538(us)!
[05:44:49.145] RX< [0m
[05:44:50.142] RX< [7] [cam] [98895][me0][me_core_thread:359]ME out fid 810
[05:44:50.142] RX< [32m[BE] fid=810, perf=8666(us), max=8695(us)!
[05:44:50.142] RX< [0m[6] [App Dfs] f_index = 810, f_len = 165364, cur_total_len = 6837447
[05:44:50.142] RX< [34m[AE] fid=840,exp=13750,adg=300,Y=4151,mtg=180,shg=149,bgbv=979,iso=300,cn
[05:44:51.158] RX< v2,hdr0
[05:44:51.158] RX< [0m[7] [cam] [99895][me0][me_core_thread:359]ME out fid 840
[05:44:51.158] RX< [34m[ME INTP]fid=840, shutter=13750, perf=97(us), max=1053(us)!
[05:44:51.158] RX< [0m[34m[AE] fid=870,exp=13740,adg=300,Y=4168,mtg=180,shg=149,bgbv=983,iso=300,cnv2,hdr0
[05:44:51.158] RX< [0m[7] [cam] [100895][me0][me_c
[05:44:52.160] RX< ore_thread:359]ME out fid 870
[05:44:52.160] RX< [34m[AE] fid=900,exp=13740,adg=300,Y=4173,mtg=180,shg=149,bgbv=983,iso=300,cnv2,hdr0
[05:44:52.160] RX< [0m[34m[b_ae0 proc] perf=474(us), max=602(us)!
[05:44:52.160] RX< [0m[34m[awb0 proc] perf=1318(us), max=1394(us)!
[05:44:52.160] RX< [0m[7] [cam] [101895][me0][me_core_thre
[05:44:53.157] RX< ad:359]ME out fid 900
[05:44:53.157] RX< [32m[BE] fid=900, perf=8637(us), max=8666(us)!
[05:44:53.157] RX< [0m[6] [App Dfs] f_index = 900, f_len = 164636, cur_total_len = 6763910
[05:44:53.157] RX< [34m[AE] fid=930,exp=13740,adg=300,Y=4168,mtg=180,shg=149,bgbv=983,iso=300,cnv2,hdr0
[05:44:53.157] RX< [0m[7] [cam] [102895][me0]
[05:44:54.159] RX< [me_core_thread:359]ME out fid 930
[05:44:54.159] RX< [34m[AE] fid=960,exp=13740,adg=300,Y=4182,mtg=180,shg=149,bgbv=987,iso=300,cnv2,hdr0
[05:44:54.159] RX< [0m[6] [cam] [103886][dwp0][cpm_cb_dewarp_handle:1411]EIS: dewarp done frm=960, buf_idx=0
[05:44:54.159] RX< [7] [cam] [103895][me0][me_core_thread:359]M
[05:44:55.160] RX< E out fid 960
[05:44:55.160] RX< [34m[ME INTP]fid=960, shutter=13740, perf=754(us), max=1095(us)!
[05:44:55.160] RX< [0m[34m[AE] fid=990,exp=13700,adg=300,Y=4155,mtg=180,shg=150,bgbv=984,iso=300,cnv2,hdr0
[05:44:55.160] RX< [0m[34m[b_ae0 proc] perf=442(us), max=540(us)!
[05:44:55.160] RX< [0m[34m[awb0 proc] perf=1338(us), 
[05:44:56.140] RX< max=1536(us)!
[05:44:56.140] RX< [0m[7] [cam] [104894][me0][me_core_thread:359]ME out fid 990
[05:44:56.140] RX< [32m[BE] fid=990, perf=8665(us), max=8665(us)!
[05:44:56.140] RX< [0m[6] [App Dfs] f_index = 990, f_len = 166312, cur_total_len = 6831445
[05:44:56.140] RX< [34m[AE] fid=1020,exp=13730,adg=300,Y=4119,mtg=180,shg=150
[05:44:58.142] RX< ,bgbv=970,iso=300,cnv2,hdr0
[05:44:58.142] RX< [0m[7] [cam] [105894][me0][me_core_thread:359]ME out fid 1020
[05:44:58.142] RX< [34m[AE] fid=1050,exp=13720,adg=300,Y=4133,mtg=180,shg=150,bgbv=975,iso=300,cnv2,hdr0
[05:44:58.142] RX< [0m[7] [cam] [106894][me0][me_core_thread:359]ME out fid 1050
[05:44:58.142] RX< [34m[AE] fid=1
[05:44:58.241] RX< 080,exp=13720,adg=300,Y=4130,mtg=180,shg=150,bgbv=975,iso=300,cnv2,hdr0
[05:44:58.241] RX< [0m[34m[b_ae0 proc] perf=414(us), max=614(us)!
[05:44:58.241] RX< [0m[34m[awb0 proc] perf=1301(us), max=1543(us)!
[05:44:58.241] RX< [0m[7] [cam] [107894][me0][me_core_thread:359]ME out fid 1080
[05:44:58.241] RX< [34m[ME INTP]fid=108
[05:44:59.140] RX< 0, shutter=13720, perf=4(us), max=2835(us)!
[05:44:59.140] RX< [0m[32m[BE] fid=1080, perf=8540(us), max=8687(us)!
[05:44:59.140] RX< [0m[6] [App Dfs] f_index = 1080, f_len = 155160, cur_total_len = 6854361
[05:44:59.140] RX< [34m[AE] fid=1110,exp=13710,adg=300,Y=4147,mtg=180,shg=150,bgbv=979,iso=300,cnv2,hdr
[05:45:01.141] RX< 0
[05:45:01.141] RX< [0m[7] [cam] [108894][me0][me_core_thread:359]ME out fid 1110
[05:45:01.141] RX< [34m[AE] fid=1140,exp=13700,adg=300,Y=4162,mtg=180,shg=150,bgbv=984,iso=300,cnv2,hdr0
[05:45:01.141] RX< [0m[7] [cam] [109894][me0][me_core_thread:359]ME out fid 1140
[05:45:01.141] RX< [34m[AE] fid=1170,exp=13720,adg=300,Y=41
[05:45:01.494] RX< 34,mtg=180,shg=150,bgbv=975,iso=300,cnv2,hdr0
[05:45:01.494] RX< [0m[34m[b_ae0 proc] perf=397(us), max=611(us)!
[05:45:01.494] RX< [0m[34m[awb0 proc] perf=1368(us), max=1526(us)!
[05:45:01.494] RX< [0m[7] [cam] [110894][me0][me_core_thread:359]ME out fid 1170
[05:45:01.494] RX< [32m[BE] fid=1170, perf=8647(us), max=8675(us)
[05:45:02.157] RX< !
[05:45:02.157] RX< [0m[6] [App Dfs] f_index = 1170, f_len = 165680, cur_total_len = 6853206
[05:45:02.157] RX< [34m[AE] fid=1200,exp=13730,adg=300,Y=4113,mtg=180,shg=150,bgbv=970,iso=300,cnv2,hdr0
[05:45:02.157] RX< [0m[6] [cam] [111885][dwp0][cpm_cb_dewarp_handle:1411]EIS: dewarp done frm=1200, buf_idx=0
[05:45:02.157] RX< [
[05:45:03.155] RX< 7] [cam] [111893][me0][me_core_thread:359]ME out fid 1200
[05:45:03.155] RX< [34m[ME INTP]fid=1200, shutter=13730, perf=3(us), max=2679(us)!
[05:45:03.155] RX< [0m[34m[AE] fid=1230,exp=13810,adg=300,Y=4130,mtg=180,shg=150,bgbv=969,iso=300,cnv2,hdr0
[05:45:03.155] RX< [0m[7] [cam] [112893][me0][me_core_thread
[05:45:04.157] RX< :359]ME out fid 1230
[05:45:04.157] RX< [34m[AE] fid=1260,exp=13810,adg=300,Y=4132,mtg=180,shg=150,bgbv=969,iso=300,cnv2,hdr0
[05:45:04.157] RX< [0m[34m[b_ae0 proc] perf=396(us), max=596(us)!
[05:45:04.157] RX< [0m[34m[awb0 proc] perf=1305(us), max=1519(us)!
[05:45:04.157] RX< [0m[7] [cam] [113893][me0][me_core_thread:359]M
[05:45:05.154] RX< E out fid 1260
[05:45:05.154] RX< [32m[BE] fid=1260, perf=8673(us), max=8673(us)!
[05:45:05.154] RX< [0m[6] [App Dfs] f_index = 1260, f_len = 164406, cur_total_len = 6841028
[05:45:05.154] RX< [34m[AE] fid=1290,exp=13810,adg=300,Y=4135,mtg=180,shg=150,bgbv=969,iso=300,cnv2,hdr0
[05:45:05.154] RX< [0m[7] [cam] [114893][me0][me_
[05:45:07.141] RX< core_thread:359]ME out fid 1290
[05:45:07.141] RX< [34m[AE] fid=1320,exp=13810,adg=300,Y=4129,mtg=180,shg=150,bgbv=969,iso=300,cnv2,hdr0
[05:45:07.141] RX< [0m[7] [cam] [115893][me0][me_core_thread:359]ME out fid 1320
[05:45:07.141] RX< [34m[ME INTP]fid=1320, shutter=13810, perf=4(us), max=882(us)!
[05:45:07.141] RX< [0m[34m[
[05:45:07.493] RX< AE] fid=1350,exp=13820,adg=300,Y=4104,mtg=180,shg=150,bgbv=960,iso=300,cnv2,hdr0
[05:45:07.493] RX< [0m[34m[b_ae0 proc] perf=394(us), max=732(us)!
[05:45:07.493] RX< [0m[34m[awb0 proc] perf=1300(us), max=1533(us)!
[05:45:07.493] RX< [0m[7] [cam] [116893][me0][me_core_thread:359]ME out fid 1350
[05:45:07.493] RX< [32m[BE] fi
[05:45:08.154] RX< d=1350, perf=8543(us), max=8673(us)!
[05:45:08.154] RX< [0m[6] [App Dfs] f_index = 1350, f_len = 154836, cur_total_len = 6774628
[05:45:08.154] RX< [34m[AE] fid=1380,exp=13810,adg=300,Y=4132,mtg=180,shg=150,bgbv=969,iso=300,cnv2,hdr0
[05:45:08.154] RX< [0m[7] [cam] [117893][me0][me_core_thread:359]ME out fid 
[05:45:10.156] RX< 1380
[05:45:10.156] RX< [34m[AE] fid=1410,exp=13810,adg=300,Y=4127,mtg=180,shg=150,bgbv=969,iso=300,cnv2,hdr0
[05:45:10.156] RX< [0m[7] [cam] [118892][me0][me_core_thread:359]ME out fid 1410
[05:45:10.156] RX< [34m[AE] fid=1440,exp=13810,adg=300,Y=4125,mtg=180,shg=150,bgbv=969,iso=300,cnv2,hdr0
[05:45:10.156] RX< [0m[34m[b_ae
[05:45:10.237] RX< 0 proc] perf=397(us), max=627(us)!
[05:45:10.237] RX< [0m[34m[awb0 proc] perf=1356(us), max=1458(us)!
[05:45:10.237] RX< [0m[6] [cam] [119884][dwp0][cpm_cb_dewarp_handle:1411]EIS: dewarp done frm=1440, buf_idx=0
[05:45:10.237] RX< [7] [cam] [119892][me0][me_core_thread:359]ME out fid 1440
[05:45:10.237] RX< [34m[ME INTP]fid=1
[05:45:11.137] RX< 440, shutter=13810, perf=97(us), max=1600(us)!
[05:45:11.137] RX< [0m[32m[BE] fid=1440, perf=8637(us), max=8671(us)!
[05:45:11.137] RX< [0m[6] [App Dfs] f_index = 1440, f_len = 165649, cur_total_len = 6865448
[05:45:11.137] RX< [34m[AE] fid=1470,exp=13810,adg=300,Y=4130,mtg=180,shg=150,bgbv=969,iso=300,cnv2,
[05:45:13.139] RX< hdr0
[05:45:13.139] RX< [0m[7] [cam] [120892][me0][me_core_thread:359]ME out fid 1470
[05:45:13.139] RX< [34m[AE] fid=1500,exp=13820,adg=300,Y=4123,mtg=180,shg=150,bgbv=964,iso=300,cnv2,hdr0
[05:45:13.139] RX< [0m[7] [cam] [121892][me0][me_core_thread:359]ME out fid 1500
[05:45:13.139] RX< [34m[AE] fid=1530,exp=13820,adg=300,Y
[05:45:13.491] RX< =4122,mtg=180,shg=150,bgbv=964,iso=300,cnv2,hdr0
[05:45:13.491] RX< [0m[34m[b_ae0 proc] perf=450(us), max=693(us)!
[05:45:13.491] RX< [0m[34m[awb0 proc] perf=1301(us), max=1542(us)!
[05:45:13.491] RX< [0m[7] [cam] [122892][me0][me_core_thread:359]ME out fid 1530
[05:45:13.491] RX< [32m[BE] fid=1530, perf=8679(us), max=8679(
[05:45:14.236] RX< us)!
[05:45:14.236] RX< [0m[6] [App Dfs] f_index = 1530, f_len = 166267, cur_total_len = 6822090
[05:45:14.236] RX< [34m[AE] fid=1560,exp=13810,adg=300,Y=4130,mtg=180,shg=150,bgbv=969,iso=300,cnv2,hdr0
[05:45:14.236] RX< [0m[7] [cam] [123892][me0][me_core_thread:359]ME out fid 1560
[05:45:14.236] RX< [34m[ME INTP]fid=1560, shu
[05:45:16.138] RX< tter=13810, perf=4(us), max=717(us)!
[05:45:16.138] RX< [0m[34m[AE] fid=1590,exp=13820,adg=300,Y=4119,mtg=180,shg=150,bgbv=964,iso=300,cnv2,hdr0
[05:45:16.138] RX< [0m[7] [cam] [124892][me0][me_core_thread:359]ME out fid 1590
[05:45:16.138] RX< [34m[AE] fid=1620,exp=13820,adg=300,Y=4118,mtg=180,shg=150,bgbv=
[05:45:16.512] RX< 964,iso=300,cnv2,hdr0
[05:45:16.512] RX< [0m[34m[b_ae0 proc] perf=424(us), max=616(us)!
[05:45:16.512] RX< [0m[34m[awb0 proc] perf=1320(us), max=1569(us)!
[05:45:16.512] RX< [0m[7] [cam] [125892][me0][me_core_thread:359]ME out fid 1620
[05:45:16.512] RX< [32m[BE] fid=1620, perf=8672(us), max=8692(us)!
[05:45:16.512] RX< [0m[6] [App Dfs] f_in
[05:45:18.154] RX< dex = 1620, f_len = 166372, cur_total_len = 6843740
[05:45:18.154] RX< [34m[AE] fid=1650,exp=13820,adg=300,Y=4120,mtg=180,shg=150,bgbv=964,iso=300,cnv2,hdr0
[05:45:18.154] RX< [0m[7] [cam] [126891][me0][me_core_thread:359]ME out fid 1650
[05:45:18.154] RX< [34m[AE] fid=1680,exp=13820,adg=300,Y=4113,mtg=180,sh
[05:45:19.138] RX< g=150,bgbv=964,iso=300,cnv2,hdr0
[05:45:19.138] RX< [0m[6] [cam] [127883][dwp0][cpm_cb_dewarp_handle:1411]EIS: dewarp done frm=1680, buf_idx=0
[05:45:19.138] RX< [7] [cam] [127891][me0][me_core_thread:359]ME out fid 1680
[05:45:19.138] RX< [34m[ME INTP]fid=1680, shutter=13820, perf=3(us), max=290(us)!
[05:45:19.138] RX< [0m[34
[05:45:19.490] RX< m[AE] fid=1710,exp=13820,adg=300,Y=4100,mtg=180,shg=150,bgbv=960,iso=300,cnv2,hdr0
[05:45:19.490] RX< [0m[34m[b_ae0 proc] perf=402(us), max=608(us)!
[05:45:19.490] RX< [0m[34m[awb0 proc] perf=1357(us), max=1544(us)!
[05:45:19.490] RX< [0m[7] [cam] [128891][me0][me_core_thread:359]ME out fid 1710
[05:45:19.490] RX< [32m[BE] 
[05:45:20.152] RX< fid=1710, perf=8643(us), max=8695(us)!
[05:45:20.152] RX< [0m[6] [App Dfs] f_index = 1710, f_len = 166503, cur_total_len = 6833290
[05:45:20.152] RX< [34m[AE] fid=1740,exp=13830,adg=300,Y=4090,mtg=180,shg=150,bgbv=956,iso=300,cnv2,hdr0
[05:45:20.152] RX< [0m[7] [cam] [129891][me0][me_core_thread:359]ME out fi
[05:45:22.137] RX< d 1740
[05:45:22.137] RX< [34m[AE] fid=1770,exp=13910,adg=300,Y=4105,mtg=180,shg=149,bgbv=957,iso=300,cnv2,hdr0
[05:45:22.137] RX< [0m[7] [cam] [130891][me0][me_core_thread:359]ME out fid 1770
[05:45:22.137] RX< [34m[AE] fid=1800,exp=13910,adg=300,Y=4120,mtg=180,shg=149,bgbv=961,iso=300,cnv2,hdr0
[05:45:22.137] RX< [0m[34m[b_
[05:45:22.491] RX< ae0 proc] perf=454(us), max=484(us)!
[05:45:22.491] RX< [0m[34m[awb0 proc] perf=1305(us), max=1539(us)!
[05:45:22.491] RX< [0m[7] [cam] [131891][me0][me_core_thread:359]ME out fid 1800
[05:45:22.491] RX< [34m[ME INTP]fid=1800, shutter=13910, perf=4(us), max=264(us)!
[05:45:22.491] RX< [0m[32m[BE] fid=1800, perf=8669(us), ma
[05:45:24.134] RX< x=8710(us)!
[05:45:24.134] RX< [0m[6] [App Dfs] f_index = 1800, f_len = 166983, cur_total_len = 6812355
[05:45:24.134] RX< [34m[AE] fid=1830,exp=13900,adg=300,Y=4132,mtg=180,shg=149,bgbv=966,iso=300,cnv2,hdr0
[05:45:24.134] RX< [0m[7] [cam] [132891][me0][me_core_thread:359]ME out fid 1830
[05:45:24.134] RX< [34m[AE] fid=1860,e
[05:45:25.136] RX< xp=13910,adg=300,Y=4116,mtg=180,shg=149,bgbv=961,iso=300,cnv2,hdr0
[05:45:25.136] RX< [0m[7] [cam] [133890][me0][me_core_thread:359]ME out fid 1860
[05:45:25.136] RX< [34m[AE] fid=1890,exp=13900,adg=300,Y=4131,mtg=180,shg=149,bgbv=966,iso=300,cnv2,hdr0
[05:45:25.136] RX< [0m[34m[b_ae0 proc] perf=398(us), max
[05:45:26.152] RX< =610(us)!
[05:45:26.152] RX< [0m[34m[awb0 proc] perf=1302(us), max=1553(us)!
[05:45:26.152] RX< [0m[7] [cam] [134890][me0][me_core_thread:359]ME out fid 1890
[05:45:26.152] RX< [32m[BE] fid=1890, perf=8666(us), max=8669(us)!
[05:45:26.152] RX< [0m[6] [App Dfs] f_index = 1890, f_len = 165734, cur_total_len = 6822684
[05:45:26.152] RX< [34m[AE]
[05:45:26.233] RX<  fid=1920,exp=13910,adg=300,Y=4122,mtg=180,shg=149,bgbv=961,iso=300,cnv2,hdr0
[05:45:26.233] RX< [0m[6] [cam] [135882][dwp0][cpm_cb_dewarp_handle:1411]EIS: dewarp done frm=1920, buf_idx=0
[05:45:26.233] RX< [7] [cam] [135890][me0][me_core_thread:359]ME out fid 1920
[05:45:26.233] RX< [34m[ME INTP]fid=1920, shu
[05:45:28.135] RX< tter=13910, perf=3(us), max=280(us)!
[05:45:28.135] RX< [0m[34m[AE] fid=1950,exp=13890,adg=300,Y=4140,mtg=180,shg=149,bgbv=970,iso=300,cnv2,hdr0
[05:45:28.135] RX< [0m[7] [cam] [136890][me0][me_core_thread:359]ME out fid 1950
[05:45:28.135] RX< [34m[AE] fid=1980,exp=13890,adg=300,Y=4138,mtg=180,shg=149,bgbv=
[05:45:28.509] RX< 970,iso=300,cnv2,hdr0
[05:45:28.509] RX< [0m[34m[b_ae0 proc] perf=396(us), max=595(us)!
[05:45:28.509] RX< [0m[34m[awb0 proc] perf=1357(us), max=1504(us)!
[05:45:28.509] RX< [0m[7] [cam] [137890][me0][me_core_thread:359]ME out fid 1980
[05:45:28.509] RX< [32m[BE] fid=1980, perf=8652(us), max=8666(us)!
[05:45:28.509] RX< [0m[6] [App Dfs] f_in
[05:45:30.133] RX< dex = 1980, f_len = 166708, cur_total_len = 6829235
[05:45:30.133] RX< [34m[AE] fid=2010,exp=13890,adg=300,Y=4142,mtg=180,shg=149,bgbv=970,iso=300,cnv2,hdr0
[05:45:30.133] RX< [0m[7] [cam] [138890][me0][me_core_thread:359]ME out fid 2010
[05:45:30.133] RX< [34m[AE] fid=2040,exp=13900,adg=300,Y=4135,mtg=180,sh
[05:45:31.135] RX< g=149,bgbv=966,iso=300,cnv2,hdr0
[05:45:31.135] RX< [0m[7] [cam] [139890][me0][me_core_thread:359]ME out fid 2040
[05:45:31.135] RX< [34m[ME INTP]fid=2040, shutter=13900, perf=3(us), max=270(us)!
[05:45:31.135] RX< [0m[34m[AE] fid=2070,exp=13900,adg=300,Y=4131,mtg=180,shg=149,bgbv=966,iso=300,cnv2,hdr0
[05:45:31.135] RX< [0m
[05:45:31.508] RX< [34m[b_ae0 proc] perf=422(us), max=568(us)!
[05:45:31.508] RX< [0m[34m[awb0 proc] perf=1316(us), max=1526(us)!
[05:45:31.508] RX< [0m[7] [cam] [140889][me0][me_core_thread:359]ME out fid 2070
[05:45:31.508] RX< [32m[BE] fid=2070, perf=8647(us), max=8652(us)!
[05:45:31.508] RX< [0m[6] [App Dfs] f_index = 2070, f_len = 161858,
[05:45:33.132] RX<  cur_total_len = 6781386
[05:45:33.132] RX< [34m[AE] fid=2100,exp=13900,adg=300,Y=4125,mtg=180,shg=149,bgbv=966,iso=300,cnv2,hdr0
[05:45:33.132] RX< [0m[7] [cam] [141889][me0][me_core_thread:359]ME out fid 2100
[05:45:33.132] RX< [34m[AE] fid=2130,exp=13910,adg=300,Y=4109,mtg=180,shg=149,bgbv=957,iso=300,cnv2
[05:45:34.151] RX< ,hdr0
[05:45:34.151] RX< [0m[7] [cam] [142889][me0][me_core_thread:359]ME out fid 2130
[05:45:34.151] RX< [34m[AE] fid=2160,exp=13910,adg=300,Y=4103,mtg=180,shg=149,bgbv=957,iso=300,cnv2,hdr0
[05:45:34.151] RX< [0m[34m[b_ae0 proc] perf=398(us), max=621(us)!
[05:45:34.151] RX< [0m[34m[awb0 proc] perf=1300(us), max=1544(us)!
[05:45:34.488] RX< [0m[6] [cam] [143881][dwp0][cpm_cb_dewarp_handle:1411]EIS: dewarp done frm=2160, buf_idx=0
[05:45:34.488] RX< [7] [cam] [143889][me0][me_core_thread:359]ME out fid 2160
[05:45:34.488] RX< [34m[ME INTP]fid=2160, shutter=13910, perf=3(us), max=285(us)!
[05:45:34.488] RX< [0m[32m[BE] fid=2160, perf=8668(us), ma
[05:45:36.132] RX< x=8787(us)!
[05:45:36.132] RX< [0m[6] [App Dfs] f_index = 2160, f_len = 161836, cur_total_len = 6791267
[05:45:36.132] RX< [34m[AE] fid=2190,exp=13910,adg=300,Y=4107,mtg=180,shg=149,bgbv=957,iso=300,cnv2,hdr0
[05:45:36.132] RX< [0m[7] [cam] [144889][me0][me_core_thread:359]ME out fid 2190
[05:45:36.132] RX< [34m[AE] fid=2220,e
[05:45:37.134] RX< xp=13910,adg=300,Y=4119,mtg=180,shg=149,bgbv=961,iso=300,cnv2,hdr0
[05:45:37.134] RX< [0m[7] [cam] [145889][me0][me_core_thread:359]ME out fid 2220
[05:45:37.134] RX< [34m[AE] fid=2250,exp=13910,adg=300,Y=4120,mtg=180,shg=149,bgbv=961,iso=300,cnv2,hdr0
[05:45:37.134] RX< [0m[34m[b_ae0 proc] perf=403(us), max
[05:45:38.131] RX< =658(us)!
[05:45:38.131] RX< [0m[34m[awb0 proc] perf=1557(us), max=1557(us)!
[05:45:38.131] RX< [0m[7] [cam] [146889][me0][me_core_thread:359]ME out fid 2250
[05:45:38.131] RX< [32m[BE] fid=2250, perf=8672(us), max=8710(us)!
[05:45:38.131] RX< [0m[6] [App Dfs] f_index = 2250, f_len = 165771, cur_total_len = 6867030
[05:45:38.131] RX< [34m[AE]
[05:45:39.131] RX<  fid=2280,exp=13900,adg=300,Y=4129,mtg=180,shg=149,bgbv=966,iso=300,cnv2,hdr0
[05:45:39.131] RX< [0m[7] [cam] [147889][me0][me_core_thread:359]ME out fid 2280
[05:45:39.131] RX< [34m[ME INTP]fid=2280, shutter=13900, perf=3(us), max=270(us)!
[05:45:39.131] RX< [0m[34m[AE] fid=2310,exp=13910,adg=300,Y=4121,mtg
[05:45:40.132] RX< =180,shg=149,bgbv=961,iso=300,cnv2,hdr0
[05:45:40.132] RX< [0m[7] [cam] [148888][me0][me_core_thread:359]ME out fid 2310
[05:45:40.132] RX< [34m[AE] fid=2340,exp=13790,adg=300,Y=4151,mtg=180,shg=150,bgbv=978,iso=300,cnv2,hdr0
[05:45:40.132] RX< [0m[34m[b_ae0 proc] perf=592(us), max=648(us)!
[05:45:40.132] RX< [0m[34m[awb0 p
[05:45:41.130] RX< roc] perf=1321(us), max=1685(us)!
[05:45:41.130] RX< [0m[7] [cam] [149888][me0][me_core_thread:359]ME out fid 2340
[05:45:41.130] RX< [32m[BE] fid=2340, perf=8673(us), max=8673(us)!
[05:45:41.130] RX< [0m[6] [App Dfs] f_index = 2340, f_len = 166844, cur_total_len = 6875201
[05:45:41.130] RX< [34m[AE] fid=2370,exp=13820,adg=300
[05:45:42.149] RX< ,Y=4117,mtg=180,shg=150,bgbv=964,iso=300,cnv2,hdr0
[05:45:42.149] RX< [0m[7] [cam] [150888][me0][me_core_thread:359]ME out fid 2370
[05:45:42.149] RX< [34m[AE] fid=2400,exp=13830,adg=300,Y=4095,mtg=180,shg=150,bgbv=956,iso=300,cnv2,hdr0
[05:45:42.149] RX< [0m[6] [cam] [151880][dwp0][cpm_cb_dewarp_handle:1411]
[05:45:43.133] RX< EIS: dewarp done frm=2400, buf_idx=0
[05:45:43.133] RX< [7] [cam] [151888][me0][me_core_thread:359]ME out fid 2400
[05:45:43.133] RX< [34m[ME INTP]fid=2400, shutter=13830, perf=3(us), max=965(us)!
[05:45:43.133] RX< [0m[34m[AE] fid=2430,exp=13900,adg=300,Y=4126,mtg=180,shg=149,bgbv=966,iso=300,cnv2,hdr0
[05:45:43.133] RX< [0m
[05:45:43.507] RX< [34m[b_ae0 proc] perf=397(us), max=693(us)!
[05:45:43.507] RX< [0m[34m[awb0 proc] perf=1400(us), max=1537(us)!
[05:45:43.507] RX< [0m[7] [cam] [152888][me0][me_core_thread:359]ME out fid 2430
[05:45:43.507] RX< [32m[BE] fid=2430, perf=8712(us), max=8712(us)!
[05:45:43.507] RX< [0m[6] [App Dfs] f_index = 2430, f_len = 168551,
[05:45:45.130] RX<  cur_total_len = 6776972
[05:45:45.130] RX< [34m[AE] fid=2460,exp=14110,adg=300,Y=4102,mtg=180,shg=149,bgbv=947,iso=300,cnv2,hdr0
[05:45:45.130] RX< [0m[7] [cam] [153888][me0][me_core_thread:359]ME out fid 2460
[05:45:45.130] RX< [34m[AE] fid=2490,exp=14100,adg=300,Y=4113,mtg=180,shg=150,bgbv=951,iso=300,cnv2
[05:45:46.132] RX< ,hdr0
[05:45:46.132] RX< [0m[7] [cam] [154888][me0][me_core_thread:359]ME out fid 2490
[05:45:46.132] RX< [34m[AE] fid=2520,exp=14110,adg=300,Y=4106,mtg=180,shg=150,bgbv=947,iso=300,cnv2,hdr0
[05:45:46.132] RX< [0m[34m[b_ae0 proc] perf=399(us), max=653(us)!
[05:45:46.132] RX< [0m[34m[awb0 proc] perf=1322(us), max=1649(us)!
[05:45:47.129] RX< [0m[7] [cam] [155887][me0][me_core_thread:359]ME out fid 2520
[05:45:47.129] RX< [34m[ME INTP]fid=2520, shutter=14110, perf=3(us), max=2742(us)!
[05:45:47.129] RX< [0m[32m[BE] fid=2520, perf=8630(us), max=8712(us)!
[05:45:47.129] RX< [0m[6] [App Dfs] f_index = 2520, f_len = 166501, cur_total_len = 6859000
[05:45:47.129] RX< 
[05:45:48.145] RX< [34m[AE] fid=2550,exp=14100,adg=300,Y=4118,mtg=180,shg=150,bgbv=951,iso=300,cnv2,hdr0
[05:45:48.145] RX< [0m[7] [cam] [156887][me0][me_core_thread:359]ME out fid 2550
[05:45:48.145] RX< [34m[AE] fid=2580,exp=14090,adg=300,Y=4054,mtg=180,shg=149,bgbv=932,iso=300,cnv2,hdr0
[05:45:48.145] RX< [0m[7] [cam] [15788
[05:45:49.147] RX< 7][me0][me_core_thread:359]ME out fid 2580
[05:45:49.147] RX< [34m[AE] fid=2610,exp=14200,adg=300,Y=4033,mtg=180,shg=149,bgbv=919,iso=300,cnv2,hdr0
[05:45:49.147] RX< [0m[34m[b_ae0 proc] perf=404(us), max=759(us)!
[05:45:49.147] RX< [0m[34m[awb0 proc] perf=1372(us), max=1746(us)!
[05:45:49.147] RX< [0m[7] [cam] [158887][me0
[05:45:50.147] RX< ][me_core_thread:359]ME out fid 2610
[05:45:50.147] RX< [32m[BE] fid=2610, perf=8529(us), max=8630(us)!
[05:45:50.147] RX< [0m[6] [App Dfs] f_index = 2610, f_len = 156836, cur_total_len = 6786422
[05:45:50.147] RX< [34m[AE] fid=2640,exp=14120,adg=300,Y=4084,mtg=180,shg=150,bgbv=938,iso=300,cnv2,hdr0
[05:45:50.147] RX< [0m[6] [
[05:45:51.128] RX< cam] [159879][dwp0][cpm_cb_dewarp_handle:1411]EIS: dewarp done frm=2640, buf_idx=0
[05:45:51.128] RX< [7] [cam] [159887][me0][me_core_thread:359]ME out fid 2640
[05:45:51.128] RX< [34m[ME INTP]fid=2640, shutter=14120, perf=40(us), max=2353(us)!
[05:45:51.128] RX< [0m[34m[AE] fid=2670,exp=14100,adg=300,Y=4113,
[05:45:52.130] RX< mtg=180,shg=150,bgbv=951,iso=300,cnv2,hdr0
[05:45:52.130] RX< [0m[7] [cam] [160887][me0][me_core_thread:359]ME out fid 2670
[05:45:52.130] RX< [34m[AE] fid=2700,exp=13950,adg=300,Y=4133,mtg=180,shg=149,bgbv=961,iso=300,cnv2,hdr0
[05:45:52.130] RX< [0m[34m[b_ae0 proc] perf=397(us), max=794(us)!
[05:45:52.130] RX< [0m[34m[awb
[05:45:53.128] RX< 0 proc] perf=1296(us), max=1672(us)!
[05:45:53.128] RX< [0m[7] [cam] [161887][me0][me_core_thread:359]ME out fid 2700
[05:45:53.128] RX< [32m[BE] fid=2700, perf=8486(us), max=8615(us)!
[05:45:53.128] RX< [0m[6] [App Dfs] f_index = 2700, f_len = 153292, cur_total_len = 6829145
[05:45:53.128] RX< [34m[AE] fid=2730,exp=13960,adg=
[05:45:54.143] RX< 300,Y=4113,mtg=180,shg=150,bgbv=956,iso=300,cnv2,hdr0
[05:45:54.143] RX< [0m[7] [cam] [162886][me0][me_core_thread:359]ME out fid 2730
[05:45:54.143] RX< [34m[AE] fid=2760,exp=13990,adg=300,Y=4073,mtg=180,shg=150,bgbv=939,iso=300,cnv2,hdr0
[05:45:54.143] RX< [0m[7] [cam] [163886][me0][me_core_thread:359]ME ou
[05:45:55.130] RX< t fid 2760
[05:45:55.130] RX< [34m[ME INTP]fid=2760, shutter=13990, perf=3(us), max=2542(us)!
[05:45:55.130] RX< [0m[34m[AE] fid=2790,exp=14140,adg=300,Y=4061,mtg=180,shg=150,bgbv=929,iso=300,cnv2,hdr0
[05:45:55.130] RX< [0m[34m[b_ae0 proc] perf=402(us), max=619(us)!
[05:45:55.130] RX< [0m[34m[awb0 proc] perf=1322(us), max
[05:45:56.128] RX< =1521(us)!
[05:45:56.128] RX< [0m[7] [cam] [164886][me0][me_core_thread:359]ME out fid 2790
[05:45:56.128] RX< [32m[BE] fid=2790, perf=8501(us), max=8501(us)!
[05:45:56.128] RX< [0m[6] [App Dfs] f_index = 2790, f_len = 155866, cur_total_len = 6823614
[05:45:56.128] RX< [34m[AE] fid=2820,exp=13910,adg=300,Y=4121,mtg=180,shg=149
[05:45:58.129] RX< ,bgbv=961,iso=300,cnv2,hdr0
[05:45:58.129] RX< [0m[7] [cam] [165886][me0][me_core_thread:359]ME out fid 2820
[05:45:58.129] RX< [34m[AE] fid=2850,exp=13910,adg=300,Y=4110,mtg=180,shg=149,bgbv=957,iso=300,cnv2,hdr0
[05:45:58.129] RX< [0m[7] [cam] [166886][me0][me_core_thread:359]ME out fid 2850
[05:45:58.145] RX< [34m[AE] fid=2880,exp=13910,adg=300,Y=4100,mtg=180,shg=149,bgbv=957,iso=300,cnv2,hdr0
[05:45:58.145] RX< [0m[34m[b_ae0 proc] perf=402(us), max=719(us)!
[05:45:58.145] RX< [0m[34m[awb0 proc] perf=1595(us), max=1595(us)!
[05:45:58.145] RX< [0m[6] [cam] [167878][dwp0][cpm_cb_dewarp_handle:1411]EIS: dewarp do
[05:45:58.511] RX< ne frm=2880, buf_idx=0
[05:45:58.511] RX< [7] [cam] [167886][me0][me_core_thread:359]ME out fid 2880
[05:45:58.511] RX< [34m[ME INTP]fid=2880, shutter=13910, perf=290(us), max=2500(us)!
[05:45:58.511] RX< [0m[32m[BE] fid=2880, perf=8561(us), max=8621(us)!
[05:45:58.511] RX< [0m[6] [App Dfs] f_index = 2880, f_len = 157629, cur_
[05:46:00.126] RX< total_len = 6807305
[05:46:00.126] RX< [34m[AE] fid=2910,exp=13870,adg=300,Y=4103,mtg=180,shg=150,bgbv=958,iso=300,cnv2,hdr0
[05:46:00.126] RX< [0m[7] [cam] [168886][me0][me_core_thread:359]ME out fid 2910
[05:46:00.126] RX< [34m[AE] fid=2940,exp=13740,adg=300,Y=4177,mtg=180,shg=149,bgbv=987,iso=300,cnv2,hdr0
[05:46:01.144] RX< 
[05:46:01.144] RX< [0m[7] [cam] [169886][me0][me_core_thread:359]ME out fid 2940
[05:46:01.144] RX< [34m[AE] fid=2970,exp=13640,adg=300,Y=4105,mtg=180,shg=149,bgbv=969,iso=300,cnv2,hdr0
[05:46:01.144] RX< [0m[34m[b_ae0 proc] perf=403(us), max=738(us)!
[05:46:01.144] RX< [0m[34m[awb0 proc] perf=1468(us), max=1595(us)!
[05:46:01.144] RX< [0m[
[05:46:02.126] RX< 7] [cam] [170885][me0][me_core_thread:359]ME out fid 2970
[05:46:02.126] RX< [32m[BE] fid=2970, perf=8659(us), max=8685(us)!
[05:46:02.126] RX< [0m[6] [App Dfs] f_index = 2970, f_len = 166179, cur_total_len = 6861080
[05:46:02.126] RX< [34m[AE] fid=3000,exp=13930,adg=300,Y=4081,mtg=180,shg=149,bgbv=948,iso=30
[05:46:03.142] RX< 0,cnv2,hdr0
[05:46:03.142] RX< [0m[7] [cam] [171885][me0][me_core_thread:359]ME out fid 3000
[05:46:03.142] RX< [34m[ME INTP]fid=3000, shutter=13930, perf=4(us), max=803(us)!
[05:46:03.142] RX< [0m[34m[AE] fid=3030,exp=13930,adg=300,Y=4078,mtg=180,shg=149,bgbv=948,iso=300,cnv2,hdr0
[05:46:03.142] RX< [0m[7] [cam] [172885][me0
[05:46:04.143] RX< ][me_core_thread:359]ME out fid 3030
[05:46:04.143] RX< [34m[AE] fid=3060,exp=14030,adg=300,Y=4087,mtg=180,shg=149,bgbv=941,iso=300,cnv2,hdr0
[05:46:04.143] RX< [0m[34m[b_ae0 proc] perf=433(us), max=612(us)!
[05:46:04.143] RX< [0m[34m[awb0 proc] perf=1336(us), max=1623(us)!
[05:46:04.143] RX< [0m[7] [cam] [173885][me0][me_c
[05:46:05.141] RX< ore_thread:359]ME out fid 3060
[05:46:05.141] RX< [32m[BE] fid=3060, perf=8680(us), max=8693(us)!
[05:46:05.141] RX< [0m[6] [App Dfs] f_index = 3060, f_len = 168603, cur_total_len = 6866541
[05:46:05.141] RX< [34m[AE] fid=3090,exp=14030,adg=300,Y=4076,mtg=180,shg=149,bgbv=941,iso=300,cnv2,hdr0
[05:46:05.141] RX< [0m[7] [cam] [
[05:46:06.143] RX< 174885][me0][me_core_thread:359]ME out fid 3090
[05:46:06.143] RX< [34m[AE] fid=3120,exp=14060,adg=300,Y=4109,mtg=180,shg=149,bgbv=949,iso=300,cnv2,hdr0
[05:46:06.143] RX< [0m[6] [cam] [175877][dwp0][cpm_cb_dewarp_handle:1411]EIS: dewarp done frm=3120, buf_idx=0
[05:46:06.143] RX< [7] [cam] [175885][me0][me_co
[05:46:07.127] RX< re_thread:359]ME out fid 3120
[05:46:07.127] RX< [34m[ME INTP]fid=3120, shutter=14060, perf=480(us), max=536(us)!
[05:46:07.127] RX< [0m[34m[AE] fid=3150,exp=14070,adg=300,Y=4096,mtg=180,shg=149,bgbv=945,iso=300,cnv2,hdr0
[05:46:07.127] RX< [0m[34m[b_ae0 proc] perf=404(us), max=670(us)!
[05:46:07.127] RX< [0m[34m[awb0 proc
[05:46:08.125] RX< ] perf=1452(us), max=1601(us)!
[05:46:08.125] RX< [0m[7] [cam] [176885][me0][me_core_thread:359]ME out fid 3150
[05:46:08.125] RX< [32m[BE] fid=3150, perf=8561(us), max=8680(us)!
[05:46:08.125] RX< [0m[6] [App Dfs] f_index = 3150, f_len = 157293, cur_total_len = 6806340
[05:46:08.125] RX< [34m[AE] fid=3180,exp=14070,adg=300,Y=
[05:46:09.141] RX< 4093,mtg=180,shg=149,bgbv=945,iso=300,cnv2,hdr0
[05:46:09.141] RX< [0m[7] [cam] [177884][me0][me_core_thread:359]ME out fid 3180
[05:46:09.141] RX< [34m[AE] fid=3210,exp=14060,adg=300,Y=4107,mtg=180,shg=149,bgbv=949,iso=300,cnv2,hdr0
[05:46:09.141] RX< [0m[7] [cam] [178884][me0][me_core_thread:359]ME out fid 
[05:46:10.223] RX< 3210
[05:46:10.223] RX< [34m[AE] fid=3240,exp=14060,adg=300,Y=4102,mtg=180,shg=149,bgbv=949,iso=300,cnv2,hdr0
[05:46:10.223] RX< [0m[34m[b_ae0 proc] perf=397(us), max=703(us)!
[05:46:10.223] RX< [0m[34m[awb0 proc] perf=1304(us), max=1781(us)!
[05:46:10.223] RX< [0m[7] [cam] [179884][me0][me_core_thread:359]ME out fid 3240
[05:46:10.223] RX< 
[05:46:11.124] RX< [34m[ME INTP]fid=3240, shutter=14060, perf=3(us), max=736(us)!
[05:46:11.124] RX< [0m[32m[BE] fid=3240, perf=8656(us), max=8684(us)!
[05:46:11.124] RX< [0m[6] [App Dfs] f_index = 3240, f_len = 167665, cur_total_len = 6850928
[05:46:11.124] RX< [34m[AE] fid=3270,exp=14050,adg=300,Y=4119,mtg=180,shg=149,bgbv=9
[05:46:13.125] RX< 53,iso=300,cnv2,hdr0
[05:46:13.125] RX< [0m[7] [cam] [180884][me0][me_core_thread:359]ME out fid 3270
[05:46:13.125] RX< [34m[AE] fid=3300,exp=14000,adg=300,Y=4128,mtg=180,shg=149,bgbv=959,iso=300,cnv2,hdr0
[05:46:13.125] RX< [0m[7] [cam] [181884][me0][me_core_thread:359]ME out fid 3300
[05:46:13.125] RX< [34m[AE] fid=3330,exp
[05:46:13.478] RX< =13940,adg=300,Y=4064,mtg=180,shg=149,bgbv=944,iso=300,cnv2,hdr0
[05:46:13.478] RX< [0m[34m[b_ae0 proc] perf=600(us), max=627(us)!
[05:46:13.478] RX< [0m[34m[awb0 proc] perf=1317(us), max=1558(us)!
[05:46:13.478] RX< [0m[7] [cam] [182884][me0][me_core_thread:359]ME out fid 3330
[05:46:13.478] RX< [32m[BE] fid=3330, perf=863
[05:46:14.141] RX< 8(us), max=8704(us)!
[05:46:14.141] RX< [0m[6] [App Dfs] f_index = 3330, f_len = 165423, cur_total_len = 6798211
[05:46:14.141] RX< [34m[AE] fid=3360,exp=13990,adg=300,Y=4070,mtg=180,shg=150,bgbv=939,iso=300,cnv2,hdr0
[05:46:14.141] RX< [0m[6] [cam] [183875][dwp0][cpm_cb_dewarp_handle:1411]EIS: dewarp done fr
[05:46:15.139] RX< m=3360, buf_idx=0
[05:46:15.139] RX< [7] [cam] [183884][me0][me_core_thread:359]ME out fid 3360
[05:46:15.139] RX< [34m[ME INTP]fid=3360, shutter=13990, perf=4(us), max=808(us)!
[05:46:15.139] RX< [0m[34m[AE] fid=3390,exp=13980,adg=300,Y=4076,mtg=180,shg=150,bgbv=943,iso=300,cnv2,hdr0
[05:46:15.139] RX< [0m[7] [cam] [184883][m
[05:46:16.140] RX< e0][me_core_thread:359]ME out fid 3390
[05:46:16.140] RX< [34m[AE] fid=3420,exp=13960,adg=300,Y=4109,mtg=180,shg=150,bgbv=952,iso=300,cnv2,hdr0
[05:46:16.140] RX< [0m[34m[b_ae0 proc] perf=398(us), max=799(us)!
[05:46:16.140] RX< [0m[34m[awb0 proc] perf=1300(us), max=1566(us)!
[05:46:16.140] RX< [0m[7] [cam] [185883][me0][me
[05:46:17.139] RX< _core_thread:359]ME out fid 3420
[05:46:17.139] RX< [32m[BE] fid=3420, perf=8647(us), max=8685(us)!
[05:46:17.139] RX< [0m[6] [App Dfs] f_index = 3420, f_len = 166116, cur_total_len = 6821401
[05:46:17.139] RX< [34m[AE] fid=3450,exp=13960,adg=300,Y=4111,mtg=180,shg=150,bgbv=952,iso=300,cnv2,hdr0
[05:46:17.139] RX< [0m[7] [cam]
[05:46:18.222] RX<  [186883][me0][me_core_thread:359]ME out fid 3450
[05:46:18.222] RX< [34m[AE] fid=3480,exp=13790,adg=300,Y=4150,mtg=180,shg=149,bgbv=978,iso=300,cnv2,hdr0
[05:46:18.222] RX< [0m[7] [cam] [187883][me0][me_core_thread:359]ME out fid 3480
[05:46:18.222] RX< [34m[ME INTP]fid=3480, shutter=13790, perf=264(us), max
[05:46:19.141] RX< =531(us)!
[05:46:19.141] RX< [0m[34m[AE] fid=3510,exp=14080,adg=300,Y=4081,mtg=180,shg=149,bgbv=940,iso=300,cnv2,hdr0
[05:46:19.141] RX< [0m[34m[b_ae0 proc] perf=581(us), max=695(us)!
[05:46:19.141] RX< [0m[34m[awb0 proc] perf=1395(us), max=1713(us)!
[05:46:19.141] RX< [0m[7] [cam] [188883][me0][me_core_thread:359]ME out f
[05:46:20.138] RX< id 3510
[05:46:20.138] RX< [32m[BE] fid=3510, perf=8510(us), max=8653(us)!
[05:46:20.138] RX< [0m[6] [App Dfs] f_index = 3510, f_len = 153796, cur_total_len = 6798034
[05:46:20.138] RX< [34m[AE] fid=3540,exp=13900,adg=300,Y=4142,mtg=180,shg=149,bgbv=965,iso=300,cnv2,hdr0
[05:46:20.138] RX< [0m[7] [cam] [189883][me0][me_core_th
[05:46:22.140] RX< read:359]ME out fid 3540
[05:46:22.140] RX< [34m[AE] fid=3570,exp=13940,adg=300,Y=4074,mtg=180,shg=149,bgbv=944,iso=300,cnv2,hdr0
[05:46:22.140] RX< [0m[7] [cam] [190883][me0][me_core_thread:359]ME out fid 3570
[05:46:22.140] RX< [34m[AE] fid=3600,exp=13930,adg=300,Y=4079,mtg=180,shg=149,bgbv=948,iso=300,cnv2
[05:46:22.140] RX< ,hdr0
[05:46:22.140] RX< [0m[34m[b_ae0 proc] perf=399(us), max=619(us)!
[05:46:22.140] RX< [0m[34m[awb0 proc] perf=1395(us), max=1541(us)!
[05:46:22.140] RX< [0m[6] [cam] [191874][dwp0][cpm_cb_dewarp_handle:1411]EIS: dewarp done frm=3600, buf_idx=0
[05:46:22.140] RX< [7] [cam] [191883][me0][me_core_thread:359]ME out fid 3600
[05:46:23.121] RX< 
[05:46:23.121] RX< [34m[ME INTP]fid=3600, shutter=13930, perf=3(us), max=2873(us)!
[05:46:23.121] RX< [0m[32m[BE] fid=3600, perf=8691(us), max=8691(us)!
[05:46:23.121] RX< [0m[6] [App Dfs] f_index = 3600, f_len = 167200, cur_total_len = 6891332
[05:46:23.121] RX< [34m[AE] fid=3630,exp=13930,adg=300,Y=4077,mtg=180,shg=149,bgb
[05:46:25.123] RX< v=948,iso=300,cnv2,hdr0
[05:46:25.123] RX< [0m[7] [cam] [192882][me0][me_core_thread:359]ME out fid 3630
[05:46:25.123] RX< [34m[AE] fid=3660,exp=13930,adg=300,Y=4081,mtg=180,shg=149,bgbv=948,iso=300,cnv2,hdr0
[05:46:25.123] RX< [0m[7] [cam] [193882][me0][me_core_thread:359]ME out fid 3660
[05:46:25.123] RX< [34m[AE] fid=3690,
[05:46:25.475] RX< exp=13920,adg=300,Y=4095,mtg=180,shg=149,bgbv=953,iso=300,cnv2,hdr0
[05:46:25.475] RX< [0m[34m[b_ae0 proc] perf=405(us), max=671(us)!
[05:46:25.475] RX< [0m[34m[awb0 proc] perf=1500(us), max=1614(us)!
[05:46:25.475] RX< [0m[7] [cam] [194882][me0][me_core_thread:359]ME out fid 3690
[05:46:25.475] RX< [32m[BE] fid=3690, perf=
[05:46:26.220] RX< 8546(us), max=8691(us)!
[05:46:26.220] RX< [0m[6] [App Dfs] f_index = 3690, f_len = 156056, cur_total_len = 6716038
[05:46:26.220] RX< [34m[AE] fid=3720,exp=13930,adg=300,Y=4078,mtg=180,shg=149,bgbv=948,iso=300,cnv2,hdr0
[05:46:26.220] RX< [0m[7] [cam] [195882][me0][me_core_thread:359]ME out fid 3720
[05:46:26.220] RX< [34m[ME
[05:46:28.122] RX<  INTP]fid=3720, shutter=13930, perf=3(us), max=707(us)!
[05:46:28.122] RX< [0m[34m[AE] fid=3750,exp=13990,adg=300,Y=4069,mtg=180,shg=149,bgbv=939,iso=300,cnv2,hdr0
[05:46:28.122] RX< [0m[7] [cam] [196882][me0][me_core_thread:359]ME out fid 3750
[05:46:28.122] RX< [34m[AE] fid=3780,exp=14030,adg=300,Y=4079,mt
[05:46:28.474] RX< g=180,shg=149,bgbv=941,iso=300,cnv2,hdr0
[05:46:28.474] RX< [0m[34m[b_ae0 proc] perf=419(us), max=625(us)!
[05:46:28.474] RX< [0m[34m[awb0 proc] perf=1367(us), max=1551(us)!
[05:46:28.474] RX< [0m[7] [cam] [197882][me0][me_core_thread:359]ME out fid 3780
[05:46:28.474] RX< [32m[BE] fid=3780, perf=8671(us), max=8701(us)!
[05:46:28.474] RX< [0
[05:46:30.138] RX< m[6] [App Dfs] f_index = 3780, f_len = 167075, cur_total_len = 6842075
[05:46:30.138] RX< [34m[AE] fid=3810,exp=14040,adg=300,Y=4069,mtg=180,shg=149,bgbv=937,iso=300,cnv2,hdr0
[05:46:30.138] RX< [0m[7] [cam] [198882][me0][me_core_thread:359]ME out fid 3810
[05:46:30.138] RX< [34m[AE] fid=3840,exp=14120,adg=30
[05:46:30.222] RX< 0,Y=4094,mtg=180,shg=150,bgbv=943,iso=300,cnv2,hdr0
[05:46:30.222] RX< [0m[6] [cam] [199873][dwp0][cpm_cb_dewarp_handle:1411]EIS: dewarp done frm=3840, buf_idx=0
[05:46:30.222] RX< [7] [cam] [199881][me0][me_core_thread:359]ME out fid 3840
[05:46:30.222] RX< [34m[ME INTP]fid=3840, shutter=14120, perf=2624(us),
[05:46:31.138] RX<  max=3036(us)!
[05:46:31.138] RX< [0m[34m[AE] fid=3870,exp=13910,adg=300,Y=4112,mtg=180,shg=149,bgbv=957,iso=300,cnv2,hdr0
[05:46:31.138] RX< [0m[34m[b_ae0 proc] perf=455(us), max=718(us)!
[05:46:31.138] RX< [0m[34m[awb0 proc] perf=1470(us), max=1612(us)!
[05:46:31.138] RX< [0m[7] [cam] [200881][me0][me_core_thread:359]ME 
[05:46:32.135] RX< out fid 3870
[05:46:32.135] RX< [32m[BE] fid=3870, perf=8646(us), max=8671(us)!
[05:46:32.135] RX< [0m[6] [App Dfs] f_index = 3870, f_len = 167402, cur_total_len = 6859849
[05:46:32.135] RX< [34m[AE] fid=3900,exp=14270,adg=300,Y=4139,mtg=180,shg=149,bgbv=950,iso=300,cnv2,hdr0
[05:46:32.135] RX< [0m[7] [cam] [201881][me0][me_co
[05:46:34.137] RX< re_thread:359]ME out fid 3900
[05:46:34.137] RX< [34m[AE] fid=3930,exp=13820,adg=300,Y=3945,mtg=180,shg=149,bgbv=920,iso=300,cnv2,hdr0
[05:46:34.137] RX< [0m[7] [cam] [202881][me0][me_core_thread:359]ME out fid 3930
[05:46:34.137] RX< [34m[AE] fid=3960,exp=15000,adg=313,Y=3905,mtg=180,shg=149,bgbv=809,iso=313
[05:46:34.475] RX< ,cnv2,hdr0
[05:46:34.475] RX< [0m[34m[b_ae0 proc] perf=412(us), max=646(us)!
[05:46:34.475] RX< [0m[34m[awb0 proc] perf=1367(us), max=1553(us)!
[05:46:34.475] RX< [0m[7] [cam] [203881][me0][me_core_thread:359]ME out fid 3960
[05:46:34.475] RX< [34m[ME INTP]fid=3960, shutter=15000, perf=145(us), max=2712(us)!
[05:46:34.475] RX< [0m[32m[BE] f
[05:46:35.135] RX< id=3960, perf=8518(us), max=8646(us)!
[05:46:35.135] RX< [0m[6] [App Dfs] f_index = 3960, f_len = 152996, cur_total_len = 6776492
[05:46:35.135] RX< [34m[AE] fid=3990,exp=13790,adg=300,Y=4163,mtg=180,shg=149,bgbv=979,iso=300,cnv2,hdr0
[05:46:35.135] RX< [0m[7] [cam] [204881][me0][me_core_thread:359]ME out fid
[05:46:37.120] RX<  3990
[05:46:37.120] RX< [34m[AE] fid=4020,exp=14730,adg=300,Y=3888,mtg=180,shg=149,bgbv=853,iso=300,cnv2,hdr0
[05:46:37.120] RX< [0m[7] [cam] [205881][me0][me_core_thread:359]ME out fid 4020
[05:46:37.120] RX< [34m[AE] fid=4050,exp=15000,adg=300,Y=3864,mtg=180,shg=150,bgbv=827,iso=300,cnv2,hdr0
[05:46:37.120] RX< [0m[34m[b_a
[05:46:37.493] RX< e0 proc] perf=400(us), max=733(us)!
[05:46:37.493] RX< [0m[34m[awb0 proc] perf=1602(us), max=1659(us)!
[05:46:37.493] RX< [0m[7] [cam] [206881][me0][me_core_thread:359]ME out fid 4050
[05:46:37.493] RX< [32m[BE] fid=4050, perf=8517(us), max=8636(us)!
[05:46:37.493] RX< [0m[6] [App Dfs] f_index = 4050, f_len = 155613, cur_tot
[05:46:38.218] RX< al_len = 6853476
[05:46:38.218] RX< [34m[AE] fid=4080,exp=15000,adg=300,Y=3863,mtg=180,shg=150,bgbv=827,iso=300,cnv2,hdr0
[05:46:38.218] RX< [0m[6] [cam] [207872][dwp0][cpm_cb_dewarp_handle:1411]EIS: dewarp done frm=4080, buf_idx=0
[05:46:38.218] RX< [7] [cam] [207880][me0][me_core_thread:359]ME out fid 4080
[05:46:38.218] RX< 
[05:46:40.119] RX< [34m[ME INTP]fid=4080, shutter=15000, perf=3(us), max=3158(us)!
[05:46:40.119] RX< [0m[34m[AE] fid=4110,exp=15000,adg=300,Y=3874,mtg=180,shg=150,bgbv=827,iso=300,cnv2,hdr0
[05:46:40.119] RX< [0m[7] [cam] [208880][me0][me_core_thread:359]ME out fid 4110
[05:46:40.119] RX< [34m[AE] fid=4140,exp=15000,adg=300,Y
[05:46:40.471] RX< =3891,mtg=180,shg=150,bgbv=836,iso=300,cnv2,hdr0
[05:46:40.471] RX< [0m[34m[b_ae0 proc] perf=401(us), max=646(us)!
[05:46:40.471] RX< [0m[34m[awb0 proc] perf=1325(us), max=1602(us)!
[05:46:40.471] RX< [0m[7] [cam] [209880][me0][me_core_thread:359]ME out fid 4140
[05:46:40.471] RX< [32m[BE] fid=4140, perf=8697(us), max=8700(
[05:46:42.117] RX< us)!
[05:46:42.117] RX< [0m[6] [App Dfs] f_index = 4140, f_len = 168154, cur_total_len = 6887732
[05:46:42.117] RX< [34m[AE] fid=4170,exp=14920,adg=300,Y=3972,mtg=180,shg=150,bgbv=864,iso=300,cnv2,hdr0
[05:46:42.117] RX< [0m[7] [cam] [210880][me0][me_core_thread:359]ME out fid 4170
[05:46:42.117] RX< [34m[AE] fid=4200,exp=1392
[05:46:43.135] RX< 0,adg=300,Y=4096,mtg=180,shg=149,bgbv=953,iso=300,cnv2,hdr0
[05:46:43.135] RX< [0m[7] [cam] [211880][me0][me_core_thread:359]ME out fid 4200
[05:46:43.135] RX< [34m[ME INTP]fid=4200, shutter=13920, perf=2282(us), max=2860(us)!
[05:46:43.135] RX< [0m[34m[AE] fid=4230,exp=13680,adg=300,Y=4207,mtg=180,shg=149,b
[05:46:43.494] RX< gbv=996,iso=300,cnv2,hdr0
[05:46:43.494] RX< [0m[34m[b_ae0 proc] perf=592(us), max=620(us)!
[05:46:43.494] RX< [0m[34m[awb0 proc] perf=1311(us), max=1564(us)!
[05:46:43.494] RX< [0m[7] [cam] [212880][me0][me_core_thread:359]ME out fid 4230
[05:46:43.494] RX< [32m[BE] fid=4230, perf=8564(us), max=8697(us)!
[05:46:43.494] RX< [0m[6] [App Dfs] 
[05:46:45.117] RX< f_index = 4230, f_len = 157253, cur_total_len = 6739650
[05:46:45.117] RX< [34m[AE] fid=4260,exp=13350,adg=300,Y=4159,mtg=180,shg=149,bgbv=1002,iso=300,cnv2,hdr0
[05:46:45.117] RX< [0m[7] [cam] [213880][me0][me_core_thread:359]ME out fid 4260
[05:46:45.117] RX< [34m[AE] fid=4290,exp=13650,adg=300,Y=4159,mtg=1
[05:46:46.134] RX< 80,shg=149,bgbv=986,iso=300,cnv2,hdr0
[05:46:46.134] RX< [0m[7] [cam] [214879][me0][me_core_thread:359]ME out fid 4290
[05:46:46.134] RX< [34m[AE] fid=4320,exp=13300,adg=300,Y=4243,mtg=180,shg=149,bgbv=1032,iso=300,cnv2,hdr0
[05:46:46.134] RX< [0m[34m[b_ae0 proc] perf=576(us), max=648(us)!
[05:46:46.134] RX< [0m[34m[awb0 pr
[05:46:46.218] RX< oc] perf=1368(us), max=1618(us)!
[05:46:46.218] RX< [0m[6] [cam] [215871][dwp0][cpm_cb_dewarp_handle:1411]EIS: dewarp done frm=4320, buf_idx=0
[05:46:46.218] RX< [7] [cam] [215879][me0][me_core_thread:359]ME out fid 4320
[05:46:46.218] RX< [34m[ME INTP]fid=4320, shutter=13300, perf=2035(us), max=2865(us)!
[05:46:46.218] RX< [0m
[05:46:47.133] RX< [32m[BE] fid=4320, perf=8692(us), max=8692(us)!
[05:46:47.133] RX< [0m[6] [App Dfs] f_index = 4320, f_len = 170864, cur_total_len = 6885881
[05:46:47.133] RX< [34m[AE] fid=4350,exp=13250,adg=300,Y=4262,mtg=180,shg=150,bgbv=1036,iso=300,cnv2,hdr0
[05:46:47.133] RX< [0m[7] [cam] [216879][me0][me_core_thread:35
[05:46:49.117] RX< 9]ME out fid 4350
[05:46:49.117] RX< [34m[AE] fid=4380,exp=12990,adg=300,Y=4312,mtg=180,shg=149,bgbv=1062,iso=300,cnv2,hdr0
[05:46:49.117] RX< [0m[7] [cam] [217879][me0][me_core_thread:359]ME out fid 4380
[05:46:49.117] RX< [34m[AE] fid=4410,exp=13010,adg=300,Y=4252,mtg=180,shg=150,bgbv=1051,iso=300,cnv2,hdr0
[05:46:49.503] RX< 
[05:46:49.503] RX< [0m[34m[b_ae0 proc] perf=397(us), max=608(us)!
[05:46:49.503] RX< [0m[34m[awb0 proc] perf=1323(us), max=1647(us)!
[05:46:49.503] RX< [0m[7] [cam] [218879][me0][me_core_thread:359]ME out fid 4410
[05:46:49.503] RX< [32m[BE] fid=4410, perf=8714(us), max=8714(us)!
[05:46:49.503] RX< [0m[6] [App Dfs] f_index = 4410, f_len = 1
[05:46:51.116] RX< 70491, cur_total_len = 6848658
[05:46:51.116] RX< [34m[AE] fid=4440,exp=13060,adg=300,Y=4230,mtg=180,shg=150,bgbv=1042,iso=300,cnv2,hdr0
[05:46:51.116] RX< [0m[7] [cam] [219879][me0][me_core_thread:359]ME out fid 4440
[05:46:51.116] RX< [34m[ME INTP]fid=4440, shutter=13060, perf=4(us), max=3282(us)!
[05:46:51.116] RX< [0m[34m
[05:46:52.117] RX< [AE] fid=4470,exp=13070,adg=300,Y=4223,mtg=180,shg=149,bgbv=1037,iso=300,cnv2,hdr0
[05:46:52.117] RX< [0m[7] [cam] [220879][me0][me_core_thread:359]ME out fid 4470
[05:46:52.117] RX< [34m[AE] fid=4500,exp=13130,adg=300,Y=4241,mtg=180,shg=149,bgbv=1040,iso=300,cnv2,hdr0
[05:46:52.117] RX< [0m[34m[b_ae0 proc] 
[05:46:52.494] RX< perf=594(us), max=626(us)!
[05:46:52.494] RX< [0m[34m[awb0 proc] perf=1320(us), max=1583(us)!
[05:46:52.494] RX< [0m[7] [cam] [221878][me0][me_core_thread:359]ME out fid 4500
[05:46:52.494] RX< [32m[BE] fid=4500, perf=8681(us), max=8714(us)!
[05:46:52.494] RX< [0m[6] [App Dfs] f_index = 4500, f_len = 171495, cur_total_len = 
[05:46:54.133] RX< 6849556
[05:46:54.133] RX< [34m[AE] fid=4530,exp=13340,adg=300,Y=4174,mtg=180,shg=149,bgbv=1008,iso=300,cnv2,hdr0
[05:46:54.133] RX< [0m[7] [cam] [222878][me0][me_core_thread:359]ME out fid 4530
[05:46:54.133] RX< [34m[AE] fid=4560,exp=13390,adg=300,Y=4153,mtg=180,shg=149,bgbv=1001,iso=300,cnv2,hdr0
[05:46:54.133] RX< [0m[6] [
[05:46:55.116] RX< cam] [223870][dwp0][cpm_cb_dewarp_handle:1411]EIS: dewarp done frm=4560, buf_idx=0
[05:46:55.116] RX< [7] [cam] [223878][me0][me_core_thread:359]ME out fid 4560
[05:46:55.116] RX< [34m[ME INTP]fid=4560, shutter=13390, perf=3(us), max=2748(us)!
[05:46:55.116] RX< [0m[34m[AE] fid=4590,exp=13630,adg=300,Y=4124,m
[05:46:55.469] RX< tg=180,shg=149,bgbv=978,iso=300,cnv2,hdr0
[05:46:55.469] RX< [0m[34m[b_ae0 proc] perf=401(us), max=723(us)!
[05:46:55.469] RX< [0m[34m[awb0 proc] perf=1455(us), max=1692(us)!
[05:46:55.469] RX< [0m[7] [cam] [224878][me0][me_core_thread:359]ME out fid 4590
[05:46:55.469] RX< [32m[BE] fid=4590, perf=8655(us), max=8681(us)!
[05:46:55.469] RX< [
[05:46:57.114] RX< 0m[6] [App Dfs] f_index = 4590, f_len = 170117, cur_total_len = 6778092
[05:46:57.114] RX< [34m[AE] fid=4620,exp=13990,adg=300,Y=4070,mtg=180,shg=150,bgbv=939,iso=300,cnv2,hdr0
[05:46:57.114] RX< [0m[7] [cam] [225878][me0][me_core_thread:359]ME out fid 4620
[05:46:57.114] RX< [34m[AE] fid=4650,exp=13900,adg=3
[05:46:58.132] RX< 00,Y=4129,mtg=180,shg=149,bgbv=966,iso=300,cnv2,hdr0
[05:46:58.132] RX< [0m[7] [cam] [226878][me0][me_core_thread:359]ME out fid 4650
[05:46:58.132] RX< [34m[AE] fid=4680,exp=13490,adg=300,Y=4221,mtg=180,shg=149,bgbv=1013,iso=300,cnv2,hdr0
[05:46:58.132] RX< [0m[34m[b_ae0 proc] perf=415(us), max=632(us)!
[05:46:58.132] RX< [
[05:46:58.491] RX< 0m[34m[awb0 proc] perf=1314(us), max=1510(us)!
[05:46:58.491] RX< [0m[7] [cam] [227878][me0][me_core_thread:359]ME out fid 4680
[05:46:58.491] RX< [34m[ME INTP]fid=4680, shutter=13490, perf=1688(us), max=3084(us)!
[05:46:58.491] RX< [0m[32m[BE] fid=4680, perf=8547(us), max=8655(us)!
[05:46:58.491] RX< [0m[6] [App Dfs] f_inde
[05:47:00.114] RX< x = 4680, f_len = 157905, cur_total_len = 6779011
[05:47:00.114] RX< [34m[AE] fid=4710,exp=14120,adg=300,Y=4063,mtg=180,shg=149,bgbv=937,iso=300,cnv2,hdr0
[05:47:00.114] RX< [0m[7] [cam] [228878][me0][me_core_thread:359]ME out fid 4710
[05:47:00.114] RX< [34m[AE] fid=4740,exp=13920,adg=300,Y=4091,mtg=180,shg=
[05:47:01.116] RX< 149,bgbv=953,iso=300,cnv2,hdr0
[05:47:01.116] RX< [0m[7] [cam] [229877][me0][me_core_thread:359]ME out fid 4740
[05:47:01.116] RX< [34m[AE] fid=4770,exp=14080,adg=300,Y=4085,mtg=180,shg=149,bgbv=940,iso=300,cnv2,hdr0
[05:47:01.116] RX< [0m[34m[b_ae0 proc] perf=404(us), max=670(us)!
[05:47:01.116] RX< [0m[34m[awb0 proc] perf
[05:47:02.130] RX< =1360(us), max=1663(us)!
[05:47:02.130] RX< [0m[7] [cam] [230877][me0][me_core_thread:359]ME out fid 4770
[05:47:02.130] RX< [32m[BE] fid=4770, perf=8555(us), max=8555(us)!
[05:47:02.130] RX< [0m[6] [App Dfs] f_index = 4770, f_len = 161137, cur_total_len = 6888001
[05:47:02.130] RX< [34m[AE] fid=4800,exp=13560,adg=300,Y=4169,m
[05:47:02.212] RX< tg=180,shg=149,bgbv=996,iso=300,cnv2,hdr0
[05:47:02.212] RX< [0m[6] [cam] [231869][dwp0][cpm_cb_dewarp_handle:1411]EIS: dewarp done frm=4800, buf_idx=0
[05:47:02.212] RX< [7] [cam] [231877][me0][me_core_thread:359]ME out fid 4800
[05:47:02.212] RX< [34m[ME INTP]fid=4800, shutter=13560, perf=3(us), max=3150(us)
[05:47:04.131] RX< !
[05:47:04.131] RX< [0m[34m[AE] fid=4830,exp=13940,adg=300,Y=4069,mtg=180,shg=149,bgbv=944,iso=300,cnv2,hdr0
[05:47:04.131] RX< [0m[7] [cam] [232877][me0][me_core_thread:359]ME out fid 4830
[05:47:04.131] RX< [34m[AE] fid=4860,exp=13620,adg=300,Y=4151,mtg=180,shg=149,bgbv=987,iso=300,cnv2,hdr0
[05:47:04.131] RX< [0m[34m[b_a
[05:47:04.489] RX< e0 proc] perf=405(us), max=661(us)!
[05:47:04.489] RX< [0m[34m[awb0 proc] perf=1298(us), max=1551(us)!
[05:47:04.489] RX< [0m[7] [cam] [233877][me0][me_core_thread:359]ME out fid 4860
[05:47:04.489] RX< [32m[BE] fid=4860, perf=8540(us), max=8692(us)!
[05:47:04.489] RX< [0m[6] [App Dfs] f_index = 4860, f_len = 154022, cur_tot
[05:47:06.112] RX< al_len = 6778996
[05:47:06.112] RX< [34m[AE] fid=4890,exp=13920,adg=300,Y=4099,mtg=180,shg=149,bgbv=953,iso=300,cnv2,hdr0
[05:47:06.112] RX< [0m[7] [cam] [234877][me0][me_core_thread:359]ME out fid 4890
[05:47:06.112] RX< [34m[AE] fid=4920,exp=14360,adg=300,Y=4006,mtg=180,shg=149,bgbv=903,iso=300,cnv2,hdr0
[05:47:06.112] RX< [
[05:47:07.114] RX< 0m[7] [cam] [235877][me0][me_core_thread:359]ME out fid 4920
[05:47:07.114] RX< [34m[ME INTP]fid=4920, shutter=14360, perf=260(us), max=3084(us)!
[05:47:07.114] RX< [0m[34m[awb0 proc] perf=6321(us), max=6321(us)!
[05:47:07.114] RX< [0m[34m[AE] fid=4950,exp=14500,adg=300,Y=4014,mtg=180,shg=149,bgbv=899,iso=3
[05:47:07.488] RX< 00,cnv2,hdr0
[05:47:07.488] RX< [0m[34m[b_ae0 proc] perf=607(us), max=688(us)!
[05:47:07.488] RX< [0m[34m[awb0 proc] perf=1371(us), max=6321(us)!
[05:47:07.488] RX< [0m[7] [cam] [236876][me0][me_core_thread:359]ME out fid 4950
[05:47:07.488] RX< [32m[BE] fid=4950, perf=8661(us), max=8661(us)!
[05:47:07.488] RX< [0m[6] [App Dfs] f_index = 495
[05:47:09.111] RX< 0, f_len = 168829, cur_total_len = 6922784
[05:47:09.111] RX< [34m[AE] fid=4980,exp=14500,adg=300,Y=4020,mtg=180,shg=149,bgbv=899,iso=300,cnv2,hdr0
[05:47:09.111] RX< [0m[7] [cam] [237876][me0][me_core_thread:359]ME out fid 4980
[05:47:09.111] RX< [34m[AE] fid=5010,exp=14490,adg=300,Y=4027,mtg=180,shg=149,bgb
[05:47:10.129] RX< v=903,iso=300,cnv2,hdr0
[05:47:10.129] RX< [0m[7] [cam] [238876][me0][me_core_thread:359]ME out fid 5010
[05:47:10.129] RX< [34m[AE] fid=5040,exp=14510,adg=300,Y=4010,mtg=180,shg=149,bgbv=894,iso=300,cnv2,hdr0
[05:47:10.129] RX< [0m[34m[b_ae0 proc] perf=463(us), max=695(us)!
[05:47:10.129] RX< [0m[34m[awb0 proc] perf=1519(u
[05:47:10.467] RX< s), max=1618(us)!
[05:47:10.467] RX< [0m[6] [cam] [239868][dwp0][cpm_cb_dewarp_handle:1411]EIS: dewarp done frm=5040, buf_idx=0
[05:47:10.467] RX< [7] [cam] [239876][me0][me_core_thread:359]ME out fid 5040
[05:47:10.467] RX< [34m[ME INTP]fid=5040, shutter=14510, perf=257(us), max=651(us)!
[05:47:10.467] RX< [0m[32m[BE] fid=504
[05:47:11.127] RX< 0, perf=8552(us), max=8683(us)!
[05:47:11.127] RX< [0m[6] [App Dfs] f_index = 5040, f_len = 158068, cur_total_len = 6843049
[05:47:11.127] RX< [34m[AE] fid=5070,exp=14520,adg=300,Y=3996,mtg=180,shg=149,bgbv=890,iso=300,cnv2,hdr0
[05:47:11.127] RX< [0m[7] [cam] [240876][me0][me_core_thread:359]ME out fid 5070
[05:47:13.128] RX< [34m[AE] fid=5100,exp=14520,adg=300,Y=3992,mtg=180,shg=149,bgbv=890,iso=300,cnv2,hdr0
[05:47:13.128] RX< [0m[7] [cam] [241876][me0][me_core_thread:359]ME out fid 5100
[05:47:13.465] RX< [34m[AE] fid=5130,exp=14530,adg=300,Y=3978,mtg=180,shg=149,bgbv=885,iso=300,cnv2,hdr0
[05:47:13.465] RX< [0m[34m[b_ae0 proc] perf=418(us), max=663(us)!
[05:47:13.465] RX< [0m[34m[awb0 proc] perf=1398(us), max=1607(us)!
[05:47:13.465] RX< [0m[7] [cam] [242876][me0][me_core_thread:359]ME out fid 5130
[05:47:13.465] RX< [32m[
[05:47:14.127] RX< BE] fid=5130, perf=8673(us), max=8695(us)!
[05:47:14.127] RX< [0m[6] [App Dfs] f_index = 5130, f_len = 167503, cur_total_len = 6752243
[05:47:14.127] RX< [34m[AE] fid=5160,exp=14520,adg=300,Y=3988,mtg=180,shg=149,bgbv=890,iso=300,cnv2,hdr0
[05:47:14.127] RX< [0m[7] [cam] [243875][me0][me_core_thread:359]ME ou
[05:47:16.112] RX< t fid 5160
[05:47:16.112] RX< [34m[ME INTP]fid=5160, shutter=14520, perf=4(us), max=484(us)!
[05:47:16.112] RX< [0m[34m[AE] fid=5190,exp=14530,adg=300,Y=3975,mtg=180,shg=149,bgbv=885,iso=300,cnv2,hdr0
[05:47:16.112] RX< [0m[7] [cam] [244875][me0][me_core_thread:359]ME out fid 5190
[05:47:16.112] RX< [34m[AE] fid=5220,exp=1458
[05:47:16.464] RX< 0,adg=300,Y=3975,mtg=180,shg=150,bgbv=883,iso=300,cnv2,hdr0
[05:47:16.464] RX< [0m[34m[b_ae0 proc] perf=436(us), max=725(us)!
[05:47:16.464] RX< [0m[34m[awb0 proc] perf=1460(us), max=1604(us)!
[05:47:16.464] RX< [0m[7] [cam] [245875][me0][me_core_thread:359]ME out fid 5220
[05:47:16.464] RX< [32m[BE] fid=5220, perf=8543(us)
[05:47:18.127] RX< , max=8673(us)!
[05:47:18.127] RX< [0m[6] [App Dfs] f_index = 5220, f_len = 157364, cur_total_len = 6763838
[05:47:18.127] RX< [34m[AE] fid=5250,exp=14550,adg=300,Y=4018,mtg=180,shg=150,bgbv=897,iso=300,cnv2,hdr0
[05:47:18.127] RX< [0m[7] [cam] [246875][me0][me_core_thread:359]ME out fid 5250
[05:47:18.127] RX< [34m[AE] fid=52
[05:47:18.209] RX< 80,exp=14550,adg=300,Y=4019,mtg=180,shg=150,bgbv=897,iso=300,cnv2,hdr0
[05:47:18.209] RX< [0m[6] [cam] [247868][dwp0][cpm_cb_dewarp_handle:1411]EIS: dewarp done frm=5280, buf_idx=0
[05:47:18.209] RX< [7] [cam] [247875][me0][me_core_thread:359]ME out fid 5280
[05:47:18.209] RX< [34m[ME INTP]fid=5280, shutter=14
[05:47:19.127] RX< 550, perf=4(us), max=1908(us)!
[05:47:19.127] RX< [0m[34m[AE] fid=5310,exp=14550,adg=300,Y=4017,mtg=180,shg=150,bgbv=897,iso=300,cnv2,hdr0
[05:47:19.127] RX< [0m[34m[b_ae0 proc] perf=404(us), max=689(us)!
[05:47:19.127] RX< [0m[34m[awb0 proc] perf=1537(us), max=1586(us)!
[05:47:19.127] RX< [0m[7] [cam] [248875][me0][me_cor
[05:47:20.125] RX< e_thread:359]ME out fid 5310
[05:47:20.125] RX< [32m[BE] fid=5310, perf=8632(us), max=8675(us)!
[05:47:20.125] RX< [0m[6] [App Dfs] f_index = 5310, f_len = 166689, cur_total_len = 6868643
[05:47:20.125] RX< [34m[AE] fid=5340,exp=14490,adg=300,Y=4043,mtg=180,shg=150,bgbv=906,iso=300,cnv2,hdr0
[05:47:20.125] RX< [0m[7] [cam] [24
[05:47:22.014] RX< 9875][me0][me_core_thread:359]ME out fid 5340
[05:47:22.014] RX< [34m[AE] fid=5370,exp=14480,adg=300,Y=3997,mtg=180,shg=150,bgbv=891,iso=300,cnv2,hdr0
[05:47:22.014] RX< [0m[7] [cam] [250875][me0][me_core_thread:359]ME out fid 5370
[05:47:22.014] RX< dfs_video_stop
[05:47:22.014] RX< msh /emmc>echo "__EVBTEST_E[6] [App Dfs]  Gra
[05:47:22.014] RX< vity_XR Record Stop Success: total frames = 5387
[05:47:22.014] RX< [6] [cam] [251761][DfsSend][sensor_stream_off:1188]sensor [1]: stream_off
[05:47:22.014] RX< [6] [cam] [251761][DfsSend][sensor_stream_off:1217]sensor [1]: REG: 0x100, W:0x0.
[05:47:22.014] RX< [6] [cam] [251762][DfsSend][sensor_stream_off:1219
[05:47:22.027] RX< ]sensor [1]: REG: 0x100, R:0x0.
[05:47:22.027] RX< [6] [cam] [251787][DfsSend][csc_prv_stop:983]ok! phys_id[1], phys_num[1], stop_type = 0
[05:47:22.027] RX< [6] [cam] [251787][DfsSend][cam_stop:1058]preview stop ok! logic_id[0]
[05:47:22.027] RX< [34m[cam stop] perf=26487(us)!
[05:47:22.027] RX< [0m[6] [App Cam] cam stop succe
[05:47:22.027] RX< ss
[05:47:22.027] RX< Total of 5388 frames encoded, 408706956 bytes, max_workbuffer_used: 3493888 bytes
[05:47:22.027] RX< [6] [App Cam] hevc_encoder_deinit success
[05:47:22.027] RX< [7] [cam] [251789][DfsSend][cam_cpm_core_power_off:467]id,0 type,1 ret 0
[05:47:22.027] RX< [6] [cam] [251790][sif0][sif_irq_proc:174]thread relea
[05:47:22.030] RX< se cid,0
[05:47:22.030] RX< [6] [cam] [251790][DfsSend][cam_sif_mgr_deinit:316]X
[05:47:22.030] RX< [6] [cam] [251791][DfsSend][cam_deinit:887]deinit ok! logic_id[0]
[05:47:22.030] RX< [34m[cam deinit] perf=1297(us)!
[05:47:22.030] RX< [0m[6] [App Cam] cam deinit success
[05:47:22.030] RX< [6] [cam] [251791][DfsSend][sensor_close:1292]sensor [1]
[05:47:22.030] RX< : close!
[05:47:22.030] RX< [6] [cam] [251792][DfsSend][cam_dewarp_deinit:438]dewarp deinit, id=0
[05:47:22.030] RX< [6] [cam] [251792][dwp0][dewarp_thread_entry:174]dewarp thread exit signal, id=0
[05:47:22.030] RX< [6] [cam] [251793][dwp0][dewarp_thread_entry:276]dewarp thread exit, id=0
[05:47:22.030] RX< [6] [cam] [251793][D
[05:47:22.032] RX< fsSend][cam_bm_core_deinit:136]X
[05:47:22.032] RX< [6] [cam] [251794][be0][be_core_irq_proc:329]thread release cid,0
[05:47:22.032] RX< [6] [cam] [251794][DfsSend][cam_be_core_deinit:793]X
[05:47:22.032] RX< [6] [cam] [251794][me0][me_core_thread:404]thread release cid,0
[05:47:22.032] RX< [6] [cam] [251795][DfsSend][cam_me_cor
[05:47:22.035] RX< e_deinit:1551]X
[05:47:22.035] RX< [6] [cam] [251795][fe0][fe_core_irq_proc:121]thread release cid,0
[05:47:22.035] RX< [6] [cam] [251795][DfsSend][cam_fe_core_deinit:536]X
[05:47:22.035] RX< [6] [cam] [251795][b_3a_sts][bayer_stats_core_irq_proc:193]thread release cid,0
[05:47:22.035] RX< [6] [cam] [251796][DfsSend][cam_bayer_s
[05:47:22.035] RX< tats_core_deinit:512]X
[05:47:22.035] RX< [6] [cam] [251796][b_ae0][a5_core_wrapper_task:315]thread release cid,0,algo,0
[05:47:22.035] RX< [6] [cam] [251797][DfsSend][bayer_ae_wrapper_deinit:204]X
[05:47:22.035] RX< [6] [cam] [251797][atf0][a5_core_wrapper_task:315]thread release cid,0,algo,1
[05:47:22.035] RX< [6] [cam] [25179
[05:47:22.038] RX< 7][DfsSend][atf_wrapper_deinit:153]X
[05:47:22.038] RX< [6] [cam] [251798][awb0][a5_core_wrapper_task:315]thread release cid,0,algo,2
[05:47:22.038] RX< [6] [cam] [251798][DfsSend][awb_wrapper_deinit:153]X
[05:47:22.038] RX< [6] [cam] [251799][DfsSend][cam_5a_core_deinit:555]X
[05:47:22.038] RX< [6] [cam] [251799][DfsSend][cam_5
[05:47:22.038] RX< a_inf_deinit:149]X
[05:47:22.038] RX< [6] [cam] [251799][qpc0][qpc_core_msg_proc:705]thread release cid,0
[05:47:22.038] RX< [6] [cam] [251799][DfsSend][qpc_core_deinit:1413]X
[05:47:22.038] RX< [6] [cam] [251800][DfsSend][cam_cpm_core_deinit:1248]X
[05:47:22.038] RX< [6] [cam] [251800][DfsSend][csc_close:656]ok! phys_id[1], phy
[05:47:22.050] RX< s_num[1]
[05:47:22.050] RX< [7] [cam] [251800][cer0][cer_recovery_proc:352]msg type = 254
[05:47:22.050] RX< [6] [cam] [251801][cer0][cer_recovery_proc:454]thread release cid,0
[05:47:22.050] RX< [6] [cam] [251801][DfsSend][cer_deinit:560]X
[05:47:22.050] RX< [6] [cam] [251801][DfsSend][cam_close:789]close ok! logic_id[0]
[05:47:22.050] RX< [34m
[05:47:22.051] RX< [cam close] perf=10507(us)!
[05:47:22.051] RX< [0m[6] [App Cam] cam close success
[05:47:22.051] RX< [6] [cam] [251802][cpl0][cam_prelude_proc_routine:136]thread release
[05:47:22.051] RX< [6] [cam] [251802][DfsSend][cam_exit:571]exit ok!
[05:47:22.051] RX< [34m[cam exit] perf=663(us)!
[05:47:22.051] RX< [0m[6] [App Cam] cam exit success
[05:47:22.051] RX< [6] [
[05:47:22.082] RX< App Dfs] Save Video Successful: /emmc/VIDEO/20260101_000111_1381/Video_1381_0.h265
[05:47:22.082] RX< [6] [App Dfs] Save Imu Successful: /emmc/VIDEO/20260101_000111_1381/Imu_1381.bin
[05:47:22.082] RX< [6] [App Dfs] Video recording completed successfully.
[05:47:22.082] RX< ND_b0d26ab4__"
[05:47:22.082] RX< __EVBTEST_END_b0d26ab4
[05:47:22.173] TX> dfs_video_stop
[05:47:22.173] TX> echo "__EVBTEST_END_b0d26ab4__"
[05:47:24.085] RX< __
[05:47:24.085] RX< msh /emmc>
[05:51:19.279] RX< rtmp_video_start rtmp://192.168.1.89/live/cam
[05:51:19.279] RX< [7] [cam] [489055][tshell][cgm_parse_bin:104]total logical camera num: 1
[05:51:19.279] RX< [6] [cam] [489055][tshell][cam_prelude_create:187]E id, 0
[05:51:19.279] RX< [7] [cam] [489056][cpl0][cam_prelude_proc_routine:101]thread start
[05:51:19.279] RX< [6] [cam] [
[05:51:19.280] RX< 489056][tshell][cam_prelude_create:214]X ctx size 132 addr 0x884de948
[05:51:19.280] RX< [6] [cam] [489060][tshell][sensor_probe:418]sensor [1]: identifing 0 success.
[05:51:19.280] RX< [6] [cam] [489061][tshell][sensor_probe:441]sensor [1]: probe exit!
[05:51:19.280] RX< [6] [cam] [489061][tshell][cam_prelude_
[05:51:19.283] RX< fast_probe:251]cam: 0 probe result: 0
[05:51:19.283] RX< [6] [cam] [489062][tshell][cgm_parse_bin:218]cam(0) probe success
[05:51:19.283] RX< [6] [cam] [489062][tshell][cam_entry:455]entry ok
[05:51:19.283] RX< [34m[cam entry] perf=7759(us)!
[05:51:19.283] RX< [0m[6] [App Cam] cam entry success
[05:51:19.283] RX< [7] [cam] [489063][tshell][cam_
[05:51:19.283] RX< solve_layout:350][mLayout] param OK, scen3 iw4032 ih2268 ow2304 oh1296 gdc 0x2
[05:51:19.283] RX< [36m[mLayout] scen03 in=4032x2268,out=1296x2304 meRot1 stripe0 gdcOn0
[05:51:19.283] RX< [0m[36m[mLayout] scen03 14entries solved status=OK retry=0 rtmp=enabled (cursor0=0x8a018210 cursor1=0x8
[05:51:19.286] RX< 9300000, ch0/1/2 cnt=5/1/1)
[05:51:19.286] RX< [0m[7] [cam] [489065][tshell][cam_solve_layout:377]
[05:51:19.286] RX< [mLayout] out vol 0x8c000000 rBuf 0x89300000 sz 0xd00000 wBuf 0x8a9e5400 sz 0x900000
[05:51:19.286] RX<           rtmp tBuf 0x8a098210 sz 0x80000 aBuf 0x8a018210 sz 0x80000
[05:51:19.286] RX< [7] [cam] [489066][
[05:51:19.289] RX< tshell][cam_solve_layout:397]Solve Scen3 layout Done!
[05:51:19.289] RX< [6] [cam] [489067][tshell][cgm_parse_media_para:274]phy cam num: 1
[05:51:19.289] RX< [7] [cam] [489067][cer0][cer_recovery_proc:343]thread start cid, 0
[05:51:19.289] RX< [6] [cam] [489068][tshell][csc_open:499]SENSOR MCLK cal: 24MHz
[05:51:19.289] RX< [6]
[05:51:19.289] RX<  [cam] [489068][tshell][csc_isp_clk_cal:344]MIPI CLK cal: 277MHz
[05:51:19.289] RX< [6] [cam] [489069][tshell][csc_isp_clk_cal:374]LITE CLK cal: 25MHz
[05:51:19.289] RX< [7] [cam] [489069][tshell][cpc_csi_rx_power_on:633]E id: 2
[05:51:19.289] RX< [4] [cam] [489069][tshell][cpc_csi_rx_power_on:644]csi_2 has al
[05:51:19.294] RX< ready power on, STATUS: 1
[05:51:19.294] RX< [6] [cam] [489070][tshell][cpc_update_clock:603]actual SNS mclk: 24MHz
[05:51:19.294] RX< [6] [cam] [489070][tshell][cpc_update_clock:608]actual MIPI0: 300MHz
[05:51:19.294] RX< [6] [cam] [489071][tshell][cpc_update_clock:598]actual LITE clk: 25MHz
[05:51:19.294] RX< [7] [cam] [489071
[05:51:19.294] RX< ][tshell][cam_prelude_open:297][34msnsOpen camID1 csiID0 phyIdx0[0m
[05:51:19.294] RX< [6] [cam] [489074][tshell][sensor_expo_gain_match:48]sensor get sensor expo gain of imx681_vst
[05:51:19.294] RX< [6] [cam] [489074][tshell][sensor_open:684]sensor [1] open OK.
[05:51:19.294] RX< [6] [cam] [489075][tshell][
[05:51:19.299] RX< cam_cpm_parse_media:295]video scenario:3, media para[fps:0, mirror_en:0, flip_en:0]
[05:51:19.299] RX< [6] [cam] [489075][tshell][cam_cpm_parse_media:298]video scenario, media para[iso:0, gain:0, wb_mode:0]
[05:51:19.299] RX< [6] [cam] [489076][tshell][csc_isp_clk_cal:355]FE CLK cal: 373MHz, 
[05:51:19.299] RX< ME CLK cal: 371MHz, FE/ME CLK cal: 410MHz
[05:51:19.299] RX< [6] [cam] [489076][tshell][csc_isp_clk_cal:364]BE CLK cal: 301MHz
[05:51:19.299] RX< [4] [cam] [489077][tshell][cam_fe_core_power_on:269]fe pipe has already power on, STATUS: 1
[05:51:19.299] RX< [6] [cam] [489077][tshell][cpc_update_clock:588]actual 
[05:51:19.302] RX< FE/ME clk: 500MHz
[05:51:19.302] RX< [7] [cam] [489078][tshell][cam_cpm_core_power_on:435]id,0 type,1 ret 0
[05:51:19.302] RX< [6] [cam] [489078][tshell][cam_cpm_core_init:1017]E id,0 sensor type,1
[05:51:19.302] RX< [6] [cam] [489081][tshell][cpm_core_check_tuningbin:957]Tuning bin crc check PASS! sum 0x17a59
[05:51:19.302] RX< 64, xor 0x87e82682
[05:51:19.302] RX< [6] [cam] [489081][tshell][qpc_tuning_check_iqbin_validness:396]IQ bin addr: 0x88646660, project_name: video_3M
[05:51:19.302] RX< [6] [cam] [489083][tshell][qpc_tuning_check_iqbin_validness:397]total_size: 94400
[05:51:19.302] RX< [6] [cam] [489083][tshell][qpc_tuning_chec
[05:51:19.305] RX< k_iqbin_validness:398]id_count: 93. ID_TOTAL: 94
[05:51:19.305] RX< [6] [cam] [489083][tshell][qpc_tuning_check_iqbin_validness:399]spinel tuning data ver: V1.30
[05:51:19.305] RX< [6] [cam] [489084][tshell][cpm_core_check_tuningbin:971]IQ bin check success!
[05:51:19.305] RX< [6] [cam] [489084][tshell][cam_bm
[05:51:19.305] RX< _core_init:94]E
[05:51:19.305] RX< [6] [cam] [489085][tshell][bm_lab_init:174]X ctx size 4 addr 0x884b9350
[05:51:19.305] RX< [6] [cam] [489085][tshell][cam_bm_core_init:114]X ctx size 180 addr 0x884c1bd0
[05:51:19.305] RX< [6] [cam] [489085][tshell][qpc_core_init:1299]E id,0
[05:51:19.305] RX< [6] [cam] [489086][tshell][qpc_que
[05:51:19.320] RX< ue_init:65]QPC init qnodes 8, size 508, pool 0x884c21b0
[05:51:19.320] RX< [7] [cam] [489086][tshell][_qpc_get_cap_cfg_para:896][fallback]preset capCfg 200 0 0 invalid, use default
[05:51:19.320] RX< [7] [cam] [489087][tshell][_qpc_cfg_hdr_frms:840][fallback]preset hdrCfg 0 0 0 0 0 invalid, u
[05:51:19.323] RX< se default
[05:51:19.323] RX< [6] [cam] [489103][tshell][qpc_core_init:1347]X ctx size 1288 addr 0x884c1c98
[05:51:19.323] RX< [6] [cam] [489103][tshell][cpm_core_get_param:764]cpm para chk: tunBin-w 4032 h 2266 img-w 4032 h 2268
[05:51:19.323] RX< [6] [cam] [489104][tshell][cam_fe_core_init:436]E id,0
[05:51:19.323] RX< [6] [cam
[05:51:19.329] RX< ] [489104][tshell][cam_fe_core_init:490]X ctx size 96 addr 0x884c35c8
[05:51:19.329] RX< [7] [cam] [489105][tshell][qpc_core_fe_chords_init:1763][34mqpc fe init snsOut w 4032 h 2268, tbl w 28 h 20[0m
[05:51:19.329] RX< [6] [cam] [489105][tshell][cam_me_core_init:1523]X ctx size 1352 addr 0x
[05:51:19.329] RX< 884f1c48
[05:51:19.329] RX< [34m[ME SLICE CFG] perf=1382(us)!
[05:51:19.329] RX< [0m[6] [cam] [489109][tshell][cam_bayer_fe_3a_stats_core_init:445]fe 3a id,0
[05:51:19.329] RX< [6] [cam] [489109][tshell][cam_bayer_fe_3a_stats_core_init:490]X ctx size 132 addr 0x884fa5d0
[05:51:19.329] RX< [6] [cam] [489110][tshell][awb_wrapper
[05:51:19.337] RX< _init:66]xxx awb_bin=0x884e1624, awb_bin_length=8068
[05:51:19.337] RX< [6] [cam] [489111][tshell][awb_wrapper_init:86]X algo_handle 0x88500230
[05:51:19.337] RX< [7] [cam] [489111][awb0][a5_core_wrapper_task:252]thread start cid,0 algo type,2
[05:51:19.337] RX< [6] [cam] [489111][tshell][a5_core_init_task:426]
[05:51:19.338] RX< thread created: awb0 mq=0x885022c0 thread=0x885023d8 sem=0x88502250 ret=0
[05:51:19.338] RX< [6] [cam] [489112][tshell][bayer_ae_wrapper_init:68]E id,0 proc mode 0 
[05:51:19.338] RX< 
[05:51:19.338] RX< [AEC Proc] @[allib_ae_set_debug_log_flag] Line:129:[DEBUG] debug level/to_file/to_terminal: 22/1/1
[05:51:19.338] RX< [AEC Proc
[05:51:19.340] RX< ] @[AeInit] Line:377:[INFO] AE ver: 2026_V2.269
[05:51:19.340] RX< 
[05:51:19.340] RX< [AEC Proc] @[allib_ae_loadfunc] Line:193:[INFO] camera ID: 0
[05:51:19.340] RX< [AEC Proc] @[alAE_set_param] Line:576:[DEBUG] sw_maxtime 33004 ,pertline 10800, after check sensor step sw_max_time 33000.00
[05:51:19.340] RX< [AEC Proc] @[alAE_s
[05:51:19.341] RX< et_param] Line:581:[DEBUG] sw_mintime 43 ,pertline 10800, after check sensor step sw_min_time 40.00
[05:51:19.341] RX< [AEC Proc] @[alAE_set_param] Line:514:[DEBUG] DEBUG minbv exptime 11 gain 100, minExpBV 13810
[05:51:19.341] RX< [AEC Proc] @[AeTuningParseSet] Line:167:[DEBUG] aeparam versi
[05:51:19.343] RX< on 2.268 60803
[05:51:19.343] RX< [AEC Proc] @[alAE_set_param] Line:341:[DEBUG] INITEXP gain 100, shutter 33242, midtonegain 100, bv 2247
[05:51:19.343] RX< [6] [cam] [489122][tshell][bayer_ae_wrapper_init:119]X tline 10800 max_exp 33004 alg_hdl 0x88504b88 
[05:51:19.343] RX< [7] [cam] [489123][b_ae0][a5_core_w
[05:51:19.343] RX< rapper_task:252]thread start cid,0 algo type,0
[05:51:19.343] RX< [6] [cam] [489123][tshell][a5_core_init_task:426]thread created: b_ae0 mq=0x88505c38 thread=0x88505d50 sem=0x88505bc8 ret=0
[05:51:19.343] RX< [6] [cam] [489124][tshell][atf_wrapper_init:67]E id,0
[05:51:19.343] RX< [6] [cam] [489125][tshell][at
[05:51:19.359] RX< f_wrapper_init:107]X alg_ctx addr 0x88507138
[05:51:19.359] RX< [7] [cam] [489125][atf0][a5_core_wrapper_task:252]thread start cid,0 algo type,1
[05:51:19.359] RX< [6] [cam] [489125][tshell][a5_core_init_task:426]thread created: atf0 mq=0x88507270 thread=0x88507388 sem=0x88507200 ret=0
[05:51:19.359] RX< [6] [c
[05:51:19.360] RX< am] [489125][tshell][cam_cpm_core_init:1149]X ctx size 1096 addr 0x884c1778
[05:51:19.360] RX< [6] [cam] [489126][tshell][csc_open:599]ok! phys_id[1], phys_num[1] 
[05:51:19.360] RX< [6] [cam] [489127][tshell][cam_open:738]open ok! camera_id[0]
[05:51:19.360] RX< [34m[cam open] perf=64007(us)!
[05:51:19.360] RX< [0m[6] [App Ca
[05:51:19.362] RX< m] cam open success
[05:51:19.362] RX< [6] [cam] [489141][tshell][csc_init:722]sensor info:size:4032x2268, formt: 0x2b, bps: 1968, tline: 10800
[05:51:19.362] RX< [6] [cam] [489141][tshell][cam_sif_mgr_init:261]E id,0
[05:51:19.362] RX< [7] [cam] [489142][sif0][sif_irq_proc:151]thread start cid,0
[05:51:19.362] RX< [6] [cam] [48
[05:51:19.362] RX< 9142][tshell][cam_sif_mgr_init:293]X ctx size 52 addr 0x88541b70
[05:51:19.362] RX< [6] [cam] [489143][tshell][cam_prelude_init_cfg:368]CSI ID is 0,  phy lanes is 2.
[05:51:19.362] RX< [7] [cam] [489143][tshell][check_phy_ready:96]MIPI_PHY[0] is ready
[05:51:19.362] RX< [6] [cam] [489144][tshell][sensor_init:3
[05:51:19.371] RX< 48]sensor [1]: register ok
[05:51:19.371] RX< [6] [cam] [489144][tshell][sensor_set_mode:887]sensor [1]: SetMode -> mode = 0.
[05:51:19.371] RX< [6] [cam] [489144][tshell][sensor_send_reg_tab_to_sensor:705]sensor [1]: send_reg_tab_to_sensor E.
[05:51:19.371] RX< [6] [cam] [489148][tshell][sensor_send_reg_tab_to
[05:51:19.371] RX< _sensor:751]sensor [1]: reg_count = 77.
[05:51:19.371] RX< [6] [cam] [489148][tshell][sensor_init:361]sensor [1]: init success.
[05:51:19.371] RX< [6] [cam] [489148][tshell][sensor_set_mode:887]sensor [1]: SetMode -> mode = 3.
[05:51:19.371] RX< [6] [cam] [489149][tshell][sensor_send_reg_tab_to_sensor:705]senso
[05:51:19.372] TX> rtmp_video_start rtmp://192.168.1.89/live/cam
[05:51:19.372] TX> echo "__EVBTEST_END_b3b2ee70__"
[05:51:19.373] RX< r [1]: send_reg_tab_to_sensor E.
[05:51:19.373] RX< [6] [cam] [489153][tshell][sensor_send_reg_tab_to_sensor:751]sensor [1]: reg_count = 83.
[05:51:19.373] RX< [6] [cam] [489153][tshell][csc_init:731]ok! phys_id[1], phys_num[1]
[05:51:19.373] RX< [6] [cam] [489154][tshell][csc_get_bayer_single_buffer:1148]scena
[05:51:19.374] RX< rio_type: 3
[05:51:19.374] RX< [6] [cam] [489154][tshell][csc_set_stats_fmt:98]index 0 w 1 h 1 bw 8 wcmp 255
[05:51:19.374] RX< [7] [cam] [489155][tshell][bm_ioctl:201]BMIOC_STATS_FMT
[05:51:19.374] RX< [6] [cam] [489155][tshell][csc_set_fe_fmt:47]index 1 w 4032 h 2268 bw 10 wcmp 0
[05:51:19.374] RX< [7] [cam] [489155][tshell][b
[05:51:19.376] RX< m_ioctl:201]BMIOC_FE_FMT
[05:51:19.376] RX< [6] [cam] [489156][tshell][csc_set_me_fmt:64]index 5 w 2268 h 4032 bw 10 wcmp 0, rdma_addr 0x8a128c00, wdma_addr 0x8a128c00
[05:51:19.376] RX< [7] [cam] [489156][tshell][bm_ioctl:201]BMIOC_ME_FMT
[05:51:19.376] RX< [6] [cam] [489157][tshell][csc_set_video_fmt:1076]met
[05:51:19.377] RX< a_addr: 0x8a118240
[05:51:19.377] RX< [6] [cam] [489157][tshell][csc_set_me_fmt:64]index 6 w 1296 h 2304 bw 8 wcmp 255, rdma_addr 0x8b2e5400, wdma_addr 0x8c000000
[05:51:19.377] RX< [6] [cam] [489157][tshell][cam_me_core_buffer_cfg:1416]
[05:51:19.377] RX< ----ME PIPE INFO---
[05:51:19.377] RX<  wdma_buf_num:1, rotation_en: 1
[05:51:19.379] RX< [7] [cam] [489158][tshell][cam_me_core_buffer_cfg:1424]yuv wdma_addr 0:0x8c000000, meta_en: 1, 0x8a118240
[05:51:19.379] RX< [7] [cam] [489159][tshell][bm_ioctl:201]BMIOC_ME_FMT
[05:51:19.379] RX< [6] [cam] [489159][tshell][csc_set_lite_fmt:115]index 13 w 400 h 400 bw 10 wcmp 255
[05:51:19.379] RX< [7] [cam] [4
[05:51:19.379] RX< 89159][tshell][bm_ioctl:201]BMIOC_LITE_FMT
[05:51:19.379] RX< [6] [cam] [489160][tshell][csc_set_lite_fmt:115]index 14 w 400 h 400 bw 10 wcmp 255
[05:51:19.379] RX< [7] [cam] [489160][tshell][bm_ioctl:201]BMIOC_LITE_FMT
[05:51:19.379] RX< [6] [cam] [489161][tshell][csc_init:739]get otp ok! phys_id[1], phys_num
[05:51:19.382] RX< [1]
[05:51:19.382] RX< [6] [cam] [489161][tshell][cam_init:828]init ok! logic_id[0]
[05:51:19.382] RX< [34m[cam init] perf=20920(us)!
[05:51:19.382] RX< [0m[6] [App Cam] cam init success
[05:51:19.382] RX< [7] [cam] [489162][tshell][cam_cpm_core_stream_on:560]id 0 sensor type 1
[05:51:19.382] RX< [6] [cam] [489162][tshell][sensor_stream_on:1024]
[05:51:19.382] RX< sensor [1]: stream_on
[05:51:19.382] RX< [6] [cam] [489163][tshell][sensor_stream_on:1052]sensor [1]: REG: 0x100, W:0x1.
[05:51:19.382] RX< [6] [cam] [489163][tshell][sensor_stream_on:1054]sensor [1]: REG: 0x100, R:0x1.
[05:51:19.382] RX< [6] [cam] [489164][tshell][csc_prv_start:873]ok! phys_id[1], phys_num[1]
[05:51:19.410] RX< , cam_ids[1]
[05:51:19.410] RX< [6] [cam] [489164][tshell][cam_start:938]preview start ok! logic_id[0]
[05:51:19.410] RX< [34m[cam start] perf=2604(us)!
[05:51:19.410] RX< [0m[6] [App Cam] cam start success
[05:51:19.410] RX< [RTMP] connecting rtmp://192.168.1.89/live/cam ...
[05:51:19.410] RX< [7] [cam] [489166][b_3a_sts][bayer_stats_core_irq_p
[05:51:19.450] RX< roc:164]thread start cid,0
[05:51:19.450] RX< [7] [cam] [489166][fe0][fe_core_irq_proc:98]thread start cid,0
[05:51:19.450] RX< [RTMP] connected to 192.168.1.89:1935 (sock=6)
[05:51:19.450] RX< [RTMP] handshake (simple) ok
[05:51:19.450] RX< [RTMP] connect _result ok
[05:51:19.450] RX< [RTMP] createStream -> msid=1
[05:51:19.450] RX< [RTMP] publish ready on rtmp://19
[05:51:19.526] RX< 2.168.1.89:1935/live
[05:51:19.526] RX< [RTMP] config sent (42 bytes)
[05:51:19.526] RX< [RTMP] f_index = 0, f_len = 39
[05:51:19.526] RX< [RTMP] Push Start -> rtmp://192.168.1.89/live/cam
[05:51:19.526] RX< msh /emmc>echo "__EVBTEST_END_b3b2ee70__"
[05:51:19.526] RX< __EVBTEST_END_b3b2ee70__
[05:51:19.526] RX< msh /emmc>[34m[AE] fid=0,exp=10190,adg=107,Y=3818,mtg=1
[05:51:19.782] RX< 00,shg=100,bgbv=3838,iso=107,cnv0,hdr0
[05:51:19.782] RX< [0m[34m[b_ae0 proc] perf=8176(us), max=8176(us)!
[05:51:19.782] RX< [0m[34m[awb0 proc] perf=3946(us), max=3946(us)!
[05:51:19.782] RX< [0m[6] [cam] [489458][me0][cpm_cb_fe2me_tikChk:152]frm_length 88560us, fe2me delta 0
[05:51:19.782] RX< [34m[ME INTP]fid=0, shutter=
[05:51:20.679] RX< 10190, perf=3311(us), max=3311(us)!
[05:51:20.679] RX< [0m[7] [cam] [489802][me0][me_core_thread:359]ME out fid 0
[05:51:20.679] RX< [4] [cam] [489880][qpc0][qpc_core_exception_check:405]discontinuous frame, now: 13, last: 11
[05:51:20.679] RX< [34m[AE] fid=30,exp=14070,adg=300,Y=4097,mtg=180,shg=149,bgbv=945,
[05:51:22.680] RX< iso=300,cnv2,hdr0
[05:51:22.680] RX< [0m[7] [cam] [490802][me0][me_core_thread:359]ME out fid 30
[05:51:22.680] RX< [34m[AE] fid=60,exp=14070,adg=300,Y=4094,mtg=180,shg=149,bgbv=945,iso=300,cnv2,hdr0
[05:51:22.680] RX< [0m[7] [cam] [491802][me0][me_core_thread:359]ME out fid 60
[05:51:23.019] RX< [34m[AE] fid=90,exp=14090,adg=300,Y=4055,mtg=180,shg=149,bgbv=931,iso=300,cnv2,hdr0
[05:51:23.019] RX< [0m[34m[b_ae0 proc] perf=990(us), max=8176(us)!
[05:51:23.019] RX< [0m[34m[awb0 proc] perf=3864(us), max=3965(us)!
[05:51:23.019] RX< [0m[RTMP] f_index = 90, f_len = 9082
[05:51:23.019] RX< [7] [cam] [492802][me0][me_core_
[05:51:23.679] RX< thread:359]ME out fid 90
[05:51:23.679] RX< [34m[awb0 proc] perf=6661(us), max=6661(us)!
[05:51:23.679] RX< [0m[4] [cam] [492879][qpc0][qpc_core_exception_check:405]discontinuous frame, now: 103, last: 101
[05:51:23.679] RX< [34m[AE] fid=120,exp=15050,adg=300,Y=3829,mtg=180,shg=149,bgbv=812,iso=300,cnv2,hdr0
[05:51:25.030] RX< [0m[34m[ME INTP]fid=120, shutter=15050, perf=236(us), max=6302(us)!
[05:51:25.030] RX< [0m[7] [cam] [493802][me0][me_core_thread:359]ME out fid 120
[05:51:25.030] RX< [34m[AE] fid=150,exp=13950,adg=300,Y=4061,mtg=180,shg=149,bgbv=939,iso=300,cnv2,hdr0
[05:51:25.030] RX< [0m[7] [cam] [494802][me0][me_core_th
[05:51:25.683] RX< read:359]ME out fid 150
[05:51:25.683] RX< [4] [cam] [494880][qpc0][qpc_core_exception_check:405]discontinuous frame, now: 163, last: 161
[05:51:25.683] RX< [34m[AE] fid=180,exp=13910,adg=300,Y=4106,mtg=180,shg=149,bgbv=957,iso=300,cnv2,hdr0
[05:51:25.683] RX< [0m[34m[b_ae0 proc] perf=990(us), max=1107(us)!
[05:51:26.678] RX< [0m[34m[awb0 proc] perf=3918(us), max=6661(us)!
[05:51:26.678] RX< [0m[RTMP] f_index = 180, f_len = 19851
[05:51:26.678] RX< [7] [cam] [495801][me0][me_core_thread:359]ME out fid 180
[05:51:26.678] RX< [4] [cam] [495879][qpc0][qpc_core_exception_check:405]discontinuous frame, now: 193, last: 191
[05:51:26.678] RX< [34m[AE] fid
[05:51:27.678] RX< =210,exp=13910,adg=300,Y=4117,mtg=180,shg=149,bgbv=961,iso=300,cnv2,hdr0
[05:51:27.678] RX< [0m[7] [cam] [496801][me0][me_core_thread:359]ME out fid 210
[05:51:27.678] RX< [4] [cam] [496879][qpc0][qpc_core_exception_check:405]discontinuous frame, now: 223, last: 221
[05:51:27.678] RX< [34m[AE] fid=240,exp=1390
[05:51:28.111] RX< 0,adg=300,Y=4136,mtg=180,shg=149,bgbv=966,iso=300,cnv2,hdr0
[05:51:28.111] RX< [0m[34m[ME INTP]fid=240, shutter=13900, perf=6(us), max=8396(us)!
[05:51:28.111] RX< [0m[7] [cam] [497801][me0][me_core_thread:359]ME out fid 240
[05:51:28.111] RX< [4] [cam] [497879][qpc0][qpc_core_exception_check:405]discontinuou
[05:51:29.002] RX< s frame, now: 253, last: 251
[05:51:29.002] RX< [34m[AE] fid=270,exp=13900,adg=300,Y=4134,mtg=180,shg=149,bgbv=966,iso=300,cnv2,hdr0
[05:51:29.002] RX< [0m[34m[b_ae0 proc] perf=1001(us), max=3599(us)!
[05:51:29.002] RX< [0m[34m[awb0 proc] perf=3865(us), max=3929(us)!
[05:51:29.002] RX< [0m[RTMP] f_index = 270, f_len = 17071
[05:51:29.678] RX< 
[05:51:29.678] RX< [7] [cam] [498801][me0][me_core_thread:359]ME out fid 270
[05:51:29.678] RX< [34m[awb0 proc] perf=6254(us), max=6254(us)!
[05:51:29.678] RX< [0m[4] [cam] [498878][qpc0][qpc_core_exception_check:405]discontinuous frame, now: 283, last: 281
[05:51:29.678] RX< [34m[AE] fid=300,exp=13900,adg=300,Y=4128,mtg=180,s
[05:51:31.110] RX< hg=149,bgbv=966,iso=300,cnv2,hdr0
[05:51:31.110] RX< [0m[7] [cam] [499801][me0][me_core_thread:359]ME out fid 300
[05:51:31.110] RX< [34m[AE] fid=330,exp=13900,adg=300,Y=4133,mtg=180,shg=149,bgbv=966,iso=300,cnv2,hdr0
[05:51:31.110] RX< [0m[7] [cam] [500801][me0][me_core_thread:359]ME out fid 330
[05:51:31.110] RX< [4] [cam] [5
[05:51:31.683] RX< 00878][qpc0][qpc_core_exception_check:405]discontinuous frame, now: 343, last: 341
[05:51:31.683] RX< [34m[AE] fid=360,exp=13570,adg=300,Y=4118,mtg=180,shg=149,bgbv=970,iso=300,cnv2,hdr0
[05:51:31.683] RX< [0m[34m[b_ae0 proc] perf=991(us), max=1718(us)!
[05:51:31.683] RX< [0m[34m[awb0 proc] perf=3927(us), 
[05:51:32.111] RX< max=6254(us)!
[05:51:32.111] RX< [0m[34m[ME INTP]fid=360, shutter=13570, perf=253(us), max=2751(us)!
[05:51:32.111] RX< [0m[RTMP] f_index = 360, f_len = 15775
[05:51:32.111] RX< [7] [cam] [501801][me0][me_core_thread:359]ME out fid 360
[05:51:32.111] RX< [4] [cam] [501878][qpc0][qpc_core_exception_check:405]discontinuous frame,
[05:51:33.109] RX<  now: 373, last: 371
[05:51:33.109] RX< [34m[AE] fid=390,exp=13520,adg=300,Y=4167,mtg=180,shg=149,bgbv=997,iso=300,cnv2,hdr0
[05:51:33.109] RX< [0m[7] [cam] [502801][me0][me_core_thread:359]ME out fid 390
[05:51:33.109] RX< [4] [cam] [502877][qpc0][qpc_core_exception_check:405]discontinuous frame, now: 403, la
[05:51:34.681] RX< st: 401
[05:51:34.681] RX< [34m[AE] fid=420,exp=14080,adg=300,Y=4140,mtg=180,shg=149,bgbv=962,iso=300,cnv2,hdr0
[05:51:34.681] RX< [0m[7] [cam] [503800][me0][me_core_thread:359]ME out fid 420
[05:51:34.681] RX< [34m[AE] fid=450,exp=13620,adg=300,Y=4245,mtg=180,shg=149,bgbv=1008,iso=300,cnv2,hdr0
[05:51:34.681] RX< [0m[34m[b_a
[05:51:35.676] RX< e0 proc] perf=977(us), max=1216(us)!
[05:51:35.676] RX< [0m[34m[awb0 proc] perf=3868(us), max=4552(us)!
[05:51:35.676] RX< [0m[RTMP] f_index = 450, f_len = 17065
[05:51:35.676] RX< [7] [cam] [504800][me0][me_core_thread:359]ME out fid 450
[05:51:35.676] RX< [RTMP] slow send frame 451 len=63319 dt=54ms (IDR)
[05:51:35.676] RX< [34m[AE] fid=480,e
[05:51:36.676] RX< xp=13860,adg=300,Y=3954,mtg=180,shg=149,bgbv=921,iso=300,cnv2,hdr0
[05:51:36.676] RX< [0m[34m[ME INTP]fid=480, shutter=13860, perf=237(us), max=3813(us)!
[05:51:36.676] RX< [0m[7] [cam] [505800][me0][me_core_thread:359]ME out fid 480
[05:51:36.676] RX< [34m[AE] fid=510,exp=13970,adg=300,Y=4064,mtg=180,shg=14
[05:51:37.680] RX< 9,bgbv=948,iso=300,cnv2,hdr0
[05:51:37.680] RX< [0m[7] [cam] [506800][me0][me_core_thread:359]ME out fid 510
[05:51:37.680] RX< [34m[awb0 proc] perf=6422(us), max=6422(us)!
[05:51:37.680] RX< [0m[4] [cam] [506877][qpc0][qpc_core_exception_check:405]discontinuous frame, now: 523, last: 521
[05:51:37.680] RX< [34m[AE] fid=540,ex
[05:51:38.016] RX< p=13730,adg=300,Y=4118,mtg=180,shg=149,bgbv=972,iso=300,cnv2,hdr0
[05:51:38.016] RX< [0m[34m[b_ae0 proc] perf=1001(us), max=1107(us)!
[05:51:38.016] RX< [0m[34m[awb0 proc] perf=3772(us), max=6422(us)!
[05:51:38.016] RX< [0m[RTMP] f_index = 540, f_len = 15495
[05:51:38.016] RX< [7] [cam] [507800][me0][me_core_thread:359]ME ou
[05:51:39.028] RX< t fid 540
[05:51:39.028] RX< [34m[awb0 proc] perf=6653(us), max=6653(us)!
[05:51:39.028] RX< [0m[4] [cam] [507877][qpc0][qpc_core_exception_check:405]discontinuous frame, now: 553, last: 551
[05:51:39.028] RX< [34m[AE] fid=570,exp=15150,adg=300,Y=4024,mtg=180,shg=149,bgbv=872,iso=300,cnv2,hdr0
[05:51:39.028] RX< [0m[7] [cam] [
[05:51:40.016] RX< 508800][me0][me_core_thread:359]ME out fid 570
[05:51:40.016] RX< [34m[AE] fid=600,exp=14120,adg=300,Y=4097,mtg=180,shg=149,bgbv=942,iso=300,cnv2,hdr0
[05:51:40.016] RX< [0m[34m[ME INTP]fid=600, shutter=14120, perf=6(us), max=6771(us)!
[05:51:40.016] RX< [0m[7] [cam] [509800][me0][me_core_thread:359]ME out f
[05:51:41.016] RX< id 600
[05:51:41.016] RX< [34m[AE] fid=630,exp=14010,adg=300,Y=4123,mtg=180,shg=149,bgbv=953,iso=300,cnv2,hdr0
[05:51:41.016] RX< [0m[34m[b_ae0 proc] perf=961(us), max=4293(us)!
[05:51:41.016] RX< [0m[34m[awb0 proc] perf=3893(us), max=6653(us)!
[05:51:41.016] RX< [0m[RTMP] f_index = 630, f_len = 16056
[05:51:41.016] RX< [7] [cam] [510799][me0
[05:51:42.030] RX< ][me_core_thread:359]ME out fid 630
[05:51:42.030] RX< [4] [cam] [510877][qpc0][qpc_core_exception_check:405]discontinuous frame, now: 643, last: 641
[05:51:42.030] RX< [34m[AE] fid=660,exp=14010,adg=300,Y=4113,mtg=180,shg=149,bgbv=954,iso=300,cnv2,hdr0
[05:51:42.030] RX< [0m[7] [cam] [511799][me0][me_core_thr
[05:51:43.027] RX< ead:359]ME out fid 660
[05:51:43.027] RX< [4] [cam] [511877][qpc0][qpc_core_exception_check:405]discontinuous frame, now: 673, last: 671
[05:51:43.027] RX< [34m[AE] fid=690,exp=14010,adg=300,Y=4122,mtg=180,shg=149,bgbv=954,iso=300,cnv2,hdr0
[05:51:43.027] RX< [0m[7] [cam] [512799][me0][me_core_thread:359]ME ou
[05:51:43.681] RX< t fid 690
[05:51:43.681] RX< [4] [cam] [512876][qpc0][qpc_core_exception_check:405]discontinuous frame, now: 703, last: 701
[05:51:43.681] RX< [34m[AE] fid=720,exp=13750,adg=300,Y=4153,mtg=180,shg=149,bgbv=979,iso=300,cnv2,hdr0
[05:51:43.681] RX< [0m[34m[b_ae0 proc] perf=988(us), max=1944(us)!
[05:51:43.681] RX< [0m[34m[awb0
[05:51:44.107] RX<  proc] perf=3816(us), max=5730(us)!
[05:51:44.107] RX< [0m[34m[ME INTP]fid=720, shutter=13750, perf=237(us), max=10029(us)!
[05:51:44.107] RX< [0m[RTMP] f_index = 720, f_len = 15089
[05:51:44.107] RX< [7] [cam] [513799][me0][me_core_thread:359]ME out fid 720
[05:51:44.107] RX< [4] [cam] [513876][qpc0][qpc_core_exception_check:4
[05:51:45.673] RX< 05]discontinuous frame, now: 733, last: 731
[05:51:45.673] RX< [34m[AE] fid=750,exp=13820,adg=300,Y=4105,mtg=180,shg=150,bgbv=960,iso=300,cnv2,hdr0
[05:51:45.673] RX< [0m[7] [cam] [514799][me0][me_core_thread:359]ME out fid 750
[05:51:45.673] RX< [34m[AE] fid=780,exp=13830,adg=300,Y=4089,mtg=180,shg=150,bgbv=
[05:51:46.678] RX< 956,iso=300,cnv2,hdr0
[05:51:46.678] RX< [0m[7] [cam] [515799][me0][me_core_thread:359]ME out fid 780
[05:51:46.678] RX< [34m[AE] fid=810,exp=13910,adg=300,Y=4122,mtg=180,shg=149,bgbv=961,iso=300,cnv2,hdr0
[05:51:46.678] RX< [0m[34m[b_ae0 proc] perf=1001(us), max=3737(us)!
[05:51:46.678] RX< [0m[34m[awb0 proc] perf=3878(us)
[05:51:47.674] RX< , max=4629(us)!
[05:51:47.674] RX< [0m[RTMP] f_index = 810, f_len = 17054
[05:51:47.674] RX< [7] [cam] [516799][me0][me_core_thread:359]ME out fid 810
[05:51:47.674] RX< [4] [cam] [516876][qpc0][qpc_core_exception_check:405]discontinuous frame, now: 823, last: 821
[05:51:47.674] RX< [34m[AE] fid=840,exp=13900,adg=300,Y=4130,mtg=
[05:51:48.382] RX< 180,shg=149,bgbv=966,iso=300,cnv2,hdr0
[05:51:48.382] RX< [0m[34m[ME INTP]fid=840, shutter=13900, perf=6(us), max=8145(us)!
[05:51:48.382] RX< [0m[7] [cam] [517798][me0][me_core_thread:359]ME out fid 840
[05:51:48.382] RX< [RTMP] slow send frame 841 len=88505 dt=72ms (IDR)
[05:51:48.382] RX< [RTMP] slow send frame 849 len=13840
[05:51:49.678] RX<  dt=96ms
[05:51:49.678] RX< [RTMP] slow send frame 852 len=14759 dt=67ms
[05:51:49.678] RX< [34m[AE] fid=870,exp=13850,adg=300,Y=4133,mtg=180,shg=150,bgbv=967,iso=300,cnv2,hdr0
[05:51:49.678] RX< [0m[7] [cam] [518798][me0][me_core_thread:359]ME out fid 870
[05:51:49.678] RX< [34m[AE] fid=900,exp=13870,adg=300,Y=4109,mtg=180,shg
[05:51:50.107] RX< =150,bgbv=958,iso=300,cnv2,hdr0
[05:51:50.107] RX< [0m[34m[b_ae0 proc] perf=922(us), max=1178(us)!
[05:51:50.107] RX< [0m[34m[awb0 proc] perf=3841(us), max=5085(us)!
[05:51:50.107] RX< [0m[RTMP] f_index = 900, f_len = 15695
[05:51:50.107] RX< [7] [cam] [519798][me0][me_core_thread:359]ME out fid 900
[05:51:50.107] RX< [4] [cam] [519877][qpc0][
[05:51:51.089] RX< qpc_core_exception_check:405]discontinuous frame, now: 913, last: 911
[05:51:51.089] RX< [34m[AE] fid=930,exp=13860,adg=300,Y=4123,mtg=180,shg=150,bgbv=962,iso=300,cnv2,hdr0
[05:51:51.089] RX< [0m[7] [cam] [520798][me0][me_core_thread:359]ME out fid 930
[05:51:51.089] RX< [RTMP] slow send frame 931 len=97263 d
[05:51:52.075] RX< t=69ms (IDR)
[05:51:52.075] RX< [34m[AE] fid=960,exp=13840,adg=300,Y=4158,mtg=180,shg=149,bgbv=975,iso=300,cnv2,hdr0
[05:51:52.075] RX< [0m[34m[ME INTP]fid=960, shutter=13840, perf=6(us), max=10581(us)!
[05:51:52.075] RX< [0m[7] [cam] [521798][me0][me_core_thread:359]ME out fid 960
[05:51:52.075] RX< [4] [cam] [521845][qpc0][q
[05:51:52.677] RX< pc_core_exception_check:411]interp not finish in sof, fid: 971
[05:51:52.677] RX< [4] [cam] [521875][qpc0][qpc_core_exception_check:405]discontinuous frame, now: 973, last: 971
[05:51:52.677] RX< [34m[AE] fid=990,exp=13820,adg=300,Y=4112,mtg=180,shg=150,bgbv=960,iso=300,cnv2,hdr0
[05:51:52.677] RX< [0m[34m[b_
[05:51:53.074] RX< ae0 proc] perf=918(us), max=1776(us)!
[05:51:53.074] RX< [0m[34m[awb0 proc] perf=3823(us), max=4225(us)!
[05:51:53.074] RX< [0m[RTMP] f_index = 990, f_len = 17373
[05:51:53.074] RX< [7] [cam] [522798][me0][me_core_thread:359]ME out fid 990
[05:51:53.074] RX< [4] [cam] [522843][qpc0][qpc_core_exception_check:411]interp not fini
[05:51:54.026] RX< sh in sof, fid: 1001
[05:51:54.026] RX< [4] [cam] [522875][qpc0][qpc_core_exception_check:405]discontinuous frame, now: 1003, last: 1001
[05:51:54.026] RX< [34m[AE] fid=1020,exp=13810,adg=300,Y=4125,mtg=180,shg=150,bgbv=969,iso=300,cnv2,hdr0
[05:51:54.026] RX< [0m[7] [cam] [523798][me0][me_core_thread:359]ME o
[05:51:55.105] RX< ut fid 1020
[05:51:55.105] RX< [34m[AE] fid=1050,exp=13820,adg=300,Y=4124,mtg=180,shg=150,bgbv=964,iso=300,cnv2,hdr0
[05:51:55.105] RX< [0m[7] [cam] [524798][me0][me_core_thread:359]ME out fid 1050
[05:51:55.105] RX< [34m[awb0 proc] perf=6780(us), max=6780(us)!
[05:51:55.105] RX< [0m[4] [cam] [524875][qpc0][qpc_core_exception_
[05:51:55.771] RX< check:405]discontinuous frame, now: 1063, last: 1061
[05:51:55.771] RX< [34m[AE] fid=1080,exp=13810,adg=300,Y=4125,mtg=180,shg=150,bgbv=969,iso=300,cnv2,hdr0
[05:51:55.771] RX< [0m[34m[b_ae0 proc] perf=999(us), max=3453(us)!
[05:51:55.771] RX< [0m[34m[awb0 proc] perf=3821(us), max=6780(us)!
[05:51:55.771] RX< [0m[34m[ME IN
[05:51:56.672] RX< TP]fid=1080, shutter=13810, perf=233(us), max=28324(us)!
[05:51:56.672] RX< [0m[RTMP] f_index = 1080, f_len = 15231
[05:51:56.672] RX< [7] [cam] [525797][me0][me_core_thread:359]ME out fid 1080
[05:51:56.672] RX< [4] [cam] [525875][qpc0][qpc_core_exception_check:405]discontinuous frame, now: 1093, last: 1091
[05:51:56.672] RX< [
[05:51:58.024] RX< 34m[AE] fid=1110,exp=13820,adg=300,Y=4118,mtg=180,shg=150,bgbv=964,iso=300,cnv2,hdr0
[05:51:58.024] RX< [0m[7] [cam] [526797][me0][me_core_thread:359]ME out fid 1110
[05:51:58.024] RX< [34m[AE] fid=1140,exp=13810,adg=300,Y=4130,mtg=180,shg=150,bgbv=969,iso=300,cnv2,hdr0
[05:51:58.024] RX< [0m[7] [cam] [527797
[05:51:58.676] RX< ][me0][me_core_thread:359]ME out fid 1140
[05:51:58.676] RX< [34m[awb0 proc] perf=7825(us), max=7825(us)!
[05:51:58.676] RX< [0m[4] [cam] [527875][qpc0][qpc_core_exception_check:405]discontinuous frame, now: 1153, last: 1151
[05:51:58.676] RX< [34m[AE] fid=1170,exp=13820,adg=300,Y=4122,mtg=180,shg=150,bgbv=96
[05:51:59.105] RX< 4,iso=300,cnv2,hdr0
[05:51:59.105] RX< [0m[34m[b_ae0 proc] perf=1120(us), max=4147(us)!
[05:51:59.105] RX< [0m[34m[awb0 proc] perf=3844(us), max=7825(us)!
[05:51:59.105] RX< [0m[RTMP] f_index = 1170, f_len = 15022
[05:51:59.105] RX< [7] [cam] [528797][me0][me_core_thread:359]ME out fid 1170
[05:51:59.105] RX< [4] [cam] [528875][qpc0][qpc_core_
[05:52:00.011] RX< exception_check:405]discontinuous frame, now: 1183, last: 1181
[05:52:00.011] RX< [34m[AE] fid=1200,exp=13820,adg=300,Y=4122,mtg=180,shg=150,bgbv=964,iso=300,cnv2,hdr0
[05:52:00.011] RX< [0m[34m[ME INTP]fid=1200, shutter=13820, perf=6(us), max=4997(us)!
[05:52:00.011] RX< [0m[7] [cam] [529797][me0][me_core_t
[05:52:01.676] RX< hread:359]ME out fid 1200
[05:52:01.676] RX< [34m[AE] fid=1230,exp=13800,adg=300,Y=4139,mtg=180,shg=150,bgbv=973,iso=300,cnv2,hdr0
[05:52:01.676] RX< [0m[7] [cam] [530797][me0][me_core_thread:359]ME out fid 1230
[05:52:01.676] RX< [RTMP] slow send frame 1232 len=29341 dt=58ms
[05:52:01.676] RX< [34m[AE] fid=1260,exp=13800,adg=3
[05:52:02.104] RX< 00,Y=4149,mtg=180,shg=150,bgbv=973,iso=300,cnv2,hdr0
[05:52:02.104] RX< [0m[34m[b_ae0 proc] perf=1002(us), max=5519(us)!
[05:52:02.104] RX< [0m[34m[awb0 proc] perf=3843(us), max=4240(us)!
[05:52:02.104] RX< [0m[RTMP] f_index = 1260, f_len = 17166
[05:52:02.104] RX< [7] [cam] [531797][me0][me_core_thread:359]ME out fid 1260
[05:52:02.104] RX< [
[05:52:03.103] RX< 4] [cam] [531874][qpc0][qpc_core_exception_check:405]discontinuous frame, now: 1273, last: 1271
[05:52:03.103] RX< [34m[AE] fid=1290,exp=13800,adg=300,Y=4139,mtg=180,shg=150,bgbv=973,iso=300,cnv2,hdr0
[05:52:03.103] RX< [0m[7] [cam] [532796][me0][me_core_thread:359]ME out fid 1290
[05:52:03.103] RX< [4] [cam] 
[05:52:04.014] RX< [532874][qpc0][qpc_core_exception_check:405]discontinuous frame, now: 1303, last: 1301
[05:52:04.014] RX< [34m[AE] fid=1320,exp=13830,adg=300,Y=4089,mtg=180,shg=150,bgbv=956,iso=300,cnv2,hdr0
[05:52:04.014] RX< [0m[34m[ME INTP]fid=1320, shutter=13830, perf=3112(us), max=3112(us)!
[05:52:04.014] RX< [0m[7] [c
[05:52:04.674] RX< am] [533796][me0][me_core_thread:359]ME out fid 1320
[05:52:04.674] RX< [4] [cam] [533874][qpc0][qpc_core_exception_check:405]discontinuous frame, now: 1333, last: 1331
[05:52:04.674] RX< [34m[AE] fid=1350,exp=14090,adg=300,Y=4134,mtg=180,shg=149,bgbv=955,iso=300,cnv2,hdr0
[05:52:04.674] RX< [0m[34m[b_ae0 pro
[05:52:05.102] RX< c] perf=1004(us), max=1358(us)!
[05:52:05.102] RX< [0m[34m[awb0 proc] perf=3862(us), max=5944(us)!
[05:52:05.102] RX< [0m[RTMP] f_index = 1350, f_len = 15472
[05:52:05.102] RX< [7] [cam] [534796][me0][me_core_thread:359]ME out fid 1350
[05:52:05.102] RX< [34m[awb0 proc] perf=6155(us), max=6155(us)!
[05:52:05.102] RX< [0m[4] [cam] [534873][qpc0
[05:52:06.103] RX< ][qpc_core_exception_check:405]discontinuous frame, now: 1363, last: 1361
[05:52:06.103] RX< [34m[AE] fid=1380,exp=14060,adg=300,Y=4103,mtg=180,shg=149,bgbv=949,iso=300,cnv2,hdr0
[05:52:06.103] RX< [0m[7] [cam] [535796][me0][me_core_thread:359]ME out fid 1380
[05:52:06.103] RX< [4] [cam] [535874][qpc0][qpc_cor
[05:52:07.674] RX< e_exception_check:405]discontinuous frame, now: 1393, last: 1391
[05:52:07.674] RX< [34m[AE] fid=1410,exp=14080,adg=300,Y=4082,mtg=180,shg=149,bgbv=940,iso=300,cnv2,hdr0
[05:52:07.674] RX< [0m[7] [cam] [536796][me0][me_core_thread:359]ME out fid 1410
[05:52:07.674] RX< [34m[AE] fid=1440,exp=14050,adg=300,Y=41
[05:52:07.996] RX< 16,mtg=180,shg=149,bgbv=953,iso=300,cnv2,hdr0
[05:52:07.996] RX< [0m[34m[b_ae0 proc] perf=1001(us), max=3032(us)!
[05:52:07.996] RX< [0m[34m[awb0 proc] perf=3823(us), max=6155(us)!
[05:52:07.996] RX< [0m[34m[ME INTP]fid=1440, shutter=14050, perf=1868(us), max=8563(us)!
[05:52:07.996] RX< [0m[RTMP] f_index = 1440, f_len = 1
[05:52:08.669] RX< 4903
[05:52:08.669] RX< [7] [cam] [537796][me0][me_core_thread:359]ME out fid 1440
[05:52:08.669] RX< [RTMP] slow send frame 1441 len=84852 dt=68ms (IDR)
[05:52:08.669] RX< [RTMP] slow send frame 1444 len=13046 dt=62ms
[05:52:08.669] RX< [RTMP] slow send frame 1445 len=13342 dt=82ms
[05:52:08.669] RX< [34m[AE] fid=1470,exp=13900,adg=300,Y=4140,mtg=
[05:52:09.669] RX< 180,shg=149,bgbv=965,iso=300,cnv2,hdr0
[05:52:09.669] RX< [0m[7] [cam] [538796][me0][me_core_thread:359]ME out fid 1470
[05:52:09.669] RX< [4] [cam] [538873][qpc0][qpc_core_exception_check:405]discontinuous frame, now: 1483, last: 1481
[05:52:09.669] RX< [34m[AE] fid=1500,exp=13920,adg=300,Y=4090,mtg=180,shg=1
[05:52:10.673] RX< 49,bgbv=953,iso=300,cnv2,hdr0
[05:52:10.673] RX< [0m[7] [cam] [539795][me0][me_core_thread:359]ME out fid 1500
[05:52:10.673] RX< [RTMP] slow send frame 1501 len=86071 dt=484ms (IDR)
[05:52:10.673] RX< [34m[AE] fid=1530,exp=13920,adg=300,Y=4098,mtg=180,shg=149,bgbv=953,iso=300,cnv2,hdr0
[05:52:10.673] RX< [0m[34m[b_ae0 proc] p
[05:52:11.010] RX< erf=1066(us), max=2243(us)!
[05:52:11.010] RX< [0m[34m[awb0 proc] perf=4136(us), max=4342(us)!
[05:52:11.010] RX< [0m[RTMP] slow send frame 1509 len=22705 dt=61ms
[05:52:11.010] RX< [RTMP] slow send frame 1510 len=16489 dt=67ms
[05:52:11.010] RX< [RTMP] slow send frame 1511 len=12902 dt=70ms
[05:52:11.010] RX< [7] [cam] [540795][me0][me_core_thr
[05:52:11.562] RX< ead:359]ME out fid 1530
[05:52:11.562] RX< [RTMP] slow send frame 1514 len=12661 dt=107ms
[05:52:11.562] RX< [RTMP] slow send frame 1522 len=26788 dt=64ms
[05:52:11.562] RX< [RTMP] slow send frame 1524 len=26803 dt=84ms
[05:52:11.562] RX< [RTMP] slow send frame 1530 len=17896 dt=55ms
[05:52:11.562] RX< [RTMP] f_index = 1530, f_len = 17896
[05:52:11.562] RX< [RTMP] sl
[05:52:12.010] RX< ow send frame 1531 len=85182 dt=163ms (IDR)
[05:52:12.010] RX< [34m[AE] fid=1560,exp=13920,adg=300,Y=4090,mtg=180,shg=149,bgbv=953,iso=300,cnv2,hdr0
[05:52:12.010] RX< [0m[34m[ME INTP]fid=1560, shutter=13920, perf=7(us), max=1868(us)!
[05:52:12.010] RX< [0m[RTMP] slow send frame 1548 len=25641 dt=84ms
[05:52:12.010] RX< [7] [c
[05:52:12.587] RX< am] [541795][me0][me_core_thread:359]ME out fid 1560
[05:52:12.587] RX< [RTMP] slow send frame 1549 len=7537 dt=110ms
[05:52:12.587] RX< [RTMP] slow send frame 1550 len=17822 dt=157ms
[05:52:12.587] RX< [RTMP] slow send frame 1554 len=17077 dt=90ms
[05:52:12.587] RX< [RTMP] slow send frame 1555 len=11180 dt=118ms
[05:52:12.587] RX< [RTMP] slow send 
[05:52:12.972] RX< frame 1557 len=10643 dt=72ms
[05:52:12.972] RX< [34m[AE] fid=1590,exp=13910,adg=300,Y=4102,mtg=180,shg=149,bgbv=957,iso=300,cnv2,hdr0
[05:52:12.972] RX< [0m[RTMP] slow send frame 1561 len=86089 dt=140ms (IDR)
[05:52:12.972] RX< [RTMP] slow send frame 1563 len=15329 dt=59ms
[05:52:12.972] RX< [RTMP] slow send frame 1564 len=14047
[05:52:13.673] RX<  dt=121ms
[05:52:13.673] RX< [7] [cam] [542795][me0][me_core_thread:359]ME out fid 1590
[05:52:13.673] RX< [RTMP] slow send frame 1569 len=14618 dt=66ms
[05:52:13.673] RX< [34m[AE] fid=1620,exp=13910,adg=300,Y=4101,mtg=180,shg=149,bgbv=957,iso=300,cnv2,hdr0
[05:52:13.673] RX< [0m[34m[b_ae0 proc] perf=1101(us), max=1533(us)!
[05:52:13.673] RX< [
[05:52:14.152] RX< 0m[34m[awb0 proc] perf=4153(us), max=4777(us)!
[05:52:14.152] RX< [0m[RTMP] slow send frame 1577 len=26815 dt=423ms
[05:52:14.152] RX< [RTMP] slow send frame 1583 len=13262 dt=232ms
[05:52:14.152] RX< [7] [cam] [543795][me0][me_core_thread:359]ME out fid 1620
[05:52:14.152] RX< [RTMP] slow send frame 1584 len=14188 dt=57ms
[05:52:14.152] RX< [RTMP
[05:52:15.020] RX< ] slow send frame 1585 len=12633 dt=82ms
[05:52:15.020] RX< [RTMP] slow send frame 1587 len=11441 dt=120ms
[05:52:15.020] RX< [34m[AE] fid=1650,exp=13920,adg=300,Y=4097,mtg=180,shg=149,bgbv=953,iso=300,cnv2,hdr0
[05:52:15.020] RX< [0m[RTMP] slow send frame 1591 len=84880 dt=317ms (IDR)
[05:52:15.020] RX< [7] [cam] [544795][me0][
[05:52:15.668] RX< me_core_thread:359]ME out fid 1650
[05:52:15.668] RX< [RTMP] slow send frame 1609 len=10327 dt=88ms
[05:52:15.668] RX< [RTMP] f_index = 1620, f_len = 19564
[05:52:15.668] RX< [RTMP] slow send frame 1621 len=82820 dt=239ms (IDR)
[05:52:15.668] RX< [RTMP] slow send frame 1622 len=9414 dt=73ms
[05:52:15.668] RX< [34m[AE] fid=1680,exp=13910,adg=300,Y=4
[05:52:16.104] RX< 105,mtg=180,shg=149,bgbv=957,iso=300,cnv2,hdr0
[05:52:16.104] RX< [0m[RTMP] slow send frame 1624 len=8642 dt=79ms
[05:52:16.104] RX< [34m[ME INTP]fid=1680, shutter=13910, perf=6(us), max=11778(us)!
[05:52:16.104] RX< [0m[7] [cam] [545795][me0][me_core_thread:359]ME out fid 1680
[05:52:16.104] RX< [RTMP] slow send frame 1637 len
[05:52:16.674] RX< =14405 dt=95ms
[05:52:16.674] RX< [4] [cam] [545939][qpc0][qpc_core_exception_check:405]discontinuous frame, now: 1695, last: 1693
[05:52:16.674] RX< [RTMP] slow send frame 1643 len=9977 dt=82ms
[05:52:16.674] RX< [RTMP] slow send frame 1651 len=85892 dt=100ms (IDR)
[05:52:16.674] RX< [34m[AE] fid=1710,exp=13910,adg=300,Y=4103,mt
[05:52:17.090] RX< g=180,shg=149,bgbv=957,iso=300,cnv2,hdr0
[05:52:17.090] RX< [0m[34m[b_ae0 proc] perf=1102(us), max=1516(us)!
[05:52:17.090] RX< [0m[34m[awb0 proc] perf=4552(us), max=4709(us)!
[05:52:17.090] RX< [0m[7] [cam] [546796][me0][me_core_thread:359]ME out fid 1710
[05:52:17.090] RX< [RTMP] slow send frame 1681 len=79237 dt=282ms (ID
[05:52:17.480] RX< R)
[05:52:17.480] RX< [4] [cam] [547073][qpc0][qpc_core_exception_check:405]discontinuous frame, now: 1729, last: 1727
[05:52:17.480] RX< [4] [cam] [547171][qpc0][qpc_core_exception_check:405]discontinuous frame, now: 1732, last: 1730
[05:52:17.480] RX< [RTMP] slow send frame 1702 len=29173 dt=53ms
[05:52:17.480] RX< [RTMP] slow s
[05:52:17.916] RX< end frame 1703 len=14873 dt=54ms
[05:52:17.916] RX< [RTMP] slow send frame 1708 len=30222 dt=55ms
[05:52:17.916] RX< [RTMP] f_index = 1710, f_len = 12139
[05:52:17.916] RX< [34m[AE] fid=1740,exp=13930,adg=300,Y=4078,mtg=180,shg=149,bgbv=948,iso=300,cnv2,hdr0
[05:52:17.916] RX< [0m[RTMP] slow send frame 1711 len=79605 dt=251ms (I
[05:52:18.636] RX< DR)
[05:52:18.636] RX< [7] [cam] [547794][me0][me_core_thread:359]ME out fid 1740
[05:52:18.636] RX< [RTMP] slow send frame 1715 len=9882 dt=62ms
[05:52:18.636] RX< [RTMP] slow send frame 1720 len=13422 dt=55ms
[05:52:18.636] RX< [RTMP] slow send frame 1724 len=11102 dt=116ms
[05:52:18.636] RX< [RTMP] slow send frame 1728 len=18701 dt=59ms
[05:52:18.636] RX< [RTMP] sl
[05:52:18.955] RX< ow send frame 1732 len=18317 dt=89ms
[05:52:18.955] RX< [34m[AE] fid=1770,exp=13930,adg=300,Y=4084,mtg=180,shg=149,bgbv=948,iso=300,cnv2,hdr0
[05:52:18.955] RX< [0m[RTMP] slow send frame 1734 len=17452 dt=58ms
[05:52:18.955] RX< [RTMP] slow send frame 1738 len=26017 dt=125ms
[05:52:18.955] RX< [RTMP] slow send frame 1739 len=775
[05:52:19.548] RX< 9 dt=73ms
[05:52:19.548] RX< [7] [cam] [548794][me0][me_core_thread:359]ME out fid 1770
[05:52:19.548] RX< [RTMP] slow send frame 1741 len=86349 dt=87ms (IDR)
[05:52:19.548] RX< [RTMP] slow send frame 1748 len=19241 dt=77ms
[05:52:19.548] RX< [RTMP] slow send frame 1751 len=17527 dt=79ms
[05:52:19.548] RX< [RTMP] slow send frame 1756 len=11296 dt=58
[05:52:19.767] RX< ms
[05:52:19.767] RX< [RTMP] slow send frame 1759 len=25334 dt=95ms
[05:52:19.767] RX< [34m[AE] fid=1800,exp=13920,adg=300,Y=4094,mtg=180,shg=149,bgbv=953,iso=300,cnv2,hdr0
[05:52:19.767] RX< [0m[34m[b_ae0 proc] perf=1334(us), max=1813(us)!
[05:52:19.767] RX< [0m[34m[awb0 proc] perf=3742(us), max=4617(us)!
[05:52:19.767] RX< [0m[34m[ME INTP]
[05:52:20.232] RX< fid=1800, shutter=13920, perf=6(us), max=1465(us)!
[05:52:20.232] RX< [0m[RTMP] slow send frame 1761 len=25054 dt=100ms
[05:52:20.232] RX< [RTMP] slow send frame 1763 len=17208 dt=184ms
[05:52:20.232] RX< [7] [cam] [549794][me0][me_core_thread:359]ME out fid 1800
[05:52:20.232] RX< [RTMP] slow send frame 1769 len=17755 dt=87ms
[05:52:20.232] RX< [4
[05:52:20.539] RX< ] [cam] [550004][qpc0][qpc_core_exception_check:405]discontinuous frame, now: 1817, last: 1815
[05:52:20.539] RX< [RTMP] slow send frame 1776 len=17896 dt=53ms
[05:52:20.539] RX< [RTMP] slow send frame 1778 len=19364 dt=146ms
[05:52:20.539] RX< [4] [cam] [550311][qpc0][qpc_core_exception_check:411]interp not fin
[05:52:20.726] RX< ish in sof, fid: 1825
[05:52:20.726] RX< [34m[AE] fid=1830,exp=13910,adg=300,Y=4106,mtg=180,shg=149,bgbv=957,iso=300,cnv2,hdr0
[05:52:20.726] RX< [0m[4] [cam] [550438][qpc0][qpc_core_exception_check:405]discontinuous frame, now: 1830, last: 1826
[05:52:20.726] RX< [RTMP] slow send frame 1799 len=8103 dt=53ms
[05:52:21.027] RX< [RTMP] f_index = 1800, f_len = 17187
[05:52:21.027] RX< [RTMP] slow send frame 1801 len=85718 dt=111ms (IDR)
[05:52:21.027] RX< [4] [cam] [550675][qpc0][qpc_core_exception_check:405]discontinuous frame, now: 1837, last: 1835
[05:52:21.027] RX< [7] [cam] [550794][me0][me_core_thread:359]ME out fid 1830
[05:52:21.027] RX< [RTMP] slo
[05:52:21.347] RX< w send frame 1811 len=18697 dt=69ms
[05:52:21.347] RX< [4] [cam] [550984][qpc0][qpc_core_exception_check:411]interp not finish in sof, fid: 1845
[05:52:21.347] RX< [4] [cam] [551038][qpc0][qpc_core_exception_check:405]discontinuous frame, now: 1848, last: 1846
[05:52:21.347] RX< [RTMP] slow send frame 1831 len=6
[05:52:21.942] RX< 8860 dt=111ms (IDR)
[05:52:21.942] RX< [RTMP] slow send frame 1834 len=20940 dt=76ms
[05:52:21.942] RX< [RTMP] slow send frame 1836 len=15290 dt=64ms
[05:52:21.942] RX< [34m[AE] fid=1860,exp=13900,adg=300,Y=4126,mtg=180,shg=149,bgbv=966,iso=300,cnv2,hdr0
[05:52:21.942] RX< [0m[RTMP] slow send frame 1838 len=19506 dt=92ms
[05:52:21.942] RX< [4] [ca
[05:52:21.999] RX< m] [551715][qpc0][qpc_core_exception_check:411]interp not finish in sof, fid: 1866
[05:52:21.999] RX< [4] [cam] [551740][qpc0][qpc_core_exception_check:405]discontinuous frame, now: 1868, last: 1866
[05:52:21.999] RX< [4] [cam] [551771][qpc0][qpc_core_exception_check:405]discontinuous frame, n
[05:52:22.672] RX< ow: 1870, last: 1868
[05:52:22.672] RX< [7] [cam] [551794][me0][me_core_thread:359]ME out fid 1860
[05:52:22.672] RX< [4] [cam] [551872][qpc0][qpc_core_exception_check:405]discontinuous frame, now: 1873, last: 1871
[05:52:22.672] RX< [34m[AE] fid=1890,exp=13910,adg=300,Y=4104,mtg=180,shg=149,bgbv=957,iso=300,cn
[05:52:23.098] RX< v2,hdr0
[05:52:23.098] RX< [0m[34m[b_ae0 proc] perf=985(us), max=3078(us)!
[05:52:23.098] RX< [0m[34m[awb0 proc] perf=3841(us), max=5188(us)!
[05:52:23.098] RX< [0m[RTMP] f_index = 1890, f_len = 17689
[05:52:23.098] RX< [7] [cam] [552794][me0][me_core_thread:359]ME out fid 1890
[05:52:23.098] RX< [4] [cam] [552870][qpc0][qpc_core_exception_che
[05:52:24.022] RX< ck:405]discontinuous frame, now: 1903, last: 1901
[05:52:24.022] RX< [34m[AE] fid=1920,exp=13910,adg=300,Y=4108,mtg=180,shg=149,bgbv=957,iso=300,cnv2,hdr0
[05:52:24.022] RX< [0m[34m[ME INTP]fid=1920, shutter=13910, perf=6(us), max=44529(us)!
[05:52:24.022] RX< [0m[7] [cam] [553794][me0][me_core_thread:359]ME
[05:52:24.666] RX<  out fid 1920
[05:52:24.666] RX< [RTMP] slow send frame 1921 len=86678 dt=139ms (IDR)
[05:52:24.666] RX< [RTMP] slow send frame 1925 len=17220 dt=78ms
[05:52:24.666] RX< [RTMP] slow send frame 1927 len=17512 dt=57ms
[05:52:24.666] RX< [RTMP] slow send frame 1928 len=10783 dt=81ms
[05:52:24.666] RX< [34m[AE] fid=1950,exp=13990,adg=300,Y=4059,mtg=180
[05:52:25.034] RX< ,shg=149,bgbv=939,iso=300,cnv2,hdr0
[05:52:25.034] RX< [0m[RTMP] slow send frame 1938 len=11923 dt=86ms
[05:52:25.034] RX< [RTMP] slow send frame 1939 len=11384 dt=66ms
[05:52:25.034] RX< [RTMP] slow send frame 1942 len=11206 dt=81ms
[05:52:25.034] RX< [RTMP] slow send frame 1946 len=17573 dt=77ms
[05:52:25.034] RX< [7] [cam] [554811][me0][me_core_
[05:52:25.672] RX< thread:359]ME out fid 1950
[05:52:25.672] RX< [RTMP] slow send frame 1950 len=21121 dt=127ms
[05:52:25.672] RX< [RTMP] slow send frame 1951 len=86414 dt=238ms (IDR)
[05:52:25.672] RX< [4] [cam] [555362][qpc0][qpc_core_exception_check:411]interp not finish in sof, fid: 1976
[05:52:25.672] RX< [34m[AE] fid=1980,exp=14110,adg=300,Y=
[05:52:25.784] RX< 4136,mtg=180,shg=149,bgbv=949,iso=300,cnv2,hdr0
[05:52:25.784] RX< [0m[34m[b_ae0 proc] perf=1040(us), max=2014(us)!
[05:52:25.784] RX< [0m[4] [cam] [555438][qpc0][qpc_core_exception_check:405]discontinuous frame, now: 1980, last: 1977
[05:52:25.784] RX< [34m[awb0 proc] perf=4165(us), max=5035(us)!
[05:52:25.784] RX< [0m[RTMP
[05:52:26.136] RX< ] slow send frame 1971 len=20240 dt=100ms
[05:52:26.136] RX< [RTMP] slow send frame 1972 len=11673 dt=110ms
[05:52:26.136] RX< [7] [cam] [555793][me0][me_core_thread:359]ME out fid 1980
[05:52:26.136] RX< [RTMP] slow send frame 1974 len=9050 dt=76ms
[05:52:26.136] RX< [RTMP] slow send frame 1976 len=11755 dt=70ms
[05:52:26.136] RX< [RTMP] f_index = 
[05:52:26.761] RX< 1980, f_len = 8727
[05:52:26.761] RX< [RTMP] slow send frame 1981 len=67159 dt=106ms (IDR)
[05:52:26.761] RX< [RTMP] slow send frame 1982 len=22009 dt=69ms
[05:52:26.761] RX< [RTMP] slow send frame 1991 len=12500 dt=89ms
[05:52:26.761] RX< [34m[AE] fid=2010,exp=14010,adg=300,Y=4115,mtg=180,shg=149,bgbv=954,iso=300,cnv2,hdr0
[05:52:26.761] RX< [0m[
[05:52:27.077] RX< RTMP] slow send frame 1998 len=29297 dt=117ms
[05:52:27.077] RX< [RTMP] slow send frame 2000 len=18615 dt=91ms
[05:52:27.077] RX< [4] [cam] [556737][qpc0][qpc_core_exception_check:405]discontinuous frame, now: 2019, last: 2017
[05:52:27.077] RX< [7] [cam] [556793][me0][me_core_thread:359]ME out fid 2010
[05:52:27.077] RX< [RTMP] s
[05:52:27.665] RX< low send frame 2011 len=76922 dt=59ms (IDR)
[05:52:27.665] RX< [RTMP] slow send frame 2012 len=16271 dt=97ms
[05:52:27.665] RX< [RTMP] slow send frame 2013 len=11708 dt=91ms
[05:52:27.665] RX< [RTMP] slow send frame 2014 len=17208 dt=68ms
[05:52:27.665] RX< [RTMP] slow send frame 2022 len=19832 dt=52ms
[05:52:27.665] RX< [34m[AE] fid=2040,exp=13910
[05:52:27.878] RX< ,adg=300,Y=4118,mtg=180,shg=149,bgbv=961,iso=300,cnv2,hdr0
[05:52:27.878] RX< [0m[RTMP] slow send frame 2023 len=12294 dt=154ms
[05:52:27.878] RX< [RTMP] slow send frame 2024 len=14999 dt=60ms
[05:52:27.878] RX< [34m[ME INTP]fid=2040, shutter=13910, perf=254(us), max=27969(us)!
[05:52:27.878] RX< [0m[RTMP] slow send frame 2027 
[05:52:28.670] RX< len=14927 dt=51ms
[05:52:28.670] RX< [7] [cam] [557793][me0][me_core_thread:359]ME out fid 2040
[05:52:28.670] RX< [RTMP] slow send frame 2031 len=15734 dt=83ms
[05:52:28.670] RX< [RTMP] slow send frame 2033 len=13463 dt=128ms
[05:52:28.670] RX< [RTMP] slow send frame 2041 len=82548 dt=126ms (IDR)
[05:52:28.670] RX< [34m[AE] fid=2070,exp=13910,adg=
[05:52:28.765] RX< 300,Y=4107,mtg=180,shg=149,bgbv=957,iso=300,cnv2,hdr0
[05:52:28.765] RX< [0m[34m[b_ae0 proc] perf=1214(us), max=1936(us)!
[05:52:28.765] RX< [0m[34m[awb0 proc] perf=4248(us), max=4384(us)!
[05:52:28.765] RX< [0m[RTMP] slow send frame 2044 len=21325 dt=143ms
[05:52:28.765] RX< [4] [cam] [558537][qpc0][qpc_core_exception_check
[05:52:29.082] RX< :405]discontinuous frame, now: 2073, last: 2071
[05:52:29.082] RX< [RTMP] slow send frame 2055 len=12366 dt=62ms
[05:52:29.082] RX< [RTMP] f_index = 2070, f_len = 16679
[05:52:29.082] RX< [34m[awb0 proc] perf=8250(us), max=8250(us)!
[05:52:29.082] RX< [0m[7] [cam] [558808][me0][me_core_thread:359]ME out fid 2070
[05:52:29.082] RX< [4] [cam] [55884
[05:52:29.358] RX< 3][qpc0][qpc_core_exception_check:405]discontinuous frame, now: 2081, last: 2079
[05:52:29.358] RX< [RTMP] slow send frame 2071 len=84859 dt=57ms (IDR)
[05:52:29.358] RX< [4] [cam] [558874][qpc0][qpc_core_exception_check:405]discontinuous frame, now: 2083, last: 2081
[05:52:29.358] RX< [RTMP] slow send frame 207
[05:52:30.096] RX< 9 len=26195 dt=82ms
[05:52:30.096] RX< [RTMP] slow send frame 2081 len=17328 dt=52ms
[05:52:30.096] RX< [34m[AE] fid=2100,exp=13910,adg=300,Y=4118,mtg=180,shg=149,bgbv=961,iso=300,cnv2,hdr0
[05:52:30.096] RX< [0m[7] [cam] [559793][me0][me_core_thread:359]ME out fid 2100
[05:52:30.096] RX< [RTMP] slow send frame 2101 len=92594 dt
[05:52:31.417] RX< =74ms (IDR)
[05:52:31.417] RX< [34m[AE] fid=2130,exp=13910,adg=300,Y=4122,mtg=180,shg=149,bgbv=961,iso=300,cnv2,hdr0
[05:52:31.417] RX< [0m[7] [cam] [560793][me0][me_core_thread:359]ME out fid 2130
[05:52:31.417] RX< [RTMP] slow send frame 2131 len=84976 dt=165ms (IDR)
[05:52:31.417] RX< [RTMP] slow send frame 2138 len=18179 dt=
[05:52:31.765] RX< 70ms
[05:52:31.765] RX< [34m[AE] fid=2160,exp=13840,adg=300,Y=4156,mtg=180,shg=149,bgbv=976,iso=300,cnv2,hdr0
[05:52:31.765] RX< [0m[34m[b_ae0 proc] perf=980(us), max=3851(us)!
[05:52:31.765] RX< [0m[34m[awb0 proc] perf=3843(us), max=8250(us)!
[05:52:31.765] RX< [0m[34m[ME INTP]fid=2160, shutter=13840, perf=6(us), max=1913
[05:52:32.664] RX< (us)!
[05:52:32.664] RX< [0m[RTMP] f_index = 2160, f_len = 19378
[05:52:32.664] RX< [7] [cam] [561792][me0][me_core_thread:359]ME out fid 2160
[05:52:32.664] RX< [4] [cam] [561870][qpc0][qpc_core_exception_check:405]discontinuous frame, now: 2173, last: 2171
[05:52:32.664] RX< [34m[AE] fid=2190,exp=13850,adg=300,Y=4131,mtg=180,s
[05:52:33.668] RX< hg=150,bgbv=967,iso=300,cnv2,hdr0
[05:52:33.668] RX< [0m[7] [cam] [562792][me0][me_core_thread:359]ME out fid 2190
[05:52:33.668] RX< [RTMP] slow send frame 2191 len=79641 dt=392ms (IDR)
[05:52:33.668] RX< [RTMP] slow send frame 2205 len=19274 dt=89ms
[05:52:33.668] RX< [34m[AE] fid=2220,exp=13850,adg=300,Y=4146,mtg=180,shg=150,
[05:52:34.668] RX< bgbv=971,iso=300,cnv2,hdr0
[05:52:34.668] RX< [0m[4] [cam] [563503][qpc0][qpc_core_exception_check:405]discontinuous frame, now: 2222, last: 2220
[05:52:34.668] RX< [7] [cam] [563792][me0][me_core_thread:359]ME out fid 2220
[05:52:34.668] RX< [RTMP] slow send frame 2224 len=18720 dt=109ms
[05:52:34.668] RX< [34m[AE] fid=2250,exp
[05:52:35.004] RX< =13850,adg=300,Y=4136,mtg=180,shg=150,bgbv=967,iso=300,cnv2,hdr0
[05:52:35.004] RX< [0m[34m[b_ae0 proc] perf=998(us), max=1621(us)!
[05:52:35.004] RX< [0m[34m[awb0 proc] perf=3839(us), max=4621(us)!
[05:52:35.004] RX< [0m[RTMP] f_index = 2250, f_len = 12790
[05:52:35.004] RX< [7] [cam] [564792][me0][me_core_thread:359]ME out
[05:52:35.763] RX<  fid 2250
[05:52:35.763] RX< [4] [cam] [564870][qpc0][qpc_core_exception_check:405]discontinuous frame, now: 2263, last: 2261
[05:52:35.763] RX< [RTMP] slow send frame 2252 len=22839 dt=67ms
[05:52:35.763] RX< [34m[AE] fid=2280,exp=13870,adg=300,Y=4111,mtg=180,shg=150,bgbv=958,iso=300,cnv2,hdr0
[05:52:35.763] RX< [0m[34m[ME INT
[05:52:36.330] RX< P]fid=2280, shutter=13870, perf=6(us), max=8806(us)!
[05:52:36.330] RX< [0m[7] [cam] [565792][me0][me_core_thread:359]ME out fid 2280
[05:52:36.330] RX< [RTMP] slow send frame 2281 len=78481 dt=86ms (IDR)
[05:52:36.330] RX< [RTMP] slow send frame 2282 len=21016 dt=98ms
[05:52:36.330] RX< [4] [cam] [566103][qpc0][qpc_core_exceptio
[05:52:37.015] RX< n_check:405]discontinuous frame, now: 2300, last: 2298
[05:52:37.015] RX< [RTMP] slow send frame 2290 len=27780 dt=64ms
[05:52:37.015] RX< [RTMP] slow send frame 2297 len=11592 dt=69ms
[05:52:37.015] RX< [34m[AE] fid=2310,exp=13870,adg=300,Y=4101,mtg=180,shg=150,bgbv=958,iso=300,cnv2,hdr0
[05:52:37.015] RX< [0m[7] [cam] [566792]
[05:52:38.004] RX< [me0][me_core_thread:359]ME out fid 2310
[05:52:38.004] RX< [34m[AE] fid=2340,exp=13880,adg=300,Y=4094,mtg=180,shg=150,bgbv=954,iso=300,cnv2,hdr0
[05:52:38.004] RX< [0m[34m[b_ae0 proc] perf=1112(us), max=2050(us)!
[05:52:38.004] RX< [0m[34m[awb0 proc] perf=3929(us), max=4217(us)!
[05:52:38.004] RX< [0m[7] [cam] [567792][me0
[05:52:38.806] RX< ][me_core_thread:359]ME out fid 2340
[05:52:38.806] RX< [RTMP] slow send frame 2300 len=17201 dt=1899ms
[05:52:38.806] RX< [RTMP] slow send frame 2304 len=17145 dt=56ms
[05:52:38.806] RX< [34m[AE] fid=2370,exp=13910,adg=300,Y=4113,mtg=180,shg=149,bgbv=961,iso=300,cnv2,hdr0
[05:52:38.806] RX< [0m[RTMP] slow send frame 2308 len=17
[05:52:39.575] RX< 135 dt=51ms
[05:52:39.575] RX< [RTMP] slow send frame 2309 len=11230 dt=71ms
[05:52:39.575] RX< [RTMP] slow send frame 2310 len=17477 dt=56ms
[05:52:39.575] RX< [7] [cam] [568792][me0][me_core_thread:359]ME out fid 2370
[05:52:39.575] RX< [RTMP] slow send frame 2311 len=86005 dt=372ms (IDR)
[05:52:39.575] RX< [RTMP] slow send frame 2314 len=13433 dt
[05:52:39.842] RX< =190ms
[05:52:39.842] RX< [34m[AE] fid=2400,exp=13910,adg=300,Y=4117,mtg=180,shg=149,bgbv=961,iso=300,cnv2,hdr0
[05:52:39.842] RX< [0m[RTMP] slow send frame 2316 len=13257 dt=108ms
[05:52:39.842] RX< [34m[ME INTP]fid=2400, shutter=13910, perf=7(us), max=756(us)!
[05:52:39.842] RX< [0m[RTMP] slow send frame 2317 len=13051 dt=11
[05:52:40.330] RX< 5ms
[05:52:40.330] RX< [RTMP] slow send frame 2318 len=12226 dt=76ms
[05:52:40.330] RX< [7] [cam] [569791][me0][me_core_thread:359]ME out fid 2400
[05:52:40.330] RX< [RTMP] slow send frame 2320 len=13070 dt=97ms
[05:52:40.330] RX< [RTMP] slow send frame 2322 len=12540 dt=91ms
[05:52:40.330] RX< [4] [cam] [570102][qpc0][qpc_core_exception_check:405]d
[05:52:40.667] RX< iscontinuous frame, now: 2420, last: 2418
[05:52:40.667] RX< [RTMP] f_index = 2340, f_len = 12388
[05:52:40.667] RX< [RTMP] slow send frame 2341 len=77979 dt=128ms (IDR)
[05:52:40.667] RX< [34m[AE] fid=2430,exp=13910,adg=300,Y=4122,mtg=180,shg=149,bgbv=961,iso=300,cnv2,hdr0
[05:52:40.667] RX< [0m[34m[b_ae0 proc] perf=997(us), m
[05:52:41.021] RX< ax=1148(us)!
[05:52:41.021] RX< [0m[34m[awb0 proc] perf=3914(us), max=3944(us)!
[05:52:41.021] RX< [0m[4] [cam] [570635][qpc0][qpc_core_exception_check:405]discontinuous frame, now: 2436, last: 2434
[05:52:41.021] RX< [RTMP] slow send frame 2371 len=86735 dt=102ms (IDR)
[05:52:41.021] RX< [7] [cam] [570799][me0][me_core_thread
[05:52:41.758] RX< :359]ME out fid 2430
[05:52:41.758] RX< [RTMP] slow send frame 2387 len=16693 dt=135ms
[05:52:41.758] RX< [RTMP] slow send frame 2391 len=25389 dt=78ms
[05:52:41.758] RX< [34m[AE] fid=2460,exp=13910,adg=300,Y=4115,mtg=180,shg=149,bgbv=961,iso=300,cnv2,hdr0
[05:52:41.758] RX< [0m[RTMP] slow send frame 2401 len=74009 dt=152ms (IDR
[05:52:42.662] RX< )
[05:52:42.662] RX< [7] [cam] [571791][me0][me_core_thread:359]ME out fid 2460
[05:52:42.662] RX< [RTMP] slow send frame 2414 len=16224 dt=81ms
[05:52:42.662] RX< [RTMP] slow send frame 2419 len=7115 dt=59ms
[05:52:42.662] RX< [RTMP] f_index = 2430, f_len = 16600
[05:52:42.662] RX< [34m[AE] fid=2490,exp=13910,adg=300,Y=4112,mtg=180,shg=149,bgbv=95
[05:52:43.094] RX< 7,iso=300,cnv2,hdr0
[05:52:43.094] RX< [0m[RTMP] slow send frame 2431 len=86426 dt=245ms (IDR)
[05:52:43.094] RX< [RTMP] slow send frame 2432 len=13570 dt=67ms
[05:52:43.094] RX< [RTMP] slow send frame 2437 len=25845 dt=129ms
[05:52:43.094] RX< [7] [cam] [572791][me0][me_core_thread:359]ME out fid 2490
[05:52:43.094] RX< [RTMP] slow send frame 2439
[05:52:43.762] RX<  len=16936 dt=103ms
[05:52:43.762] RX< [34m[AE] fid=2520,exp=13920,adg=300,Y=4098,mtg=180,shg=149,bgbv=953,iso=300,cnv2,hdr0
[05:52:43.762] RX< [0m[34m[b_ae0 proc] perf=1119(us), max=1386(us)!
[05:52:43.762] RX< [0m[34m[awb0 proc] perf=4135(us), max=4615(us)!
[05:52:43.762] RX< [0m[34m[ME INTP]fid=2520, shutter=13920, perf
[05:52:44.662] RX< =237(us), max=478(us)!
[05:52:44.662] RX< [0m[7] [cam] [573791][me0][me_core_thread:359]ME out fid 2520
[05:52:44.662] RX< [RTMP] slow send frame 2442 len=10881 dt=1012ms
[05:52:44.662] RX< [RTMP] slow send frame 2443 len=16820 dt=285ms
[05:52:44.662] RX< [RTMP] slow send frame 2447 len=16443 dt=80ms
[05:52:44.662] RX< [34m[AE] fid=2550,exp=13920,
[05:52:45.014] RX< adg=300,Y=4098,mtg=180,shg=149,bgbv=953,iso=300,cnv2,hdr0
[05:52:45.014] RX< [0m[RTMP] slow send frame 2451 len=24268 dt=101ms
[05:52:45.014] RX< [RTMP] slow send frame 2454 len=10281 dt=132ms
[05:52:45.014] RX< [RTMP] slow send frame 2455 len=16622 dt=70ms
[05:52:45.014] RX< [7] [cam] [574793][me0][me_core_thread:359]ME out fid 
[05:52:46.665] RX< 2550
[05:52:46.665] RX< [RTMP] slow send frame 2461 len=74375 dt=69ms (IDR)
[05:52:46.665] RX< [34m[AE] fid=2580,exp=13920,adg=300,Y=4096,mtg=180,shg=149,bgbv=953,iso=300,cnv2,hdr0
[05:52:46.665] RX< [0m[7] [cam] [575791][me0][me_core_thread:359]ME out fid 2580
[05:52:46.665] RX< [RTMP] slow send frame 2464 len=18857 dt=1491ms
[05:52:46.665] RX< 
[05:52:46.745] RX< [34m[AE] fid=2610,exp=13920,adg=300,Y=4088,mtg=180,shg=149,bgbv=953,iso=300,cnv2,hdr0
[05:52:46.745] RX< [0m[34m[b_ae0 proc] perf=996(us), max=2051(us)!
[05:52:46.745] RX< [0m[34m[awb0 proc] perf=3793(us), max=4242(us)!
[05:52:46.745] RX< [0m[RTMP] slow send frame 2470 len=15888 dt=56ms
[05:52:46.745] RX< [RTMP] slow send fr
[05:52:47.338] RX< ame 2471 len=9874 dt=68ms
[05:52:47.338] RX< [RTMP] slow send frame 2476 len=24081 dt=78ms
[05:52:47.338] RX< [7] [cam] [576790][me0][me_core_thread:359]ME out fid 2610
[05:52:47.338] RX< [RTMP] slow send frame 2488 len=16660 dt=64ms
[05:52:47.338] RX< [RTMP] slow send frame 2491 len=87315 dt=117ms (IDR)
[05:52:47.338] RX< [RTMP] slow send frame 249
[05:52:47.761] RX< 5 len=18141 dt=94ms
[05:52:47.761] RX< [RTMP] slow send frame 2507 len=25753 dt=62ms
[05:52:47.761] RX< [RTMP] slow send frame 2510 len=4559 dt=107ms
[05:52:47.761] RX< [34m[AE] fid=2640,exp=13930,adg=300,Y=4086,mtg=180,shg=149,bgbv=948,iso=300,cnv2,hdr0
[05:52:47.761] RX< [0m[RTMP] slow send frame 2513 len=26980 dt=52ms
[05:52:47.761] RX< [34m[M
[05:52:48.033] RX< E INTP]fid=2640, shutter=13930, perf=6(us), max=2256(us)!
[05:52:48.033] RX< [0m[RTMP] slow send frame 2514 len=7658 dt=69ms
[05:52:48.033] RX< [RTMP] f_index = 2520, f_len = 17489
[05:52:48.033] RX< [7] [cam] [577790][me0][me_core_thread:359]ME out fid 2640
[05:52:48.033] RX< [RTMP] slow send frame 2521 len=86261 dt=119ms (IDR)
[05:52:48.868] RX< [RTMP] slow send frame 2534 len=10841 dt=69ms
[05:52:48.868] RX< [RTMP] slow send frame 2535 len=16451 dt=69ms
[05:52:48.868] RX< [RTMP] slow send frame 2540 len=24682 dt=151ms
[05:52:48.868] RX< [34m[AE] fid=2670,exp=14250,adg=300,Y=3942,mtg=180,shg=149,bgbv=892,iso=300,cnv2,hdr0
[05:52:48.868] RX< [0m[4] [cam] [578642][qpc0][q
[05:52:49.025] RX< pc_core_exception_check:411]interp not finish in sof, fid: 2675
[05:52:49.025] RX< [4] [cam] [578702][qpc0][qpc_core_exception_check:405]discontinuous frame, now: 2678, last: 2676
[05:52:49.025] RX< [4] [cam] [578782][qpc0][qpc_core_exception_check:411]interp not finish in sof, fid: 2679
[05:52:49.025] RX< [7] [
[05:52:49.227] RX< cam] [578810][me0][me_core_thread:359]ME out fid 2670
[05:52:49.227] RX< [RTMP] slow send frame 2581 len=74789 dt=55ms (IDR)
[05:52:49.227] RX< [4] [cam] [578900][qpc0][qpc_core_exception_check:405]discontinuous frame, now: 2684, last: 2680
[05:52:49.227] RX< [4] [cam] [579001][qpc0][qpc_core_exception_check:405
[05:52:49.703] RX< ]discontinuous frame, now: 2687, last: 2685
[05:52:49.703] RX< [4] [cam] [579202][qpc0][qpc_core_exception_check:405]discontinuous frame, now: 2693, last: 2691
[05:52:49.703] RX< [RTMP] f_index = 2610, f_len = 15720
[05:52:49.703] RX< [RTMP] slow send frame 2611 len=86372 dt=131ms (IDR)
[05:52:49.703] RX< [34m[AE] fid=2700,exp=14
[05:52:49.781] RX< 260,adg=300,Y=4106,mtg=180,shg=149,bgbv=930,iso=300,cnv2,hdr0
[05:52:49.781] RX< [0m[34m[b_ae0 proc] perf=931(us), max=1128(us)!
[05:52:49.781] RX< [0m[34m[awb0 proc] perf=3880(us), max=5263(us)!
[05:52:49.781] RX< [0m[4] [cam] [579555][qpc0][qpc_core_exception_check:405]discontinuous frame, now: 2703, las
[05:52:50.519] RX< t: 2700
[05:52:50.519] RX< [RTMP] slow send frame 2632 len=9763 dt=125ms
[05:52:50.519] RX< [7] [cam] [579793][me0][me_core_thread:359]ME out fid 2700
[05:52:50.519] RX< [4] [cam] [580036][qpc0][qpc_core_exception_check:405]discontinuous frame, now: 2718, last: 2716
[05:52:50.519] RX< [RTMP] slow send frame 2669 len=11003 dt=60ms
[05:52:51.660] RX< [34m[AE] fid=2730,exp=14270,adg=300,Y=4067,mtg=180,shg=150,bgbv=926,iso=300,cnv2,hdr0
[05:52:51.660] RX< [0m[7] [cam] [580790][me0][me_core_thread:359]ME out fid 2730
[05:52:51.660] RX< [RTMP] slow send frame 2671 len=65438 dt=1020ms (IDR)
[05:52:51.660] RX< [34m[AE] fid=2760,exp=14220,adg=300,Y=4083,mtg=180,
[05:52:52.208] RX< shg=149,bgbv=931,iso=300,cnv2,hdr0
[05:52:52.208] RX< [0m[RTMP] slow send frame 2673 len=15950 dt=165ms
[05:52:52.208] RX< [34m[ME INTP]fid=2760, shutter=14220, perf=6(us), max=46431(us)!
[05:52:52.208] RX< [0m[7] [cam] [581790][me0][me_core_thread:359]ME out fid 2760
[05:52:52.208] RX< [RTMP] slow send frame 2675 len=14734 dt=
[05:52:52.664] RX< 489ms
[05:52:52.664] RX< [RTMP] slow send frame 2676 len=16761 dt=72ms
[05:52:52.664] RX< [RTMP] slow send frame 2678 len=14321 dt=98ms
[05:52:52.664] RX< [RTMP] slow send frame 2680 len=17337 dt=165ms
[05:52:52.664] RX< [34m[AE] fid=2790,exp=14020,adg=300,Y=4089,mtg=180,shg=149,bgbv=946,iso=300,cnv2,hdr0
[05:52:52.664] RX< [0m[34m[b_ae0 proc] pe
[05:52:53.017] RX< rf=1046(us), max=1611(us)!
[05:52:53.017] RX< [0m[34m[awb0 proc] perf=3917(us), max=5129(us)!
[05:52:53.017] RX< [0m[RTMP] slow send frame 2683 len=13482 dt=68ms
[05:52:53.017] RX< [RTMP] slow send frame 2684 len=13329 dt=106ms
[05:52:53.017] RX< [7] [cam] [582790][me0][me_core_thread:359]ME out fid 2790
[05:52:53.017] RX< [RTMP] slow send frame
[05:52:53.660] RX<  2688 len=15336 dt=77ms
[05:52:53.660] RX< [RTMP] slow send frame 2692 len=17685 dt=141ms
[05:52:53.660] RX< [RTMP] slow send frame 2693 len=13239 dt=90ms
[05:52:53.660] RX< [RTMP] slow send frame 2699 len=10279 dt=179ms
[05:52:53.660] RX< [RTMP] f_index = 2700, f_len = 15481
[05:52:53.660] RX< [34m[AE] fid=2820,exp=14020,adg=300,Y=4095,mtg=180,shg
[05:52:54.660] RX< =149,bgbv=946,iso=300,cnv2,hdr0
[05:52:54.660] RX< [0m[7] [cam] [583789][me0][me_core_thread:359]ME out fid 2820
[05:52:54.660] RX< [RTMP] slow send frame 2701 len=70610 dt=566ms (IDR)
[05:52:54.660] RX< [RTMP] slow send frame 2704 len=17107 dt=72ms
[05:52:54.660] RX< [34m[AE] fid=2850,exp=14020,adg=300,Y=4093,mtg=180,shg=149,bg
[05:52:55.144] RX< bv=946,iso=300,cnv2,hdr0
[05:52:55.144] RX< [0m[RTMP] slow send frame 2738 len=17897 dt=62ms
[05:52:55.144] RX< [7] [cam] [584795][me0][me_core_thread:359]ME out fid 2850
[05:52:55.144] RX< [RTMP] slow send frame 2746 len=17759 dt=59ms
[05:52:55.144] RX< [4] [cam] [584918][qpc0][qpc_core_exception_check:405]discontinuous frame, n
[05:52:55.559] RX< ow: 2864, last: 2862
[05:52:55.559] RX< [4] [cam] [585034][qpc0][qpc_core_exception_check:405]discontinuous frame, now: 2868, last: 2866
[05:52:55.559] RX< [RTMP] slow send frame 2776 len=13044 dt=77ms
[05:52:55.559] RX< [4] [cam] [585334][qpc0][qpc_core_exception_check:405]discontinuous frame, now: 2877, last: 
[05:52:55.665] RX< 2875
[05:52:55.665] RX< [RTMP] slow send frame 2786 len=27092 dt=64ms
[05:52:55.665] RX< [34m[AE] fid=2880,exp=14020,adg=300,Y=4090,mtg=180,shg=149,bgbv=946,iso=300,cnv2,hdr0
[05:52:55.665] RX< [0m[34m[b_ae0 proc] perf=1007(us), max=1243(us)!
[05:52:55.665] RX< [0m[34m[awb0 proc] perf=3845(us), max=4708(us)!
[05:52:55.665] RX< [0m[RTMP] f_ind
[05:52:55.860] RX< ex = 2790, f_len = 16681
[05:52:55.860] RX< [4] [cam] [585536][qpc0][qpc_core_exception_check:405]discontinuous frame, now: 2883, last: 2881
[05:52:55.860] RX< [34m[ME INTP]fid=2880, shutter=14020, perf=6(us), max=4709(us)!
[05:52:55.860] RX< [0m[4] [cam] [585635][qpc0][qpc_core_exception_check:411]interp not
[05:52:56.024] RX<  finish in sof, fid: 2885
[05:52:56.024] RX< [4] [cam] [585668][qpc0][qpc_core_exception_check:405]discontinuous frame, now: 2887, last: 2885
[05:52:56.024] RX< [4] [cam] [585734][qpc0][qpc_core_exception_check:405]discontinuous frame, now: 2889, last: 2887
[05:52:56.024] RX< [7] [cam] [585800][me0][me_core_thre
[05:52:56.492] RX< ad:359]ME out fid 2880
[05:52:56.492] RX< [4] [cam] [585837][qpc0][qpc_core_exception_check:405]discontinuous frame, now: 2892, last: 2890
[05:52:56.492] RX< [RTMP] slow send frame 2821 len=80672 dt=68ms (IDR)
[05:52:56.492] RX< [RTMP] slow send frame 2822 len=28156 dt=132ms
[05:52:56.492] RX< [4] [cam] [586267][qpc0][qpc_core_exc
[05:52:56.659] RX< eption_check:405]discontinuous frame, now: 2905, last: 2903
[05:52:56.659] RX< [4] [cam] [586367][qpc0][qpc_core_exception_check:405]discontinuous frame, now: 2908, last: 2906
[05:52:56.659] RX< [34m[AE] fid=2910,exp=14030,adg=300,Y=4084,mtg=180,shg=149,bgbv=941,iso=300,cnv2,hdr0
[05:52:56.659] RX< [0m[4] [cam
[05:52:57.319] RX< ] [586433][qpc0][qpc_core_exception_check:405]discontinuous frame, now: 2910, last: 2908
[05:52:57.319] RX< [RTMP] slow send frame 2851 len=74614 dt=77ms (IDR)
[05:52:57.319] RX< [7] [cam] [586789][me0][me_core_thread:359]ME out fid 2910
[05:52:57.319] RX< [RTMP] slow send frame 2874 len=19447 dt=153ms
[05:52:57.319] RX< [RTMP] s
[05:52:57.665] RX< low send frame 2880 len=9719 dt=81ms
[05:52:57.665] RX< [RTMP] f_index = 2880, f_len = 9719
[05:52:57.665] RX< [RTMP] slow send frame 2881 len=75226 dt=58ms (IDR)
[05:52:57.665] RX< [4] [cam] [587200][qpc0][qpc_core_exception_check:405]discontinuous frame, now: 2933, last: 2931
[05:52:57.665] RX< [34m[AE] fid=2940,exp=14020,adg=
[05:52:58.033] RX< 300,Y=4088,mtg=180,shg=149,bgbv=946,iso=300,cnv2,hdr0
[05:52:58.033] RX< [0m[RTMP] slow send frame 2898 len=18699 dt=53ms
[05:52:58.033] RX< [4] [cam] [587677][qpc0][qpc_core_exception_check:405]discontinuous frame, now: 2947, last: 2945
[05:52:58.033] RX< [RTMP] slow send frame 2911 len=79810 dt=103ms (IDR)
[05:52:58.033] RX< [7
[05:52:58.299] RX< ] [cam] [587808][me0][me_core_thread:359]ME out fid 2940
[05:52:58.299] RX< [4] [cam] [587808][qpc0][qpc_core_exception_check:411]interp not finish in sof, fid: 2950
[05:52:58.299] RX< [4] [cam] [587834][qpc0][qpc_core_exception_check:405]discontinuous frame, now: 2952, last: 2950
[05:52:58.299] RX< [RTMP] slow
[05:52:58.664] RX<  send frame 2929 len=11959 dt=93ms
[05:52:58.664] RX< [RTMP] slow send frame 2932 len=18669 dt=133ms
[05:52:58.664] RX< [34m[AE] fid=2970,exp=14020,adg=300,Y=4095,mtg=180,shg=149,bgbv=946,iso=300,cnv2,hdr0
[05:52:58.664] RX< [0m[34m[b_ae0 proc] perf=1168(us), max=1800(us)!
[05:52:58.664] RX< [0m[34m[awb0 proc] perf=4151(us),
[05:52:59.197] RX<  max=4644(us)!
[05:52:59.197] RX< [0m[RTMP] slow send frame 2935 len=12399 dt=91ms
[05:52:59.197] RX< [RTMP] slow send frame 2939 len=17535 dt=103ms
[05:52:59.197] RX< [7] [cam] [588791][me0][me_core_thread:359]ME out fid 2970
[05:52:59.197] RX< [RTMP] slow send frame 2941 len=80716 dt=206ms (IDR)
[05:52:59.197] RX< [4] [cam] [588971][qpc0][qpc_cor
[05:52:59.658] RX< e_exception_check:405]discontinuous frame, now: 2986, last: 2984
[05:52:59.658] RX< [RTMP] slow send frame 2952 len=24697 dt=183ms
[05:52:59.658] RX< [RTMP] slow send frame 2953 len=6517 dt=86ms
[05:52:59.658] RX< [RTMP] slow send frame 2955 len=9591 dt=124ms
[05:52:59.658] RX< [34m[AE] fid=3000,exp=14010,adg=300,Y=4124,mtg=180,s
[05:52:59.893] RX< hg=149,bgbv=954,iso=300,cnv2,hdr0
[05:52:59.893] RX< [0m[RTMP] slow send frame 2956 len=24108 dt=87ms
[05:52:59.893] RX< [4] [cam] [589586][qpc0][qpc_core_exception_check:411]interp not finish in sof, fid: 3002
[05:52:59.893] RX< [RTMP] f_index = 2970, f_len = 15113
[05:52:59.893] RX< [34m[ME INTP]fid=3000, shutter=14010, perf=6
[05:52:59.893] RX< (us), max=11733(us)!
[05:52:59.893] RX< [0m[4] [cam] [589666][qpc0][qpc_core_exception_check:411]interp not finish in sof, fid: 3003
[05:52:59.893] RX< [34m[ME INTP]fid=3000, shutter=14010, perf=6(us), max=6(us)!
[05:52:59.893] RX< [0m[4] [cam] [589667][qpc0][qpc_core_exception_check:411]interp not finish in
[05:52:59.961] RX<  sof, fid: 3003
[05:52:59.961] RX< [34m[ME INTP]fid=3000, shutter=14010, perf=6(us), max=6(us)!
[05:52:59.961] RX< [0m[34m[ME INTP]fid=3000, shutter=14010, perf=7(us), max=7(us)!
[05:52:59.961] RX< [0m[4] [cam] [589735][qpc0][qpc_core_exception_check:411]interp not finish in sof, fid: 3003
[05:52:59.961] RX< [34m[ME INTP]fi
[05:53:00.130] RX< d=3000, shutter=14010, perf=4(us), max=7(us)!
[05:53:00.130] RX< [0m[4] [cam] [589836][qpc0][qpc_core_exception_check:405]discontinuous frame, now: 3006, last: 3004
[05:53:00.130] RX< [4] [cam] [589836][qpc0][qpc_core_exception_check:411]interp not finish in sof, fid: 3006
[05:53:00.130] RX< [4] [cam] [589904]
[05:53:00.160] RX< [qpc0][qpc_core_exception_check:405]discontinuous frame, now: 3010, last: 3006
[05:53:00.160] RX< [4] [cam] [589904][qpc0][qpc_core_exception_check:411]interp not finish in sof, fid: 3010
[05:53:00.160] RX< [4] [cam] [589934][qpc0][qpc_core_exception_check:405]discontinuous frame, now: 3012, 
[05:53:00.690] RX< last: 3010
[05:53:00.690] RX< [4] [cam] [589966][qpc0][qpc_core_exception_check:405]discontinuous frame, now: 3016, last: 3012
[05:53:00.690] RX< [RTMP] slow send frame 3001 len=86576 dt=94ms (IDR)
[05:53:00.690] RX< [34m[AE] fid=3030,exp=14000,adg=300,Y=4125,mtg=180,shg=149,bgbv=959,iso=300,cnv2,hdr0
[05:53:00.690] RX< [0m[RTMP
[05:53:01.663] RX< ] slow send frame 3011 len=17063 dt=318ms
[05:53:01.663] RX< [4] [cam] [590633][qpc0][qpc_core_exception_check:405]discontinuous frame, now: 3036, last: 3034
[05:53:01.663] RX< [7] [cam] [590789][me0][me_core_thread:359]ME out fid 3030
[05:53:01.663] RX< [34m[AE] fid=3060,exp=13900,adg=300,Y=4137,mtg=180,shg=14
[05:53:02.159] RX< 9,bgbv=966,iso=300,cnv2,hdr0
[05:53:02.159] RX< [0m[34m[b_ae0 proc] perf=1000(us), max=1559(us)!
[05:53:02.159] RX< [0m[34m[awb0 proc] perf=3836(us), max=4751(us)!
[05:53:02.159] RX< [0m[RTMP] f_index = 3060, f_len = 18418
[05:53:02.159] RX< [7] [cam] [591788][me0][me_core_thread:359]ME out fid 3060
[05:53:02.159] RX< [RTMP] slow send frame 30
[05:53:02.608] RX< 61 len=83822 dt=142ms (IDR)
[05:53:02.608] RX< [RTMP] slow send frame 3066 len=21222 dt=53ms
[05:53:02.608] RX< [RTMP] slow send frame 3068 len=14998 dt=82ms
[05:53:02.608] RX< [RTMP] slow send frame 3070 len=13349 dt=57ms
[05:53:02.608] RX< [RTMP] slow send frame 3071 len=13097 dt=63ms
[05:53:02.608] RX< [RTMP] slow send frame 3072 len=12269 dt=93m
[05:53:03.013] RX< s
[05:53:03.013] RX< [34m[AE] fid=3090,exp=14080,adg=300,Y=4078,mtg=180,shg=149,bgbv=940,iso=300,cnv2,hdr0
[05:53:03.013] RX< [0m[RTMP] slow send frame 3073 len=18150 dt=61ms
[05:53:03.013] RX< [RTMP] slow send frame 3074 len=12129 dt=95ms
[05:53:03.013] RX< [RTMP] slow send frame 3076 len=11784 dt=238ms
[05:53:03.013] RX< [7] [cam] [592788][me0][
[05:53:03.573] RX< me_core_thread:359]ME out fid 3090
[05:53:03.573] RX< [RTMP] slow send frame 3079 len=19185 dt=76ms
[05:53:03.573] RX< [RTMP] slow send frame 3081 len=20322 dt=96ms
[05:53:03.573] RX< [RTMP] slow send frame 3083 len=19978 dt=56ms
[05:53:03.573] RX< [RTMP] slow send frame 3088 len=18147 dt=142ms
[05:53:03.573] RX< [RTMP] slow send frame 3089 len=1187
[05:53:04.110] RX< 0 dt=56ms
[05:53:04.110] RX< [34m[AE] fid=3120,exp=14010,adg=300,Y=4119,mtg=180,shg=149,bgbv=954,iso=300,cnv2,hdr0
[05:53:04.110] RX< [0m[34m[ME INTP]fid=3120, shutter=14010, perf=6(us), max=2362(us)!
[05:53:04.110] RX< [0m[7] [cam] [593788][me0][me_core_thread:359]ME out fid 3120
[05:53:04.110] RX< [RTMP] slow send frame 3091
[05:53:04.664] RX<  len=83740 dt=522ms (IDR)
[05:53:04.664] RX< [RTMP] slow send frame 3096 len=17633 dt=76ms
[05:53:04.664] RX< [RTMP] slow send frame 3098 len=17339 dt=51ms
[05:53:04.664] RX< [34m[AE] fid=3150,exp=13900,adg=300,Y=4133,mtg=180,shg=149,bgbv=966,iso=300,cnv2,hdr0
[05:53:04.664] RX< [0m[34m[b_ae0 proc] perf=991(us), max=1196(us)!
[05:53:05.032] RX< [0m[RTMP] slow send frame 3104 len=17617 dt=217ms
[05:53:05.032] RX< [34m[awb0 proc] perf=3845(us), max=4540(us)!
[05:53:05.032] RX< [0m[RTMP] slow send frame 3109 len=19783 dt=56ms
[05:53:05.032] RX< [RTMP] slow send frame 3113 len=20785 dt=88ms
[05:53:05.032] RX< [7] [cam] [594788][me0][me_core_thread:359]ME out fid 3150
[05:53:05.032] RX< [RTM
[05:53:05.657] RX< P] slow send frame 3115 len=20992 dt=65ms
[05:53:05.657] RX< [RTMP] slow send frame 3117 len=18904 dt=125ms
[05:53:05.657] RX< [RTMP] slow send frame 3119 len=14291 dt=70ms
[05:53:05.657] RX< [RTMP] slow send frame 3120 len=14610 dt=117ms
[05:53:05.657] RX< [RTMP] slow send frame 3121 len=78208 dt=147ms (IDR)
[05:53:05.657] RX< [34m[AE] fid=3180,ex
[05:53:06.057] RX< p=13910,adg=300,Y=4122,mtg=180,shg=149,bgbv=961,iso=300,cnv2,hdr0
[05:53:06.057] RX< [0m[RTMP] slow send frame 3128 len=18465 dt=88ms
[05:53:06.057] RX< [RTMP] slow send frame 3138 len=28285 dt=63ms
[05:53:06.057] RX< [7] [cam] [595788][me0][me_core_thread:359]ME out fid 3180
[05:53:06.057] RX< [RTMP] slow send frame 3146 len=107
[05:53:06.658] RX< 96 dt=63ms
[05:53:06.658] RX< [RTMP] slow send frame 3148 len=11094 dt=64ms
[05:53:06.658] RX< [RTMP] f_index = 3150, f_len = 10113
[05:53:06.658] RX< [RTMP] slow send frame 3151 len=78237 dt=175ms (IDR)
[05:53:06.658] RX< [RTMP] slow send frame 3160 len=10954 dt=73ms
[05:53:06.658] RX< [34m[AE] fid=3210,exp=13900,adg=300,Y=4137,mtg=180,shg=149,bgb
[05:53:07.023] RX< v=966,iso=300,cnv2,hdr0
[05:53:07.023] RX< [0m[4] [cam] [596664][qpc0][qpc_core_exception_check:411]interp not finish in sof, fid: 3216
[05:53:07.023] RX< [4] [cam] [596735][qpc0][qpc_core_exception_check:411]interp not finish in sof, fid: 3216
[05:53:07.023] RX< [7] [cam] [596793][me0][me_core_thread:359]ME ou
[05:53:07.103] RX< t fid 3210
[05:53:07.103] RX< [4] [cam] [596798][qpc0][qpc_core_exception_check:405]discontinuous frame, now: 3219, last: 3217
[05:53:07.103] RX< [4] [cam] [596831][qpc0][qpc_core_exception_check:405]discontinuous frame, now: 3222, last: 3219
[05:53:07.103] RX< [4] [cam] [596877][qpc0][qpc_core_exception_check:4
[05:53:07.328] RX< 11]interp not finish in sof, fid: 3222
[05:53:07.328] RX< [4] [cam] [596932][qpc0][qpc_core_exception_check:405]discontinuous frame, now: 3225, last: 3223
[05:53:07.328] RX< [RTMP] slow send frame 3206 len=16481 dt=55ms
[05:53:07.328] RX< [RTMP] slow send frame 3211 len=86399 dt=63ms (IDR)
[05:53:07.328] RX< [4] [cam] [597103][qpc
[05:53:07.424] RX< 0][qpc_core_exception_check:411]interp not finish in sof, fid: 3229
[05:53:07.424] RX< [4] [cam] [597140][qpc0][qpc_core_exception_check:405]discontinuous frame, now: 3231, last: 3229
[05:53:07.424] RX< [4] [cam] [597199][qpc0][qpc_core_exception_check:405]discontinuous frame, now: 3233, last:
[05:53:07.756] RX<  3231
[05:53:07.756] RX< [34m[AE] fid=3240,exp=13890,adg=300,Y=4140,mtg=180,shg=149,bgbv=970,iso=300,cnv2,hdr0
[05:53:07.756] RX< [0m[34m[b_ae0 proc] perf=1096(us), max=1814(us)!
[05:53:07.756] RX< [0m[34m[awb0 proc] perf=3845(us), max=5135(us)!
[05:53:07.756] RX< [0m[34m[ME INTP]fid=3240, shutter=13890, perf=6(us), max=46
[05:53:08.657] RX< 017(us)!
[05:53:08.657] RX< [0m[RTMP] f_index = 3240, f_len = 10509
[05:53:08.657] RX< [7] [cam] [597788][me0][me_core_thread:359]ME out fid 3240
[05:53:08.657] RX< [34m[awb0 proc] perf=6017(us), max=6017(us)!
[05:53:08.657] RX< [0m[RTMP] slow send frame 3244 len=18462 dt=269ms
[05:53:08.657] RX< [RTMP] slow send frame 3246 len=18002 dt=110ms
[05:53:08.657] RX< [3
[05:53:09.009] RX< 4m[AE] fid=3270,exp=13880,adg=300,Y=4094,mtg=180,shg=150,bgbv=954,iso=300,cnv2,hdr0
[05:53:09.009] RX< [0m[RTMP] slow send frame 3255 len=14995 dt=75ms
[05:53:09.009] RX< [RTMP] slow send frame 3259 len=17484 dt=140ms
[05:53:09.009] RX< [RTMP] slow send frame 3261 len=17746 dt=69ms
[05:53:09.009] RX< [7] [cam] [598787][me0][me_co
[05:53:10.661] RX< re_thread:359]ME out fid 3270
[05:53:10.661] RX< [RTMP] slow send frame 3269 len=17541 dt=64ms
[05:53:10.661] RX< [34m[AE] fid=3300,exp=13990,adg=300,Y=4066,mtg=180,shg=149,bgbv=939,iso=300,cnv2,hdr0
[05:53:10.661] RX< [0m[7] [cam] [599787][me0][me_core_thread:359]ME out fid 3300
[05:53:10.661] RX< [34m[AE] fid=3330,exp=13970,a
[05:53:10.981] RX< dg=300,Y=4089,mtg=180,shg=150,bgbv=948,iso=300,cnv2,hdr0
[05:53:10.981] RX< [0m[34m[b_ae0 proc] perf=1055(us), max=1915(us)!
[05:53:10.981] RX< [0m[34m[awb0 proc] perf=3941(us), max=6017(us)!
[05:53:10.981] RX< [0m[RTMP] slow send frame 3270 len=11112 dt=1571ms
[05:53:10.981] RX< [RTMP] slow send frame 3271 len=80307 dt=295m
[05:53:11.542] RX< s (IDR)
[05:53:11.542] RX< [7] [cam] [600787][me0][me_core_thread:359]ME out fid 3330
[05:53:11.542] RX< [RTMP] slow send frame 3272 len=20376 dt=58ms
[05:53:11.542] RX< [RTMP] slow send frame 3274 len=19951 dt=66ms
[05:53:11.542] RX< [RTMP] slow send frame 3276 len=19044 dt=137ms
[05:53:11.542] RX< [RTMP] slow send frame 3277 len=11854 dt=161ms
[05:53:11.542] RX< [RT
[05:53:12.011] RX< MP] slow send frame 3280 len=17218 dt=61ms
[05:53:12.011] RX< [34m[AE] fid=3360,exp=13970,adg=300,Y=4097,mtg=180,shg=150,bgbv=948,iso=300,cnv2,hdr0
[05:53:12.011] RX< [0m[RTMP] slow send frame 3286 len=19599 dt=118ms
[05:53:12.011] RX< [34m[ME INTP]fid=3360, shutter=13970, perf=237(us), max=3936(us)!
[05:53:12.011] RX< [0m[RTM
[05:53:12.656] RX< P] slow send frame 3299 len=9996 dt=71ms
[05:53:12.656] RX< [7] [cam] [601787][me0][me_core_thread:359]ME out fid 3360
[05:53:12.656] RX< [RTMP] slow send frame 3301 len=92787 dt=105ms (IDR)
[05:53:12.656] RX< [RTMP] slow send frame 3328 len=24945 dt=122ms
[05:53:12.656] RX< [RTMP] f_index = 3330, f_len = 25024
[05:53:12.656] RX< [34m[AE] fid=3390,
[05:53:13.072] RX< exp=13960,adg=300,Y=4124,mtg=180,shg=150,bgbv=956,iso=300,cnv2,hdr0
[05:53:13.072] RX< [0m[RTMP] slow send frame 3331 len=91678 dt=138ms (IDR)
[05:53:13.072] RX< [RTMP] slow send frame 3337 len=25777 dt=77ms
[05:53:13.072] RX< [7] [cam] [602787][me0][me_core_thread:359]ME out fid 3390
[05:53:13.072] RX< [RTMP] slow send frame 333
[05:53:13.659] RX< 9 len=25889 dt=156ms
[05:53:13.659] RX< [RTMP] slow send frame 3348 len=18317 dt=81ms
[05:53:13.659] RX< [RTMP] slow send frame 3351 len=8661 dt=57ms
[05:53:13.659] RX< [RTMP] slow send frame 3354 len=18680 dt=80ms
[05:53:13.659] RX< [RTMP] slow send frame 3356 len=12067 dt=107ms
[05:53:13.659] RX< [RTMP] slow send frame 3358 len=11446 dt=53ms
[05:53:13.659] RX< [34m
[05:53:13.996] RX< [AE] fid=3420,exp=13880,adg=300,Y=4098,mtg=180,shg=150,bgbv=954,iso=300,cnv2,hdr0
[05:53:13.996] RX< [0m[34m[b_ae0 proc] perf=987(us), max=1718(us)!
[05:53:13.996] RX< [0m[34m[awb0 proc] perf=3948(us), max=4245(us)!
[05:53:13.996] RX< [0m[RTMP] slow send frame 3361 len=77516 dt=109ms (IDR)
[05:53:13.996] RX< [7] [cam] [60378
[05:53:14.655] RX< 7][me0][me_core_thread:359]ME out fid 3420
[05:53:14.655] RX< [RTMP] slow send frame 3380 len=20900 dt=110ms
[05:53:14.655] RX< [RTMP] slow send frame 3383 len=14374 dt=82ms
[05:53:14.655] RX< [RTMP] slow send frame 3390 len=18928 dt=53ms
[05:53:14.655] RX< [34m[AE] fid=3450,exp=14120,adg=300,Y=4079,mtg=180,shg=149,bgbv=938,iso=3
[05:53:15.071] RX< 00,cnv2,hdr0
[05:53:15.071] RX< [0m[RTMP] slow send frame 3391 len=83371 dt=158ms (IDR)
[05:53:15.071] RX< [RTMP] slow send frame 3394 len=13177 dt=89ms
[05:53:15.071] RX< [RTMP] slow send frame 3399 len=27759 dt=57ms
[05:53:15.071] RX< [7] [cam] [604787][me0][me_core_thread:359]ME out fid 3450
[05:53:15.071] RX< [RTMP] slow send frame 3405 len=171
[05:53:15.668] RX< 00 dt=73ms
[05:53:15.668] RX< [RTMP] slow send frame 3407 len=18111 dt=127ms
[05:53:15.668] RX< [RTMP] slow send frame 3408 len=10778 dt=62ms
[05:53:15.668] RX< [RTMP] slow send frame 3415 len=19223 dt=122ms
[05:53:15.668] RX< [RTMP] slow send frame 3416 len=12823 dt=68ms
[05:53:15.668] RX< [34m[AE] fid=3480,exp=13850,adg=300,Y=4306,mtg=180,shg=149
[05:53:15.994] RX< ,bgbv=1008,iso=300,cnv2,hdr0
[05:53:15.994] RX< [0m[RTMP] slow send frame 3417 len=13804 dt=128ms
[05:53:15.994] RX< [34m[ME INTP]fid=3480, shutter=13850, perf=343(us), max=7182(us)!
[05:53:15.994] RX< [0m[RTMP] slow send frame 3420 len=15789 dt=83ms
[05:53:15.994] RX< [RTMP] f_index = 3420, f_len = 15789
[05:53:15.994] RX< [RTMP] slow send fram
[05:53:16.474] RX< e 3421 len=77770 dt=225ms (IDR)
[05:53:16.474] RX< [7] [cam] [605786][me0][me_core_thread:359]ME out fid 3480
[05:53:16.474] RX< [RTMP] slow send frame 3422 len=12854 dt=80ms
[05:53:16.474] RX< [RTMP] slow send frame 3426 len=13854 dt=101ms
[05:53:16.474] RX< [RTMP] slow send frame 3427 len=13648 dt=204ms
[05:53:16.474] RX< [RTMP] slow send frame 34
[05:53:16.667] RX< 28 len=13348 dt=61ms
[05:53:16.667] RX< [RTMP] slow send frame 3433 len=12609 dt=62ms
[05:53:16.667] RX< [34m[AE] fid=3510,exp=14720,adg=300,Y=3909,mtg=180,shg=149,bgbv=856,iso=300,cnv2,hdr0
[05:53:16.667] RX< [0m[34m[b_ae0 proc] perf=1118(us), max=1477(us)!
[05:53:16.667] RX< [0m[34m[awb0 proc] perf=3934(us), max=4695(us)!
[05:53:17.292] RX< [0m[RTMP] slow send frame 3440 len=10187 dt=55ms
[05:53:17.292] RX< [RTMP] slow send frame 3443 len=16315 dt=96ms
[05:53:17.292] RX< [7] [cam] [606786][me0][me_core_thread:359]ME out fid 3510
[05:53:17.292] RX< [RTMP] slow send frame 3446 len=11589 dt=182ms
[05:53:17.292] RX< [RTMP] slow send frame 3447 len=16815 dt=93ms
[05:53:17.292] RX< [RTMP] s
[05:53:17.679] RX< low send frame 3448 len=11659 dt=86ms
[05:53:17.679] RX< [RTMP] slow send frame 3449 len=17538 dt=119ms
[05:53:17.679] RX< [RTMP] slow send frame 3451 len=67895 dt=85ms (IDR)
[05:53:17.679] RX< [RTMP] slow send frame 3452 len=19289 dt=119ms
[05:53:17.679] RX< [34m[AE] fid=3540,exp=13220,adg=300,Y=4404,mtg=180,shg=149,bgbv=1071,is
[05:53:18.480] RX< o=300,cnv2,hdr0
[05:53:18.480] RX< [0m[RTMP] slow send frame 3457 len=13783 dt=58ms
[05:53:18.480] RX< [7] [cam] [607786][me0][me_core_thread:359]ME out fid 3540
[05:53:18.480] RX< [RTMP] slow send frame 3473 len=13684 dt=70ms
[05:53:18.480] RX< [RTMP] slow send frame 3481 len=58106 dt=257ms (IDR)
[05:53:18.480] RX< [RTMP] slow send frame 3482 len=
[05:53:18.926] RX< 14185 dt=90ms
[05:53:18.926] RX< [RTMP] slow send frame 3484 len=18413 dt=100ms
[05:53:18.926] RX< [34m[AE] fid=3570,exp=12520,adg=300,Y=4374,mtg=180,shg=149,bgbv=1112,iso=300,cnv2,hdr0
[05:53:18.926] RX< [0m[RTMP] slow send frame 3490 len=18522 dt=96ms
[05:53:18.926] RX< [RTMP] slow send frame 3492 len=18432 dt=59ms
[05:53:18.926] RX< [RTMP] slow
[05:53:19.199] RX<  send frame 3495 len=19641 dt=73ms
[05:53:19.199] RX< [7] [cam] [608786][me0][me_core_thread:359]ME out fid 3570
[05:53:19.199] RX< [RTMP] f_index = 3510, f_len = 16345
[05:53:19.199] RX< [4] [cam] [608975][qpc0][qpc_core_exception_check:405]discontinuous frame, now: 3585, last: 3583
[05:53:19.199] RX< [4] [cam] [608975][qpc0][qpc
[05:53:19.422] RX< _core_exception_check:411]interp not finish in sof, fid: 3585
[05:53:19.422] RX< [4] [cam] [608997][qpc0][qpc_core_exception_check:405]discontinuous frame, now: 3587, last: 3585
[05:53:19.422] RX< [RTMP] slow send frame 3514 len=17789 dt=59ms
[05:53:19.422] RX< [4] [cam] [609197][qpc0][qpc_core_exception_check:
[05:53:19.665] RX< 405]discontinuous frame, now: 3593, last: 3591
[05:53:19.665] RX< [RTMP] slow send frame 3534 len=19116 dt=108ms
[05:53:19.665] RX< [34m[AE] fid=3600,exp=12540,adg=300,Y=4338,mtg=180,shg=149,bgbv=1103,iso=300,cnv2,hdr0
[05:53:19.665] RX< [0m[34m[b_ae0 proc] perf=934(us), max=1766(us)!
[05:53:19.665] RX< [0m[34m[awb0 proc] pe
[05:53:20.062] RX< rf=3869(us), max=4733(us)!
[05:53:20.062] RX< [0m[RTMP] slow send frame 3536 len=17458 dt=100ms
[05:53:20.062] RX< [RTMP] slow send frame 3536 len=17458 dperf=1138(us), max=3080(us)!
[05:53:20.062] RX< [0m[RTMP] slow send frame 3540 len=21823 dt=82ms
[05:53:20.062] RX< [7] [cam] [609786][me0][me_core_thread:359]ME out fid 3600
[05:53:20.062] RX< [
[05:53:20.671] RX< RTMP] slow send frame 3547 len=16941 dt=53ms
[05:53:20.671] RX< [RTMP] slow send frame 3553 len=14171 dt=106ms
[05:53:20.671] RX< [RTMP] slow send frame 3554 len=14169 dt=210ms
[05:53:20.671] RX< [34m[AE] fid=3630,exp=12540,adg=300,Y=4338,mtg=180,shg=149,bgbv=1103,iso=300,cnv2,hdr0
[05:53:20.671] RX< [0m[RTMP] slow send frame 35
[05:53:21.135] RX< 60 len=12911 dt=80ms
[05:53:21.135] RX< [RTMP] slow send frame 3561 len=19815 dt=68ms
[05:53:21.135] RX< [RTMP] slow send frame 3562 len=9080 dt=73ms
[05:53:21.135] RX< [RTMP] slow send frame 3563 len=17594 dt=80ms
[05:53:21.135] RX< [7] [cam] [610795][me0][me_core_thread:359]ME out fid 3630
[05:53:21.135] RX< [RTMP] slow send frame 3571 len=68222 d
[05:53:21.654] RX< t=129ms (IDR)
[05:53:21.654] RX< [RTMP] slow send frame 3572 len=19407 dt=151ms
[05:53:21.654] RX< [RTMP] slow send frame 3573 len=12540 dt=59ms
[05:53:21.654] RX< [RTMP] slow send frame 3574 len=17213 dt=61ms
[05:53:21.654] RX< [RTMP] slow send frame 3576 len=23938 dt=179ms
[05:53:21.654] RX< [34m[AE] fid=3660,exp=13930,adg=300,Y=4170,mtg=180,shg=
[05:53:22.086] RX< 149,bgbv=969,iso=300,cnv2,hdr0
[05:53:22.086] RX< [0m[RTMP] slow send frame 3578 len=15343 dt=102ms
[05:53:22.086] RX< [RTMP] slow send frame 3580 len=14416 dt=101ms
[05:53:22.086] RX< [RTMP] slow send frame 3581 len=15042 dt=93ms
[05:53:22.086] RX< [7] [cam] [611786][me0][me_core_thread:359]ME out fid 3660
[05:53:22.086] RX< [RTMP] slow send frame
[05:53:22.659] RX<  3584 len=14986 dt=137ms
[05:53:22.659] RX< [RTMP] slow send frame 3585 len=14617 dt=74ms
[05:53:22.659] RX< [RTMP] slow send frame 3587 len=15361 dt=150ms
[05:53:22.659] RX< [RTMP] slow send frame 3588 len=15800 dt=72ms
[05:53:22.659] RX< [RTMP] slow send frame 3592 len=15375 dt=85ms
[05:53:22.659] RX< [34m[AE] fid=3690,exp=13860,adg=300,Y=4119,mt
[05:53:22.835] RX< g=180,shg=150,bgbv=962,iso=300,cnv2,hdr0
[05:53:22.835] RX< [0m[34m[b_ae0 proc] perf=1186(us), max=1215(us)!
[05:53:22.835] RX< [0m[34m[awb0 proc] perf=4202(us), max=4546(us)!
[05:53:22.835] RX< [0m[RTMP] slow send frame 3594 len=15638 dt=53ms
[05:53:22.835] RX< [RTMP] slow send frame 3597 len=15484 dt=95ms
[05:53:22.835] RX< [RTMP] slow send 
[05:53:23.420] RX< frame 3598 len=15398 dt=62ms
[05:53:23.420] RX< [RTMP] slow send frame 3599 len=15016 dt=80ms
[05:53:23.420] RX< [RTMP] f_index = 3600, f_len = 15096
[05:53:23.420] RX< [7] [cam] [612786][me0][me_core_thread:359]ME out fid 3690
[05:53:23.420] RX< [RTMP] slow send frame 3601 len=85288 dt=217ms (IDR)
[05:53:23.420] RX< [4] [cam] [613196][qpc0][qpc_cor
[05:53:23.615] RX< e_exception_check:405]discontinuous frame, now: 3713, last: 3711
[05:53:23.615] RX< [4] [cam] [613271][qpc0][qpc_core_exception_check:411]interp not finish in sof, fid: 3714
[05:53:23.615] RX< [4] [cam] [613391][qpc0][qpc_core_exception_check:411]interp not finish in sof, fid: 3715
[05:53:23.615] RX< [4] [cam] [
[05:53:23.723] RX< 613391][qpc0][qpc_core_exception_check:411]interp not finish in sof, fid: 3715
[05:53:23.723] RX< [4] [cam] [613499][qpc0][qpc_core_exception_check:411]interp not finish in sof, fid: 3716
[05:53:23.723] RX< [4] [cam] [613499][qpc0][qpc_core_exception_check:411]interp not finish in sof, fid: 3
[05:53:23.806] RX< 716
[05:53:23.806] RX< [34m[AE] fid=3720,exp=13870,adg=300,Y=4111,mtg=180,shg=150,bgbv=958,iso=300,cnv2,hdr0
[05:53:23.806] RX< [0m[4] [cam] [613581][qpc0][qpc_core_exception_check:405]discontinuous frame, now: 3720, last: 3716
[05:53:23.806] RX< [4] [cam] [613582][qpc0][qpc_core_exception_check:411]interp no
[05:53:23.918] RX< t finish in sof, fid: 3720
[05:53:23.918] RX< [4] [cam] [613599][qpc0][qpc_core_exception_check:405]discontinuous frame, now: 3722, last: 3720
[05:53:23.918] RX< [4] [cam] [613630][qpc0][qpc_core_exception_check:405]discontinuous frame, now: 3726, last: 3722
[05:53:23.918] RX< [RTMP] slow send frame 3659 len=78
[05:53:24.220] RX< 62 dt=94ms
[05:53:24.220] RX< [7] [cam] [613785][me0][me_core_thread:359]ME out fid 3720
[05:53:24.220] RX< [RTMP] slow send frame 3660 len=22655 dt=107ms
[05:53:24.220] RX< [RTMP] slow send frame 3661 len=70410 dt=137ms (IDR)
[05:53:24.220] RX< [4] [cam] [613996][qpc0][qpc_core_exception_check:411]interp not finish in sof, fid: 3
[05:53:24.642] RX< 736
[05:53:24.642] RX< [4] [cam] [614030][qpc0][qpc_core_exception_check:405]discontinuous frame, now: 3738, last: 3736
[05:53:24.642] RX< [RTMP] slow send frame 3667 len=21316 dt=56ms
[05:53:24.642] RX< [RTMP] slow send frame 3669 len=21480 dt=82ms
[05:53:24.642] RX< [RTMP] f_index = 3690, f_len = 11960
[05:53:24.642] RX< [4] [cam] [614418][qpc0][q
[05:53:24.661] RX< pc_core_exception_check:411]interp not finish in sof, fid: 3744
[05:53:24.661] RX< [4] [cam] [614436][qpc0][qpc_core_exception_check:411]interp not finish in sof, fid: 3744
[05:53:24.661] RX< [4] [cam] [614436][qpc0][qpc_core_exception_check:411]interp not finish in sof, fid: 3744
[05:53:24.661] RX< [4] [cam] [
[05:53:24.909] RX< 614437][qpc0][qpc_core_exception_check:411]interp not finish in sof, fid: 3744
[05:53:24.909] RX< [4] [cam] [614521][qpc0][qpc_core_exception_check:411]interp not finish in sof, fid: 3745
[05:53:24.909] RX< [4] [cam] [614694][qpc0][qpc_core_exception_check:411]interp not finish in sof, fid: 37
[05:53:24.909] RX< 48
[05:53:24.909] RX< 
[05:53:24.909] RX< ---- RV_Backtrace Call Frame Start: ----
[05:53:24.909] RX< ###Please consider the value of ra as accurate and the value of sp as only for reference###
[05:53:24.909] RX< ------------------------------Thread: ImuThread backtrace------------------------------
[05:53:24.909] RX< Current Thread Name:  ImuTh
[05:53:24.912] RX< read 
[05:53:24.912] RX< [0]Stack interval :[0x00000000884c0340 - 0x00000000884c0350]  ra 0x000000008825c79c pc 0x000000008825c798
[05:53:24.912] RX< [1]Stack interval :[0x00000000884c0350 - 0x00000000884c0360]  ra 0x000000008825c622 pc 0x000000008825c61e
[05:53:24.912] RX< [2]Stack interval :[0x00000000884c03
[05:53:24.912] RX< 60 - 0x00000000884c0380]  ra 0x000000008825c63c pc 0x000000008825c638
[05:53:24.912] RX< [3]Stack interval :[0x00000000884c0380 - 0x00000000884c03a0]  ra 0x000000000000373c pc 0x0000000000003738
[05:53:24.912] RX< [4]Stack interval :[0x00000000884c03a0 - 0x00000000884c03f0]  ra 0x000000008825
[05:53:24.928] RX< 95c8 pc 0x00000000882595c4
[05:53:24.928] RX< [5]Stack interval :[0x00000000884c03f0 - 0x00000000dedbef08]  ra 0x0000000088255dd8 pc 0x0000000088255dd4
[05:53:24.928] RX< 
[05:53:24.928] RX< riscv32-unknown-elf-addr2line -e out/jx009-evb-rv-nds-a45/a45_scenario_jx_evb.elf -a -f 8825c798 8825c61e 8825c638 3738 8
[05:53:26.930] RX< 82595c4 88255dd4 
[05:53:26.930] RX< ---- RV_Backtrace Call Frame End:----
[05:53:26.930] RX< 
[05:53:26.930] RX< 
[06:01:29.855] TX> rtmp_video_stop
[06:01:29.855] TX> echo "__EVBTEST_END_31acd901__"
