[05:50:17.148] TX> 
[05:50:18.149] TX> 
[05:50:19.013] RX< 
[05:50:19.013] RX< msh /emmc>[33m[W/ftp] service go wrong, now wait restarting...[0m
[05:50:19.013] RX< [33m[W/ftp] service go wrong, now wait restarting...[0m
[05:50:19.013] RX< [33m[W/ftp] service go wrong, now wait restarting...[0m
[05:50:19.013] RX< 
[05:50:19.013] RX< msh /emmc>[33m[W/ftp] service go wrong, now wait restarting...[0m
[05:50:19.013] RX< [
[05:50:19.214] TX> echo "EVBTEST_HELLO"
[05:50:19.214] TX> echo "__EVBTEST_END_e3b03348__"
[05:50:19.461] RX< 33m[W/ftp] service go wrong, now wait restarting...[0m
[05:50:19.461] RX< echo "EVBTEST_HELLO"
[05:50:19.461] RX< EVBTEST_HELLO
[05:50:19.461] RX< msh /emmc>echo "__EVBTEST_END_e3b03348__"
[05:50:19.461] RX< __EVBTEST_END_e3b03348__
[05:50:19.461] RX< msh /emmc>[33m[W/ftp] service go wrong, now wait restarting...[0m
[05:50:19.461] RX< [33m[W/ftp] service go wrong,
[05:50:19.663] TX> cd /
[05:50:19.663] TX> echo "__EVBTEST_END_51703128__"
[05:50:20.453] RX<  now wait restarting...[0m
[05:50:20.453] RX< cd /
[05:50:20.453] RX< msh />echo "__EVBTEST_END_51703128__"
[05:50:20.453] RX< __EVBTEST_END_51703128__
[05:50:20.453] RX< msh />[33m[W/ftp] service go wrong, now wait restarting...[0m
[05:50:20.453] RX< [33m[W/ftp] service go wrong, now wait restarting...[0m
[05:50:20.453] RX< [33m[W/ftp] service go wrong, now wai
[05:50:20.654] TX> dfs_video_stop
[05:50:20.654] TX> echo "__EVBTEST_END_afcbaab9__"
[05:50:21.142] RX< t restarting...[0m
[05:50:21.142] RX< dfs_video_stop
[05:50:21.142] RX< [6] [App Dfs] Please start recording the video first.
[05:50:21.142] RX< msh />echo "__EVBTEST_END_afcbaab9__"
[05:50:21.142] RX< __EVBTEST_END_afcbaab9__
[05:50:21.142] RX< msh />[33m[W/ftp] service go wrong, now wait restarting...[0m
[05:50:21.142] RX< [33m[W/ftp] service go wrong, now wait 
[05:50:21.343] TX> ftp_server
[05:50:21.343] TX> echo "__EVBTEST_END_7c4a61c7__"
[05:50:22.135] RX< restarting...[0m
[05:50:22.135] RX< ftp_server
[05:50:22.135] RX< 
[05:50:22.135] RX< [FTP] Ftp server init success!!!
[05:50:22.135] RX< msh />echo "__EVBTEST_END_7c4a61c7__"
[05:50:22.135] RX< __EVBTEST_END_7c4a61c7__
[05:50:22.135] RX< msh />[33m[W/ftp] service go wrong, now wait restarting...[0m
[05:50:22.135] RX< [33m[W/ftp] service go wrong, now wait restarting...[0m
[05:50:22.135] RX< [33m[
[05:50:23.462] RX< W/ftp] service go wrong, now wait restarting...[0m
[05:50:23.462] RX< [33m[W/ftp] service go wrong, now wait restarting...[0m
[05:50:23.462] RX< [33m[W/ftp] service go wrong, now wait restarting...[0m
[05:50:23.462] RX< [33m[W/ftp] service go wrong, now wait restarting...[0m
[05:50:23.462] RX< [33m[W/ftp] service go wrong,
[05:50:24.998] RX<  now wait restarting...[0m
[05:50:24.998] RX< [33m[W/ftp] service go wrong, now wait restarting...[0m
[05:50:24.998] RX< [33m[W/ftp] service go wrong, now wait restarting...[0m
[05:50:24.998] RX< [33m[W/ftp] service go wrong, now wait restarting...[0m
[05:50:24.998] RX< [33m[W/ftp] service go wrong, now wait restarting...
[05:50:26.150] RX< [0m
[05:50:26.150] RX< [33m[W/ftp] service go wrong, now wait restarting...[0m
[05:50:26.150] RX< [33m[W/ftp] service go wrong, now wait restarting...[0m
[05:50:26.150] RX< [33m[W/ftp] service go wrong, now wait restarting...[0m
[05:50:26.150] RX< [33m[W/ftp] service go wrong, now wait restarting...[0m
[05:50:26.150] RX< [33m[W/ftp] service
[05:50:27.142] RX<  go wrong, now wait restarting...[0m
[05:50:27.142] RX< [33m[W/ftp] service go wrong, now wait restarting...[0m
[05:50:27.142] RX< [33m[W/ftp] service go wrong, now wait restarting...[0m
[05:50:27.142] RX< wifi scan
[05:50:27.142] RX<              SSID                      MAC            security    rssi chn Mbps
[05:50:27.142] RX< ------------
[05:50:27.142] RX< ------------------- -----------------  -------------- ---- --- ----
[05:50:27.142] RX< KhalilFong                      fe:59:78:e3:7f:18  WPA2_AES_PSK   -31    6  144
[05:50:27.142] RX< alk_guest                       2c:97:b1:17:2e:a1  WPA2_MIXED_PSK -57    6   72
[05:50:27.142] RX< gravityXR                
[05:50:27.291] TX> wifi scan
[05:50:27.291] TX> echo "__EVBTEST_END_4297b905__"
[05:50:27.368] RX<        f4:e4:51:83:e3:00  WPA2_AES_PSK   -67    6  144
[05:50:27.368] RX< [33m[W/ftp] service go wrong, now wait restarting...[0m
[05:50:27.368] RX< [33m[W/ftp] service go wrong, now wait restarting...[0m
[05:50:27.368] RX< TP-LINK_756B                    0c:4b:54:8c:75:6b  WPA2_AES_PSK   -63   11  300
[05:50:27.368] RX< MTK
[05:50:27.464] RX< _CHEETAH_AP_2.4G             e0:ef:02:71:f5:71  OPEN           -41   13  300
[05:50:27.464] RX< SW-test-2.4G                    f8:ce:21:8b:a6:fc  WPA2_AES_PSK   -47   13  600
[05:50:27.464] RX< ftp_hw_2_4g                     e2:19:01:17:87:d1  WPA2_AES_PSK   -39    1  144
[05:50:27.464] RX< [33m[W/ftp] ser
[05:50:27.590] RX< vice go wrong, now wait restarting...[0m
[05:50:27.590] RX< realme GT Neo5 SE               6e:de:3b:69:a5:79  WPA2_AES_PSK   -54    4  144
[05:50:27.590] RX< gravityXR                       f4:e4:51:83:d5:80  WPA2_AES_PSK   -53    6  144
[05:50:27.590] RX<  Gwireless                      f4:e4:51:83:d5:81  W
[05:50:28.132] RX< PA2_AES_PSK   -51    6  144
[05:50:28.132] RX< G-Demo                          f4:e4:51:83:d5:82  WPA2_AES_PSK   -52    6  144
[05:50:28.132] RX< alk                             2c:97:b1:17:2e:a0  WPA2_AES_PSK   -57    6   72
[05:50:28.132] RX< [33m[W/ftp] service go wrong, now wait restarting...[0m
[05:50:28.132] RX< [33m[W
[05:50:29.003] RX< /ftp] service go wrong, now wait restarting...[0m
[05:50:29.003] RX< [33m[W/ftp] service go wrong, now wait restarting...[0m
[05:50:29.003] RX< [33m[W/ftp] service go wrong, now wait restarting...[0m
[05:50:29.003] RX< TP-LINK_5G_756B                 c2:45:86:39:8c:5f  WPA2_AES_PSK   -49    1  300
[05:50:29.003] RX< [33m[W/
[05:50:29.463] RX< ftp] service go wrong, now wait restarting...[0m
[05:50:29.463] RX< msh />echo "__EVBTEST_END_4297b905__"
[05:50:29.463] RX< __EVBTEST_END_4297b905__
[05:50:29.463] RX< msh />[33m[W/ftp] service go wrong, now wait restarting...[0m
[05:50:29.463] RX< [33m[W/ftp] service go wrong, now wait restarting...[0m
[05:50:29.463] RX< [33m[W/ftp] service 
[05:50:30.455] RX< go wrong, now wait restarting...[0m
[05:50:30.455] RX< [33m[W/ftp] service go wrong, now wait restarting...[0m
[05:50:30.455] RX< [33m[W/ftp] service go wrong, now wait restarting...[0m
[05:50:30.455] RX< [33m[W/ftp] service go wrong, now wait restarting...[0m
[05:50:30.455] RX< [33m[W/ftp] service go wrong, now wait resta
[05:50:30.971] RX< rting...[0m
[05:50:30.971] RX< ifconfig
[05:50:30.971] RX< network interface device: w0 (Default)
[05:50:30.971] RX< MTU: 1500
[05:50:30.971] RX< MAC: 8c ea 12 ba a8 2c 
[05:50:30.971] RX< FLAGS: UP LINK_UP INTERNET_UP DHCP_ENABLE ETHARP BROADCAST IGMP
[05:50:30.971] RX< ip address: 172.20.10.3
[05:50:30.971] RX< gw address: 172.20.10.1
[05:50:30.971] RX< net mask  : 255.255.255.240
[05:50:30.971] RX< dns server #0: 17
[05:50:30.986] RX< 2.20.10.1
[05:50:30.986] RX< dns server #1: 0.0.0.0
[05:50:30.986] RX< 
[05:50:30.986] RX< network interface device: w1
[05:50:30.986] RX< MTU: 1500
[05:50:30.986] RX< MAC: 8e ea 12 ba a8 2c 
[05:50:30.986] RX< FLAGS: UP LINK_DOWN INTERNET_DOWN DHCP_ENABLE ETHARP BROADCAST IGMP
[05:50:30.986] RX< ip address: 0.0.0.0
[05:50:30.986] RX< gw address: 0.0.0.0
[05:50:30.986] RX< net mask  : 0.0.0.0
[05:50:30.986] RX< dns server #0: 172.20.10.
[05:50:31.146] RX< 1
[05:50:31.146] RX< dns server #1: 0.0.0.0
[05:50:31.146] RX< msh />echo "__EVBTEST_END_e59[33m[W/ftp] service go wrong, now wait restarting...[0m
[05:50:31.146] RX< 60776__"
[05:50:31.146] RX< __EVBTEST_END_e5960776__
[05:50:31.146] RX< msh />[33m[W/ftp] service go wrong, now wait restarting...[0m
[05:50:31.146] RX< [33m[W/ftp] service go wrong, now wait resta
[05:50:31.168] TX> ifconfig
[05:50:31.168] TX> echo "__EVBTEST_END_e5960776__"
[05:50:31.379] TX> cd /emmc
[05:50:31.379] TX> echo "__EVBTEST_END_c6831d7c__"
[05:50:32.138] RX< rting...[0m
[05:50:32.138] RX< cd /emmc
[05:50:32.138] RX< msh /emmc>echo "__EVBTEST_END_c6831d7c__"
[05:50:32.138] RX< __EVBTEST_END_c6831d7c__
[05:50:32.138] RX< msh /emmc>[33m[W/ftp] service go wrong, now wait restarting...[0m
[05:50:32.138] RX< [33m[W/ftp] service go wrong, now wait restarting...[0m
[05:50:32.138] RX< [33m[W/ftp] service go wrong, now wait r
[05:50:32.340] TX> ftp_server
[05:50:32.340] TX> echo "__EVBTEST_END_300ed4a5__"
[05:50:32.464] RX< estarting...[0m
[05:50:32.464] RX< ftp_server
[05:50:32.464] RX< 
[05:50:32.464] RX< [FTP] Ftp server init success!!!
[05:50:32.464] RX< msh /emmc>echo "__EVBTEST_END_3[33m[W/ftp] service go wrong, now wait restarting...[0m
[05:50:32.464] RX< 00ed4a5__"
[05:50:32.464] RX< __EVBTEST_END_300ed4a5__
[05:50:32.464] RX< msh /emmc>[33m[W/ftp] service go wrong, now wait restarting...[0m
[05:50:33.536] RX< 
[05:50:33.536] RX< [33m[W/ftp] service go wrong, now wait restarting...[0m
[05:50:33.536] RX< [33m[W/ftp] service go wrong, now wait restarting...[0m
[05:50:33.536] RX< [33m[W/ftp] service go wrong, now wait restarting...[0m
[05:50:33.536] RX< [33m[W/ftp] service go wrong, now wait restarting...[0m
[05:50:33.536] RX< cam_set photo auto
[05:50:33.536] RX< [6] 
[05:50:33.736] TX> cam_set photo auto
[05:50:33.736] TX> echo "__EVBTEST_END_792464d3__"
[05:50:34.160] RX< [App Dfs] auto mode
[05:50:34.160] RX< msh /emmc>echo "__EVBTEST_END_792464d3__"
[05:50:34.160] RX< __EVBTEST_END_792464d3__
[05:50:34.160] RX< msh /emmc>[33m[W/ftp] service go wrong, now wait restarting...[0m
[05:50:34.160] RX< [33m[W/ftp] service go wrong, now wait restarting...[0m
[05:50:34.160] RX< [33m[W/ftp] service go wrong, now wait res
[05:50:35.168] RX< tarting...[0m
[05:50:35.168] RX< [33m[W/ftp] service go wrong, now wait restarting...[0m
[05:50:35.168] RX< [33m[W/ftp] service go wrong, now wait restarting...[0m
[05:50:35.168] RX< [33m[W/ftp] service go wrong, now wait restarting...[0m
[05:50:35.168] RX< [33m[W/ftp] service go wrong, now wait restarting...[0m
[05:50:35.168] RX< dfs_captu
[05:50:35.176] RX< re_start
[05:50:35.176] RX< [7] [cam] [195056][tshell][cgm_parse_bin:105]total logical camera num: 1
[05:50:35.176] RX< [6] [cam] [195056][tshell][cam_prelude_create:187]E id, 0
[05:50:35.176] RX< [7] [cam] [195057][cpl0][cam_prelude_proc_routine:101]thread start
[05:50:35.176] RX< [6] [cam] [195057][tshell][cam_prelude_create:21
[05:50:35.176] RX< 4]X ctx size 124 addr 0x8846a700
[05:50:35.176] RX< [6] [cam] [195063][tshell][sensor_probe:418]sensor [1]: identifing 0 success.
[05:50:35.176] RX< [6] [cam] [195064][tshell][sensor_probe:441]sensor [1]: probe exit!
[05:50:35.176] RX< [6] [cam] [195064][tshell][cam_prelude_fast_probe:251]cam: 0 probe result: 0
[05:50:35.179] RX< 
[05:50:35.179] RX< [6] [cam] [195065][tshell][cgm_parse_bin:215]cam(0) probe success
[05:50:35.179] RX< [6] [cam] [195065][tshell][cam_entry:435]entry ok
[05:50:35.179] RX< [34m[cam entry] perf=9441(us)!
[05:50:35.179] RX< [0m[6] [App Cam] cam entry success
[05:50:35.179] RX< [36mmem_laySolv: scenario=01 in=4032x3024, me_rotate=1 me_stripe=1 
[05:50:35.179] RX< 
[05:50:35.179] RX< [0m[36mmem_laySolv: me_rot 1, me_stripe 1, eis 0, be_rot 0
[05:50:35.179] RX< [0mscen1 type26 bufAdr 0x89d40b70 sz 0x1400000 reCfg for bound!
[05:50:35.179] RX< [36mmem_laySolv: scen01 20 entries solved OK!
[05:50:35.179] RX< [0m[7] [cam] [195067][tshell][cam_solve_whole_layout:355]
[05:50:35.179] RX< scen1: vol 0x8c000000
[05:50:35.182] RX<  rbuf 0x8a000000 sz 0x1400000 wbuf 0x8b400000 sz 0x200000
[05:50:35.182] RX< [36mmem_laySolv: scenario=02 in=2016x1512, me_rotate=0 me_stripe=0 
[05:50:35.182] RX< [0m[36mmem_laySolv: me_rot 0, me_stripe 0, eis 0, be_rot 0
[05:50:35.182] RX< [0mscen2 type15 bufAdr 0x89ce3ef0 sz 0xd00000 reCfg for bound!
[05:50:35.182] RX< [
[05:50:35.185] RX< 36mmem_laySolv: scen02 14 entries solved OK!
[05:50:35.185] RX< [0m[36mmem_laySolv: scenario=03 in=4032x2268, me_rotate=1 me_stripe=0 
[05:50:35.185] RX< [0m[36mmem_laySolv: me_rot 1, me_stripe 0, eis 0, be_rot 0
[05:50:35.185] RX< [0m[36mmem_laySolv: scen03 14 entries solved OK!
[05:50:35.185] RX< [0m[36mmem_laySolv: sc
[05:50:35.185] RX< enario=04 in=4032x3024, me_rotate=1 me_stripe=1 
[05:50:35.185] RX< [0m[36mmem_laySolv: me_rot 1, me_stripe 1, eis 0, be_rot 0
[05:50:35.185] RX< [0m[36mmem_laySolv: scen04 14 entries solved OK!
[05:50:35.185] RX< [0m[36mmem_laySolv: scenario=05 in=1008x0756, me_rotate=0 me_stripe=0 
[05:50:35.185] RX< [0m[36mmem_laySolv
[05:50:35.187] RX< : me_rot 0, me_stripe 0, eis 0, be_rot 0
[05:50:35.187] RX< [0m[36mmem_laySolv: scen05 17 entries solved OK!
[05:50:35.187] RX< [0m[36mmem_laySolv: scenario=06 in=1008x0720, me_rotate=0 me_stripe=0 
[05:50:35.187] RX< [0m[36mmem_laySolv: me_rot 0, me_stripe 0, eis 0, be_rot 0
[05:50:35.187] RX< [0m[36mmem_laySolv: scen06
[05:50:35.188] RX<  12 entries solved OK!
[05:50:35.188] RX< [0m[36mmem_laySolv: scenario=01 in=4032x3024, me_rotate=1 me_stripe=1 
[05:50:35.188] RX< [0mscen1 type26 bufAdr 0x89d40b70 sz 0x1400000 reCfg for bound!
[05:50:35.188] RX< [36mmem_laySolv: scen01 20 entries solved OK!
[05:50:35.188] RX< [0m[7] [cam] [195074][tshell][cam_solve_whole
[05:50:35.190] RX< _layout:383]Solve Whole-layout Done!
[05:50:35.190] RX< [6] [cam] [195075][tshell][cgm_parse_media_para:271]phy cam num: 1
[05:50:35.190] RX< [7] [cam] [195075][cer0][cer_recovery_proc:343]thread start cid, 0
[05:50:35.190] RX< [6] [cam] [195075][tshell][csc_open:443]SENSOR MCLK cal: 24MHz
[05:50:35.190] RX< [6] [cam] [195076][t
[05:50:35.190] RX< shell][csc_isp_clk_cal:344]MIPI CLK cal: 346MHz
[05:50:35.190] RX< [6] [cam] [195076][tshell][csc_isp_clk_cal:371]LITE CLK cal: 28MHz
[05:50:35.190] RX< [7] [cam] [195077][tshell][cpc_csi_rx_power_on:633]E id: 2
[05:50:35.190] RX< [4] [cam] [195077][tshell][cpc_csi_rx_power_on:644]csi_2 has already power on, ST
[05:50:35.197] RX< ATUS: 1
[05:50:35.197] RX< [6] [cam] [195078][tshell][cpc_update_clock:603]actual SNS mclk: 24MHz
[05:50:35.197] RX< [6] [cam] [195078][tshell][cpc_update_clock:608]actual MIPI0: 500MHz
[05:50:35.197] RX< [6] [cam] [195078][tshell][cpc_update_clock:598]actual LITE clk: 50MHz
[05:50:35.197] RX< [7] [cam] [195079][tshell][cam_prel
[05:50:35.197] RX< ude_open:297][34msnsOpen camID1 csiID0 phyIdx0[0m
[05:50:35.197] RX< [6] [cam] [195083][tshell][sensor_expo_gain_match:48]sensor get sensor expo gain of imx681_vst
[05:50:35.197] RX< [6] [cam] [195083][tshell][sensor_open:684]sensor [1] open OK.
[05:50:35.197] RX< [6] [cam] [195084][tshell][cam_cpm_parse_med
[05:50:35.199] RX< ia:280]photo scenario, media para[mfnr:0, hdr:0, capture_num:0]
[05:50:35.199] RX< [6] [cam] [195084][tshell][cam_cpm_parse_media:283]photo scenario, media para[iso:0, gain:0, wb_mode:0]
[05:50:35.199] RX< [6] [cam] [195085][tshell][csc_isp_clk_cal:353]FE CLK cal: 426MHz, ME CLK cal: 462MHz, 
[05:50:35.200] RX< FE/ME CLK cal: 508MHz
[05:50:35.200] RX< [6] [cam] [195085][tshell][csc_isp_clk_cal:360]BE CLK cal: 401MHz
[05:50:35.200] RX< [4] [cam] [195086][tshell][cam_fe_core_power_on:269]fe pipe has already power on, STATUS: 1
[05:50:35.200] RX< [6] [cam] [195086][tshell][cpc_update_clock:588]actual FE/ME clk: 550MHz
[05:50:35.200] RX< [
[05:50:35.203] RX< 4] [cam] [195087][tshell][cam_be_core_power_on:964]be pipe has already power on, STATUS: 1
[05:50:35.203] RX< [6] [cam] [195087][tshell][cpc_update_clock:593]actual BE clk: 500MHz
[05:50:35.203] RX< [7] [cam] [195088][tshell][cam_cpm_core_power_on:425]id,0 type,1 ret 0
[05:50:35.203] RX< [6] [cam] [195088][tshe
[05:50:35.203] RX< ll][cam_cpm_core_init:914]E id,0 sensor type,1
[05:50:35.203] RX< [6] [cam] [195089][tshell][cpm_core_check_tuningbin:854]Tuning bin crc check PASS! sum 0xc9b121ad, xor 0x29d57d51
[05:50:35.203] RX< [6] [cam] [195089][tshell][qpc_tuning_check_iqbin_validness:396]IQ bin addr: 0x8869de60, proje
[05:50:35.206] RX< ct_name: capture_12M
[05:50:35.206] RX< [6] [cam] [195091][tshell][qpc_tuning_check_iqbin_validness:397]total_size: 107856
[05:50:35.206] RX< [6] [cam] [195091][tshell][qpc_tuning_check_iqbin_validness:398]id_count: 93. ID_TOTAL: 94
[05:50:35.206] RX< [6] [cam] [195092][tshell][qpc_tuning_check_iqbin_validness
[05:50:35.206] RX< :399]spinel tuning data ver: V1.30
[05:50:35.206] RX< [6] [cam] [195092][tshell][cpm_core_check_tuningbin:868]IQ bin check success!
[05:50:35.206] RX< [6] [cam] [195092][tshell][cam_bm_core_init:94]E
[05:50:35.206] RX< [6] [cam] [195093][tshell][bm_lab_init:174]X ctx size 4 addr 0x88455450
[05:50:35.206] RX< [6] [cam] [195093][t
[05:50:35.213] RX< shell][cam_bm_core_init:114]X ctx size 180 addr 0x88474f68
[05:50:35.213] RX< [6] [cam] [195093][tshell][qpc_core_init:1218]E id,0
[05:50:35.213] RX< [6] [cam] [195094][tshell][qpc_queue_init:65]QPC init qnodes 8, size 508, pool 0x88475f18
[05:50:35.213] RX< [6] [cam] [195094][tshell][_qpc_get_cap_cfg_para:892]
[05:50:35.213] RX< preset capCfg 200 3 4
[05:50:35.213] RX< [7] [cam] [195095][tshell][_qpc_cfg_hdr_frms:840]hdr preset - gainThres 1600
[05:50:35.213] RX< FrmNB:	TNR	|EV-	|EV0	|EV+
[05:50:35.213] RX< LDR:	 3	| 5	| -	| 3
[05:50:35.213] RX< LLLDR:	 3	| 5	| -	| 3
[05:50:35.213] RX< HDR:	 3	| 5	| 3	| 1
[05:50:35.213] RX< LLHDR:	 3	| 5	| 3	| 1
[05:50:35.213] RX< 
[05:50:35.213] RX< [6] [cam] [195100][tshell][qpc_core_init:1264
[05:50:35.217] RX< ]X ctx size 3800 addr 0x88475030
[05:50:35.217] RX< [6] [cam] [195100][tshell][cpm_core_get_param:666]cpm para chk: tunBin-w 4000 h 3000 img-w 4032 h 3024
[05:50:35.217] RX< [6] [cam] [195101][tshell][cam_fe_core_init:436]E id,0
[05:50:35.217] RX< [6] [cam] [195101][tshell][cam_fe_core_init:490]X ctx size 100 a
[05:50:35.217] RX< ddr 0x88482428
[05:50:35.217] RX< [7] [cam] [195102][tshell][qpc_core_fe_chords_init:1659][34mqpc fe init snsOut w 4032 h 3024, tbl w 28 h 20[0m
[05:50:35.217] RX< [6] [cam] [195102][tshell][cam_me_core_init:1474]X ctx size 1352 addr 0x884a1e18
[05:50:35.217] RX< [34m[ME SLICE CFG] perf=1417(us)!
[05:50:35.217] RX< [0m[6] [c
[05:50:35.220] RX< am] [195105][tshell][cam_bayer_fe_3a_stats_core_init:445]fe 3a id,0
[05:50:35.220] RX< [6] [cam] [195105][tshell][cam_bayer_fe_3a_stats_core_init:490]X ctx size 132 addr 0x884aa838
[05:50:35.220] RX< [6] [cam] [195105][tshell][cam_be_core_init:618]E id,0
[05:50:35.220] RX< [7] [cam] [195106][be0][be_core_irq_p
[05:50:35.220] RX< roc:267]thread start cid,0
[05:50:35.220] RX< [6] [cam] [195106][tshell][cam_be_core_init:710]X ctx size 464 addr 0x884aabc8
[05:50:35.220] RX< [6] [cam] [195107][tshell][cam_lite_core_init:433]E id,0
[05:50:35.220] RX< [7] [cam] [195107][lite0][lite_core_irq_proc:152]thread start cid,0
[05:50:35.220] RX< [6] [cam] [195108][tshe
[05:50:35.224] RX< ll][cam_lite_core_init:497]X ctx size 164 addr 0x884ad618
[05:50:35.224] RX< [6] [cam] [195108][tshell][awb_wrapper_init:66]xxx awb_bin=0x88478604, awb_bin_length=8068
[05:50:35.224] RX< [6] [cam] [195109][tshell][awb_wrapper_init:86]X algo_handle 0x884b8168
[05:50:35.224] RX< [7] [cam] [195109][awb0][a5_core_w
[05:50:35.224] RX< rapper_task:252]thread start cid,0 algo type,2
[05:50:35.224] RX< [6] [cam] [195109][tshell][a5_core_init_task:426]thread created: awb0 mq=0x884b1628 thread=0x884b1740 sem=0x884b15b8 ret=0
[05:50:35.224] RX< [6] [cam] [195110][tshell][bayer_ae_wrapper_init:68]E id,0 proc mode 1 
[05:50:35.224] RX< 
[05:50:35.224] RX< [AEC Proc] 
[05:50:35.227] RX< @[allib_ae_set_debug_log_flag] Line:129:[DEBUG] debug level/to_file/to_terminal: 22/1/1
[05:50:35.227] RX< [AEC Proc] @[AeInit] Line:377:[INFO] AE ver: 2026_V2.269
[05:50:35.227] RX< 
[05:50:35.227] RX< [AEC Proc] @[allib_ae_loadfunc] Line:193:[INFO] camera ID: 0
[05:50:35.227] RX< [AEC Proc] @[alAE_set_param] Line:575:[DEBUG] sw
[05:50:35.227] RX< _maxtime 66381 ,pertline 9444, after check sensor step sw_max_time 66375.00
[05:50:35.227] RX< [AEC Proc] @[alAE_set_param] Line:580:[DEBUG] sw_mintime 37 ,pertline 9444, after check sensor step sw_min_time 36.00
[05:50:35.227] RX< [AEC Proc] @[alAE_set_param] Line:513:[DEBUG] DEBUG minbv exp
[05:50:35.230] RX< time 9 gain 100, minExpBV 14098
[05:50:35.230] RX< [AEC Proc] @[AeTuningParseSet] Line:167:[DEBUG] aeparam version 2.268 60704
[05:50:35.230] RX< [AEC Proc] @[alAE_set_param] Line:340:[DEBUG] INITEXP gain 100, shutter 8000, midtonegain 100, bv 4303
[05:50:35.230] RX< [6] [cam] [195116][tshell][bayer_ae_wrapper
[05:50:35.230] RX< _init:119]X tline 9444 max_exp 66381 alg_hdl 0x884b6da8 
[05:50:35.230] RX< [7] [cam] [195116][b_ae0][a5_core_wrapper_task:252]thread start cid,0 algo type,0
[05:50:35.230] RX< [6] [cam] [195117][tshell][a5_core_init_task:426]thread created: b_ae0 mq=0x884b7dc0 thread=0x884c0c78 sem=0x884b28a
[05:50:35.232] RX< 0 ret=0
[05:50:35.232] RX< [6] [cam] [195117][tshell][atf_wrapper_init:67]E id,0
[05:50:35.232] RX< [6] [cam] [195118][tshell][atf_wrapper_init:107]X alg_ctx addr 0x884c3138
[05:50:35.232] RX< [7] [cam] [195118][atf0][a5_core_wrapper_task:252]thread start cid,0 algo type,1
[05:50:35.232] RX< [6] [cam] [195119][tshell][a5_core_in
[05:50:35.233] RX< it_task:426]thread created: atf0 mq=0x884c5490 thread=0x884c55a8 sem=0x884c5420 ret=0
[05:50:35.233] RX< [6] [cam] [195119][tshell][cam_cpm_core_init:1030]X ctx size 1064 addr 0x884712d8
[05:50:35.233] RX< [6] [cam] [195120][tshell][csc_open:527]ok! phys_id[1], phys_num[1] 
[05:50:35.233] RX< [6] [cam] [195120]
[05:50:35.240] RX< [tshell][cam_open:699]open ok! camera_id[0]
[05:50:35.240] RX< [34m[cam open] perf=55205(us)!
[05:50:35.240] RX< [0m[6] [App Cam] cam open success
[05:50:35.240] RX< [6] [cam] [195126][tshell][csc_init:637]sensor info:size:4032x3024, formt: 0x2b, bps: 2496, tline: 9444
[05:50:35.240] RX< [6] [cam] [195126][tshell][cam_sif_mgr_
[05:50:35.240] RX< init:261]E id,0
[05:50:35.240] RX< [7] [cam] [195127][sif0][sif_irq_proc:151]thread start cid,0
[05:50:35.240] RX< [6] [cam] [195127][tshell][cam_sif_mgr_init:293]X ctx size 52 addr 0x884de5f0
[05:50:35.240] RX< [7] [cam] [195128][tshell][sif_btm_paramSet:102]btm lite w4032 h4032 binEn1 binRatio2
[05:50:35.240] RX< [7] [cam] [19
[05:50:35.253] RX< 5128][tshell][sif_btm_paramSet:106]cropSlct2 x0 y0 w4032 h4032
[05:50:35.253] RX< [6] [cam] [195129][tshell][cam_prelude_init_cfg:368]CSI ID is 0,  phy lanes is 2.
[05:50:35.253] RX< [7] [cam] [195129][tshell][check_phy_ready:96]MIPI_PHY[0] is ready
[05:50:35.253] RX< [6] [cam] [195130][tshell][sensor_init:348
[05:50:35.271] RX< ]sensor [1]: register ok
[05:50:35.271] RX< [6] [cam] [195130][tshell][sensor_set_mode:852]sensor [1]: SetMode -> mode = 0.
[05:50:35.271] RX< [6] [cam] [195131][tshell][sensor_send_reg_tab_to_sensor:704]sensor [1]: send_reg_tab_to_sensor E.
[05:50:35.271] RX< [6] [cam] [195141][tshell][sensor_send_reg_tab_to_s
[05:50:35.271] RX< ensor:726]sensor [1]: reg_count = 77.
[05:50:35.271] RX< [6] [cam] [195143][tshell][sensor_init:361]sensor [1]: init success.
[05:50:35.271] RX< [6] [cam] [195143][tshell][sensor_set_mode:852]sensor [1]: SetMode -> mode = 1.
[05:50:35.271] RX< [6] [cam] [195144][tshell][sensor_send_reg_tab_to_sensor:704]sensor 
[05:50:35.274] RX< [1]: send_reg_tab_to_sensor E.
[05:50:35.274] RX< [6] [cam] [195159][tshell][sensor_send_reg_tab_to_sensor:726]sensor [1]: reg_count = 84.
[05:50:35.274] RX< [6] [cam] [195159][tshell][csc_init:646]ok! phys_id[1], phys_num[1]
[05:50:35.274] RX< [6] [cam] [195159][tshell][csc_get_bayer_single_buffer:1038]scenari
[05:50:35.274] RX< o_type: 1
[05:50:35.274] RX< [6] [cam] [195160][tshell][csc_set_stats_fmt:98]index 0 w 1 h 1 bw 8 wcmp 255
[05:50:35.274] RX< [7] [cam] [195160][tshell][bm_ioctl:201]BMIOC_STATS_FMT
[05:50:35.274] RX< [6] [cam] [195160][tshell][csc_set_fe_fmt:47]index 1 w 4032 h 3024 bw 10 wcmp 0
[05:50:35.274] RX< [7] [cam] [195161][tshell][bm_
[05:50:35.277] RX< ioctl:201]BMIOC_FE_FMT
[05:50:35.277] RX< [6] [cam] [195161][tshell][csc_set_lite_fmt:115]index 2 w 1008 h 720 bw 8 wcmp 255
[05:50:35.277] RX< [7] [cam] [195162][tshell][bm_ioctl:201]BMIOC_LITE_FMT
[05:50:35.277] RX< [6] [cam] [195162][tshell][csc_set_lite_fmt:115]index 21 w 1008 h 720 bw 8 wcmp 255
[05:50:35.277] RX< [7] [cam]
[05:50:35.277] RX<  [195163][tshell][bm_ioctl:201]BMIOC_LITE_FMT
[05:50:35.277] RX< [6] [cam] [195163][tshell][csc_set_be_fmt:81]index 25 w 0 h 0 bw 8 wcmp 255
[05:50:35.277] RX< [7] [cam] [195163][tshell][bm_ioctl:201]BMIOC_BE_FMT
[05:50:35.277] RX< [6] [cam] [195163][tshell][csc_set_be_fmt:81]index 22 w 480 h 360 bw 8 wcmp 255
[05:50:35.279] RX< 
[05:50:35.279] RX< [7] [cam] [195164][tshell][bm_ioctl:201]BMIOC_BE_FMT
[05:50:35.279] RX< [6] [cam] [195164][tshell][csc_set_me_fmt:64]index 5 w 3024 h 4032 bw 10 wcmp 0, rdma_addr 0x8919f780, wdma_addr 0x8919f780
[05:50:35.279] RX< [7] [cam] [195165][tshell][bm_ioctl:201]BMIOC_ME_FMT
[05:50:35.279] RX< [6] [cam] [195165][tshel
[05:50:35.280] RX< l][csc_set_me_fmt:64]index 6 w 3024 h 4032 bw 8 wcmp 255, rdma_addr 0x88795200, wdma_addr 0x8c000000
[05:50:35.280] RX< [6] [cam] [195166][tshell][cam_me_core_buffer_cfg:1367]
[05:50:35.280] RX< ----ME PIPE INFO---
[05:50:35.280] RX<  wdma_buf_num:1, rotation_en: 1
[05:50:35.280] RX< [7] [cam] [195166][tshell][cam_me_core_buffer_
[05:50:35.282] RX< cfg:1375]yuv wdma_addr 0:0x8c000000, meta_en: 0, 0x00000000
[05:50:35.282] RX< [7] [cam] [195167][tshell][bm_ioctl:201]BMIOC_ME_FMT
[05:50:35.282] RX< [6] [cam] [195167][tshell][csc_init:654]get otp ok! phys_id[1], phys_num[1]
[05:50:35.282] RX< [6] [cam] [195168][tshell][cam_init:789]init ok! logic_id[0]
[05:50:35.282] RX< [34
[05:50:35.282] RX< m[cam init] perf=41672(us)!
[05:50:35.282] RX< [0m[6] [App Cam] cam init success
[05:50:35.282] RX< [7] [cam] [195169][tshell][cam_cpm_core_stream_on:541]id 0 sensor type 1
[05:50:35.282] RX< [6] [cam] [195169][tshell][sensor_stream_on:979]sensor [1]: stream_on
[05:50:35.282] RX< [6] [cam] [195170][tshell][sensor_stream_on:1007
[05:50:35.300] RX< ]sensor [1]: REG: 0x100, W:0x1.
[05:50:35.300] RX< [6] [cam] [195170][tshell][sensor_stream_on:1009]sensor [1]: REG: 0x100, R:0x1.
[05:50:35.300] RX< [6] [cam] [195170][tshell][csc_prv_start:783]ok! phys_id[1], phys_num[1], cam_ids[1]
[05:50:35.300] RX< [6] [cam] [195171][tshell][cam_start:897]preview start ok!
[05:50:35.300] RX<  logic_id[0]
[05:50:35.300] RX< [34m[cam start] perf=2417(us)!
[05:50:35.300] RX< [0m[6] [App Cam] cam start success
[05:50:35.300] RX< [6] [App Dfs] Gravity_XR Capture Start
[05:50:35.300] RX< msh /emmc>echo "__EVBTEST_END_292c8eb2__"
[05:50:35.300] RX< __EVBTEST_END_292c8eb2__
[05:50:35.300] RX< msh /emmc>[7] [cam] [195172][b_3a_sts][bayer_stats_core_irq_proc:164
[05:50:35.341] RX< ]thread start cid,0
[05:50:35.341] RX< [7] [cam] [195173][fe0][fe_core_irq_proc:98]thread start cid,0
[05:50:35.341] RX< [34m[AE] fid=0,exp=10089,adg=344,Y=1233,mtg=100,shg=100,bgbv=2256,iso=344,cnv0,hdr0
[05:50:35.341] RX< [0m[34m[b_ae0 proc] perf=2697(us), max=2697(us)!
[05:50:35.341] RX< [0m[34m[awb0 proc] perf=1459(us),
[05:50:35.362] TX> dfs_capture_start
[05:50:35.362] TX> echo "__EVBTEST_END_292c8eb2__"
[05:50:35.706] RX<  max=1459(us)!
[05:50:35.706] RX< [0m[33m[W/ftp] service go wrong, now wait restarting...[0m
[05:50:35.706] RX< [34m[AE conv] fid=11,exp=12645,adg=400,Y=4701,mtg=346,shg=100,bgbv=1711,iso=400,cnv1,hdr1
[05:50:35.706] RX< [0m[7] [cam] [195577][fe0][_qpc_hdr_rslt_chk:1564]
[05:50:35.706] RX< ALG: EV0 t12645 g400 | EV+ t12645 g
[05:50:35.742] RX< 400 | EV- t10215 g138
[05:50:35.742] RX< [6] [cam] [195578][fe0][qpc_core_hdr_mapExp_cfg:1632]evMapExp set OK, typ:2 1 FF num:3 5 0
[05:50:35.742] RX< [34m[cap] FE sync ME @fid11 as mod2 cfg0x01, cap 8frms @fid+3
[05:50:35.742] RX< [0m[7] [cam] [195615][qpc0][qpc_core_hdr_upd_sensor:558][HDRupd]: Sns cap-0 E
[05:50:35.808] RX< V:0->2 st-12645 ag-400
[05:50:35.808] RX< [6] [cam] [195660][me0][cpm_cb_fe2me_tikChk:152]frm_length 33330us, fe2me delta 12
[05:50:35.808] RX< [7] [cam] [195660][qpc0][qpc_core_hdr_upd_me:605][HDRupd] ME cap-0 EV:0->2, dg-100
[05:50:35.808] RX< [7] [JPEG] frame num=8, pre frame=873813 Bytes
[05:50:35.808] RX< [exif] cap 0, bv 17
[05:50:35.870] RX< 02 exp 12645 iso 400 time 195667
[05:50:35.870] RX< [6] [cam] [195681][fe0][_cpm_cb_jpegInfo_proc:602]SnapStream E @ frm15!
[05:50:35.870] RX< [cap] oFrm15 Ym14792 bv1412 lux212
[05:50:35.870] RX< [32m[BE] fid=0, perf=1450(us), max=1450(us)!
[05:50:35.870] RX< [0m[7] [cam] [195717][qpc0][qpc_core_hdr_upd_sensor:558][HDRupd]: S
[05:50:35.908] RX< ns cap-3 EV:2->1 st-10215 ag-138
[05:50:35.908] RX< [34m[cap] fid: me0 fe16, perf=556730(us)!
[05:50:35.908] RX< [0m[7] [cam] [195728][me0][me_core_thread:322]ME out fid 0
[05:50:35.908] RX< [cap] oFrm16 Ym15806 bv1251 lux190
[05:50:35.908] RX< [cap] oFrm17 Ym15941 bv1308 lux198
[05:50:35.908] RX< [exif] cap 3, bv 1702 exp 10215 iso 138 time 1957
[05:50:36.086] RX< 70
[05:50:36.086] RX< [cap] oFrm18 Ym5820 bv-162 lux71
[05:50:36.086] RX< [cap] oFrm19 Ym6417 bv-145 lux72
[05:50:36.086] RX< [cap] oFrm20 Ym6458 bv-305 lux64
[05:50:36.086] RX< [33m[W/ftp] service go wrong, now wait restarting...[0m
[05:50:36.086] RX< [cap] oFrm21 Ym6431 bv-235 lux68
[05:50:36.086] RX< [cap] oFrm22 Ym7643 bv-1774 lux23
[05:50:36.086] RX< [6] [cam] [195947][fe0][_cpm_
[05:50:36.227] RX< cb_jpegInfo_proc:610]SnapStream X @ frm23!
[05:50:36.227] RX< [34m[cap] fid: me7 fe23, perf=33185(us)!
[05:50:36.227] RX< [0m[33m[W/ftp] service go wrong, now wait restarting...[0m
[05:50:36.227] RX< [33m[W/ftp] service go wrong, now wait restarting...[0m
[05:50:36.227] RX< [6] [App Dfs] Gravity_XR Capture Stop Success: tota
[05:50:36.228] RX< l frames = 8
[05:50:36.228] RX< [6] [cam] [196113][DfsSend][sensor_stream_off:1143]sensor [1]: stream_off
[05:50:36.228] RX< [6] [cam] [196114][DfsSend][sensor_stream_off:1172]sensor [1]: REG: 0x100, W:0x0.
[05:50:36.228] RX< [6] [cam] [196114][DfsSend][sensor_stream_off:1174]sensor [1]: REG: 0x100, R:0x0.
[05:50:36.228] RX< [6] 
[05:50:36.236] RX< [cam] [196114][DfsSend][csc_prv_stop:893]ok! phys_id[1], phys_num[1], stop_type = 0
[05:50:36.236] RX< [6] [cam] [196115][DfsSend][cam_stop:1017]preview stop ok! logic_id[0]
[05:50:36.236] RX< [34m[cam stop] perf=2445(us)!
[05:50:36.236] RX< [0m[6] [App Cam] cam stop success
[05:50:36.236] RX< [7] [cam] [196116][DfsSend][cam_c
[05:50:36.237] RX< pm_core_power_off:457]id,0 type,1 ret 0
[05:50:36.237] RX< [6] [cam] [196116][sif0][sif_irq_proc:174]thread release cid,0
[05:50:36.237] RX< [6] [cam] [196117][DfsSend][cam_sif_mgr_deinit:316]X
[05:50:36.237] RX< [6] [cam] [196117][DfsSend][cam_deinit:846]deinit ok! logic_id[0]
[05:50:36.237] RX< [34m[cam deinit] perf=1237(us)!
[05:50:36.237] RX< 
[05:50:36.237] RX< [0m[6] [App Cam] cam deinit success
[05:50:36.237] RX< [6] [cam] [196118][DfsSend][sensor_close:1247]sensor [1]: close!
[05:50:36.237] RX< [6] [cam] [196120][DfsSend][cam_bm_core_deinit:136]X
[05:50:36.237] RX< [INFO]	cpm[0] snsType1 capMod2 cfg0x01 8frms
[05:50:36.237] RX< [head]  frmID ref 11 eff 15 sns 13 cdma 14 
[05:50:36.237] RX< [AErlt] 
[05:50:36.237] RX< flags fid 11 isWdr 1 isConv 1 sport 0 scen 1
[05:50:36.237] RX<         info  Lux 261 Ymean 4701 nxtBV -149 bgBV 1711
[05:50:36.237] RX< [exp]   norm  st12645 adg00400 ispg00100
[05:50:36.237] RX<         short st10215 adg00138 ispg00100
[05:50:36.237] RX<         long  st12645 adg00400 ispg00100
[05:50:36.237] RX< [head]  frmID ref 10 eff 14 sns
[05:50:36.237] RX<  12 cdma 13 
[05:50:36.237] RX< [AErlt] flags fid 10 isWdr 0 isConv 2 sport 0 scen 0
[05:50:36.237] RX<         info  Lux 259 Ymean 4666 nxtBV 1632 bgBV 1700
[05:50:36.237] RX< [exp]   norm  st12744 adg00400 ispg00100
[05:50:36.237] RX<         short st00000 adg00000 ispg00100
[05:50:36.237] RX<         long  st00000 adg00000 ispg00100
[05:50:36.237] RX< [head]  fr
[05:50:36.237] RX< mID ref 9 eff 13 sns 11 cdma 12 
[05:50:36.237] RX< [AErlt] flags fid 9 isWdr 0 isConv 0 sport 0 scen 0
[05:50:36.237] RX<         info  Lux 260 Ymean 4591 nxtBV 1632 bgBV 1702
[05:50:36.237] RX< [exp]   norm  st12726 adg00400 ispg00100
[05:50:36.237] RX<         short st00000 adg00000 ispg00100
[05:50:36.237] RX<         long  st00000 adg00000 is
[05:50:36.240] RX< pg00100
[05:50:36.240] RX< [head]  frmID ref 8 eff 12 sns 10 cdma 11 
[05:50:36.240] RX< [AErlt] flags fid 8 isWdr 0 isConv 0 sport 0 scen 0
[05:50:36.240] RX<         info  Lux 256 Ymean 5057 nxtBV 1614 bgBV 1682
[05:50:36.240] RX< [exp]   norm  st12906 adg00400 ispg00100
[05:50:36.240] RX<         short st00000 adg00000 ispg00100
[05:50:36.240] RX<         long  
[05:50:36.240] RX< st00000 adg00000 ispg00100
[05:50:36.240] RX< [head]  frmID ref 7 eff 11 sns 9 cdma 10 
[05:50:36.240] RX< [AErlt] flags fid 7 isWdr 0 isConv 0 sport 0 scen 0
[05:50:36.240] RX<         info  Lux 266 Ymean 2869 nxtBV 1668 bgBV 1736
[05:50:36.240] RX< [exp]   norm  st12429 adg00400 ispg00100
[05:50:36.240] RX<         short st00000 adg00000 ispg00
[05:50:36.242] RX< 100
[05:50:36.242] RX<         long  st00000 adg00000 ispg00100
[05:50:36.242] RX< [6] [cam] [196128][be0][be_core_irq_proc:326]thread release cid,0
[05:50:36.242] RX< [6] [cam] [196128][DfsSend][cam_be_core_deinit:787]X
[05:50:36.242] RX< [6] [cam] [196128][me0][me_core_thread:367]thread release cid,0
[05:50:36.242] RX< [6] [cam] [196129][DfsSend
[05:50:36.243] RX< ][cam_me_core_deinit:1502]X
[05:50:36.243] RX< [6] [cam] [196129][fe0][fe_core_irq_proc:121]thread release cid,0
[05:50:36.243] RX< [6] [cam] [196129][DfsSend][cam_fe_core_deinit:536]X
[05:50:36.243] RX< [6] [cam] [196130][b_3a_sts][bayer_stats_core_irq_proc:193]thread release cid,0
[05:50:36.243] RX< [6] [cam] [196130][DfsSend]
[05:50:36.245] RX< [cam_bayer_stats_core_deinit:512]X
[05:50:36.245] RX< [6] [cam] [196130][lite0][lite_core_irq_proc:190]thread release cid,0
[05:50:36.245] RX< [6] [cam] [196131][DfsSend][cam_lite_core_deinit:556]X
[05:50:36.245] RX< [6] [cam] [196131][b_ae0][a5_core_wrapper_task:315]thread release cid,0,algo,0
[05:50:36.245] RX< [6] [cam] [1961
[05:50:36.245] RX< 31][DfsSend][bayer_ae_wrapper_deinit:204]X
[05:50:36.245] RX< [6] [cam] [196132][atf0][a5_core_wrapper_task:315]thread release cid,0,algo,1
[05:50:36.245] RX< [6] [cam] [196132][DfsSend][atf_wrapper_deinit:153]X
[05:50:36.245] RX< [6] [cam] [196133][awb0][a5_core_wrapper_task:315]thread release cid,0,algo,2
[05:50:36.245] RX< [6
[05:50:36.248] RX< ] [cam] [196133][DfsSend][awb_wrapper_deinit:153]X
[05:50:36.248] RX< [6] [cam] [196133][DfsSend][cam_5a_core_deinit:555]X
[05:50:36.248] RX< [6] [cam] [196134][DfsSend][cam_5a_inf_deinit:149]X
[05:50:36.248] RX< [6] [cam] [196134][qpc0][qpc_core_msg_proc:697]thread release cid,0
[05:50:36.248] RX< [6] [cam] [196134][DfsSend][qp
[05:50:36.248] RX< c_core_deinit:1330]X
[05:50:36.248] RX< [6] [cam] [196135][DfsSend][cam_cpm_core_deinit:1107]X
[05:50:36.248] RX< [6] [cam] [196135][DfsSend][csc_close:584]ok! phys_id[1], phys_num[1]
[05:50:36.248] RX< [7] [cam] [196135][cer0][cer_recovery_proc:352]msg type = 254
[05:50:36.248] RX< [6] [cam] [196135][cer0][cer_recovery_proc:454
[05:50:36.272] RX< ]thread release cid,0
[05:50:36.272] RX< [6] [cam] [196136][DfsSend][cer_deinit:560]X
[05:50:36.272] RX< [6] [cam] [196136][DfsSend][cam_close:750]close ok! logic_id[0]
[05:50:36.272] RX< [34m[cam close] perf=18912(us)!
[05:50:36.272] RX< [0m[6] [App Cam] cam close success
[05:50:36.272] RX< [6] [cam] [196137][cpl0][cam_prelude_proc_routine:136
[05:50:36.272] RX< ]thread release
[05:50:36.272] RX< [6] [cam] [196137][DfsSend][cam_exit:551]exit ok!
[05:50:36.272] RX< [34m[cam exit] perf=662(us)!
[05:50:36.272] RX< [0m[6] [App Cam] cam exit success
[05:50:36.272] RX< [6] [App Cam] jpeg deinit success
[05:50:36.272] RX< [6] [App Dfs] Save Photo Successful: /emmc/PIC/20260101_000315_5172/
[05:50:36.272] RX< [6] [App Dfs] Captur
[05:50:36.482] TX> ftp_server
[05:50:36.482] TX> echo "__EVBTEST_END_9f01a0b5__"
[05:50:37.009] RX< e completed successfully.
[05:50:37.009] RX< ftp_server
[05:50:37.009] RX< 
[05:50:37.009] RX< [FTP] Ftp server init success!!!
[05:50:37.009] RX< msh /emmc>echo "__EVBTEST_END_9f01a0b5__"
[05:50:37.009] RX< __EVBTEST_END_9f01a0b5__
[05:50:37.009] RX< msh /emmc>[33m[W/ftp] service go wrong, now wait restarting...[0m
[05:50:37.009] RX< [33m[W/ftp] service go wrong, now wait restart
[05:50:38.013] RX< ing...[0m
[05:50:38.013] RX< [33m[W/ftp] service go wrong, now wait restarting...[0m
[05:50:38.013] RX< [33m[W/ftp] service go wrong, now wait restarting...[0m
[05:50:38.013] RX< [33m[W/ftp] service go wrong, now wait restarting...[0m
[05:50:38.013] RX< [33m[W/ftp] service go wrong, now wait restarting...[0m
[05:50:38.013] RX< [33m[W/ftp] 
[05:50:38.469] RX< service go wrong, now wait restarting...[0m
[05:50:38.469] RX< [33m[W/ftp] service go wrong, now wait restarting...[0m
[05:50:38.469] RX< [33m[W/ftp] service go wrong, now wait restarting...[0m
[05:50:38.469] RX< [33m[W/ftp] service go wrong, now wait restarting...[0m
[05:50:38.469] RX< [33m[W/ftp] service go wrong, now wa
[05:50:39.468] RX< it restarting...[0m
[05:50:39.468] RX< [33m[W/ftp] service go wrong, now wait restarting...[0m
[05:50:39.468] RX< [33m[W/ftp] service go wrong, now wait restarting...[0m
[05:50:39.468] RX< [33m[W/ftp] service go wrong, now wait restarting...[0m
[05:50:39.468] RX< [33m[W/ftp] service go wrong, now wait restarting...[0m
[05:50:39.468] RX< [3
[05:50:40.165] RX< 3m[W/ftp] service go wrong, now wait restarting...[0m
[05:50:40.165] RX< [33m[W/ftp] service go wrong, now wait restarting...[0m
[05:50:40.165] RX< [33m[W/ftp] service go wrong, now wait restarting...[0m
[05:50:40.165] RX< [33m[W/ftp] service go wrong, now wait restarting...[0m
[05:50:40.165] RX< [33m[W/ftp] service go wro
[05:50:41.165] RX< ng, now wait restarting...[0m
[05:50:41.165] RX< [33m[W/ftp] service go wrong, now wait restarting...[0m
[05:50:41.165] RX< [33m[W/ftp] service go wrong, now wait restarting...[0m
[05:50:41.165] RX< [33m[W/ftp] service go wrong, now wait restarting...[0m
[05:50:41.165] RX< [33m[W/ftp] service go wrong, now wait restarting.
[05:50:42.141] RX< ..[0m
[05:50:42.141] RX< [33m[W/ftp] service go wrong, now wait restarting...[0m
[05:50:42.141] RX< [33m[W/ftp] service go wrong, now wait restarting...[0m
[05:50:42.141] RX< [33m[W/ftp] service go wrong, now wait restarting...[0m
[05:50:42.141] RX< [33m[W/ftp] service go wrong, now wait restarting...[0m
[05:50:42.141] RX< [33m[W/ftp] serv
[05:50:42.468] RX< ice go wrong, now wait restarting...[0m
[05:50:42.468] RX< [33m[W/ftp] service go wrong, now wait restarting...[0m
[05:50:42.468] RX< [33m[W/ftp] service go wrong, now wait restarting...[0m
[05:50:42.468] RX< [33m[W/ftp] service go wrong, now wait restarting...[0m
[05:50:42.468] RX< [33m[W/ftp] service go wrong, now wait r
[05:50:43.276] RX< estarting...[0m
[05:50:43.276] RX< [33m[W/ftp] service go wrong, now wait restarting...[0m
[05:50:43.276] RX< [33m[W/ftp] service go wrong, now wait restarting...[0m
[05:50:43.276] RX< [33m[W/ftp] service go wrong, now wait restarting...[0m
[05:50:43.276] RX< [33m[W/ftp] service go wrong, now wait restarting...[0m
[05:50:43.276] RX< [33m[W
[05:50:44.165] RX< /ftp] service go wrong, now wait restarting...[0m
[05:50:44.165] RX< [33m[W/ftp] service go wrong, now wait restarting...[0m
[05:50:44.165] RX< [33m[W/ftp] service go wrong, now wait restarting...[0m
[05:50:44.165] RX< [33m[W/ftp] service go wrong, now wait restarting...[0m
[05:50:44.165] RX< [33m[W/ftp] service go wrong, 
[05:50:45.013] RX< now wait restarting...[0m
[05:50:45.013] RX< [33m[W/ftp] service go wrong, now wait restarting...[0m
[05:50:45.013] RX< [33m[W/ftp] service go wrong, now wait restarting...[0m
[05:50:45.013] RX< [33m[W/ftp] service go wrong, now wait restarting...[0m
[05:50:45.013] RX< [33m[W/ftp] service go wrong, now wait restarting...[
[05:50:45.469] RX< 0m
[05:50:45.469] RX< [33m[W/ftp] service go wrong, now wait restarting...[0m
[05:50:45.469] RX< [33m[W/ftp] service go wrong, now wait restarting...[0m
[05:50:45.469] RX< [33m[W/ftp] service go wrong, now wait restarting...[0m
[05:50:45.469] RX< [33m[W/ftp] service go wrong, now wait restarting...[0m
[05:50:45.469] RX< [33m[W/ftp] service 
[05:50:46.165] RX< go wrong, now wait restarting...[0m
[05:50:46.165] RX< [33m[W/ftp] service go wrong, now wait restarting...[0m
[05:50:46.165] RX< [33m[W/ftp] service go wrong, now wait restarting...[0m
[05:50:46.165] RX< [33m[W/ftp] service go wrong, now wait restarting...[0m
[05:50:46.165] RX< [33m[W/ftp] service go wrong, now wait resta
[05:50:47.165] RX< rting...[0m
[05:50:47.165] RX< [33m[W/ftp] service go wrong, now wait restarting...[0m
[05:50:47.165] RX< [33m[W/ftp] service go wrong, now wait restarting...[0m
[05:50:47.165] RX< [33m[W/ftp] service go wrong, now wait restarting...[0m
[05:50:47.165] RX< [33m[W/ftp] service go wrong, now wait restarting...[0m
[05:50:47.165] RX< [33m[W/ftp
[05:50:47.449] RX< ] service go wrong, now wait restarting...[0m
[05:50:47.449] RX< [33m[W/ftp] service go wrong, now wait restarting...[0m
[05:50:47.449] RX< [33m[W/ftp] service go wrong, now wait restarting...[0m
[05:50:47.449] RX< cam_set video 1080p
[05:50:47.449] RX< [6] [App Dfs] w(1296) * h(2304) is 1080p, eis 0
[05:50:47.449] RX< msh /emmc>echo "__EVBTEST
[05:50:47.545] TX> cam_set video 1080p
[05:50:47.545] TX> echo "__EVBTEST_END_88b76bdd__"
[05:50:48.165] RX< _END_88b76bdd__"
[05:50:48.165] RX< __EVBTEST_END_88b76bdd__
[05:50:48.165] RX< msh /emmc>[33m[W/ftp] service go wrong, now wait restarting...[0m
[05:50:48.165] RX< [33m[W/ftp] service go wrong, now wait restarting...[0m
[05:50:48.165] RX< [33m[W/ftp] service go wrong, now wait restarting...[0m
[05:50:48.165] RX< [33m[W/ftp] service go wrong,
[05:50:48.278] RX<  now wait restarting...[0m
[05:50:48.278] RX< [33m[W/ftp] service go wrong, now wait restarting...[0m
[05:50:48.278] RX< dfs_video_start
[05:50:48.278] RX< [7] [cam] [208155][tshell][cgm_parse_bin:105]total logical camera num: 1
[05:50:48.278] RX< [6] [cam] [208155][tshell][cam_prelude_create:187]E id, 0
[05:50:48.278] RX< [7] [cam] [208156][cpl
[05:50:48.279] RX< 0][cam_prelude_proc_routine:101]thread start
[05:50:48.279] RX< [6] [cam] [208156][tshell][cam_prelude_create:214]X ctx size 124 addr 0x884705d8
[05:50:48.279] RX< [6] [cam] [208162][tshell][sensor_probe:418]sensor [1]: identifing 0 success.
[05:50:48.279] RX< [33m[W/ftp] service go wrong, now wait restarting.
[05:50:48.281] RX< ..[0m
[05:50:48.281] RX< [6] [cam] [208165][tshell][sensor_probe:441]sensor [1]: probe exit!
[05:50:48.281] RX< [6] [cam] [208165][tshell][cam_prelude_fast_probe:251]cam: 0 probe result: 0
[05:50:48.281] RX< [6] [cam] [208166][tshell][cgm_parse_bin:215]cam(0) probe success
[05:50:48.281] RX< [6] [cam] [208166][tshell][cam_entry:
[05:50:48.281] RX< 435]entry ok
[05:50:48.281] RX< [34m[cam entry] perf=11467(us)!
[05:50:48.281] RX< [0m[6] [App Cam] cam entry success
[05:50:48.281] RX< [36mmem_laySolv: scenario=01 in=4032x3024, me_rotate=1 me_stripe=1 
[05:50:48.281] RX< [0m[36mmem_laySolv: me_rot 1, me_stripe 1, eis 0, be_rot 0
[05:50:48.281] RX< [0mscen1 type26 bufAdr 0x89d40b70 sz 0x1
[05:50:48.284] RX< 400000 reCfg for bound!
[05:50:48.284] RX< [36mmem_laySolv: scen01 20 entries solved OK!
[05:50:48.284] RX< [0m[36mmem_laySolv: scenario=02 in=2016x1512, me_rotate=0 me_stripe=0 
[05:50:48.284] RX< [0m[36mmem_laySolv: me_rot 0, me_stripe 0, eis 0, be_rot 0
[05:50:48.284] RX< [0mscen2 type15 bufAdr 0x89ce3ef0 sz 0xd00000 re
[05:50:48.284] RX< Cfg for bound!
[05:50:48.284] RX< [36mmem_laySolv: scen02 14 entries solved OK!
[05:50:48.284] RX< [0m[36mmem_laySolv: scenario=03 in=4032x2268, me_rotate=1 me_stripe=0 
[05:50:48.284] RX< [0m[36mmem_laySolv: me_rot 1, me_stripe 0, eis 0, be_rot 0
[05:50:48.284] RX< [0m[36mmem_laySolv: scen03 14 entries solved OK!
[05:50:48.284] RX< [0m[7]
[05:50:48.287] RX<  [cam] [208171][tshell][cam_solve_whole_layout:355]
[05:50:48.287] RX< scen3: vol 0x8c000000 rbuf 0x89d6cdf0 sz 0xd00000 wbuf 0x8aa6cdf0 sz 0xd00000
[05:50:48.287] RX<        rtmp txbuf 0x8bf80000 sz 0x80000 avcBuf 0x8bf00000 sz 0x80000
[05:50:48.287] RX< [36mmem_laySolv: scenario=04 in=4032x3024, me_rotate=1
[05:50:48.287] RX<  me_stripe=1 
[05:50:48.287] RX< [0m[36mmem_laySolv: me_rot 1, me_stripe 1, eis 0, be_rot 0
[05:50:48.287] RX< [0m[36mmem_laySolv: scen04 14 entries solved OK!
[05:50:48.287] RX< [0m[36mmem_laySolv: scenario=05 in=1008x0756, me_rotate=0 me_stripe=0 
[05:50:48.287] RX< [0m[36mmem_laySolv: me_rot 0, me_stripe 0, eis 0, be_
[05:50:48.290] RX< rot 0
[05:50:48.290] RX< [0m[36mmem_laySolv: scen05 17 entries solved OK!
[05:50:48.290] RX< [0m[36mmem_laySolv: scenario=06 in=1008x0720, me_rotate=0 me_stripe=0 
[05:50:48.290] RX< [0m[36mmem_laySolv: me_rot 0, me_stripe 0, eis 0, be_rot 0
[05:50:48.290] RX< [0m[36mmem_laySolv: scen06 12 entries solved OK!
[05:50:48.290] RX< [0m[36mme
[05:50:48.290] RX< m_laySolv: scenario=01 in=4032x3024, me_rotate=1 me_stripe=1 
[05:50:48.290] RX< [0mscen1 type26 bufAdr 0x89d40b70 sz 0x1400000 reCfg for bound!
[05:50:48.290] RX< [36mmem_laySolv: scen01 20 entries solved OK!
[05:50:48.290] RX< [0m[7] [cam] [208176][tshell][cam_solve_whole_layout:383]Solve Whole-layout Done
[05:50:48.292] RX< !
[05:50:48.292] RX< [6] [cam] [208176][tshell][cgm_parse_media_para:271]phy cam num: 1
[05:50:48.292] RX< [7] [cam] [208177][cer0][cer_recovery_proc:343]thread start cid, 0
[05:50:48.292] RX< [6] [cam] [208177][tshell][csc_open:443]SENSOR MCLK cal: 24MHz
[05:50:48.292] RX< [6] [cam] [208177][tshell][csc_isp_clk_cal:344]MIPI CLK
[05:50:48.292] RX<  cal: 277MHz
[05:50:48.292] RX< [6] [cam] [208178][tshell][csc_isp_clk_cal:371]LITE CLK cal: 25MHz
[05:50:48.292] RX< [7] [cam] [208178][tshell][cpc_csi_rx_power_on:633]E id: 2
[05:50:48.292] RX< [4] [cam] [208179][tshell][cpc_csi_rx_power_on:644]csi_2 has already power on, STATUS: 1
[05:50:48.292] RX< [6] [cam] [208179][tshell]
[05:50:48.298] RX< [cpc_update_clock:603]actual SNS mclk: 24MHz
[05:50:48.298] RX< [6] [cam] [208180][tshell][cpc_update_clock:608]actual MIPI0: 300MHz
[05:50:48.298] RX< [6] [cam] [208180][tshell][cpc_update_clock:598]actual LITE clk: 25MHz
[05:50:48.298] RX< [7] [cam] [208180][tshell][cam_prelude_open:297][34msnsOpen camID1 c
[05:50:48.301] RX< siID0 phyIdx0[0m
[05:50:48.301] RX< [6] [cam] [208184][tshell][sensor_expo_gain_match:48]sensor get sensor expo gain of imx681_vst
[05:50:48.301] RX< [6] [cam] [208184][tshell][sensor_open:684]sensor [1] open OK.
[05:50:48.301] RX< [6] [cam] [208184][tshell][cam_cpm_parse_media:298]video scenario:3, media para
[05:50:48.301] RX< [fps:0, mirror_en:0, flip_en:0]
[05:50:48.301] RX< [6] [cam] [208185][tshell][cam_cpm_parse_media:301]video scenario, media para[iso:0, gain:0, wb_mode:0]
[05:50:48.301] RX< [6] [cam] [208186][tshell][csc_isp_clk_cal:353]FE CLK cal: 373MHz, ME CLK cal: 371MHz, FE/ME CLK cal: 410MHz
[05:50:48.301] RX< [6] [cam] 
[05:50:48.306] RX< [208186][tshell][csc_isp_clk_cal:360]BE CLK cal: 301MHz
[05:50:48.306] RX< [4] [cam] [208187][tshell][cam_fe_core_power_on:269]fe pipe has already power on, STATUS: 1
[05:50:48.306] RX< [6] [cam] [208187][tshell][cpc_update_clock:588]actual FE/ME clk: 500MHz
[05:50:48.306] RX< [7] [cam] [208188][tshell][cam_cp
[05:50:48.306] RX< m_core_power_on:425]id,0 type,1 ret 0
[05:50:48.306] RX< [6] [cam] [208188][tshell][cam_cpm_core_init:914]E id,0 sensor type,1
[05:50:48.306] RX< [6] [cam] [208191][tshell][cpm_core_check_tuningbin:854]Tuning bin crc check PASS! sum 0x7fb15f, xor 0x4e593f47
[05:50:48.306] RX< [6] [cam] [208191][tshell][qpc_tuni
[05:50:48.308] RX< ng_check_iqbin_validness:396]IQ bin addr: 0x88646660, project_name: video_3M
[05:50:48.308] RX< [6] [cam] [208192][tshell][qpc_tuning_check_iqbin_validness:397]total_size: 94208
[05:50:48.308] RX< [6] [cam] [208192][tshell][qpc_tuning_check_iqbin_validness:398]id_count: 93. ID_TOTAL: 94
[05:50:48.308] RX< [6] 
[05:50:48.308] RX< [cam] [208193][tshell][qpc_tuning_check_iqbin_validness:399]spinel tuning data ver: V1.30
[05:50:48.308] RX< [6] [cam] [208193][tshell][cpm_core_check_tuningbin:868]IQ bin check success!
[05:50:48.308] RX< [6] [cam] [208194][tshell][cam_bm_core_init:94]E
[05:50:48.308] RX< [6] [cam] [208194][tshell][bm_lab_init
[05:50:48.326] RX< :174]X ctx size 4 addr 0x8845e328
[05:50:48.326] RX< [6] [cam] [208194][tshell][cam_bm_core_init:114]X ctx size 180 addr 0x88477508
[05:50:48.326] RX< [6] [cam] [208195][tshell][qpc_core_init:1218]E id,0
[05:50:48.326] RX< [6] [cam] [208195][tshell][qpc_queue_init:65]QPC init qnodes 8, size 508, pool 0x8847ad1
[05:50:48.326] RX< 8
[05:50:48.326] RX< [7] [cam] [208196][tshell][_qpc_get_cap_cfg_para:888][fallback]preset capCfg 0 0 0 invalid, use default
[05:50:48.326] RX< [7] [cam] [208196][tshell][_qpc_cfg_hdr_frms:832][fallback]preset hdrCfg 0 32 7 25600 148508608 invalid, use default
[05:50:48.326] RX< [6] [cam] [208212][tshell][qpc_c
[05:50:48.332] RX< ore_init:1264]X ctx size 3800 addr 0x884775d0
[05:50:48.332] RX< [6] [cam] [208212][tshell][cpm_core_get_param:666]cpm para chk: tunBin-w 4032 h 2266 img-w 4032 h 2268
[05:50:48.332] RX< [6] [cam] [208213][tshell][cam_fe_core_init:436]E id,0
[05:50:48.332] RX< [6] [cam] [208213][tshell][cam_fe_core_init:490]X c
[05:50:48.332] RX< tx size 100 addr 0x88482790
[05:50:48.332] RX< [7] [cam] [208214][tshell][qpc_core_fe_chords_init:1659][34mqpc fe init snsOut w 4032 h 2268, tbl w 28 h 20[0m
[05:50:48.332] RX< [6] [cam] [208215][tshell][cam_me_core_init:1474]X ctx size 1352 addr 0x884a6958
[05:50:48.332] RX< [34m[ME SLICE CFG] perf=1250(us
[05:50:48.339] RX< )!
[05:50:48.339] RX< [0m[6] [cam] [208218][tshell][cam_bayer_fe_3a_stats_core_init:445]fe 3a id,0
[05:50:48.339] RX< [6] [cam] [208218][tshell][cam_bayer_fe_3a_stats_core_init:490]X ctx size 132 addr 0x884af350
[05:50:48.339] RX< [6] [cam] [208219][tshell][awb_wrapper_init:66]xxx awb_bin=0x8847d104, awb_bin_l
[05:50:48.339] RX< ength=8068
[05:50:48.339] RX< [6] [cam] [208219][tshell][awb_wrapper_init:86]X algo_handle 0x884b8168
[05:50:48.339] RX< [7] [cam] [208220][awb0][a5_core_wrapper_task:252]thread start cid,0 algo type,2
[05:50:48.339] RX< [6] [cam] [208220][tshell][a5_core_init_task:426]thread created: awb0 mq=0x884b0f58 thread=
[05:50:48.342] RX< 0x884b1070 sem=0x884b0ee8 ret=0
[05:50:48.342] RX< [6] [cam] [208221][tshell][bayer_ae_wrapper_init:68]E id,0 proc mode 0 
[05:50:48.342] RX< 
[05:50:48.342] RX< [AEC Proc] @[allib_ae_set_debug_log_flag] Line:129:[DEBUG] debug level/to_file/to_terminal: 22/1/1
[05:50:48.342] RX< [AEC Proc] @[AeInit] Line:377:[INFO] AE ver: 2026_V
[05:50:48.342] RX< 2.269
[05:50:48.342] RX< 
[05:50:48.342] RX< [AEC Proc] @[allib_ae_loadfunc] Line:193:[INFO] camera ID: 0
[05:50:48.342] RX< [AEC Proc] @[alAE_set_param] Line:575:[DEBUG] sw_maxtime 33004 ,pertline 10800, after check sensor step sw_max_time 33000.00
[05:50:48.342] RX< [AEC Proc] @[alAE_set_param] Line:580:[DEBUG] sw_mintime 43 ,
[05:50:48.345] RX< pertline 10800, after check sensor step sw_min_time 40.00
[05:50:48.345] RX< [AEC Proc] @[alAE_set_param] Line:513:[DEBUG] DEBUG minbv exptime 11 gain 100, minExpBV 13810
[05:50:48.345] RX< [AEC Proc] @[AeTuningParseSet] Line:167:[DEBUG] aeparam version 2.268 60530
[05:50:48.345] RX< [AEC Proc] @[alAE_set_param
[05:50:48.345] RX< ] Line:340:[DEBUG] INITEXP gain 100, shutter 33242, midtonegain 100, bv 2247
[05:50:48.345] RX< [6] [cam] [208230][tshell][bayer_ae_wrapper_init:119]X tline 10800 max_exp 33004 alg_hdl 0x884b6af8 
[05:50:48.345] RX< [7] [cam] [208230][b_ae0][a5_core_wrapper_task:252]thread start cid,0 algo ty
[05:50:48.348] RX< pe,0
[05:50:48.348] RX< [6] [cam] [208231][tshell][a5_core_init_task:426]thread created: b_ae0 mq=0x884b26e0 thread=0x884b27f8 sem=0x884b2670 ret=0
[05:50:48.348] RX< [6] [cam] [208231][tshell][atf_wrapper_init:67]E id,0
[05:50:48.348] RX< [6] [cam] [208232][tshell][atf_wrapper_init:107]X alg_ctx addr 0x884b7b
[05:50:48.348] RX< d0
[05:50:48.348] RX< [7] [cam] [208232][atf0][a5_core_wrapper_task:252]thread start cid,0 algo type,1
[05:50:48.348] RX< [6] [cam] [208233][tshell][a5_core_init_task:426]thread created: atf0 mq=0x884b7d08 thread=0x884c4ef8 sem=0x884b7c98 ret=0
[05:50:48.348] RX< [6] [cam] [208233][tshell][cam_cpm_core_init:103
[05:50:48.364] RX< 0]X ctx size 1064 addr 0x884770d0
[05:50:48.364] RX< [6] [cam] [208234][tshell][csc_open:527]ok! phys_id[1], phys_num[1] 
[05:50:48.364] RX< [6] [cam] [208234][tshell][cam_open:699]open ok! camera_id[0]
[05:50:48.364] RX< [34m[cam open] perf=68080(us)!
[05:50:48.364] RX< [0m[6] [App Cam] cam open success
[05:50:48.364] RX< [6] [App Cam] hevc in
[05:50:48.364] RX< it success
[05:50:48.364] RX< [6] [cam] [208249][tshell][csc_init:637]sensor info:size:4032x2268, formt: 0x2b, bps: 1968, tline: 10800
[05:50:48.364] RX< [6] [cam] [208250][tshell][cam_sif_mgr_init:261]E id,0
[05:50:48.364] RX< [7] [cam] [208250][sif0][sif_irq_proc:151]thread start cid,0
[05:50:48.364] RX< [6] [cam] [208250][tsh
[05:50:48.374] TX> dfs_video_start
[05:50:48.374] TX> echo "__EVBTEST_END_9bad1ac1__"
[05:50:48.378] RX< ell][cam_sif_mgr_init:293]X ctx size 52 addr 0x884f1078
[05:50:48.378] RX< [6] [cam] [208250][tshell][cam_prelude_init_cfg:368]CSI ID is 0,  phy lanes is 2.
[05:50:48.378] RX< [7] [cam] [208251][tshell][check_phy_ready:96]MIPI_PHY[0] is ready
[05:50:48.378] RX< [6] [cam] [208251][tshell][sensor_init:348]sensor 
[05:50:48.379] RX< [1]: register ok
[05:50:48.379] RX< [6] [cam] [208252][tshell][sensor_set_mode:852]sensor [1]: SetMode -> mode = 0.
[05:50:48.379] RX< [6] [cam] [208252][tshell][sensor_send_reg_tab_to_sensor:704]sensor [1]: send_reg_tab_to_sensor E.
[05:50:48.379] RX< [6] [cam] [208264][tshell][sensor_send_reg_tab_to_sensor:7
[05:50:48.395] RX< 26]sensor [1]: reg_count = 77.
[05:50:48.395] RX< [6] [cam] [208265][tshell][sensor_init:361]sensor [1]: init success.
[05:50:48.395] RX< [6] [cam] [208265][tshell][sensor_set_mode:852]sensor [1]: SetMode -> mode = 3.
[05:50:48.395] RX< [6] [cam] [208266][tshell][sensor_send_reg_tab_to_sensor:704]sensor [1]: se
[05:50:48.396] RX< nd_reg_tab_to_sensor E.
[05:50:48.396] RX< [6] [cam] [208281][tshell][sensor_send_reg_tab_to_sensor:726]sensor [1]: reg_count = 83.
[05:50:48.396] RX< [6] [cam] [208281][tshell][csc_init:646]ok! phys_id[1], phys_num[1]
[05:50:48.396] RX< [6] [cam] [208282][tshell][csc_get_bayer_single_buffer:1038]scenario_type:
[05:50:48.398] RX<  3
[05:50:48.398] RX< [6] [cam] [208282][tshell][csc_set_stats_fmt:98]index 0 w 1 h 1 bw 8 wcmp 255
[05:50:48.398] RX< [7] [cam] [208283][tshell][bm_ioctl:201]BMIOC_STATS_FMT
[05:50:48.398] RX< [6] [cam] [208283][tshell][csc_set_fe_fmt:47]index 1 w 4032 h 2268 bw 10 wcmp 0
[05:50:48.398] RX< [7] [cam] [208283][tshell][bm_ioctl:2
[05:50:48.398] RX< 01]BMIOC_FE_FMT
[05:50:48.398] RX< [6] [cam] [208283][tshell][csc_set_me_fmt:64]index 5 w 2268 h 4032 bw 10 wcmp 0, rdma_addr 0x894afe00, wdma_addr 0x894afe00
[05:50:48.398] RX< [7] [cam] [208284][tshell][bm_ioctl:201]BMIOC_ME_FMT
[05:50:48.398] RX< [6] [cam] [208284][tshell][csc_set_video_fmt:966]meta_addr: 0x
[05:50:48.401] RX< 89d6c600
[05:50:48.401] RX< [6] [cam] [208285][tshell][csc_set_me_fmt:64]index 6 w 1296 h 2304 bw 8 wcmp 255, rdma_addr 0x88795200, wdma_addr 0x8c000000
[05:50:48.401] RX< [6] [cam] [208285][tshell][cam_me_core_buffer_cfg:1367]
[05:50:48.401] RX< ----ME PIPE INFO---
[05:50:48.401] RX<  wdma_buf_num:1, rotation_en: 1
[05:50:48.401] RX< [7] [cam] 
[05:50:48.401] RX< [208286][tshell][cam_me_core_buffer_cfg:1375]yuv wdma_addr 0:0x8c000000, meta_en: 1, 0x89d6c600
[05:50:48.401] RX< [7] [cam] [208287][tshell][bm_ioctl:201]BMIOC_ME_FMT
[05:50:48.401] RX< [6] [cam] [208287][tshell][csc_set_lite_fmt:115]index 13 w 400 h 400 bw 10 wcmp 255
[05:50:48.401] RX< [7] [cam] [208287][tsh
[05:50:48.404] RX< ell][bm_ioctl:201]BMIOC_LITE_FMT
[05:50:48.404] RX< [6] [cam] [208288][tshell][csc_set_lite_fmt:115]index 14 w 400 h 400 bw 10 wcmp 255
[05:50:48.404] RX< [7] [cam] [208288][tshell][bm_ioctl:201]BMIOC_LITE_FMT
[05:50:48.404] RX< [6] [cam] [208289][tshell][csc_init:654]get otp ok! phys_id[1], phys_num[1]
[05:50:48.404] RX< [6] [c
[05:50:48.404] RX< am] [208289][tshell][cam_init:789]init ok! logic_id[0]
[05:50:48.404] RX< [34m[cam init] perf=41072(us)!
[05:50:48.404] RX< [0m[6] [App Cam] cam init success
[05:50:48.404] RX< [7] [cam] [208290][tshell][cam_cpm_core_stream_on:541]id 0 sensor type 1
[05:50:48.404] RX< [6] [cam] [208290][tshell][sensor_stream_on:979]sensor [1]:
[05:50:48.407] RX<  stream_on
[05:50:48.407] RX< [6] [cam] [208291][tshell][sensor_stream_on:1007]sensor [1]: REG: 0x100, W:0x1.
[05:50:48.407] RX< [6] [cam] [208292][tshell][sensor_stream_on:1009]sensor [1]: REG: 0x100, R:0x1.
[05:50:48.407] RX< [6] [cam] [208292][tshell][csc_prv_start:783]ok! phys_id[1], phys_num[1], cam_ids[1]
[05:50:48.423] RX< 
[05:50:48.423] RX< [6] [cam] [208292][tshell][cam_start:897]preview start ok! logic_id[0]
[05:50:48.423] RX< [34m[cam start] perf=2647(us)!
[05:50:48.423] RX< [0m[6] [App Cam] cam start success
[05:50:48.423] RX< [6] [App Dfs] Gravity_XR Record Start
[05:50:48.423] RX< msh /emmc>echo "__EVBTEST_END_9bad1ac1__"
[05:50:48.423] RX< __EVBTEST_END_9bad1ac1__
[05:50:48.423] RX< msh /emmc
[05:50:48.550] RX< >[7] [cam] [208295][b_3a_sts][bayer_stats_core_irq_proc:164]thread start cid,0
[05:50:48.550] RX< [7] [cam] [208295][fe0][fe_core_irq_proc:98]thread start cid,0
[05:50:48.550] RX< [33m[W/ftp] service go wrong, now wait restarting...[0m
[05:50:48.550] RX< [34m[AE] fid=0,exp=10170,adg=288,Y=5088,mtg=100,shg=10
[05:50:48.806] RX< 0,bgbv=4254,iso=288,cnv0,hdr0
[05:50:48.806] RX< [0m[34m[b_ae0 proc] perf=8090(us), max=8090(us)!
[05:50:48.806] RX< [0m[34m[awb0 proc] perf=4386(us), max=4386(us)!
[05:50:48.806] RX< [0m[6] [cam] [208586][me0][cpm_cb_fe2me_tikChk:152]frm_length 88561us, fe2me delta 0
[05:50:48.806] RX< [34m[ME INTP]fid=0, shutter=10170, pe
[05:50:49.138] RX< rf=2840(us), max=2840(us)!
[05:50:49.138] RX< [0m[7] [cam] [208764][me0][me_core_thread:322]ME out fid 0
[05:50:49.138] RX< [6] [App Dfs] f_index = 0, f_len = 144190, cur_total_len = 144278
[05:50:49.138] RX< [33m[W/ftp] service go wrong, now wait restarting...[0m
[05:50:49.138] RX< [33m[W/ftp] service go wrong, now wait resta
[05:50:49.310] RX< rting...[0m
[05:50:49.310] RX< [33m[W/ftp] service go wrong, now wait restarting...[0m
[05:50:49.310] RX< [33m[W/ftp] service go wrong, now wait restarting...[0m
[05:50:49.310] RX< [34m[awb0 proc] perf=6163(us), max=6163(us)!
[05:50:49.310] RX< [0m[33m[W/ftp] service go wrong, now wait restarting...[0m
[05:50:49.310] RX< [34m[awb0 proc] pe
[05:50:50.026] RX< rf=10560(us), max=10560(us)!
[05:50:50.026] RX< [0m[33m[W/ftp] service go wrong, now wait restarting...[0m
[05:50:50.026] RX< [34m[AE] fid=30,exp=10190,adg=213,Y=3513,mtg=189,shg=100,bgbv=1446,iso=213,cnv2,hdr0
[05:50:50.026] RX< [0m[7] [cam] [209764][me0][me_core_thread:322]ME out fid 30
[05:50:50.026] RX< [33m[W/ftp] servi
[05:50:50.296] RX< ce go wrong, now wait restarting...[0m
[05:50:50.296] RX< [33m[W/ftp] service go wrong, now wait restarting...[0m
[05:50:50.296] RX< [33m[W/ftp] service go wrong, now wait restarting...[0m
[05:50:50.296] RX< [33m[W/ftp] service go wrong, now wait restarting...[0m
[05:50:50.296] RX< [33m[W/ftp] service go wrong, now wait re
[05:50:50.472] RX< starting...[0m
[05:50:50.472] RX< dfs_video_stop
[05:50:50.472] RX< msh /emmc>echo "__EVBTEST_E[6] [App Dfs]  Gravity_XR Record Stop Success: total frames = 48
[05:50:50.472] RX< [6] [cam] [210342][DfsSend][sensor_stream_off:1143]sensor [1]: stream_off
[05:50:50.472] RX< [6] [cam] [210343][DfsSend][sensor_stream_off:1172]sensor [
[05:50:50.487] RX< 1]: REG: 0x100, W:0x0.
[05:50:50.487] RX< [6] [cam] [210343][DfsSend][sensor_stream_off:1174]sensor [1]: REG: 0x100, R:0x0.
[05:50:50.487] RX< [33m[W/ftp] service go wrong, now wait restarting...[0m
[05:50:50.487] RX< [6] [cam] [210368][DfsSend][csc_prv_stop:893]ok! phys_id[1], phys_num[1], stop_type = 0
[05:50:50.487] RX< [6] 
[05:50:50.488] RX< [cam] [210368][DfsSend][cam_stop:1017]preview stop ok! logic_id[0]
[05:50:50.488] RX< [34m[cam stop] perf=25897(us)!
[05:50:50.488] RX< [0m[6] [App Cam] cam stop success
[05:50:50.488] RX< Total of 49 frames encoded, 3753596 bytes, max_workbuffer_used: 4960256 bytes
[05:50:50.488] RX< [6] [App Cam] hevc_encoder_deinit success
[05:50:50.492] RX< [7] [cam] [210373][DfsSend][cam_cpm_core_power_off:457]id,0 type,1 ret 0
[05:50:50.492] RX< [6] [cam] [210374][sif0][sif_irq_proc:174]thread release cid,0
[05:50:50.492] RX< [6] [cam] [210374][DfsSend][cam_sif_mgr_deinit:316]X
[05:50:50.492] RX< [6] [cam] [210374][DfsSend][cam_deinit:846]deinit ok! logic_id[0]
[05:50:50.492] RX< 
[05:50:50.492] RX< [34m[cam deinit] perf=1330(us)!
[05:50:50.492] RX< [0m[6] [App Cam] cam deinit success
[05:50:50.492] RX< [6] [cam] [210375][DfsSend][sensor_close:1247]sensor [1]: close!
[05:50:50.492] RX< [6] [cam] [210377][DfsSend][cam_bm_core_deinit:136]X
[05:50:50.492] RX< [6] [cam] [210377][me0][me_core_thread:367]thread release cid,0
[05:50:50.495] RX< [6] [cam] [210378][DfsSend][cam_me_core_deinit:1502]X
[05:50:50.495] RX< [6] [cam] [210378][fe0][fe_core_irq_proc:121]thread release cid,0
[05:50:50.495] RX< [6] [cam] [210379][DfsSend][cam_fe_core_deinit:536]X
[05:50:50.495] RX< [6] [cam] [210379][b_3a_sts][bayer_stats_core_irq_proc:193]thread release cid,0
[05:50:50.495] RX< [
[05:50:50.495] RX< 6] [cam] [210379][DfsSend][cam_bayer_stats_core_deinit:512]X
[05:50:50.495] RX< [6] [cam] [210380][b_ae0][a5_core_wrapper_task:315]thread release cid,0,algo,0
[05:50:50.495] RX< [6] [cam] [210380][DfsSend][bayer_ae_wrapper_deinit:204]X
[05:50:50.495] RX< [6] [cam] [210380][atf0][a5_core_wrapper_task:315]thread 
[05:50:50.497] RX< release cid,0,algo,1
[05:50:50.497] RX< [6] [cam] [210381][DfsSend][atf_wrapper_deinit:153]X
[05:50:50.497] RX< [6] [cam] [210381][awb0][a5_core_wrapper_task:315]thread release cid,0,algo,2
[05:50:50.497] RX< [6] [cam] [210382][DfsSend][awb_wrapper_deinit:153]X
[05:50:50.497] RX< [6] [cam] [210382][DfsSend][cam_5a_core_deinit:55
[05:50:50.498] RX< 5]X
[05:50:50.498] RX< [6] [cam] [210382][DfsSend][cam_5a_inf_deinit:149]X
[05:50:50.498] RX< [6] [cam] [210382][qpc0][qpc_core_msg_proc:697]thread release cid,0
[05:50:50.498] RX< [6] [cam] [210383][DfsSend][qpc_core_deinit:1330]X
[05:50:50.498] RX< [6] [cam] [210383][DfsSend][cam_cpm_core_deinit:1107]X
[05:50:50.498] RX< [6] [cam] [210383][DfsS
[05:50:50.504] RX< end][csc_close:584]ok! phys_id[1], phys_num[1]
[05:50:50.504] RX< [7] [cam] [210384][cer0][cer_recovery_proc:352]msg type = 254
[05:50:50.504] RX< [6] [cam] [210384][cer0][cer_recovery_proc:454]thread release cid,0
[05:50:50.504] RX< [6] [cam] [210384][DfsSend][cer_deinit:560]X
[05:50:50.504] RX< [6] [cam] [210385][DfsSend][cam_
[05:50:50.504] RX< close:750]close ok! logic_id[0]
[05:50:50.504] RX< [34m[cam close] perf=9837(us)!
[05:50:50.504] RX< [0m[6] [App Cam] cam close success
[05:50:50.504] RX< [6] [cam] [210386][cpl0][cam_prelude_proc_routine:136]thread release
[05:50:50.504] RX< [6] [cam] [210386][DfsSend][cam_exit:551]exit ok!
[05:50:50.504] RX< [34m[cam exit] perf=568(us)!
[05:50:50.504] RX< [0m
[05:50:50.536] RX< [6] [App Cam] cam exit success
[05:50:50.536] RX< [6] [App Dfs] Save Video Successful: /emmc/VIDEO/20260101_000328_8054/Video_8054_0.h265
[05:50:50.536] RX< [6] [App Dfs] Save Imu Successful: /emmc/VIDEO/20260101_000328_8054/Imu_8054.bin
[05:50:50.536] RX< [6] [App Dfs] Video recording completed successfully.
[05:50:50.536] RX< N
[05:50:50.627] TX> dfs_video_stop
[05:50:50.627] TX> echo "__EVBTEST_END_1bf51a38__"
[05:50:50.829] TX> ftp_server
[05:50:50.829] TX> echo "__EVBTEST_END_52f01983__"
[05:50:51.141] RX< D_1bf51a38__"
[05:50:51.141] RX< __EVBTEST_END_1bf51a38__
[05:50:51.141] RX< msh /emmc>ftp_server
[05:50:51.141] RX< 
[05:50:51.141] RX< [FTP] Ftp server init success!!!
[05:50:51.141] RX< msh /emmc>echo "__EVBTEST_END_52f01983__"
[05:50:51.141] RX< __EVBTEST_END_52f01983__
[05:50:51.141] RX< msh /emmc>[33m[W/ftp] service go wrong, now wait restarting...[0m
[05:50:51.141] RX< [33m[W/ftp] service go w
[05:50:51.458] RX< rong, now wait restarting...[0m
[05:50:51.458] RX< [33m[W/ftp] service go wrong, now wait restarting...[0m
[05:50:51.458] RX< [33m[W/ftp] service go wrong, now wait restarting...[0m
[05:50:51.458] RX< [33m[W/ftp] service go wrong, now wait restarting...[0m
[05:50:51.458] RX< [33m[W/ftp] service go wrong, now wait restartin
[05:50:52.298] RX< g...[0m
[05:50:52.298] RX< [33m[W/ftp] service go wrong, now wait restarting...[0m
[05:50:52.298] RX< [33m[W/ftp] service go wrong, now wait restarting...[0m
[05:50:52.298] RX< [33m[W/ftp] service go wrong, now wait restarting...[0m
[05:50:52.298] RX< [33m[W/ftp] service go wrong, now wait restarting...[0m
[05:50:52.298] RX< [33m[W/ftp] se
[05:50:53.173] RX< rvice go wrong, now wait restarting...[0m
[05:50:53.173] RX< [33m[W/ftp] service go wrong, now wait restarting...[0m
[05:50:53.173] RX< [33m[W/ftp] service go wrong, now wait restarting...[0m
[05:50:53.173] RX< [33m[W/ftp] service go wrong, now wait restarting...[0m
[05:50:53.173] RX< [33m[W/ftp] service go wrong, now wait
[05:50:54.173] RX<  restarting...[0m
[05:50:54.173] RX< [33m[W/ftp] service go wrong, now wait restarting...[0m
[05:50:54.173] RX< [33m[W/ftp] service go wrong, now wait restarting...[0m
[05:50:54.173] RX< [33m[W/ftp] service go wrong, now wait restarting...[0m
[05:50:54.173] RX< [33m[W/ftp] service go wrong, now wait restarting...[0m
[05:50:54.173] RX< [33m
[05:50:54.461] RX< [W/ftp] service go wrong, now wait restarting...[0m
[05:50:54.461] RX< [33m[W/ftp] service go wrong, now wait restarting...[0m
[05:50:54.461] RX< [33m[W/ftp] service go wrong, now wait restarting...[0m
[05:50:54.461] RX< [33m[W/ftp] service go wrong, now wait restarting...[0m
[05:50:54.461] RX< [33m[W/ftp] service go wrong
[05:50:55.173] RX< , now wait restarting...[0m
[05:50:55.173] RX< [33m[W/ftp] service go wrong, now wait restarting...[0m
[05:50:55.173] RX< [33m[W/ftp] service go wrong, now wait restarting...[0m
[05:50:55.173] RX< [33m[W/ftp] service go wrong, now wait restarting...[0m
[05:50:55.173] RX< [33m[W/ftp] service go wrong, now wait restarting...
[05:50:56.173] RX< [0m
[05:50:56.173] RX< [33m[W/ftp] service go wrong, now wait restarting...[0m
[05:50:56.173] RX< [33m[W/ftp] service go wrong, now wait restarting...[0m
[05:50:56.173] RX< [33m[W/ftp] service go wrong, now wait restarting...[0m
[05:50:56.173] RX< [33m[W/ftp] service go wrong, now wait restarting...[0m
[05:50:56.173] RX< [33m[W/ftp] servic
[05:50:56.461] RX< e go wrong, now wait restarting...[0m
[05:50:56.461] RX< [33m[W/ftp] service go wrong, now wait restarting...[0m
[05:50:56.461] RX< [33m[W/ftp] service go wrong, now wait restarting...[0m
[05:50:56.461] RX< [33m[W/ftp] service go wrong, now wait restarting...[0m
[05:50:56.461] RX< [33m[W/ftp] service go wrong, now wait res
[05:50:57.173] RX< tarting...[0m
[05:50:57.173] RX< [33m[W/ftp] service go wrong, now wait restarting...[0m
[05:50:57.173] RX< [33m[W/ftp] service go wrong, now wait restarting...[0m
[05:50:57.173] RX< [33m[W/ftp] service go wrong, now wait restarting...[0m
[05:50:57.173] RX< [33m[W/ftp] service go wrong, now wait restarting...[0m
[05:50:57.173] RX< [33m[W/f
[05:50:58.021] RX< tp] service go wrong, now wait restarting...[0m
[05:50:58.021] RX< [33m[W/ftp] service go wrong, now wait restarting...[0m
[05:50:58.021] RX< [33m[W/ftp] service go wrong, now wait restarting...[0m
[05:50:58.021] RX< [33m[W/ftp] service go wrong, now wait restarting...[0m
[05:50:58.021] RX< [33m[W/ftp] service go wrong, no
[05:50:58.301] RX< w wait restarting...[0m
[05:50:58.301] RX< [33m[W/ftp] service go wrong, now wait restarting...[0m
[05:50:58.301] RX< [33m[W/ftp] service go wrong, now wait restarting...[0m
[05:50:58.301] RX< [33m[W/ftp] service go wrong, now wait restarting...[0m
[05:50:58.301] RX< [33m[W/ftp] service go wrong, now wait restarting...[0m
[05:50:59.173] RX< 
[05:50:59.173] RX< [33m[W/ftp] service go wrong, now wait restarting...[0m
[05:50:59.173] RX< [33m[W/ftp] service go wrong, now wait restarting...[0m
[05:50:59.173] RX< [33m[W/ftp] service go wrong, now wait restarting...[0m
[05:50:59.173] RX< [33m[W/ftp] service go wrong, now wait restarting...[0m
[05:50:59.173] RX< [33m[W/ftp] service go
[05:50:59.637] RX<  wrong, now wait restarting...[0m
[05:50:59.637] RX< [33m[W/ftp] service go wrong, now wait restarting...[0m
[05:50:59.637] RX< [33m[W/ftp] service go wrong, now wait restarting...[0m
[05:50:59.637] RX< [33m[W/ftp] service go wrong, now wait restarting...[0m
[05:50:59.637] RX< [33m[W/ftp] service go wrong, now wait restart
[05:51:00.301] RX< ing...[0m
[05:51:00.301] RX< [33m[W/ftp] service go wrong, now wait restarting...[0m
[05:51:00.301] RX< [33m[W/ftp] service go wrong, now wait restarting...[0m
[05:51:00.301] RX< [33m[W/ftp] service go wrong, now wait restarting...[0m
[05:51:00.301] RX< [33m[W/ftp] service go wrong, now wait restarting...[0m
[05:51:00.301] RX< [33m[W/ftp] 
[05:51:01.174] RX< service go wrong, now wait restarting...[0m
[05:51:01.174] RX< [33m[W/ftp] service go wrong, now wait restarting...[0m
[05:51:01.174] RX< [33m[W/ftp] service go wrong, now wait restarting...[0m
[05:51:01.174] RX< [33m[W/ftp] service go wrong, now wait restarting...[0m
[05:51:01.174] RX< [33m[W/ftp] service go wrong, now wa
[05:51:01.638] RX< it restarting...[0m
[05:51:01.638] RX< [33m[W/ftp] service go wrong, now wait restarting...[0m
[05:51:01.638] RX< [33m[W/ftp] service go wrong, now wait restarting...[0m
[05:51:01.638] RX< [33m[W/ftp] service go wrong, now wait restarting...[0m
[05:51:01.638] RX< [33m[W/ftp] service go wrong, now wait restarting...[0m
[05:51:01.638] RX< [3
[05:51:02.174] RX< 3m[W/ftp] service go wrong, now wait restarting...[0m
[05:51:02.174] RX< [33m[W/ftp] service go wrong, now wait restarting...[0m
[05:51:02.174] RX< [33m[W/ftp] service go wrong, now wait restarting...[0m
[05:51:02.174] RX< [33m[W/ftp] service go wrong, now wait restarting...[0m
[05:51:02.174] RX< [33m[W/ftp] service go wro
[05:51:03.022] RX< ng, now wait restarting...[0m
[05:51:03.022] RX< [33m[W/ftp] service go wrong, now wait restarting...[0m
[05:51:03.022] RX< [33m[W/ftp] service go wrong, now wait restarting...[0m
[05:51:03.022] RX< [33m[W/ftp] service go wrong, now wait restarting...[0m
[05:51:03.022] RX< [33m[W/ftp] service go wrong, now wait restarting.
[05:51:03.462] RX< ..[0m
[05:51:03.462] RX< [33m[W/ftp] service go wrong, now wait restarting...[0m
[05:51:03.462] RX< [33m[W/ftp] service go wrong, now wait restarting...[0m
[05:51:03.462] RX< [33m[W/ftp] service go wrong, now wait restarting...[0m
[05:51:03.462] RX< [33m[W/ftp] service go wrong, now wait restarting...[0m
[05:51:03.462] RX< [33m[W/ftp] serv
[05:51:04.174] RX< ice go wrong, now wait restarting...[0m
[05:51:04.174] RX< [33m[W/ftp] service go wrong, now wait restarting...[0m
[05:51:04.174] RX< [33m[W/ftp] service go wrong, now wait restarting...[0m
[05:51:04.174] RX< [33m[W/ftp] service go wrong, now wait restarting...[0m
[05:51:04.174] RX< [33m[W/ftp] service go wrong, now wait r
[05:51:05.022] RX< estarting...[0m
[05:51:05.022] RX< [33m[W/ftp] service go wrong, now wait restarting...[0m
[05:51:05.022] RX< [33m[W/ftp] service go wrong, now wait restarting...[0m
[05:51:05.022] RX< [33m[W/ftp] service go wrong, now wait restarting...[0m
[05:51:05.022] RX< [33m[W/ftp] service go wrong, now wait restarting...[0m
[05:51:05.022] RX< [33m[W
[05:51:05.302] RX< /ftp] service go wrong, now wait restarting...[0m
[05:51:05.302] RX< [33m[W/ftp] service go wrong, now wait restarting...[0m
[05:51:05.302] RX< [33m[W/ftp] service go wrong, now wait restarting...[0m
[05:51:05.302] RX< [33m[W/ftp] service go wrong, now wait restarting...[0m
[05:51:05.302] RX< [33m[W/ftp] service go wrong, 
[05:51:06.173] RX< now wait restarting...[0m
[05:51:06.173] RX< [33m[W/ftp] service go wrong, now wait restarting...[0m
[05:51:06.173] RX< [33m[W/ftp] service go wrong, now wait restarting...[0m
[05:51:06.173] RX< [33m[W/ftp] service go wrong, now wait restarting...[0m
[05:51:06.173] RX< [33m[W/ftp] service go wrong, now wait restarting...[
[05:51:06.637] RX< 0m
[05:51:06.637] RX< [33m[W/ftp] service go wrong, now wait restarting...[0m
[05:51:06.637] RX< [33m[W/ftp] service go wrong, now wait restarting...[0m
[05:51:06.637] RX< [33m[W/ftp] service go wrong, now wait restarting...[0m
[05:51:06.637] RX< [33m[W/ftp] service go wrong, now wait restarting...[0m
[05:51:06.637] RX< [33m[W/ftp] service 
[05:51:07.173] RX< go wrong, now wait restarting...[0m
[05:51:07.173] RX< [33m[W/ftp] service go wrong, now wait restarting...[0m
[05:51:07.173] RX< [33m[W/ftp] service go wrong, now wait restarting...[0m
[05:51:07.173] RX< [33m[W/ftp] service go wrong, now wait restarting...[0m
[05:51:07.173] RX< [33m[W/ftp] service go wrong, now wait resta
[05:51:08.173] RX< rting...[0m
[05:51:08.173] RX< [33m[W/ftp] service go wrong, now wait restarting...[0m
[05:51:08.173] RX< [33m[W/ftp] service go wrong, now wait restarting...[0m
[05:51:08.173] RX< [33m[W/ftp] service go wrong, now wait restarting...[0m
[05:51:08.173] RX< [33m[W/ftp] service go wrong, now wait restarting...[0m
[05:51:08.173] RX< [33m[W/ftp
[05:51:08.461] RX< ] service go wrong, now wait restarting...[0m
[05:51:08.461] RX< [33m[W/ftp] service go wrong, now wait restarting...[0m
[05:51:08.461] RX< [33m[W/ftp] service go wrong, now wait restarting...[0m
[05:51:08.461] RX< [33m[W/ftp] service go wrong, now wait restarting...[0m
[05:51:08.461] RX< [33m[W/ftp] service go wrong, now 
[05:51:09.174] RX< wait restarting...[0m
[05:51:09.174] RX< [33m[W/ftp] service go wrong, now wait restarting...[0m
[05:51:09.174] RX< [33m[W/ftp] service go wrong, now wait restarting...[0m
[05:51:09.174] RX< [33m[W/ftp] service go wrong, now wait restarting...[0m
[05:51:09.174] RX< [33m[W/ftp] service go wrong, now wait restarting...[0m
[05:51:09.174] RX< 
[05:51:10.022] RX< [33m[W/ftp] service go wrong, now wait restarting...[0m
[05:51:10.022] RX< [33m[W/ftp] service go wrong, now wait restarting...[0m
[05:51:10.022] RX< [33m[W/ftp] service go wrong, now wait restarting...[0m
[05:51:10.022] RX< [33m[W/ftp] service go wrong, now wait restarting...[0m
[05:51:10.022] RX< [33m[W/ftp] service go w
[05:51:10.302] RX< rong, now wait restarting...[0m
[05:51:10.302] RX< [33m[W/ftp] service go wrong, now wait restarting...[0m
[05:51:10.302] RX< [33m[W/ftp] service go wrong, now wait restarting...[0m
[05:51:10.302] RX< [33m[W/ftp] service go wrong, now wait restarting...[0m
[05:51:10.302] RX< [33m[W/ftp] service go wrong, now wait restartin
[05:51:11.174] RX< g...[0m
[05:51:11.174] RX< [33m[W/ftp] service go wrong, now wait restarting...[0m
[05:51:11.174] RX< [33m[W/ftp] service go wrong, now wait restarting...[0m
[05:51:11.174] RX< [33m[W/ftp] service go wrong, now wait restarting...[0m
[05:51:11.174] RX< [33m[W/ftp] service go wrong, now wait restarting...[0m
[05:51:11.174] RX< [33m[W/ftp] se
[05:51:11.638] RX< rvice go wrong, now wait restarting...[0m
[05:51:11.638] RX< [33m[W/ftp] service go wrong, now wait restarting...[0m
[05:51:11.638] RX< [33m[W/ftp] service go wrong, now wait restarting...[0m
[05:51:11.638] RX< [33m[W/ftp] service go wrong, now wait restarting...[0m
[05:51:11.638] RX< [33m[W/ftp] service go wrong, now wait
[05:51:12.302] RX<  restarting...[0m
[05:51:12.302] RX< [33m[W/ftp] service go wrong, now wait restarting...[0m
[05:51:12.302] RX< [33m[W/ftp] service go wrong, now wait restarting...[0m
[05:51:12.302] RX< [33m[W/ftp] service go wrong, now wait restarting...[0m
[05:51:12.302] RX< [33m[W/ftp] service go wrong, now wait restarting...[0m
[05:51:12.302] RX< [33m
[05:51:13.174] RX< [W/ftp] service go wrong, now wait restarting...[0m
[05:51:13.174] RX< [33m[W/ftp] service go wrong, now wait restarting...[0m
[05:51:13.174] RX< [33m[W/ftp] service go wrong, now wait restarting...[0m
[05:51:13.174] RX< [33m[W/ftp] service go wrong, now wait restarting...[0m
[05:51:13.174] RX< [33m[W/ftp] service go wrong
[05:51:13.462] RX< , now wait restarting...[0m
[05:51:13.462] RX< [33m[W/ftp] service go wrong, now wait restarting...[0m
[05:51:13.462] RX< [33m[W/ftp] service go wrong, now wait restarting...[0m
[05:51:13.462] RX< [33m[W/ftp] service go wrong, now wait restarting...[0m
[05:51:13.462] RX< [33m[W/ftp] service go wrong, now wait restarting...
[05:51:14.174] RX< [0m
[05:51:14.174] RX< [33m[W/ftp] service go wrong, now wait restarting...[0m
[05:51:14.174] RX< [33m[W/ftp] service go wrong, now wait restarting...[0m
[05:51:14.174] RX< [33m[W/ftp] service go wrong, now wait restarting...[0m
[05:51:14.174] RX< [33m[W/ftp] service go wrong, now wait restarting...[0m
[05:51:14.174] RX< [33m[W/ftp] servic
[05:51:15.022] RX< e go wrong, now wait restarting...[0m
[05:51:15.022] RX< [33m[W/ftp] service go wrong, now wait restarting...[0m
[05:51:15.022] RX< [33m[W/ftp] service go wrong, now wait restarting...[0m
[05:51:15.022] RX< [33m[W/ftp] service go wrong, now wait restarting...[0m
[05:51:15.022] RX< [33m[W/ftp] service go wrong, now wait res
[05:51:15.462] RX< tarting...[0m
[05:51:15.462] RX< [33m[W/ftp] service go wrong, now wait restarting...[0m
[05:51:15.462] RX< [33m[W/ftp] service go wrong, now wait restarting...[0m
[05:51:15.462] RX< [33m[W/ftp] service go wrong, now wait restarting...[0m
[05:51:15.462] RX< [33m[W/ftp] service go wrong, now wait restarting...[0m
[05:51:15.462] RX< [33m[W/f
[05:51:16.175] RX< tp] service go wrong, now wait restarting...[0m
[05:51:16.175] RX< [33m[W/ftp] service go wrong, now wait restarting...[0m
[05:51:16.175] RX< [33m[W/ftp] service go wrong, now wait restarting...[0m
[05:51:16.175] RX< [33m[W/ftp] service go wrong, now wait restarting...[0m
[05:51:16.175] RX< [33m[W/ftp] service go wrong, no
[05:51:16.639] RX< w wait restarting...[0m
[05:51:16.639] RX< [33m[W/ftp] service go wrong, now wait restarting...[0m
[05:51:16.639] RX< [33m[W/ftp] service go wrong, now wait restarting...[0m
[05:51:16.639] RX< [33m[W/ftp] service go wrong, now wait restarting...[0m
[05:51:16.639] RX< [33m[W/ftp] service go wrong, now wait restarting...[0m
[05:51:17.303] RX< 
[05:51:17.303] RX< [33m[W/ftp] service go wrong, now wait restarting...[0m
[05:51:17.303] RX< [33m[W/ftp] service go wrong, now wait restarting...[0m
[05:51:17.303] RX< [33m[W/ftp] service go wrong, now wait restarting...[0m
[05:51:17.303] RX< [33m[W/ftp] service go wrong, now wait restarting...[0m
[05:51:17.303] RX< [33m[W/ftp] service go
[05:51:18.176] RX<  wrong, now wait restarting...[0m
[05:51:18.176] RX< [33m[W/ftp] service go wrong, now wait restarting...[0m
[05:51:18.176] RX< [33m[W/ftp] service go wrong, now wait restarting...[0m
[05:51:18.176] RX< [33m[W/ftp] service go wrong, now wait restarting...[0m
[05:51:18.176] RX< [33m[W/ftp] service go wrong, now wait restart
[05:51:18.640] RX< ing...[0m
[05:51:18.640] RX< [33m[W/ftp] service go wrong, now wait restarting...[0m
[05:51:18.640] RX< [33m[W/ftp] service go wrong, now wait restarting...[0m
[05:51:18.640] RX< [33m[W/ftp] service go wrong, now wait restarting...[0m
[05:51:18.640] RX< [33m[W/ftp] service go wrong, now wait restarting...[0m
[05:51:18.640] RX< [33m[W/ftp] 
[05:51:19.168] RX< service go wrong, now wait restarting...[0m
[05:51:19.168] RX< [33m[W/ftp] service go wrong, now wait restarting...[0m
[05:51:19.168] RX< [33m[W/ftp] service go wrong, now wait restarting...[0m
[05:51:19.168] RX< [33m[W/ftp] service go wrong, now wait restarting...[0m
[05:51:19.168] RX< [33m[W/ftp] service go wrong, now wa
[05:51:20.144] RX< it restarting...[0m
[05:51:20.144] RX< [33m[W/ftp] service go wrong, now wait restarting...[0m
[05:51:20.144] RX< [33m[W/ftp] service go wrong, now wait restarting...[0m
[05:51:20.144] RX< [33m[W/ftp] service go wrong, now wait restarting...[0m
[05:51:20.144] RX< [33m[W/ftp] service go wrong, now wait restarting...[0m
[05:51:20.144] RX< [3
[05:51:20.464] RX< 3m[W/ftp] service go wrong, now wait restarting...[0m
[05:51:20.464] RX< [33m[W/ftp] service go wrong, now wait restarting...[0m
[05:51:20.464] RX< [33m[W/ftp] service go wrong, now wait restarting...[0m
[05:51:20.464] RX< [33m[W/ftp] service go wrong, now wait restarting...[0m
[05:51:20.464] RX< [33m[W/ftp] service go wro
[05:51:21.152] RX< ng, now wait restarting...[0m
[05:51:21.152] RX< [33m[W/ftp] service go wrong, now wait restarting...[0m
[05:51:21.152] RX< [33m[W/ftp] service go wrong, now wait restarting...[0m
[05:51:21.152] RX< [33m[W/ftp] service go wrong, now wait restarting...[0m
[05:51:21.152] RX< [33m[W/ftp] service go wrong, now wait restarting.
[05:51:22.016] RX< ..[0m
[05:51:22.016] RX< [33m[W/ftp] service go wrong, now wait restarting...[0m
[05:51:22.016] RX< [33m[W/ftp] service go wrong, now wait restarting...[0m
[05:51:22.016] RX< [33m[W/ftp] service go wrong, now wait restarting...[0m
[05:51:22.016] RX< [33m[W/ftp] service go wrong, now wait restarting...[0m
[05:51:22.016] RX< [33m[W/ftp] serv
[05:51:22.304] RX< ice go wrong, now wait restarting...[0m
[05:51:22.304] RX< [33m[W/ftp] service go wrong, now wait restarting...[0m
[05:51:22.304] RX< [33m[W/ftp] service go wrong, now wait restarting...[0m
[05:51:22.304] RX< [33m[W/ftp] service go wrong, now wait restarting...[0m
[05:51:22.304] RX< [33m[W/ftp] service go wrong, now wait r
[05:51:23.152] RX< estarting...[0m
[05:51:23.152] RX< [33m[W/ftp] service go wrong, now wait restarting...[0m
[05:51:23.152] RX< [33m[W/ftp] service go wrong, now wait restarting...[0m
[05:51:23.152] RX< [33m[W/ftp] service go wrong, now wait restarting...[0m
[05:51:23.152] RX< [33m[W/ftp] service go wrong, now wait restarting...[0m
[05:51:23.152] RX< [33m[W
[05:51:23.632] RX< /ftp] service go wrong, now wait restarting...[0m
[05:51:23.632] RX< [33m[W/ftp] service go wrong, now wait restarting...[0m
[05:51:23.632] RX< [33m[W/ftp] service go wrong, now wait restarting...[0m
[05:51:23.632] RX< [33m[W/ftp] service go wrong, now wait restarting...[0m
[05:51:23.632] RX< [33m[W/ftp] service go wrong, 
[05:51:23.962] RX< now wait restarting...[0m
[05:51:23.962] RX< rtmp_video_start rtmp://172.20.10.2/live/cam
[05:51:23.962] RX< [7] [cam] [243835][tshell][cgm_parse_bin:105]total logical camera num: 1
[05:51:23.962] RX< [6] [cam] [243835][tshell][cam_prelude_create:187]E id, 0
[05:51:23.962] RX< [7] [cam] [243836][cpl0][cam_prelude_proc_routine:10
[05:51:23.962] RX< 1]thread start
[05:51:23.962] RX< [6] [cam] [243836][tshell][cam_prelude_create:214]X ctx size 124 addr 0x884714d0
[05:51:23.962] RX< [6] [cam] [243842][tshell][sensor_probe:418]sensor [1]: identifing 0 success.
[05:51:23.962] RX< [6] [cam] [243844][tshell][sensor_probe:441]sensor [1]: probe exit!
[05:51:23.962] RX< [6] [cam] [24
[05:51:23.965] RX< 3844][tshell][cam_prelude_fast_probe:251]cam: 0 probe result: 0
[05:51:23.965] RX< [6] [cam] [243845][tshell][cgm_parse_bin:215]cam(0) probe success
[05:51:23.965] RX< [6] [cam] [243845][tshell][cam_entry:435]entry ok
[05:51:23.965] RX< [34m[cam entry] perf=10926(us)!
[05:51:23.965] RX< [0m[6] [App Cam] cam entry success
[05:51:23.965] RX< [36
[05:51:23.965] RX< mmem_laySolv: scenario=01 in=4032x3024, me_rotate=1 me_stripe=1 
[05:51:23.965] RX< [0m[36mmem_laySolv: me_rot 1, me_stripe 1, eis 0, be_rot 0
[05:51:23.965] RX< [0mscen1 type26 bufAdr 0x89d40b70 sz 0x1400000 reCfg for bound!
[05:51:23.965] RX< [36mmem_laySolv: scen01 20 entries solved OK!
[05:51:23.965] RX< [0m[36mmem_lay
[05:51:23.967] RX< Solv: scenario=02 in=2016x1512, me_rotate=0 me_stripe=0 
[05:51:23.967] RX< [0m[36mmem_laySolv: me_rot 0, me_stripe 0, eis 0, be_rot 0
[05:51:23.967] RX< [0mscen2 type15 bufAdr 0x89ce3ef0 sz 0xd00000 reCfg for bound!
[05:51:23.967] RX< [36mmem_laySolv: scen02 14 entries solved OK!
[05:51:23.967] RX< [0m[36mmem_laySolv: sce
[05:51:23.967] RX< nario=03 in=4032x2268, me_rotate=1 me_stripe=0 
[05:51:23.967] RX< [0m[36mmem_laySolv: me_rot 1, me_stripe 0, eis 0, be_rot 0
[05:51:23.967] RX< [0m[36mmem_laySolv: scen03 14 entries solved OK!
[05:51:23.967] RX< [0m[7] [cam] [243850][tshell][cam_solve_whole_layout:355]
[05:51:23.967] RX< scen3: vol 0x8c000000 rbuf 0x89d6cd
[05:51:23.970] RX< f0 sz 0xd00000 wbuf 0x8aa6cdf0 sz 0xd00000
[05:51:23.970] RX<        rtmp txbuf 0x8bf80000 sz 0x80000 avcBuf 0x8bf00000 sz 0x80000
[05:51:23.970] RX< [36mmem_laySolv: scenario=04 in=4032x3024, me_rotate=1 me_stripe=1 
[05:51:23.970] RX< [0m[36mmem_laySolv: me_rot 1, me_stripe 1, eis 0, be_rot 0
[05:51:23.970] RX< [0m[36mmem
[05:51:23.970] RX< _laySolv: scen04 14 entries solved OK!
[05:51:23.970] RX< [0m[36mmem_laySolv: scenario=05 in=1008x0756, me_rotate=0 me_stripe=0 
[05:51:23.970] RX< [0m[36mmem_laySolv: me_rot 0, me_stripe 0, eis 0, be_rot 0
[05:51:23.970] RX< [0m[36mmem_laySolv: scen05 17 entries solved OK!
[05:51:23.970] RX< [0m[36mmem_laySolv: scenario
[05:51:23.973] RX< =06 in=1008x0720, me_rotate=0 me_stripe=0 
[05:51:23.973] RX< [0m[36mmem_laySolv: me_rot 0, me_stripe 0, eis 0, be_rot 0
[05:51:23.973] RX< [0m[36mmem_laySolv: scen06 12 entries solved OK!
[05:51:23.973] RX< [0m[36mmem_laySolv: scenario=01 in=4032x3024, me_rotate=1 me_stripe=1 
[05:51:23.973] RX< [0mscen1 type26 bufAdr 0x
[05:51:23.975] RX< 89d40b70 sz 0x1400000 reCfg for bound!
[05:51:23.975] RX< [36mmem_laySolv: scen01 20 entries solved OK!
[05:51:23.975] RX< [0m[7] [cam] [243855][tshell][cam_solve_whole_layout:383]Solve Whole-layout Done!
[05:51:23.975] RX< [6] [cam] [243856][tshell][cgm_parse_media_para:271]phy cam num: 1
[05:51:23.975] RX< [7] [cam] [243856]
[05:51:23.976] RX< [cer0][cer_recovery_proc:343]thread start cid, 0
[05:51:23.976] RX< [6] [cam] [243857][tshell][csc_open:443]SENSOR MCLK cal: 24MHz
[05:51:23.976] RX< [6] [cam] [243857][tshell][csc_isp_clk_cal:344]MIPI CLK cal: 277MHz
[05:51:23.976] RX< [6] [cam] [243857][tshell][csc_isp_clk_cal:371]LITE CLK cal: 25MHz
[05:51:23.976] RX< [7] [ca
[05:51:23.982] RX< m] [243857][tshell][cpc_csi_rx_power_on:633]E id: 2
[05:51:23.982] RX< [6] [cam] [243858][tshell][cpc_update_clock:603]actual SNS mclk: 24MHz
[05:51:23.982] RX< [6] [cam] [243858][tshell][cpc_update_clock:608]actual MIPI0: 300MHz
[05:51:23.982] RX< [6] [cam] [243859][tshell][cpc_update_clock:598]actual LITE cl
[05:51:23.982] RX< k: 25MHz
[05:51:23.982] RX< [7] [cam] [243859][tshell][cam_prelude_open:297][34msnsOpen camID1 csiID0 phyIdx0[0m
[05:51:23.982] RX< [6] [cam] [243864][tshell][sensor_expo_gain_match:48]sensor get sensor expo gain of imx681_vst
[05:51:23.982] RX< [6] [cam] [243864][tshell][sensor_open:684]sensor [1] open OK.
[05:51:23.987] RX< [6] [cam] [243864][tshell][cam_cpm_parse_media:298]video scenario:3, media para[fps:0, mirror_en:0, flip_en:0]
[05:51:23.987] RX< [6] [cam] [243865][tshell][cam_cpm_parse_media:301]video scenario, media para[iso:0, gain:0, wb_mode:0]
[05:51:23.987] RX< [6] [cam] [243866][tshell][csc_isp_clk_c
[05:51:23.987] RX< al:353]FE CLK cal: 373MHz, ME CLK cal: 371MHz, FE/ME CLK cal: 410MHz
[05:51:23.987] RX< [6] [cam] [243866][tshell][csc_isp_clk_cal:360]BE CLK cal: 301MHz
[05:51:23.987] RX< [6] [cam] [243867][tshell][cpc_update_clock:588]actual FE/ME clk: 500MHz
[05:51:23.987] RX< [7] [cam] [243867][tshell][cam_cpm_core_power_o
[05:51:23.990] RX< n:425]id,0 type,1 ret 0
[05:51:23.990] RX< [6] [cam] [243867][tshell][cam_cpm_core_init:914]E id,0 sensor type,1
[05:51:23.990] RX< [6] [cam] [243870][tshell][cpm_core_check_tuningbin:854]Tuning bin crc check PASS! sum 0x7fb15f, xor 0x4e593f47
[05:51:23.990] RX< [6] [cam] [243870][tshell][qpc_tuning_check_iqbin
[05:51:23.990] RX< _validness:396]IQ bin addr: 0x88646660, project_name: video_3M
[05:51:23.990] RX< [6] [cam] [243871][tshell][qpc_tuning_check_iqbin_validness:397]total_size: 94208
[05:51:23.990] RX< [6] [cam] [243871][tshell][qpc_tuning_check_iqbin_validness:398]id_count: 93. ID_TOTAL: 94
[05:51:23.990] RX< [6] [cam] [243872]
[05:51:23.993] RX< [tshell][qpc_tuning_check_iqbin_validness:399]spinel tuning data ver: V1.30
[05:51:23.993] RX< [6] [cam] [243872][tshell][cpm_core_check_tuningbin:868]IQ bin check success!
[05:51:23.993] RX< [6] [cam] [243873][tshell][cam_bm_core_init:94]E
[05:51:23.993] RX< [6] [cam] [243873][tshell][bm_lab_init:174]X ctx siz
[05:51:23.993] RX< e 4 addr 0x8845e328
[05:51:23.993] RX< [6] [cam] [243874][tshell][cam_bm_core_init:114]X ctx size 180 addr 0x884795c8
[05:51:23.993] RX< [6] [cam] [243874][tshell][qpc_core_init:1218]E id,0
[05:51:23.993] RX< [6] [cam] [243875][tshell][qpc_queue_init:65]QPC init qnodes 8, size 508, pool 0x8847ce50
[05:51:23.993] RX< [7] [cam] [2
[05:51:24.011] RX< 43875][tshell][_qpc_get_cap_cfg_para:888][fallback]preset capCfg 0 0 0 invalid, use default
[05:51:24.011] RX< [7] [cam] [243876][tshell][_qpc_cfg_hdr_frms:832][fallback]preset hdrCfg 0 32 7 25600 148508608 invalid, use default
[05:51:24.011] RX< [6] [cam] [243891][tshell][qpc_core_init:1264]
[05:51:24.011] RX< X ctx size 3800 addr 0x88479690
[05:51:24.011] RX< [6] [cam] [243891][tshell][cpm_core_get_param:666]cpm para chk: tunBin-w 4032 h 2266 img-w 4032 h 2268
[05:51:24.011] RX< [6] [cam] [243892][tshell][cam_fe_core_init:436]E id,0
[05:51:24.011] RX< [6] [cam] [243892][tshell][cam_fe_core_init:490]X ctx size 100 ad
[05:51:24.015] RX< dr 0x8847a718
[05:51:24.015] RX< [7] [cam] [243893][tshell][qpc_core_fe_chords_init:1659][34mqpc fe init snsOut w 4032 h 2268, tbl w 28 h 20[0m
[05:51:24.015] RX< [6] [cam] [243894][tshell][cam_me_core_init:1474]X ctx size 1352 addr 0x884a8b38
[05:51:24.015] RX< [34m[ME SLICE CFG] perf=1238(us)!
[05:51:24.015] RX< [0m[6] [ca
[05:51:24.016] RX< m] [243897][tshell][cam_bayer_fe_3a_stats_core_init:445]fe 3a id,0
[05:51:24.016] RX< [6] [cam] [243897][tshell][cam_bayer_fe_3a_stats_core_init:490]X ctx size 132 addr 0x884b14e8
[05:51:24.016] RX< [6] [cam] [243898][tshell][awb_wrapper_init:66]xxx awb_bin=0x8847f32c, awb_bin_length=8068
[05:51:24.016] RX< [6]
[05:51:24.024] RX<  [cam] [243898][tshell][awb_wrapper_init:86]X algo_handle 0x884b8168
[05:51:24.024] RX< [7] [cam] [243899][awb0][a5_core_wrapper_task:252]thread start cid,0 algo type,2
[05:51:24.024] RX< [6] [cam] [243899][tshell][a5_core_init_task:426]thread created: awb0 mq=0x884b7308 thread=0x884b7420 sem
[05:51:24.024] RX< =0x884b2870 ret=0
[05:51:24.024] RX< [6] [cam] [243900][tshell][bayer_ae_wrapper_init:68]E id,0 proc mode 0 
[05:51:24.024] RX< [33m[W/ftp] service go wrong, now wait restarting...[0m
[05:51:24.024] RX< 
[05:51:24.024] RX< [AEC Proc] @[allib_ae_set_debug_log_flag] Line:129:[DEBUG] debug level/to_file/to_terminal: 22/1/1
[05:51:24.024] RX< [AEC Pr
[05:51:24.026] RX< oc] @[AeInit] Line:377:[INFO] AE ver: 2026_V2.269
[05:51:24.026] RX< 
[05:51:24.026] RX< [AEC Proc] @[allib_ae_loadfunc] Line:193:[INFO] camera ID: 0
[05:51:24.026] RX< [AEC Proc] @[alAE_set_param] Line:575:[DEBUG] sw_maxtime 33004 ,pertline 10800, after check sensor step sw_max_time 33000.00
[05:51:24.026] RX< [AEC Proc] @[alAE
[05:51:24.027] RX< _set_param] Line:580:[DEBUG] sw_mintime 43 ,pertline 10800, after check sensor step sw_min_time 40.00
[05:51:24.027] RX< [AEC Proc] @[alAE_set_param] Line:513:[DEBUG] DEBUG minbv exptime 11 gain 100, minExpBV 13810
[05:51:24.027] RX< [AEC Proc] @[AeTuningParseSet] Line:167:[DEBUG] aeparam ver
[05:51:24.029] RX< sion 2.268 60530
[05:51:24.029] RX< [AEC Proc] @[alAE_set_param] Line:340:[DEBUG] INITEXP gain 100, shutter 33242, midtonegain 100, bv 2247
[05:51:24.029] RX< [6] [cam] [243910][tshell][bayer_ae_wrapper_init:119]X tline 10800 max_exp 33004 alg_hdl 0x884bc798 
[05:51:24.029] RX< [7] [cam] [243910][b_ae0][a5_core
[05:51:24.029] RX< _wrapper_task:252]thread start cid,0 algo type,0
[05:51:24.029] RX< [6] [cam] [243911][tshell][a5_core_init_task:426]thread created: b_ae0 mq=0x884b7a58 thread=0x884b7b70 sem=0x884b79e8 ret=0
[05:51:24.029] RX< [6] [cam] [243911][tshell][atf_wrapper_init:67]E id,0
[05:51:24.029] RX< [6] [cam] [243912][tshell][
[05:51:24.045] RX< atf_wrapper_init:107]X alg_ctx addr 0x884b7c98
[05:51:24.045] RX< [7] [cam] [243912][atf0][a5_core_wrapper_task:252]thread start cid,0 algo type,1
[05:51:24.045] RX< [6] [cam] [243913][tshell][a5_core_init_task:426]thread created: atf0 mq=0x884b7dd0 thread=0x884c7068 sem=0x884b7d60 ret=0
[05:51:24.045] RX< [6] 
[05:51:24.045] RX< [cam] [243913][tshell][cam_cpm_core_init:1030]X ctx size 1064 addr 0x88479190
[05:51:24.045] RX< [6] [cam] [243914][tshell][csc_open:527]ok! phys_id[1], phys_num[1] 
[05:51:24.045] RX< [6] [cam] [243914][tshell][cam_open:699]open ok! camera_id[0]
[05:51:24.045] RX< [34m[cam open] perf=68471(us)!
[05:51:24.045] RX< [0m[6] [App 
[05:51:24.046] TX> rtmp_video_start rtmp://172.20.10.2/live/cam
[05:51:24.046] TX> echo "__EVBTEST_END_afde3b65__"
[05:51:24.048] RX< Cam] cam open success
[05:51:24.048] RX< [6] [App Cam] hevc init success
[05:51:24.048] RX< [6] [cam] [243928][tshell][csc_init:637]sensor info:size:4032x2268, formt: 0x2b, bps: 1968, tline: 10800
[05:51:24.048] RX< [6] [cam] [243929][tshell][cam_sif_mgr_init:261]E id,0
[05:51:24.048] RX< [7] [cam] [243929][sif0][sif_irq_proc:15
[05:51:24.048] RX< 1]thread start cid,0
[05:51:24.048] RX< [6] [cam] [243930][tshell][cam_sif_mgr_init:293]X ctx size 52 addr 0x884f87a0
[05:51:24.048] RX< [6] [cam] [243930][tshell][cam_prelude_init_cfg:368]CSI ID is 0,  phy lanes is 2.
[05:51:24.048] RX< [7] [cam] [243931][tshell][check_phy_ready:96]MIPI_PHY[0] is ready
[05:51:24.048] RX< [6] [c
[05:51:24.063] RX< am] [243931][tshell][sensor_init:348]sensor [1]: register ok
[05:51:24.063] RX< [6] [cam] [243931][tshell][sensor_set_mode:852]sensor [1]: SetMode -> mode = 0.
[05:51:24.063] RX< [6] [cam] [243932][tshell][sensor_send_reg_tab_to_sensor:704]sensor [1]: send_reg_tab_to_sensor E.
[05:51:24.063] RX< [6] [cam] [243
[05:51:24.063] RX< 943][tshell][sensor_send_reg_tab_to_sensor:726]sensor [1]: reg_count = 77.
[05:51:24.063] RX< [6] [cam] [243945][tshell][sensor_init:361]sensor [1]: init success.
[05:51:24.063] RX< [6] [cam] [243945][tshell][sensor_set_mode:852]sensor [1]: SetMode -> mode = 3.
[05:51:24.063] RX< [6] [cam] [243946][tshell][sens
[05:51:24.080] RX< or_send_reg_tab_to_sensor:704]sensor [1]: send_reg_tab_to_sensor E.
[05:51:24.080] RX< [6] [cam] [243961][tshell][sensor_send_reg_tab_to_sensor:726]sensor [1]: reg_count = 83.
[05:51:24.080] RX< [6] [cam] [243961][tshell][csc_init:646]ok! phys_id[1], phys_num[1]
[05:51:24.080] RX< [6] [cam] [243961][tshell][csc
[05:51:24.080] RX< _get_bayer_single_buffer:1038]scenario_type: 3
[05:51:24.080] RX< [6] [cam] [243961][tshell][csc_set_stats_fmt:98]index 0 w 1 h 1 bw 8 wcmp 255
[05:51:24.080] RX< [7] [cam] [243962][tshell][bm_ioctl:201]BMIOC_STATS_FMT
[05:51:24.080] RX< [6] [cam] [243962][tshell][csc_set_fe_fmt:47]index 1 w 4032 h 2268 bw 10 w
[05:51:24.082] RX< cmp 0
[05:51:24.082] RX< [7] [cam] [243963][tshell][bm_ioctl:201]BMIOC_FE_FMT
[05:51:24.082] RX< [6] [cam] [243963][tshell][csc_set_me_fmt:64]index 5 w 2268 h 4032 bw 10 wcmp 0, rdma_addr 0x894afe00, wdma_addr 0x894afe00
[05:51:24.082] RX< [7] [cam] [243964][tshell][bm_ioctl:201]BMIOC_ME_FMT
[05:51:24.082] RX< [6] [cam] [243964]
[05:51:24.082] RX< [tshell][csc_set_video_fmt:966]meta_addr: 0x89d6c600
[05:51:24.082] RX< [6] [cam] [243965][tshell][csc_set_me_fmt:64]index 6 w 1296 h 2304 bw 8 wcmp 255, rdma_addr 0x88795200, wdma_addr 0x8c000000
[05:51:24.082] RX< [6] [cam] [243965][tshell][cam_me_core_buffer_cfg:1367]
[05:51:24.082] RX< ----ME PIPE INFO---
[05:51:24.085] RX< 
[05:51:24.085] RX<  wdma_buf_num:1, rotation_en: 1
[05:51:24.085] RX< [7] [cam] [243966][tshell][cam_me_core_buffer_cfg:1375]yuv wdma_addr 0:0x8c000000, meta_en: 1, 0x89d6c600
[05:51:24.085] RX< [7] [cam] [243966][tshell][bm_ioctl:201]BMIOC_ME_FMT
[05:51:24.085] RX< [6] [cam] [243967][tshell][csc_set_lite_fmt:115]index 13 w 400
[05:51:24.088] RX<  h 400 bw 10 wcmp 255
[05:51:24.088] RX< [7] [cam] [243967][tshell][bm_ioctl:201]BMIOC_LITE_FMT
[05:51:24.088] RX< [6] [cam] [243968][tshell][csc_set_lite_fmt:115]index 14 w 400 h 400 bw 10 wcmp 255
[05:51:24.088] RX< [7] [cam] [243968][tshell][bm_ioctl:201]BMIOC_LITE_FMT
[05:51:24.088] RX< [6] [cam] [243968][tshell][csc_init:65
[05:51:24.088] RX< 4]get otp ok! phys_id[1], phys_num[1]
[05:51:24.088] RX< [6] [cam] [243969][tshell][cam_init:789]init ok! logic_id[0]
[05:51:24.088] RX< [34m[cam init] perf=40982(us)!
[05:51:24.088] RX< [0m[6] [App Cam] cam init success
[05:51:24.088] RX< [7] [cam] [243970][tshell][cam_cpm_core_stream_on:541]id 0 sensor type 1
[05:51:24.088] RX< [6] [cam] [2439
[05:51:24.106] RX< 70][tshell][sensor_stream_on:979]sensor [1]: stream_on
[05:51:24.106] RX< [6] [cam] [243971][tshell][sensor_stream_on:1007]sensor [1]: REG: 0x100, W:0x1.
[05:51:24.106] RX< [6] [cam] [243971][tshell][sensor_stream_on:1009]sensor [1]: REG: 0x100, R:0x1.
[05:51:24.106] RX< [6] [cam] [243971][tshell][csc_prv_start
[05:51:24.106] RX< :783]ok! phys_id[1], phys_num[1], cam_ids[1]
[05:51:24.106] RX< [6] [cam] [243972][tshell][cam_start:897]preview start ok! logic_id[0]
[05:51:24.106] RX< [34m[cam start] perf=2635(us)!
[05:51:24.106] RX< [0m[6] [App Cam] cam start success
[05:51:24.106] RX< [RTMP] connecting rtmp://172.20.10.2/live/cam ...
[05:51:24.106] RX< [7] [cam] [243973][
[05:51:24.176] RX< b_3a_sts][bayer_stats_core_irq_proc:164]thread start cid,0
[05:51:24.176] RX< [7] [cam] [243973][fe0][fe_core_irq_proc:98]thread start cid,0
[05:51:24.176] RX< [33m[W/ftp] service go wrong, now wait restarting...[0m
[05:51:24.176] RX< [33m[W/ftp] service go wrong, now wait restarting...[0m
[05:51:24.176] RX< [RTMP] connected 
[05:51:24.233] RX< to 172.20.10.2:1935 (sock=6)
[05:51:24.233] RX< [33m[W/ftp] service go wrong, now wait restarting...[0m
[05:51:24.233] RX< [34m[AE] fid=0,exp=10170,adg=288,Y=5000,mtg=100,shg=100,bgbv=4229,iso=288,cnv0,hdr0
[05:51:24.233] RX< [0m[34m[b_ae0 proc] perf=8056(us), max=8056(us)!
[05:51:24.233] RX< [0m[34m[awb0 proc] perf=4423(u
[05:51:24.489] RX< s), max=4423(us)!
[05:51:24.489] RX< [0m[33m[W/ftp] service go wrong, now wait restarting...[0m
[05:51:24.489] RX< [RTMP] handshake (simple) ok
[05:51:24.489] RX< [6] [cam] [244265][me0][cpm_cb_fe2me_tikChk:152]frm_length 88560us, fe2me delta 0
[05:51:24.489] RX< [33m[W/ftp] service go wrong, now wait restarting...[0m
[05:51:24.489] RX< [34m[M
[05:51:24.729] RX< E INTP]fid=0, shutter=10170, perf=2816(us), max=2816(us)!
[05:51:24.729] RX< [0m[7] [cam] [244443][me0][me_core_thread:322]ME out fid 0
[05:51:24.729] RX< [RTMP] connect _result ok
[05:51:24.729] RX< [33m[W/ftp] service go wrong, now wait restarting...[0m
[05:51:24.729] RX< [RTMP] createStream -> msid=1
[05:51:24.729] RX< [RTMP] publish ready on 
[05:51:25.033] RX< rtmp://172.20.10.2:1935/live
[05:51:25.033] RX< [RTMP] config sent (42 bytes)
[05:51:25.033] RX< [RTMP] f_index = 0, f_len = 39
[05:51:25.033] RX< [RTMP] Push Start -> rtmp://172.20.10.2/live/cam
[05:51:25.033] RX< msh /emmc>echo "__EVBTEST_END_afde3b65__"
[05:51:25.033] RX< __EVBTEST_END_afde3b65__
[05:51:25.033] RX< msh /emmc>[33m[W/ftp] service go wrong, now wait
[05:51:25.386] RX<  restarting...[0m
[05:51:25.386] RX< [33m[W/ftp] service go wrong, now wait restarting...[0m
[05:51:25.386] RX< [33m[W/ftp] service go wrong, now wait restarting...[0m
[05:51:25.386] RX< [33m[W/ftp] service go wrong, now wait restarting...[0m
[05:51:25.386] RX< [33m[W/ftp] service go wrong, now wait restarting...[0m
[05:51:25.386] RX< [34m
[05:51:25.642] RX< [AE] fid=30,exp=10240,adg=250,Y=3724,mtg=181,shg=100,bgbv=1335,iso=250,cnv2,hdr0
[05:51:25.642] RX< [0m[33m[W/ftp] service go wrong, now wait restarting...[0m
[05:51:25.642] RX< [7] [cam] [245443][me0][me_core_thread:322]ME out fid 30
[05:51:25.642] RX< [33m[W/ftp] service go wrong, now wait restarting...[0
[05:51:26.170] RX< m
[05:51:26.170] RX< [RTMP] slow send frame 1 len=103310 dt=1104ms (IDR)
[05:51:26.170] RX< [33m[W/ftp] service go wrong, now wait restarting...[0m
[05:51:26.170] RX< [33m[W/ftp] service go wrong, now wait restarting...[0m
[05:51:26.170] RX< [33m[W/ftp] service go wrong, now wait restarting...[0m
[05:51:26.170] RX< [33m[W/ftp] service go wron
[05:51:26.466] RX< g, now wait restarting...[0m
[05:51:26.466] RX< [33m[W/ftp] service go wrong, now wait restarting...[0m
[05:51:26.466] RX< [34m[AE] fid=60,exp=10000,adg=275,Y=4008,mtg=180,shg=100,bgbv=1335,iso=275,cnv2,hdr0
[05:51:26.466] RX< [0m[RTMP] slow send frame 2 len=43790 dt=596ms
[05:51:26.466] RX< [33m[W/ftp] service go wrong, now
[05:51:26.905] RX<  wait restarting...[0m
[05:51:26.905] RX< [7] [cam] [246443][me0][me_core_thread:322]ME out fid 60
[05:51:26.905] RX< [RTMP] slow send frame 4 len=9564 dt=199ms
[05:51:26.905] RX< [33m[W/ftp] service go wrong, now wait restarting...[0m
[05:51:26.905] RX< [RTMP] slow send frame 6 len=12444 dt=184ms
[05:51:26.905] RX< [RTMP] slow send frame 8 len=1
[05:51:27.171] RX< 2872 dt=58ms
[05:51:27.171] RX< [33m[W/ftp] service go wrong, now wait restarting...[0m
[05:51:27.171] RX< [RTMP] slow send frame 9 len=12137 dt=125ms
[05:51:27.171] RX< [33m[W/ftp] service go wrong, now wait restarting...[0m
[05:51:27.171] RX< [33m[W/ftp] service go wrong, now wait restarting...[0m
[05:51:27.171] RX< [33m[W/ftp] service go w
[05:51:27.391] RX< rong, now wait restarting...[0m
[05:51:27.391] RX< [33m[W/ftp] service go wrong, now wait restarting...[0m
[05:51:27.391] RX< [34m[AE] fid=90,exp=10000,adg=275,Y=4058,mtg=180,shg=100,bgbv=1353,iso=275,cnv2,hdr0
[05:51:27.391] RX< [0m[34m[b_ae0 proc] perf=1040(us), max=8056(us)!
[05:51:27.391] RX< [0m[34m[awb0 proc] perf=4
[05:51:28.031] RX< 374(us), max=4423(us)!
[05:51:28.031] RX< [0m[33m[W/ftp] service go wrong, now wait restarting...[0m
[05:51:28.031] RX< [7] [cam] [247443][me0][me_core_thread:322]ME out fid 90
[05:51:28.031] RX< [33m[W/ftp] service go wrong, now wait restarting...[0m
[05:51:28.031] RX< [33m[W/ftp] service go wrong, now wait restarting...[0
[05:51:28.386] RX< m
[05:51:28.386] RX< [33m[W/ftp] service go wrong, now wait restarting...[0m
[05:51:28.386] RX< [33m[W/ftp] service go wrong, now wait restarting...[0m
[05:51:28.386] RX< [33m[W/ftp] service go wrong, now wait restarting...[0m
[05:51:28.386] RX< [33m[W/ftp] service go wrong, now wait restarting...[0m
[05:51:28.386] RX< [34m[AE] fid=120,exp=
[05:51:28.646] RX< 10000,adg=275,Y=4059,mtg=180,shg=100,bgbv=1353,iso=275,cnv2,hdr0
[05:51:28.646] RX< [0m[33m[W/ftp] service go wrong, now wait restarting...[0m
[05:51:28.646] RX< [34m[ME INTP]fid=120, shutter=10000, perf=6(us), max=2816(us)!
[05:51:28.646] RX< [0m[7] [cam] [248443][me0][me_core_thread:322]ME out fid 120
[05:51:28.646] RX< [3
[05:51:29.142] RX< 3m[W/ftp] service go wrong, now wait restarting...[0m
[05:51:29.142] RX< [RTMP] slow send frame 13 len=18718 dt=1534ms
[05:51:29.142] RX< [RTMP] slow send frame 15 len=18173 dt=163ms
[05:51:29.142] RX< [33m[W/ftp] service go wrong, now wait restarting...[0m
[05:51:29.142] RX< [RTMP] slow send frame 16 len=10866 dt=278ms
[05:51:29.142] RX< [33m[W
[05:51:29.386] RX< /ftp] service go wrong, now wait restarting...[0m
[05:51:29.386] RX< [33m[W/ftp] service go wrong, now wait restarting...[0m
[05:51:29.386] RX< [33m[W/ftp] service go wrong, now wait restarting...[0m
[05:51:29.386] RX< [33m[W/ftp] service go wrong, now wait restarting...[0m
[05:51:29.386] RX< [34m[AE] fid=150,exp=10000,adg
[05:51:30.026] RX< =275,Y=4040,mtg=180,shg=100,bgbv=1349,iso=275,cnv2,hdr0
[05:51:30.026] RX< [0m[33m[W/ftp] service go wrong, now wait restarting...[0m
[05:51:30.026] RX< [7] [cam] [249443][me0][me_core_thread:322]ME out fid 150
[05:51:30.026] RX< [33m[W/ftp] service go wrong, now wait restarting...[0m
[05:51:30.026] RX< [33m[W/ftp] service g
[05:51:30.314] RX< o wrong, now wait restarting...[0m
[05:51:30.314] RX< [33m[W/ftp] service go wrong, now wait restarting...[0m
[05:51:30.314] RX< [33m[W/ftp] service go wrong, now wait restarting...[0m
[05:51:30.314] RX< [33m[W/ftp] service go wrong, now wait restarting...[0m
[05:51:30.314] RX< [33m[W/ftp] service go wrong, now wait restar
[05:51:30.471] RX< ting...[0m
[05:51:30.471] RX< [34m[AE] fid=180,exp=10000,adg=275,Y=4001,mtg=180,shg=100,bgbv=1335,iso=275,cnv2,hdr0
[05:51:30.471] RX< [0m[34m[b_ae0 proc] perf=917(us), max=1065(us)!
[05:51:30.471] RX< [0m[34m[awb0 proc] perf=4390(us), max=4406(us)!
[05:51:30.471] RX< [0m[33m[W/ftp] service go wrong, now wait restarting..
[05:51:31.031] RX< .[0m
[05:51:31.031] RX< [7] [cam] [250443][me0][me_core_thread:322]ME out fid 180
[05:51:31.031] RX< [33m[W/ftp] service go wrong, now wait restarting...[0m
[05:51:31.031] RX< [RTMP] slow send frame 18 len=16005 dt=1788ms
[05:51:31.031] RX< [RTMP] slow send frame 19 len=10023 dt=83ms
[05:51:31.031] RX< [33m[W/ftp] service go wrong, now wait rest
[05:51:31.175] RX< arting...[0m
[05:51:31.175] RX< [RTMP] slow send frame 20 len=16880 dt=63ms
[05:51:31.175] RX< [RTMP] slow send frame 21 len=12510 dt=67ms
[05:51:31.175] RX< [33m[W/ftp] service go wrong, now wait restarting...[0m
[05:51:31.175] RX< [33m[W/ftp] service go wrong, now wait restarting...[0m
[05:51:31.175] RX< [33m[W/ftp] service go wrong, now wai
[05:51:31.386] RX< t restarting...[0m
[05:51:31.386] RX< [RTMP] slow send frame 22 len=12606 dt=176ms
[05:51:31.386] RX< [33m[W/ftp] service go wrong, now wait restarting...[0m
[05:51:31.386] RX< [RTMP] slow send frame 23 len=16780 dt=52ms
[05:51:31.386] RX< [34m[AE] fid=210,exp=10000,adg=275,Y=3987,mtg=180,shg=100,bgbv=1326,iso=275,cnv2,hdr0
[05:51:31.386] RX< [
[05:51:31.658] RX< 0m[RTMP] slow send frame 25 len=10889 dt=52ms
[05:51:31.658] RX< [33m[W/ftp] service go wrong, now wait restarting...[0m
[05:51:31.658] RX< [RTMP] slow send frame 27 len=16527 dt=93ms
[05:51:31.658] RX< [7] [cam] [251442][me0][me_core_thread:322]ME out fid 210
[05:51:31.658] RX< [33m[W/ftp] service go wrong, now wait restarting
[05:51:32.154] RX< ...[0m
[05:51:32.154] RX< [RTMP] slow send frame 29 len=17197 dt=159ms
[05:51:32.154] RX< [33m[W/ftp] service go wrong, now wait restarting...[0m
[05:51:32.154] RX< [RTMP] slow send frame 31 len=55014 dt=289ms (IDR)
[05:51:32.154] RX< [33m[W/ftp] service go wrong, now wait restarting...[0m
[05:51:32.154] RX< [33m[W/ftp] service go wrong, now w
[05:51:32.386] RX< ait restarting...[0m
[05:51:32.386] RX< [RTMP] slow send frame 32 len=18182 dt=81ms
[05:51:32.386] RX< [33m[W/ftp] service go wrong, now wait restarting...[0m
[05:51:32.386] RX< [33m[W/ftp] service go wrong, now wait restarting...[0m
[05:51:32.386] RX< [RTMP] slow send frame 35 len=12586 dt=82ms
[05:51:32.386] RX< [34m[AE] fid=240,exp=10000,ad
[05:51:32.486] RX< g=275,Y=4001,mtg=180,shg=100,bgbv=1335,iso=275,cnv2,hdr0
[05:51:32.486] RX< [0m[RTMP] slow send frame 36 len=11005 dt=87ms
[05:51:32.486] RX< [33m[W/ftp] service go wrong, now wait restarting...[0m
[05:51:32.486] RX< [34m[ME INTP]fid=240, shutter=10000, perf=6(us), max=352(us)!
[05:51:32.486] RX< [0m[RTMP] slow send frame 38 
[05:51:32.710] RX< len=16700 dt=55ms
[05:51:32.710] RX< [RTMP] slow send frame 39 len=10144 dt=66ms
[05:51:32.710] RX< [7] [cam] [252442][me0][me_core_thread:322]ME out fid 240
[05:51:32.710] RX< [RTMP] slow send frame 41 len=14122 dt=66ms
[05:51:32.710] RX< [33m[W/ftp] service go wrong, now wait restarting...[0m
[05:51:32.710] RX< [RTMP] slow send frame 43 len=1338
[05:51:33.178] RX< 6 dt=62ms
[05:51:33.178] RX< [RTMP] slow send frame 44 len=13547 dt=56ms
[05:51:33.178] RX< [RTMP] slow send frame 45 len=13337 dt=66ms
[05:51:33.178] RX< [33m[W/ftp] service go wrong, now wait restarting...[0m
[05:51:33.178] RX< [RTMP] slow send frame 46 len=14003 dt=194ms
[05:51:33.178] RX< [33m[W/ftp] service go wrong, now wait restarting...[
[05:51:33.306] RX< 0m
[05:51:33.306] RX< [RTMP] slow send frame 47 len=14083 dt=120ms
[05:51:33.306] RX< [33m[W/ftp] service go wrong, now wait restarting...[0m
[05:51:33.306] RX< [33m[W/ftp] service go wrong, now wait restarting...[0m
[05:51:33.306] RX< [RTMP] slow send frame 49 len=14341 dt=99ms
[05:51:33.306] RX< [33m[W/ftp] service go wrong, now wait restarti
[05:51:33.423] RX< ng...[0m
[05:51:33.423] RX< [RTMP] slow send frame 50 len=10306 dt=73ms
[05:51:33.423] RX< [34m[AE] fid=270,exp=10000,adg=275,Y=3995,mtg=180,shg=100,bgbv=1331,iso=275,cnv2,hdr0
[05:51:33.423] RX< [0m[34m[b_ae0 proc] perf=923(us), max=1056(us)!
[05:51:33.423] RX< [0m[34m[awb0 proc] perf=4366(us), max=4411(us)!
[05:51:33.423] RX< [0m[RTMP] slo
[05:51:33.647] RX< w send frame 51 len=12031 dt=71ms
[05:51:33.647] RX< [33m[W/ftp] service go wrong, now wait restarting...[0m
[05:51:33.647] RX< [RTMP] slow send frame 53 len=13778 dt=64ms
[05:51:33.647] RX< [7] [cam] [253442][me0][me_core_thread:322]ME out fid 270
[05:51:33.647] RX< [RTMP] slow send frame 55 len=11099 dt=62ms
[05:51:33.647] RX< [33m[W/ftp] servi
[05:51:34.143] RX< ce go wrong, now wait restarting...[0m
[05:51:34.143] RX< [RTMP] slow send frame 57 len=14189 dt=65ms
[05:51:34.143] RX< [RTMP] slow send frame 58 len=14062 dt=62ms
[05:51:34.143] RX< [RTMP] slow send frame 59 len=10780 dt=98ms
[05:51:34.143] RX< [33m[W/ftp] service go wrong, now wait restarting...[0m
[05:51:34.143] RX< [33m[W/ftp] service go wr
[05:51:34.319] RX< ong, now wait restarting...[0m
[05:51:34.319] RX< [33m[W/ftp] service go wrong, now wait restarting...[0m
[05:51:34.319] RX< [33m[W/ftp] service go wrong, now wait restarting...[0m
[05:51:34.319] RX< [RTMP] slow send frame 61 len=76060 dt=352ms (IDR)
[05:51:34.319] RX< [33m[W/ftp] service go wrong, now wait restarting...[0m
[05:51:34.658] RX< 
[05:51:34.658] RX< [34m[AE] fid=300,exp=10000,adg=275,Y=4009,mtg=180,shg=100,bgbv=1335,iso=275,cnv2,hdr0
[05:51:34.658] RX< [0m[33m[W/ftp] service go wrong, now wait restarting...[0m
[05:51:34.658] RX< [7] [cam] [254442][me0][me_core_thread:322]ME out fid 300
[05:51:34.658] RX< [RTMP] slow send frame 62 len=23989 dt=384ms
[05:51:34.658] RX< [3
[05:51:35.036] RX< 3m[W/ftp] service go wrong, now wait restarting...[0m
[05:51:35.036] RX< [RTMP] slow send frame 63 len=9075 dt=71ms
[05:51:35.036] RX< [RTMP] slow send frame 66 len=12973 dt=76ms
[05:51:35.036] RX< [RTMP] slow send frame 70 len=15887 dt=100ms
[05:51:35.036] RX< [RTMP] slow send frame 71 len=12726 dt=63ms
[05:51:35.036] RX< [33m[W/ftp] service go w
[05:51:35.227] RX< rong, now wait restarting...[0m
[05:51:35.227] RX< [RTMP] slow send frame 72 len=12385 dt=115ms
[05:51:35.227] RX< [33m[W/ftp] service go wrong, now wait restarting...[0m
[05:51:35.227] RX< [33m[W/ftp] service go wrong, now wait restarting...[0m
[05:51:35.227] RX< [33m[W/ftp] service go wrong, now wait restarting...[0m
[05:51:35.227] RX< [RTM
[05:51:35.478] RX< P] slow send frame 74 len=12292 dt=60ms
[05:51:35.478] RX< [RTMP] slow send frame 75 len=15176 dt=59ms
[05:51:35.478] RX< [33m[W/ftp] service go wrong, now wait restarting...[0m
[05:51:35.478] RX< [34m[AE] fid=330,exp=10000,adg=275,Y=4043,mtg=180,shg=100,bgbv=1349,iso=275,cnv2,hdr0
[05:51:35.478] RX< [0m[RTMP] slow send frame 
[05:51:35.830] RX< 80 len=12170 dt=51ms
[05:51:35.830] RX< [33m[W/ftp] service go wrong, now wait restarting...[0m
[05:51:35.830] RX< [7] [cam] [255442][me0][me_core_thread:322]ME out fid 330
[05:51:35.830] RX< [33m[W/ftp] service go wrong, now wait restarting...[0m
[05:51:35.830] RX< [RTMP] slow send frame 81 len=15276 dt=244ms
[05:51:35.830] RX< [RTMP] slow send
[05:51:36.183] RX<  frame 82 len=12465 dt=116ms
[05:51:36.183] RX< [RTMP] slow send frame 84 len=12044 dt=51ms
[05:51:36.183] RX< [33m[W/ftp] service go wrong, now wait restarting...[0m
[05:51:36.183] RX< [RTMP] slow send frame 89 len=15296 dt=114ms
[05:51:36.183] RX< [33m[W/ftp] service go wrong, now wait restarting...[0m
[05:51:36.183] RX< [33m[W/ftp] service g
[05:51:36.391] RX< o wrong, now wait restarting...[0m
[05:51:36.391] RX< [RTMP] f_index = 90, f_len = 12211
[05:51:36.391] RX< [33m[W/ftp] service go wrong, now wait restarting...[0m
[05:51:36.391] RX< [33m[W/ftp] service go wrong, now wait restarting...[0m
[05:51:36.391] RX< [34m[AE] fid=360,exp=10000,adg=275,Y=4073,mtg=180,shg=100,bgbv=1358,
[05:51:36.566] RX< iso=275,cnv2,hdr0
[05:51:36.566] RX< [0m[34m[b_ae0 proc] perf=980(us), max=1050(us)!
[05:51:36.566] RX< [0m[34m[awb0 proc] perf=4353(us), max=4421(us)!
[05:51:36.566] RX< [0m[33m[W/ftp] service go wrong, now wait restarting...[0m
[05:51:36.566] RX< [34m[ME INTP]fid=360, shutter=10000, perf=7(us), max=286(us)!
[05:51:36.566] RX< [0m[7] [cam
[05:51:37.183] RX< ] [256442][me0][me_core_thread:322]ME out fid 360
[05:51:37.183] RX< [33m[W/ftp] service go wrong, now wait restarting...[0m
[05:51:37.183] RX< [33m[W/ftp] service go wrong, now wait restarting...[0m
[05:51:37.183] RX< [RTMP] slow send frame 91 len=79483 dt=940ms (IDR)
[05:51:37.183] RX< [33m[W/ftp] service go wrong, now wait
[05:51:37.386] RX<  restarting...[0m
[05:51:37.386] RX< [33m[W/ftp] service go wrong, now wait restarting...[0m
[05:51:37.386] RX< [33m[W/ftp] service go wrong, now wait restarting...[0m
[05:51:37.386] RX< [33m[W/ftp] service go wrong, now wait restarting...[0m
[05:51:37.386] RX< [34m[AE] fid=390,exp=10000,adg=275,Y=4079,mtg=180,shg=100,bgbv
[05:51:37.667] RX< =1362,iso=275,cnv2,hdr0
[05:51:37.667] RX< [0m[RTMP] slow send frame 92 len=22834 dt=280ms
[05:51:37.667] RX< [33m[W/ftp] service go wrong, now wait restarting...[0m
[05:51:37.667] RX< [7] [cam] [257442][me0][me_core_thread:322]ME out fid 390
[05:51:37.667] RX< [RTMP] slow send frame 96 len=16485 dt=97ms
[05:51:37.667] RX< [RTMP] slow send frame 
[05:51:37.971] RX< 97 len=12895 dt=79ms
[05:51:37.971] RX< [33m[W/ftp] service go wrong, now wait restarting...[0m
[05:51:37.971] RX< [RTMP] slow send frame 99 len=15579 dt=70ms
[05:51:37.971] RX< [RTMP] slow send frame 100 len=11926 dt=51ms
[05:51:37.971] RX< [RTMP] slow send frame 102 len=12134 dt=51ms
[05:51:37.971] RX< [RTMP] slow send frame 104 len=12296 dt=62m
[05:51:38.183] RX< s
[05:51:38.183] RX< [33m[W/ftp] service go wrong, now wait restarting...[0m
[05:51:38.183] RX< [RTMP] slow send frame 106 len=12000 dt=57ms
[05:51:38.183] RX< [33m[W/ftp] service go wrong, now wait restarting...[0m
[05:51:38.183] RX< [33m[W/ftp] service go wrong, now wait restarting...[0m
[05:51:38.183] RX< [33m[W/ftp] service go wrong, now 
[05:51:38.466] RX< wait restarting...[0m
[05:51:38.466] RX< [RTMP] slow send frame 108 len=12105 dt=189ms
[05:51:38.466] RX< [33m[W/ftp] service go wrong, now wait restarting...[0m
[05:51:38.466] RX< [34m[AE] fid=420,exp=10000,adg=275,Y=4082,mtg=180,shg=100,bgbv=1362,iso=275,cnv2,hdr0
[05:51:38.466] RX< [0m[33m[W/ftp] service go wrong, now wai
[05:51:39.026] RX< t restarting...[0m
[05:51:39.026] RX< [7] [cam] [258442][me0][me_core_thread:322]ME out fid 420
[05:51:39.026] RX< [33m[W/ftp] service go wrong, now wait restarting...[0m
[05:51:39.026] RX< [RTMP] slow send frame 111 len=14996 dt=598ms
[05:51:39.026] RX< [RTMP] slow send frame 112 len=12129 dt=94ms
[05:51:39.026] RX< [33m[W/ftp] service go wrong
[05:51:39.334] RX< , now wait restarting...[0m
[05:51:39.334] RX< [RTMP] slow send frame 113 len=15545 dt=76ms
[05:51:39.334] RX< [33m[W/ftp] service go wrong, now wait restarting...[0m
[05:51:39.334] RX< [33m[W/ftp] service go wrong, now wait restarting...[0m
[05:51:39.334] RX< [33m[W/ftp] service go wrong, now wait restarting...[0m
[05:51:39.334] RX< [33m[W/
[05:51:39.391] RX< ftp] service go wrong, now wait restarting...[0m
[05:51:39.391] RX< [RTMP] slow send frame 115 len=15047 dt=215ms
[05:51:39.391] RX< [34m[AE] fid=450,exp=10000,adg=275,Y=4088,mtg=180,shg=100,bgbv=1367,iso=275,cnv2,hdr0
[05:51:39.391] RX< [0m[34m[b_ae0 proc] perf=916(us), max=1078(us)!
[05:51:39.391] RX< [0m[34m[awb0 proc] p
[05:51:39.582] RX< erf=4294(us), max=4407(us)!
[05:51:39.582] RX< [0m[RTMP] slow send frame 117 len=15137 dt=54ms
[05:51:39.582] RX< [33m[W/ftp] service go wrong, now wait restarting...[0m
[05:51:39.582] RX< [RTMP] slow send frame 119 len=15263 dt=68ms
[05:51:39.582] RX< [7] [cam] [259441][me0][me_core_thread:322]ME out fid 450
[05:51:39.582] RX< [RTMP] slow send f
[05:51:40.030] RX< rame 120 len=12689 dt=55ms
[05:51:40.030] RX< [33m[W/ftp] service go wrong, now wait restarting...[0m
[05:51:40.030] RX< [RTMP] slow send frame 121 len=81014 dt=261ms (IDR)
[05:51:40.030] RX< [RTMP] slow send frame 122 len=19060 dt=52ms
[05:51:40.030] RX< [RTMP] slow send frame 124 len=10551 dt=67ms
[05:51:40.030] RX< [33m[W/ftp] service go wrong
[05:51:40.328] RX< , now wait restarting...[0m
[05:51:40.328] RX< [RTMP] slow send frame 127 len=15599 dt=86ms
[05:51:40.328] RX< [33m[W/ftp] service go wrong, now wait restarting...[0m
[05:51:40.328] RX< [33m[W/ftp] service go wrong, now wait restarting...[0m
[05:51:40.328] RX< [33m[W/ftp] service go wrong, now wait restarting...[0m
[05:51:40.328] RX< [33m[W/
[05:51:40.486] RX< ftp] service go wrong, now wait restarting...[0m
[05:51:40.486] RX< [RTMP] slow send frame 132 len=15476 dt=90ms
[05:51:40.486] RX< [34m[AE] fid=480,exp=10000,adg=275,Y=4094,mtg=180,shg=100,bgbv=1367,iso=275,cnv2,hdr0
[05:51:40.486] RX< [0m[33m[W/ftp] service go wrong, now wait restarting...[0m
[05:51:40.486] RX< [34m[ME INT
[05:51:41.030] RX< P]fid=480, shutter=10000, perf=6(us), max=400(us)!
[05:51:41.030] RX< [0m[RTMP] slow send frame 135 len=15417 dt=69ms
[05:51:41.030] RX< [7] [cam] [260444][me0][me_core_thread:322]ME out fid 480
[05:51:41.030] RX< [33m[W/ftp] service go wrong, now wait restarting...[0m
[05:51:41.030] RX< [33m[W/ftp] service go wrong, now wait 
[05:51:41.200] RX< restarting...[0m
[05:51:41.200] RX< [RTMP] slow send frame 142 len=15508 dt=388ms
[05:51:41.200] RX< [33m[W/ftp] service go wrong, now wait restarting...[0m
[05:51:41.200] RX< [33m[W/ftp] service go wrong, now wait restarting...[0m
[05:51:41.200] RX< [33m[W/ftp] service go wrong, now wait restarting...[0m
[05:51:41.200] RX< [RTMP] slow send f
[05:51:41.478] RX< rame 144 len=12152 dt=52ms
[05:51:41.478] RX< [RTMP] slow send frame 145 len=15187 dt=68ms
[05:51:41.478] RX< [33m[W/ftp] service go wrong, now wait restarting...[0m
[05:51:41.478] RX< [34m[AE] fid=510,exp=10000,adg=275,Y=4099,mtg=180,shg=100,bgbv=1367,iso=275,cnv2,hdr0
[05:51:41.478] RX< [0m[RTMP] slow send frame 147 len=1515
[05:51:41.654] RX< 1 dt=168ms
[05:51:41.654] RX< [33m[W/ftp] service go wrong, now wait restarting...[0m
[05:51:41.654] RX< [RTMP] slow send frame 148 len=12242 dt=63ms
[05:51:41.654] RX< [7] [cam] [261441][me0][me_core_thread:322]ME out fid 510
[05:51:41.654] RX< [RTMP] slow send frame 149 len=15625 dt=95ms
[05:51:41.654] RX< [33m[W/ftp] service go wrong, now wait
[05:51:42.194] RX<  restarting...[0m
[05:51:42.194] RX< [33m[W/ftp] service go wrong, now wait restarting...[0m
[05:51:42.194] RX< [33m[W/ftp] service go wrong, now wait restarting...[0m
[05:51:42.194] RX< [33m[W/ftp] service go wrong, now wait restarting...[0m
[05:51:42.194] RX< [33m[W/ftp] service go wrong, now wait restarting...[0m
[05:51:42.194] RX< [RTMP
[05:51:42.391] RX< ] slow send frame 151 len=80438 dt=518ms (IDR)
[05:51:42.391] RX< [33m[W/ftp] service go wrong, now wait restarting...[0m
[05:51:42.391] RX< [34m[AE] fid=540,exp=10000,adg=275,Y=4095,mtg=180,shg=100,bgbv=1367,iso=275,cnv2,hdr0
[05:51:42.391] RX< [0m[34m[b_ae0 proc] perf=924(us), max=1079(us)!
[05:51:42.391] RX< [0m[34m[awb
[05:51:42.663] RX< 0 proc] perf=4359(us), max=4416(us)!
[05:51:42.663] RX< [0m[RTMP] slow send frame 157 len=15905 dt=70ms
[05:51:42.663] RX< [33m[W/ftp] service go wrong, now wait restarting...[0m
[05:51:42.663] RX< [7] [cam] [262441][me0][me_core_thread:322]ME out fid 540
[05:51:42.663] RX< [RTMP] slow send frame 161 len=15635 dt=121ms
[05:51:42.663] RX< [33m[W/
[05:51:43.170] RX< ftp] service go wrong, now wait restarting...[0m
[05:51:43.170] RX< [RTMP] slow send frame 170 len=15291 dt=83ms
[05:51:43.170] RX< [RTMP] slow send frame 171 len=12523 dt=54ms
[05:51:43.170] RX< [33m[W/ftp] service go wrong, now wait restarting...[0m
[05:51:43.170] RX< [RTMP] slow send frame 172 len=12760 dt=62ms
[05:51:43.170] RX< [33m[W/ftp] 
[05:51:43.314] RX< service go wrong, now wait restarting...[0m
[05:51:43.314] RX< [33m[W/ftp] service go wrong, now wait restarting...[0m
[05:51:43.314] RX< [33m[W/ftp] service go wrong, now wait restarting...[0m
[05:51:43.314] RX< [RTMP] slow send frame 174 len=12833 dt=122ms
[05:51:43.314] RX< [RTMP] slow send frame 175 len=12513 dt=51ms
[05:51:43.314] RX< [33
[05:51:43.545] RX< m[W/ftp] service go wrong, now wait restarting...[0m
[05:51:43.545] RX< [34m[AE] fid=570,exp=10000,adg=275,Y=4092,mtg=180,shg=100,bgbv=1367,iso=275,cnv2,hdr0
[05:51:43.545] RX< [0m[RTMP] slow send frame 177 len=12882 dt=136ms
[05:51:43.545] RX< [33m[W/ftp] service go wrong, now wait restarting...[0m
[05:51:43.545] RX< [RTMP] 
[05:51:43.879] RX< slow send frame 179 len=15793 dt=52ms
[05:51:43.879] RX< [RTMP] f_index = 180, f_len = 12837
[05:51:43.879] RX< [7] [cam] [263441][me0][me_core_thread:322]ME out fid 570
[05:51:43.879] RX< [33m[W/ftp] service go wrong, now wait restarting...[0m
[05:51:43.879] RX< [RTMP] slow send frame 181 len=81099 dt=264ms (IDR)
[05:51:43.879] RX< [RTMP] slow se
[05:51:44.150] RX< nd frame 182 len=19855 dt=58ms
[05:51:44.150] RX< [RTMP] slow send frame 184 len=21553 dt=80ms
[05:51:44.150] RX< [33m[W/ftp] service go wrong, now wait restarting...[0m
[05:51:44.150] RX< [RTMP] slow send frame 185 len=8556 dt=87ms
[05:51:44.150] RX< [RTMP] slow send frame 186 len=12590 dt=55ms
[05:51:44.150] RX< [33m[W/ftp] service go wrong, no
[05:51:44.300] RX< w wait restarting...[0m
[05:51:44.300] RX< [33m[W/ftp] service go wrong, now wait restarting...[0m
[05:51:44.300] RX< [RTMP] slow send frame 187 len=15797 dt=52ms
[05:51:44.300] RX< [33m[W/ftp] service go wrong, now wait restarting...[0m
[05:51:44.300] RX< [RTMP] slow send frame 188 len=12858 dt=77ms
[05:51:44.300] RX< [RTMP] slow send frame 18
[05:51:44.466] RX< 9 len=12661 dt=51ms
[05:51:44.466] RX< [33m[W/ftp] service go wrong, now wait restarting...[0m
[05:51:44.466] RX< [34m[AE] fid=600,exp=10000,adg=275,Y=4095,mtg=180,shg=100,bgbv=1367,iso=275,cnv2,hdr0
[05:51:44.466] RX< [0m[RTMP] slow send frame 190 len=12583 dt=146ms
[05:51:44.466] RX< [33m[W/ftp] service go wrong, now wait r
[05:51:44.710] RX< estarting...[0m
[05:51:44.710] RX< [34m[ME INTP]fid=600, shutter=10000, perf=6(us), max=288(us)!
[05:51:44.710] RX< [0m[7] [cam] [264441][me0][me_core_thread:322]ME out fid 600
[05:51:44.710] RX< [RTMP] slow send frame 193 len=12731 dt=60ms
[05:51:44.710] RX< [33m[W/ftp] service go wrong, now wait restarting...[0m
[05:51:44.710] RX< [RTMP] slow
[05:51:45.030] RX<  send frame 195 len=15508 dt=120ms
[05:51:45.030] RX< [RTMP] slow send frame 200 len=12594 dt=83ms
[05:51:45.030] RX< [RTMP] slow send frame 202 len=19634 dt=63ms
[05:51:45.030] RX< [RTMP] slow send frame 204 len=19676 dt=55ms
[05:51:45.030] RX< [RTMP] slow send frame 206 len=19524 dt=54ms
[05:51:45.030] RX< [33m[W/ftp] service go wrong, now wait r
[05:51:45.297] RX< estarting...[0m
[05:51:45.297] RX< [RTMP] slow send frame 208 len=19726 dt=83ms
[05:51:45.297] RX< [33m[W/ftp] service go wrong, now wait restarting...[0m
[05:51:45.297] RX< [33m[W/ftp] service go wrong, now wait restarting...[0m
[05:51:45.297] RX< [33m[W/ftp] service go wrong, now wait restarting...[0m
[05:51:45.297] RX< [RTMP] slow send fra
[05:51:45.391] RX< me 211 len=88267 dt=231ms (IDR)
[05:51:45.391] RX< [33m[W/ftp] service go wrong, now wait restarting...[0m
[05:51:45.391] RX< [34m[AE] fid=630,exp=10000,adg=275,Y=4089,mtg=180,shg=100,bgbv=1367,iso=275,cnv2,hdr0
[05:51:45.391] RX< [0m[34m[b_ae0 proc] perf=977(us), max=1101(us)!
[05:51:45.391] RX< [0m[34m[awb0 proc] perf=42
[05:51:45.590] RX< 52(us), max=4412(us)!
[05:51:45.590] RX< [0m[RTMP] dropped 30 p-frames (backlog 72%)
[05:51:45.590] RX< [33m[W/ftp] service go wrong, now wait restarting...[0m
[05:51:45.590] RX< [7] [cam] [265441][me0][me_core_thread:322]ME out fid 630
[05:51:45.590] RX< [RTMP] slow send frame 241 len=87768 dt=180ms (IDR)
[05:51:45.590] RX< [RTMP] dropped 60 p-f
[05:51:46.031] RX< rames (backlog 69%)
[05:51:46.031] RX< [RTMP] f_index = 270, f_len = 8156
[05:51:46.031] RX< [33m[W/ftp] service go wrong, now wait restarting...[0m
[05:51:46.031] RX< [RTMP] slow send frame 271 len=72530 dt=399ms (IDR)
[05:51:46.031] RX< [RTMP] dropped 90 p-frames (backlog 67%)
[05:51:46.031] RX< [33m[W/ftp] service go wrong, now wait restarting
[05:51:46.189] RX< ...[0m
[05:51:46.189] RX< [RTMP] slow send frame 301 len=79874 dt=155ms (IDR)
[05:51:46.189] RX< [RTMP] dropped 120 p-frames (backlog 64%)
[05:51:46.189] RX< [33m[W/ftp] service go wrong, now wait restarting...[0m
[05:51:46.189] RX< [33m[W/ftp] service go wrong, now wait restarting...[0m
[05:51:46.189] RX< [33m[W/ftp] service go wrong, now wai
[05:51:46.402] RX< t restarting...[0m
[05:51:46.402] RX< [33m[W/ftp] service go wrong, now wait restarting...[0m
[05:51:46.402] RX< [34m[AE] fid=660,exp=10000,adg=275,Y=4088,mtg=180,shg=100,bgbv=1367,iso=275,cnv2,hdr0
[05:51:46.402] RX< [0m[RTMP] slow send frame 331 len=87858 dt=223ms (IDR)
[05:51:46.402] RX< [RTMP] dropped 150 p-frames (backlo
[05:51:46.670] RX< g 61%)
[05:51:46.670] RX< [RTMP] f_index = 360, f_len = 12253
[05:51:46.670] RX< [33m[W/ftp] service go wrong, now wait restarting...[0m
[05:51:46.670] RX< [7] [cam] [266440][me0][me_core_thread:322]ME out fid 660
[05:51:46.670] RX< [RTMP] slow send frame 361 len=79761 dt=192ms (IDR)
[05:51:46.670] RX< [RTMP] dropped 180 p-frames (backlog 58%)
[05:51:46.670] RX< [3
[05:51:47.070] RX< 3m[W/ftp] service go wrong, now wait restarting...[0m
[05:51:47.070] RX< [RTMP] slow send frame 391 len=72733 dt=235ms (IDR)
[05:51:47.070] RX< [RTMP] dropped 210 p-frames (backlog 55%)
[05:51:47.070] RX< [33m[W/ftp] service go wrong, now wait restarting...[0m
[05:51:47.070] RX< [RTMP] slow send frame 421 len=80217 dt=229ms (ID
[05:51:47.314] RX< R)
[05:51:47.314] RX< [RTMP] f_index = 450, f_len = 8145
[05:51:47.314] RX< [33m[W/ftp] service go wrong, now wait restarting...[0m
[05:51:47.314] RX< [33m[W/ftp] service go wrong, now wait restarting...[0m
[05:51:47.314] RX< [33m[W/ftp] service go wrong, now wait restarting...[0m
[05:51:47.314] RX< [RTMP] slow send frame 451 len=72164 dt=217m
[05:51:47.480] RX< s (IDR)
[05:51:47.480] RX< [RTMP] dropped 240 p-frames (backlog 53%)
[05:51:47.480] RX< [33m[W/ftp] service go wrong, now wait restarting...[0m
[05:51:47.480] RX< [34m[AE] fid=690,exp=10000,adg=275,Y=4091,mtg=180,shg=100,bgbv=1367,iso=275,cnv2,hdr0
[05:51:47.480] RX< [0m[RTMP] slow send frame 473 len=28745 dt=120ms
[05:51:47.480] RX< [33m[W/ftp
[05:51:47.912] RX< ] service go wrong, now wait restarting...[0m
[05:51:47.912] RX< [7] [cam] [267440][me0][me_core_thread:322]ME out fid 690
[05:51:47.912] RX< [33m[W/ftp] service go wrong, now wait restarting...[0m
[05:51:47.912] RX< [RTMP] slow send frame 481 len=72486 dt=303ms (IDR)
[05:51:47.912] RX< [RTMP] slow send frame 489 len=29630 dt=5
[05:51:48.193] RX< 9ms
[05:51:48.193] RX< [33m[W/ftp] service go wrong, now wait restarting...[0m
[05:51:48.193] RX< [RTMP] slow send frame 494 len=12690 dt=66ms
[05:51:48.193] RX< [RTMP] dropped 270 p-frames (backlog 51%)
[05:51:48.193] RX< [33m[W/ftp] service go wrong, now wait restarting...[0m
[05:51:48.193] RX< [33m[W/ftp] service go wrong, now wait restartin
[05:51:48.393] RX< g...[0m
[05:51:48.393] RX< [33m[W/ftp] service go wrong, now wait restarting...[RTMP] slow send frame 496 len=19287 dt=115ms
[05:51:48.393] RX< [RTMP[RTMP] slow send frame 500 len=12311 dt=70ms
[05:51:48.393] RX< [33m[W/ftp] service go wrong, now wait restarting...[0m
[05:51:48.393] RX< [34m[AE] fid=720,exp=10000,adg=275,Y=4
[05:51:48.485] RX< 076,mtg=180,shg=100,bgbv=1362,iso=275,cnv2,hdr0
[05:51:48.485] RX< [0m[34m[b_ae0 proc] perf=957(us), max=1051(us)!
[05:51:48.485] RX< [0m[34m[awb0 proc] perf=4286(us), max=4436(us)!
[05:51:48.485] RX< [0m[RTMP] slow send frame 503 len=18880 dt=95ms
[05:51:48.485] RX< [33m[W/ftp] service go wrong, now wait restarting...[0m
[05:51:48.693] RX< [34m[ME INTP]fid=720, shutter=10000, perf=6(us), max=296(us)!
[05:51:48.693] RX< [0m[RTMP] slow send frame 508 len=28461 dt=81ms
[05:51:48.693] RX< [7] [cam] [268440][me0][me_core_thread:322]ME out fid 720
[05:51:48.693] RX< [33m[W/ftp] service go wrong, now wait restarting...[0m
[05:51:48.693] RX< [RTMP] slow send frame 510 l
[05:51:49.176] RX< en=19130 dt=137ms
[05:51:49.176] RX< [RTMP] slow send frame 511 len=87713 dt=297ms (IDR)
[05:51:49.176] RX< [33m[W/ftp] service go wrong, now wait restarting...[0m
[05:51:49.176] RX< [RTMP] slow send frame 525 len=18761 dt=98ms
[05:51:49.176] RX< [RTMP] slow send frame 527 len=11933 dt=57ms
[05:51:49.176] RX< [33m[W/ftp] service go wrong, now wai
[05:51:49.336] RX< t restarting...[0m
[05:51:49.336] RX< [33m[W/ftp] service go wrong, now wait restarting...[0m
[05:51:49.336] RX< [33m[W/ftp] service go wrong, now wait restarting...[0m
[05:51:49.336] RX< [RTMP] slow send frame 528 len=19420 dt=78ms
[05:51:49.336] RX< [33m[W/ftp] service go wrong, now wait restarting...[0m
[05:51:49.336] RX< [RTMP] slow send 
[05:51:49.481] RX< frame 532 len=12193 dt=68ms
[05:51:49.481] RX< [34m[AE] fid=750,exp=10000,adg=275,Y=4072,mtg=180,shg=100,bgbv=1358,iso=275,cnv2,hdr0
[05:51:49.481] RX< [0m[RTMP] slow send frame 535 len=18934 dt=66ms
[05:51:49.481] RX< [33m[W/ftp] service go wrong, now wait restarting...[0m
[05:51:49.481] RX< [RTMP] slow send frame 536 len=125
[05:51:50.035] RX< 36 dt=76ms
[05:51:50.035] RX< [7] [cam] [269440][me0][me_core_thread:322]ME out fid 750
[05:51:50.035] RX< [33m[W/ftp] service go wrong, now wait restarting...[0m
[05:51:50.035] RX< [RTMP] slow send frame 540 len=18841 dt=275ms
[05:51:50.035] RX< [RTMP] f_index = 540, f_len = 18841
[05:51:50.035] RX< [33m[W/ftp] service go wrong, now wait restar
[05:51:50.192] RX< ting...[0m
[05:51:50.192] RX< [RTMP] slow send frame 541 len=87792 dt=334ms (IDR)
[05:51:50.192] RX< [RTMP] dropped 300 p-frames (backlog 51%)
[05:51:50.192] RX< [33m[W/ftp] service go wrong, now wait restarting...[0m
[05:51:50.192] RX< [33m[W/ftp] service go wrong, now wait restarting...[0m
[05:51:50.192] RX< [33m[W/ftp] service go wrong, now
[05:51:50.391] RX<  wait restarting...[0m
[05:51:50.391] RX< [RTMP] slow send frame 559 len=19242 dt=59ms
[05:51:50.391] RX< [RTMP] slow send frame 561 len=18949 dt=56ms
[05:51:50.391] RX< [33m[W/ftp] service go wrong, now wait restarting...[0m
[05:51:50.391] RX< [34m[AE] fid=780,exp=10000,adg=275,Y=4057,mtg=180,shg=100,bgbv=1353,iso=275,cnv2,hd
[05:51:50.582] RX< r0
[05:51:50.582] RX< [0m[RTMP] slow send frame 564 len=18987 dt=66ms
[05:51:50.582] RX< [RTMP] slow send frame 566 len=18218 dt=74ms
[05:51:50.582] RX< [33m[W/ftp] service go wrong, now wait restarting...[0m
[05:51:50.582] RX< [7] [cam] [270440][me0][me_core_thread:322]ME out fid 780
[05:51:50.582] RX< [RTMP] slow send frame 569 len=18623 dt=104
[05:51:51.186] RX< ms
[05:51:51.186] RX< [33m[W/ftp] service go wrong, now wait restarting...[0m
[05:51:51.186] RX< [RTMP] slow send frame 571 len=79573 dt=245ms (IDR)
[05:51:51.186] RX< [33m[W/ftp] service go wrong, now wait restarting...[0m
[05:51:51.186] RX< [33m[W/ftp] service go wrong, now wait restarting...[0m
[05:51:51.186] RX< [33m[W/ftp] service go wro
[05:51:51.293] RX< ng, now wait restarting...[0m
[05:51:51.293] RX< rtmp_video_stop
[05:51:51.293] RX< [RTMP] Stop requested
[05:51:51.293] RX< msh /emmc>echo "__EVBTEST_[33m[W/ftp] service go wrong, now wait restarting...[0m
[05:51:51.293] RX< [RTMP] slow send frame 579 len=19377 dt=458ms
[05:51:51.293] RX< [RTMP] Push Stop: total frames = 580
[05:51:51.293] RX< [RTMP] disconnected
[05:51:51.293] RX< 
[05:51:51.293] RX< [RTMP] disconnected
[05:51:51.293] RX< [6] [cam] [271157][RtmpSend][sensor_stream_off:1143]sensor [1]: stream_off
[05:51:51.293] RX< [6] [cam] [271158][RtmpSend][sensor_stream_off:1172]sensor [1]: REG: 0x100, W:0x0.
[05:51:51.293] RX< [6] [cam] [271158][RtmpSend][sensor_stream_off:1174]sensor [1]: REG: 0x100, 
[05:51:51.303] RX< R:0x0.
[05:51:51.303] RX< END_66293c73__"
[05:51:51.303] RX< __EVBTEST_END_66293c73__
[05:51:51.303] RX< msh /emmc>[6] [cam] [271178][RtmpSend][csc_prv_stop:893]ok! phys_id[1], phys_num[1], stop_type = 0
[05:51:51.303] RX< [6] [cam] [271178][RtmpSend][cam_stop:1017]preview stop ok! logic_id[0]
[05:51:51.303] RX< [34m[cam stop] perf=21272(us)!
[05:51:51.303] RX< [0m
[05:51:51.303] RX< [6] [App Cam] cam stop success
[05:51:51.303] RX< Total of 803 frames encoded, 13441285 bytes, max_workbuffer_used: 4960256 bytes
[05:51:51.303] RX< [6] [App Cam] hevc_encoder_deinit success
[05:51:51.303] RX< [7] [cam] [271183][RtmpSend][cam_cpm_core_power_off:457]id,0 type,1 ret 0
[05:51:51.303] RX< [6] [cam] [271184][sif0][si
[05:51:51.308] RX< f_irq_proc:174]thread release cid,0
[05:51:51.308] RX< [6] [cam] [271184][RtmpSend][cam_sif_mgr_deinit:316]X
[05:51:51.308] RX< [6] [cam] [271184][RtmpSend][cam_deinit:846]deinit ok! logic_id[0]
[05:51:51.308] RX< [34m[cam deinit] perf=1386(us)!
[05:51:51.308] RX< [0m[6] [App Cam] cam deinit success
[05:51:51.308] RX< [6] [cam] [271185][RtmpSend
[05:51:51.308] RX< ][sensor_close:1247]sensor [1]: close!
[05:51:51.308] RX< [6] [cam] [271187][RtmpSend][cam_bm_core_deinit:136]X
[05:51:51.308] RX< [6] [cam] [271187][me0][me_core_thread:367]thread release cid,0
[05:51:51.308] RX< [6] [cam] [271188][RtmpSend][cam_me_core_deinit:1502]X
[05:51:51.308] RX< [6] [cam] [271188][fe0][fe_core_irq_proc:1
[05:51:51.310] RX< 21]thread release cid,0
[05:51:51.310] RX< [6] [cam] [271189][RtmpSend][cam_fe_core_deinit:536]X
[05:51:51.310] RX< [6] [cam] [271189][b_3a_sts][bayer_stats_core_irq_proc:193]thread release cid,0
[05:51:51.310] RX< [6] [cam] [271190][RtmpSend][cam_bayer_stats_core_deinit:512]X
[05:51:51.310] RX< [6] [cam] [271190][b_ae0][a5_core
[05:51:51.311] RX< _wrapper_task:315]thread release cid,0,algo,0
[05:51:51.311] RX< [6] [cam] [271190][RtmpSend][bayer_ae_wrapper_deinit:204]X
[05:51:51.311] RX< [6] [cam] [271190][atf0][a5_core_wrapper_task:315]thread release cid,0,algo,1
[05:51:51.311] RX< [6] [cam] [271191][RtmpSend][atf_wrapper_deinit:153]X
[05:51:51.311] RX< [6] [cam] [271191
[05:51:51.313] RX< ][awb0][a5_core_wrapper_task:315]thread release cid,0,algo,2
[05:51:51.313] RX< [6] [cam] [271192][RtmpSend][awb_wrapper_deinit:153]X
[05:51:51.313] RX< [6] [cam] [271192][RtmpSend][cam_5a_core_deinit:555]X
[05:51:51.313] RX< [6] [cam] [271192][RtmpSend][cam_5a_inf_deinit:149]X
[05:51:51.313] RX< [6] [cam] [271193][qpc0][qpc_cor
[05:51:51.321] RX< e_msg_proc:697]thread release cid,0
[05:51:51.321] RX< [6] [cam] [271193][RtmpSend][qpc_core_deinit:1330]X
[05:51:51.321] RX< [6] [cam] [271193][RtmpSend][cam_cpm_core_deinit:1107]X
[05:51:51.321] RX< [6] [cam] [271194][RtmpSend][csc_close:584]ok! phys_id[1], phys_num[1]
[05:51:51.321] RX< [7] [cam] [271194][cer0][cer_recovery_p
[05:51:51.321] RX< roc:352]msg type = 254
[05:51:51.321] RX< [6] [cam] [271194][cer0][cer_recovery_proc:454]thread release cid,0
[05:51:51.321] RX< [6] [cam] [271195][RtmpSend][cer_deinit:560]X
[05:51:51.321] RX< [6] [cam] [271195][RtmpSend][cam_close:750]close ok! logic_id[0]
[05:51:51.321] RX< [34m[cam close] perf=9923(us)!
[05:51:51.321] RX< [0m[6] [App Cam] c
[05:51:51.336] RX< am close success
[05:51:51.336] RX< [6] [cam] [271196][cpl0][cam_prelude_proc_routine:136]thread release
[05:51:51.336] RX< [6] [cam] [271196][RtmpSend][cam_exit:551]exit ok!
[05:51:51.336] RX< [34m[cam exit] perf=568(us)!
[05:51:51.336] RX< [0m[6] [App Cam] cam exit success
[05:51:51.336] RX< [33m[W/ftp] service go wrong, now wait restarting..
[05:51:51.385] TX> rtmp_video_stop
[05:51:51.385] TX> echo "__EVBTEST_END_66293c73__"
[05:51:52.176] RX< .[0m
[05:51:52.176] RX< [33m[W/ftp] service go wrong, now wait restarting...[0m
[05:51:52.176] RX< [33m[W/ftp] service go wrong, now wait restarting...[0m
[05:51:52.176] RX< [33m[W/ftp] service go wrong, now wait restarting...[0m
[05:51:52.176] RX< [33m[W/ftp] service go wrong, now wait restarting...[0m
[05:51:52.176] RX< [33m[W/ftp] servi
